#,Title,Notes,Chat,Text Overlay,User Tags,Synergy Tags,Result,Duration,In Point,Out Point,Media In Point,Media Out Point,Team,Game,Date,Pd.,Clock,Player,Play Type,Play Call,Group,Synergy String
0,Donovan Collins,WWW@AC - 12/19/2025 QTR: 1,,,,,No Violation,00:17.5,N/A,N/A,04:59.7,05:17.2,Alma Scots,WWW@AC,12/20/2025,1,,Donovan Collins,,,,3 Donovan Collins > Non Possession > No Violation
0,Donovan Collins,WWW@AC - 12/19/2025 QTR: 1 CLK: 19:39,,,,,Make 3 Pts,00:13.8,N/A,N/A,05:21.2,05:34.9,Alma Scots,WWW@AC,12/20/2025,1,19:39,Donovan Collins,,,,3 Donovan Collins > Spot-Up > No Dribble Jumper > Guarded > Long/3pt > Make 3 Pts
0,Brock Marino,WWW@AC - 12/19/2025 QTR: 1 CLK: 19:11,,,,,Miss 2 Pts,00:17.7,N/A,N/A,05:38.8,05:56.4,Wisconsin-(Whitewater) Warhawks,WWW@AC,12/20/2025,1,19:11,Brock Marino,,,,21 Brock Marino > Cut > Basket > Miss 2 Pts
0,Brock Marino,WWW@AC - 12/19/2025 QTR: 1 CLK: 19:11,,,,,Miss 2 Pts,00:05.4,N/A,N/A,05:56.4,06:01.9,Wisconsin-(Whitewater) Warhawks,WWW@AC,12/20/2025,1,19:11,Brock Marino,,,,21 Brock Marino > Post-Up > Left Block > Right Shoulder > Dribble Move > To Drop Step > Miss 2 Pts
0,Korbin Heitzman,WWW@AC - 12/19/2025 QTR: 1 CLK: 18:57,,,,,Turnover,00:18.6,N/A,N/A,05:55.9,06:14.5,Alma Scots,WWW@AC,12/20/2025,1,18:57,Korbin Heitzman,,,,11 Korbin Heitzman > ISO > Left > Drives Left > Defense Commits > Turnover
0,Collin Madson,WWW@AC - 12/19/2025 QTR: 1,,,,,No Violation,00:13.8,N/A,N/A,06:08.1,06:21.9,Wisconsin-(Whitewater) Warhawks,WWW@AC,12/20/2025,1,,Collin Madson,,,,15 Collin Madson > Non Possession > No Violation
0,Luke Bara,WWW@AC - 12/19/2025 QTR: 1 CLK: 18:49,,,,,Miss 2 Pts,00:16.7,N/A,N/A,06:29.7,06:46.5,Wisconsin-(Whitewater) Warhawks,WWW@AC,12/20/2025,1,18:49,Luke Bara,,,,32 Luke Bara > Off Screen > To Shooter's Left > Straight > Dribble Jumper > Medium/17' to <3p > Miss 2 Pts
0,Richie Warren,WWW@AC - 12/19/2025 QTR: 1 CLK: 18:49,,,,,1 Pts,00:13.2,N/A,N/A,06:33.2,06:46.5,Wisconsin-(Whitewater) Warhawks,WWW@AC,12/20/2025,1,18:49,Richie Warren,,,,24 Richie Warren > Offensive Rebound > Short > Scoring Attempt > At Basket > Make 2 Pts Foul > 1 Pts
0,Richie Warren,WWW@AC - 12/19/2025 QTR: 1,,,,,Free Throw,00:07.2,N/A,N/A,07:00.8,07:08.0,Wisconsin-(Whitewater) Warhawks,WWW@AC,12/20/2025,1,,Richie Warren,,,,24 Richie Warren > Non Possession > Free Throw
0,Raine Rodich,WWW@AC - 12/19/2025 QTR: 1 CLK: 18:17,,,,,Miss 2 Pts,00:30.7,N/A,N/A,07:07.5,07:38.1,Alma Scots,WWW@AC,12/20/2025,1,18:17,Raine Rodich,,,,14 Raine Rodich > P&R Ball Handler > High P&R > Dribble Off Pick > To Basket > Miss 2 Pts
0,Isaac Verges,WWW@AC - 12/19/2025 QTR: 1 CLK: 18:11,,,,,Miss 2 Pts,00:13.9,N/A,N/A,07:31.7,07:45.5,Wisconsin-(Whitewater) Warhawks,WWW@AC,12/20/2025,1,18:11,Isaac Verges,,,,0 Isaac Verges > Transition > Ballhandler > To Basket > Miss 2 Pts
0,Richie Warren,WWW@AC - 12/19/2025 QTR: 1 CLK: 18:04,,,,,Miss 2 Pts,00:03.4,N/A,N/A,07:45.5,07:48.9,Wisconsin-(Whitewater) Warhawks,WWW@AC,12/20/2025,1,18:04,Richie Warren,,,,24 Richie Warren > Cut > Flash > Miss 2 Pts
0,Josh Elliott,WWW@AC - 12/19/2025 QTR: 1 CLK: 17:47,,,,,Miss 3 Pts,00:25.1,N/A,N/A,07:45.2,08:10.3,Alma Scots,WWW@AC,12/20/2025,1,17:47,Josh Elliott,,,,20 Josh Elliott > Off Screen > To Shooter's Left > Straight > No Dribble Jumper > Open > Long/3pt > Miss 3 Pts
0,Josh Elliott,WWW@AC - 12/19/2025 QTR: 1 CLK: 17:32,,,,,Turnover,00:13.0,N/A,N/A,08:10.3,08:23.3,Alma Scots,WWW@AC,12/20/2025,1,17:32,Josh Elliott,,,,20 Josh Elliott > Off Screen > To Shooter's Right > Fade > Turnover
0,Brock Marino,WWW@AC - 12/19/2025 QTR: 1 CLK: 17:21,,,,,Foul,00:19.4,N/A,N/A,08:15.9,08:35.3,Wisconsin-(Whitewater) Warhawks,WWW@AC,12/20/2025,1,17:21,Brock Marino,,,,21 Brock Marino > Cut > Basket > Foul
0,Brock Marino,WWW@AC - 12/19/2025 QTR: 1,,,,,Free Throw,00:08.4,N/A,N/A,08:49.2,08:57.6,Wisconsin-(Whitewater) Warhawks,WWW@AC,12/20/2025,1,,Brock Marino,,,,21 Brock Marino > Non Possession > Free Throw
0,Brock Marino,WWW@AC - 12/19/2025 QTR: 1,,,,,Free Throw,00:08.2,N/A,N/A,09:04.3,09:12.5,Wisconsin-(Whitewater) Warhawks,WWW@AC,12/20/2025,1,,Brock Marino,,,,21 Brock Marino > Non Possession > Free Throw
0,Raine Rodich,WWW@AC - 12/19/2025 QTR: 1 CLK: 17:09,,,,,Turnover,00:13.9,N/A,N/A,09:12.0,09:25.9,Alma Scots,WWW@AC,12/20/2025,1,17:09,Raine Rodich,,,,14 Raine Rodich > P&R Ball Handler > Left P&R > Baseline > Dribble Off Pick > Defense Commits > Turnover
0,Isaac Verges,WWW@AC - 12/19/2025 QTR: 1 CLK: 17:01,,,,,Miss 3 Pts,00:23.9,N/A,N/A,09:19.1,09:42.9,Wisconsin-(Whitewater) Warhawks,WWW@AC,12/20/2025,1,17:01,Isaac Verges,,,,0 Isaac Verges > Spot-Up > No Dribble Jumper > Open > Long/3pt > Miss 3 Pts
0,Logan St. Martin,WWW@AC - 12/19/2025 QTR: 1 CLK: 16:30,,,,,Miss 2 Pts,00:34.9,N/A,N/A,09:45.2,10:20.1,Alma Scots,WWW@AC,12/20/2025,1,16:30,Logan St. Martin,,,,24 Logan St. Martin > Post-Up > Left Block > Left Shoulder > Dribble Move > To Hook > Miss 2 Pts
0,Richie Warren,WWW@AC - 12/19/2025 QTR: 1 CLK: 16:16,,,,,Miss 3 Pts,00:11.4,N/A,N/A,10:20.1,10:31.5,Wisconsin-(Whitewater) Warhawks,WWW@AC,12/20/2025,1,16:16,Richie Warren,,,,24 Richie Warren > Spot-Up > No Dribble Jumper > Open > Long/3pt > Miss 3 Pts
0,Korbin Heitzman,WWW@AC - 12/19/2025 QTR: 1,,,,,Shot Clock Violation,00:30.8,N/A,N/A,10:34.6,11:05.4,Alma Scots,WWW@AC,12/20/2025,1,,Korbin Heitzman,,,,11 Korbin Heitzman > Non Possession > Shot Clock Violation
0,Richie Warren,WWW@AC - 12/19/2025 QTR: 1 CLK: 15:43,,,,,Turnover,00:18.2,N/A,N/A,12:45.9,13:04.1,Wisconsin-(Whitewater) Warhawks,WWW@AC,12/20/2025,1,15:43,Richie Warren,,,,24 Richie Warren > No Play Type > Turnover
0,Raine Rodich,WWW@AC - 12/19/2025 QTR: 1 CLK: 15:10,,,,,Turnover,00:21.1,N/A,N/A,12:59.2,13:20.3,Alma Scots,WWW@AC,12/20/2025,1,15:10,Raine Rodich,,,,14 Raine Rodich > P&R Ball Handler > High P&R > Dribble Off Pick > Turnover
0,Joey Berezowitz,WWW@AC - 12/19/2025 QTR: 1 CLK: 14:56,,,,,Make 3 Pts,00:16.1,N/A,N/A,13:38.7,13:54.9,Wisconsin-(Whitewater) Warhawks,WWW@AC,12/20/2025,1,14:56,Joey Berezowitz,,,,24 Richie Warren > P&R Ball Handler > High P&R > Dribble Off Pick > Defense Commits > Ball Delivered > 22 Joey Berezowitz > P&R Roll Man > Pick and Pops > No Dribble Jumper > Open > Long/3pt > Make 3 Pts
0,Donovan Collins,WWW@AC - 12/19/2025 QTR: 1 CLK: 14:39,,,,,Miss 3 Pts,00:16.9,N/A,N/A,13:53.9,14:10.7,Alma Scots,WWW@AC,12/20/2025,1,14:39,Donovan Collins,,,,3 Donovan Collins > Hand Off > From Stationary > Right > No Dribble Jumper > Guarded > Long/3pt > Miss 3 Pts
0,Brock Marino,WWW@AC - 12/19/2025 QTR: 1 CLK: 14:26,,,,,Miss 2 Pts,00:17.7,N/A,N/A,14:04.5,14:22.3,Wisconsin-(Whitewater) Warhawks,WWW@AC,12/20/2025,1,14:26,Brock Marino,,,,21 Brock Marino > Post-Up > Left Block > Left Shoulder > Dribble Move > To Hook > Miss 2 Pts
0,Korbin Heitzman,WWW@AC - 12/19/2025 QTR: 1 CLK: 14:11,,,,,Foul,00:23.1,N/A,N/A,14:16.7,14:39.9,Alma Scots,WWW@AC,12/20/2025,1,14:11,Korbin Heitzman,,,,11 Korbin Heitzman > Hand Off > From Dribble > Right > To Basket > Foul
0,Korbin Heitzman,WWW@AC - 12/19/2025 QTR: 1,,,,,Free Throw,00:08.6,N/A,N/A,14:56.7,15:05.3,Alma Scots,WWW@AC,12/20/2025,1,,Korbin Heitzman,,,,11 Korbin Heitzman > Non Possession > Free Throw
0,Korbin Heitzman,WWW@AC - 12/19/2025 QTR: 1,,,,,Free Throw,00:09.0,N/A,N/A,15:19.7,15:28.7,Alma Scots,WWW@AC,12/20/2025,1,,Korbin Heitzman,,,,11 Korbin Heitzman > Non Possession > Free Throw
0,Collin Madson,WWW@AC - 12/19/2025 QTR: 1 CLK: 13:46,,,,,Miss 2 Pts,00:26.2,N/A,N/A,15:31.7,15:57.9,Wisconsin-(Whitewater) Warhawks,WWW@AC,12/20/2025,1,13:46,Collin Madson,,,,15 Collin Madson > P&R Ball Handler > High P&R > Dribble Off Pick > Dribble Jumper > Medium/17' to <3p > Miss 2 Pts
0,Elijah Sykes,WWW@AC - 12/19/2025 QTR: 1 CLK: 13:37,,,,,Turnover,00:13.0,N/A,N/A,15:51.3,16:04.3,Alma Scots,WWW@AC,12/20/2025,1,13:37,Elijah Sykes,,,,1 Elijah Sykes > Transition > Ballhandler > Turnover
0,Collin Madson,WWW@AC - 12/19/2025 QTR: 1 CLK: 13:32,,,,,Miss 2 Pts,00:13.7,N/A,N/A,15:58.1,16:11.8,Wisconsin-(Whitewater) Warhawks,WWW@AC,12/20/2025,1,13:32,Collin Madson,,,,15 Collin Madson > Transition > Left Wing > To Basket > Miss 2 Pts
0,Brock Marino,WWW@AC - 12/19/2025 QTR: 1 CLK: 13:23,,,,,Make 2 Pts,00:15.1,N/A,N/A,16:24.7,16:39.9,Wisconsin-(Whitewater) Warhawks,WWW@AC,12/20/2025,1,13:23,Brock Marino,,,,21 Brock Marino > Post-Up > Left Block > Right Shoulder > Dribble Move > To Drop Step > Make 2 Pts
0,Logan St. Martin,WWW@AC - 12/19/2025 QTR: 1 CLK: 13:03,,,,,Make 2 Pts,00:20.5,N/A,N/A,16:38.9,16:59.3,Alma Scots,WWW@AC,12/20/2025,1,13:03,Logan St. Martin,,,,24 Logan St. Martin > Post-Up > Flash Middle > Post Pin > No Dribble Move > To Basket > Make 2 Pts
0,Jake Quast,WWW@AC - 12/19/2025 QTR: 1 CLK: 12:35,,,,,Make 2 Pts,00:25.4,N/A,N/A,17:01.2,17:26.6,Wisconsin-(Whitewater) Warhawks,WWW@AC,12/20/2025,1,12:35,Jake Quast,,,,21 Brock Marino > Post-Up > Left Block > Left Shoulder > Dribble Move > Defense Commits > Ball Delivered > 12 Jake Quast > Spot-Up > Drives Left > To Basket > Make 2 Pts
0,Josh Elliott,WWW@AC - 12/19/2025 QTR: 1 CLK: 12:16,,,,,Turnover,00:21.7,N/A,N/A,17:25.9,17:47.5,Alma Scots,WWW@AC,12/20/2025,1,12:16,Josh Elliott,,,,20 Josh Elliott > Off Screen > To Shooter's Right > Straight > Turnover
0,Jake Quast,WWW@AC - 12/19/2025 QTR: 1 CLK: 12:03,,,,,Make 3 Pts,00:15.8,N/A,N/A,17:57.4,18:13.2,Wisconsin-(Whitewater) Warhawks,WWW@AC,12/20/2025,1,12:03,Jake Quast,,,,15 Collin Madson > Post-Up > Right Block > Right Shoulder > Dribble Move > Defense Commits > Ball Delivered > 12 Jake Quast > Spot-Up > No Dribble Jumper > Open > Long/3pt > Make 3 Pts
0,Joss Bradley,WWW@AC - 12/19/2025 QTR: 1,,,,,Kicked Ball,00:16.7,N/A,N/A,18:12.2,18:28.9,Alma Scots,WWW@AC,12/20/2025,1,,Joss Bradley,,,,10 Joss Bradley > Non Possession > Kicked Ball
0,Elijah Sykes,WWW@AC - 12/19/2025 QTR: 1 CLK: 11:48,,,,,Make 2 Pts,00:16.5,N/A,N/A,20:01.6,20:18.1,Alma Scots,WWW@AC,12/20/2025,1,11:48,Elijah Sykes,,,,1 Elijah Sykes > P&R Ball Handler > Left P&R > Baseline > Dribble Off Pick > Dribble Jumper > Medium/17' to <3p > Make 2 Pts
0,Brock Marino,WWW@AC - 12/19/2025 QTR: 1 CLK: 11:18,,,,,Miss 2 Pts,00:19.6,N/A,N/A,20:17.9,20:37.5,Wisconsin-(Whitewater) Warhawks,WWW@AC,12/20/2025,1,11:18,Brock Marino,,,,21 Brock Marino > Post-Up > Left Block > Left Shoulder > Dribble Move > To Basket > Miss 2 Pts
0,Korbin Heitzman,WWW@AC - 12/19/2025 QTR: 1 CLK: 11:02,,,,,Make 2 Pts,00:21.5,N/A,N/A,20:32.2,20:53.7,Alma Scots,WWW@AC,12/20/2025,1,11:02,Korbin Heitzman,,,,11 Korbin Heitzman > Post-Up > Flash Middle > Post Pin > No Dribble Move > To Basket > Make 2 Pts
0,Jake Quast,WWW@AC - 12/19/2025 QTR: 1 CLK: 10:47,,,,,Turnover,00:16.5,N/A,N/A,20:53.3,21:09.9,Wisconsin-(Whitewater) Warhawks,WWW@AC,12/20/2025,1,10:47,Jake Quast,,,,12 Jake Quast > P&R Ball Handler > High P&R > Dribble Off Pick > Defense Commits > Turnover
0,Joss Bradley,WWW@AC - 12/19/2025 QTR: 1 CLK: 10:30,,,,,Miss 2 Pts,00:21.5,N/A,N/A,21:27.9,21:49.4,Alma Scots,WWW@AC,12/20/2025,1,10:30,Joss Bradley,,,,10 Joss Bradley > ISO > Left > Drives Right > To Basket > Miss 2 Pts
0,Jake Quast,WWW@AC - 12/19/2025 QTR: 1 CLK: 10:19,,,,,Make 2 Pts,00:17.3,N/A,N/A,21:42.9,22:00.2,Wisconsin-(Whitewater) Warhawks,WWW@AC,12/20/2025,1,10:19,Jake Quast,,,,12 Jake Quast > Transition > Trailer > To Basket > Make 2 Pts
0,Elijah Sykes,WWW@AC - 12/19/2025 QTR: 1 CLK: 09:59,,,,,Miss 2 Pts,00:25.5,N/A,N/A,21:59.2,22:24.7,Alma Scots,WWW@AC,12/20/2025,1,9:59,Elijah Sykes,,,,1 Elijah Sykes > Hand Off > From Dribble > Right > Dribble Jumper > Medium/17' to <3p > Miss 2 Pts
0,Rashad Rogers,WWW@AC - 12/19/2025 QTR: 1 CLK: 09:44,,,,,Turnover,00:10.6,N/A,N/A,22:39.5,22:50.1,Wisconsin-(Whitewater) Warhawks,WWW@AC,12/20/2025,1,9:44,Rashad Rogers,,,,35 Rashad Rogers > No Play Type > Turnover
0,Donovan Collins,WWW@AC - 12/19/2025 QTR: 1 CLK: 09:39,,,,,Make 3 Pts,00:13.9,N/A,N/A,22:43.1,22:57.0,Alma Scots,WWW@AC,12/20/2025,1,9:39,Donovan Collins,,,,3 Donovan Collins > Transition > Right Wing > No Dribble Jumper > Open > Long/3pt > Make 3 Pts
0,Rashad Rogers,WWW@AC - 12/19/2025 QTR: 1 CLK: 09:30,,,,,Miss 2 Pts,00:16.2,N/A,N/A,23:01.2,23:17.3,Wisconsin-(Whitewater) Warhawks,WWW@AC,12/20/2025,1,9:30,Rashad Rogers,,,,35 Rashad Rogers > Cut > Basket > Miss 2 Pts
0,Kelton Mcewen,WWW@AC - 12/19/2025 QTR: 1 CLK: 09:18,,,,,Miss 3 Pts,00:10.9,N/A,N/A,23:25.1,23:36.0,Wisconsin-(Whitewater) Warhawks,WWW@AC,12/20/2025,1,9:18,Kelton Mcewen,,,,2 Kelton Mcewen > Off Screen > To Shooter's Left > Straight > No Dribble Jumper > Guarded > Long/3pt > Miss 3 Pts
0,Tyshawn Teague-Johnson,WWW@AC - 12/19/2025 QTR: 1,,,,,Non Shooting Foul,00:08.8,N/A,N/A,23:36.0,23:44.8,Wisconsin-(Whitewater) Warhawks,WWW@AC,12/20/2025,1,,Tyshawn Teague-Johnson,,,,40 Tyshawn Teague-Johnson > Non Possession > Non Shooting Foul
0,Tyshawn Teague-Johnson,WWW@AC - 12/19/2025 QTR: 1 CLK: 08:54,,,,,Turnover,00:21.5,N/A,N/A,23:53.3,24:14.7,Wisconsin-(Whitewater) Warhawks,WWW@AC,12/20/2025,1,8:54,Tyshawn Teague-Johnson,,,,22 Joey Berezowitz > P&R Ball Handler > High P&R > Dribble Off Pick > Defense Commits > Ball Delivered > 40 Tyshawn Teague-Johnson > Spot-Up > Drives Right > Turnover
0,Elijah Sykes,WWW@AC - 12/19/2025 QTR: 1 CLK: 08:40,,,,,Miss 3 Pts,00:20.4,N/A,N/A,24:30.4,24:50.8,Alma Scots,WWW@AC,12/20/2025,1,8:40,Elijah Sykes,,,,1 Elijah Sykes > Spot-Up > No Dribble Jumper > Guarded > Long/3pt > Miss 3 Pts
0,Rashad Rogers,WWW@AC - 12/19/2025 QTR: 1 CLK: 08:31,,,,,Turnover,00:11.9,N/A,N/A,24:45.4,24:57.3,Wisconsin-(Whitewater) Warhawks,WWW@AC,12/20/2025,1,8:31,Rashad Rogers,,,,35 Rashad Rogers > Transition > Trailer > Turnover
0,Elijah Sykes,WWW@AC - 12/19/2025 QTR: 1 CLK: 08:23,,,,,Miss 2 Pts,00:19.3,N/A,N/A,24:50.9,25:10.3,Alma Scots,WWW@AC,12/20/2025,1,8:23,Elijah Sykes,,,,1 Elijah Sykes > Transition > Ballhandler > To Basket > Miss 2 Pts
0,Raine Rodich,WWW@AC - 12/19/2025 QTR: 1 CLK: 08:20,,,,,Turnover,00:08.0,N/A,N/A,25:25.9,25:33.9,Alma Scots,WWW@AC,12/20/2025,1,8:20,Raine Rodich,,,,14 Raine Rodich > No Play Type > Turnover
0,Isaac Verges,WWW@AC - 12/19/2025 QTR: 1 CLK: 08:04,,,,,Turnover,00:24.3,N/A,N/A,25:28.7,25:52.9,Wisconsin-(Whitewater) Warhawks,WWW@AC,12/20/2025,1,8:04,Isaac Verges,,,,0 Isaac Verges > Spot-Up > Drives Right > To Basket > Turnover
0,Elijah Sykes,WWW@AC - 12/19/2025 QTR: 1 CLK: 07:48,,,,,Make 3 Pts,00:22.5,N/A,N/A,26:07.5,26:30.1,Alma Scots,WWW@AC,12/20/2025,1,7:48,Elijah Sykes,,,,1 Elijah Sykes > Off Screen > To Shooter's Left > Straight > No Dribble Jumper > Open > Long/3pt > Make 3 Pts
0,Richie Warren,WWW@AC - 12/19/2025 QTR: 1 CLK: 07:34,,,,,Miss 2 Pts,00:10.0,N/A,N/A,26:32.7,26:42.7,Wisconsin-(Whitewater) Warhawks,WWW@AC,12/20/2025,1,7:34,Richie Warren,,,,24 Richie Warren > Spot-Up > Drives Right > To Basket > Miss 2 Pts
0,Luciano Guerrazzi,WWW@AC - 12/19/2025 QTR: 1 CLK: 07:28,,,,,Make 2 Pts,00:12.3,N/A,N/A,26:36.8,26:49.0,Alma Scots,WWW@AC,12/20/2025,1,7:28,Luciano Guerrazzi,,,,21 Luciano Guerrazzi > Transition > First Middle > To Basket > Make 2 Pts
0,Joey Berezowitz,WWW@AC - 12/19/2025 QTR: 1 CLK: 07:16,,,,,Make 3 Pts,00:12.1,N/A,N/A,26:48.0,27:00.2,Wisconsin-(Whitewater) Warhawks,WWW@AC,12/20/2025,1,7:16,Joey Berezowitz,,,,22 Joey Berezowitz > Transition > Trailer > No Dribble Jumper > Open > Long/3pt > Make 3 Pts
0,Elijah Sykes,WWW@AC - 12/19/2025 QTR: 1 CLK: 07:00,,,,,Miss 3 Pts,00:16.3,N/A,N/A,26:59.7,27:16.0,Alma Scots,WWW@AC,12/20/2025,1,7:00,Elijah Sykes,,,,1 Elijah Sykes > Spot-Up > No Dribble Jumper > Open > Long/3pt > Miss 3 Pts
0,Joey Berezowitz,WWW@AC - 12/19/2025 QTR: 1 CLK: 06:52,,,,,Make 3 Pts,00:13.8,N/A,N/A,27:10.3,27:24.1,Wisconsin-(Whitewater) Warhawks,WWW@AC,12/20/2025,1,6:52,Joey Berezowitz,,,,22 Joey Berezowitz > P&R Ball Handler > High P&R > Dribble Off Pick > Dribble Jumper > Long/3pt > Make 3 Pts
0,Raine Rodich,WWW@AC - 12/19/2025 QTR: 1 CLK: 06:34,,,,,Turnover,00:18.5,N/A,N/A,27:23.6,27:42.0,Alma Scots,WWW@AC,12/20/2025,1,6:34,Raine Rodich,,,,14 Raine Rodich > Spot-Up > Drives Right > Turnover
0,Joey Berezowitz,WWW@AC - 12/19/2025 QTR: 1 CLK: 06:30,,,,,Make 2 Pts,00:12.0,N/A,N/A,27:35.5,27:47.5,Wisconsin-(Whitewater) Warhawks,WWW@AC,12/20/2025,1,6:30,Joey Berezowitz,,,,22 Joey Berezowitz > Transition > Ballhandler > To Basket > Make 2 Pts
0,Korbin Heitzman,WWW@AC - 12/19/2025 QTR: 1 CLK: 06:29,,,,,Miss 2 Pts,00:16.4,N/A,N/A,29:32.9,29:49.3,Alma Scots,WWW@AC,12/20/2025,1,6:29,Korbin Heitzman,,,,11 Korbin Heitzman > P&R Ball Handler > High P&R > Split > To Basket > Miss 2 Pts
0,Preston Malpass,WWW@AC - 12/19/2025 QTR: 1 CLK: 06:17,,,,,Make 2 Pts,00:07.9,N/A,N/A,29:41.5,29:49.3,Alma Scots,WWW@AC,12/20/2025,1,6:17,Preston Malpass,,,,15 Preston Malpass > Offensive Rebound > Short > Scoring Attempt > At Basket > Make 2 Pts
0,Richie Warren,WWW@AC - 12/19/2025 QTR: 1 CLK: 05:58,,,,,Miss 2 Pts,00:16.0,N/A,N/A,29:51.5,30:07.5,Wisconsin-(Whitewater) Warhawks,WWW@AC,12/20/2025,1,5:58,Richie Warren,,,,15 Collin Madson > P&R Ball Handler > Left P&R > Side > Go Away from Pick > Defense Commits > Ball Delivered > 24 Richie Warren > P&R Roll Man > Rolls to Basket > Miss 2 Pts
0,Preston Malpass,WWW@AC - 12/19/2025 QTR: 1 CLK: 05:41,,,,,Miss 3 Pts,00:21.9,N/A,N/A,30:03.1,30:24.9,Alma Scots,WWW@AC,12/20/2025,1,5:41,Preston Malpass,,,,14 Raine Rodich > P&R Ball Handler > Left P&R > Side > Dribble Off Pick > Defense Commits > Ball Delivered > 15 Preston Malpass > Spot-Up > No Dribble Jumper > Open > Long/3pt > Miss 3 Pts
0,Darius Chestnut,WWW@AC - 12/19/2025 QTR: 1 CLK: 05:31,,,,,Make 3 Pts,00:14.4,N/A,N/A,30:19.1,30:33.5,Wisconsin-(Whitewater) Warhawks,WWW@AC,12/20/2025,1,5:31,Darius Chestnut,,,,10 Darius Chestnut > Transition > Right Wing > No Dribble Jumper > Open > Long/3pt > Make 3 Pts
0,Josh Elliott,WWW@AC - 12/19/2025 QTR: 1 CLK: 05:12,,,,,Make 3 Pts,00:18.4,N/A,N/A,30:36.3,30:54.7,Alma Scots,WWW@AC,12/20/2025,1,5:12,Josh Elliott,,,,20 Josh Elliott > Off Screen > To Shooter's Left > Straight > No Dribble Jumper > Open > Long/3pt > Make 3 Pts
0,Luke Bara,WWW@AC - 12/19/2025 QTR: 1,,,,,Non Shooting Foul,00:16.8,N/A,N/A,30:54.3,31:11.1,Wisconsin-(Whitewater) Warhawks,WWW@AC,12/20/2025,1,,Luke Bara,,,,32 Luke Bara > Non Possession > Non Shooting Foul
0,Collin Madson,WWW@AC - 12/19/2025 QTR: 1 CLK: 04:43,,,,,Foul,00:18.7,N/A,N/A,31:26.5,31:45.2,Wisconsin-(Whitewater) Warhawks,WWW@AC,12/20/2025,1,4:43,Collin Madson,,,,32 Luke Bara > P&R Ball Handler > High P&R > Dribble Off Pick > Defense Commits > Ball Delivered > 15 Collin Madson > Spot-Up > No Dribble Jumper > Guarded > Long/3pt > Foul
0,Collin Madson,WWW@AC - 12/19/2025 QTR: 1,,,,,Free Throw,00:06.6,N/A,N/A,32:01.1,32:07.7,Wisconsin-(Whitewater) Warhawks,WWW@AC,12/20/2025,1,,Collin Madson,,,,15 Collin Madson > Non Possession > Free Throw
0,Collin Madson,WWW@AC - 12/19/2025 QTR: 1,,,,,Free Throw,00:06.9,N/A,N/A,32:11.9,32:18.8,Wisconsin-(Whitewater) Warhawks,WWW@AC,12/20/2025,1,,Collin Madson,,,,15 Collin Madson > Non Possession > Free Throw
0,Collin Madson,WWW@AC - 12/19/2025 QTR: 1,,,,,Free Throw,00:07.1,N/A,N/A,32:23.0,32:30.0,Wisconsin-(Whitewater) Warhawks,WWW@AC,12/20/2025,1,,Collin Madson,,,,15 Collin Madson > Non Possession > Free Throw
0,Korbin Heitzman,WWW@AC - 12/19/2025 QTR: 1,,,,,Non Shooting Foul,00:13.4,N/A,N/A,32:30.3,32:43.6,Alma Scots,WWW@AC,12/20/2025,1,,Korbin Heitzman,,,,11 Korbin Heitzman > Non Possession > Non Shooting Foul
0,Joss Bradley,WWW@AC - 12/19/2025 QTR: 1 CLK: 04:19,,,,,Miss 2 Pts,00:21.3,N/A,N/A,32:53.5,33:14.8,Alma Scots,WWW@AC,12/20/2025,1,4:19,Joss Bradley,,,,10 Joss Bradley > P&R Ball Handler > High P&R > Dribble Off Pick > To Basket > Miss 2 Pts
0,Joey Berezowitz,WWW@AC - 12/19/2025 QTR: 1 CLK: 04:11,,,,,Miss 2 Pts,00:17.8,N/A,N/A,33:08.4,33:26.1,Wisconsin-(Whitewater) Warhawks,WWW@AC,12/20/2025,1,4:11,Joey Berezowitz,,,,22 Joey Berezowitz > Transition > First Middle > To Basket > Miss 2 Pts
0,Luke Bara,WWW@AC - 12/19/2025 QTR: 1 CLK: 04:00,,,,,Miss 2 Pts,00:17.1,N/A,N/A,33:35.5,33:52.7,Wisconsin-(Whitewater) Warhawks,WWW@AC,12/20/2025,1,4:00,Luke Bara,,,,32 Luke Bara > ISO > Top > Drives Left > Dribble Jumper > Short to < 17' > Miss 2 Pts
0,Korbin Heitzman,WWW@AC - 12/19/2025 QTR: 1 CLK: 03:33,,,,,Make 2 Pts,00:24.4,N/A,N/A,33:52.7,34:17.1,Alma Scots,WWW@AC,12/20/2025,1,3:33,Korbin Heitzman,,,,11 Korbin Heitzman > Hand Off > From Dribble > Top > To Basket > Make 2 Pts
0,Collin Madson,WWW@AC - 12/19/2025 QTR: 1 CLK: 03:07,,,,,1 Pts,00:23.9,N/A,N/A,34:19.7,34:43.6,Wisconsin-(Whitewater) Warhawks,WWW@AC,12/20/2025,1,3:07,Collin Madson,,,,15 Collin Madson > Post-Up > Left Block > Right Shoulder > Dribble Move > To Basket > Make 2 Pts Foul > 1 Pts
0,Collin Madson,WWW@AC - 12/19/2025 QTR: 1,,,,,Free Throw,00:07.2,N/A,N/A,36:32.7,36:39.8,Wisconsin-(Whitewater) Warhawks,WWW@AC,12/20/2025,1,,Collin Madson,,,,15 Collin Madson > Non Possession > Free Throw
0,Josh Elliott,WWW@AC - 12/19/2025 QTR: 1 CLK: 02:48,,,,,Make 3 Pts,00:21.8,N/A,N/A,36:39.3,37:01.1,Alma Scots,WWW@AC,12/20/2025,1,2:48,Josh Elliott,,,,20 Josh Elliott > Hand Off > From Stationary > Top > No Dribble Jumper > Open > Long/3pt > Make 3 Pts
0,Collin Madson,WWW@AC - 12/19/2025 QTR: 1 CLK: 02:35,,,,,Foul,00:14.2,N/A,N/A,37:04.0,37:18.2,Wisconsin-(Whitewater) Warhawks,WWW@AC,12/20/2025,1,2:35,Collin Madson,,,,15 Collin Madson > Off Screen > To Shooter's Left > Curl > To Basket > Foul
0,Collin Madson,WWW@AC - 12/19/2025 QTR: 1,,,,,Free Throw,00:07.5,N/A,N/A,37:31.2,37:38.8,Wisconsin-(Whitewater) Warhawks,WWW@AC,12/20/2025,1,,Collin Madson,,,,15 Collin Madson > Non Possession > Free Throw
0,Collin Madson,WWW@AC - 12/19/2025 QTR: 1,,,,,Free Throw,00:08.4,N/A,N/A,37:43.4,37:51.9,Wisconsin-(Whitewater) Warhawks,WWW@AC,12/20/2025,1,,Collin Madson,,,,15 Collin Madson > Non Possession > Free Throw
0,Logan St. Martin,WWW@AC - 12/19/2025 QTR: 1,,,,,Non Shooting Foul,00:23.2,N/A,N/A,37:46.8,38:10.1,Alma Scots,WWW@AC,12/20/2025,1,,Logan St. Martin,,,,24 Logan St. Martin > Non Possession > Non Shooting Foul
0,Logan St. Martin,WWW@AC - 12/19/2025 QTR: 1 CLK: 02:07,,,,,Miss 3 Pts,00:21.7,N/A,N/A,38:16.8,38:38.5,Alma Scots,WWW@AC,12/20/2025,1,2:07,Logan St. Martin,,,,10 Joss Bradley > P&R Ball Handler > High P&R > Dribble Off Pick > Defense Commits > Ball Delivered > 24 Logan St. Martin > P&R Roll Man > Pick and Pops > No Dribble Jumper > Guarded > Long/3pt > Miss 3 Pts
0,Brock Marino,WWW@AC - 12/19/2025 QTR: 1 CLK: 01:54,,,,,Foul,00:21.5,N/A,N/A,38:31.1,38:52.6,Wisconsin-(Whitewater) Warhawks,WWW@AC,12/20/2025,1,1:54,Brock Marino,,,,32 Luke Bara > P&R Ball Handler > Right P&R > Side > Dribble Off Pick > Defense Commits > Ball Delivered > 21 Brock Marino > P&R Roll Man > Rolls to Basket > Foul
0,Brock Marino,WWW@AC - 12/19/2025 QTR: 1,,,,,Free Throw,00:08.1,N/A,N/A,39:05.2,39:13.3,Wisconsin-(Whitewater) Warhawks,WWW@AC,12/20/2025,1,,Brock Marino,,,,21 Brock Marino > Non Possession > Free Throw
0,Brock Marino,WWW@AC - 12/19/2025 QTR: 1,,,,,Free Throw,00:08.6,N/A,N/A,39:17.1,39:25.7,Wisconsin-(Whitewater) Warhawks,WWW@AC,12/20/2025,1,,Brock Marino,,,,21 Brock Marino > Non Possession > Free Throw
0,Korbin Heitzman,WWW@AC - 12/19/2025 QTR: 1 CLK: 01:33,,,,,Turnover,00:25.5,N/A,N/A,39:24.7,39:50.2,Alma Scots,WWW@AC,12/20/2025,1,1:33,Korbin Heitzman,,,,1 Elijah Sykes > P&R Ball Handler > High P&R > Dribble Off Pick > Defense Commits > Ball Delivered > 11 Korbin Heitzman > Cut > Basket > Turnover
0,Luke Bara,WWW@AC - 12/19/2025 QTR: 1 CLK: 01:23,,,,,Miss 2 Pts,00:17.7,N/A,N/A,39:42.9,40:00.7,Wisconsin-(Whitewater) Warhawks,WWW@AC,12/20/2025,1,1:23,Luke Bara,,,,32 Luke Bara > Transition > Ballhandler > To Basket > Miss 2 Pts
0,Josh Elliott,WWW@AC - 12/19/2025 QTR: 1 CLK: 01:18,,,,,1 Pts,00:13.9,N/A,N/A,39:54.3,40:08.2,Alma Scots,WWW@AC,12/20/2025,1,1:18,Josh Elliott,,,,20 Josh Elliott > Transition > Right Wing > To Basket > Make 2 Pts Foul > 1 Pts
0,Josh Elliott,WWW@AC - 12/19/2025 QTR: 1,,,,,Free Throw,00:08.3,N/A,N/A,40:34.7,40:43.0,Alma Scots,WWW@AC,12/20/2025,1,,Josh Elliott,,,,20 Josh Elliott > Non Possession > Free Throw
0,Richie Warren,WWW@AC - 12/19/2025 QTR: 1 CLK: 00:57,,,,,Miss 2 Pts,00:19.4,N/A,N/A,40:47.2,41:06.5,Wisconsin-(Whitewater) Warhawks,WWW@AC,12/20/2025,1,0:57,Richie Warren,,,,32 Luke Bara > P&R Ball Handler > Right P&R > Side > Dribble Off Pick > Defense Commits > Ball Delivered > 24 Richie Warren > P&R Roll Man > Slips the Pick > To Basket > Miss 2 Pts
0,Josh Elliott,WWW@AC - 12/19/2025 QTR: 1 CLK: 00:41,,,,,Miss 3 Pts,00:21.5,N/A,N/A,41:02.5,41:24.1,Alma Scots,WWW@AC,12/20/2025,1,0:41,Josh Elliott,,,,20 Josh Elliott > Hand Off > From Dribble > Top > No Dribble Jumper > Open > Long/3pt > Miss 3 Pts
0,Darius Chestnut,WWW@AC - 12/19/2025 QTR: 1 CLK: 00:32,,,,,Make 3 Pts,00:15.2,N/A,N/A,41:17.7,41:32.9,Wisconsin-(Whitewater) Warhawks,WWW@AC,12/20/2025,1,0:32,Darius Chestnut,,,,10 Darius Chestnut > Transition > Left Wing > No Dribble Jumper > Open > Long/3pt > Make 3 Pts
0,Elijah Sykes,WWW@AC - 12/19/2025 QTR: 1,,,,,Miss 3 Pts,00:33.5,N/A,N/A,41:32.4,42:05.9,Alma Scots,WWW@AC,12/20/2025,1,,Elijah Sykes,,,,1 Elijah Sykes > P&R Ball Handler > High P&R > Dribble Off Pick > Dribble Jumper > Long/3pt > Miss 3 Pts
0,Isaac Verges,WWW@AC - 12/19/2025 QTR: 2 CLK: 19:44,,,,,Make 3 Pts,16:21.7,N/A,N/A,42:05.9,58:27.6,Wisconsin-(Whitewater) Warhawks,WWW@AC,12/20/2025,2,19:44,Isaac Verges,,,,0 Isaac Verges > Spot-Up > No Dribble Jumper > Open > Long/3pt > Make 3 Pts
0,Donovan Collins,WWW@AC - 12/19/2025 QTR: 2 CLK: 19:23,,,,,Make 3 Pts,00:20.1,N/A,N/A,58:26.8,58:46.8,Alma Scots,WWW@AC,12/20/2025,2,19:23,Donovan Collins,,,,3 Donovan Collins > Hand Off > From Dribble > Top > Dribble Jumper > Long/3pt > Make 3 Pts
0,Brock Marino,WWW@AC - 12/19/2025 QTR: 2 CLK: 18:53,,,,,Foul,00:32.2,N/A,N/A,58:46.2,59:18.3,Wisconsin-(Whitewater) Warhawks,WWW@AC,12/20/2025,2,18:53,Brock Marino,,,,21 Brock Marino > Post-Up > Left Block > Left Shoulder > Dribble Move > To Basket > Foul
0,Brock Marino,WWW@AC - 12/19/2025 QTR: 2,,,,,Free Throw,00:08.8,N/A,N/A,59:32.5,59:41.3,Wisconsin-(Whitewater) Warhawks,WWW@AC,12/20/2025,2,,Brock Marino,,,,21 Brock Marino > Non Possession > Free Throw
0,Brock Marino,WWW@AC - 12/19/2025 QTR: 2,,,,,Free Throw,00:08.3,N/A,N/A,59:46.2,59:54.5,Wisconsin-(Whitewater) Warhawks,WWW@AC,12/20/2025,2,,Brock Marino,,,,21 Brock Marino > Non Possession > Free Throw
0,Logan St. Martin,WWW@AC - 12/19/2025 QTR: 2,,,,,No Violation,00:21.6,N/A,N/A,59:53.6,00:15.2,Alma Scots,WWW@AC,12/20/2025,2,,Logan St. Martin,,,,24 Logan St. Martin > Non Possession > No Violation
0,Korbin Heitzman,WWW@AC - 12/19/2025 QTR: 2 CLK: 18:31,,,,,Miss 3 Pts,00:18.3,N/A,N/A,00:45.9,01:04.2,Alma Scots,WWW@AC,12/20/2025,2,18:31,Korbin Heitzman,,,,14 Raine Rodich > P&R Ball Handler > High P&R > Go Away from Pick > Defense Commits > Ball Delivered > 11 Korbin Heitzman > Spot-Up > No Dribble Jumper > Guarded > Long/3pt > Miss 3 Pts
0,Collin Madson,WWW@AC - 12/19/2025 QTR: 2 CLK: 18:08,,,,,Make 2 Pts,00:26.4,N/A,N/A,00:58.7,01:25.0,Wisconsin-(Whitewater) Warhawks,WWW@AC,12/20/2025,2,18:08,Collin Madson,,,,15 Collin Madson > Post-Up > Right Block > Right Shoulder > Dribble Move > To Basket > Make 2 Pts
0,Donovan Collins,WWW@AC - 12/19/2025 QTR: 2 CLK: 17:45,,,,,Miss 2 Pts,00:26.3,N/A,N/A,01:24.0,01:50.3,Alma Scots,WWW@AC,12/20/2025,2,17:45,Donovan Collins,,,,3 Donovan Collins > Spot-Up > Drives Straight > Dribble Jumper > Medium/17' to <3p > Miss 2 Pts
0,Collin Madson,WWW@AC - 12/19/2025 QTR: 2 CLK: 17:38,,,,,Make 2 Pts,00:11.3,N/A,N/A,01:44.0,01:55.2,Wisconsin-(Whitewater) Warhawks,WWW@AC,12/20/2025,2,17:38,Collin Madson,,,,15 Collin Madson > Transition > Right Wing > To Basket > Make 2 Pts
0,Korbin Heitzman,WWW@AC - 12/19/2025 QTR: 2 CLK: 17:36,,,,,Miss 2 Pts,00:29.0,N/A,N/A,03:27.6,03:56.5,Alma Scots,WWW@AC,12/20/2025,2,17:36,Korbin Heitzman,,,,20 Josh Elliott > P&R Ball Handler > High P&R > Dribble Off Pick > Defense Commits > Ball Delivered > 11 Korbin Heitzman > Spot-Up > Drives Left > To Basket > Miss 2 Pts
0,Isaac Verges,WWW@AC - 12/19/2025 QTR: 2 CLK: 17:01,,,,,Miss 2 Pts,00:17.3,N/A,N/A,03:50.2,04:07.5,Wisconsin-(Whitewater) Warhawks,WWW@AC,12/20/2025,2,17:01,Isaac Verges,,,,0 Isaac Verges > Transition > Ballhandler > To Basket > Miss 2 Pts
0,Raine Rodich,WWW@AC - 12/19/2025 QTR: 2,,,,,Non Shooting Foul,00:21.7,N/A,N/A,04:02.1,04:23.8,Alma Scots,WWW@AC,12/20/2025,2,,Raine Rodich,,,,14 Raine Rodich > Non Possession > Non Shooting Foul
0,Korbin Heitzman,WWW@AC - 12/19/2025 QTR: 2 CLK: 16:35,,,,,Turnover,00:17.7,N/A,N/A,04:32.5,04:50.3,Alma Scots,WWW@AC,12/20/2025,2,16:35,Korbin Heitzman,,,,11 Korbin Heitzman > No Play Type > Turnover
0,Collin Madson,WWW@AC - 12/19/2025 QTR: 2 CLK: 16:13,,,,,Miss 2 Pts,00:31.2,N/A,N/A,04:42.8,05:13.9,Wisconsin-(Whitewater) Warhawks,WWW@AC,12/20/2025,2,16:13,Collin Madson,,,,15 Collin Madson > Post-Up > Left Block > Right Shoulder > Dribble Move > To Basket > Miss 2 Pts
0,Josh Elliott,WWW@AC - 12/19/2025 QTR: 2,,,,,Non Shooting Foul,00:12.0,N/A,N/A,05:07.6,05:19.7,Alma Scots,WWW@AC,12/20/2025,2,,Josh Elliott,,,,20 Josh Elliott > Non Possession > Non Shooting Foul
0,Donovan Collins,WWW@AC - 12/19/2025 QTR: 2 CLK: 15:54,,,,,Miss 3 Pts,00:24.1,N/A,N/A,05:33.4,05:57.6,Alma Scots,WWW@AC,12/20/2025,2,15:54,Donovan Collins,,,,3 Donovan Collins > Spot-Up > No Dribble Jumper > Open > Long/3pt > Miss 3 Pts
0,Isaac Verges,WWW@AC - 12/19/2025 QTR: 2 CLK: 15:42,,,,,Make 2 Pts,00:06.3,N/A,N/A,05:57.6,06:03.8,Wisconsin-(Whitewater) Warhawks,WWW@AC,12/20/2025,2,15:42,Isaac Verges,,,,0 Isaac Verges > Transition > Ballhandler > To Basket > Make 2 Pts
0,Korbin Heitzman,WWW@AC - 12/19/2025 QTR: 2 CLK: 15:22,,,,,Foul,00:23.5,N/A,N/A,06:02.8,06:26.3,Alma Scots,WWW@AC,12/20/2025,2,15:22,Korbin Heitzman,,,,11 Korbin Heitzman > Hand Off > From Stationary > Right > To Basket > Foul
0,Korbin Heitzman,WWW@AC - 12/19/2025 QTR: 2,,,,,Free Throw,00:08.2,N/A,N/A,08:11.5,08:19.6,Alma Scots,WWW@AC,12/20/2025,2,,Korbin Heitzman,,,,11 Korbin Heitzman > Non Possession > Free Throw
0,Korbin Heitzman,WWW@AC - 12/19/2025 QTR: 2,,,,,Free Throw,00:08.3,N/A,N/A,08:23.4,08:31.7,Alma Scots,WWW@AC,12/20/2025,2,,Korbin Heitzman,,,,11 Korbin Heitzman > Non Possession > Free Throw
0,Brock Marino,WWW@AC - 12/19/2025 QTR: 2 CLK: 15:10,,,,,Miss 2 Pts,00:15.6,N/A,N/A,08:31.3,08:46.9,Wisconsin-(Whitewater) Warhawks,WWW@AC,12/20/2025,2,15:10,Brock Marino,,,,21 Brock Marino > Cut > Basket > Miss 2 Pts
0,Korbin Heitzman,WWW@AC - 12/19/2025 QTR: 2 CLK: 14:56,,,,,Make 2 Pts,00:18.0,N/A,N/A,08:40.2,08:58.2,Alma Scots,WWW@AC,12/20/2025,2,14:56,Korbin Heitzman,,,,11 Korbin Heitzman > Cut > Basket > Make 2 Pts
0,Brock Marino,WWW@AC - 12/19/2025 QTR: 2 CLK: 14:27,,,,,Miss 2 Pts,00:37.4,N/A,N/A,08:56.9,09:34.3,Wisconsin-(Whitewater) Warhawks,WWW@AC,12/20/2025,2,14:27,Brock Marino,,,,32 Luke Bara > ISO > Top > Drives Right > Defense Commits > Ball Delivered > 21 Brock Marino > Cut > Basket > Miss 2 Pts
0,Richie Warren,WWW@AC - 12/19/2025 QTR: 2 CLK: 14:27,,,,,Foul,00:00.0,N/A,N/A,09:34.3,09:34.3,Wisconsin-(Whitewater) Warhawks,WWW@AC,12/20/2025,2,14:27,Richie Warren,,,,24 Richie Warren > Offensive Rebound > Short > Scoring Attempt > At Basket > Foul
0,Richie Warren,WWW@AC - 12/19/2025 QTR: 2,,,,,Free Throw,00:07.6,N/A,N/A,09:46.8,09:54.4,Wisconsin-(Whitewater) Warhawks,WWW@AC,12/20/2025,2,,Richie Warren,,,,24 Richie Warren > Non Possession > Free Throw
0,Richie Warren,WWW@AC - 12/19/2025 QTR: 2,,,,,Free Throw,00:06.6,N/A,N/A,10:03.1,10:09.7,Wisconsin-(Whitewater) Warhawks,WWW@AC,12/20/2025,2,,Richie Warren,,,,24 Richie Warren > Non Possession > Free Throw
0,Korbin Heitzman,WWW@AC - 12/19/2025 QTR: 2 CLK: 14:12,,,,,Turnover,00:15.4,N/A,N/A,10:08.9,10:24.2,Alma Scots,WWW@AC,12/20/2025,2,14:12,Korbin Heitzman,,,,11 Korbin Heitzman > Off Screen > To Shooter's Left > Straight > Turnover
0,Isaac Verges,WWW@AC - 12/19/2025 QTR: 2 CLK: 13:55,,,,,Make 2 Pts,00:23.5,N/A,N/A,10:17.9,10:41.3,Wisconsin-(Whitewater) Warhawks,WWW@AC,12/20/2025,2,13:55,Isaac Verges,,,,0 Isaac Verges > Cut > Basket > Make 2 Pts
0,Josh Elliott,WWW@AC - 12/19/2025 QTR: 2 CLK: 13:46,,,,,Miss 3 Pts,00:13.2,N/A,N/A,10:40.0,10:53.3,Alma Scots,WWW@AC,12/20/2025,2,13:46,Josh Elliott,,,,20 Josh Elliott > Hand Off > From Dribble > Left > No Dribble Jumper > Open > Long/3pt > Miss 3 Pts
0,Joss Bradley,WWW@AC - 12/19/2025 QTR: 2 CLK: 13:40,,,,,Foul,00:05.0,N/A,N/A,10:53.3,10:58.2,Alma Scots,WWW@AC,12/20/2025,2,13:40,Joss Bradley,,,,10 Joss Bradley > Spot-Up > Drives Right > To Basket > Foul
0,Joss Bradley,WWW@AC - 12/19/2025 QTR: 2,,,,,Free Throw,00:08.1,N/A,N/A,11:11.6,11:19.7,Alma Scots,WWW@AC,12/20/2025,2,,Joss Bradley,,,,10 Joss Bradley > Non Possession > Free Throw
0,Joss Bradley,WWW@AC - 12/19/2025 QTR: 2,,,,,Free Throw,00:08.6,N/A,N/A,11:25.7,11:34.3,Alma Scots,WWW@AC,12/20/2025,2,,Joss Bradley,,,,10 Joss Bradley > Non Possession > Free Throw
0,Isaac Verges,WWW@AC - 12/19/2025 QTR: 2 CLK: 13:25,,,,,Make 2 Pts,00:17.8,N/A,N/A,11:33.6,11:51.4,Wisconsin-(Whitewater) Warhawks,WWW@AC,12/20/2025,2,13:25,Isaac Verges,,,,0 Isaac Verges > P&R Ball Handler > Left P&R > Side > Dribble Off Pick > To Basket > Make 2 Pts
0,Elijah Sykes,WWW@AC - 12/19/2025 QTR: 2 CLK: 13:03,,,,,Make 2 Pts,00:22.5,N/A,N/A,11:50.7,12:13.2,Alma Scots,WWW@AC,12/20/2025,2,13:03,Elijah Sykes,,,,1 Elijah Sykes > Hand Off > From Dribble > Left > To Basket > Make 2 Pts
0,Brock Marino,WWW@AC - 12/19/2025 QTR: 2 CLK: 13:03,,,,,Turnover,00:14.1,N/A,N/A,13:18.9,13:32.9,Wisconsin-(Whitewater) Warhawks,WWW@AC,12/20/2025,2,13:03,Brock Marino,,,,21 Brock Marino > No Play Type > Turnover
0,Preston Malpass,WWW@AC - 12/19/2025 QTR: 2 CLK: 12:31,,,,,Turnover,00:21.9,N/A,N/A,13:54.2,14:16.1,Alma Scots,WWW@AC,12/20/2025,2,12:31,Preston Malpass,,,,15 Preston Malpass > No Play Type > Turnover
0,Luke Bara,WWW@AC - 12/19/2025 QTR: 2 CLK: 12:15,,,,,Make 3 Pts,00:20.5,N/A,N/A,14:30.7,14:51.2,Wisconsin-(Whitewater) Warhawks,WWW@AC,12/20/2025,2,12:15,Luke Bara,,,,32 Luke Bara > Spot-Up > No Dribble Jumper > Guarded > Long/3pt > Make 3 Pts
0,Luciano Guerrazzi,WWW@AC - 12/19/2025 QTR: 2 CLK: 11:51,,,,,Turnover,00:26.5,N/A,N/A,14:50.5,15:16.9,Alma Scots,WWW@AC,12/20/2025,2,11:51,Luciano Guerrazzi,,,,21 Luciano Guerrazzi > Post-Up > Left Block > Left Shoulder > Dribble Move > Defense Commits > Turnover
0,Tyshawn Teague-Johnson,WWW@AC - 12/19/2025 QTR: 2 CLK: 11:51,,,,,Miss 2 Pts,00:25.3,N/A,N/A,16:54.2,17:19.4,Wisconsin-(Whitewater) Warhawks,WWW@AC,12/20/2025,2,11:51,Tyshawn Teague-Johnson,,,,40 Tyshawn Teague-Johnson > P&R Ball Handler > Left P&R > Side > Dribble Off Pick > To Basket > Miss 2 Pts
0,Donovan Collins,WWW@AC - 12/19/2025 QTR: 2 CLK: 11:25,,,,,Make 3 Pts,00:12.9,N/A,N/A,17:13.3,17:26.2,Alma Scots,WWW@AC,12/20/2025,2,11:25,Donovan Collins,,,,3 Donovan Collins > Transition > Right Wing > No Dribble Jumper > Open > Long/3pt > Make 3 Pts
0,Joey Berezowitz,WWW@AC - 12/19/2025 QTR: 2 CLK: 11:00,,,,,Miss 3 Pts,00:29.9,N/A,N/A,17:25.2,17:55.1,Wisconsin-(Whitewater) Warhawks,WWW@AC,12/20/2025,2,11:00,Joey Berezowitz,,,,15 Collin Madson > Post-Up > Right Block > Right Shoulder > Dribble Move > Defense Commits > Ball Delivered > 22 Joey Berezowitz > Spot-Up > No Dribble Jumper > Open > Long/3pt > Miss 3 Pts
0,Elijah Sykes,WWW@AC - 12/19/2025 QTR: 2 CLK: 10:29,,,,,Miss 2 Pts,00:34.9,N/A,N/A,18:08.0,18:43.0,Alma Scots,WWW@AC,12/20/2025,2,10:29,Elijah Sykes,,,,1 Elijah Sykes > P&R Ball Handler > High P&R > Dribble Off Pick > Dribble Jumper > Short to < 17' > Miss 2 Pts
0,Luke Bara,WWW@AC - 12/19/2025 QTR: 2 CLK: 10:18,,,,,Miss 3 Pts,00:20.2,N/A,N/A,18:55.2,19:15.4,Wisconsin-(Whitewater) Warhawks,WWW@AC,12/20/2025,2,10:18,Luke Bara,,,,32 Luke Bara > Off Screen > To Shooter's Right > Straight > No Dribble Jumper > Guarded > Long/3pt > Miss 3 Pts
0,Jake Quast,WWW@AC - 12/19/2025 QTR: 2 CLK: 10:09,,,,,Miss 2 Pts,00:06.1,N/A,N/A,19:15.4,19:21.6,Wisconsin-(Whitewater) Warhawks,WWW@AC,12/20/2025,2,10:09,Jake Quast,,,,12 Jake Quast > Spot-Up > Drives Right > To Basket > Miss 2 Pts
0,Luciano Guerrazzi,WWW@AC - 12/19/2025 QTR: 2 CLK: 09:54,,,,,Turnover,00:23.5,N/A,N/A,19:14.5,19:38.1,Alma Scots,WWW@AC,12/20/2025,2,9:54,Luciano Guerrazzi,,,,21 Luciano Guerrazzi > No Play Type > Turnover
0,Tyshawn Teague-Johnson,WWW@AC - 12/19/2025 QTR: 2 CLK: 09:42,,,,,Miss 2 Pts,00:19.2,N/A,N/A,19:54.1,20:13.2,Wisconsin-(Whitewater) Warhawks,WWW@AC,12/20/2025,2,9:42,Tyshawn Teague-Johnson,,,,40 Tyshawn Teague-Johnson > ISO > Left > Drives Right > To Basket > Miss 2 Pts
0,Preston Malpass,WWW@AC - 12/19/2025 QTR: 2 CLK: 09:17,,,,,Miss 3 Pts,00:23.6,N/A,N/A,20:13.2,20:36.9,Alma Scots,WWW@AC,12/20/2025,2,9:17,Preston Malpass,,,,15 Preston Malpass > Spot-Up > No Dribble Jumper > Guarded > Long/3pt > Miss 3 Pts
0,Luciano Guerrazzi,WWW@AC - 12/19/2025 QTR: 2 CLK: 09:11,,,,,Make 3 Pts,00:02.8,N/A,N/A,20:36.9,20:39.7,Alma Scots,WWW@AC,12/20/2025,2,9:11,Luciano Guerrazzi,,,,21 Luciano Guerrazzi > Spot-Up > No Dribble Jumper > Open > Long/3pt > Make 3 Pts
0,Jake Quast,WWW@AC - 12/19/2025 QTR: 2 CLK: 08:53,,,,,Miss 3 Pts,00:15.8,N/A,N/A,20:42.6,20:58.4,Wisconsin-(Whitewater) Warhawks,WWW@AC,12/20/2025,2,8:53,Jake Quast,,,,12 Jake Quast > Transition > Left Wing > No Dribble Jumper > Open > Long/3pt > Miss 3 Pts
0,Luciano Guerrazzi,WWW@AC - 12/19/2025 QTR: 2 CLK: 08:36,,,,,Turnover,00:21.7,N/A,N/A,20:52.6,21:14.4,Alma Scots,WWW@AC,12/20/2025,2,8:36,Luciano Guerrazzi,,,,21 Luciano Guerrazzi > No Play Type > Turnover
0,Jake Quast,WWW@AC - 12/19/2025 QTR: 2 CLK: 08:27,,,,,0 Pts,00:17.7,N/A,N/A,21:08.2,21:25.9,Wisconsin-(Whitewater) Warhawks,WWW@AC,12/20/2025,2,8:27,Jake Quast,,,,12 Jake Quast > Transition > Trailer > To Basket > Make 2 Pts Foul > 0 Pts
0,Jake Quast,WWW@AC - 12/19/2025 QTR: 2,,,,,Free Throw,00:11.4,N/A,N/A,21:48.3,21:59.6,Wisconsin-(Whitewater) Warhawks,WWW@AC,12/20/2025,2,,Jake Quast,,,,12 Jake Quast > Non Possession > Free Throw
0,Preston Malpass,WWW@AC - 12/19/2025 QTR: 2 CLK: 08:25,,,,,Foul,00:08.7,N/A,N/A,21:51.0,21:59.6,Alma Scots,WWW@AC,12/20/2025,2,8:25,Preston Malpass,,,,15 Preston Malpass > No Play Type > Foul
0,Preston Malpass,WWW@AC - 12/19/2025 QTR: 2,,,,,Free Throw,00:09.7,N/A,N/A,22:32.4,22:42.1,Alma Scots,WWW@AC,12/20/2025,2,,Preston Malpass,,,,15 Preston Malpass > Non Possession > Free Throw
0,Darius Chestnut,WWW@AC - 12/19/2025 QTR: 2 CLK: 08:16,,,,,Make 2 Pts,00:14.2,N/A,N/A,22:35.9,22:50.1,Wisconsin-(Whitewater) Warhawks,WWW@AC,12/20/2025,2,8:16,Darius Chestnut,,,,10 Darius Chestnut > Transition > Right Wing > To Basket > Make 2 Pts
0,Korbin Heitzman,WWW@AC - 12/19/2025 QTR: 2 CLK: 07:46,,,,,Make 2 Pts,00:30.3,N/A,N/A,22:49.0,23:19.3,Alma Scots,WWW@AC,12/20/2025,2,7:46,Korbin Heitzman,,,,11 Korbin Heitzman > No Play Type > To Basket > Make 2 Pts
0,Tyshawn Teague-Johnson,WWW@AC - 12/19/2025 QTR: 2 CLK: 07:25,,,,,Make 2 Pts,00:23.5,N/A,N/A,23:18.3,23:41.9,Wisconsin-(Whitewater) Warhawks,WWW@AC,12/20/2025,2,7:25,Tyshawn Teague-Johnson,,,,22 Joey Berezowitz > P&R Ball Handler > High P&R > Dribble Off Pick > Defense Commits > Ball Delivered > 40 Tyshawn Teague-Johnson > Spot-Up > Drives Right > To Basket > Make 2 Pts
0,Preston Malpass,WWW@AC - 12/19/2025 QTR: 2 CLK: 07:07,,,,,Turnover,00:16.9,N/A,N/A,23:39.6,23:56.4,Alma Scots,WWW@AC,12/20/2025,2,7:07,Preston Malpass,,,,15 Preston Malpass > No Play Type > Turnover
0,Jake Quast,WWW@AC - 12/19/2025 QTR: 2 CLK: 07:03,,,,,Make 2 Pts,00:11.8,N/A,N/A,23:50.0,24:01.8,Wisconsin-(Whitewater) Warhawks,WWW@AC,12/20/2025,2,7:03,Jake Quast,,,,12 Jake Quast > Transition > Ballhandler > To Basket > Make 2 Pts
0,Raine Rodich,WWW@AC - 12/19/2025 QTR: 2 CLK: 06:46,,,,,Make 2 Pts,00:19.6,N/A,N/A,24:00.3,24:19.9,Alma Scots,WWW@AC,12/20/2025,2,6:46,Raine Rodich,,,,14 Raine Rodich > Cut > Screen > Make 2 Pts
0,Tyshawn Teague-Johnson,WWW@AC - 12/19/2025 QTR: 2,,,,,8 Sec Violation,00:16.6,N/A,N/A,24:18.8,24:35.4,Wisconsin-(Whitewater) Warhawks,WWW@AC,12/20/2025,2,,Tyshawn Teague-Johnson,,,,40 Tyshawn Teague-Johnson > Non Possession > 8 Sec Violation
0,Josh Elliott,WWW@AC - 12/19/2025 QTR: 2 CLK: 06:33,,,,,Turnover,00:11.9,N/A,N/A,26:07.5,26:19.4,Alma Scots,WWW@AC,12/20/2025,2,6:33,Josh Elliott,,,,20 Josh Elliott > No Play Type > Turnover
0,Tyshawn Teague-Johnson,WWW@AC - 12/19/2025 QTR: 2 CLK: 06:11,,,,,Turnover,00:22.9,N/A,N/A,26:14.6,26:37.6,Wisconsin-(Whitewater) Warhawks,WWW@AC,12/20/2025,2,6:11,Tyshawn Teague-Johnson,,,,40 Tyshawn Teague-Johnson > Hand Off > From Dribble > Left > Turnover
0,Logan St. Martin,WWW@AC - 12/19/2025 QTR: 2 CLK: 05:55,,,,,Miss 2 Pts,00:23.5,N/A,N/A,26:41.0,27:04.5,Alma Scots,WWW@AC,12/20/2025,2,5:55,Logan St. Martin,,,,24 Logan St. Martin > Cut > Screen > Miss 2 Pts
0,Tyshawn Teague-Johnson,WWW@AC - 12/19/2025 QTR: 2 CLK: 05:35,,,,,Make 2 Pts,00:27.4,N/A,N/A,26:57.0,27:24.4,Wisconsin-(Whitewater) Warhawks,WWW@AC,12/20/2025,2,5:35,Tyshawn Teague-Johnson,,,,40 Tyshawn Teague-Johnson > Spot-Up > Drives Right > To Basket > Make 2 Pts
0,Donovan Collins,WWW@AC - 12/19/2025 QTR: 2 CLK: 05:14,,,,,Foul,00:23.9,N/A,N/A,27:23.4,27:47.3,Alma Scots,WWW@AC,12/20/2025,2,5:14,Donovan Collins,,,,14 Raine Rodich > P&R Ball Handler > High P&R > Dribble Off Pick > Defense Commits > Ball Delivered > 3 Donovan Collins > Spot-Up > No Dribble Jumper > Guarded > Long/3pt > Foul
0,Donovan Collins,WWW@AC - 12/19/2025 QTR: 2,,,,,Free Throw,00:10.1,N/A,N/A,27:59.9,28:10.1,Alma Scots,WWW@AC,12/20/2025,2,,Donovan Collins,,,,3 Donovan Collins > Non Possession > Free Throw
0,Donovan Collins,WWW@AC - 12/19/2025 QTR: 2,,,,,Free Throw,00:08.3,N/A,N/A,28:14.2,28:22.5,Alma Scots,WWW@AC,12/20/2025,2,,Donovan Collins,,,,3 Donovan Collins > Non Possession > Free Throw
0,Donovan Collins,WWW@AC - 12/19/2025 QTR: 2,,,,,Free Throw,00:08.0,N/A,N/A,28:27.0,28:35.1,Alma Scots,WWW@AC,12/20/2025,2,,Donovan Collins,,,,3 Donovan Collins > Non Possession > Free Throw
0,Darius Chestnut,WWW@AC - 12/19/2025 QTR: 2 CLK: 05:05,,,,,Make 2 Pts,00:14.2,N/A,N/A,28:34.6,28:48.9,Wisconsin-(Whitewater) Warhawks,WWW@AC,12/20/2025,2,5:05,Darius Chestnut,,,,10 Darius Chestnut > Transition > Ballhandler > To Basket > Make 2 Pts
0,Korbin Heitzman,WWW@AC - 12/19/2025 QTR: 2 CLK: 04:50,,,,,Miss 2 Pts,00:23.5,N/A,N/A,28:53.6,29:17.1,Alma Scots,WWW@AC,12/20/2025,2,4:50,Korbin Heitzman,,,,14 Raine Rodich > P&R Ball Handler > Right P&R > Side > Dribble Off Pick > Defense Commits > Ball Delivered > 11 Korbin Heitzman > P&R Roll Man > Rolls to Basket > Miss 2 Pts
0,Korbin Heitzman,WWW@AC - 12/19/2025 QTR: 2 CLK: 04:50,,,,,Miss 2 Pts,00:10.3,N/A,N/A,29:06.8,29:17.1,Alma Scots,WWW@AC,12/20/2025,2,4:50,Korbin Heitzman,,,,11 Korbin Heitzman > Offensive Rebound > Short > Scoring Attempt > At Basket > Miss 2 Pts
0,Joey Berezowitz,WWW@AC - 12/19/2025 QTR: 2,,,,,No Violation,00:18.3,N/A,N/A,29:23.7,29:42.0,Wisconsin-(Whitewater) Warhawks,WWW@AC,12/20/2025,2,,Joey Berezowitz,,,,22 Joey Berezowitz > Non Possession > No Violation
0,Joey Berezowitz,WWW@AC - 12/19/2025 QTR: 2 CLK: 04:23,,,,,Make 3 Pts,00:19.1,N/A,N/A,31:42.7,32:01.9,Wisconsin-(Whitewater) Warhawks,WWW@AC,12/20/2025,2,4:23,Joey Berezowitz,,,,40 Tyshawn Teague-Johnson > Post-Up > Right Block > Right Shoulder > Dribble Move > Defense Commits > Ball Delivered > 22 Joey Berezowitz > Spot-Up > No Dribble Jumper > Open > Long/3pt > Make 3 Pts
0,Raine Rodich,WWW@AC - 12/19/2025 QTR: 2 CLK: 04:10,,,,,Turnover,00:14.0,N/A,N/A,32:01.1,32:15.1,Alma Scots,WWW@AC,12/20/2025,2,4:10,Raine Rodich,,,,14 Raine Rodich > No Play Type > Turnover
0,Jake Quast,WWW@AC - 12/19/2025 QTR: 2 CLK: 04:06,,,,,Turnover,00:12.9,N/A,N/A,32:08.4,32:21.3,Wisconsin-(Whitewater) Warhawks,WWW@AC,12/20/2025,2,4:06,Jake Quast,,,,12 Jake Quast > Transition > Ballhandler > To Basket > Turnover
0,Korbin Heitzman,WWW@AC - 12/19/2025 QTR: 2 CLK: 04:04,,,,,Turnover,00:08.9,N/A,N/A,32:37.4,32:46.3,Alma Scots,WWW@AC,12/20/2025,2,4:04,Korbin Heitzman,,,,11 Korbin Heitzman > No Play Type > Turnover
0,Kelton Mcewen,WWW@AC - 12/19/2025 QTR: 2 CLK: 03:58,,,,,Miss 3 Pts,00:15.1,N/A,N/A,32:39.3,32:54.4,Wisconsin-(Whitewater) Warhawks,WWW@AC,12/20/2025,2,3:58,Kelton Mcewen,,,,2 Kelton Mcewen > Transition > Ballhandler > Dribble Jumper > Long/3pt > Miss 3 Pts
0,Isaiah Robinson,WWW@AC - 12/19/2025 QTR: 2,,,,,Run Offense,00:11.7,N/A,N/A,32:42.7,32:54.4,Wisconsin-(Whitewater) Warhawks,WWW@AC,12/20/2025,2,,Isaiah Robinson,,,,5 Isaiah Robinson > Offensive Rebound > Long > Run Offense
0,Tyshawn Teague-Johnson,WWW@AC - 12/19/2025 QTR: 2 CLK: 03:48,,,,,Miss 2 Pts,00:21.1,N/A,N/A,32:42.7,33:03.8,Wisconsin-(Whitewater) Warhawks,WWW@AC,12/20/2025,2,3:48,Tyshawn Teague-Johnson,,,,40 Tyshawn Teague-Johnson > P&R Ball Handler > Right P&R > Baseline > Dribble Off Pick > To Basket > Miss 2 Pts
0,Korbin Heitzman,WWW@AC - 12/19/2025 QTR: 2 CLK: 03:33,,,,,Foul,00:24.3,N/A,N/A,32:56.7,33:21.1,Alma Scots,WWW@AC,12/20/2025,2,3:33,Korbin Heitzman,,,,11 Korbin Heitzman > Post-Up > Left Block > Right Shoulder > Dribble Move > Foul
0,Korbin Heitzman,WWW@AC - 12/19/2025 QTR: 2,,,,,Free Throw,00:08.3,N/A,N/A,35:06.5,35:14.7,Alma Scots,WWW@AC,12/20/2025,2,,Korbin Heitzman,,,,11 Korbin Heitzman > Non Possession > Free Throw
0,Korbin Heitzman,WWW@AC - 12/19/2025 QTR: 2,,,,,Free Throw,00:09.4,N/A,N/A,35:18.9,35:28.3,Alma Scots,WWW@AC,12/20/2025,2,,Korbin Heitzman,,,,11 Korbin Heitzman > Non Possession > Free Throw
0,Tyshawn Teague-Johnson,WWW@AC - 12/19/2025 QTR: 2 CLK: 03:17,,,,,0 Pts,00:24.2,N/A,N/A,35:21.9,35:46.1,Wisconsin-(Whitewater) Warhawks,WWW@AC,12/20/2025,2,3:17,Tyshawn Teague-Johnson,,,,40 Tyshawn Teague-Johnson > Post-Up > Flash Middle > Left Shoulder > Dribble Move > To Basket > Make 2 Pts Foul > 0 Pts
0,Tyshawn Teague-Johnson,WWW@AC - 12/19/2025 QTR: 2,,,,,Free Throw,00:10.7,N/A,N/A,36:10.0,36:20.6,Wisconsin-(Whitewater) Warhawks,WWW@AC,12/20/2025,2,,Tyshawn Teague-Johnson,,,,40 Tyshawn Teague-Johnson > Non Possession > Free Throw
0,Tyshawn Teague-Johnson,WWW@AC - 12/19/2025 QTR: 2 CLK: 03:12,,,,,Make 3 Pts,00:02.8,N/A,N/A,36:20.6,36:23.5,Wisconsin-(Whitewater) Warhawks,WWW@AC,12/20/2025,2,3:12,Tyshawn Teague-Johnson,,,,40 Tyshawn Teague-Johnson > Spot-Up > No Dribble Jumper > Open > Long/3pt > Make 3 Pts
0,Donovan Collins,WWW@AC - 12/19/2025 QTR: 2 CLK: 03:09,,,,,Make 3 Pts,00:12.6,N/A,N/A,36:41.4,36:53.9,Alma Scots,WWW@AC,12/20/2025,2,3:09,Donovan Collins,,,,3 Donovan Collins > Hand Off > From Dribble > Top > No Dribble Jumper > Open > Long/3pt > Make 3 Pts
0,Trent Grunewald,WWW@AC - 12/19/2025 QTR: 2 CLK: 02:31,,,,,Miss 2 Pts,00:26.1,N/A,N/A,36:52.9,37:19.1,Wisconsin-(Whitewater) Warhawks,WWW@AC,12/20/2025,2,2:31,Trent Grunewald,,,,33 Trent Grunewald > Post-Up > Left Block > Right Shoulder > Dribble Move > To Drop Step > Miss 2 Pts
0,Donovan Collins,WWW@AC - 12/19/2025 QTR: 2 CLK: 02:22,,,,,Miss 3 Pts,00:19.7,N/A,N/A,37:11.3,37:31.1,Alma Scots,WWW@AC,12/20/2025,2,2:22,Donovan Collins,,,,3 Donovan Collins > Spot-Up > No Dribble Jumper > Open > Long/3pt > Miss 3 Pts
0,Korbin Heitzman,WWW@AC - 12/19/2025 QTR: 2 CLK: 02:22,,,,,Foul,00:08.4,N/A,N/A,37:22.7,37:31.1,Alma Scots,WWW@AC,12/20/2025,2,2:22,Korbin Heitzman,,,,11 Korbin Heitzman > Offensive Rebound > Short > Foul
0,Korbin Heitzman,WWW@AC - 12/19/2025 QTR: 2,,,,,Free Throw,00:09.3,N/A,N/A,37:42.1,37:51.4,Alma Scots,WWW@AC,12/20/2025,2,,Korbin Heitzman,,,,11 Korbin Heitzman > Non Possession > Free Throw
0,Korbin Heitzman,WWW@AC - 12/19/2025 QTR: 2,,,,,Free Throw,00:09.1,N/A,N/A,37:55.5,38:04.7,Alma Scots,WWW@AC,12/20/2025,2,,Korbin Heitzman,,,,11 Korbin Heitzman > Non Possession > Free Throw
0,Rashad Rogers,WWW@AC - 12/19/2025 QTR: 2 CLK: 02:00,,,,,Miss 2 Pts,00:28.8,N/A,N/A,38:05.4,38:34.2,Wisconsin-(Whitewater) Warhawks,WWW@AC,12/20/2025,2,2:00,Rashad Rogers,,,,35 Rashad Rogers > Post-Up > Left Block > Right Shoulder > Dribble Move > To Drop Step > Miss 2 Pts
0,Luciano Guerrazzi,WWW@AC - 12/19/2025 QTR: 2 CLK: 01:46,,,,,Turnover,00:19.7,N/A,N/A,38:26.7,38:46.3,Alma Scots,WWW@AC,12/20/2025,2,1:46,Luciano Guerrazzi,,,,21 Luciano Guerrazzi > No Play Type > Turnover
0,Rashad Rogers,WWW@AC - 12/19/2025 QTR: 2 CLK: 01:41,,,,,Make 2 Pts,00:11.6,N/A,N/A,38:39.9,38:51.5,Wisconsin-(Whitewater) Warhawks,WWW@AC,12/20/2025,2,1:41,Rashad Rogers,,,,35 Rashad Rogers > Transition > Right Wing > To Basket > Make 2 Pts
0,Donovan Collins,WWW@AC - 12/19/2025 QTR: 2 CLK: 01:19,,,,,Miss 3 Pts,00:28.7,N/A,N/A,38:50.6,39:19.2,Alma Scots,WWW@AC,12/20/2025,2,1:19,Donovan Collins,,,,3 Donovan Collins > Spot-Up > No Dribble Jumper > Guarded > Long/3pt > Miss 3 Pts
0,Isaiah Robinson,WWW@AC - 12/19/2025 QTR: 2 CLK: 00:57,,,,,Miss 3 Pts,00:18.7,N/A,N/A,39:30.0,39:48.6,Wisconsin-(Whitewater) Warhawks,WWW@AC,12/20/2025,2,0:57,Isaiah Robinson,,,,35 Rashad Rogers > Post-Up > Flash Middle > Defense Commits > Ball Delivered > 5 Isaiah Robinson > Spot-Up > No Dribble Jumper > Open > Long/3pt > Miss 3 Pts
0,Josh Elliott,WWW@AC - 12/19/2025 QTR: 2 CLK: 00:49,,,,,Miss 3 Pts,00:19.3,N/A,N/A,39:40.5,39:59.8,Alma Scots,WWW@AC,12/20/2025,2,0:49,Josh Elliott,,,,20 Josh Elliott > Transition > Left Wing > No Dribble Jumper > Open > Long/3pt > Miss 3 Pts
0,Mauryon Turner,WWW@AC - 12/19/2025 QTR: 2 CLK: 00:37,,,,,Make 2 Pts,00:16.3,N/A,N/A,39:50.2,40:06.5,Wisconsin-(Whitewater) Warhawks,WWW@AC,12/20/2025,2,0:37,Mauryon Turner,,,,23 Mauryon Turner > Transition > Left Wing > To Basket > Make 2 Pts
0,Joss Bradley,WWW@AC - 12/19/2025 QTR: 2 CLK: 00:25,,,,,Foul,00:17.9,N/A,N/A,40:05.5,40:23.5,Alma Scots,WWW@AC,12/20/2025,2,0:25,Joss Bradley,,,,10 Joss Bradley > P&R Ball Handler > High P&R > Dribble Off Pick > To Basket > Foul
0,Joss Bradley,WWW@AC - 12/19/2025 QTR: 2,,,,,Free Throw,00:08.2,N/A,N/A,40:34.5,40:42.6,Alma Scots,WWW@AC,12/20/2025,2,,Joss Bradley,,,,10 Joss Bradley > Non Possession > Free Throw
0,Joss Bradley,WWW@AC - 12/19/2025 QTR: 2,,,,,Free Throw,00:07.3,N/A,N/A,40:46.5,40:53.9,Alma Scots,WWW@AC,12/20/2025,2,,Joss Bradley,,,,10 Joss Bradley > Non Possession > Free Throw
0,Mauryon Turner,WWW@AC - 12/19/2025 QTR: 2,,,,,No Violation,00:18.9,N/A,N/A,40:56.4,41:15.3,Wisconsin-(Whitewater) Warhawks,WWW@AC,12/20/2025,2,,Mauryon Turner,,,,23 Mauryon Turner > Non Possession > No Violation
0,Trent Grunewald,WWW@AC - 12/19/2025 QTR: 2 CLK: 00:04,,,,,Turnover,00:08.1,N/A,N/A,41:21.3,41:29.3,Wisconsin-(Whitewater) Warhawks,WWW@AC,12/20/2025,2,0:04,Trent Grunewald,,,,33 Trent Grunewald > Off Screen > To Shooter's Left > Straight > Turnover
0,Luciano Guerrazzi,WWW@AC - 12/19/2025 QTR: 2 CLK: 00:01,,,,,Turnover,00:07.3,N/A,N/A,41:24.8,41:32.1,Alma Scots,WWW@AC,12/20/2025,2,0:01,Luciano Guerrazzi,,,,21 Luciano Guerrazzi > No Play Type > Turnover
0,Agape Keyes Jr.,WWW@AC - 12/19/2025 QTR: 2,,,,,Make 3 Pts,00:09.4,N/A,N/A,41:26.0,41:35.3,Wisconsin-(Whitewater) Warhawks,WWW@AC,12/20/2025,2,,Agape Keyes Jr.,,,,1 Agape Keyes Jr. > No Play Type > Dribble Jumper > Long/3pt > Make 3 Pts
0,Joss Bradley,WWW@AC - 12/19/2025 QTR: 2,,,,,No Violation,00:08.3,N/A,N/A,41:37.1,41:45.3,Alma Scots,WWW@AC,12/20/2025,2,,Joss Bradley,,,,10 Joss Bradley > Non Possession > No Violation
0,Donovan Collins,WWW@AC - 12/19/2025 QTR: 1,,,,,No Violation,00:17.5,N/A,N/A,04:59.7,05:17.2,Alma Scots,WWW@AC,12/20/2025,1,,Donovan Collins,,,,3 Donovan Collins > Non Possession > No Violation
0,Donovan Collins,WWW@AC - 12/19/2025 QTR: 1 CLK: 19:39,,,,,Make 3 Pts,00:13.8,N/A,N/A,05:21.2,05:34.9,Alma Scots,WWW@AC,12/20/2025,1,19:39,Donovan Collins,,,,3 Donovan Collins > Spot-Up > No Dribble Jumper > Guarded > Long/3pt > Make 3 Pts
0,Brock Marino,WWW@AC - 12/19/2025 QTR: 1 CLK: 19:11,,,,,Miss 2 Pts,00:17.7,N/A,N/A,05:38.8,05:56.4,Wisconsin-(Whitewater) Warhawks,WWW@AC,12/20/2025,1,19:11,Brock Marino,,,,21 Brock Marino > Cut > Basket > Miss 2 Pts
0,Brock Marino,WWW@AC - 12/19/2025 QTR: 1 CLK: 19:11,,,,,Miss 2 Pts,00:05.4,N/A,N/A,05:56.4,06:01.9,Wisconsin-(Whitewater) Warhawks,WWW@AC,12/20/2025,1,19:11,Brock Marino,,,,21 Brock Marino > Post-Up > Left Block > Right Shoulder > Dribble Move > To Drop Step > Miss 2 Pts
0,Korbin Heitzman,WWW@AC - 12/19/2025 QTR: 1 CLK: 18:57,,,,,Turnover,00:18.6,N/A,N/A,05:55.9,06:14.5,Alma Scots,WWW@AC,12/20/2025,1,18:57,Korbin Heitzman,,,,11 Korbin Heitzman > ISO > Left > Drives Left > Defense Commits > Turnover
0,Collin Madson,WWW@AC - 12/19/2025 QTR: 1,,,,,No Violation,00:13.8,N/A,N/A,06:08.1,06:21.9,Wisconsin-(Whitewater) Warhawks,WWW@AC,12/20/2025,1,,Collin Madson,,,,15 Collin Madson > Non Possession > No Violation
0,Luke Bara,WWW@AC - 12/19/2025 QTR: 1 CLK: 18:49,,,,,Miss 2 Pts,00:16.7,N/A,N/A,06:29.7,06:46.5,Wisconsin-(Whitewater) Warhawks,WWW@AC,12/20/2025,1,18:49,Luke Bara,,,,32 Luke Bara > Off Screen > To Shooter's Left > Straight > Dribble Jumper > Medium/17' to <3p > Miss 2 Pts
0,Richie Warren,WWW@AC - 12/19/2025 QTR: 1 CLK: 18:49,,,,,1 Pts,00:13.2,N/A,N/A,06:33.2,06:46.5,Wisconsin-(Whitewater) Warhawks,WWW@AC,12/20/2025,1,18:49,Richie Warren,,,,24 Richie Warren > Offensive Rebound > Short > Scoring Attempt > At Basket > Make 2 Pts Foul > 1 Pts
0,Richie Warren,WWW@AC - 12/19/2025 QTR: 1,,,,,Free Throw,00:07.2,N/A,N/A,07:00.8,07:08.0,Wisconsin-(Whitewater) Warhawks,WWW@AC,12/20/2025,1,,Richie Warren,,,,24 Richie Warren > Non Possession > Free Throw
0,Raine Rodich,WWW@AC - 12/19/2025 QTR: 1 CLK: 18:17,,,,,Miss 2 Pts,00:30.7,N/A,N/A,07:07.5,07:38.1,Alma Scots,WWW@AC,12/20/2025,1,18:17,Raine Rodich,,,,14 Raine Rodich > P&R Ball Handler > High P&R > Dribble Off Pick > To Basket > Miss 2 Pts
0,Isaac Verges,WWW@AC - 12/19/2025 QTR: 1 CLK: 18:11,,,,,Miss 2 Pts,00:13.9,N/A,N/A,07:31.7,07:45.5,Wisconsin-(Whitewater) Warhawks,WWW@AC,12/20/2025,1,18:11,Isaac Verges,,,,0 Isaac Verges > Transition > Ballhandler > To Basket > Miss 2 Pts
0,Richie Warren,WWW@AC - 12/19/2025 QTR: 1 CLK: 18:04,,,,,Miss 2 Pts,00:03.4,N/A,N/A,07:45.5,07:48.9,Wisconsin-(Whitewater) Warhawks,WWW@AC,12/20/2025,1,18:04,Richie Warren,,,,24 Richie Warren > Cut > Flash > Miss 2 Pts
0,Josh Elliott,WWW@AC - 12/19/2025 QTR: 1 CLK: 17:47,,,,,Miss 3 Pts,00:25.1,N/A,N/A,07:45.2,08:10.3,Alma Scots,WWW@AC,12/20/2025,1,17:47,Josh Elliott,,,,20 Josh Elliott > Off Screen > To Shooter's Left > Straight > No Dribble Jumper > Open > Long/3pt > Miss 3 Pts
0,Josh Elliott,WWW@AC - 12/19/2025 QTR: 1 CLK: 17:32,,,,,Turnover,00:13.0,N/A,N/A,08:10.3,08:23.3,Alma Scots,WWW@AC,12/20/2025,1,17:32,Josh Elliott,,,,20 Josh Elliott > Off Screen > To Shooter's Right > Fade > Turnover
0,Brock Marino,WWW@AC - 12/19/2025 QTR: 1 CLK: 17:21,,,,,Foul,00:19.4,N/A,N/A,08:15.9,08:35.3,Wisconsin-(Whitewater) Warhawks,WWW@AC,12/20/2025,1,17:21,Brock Marino,,,,21 Brock Marino > Cut > Basket > Foul
0,Brock Marino,WWW@AC - 12/19/2025 QTR: 1,,,,,Free Throw,00:08.4,N/A,N/A,08:49.2,08:57.6,Wisconsin-(Whitewater) Warhawks,WWW@AC,12/20/2025,1,,Brock Marino,,,,21 Brock Marino > Non Possession > Free Throw
0,Brock Marino,WWW@AC - 12/19/2025 QTR: 1,,,,,Free Throw,00:08.2,N/A,N/A,09:04.3,09:12.5,Wisconsin-(Whitewater) Warhawks,WWW@AC,12/20/2025,1,,Brock Marino,,,,21 Brock Marino > Non Possession > Free Throw
0,Raine Rodich,WWW@AC - 12/19/2025 QTR: 1 CLK: 17:09,,,,,Turnover,00:13.9,N/A,N/A,09:12.0,09:25.9,Alma Scots,WWW@AC,12/20/2025,1,17:09,Raine Rodich,,,,14 Raine Rodich > P&R Ball Handler > Left P&R > Baseline > Dribble Off Pick > Defense Commits > Turnover
0,Isaac Verges,WWW@AC - 12/19/2025 QTR: 1 CLK: 17:01,,,,,Miss 3 Pts,00:23.9,N/A,N/A,09:19.1,09:42.9,Wisconsin-(Whitewater) Warhawks,WWW@AC,12/20/2025,1,17:01,Isaac Verges,,,,0 Isaac Verges > Spot-Up > No Dribble Jumper > Open > Long/3pt > Miss 3 Pts
0,Logan St. Martin,WWW@AC - 12/19/2025 QTR: 1 CLK: 16:30,,,,,Miss 2 Pts,00:34.9,N/A,N/A,09:45.2,10:20.1,Alma Scots,WWW@AC,12/20/2025,1,16:30,Logan St. Martin,,,,24 Logan St. Martin > Post-Up > Left Block > Left Shoulder > Dribble Move > To Hook > Miss 2 Pts
0,Richie Warren,WWW@AC - 12/19/2025 QTR: 1 CLK: 16:16,,,,,Miss 3 Pts,00:11.4,N/A,N/A,10:20.1,10:31.5,Wisconsin-(Whitewater) Warhawks,WWW@AC,12/20/2025,1,16:16,Richie Warren,,,,24 Richie Warren > Spot-Up > No Dribble Jumper > Open > Long/3pt > Miss 3 Pts
0,Korbin Heitzman,WWW@AC - 12/19/2025 QTR: 1,,,,,Shot Clock Violation,00:30.8,N/A,N/A,10:34.6,11:05.4,Alma Scots,WWW@AC,12/20/2025,1,,Korbin Heitzman,,,,11 Korbin Heitzman > Non Possession > Shot Clock Violation
0,Richie Warren,WWW@AC - 12/19/2025 QTR: 1 CLK: 15:43,,,,,Turnover,00:18.2,N/A,N/A,12:45.9,13:04.1,Wisconsin-(Whitewater) Warhawks,WWW@AC,12/20/2025,1,15:43,Richie Warren,,,,24 Richie Warren > No Play Type > Turnover
0,Raine Rodich,WWW@AC - 12/19/2025 QTR: 1 CLK: 15:10,,,,,Turnover,00:21.1,N/A,N/A,12:59.2,13:20.3,Alma Scots,WWW@AC,12/20/2025,1,15:10,Raine Rodich,,,,14 Raine Rodich > P&R Ball Handler > High P&R > Dribble Off Pick > Turnover
0,Joey Berezowitz,WWW@AC - 12/19/2025 QTR: 1 CLK: 14:56,,,,,Make 3 Pts,00:16.1,N/A,N/A,13:38.7,13:54.9,Wisconsin-(Whitewater) Warhawks,WWW@AC,12/20/2025,1,14:56,Joey Berezowitz,,,,24 Richie Warren > P&R Ball Handler > High P&R > Dribble Off Pick > Defense Commits > Ball Delivered > 22 Joey Berezowitz > P&R Roll Man > Pick and Pops > No Dribble Jumper > Open > Long/3pt > Make 3 Pts
0,Donovan Collins,WWW@AC - 12/19/2025 QTR: 1 CLK: 14:39,,,,,Miss 3 Pts,00:16.9,N/A,N/A,13:53.9,14:10.7,Alma Scots,WWW@AC,12/20/2025,1,14:39,Donovan Collins,,,,3 Donovan Collins > Hand Off > From Stationary > Right > No Dribble Jumper > Guarded > Long/3pt > Miss 3 Pts
0,Brock Marino,WWW@AC - 12/19/2025 QTR: 1 CLK: 14:26,,,,,Miss 2 Pts,00:17.7,N/A,N/A,14:04.5,14:22.3,Wisconsin-(Whitewater) Warhawks,WWW@AC,12/20/2025,1,14:26,Brock Marino,,,,21 Brock Marino > Post-Up > Left Block > Left Shoulder > Dribble Move > To Hook > Miss 2 Pts
0,Korbin Heitzman,WWW@AC - 12/19/2025 QTR: 1 CLK: 14:11,,,,,Foul,00:23.1,N/A,N/A,14:16.7,14:39.9,Alma Scots,WWW@AC,12/20/2025,1,14:11,Korbin Heitzman,,,,11 Korbin Heitzman > Hand Off > From Dribble > Right > To Basket > Foul
0,Korbin Heitzman,WWW@AC - 12/19/2025 QTR: 1,,,,,Free Throw,00:08.6,N/A,N/A,14:56.7,15:05.3,Alma Scots,WWW@AC,12/20/2025,1,,Korbin Heitzman,,,,11 Korbin Heitzman > Non Possession > Free Throw
0,Korbin Heitzman,WWW@AC - 12/19/2025 QTR: 1,,,,,Free Throw,00:09.0,N/A,N/A,15:19.7,15:28.7,Alma Scots,WWW@AC,12/20/2025,1,,Korbin Heitzman,,,,11 Korbin Heitzman > Non Possession > Free Throw
0,Collin Madson,WWW@AC - 12/19/2025 QTR: 1 CLK: 13:46,,,,,Miss 2 Pts,00:26.2,N/A,N/A,15:31.7,15:57.9,Wisconsin-(Whitewater) Warhawks,WWW@AC,12/20/2025,1,13:46,Collin Madson,,,,15 Collin Madson > P&R Ball Handler > High P&R > Dribble Off Pick > Dribble Jumper > Medium/17' to <3p > Miss 2 Pts
0,Elijah Sykes,WWW@AC - 12/19/2025 QTR: 1 CLK: 13:37,,,,,Turnover,00:13.0,N/A,N/A,15:51.3,16:04.3,Alma Scots,WWW@AC,12/20/2025,1,13:37,Elijah Sykes,,,,1 Elijah Sykes > Transition > Ballhandler > Turnover
0,Collin Madson,WWW@AC - 12/19/2025 QTR: 1 CLK: 13:32,,,,,Miss 2 Pts,00:13.7,N/A,N/A,15:58.1,16:11.8,Wisconsin-(Whitewater) Warhawks,WWW@AC,12/20/2025,1,13:32,Collin Madson,,,,15 Collin Madson > Transition > Left Wing > To Basket > Miss 2 Pts
0,Brock Marino,WWW@AC - 12/19/2025 QTR: 1 CLK: 13:23,,,,,Make 2 Pts,00:15.1,N/A,N/A,16:24.7,16:39.9,Wisconsin-(Whitewater) Warhawks,WWW@AC,12/20/2025,1,13:23,Brock Marino,,,,21 Brock Marino > Post-Up > Left Block > Right Shoulder > Dribble Move > To Drop Step > Make 2 Pts
0,Logan St. Martin,WWW@AC - 12/19/2025 QTR: 1 CLK: 13:03,,,,,Make 2 Pts,00:20.5,N/A,N/A,16:38.9,16:59.3,Alma Scots,WWW@AC,12/20/2025,1,13:03,Logan St. Martin,,,,24 Logan St. Martin > Post-Up > Flash Middle > Post Pin > No Dribble Move > To Basket > Make 2 Pts
0,Jake Quast,WWW@AC - 12/19/2025 QTR: 1 CLK: 12:35,,,,,Make 2 Pts,00:25.4,N/A,N/A,17:01.2,17:26.6,Wisconsin-(Whitewater) Warhawks,WWW@AC,12/20/2025,1,12:35,Jake Quast,,,,21 Brock Marino > Post-Up > Left Block > Left Shoulder > Dribble Move > Defense Commits > Ball Delivered > 12 Jake Quast > Spot-Up > Drives Left > To Basket > Make 2 Pts
0,Josh Elliott,WWW@AC - 12/19/2025 QTR: 1 CLK: 12:16,,,,,Turnover,00:21.7,N/A,N/A,17:25.9,17:47.5,Alma Scots,WWW@AC,12/20/2025,1,12:16,Josh Elliott,,,,20 Josh Elliott > Off Screen > To Shooter's Right > Straight > Turnover
0,Jake Quast,WWW@AC - 12/19/2025 QTR: 1 CLK: 12:03,,,,,Make 3 Pts,00:15.8,N/A,N/A,17:57.4,18:13.2,Wisconsin-(Whitewater) Warhawks,WWW@AC,12/20/2025,1,12:03,Jake Quast,,,,15 Collin Madson > Post-Up > Right Block > Right Shoulder > Dribble Move > Defense Commits > Ball Delivered > 12 Jake Quast > Spot-Up > No Dribble Jumper > Open > Long/3pt > Make 3 Pts
0,Joss Bradley,WWW@AC - 12/19/2025 QTR: 1,,,,,Kicked Ball,00:16.7,N/A,N/A,18:12.2,18:28.9,Alma Scots,WWW@AC,12/20/2025,1,,Joss Bradley,,,,10 Joss Bradley > Non Possession > Kicked Ball
0,Elijah Sykes,WWW@AC - 12/19/2025 QTR: 1 CLK: 11:48,,,,,Make 2 Pts,00:16.5,N/A,N/A,20:01.6,20:18.1,Alma Scots,WWW@AC,12/20/2025,1,11:48,Elijah Sykes,,,,1 Elijah Sykes > P&R Ball Handler > Left P&R > Baseline > Dribble Off Pick > Dribble Jumper > Medium/17' to <3p > Make 2 Pts
0,Brock Marino,WWW@AC - 12/19/2025 QTR: 1 CLK: 11:18,,,,,Miss 2 Pts,00:19.6,N/A,N/A,20:17.9,20:37.5,Wisconsin-(Whitewater) Warhawks,WWW@AC,12/20/2025,1,11:18,Brock Marino,,,,21 Brock Marino > Post-Up > Left Block > Left Shoulder > Dribble Move > To Basket > Miss 2 Pts
0,Korbin Heitzman,WWW@AC - 12/19/2025 QTR: 1 CLK: 11:02,,,,,Make 2 Pts,00:21.5,N/A,N/A,20:32.2,20:53.7,Alma Scots,WWW@AC,12/20/2025,1,11:02,Korbin Heitzman,,,,11 Korbin Heitzman > Post-Up > Flash Middle > Post Pin > No Dribble Move > To Basket > Make 2 Pts
0,Jake Quast,WWW@AC - 12/19/2025 QTR: 1 CLK: 10:47,,,,,Turnover,00:16.5,N/A,N/A,20:53.3,21:09.9,Wisconsin-(Whitewater) Warhawks,WWW@AC,12/20/2025,1,10:47,Jake Quast,,,,12 Jake Quast > P&R Ball Handler > High P&R > Dribble Off Pick > Defense Commits > Turnover
0,Joss Bradley,WWW@AC - 12/19/2025 QTR: 1 CLK: 10:30,,,,,Miss 2 Pts,00:21.5,N/A,N/A,21:27.9,21:49.4,Alma Scots,WWW@AC,12/20/2025,1,10:30,Joss Bradley,,,,10 Joss Bradley > ISO > Left > Drives Right > To Basket > Miss 2 Pts
0,Jake Quast,WWW@AC - 12/19/2025 QTR: 1 CLK: 10:19,,,,,Make 2 Pts,00:17.3,N/A,N/A,21:42.9,22:00.2,Wisconsin-(Whitewater) Warhawks,WWW@AC,12/20/2025,1,10:19,Jake Quast,,,,12 Jake Quast > Transition > Trailer > To Basket > Make 2 Pts
0,Elijah Sykes,WWW@AC - 12/19/2025 QTR: 1 CLK: 09:59,,,,,Miss 2 Pts,00:25.5,N/A,N/A,21:59.2,22:24.7,Alma Scots,WWW@AC,12/20/2025,1,9:59,Elijah Sykes,,,,1 Elijah Sykes > Hand Off > From Dribble > Right > Dribble Jumper > Medium/17' to <3p > Miss 2 Pts
0,Rashad Rogers,WWW@AC - 12/19/2025 QTR: 1 CLK: 09:44,,,,,Turnover,00:10.6,N/A,N/A,22:39.5,22:50.1,Wisconsin-(Whitewater) Warhawks,WWW@AC,12/20/2025,1,9:44,Rashad Rogers,,,,35 Rashad Rogers > No Play Type > Turnover
0,Donovan Collins,WWW@AC - 12/19/2025 QTR: 1 CLK: 09:39,,,,,Make 3 Pts,00:13.9,N/A,N/A,22:43.1,22:57.0,Alma Scots,WWW@AC,12/20/2025,1,9:39,Donovan Collins,,,,3 Donovan Collins > Transition > Right Wing > No Dribble Jumper > Open > Long/3pt > Make 3 Pts
0,Rashad Rogers,WWW@AC - 12/19/2025 QTR: 1 CLK: 09:30,,,,,Miss 2 Pts,00:16.2,N/A,N/A,23:01.2,23:17.3,Wisconsin-(Whitewater) Warhawks,WWW@AC,12/20/2025,1,9:30,Rashad Rogers,,,,35 Rashad Rogers > Cut > Basket > Miss 2 Pts
0,Kelton Mcewen,WWW@AC - 12/19/2025 QTR: 1 CLK: 09:18,,,,,Miss 3 Pts,00:10.9,N/A,N/A,23:25.1,23:36.0,Wisconsin-(Whitewater) Warhawks,WWW@AC,12/20/2025,1,9:18,Kelton Mcewen,,,,2 Kelton Mcewen > Off Screen > To Shooter's Left > Straight > No Dribble Jumper > Guarded > Long/3pt > Miss 3 Pts
0,Tyshawn Teague-Johnson,WWW@AC - 12/19/2025 QTR: 1,,,,,Non Shooting Foul,00:08.8,N/A,N/A,23:36.0,23:44.8,Wisconsin-(Whitewater) Warhawks,WWW@AC,12/20/2025,1,,Tyshawn Teague-Johnson,,,,40 Tyshawn Teague-Johnson > Non Possession > Non Shooting Foul
0,Tyshawn Teague-Johnson,WWW@AC - 12/19/2025 QTR: 1 CLK: 08:54,,,,,Turnover,00:21.5,N/A,N/A,23:53.3,24:14.7,Wisconsin-(Whitewater) Warhawks,WWW@AC,12/20/2025,1,8:54,Tyshawn Teague-Johnson,,,,22 Joey Berezowitz > P&R Ball Handler > High P&R > Dribble Off Pick > Defense Commits > Ball Delivered > 40 Tyshawn Teague-Johnson > Spot-Up > Drives Right > Turnover
0,Elijah Sykes,WWW@AC - 12/19/2025 QTR: 1 CLK: 08:40,,,,,Miss 3 Pts,00:20.4,N/A,N/A,24:30.4,24:50.8,Alma Scots,WWW@AC,12/20/2025,1,8:40,Elijah Sykes,,,,1 Elijah Sykes > Spot-Up > No Dribble Jumper > Guarded > Long/3pt > Miss 3 Pts
0,Rashad Rogers,WWW@AC - 12/19/2025 QTR: 1 CLK: 08:31,,,,,Turnover,00:11.9,N/A,N/A,24:45.4,24:57.3,Wisconsin-(Whitewater) Warhawks,WWW@AC,12/20/2025,1,8:31,Rashad Rogers,,,,35 Rashad Rogers > Transition > Trailer > Turnover
0,Elijah Sykes,WWW@AC - 12/19/2025 QTR: 1 CLK: 08:23,,,,,Miss 2 Pts,00:19.3,N/A,N/A,24:50.9,25:10.3,Alma Scots,WWW@AC,12/20/2025,1,8:23,Elijah Sykes,,,,1 Elijah Sykes > Transition > Ballhandler > To Basket > Miss 2 Pts
0,Raine Rodich,WWW@AC - 12/19/2025 QTR: 1 CLK: 08:20,,,,,Turnover,00:08.0,N/A,N/A,25:25.9,25:33.9,Alma Scots,WWW@AC,12/20/2025,1,8:20,Raine Rodich,,,,14 Raine Rodich > No Play Type > Turnover
0,Isaac Verges,WWW@AC - 12/19/2025 QTR: 1 CLK: 08:04,,,,,Turnover,00:24.3,N/A,N/A,25:28.7,25:52.9,Wisconsin-(Whitewater) Warhawks,WWW@AC,12/20/2025,1,8:04,Isaac Verges,,,,0 Isaac Verges > Spot-Up > Drives Right > To Basket > Turnover
0,Elijah Sykes,WWW@AC - 12/19/2025 QTR: 1 CLK: 07:48,,,,,Make 3 Pts,00:22.5,N/A,N/A,26:07.5,26:30.1,Alma Scots,WWW@AC,12/20/2025,1,7:48,Elijah Sykes,,,,1 Elijah Sykes > Off Screen > To Shooter's Left > Straight > No Dribble Jumper > Open > Long/3pt > Make 3 Pts
0,Richie Warren,WWW@AC - 12/19/2025 QTR: 1 CLK: 07:34,,,,,Miss 2 Pts,00:10.0,N/A,N/A,26:32.7,26:42.7,Wisconsin-(Whitewater) Warhawks,WWW@AC,12/20/2025,1,7:34,Richie Warren,,,,24 Richie Warren > Spot-Up > Drives Right > To Basket > Miss 2 Pts
0,Luciano Guerrazzi,WWW@AC - 12/19/2025 QTR: 1 CLK: 07:28,,,,,Make 2 Pts,00:12.3,N/A,N/A,26:36.8,26:49.0,Alma Scots,WWW@AC,12/20/2025,1,7:28,Luciano Guerrazzi,,,,21 Luciano Guerrazzi > Transition > First Middle > To Basket > Make 2 Pts
0,Joey Berezowitz,WWW@AC - 12/19/2025 QTR: 1 CLK: 07:16,,,,,Make 3 Pts,00:12.1,N/A,N/A,26:48.0,27:00.2,Wisconsin-(Whitewater) Warhawks,WWW@AC,12/20/2025,1,7:16,Joey Berezowitz,,,,22 Joey Berezowitz > Transition > Trailer > No Dribble Jumper > Open > Long/3pt > Make 3 Pts
0,Elijah Sykes,WWW@AC - 12/19/2025 QTR: 1 CLK: 07:00,,,,,Miss 3 Pts,00:16.3,N/A,N/A,26:59.7,27:16.0,Alma Scots,WWW@AC,12/20/2025,1,7:00,Elijah Sykes,,,,1 Elijah Sykes > Spot-Up > No Dribble Jumper > Open > Long/3pt > Miss 3 Pts
0,Joey Berezowitz,WWW@AC - 12/19/2025 QTR: 1 CLK: 06:52,,,,,Make 3 Pts,00:13.8,N/A,N/A,27:10.3,27:24.1,Wisconsin-(Whitewater) Warhawks,WWW@AC,12/20/2025,1,6:52,Joey Berezowitz,,,,22 Joey Berezowitz > P&R Ball Handler > High P&R > Dribble Off Pick > Dribble Jumper > Long/3pt > Make 3 Pts
0,Raine Rodich,WWW@AC - 12/19/2025 QTR: 1 CLK: 06:34,,,,,Turnover,00:18.5,N/A,N/A,27:23.6,27:42.0,Alma Scots,WWW@AC,12/20/2025,1,6:34,Raine Rodich,,,,14 Raine Rodich > Spot-Up > Drives Right > Turnover
0,Joey Berezowitz,WWW@AC - 12/19/2025 QTR: 1 CLK: 06:30,,,,,Make 2 Pts,00:12.0,N/A,N/A,27:35.5,27:47.5,Wisconsin-(Whitewater) Warhawks,WWW@AC,12/20/2025,1,6:30,Joey Berezowitz,,,,22 Joey Berezowitz > Transition > Ballhandler > To Basket > Make 2 Pts
0,Korbin Heitzman,WWW@AC - 12/19/2025 QTR: 1 CLK: 06:29,,,,,Miss 2 Pts,00:16.4,N/A,N/A,29:32.9,29:49.3,Alma Scots,WWW@AC,12/20/2025,1,6:29,Korbin Heitzman,,,,11 Korbin Heitzman > P&R Ball Handler > High P&R > Split > To Basket > Miss 2 Pts
0,Preston Malpass,WWW@AC - 12/19/2025 QTR: 1 CLK: 06:17,,,,,Make 2 Pts,00:07.9,N/A,N/A,29:41.5,29:49.3,Alma Scots,WWW@AC,12/20/2025,1,6:17,Preston Malpass,,,,15 Preston Malpass > Offensive Rebound > Short > Scoring Attempt > At Basket > Make 2 Pts
0,Richie Warren,WWW@AC - 12/19/2025 QTR: 1 CLK: 05:58,,,,,Miss 2 Pts,00:16.0,N/A,N/A,29:51.5,30:07.5,Wisconsin-(Whitewater) Warhawks,WWW@AC,12/20/2025,1,5:58,Richie Warren,,,,15 Collin Madson > P&R Ball Handler > Left P&R > Side > Go Away from Pick > Defense Commits > Ball Delivered > 24 Richie Warren > P&R Roll Man > Rolls to Basket > Miss 2 Pts
0,Preston Malpass,WWW@AC - 12/19/2025 QTR: 1 CLK: 05:41,,,,,Miss 3 Pts,00:21.9,N/A,N/A,30:03.1,30:24.9,Alma Scots,WWW@AC,12/20/2025,1,5:41,Preston Malpass,,,,14 Raine Rodich > P&R Ball Handler > Left P&R > Side > Dribble Off Pick > Defense Commits > Ball Delivered > 15 Preston Malpass > Spot-Up > No Dribble Jumper > Open > Long/3pt > Miss 3 Pts
0,Darius Chestnut,WWW@AC - 12/19/2025 QTR: 1 CLK: 05:31,,,,,Make 3 Pts,00:14.4,N/A,N/A,30:19.1,30:33.5,Wisconsin-(Whitewater) Warhawks,WWW@AC,12/20/2025,1,5:31,Darius Chestnut,,,,10 Darius Chestnut > Transition > Right Wing > No Dribble Jumper > Open > Long/3pt > Make 3 Pts
0,Josh Elliott,WWW@AC - 12/19/2025 QTR: 1 CLK: 05:12,,,,,Make 3 Pts,00:18.4,N/A,N/A,30:36.3,30:54.7,Alma Scots,WWW@AC,12/20/2025,1,5:12,Josh Elliott,,,,20 Josh Elliott > Off Screen > To Shooter's Left > Straight > No Dribble Jumper > Open > Long/3pt > Make 3 Pts
0,Luke Bara,WWW@AC - 12/19/2025 QTR: 1,,,,,Non Shooting Foul,00:16.8,N/A,N/A,30:54.3,31:11.1,Wisconsin-(Whitewater) Warhawks,WWW@AC,12/20/2025,1,,Luke Bara,,,,32 Luke Bara > Non Possession > Non Shooting Foul
0,Collin Madson,WWW@AC - 12/19/2025 QTR: 1 CLK: 04:43,,,,,Foul,00:18.7,N/A,N/A,31:26.5,31:45.2,Wisconsin-(Whitewater) Warhawks,WWW@AC,12/20/2025,1,4:43,Collin Madson,,,,32 Luke Bara > P&R Ball Handler > High P&R > Dribble Off Pick > Defense Commits > Ball Delivered > 15 Collin Madson > Spot-Up > No Dribble Jumper > Guarded > Long/3pt > Foul
0,Collin Madson,WWW@AC - 12/19/2025 QTR: 1,,,,,Free Throw,00:06.6,N/A,N/A,32:01.1,32:07.7,Wisconsin-(Whitewater) Warhawks,WWW@AC,12/20/2025,1,,Collin Madson,,,,15 Collin Madson > Non Possession > Free Throw
0,Collin Madson,WWW@AC - 12/19/2025 QTR: 1,,,,,Free Throw,00:06.9,N/A,N/A,32:11.9,32:18.8,Wisconsin-(Whitewater) Warhawks,WWW@AC,12/20/2025,1,,Collin Madson,,,,15 Collin Madson > Non Possession > Free Throw
0,Collin Madson,WWW@AC - 12/19/2025 QTR: 1,,,,,Free Throw,00:07.1,N/A,N/A,32:23.0,32:30.0,Wisconsin-(Whitewater) Warhawks,WWW@AC,12/20/2025,1,,Collin Madson,,,,15 Collin Madson > Non Possession > Free Throw
0,Korbin Heitzman,WWW@AC - 12/19/2025 QTR: 1,,,,,Non Shooting Foul,00:13.4,N/A,N/A,32:30.3,32:43.6,Alma Scots,WWW@AC,12/20/2025,1,,Korbin Heitzman,,,,11 Korbin Heitzman > Non Possession > Non Shooting Foul
0,Joss Bradley,WWW@AC - 12/19/2025 QTR: 1 CLK: 04:19,,,,,Miss 2 Pts,00:21.3,N/A,N/A,32:53.5,33:14.8,Alma Scots,WWW@AC,12/20/2025,1,4:19,Joss Bradley,,,,10 Joss Bradley > P&R Ball Handler > High P&R > Dribble Off Pick > To Basket > Miss 2 Pts
0,Joey Berezowitz,WWW@AC - 12/19/2025 QTR: 1 CLK: 04:11,,,,,Miss 2 Pts,00:17.8,N/A,N/A,33:08.4,33:26.1,Wisconsin-(Whitewater) Warhawks,WWW@AC,12/20/2025,1,4:11,Joey Berezowitz,,,,22 Joey Berezowitz > Transition > First Middle > To Basket > Miss 2 Pts
0,Luke Bara,WWW@AC - 12/19/2025 QTR: 1 CLK: 04:00,,,,,Miss 2 Pts,00:17.1,N/A,N/A,33:35.5,33:52.7,Wisconsin-(Whitewater) Warhawks,WWW@AC,12/20/2025,1,4:00,Luke Bara,,,,32 Luke Bara > ISO > Top > Drives Left > Dribble Jumper > Short to < 17' > Miss 2 Pts
0,Korbin Heitzman,WWW@AC - 12/19/2025 QTR: 1 CLK: 03:33,,,,,Make 2 Pts,00:24.4,N/A,N/A,33:52.7,34:17.1,Alma Scots,WWW@AC,12/20/2025,1,3:33,Korbin Heitzman,,,,11 Korbin Heitzman > Hand Off > From Dribble > Top > To Basket > Make 2 Pts
0,Collin Madson,WWW@AC - 12/19/2025 QTR: 1 CLK: 03:07,,,,,1 Pts,00:23.9,N/A,N/A,34:19.7,34:43.6,Wisconsin-(Whitewater) Warhawks,WWW@AC,12/20/2025,1,3:07,Collin Madson,,,,15 Collin Madson > Post-Up > Left Block > Right Shoulder > Dribble Move > To Basket > Make 2 Pts Foul > 1 Pts
0,Collin Madson,WWW@AC - 12/19/2025 QTR: 1,,,,,Free Throw,00:07.2,N/A,N/A,36:32.7,36:39.8,Wisconsin-(Whitewater) Warhawks,WWW@AC,12/20/2025,1,,Collin Madson,,,,15 Collin Madson > Non Possession > Free Throw
0,Josh Elliott,WWW@AC - 12/19/2025 QTR: 1 CLK: 02:48,,,,,Make 3 Pts,00:21.8,N/A,N/A,36:39.3,37:01.1,Alma Scots,WWW@AC,12/20/2025,1,2:48,Josh Elliott,,,,20 Josh Elliott > Hand Off > From Stationary > Top > No Dribble Jumper > Open > Long/3pt > Make 3 Pts
0,Collin Madson,WWW@AC - 12/19/2025 QTR: 1 CLK: 02:35,,,,,Foul,00:14.2,N/A,N/A,37:04.0,37:18.2,Wisconsin-(Whitewater) Warhawks,WWW@AC,12/20/2025,1,2:35,Collin Madson,,,,15 Collin Madson > Off Screen > To Shooter's Left > Curl > To Basket > Foul
0,Collin Madson,WWW@AC - 12/19/2025 QTR: 1,,,,,Free Throw,00:07.5,N/A,N/A,37:31.2,37:38.8,Wisconsin-(Whitewater) Warhawks,WWW@AC,12/20/2025,1,,Collin Madson,,,,15 Collin Madson > Non Possession > Free Throw
0,Collin Madson,WWW@AC - 12/19/2025 QTR: 1,,,,,Free Throw,00:08.4,N/A,N/A,37:43.4,37:51.9,Wisconsin-(Whitewater) Warhawks,WWW@AC,12/20/2025,1,,Collin Madson,,,,15 Collin Madson > Non Possession > Free Throw
0,Logan St. Martin,WWW@AC - 12/19/2025 QTR: 1,,,,,Non Shooting Foul,00:23.2,N/A,N/A,37:46.8,38:10.1,Alma Scots,WWW@AC,12/20/2025,1,,Logan St. Martin,,,,24 Logan St. Martin > Non Possession > Non Shooting Foul
0,Logan St. Martin,WWW@AC - 12/19/2025 QTR: 1 CLK: 02:07,,,,,Miss 3 Pts,00:21.7,N/A,N/A,38:16.8,38:38.5,Alma Scots,WWW@AC,12/20/2025,1,2:07,Logan St. Martin,,,,10 Joss Bradley > P&R Ball Handler > High P&R > Dribble Off Pick > Defense Commits > Ball Delivered > 24 Logan St. Martin > P&R Roll Man > Pick and Pops > No Dribble Jumper > Guarded > Long/3pt > Miss 3 Pts
0,Brock Marino,WWW@AC - 12/19/2025 QTR: 1 CLK: 01:54,,,,,Foul,00:21.5,N/A,N/A,38:31.1,38:52.6,Wisconsin-(Whitewater) Warhawks,WWW@AC,12/20/2025,1,1:54,Brock Marino,,,,32 Luke Bara > P&R Ball Handler > Right P&R > Side > Dribble Off Pick > Defense Commits > Ball Delivered > 21 Brock Marino > P&R Roll Man > Rolls to Basket > Foul
0,Brock Marino,WWW@AC - 12/19/2025 QTR: 1,,,,,Free Throw,00:08.1,N/A,N/A,39:05.2,39:13.3,Wisconsin-(Whitewater) Warhawks,WWW@AC,12/20/2025,1,,Brock Marino,,,,21 Brock Marino > Non Possession > Free Throw
0,Brock Marino,WWW@AC - 12/19/2025 QTR: 1,,,,,Free Throw,00:08.6,N/A,N/A,39:17.1,39:25.7,Wisconsin-(Whitewater) Warhawks,WWW@AC,12/20/2025,1,,Brock Marino,,,,21 Brock Marino > Non Possession > Free Throw
0,Korbin Heitzman,WWW@AC - 12/19/2025 QTR: 1 CLK: 01:33,,,,,Turnover,00:25.5,N/A,N/A,39:24.7,39:50.2,Alma Scots,WWW@AC,12/20/2025,1,1:33,Korbin Heitzman,,,,1 Elijah Sykes > P&R Ball Handler > High P&R > Dribble Off Pick > Defense Commits > Ball Delivered > 11 Korbin Heitzman > Cut > Basket > Turnover
0,Luke Bara,WWW@AC - 12/19/2025 QTR: 1 CLK: 01:23,,,,,Miss 2 Pts,00:17.7,N/A,N/A,39:42.9,40:00.7,Wisconsin-(Whitewater) Warhawks,WWW@AC,12/20/2025,1,1:23,Luke Bara,,,,32 Luke Bara > Transition > Ballhandler > To Basket > Miss 2 Pts
0,Josh Elliott,WWW@AC - 12/19/2025 QTR: 1 CLK: 01:18,,,,,1 Pts,00:13.9,N/A,N/A,39:54.3,40:08.2,Alma Scots,WWW@AC,12/20/2025,1,1:18,Josh Elliott,,,,20 Josh Elliott > Transition > Right Wing > To Basket > Make 2 Pts Foul > 1 Pts
0,Josh Elliott,WWW@AC - 12/19/2025 QTR: 1,,,,,Free Throw,00:08.3,N/A,N/A,40:34.7,40:43.0,Alma Scots,WWW@AC,12/20/2025,1,,Josh Elliott,,,,20 Josh Elliott > Non Possession > Free Throw
0,Richie Warren,WWW@AC - 12/19/2025 QTR: 1 CLK: 00:57,,,,,Miss 2 Pts,00:19.4,N/A,N/A,40:47.2,41:06.5,Wisconsin-(Whitewater) Warhawks,WWW@AC,12/20/2025,1,0:57,Richie Warren,,,,32 Luke Bara > P&R Ball Handler > Right P&R > Side > Dribble Off Pick > Defense Commits > Ball Delivered > 24 Richie Warren > P&R Roll Man > Slips the Pick > To Basket > Miss 2 Pts
0,Josh Elliott,WWW@AC - 12/19/2025 QTR: 1 CLK: 00:41,,,,,Miss 3 Pts,00:21.5,N/A,N/A,41:02.5,41:24.1,Alma Scots,WWW@AC,12/20/2025,1,0:41,Josh Elliott,,,,20 Josh Elliott > Hand Off > From Dribble > Top > No Dribble Jumper > Open > Long/3pt > Miss 3 Pts
0,Darius Chestnut,WWW@AC - 12/19/2025 QTR: 1 CLK: 00:32,,,,,Make 3 Pts,00:15.2,N/A,N/A,41:17.7,41:32.9,Wisconsin-(Whitewater) Warhawks,WWW@AC,12/20/2025,1,0:32,Darius Chestnut,,,,10 Darius Chestnut > Transition > Left Wing > No Dribble Jumper > Open > Long/3pt > Make 3 Pts
0,Elijah Sykes,WWW@AC - 12/19/2025 QTR: 1,,,,,Miss 3 Pts,00:33.5,N/A,N/A,41:32.4,42:05.9,Alma Scots,WWW@AC,12/20/2025,1,,Elijah Sykes,,,,1 Elijah Sykes > P&R Ball Handler > High P&R > Dribble Off Pick > Dribble Jumper > Long/3pt > Miss 3 Pts
0,Isaac Verges,WWW@AC - 12/19/2025 QTR: 2 CLK: 19:44,,,,,Make 3 Pts,16:21.7,N/A,N/A,42:05.9,58:27.6,Wisconsin-(Whitewater) Warhawks,WWW@AC,12/20/2025,2,19:44,Isaac Verges,,,,0 Isaac Verges > Spot-Up > No Dribble Jumper > Open > Long/3pt > Make 3 Pts
0,Donovan Collins,WWW@AC - 12/19/2025 QTR: 2 CLK: 19:23,,,,,Make 3 Pts,00:20.1,N/A,N/A,58:26.8,58:46.8,Alma Scots,WWW@AC,12/20/2025,2,19:23,Donovan Collins,,,,3 Donovan Collins > Hand Off > From Dribble > Top > Dribble Jumper > Long/3pt > Make 3 Pts
0,Brock Marino,WWW@AC - 12/19/2025 QTR: 2 CLK: 18:53,,,,,Foul,00:32.2,N/A,N/A,58:46.2,59:18.3,Wisconsin-(Whitewater) Warhawks,WWW@AC,12/20/2025,2,18:53,Brock Marino,,,,21 Brock Marino > Post-Up > Left Block > Left Shoulder > Dribble Move > To Basket > Foul
0,Brock Marino,WWW@AC - 12/19/2025 QTR: 2,,,,,Free Throw,00:08.8,N/A,N/A,59:32.5,59:41.3,Wisconsin-(Whitewater) Warhawks,WWW@AC,12/20/2025,2,,Brock Marino,,,,21 Brock Marino > Non Possession > Free Throw
0,Brock Marino,WWW@AC - 12/19/2025 QTR: 2,,,,,Free Throw,00:08.3,N/A,N/A,59:46.2,59:54.5,Wisconsin-(Whitewater) Warhawks,WWW@AC,12/20/2025,2,,Brock Marino,,,,21 Brock Marino > Non Possession > Free Throw
0,Logan St. Martin,WWW@AC - 12/19/2025 QTR: 2,,,,,No Violation,00:21.6,N/A,N/A,59:53.6,00:15.2,Alma Scots,WWW@AC,12/20/2025,2,,Logan St. Martin,,,,24 Logan St. Martin > Non Possession > No Violation
0,Korbin Heitzman,WWW@AC - 12/19/2025 QTR: 2 CLK: 18:31,,,,,Miss 3 Pts,00:18.3,N/A,N/A,00:45.9,01:04.2,Alma Scots,WWW@AC,12/20/2025,2,18:31,Korbin Heitzman,,,,14 Raine Rodich > P&R Ball Handler > High P&R > Go Away from Pick > Defense Commits > Ball Delivered > 11 Korbin Heitzman > Spot-Up > No Dribble Jumper > Guarded > Long/3pt > Miss 3 Pts
0,Collin Madson,WWW@AC - 12/19/2025 QTR: 2 CLK: 18:08,,,,,Make 2 Pts,00:26.4,N/A,N/A,00:58.7,01:25.0,Wisconsin-(Whitewater) Warhawks,WWW@AC,12/20/2025,2,18:08,Collin Madson,,,,15 Collin Madson > Post-Up > Right Block > Right Shoulder > Dribble Move > To Basket > Make 2 Pts
0,Donovan Collins,WWW@AC - 12/19/2025 QTR: 2 CLK: 17:45,,,,,Miss 2 Pts,00:26.3,N/A,N/A,01:24.0,01:50.3,Alma Scots,WWW@AC,12/20/2025,2,17:45,Donovan Collins,,,,3 Donovan Collins > Spot-Up > Drives Straight > Dribble Jumper > Medium/17' to <3p > Miss 2 Pts
0,Collin Madson,WWW@AC - 12/19/2025 QTR: 2 CLK: 17:38,,,,,Make 2 Pts,00:11.3,N/A,N/A,01:44.0,01:55.2,Wisconsin-(Whitewater) Warhawks,WWW@AC,12/20/2025,2,17:38,Collin Madson,,,,15 Collin Madson > Transition > Right Wing > To Basket > Make 2 Pts
0,Korbin Heitzman,WWW@AC - 12/19/2025 QTR: 2 CLK: 17:36,,,,,Miss 2 Pts,00:29.0,N/A,N/A,03:27.6,03:56.5,Alma Scots,WWW@AC,12/20/2025,2,17:36,Korbin Heitzman,,,,20 Josh Elliott > P&R Ball Handler > High P&R > Dribble Off Pick > Defense Commits > Ball Delivered > 11 Korbin Heitzman > Spot-Up > Drives Left > To Basket > Miss 2 Pts
0,Isaac Verges,WWW@AC - 12/19/2025 QTR: 2 CLK: 17:01,,,,,Miss 2 Pts,00:17.3,N/A,N/A,03:50.2,04:07.5,Wisconsin-(Whitewater) Warhawks,WWW@AC,12/20/2025,2,17:01,Isaac Verges,,,,0 Isaac Verges > Transition > Ballhandler > To Basket > Miss 2 Pts
0,Raine Rodich,WWW@AC - 12/19/2025 QTR: 2,,,,,Non Shooting Foul,00:21.7,N/A,N/A,04:02.1,04:23.8,Alma Scots,WWW@AC,12/20/2025,2,,Raine Rodich,,,,14 Raine Rodich > Non Possession > Non Shooting Foul
0,Korbin Heitzman,WWW@AC - 12/19/2025 QTR: 2 CLK: 16:35,,,,,Turnover,00:17.7,N/A,N/A,04:32.5,04:50.3,Alma Scots,WWW@AC,12/20/2025,2,16:35,Korbin Heitzman,,,,11 Korbin Heitzman > No Play Type > Turnover
0,Collin Madson,WWW@AC - 12/19/2025 QTR: 2 CLK: 16:13,,,,,Miss 2 Pts,00:31.2,N/A,N/A,04:42.8,05:13.9,Wisconsin-(Whitewater) Warhawks,WWW@AC,12/20/2025,2,16:13,Collin Madson,,,,15 Collin Madson > Post-Up > Left Block > Right Shoulder > Dribble Move > To Basket > Miss 2 Pts
0,Josh Elliott,WWW@AC - 12/19/2025 QTR: 2,,,,,Non Shooting Foul,00:12.0,N/A,N/A,05:07.6,05:19.7,Alma Scots,WWW@AC,12/20/2025,2,,Josh Elliott,,,,20 Josh Elliott > Non Possession > Non Shooting Foul
0,Donovan Collins,WWW@AC - 12/19/2025 QTR: 2 CLK: 15:54,,,,,Miss 3 Pts,00:24.1,N/A,N/A,05:33.4,05:57.6,Alma Scots,WWW@AC,12/20/2025,2,15:54,Donovan Collins,,,,3 Donovan Collins > Spot-Up > No Dribble Jumper > Open > Long/3pt > Miss 3 Pts
0,Isaac Verges,WWW@AC - 12/19/2025 QTR: 2 CLK: 15:42,,,,,Make 2 Pts,00:06.3,N/A,N/A,05:57.6,06:03.8,Wisconsin-(Whitewater) Warhawks,WWW@AC,12/20/2025,2,15:42,Isaac Verges,,,,0 Isaac Verges > Transition > Ballhandler > To Basket > Make 2 Pts
0,Korbin Heitzman,WWW@AC - 12/19/2025 QTR: 2 CLK: 15:22,,,,,Foul,00:23.5,N/A,N/A,06:02.8,06:26.3,Alma Scots,WWW@AC,12/20/2025,2,15:22,Korbin Heitzman,,,,11 Korbin Heitzman > Hand Off > From Stationary > Right > To Basket > Foul
0,Korbin Heitzman,WWW@AC - 12/19/2025 QTR: 2,,,,,Free Throw,00:08.2,N/A,N/A,08:11.5,08:19.6,Alma Scots,WWW@AC,12/20/2025,2,,Korbin Heitzman,,,,11 Korbin Heitzman > Non Possession > Free Throw
0,Korbin Heitzman,WWW@AC - 12/19/2025 QTR: 2,,,,,Free Throw,00:08.3,N/A,N/A,08:23.4,08:31.7,Alma Scots,WWW@AC,12/20/2025,2,,Korbin Heitzman,,,,11 Korbin Heitzman > Non Possession > Free Throw
0,Brock Marino,WWW@AC - 12/19/2025 QTR: 2 CLK: 15:10,,,,,Miss 2 Pts,00:15.6,N/A,N/A,08:31.3,08:46.9,Wisconsin-(Whitewater) Warhawks,WWW@AC,12/20/2025,2,15:10,Brock Marino,,,,21 Brock Marino > Cut > Basket > Miss 2 Pts
0,Korbin Heitzman,WWW@AC - 12/19/2025 QTR: 2 CLK: 14:56,,,,,Make 2 Pts,00:18.0,N/A,N/A,08:40.2,08:58.2,Alma Scots,WWW@AC,12/20/2025,2,14:56,Korbin Heitzman,,,,11 Korbin Heitzman > Cut > Basket > Make 2 Pts
0,Brock Marino,WWW@AC - 12/19/2025 QTR: 2 CLK: 14:27,,,,,Miss 2 Pts,00:37.4,N/A,N/A,08:56.9,09:34.3,Wisconsin-(Whitewater) Warhawks,WWW@AC,12/20/2025,2,14:27,Brock Marino,,,,32 Luke Bara > ISO > Top > Drives Right > Defense Commits > Ball Delivered > 21 Brock Marino > Cut > Basket > Miss 2 Pts
0,Richie Warren,WWW@AC - 12/19/2025 QTR: 2 CLK: 14:27,,,,,Foul,00:00.0,N/A,N/A,09:34.3,09:34.3,Wisconsin-(Whitewater) Warhawks,WWW@AC,12/20/2025,2,14:27,Richie Warren,,,,24 Richie Warren > Offensive Rebound > Short > Scoring Attempt > At Basket > Foul
0,Richie Warren,WWW@AC - 12/19/2025 QTR: 2,,,,,Free Throw,00:07.6,N/A,N/A,09:46.8,09:54.4,Wisconsin-(Whitewater) Warhawks,WWW@AC,12/20/2025,2,,Richie Warren,,,,24 Richie Warren > Non Possession > Free Throw
0,Richie Warren,WWW@AC - 12/19/2025 QTR: 2,,,,,Free Throw,00:06.6,N/A,N/A,10:03.1,10:09.7,Wisconsin-(Whitewater) Warhawks,WWW@AC,12/20/2025,2,,Richie Warren,,,,24 Richie Warren > Non Possession > Free Throw
0,Korbin Heitzman,WWW@AC - 12/19/2025 QTR: 2 CLK: 14:12,,,,,Turnover,00:15.4,N/A,N/A,10:08.9,10:24.2,Alma Scots,WWW@AC,12/20/2025,2,14:12,Korbin Heitzman,,,,11 Korbin Heitzman > Off Screen > To Shooter's Left > Straight > Turnover
0,Isaac Verges,WWW@AC - 12/19/2025 QTR: 2 CLK: 13:55,,,,,Make 2 Pts,00:23.5,N/A,N/A,10:17.9,10:41.3,Wisconsin-(Whitewater) Warhawks,WWW@AC,12/20/2025,2,13:55,Isaac Verges,,,,0 Isaac Verges > Cut > Basket > Make 2 Pts
0,Josh Elliott,WWW@AC - 12/19/2025 QTR: 2 CLK: 13:46,,,,,Miss 3 Pts,00:13.2,N/A,N/A,10:40.0,10:53.3,Alma Scots,WWW@AC,12/20/2025,2,13:46,Josh Elliott,,,,20 Josh Elliott > Hand Off > From Dribble > Left > No Dribble Jumper > Open > Long/3pt > Miss 3 Pts
0,Joss Bradley,WWW@AC - 12/19/2025 QTR: 2 CLK: 13:40,,,,,Foul,00:05.0,N/A,N/A,10:53.3,10:58.2,Alma Scots,WWW@AC,12/20/2025,2,13:40,Joss Bradley,,,,10 Joss Bradley > Spot-Up > Drives Right > To Basket > Foul
0,Joss Bradley,WWW@AC - 12/19/2025 QTR: 2,,,,,Free Throw,00:08.1,N/A,N/A,11:11.6,11:19.7,Alma Scots,WWW@AC,12/20/2025,2,,Joss Bradley,,,,10 Joss Bradley > Non Possession > Free Throw
0,Joss Bradley,WWW@AC - 12/19/2025 QTR: 2,,,,,Free Throw,00:08.6,N/A,N/A,11:25.7,11:34.3,Alma Scots,WWW@AC,12/20/2025,2,,Joss Bradley,,,,10 Joss Bradley > Non Possession > Free Throw
0,Isaac Verges,WWW@AC - 12/19/2025 QTR: 2 CLK: 13:25,,,,,Make 2 Pts,00:17.8,N/A,N/A,11:33.6,11:51.4,Wisconsin-(Whitewater) Warhawks,WWW@AC,12/20/2025,2,13:25,Isaac Verges,,,,0 Isaac Verges > P&R Ball Handler > Left P&R > Side > Dribble Off Pick > To Basket > Make 2 Pts
0,Elijah Sykes,WWW@AC - 12/19/2025 QTR: 2 CLK: 13:03,,,,,Make 2 Pts,00:22.5,N/A,N/A,11:50.7,12:13.2,Alma Scots,WWW@AC,12/20/2025,2,13:03,Elijah Sykes,,,,1 Elijah Sykes > Hand Off > From Dribble > Left > To Basket > Make 2 Pts
0,Brock Marino,WWW@AC - 12/19/2025 QTR: 2 CLK: 13:03,,,,,Turnover,00:14.1,N/A,N/A,13:18.9,13:32.9,Wisconsin-(Whitewater) Warhawks,WWW@AC,12/20/2025,2,13:03,Brock Marino,,,,21 Brock Marino > No Play Type > Turnover
0,Preston Malpass,WWW@AC - 12/19/2025 QTR: 2 CLK: 12:31,,,,,Turnover,00:21.9,N/A,N/A,13:54.2,14:16.1,Alma Scots,WWW@AC,12/20/2025,2,12:31,Preston Malpass,,,,15 Preston Malpass > No Play Type > Turnover
0,Luke Bara,WWW@AC - 12/19/2025 QTR: 2 CLK: 12:15,,,,,Make 3 Pts,00:20.5,N/A,N/A,14:30.7,14:51.2,Wisconsin-(Whitewater) Warhawks,WWW@AC,12/20/2025,2,12:15,Luke Bara,,,,32 Luke Bara > Spot-Up > No Dribble Jumper > Guarded > Long/3pt > Make 3 Pts
0,Luciano Guerrazzi,WWW@AC - 12/19/2025 QTR: 2 CLK: 11:51,,,,,Turnover,00:26.5,N/A,N/A,14:50.5,15:16.9,Alma Scots,WWW@AC,12/20/2025,2,11:51,Luciano Guerrazzi,,,,21 Luciano Guerrazzi > Post-Up > Left Block > Left Shoulder > Dribble Move > Defense Commits > Turnover
0,Tyshawn Teague-Johnson,WWW@AC - 12/19/2025 QTR: 2 CLK: 11:51,,,,,Miss 2 Pts,00:25.3,N/A,N/A,16:54.2,17:19.4,Wisconsin-(Whitewater) Warhawks,WWW@AC,12/20/2025,2,11:51,Tyshawn Teague-Johnson,,,,40 Tyshawn Teague-Johnson > P&R Ball Handler > Left P&R > Side > Dribble Off Pick > To Basket > Miss 2 Pts
0,Donovan Collins,WWW@AC - 12/19/2025 QTR: 2 CLK: 11:25,,,,,Make 3 Pts,00:12.9,N/A,N/A,17:13.3,17:26.2,Alma Scots,WWW@AC,12/20/2025,2,11:25,Donovan Collins,,,,3 Donovan Collins > Transition > Right Wing > No Dribble Jumper > Open > Long/3pt > Make 3 Pts
0,Joey Berezowitz,WWW@AC - 12/19/2025 QTR: 2 CLK: 11:00,,,,,Miss 3 Pts,00:29.9,N/A,N/A,17:25.2,17:55.1,Wisconsin-(Whitewater) Warhawks,WWW@AC,12/20/2025,2,11:00,Joey Berezowitz,,,,15 Collin Madson > Post-Up > Right Block > Right Shoulder > Dribble Move > Defense Commits > Ball Delivered > 22 Joey Berezowitz > Spot-Up > No Dribble Jumper > Open > Long/3pt > Miss 3 Pts
0,Elijah Sykes,WWW@AC - 12/19/2025 QTR: 2 CLK: 10:29,,,,,Miss 2 Pts,00:34.9,N/A,N/A,18:08.0,18:43.0,Alma Scots,WWW@AC,12/20/2025,2,10:29,Elijah Sykes,,,,1 Elijah Sykes > P&R Ball Handler > High P&R > Dribble Off Pick > Dribble Jumper > Short to < 17' > Miss 2 Pts
0,Luke Bara,WWW@AC - 12/19/2025 QTR: 2 CLK: 10:18,,,,,Miss 3 Pts,00:20.2,N/A,N/A,18:55.2,19:15.4,Wisconsin-(Whitewater) Warhawks,WWW@AC,12/20/2025,2,10:18,Luke Bara,,,,32 Luke Bara > Off Screen > To Shooter's Right > Straight > No Dribble Jumper > Guarded > Long/3pt > Miss 3 Pts
0,Jake Quast,WWW@AC - 12/19/2025 QTR: 2 CLK: 10:09,,,,,Miss 2 Pts,00:06.1,N/A,N/A,19:15.4,19:21.6,Wisconsin-(Whitewater) Warhawks,WWW@AC,12/20/2025,2,10:09,Jake Quast,,,,12 Jake Quast > Spot-Up > Drives Right > To Basket > Miss 2 Pts
0,Luciano Guerrazzi,WWW@AC - 12/19/2025 QTR: 2 CLK: 09:54,,,,,Turnover,00:23.5,N/A,N/A,19:14.5,19:38.1,Alma Scots,WWW@AC,12/20/2025,2,9:54,Luciano Guerrazzi,,,,21 Luciano Guerrazzi > No Play Type > Turnover
0,Tyshawn Teague-Johnson,WWW@AC - 12/19/2025 QTR: 2 CLK: 09:42,,,,,Miss 2 Pts,00:19.2,N/A,N/A,19:54.1,20:13.2,Wisconsin-(Whitewater) Warhawks,WWW@AC,12/20/2025,2,9:42,Tyshawn Teague-Johnson,,,,40 Tyshawn Teague-Johnson > ISO > Left > Drives Right > To Basket > Miss 2 Pts
0,Preston Malpass,WWW@AC - 12/19/2025 QTR: 2 CLK: 09:17,,,,,Miss 3 Pts,00:23.6,N/A,N/A,20:13.2,20:36.9,Alma Scots,WWW@AC,12/20/2025,2,9:17,Preston Malpass,,,,15 Preston Malpass > Spot-Up > No Dribble Jumper > Guarded > Long/3pt > Miss 3 Pts
0,Luciano Guerrazzi,WWW@AC - 12/19/2025 QTR: 2 CLK: 09:11,,,,,Make 3 Pts,00:02.8,N/A,N/A,20:36.9,20:39.7,Alma Scots,WWW@AC,12/20/2025,2,9:11,Luciano Guerrazzi,,,,21 Luciano Guerrazzi > Spot-Up > No Dribble Jumper > Open > Long/3pt > Make 3 Pts
0,Jake Quast,WWW@AC - 12/19/2025 QTR: 2 CLK: 08:53,,,,,Miss 3 Pts,00:15.8,N/A,N/A,20:42.6,20:58.4,Wisconsin-(Whitewater) Warhawks,WWW@AC,12/20/2025,2,8:53,Jake Quast,,,,12 Jake Quast > Transition > Left Wing > No Dribble Jumper > Open > Long/3pt > Miss 3 Pts
0,Luciano Guerrazzi,WWW@AC - 12/19/2025 QTR: 2 CLK: 08:36,,,,,Turnover,00:21.7,N/A,N/A,20:52.6,21:14.4,Alma Scots,WWW@AC,12/20/2025,2,8:36,Luciano Guerrazzi,,,,21 Luciano Guerrazzi > No Play Type > Turnover
0,Jake Quast,WWW@AC - 12/19/2025 QTR: 2 CLK: 08:27,,,,,0 Pts,00:17.7,N/A,N/A,21:08.2,21:25.9,Wisconsin-(Whitewater) Warhawks,WWW@AC,12/20/2025,2,8:27,Jake Quast,,,,12 Jake Quast > Transition > Trailer > To Basket > Make 2 Pts Foul > 0 Pts
0,Jake Quast,WWW@AC - 12/19/2025 QTR: 2,,,,,Free Throw,00:11.4,N/A,N/A,21:48.3,21:59.6,Wisconsin-(Whitewater) Warhawks,WWW@AC,12/20/2025,2,,Jake Quast,,,,12 Jake Quast > Non Possession > Free Throw
0,Preston Malpass,WWW@AC - 12/19/2025 QTR: 2 CLK: 08:25,,,,,Foul,00:08.7,N/A,N/A,21:51.0,21:59.6,Alma Scots,WWW@AC,12/20/2025,2,8:25,Preston Malpass,,,,15 Preston Malpass > No Play Type > Foul
0,Preston Malpass,WWW@AC - 12/19/2025 QTR: 2,,,,,Free Throw,00:09.7,N/A,N/A,22:32.4,22:42.1,Alma Scots,WWW@AC,12/20/2025,2,,Preston Malpass,,,,15 Preston Malpass > Non Possession > Free Throw
0,Darius Chestnut,WWW@AC - 12/19/2025 QTR: 2 CLK: 08:16,,,,,Make 2 Pts,00:14.2,N/A,N/A,22:35.9,22:50.1,Wisconsin-(Whitewater) Warhawks,WWW@AC,12/20/2025,2,8:16,Darius Chestnut,,,,10 Darius Chestnut > Transition > Right Wing > To Basket > Make 2 Pts
0,Korbin Heitzman,WWW@AC - 12/19/2025 QTR: 2 CLK: 07:46,,,,,Make 2 Pts,00:30.3,N/A,N/A,22:49.0,23:19.3,Alma Scots,WWW@AC,12/20/2025,2,7:46,Korbin Heitzman,,,,11 Korbin Heitzman > No Play Type > To Basket > Make 2 Pts
0,Tyshawn Teague-Johnson,WWW@AC - 12/19/2025 QTR: 2 CLK: 07:25,,,,,Make 2 Pts,00:23.5,N/A,N/A,23:18.3,23:41.9,Wisconsin-(Whitewater) Warhawks,WWW@AC,12/20/2025,2,7:25,Tyshawn Teague-Johnson,,,,22 Joey Berezowitz > P&R Ball Handler > High P&R > Dribble Off Pick > Defense Commits > Ball Delivered > 40 Tyshawn Teague-Johnson > Spot-Up > Drives Right > To Basket > Make 2 Pts
0,Preston Malpass,WWW@AC - 12/19/2025 QTR: 2 CLK: 07:07,,,,,Turnover,00:16.9,N/A,N/A,23:39.6,23:56.4,Alma Scots,WWW@AC,12/20/2025,2,7:07,Preston Malpass,,,,15 Preston Malpass > No Play Type > Turnover
0,Jake Quast,WWW@AC - 12/19/2025 QTR: 2 CLK: 07:03,,,,,Make 2 Pts,00:11.8,N/A,N/A,23:50.0,24:01.8,Wisconsin-(Whitewater) Warhawks,WWW@AC,12/20/2025,2,7:03,Jake Quast,,,,12 Jake Quast > Transition > Ballhandler > To Basket > Make 2 Pts
0,Raine Rodich,WWW@AC - 12/19/2025 QTR: 2 CLK: 06:46,,,,,Make 2 Pts,00:19.6,N/A,N/A,24:00.3,24:19.9,Alma Scots,WWW@AC,12/20/2025,2,6:46,Raine Rodich,,,,14 Raine Rodich > Cut > Screen > Make 2 Pts
0,Tyshawn Teague-Johnson,WWW@AC - 12/19/2025 QTR: 2,,,,,8 Sec Violation,00:16.6,N/A,N/A,24:18.8,24:35.4,Wisconsin-(Whitewater) Warhawks,WWW@AC,12/20/2025,2,,Tyshawn Teague-Johnson,,,,40 Tyshawn Teague-Johnson > Non Possession > 8 Sec Violation
0,Josh Elliott,WWW@AC - 12/19/2025 QTR: 2 CLK: 06:33,,,,,Turnover,00:11.9,N/A,N/A,26:07.5,26:19.4,Alma Scots,WWW@AC,12/20/2025,2,6:33,Josh Elliott,,,,20 Josh Elliott > No Play Type > Turnover
0,Tyshawn Teague-Johnson,WWW@AC - 12/19/2025 QTR: 2 CLK: 06:11,,,,,Turnover,00:22.9,N/A,N/A,26:14.6,26:37.6,Wisconsin-(Whitewater) Warhawks,WWW@AC,12/20/2025,2,6:11,Tyshawn Teague-Johnson,,,,40 Tyshawn Teague-Johnson > Hand Off > From Dribble > Left > Turnover
0,Logan St. Martin,WWW@AC - 12/19/2025 QTR: 2 CLK: 05:55,,,,,Miss 2 Pts,00:23.5,N/A,N/A,26:41.0,27:04.5,Alma Scots,WWW@AC,12/20/2025,2,5:55,Logan St. Martin,,,,24 Logan St. Martin > Cut > Screen > Miss 2 Pts
0,Tyshawn Teague-Johnson,WWW@AC - 12/19/2025 QTR: 2 CLK: 05:35,,,,,Make 2 Pts,00:27.4,N/A,N/A,26:57.0,27:24.4,Wisconsin-(Whitewater) Warhawks,WWW@AC,12/20/2025,2,5:35,Tyshawn Teague-Johnson,,,,40 Tyshawn Teague-Johnson > Spot-Up > Drives Right > To Basket > Make 2 Pts
0,Donovan Collins,WWW@AC - 12/19/2025 QTR: 2 CLK: 05:14,,,,,Foul,00:23.9,N/A,N/A,27:23.4,27:47.3,Alma Scots,WWW@AC,12/20/2025,2,5:14,Donovan Collins,,,,14 Raine Rodich > P&R Ball Handler > High P&R > Dribble Off Pick > Defense Commits > Ball Delivered > 3 Donovan Collins > Spot-Up > No Dribble Jumper > Guarded > Long/3pt > Foul
0,Donovan Collins,WWW@AC - 12/19/2025 QTR: 2,,,,,Free Throw,00:10.1,N/A,N/A,27:59.9,28:10.1,Alma Scots,WWW@AC,12/20/2025,2,,Donovan Collins,,,,3 Donovan Collins > Non Possession > Free Throw
0,Donovan Collins,WWW@AC - 12/19/2025 QTR: 2,,,,,Free Throw,00:08.3,N/A,N/A,28:14.2,28:22.5,Alma Scots,WWW@AC,12/20/2025,2,,Donovan Collins,,,,3 Donovan Collins > Non Possession > Free Throw
0,Donovan Collins,WWW@AC - 12/19/2025 QTR: 2,,,,,Free Throw,00:08.0,N/A,N/A,28:27.0,28:35.1,Alma Scots,WWW@AC,12/20/2025,2,,Donovan Collins,,,,3 Donovan Collins > Non Possession > Free Throw
0,Darius Chestnut,WWW@AC - 12/19/2025 QTR: 2 CLK: 05:05,,,,,Make 2 Pts,00:14.2,N/A,N/A,28:34.6,28:48.9,Wisconsin-(Whitewater) Warhawks,WWW@AC,12/20/2025,2,5:05,Darius Chestnut,,,,10 Darius Chestnut > Transition > Ballhandler > To Basket > Make 2 Pts
0,Korbin Heitzman,WWW@AC - 12/19/2025 QTR: 2 CLK: 04:50,,,,,Miss 2 Pts,00:23.5,N/A,N/A,28:53.6,29:17.1,Alma Scots,WWW@AC,12/20/2025,2,4:50,Korbin Heitzman,,,,14 Raine Rodich > P&R Ball Handler > Right P&R > Side > Dribble Off Pick > Defense Commits > Ball Delivered > 11 Korbin Heitzman > P&R Roll Man > Rolls to Basket > Miss 2 Pts
0,Korbin Heitzman,WWW@AC - 12/19/2025 QTR: 2 CLK: 04:50,,,,,Miss 2 Pts,00:10.3,N/A,N/A,29:06.8,29:17.1,Alma Scots,WWW@AC,12/20/2025,2,4:50,Korbin Heitzman,,,,11 Korbin Heitzman > Offensive Rebound > Short > Scoring Attempt > At Basket > Miss 2 Pts
0,Joey Berezowitz,WWW@AC - 12/19/2025 QTR: 2,,,,,No Violation,00:18.3,N/A,N/A,29:23.7,29:42.0,Wisconsin-(Whitewater) Warhawks,WWW@AC,12/20/2025,2,,Joey Berezowitz,,,,22 Joey Berezowitz > Non Possession > No Violation
0,Joey Berezowitz,WWW@AC - 12/19/2025 QTR: 2 CLK: 04:23,,,,,Make 3 Pts,00:19.1,N/A,N/A,31:42.7,32:01.9,Wisconsin-(Whitewater) Warhawks,WWW@AC,12/20/2025,2,4:23,Joey Berezowitz,,,,40 Tyshawn Teague-Johnson > Post-Up > Right Block > Right Shoulder > Dribble Move > Defense Commits > Ball Delivered > 22 Joey Berezowitz > Spot-Up > No Dribble Jumper > Open > Long/3pt > Make 3 Pts
0,Raine Rodich,WWW@AC - 12/19/2025 QTR: 2 CLK: 04:10,,,,,Turnover,00:14.0,N/A,N/A,32:01.1,32:15.1,Alma Scots,WWW@AC,12/20/2025,2,4:10,Raine Rodich,,,,14 Raine Rodich > No Play Type > Turnover
0,Jake Quast,WWW@AC - 12/19/2025 QTR: 2 CLK: 04:06,,,,,Turnover,00:12.9,N/A,N/A,32:08.4,32:21.3,Wisconsin-(Whitewater) Warhawks,WWW@AC,12/20/2025,2,4:06,Jake Quast,,,,12 Jake Quast > Transition > Ballhandler > To Basket > Turnover
0,Korbin Heitzman,WWW@AC - 12/19/2025 QTR: 2 CLK: 04:04,,,,,Turnover,00:08.9,N/A,N/A,32:37.4,32:46.3,Alma Scots,WWW@AC,12/20/2025,2,4:04,Korbin Heitzman,,,,11 Korbin Heitzman > No Play Type > Turnover
0,Kelton Mcewen,WWW@AC - 12/19/2025 QTR: 2 CLK: 03:58,,,,,Miss 3 Pts,00:15.1,N/A,N/A,32:39.3,32:54.4,Wisconsin-(Whitewater) Warhawks,WWW@AC,12/20/2025,2,3:58,Kelton Mcewen,,,,2 Kelton Mcewen > Transition > Ballhandler > Dribble Jumper > Long/3pt > Miss 3 Pts
0,Isaiah Robinson,WWW@AC - 12/19/2025 QTR: 2,,,,,Run Offense,00:11.7,N/A,N/A,32:42.7,32:54.4,Wisconsin-(Whitewater) Warhawks,WWW@AC,12/20/2025,2,,Isaiah Robinson,,,,5 Isaiah Robinson > Offensive Rebound > Long > Run Offense
0,Tyshawn Teague-Johnson,WWW@AC - 12/19/2025 QTR: 2 CLK: 03:48,,,,,Miss 2 Pts,00:21.1,N/A,N/A,32:42.7,33:03.8,Wisconsin-(Whitewater) Warhawks,WWW@AC,12/20/2025,2,3:48,Tyshawn Teague-Johnson,,,,40 Tyshawn Teague-Johnson > P&R Ball Handler > Right P&R > Baseline > Dribble Off Pick > To Basket > Miss 2 Pts
0,Korbin Heitzman,WWW@AC - 12/19/2025 QTR: 2 CLK: 03:33,,,,,Foul,00:24.3,N/A,N/A,32:56.7,33:21.1,Alma Scots,WWW@AC,12/20/2025,2,3:33,Korbin Heitzman,,,,11 Korbin Heitzman > Post-Up > Left Block > Right Shoulder > Dribble Move > Foul
0,Korbin Heitzman,WWW@AC - 12/19/2025 QTR: 2,,,,,Free Throw,00:08.3,N/A,N/A,35:06.5,35:14.7,Alma Scots,WWW@AC,12/20/2025,2,,Korbin Heitzman,,,,11 Korbin Heitzman > Non Possession > Free Throw
0,Korbin Heitzman,WWW@AC - 12/19/2025 QTR: 2,,,,,Free Throw,00:09.4,N/A,N/A,35:18.9,35:28.3,Alma Scots,WWW@AC,12/20/2025,2,,Korbin Heitzman,,,,11 Korbin Heitzman > Non Possession > Free Throw
0,Tyshawn Teague-Johnson,WWW@AC - 12/19/2025 QTR: 2 CLK: 03:17,,,,,0 Pts,00:24.2,N/A,N/A,35:21.9,35:46.1,Wisconsin-(Whitewater) Warhawks,WWW@AC,12/20/2025,2,3:17,Tyshawn Teague-Johnson,,,,40 Tyshawn Teague-Johnson > Post-Up > Flash Middle > Left Shoulder > Dribble Move > To Basket > Make 2 Pts Foul > 0 Pts
0,Tyshawn Teague-Johnson,WWW@AC - 12/19/2025 QTR: 2,,,,,Free Throw,00:10.7,N/A,N/A,36:10.0,36:20.6,Wisconsin-(Whitewater) Warhawks,WWW@AC,12/20/2025,2,,Tyshawn Teague-Johnson,,,,40 Tyshawn Teague-Johnson > Non Possession > Free Throw
0,Tyshawn Teague-Johnson,WWW@AC - 12/19/2025 QTR: 2 CLK: 03:12,,,,,Make 3 Pts,00:02.8,N/A,N/A,36:20.6,36:23.5,Wisconsin-(Whitewater) Warhawks,WWW@AC,12/20/2025,2,3:12,Tyshawn Teague-Johnson,,,,40 Tyshawn Teague-Johnson > Spot-Up > No Dribble Jumper > Open > Long/3pt > Make 3 Pts
0,Donovan Collins,WWW@AC - 12/19/2025 QTR: 2 CLK: 03:09,,,,,Make 3 Pts,00:12.6,N/A,N/A,36:41.4,36:53.9,Alma Scots,WWW@AC,12/20/2025,2,3:09,Donovan Collins,,,,3 Donovan Collins > Hand Off > From Dribble > Top > No Dribble Jumper > Open > Long/3pt > Make 3 Pts
0,Trent Grunewald,WWW@AC - 12/19/2025 QTR: 2 CLK: 02:31,,,,,Miss 2 Pts,00:26.1,N/A,N/A,36:52.9,37:19.1,Wisconsin-(Whitewater) Warhawks,WWW@AC,12/20/2025,2,2:31,Trent Grunewald,,,,33 Trent Grunewald > Post-Up > Left Block > Right Shoulder > Dribble Move > To Drop Step > Miss 2 Pts
0,Donovan Collins,WWW@AC - 12/19/2025 QTR: 2 CLK: 02:22,,,,,Miss 3 Pts,00:19.7,N/A,N/A,37:11.3,37:31.1,Alma Scots,WWW@AC,12/20/2025,2,2:22,Donovan Collins,,,,3 Donovan Collins > Spot-Up > No Dribble Jumper > Open > Long/3pt > Miss 3 Pts
0,Korbin Heitzman,WWW@AC - 12/19/2025 QTR: 2 CLK: 02:22,,,,,Foul,00:08.4,N/A,N/A,37:22.7,37:31.1,Alma Scots,WWW@AC,12/20/2025,2,2:22,Korbin Heitzman,,,,11 Korbin Heitzman > Offensive Rebound > Short > Foul
0,Korbin Heitzman,WWW@AC - 12/19/2025 QTR: 2,,,,,Free Throw,00:09.3,N/A,N/A,37:42.1,37:51.4,Alma Scots,WWW@AC,12/20/2025,2,,Korbin Heitzman,,,,11 Korbin Heitzman > Non Possession > Free Throw
0,Korbin Heitzman,WWW@AC - 12/19/2025 QTR: 2,,,,,Free Throw,00:09.1,N/A,N/A,37:55.5,38:04.7,Alma Scots,WWW@AC,12/20/2025,2,,Korbin Heitzman,,,,11 Korbin Heitzman > Non Possession > Free Throw
0,Rashad Rogers,WWW@AC - 12/19/2025 QTR: 2 CLK: 02:00,,,,,Miss 2 Pts,00:28.8,N/A,N/A,38:05.4,38:34.2,Wisconsin-(Whitewater) Warhawks,WWW@AC,12/20/2025,2,2:00,Rashad Rogers,,,,35 Rashad Rogers > Post-Up > Left Block > Right Shoulder > Dribble Move > To Drop Step > Miss 2 Pts
0,Luciano Guerrazzi,WWW@AC - 12/19/2025 QTR: 2 CLK: 01:46,,,,,Turnover,00:19.7,N/A,N/A,38:26.7,38:46.3,Alma Scots,WWW@AC,12/20/2025,2,1:46,Luciano Guerrazzi,,,,21 Luciano Guerrazzi > No Play Type > Turnover
0,Rashad Rogers,WWW@AC - 12/19/2025 QTR: 2 CLK: 01:41,,,,,Make 2 Pts,00:11.6,N/A,N/A,38:39.9,38:51.5,Wisconsin-(Whitewater) Warhawks,WWW@AC,12/20/2025,2,1:41,Rashad Rogers,,,,35 Rashad Rogers > Transition > Right Wing > To Basket > Make 2 Pts
0,Donovan Collins,WWW@AC - 12/19/2025 QTR: 2 CLK: 01:19,,,,,Miss 3 Pts,00:28.7,N/A,N/A,38:50.6,39:19.2,Alma Scots,WWW@AC,12/20/2025,2,1:19,Donovan Collins,,,,3 Donovan Collins > Spot-Up > No Dribble Jumper > Guarded > Long/3pt > Miss 3 Pts
0,Isaiah Robinson,WWW@AC - 12/19/2025 QTR: 2 CLK: 00:57,,,,,Miss 3 Pts,00:18.7,N/A,N/A,39:30.0,39:48.6,Wisconsin-(Whitewater) Warhawks,WWW@AC,12/20/2025,2,0:57,Isaiah Robinson,,,,35 Rashad Rogers > Post-Up > Flash Middle > Defense Commits > Ball Delivered > 5 Isaiah Robinson > Spot-Up > No Dribble Jumper > Open > Long/3pt > Miss 3 Pts
0,Josh Elliott,WWW@AC - 12/19/2025 QTR: 2 CLK: 00:49,,,,,Miss 3 Pts,00:19.3,N/A,N/A,39:40.5,39:59.8,Alma Scots,WWW@AC,12/20/2025,2,0:49,Josh Elliott,,,,20 Josh Elliott > Transition > Left Wing > No Dribble Jumper > Open > Long/3pt > Miss 3 Pts
0,Mauryon Turner,WWW@AC - 12/19/2025 QTR: 2 CLK: 00:37,,,,,Make 2 Pts,00:16.3,N/A,N/A,39:50.2,40:06.5,Wisconsin-(Whitewater) Warhawks,WWW@AC,12/20/2025,2,0:37,Mauryon Turner,,,,23 Mauryon Turner > Transition > Left Wing > To Basket > Make 2 Pts
0,Joss Bradley,WWW@AC - 12/19/2025 QTR: 2 CLK: 00:25,,,,,Foul,00:17.9,N/A,N/A,40:05.5,40:23.5,Alma Scots,WWW@AC,12/20/2025,2,0:25,Joss Bradley,,,,10 Joss Bradley > P&R Ball Handler > High P&R > Dribble Off Pick > To Basket > Foul
0,Joss Bradley,WWW@AC - 12/19/2025 QTR: 2,,,,,Free Throw,00:08.2,N/A,N/A,40:34.5,40:42.6,Alma Scots,WWW@AC,12/20/2025,2,,Joss Bradley,,,,10 Joss Bradley > Non Possession > Free Throw
0,Joss Bradley,WWW@AC - 12/19/2025 QTR: 2,,,,,Free Throw,00:07.3,N/A,N/A,40:46.5,40:53.9,Alma Scots,WWW@AC,12/20/2025,2,,Joss Bradley,,,,10 Joss Bradley > Non Possession > Free Throw
0,Mauryon Turner,WWW@AC - 12/19/2025 QTR: 2,,,,,No Violation,00:18.9,N/A,N/A,40:56.4,41:15.3,Wisconsin-(Whitewater) Warhawks,WWW@AC,12/20/2025,2,,Mauryon Turner,,,,23 Mauryon Turner > Non Possession > No Violation
0,Trent Grunewald,WWW@AC - 12/19/2025 QTR: 2 CLK: 00:04,,,,,Turnover,00:08.1,N/A,N/A,41:21.3,41:29.3,Wisconsin-(Whitewater) Warhawks,WWW@AC,12/20/2025,2,0:04,Trent Grunewald,,,,33 Trent Grunewald > Off Screen > To Shooter's Left > Straight > Turnover
0,Luciano Guerrazzi,WWW@AC - 12/19/2025 QTR: 2 CLK: 00:01,,,,,Turnover,00:07.3,N/A,N/A,41:24.8,41:32.1,Alma Scots,WWW@AC,12/20/2025,2,0:01,Luciano Guerrazzi,,,,21 Luciano Guerrazzi > No Play Type > Turnover
0,Agape Keyes Jr.,WWW@AC - 12/19/2025 QTR: 2,,,,,Make 3 Pts,00:09.4,N/A,N/A,41:26.0,41:35.3,Wisconsin-(Whitewater) Warhawks,WWW@AC,12/20/2025,2,,Agape Keyes Jr.,,,,1 Agape Keyes Jr. > No Play Type > Dribble Jumper > Long/3pt > Make 3 Pts
0,Joss Bradley,WWW@AC - 12/19/2025 QTR: 2,,,,,No Violation,00:08.3,N/A,N/A,41:37.1,41:45.3,Alma Scots,WWW@AC,12/20/2025,2,,Joss Bradley,,,,10 Joss Bradley > Non Possession > No Violation
1,5 out(HI BS): m2m D(over-switch) ,WOS@WWW - 01/02/2026 QTR: 1 CLK: 19:42,,,,,Turnover,00:21.8,N/A,N/A,00:00.0,00:21.8,Wisconsin-(Oshkosh) Titans,WOS@WWW,1/3/2026,1,19:42,Carter Thomas,,,,21 Carter Thomas > No Play Type > Turnover
2,5 out(Over): m2m d ,WOS@WWW - 01/02/2026 QTR: 1,,,,,Non Shooting Foul,00:18.6,N/A,N/A,00:15.1,00:33.7,Wisconsin-(Whitewater) Warhawks,WOS@WWW,1/3/2026,1,,Collin Madson,,,,15 Collin Madson > Non Possession > Non Shooting Foul
3,blob(line)-m2m ,WOS@WWW - 01/02/2026 QTR: 1 CLK: 19:26,,,,,Make 2 Pts,00:09.8,N/A,N/A,00:50.3,01:00.1,Wisconsin-(Whitewater) Warhawks,WOS@WWW,1/3/2026,1,19:26,Richie Warren,,,,24 Richie Warren > Cut > Basket > Make 2 Pts
4,5 out(bs):m2m ,WOS@WWW - 01/02/2026 QTR: 1 CLK: 19:10,,,,,Make 3 Pts,00:16.5,N/A,N/A,00:59.2,01:15.7,Wisconsin-(Oshkosh) Titans,WOS@WWW,1/3/2026,1,19:10,Brandon Beck,,,,0 Brandon Beck > Spot-Up > No Dribble Jumper > Open > Long/3pt > Make 3 Pts
5,::Press(RJ),WOS@WWW - 01/02/2026 QTR: 1 CLK: 18:48,,,,,Foul,00:24.7,N/A,N/A,01:15.9,01:40.6,Wisconsin-(Whitewater) Warhawks,WOS@WWW,1/3/2026,1,18:48,Luke Bara,,,,24 Richie Warren > P&R Ball Handler > Right P&R > Side > Go Away from Pick > Defense Commits > Ball Delivered > 32 Luke Bara > Spot-Up > Drives Left > To Basket > Foul
6,5 out(over-swing-ricky):m2m ,WOS@WWW - 01/02/2026 QTR: 1 CLK: 18:27,,,,,Make 3 Pts,00:19.2,N/A,N/A,02:32.6,02:51.8,Wisconsin-(Oshkosh) Titans,WOS@WWW,1/3/2026,1,18:27,Oskar Kangas,,,,23 Oskar Kangas > Spot-Up > No Dribble Jumper > Guarded > Long/3pt > Make 3 Pts
7,::press(rj),WOS@WWW - 01/02/2026 QTR: 1 CLK: 18:15,,,,,Turnover,00:15.3,N/A,N/A,02:51.0,03:06.3,Wisconsin-(Whitewater) Warhawks,WOS@WWW,1/3/2026,1,18:15,Luke Bara,,,,32 Luke Bara > Transition > Ballhandler > Turnover
8,5out(pass-cut-bs):m2m ,WOS@WWW - 01/02/2026 QTR: 1 CLK: 17:57,,,,,Miss 2 Pts,00:17.9,N/A,N/A,03:14.0,03:31.9,Wisconsin-(Oshkosh) Titans,WOS@WWW,1/3/2026,1,17:57,Logan Rindfleisch,,,,5 Matt Imig > P&R Ball Handler > High P&R > Dribble Off Pick > Defense Commits > Ball Delivered > 13 Logan Rindfleisch > Spot-Up > Drives Left > To Basket > Miss 2 Pts
9,5out(pass corner-):m2m ,WOS@WWW - 01/02/2026 QTR: 1 CLK: 17:41,,,,,Make 2 Pts,00:18.9,N/A,N/A,03:47.7,04:06.5,Wisconsin-(Whitewater) Warhawks,WOS@WWW,1/3/2026,1,17:41,Brock Marino,,,,21 Brock Marino > Post-Up > Right Block > Post Pin > No Dribble Move > To Basket > Make 2 Pts
10,tran,WOS@WWW - 01/02/2026 QTR: 1 CLK: 17:33,,,,,Turnover,00:10.7,N/A,N/A,04:05.7,04:16.4,Wisconsin-(Oshkosh) Titans,WOS@WWW,1/3/2026,1,17:33,Nate Nazos,,,,10 Nate Nazos > Transition > Left Wing > Turnover
11,5out:m2m(rj),WOS@WWW - 01/02/2026 QTR: 1,,,,,Non Shooting Foul,00:18.2,N/A,N/A,04:21.4,04:39.6,Wisconsin-(Whitewater) Warhawks,WOS@WWW,1/3/2026,1,,Brock Marino,,,,21 Brock Marino > Non Possession > Non Shooting Foul
12,slob:m2m ,WOS@WWW - 01/02/2026 QTR: 1 CLK: 17:07,,,,,Miss 2 Pts,00:26.8,N/A,N/A,04:47.8,05:14.6,Wisconsin-(Whitewater) Warhawks,WOS@WWW,1/3/2026,1,17:07,Brock Marino,,,,21 Brock Marino > Post-Up > Right Block > Left Shoulder > Dribble Move > To Drop Step > Miss 2 Pts
13,5out(doubleclear):m2m ,WOS@WWW - 01/02/2026 QTR: 1,,,,,Miss 3 Pts,00:29.9,N/A,N/A,05:33.6,06:03.5,Wisconsin-(Oshkosh) Titans,WOS@WWW,1/3/2026,1,,Aiden Hawkinson,,,,1 Aiden Hawkinson > Spot-Up > No Dribble Jumper > Guarded > Long/3pt > Miss 3 Pts
14,5out(ds):m2m ,WOS@WWW - 01/02/2026 QTR: 1 CLK: 16:22,,,,,Make 3 Pts,00:18.4,N/A,N/A,06:15.6,06:34.0,Wisconsin-(Whitewater) Warhawks,WOS@WWW,1/3/2026,1,16:22,Luke Bara,,,,32 Luke Bara > Off Screen > To Shooter's Left > Straight > No Dribble Jumper > Open > Long/3pt > Make 3 Pts
15, 5out(bs):m2m(switch),WOS@WWW - 01/02/2026 QTR: 1 CLK: 16:02,,,,,Miss 3 Pts,00:24.2,N/A,N/A,06:33.2,06:57.4,Wisconsin-(Oshkosh) Titans,WOS@WWW,1/3/2026,1,16:02,Oskar Kangas,,,,11 Jay Dalton > P&R Ball Handler > High P&R > Dribble Off Pick > Defense Commits > Ball Delivered > 23 Oskar Kangas > Spot-Up > No Dribble Jumper > Guarded > Long/3pt > Miss 3 Pts
16,5out(bs-slip):Press(m2m),WOS@WWW - 01/02/2026 QTR: 1,,,,,Non Shooting Foul,00:26.8,N/A,N/A,06:49.7,07:16.5,Wisconsin-(Whitewater) Warhawks,WOS@WWW,1/3/2026,1,,Collin Madson,,,,15 Collin Madson > Non Possession > Non Shooting Foul
17,blob(line):m2m ,WOS@WWW - 01/02/2026 QTR: 1 CLK: 15:29,,,,,Miss 2 Pts,00:18.3,N/A,N/A,07:21.8,07:40.1,Wisconsin-(Whitewater) Warhawks,WOS@WWW,1/3/2026,1,15:29,Richie Warren,,,,24 Richie Warren > Spot-Up > Drives Left > Dribble Jumper > Short to < 17' > Miss 2 Pts
18,tran:m2m ,WOS@WWW - 01/02/2026 QTR: 1 CLK: 15:11,,,,,Turnover,00:27.0,N/A,N/A,07:32.1,07:59.1,Wisconsin-(Oshkosh) Titans,WOS@WWW,1/3/2026,1,15:11,Brandon Beck,,,,0 Brandon Beck > Spot-Up > Drives Left > To Basket > Turnover
19,::press(rj),WOS@WWW - 01/02/2026 QTR: 1 CLK: 15:06,,,,,Make 2 Pts,00:12.4,N/A,N/A,08:15.8,08:28.2,Wisconsin-(Whitewater) Warhawks,WOS@WWW,1/3/2026,1,15:06,Collin Madson,,,,15 Collin Madson > Transition > Ballhandler > To Basket > Make 2 Pts
20,::m2m,WOS@WWW - 01/02/2026 QTR: 1,,,,,Non Shooting Foul,00:09.2,N/A,N/A,08:27.4,08:36.6,Wisconsin-(Oshkosh) Titans,WOS@WWW,1/3/2026,1,,Michael Metcalf-Grassman,,,,4 Michael Metcalf-Grassman > Non Possession > Non Shooting Foul
21,blob(box-cornercut-flash):m2m ,WOS@WWW - 01/02/2026 QTR: 1,,,,,No Violation,00:11.9,N/A,N/A,08:59.6,09:11.5,Wisconsin-(Oshkosh) Titans,WOS@WWW,1/3/2026,1,,Matt Imig,,,,5 Matt Imig > Non Possession > No Violation
22,slob(bs):m2m (Stay),WOS@WWW - 01/02/2026 QTR: 1 CLK: 14:41,,,,,Miss 3 Pts,00:26.3,N/A,N/A,09:28.6,09:54.9,Wisconsin-(Oshkosh) Titans,WOS@WWW,1/3/2026,1,14:41,Matt Imig,,,,5 Matt Imig > Spot-Up > Drives Straight > Dribble Jumper > Long/3pt > Miss 3 Pts
23,Vitorio Dante,WOS@WWW - 01/02/2026 QTR: 1,,,,,Shot Clock Violation,00:01.4,N/A,N/A,09:54.9,09:56.3,Wisconsin-(Oshkosh) Titans,WOS@WWW,1/3/2026,1,,Vitorio Dante,,,,20 Vitorio Dante > Non Possession > Shot Clock Violation
24,:;press(rj),WOS@WWW - 01/02/2026 QTR: 1,,,,,No Violation,00:11.9,N/A,N/A,10:10.0,10:22.0,Wisconsin-(Whitewater) Warhawks,WOS@WWW,1/3/2026,1,,Luke Bara,,,,32 Luke Bara > Non Possession > No Violation
25,blob: m2m ,WOS@WWW - 01/02/2026 QTR: 1 CLK: 14:19,,,,,Miss 2 Pts,00:11.9,N/A,N/A,10:37.5,10:49.4,Wisconsin-(Whitewater) Warhawks,WOS@WWW,1/3/2026,1,14:19,Brock Marino,,,,21 Brock Marino > Post-Up > Flash Middle > Post Pin > Dribble Move > To Basket > Miss 2 Pts
26,bs:m2m(switch),WOS@WWW - 01/02/2026 QTR: 1 CLK: 14:01,,,,,Make 3 Pts,00:23.2,N/A,N/A,10:43.3,11:06.5,Wisconsin-(Oshkosh) Titans,WOS@WWW,1/3/2026,1,14:01,Matt Imig,,,,23 Oskar Kangas > P&R Ball Handler > High P&R > Dribble Off Pick > Defense Commits > Ball Delivered > 5 Matt Imig > Spot-Up > No Dribble Jumper > Guarded > Long/3pt > Make 3 Pts
27,5out(ds):press(rj),WOS@WWW - 01/02/2026 QTR: 1 CLK: 13:23,,,,,Miss 2 Pts,00:35.1,N/A,N/A,11:10.4,11:45.4,Wisconsin-(Whitewater) Warhawks,WOS@WWW,1/3/2026,1,13:23,Collin Madson,,,,15 Collin Madson > Post-Up > Left Block > Right Shoulder > Dribble Move > To Basket > Miss 2 Pts
28,tran,WOS@WWW - 01/02/2026 QTR: 1 CLK: 13:16,,,,,Make 3 Pts,00:12.7,N/A,N/A,11:39.3,11:52.0,Wisconsin-(Oshkosh) Titans,WOS@WWW,1/3/2026,1,13:16,Matt Imig,,,,5 Matt Imig > Transition > Left Wing > No Dribble Jumper > Open > Long/3pt > Make 3 Pts
29,:press(rj),WOS@WWW - 01/02/2026 QTR: 1 CLK: 13:07,,,,,Turnover,00:11.2,N/A,N/A,11:51.2,12:02.4,Wisconsin-(Whitewater) Warhawks,WOS@WWW,1/3/2026,1,13:07,Luke Bara,,,,32 Luke Bara > No Play Type > Turnover
30,double bs:(under),WOS@WWW - 01/02/2026 QTR: 1 CLK: 12:58,,,,,Make 3 Pts,00:14.5,N/A,N/A,12:18.6,12:33.1,Wisconsin-(Oshkosh) Titans,WOS@WWW,1/3/2026,1,12:58,Brandon Beck,,,,2 Joey LaChapell > P&R Ball Handler > High P&R > Dribble Off Pick > Defense Commits > Ball Delivered > 0 Brandon Beck > Spot-Up > No Dribble Jumper > Open > Long/3pt > Make 3 Pts
31,:press(rj),WOS@WWW - 01/02/2026 QTR: 1,,,,,No Violation,00:11.9,N/A,N/A,12:32.3,12:44.2,Wisconsin-(Whitewater) Warhawks,WOS@WWW,1/3/2026,1,,Richie Warren,,,,24 Richie Warren > Non Possession > No Violation
32,5out(stagger-bs):press(rj)(switch),WOS@WWW - 01/02/2026 QTR: 1,,,,,Miss 3 Pts,00:37.5,N/A,N/A,12:45.8,13:23.3,Wisconsin-(Whitewater) Warhawks,WOS@WWW,1/3/2026,1,,Darius Chestnut,,,,10 Darius Chestnut > No Play Type > Dribble Jumper > Long/3pt > Miss 3 Pts
33,double bs:m2m(show&GB),WOS@WWW - 01/02/2026 QTR: 1 CLK: 12:02,,,,,Make 3 Pts,00:18.4,N/A,N/A,13:42.4,14:00.8,Wisconsin-(Oshkosh) Titans,WOS@WWW,1/3/2026,1,12:02,Logan Rindfleisch,,,,5 Matt Imig > P&R Ball Handler > High P&R > Dribble Off Pick > Defense Commits > Ball Delivered > 13 Logan Rindfleisch > Spot-Up > No Dribble Jumper > Guarded > Long/3pt > Make 3 Pts
34,::press(rj),WOS@WWW - 01/02/2026 QTR: 1 CLK: 11:49,,,,,Miss 2 Pts,00:15.0,N/A,N/A,14:00.0,14:15.0,Wisconsin-(Whitewater) Warhawks,WOS@WWW,1/3/2026,1,11:49,Collin Madson,,,,15 Collin Madson > Transition > Left Wing > To Basket > Miss 2 Pts
35,blob(line):m2m ,WOS@WWW - 01/02/2026 QTR: 1 CLK: 11:43,,,,,Miss 2 Pts,00:14.0,N/A,N/A,14:22.1,14:36.1,Wisconsin-(Whitewater) Warhawks,WOS@WWW,1/3/2026,1,11:43,Jake Quast,,,,12 Jake Quast > Cut > Basket > Miss 2 Pts
36,tran,WOS@WWW - 01/02/2026 QTR: 1 CLK: 11:29,,,,,Make 3 Pts,00:17.5,N/A,N/A,14:27.0,14:44.6,Wisconsin-(Oshkosh) Titans,WOS@WWW,1/3/2026,1,11:29,Carter Thomas,,,,21 Carter Thomas > Transition > Trailer > No Dribble Jumper > Guarded > Long/3pt > Make 3 Pts
37,5out(ds):m2m(rj),WOS@WWW - 01/02/2026 QTR: 1 CLK: 11:03,,,,,Make 3 Pts,00:25.3,N/A,N/A,14:45.5,15:10.7,Wisconsin-(Whitewater) Warhawks,WOS@WWW,1/3/2026,1,11:03,Darius Chestnut,,,,10 Darius Chestnut > Spot-Up > No Dribble Jumper > Guarded > Long/3pt > Make 3 Pts
38,bs:m2m (drop),WOS@WWW - 01/02/2026 QTR: 1 CLK: 10:41,,,,,Miss 3 Pts,00:26.8,N/A,N/A,15:10.0,15:36.8,Wisconsin-(Oshkosh) Titans,WOS@WWW,1/3/2026,1,10:41,Michael Metcalf-Grassman,,,,4 Michael Metcalf-Grassman > Off Screen > To Shooter's Right > Straight > No Dribble Jumper > Open > Long/3pt > Miss 3 Pts
39,tran,WOS@WWW - 01/02/2026 QTR: 1 CLK: 10:33,,,,,Make 2 Pts,00:04.1,N/A,N/A,15:36.8,15:40.9,Wisconsin-(Whitewater) Warhawks,WOS@WWW,1/3/2026,1,10:33,Collin Madson,,,,15 Collin Madson > Transition > Ballhandler > To Basket > Make 2 Pts
40,::m2m ,WOS@WWW - 01/02/2026 QTR: 1 CLK: 10:15,,,,,Miss 3 Pts,00:22.2,N/A,N/A,15:40.2,16:02.4,Wisconsin-(Oshkosh) Titans,WOS@WWW,1/3/2026,1,10:15,Carter Thomas,,,,21 Carter Thomas > Spot-Up > No Dribble Jumper > Guarded > Long/3pt > Miss 3 Pts
41,5out(bs):m2m(switch),WOS@WWW - 01/02/2026 QTR: 1,,,,,No Violation,00:23.7,N/A,N/A,15:53.1,16:16.8,Wisconsin-(Whitewater) Warhawks,WOS@WWW,1/3/2026,1,,Collin Madson,,,,15 Collin Madson > Non Possession > No Violation
42,slob:m2m ,WOS@WWW - 01/02/2026 QTR: 1 CLK: 09:44,,,,,Miss 2 Pts,00:19.9,N/A,N/A,16:45.5,17:05.4,Wisconsin-(Whitewater) Warhawks,WOS@WWW,1/3/2026,1,9:44,Darius Chestnut,,,,12 Jake Quast > Post-Up > Left Block > Left Shoulder > Dribble Move > Defense Commits > Ball Delivered > 10 Darius Chestnut > Spot-Up > Drives Straight > Dribble Jumper > Medium/17' to <3p > Miss 2 Pts
43,bs(stay):m2m(over),WOS@WWW - 01/02/2026 QTR: 1 CLK: 09:31,,,,,Turnover,00:20.4,N/A,N/A,16:55.3,17:15.7,Wisconsin-(Oshkosh) Titans,WOS@WWW,1/3/2026,1,9:31,Logan Rindfleisch,,,,13 Logan Rindfleisch > No Play Type > Turnover
44,::press(rj),WOS@WWW - 01/02/2026 QTR: 1 CLK: 09:24,,,,,Miss 3 Pts,00:16.5,N/A,N/A,17:27.2,17:43.8,Wisconsin-(Whitewater) Warhawks,WOS@WWW,1/3/2026,1,9:24,Jake Quast,,,,12 Jake Quast > Transition > Right Wing > Dribble Jumper > Long/3pt > Miss 3 Pts
45,::m2m(double madz),WOS@WWW - 01/02/2026 QTR: 1 CLK: 09:06,,,,,Miss 3 Pts,00:18.5,N/A,N/A,17:43.8,18:02.3,Wisconsin-(Whitewater) Warhawks,WOS@WWW,1/3/2026,1,9:06,Jr Lukenbill,,,,11 Jr Lukenbill > Spot-Up > No Dribble Jumper > Guarded > Long/3pt > Miss 3 Pts
46,spain:m2m(switch),WOS@WWW - 01/02/2026 QTR: 1 CLK: 08:51,,,,,Miss 2 Pts,00:15.7,N/A,N/A,18:21.1,18:36.8,Wisconsin-(Oshkosh) Titans,WOS@WWW,1/3/2026,1,8:51,Brandon Beck,,,,2 Joey LaChapell > P&R Ball Handler > High P&R > Dribble Off Pick > Defense Commits > Ball Delivered > 0 Brandon Beck > Spot-Up > Drives Right > To Basket > Miss 2 Pts
47, oreb,WOS@WWW - 01/02/2026 QTR: 1 CLK: 08:51,,,,,Make 2 Pts,00:08.3,N/A,N/A,18:28.5,18:36.8,Wisconsin-(Oshkosh) Titans,WOS@WWW,1/3/2026,1,8:51,Brandon Beck,,,,0 Brandon Beck > Offensive Rebound > Short > Scoring Attempt > At Basket > Make 2 Pts
48,cheetah:m2m(rj),WOS@WWW - 01/02/2026 QTR: 1 CLK: 08:25,,,,,Make 3 Pts,00:22.8,N/A,N/A,18:38.1,19:00.9,Wisconsin-(Whitewater) Warhawks,WOS@WWW,1/3/2026,1,8:25,Collin Madson,,,,15 Collin Madson > P&R Ball Handler > High P&R > Dribble Off Pick > Dribble Jumper > Long/3pt > Make 3 Pts
49,::m2m,WOS@WWW - 01/02/2026 QTR: 1 CLK: 08:16,,,,,Make 3 Pts,00:09.7,N/A,N/A,19:00.2,19:09.9,Wisconsin-(Oshkosh) Titans,WOS@WWW,1/3/2026,1,8:16,Michael Metcalf-Grassman,,,,4 Michael Metcalf-Grassman > Transition > Left Wing > No Dribble Jumper > Guarded > Long/3pt > Make 3 Pts
50,::press(rj),WOS@WWW - 01/02/2026 QTR: 1 CLK: 07:53,,,,,Miss 3 Pts,00:26.1,N/A,N/A,19:09.1,19:35.2,Wisconsin-(Whitewater) Warhawks,WOS@WWW,1/3/2026,1,7:53,Collin Madson,,,,15 Collin Madson > ISO > Right > Early Jumper > Dribble Jumper > Long/3pt > Miss 3 Pts
51,::m2m,WOS@WWW - 01/02/2026 QTR: 1,,,,,No Violation,00:23.9,N/A,N/A,19:25.5,19:49.4,Wisconsin-(Oshkosh) Titans,WOS@WWW,1/3/2026,1,,Joey LaChapell,,,,2 Joey LaChapell > Non Possession > No Violation
52,ATO-5out(bs):m2m (drop),WOS@WWW - 01/02/2026 QTR: 1 CLK: 07:34,,,,,Turnover,00:12.9,N/A,N/A,19:52.6,20:05.5,Wisconsin-(Oshkosh) Titans,WOS@WWW,1/3/2026,1,7:34,Joey LaChapell,,,,2 Joey LaChapell > P&R Ball Handler > High P&R > Dribble Off Pick > Defense Commits > Turnover
53,5out(over):m2m(rj),WOS@WWW - 01/02/2026 QTR: 1 CLK: 07:19,,,,,Make 2 Pts,00:22.1,N/A,N/A,20:21.1,20:43.2,Wisconsin-(Whitewater) Warhawks,WOS@WWW,1/3/2026,1,7:19,Richie Warren,,,,24 Richie Warren > Spot-Up > Drives Right > To Basket > Make 2 Pts
54,5out:m2m ,WOS@WWW - 01/02/2026 QTR: 1,,,,,No Violation,00:15.9,N/A,N/A,20:42.3,20:58.2,Wisconsin-(Oshkosh) Titans,WOS@WWW,1/3/2026,1,,Vitorio Dante,,,,20 Vitorio Dante > Non Possession > No Violation
55,Aiden Hawkinson,WOS@WWW - 01/02/2026 QTR: 1 CLK: 06:46,,,,,Miss 3 Pts,00:27.5,N/A,N/A,21:06.9,21:34.4,Wisconsin-(Oshkosh) Titans,WOS@WWW,1/3/2026,1,6:46,Aiden Hawkinson,,,,1 Aiden Hawkinson > Spot-Up > Drives Left > Dribble Jumper > Long/3pt > Miss 3 Pts
56,5out(ds)::m2m,WOS@WWW - 01/02/2026 QTR: 1 CLK: 06:26,,,,,Make 2 Pts,00:25.2,N/A,N/A,21:25.4,21:50.6,Wisconsin-(Whitewater) Warhawks,WOS@WWW,1/3/2026,1,6:26,Richie Warren,,,,24 Richie Warren > Post-Up > Right Block > Left Shoulder > Dribble Move > To Jumper > Make 2 Pts
57,5out(bs):m2m(under),WOS@WWW - 01/02/2026 QTR: 1 CLK: 06:11,,,,,Miss 2 Pts,00:17.0,N/A,N/A,21:49.8,22:06.8,Wisconsin-(Oshkosh) Titans,WOS@WWW,1/3/2026,1,6:11,Matt Imig,,,,5 Matt Imig > P&R Ball Handler > High P&R > Dribble Off Pick > To Basket > Miss 2 Pts
58,blob(box-cut corner-pop):m2m ,WOS@WWW - 01/02/2026 QTR: 1 CLK: 06:05,,,,,Make 2 Pts,00:10.5,N/A,N/A,22:26.7,22:37.2,Wisconsin-(Oshkosh) Titans,WOS@WWW,1/3/2026,1,6:05,Joey LaChapell,,,,2 Joey LaChapell > Hand Off > From Dribble > Top > To Basket > Make 2 Pts
59,::press(rj),WOS@WWW - 01/02/2026 QTR: 1 CLK: 05:36,,,,,Make 2 Pts,00:30.1,N/A,N/A,22:36.4,23:06.5,Wisconsin-(Whitewater) Warhawks,WOS@WWW,1/3/2026,1,5:36,Richie Warren,,,,24 Richie Warren > ISO > Top > Drives Right > To Basket > Make 2 Pts
60,::m2m ,WOS@WWW - 01/02/2026 QTR: 1 CLK: 05:17,,,,,Foul,00:16.4,N/A,N/A,23:05.7,23:22.1,Wisconsin-(Oshkosh) Titans,WOS@WWW,1/3/2026,1,5:17,Carter Thomas,,,,21 Carter Thomas > Spot-Up > Drives Right > To Basket > Foul
61,cheetah:press(rj)(switch),WOS@WWW - 01/02/2026 QTR: 1 CLK: 04:58,,,,,Turnover,00:24.1,N/A,N/A,24:07.2,24:31.3,Wisconsin-(Whitewater) Warhawks,WOS@WWW,1/3/2026,1,4:58,Richie Warren,,,,24 Richie Warren > Spot-Up > Drives Right > Turnover
62,tran,WOS@WWW - 01/02/2026 QTR: 1 CLK: 04:52,,,,,Make 2 Pts,00:10.2,N/A,N/A,24:25.0,24:35.2,Wisconsin-(Oshkosh) Titans,WOS@WWW,1/3/2026,1,4:52,Michael Metcalf-Grassman,,,,4 Michael Metcalf-Grassman > Transition > Right Wing > To Basket > Make 2 Pts
63,tran,WOS@WWW - 01/02/2026 QTR: 1 CLK: 04:26,,,,,Miss 2 Pts,00:12.1,N/A,N/A,25:39.6,25:51.7,Wisconsin-(Whitewater) Warhawks,WOS@WWW,1/3/2026,1,4:26,Luke Bara,,,,32 Luke Bara > Transition > Ballhandler > To Basket > Miss 2 Pts
64,blob(line): m2m ,WOS@WWW - 01/02/2026 QTR: 1 CLK: 04:17,,,,,Make 3 Pts,00:13.7,N/A,N/A,26:09.2,26:22.9,Wisconsin-(Whitewater) Warhawks,WOS@WWW,1/3/2026,1,4:17,Luke Bara,,,,32 Luke Bara > Spot-Up > No Dribble Jumper > Guarded > Long/3pt > Make 3 Pts
65,tran,WOS@WWW - 01/02/2026 QTR: 1 CLK: 04:10,,,,,Miss 2 Pts,00:10.6,N/A,N/A,26:22.1,26:32.7,Wisconsin-(Oshkosh) Titans,WOS@WWW,1/3/2026,1,4:10,Logan Rindfleisch,,,,13 Logan Rindfleisch > Transition > Left Wing > To Basket > Miss 2 Pts
66,5out(bs-reject):m2m ,WOS@WWW - 01/02/2026 QTR: 1 CLK: 03:54,,,,,Miss 3 Pts,00:24.8,N/A,N/A,26:25.9,26:50.7,Wisconsin-(Whitewater) Warhawks,WOS@WWW,1/3/2026,1,3:54,Richie Warren,,,,32 Luke Bara > P&R Ball Handler > High P&R > Go Away from Pick > Defense Commits > Ball Delivered > 24 Richie Warren > Spot-Up > No Dribble Jumper > Open > Long/3pt > Miss 3 Pts
67,oreb,WOS@WWW - 01/02/2026 QTR: 1 CLK: 03:45,,,,,Miss 3 Pts,00:05.7,N/A,N/A,26:50.7,26:56.4,Wisconsin-(Whitewater) Warhawks,WOS@WWW,1/3/2026,1,3:45,Luke Bara,,,,32 Luke Bara > Spot-Up > Drives Left > Dribble Jumper > Long/3pt > Miss 3 Pts
68,spain:m2m (stay),WOS@WWW - 01/02/2026 QTR: 1 CLK: 03:32,,,,,Miss 3 Pts,00:13.5,N/A,N/A,27:12.4,27:25.9,Wisconsin-(Oshkosh) Titans,WOS@WWW,1/3/2026,1,3:32,Carter Thomas,,,,2 Joey LaChapell > P&R Ball Handler > High P&R > Dribble Off Pick > Defense Commits > Ball Delivered > 21 Carter Thomas > Spot-Up > No Dribble Jumper > Guarded > Long/3pt > Miss 3 Pts
69,5out(bs-ghost):press(m2m),WOS@WWW - 01/02/2026 QTR: 1 CLK: 03:10,,,,,Miss 2 Pts,00:32.3,N/A,N/A,27:17.5,27:49.8,Wisconsin-(Whitewater) Warhawks,WOS@WWW,1/3/2026,1,3:10,Luke Bara,,,,32 Luke Bara > ISO > Right > Drives Left > To Basket > Miss 2 Pts
70,blob(line);m2m ,WOS@WWW - 01/02/2026 QTR: 1 CLK: 03:02,,,,,Miss 3 Pts,00:11.7,N/A,N/A,28:01.8,28:13.6,Wisconsin-(Whitewater) Warhawks,WOS@WWW,1/3/2026,1,3:02,Collin Madson,,,,15 Collin Madson > Off Screen > To Shooter's Right > Straight > No Dribble Jumper > Guarded > Long/3pt > Miss 3 Pts
71,tran,WOS@WWW - 01/02/2026 QTR: 1,,,,,No Violation,00:13.9,N/A,N/A,28:06.1,28:20.1,Wisconsin-(Oshkosh) Titans,WOS@WWW,1/3/2026,1,,Michael Metcalf-Grassman,,,,4 Michael Metcalf-Grassman > Non Possession > No Violation
72, blob(box-sts):m2m ,WOS@WWW - 01/02/2026 QTR: 1 CLK: 02:48,,,,,Miss 2 Pts,00:19.3,N/A,N/A,28:37.3,28:56.5,Wisconsin-(Oshkosh) Titans,WOS@WWW,1/3/2026,1,2:48,Logan Rindfleisch,,,,13 Logan Rindfleisch > Spot-Up > Drives Left > To Basket > Miss 2 Pts
73,:press(rj),WOS@WWW - 01/02/2026 QTR: 1 CLK: 02:34,,,,,Miss 3 Pts,00:25.6,N/A,N/A,28:48.5,29:14.1,Wisconsin-(Whitewater) Warhawks,WOS@WWW,1/3/2026,1,2:34,Jr Lukenbill,,,,11 Jr Lukenbill > Transition > Left Wing > No Dribble Jumper > Open > Long/3pt > Miss 3 Pts
74,Brock Marino,WOS@WWW - 01/02/2026 QTR: 1 CLK: 02:30,,,,,Foul,00:00.0,N/A,N/A,29:14.1,29:14.1,Wisconsin-(Whitewater) Warhawks,WOS@WWW,1/3/2026,1,2:30,Brock Marino,,,,21 Brock Marino > Offensive Rebound > Short > Scoring Attempt > At Basket > Foul
75,5out(p-wing-over-zoom):m2m(tl),WOS@WWW - 01/02/2026 QTR: 1,,,,,No Violation,00:18.0,N/A,N/A,30:01.3,30:19.3,Wisconsin-(Oshkosh) Titans,WOS@WWW,1/3/2026,1,,Oskar Kangas,,,,23 Oskar Kangas > Non Possession > No Violation
76,blob(box-cutcorner-flash-iso):m2m ,WOS@WWW - 01/02/2026 QTR: 1 CLK: 02:09,,,,,Make 2 Pts,00:09.6,N/A,N/A,30:38.3,30:47.9,Wisconsin-(Oshkosh) Titans,WOS@WWW,1/3/2026,1,2:09,Brandon Beck,,,,0 Brandon Beck > Cut > Flash > Make 2 Pts
77,:press(rj),WOS@WWW - 01/02/2026 QTR: 1 CLK: 01:51,,,,,Make 2 Pts,00:18.8,N/A,N/A,30:47.1,31:05.9,Wisconsin-(Whitewater) Warhawks,WOS@WWW,1/3/2026,1,1:51,Brock Marino,,,,32 Luke Bara > P&R Ball Handler > High P&R > Go Away from Pick > Defense Commits > Ball Delivered > 21 Brock Marino > P&R Roll Man > Rolls to Basket > Make 2 Pts
78,tran,WOS@WWW - 01/02/2026 QTR: 1 CLK: 01:41,,,,,Make 3 Pts,00:10.7,N/A,N/A,31:05.2,31:15.9,Wisconsin-(Oshkosh) Titans,WOS@WWW,1/3/2026,1,1:41,Michael Metcalf-Grassman,,,,4 Michael Metcalf-Grassman > Transition > Trailer > No Dribble Jumper > Guarded > Long/3pt > Make 3 Pts
79,:press(rj),WOS@WWW - 01/02/2026 QTR: 1,,,,,No Violation,00:16.3,N/A,N/A,31:15.6,31:31.9,Wisconsin-(Whitewater) Warhawks,WOS@WWW,1/3/2026,1,,Tyshawn Teague-Johnson,,,,40 Tyshawn Teague-Johnson > Non Possession > No Violation
80,blob(line):m2m,WOS@WWW - 01/02/2026 QTR: 1 CLK: 01:17,,,,,Make 2 Pts,00:16.9,N/A,N/A,31:49.9,32:06.8,Wisconsin-(Whitewater) Warhawks,WOS@WWW,1/3/2026,1,1:17,Jake Quast,,,,21 Brock Marino > Post-Up > Right Block > Right Shoulder > Dribble Move > Defense Commits > Ball Delivered > 12 Jake Quast > Cut > Basket > Make 2 Pts
81,:m2m,WOS@WWW - 01/02/2026 QTR: 1 CLK: 01:05,,,,,Turnover,00:12.2,N/A,N/A,32:09.3,32:21.5,Wisconsin-(Oshkosh) Titans,WOS@WWW,1/3/2026,1,1:05,Jay Dalton,,,,11 Jay Dalton > No Play Type > Turnover
82,5out(ghost):m2m(tl),WOS@WWW - 01/02/2026 QTR: 1 CLK: 00:44,,,,,Miss 3 Pts,00:27.7,N/A,N/A,33:10.2,33:38.0,Wisconsin-(Oshkosh) Titans,WOS@WWW,1/3/2026,1,0:44,Brandon Beck,,,,2 Joey LaChapell > P&R Ball Handler > High P&R > Dribble Off Pick > Defense Commits > Ball Delivered > 0 Brandon Beck > P&R Roll Man > Pick and Pops > No Dribble Jumper > Guarded > Long/3pt > Miss 3 Pts
83,5OUT(BS):press(RJ)(SWITCH),WOS@WWW - 01/02/2026 QTR: 1 CLK: 00:17,,,,,Miss 3 Pts,00:33.7,N/A,N/A,33:28.0,34:01.6,Wisconsin-(Whitewater) Warhawks,WOS@WWW,1/3/2026,1,0:17,Collin Madson,,,,32 Luke Bara > P&R Ball Handler > High P&R > Dribble Off Pick > Defense Commits > Ball Delivered > 15 Collin Madson > Spot-Up > No Dribble Jumper > Guarded > Long/3pt > Miss 3 Pts
84,5OUT(BS):M2M(SWITCH),WOS@WWW - 01/02/2026 QTR: 1,,,,,Miss 2 Pts,00:25.5,N/A,N/A,33:54.7,34:20.2,Wisconsin-(Oshkosh) Titans,WOS@WWW,1/3/2026,1,,Joey LaChapell,,,,2 Joey LaChapell > ISO > Top > Drives Right > Dribble Jumper > Short to < 17' > Miss 2 Pts
85,2NDH-5OUT(DOUBLECUT):M2M ,WOS@WWW - 01/02/2026 QTR: 2 CLK: 19:51,,,,,Turnover,00:13.8,N/A,N/A,34:20.0,34:33.8,Wisconsin-(Oshkosh) Titans,WOS@WWW,1/3/2026,2,19:51,Joey LaChapell,,,,2 Joey LaChapell > Spot-Up > Drives Right > Turnover
86,::PRESS(RJ),WOS@WWW - 01/02/2026 QTR: 2,,,,,No Violation,00:15.9,N/A,N/A,34:27.7,34:43.6,Wisconsin-(Whitewater) Warhawks,WOS@WWW,1/3/2026,2,,Luke Bara,,,,32 Luke Bara > Non Possession > No Violation
87,SLOB: ,WOS@WWW - 01/02/2026 QTR: 2,,,,,Non Shooting Foul,00:10.3,N/A,N/A,34:48.5,34:58.7,Wisconsin-(Whitewater) Warhawks,WOS@WWW,1/3/2026,2,,Luke Bara,,,,32 Luke Bara > Non Possession > Non Shooting Foul
88,BLOB:M2M ,WOS@WWW - 01/02/2026 QTR: 2 CLK: 19:35,,,,,Make 2 Pts,00:09.6,N/A,N/A,35:08.6,35:18.2,Wisconsin-(Whitewater) Warhawks,WOS@WWW,1/3/2026,2,19:35,Brock Marino,,,,21 Brock Marino > Cut > Basket > Make 2 Pts
89,::M2M ,WOS@WWW - 01/02/2026 QTR: 2 CLK: 19:23,,,,,Make 2 Pts,00:13.2,N/A,N/A,35:17.4,35:30.6,Wisconsin-(Oshkosh) Titans,WOS@WWW,1/3/2026,2,19:23,Michael Metcalf-Grassman,,,,4 Michael Metcalf-Grassman > Spot-Up > Drives Right > To Basket > Make 2 Pts
90,5OUT(DS):PRESS(RJ)(SWITCH)(DENYmadz),WOS@WWW - 01/02/2026 QTR: 2 CLK: 18:59,,,,,Turnover,00:26.2,N/A,N/A,35:29.8,35:56.0,Wisconsin-(Whitewater) Warhawks,WOS@WWW,1/3/2026,2,18:59,Brock Marino,,,,21 Brock Marino > No Play Type > Turnover
91,tran,WOS@WWW - 01/02/2026 QTR: 2 CLK: 18:54,,,,,Miss 2 Pts,00:11.7,N/A,N/A,35:49.9,36:01.6,Wisconsin-(Oshkosh) Titans,WOS@WWW,1/3/2026,2,18:54,Michael Metcalf-Grassman,,,,4 Michael Metcalf-Grassman > Transition > Ballhandler > To Basket > Miss 2 Pts
92,tran,WOS@WWW - 01/02/2026 QTR: 2,,,,,Run Offense,00:07.7,N/A,N/A,35:53.9,36:01.6,Wisconsin-(Oshkosh) Titans,WOS@WWW,1/3/2026,2,,Nate Nazos,,,,10 Nate Nazos > Offensive Rebound > Long > Run Offense
93,tran,WOS@WWW - 01/02/2026 QTR: 2 CLK: 18:50,,,,,Make 3 Pts,00:10.0,N/A,N/A,35:53.9,36:03.9,Wisconsin-(Oshkosh) Titans,WOS@WWW,1/3/2026,2,18:50,Carter Thomas,,,,21 Carter Thomas > Spot-Up > No Dribble Jumper > Guarded > Long/3pt > Make 3 Pts
94,:press(rj),WOS@WWW - 01/02/2026 QTR: 2,,,,,No Violation,00:15.0,N/A,N/A,36:03.1,36:18.1,Wisconsin-(Whitewater) Warhawks,WOS@WWW,1/3/2026,2,,Jr Lukenbill,,,,11 Jr Lukenbill > Non Possession > No Violation
95,blob: m2m ,WOS@WWW - 01/02/2026 QTR: 2 CLK: 18:24,,,,,Miss 2 Pts,00:23.5,N/A,N/A,36:36.9,37:00.4,Wisconsin-(Whitewater) Warhawks,WOS@WWW,1/3/2026,2,18:24,Richie Warren,,,,24 Richie Warren > Cut > Basket > Miss 2 Pts
96,5out(bs):m2m(switch),WOS@WWW - 01/02/2026 QTR: 2 CLK: 18:07,,,,,Turnover,00:24.3,N/A,N/A,36:52.3,37:16.5,Wisconsin-(Oshkosh) Titans,WOS@WWW,1/3/2026,2,18:07,Matt Imig,,,,23 Oskar Kangas > P&R Ball Handler > Right P&R > Baseline > Dribble Off Pick > Defense Commits > Ball Delivered > 5 Matt Imig > Cut > Basket > Turnover
97,cheetah:presss(rj),WOS@WWW - 01/02/2026 QTR: 2 CLK: 17:47,,,,,Miss 2 Pts,00:26.2,N/A,N/A,37:10.4,37:36.6,Wisconsin-(Whitewater) Warhawks,WOS@WWW,1/3/2026,2,17:47,Collin Madson,,,,15 Collin Madson > ISO > Right > Drives Right > To Basket > Miss 2 Pts
98,blob:m2m ,WOS@WWW - 01/02/2026 QTR: 2 CLK: 17:45,,,,,Turnover,00:11.8,N/A,N/A,37:52.5,38:04.3,Wisconsin-(Whitewater) Warhawks,WOS@WWW,1/3/2026,2,17:45,Luke Bara,,,,32 Luke Bara > No Play Type > Turnover
99,::m2m ,WOS@WWW - 01/02/2026 QTR: 2 CLK: 17:36,,,,,Miss 2 Pts,00:11.9,N/A,N/A,38:14.9,38:26.8,Wisconsin-(Oshkosh) Titans,WOS@WWW,1/3/2026,2,17:36,Michael Metcalf-Grassman,,,,4 Michael Metcalf-Grassman > Spot-Up > Drives Right > To Basket > Miss 2 Pts
100,::m2m ,WOS@WWW - 01/02/2026 QTR: 2 CLK: 17:22,,,,,1 Pts,00:20.8,N/A,N/A,38:19.0,38:39.8,Wisconsin-(Whitewater) Warhawks,WOS@WWW,1/3/2026,2,17:22,Brock Marino,,,,32 Luke Bara > P&R Ball Handler > High P&R > Dribble Off Pick > Defense Commits > Ball Delivered > 21 Brock Marino > P&R Roll Man > Pick and Pops > Drives Left > To Basket > Make 2 Pts Foul > 1 Pts
101,::m2m ,WOS@WWW - 01/02/2026 QTR: 2 CLK: 17:12,,,,,1 Pts,00:13.3,N/A,N/A,39:02.6,39:15.9,Wisconsin-(Oshkosh) Titans,WOS@WWW,1/3/2026,2,17:12,Michael Metcalf-Grassman,,,,4 Michael Metcalf-Grassman > Cut > Basket > Make 2 Pts Foul > 1 Pts
102,BS(reject):press(rj),WOS@WWW - 01/02/2026 QTR: 2 CLK: 16:55,,,,,Make 2 Pts,00:21.1,N/A,N/A,39:39.5,40:00.6,Wisconsin-(Whitewater) Warhawks,WOS@WWW,1/3/2026,2,16:55,Collin Madson,,,,15 Collin Madson > P&R Ball Handler > Right P&R > Side > Go Away from Pick > Dribble Jumper > Short to < 17' > Make 2 Pts
103,::m2m ,WOS@WWW - 01/02/2026 QTR: 2 CLK: 16:43,,,,,Foul,00:06.9,N/A,N/A,40:04.1,40:11.1,Wisconsin-(Oshkosh) Titans,WOS@WWW,1/3/2026,2,16:43,Michael Metcalf-Grassman,,,,4 Michael Metcalf-Grassman > Transition > Ballhandler > To Basket > Foul
104,::press(rj),WOS@WWW - 01/02/2026 QTR: 2 CLK: 16:42,,,,,Turnover,00:09.8,N/A,N/A,41:06.4,41:16.2,Wisconsin-(Whitewater) Warhawks,WOS@WWW,1/3/2026,2,16:42,Richie Warren,,,,24 Richie Warren > No Play Type > Turnover
105,5out(DD):m2m ,WOS@WWW - 01/02/2026 QTR: 2 CLK: 16:09,,,,,Miss 2 Pts,00:41.5,N/A,N/A,41:09.1,41:50.6,Wisconsin-(Oshkosh) Titans,WOS@WWW,1/3/2026,2,16:09,Logan Rindfleisch,,,,13 Logan Rindfleisch > P&R Ball Handler > Left P&R > Side > Go Away from Pick > Dribble Jumper > Short to < 17' > Miss 2 Pts
106,::press(RJ),WOS@WWW - 01/02/2026 QTR: 2,,,,,Non Shooting Foul,00:18.7,N/A,N/A,41:42.0,42:00.7,Wisconsin-(Whitewater) Warhawks,WOS@WWW,1/3/2026,2,,Luke Bara,,,,32 Luke Bara > Non Possession > Non Shooting Foul
107,::press(rj),WOS@WWW - 01/02/2026 QTR: 2 CLK: 15:57,,,,,Turnover,00:07.1,N/A,N/A,42:19.6,42:26.7,Wisconsin-(Whitewater) Warhawks,WOS@WWW,1/3/2026,2,15:57,Richie Warren,,,,24 Richie Warren > No Play Type > Turnover
108,tran,WOS@WWW - 01/02/2026 QTR: 2 CLK: 15:53,,,,,Make 2 Pts,00:07.9,N/A,N/A,42:21.6,42:29.5,Wisconsin-(Oshkosh) Titans,WOS@WWW,1/3/2026,2,15:53,Michael Metcalf-Grassman,,,,4 Michael Metcalf-Grassman > Transition > Right Wing > To Basket > Make 2 Pts
109,::press(rj),WOS@WWW - 01/02/2026 QTR: 2 CLK: 15:48,,,,,Turnover,00:06.5,N/A,N/A,42:28.7,42:35.1,Wisconsin-(Whitewater) Warhawks,WOS@WWW,1/3/2026,2,15:48,Jr Lukenbill,,,,11 Jr Lukenbill > No Play Type > Turnover
110,tran,WOS@WWW - 01/02/2026 QTR: 2 CLK: 15:48,,,,,Foul,00:09.0,N/A,N/A,42:30.3,42:39.3,Wisconsin-(Oshkosh) Titans,WOS@WWW,1/3/2026,2,15:48,Carter Thomas,,,,21 Carter Thomas > No Play Type > To Basket > Foul
111,:Press(rj),WOS@WWW - 01/02/2026 QTR: 2,,,,,No Violation,00:07.1,N/A,N/A,43:09.8,43:16.8,Wisconsin-(Whitewater) Warhawks,WOS@WWW,1/3/2026,2,,Richie Warren,,,,24 Richie Warren > Non Possession > No Violation
112,twin:press(rj),WOS@WWW - 01/02/2026 QTR: 2 CLK: 15:24,,,,,Foul,00:32.4,N/A,N/A,43:41.8,44:14.2,Wisconsin-(Whitewater) Warhawks,WOS@WWW,1/3/2026,2,15:24,Collin Madson,,,,15 Collin Madson > ISO > Right > Drives Right > To Basket > Foul
113,set:m2m ,WOS@WWW - 01/02/2026 QTR: 2,,,,,Non Shooting Foul,00:08.9,N/A,N/A,44:55.6,45:04.6,Wisconsin-(Oshkosh) Titans,WOS@WWW,1/3/2026,2,,Brandon Beck,,,,0 Brandon Beck > Non Possession > Non Shooting Foul
114,blob(box-sts):m2m ,WOS@WWW - 01/02/2026 QTR: 2 CLK: 14:59,,,,,Miss 2 Pts,00:25.4,N/A,N/A,45:32.6,45:58.1,Wisconsin-(Oshkosh) Titans,WOS@WWW,1/3/2026,2,14:59,Oskar Kangas,,,,5 Matt Imig > P&R Ball Handler > High P&R > Dribble Off Pick > Defense Commits > Ball Delivered > 23 Oskar Kangas > P&R Roll Man > Rolls to Basket > Miss 2 Pts
115,:press(rj),WOS@WWW - 01/02/2026 QTR: 2 CLK: 14:43,,,,,Foul,00:22.3,N/A,N/A,45:50.0,46:12.2,Wisconsin-(Whitewater) Warhawks,WOS@WWW,1/3/2026,2,14:43,Luke Bara,,,,32 Luke Bara > ISO > Right > Drives Left > To Basket > Foul
116,spain:m2m(stay),WOS@WWW - 01/02/2026 QTR: 2 CLK: 14:29,,,,,Make 3 Pts,00:12.2,N/A,N/A,47:06.1,47:18.3,Wisconsin-(Oshkosh) Titans,WOS@WWW,1/3/2026,2,14:29,Nate Nazos,,,,2 Joey LaChapell > P&R Ball Handler > High P&R > Dribble Off Pick > Defense Commits > Ball Delivered > 10 Nate Nazos > Spot-Up > No Dribble Jumper > Open > Long/3pt > Make 3 Pts
117,panther:press(rj),WOS@WWW - 01/02/2026 QTR: 2,,,,,Non Shooting Foul,00:27.3,N/A,N/A,47:17.5,47:44.8,Wisconsin-(Whitewater) Warhawks,WOS@WWW,1/3/2026,2,,Brock Marino,,,,21 Brock Marino > Non Possession > Non Shooting Foul
118,blob:m2m,WOS@WWW - 01/02/2026 QTR: 2 CLK: 14:05,,,,,Foul,00:06.7,N/A,N/A,47:58.6,48:05.3,Wisconsin-(Whitewater) Warhawks,WOS@WWW,1/3/2026,2,14:05,Jake Quast,,,,12 Jake Quast > No Play Type > Foul
119,blob(iso):m2m ,WOS@WWW - 01/02/2026 QTR: 2 CLK: 13:49,,,,,Make 2 Pts,00:07.8,N/A,N/A,48:49.0,48:56.8,Wisconsin-(Oshkosh) Titans,WOS@WWW,1/3/2026,2,13:49,Brandon Beck,,,,0 Brandon Beck > Cut > Basket > Make 2 Pts
120,::press(rj),WOS@WWW - 01/02/2026 QTR: 2,,,,,Out of Bound 5 Sec Violation,00:09.9,N/A,N/A,48:56.1,49:06.0,Wisconsin-(Whitewater) Warhawks,WOS@WWW,1/3/2026,2,,Richie Warren,,,,24 Richie Warren > Non Possession > Out of Bound 5 Sec Violation
121,blob(box):m2m ,WOS@WWW - 01/02/2026 QTR: 2 CLK: 13:23,,,,,Miss 2 Pts,00:29.1,N/A,N/A,49:22.8,49:51.9,Wisconsin-(Oshkosh) Titans,WOS@WWW,1/3/2026,2,13:23,Logan Rindfleisch,,,,13 Logan Rindfleisch > P&R Ball Handler > High P&R > Dribble Off Pick > Dribble Jumper > Short to < 17' > Miss 2 Pts
122,press(rj),WOS@WWW - 01/02/2026 QTR: 2 CLK: 13:23,,,,,Foul,00:08.1,N/A,N/A,49:59.2,50:07.4,Wisconsin-(Whitewater) Warhawks,WOS@WWW,1/3/2026,2,13:23,Luke Bara,,,,32 Luke Bara > No Play Type > Foul
123,Bs:press(token)(siwtch),WOS@WWW - 01/02/2026 QTR: 2 CLK: 13:11,,,,,Make 3 Pts,00:15.6,N/A,N/A,52:10.7,52:26.3,Wisconsin-(Oshkosh) Titans,WOS@WWW,1/3/2026,2,13:11,Joey LaChapell,,,,2 Joey LaChapell > P&R Ball Handler > High P&R > Dribble Off Pick > Dribble Jumper > Long/3pt > Make 3 Pts
124,bs:press(rj)(switch),WOS@WWW - 01/02/2026 QTR: 2 CLK: 12:55,,,,,Miss 2 Pts,00:22.7,N/A,N/A,52:34.2,52:56.9,Wisconsin-(Whitewater) Warhawks,WOS@WWW,1/3/2026,2,12:55,Luke Bara,,,,32 Luke Bara > P&R Ball Handler > High P&R > Dribble Off Pick > To Basket > Miss 2 Pts
125,oreb,WOS@WWW - 01/02/2026 QTR: 2 CLK: 12:55,,,,,Foul,00:08.7,N/A,N/A,52:48.2,52:56.9,Wisconsin-(Whitewater) Warhawks,WOS@WWW,1/3/2026,2,12:55,Brock Marino,,,,21 Brock Marino > Offensive Rebound > Short > Scoring Attempt > At Basket > Foul
126,5out(bs):m2m(tl),WOS@WWW - 01/02/2026 QTR: 2 CLK: 12:44,,,,,Turnover,00:15.3,N/A,N/A,53:42.9,53:58.2,Wisconsin-(Oshkosh) Titans,WOS@WWW,1/3/2026,2,12:44,Brandon Beck,,,,0 Brandon Beck > No Play Type > Turnover
127,:press(rj),WOS@WWW - 01/02/2026 QTR: 2 CLK: 12:33,,,,,Miss 2 Pts,00:20.7,N/A,N/A,54:05.0,54:25.7,Wisconsin-(Whitewater) Warhawks,WOS@WWW,1/3/2026,2,12:33,Jr Lukenbill,,,,11 Jr Lukenbill > Transition > Left Wing > To Basket > Miss 2 Pts
128,tran,WOS@WWW - 01/02/2026 QTR: 2 CLK: 12:20,,,,,Foul,00:11.8,N/A,N/A,54:25.7,54:37.5,Wisconsin-(Oshkosh) Titans,WOS@WWW,1/3/2026,2,12:20,Carter Thomas,,,,21 Carter Thomas > Transition > Ballhandler > To Basket > Foul
129,:press(rj),WOS@WWW - 01/02/2026 QTR: 2 CLK: 12:12,,,,,Miss 2 Pts,00:19.5,N/A,N/A,55:35.6,55:55.2,Wisconsin-(Whitewater) Warhawks,WOS@WWW,1/3/2026,2,12:12,Collin Madson,,,,0 Collin Madson > Transition > Right Wing > To Basket > Miss 2 Pts
130,5out:m2m ,WOS@WWW - 01/02/2026 QTR: 2 CLK: 11:53,,,,,Foul,00:16.6,N/A,N/A,55:55.1,56:11.7,Wisconsin-(Oshkosh) Titans,WOS@WWW,1/3/2026,2,11:53,Jonah Rindfleisch,,,,12 Jonah Rindfleisch > No Play Type > Foul
131,:press(rj),WOS@WWW - 01/02/2026 QTR: 2 CLK: 11:37,,,,,Miss 2 Pts,00:27.5,N/A,N/A,56:57.6,57:25.1,Wisconsin-(Whitewater) Warhawks,WOS@WWW,1/3/2026,2,11:37,Collin Madson,,,,0 Collin Madson > Hand Off > From Dribble > Right > To Basket > Miss 2 Pts
132,tran,WOS@WWW - 01/02/2026 QTR: 2 CLK: 11:25,,,,,Miss 3 Pts,00:12.1,N/A,N/A,57:25.1,57:37.2,Wisconsin-(Oshkosh) Titans,WOS@WWW,1/3/2026,2,11:25,Vitorio Dante,,,,20 Vitorio Dante > Transition > Left Wing > No Dribble Jumper > Open > Long/3pt > Miss 3 Pts
133,tran,WOS@WWW - 01/02/2026 QTR: 2 CLK: 11:14,,,,,Turnover,00:17.9,N/A,N/A,57:28.9,57:46.8,Wisconsin-(Whitewater) Warhawks,WOS@WWW,1/3/2026,2,11:14,Luke Bara,,,,32 Luke Bara > ISO > Top > Drives Left > Defense Commits > Turnover
134,tran,WOS@WWW - 01/02/2026 QTR: 2 CLK: 11:08,,,,,Make 2 Pts,00:10.5,N/A,N/A,57:41.0,57:51.6,Wisconsin-(Oshkosh) Titans,WOS@WWW,1/3/2026,2,11:08,Aiden Hawkinson,,,,1 Aiden Hawkinson > Transition > First Middle > To Basket > Make 2 Pts
135,5out(ds):press(rj)(switch),WOS@WWW - 01/02/2026 QTR: 2 CLK: 10:45,,,,,Foul,00:25.5,N/A,N/A,57:50.7,58:16.2,Wisconsin-(Whitewater) Warhawks,WOS@WWW,1/3/2026,2,10:45,Brock Marino,,,,21 Brock Marino > ISO > Top > Drives Left > To Basket > Foul
136,bs:switch(stay),WOS@WWW - 01/02/2026 QTR: 2 CLK: 10:28,,,,,Turnover,00:23.4,N/A,N/A,59:05.1,59:28.5,Wisconsin-(Oshkosh) Titans,WOS@WWW,1/3/2026,2,10:28,Carter Thomas,,,,21 Carter Thomas > P&R Ball Handler > High P&R > Dribble Off Pick > Defense Commits > Turnover
137,tran,WOS@WWW - 01/02/2026 QTR: 2 CLK: 10:24,,,,,Make 2 Pts,00:09.8,N/A,N/A,59:23.2,59:33.0,Wisconsin-(Whitewater) Warhawks,WOS@WWW,1/3/2026,2,10:24,Collin Madson,,,,0 Collin Madson > Transition > Ballhandler > To Basket > Make 2 Pts
138,:press(m2m),WOS@WWW - 01/02/2026 QTR: 2 CLK: 10:09,,,,,Foul,00:16.5,N/A,N/A,59:32.3,59:48.8,Wisconsin-(Oshkosh) Titans,WOS@WWW,1/3/2026,2,10:09,Michael Metcalf-Grassman,,,,4 Michael Metcalf-Grassman > Spot-Up > Drives Left > To Basket > Foul
139,Brock Marino,WOS@WWW - 01/02/2026 QTR: 2,,,,,Free Throw,00:08.8,N/A,N/A,01:11.4,01:20.2,Wisconsin-(Whitewater) Warhawks,WOS@WWW,1/3/2026,2,,Brock Marino,,,,21 Brock Marino > Non Possession > Free Throw
140,oreb,WOS@WWW - 01/02/2026 QTR: 2 CLK: 09:58,,,,,Make 2 Pts,00:08.9,N/A,N/A,01:11.4,01:20.3,Wisconsin-(Whitewater) Warhawks,WOS@WWW,1/3/2026,2,9:58,Jake Quast,,,,12 Jake Quast > Offensive Rebound > Short > Scoring Attempt > At Basket > Make 2 Pts
141,::m2m ,WOS@WWW - 01/02/2026 QTR: 2 CLK: 09:41,,,,,Make 2 Pts,00:16.7,N/A,N/A,01:19.0,01:35.8,Wisconsin-(Oshkosh) Titans,WOS@WWW,1/3/2026,2,9:41,Michael Metcalf-Grassman,,,,4 Michael Metcalf-Grassman > Post-Up > Left Block > Right Shoulder > Dribble Move > To Basket > Make 2 Pts
142,bs:press(rj)(switch),WOS@WWW - 01/02/2026 QTR: 2 CLK: 09:26,,,,,Miss 2 Pts,00:23.5,N/A,N/A,01:38.5,02:02.0,Wisconsin-(Whitewater) Warhawks,WOS@WWW,1/3/2026,2,9:26,Jake Quast,,,,22 Joey Berezowitz > P&R Ball Handler > High P&R > Dribble Off Pick > Defense Commits > Ball Delivered > 12 Jake Quast > Spot-Up > Drives Right > To Basket > Miss 2 Pts
143,blob:m2m,WOS@WWW - 01/02/2026 QTR: 2 CLK: 09:12,,,,,Miss 2 Pts,00:21.2,N/A,N/A,02:10.1,02:31.3,Wisconsin-(Whitewater) Warhawks,WOS@WWW,1/3/2026,2,9:12,Kelton Mcewen,,,,2 Kelton Mcewen > P&R Ball Handler > Left P&R > Baseline > Go Away from Pick > To Basket > Miss 2 Pts
144,spain:m2m(switch2nd),WOS@WWW - 01/02/2026 QTR: 2 CLK: 08:55,,,,,Miss 3 Pts,00:16.7,N/A,N/A,02:32.7,02:49.5,Wisconsin-(Oshkosh) Titans,WOS@WWW,1/3/2026,2,8:55,Oskar Kangas,,,,23 Oskar Kangas > Spot-Up > No Dribble Jumper > Guarded > Long/3pt > Miss 3 Pts
145,tran,WOS@WWW - 01/02/2026 QTR: 2 CLK: 08:53,,,,,Foul,00:09.6,N/A,N/A,02:40.9,02:50.5,Wisconsin-(Oshkosh) Titans,WOS@WWW,1/3/2026,2,8:53,Jonah Rindfleisch,,,,12 Jonah Rindfleisch > No Play Type > Foul
146,bs:press(rj)(switch),WOS@WWW - 01/02/2026 QTR: 2 CLK: 08:41,,,,,Miss 3 Pts,00:20.8,N/A,N/A,04:02.0,04:22.8,Wisconsin-(Whitewater) Warhawks,WOS@WWW,1/3/2026,2,8:41,Joey Berezowitz,,,,22 Joey Berezowitz > P&R Ball Handler > Left P&R > Side > Dribble Off Pick > Dribble Jumper > Long/3pt > Miss 3 Pts
147,:press(m2m),WOS@WWW - 01/02/2026 QTR: 2 CLK: 08:28,,,,,Miss 2 Pts,00:19.4,N/A,N/A,04:41.0,05:00.4,Wisconsin-(Oshkosh) Titans,WOS@WWW,1/3/2026,2,8:28,Michael Metcalf-Grassman,,,,4 Michael Metcalf-Grassman > Hand Off > From Dribble > Left > To Basket > Miss 2 Pts
148,tran,WOS@WWW - 01/02/2026 QTR: 2 CLK: 08:21,,,,,Foul,00:13.4,N/A,N/A,04:52.9,05:06.3,Wisconsin-(Whitewater) Warhawks,WOS@WWW,1/3/2026,2,8:21,Joey Berezowitz,,,,22 Joey Berezowitz > Transition > Ballhandler > To Basket > Foul
149,bs:Press(token)(tl),WOS@WWW - 01/02/2026 QTR: 2 CLK: 07:57,,,,,Make 3 Pts,00:26.4,N/A,N/A,05:46.7,06:13.1,Wisconsin-(Oshkosh) Titans,WOS@WWW,1/3/2026,2,7:57,Brandon Beck,,,,2 Joey LaChapell > P&R Ball Handler > High P&R > Dribble Off Pick > Defense Commits > Ball Delivered > 0 Brandon Beck > P&R Roll Man > Pick and Pops > No Dribble Jumper > Guarded > Long/3pt > Make 3 Pts
150,:press(rj),WOS@WWW - 01/02/2026 QTR: 2 CLK: 07:28,,,,,Miss 2 Pts,00:35.4,N/A,N/A,06:14.3,06:49.7,Wisconsin-(Whitewater) Warhawks,WOS@WWW,1/3/2026,2,7:28,Joey Berezowitz,,,,0 Collin Madson > ISO > Left > Drives Left > Defense Commits > Ball Delivered > 22 Joey Berezowitz > Spot-Up > Drives Left > To Basket > Miss 2 Pts
151,oreb,WOS@WWW - 01/02/2026 QTR: 2 CLK: 07:28,,,,,Miss 2 Pts,00:12.9,N/A,N/A,06:36.8,06:49.7,Wisconsin-(Whitewater) Warhawks,WOS@WWW,1/3/2026,2,7:28,Richie Warren,,,,24 Richie Warren > Offensive Rebound > Short > Scoring Attempt > At Basket > Miss 2 Pts
152,blob:m2m,WOS@WWW - 01/02/2026 QTR: 2 CLK: 07:04,,,,,Make 2 Pts,00:12.5,N/A,N/A,06:56.7,07:09.2,Wisconsin-(Whitewater) Warhawks,WOS@WWW,1/3/2026,2,7:04,Joey Berezowitz,,,,22 Joey Berezowitz > Hand Off > From Stationary > Left > To Basket > Make 2 Pts
153,sci:m2m,WOS@WWW - 01/02/2026 QTR: 2 CLK: 06:45,,,,,Miss 2 Pts,00:22.4,N/A,N/A,07:11.9,07:34.3,Wisconsin-(Oshkosh) Titans,WOS@WWW,1/3/2026,2,6:45,Jonah Rindfleisch,,,,12 Jonah Rindfleisch > ISO > Top > Drives Right > To Basket > Miss 2 Pts
154,Matt Imig,WOS@WWW - 01/02/2026 QTR: 2 CLK: 06:37,,,,,Make 3 Pts,00:02.1,N/A,N/A,07:34.3,07:36.4,Wisconsin-(Oshkosh) Titans,WOS@WWW,1/3/2026,2,6:37,Matt Imig,,,,5 Matt Imig > Spot-Up > No Dribble Jumper > Open > Long/3pt > Make 3 Pts
155,:m2m(rj),WOS@WWW - 01/02/2026 QTR: 2 CLK: 06:06,,,,,Foul,00:33.2,N/A,N/A,07:35.8,08:09.0,Wisconsin-(Whitewater) Warhawks,WOS@WWW,1/3/2026,2,6:06,Brock Marino,,,,21 Brock Marino > Spot-Up > Drives Right > To Basket > Foul
156,:press(12),WOS@WWW - 01/02/2026 QTR: 2 CLK: 05:54,,,,,Miss 3 Pts,00:18.0,N/A,N/A,09:09.4,09:27.4,Wisconsin-(Oshkosh) Titans,WOS@WWW,1/3/2026,2,5:54,Brandon Beck,,,,0 Brandon Beck > Transition > Left Wing > No Dribble Jumper > Guarded > Long/3pt > Miss 3 Pts
157,tran,WOS@WWW - 01/02/2026 QTR: 2 CLK: 05:39,,,,,Miss 2 Pts,00:24.7,N/A,N/A,09:18.4,09:43.2,Wisconsin-(Whitewater) Warhawks,WOS@WWW,1/3/2026,2,5:39,Collin Madson,,,,0 Collin Madson > ISO > Right > Drives Left > Dribble Jumper > Short to < 17' > Miss 2 Pts
158,tran,WOS@WWW - 01/02/2026 QTR: 2,,,,,No Violation,00:11.1,N/A,N/A,09:34.6,09:45.8,Wisconsin-(Oshkosh) Titans,WOS@WWW,1/3/2026,2,,Michael Metcalf-Grassman,,,,4 Michael Metcalf-Grassman > Non Possession > No Violation
159,Joey LaChapell,WOS@WWW - 01/02/2026 QTR: 2 CLK: 05:23,,,,,Make 2 Pts,00:13.1,N/A,N/A,09:56.5,10:09.6,Wisconsin-(Oshkosh) Titans,WOS@WWW,1/3/2026,2,5:23,Joey LaChapell,,,,2 Joey LaChapell > P&R Ball Handler > High P&R > Dribble Off Pick > To Basket > Make 2 Pts
160,:press(rj),WOS@WWW - 01/02/2026 QTR: 2 CLK: 05:08,,,,,Make 3 Pts,00:16.5,N/A,N/A,10:08.9,10:25.4,Wisconsin-(Whitewater) Warhawks,WOS@WWW,1/3/2026,2,5:08,Richie Warren,,,,24 Richie Warren > Transition > Left Wing > No Dribble Jumper > Guarded > Long/3pt > Make 3 Pts
161,:press(120,WOS@WWW - 01/02/2026 QTR: 2 CLK: 04:56,,,,,Foul,00:13.7,N/A,N/A,10:24.6,10:38.4,Wisconsin-(Oshkosh) Titans,WOS@WWW,1/3/2026,2,4:56,Brandon Beck,,,,0 Brandon Beck > Transition > Right Wing > To Basket > Foul
162,:press(rj),WOS@WWW - 01/02/2026 QTR: 2 CLK: 04:37,,,,,Miss 2 Pts,00:26.7,N/A,N/A,11:33.8,12:00.5,Wisconsin-(Whitewater) Warhawks,WOS@WWW,1/3/2026,2,4:37,Richie Warren,,,,24 Richie Warren > Spot-Up > Drives Right > Dribble Jumper > Short to < 17' > Miss 2 Pts
163,oreb,WOS@WWW - 01/02/2026 QTR: 2 CLK: 04:25,,,,,Miss 3 Pts,00:03.1,N/A,00:03.1,12:00.5,12:12.0,Wisconsin-(Whitewater) Warhawks,WOS@WWW,1/3/2026,2,4:25,Luke Bara,,,,32 Luke Bara > P&R Ball Handler > High P&R > Takes Early Jump Shot > No Dribble Jumper > Guarded > Long/3pt > Miss 3 Pts
164,bs:m2m(tl),WOS@WWW - 01/02/2026 QTR: 2 CLK: 03:56,,,,,Miss 2 Pts,00:36.7,N/A,N/A,12:04.5,12:41.2,Wisconsin-(Oshkosh) Titans,WOS@WWW,1/3/2026,2,3:56,Vitorio Dante,,,,20 Vitorio Dante > No Play Type > To Basket > Miss 2 Pts
165,tran,WOS@WWW - 01/02/2026 QTR: 2 CLK: 03:47,,,,,Miss 3 Pts,00:16.7,N/A,N/A,12:33.4,12:50.1,Wisconsin-(Whitewater) Warhawks,WOS@WWW,1/3/2026,2,3:47,Collin Madson,,,,0 Collin Madson > Transition > Left Wing > No Dribble Jumper > Guarded > Long/3pt > Miss 3 Pts
166,:press(rj),WOS@WWW - 01/02/2026 QTR: 2 CLK: 03:35,,,,,1 Pts,00:17.8,N/A,N/A,13:44.9,14:02.7,Wisconsin-(Whitewater) Warhawks,WOS@WWW,1/3/2026,2,3:35,Richie Warren,,,,24 Richie Warren > Spot-Up > Drives Left > To Basket > Make 2 Pts Foul > 1 Pts
167,bs:press(12)((switch)),WOS@WWW - 01/02/2026 QTR: 2 CLK: 03:13,,,,,Miss 2 Pts,00:26.1,N/A,N/A,14:23.4,14:49.5,Wisconsin-(Oshkosh) Titans,WOS@WWW,1/3/2026,2,3:13,Michael Metcalf-Grassman,,,,4 Michael Metcalf-Grassman > No Play Type > To Basket > Miss 2 Pts
168,tran,WOS@WWW - 01/02/2026 QTR: 2 CLK: 03:03,,,,,Foul,00:17.5,N/A,N/A,14:42.7,15:00.2,Wisconsin-(Whitewater) Warhawks,WOS@WWW,1/3/2026,2,3:03,Collin Madson,,,,0 Collin Madson > Spot-Up > Drives Right > To Basket > Foul
169,:press(12),WOS@WWW - 01/02/2026 QTR: 2 CLK: 02:55,,,,,Turnover,00:10.9,N/A,N/A,15:46.0,15:56.9,Wisconsin-(Oshkosh) Titans,WOS@WWW,1/3/2026,2,2:55,Aiden Hawkinson,,,,1 Aiden Hawkinson > No Play Type > Turnover
170,tran,WOS@WWW - 01/02/2026 QTR: 2 CLK: 02:51,,,,,Miss 2 Pts,00:15.6,N/A,N/A,15:51.0,16:06.6,Wisconsin-(Whitewater) Warhawks,WOS@WWW,1/3/2026,2,2:51,Joey Berezowitz,,,,22 Joey Berezowitz > Transition > Ballhandler > To Basket > Miss 2 Pts
171,Jake Quast,WOS@WWW - 01/02/2026 QTR: 2 CLK: 02:51,,,,,Miss 2 Pts,00:12.5,N/A,N/A,15:54.1,16:06.6,Wisconsin-(Whitewater) Warhawks,WOS@WWW,1/3/2026,2,2:51,Jake Quast,,,,12 Jake Quast > Offensive Rebound > Short > Scoring Attempt > At Basket > Miss 2 Pts
172,dho:press(rj)(switch),WOS@WWW - 01/02/2026 QTR: 2 CLK: 02:27,,,,,Miss 2 Pts,00:28.5,N/A,N/A,16:51.5,17:20.1,Wisconsin-(Whitewater) Warhawks,WOS@WWW,1/3/2026,2,2:27,Collin Madson,,,,0 Collin Madson > Hand Off > From Dribble > Right > To Basket > Miss 2 Pts
173,::m2m ,WOS@WWW - 01/02/2026 QTR: 2 CLK: 02:14,,,,,Miss 2 Pts,00:10.9,N/A,N/A,17:20.1,17:30.9,Wisconsin-(Whitewater) Warhawks,WOS@WWW,1/3/2026,2,2:14,Richie Warren,,,,32 Luke Bara > P&R Ball Handler > High P&R > Dribble Off Pick > Defense Commits > Ball Delivered > 24 Richie Warren > Spot-Up > No Dribble Jumper > Open > Medium/17' to <3p > Miss 2 Pts
174,bs:m2m(tl),WOS@WWW - 01/02/2026 QTR: 2 CLK: 01:57,,,,,Make 3 Pts,00:13.5,N/A,N/A,17:30.4,17:43.9,Wisconsin-(Oshkosh) Titans,WOS@WWW,1/3/2026,2,1:57,Oskar Kangas,,,,5 Matt Imig > P&R Ball Handler > High P&R > Dribble Off Pick > Defense Commits > Ball Delivered > 23 Oskar Kangas > Spot-Up > No Dribble Jumper > Guarded > Long/3pt > Make 3 Pts
175,:press(rj),WOS@WWW - 01/02/2026 QTR: 2 CLK: 01:36,,,,,Make 2 Pts,00:17.9,N/A,N/A,17:46.9,18:04.9,Wisconsin-(Whitewater) Warhawks,WOS@WWW,1/3/2026,2,1:36,Collin Madson,,,,0 Collin Madson > Spot-Up > Drives Right > To Basket > Make 2 Pts
176,:press(Rj),WOS@WWW - 01/02/2026 QTR: 2 CLK: 01:32,,,,,Foul,00:08.9,N/A,N/A,18:09.6,18:18.5,Wisconsin-(Oshkosh) Titans,WOS@WWW,1/3/2026,2,1:32,Michael Metcalf-Grassman,,,,4 Michael Metcalf-Grassman > No Play Type > Foul
177,dho:press(rj)(switch),WOS@WWW - 01/02/2026 QTR: 2 CLK: 01:18,,,,,Miss 2 Pts,00:22.7,N/A,N/A,19:10.7,19:33.4,Wisconsin-(Whitewater) Warhawks,WOS@WWW,1/3/2026,2,1:18,Darius Chestnut,,,,10 Darius Chestnut > Spot-Up > Drives Right > To Basket > Miss 2 Pts
178,:press(rj),WOS@WWW - 01/02/2026 QTR: 2,,,,,No Violation,00:11.7,N/A,N/A,20:37.3,20:49.0,Wisconsin-(Oshkosh) Titans,WOS@WWW,1/3/2026,2,,Michael Metcalf-Grassman,,,,4 Michael Metcalf-Grassman > Non Possession > No Violation
179,:press(rj),WOS@WWW - 01/02/2026 QTR: 2 CLK: 01:09,,,,,Foul,00:10.5,N/A,N/A,21:00.7,21:11.2,Wisconsin-(Oshkosh) Titans,WOS@WWW,1/3/2026,2,1:09,Brandon Beck,,,,0 Brandon Beck > No Play Type > Foul
180,::m2m,WOS@WWW - 01/02/2026 QTR: 2 CLK: 01:00,,,,,Make 3 Pts,00:14.9,N/A,N/A,22:15.6,22:30.6,Wisconsin-(Whitewater) Warhawks,WOS@WWW,1/3/2026,2,1:00,Luke Bara,,,,32 Luke Bara > Spot-Up > No Dribble Jumper > Guarded > Long/3pt > Make 3 Pts
181,:press(rj),WOS@WWW - 01/02/2026 QTR: 2,,,,,No Violation,00:12.1,N/A,N/A,22:33.9,22:46.0,Wisconsin-(Oshkosh) Titans,WOS@WWW,1/3/2026,2,,Joey LaChapell,,,,2 Joey LaChapell > Non Possession > No Violation
182,:press(rj),WOS@WWW - 01/02/2026 QTR: 2 CLK: 00:54,,,,,Foul,00:12.1,N/A,N/A,22:58.9,23:11.0,Wisconsin-(Oshkosh) Titans,WOS@WWW,1/3/2026,2,0:54,Joey LaChapell,,,,2 Joey LaChapell > No Play Type > Foul
183,:press(rj),WOS@WWW - 01/02/2026 QTR: 2 CLK: 00:44,,,,,Miss 3 Pts,00:18.1,N/A,N/A,23:56.6,24:14.6,Wisconsin-(Whitewater) Warhawks,WOS@WWW,1/3/2026,2,0:44,Luke Bara,,,,32 Luke Bara > Spot-Up > Drives Left > Dribble Jumper > Long/3pt > Miss 3 Pts
184,oreb,WOS@WWW - 01/02/2026 QTR: 2 CLK: 00:42,,,,,Foul,00:09.7,N/A,N/A,24:05.6,24:15.3,Wisconsin-(Oshkosh) Titans,WOS@WWW,1/3/2026,2,0:42,Carter Thomas,,,,21 Carter Thomas > No Play Type > Foul
185,:m2m ,WOS@WWW - 01/02/2026 QTR: 2 CLK: 00:34,,,,,Miss 3 Pts,00:14.4,N/A,N/A,25:01.4,25:15.8,Wisconsin-(Whitewater) Warhawks,WOS@WWW,1/3/2026,2,0:34,Collin Madson,,,,0 Collin Madson > Transition > Ballhandler > Dribble Jumper > Long/3pt > Miss 3 Pts
186,"41-Set(pass-wing,guards go corners,pat miller,upscreen): m2m(stay12)",WEC@WSP - 01/02/2026 QTR: 1 CLK: 19:42,,,,,Make 2 Pts,00:24.0,N/A,N/A,21:35.7,21:59.7,Wisconsin-(Eau Claire) Blugold,WEC@WSP,1/3/2026,1,19:42,Xavier Lewis,,,,23 Xavier Lewis > Cut > Screen > Make 2 Pts
187,"41-Chin(backscreen,flair,dho,bs):m2m(5over,12drop)",WEC@WSP - 01/02/2026 QTR: 1,,,,,Non Shooting Foul,00:16.5,N/A,N/A,22:03.3,22:19.9,Wisconsin-(Stevens Point) Pointers,WEC@WSP,1/3/2026,1,,Josiah Butler,,,,4 Josiah Butler > Non Possession > Non Shooting Foul
188,blob-box(upscreen):m2m ,WEC@WSP - 01/02/2026 QTR: 1 CLK: 19:16,,,,,Make 3 Pts,00:15.0,N/A,N/A,22:31.3,22:46.3,Wisconsin-(Stevens Point) Pointers,WEC@WSP,1/3/2026,1,19:16,Carter Combs,,,,5 Carter Combs > Spot-Up > No Dribble Jumper > Guarded > Long/3pt > Make 3 Pts
189,"Horns(flair,pass wing,follow,ds):m2m (under4,stay12)",WEC@WSP - 01/02/2026 QTR: 1 CLK: 19:00,,,,,Foul,00:12.7,N/A,N/A,22:49.1,23:01.7,Wisconsin-(Eau Claire) Blugold,WEC@WSP,1/3/2026,1,19:00,Kenji Scales,,,,5 Kenji Scales > Off Screen > To Shooter's Right > Straight > To Basket > Foul
190,"3man(stagger,ripscreen):m2m(stay3,stay23)",WEC@WSP - 01/02/2026 QTR: 1 CLK: 18:47,,,,,Make 2 Pts,00:12.7,N/A,N/A,23:35.1,23:47.8,Wisconsin-(Stevens Point) Pointers,WEC@WSP,1/3/2026,1,18:47,Logan Baumgartner,,,,15 Logan Baumgartner > Cut > Screen > Make 2 Pts
191,"41(corner rip screen,,bs):m2m(12stay,4stay)((12hedge,5stay))",WEC@WSP - 01/02/2026 QTR: 1,,,,,No Violation,00:14.1,N/A,N/A,23:50.5,24:04.6,Wisconsin-(Eau Claire) Blugold,WEC@WSP,1/3/2026,1,,Xavier Lewis,,,,23 Xavier Lewis > Non Possession > No Violation
192,slob:m2m ,WEC@WSP - 01/02/2026 QTR: 1 CLK: 18:19,,,,,Miss 3 Pts,00:24.3,N/A,N/A,24:11.3,24:35.7,Wisconsin-(Eau Claire) Blugold,WEC@WSP,1/3/2026,1,18:19,Carter Lichtsinn,,,,5 Kenji Scales > P&R Ball Handler > High P&R > Dribble Off Pick > Defense Commits > Ball Delivered > 2 Carter Lichtsinn > Spot-Up > No Dribble Jumper > Guarded > Long/3pt > Miss 3 Pts
193,oreb,WEC@WSP - 01/02/2026 QTR: 1 CLK: 18:15,,,,,Make 2 Pts,00:12.6,N/A,N/A,24:23.0,24:35.7,Wisconsin-(Eau Claire) Blugold,WEC@WSP,1/3/2026,1,18:15,Kenji Scales,,,,5 Kenji Scales > Offensive Rebound > Long > Scoring Attempt > At Basket > Make 2 Pts
194,"41-chin(up,ds):m2m(stay5,stay20)((stay2,stay5))",WEC@WSP - 01/02/2026 QTR: 1 CLK: 17:52,,,,,Miss 2 Pts,00:18.0,N/A,N/A,24:38.9,24:56.8,Wisconsin-(Stevens Point) Pointers,WEC@WSP,1/3/2026,1,17:52,Josiah Butler,,,,4 Josiah Butler > ISO > Right > Drives Right > Dribble Jumper > Short to < 17' > Miss 2 Pts
195,"41-DD(3DHO's,US,BS,BS):m2m(stay12,stay5)((12hedge,5stay))(((12hedge,5stay)))",WEC@WSP - 01/02/2026 QTR: 1 CLK: 17:24,,,,,Foul,00:25.6,N/A,N/A,24:58.2,25:23.8,Wisconsin-(Eau Claire) Blugold,WEC@WSP,1/3/2026,1,17:24,Xavier Lewis,,,,23 Xavier Lewis > Post-Up > Right Block > Right Shoulder > Dribble Move > To Hook > Foul
196,"41-chin(US,GHST,flair):m2m(stay1,stay20)((stay1,stay20))(((over5,stay3)))",WEC@WSP - 01/02/2026 QTR: 1 CLK: 17:13,,,,,Miss 3 Pts,00:12.2,N/A,N/A,26:17.4,26:29.6,Wisconsin-(Stevens Point) Pointers,WEC@WSP,1/3/2026,1,17:13,Seth Miron,,,,2 Seth Miron > Off Screen > To Shooter's Left > Flare > No Dribble Jumper > Guarded > Long/3pt > Miss 3 Pts
197,"BS:m2m(stay12,stay2)",WEC@WSP - 01/02/2026 QTR: 1 CLK: 17:00,,,,,Foul,00:19.3,N/A,N/A,26:23.6,26:42.9,Wisconsin-(Eau Claire) Blugold,WEC@WSP,1/3/2026,1,17:00,Andre Renta,,,,1 Andre Renta > P&R Ball Handler > Right P&R > Baseline > Dribble Off Pick > To Basket > Foul
198,"41-spread(throw5,sci,dho,ricky):m2m(under1,under5,stay2,stay20,stay2,drop20)",WEC@WSP - 01/02/2026 QTR: 1 CLK: 16:43,,,,,Foul,00:15.4,N/A,N/A,27:33.8,27:49.3,Wisconsin-(Stevens Point) Pointers,WEC@WSP,1/3/2026,1,16:43,Seth Miron,,,,2 Seth Miron > P&R Ball Handler > High P&R > Dribble Off Pick > To Basket > Foul
199,oreb,WEC@WSP - 01/02/2026 QTR: 1 CLK: 16:31,,,,,Miss 2 Pts,00:09.7,N/A,N/A,28:43.9,28:53.7,Wisconsin-(Stevens Point) Pointers,WEC@WSP,1/3/2026,1,16:31,Cal Krohn,,,,12 Cal Krohn > ISO > Top > Drives Left > Dribble Jumper > Short to < 17' > Miss 2 Pts
200,tran,WEC@WSP - 01/02/2026 QTR: 1 CLK: 16:22,,,,,Turnover,00:13.7,N/A,N/A,28:47.7,29:01.4,Wisconsin-(Eau Claire) Blugold,WEC@WSP,1/3/2026,1,16:22,Andre Renta,,,,1 Andre Renta > Transition > Left Wing > Turnover
201,tran,WEC@WSP - 01/02/2026 QTR: 1 CLK: 16:11,,,,,Make 2 Pts,00:18.5,N/A,N/A,28:55.4,29:13.9,Wisconsin-(Stevens Point) Pointers,WEC@WSP,1/3/2026,1,16:11,Cal Krohn,,,,12 Cal Krohn > Post-Up > Left Block > Right Shoulder > Dribble Move > To Drop Step > Make 2 Pts
202,"5out-jungle(ds,zoom,stagger):m2m(over23,under12,over23)",WEC@WSP - 01/02/2026 QTR: 1 CLK: 15:42,,,,,Miss 3 Pts,00:29.2,N/A,N/A,29:14.2,29:43.3,Wisconsin-(Eau Claire) Blugold,WEC@WSP,1/3/2026,1,15:42,Andre Renta,,,,1 Andre Renta > Spot-Up > No Dribble Jumper > Open > Long/3pt > Miss 3 Pts
203,41-peja:m2m(over3drop23),WEC@WSP - 01/02/2026 QTR: 1 CLK: 15:19,,,,,Make 2 Pts,00:19.9,N/A,N/A,29:44.9,30:04.9,Wisconsin-(Stevens Point) Pointers,WEC@WSP,1/3/2026,1,15:19,Seth Miron,,,,2 Seth Miron > Post-Up > Left Block > Left Shoulder > Dribble Move > To Basket > Make 2 Pts
204,5out-77,WEC@WSP - 01/02/2026 QTR: 1 CLK: 14:56,,,,,Foul,00:20.2,N/A,N/A,30:08.3,30:28.5,Wisconsin-(Eau Claire) Blugold,WEC@WSP,1/3/2026,1,14:56,Carter Lichtsinn,,,,1 Andre Renta > P&R Ball Handler > Right P&R > Side > Dribble Off Pick > Defense Commits > Ball Delivered > 2 Carter Lichtsinn > P&R Roll Man > Rolls to Basket > Foul
205,5OUT-MOTION:M2M,WEC@WSP - 01/02/2026 QTR: 1 CLK: 14:38,,,,,Turnover,00:17.7,N/A,N/A,32:33.9,32:51.5,Wisconsin-(Stevens Point) Pointers,WEC@WSP,1/3/2026,1,14:38,Cal Krohn,,,,12 Cal Krohn > Post-Up > Left Block > Left Shoulder > Dribble Move > Turnover
206,"21-SET(US,SWINGS,FLASH,SS):M2M (3OVER,3OVER, 10UNDER)",WEC@WSP - 01/02/2026 QTR: 1 CLK: 13:55,,,,,Make 2 Pts,00:14.7,N/A,N/A,33:54.0,34:08.7,Wisconsin-(Stevens Point) Pointers,WEC@WSP,1/3/2026,1,13:55,Josh Bocher,,,,14 Josh Bocher > ISO > Right > Drives Left > To Basket > Make 2 Pts
207,"5OUT-SET(GHOST,FLAIR,BS,DHO):M2M (5OVER,5OVER,14SWITCH,5SWITCH,5 SWITCH,14SWITCH))",WEC@WSP - 01/02/2026 QTR: 1 CLK: 13:37,,,,,Turnover,00:20.4,N/A,N/A,34:06.5,34:26.8,Wisconsin-(Eau Claire) Blugold,WEC@WSP,1/3/2026,1,13:37,Roan Demovsky,,,,22 Roan Demovsky > Hand Off > From Stationary > Left > Turnover
208,"21-SET(US,SS,FLASH,SS):M2M(3OVER,10UNDER)",WEC@WSP - 01/02/2026 QTR: 1 CLK: 13:15,,,,,Make 2 Pts,00:21.6,N/A,N/A,34:42.4,35:04.1,Wisconsin-(Stevens Point) Pointers,WEC@WSP,1/3/2026,1,13:15,Max Raimer,,,,23 Max Raimer > Off Screen > To Shooter's Right > Flare > To Basket > Make 2 Pts
209,"5OUT-STAGGER(GIVE.PITCH,BS,PIN):M2M(23OVER,14UNDER,14 OVER,15STAY,5OVER))",WEC@WSP - 01/02/2026 QTR: 1 CLK: 12:55,,,,,Make 2 Pts,00:17.2,N/A,N/A,35:07.1,35:24.3,Wisconsin-(Eau Claire) Blugold,WEC@WSP,1/3/2026,1,12:55,Luke Reder,,,,24 Luke Reder > No Play Type > To Basket > Make 2 Pts
210,41-FLAIR:M2M(22OVER),WEC@WSP - 01/02/2026 QTR: 1 CLK: 12:42,,,,,Miss 3 Pts,00:16.1,N/A,N/A,35:26.0,35:42.1,Wisconsin-(Stevens Point) Pointers,WEC@WSP,1/3/2026,1,12:42,Logan Baumgartner,,,,15 Logan Baumgartner > Spot-Up > No Dribble Jumper > Guarded > Long/3pt > Miss 3 Pts
211,OREB,WEC@WSP - 01/02/2026 QTR: 1,,,,,Non Shooting Foul,00:02.0,N/A,N/A,35:42.1,35:44.0,Wisconsin-(Eau Claire) Blugold,WEC@WSP,1/3/2026,1,,Roan Demovsky,,,,22 Roan Demovsky > Non Possession > Non Shooting Foul
212,"5OUT-MOTION(DHO-BS-BS):M2M(14 OVER,15HEDGE,22OVER)",WEC@WSP - 01/02/2026 QTR: 1 CLK: 12:22,,,,,0 Pts,00:12.0,N/A,N/A,36:14.4,36:26.4,Wisconsin-(Eau Claire) Blugold,WEC@WSP,1/3/2026,1,12:22,Luke Reder,,,,24 Luke Reder > Cut > Basket > Make 2 Pts Foul > 0 Pts
213,"41-MOTION(SWING,UCLA,ISOCUT):M2M",WEC@WSP - 01/02/2026 QTR: 1 CLK: 12:03,,,,,Miss 2 Pts,00:17.5,N/A,N/A,37:02.8,37:20.2,Wisconsin-(Stevens Point) Pointers,WEC@WSP,1/3/2026,1,12:03,Josh Bocher,,,,14 Josh Bocher > Post-Up > Right Block > Right Shoulder > Dribble Move > To Hook > Miss 2 Pts
214,"5OUT-MOTION(BS,BS):M2M(14STAY,15STAY,2HEDGE,22OVER)",WEC@WSP - 01/02/2026 QTR: 1 CLK: 11:46,,,,,Turnover,00:21.7,N/A,N/A,37:14.3,37:36.0,Wisconsin-(Eau Claire) Blugold,WEC@WSP,1/3/2026,1,11:46,Tyler Haney,,,,11 Tyler Haney > No Play Type > Turnover
215,"41-CHIN(US,FLAIR,DHO):M2M(23STAY,1STAY,23STAY)",WEC@WSP - 01/02/2026 QTR: 1 CLK: 11:32,,,,,Make 2 Pts,00:14.7,N/A,N/A,39:18.9,39:33.6,Wisconsin-(Stevens Point) Pointers,WEC@WSP,1/3/2026,1,11:32,Cal Krohn,,,,12 Cal Krohn > Post-Up > Right Block > Right Shoulder > Dribble Move > To Hook > Make 2 Pts
216,"HORNS-SET(4OVER5-GHST-5POP,BS,RJCT):M2M ",WEC@WSP - 01/02/2026 QTR: 1 CLK: 11:14,,,,,Make 2 Pts,00:16.7,N/A,N/A,39:34.9,39:51.7,Wisconsin-(Eau Claire) Blugold,WEC@WSP,1/3/2026,1,11:14,Carter Lichtsinn,,,,1 Andre Renta > P&R Ball Handler > Left P&R > Side > Go Away from Pick > Defense Commits > Ball Delivered > 2 Carter Lichtsinn > Cut > Basket > Make 2 Pts
217,"41-CHIN(US,SWING-STAGGER):M2M",WEC@WSP - 01/02/2026 QTR: 1 CLK: 10:48,,,,,Make 3 Pts,00:24.3,N/A,N/A,39:53.7,40:18.0,Wisconsin-(Stevens Point) Pointers,WEC@WSP,1/3/2026,1,10:48,Max Raimer,,,,12 Cal Krohn > Post-Up > Left Block > Right Shoulder > Dribble Move > Defense Commits > Ball Delivered > 23 Max Raimer > Spot-Up > No Dribble Jumper > Guarded > Long/3pt > Make 3 Pts
218,"HORNS-SET(IVO,CLEAR,FS):M2M(12HEDGE,5STAY)",WEC@WSP - 01/02/2026 QTR: 1 CLK: 10:31,,,,,Miss 3 Pts,00:16.9,N/A,N/A,40:20.3,40:37.2,Wisconsin-(Eau Claire) Blugold,WEC@WSP,1/3/2026,1,10:31,Carter Lichtsinn,,,,1 Andre Renta > P&R Ball Handler > High P&R > Dribble Off Pick > Defense Commits > Ball Delivered > 2 Carter Lichtsinn > Spot-Up > No Dribble Jumper > Open > Long/3pt > Miss 3 Pts
219,41-CHIN(US):M2M ,WEC@WSP - 01/02/2026 QTR: 1 CLK: 10:18,,,,,Make 2 Pts,00:10.1,N/A,N/A,40:37.2,40:47.3,Wisconsin-(Stevens Point) Pointers,WEC@WSP,1/3/2026,1,10:18,Isaiah Moore,,,,13 Isaiah Moore > Cut > Basket > Make 2 Pts
220,"5OUT-SPAIN:M2M(12SWITCH,22SWITCH)",WEC@WSP - 01/02/2026 QTR: 1 CLK: 10:00,,,,,Turnover,00:12.4,N/A,N/A,40:50.1,41:02.4,Wisconsin-(Eau Claire) Blugold,WEC@WSP,1/3/2026,1,10:00,Carter Lichtsinn,,,,1 Andre Renta > P&R Ball Handler > High P&R > Dribble Off Pick > Defense Commits > Ball Delivered > 2 Carter Lichtsinn > Spot-Up > Turnover
221,TRAN,WEC@WSP - 01/02/2026 QTR: 1 CLK: 09:55,,,,,Miss 2 Pts,00:14.2,N/A,N/A,40:56.4,41:10.7,Wisconsin-(Stevens Point) Pointers,WEC@WSP,1/3/2026,1,9:55,Cal Krohn,,,,12 Cal Krohn > Transition > Left Wing > To Basket > Miss 2 Pts
222,"5OUT-PISTOL(GHOST,FLAIR,BS):M2M D(15STAY,15OVER,12STAY,,22OVER,12STAY)",WEC@WSP - 01/02/2026 QTR: 1 CLK: 09:39,,,,,Foul,00:15.3,N/A,N/A,41:11.3,41:26.7,Wisconsin-(Eau Claire) Blugold,WEC@WSP,1/3/2026,1,9:39,Xavier Lewis,,,,23 Xavier Lewis > Post-Up > Right Block > Left Shoulder > Dribble Move > To Up and Under > Foul
223,"41-SPREAD(FLAIR,BS,DHO,BS):M2M(3STAY,2STAY,23STAY)",WEC@WSP - 01/02/2026 QTR: 1 CLK: 09:17,,,,,Miss 3 Pts,00:22.2,N/A,N/A,42:21.2,42:43.3,Wisconsin-(Stevens Point) Pointers,WEC@WSP,1/3/2026,1,9:17,Max Raimer,,,,23 Max Raimer > Spot-Up > No Dribble Jumper > Guarded > Long/3pt > Miss 3 Pts
224,"5OUT-PISTOL(GHOST,FLAIR,BS):M2M(23 OVER)",WEC@WSP - 01/02/2026 QTR: 1 CLK: 09:00,,,,,Foul,00:15.4,N/A,N/A,42:43.9,42:59.3,Wisconsin-(Eau Claire) Blugold,WEC@WSP,1/3/2026,1,9:00,Andre Renta,,,,1 Andre Renta > ISO > Left > Drives Left > Foul
225,"41-LOW(BS,BS)-M2M(1OVER,2DROP,2UNDER,23DROP)",WEC@WSP - 01/02/2026 QTR: 1 CLK: 08:41,,,,,Make 2 Pts,00:21.7,N/A,N/A,43:49.7,44:11.3,Wisconsin-(Stevens Point) Pointers,WEC@WSP,1/3/2026,1,8:41,Seth Miron,,,,2 Seth Miron > P&R Ball Handler > Left P&R > Side > Dribble Off Pick > Dribble Jumper > Short to < 17' > Make 2 Pts
226,"5OUT-SET(DHO,OVER,QUICKP):M2M",WEC@WSP - 01/02/2026 QTR: 1 CLK: 08:24,,,,,Miss 2 Pts,00:11.5,N/A,N/A,44:13.9,44:25.4,Wisconsin-(Eau Claire) Blugold,WEC@WSP,1/3/2026,1,8:24,Andre Renta,,,,1 Andre Renta > Spot-Up > Drives Right > To Basket > Miss 2 Pts
227,TRAN,WEC@WSP - 01/02/2026 QTR: 1 CLK: 08:16,,,,,Turnover,00:17.0,N/A,N/A,44:19.5,44:36.5,Wisconsin-(Stevens Point) Pointers,WEC@WSP,1/3/2026,1,8:16,Isaiah Moore,,,,13 Isaiah Moore > Hand Off > From Dribble > Left > Turnover
228,"HORNS-SET(IVO,BUR CUT,SWING,US,DS,BS):M2M(12,STAY,22STAY,22OVER,2STAY,2UNDER,23STAY)",WEC@WSP - 01/02/2026 QTR: 1 CLK: 07:53,,,,,Make 2 Pts,00:23.5,N/A,N/A,44:52.9,45:16.4,Wisconsin-(Eau Claire) Blugold,WEC@WSP,1/3/2026,1,7:53,Carter Lichtsinn,,,,2 Carter Lichtsinn > P&R Ball Handler > Right P&R > Baseline > Dribble Off Pick > To Basket > Make 2 Pts
229,"32-SET(FLAIR):M2M(5UNDER,2STAY)",WEC@WSP - 01/02/2026 QTR: 1 CLK: 07:42,,,,,Miss 3 Pts,00:16.0,N/A,N/A,45:18.0,45:34.0,Wisconsin-(Stevens Point) Pointers,WEC@WSP,1/3/2026,1,7:42,Max Raimer,,,,23 Max Raimer > Off Screen > To Shooter's Left > Flare > No Dribble Jumper > Open > Long/3pt > Miss 3 Pts
230,"SET-BULLDOG(SPAIN):M2M(5STAY,23DROP)",WEC@WSP - 01/02/2026 QTR: 1,,,,,Kicked Ball,00:10.3,N/A,N/A,47:47.2,47:57.6,Wisconsin-(Stevens Point) Pointers,WEC@WSP,1/3/2026,1,,Seth Miron,,,,2 Seth Miron > Non Possession > Kicked Ball
231,SLOB:M2M,WEC@WSP - 01/02/2026 QTR: 1 CLK: 06:49,,,,,Miss 2 Pts,00:17.7,N/A,N/A,48:06.1,48:23.8,Wisconsin-(Stevens Point) Pointers,WEC@WSP,1/3/2026,1,6:49,Seth Miron,,,,2 Seth Miron > ISO > Left > Drives Right > To Basket > Miss 2 Pts
232,"41-MOTION(BS,DHO):M2M(23OVER,2JAM,2UNDER,12HEDGE)",WEC@WSP - 01/02/2026 QTR: 1 CLK: 06:25,,,,,Miss 3 Pts,00:31.0,N/A,N/A,48:17.8,48:48.7,Wisconsin-(Eau Claire) Blugold,WEC@WSP,1/3/2026,1,6:25,Will Boser,,,,2 Carter Lichtsinn > P&R Ball Handler > Left P&R > Side > Dribble Off Pick > Defense Commits > Ball Delivered > 3 Will Boser > Spot-Up > No Dribble Jumper > Guarded > Long/3pt > Miss 3 Pts
233,"MOTION-HIBS:M2M(22OVER,23DROP)",WEC@WSP - 01/02/2026 QTR: 1 CLK: 06:02,,,,,Make 2 Pts,00:27.5,N/A,N/A,48:42.7,49:10.2,Wisconsin-(Stevens Point) Pointers,WEC@WSP,1/3/2026,1,6:02,Josh Bocher,,,,2 Seth Miron > Post-Up > Right Block > Right Shoulder > Dribble Move > Defense Commits > Ball Delivered > 14 Josh Bocher > Cut > Basket > Make 2 Pts
234,"5OUT-SET(DHO,PASS5,OVERBS):M2M(14UNDER,12DROP)",WEC@WSP - 01/02/2026 QTR: 1 CLK: 05:36,,,,,Miss 3 Pts,00:20.3,N/A,N/A,49:16.7,49:37.0,Wisconsin-(Eau Claire) Blugold,WEC@WSP,1/3/2026,1,5:36,Will Boser,,,,5 Kenji Scales > ISO > Top > Drives Right > Defense Commits > Ball Delivered > 3 Will Boser > Spot-Up > No Dribble Jumper > Open > Long/3pt > Miss 3 Pts
235,5OUT-MOTION :M2M ,WEC@WSP - 01/02/2026 QTR: 1 CLK: 05:16,,,,,Miss 3 Pts,00:19.7,N/A,N/A,49:38.0,49:57.6,Wisconsin-(Stevens Point) Pointers,WEC@WSP,1/3/2026,1,5:16,Josh Bocher,,,,14 Josh Bocher > Off Screen > To Shooter's Left > Straight > No Dribble Jumper > Guarded > Long/3pt > Miss 3 Pts
236,"5OUT-PISTOL(SCREEN,FLAIR):M2M ",WEC@WSP - 01/02/2026 QTR: 1 CLK: 04:59,,,,,Make 3 Pts,00:23.2,N/A,N/A,49:51.8,50:15.1,Wisconsin-(Eau Claire) Blugold,WEC@WSP,1/3/2026,1,4:59,Kenji Scales,,,,5 Kenji Scales > Spot-Up > No Dribble Jumper > Guarded > Long/3pt > Make 3 Pts
237,"41-CHIN(BS):M2M(22OVER,23DROP)",WEC@WSP - 01/02/2026 QTR: 1 CLK: 04:44,,,,,Miss 2 Pts,00:11.1,N/A,N/A,50:18.4,50:29.5,Wisconsin-(Stevens Point) Pointers,WEC@WSP,1/3/2026,1,4:44,Tyler Orr,,,,22 Tyler Orr > P&R Ball Handler > High P&R > Dribble Off Pick > To Basket > Miss 2 Pts
238,"BLOB-BOX(ISO,SCREENS):M2M(3UNDER)",WEC@WSP - 01/02/2026 QTR: 1 CLK: 04:31,,,,,Make 2 Pts,00:18.2,N/A,N/A,50:50.0,51:08.2,Wisconsin-(Stevens Point) Pointers,WEC@WSP,1/3/2026,1,4:31,Seth Miron,,,,2 Seth Miron > Post-Up > Right Block > Right Shoulder > Dribble Move > To Hook > Make 2 Pts
239,"41-DD(3DHO,US,RICKY):M2M(13UNDER,24STAY,24STAY,13UNDER)",WEC@WSP - 01/02/2026 QTR: 1,,,,,No Violation,00:18.1,N/A,N/A,51:11.4,51:29.4,Wisconsin-(Eau Claire) Blugold,WEC@WSP,1/3/2026,1,,Roan Demovsky,,,,22 Roan Demovsky > Non Possession > No Violation
240,SLOB:M2M ,WEC@WSP - 01/02/2026 QTR: 1 CLK: 04:03,,,,,Miss 2 Pts,00:12.9,N/A,N/A,51:46.6,51:59.4,Wisconsin-(Eau Claire) Blugold,WEC@WSP,1/3/2026,1,4:03,Roan Demovsky,,,,22 Roan Demovsky > P&R Ball Handler > High P&R > Dribble Off Pick > To Basket > Miss 2 Pts
241,BLOB:M2M,WEC@WSP - 01/02/2026 QTR: 1 CLK: 04:01,,,,,1 Pts,00:09.6,N/A,N/A,52:07.2,52:16.8,Wisconsin-(Eau Claire) Blugold,WEC@WSP,1/3/2026,1,4:01,Kenji Scales,,,,5 Kenji Scales > Cut > Screen > Make 2 Pts Foul > 1 Pts
242,"41-CHIN(CS,DS,BS)-M2M:22OVER,24DROP,5STAY,6DROP,5OVER,6DROP)",WEC@WSP - 01/02/2026 QTR: 1 CLK: 03:40,,,,,Make 2 Pts,00:21.3,N/A,N/A,53:02.1,53:23.4,Wisconsin-(Stevens Point) Pointers,WEC@WSP,1/3/2026,1,3:40,Josh Bocher,,,,14 Josh Bocher > Post-Up > Right Block > Post Pin > Dribble Move > To Basket > Make 2 Pts
243,"5OUT-PISTOL(PASS,FOLLOW,PITCH,FLAIR,BS):M2M(23OVER,,24DROP)",WEC@WSP - 01/02/2026 QTR: 1 CLK: 03:30,,,,,Foul,00:09.8,N/A,N/A,53:24.4,53:34.2,Wisconsin-(Eau Claire) Blugold,WEC@WSP,1/3/2026,1,3:30,Roan Demovsky,,,,22 Roan Demovsky > P&R Ball Handler > Left P&R > Side > Dribble Off Pick > Foul
244,"41-CHIN(CS,SWING,ISO):M2M",WEC@WSP - 01/02/2026 QTR: 1 CLK: 03:09,,,,,Make 2 Pts,00:22.7,N/A,N/A,55:41.1,56:03.8,Wisconsin-(Stevens Point) Pointers,WEC@WSP,1/3/2026,1,3:09,Seth Miron,,,,2 Seth Miron > Post-Up > Left Block > Right Shoulder > Dribble Move > To Hook > Make 2 Pts
245,"KNICKS-SET(BBS,GHST):M2M",WEC@WSP - 01/02/2026 QTR: 1 CLK: 02:48,,,,,Miss 3 Pts,00:16.8,N/A,N/A,56:08.8,56:25.6,Wisconsin-(Eau Claire) Blugold,WEC@WSP,1/3/2026,1,2:48,Carter Lichtsinn,,,,2 Carter Lichtsinn > Spot-Up > No Dribble Jumper > Open > Long/3pt > Miss 3 Pts
246,ISO:M2M ,WEC@WSP - 01/02/2026 QTR: 1 CLK: 02:34,,,,,Miss 2 Pts,00:19.6,N/A,N/A,56:19.6,56:39.2,Wisconsin-(Stevens Point) Pointers,WEC@WSP,1/3/2026,1,2:34,Seth Miron,,,,2 Seth Miron > ISO > Left > Drives Left > To Basket > Miss 2 Pts
247,"5OUT-MOTION(BS):M2M (24SWITCH,23SWITCH)",WEC@WSP - 01/02/2026 QTR: 1 CLK: 02:24,,,,,Foul,00:16.5,N/A,N/A,56:33.2,56:49.7,Wisconsin-(Eau Claire) Blugold,WEC@WSP,1/3/2026,1,2:24,Xavier Lewis,,,,22 Roan Demovsky > P&R Ball Handler > Right P&R > Side > Dribble Off Pick > Defense Commits > Ball Delivered > 23 Xavier Lewis > P&R Roll Man > Rolls to Basket > Foul
248,"32-SET(BS,DS):M2M(5OVER,23DROP,2OVER)",WEC@WSP - 01/02/2026 QTR: 1 CLK: 02:04,,,,,Miss 2 Pts,00:18.5,N/A,N/A,57:44.0,58:02.4,Wisconsin-(Stevens Point) Pointers,WEC@WSP,1/3/2026,1,2:04,Cal Krohn,,,,12 Cal Krohn > Post-Up > Left Block > Right Shoulder > Dribble Move > To Drop Step > Miss 2 Pts
249,"ATO-5OUT-STAGGER(PASS-PITCH-BS):M2M(14SWITCH,12SWITCH)",WEC@WSP - 01/02/2026 QTR: 1 CLK: 01:45,,,,,Miss 3 Pts,00:18.1,N/A,N/A,58:33.8,58:51.8,Wisconsin-(Eau Claire) Blugold,WEC@WSP,1/3/2026,1,1:45,Tyler Haney,,,,1 Andre Renta > ISO > Right > Drives Left > Defense Commits > Ball Delivered > 11 Tyler Haney > Spot-Up > No Dribble Jumper > Guarded > Long/3pt > Miss 3 Pts
250,ISO:M2M ,WEC@WSP - 01/02/2026 QTR: 1 CLK: 01:36,,,,,Make 2 Pts,00:14.0,N/A,N/A,58:45.8,58:59.8,Wisconsin-(Stevens Point) Pointers,WEC@WSP,1/3/2026,1,1:36,Cal Krohn,,,,12 Cal Krohn > P&R Ball Handler > Left P&R > Baseline > Dribble Off Pick > To Basket > Make 2 Pts
251,"41-MOTION(BS,BS):M2M(12SWITCH,14SWITCH, 14SWITCH,12SWITCH)",WEC@WSP - 01/02/2026 QTR: 1 CLK: 01:23,,,,,Miss 3 Pts,00:21.8,N/A,N/A,58:57.8,59:19.5,Wisconsin-(Eau Claire) Blugold,WEC@WSP,1/3/2026,1,1:23,Kenji Scales,,,,1 Andre Renta > P&R Ball Handler > High P&R > Dribble Off Pick > Defense Commits > Ball Delivered > 5 Kenji Scales > Spot-Up > No Dribble Jumper > Guarded > Long/3pt > Miss 3 Pts
252,"41-SPREAD(CS,SWING,BS,DS):M2M (1OVER,2STAY,5OVER,23DROP,2OVER,23DROP)",WEC@WSP - 01/02/2026 QTR: 1 CLK: 00:49,,,,,Miss 2 Pts,00:28.0,N/A,N/A,59:36.6,00:04.7,Wisconsin-(Stevens Point) Pointers,WEC@WSP,1/3/2026,1,0:49,Cal Krohn,,,,12 Cal Krohn > Post-Up > Right Block > Right Shoulder > Dribble Move > To Hook > Miss 2 Pts
253,"5OUT-MOTION(BS):M2M(23OVER,2UNDER)",WEC@WSP - 01/02/2026 QTR: 1 CLK: 00:23,,,,,Turnover,00:27.8,N/A,N/A,00:02.0,00:29.8,Wisconsin-(Eau Claire) Blugold,WEC@WSP,1/3/2026,1,0:23,Kenji Scales,,,,5 Kenji Scales > ISO > Top > Drives Left > Turnover
254,41-SPREAD:M2M ,WEC@WSP - 01/02/2026 QTR: 1,,,,,No Violation,00:15.7,N/A,N/A,02:00.2,02:15.9,Wisconsin-(Stevens Point) Pointers,WEC@WSP,1/3/2026,1,,James Jacobs,,,,3 James Jacobs > Non Possession > No Violation
255,SLOB:M2M ,WEC@WSP - 01/02/2026 QTR: 1 CLK: 00:01,,,,,Miss 2 Pts,00:12.4,N/A,N/A,02:26.8,02:39.1,Wisconsin-(Stevens Point) Pointers,WEC@WSP,1/3/2026,1,0:01,Max Raimer,,,,23 Max Raimer > Hand Off > From Stationary > Top > Dribble Jumper > Short to < 17' > Miss 2 Pts
256,"2NDH-41-Swing(BS)-m2m(2over,23drop)",WEC@WSP - 01/02/2026 QTR: 2 CLK: 19:48,,,,,Miss 2 Pts,00:17.2,N/A,N/A,18:55.3,19:12.5,Wisconsin-(Stevens Point) Pointers,WEC@WSP,1/3/2026,2,19:48,Seth Miron,,,,2 Seth Miron > P&R Ball Handler > Right P&R > Baseline > Dribble Off Pick > To Basket > Miss 2 Pts
257,Knicks-Spain(ghost):m2m,WEC@WSP - 01/02/2026 QTR: 2 CLK: 19:22,,,,,Foul,00:23.8,N/A,N/A,19:15.6,19:39.4,Wisconsin-(Eau Claire) Blugold,WEC@WSP,1/3/2026,2,19:22,Andre Renta,,,,1 Andre Renta > ISO > Top > Early Jumper > Dribble Jumper > Long/3pt > Foul
258,"41-Chin(flash,dho,bs):m2m(5over,23drop)",WEC@WSP - 01/02/2026 QTR: 2 CLK: 18:57,,,,,Miss 3 Pts,00:27.1,N/A,N/A,20:36.1,21:03.1,Wisconsin-(Stevens Point) Pointers,WEC@WSP,1/3/2026,2,18:57,Josiah Butler,,,,4 Josiah Butler > ISO > Left > Early Jumper > No Dribble Jumper > Guarded > Long/3pt > Miss 3 Pts
259,"knicks(swing,us):m2m(12over)",WEC@WSP - 01/02/2026 QTR: 2 CLK: 18:41,,,,,Turnover,00:20.1,N/A,N/A,20:57.1,21:17.2,Wisconsin-(Eau Claire) Blugold,WEC@WSP,1/3/2026,2,18:41,Xavier Lewis,,,,1 Andre Renta > P&R Ball Handler > High P&R > Defense Commits > Ball Delivered > 23 Xavier Lewis > Cut > Screen > Turnover
260,"41-chin(dho,bs):m2m(2over,23drop)",WEC@WSP - 01/02/2026 QTR: 2 CLK: 18:23,,,,,Miss 2 Pts,00:21.1,N/A,N/A,21:27.9,21:49.0,Wisconsin-(Stevens Point) Pointers,WEC@WSP,1/3/2026,2,18:23,Seth Miron,,,,2 Seth Miron > Post-Up > Right Block > Right Shoulder > Dribble Move > To Hook > Miss 2 Pts
261,"5out-77double(bs,ds,bs):m2m(12switch,14switch)",WEC@WSP - 01/02/2026 QTR: 2 CLK: 18:00,,,,,Miss 2 Pts,00:19.2,N/A,N/A,21:50.5,22:09.7,Wisconsin-(Eau Claire) Blugold,WEC@WSP,1/3/2026,2,18:00,Kenji Scales,,,,5 Kenji Scales > Spot-Up > Drives Left > To Basket > Miss 2 Pts
262,tran,WEC@WSP - 01/02/2026 QTR: 2 CLK: 17:50,,,,,Make 2 Pts,00:16.3,N/A,N/A,22:03.7,22:20.0,Wisconsin-(Stevens Point) Pointers,WEC@WSP,1/3/2026,2,17:50,Josh Bocher,,,,14 Josh Bocher > Transition > Left Wing > To Basket > Make 2 Pts
263,spread-pistol(isocut):m2m,WEC@WSP - 01/02/2026 QTR: 2 CLK: 17:36,,,,,Make 2 Pts,00:13.7,N/A,N/A,22:20.9,22:34.6,Wisconsin-(Eau Claire) Blugold,WEC@WSP,1/3/2026,2,17:36,Carter Lichtsinn,,,,1 Andre Renta > ISO > Right > Drives Right > Defense Commits > Ball Delivered > 2 Carter Lichtsinn > Cut > Basket > Make 2 Pts
264,41-Motion:m2m ,WEC@WSP - 01/02/2026 QTR: 2 CLK: 17:15,,,,,Miss 3 Pts,00:21.9,N/A,N/A,22:35.7,22:57.6,Wisconsin-(Stevens Point) Pointers,WEC@WSP,1/3/2026,2,17:15,Carter Combs,,,,2 Seth Miron > Post-Up > Right Block > Right Shoulder > Dribble Move > Defense Commits > Ball Delivered > 5 Carter Combs > Spot-Up > No Dribble Jumper > Guarded > Long/3pt > Miss 3 Pts
265,"Horns-Set(ivo,bur,ds):m2m(2over,14stay)",WEC@WSP - 01/02/2026 QTR: 2 CLK: 16:48,,,,,Make 2 Pts,00:24.4,N/A,N/A,23:11.4,23:35.9,Wisconsin-(Eau Claire) Blugold,WEC@WSP,1/3/2026,2,16:48,Xavier Lewis,,,,23 Xavier Lewis > Post-Up > Left Block > Left Shoulder > Dribble Move > To Hook > Make 2 Pts
266,41-Chin(us):m2m,WEC@WSP - 01/02/2026 QTR: 2 CLK: 16:31,,,,,Make 2 Pts,00:13.9,N/A,N/A,23:39.3,23:53.2,Wisconsin-(Stevens Point) Pointers,WEC@WSP,1/3/2026,2,16:31,Cal Krohn,,,,2 Seth Miron > P&R Ball Handler > Right P&R > Side > Defense Commits > Ball Delivered > 12 Cal Krohn > P&R Roll Man > Pick and Pops > Drives Left > To Basket > Make 2 Pts
267,"5out-Motion(p-cor,follow,give,flair,bs):m2m(",WEC@WSP - 01/02/2026 QTR: 2 CLK: 16:16,,,,,Turnover,00:11.7,N/A,N/A,23:55.0,24:06.6,Wisconsin-(Eau Claire) Blugold,WEC@WSP,1/3/2026,2,16:16,Andre Renta,,,,1 Andre Renta > Hand Off > From Stationary > Right > Turnover
268,:m2m,WEC@WSP - 01/02/2026 QTR: 2 CLK: 16:06,,,,,Make 2 Pts,00:18.7,N/A,N/A,24:00.6,24:19.3,Wisconsin-(Stevens Point) Pointers,WEC@WSP,1/3/2026,2,16:06,Cal Krohn,,,,12 Cal Krohn > ISO > Right > Drives Right > Dribble Jumper > Short to < 17' > Make 2 Pts
269,"41-set(dho,dho,dho,us,bs):m2m(14stay,12hedge)",WEC@WSP - 01/02/2026 QTR: 2 CLK: 15:48,,,,,Miss 2 Pts,00:15.6,N/A,N/A,24:21.3,24:36.9,Wisconsin-(Eau Claire) Blugold,WEC@WSP,1/3/2026,2,15:48,Andre Renta,,,,1 Andre Renta > P&R Ball Handler > High P&R > Dribble Off Pick > To Basket > Miss 2 Pts
270,:m2m,WEC@WSP - 01/02/2026 QTR: 2 CLK: 15:33,,,,,Make 2 Pts,00:20.4,N/A,N/A,24:30.8,24:51.3,Wisconsin-(Stevens Point) Pointers,WEC@WSP,1/3/2026,2,15:33,Cal Krohn,,,,12 Cal Krohn > Post-Up > Right Block > Right Shoulder > Dribble Move > To Basket > Make 2 Pts
271,"5out-set(pistol,ghost,flair,bs):m2m(5over,4stay)",WEC@WSP - 01/02/2026 QTR: 2 CLK: 15:11,,,,,Miss 3 Pts,00:22.4,N/A,N/A,24:54.3,25:16.7,Wisconsin-(Eau Claire) Blugold,WEC@WSP,1/3/2026,2,15:11,Kenji Scales,,,,3 Will Boser > P&R Ball Handler > Left P&R > Side > Dribble Off Pick > Defense Commits > Ball Delivered > 5 Kenji Scales > P&R Roll Man > Slips the Pick > No Dribble Jumper > Guarded > Long/3pt > Miss 3 Pts
272,i-spain:m2m,WEC@WSP - 01/02/2026 QTR: 2 CLK: 14:49,,,,,Make 2 Pts,00:13.9,N/A,N/A,27:23.1,27:36.9,Wisconsin-(Stevens Point) Pointers,WEC@WSP,1/3/2026,2,14:49,Josiah Butler,,,,4 Josiah Butler > P&R Ball Handler > High P&R > Dribble Off Pick > To Basket > Make 2 Pts
273,"5out-stagger(curl,flash):m2m",WEC@WSP - 01/02/2026 QTR: 2 CLK: 14:38,,,,,Turnover,00:08.9,N/A,N/A,27:40.3,27:49.2,Wisconsin-(Eau Claire) Blugold,WEC@WSP,1/3/2026,2,14:38,Kenji Scales,,,,5 Kenji Scales > No Play Type > Turnover
274,"41-Chin(flash,give,follow,give,flair): m2m",WEC@WSP - 01/02/2026 QTR: 2 CLK: 14:20,,,,,Miss 3 Pts,00:17.7,N/A,N/A,28:08.5,28:26.1,Wisconsin-(Stevens Point) Pointers,WEC@WSP,1/3/2026,2,14:20,Seth Miron,,,,4 Josiah Butler > P&R Ball Handler > High P&R > Dribble Off Pick > Defense Commits > Ball Delivered > 2 Seth Miron > Spot-Up > No Dribble Jumper > Guarded > Long/3pt > Miss 3 Pts
275,"5out-stagger(curl,flash,give,ds,zoom):m2m(4over,12drop)",WEC@WSP - 01/02/2026 QTR: 2,,,,,Non Shooting Foul,00:14.8,N/A,N/A,28:27.6,28:42.4,Wisconsin-(Eau Claire) Blugold,WEC@WSP,1/3/2026,2,,Kenji Scales,,,,5 Kenji Scales > Non Possession > Non Shooting Foul
276,slob:m2m ,WEC@WSP - 01/02/2026 QTR: 2 CLK: 13:46,,,,,Miss 2 Pts,00:24.3,N/A,N/A,29:06.3,29:30.6,Wisconsin-(Eau Claire) Blugold,WEC@WSP,1/3/2026,2,13:46,Kenji Scales,,,,5 Kenji Scales > Spot-Up > Drives Left > To Basket > Miss 2 Pts
277,:m2m,WEC@WSP - 01/02/2026 QTR: 2 CLK: 13:34,,,,,Make 2 Pts,00:18.0,N/A,N/A,29:24.6,29:42.6,Wisconsin-(Stevens Point) Pointers,WEC@WSP,1/3/2026,2,13:34,Cal Krohn,,,,12 Cal Krohn > Post-Up > Left Block > Right Shoulder > Dribble Move > To Basket > Make 2 Pts
278,"5out-LWing(mav):m2m(5under,12stay)",WEC@WSP - 01/02/2026 QTR: 2 CLK: 13:15,,,,,Make 3 Pts,00:17.6,N/A,N/A,29:45.0,30:02.7,Wisconsin-(Eau Claire) Blugold,WEC@WSP,1/3/2026,2,13:15,Kenji Scales,,,,5 Kenji Scales > Spot-Up > No Dribble Jumper > Guarded > Long/3pt > Make 3 Pts
279,"32-flash(follow,follow,iso):m2m ",WEC@WSP - 01/02/2026 QTR: 2 CLK: 12:51,,,,,Miss 2 Pts,00:19.8,N/A,N/A,30:05.1,30:24.9,Wisconsin-(Stevens Point) Pointers,WEC@WSP,1/3/2026,2,12:51,Cal Krohn,,,,12 Cal Krohn > Post-Up > Right Block > Left Shoulder > Dribble Move > To Up and Under > Miss 2 Pts
280,"knicks-spain:m2m(14over,5stay)",WEC@WSP - 01/02/2026 QTR: 2 CLK: 12:34,,,,,1 Pts,00:17.7,N/A,N/A,30:25.5,30:43.3,Wisconsin-(Eau Claire) Blugold,WEC@WSP,1/3/2026,2,12:34,Carter Lichtsinn,,,,1 Andre Renta > ISO > Top > Defense Commits > Ball Delivered > 2 Carter Lichtsinn > Spot-Up > Drives Right > To Basket > Make 2 Pts Foul > 1 Pts
281,41-GC:m2m ,WEC@WSP - 01/02/2026 QTR: 2 CLK: 12:23,,,,,Make 2 Pts,00:17.3,N/A,N/A,31:27.6,31:44.8,Wisconsin-(Stevens Point) Pointers,WEC@WSP,1/3/2026,2,12:23,Josh Bocher,,,,14 Josh Bocher > Spot-Up > Drives Left > To Basket > Make 2 Pts
282,"5out-LWING(mav,bs):m2m(4over,12under, 22over,15hedge)",WEC@WSP - 01/02/2026 QTR: 2 CLK: 12:06,,,,,Miss 3 Pts,00:18.2,N/A,N/A,31:45.9,32:04.1,Wisconsin-(Eau Claire) Blugold,WEC@WSP,1/3/2026,2,12:06,Luke Reder,,,,22 Roan Demovsky > P&R Ball Handler > High P&R > Dribble Off Pick > Defense Commits > Ball Delivered > 24 Luke Reder > P&R Roll Man > Pick and Pops > No Dribble Jumper > Guarded > Long/3pt > Miss 3 Pts
283,:m2m,WEC@WSP - 01/02/2026 QTR: 2 CLK: 12:00,,,,,Make 3 Pts,00:05.7,N/A,N/A,32:04.1,32:09.8,Wisconsin-(Eau Claire) Blugold,WEC@WSP,1/3/2026,2,12:00,Will Boser,,,,3 Will Boser > Spot-Up > No Dribble Jumper > Guarded > Long/3pt > Make 3 Pts
284,"5out-set(swing,flair):m2m(3over,24stay)",WEC@WSP - 01/02/2026 QTR: 2 CLK: 11:40,,,,,Make 2 Pts,00:21.1,N/A,N/A,32:07.3,32:28.4,Wisconsin-(Stevens Point) Pointers,WEC@WSP,1/3/2026,2,11:40,Josh Bocher,,,,14 Josh Bocher > Post-Up > Right Block > Left Shoulder > Dribble Move > To Drop Step > Make 2 Pts
285,"5out(dho,bs,swing,swing,bs,bs):m2m (5over,15drop,14switch,4under,15blitz,4blitz)",WEC@WSP - 01/02/2026 QTR: 2 CLK: 11:12,,,,,Miss 2 Pts,00:24.2,N/A,N/A,32:31.5,32:55.7,Wisconsin-(Eau Claire) Blugold,WEC@WSP,1/3/2026,2,11:12,Luke Reder,,,,3 Will Boser > P&R Ball Handler > Left P&R > Side > Dribble Off Pick > Defense Commits > Ball Delivered > 24 Luke Reder > P&R Roll Man > Rolls to Basket > Miss 2 Pts
286,:m2m,WEC@WSP - 01/02/2026 QTR: 2 CLK: 10:47,,,,,Miss 2 Pts,00:24.3,N/A,N/A,32:56.7,33:21.0,Wisconsin-(Stevens Point) Pointers,WEC@WSP,1/3/2026,2,10:47,Josiah Butler,,,,4 Josiah Butler > Cut > Screen > Miss 2 Pts
287,ATO:M2M ,WEC@WSP - 01/02/2026 QTR: 2 CLK: 10:31,,,,,Make 3 Pts,00:18.7,N/A,N/A,35:04.3,35:22.9,Wisconsin-(Stevens Point) Pointers,WEC@WSP,1/3/2026,2,10:31,Logan Baumgartner,,,,15 Logan Baumgartner > Spot-Up > No Dribble Jumper > Open > Long/3pt > Make 3 Pts
288,"IFORM-spain:m2m(5over,12drop)",WEC@WSP - 01/02/2026 QTR: 2 CLK: 10:12,,,,,Make 2 Pts,00:11.7,N/A,N/A,35:25.9,35:37.6,Wisconsin-(Eau Claire) Blugold,WEC@WSP,1/3/2026,2,10:12,Will Boser,,,,3 Will Boser > Off Screen > To Shooter's Right > Straight > No Dribble Jumper > Open > Medium/17' to <3p > Make 2 Pts
289,"41S-chin(us,give):m2m ",WEC@WSP - 01/02/2026 QTR: 2 CLK: 09:59,,,,,1 Pts,00:15.3,N/A,N/A,35:39.8,35:55.1,Wisconsin-(Stevens Point) Pointers,WEC@WSP,1/3/2026,2,9:59,Seth Miron,,,,2 Seth Miron > Post-Up > Left Block > Right Shoulder > Dribble Move > To Basket > Make 2 Pts Foul > 1 Pts
290,"41-set(dho,dho,dho,bs):m2m (12hedge,5over)",WEC@WSP - 01/02/2026 QTR: 2 CLK: 09:42,,,,,Make 2 Pts,00:16.7,N/A,N/A,36:30.5,36:47.2,Wisconsin-(Eau Claire) Blugold,WEC@WSP,1/3/2026,2,9:42,Andre Renta,,,,1 Andre Renta > P&R Ball Handler > High P&R > Dribble Off Pick > To Basket > Make 2 Pts
291,5out-stagger:m2m ,WEC@WSP - 01/02/2026 QTR: 2,,,,,No Violation,00:10.4,N/A,N/A,36:49.3,36:59.7,Wisconsin-(Stevens Point) Pointers,WEC@WSP,1/3/2026,2,,Logan Baumgartner,,,,15 Logan Baumgartner > Non Possession > No Violation
292,blob-box(upscreen):m2m ,WEC@WSP - 01/02/2026 QTR: 2 CLK: 09:15,,,,,Miss 2 Pts,00:24.0,N/A,N/A,37:07.4,37:31.3,Wisconsin-(Stevens Point) Pointers,WEC@WSP,1/3/2026,2,9:15,Josiah Butler,,,,4 Josiah Butler > Spot-Up > Drives Left > Dribble Jumper > Short to < 17' > Miss 2 Pts
293,"5out-TBD(BS,flip):m2m(5over,12 under,15over,12blitz)",WEC@WSP - 01/02/2026 QTR: 2,,,,,No Violation,00:25.9,N/A,N/A,37:35.5,38:01.5,Wisconsin-(Eau Claire) Blugold,WEC@WSP,1/3/2026,2,,Xavier Lewis,,,,23 Xavier Lewis > Non Possession > No Violation
294,blob:m2m ,WEC@WSP - 01/02/2026 QTR: 2 CLK: 08:41,,,,,Miss 3 Pts,00:12.9,N/A,N/A,40:19.7,40:32.6,Wisconsin-(Eau Claire) Blugold,WEC@WSP,1/3/2026,2,8:41,Will Boser,,,,3 Will Boser > Off Screen > To Shooter's Left > Straight > No Dribble Jumper > Guarded > Long/3pt > Miss 3 Pts
295,32-chin(flash-HILOW):m2m,WEC@WSP - 01/02/2026 QTR: 2,,,,,Non Shooting Foul,00:20.0,N/A,N/A,40:43.6,41:03.7,Wisconsin-(Stevens Point) Pointers,WEC@WSP,1/3/2026,2,,Seth Miron,,,,2 Seth Miron > Non Possession > Non Shooting Foul
296,blob-box(iso):m2m ,WEC@WSP - 01/02/2026 QTR: 2 CLK: 08:14,,,,,Make 2 Pts,00:12.6,N/A,N/A,41:15.3,41:27.9,Wisconsin-(Stevens Point) Pointers,WEC@WSP,1/3/2026,2,8:14,Josh Bocher,,,,14 Josh Bocher > Post-Up > Right Block > Left Shoulder > Dribble Move > To Drop Step > Make 2 Pts
297,"5out-set(pass5-ds),bs):m2m(4over,5drop,4under,12drop)",WEC@WSP - 01/02/2026 QTR: 2 CLK: 07:51,,,,,Miss 2 Pts,00:20.3,N/A,N/A,41:32.1,41:52.4,Wisconsin-(Eau Claire) Blugold,WEC@WSP,1/3/2026,2,7:51,Carter Lichtsinn,,,,2 Carter Lichtsinn > Post-Up > Left Block > Right Shoulder > Dribble Move > To Drop Step > Miss 2 Pts
298,5out-set(ds):m2m ((THERE MOTION JACOB),WEC@WSP - 01/02/2026 QTR: 2 CLK: 07:23,,,,,Make 2 Pts,00:20.7,N/A,N/A,41:58.1,42:18.8,Wisconsin-(Stevens Point) Pointers,WEC@WSP,1/3/2026,2,7:23,Cal Krohn,,,,12 Cal Krohn > Post-Up > Right Block > Right Shoulder > Dribble Move > To Basket > Make 2 Pts
299,"5out-Zoom(bs)""m2m(4over,12drop)",WEC@WSP - 01/02/2026 QTR: 2 CLK: 07:08,,,,,Miss 3 Pts,00:12.4,N/A,N/A,42:22.6,42:34.9,Wisconsin-(Eau Claire) Blugold,WEC@WSP,1/3/2026,2,7:08,Kenji Scales,,,,5 Kenji Scales > P&R Ball Handler > High P&R > Dribble Off Pick > Dribble Jumper > Long/3pt > Miss 3 Pts
300,"bs:m2m (1over,23drop)",WEC@WSP - 01/02/2026 QTR: 2,,,,,Non Shooting Foul,00:24.4,N/A,N/A,42:28.9,42:53.3,Wisconsin-(Stevens Point) Pointers,WEC@WSP,1/3/2026,2,,Cal Krohn,,,,12 Cal Krohn > Non Possession > Non Shooting Foul
301,blob-box(iso):m2m,WEC@WSP - 01/02/2026 QTR: 2 CLK: 06:38,,,,,Make 2 Pts,00:15.8,N/A,N/A,44:32.1,44:47.9,Wisconsin-(Stevens Point) Pointers,WEC@WSP,1/3/2026,2,6:38,Josiah Butler,,,,4 Josiah Butler > ISO > Top > Drives Right > To Basket > Make 2 Pts
302,"chin-Set(dho,dho,dho,us,bs):m2m(2over,12under)",WEC@WSP - 01/02/2026 QTR: 2 CLK: 06:13,,,,,Turnover,00:20.7,N/A,N/A,44:51.1,45:11.9,Wisconsin-(Eau Claire) Blugold,WEC@WSP,1/3/2026,2,6:13,Xavier Lewis,,,,23 Xavier Lewis > Cut > Flash > Turnover
303,:m2m ,WEC@WSP - 01/02/2026 QTR: 2 CLK: 06:08,,,,,Miss 2 Pts,00:12.2,N/A,N/A,45:05.9,45:18.1,Wisconsin-(Stevens Point) Pointers,WEC@WSP,1/3/2026,2,6:08,Josh Bocher,,,,14 Josh Bocher > Transition > Ballhandler > To Basket > Miss 2 Pts
304,"bs:m2m(2over,12drop)",WEC@WSP - 01/02/2026 QTR: 2 CLK: 05:59,,,,,Turnover,00:15.4,N/A,N/A,45:12.1,45:27.5,Wisconsin-(Eau Claire) Blugold,WEC@WSP,1/3/2026,2,5:59,Kenji Scales,,,,5 Kenji Scales > P&R Ball Handler > High P&R > Dribble Off Pick > Defense Commits > Turnover
305,33-Set(hilo):m2m ,WEC@WSP - 01/02/2026 QTR: 2 CLK: 05:28,,,,,Miss 2 Pts,00:32.9,N/A,N/A,46:06.9,46:39.8,Wisconsin-(Stevens Point) Pointers,WEC@WSP,1/3/2026,2,5:28,Seth Miron,,,,2 Seth Miron > Post-Up > Left Block > Left Shoulder > Dribble Move > To Hook > Miss 2 Pts
306,"chin(dho,swing,us,swing,swing,bs):m2m(12switch,14switch)",WEC@WSP - 01/02/2026 QTR: 2 CLK: 05:10,,,,,Miss 2 Pts,00:15.1,N/A,N/A,47:13.2,47:28.3,Wisconsin-(Eau Claire) Blugold,WEC@WSP,1/3/2026,2,5:10,Xavier Lewis,,,,1 Andre Renta > P&R Ball Handler > Right P&R > Side > Dribble Off Pick > Defense Commits > Ball Delivered > 23 Xavier Lewis > P&R Roll Man > Rolls to Basket > Miss 2 Pts
307,isocut:m2m ,WEC@WSP - 01/02/2026 QTR: 2,,,,,Non Shooting Foul,00:28.6,N/A,N/A,47:22.3,47:50.9,Wisconsin-(Stevens Point) Pointers,WEC@WSP,1/3/2026,2,,Josh Bocher,,,,14 Josh Bocher > Non Possession > Non Shooting Foul
308,blob-box(us):m2m ,WEC@WSP - 01/02/2026 QTR: 2 CLK: 04:29,,,,,Miss 3 Pts,00:27.7,N/A,N/A,48:04.8,48:32.5,Wisconsin-(Stevens Point) Pointers,WEC@WSP,1/3/2026,2,4:29,Josiah Butler,,,,4 Josiah Butler > Spot-Up > Drives Right > Dribble Jumper > Long/3pt > Miss 3 Pts
309,"bs:m2m(5over,12drop)",WEC@WSP - 01/02/2026 QTR: 2,,,,,Non Shooting Foul,00:15.1,N/A,N/A,48:26.5,48:41.5,Wisconsin-(Eau Claire) Blugold,WEC@WSP,1/3/2026,2,,Andre Renta,,,,1 Andre Renta > Non Possession > Non Shooting Foul
310,slob:m2m ,WEC@WSP - 01/02/2026 QTR: 2 CLK: 04:10,,,,,Miss 2 Pts,00:16.0,N/A,N/A,48:50.8,49:06.8,Wisconsin-(Eau Claire) Blugold,WEC@WSP,1/3/2026,2,4:10,Andre Renta,,,,1 Andre Renta > P&R Ball Handler > High P&R > Dribble Off Pick > Dribble Jumper > Short to < 17' > Miss 2 Pts
311,"41-set(bs):m2m(5over,23drop)",WEC@WSP - 01/02/2026 QTR: 2 CLK: 03:42,,,,,Miss 3 Pts,00:27.6,N/A,N/A,49:07.5,49:35.1,Wisconsin-(Stevens Point) Pointers,WEC@WSP,1/3/2026,2,3:42,Carter Combs,,,,4 Josiah Butler > P&R Ball Handler > High P&R > Dribble Off Pick > Defense Commits > Ball Delivered > 5 Carter Combs > Spot-Up > No Dribble Jumper > Guarded > Long/3pt > Miss 3 Pts
312,:m2m ,WEC@WSP - 01/02/2026 QTR: 2 CLK: 03:27,,,,,Foul,00:19.9,N/A,N/A,49:29.1,49:48.9,Wisconsin-(Eau Claire) Blugold,WEC@WSP,1/3/2026,2,3:27,Carter Lichtsinn,,,,1 Andre Renta > P&R Ball Handler > Left P&R > Baseline > Dribble Off Pick > Defense Commits > Ball Delivered > 2 Carter Lichtsinn > Spot-Up > Drives Right > To Basket > Foul
313,"41(swing,swing,follow,flair,rick):m2m(5over,11drop,5over,11drop)",WEC@WSP - 01/02/2026 QTR: 2 CLK: 02:57,,,,,Miss 3 Pts,00:40.0,N/A,N/A,51:48.9,52:28.9,Wisconsin-(Stevens Point) Pointers,WEC@WSP,1/3/2026,2,2:57,Josiah Butler,,,,4 Josiah Butler > ISO > Right > Early Jumper > Dribble Jumper > Long/3pt > Miss 3 Pts
314,"5out-pistol(clear,flair,bs):m2m(14stay,12stay)",WEC@WSP - 01/02/2026 QTR: 2 CLK: 02:08,,,,,Make 3 Pts,00:17.5,N/A,N/A,54:20.9,54:38.4,Wisconsin-(Eau Claire) Blugold,WEC@WSP,1/3/2026,2,2:08,Carter Lichtsinn,,,,1 Andre Renta > P&R Ball Handler > Left P&R > Side > Dribble Off Pick > Defense Commits > Ball Delivered > 2 Carter Lichtsinn > Spot-Up > No Dribble Jumper > Guarded > Long/3pt > Make 3 Pts
315,:press(m2m),WEC@WSP - 01/02/2026 QTR: 2 CLK: 01:25,,,,,Make 2 Pts,00:35.1,N/A,N/A,55:44.3,56:19.3,Wisconsin-(Stevens Point) Pointers,WEC@WSP,1/3/2026,2,1:25,Josiah Butler,,,,4 Josiah Butler > Hand Off > From Stationary > Top > To Basket > Make 2 Pts
316,"bs:m2m(14switch,12switch)",WEC@WSP - 01/02/2026 QTR: 2 CLK: 01:25,,,,,Miss 3 Pts,00:11.3,N/A,N/A,56:24.1,56:35.5,Wisconsin-(Eau Claire) Blugold,WEC@WSP,1/3/2026,2,1:25,Andre Renta,,,,1 Andre Renta > P&R Ball Handler > Left P&R > Side > Dribble Off Pick > Dribble Jumper > Long/3pt > Miss 3 Pts
317,blob:m2m ,WEC@WSP - 01/02/2026 QTR: 2 CLK: 01:15,,,,,Make 3 Pts,00:12.1,N/A,N/A,00:44.4,00:56.5,Wisconsin-(Eau Claire) Blugold,WEC@WSP,1/3/2026,2,1:15,Kenji Scales,,,,5 Kenji Scales > Off Screen > To Shooter's Left > Straight > No Dribble Jumper > Guarded > Long/3pt > Make 3 Pts
318,:press(rj),WEC@WSP - 01/02/2026 QTR: 2 CLK: 01:09,,,,,Foul,00:12.3,N/A,N/A,00:54.6,01:06.9,Wisconsin-(Stevens Point) Pointers,WEC@WSP,1/3/2026,2,1:09,Carter Combs,,,,5 Carter Combs > Transition > Ballhandler > Foul
319,"bs:m2m(14switch,12switch)",WEC@WSP - 01/02/2026 QTR: 2 CLK: 01:02,,,,,Miss 3 Pts,00:14.8,N/A,N/A,02:15.8,02:30.5,Wisconsin-(Eau Claire) Blugold,WEC@WSP,1/3/2026,2,1:02,Kenji Scales,,,,1 Andre Renta > P&R Ball Handler > Left P&R > Side > Dribble Off Pick > Defense Commits > Ball Delivered > 5 Kenji Scales > Spot-Up > No Dribble Jumper > Guarded > Long/3pt > Miss 3 Pts
320,:press(rj),WEC@WSP - 01/02/2026 QTR: 2 CLK: 00:54,,,,,Foul,00:13.8,N/A,N/A,02:30.5,02:44.3,Wisconsin-(Stevens Point) Pointers,WEC@WSP,1/3/2026,2,0:54,Cal Krohn,,,,12 Cal Krohn > No Play Type > Foul
321,"bs:m2m(14stay,12stay)",WEC@WSP - 01/02/2026 QTR: 2 CLK: 00:48,,,,,0 Pts,00:12.1,N/A,N/A,03:28.9,03:41.1,Wisconsin-(Eau Claire) Blugold,WEC@WSP,1/3/2026,2,0:48,Andre Renta,,,,1 Andre Renta > P&R Ball Handler > High P&R > Dribble Off Pick > Dribble Jumper > Long/3pt > Make 3 Pts Foul > 0 Pts
322,:m2m(rj),WEC@WSP - 01/02/2026 QTR: 2 CLK: 00:37,,,,,Make 2 Pts,00:09.1,N/A,N/A,06:00.6,06:09.6,Wisconsin-(Eau Claire) Blugold,WEC@WSP,1/3/2026,2,0:37,Tyler Haney,,,,11 Tyler Haney > No Play Type > To Basket > Make 2 Pts
323,;m2m(rj),WEC@WSP - 01/02/2026 QTR: 2,,,,,Non Shooting Foul,00:12.0,N/A,N/A,06:07.6,06:19.6,Wisconsin-(Stevens Point) Pointers,WEC@WSP,1/3/2026,2,,Max Raimer,,,,23 Max Raimer > Non Possession > Non Shooting Foul
324,:m2m(rj),WEC@WSP - 01/02/2026 QTR: 2 CLK: 00:35,,,,,Foul,00:10.5,N/A,N/A,07:26.7,07:37.1,Wisconsin-(Stevens Point) Pointers,WEC@WSP,1/3/2026,2,0:35,Logan Baumgartner,,,,15 Logan Baumgartner > No Play Type > Foul
325,:m2m(rj),WEC@WSP - 01/02/2026 QTR: 2 CLK: 00:25,,,,,Foul,00:08.0,N/A,N/A,09:21.7,09:29.7,Wisconsin-(Stevens Point) Pointers,WEC@WSP,1/3/2026,2,0:25,Seth Miron,,,,2 Seth Miron > No Play Type > Foul
326,Brock Marino,WWW@COE - 12/29/2025 QTR: 1 CLK: 19:40,,,,,Miss 2 Pts,00:27.8,N/A,N/A,28:39.8,29:07.7,Wisconsin-(Whitewater) Warhawks,WWW@COE,12/30/2025,1,19:40,Brock Marino,,,,21 Brock Marino > Post-Up > Left Block > Left Shoulder > Dribble Move > To Up and Under > Miss 2 Pts
327,C. Reece Breitenbach,WWW@COE - 12/29/2025 QTR: 1 CLK: 19:32,,,,,Make 3 Pts,00:15.9,N/A,N/A,28:59.6,29:15.4,Coe College Kohawks,WWW@COE,12/30/2025,1,19:32,C. Reece Breitenbach,,,,12 C. Reece Breitenbach > Transition > Left Wing > No Dribble Jumper > Guarded > Long/3pt > Make 3 Pts
328,Richie Warren,WWW@COE - 12/29/2025 QTR: 1 CLK: 19:09,,,,,Miss 2 Pts,00:25.3,N/A,N/A,29:14.5,29:39.8,Wisconsin-(Whitewater) Warhawks,WWW@COE,12/30/2025,1,19:09,Richie Warren,,,,24 Richie Warren > ISO > Top > Drives Left > Dribble Jumper > Short to < 17' > Miss 2 Pts
329,Deuce Walters,WWW@COE - 12/29/2025 QTR: 1 CLK: 18:41,,,,,Turnover,00:35.3,N/A,N/A,29:30.8,30:06.1,Coe College Kohawks,WWW@COE,12/30/2025,1,18:41,Deuce Walters,,,,4 Deuce Walters > Spot-Up > Drives Right > Turnover
330,Luke Bara,WWW@COE - 12/29/2025 QTR: 1 CLK: 18:24,,,,,Make 3 Pts,00:22.2,N/A,N/A,30:10.0,30:32.2,Wisconsin-(Whitewater) Warhawks,WWW@COE,12/30/2025,1,18:24,Luke Bara,,,,32 Luke Bara > Spot-Up > No Dribble Jumper > Guarded > Long/3pt > Make 3 Pts
331,Jackson Bowman,WWW@COE - 12/29/2025 QTR: 1 CLK: 18:05,,,,,Miss 2 Pts,00:11.7,N/A,N/A,30:38.2,30:49.9,Coe College Kohawks,WWW@COE,12/30/2025,1,18:05,Jackson Bowman,,,,22 Jackson Bowman > Cut > Screen > Miss 2 Pts
332,Jackson Bowman,WWW@COE - 12/29/2025 QTR: 1 CLK: 18:05,,,,,Make 2 Pts,00:05.7,N/A,N/A,30:44.2,30:49.9,Coe College Kohawks,WWW@COE,12/30/2025,1,18:05,Jackson Bowman,,,,22 Jackson Bowman > Offensive Rebound > Short > Scoring Attempt > At Basket > Make 2 Pts
333,Richie Warren,WWW@COE - 12/29/2025 QTR: 1 CLK: 17:49,,,,,Make 2 Pts,00:15.1,N/A,N/A,30:50.6,31:05.7,Wisconsin-(Whitewater) Warhawks,WWW@COE,12/30/2025,1,17:49,Richie Warren,,,,22 Joey Berezowitz > P&R Ball Handler > Right P&R > Baseline > Go Away from Pick > Defense Commits > Ball Delivered > 24 Richie Warren > Cut > Basket > Make 2 Pts
334,C. Reece Breitenbach,WWW@COE - 12/29/2025 QTR: 1 CLK: 17:32,,,,,Turnover,00:16.5,N/A,N/A,31:06.0,31:22.5,Coe College Kohawks,WWW@COE,12/30/2025,1,17:32,C. Reece Breitenbach,,,,5 Cooper Nailor > P&R Ball Handler > High P&R > Dribble Off Pick > Defense Commits > Ball Delivered > 12 C. Reece Breitenbach > Spot-Up > Drives Left > Turnover
335,Luke Bara,WWW@COE - 12/29/2025 QTR: 1 CLK: 17:25,,,,,Foul,00:14.7,N/A,N/A,31:16.5,31:31.2,Wisconsin-(Whitewater) Warhawks,WWW@COE,12/30/2025,1,17:25,Luke Bara,,,,32 Luke Bara > Transition > Ballhandler > To Basket > Foul
336,Luke Bara,WWW@COE - 12/29/2025 QTR: 1,,,,,Free Throw,00:07.6,N/A,N/A,31:53.4,32:01.0,Wisconsin-(Whitewater) Warhawks,WWW@COE,12/30/2025,1,,Luke Bara,,,,32 Luke Bara > Non Possession > Free Throw
337,Luke Bara,WWW@COE - 12/29/2025 QTR: 1,,,,,Free Throw,00:09.3,N/A,N/A,32:07.8,32:17.1,Wisconsin-(Whitewater) Warhawks,WWW@COE,12/30/2025,1,,Luke Bara,,,,32 Luke Bara > Non Possession > Free Throw
338,Deuce Walters,WWW@COE - 12/29/2025 QTR: 1,,,,,No Violation,00:29.9,N/A,N/A,32:16.8,32:46.7,Coe College Kohawks,WWW@COE,12/30/2025,1,,Deuce Walters,,,,4 Deuce Walters > Non Possession > No Violation
339,Deuce Walters,WWW@COE - 12/29/2025 QTR: 1 CLK: 16:42,,,,,Make 2 Pts,00:11.5,N/A,N/A,33:01.3,33:12.8,Coe College Kohawks,WWW@COE,12/30/2025,1,16:42,Deuce Walters,,,,4 Deuce Walters > Spot-Up > Drives Left > Dribble Jumper > Short to < 17' > Make 2 Pts
340,Luke Bara,WWW@COE - 12/29/2025 QTR: 1 CLK: 16:39,,,,,Make 3 Pts,00:20.9,N/A,N/A,33:13.1,33:33.9,Wisconsin-(Whitewater) Warhawks,WWW@COE,12/30/2025,1,16:39,Luke Bara,,,,32 Luke Bara > P&R Ball Handler > Right P&R > Side > Dribble Off Pick > Dribble Jumper > Long/3pt > Make 3 Pts
341,Deuce Walters,WWW@COE - 12/29/2025 QTR: 1 CLK: 16:22,,,,,Miss 3 Pts,00:19.7,N/A,N/A,33:38.4,33:58.2,Coe College Kohawks,WWW@COE,12/30/2025,1,16:22,Deuce Walters,,,,5 Cooper Nailor > P&R Ball Handler > Left P&R > Side > Dribble Off Pick > Defense Commits > Ball Delivered > 4 Deuce Walters > Spot-Up > No Dribble Jumper > Guarded > Long/3pt > Miss 3 Pts
342,Jackson Bowman,WWW@COE - 12/29/2025 QTR: 1 CLK: 16:13,,,,,Miss 3 Pts,00:07.6,N/A,N/A,33:58.2,34:05.8,Coe College Kohawks,WWW@COE,12/30/2025,1,16:13,Jackson Bowman,,,,22 Jackson Bowman > Spot-Up > No Dribble Jumper > Open > Long/3pt > Miss 3 Pts
343,Kanyon Bryte,WWW@COE - 12/29/2025 QTR: 1 CLK: 16:13,,,,,Miss 2 Pts,00:10.0,N/A,N/A,33:55.8,34:05.8,Coe College Kohawks,WWW@COE,12/30/2025,1,16:13,Kanyon Bryte,,,,34 Kanyon Bryte > Offensive Rebound > Short > Scoring Attempt > Short to < 17' > Miss 2 Pts
344,Joey Berezowitz,WWW@COE - 12/29/2025 QTR: 1 CLK: 15:37,,,,,Make 2 Pts,00:18.9,N/A,N/A,34:08.9,34:27.8,Wisconsin-(Whitewater) Warhawks,WWW@COE,12/30/2025,1,15:37,Joey Berezowitz,,,,32 Luke Bara > P&R Ball Handler > High P&R > Go Away from Pick > Defense Commits > Ball Delivered > 22 Joey Berezowitz > Cut > Basket > Make 2 Pts
345,Deuce Walters,WWW@COE - 12/29/2025 QTR: 1 CLK: 15:19,,,,,Make 2 Pts,00:19.6,N/A,N/A,34:26.8,34:46.4,Coe College Kohawks,WWW@COE,12/30/2025,1,15:19,Deuce Walters,,,,4 Deuce Walters > P&R Ball Handler > High P&R > Dribble Off Pick > Dribble Jumper > Short to < 17' > Make 2 Pts
346,Brock Marino,WWW@COE - 12/29/2025 QTR: 1 CLK: 15:03,,,,,Turnover,00:20.1,N/A,N/A,36:02.8,36:23.0,Wisconsin-(Whitewater) Warhawks,WWW@COE,12/30/2025,1,15:03,Brock Marino,,,,21 Brock Marino > No Play Type > Turnover
347,Cooper Nailor,WWW@COE - 12/29/2025 QTR: 1 CLK: 14:34,,,,,Miss 3 Pts,00:36.3,N/A,N/A,36:35.0,37:11.3,Coe College Kohawks,WWW@COE,12/30/2025,1,14:34,Cooper Nailor,,,,5 Cooper Nailor > Hand Off > From Dribble > Left > Dribble Jumper > Long/3pt > Miss 3 Pts
348,Joey Berezowitz,WWW@COE - 12/29/2025 QTR: 1 CLK: 14:02,,,,,Turnover,00:33.4,N/A,N/A,37:27.2,38:00.6,Wisconsin-(Whitewater) Warhawks,WWW@COE,12/30/2025,1,14:02,Joey Berezowitz,,,,22 Joey Berezowitz > Spot-Up > Drives Left > Turnover
349,Kanyon Bryte,WWW@COE - 12/29/2025 QTR: 1 CLK: 13:37,,,,,Foul,00:32.4,N/A,N/A,37:54.6,38:27.0,Coe College Kohawks,WWW@COE,12/30/2025,1,13:37,Kanyon Bryte,,,,34 Kanyon Bryte > Post-Up > Right Block > Left Shoulder > Dribble Move > To Drop Step > Foul
350,Kanyon Bryte,WWW@COE - 12/29/2025 QTR: 1,,,,,Free Throw,00:05.5,N/A,N/A,38:44.8,38:50.3,Coe College Kohawks,WWW@COE,12/30/2025,1,,Kanyon Bryte,,,,34 Kanyon Bryte > Non Possession > Free Throw
351,Kanyon Bryte,WWW@COE - 12/29/2025 QTR: 1,,,,,Free Throw,00:04.5,N/A,N/A,39:02.8,39:07.3,Coe College Kohawks,WWW@COE,12/30/2025,1,,Kanyon Bryte,,,,34 Kanyon Bryte > Non Possession > Free Throw
352,Luke Bara,WWW@COE - 12/29/2025 QTR: 1 CLK: 13:27,,,,,Miss 2 Pts,00:17.9,N/A,N/A,39:06.3,39:24.2,Wisconsin-(Whitewater) Warhawks,WWW@COE,12/30/2025,1,13:27,Luke Bara,,,,32 Luke Bara > P&R Ball Handler > High P&R > Dribble Off Pick > To Basket > Miss 2 Pts
353,Jake Quast,WWW@COE - 12/29/2025 QTR: 1 CLK: 13:23,,,,,Foul,00:00.0,N/A,N/A,39:24.2,39:24.2,Wisconsin-(Whitewater) Warhawks,WWW@COE,12/30/2025,1,13:23,Jake Quast,,,,12 Jake Quast > Offensive Rebound > Short > Scoring Attempt > At Basket > Foul
354,Jake Quast,WWW@COE - 12/29/2025 QTR: 1,,,,,Free Throw,00:05.7,N/A,N/A,39:38.0,39:43.7,Wisconsin-(Whitewater) Warhawks,WWW@COE,12/30/2025,1,,Jake Quast,,,,12 Jake Quast > Non Possession > Free Throw
355,Jake Quast,WWW@COE - 12/29/2025 QTR: 1,,,,,Free Throw,00:04.1,N/A,N/A,39:52.9,39:57.0,Wisconsin-(Whitewater) Warhawks,WWW@COE,12/30/2025,1,,Jake Quast,,,,12 Jake Quast > Non Possession > Free Throw
356,Kanyon Bryte,WWW@COE - 12/29/2025 QTR: 1 CLK: 13:07,,,,,Miss 2 Pts,00:21.0,N/A,N/A,39:57.3,40:18.3,Coe College Kohawks,WWW@COE,12/30/2025,1,13:07,Kanyon Bryte,,,,34 Kanyon Bryte > Post-Up > Right Block > Right Shoulder > Dribble Move > To Up and Under > Miss 2 Pts
357,Jake Quast,WWW@COE - 12/29/2025 QTR: 1 CLK: 12:46,,,,,Miss 2 Pts,00:28.6,N/A,N/A,40:09.3,40:37.9,Wisconsin-(Whitewater) Warhawks,WWW@COE,12/30/2025,1,12:46,Jake Quast,,,,12 Jake Quast > ISO > Right > Drives Left > To Basket > Miss 2 Pts
358,Ryan Dolphin,WWW@COE - 12/29/2025 QTR: 1,,,,,Non Shooting Foul,00:32.1,N/A,N/A,40:31.9,41:04.1,Coe College Kohawks,WWW@COE,12/30/2025,1,,Ryan Dolphin,,,,2 Ryan Dolphin > Non Possession > Non Shooting Foul
359,C. Reece Breitenbach,WWW@COE - 12/29/2025 QTR: 1 CLK: 12:11,,,,,Turnover,00:15.2,N/A,N/A,41:19.3,41:34.5,Coe College Kohawks,WWW@COE,12/30/2025,1,12:11,C. Reece Breitenbach,,,,12 C. Reece Breitenbach > Post-Up > Right Block > Right Shoulder > Dribble Move > Defense Commits > Turnover
360,Jr Lukenbill,WWW@COE - 12/29/2025 QTR: 1 CLK: 11:43,,,,,Make 2 Pts,00:32.9,N/A,N/A,41:41.8,42:14.7,Wisconsin-(Whitewater) Warhawks,WWW@COE,12/30/2025,1,11:43,Jr Lukenbill,,,,11 Jr Lukenbill > Spot-Up > Drives Right > To Basket > Make 2 Pts
361,Ryan Dolphin,WWW@COE - 12/29/2025 QTR: 1,,,,,No Violation,00:04.1,N/A,N/A,42:13.7,42:17.8,Coe College Kohawks,WWW@COE,12/30/2025,1,,Ryan Dolphin,,,,2 Ryan Dolphin > Non Possession > No Violation
362,Cooper Nailor,WWW@COE - 12/29/2025 QTR: 1 CLK: 11:14,,,,,Turnover,00:35.4,N/A,N/A,43:17.2,43:52.6,Coe College Kohawks,WWW@COE,12/30/2025,1,11:14,Cooper Nailor,,,,5 Cooper Nailor > Spot-Up > Drives Right > To Basket > Turnover
363,Tyshawn Teague-Johnson,WWW@COE - 12/29/2025 QTR: 1 CLK: 11:00,,,,,Turnover,00:19.9,N/A,N/A,43:56.6,44:16.5,Wisconsin-(Whitewater) Warhawks,WWW@COE,12/30/2025,1,11:00,Tyshawn Teague-Johnson,,,,40 Tyshawn Teague-Johnson > Post-Up > Flash Middle > Turnover
364,Cooper Nailor,WWW@COE - 12/29/2025 QTR: 1 CLK: 10:46,,,,,Make 2 Pts,00:17.9,N/A,N/A,44:24.0,44:41.9,Coe College Kohawks,WWW@COE,12/30/2025,1,10:46,Cooper Nailor,,,,5 Cooper Nailor > Cut > Basket > Make 2 Pts
365,Tyshawn Teague-Johnson,WWW@COE - 12/29/2025 QTR: 1 CLK: 10:23,,,,,Miss 2 Pts,00:20.2,N/A,N/A,44:45.8,45:06.0,Wisconsin-(Whitewater) Warhawks,WWW@COE,12/30/2025,1,10:23,Tyshawn Teague-Johnson,,,,40 Tyshawn Teague-Johnson > No Play Type > To Basket > Miss 2 Pts
366,C. Reece Breitenbach,WWW@COE - 12/29/2025 QTR: 1 CLK: 10:02,,,,,Make 3 Pts,00:29.6,N/A,N/A,44:57.0,45:26.6,Coe College Kohawks,WWW@COE,12/30/2025,1,10:02,C. Reece Breitenbach,,,,2 Ryan Dolphin > P&R Ball Handler > High P&R > Dribble Off Pick > Defense Commits > Ball Delivered > 12 C. Reece Breitenbach > Spot-Up > No Dribble Jumper > Guarded > Long/3pt > Make 3 Pts
367,Jake Quast,WWW@COE - 12/29/2025 QTR: 1 CLK: 09:32,,,,,Miss 2 Pts,00:14.9,N/A,N/A,45:30.4,45:45.3,Wisconsin-(Whitewater) Warhawks,WWW@COE,12/30/2025,1,9:32,Jake Quast,,,,12 Jake Quast > P&R Ball Handler > Left P&R > Side > Go Away from Pick > To Basket > Miss 2 Pts
368,Jackson Newell,WWW@COE - 12/29/2025 QTR: 1,,,,,Non Shooting Foul,00:17.3,N/A,N/A,45:45.3,46:02.6,Coe College Kohawks,WWW@COE,12/30/2025,1,,Jackson Newell,,,,35 Jackson Newell > Non Possession > Non Shooting Foul
369,Jackson Newell,WWW@COE - 12/29/2025 QTR: 1 CLK: 09:19,,,,,Make 2 Pts,00:15.2,N/A,N/A,46:24.9,46:40.1,Coe College Kohawks,WWW@COE,12/30/2025,1,9:19,Jackson Newell,,,,35 Jackson Newell > Cut > Basket > Make 2 Pts
370,Collin Madson,WWW@COE - 12/29/2025 QTR: 1 CLK: 08:59,,,,,Make 2 Pts,00:16.5,N/A,N/A,46:43.5,47:00.0,Wisconsin-(Whitewater) Warhawks,WWW@COE,12/30/2025,1,8:59,Collin Madson,,,,15 Collin Madson > P&R Ball Handler > High P&R > Dribble Off Pick > To Basket > Make 2 Pts
371,Cooper Nailor,WWW@COE - 12/29/2025 QTR: 1,,,,,Non Shooting Foul,00:12.2,N/A,N/A,46:59.3,47:11.5,Coe College Kohawks,WWW@COE,12/30/2025,1,,Cooper Nailor,,,,5 Cooper Nailor > Non Possession > Non Shooting Foul
372,Ryan Dolphin,WWW@COE - 12/29/2025 QTR: 1 CLK: 08:44,,,,,Make 3 Pts,00:11.2,N/A,N/A,47:28.7,47:39.9,Coe College Kohawks,WWW@COE,12/30/2025,1,8:44,Ryan Dolphin,,,,2 Ryan Dolphin > Spot-Up > No Dribble Jumper > Guarded > Long/3pt > Make 3 Pts
373,Collin Madson,WWW@COE - 12/29/2025 QTR: 1,,,,,Non Shooting Foul,00:15.4,N/A,N/A,47:43.7,47:59.1,Wisconsin-(Whitewater) Warhawks,WWW@COE,12/30/2025,1,,Collin Madson,,,,15 Collin Madson > Non Possession > Non Shooting Foul
374,Collin Madson,WWW@COE - 12/29/2025 QTR: 1 CLK: 08:18,,,,,Foul,00:19.1,N/A,N/A,48:27.1,48:46.2,Wisconsin-(Whitewater) Warhawks,WWW@COE,12/30/2025,1,8:18,Collin Madson,,,,15 Collin Madson > Spot-Up > Drives Right > To Basket > Foul
375,Collin Madson,WWW@COE - 12/29/2025 QTR: 1,,,,,Free Throw,00:07.6,N/A,N/A,49:00.1,49:07.7,Wisconsin-(Whitewater) Warhawks,WWW@COE,12/30/2025,1,,Collin Madson,,,,15 Collin Madson > Non Possession > Free Throw
376,Collin Madson,WWW@COE - 12/29/2025 QTR: 1,,,,,Free Throw,00:05.5,N/A,N/A,49:14.3,49:19.7,Wisconsin-(Whitewater) Warhawks,WWW@COE,12/30/2025,1,,Collin Madson,,,,15 Collin Madson > Non Possession > Free Throw
377,Ryan Dolphin,WWW@COE - 12/29/2025 QTR: 1 CLK: 08:06,,,,,Make 3 Pts,00:16.8,N/A,N/A,49:18.8,49:35.6,Coe College Kohawks,WWW@COE,12/30/2025,1,8:06,Ryan Dolphin,,,,2 Ryan Dolphin > Off Screen > To Shooter's Right > Fade > No Dribble Jumper > Open > Long/3pt > Make 3 Pts
378,Richie Warren,WWW@COE - 12/29/2025 QTR: 1 CLK: 07:51,,,,,Make 2 Pts,00:09.8,N/A,N/A,49:40.3,49:50.1,Wisconsin-(Whitewater) Warhawks,WWW@COE,12/30/2025,1,7:51,Richie Warren,,,,24 Richie Warren > Spot-Up > Drives Right > To Basket > Make 2 Pts
379,Ryan Dolphin,WWW@COE - 12/29/2025 QTR: 1 CLK: 07:33,,,,,Turnover,00:13.5,N/A,N/A,49:54.1,50:07.5,Coe College Kohawks,WWW@COE,12/30/2025,1,7:33,Ryan Dolphin,,,,2 Ryan Dolphin > P&R Ball Handler > High P&R > Dribble Off Pick > Defense Commits > Turnover
380,Tyshawn Teague-Johnson,WWW@COE - 12/29/2025 QTR: 1,,,,,Non Shooting Foul,00:12.5,N/A,N/A,50:01.5,50:14.0,Wisconsin-(Whitewater) Warhawks,WWW@COE,12/30/2025,1,,Tyshawn Teague-Johnson,,,,40 Tyshawn Teague-Johnson > Non Possession > Non Shooting Foul
381,Luke Bara,WWW@COE - 12/29/2025 QTR: 1 CLK: 07:26,,,,,Miss 3 Pts,00:08.1,N/A,N/A,51:01.2,51:09.3,Wisconsin-(Whitewater) Warhawks,WWW@COE,12/30/2025,1,7:26,Luke Bara,,,,32 Luke Bara > Off Screen > To Shooter's Right > Straight > No Dribble Jumper > Guarded > Long/3pt > Miss 3 Pts
382,Jackson Bowman,WWW@COE - 12/29/2025 QTR: 1 CLK: 07:14,,,,,Make 2 Pts,00:17.3,N/A,N/A,51:03.3,51:20.5,Coe College Kohawks,WWW@COE,12/30/2025,1,7:14,Jackson Bowman,,,,22 Jackson Bowman > Post-Up > Right Block > Left Shoulder > Dribble Move > To Basket > Make 2 Pts
383,Richie Warren,WWW@COE - 12/29/2025 QTR: 1 CLK: 06:57,,,,,Make 2 Pts,00:12.9,N/A,N/A,51:24.3,51:37.1,Wisconsin-(Whitewater) Warhawks,WWW@COE,12/30/2025,1,6:57,Richie Warren,,,,24 Richie Warren > ISO > Top > Drives Right > Dribble Jumper > Short to < 17' > Make 2 Pts
384,Jackson Bowman,WWW@COE - 12/29/2025 QTR: 1,,,,,No Violation,00:05.3,N/A,N/A,51:36.1,51:41.5,Coe College Kohawks,WWW@COE,12/30/2025,1,,Jackson Bowman,,,,22 Jackson Bowman > Non Possession > No Violation
385,Cooper Nailor,WWW@COE - 12/29/2025 QTR: 1 CLK: 06:54,,,,,Free Throw,00:05.7,N/A,N/A,52:12.8,52:18.5,Coe College Kohawks,WWW@COE,12/30/2025,1,6:54,Cooper Nailor,,,,5 Cooper Nailor > Non Possession > Free Throw
386,Cooper Nailor,WWW@COE - 12/29/2025 QTR: 1 CLK: 06:54,,,,,Free Throw,00:05.0,N/A,N/A,52:27.9,52:32.9,Coe College Kohawks,WWW@COE,12/30/2025,1,6:54,Cooper Nailor,,,,5 Cooper Nailor > Non Possession > Free Throw
387,Jay Akin,WWW@COE - 12/29/2025 QTR: 1 CLK: 06:31,,,,,Make 2 Pts,00:20.3,N/A,N/A,53:33.5,53:53.7,Coe College Kohawks,WWW@COE,12/30/2025,1,6:31,Jay Akin,,,,5 Cooper Nailor > P&R Ball Handler > Left P&R > Baseline > Dribble Off Pick > Defense Commits > Ball Delivered > 23 Jay Akin > Cut > Basket > Make 2 Pts
388,Luke Bara,WWW@COE - 12/29/2025 QTR: 1 CLK: 06:27,,,,,Turnover,00:08.0,N/A,N/A,53:52.7,54:00.7,Wisconsin-(Whitewater) Warhawks,WWW@COE,12/30/2025,1,6:27,Luke Bara,,,,32 Luke Bara > No Play Type > Turnover
389,Jackson Bowman,WWW@COE - 12/29/2025 QTR: 1 CLK: 06:22,,,,,Foul,00:12.9,N/A,N/A,54:14.5,54:27.4,Coe College Kohawks,WWW@COE,12/30/2025,1,6:22,Jackson Bowman,,,,4 Deuce Walters > P&R Ball Handler > Left P&R > Baseline > Go Away from Pick > Defense Commits > Ball Delivered > 22 Jackson Bowman > Cut > Basket > Foul
390,Jackson Bowman,WWW@COE - 12/29/2025 QTR: 1,,,,,Free Throw,00:07.9,N/A,N/A,54:51.9,54:59.9,Coe College Kohawks,WWW@COE,12/30/2025,1,,Jackson Bowman,,,,22 Jackson Bowman > Non Possession > Free Throw
391,Jackson Bowman,WWW@COE - 12/29/2025 QTR: 1,,,,,Free Throw,00:05.7,N/A,N/A,55:06.2,55:11.9,Coe College Kohawks,WWW@COE,12/30/2025,1,,Jackson Bowman,,,,22 Jackson Bowman > Non Possession > Free Throw
392,Collin Madson,WWW@COE - 12/29/2025 QTR: 1 CLK: 06:00,,,,,Miss 3 Pts,00:27.0,N/A,N/A,55:10.9,55:37.9,Wisconsin-(Whitewater) Warhawks,WWW@COE,12/30/2025,1,6:00,Collin Madson,,,,15 Collin Madson > Spot-Up > No Dribble Jumper > Guarded > Long/3pt > Miss 3 Pts
393,Deuce Walters,WWW@COE - 12/29/2025 QTR: 1 CLK: 05:36,,,,,Miss 2 Pts,00:33.6,N/A,N/A,55:31.9,56:05.5,Coe College Kohawks,WWW@COE,12/30/2025,1,5:36,Deuce Walters,,,,4 Deuce Walters > ISO > Left > Drives Right > Dribble Jumper > Medium/17' to <3p > Miss 2 Pts
394,Luke Bara,WWW@COE - 12/29/2025 QTR: 1,,,,,No Violation,00:12.4,N/A,N/A,56:05.5,56:17.9,Wisconsin-(Whitewater) Warhawks,WWW@COE,12/30/2025,1,,Luke Bara,,,,32 Luke Bara > Non Possession > No Violation
395,Luke Bara,WWW@COE - 12/29/2025 QTR: 1 CLK: 05:13,,,,,Miss 2 Pts,00:09.4,N/A,N/A,56:35.0,56:44.4,Wisconsin-(Whitewater) Warhawks,WWW@COE,12/30/2025,1,5:13,Luke Bara,,,,32 Luke Bara > Off Screen > To Shooter's Left > Straight > To Basket > Miss 2 Pts
396,Brock Marino,WWW@COE - 12/29/2025 QTR: 1 CLK: 05:13,,,,,Make 2 Pts,00:06.0,N/A,N/A,56:38.4,56:44.4,Wisconsin-(Whitewater) Warhawks,WWW@COE,12/30/2025,1,5:13,Brock Marino,,,,21 Brock Marino > Offensive Rebound > Short > Scoring Attempt > At Basket > Make 2 Pts
397,Cooper Nailor,WWW@COE - 12/29/2025 QTR: 1 CLK: 04:49,,,,,Miss 2 Pts,00:21.1,N/A,N/A,56:48.3,57:09.3,Coe College Kohawks,WWW@COE,12/30/2025,1,4:49,Cooper Nailor,,,,5 Cooper Nailor > P&R Ball Handler > Left P&R > Baseline > Dribble Off Pick > Dribble Jumper > Short to < 17' > Miss 2 Pts
398,Luke Bara,WWW@COE - 12/29/2025 QTR: 1 CLK: 04:41,,,,,Miss 3 Pts,00:19.2,N/A,N/A,57:00.3,57:19.5,Wisconsin-(Whitewater) Warhawks,WWW@COE,12/30/2025,1,4:41,Luke Bara,,,,32 Luke Bara > Transition > Left Wing > Dribble Jumper > Long/3pt > Miss 3 Pts
399,Cooper Nailor,WWW@COE - 12/29/2025 QTR: 1 CLK: 04:26,,,,,Make 3 Pts,00:12.8,N/A,N/A,57:34.6,57:47.4,Coe College Kohawks,WWW@COE,12/30/2025,1,4:26,Cooper Nailor,,,,5 Cooper Nailor > Off Screen > To Shooter's Right > Straight > No Dribble Jumper > Open > Long/3pt > Make 3 Pts
400,Kanyon Bryte,WWW@COE - 12/29/2025 QTR: 1 CLK: 04:24,,,,,Foul,00:06.3,N/A,N/A,57:41.1,57:47.4,Coe College Kohawks,WWW@COE,12/30/2025,1,4:24,Kanyon Bryte,,,,34 Kanyon Bryte > No Play Type > Foul
401,Kanyon Bryte,WWW@COE - 12/29/2025 QTR: 1,,,,,Free Throw,00:05.8,N/A,N/A,58:09.1,58:14.9,Coe College Kohawks,WWW@COE,12/30/2025,1,,Kanyon Bryte,,,,34 Kanyon Bryte > Non Possession > Free Throw
402,Kanyon Bryte,WWW@COE - 12/29/2025 QTR: 1,,,,,Free Throw,00:05.9,N/A,N/A,58:25.0,58:30.9,Coe College Kohawks,WWW@COE,12/30/2025,1,,Kanyon Bryte,,,,34 Kanyon Bryte > Non Possession > Free Throw
403,Luke Bara,WWW@COE - 12/29/2025 QTR: 1,,,,,Non Shooting Foul,00:15.7,N/A,N/A,58:29.9,58:45.6,Wisconsin-(Whitewater) Warhawks,WWW@COE,12/30/2025,1,,Luke Bara,,,,32 Luke Bara > Non Possession > Non Shooting Foul
404,Brock Marino,WWW@COE - 12/29/2025 QTR: 1 CLK: 04:09,,,,,Foul,00:12.7,N/A,N/A,59:00.2,59:12.9,Wisconsin-(Whitewater) Warhawks,WWW@COE,12/30/2025,1,4:09,Brock Marino,,,,21 Brock Marino > Cut > Basket > Foul
405,Brock Marino,WWW@COE - 12/29/2025 QTR: 1,,,,,Free Throw,00:05.6,N/A,N/A,59:29.8,59:35.4,Wisconsin-(Whitewater) Warhawks,WWW@COE,12/30/2025,1,,Brock Marino,,,,21 Brock Marino > Non Possession > Free Throw
406,Brock Marino,WWW@COE - 12/29/2025 QTR: 1,,,,,Free Throw,00:06.4,N/A,N/A,59:42.0,59:48.4,Wisconsin-(Whitewater) Warhawks,WWW@COE,12/30/2025,1,,Brock Marino,,,,21 Brock Marino > Non Possession > Free Throw
407,Jackson Bowman,WWW@COE - 12/29/2025 QTR: 1 CLK: 03:52,,,,,Make 3 Pts,00:15.6,N/A,N/A,59:52.9,00:08.5,Coe College Kohawks,WWW@COE,12/30/2025,1,3:52,Jackson Bowman,,,,4 Deuce Walters > P&R Ball Handler > High P&R > Dribble Off Pick > Defense Commits > Ball Delivered > 22 Jackson Bowman > Spot-Up > No Dribble Jumper > Open > Long/3pt > Make 3 Pts
408,Collin Madson,WWW@COE - 12/29/2025 QTR: 1 CLK: 03:31,,,,,Foul,00:17.9,N/A,N/A,00:12.9,00:30.7,Wisconsin-(Whitewater) Warhawks,WWW@COE,12/30/2025,1,3:31,Collin Madson,,,,32 Luke Bara > P&R Ball Handler > Right P&R > Side > Dribble Off Pick > Defense Commits > Ball Delivered > 15 Collin Madson > Spot-Up > Drives Left > To Basket > Foul
409,Collin Madson,WWW@COE - 12/29/2025 QTR: 1,,,,,Free Throw,00:05.4,N/A,N/A,00:47.4,00:52.8,Wisconsin-(Whitewater) Warhawks,WWW@COE,12/30/2025,1,,Collin Madson,,,,15 Collin Madson > Non Possession > Free Throw
410,Collin Madson,WWW@COE - 12/29/2025 QTR: 1,,,,,Free Throw,00:06.1,N/A,N/A,01:05.5,01:11.6,Wisconsin-(Whitewater) Warhawks,WWW@COE,12/30/2025,1,,Collin Madson,,,,15 Collin Madson > Non Possession > Free Throw
411,Deuce Walters,WWW@COE - 12/29/2025 QTR: 1 CLK: 03:20,,,,,Make 2 Pts,00:08.2,N/A,N/A,01:16.2,01:24.4,Coe College Kohawks,WWW@COE,12/30/2025,1,3:20,Deuce Walters,,,,4 Deuce Walters > P&R Ball Handler > High P&R > Dribble Off Pick > To Basket > Make 2 Pts
412,Luke Bara,WWW@COE - 12/29/2025 QTR: 1 CLK: 03:02,,,,,Miss 3 Pts,00:21.9,N/A,N/A,01:23.5,01:45.4,Wisconsin-(Whitewater) Warhawks,WWW@COE,12/30/2025,1,3:02,Luke Bara,,,,32 Luke Bara > P&R Ball Handler > Right P&R > Side > Dribble Off Pick > Dribble Jumper > Long/3pt > Miss 3 Pts
413,Kanyon Bryte,WWW@COE - 12/29/2025 QTR: 1 CLK: 02:42,,,,,Make 2 Pts,00:12.9,N/A,N/A,01:48.7,02:01.7,Coe College Kohawks,WWW@COE,12/30/2025,1,2:42,Kanyon Bryte,,,,34 Kanyon Bryte > Post-Up > Right Block > Post Pin > No Dribble Move > To Basket > Make 2 Pts
414,Darius Chestnut,WWW@COE - 12/29/2025 QTR: 1,,,,,No Violation,00:15.0,N/A,N/A,02:00.7,02:15.7,Wisconsin-(Whitewater) Warhawks,WWW@COE,12/30/2025,1,,Darius Chestnut,,,,10 Darius Chestnut > Non Possession > No Violation
415,Cooper Nailor,WWW@COE - 12/29/2025 QTR: 1 CLK: 02:30,,,,,Free Throw,00:04.9,N/A,N/A,02:44.7,02:49.6,Coe College Kohawks,WWW@COE,12/30/2025,1,2:30,Cooper Nailor,,,,5 Cooper Nailor > Non Possession > Free Throw
416,Cooper Nailor,WWW@COE - 12/29/2025 QTR: 1 CLK: 02:30,,,,,Free Throw,00:07.5,N/A,N/A,02:53.9,03:01.4,Coe College Kohawks,WWW@COE,12/30/2025,1,2:30,Cooper Nailor,,,,5 Cooper Nailor > Non Possession > Free Throw
417,Jake Quast,WWW@COE - 12/29/2025 QTR: 1,,,,,Kicked Ball,00:06.4,N/A,N/A,03:17.3,03:23.7,Wisconsin-(Whitewater) Warhawks,WWW@COE,12/30/2025,1,,Jake Quast,,,,12 Jake Quast > Non Possession > Kicked Ball
418,Collin Madson,WWW@COE - 12/29/2025 QTR: 1 CLK: 02:15,,,,,Foul,00:19.6,N/A,N/A,03:34.5,03:54.1,Wisconsin-(Whitewater) Warhawks,WWW@COE,12/30/2025,1,2:15,Collin Madson,,,,15 Collin Madson > Post-Up > Right Block > Right Shoulder > Dribble Move > To Jumper > Foul
419,Collin Madson,WWW@COE - 12/29/2025 QTR: 1,,,,,Free Throw,00:06.1,N/A,N/A,04:09.9,04:16.0,Wisconsin-(Whitewater) Warhawks,WWW@COE,12/30/2025,1,,Collin Madson,,,,15 Collin Madson > Non Possession > Free Throw
420,Collin Madson,WWW@COE - 12/29/2025 QTR: 1,,,,,Free Throw,00:05.1,N/A,N/A,04:22.3,04:27.5,Wisconsin-(Whitewater) Warhawks,WWW@COE,12/30/2025,1,,Collin Madson,,,,15 Collin Madson > Non Possession > Free Throw
421,Cooper Nailor,WWW@COE - 12/29/2025 QTR: 1 CLK: 02:04,,,,,Turnover,00:10.4,N/A,N/A,04:31.7,04:42.1,Coe College Kohawks,WWW@COE,12/30/2025,1,2:04,Cooper Nailor,,,,5 Cooper Nailor > No Play Type > Turnover
422,Collin Madson,WWW@COE - 12/29/2025 QTR: 1 CLK: 01:51,,,,,Foul,00:16.3,N/A,N/A,04:47.0,05:03.3,Wisconsin-(Whitewater) Warhawks,WWW@COE,12/30/2025,1,1:51,Collin Madson,,,,15 Collin Madson > Post-Up > Left Block > Left Shoulder > Dribble Move > Foul
423,Collin Madson,WWW@COE - 12/29/2025 QTR: 1,,,,,Free Throw,00:06.5,N/A,N/A,05:17.9,05:24.4,Wisconsin-(Whitewater) Warhawks,WWW@COE,12/30/2025,1,,Collin Madson,,,,15 Collin Madson > Non Possession > Free Throw
424,Collin Madson,WWW@COE - 12/29/2025 QTR: 1,,,,,Free Throw,00:06.1,N/A,N/A,05:33.7,05:39.8,Wisconsin-(Whitewater) Warhawks,WWW@COE,12/30/2025,1,,Collin Madson,,,,15 Collin Madson > Non Possession > Free Throw
425,Deuce Walters,WWW@COE - 12/29/2025 QTR: 1 CLK: 01:37,,,,,Miss 3 Pts,00:13.7,N/A,N/A,05:46.0,05:59.7,Coe College Kohawks,WWW@COE,12/30/2025,1,1:37,Deuce Walters,,,,4 Deuce Walters > Spot-Up > No Dribble Jumper > Guarded > Long/3pt > Miss 3 Pts
426,Collin Madson,WWW@COE - 12/29/2025 QTR: 1 CLK: 01:35,,,,,Foul,00:07.2,N/A,N/A,05:53.3,06:00.5,Wisconsin-(Whitewater) Warhawks,WWW@COE,12/30/2025,1,1:35,Collin Madson,,,,15 Collin Madson > No Play Type > Foul
427,Collin Madson,WWW@COE - 12/29/2025 QTR: 1,,,,,Free Throw,00:06.3,N/A,N/A,06:24.6,06:30.9,Wisconsin-(Whitewater) Warhawks,WWW@COE,12/30/2025,1,,Collin Madson,,,,15 Collin Madson > Non Possession > Free Throw
428,Collin Madson,WWW@COE - 12/29/2025 QTR: 1,,,,,Free Throw,00:06.3,N/A,N/A,06:40.4,06:46.7,Wisconsin-(Whitewater) Warhawks,WWW@COE,12/30/2025,1,,Collin Madson,,,,15 Collin Madson > Non Possession > Free Throw
429,Austin Beeson,WWW@COE - 12/29/2025 QTR: 1 CLK: 01:22,,,,,Make 2 Pts,00:11.1,N/A,N/A,06:51.0,07:02.1,Coe College Kohawks,WWW@COE,12/30/2025,1,1:22,Austin Beeson,,,,25 Austin Beeson > Spot-Up > Drives Right > To Basket > Make 2 Pts
430,Tyshawn Teague-Johnson,WWW@COE - 12/29/2025 QTR: 1 CLK: 01:00,,,,,Miss 2 Pts,00:23.0,N/A,N/A,07:01.1,07:24.2,Wisconsin-(Whitewater) Warhawks,WWW@COE,12/30/2025,1,1:00,Tyshawn Teague-Johnson,,,,40 Tyshawn Teague-Johnson > Spot-Up > Drives Right > To Basket > Miss 2 Pts
431,Cooper Nailor,WWW@COE - 12/29/2025 QTR: 1 CLK: 00:48,,,,,Make 3 Pts,00:10.5,N/A,N/A,07:37.5,07:48.0,Coe College Kohawks,WWW@COE,12/30/2025,1,0:48,Cooper Nailor,,,,5 Cooper Nailor > Hand Off > From Dribble > Right > No Dribble Jumper > Open > Long/3pt > Make 3 Pts
432,Darius Chestnut,WWW@COE - 12/29/2025 QTR: 1 CLK: 00:29,,,,,Miss 2 Pts,00:20.9,N/A,N/A,07:47.0,08:07.9,Wisconsin-(Whitewater) Warhawks,WWW@COE,12/30/2025,1,0:29,Darius Chestnut,,,,32 Luke Bara > P&R Ball Handler > High P&R > Dribble Off Pick > Defense Commits > Ball Delivered > 10 Darius Chestnut > Spot-Up > Drives Left > To Basket > Miss 2 Pts
433,Cooper Nailor,WWW@COE - 12/29/2025 QTR: 1 CLK: 00:09,,,,,Foul,00:16.0,N/A,N/A,08:12.1,08:28.1,Coe College Kohawks,WWW@COE,12/30/2025,1,0:09,Cooper Nailor,,,,5 Cooper Nailor > No Play Type > Foul
434,Cooper Nailor,WWW@COE - 12/29/2025 QTR: 1,,,,,Free Throw,00:04.9,N/A,N/A,08:45.6,08:50.4,Coe College Kohawks,WWW@COE,12/30/2025,1,,Cooper Nailor,,,,5 Cooper Nailor > Non Possession > Free Throw
435,Cooper Nailor,WWW@COE - 12/29/2025 QTR: 1,,,,,Free Throw,00:06.4,N/A,N/A,08:56.4,09:02.8,Coe College Kohawks,WWW@COE,12/30/2025,1,,Cooper Nailor,,,,5 Cooper Nailor > Non Possession > Free Throw
436,Collin Madson,WWW@COE - 12/29/2025 QTR: 1 CLK: 00:02,,,,,Miss 3 Pts,00:13.4,N/A,N/A,09:01.8,09:15.2,Wisconsin-(Whitewater) Warhawks,WWW@COE,12/30/2025,1,0:02,Collin Madson,,,,15 Collin Madson > P&R Ball Handler > High P&R > Dribble Off Pick > Dribble Jumper > Long/3pt > Miss 3 Pts
437,Cooper Nailor,WWW@COE - 12/29/2025 QTR: 2 CLK: 19:48,,,,,Make 2 Pts,00:19.0,N/A,N/A,25:37.6,25:56.6,Coe College Kohawks,WWW@COE,12/30/2025,2,19:48,Cooper Nailor,,,,5 Cooper Nailor > Spot-Up > Drives Left > Dribble Jumper > Short to < 17' > Make 2 Pts
438,Collin Madson,WWW@COE - 12/29/2025 QTR: 2 CLK: 19:25,,,,,Miss 2 Pts,00:17.3,N/A,N/A,26:00.2,26:17.5,Wisconsin-(Whitewater) Warhawks,WWW@COE,12/30/2025,2,19:25,Collin Madson,,,,15 Collin Madson > Spot-Up > Drives Right > To Basket > Miss 2 Pts
439,Jackson Bowman,WWW@COE - 12/29/2025 QTR: 2 CLK: 19:17,,,,,Make 2 Pts,00:13.9,N/A,N/A,26:11.5,26:25.4,Coe College Kohawks,WWW@COE,12/30/2025,2,19:17,Jackson Bowman,,,,22 Jackson Bowman > Transition > Left Wing > To Basket > Make 2 Pts
440,Richie Warren,WWW@COE - 12/29/2025 QTR: 2 CLK: 18:58,,,,,Miss 2 Pts,00:20.8,N/A,N/A,26:24.4,26:45.2,Wisconsin-(Whitewater) Warhawks,WWW@COE,12/30/2025,2,18:58,Richie Warren,,,,24 Richie Warren > Spot-Up > Drives Left > To Basket > Miss 2 Pts
441,Cooper Nailor,WWW@COE - 12/29/2025 QTR: 2 CLK: 18:50,,,,,Turnover,00:14.4,N/A,N/A,26:39.2,26:53.6,Coe College Kohawks,WWW@COE,12/30/2025,2,18:50,Cooper Nailor,,,,5 Cooper Nailor > P&R Ball Handler > Left P&R > Side > Dribble Off Pick > Defense Commits > Turnover
442,Richie Warren,WWW@COE - 12/29/2025 QTR: 2 CLK: 18:34,,,,,Miss 2 Pts,00:20.4,N/A,N/A,26:47.6,27:08.0,Wisconsin-(Whitewater) Warhawks,WWW@COE,12/30/2025,2,18:34,Richie Warren,,,,24 Richie Warren > Post-Up > Left Block > Right Shoulder > Dribble Move > To Jumper > Miss 2 Pts
443,Kanyon Bryte,WWW@COE - 12/29/2025 QTR: 2 CLK: 18:24,,,,,Miss 2 Pts,00:21.3,N/A,N/A,27:00.4,27:21.8,Coe College Kohawks,WWW@COE,12/30/2025,2,18:24,Kanyon Bryte,,,,5 Cooper Nailor > P&R Ball Handler > Left P&R > Side > Dribble Off Pick > Defense Commits > Ball Delivered > 34 Kanyon Bryte > P&R Roll Man > Rolls to Basket > Miss 2 Pts
444,Deuce Walters,WWW@COE - 12/29/2025 QTR: 2 CLK: 18:18,,,,,Make 2 Pts,00:03.5,N/A,N/A,27:21.8,27:25.3,Coe College Kohawks,WWW@COE,12/30/2025,2,18:18,Deuce Walters,,,,4 Deuce Walters > Spot-Up > Drives Right > To Basket > Make 2 Pts
445,Brock Marino,WWW@COE - 12/29/2025 QTR: 2 CLK: 18:05,,,,,Make 2 Pts,00:14.5,N/A,N/A,27:24.2,27:38.7,Wisconsin-(Whitewater) Warhawks,WWW@COE,12/30/2025,2,18:05,Brock Marino,,,,21 Brock Marino > Spot-Up > Drives Right > To Basket > Make 2 Pts
446,Jackson Bowman,WWW@COE - 12/29/2025 QTR: 2 CLK: 17:41,,,,,Miss 2 Pts,00:19.3,N/A,N/A,27:44.9,28:04.2,Coe College Kohawks,WWW@COE,12/30/2025,2,17:41,Jackson Bowman,,,,22 Jackson Bowman > Cut > Basket > Miss 2 Pts
447,Cooper Nailor,WWW@COE - 12/29/2025 QTR: 2 CLK: 17:37,,,,,Make 3 Pts,00:02.6,N/A,N/A,28:04.2,28:06.8,Coe College Kohawks,WWW@COE,12/30/2025,2,17:37,Cooper Nailor,,,,5 Cooper Nailor > Spot-Up > No Dribble Jumper > Open > Long/3pt > Make 3 Pts
448,Luke Bara,WWW@COE - 12/29/2025 QTR: 2 CLK: 17:19,,,,,Miss 2 Pts,00:19.3,N/A,N/A,28:09.9,28:29.2,Wisconsin-(Whitewater) Warhawks,WWW@COE,12/30/2025,2,17:19,Luke Bara,,,,32 Luke Bara > ISO > Top > Drives Left > Dribble Jumper > Short to < 17' > Miss 2 Pts
449,Brock Marino,WWW@COE - 12/29/2025 QTR: 2 CLK: 17:19,,,,,Make 2 Pts,00:09.8,N/A,N/A,28:19.4,28:29.2,Wisconsin-(Whitewater) Warhawks,WWW@COE,12/30/2025,2,17:19,Brock Marino,,,,21 Brock Marino > Offensive Rebound > Short > Scoring Attempt > Short to < 17' > Make 2 Pts
450,Jackson Bowman,WWW@COE - 12/29/2025 QTR: 2 CLK: 16:47,,,,,Miss 2 Pts,00:35.1,N/A,N/A,28:30.2,29:05.3,Coe College Kohawks,WWW@COE,12/30/2025,2,16:47,Jackson Bowman,,,,22 Jackson Bowman > Spot-Up > Drives Right > Dribble Jumper > Short to < 17' > Miss 2 Pts
451,Joey Berezowitz,WWW@COE - 12/29/2025 QTR: 2 CLK: 16:31,,,,,Make 3 Pts,00:07.3,N/A,N/A,29:05.3,29:12.6,Wisconsin-(Whitewater) Warhawks,WWW@COE,12/30/2025,2,16:31,Joey Berezowitz,,,,22 Joey Berezowitz > Transition > Left Wing > No Dribble Jumper > Guarded > Long/3pt > Make 3 Pts
452,Cooper Nailor,WWW@COE - 12/29/2025 QTR: 2 CLK: 16:02,,,,,Miss 3 Pts,00:31.1,N/A,N/A,29:11.6,29:42.7,Coe College Kohawks,WWW@COE,12/30/2025,2,16:02,Cooper Nailor,,,,5 Cooper Nailor > P&R Ball Handler > Right P&R > Baseline > Dribble Off Pick > Dribble Jumper > Long/3pt > Miss 3 Pts
453,Joey Berezowitz,WWW@COE - 12/29/2025 QTR: 2,,,,,Non Shooting Foul,00:10.9,N/A,N/A,29:35.4,29:46.4,Wisconsin-(Whitewater) Warhawks,WWW@COE,12/30/2025,2,,Joey Berezowitz,,,,22 Joey Berezowitz > Non Possession > Non Shooting Foul
454,Darius Chestnut,WWW@COE - 12/29/2025 QTR: 2 CLK: 15:42,,,,,Miss 2 Pts,00:25.1,N/A,N/A,30:02.8,30:27.9,Wisconsin-(Whitewater) Warhawks,WWW@COE,12/30/2025,2,15:42,Darius Chestnut,,,,10 Darius Chestnut > Spot-Up > No Dribble Jumper > Open > Medium/17' to <3p > Miss 2 Pts
455,Tyshawn Teague-Johnson,WWW@COE - 12/29/2025 QTR: 2 CLK: 15:25,,,,,Make 2 Pts,00:12.7,N/A,N/A,30:27.9,30:40.6,Wisconsin-(Whitewater) Warhawks,WWW@COE,12/30/2025,2,15:25,Tyshawn Teague-Johnson,,,,40 Tyshawn Teague-Johnson > ISO > Left > Drives Right > To Basket > Make 2 Pts
456,Kanyon Bryte,WWW@COE - 12/29/2025 QTR: 2 CLK: 15:02,,,,,Make 3 Pts,00:19.0,N/A,N/A,30:45.6,31:04.6,Coe College Kohawks,WWW@COE,12/30/2025,2,15:02,Kanyon Bryte,,,,22 Jackson Bowman > Post-Up > Left Block > Left Shoulder > Dribble Move > Defense Commits > Ball Delivered > 34 Kanyon Bryte > Spot-Up > No Dribble Jumper > Guarded > Long/3pt > Make 3 Pts
457,Kelton Mcewen,WWW@COE - 12/29/2025 QTR: 2 CLK: 14:54,,,,,Turnover,00:11.4,N/A,N/A,32:48.9,33:00.3,Wisconsin-(Whitewater) Warhawks,WWW@COE,12/30/2025,2,14:54,Kelton Mcewen,,,,2 Kelton Mcewen > No Play Type > Turnover
458,Deuce Walters,WWW@COE - 12/29/2025 QTR: 2 CLK: 14:48,,,,,Miss 2 Pts,00:12.3,N/A,N/A,32:54.3,33:06.6,Coe College Kohawks,WWW@COE,12/30/2025,2,14:48,Deuce Walters,,,,4 Deuce Walters > Transition > Ballhandler > To Basket > Miss 2 Pts
459,Kanyon Bryte,WWW@COE - 12/29/2025 QTR: 2 CLK: 14:48,,,,,Make 2 Pts,00:06.6,N/A,N/A,33:00.0,33:06.6,Coe College Kohawks,WWW@COE,12/30/2025,2,14:48,Kanyon Bryte,,,,34 Kanyon Bryte > Offensive Rebound > Short > Scoring Attempt > At Basket > Make 2 Pts
460,Darius Chestnut,WWW@COE - 12/29/2025 QTR: 2,,,,,No Violation,00:07.8,N/A,N/A,33:05.6,33:13.4,Wisconsin-(Whitewater) Warhawks,WWW@COE,12/30/2025,2,,Darius Chestnut,,,,10 Darius Chestnut > Non Possession > No Violation
461,Kelton Mcewen,WWW@COE - 12/29/2025 QTR: 2 CLK: 14:31,,,,,Miss 3 Pts,00:15.3,N/A,N/A,34:07.6,34:22.9,Wisconsin-(Whitewater) Warhawks,WWW@COE,12/30/2025,2,14:31,Kelton Mcewen,,,,2 Kelton Mcewen > Hand Off > From Dribble > Left > Dribble Jumper > Long/3pt > Miss 3 Pts
462,Jackson Bowman,WWW@COE - 12/29/2025 QTR: 2 CLK: 14:24,,,,,Make 2 Pts,00:10.8,N/A,N/A,34:16.9,34:27.7,Coe College Kohawks,WWW@COE,12/30/2025,2,14:24,Jackson Bowman,,,,22 Jackson Bowman > Transition > Leak Outs > To Basket > Make 2 Pts
463,Jr Lukenbill,WWW@COE - 12/29/2025 QTR: 2 CLK: 14:04,,,,,Make 2 Pts,00:15.1,N/A,N/A,34:32.4,34:47.5,Wisconsin-(Whitewater) Warhawks,WWW@COE,12/30/2025,2,14:04,Jr Lukenbill,,,,11 Jr Lukenbill > Cut > Basket > Make 2 Pts
464,C. Reece Breitenbach,WWW@COE - 12/29/2025 QTR: 2,,,,,No Violation,00:11.4,N/A,N/A,34:46.5,34:57.9,Coe College Kohawks,WWW@COE,12/30/2025,2,,C. Reece Breitenbach,,,,12 C. Reece Breitenbach > Non Possession > No Violation
465,Deuce Walters,WWW@COE - 12/29/2025 QTR: 2 CLK: 13:38,,,,,Miss 2 Pts,00:25.7,N/A,N/A,35:09.1,35:34.7,Coe College Kohawks,WWW@COE,12/30/2025,2,13:38,Deuce Walters,,,,4 Deuce Walters > Spot-Up > Drives Right > Dribble Jumper > Short to < 17' > Miss 2 Pts
466,Deuce Walters,WWW@COE - 12/29/2025 QTR: 2 CLK: 13:30,,,,,Miss 2 Pts,00:02.6,N/A,N/A,35:34.7,35:37.3,Coe College Kohawks,WWW@COE,12/30/2025,2,13:30,Deuce Walters,,,,4 Deuce Walters > No Play Type > To Basket > Miss 2 Pts
467,Tyshawn Teague-Johnson,WWW@COE - 12/29/2025 QTR: 2 CLK: 13:11,,,,,Make 2 Pts,00:26.3,N/A,N/A,35:28.8,35:55.1,Wisconsin-(Whitewater) Warhawks,WWW@COE,12/30/2025,2,13:11,Tyshawn Teague-Johnson,,,,40 Tyshawn Teague-Johnson > Cut > Basket > Make 2 Pts
468,Cooper Nailor,WWW@COE - 12/29/2025 QTR: 2 CLK: 12:45,,,,,Miss 3 Pts,00:34.3,N/A,N/A,35:54.1,36:28.3,Coe College Kohawks,WWW@COE,12/30/2025,2,12:45,Cooper Nailor,,,,2 Ryan Dolphin > P&R Ball Handler > Left P&R > Side > Dribble Off Pick > Defense Commits > Ball Delivered > 5 Cooper Nailor > Spot-Up > No Dribble Jumper > Guarded > Long/3pt > Miss 3 Pts
469,Darius Chestnut,WWW@COE - 12/29/2025 QTR: 2 CLK: 12:22,,,,,Make 2 Pts,00:17.9,N/A,N/A,36:28.3,36:46.2,Wisconsin-(Whitewater) Warhawks,WWW@COE,12/30/2025,2,12:22,Darius Chestnut,,,,10 Darius Chestnut > P&R Ball Handler > Right P&R > Side > Dribble Off Pick > To Basket > Make 2 Pts
470,Deuce Walters,WWW@COE - 12/29/2025 QTR: 2 CLK: 11:50,,,,,Make 2 Pts,00:32.1,N/A,N/A,36:46.3,37:18.4,Coe College Kohawks,WWW@COE,12/30/2025,2,11:50,Deuce Walters,,,,4 Deuce Walters > P&R Ball Handler > Left P&R > Side > Dribble Off Pick > Dribble Jumper > Medium/17' to <3p > Make 2 Pts
471,Jake Quast,WWW@COE - 12/29/2025 QTR: 2,,,,,Non Shooting Foul,00:15.9,N/A,N/A,37:23.3,37:39.2,Wisconsin-(Whitewater) Warhawks,WWW@COE,12/30/2025,2,,Jake Quast,,,,12 Jake Quast > Non Possession > Non Shooting Foul
472,Kelton Mcewen,WWW@COE - 12/29/2025 QTR: 2 CLK: 11:22,,,,,Miss 3 Pts,00:17.2,N/A,N/A,37:55.7,38:12.9,Wisconsin-(Whitewater) Warhawks,WWW@COE,12/30/2025,2,11:22,Kelton Mcewen,,,,2 Kelton Mcewen > P&R Ball Handler > Left P&R > Baseline > Takes Early Jump Shot > No Dribble Jumper > Guarded > Long/3pt > Miss 3 Pts
473,Jake Quast,WWW@COE - 12/29/2025 QTR: 2 CLK: 11:22,,,,,0 Pts,00:08.8,N/A,N/A,38:04.0,38:12.9,Wisconsin-(Whitewater) Warhawks,WWW@COE,12/30/2025,2,11:22,Jake Quast,,,,12 Jake Quast > Offensive Rebound > Short > Scoring Attempt > At Basket > Make 2 Pts Foul > 0 Pts
474,Jake Quast,WWW@COE - 12/29/2025 QTR: 2,,,,,Free Throw,00:05.5,N/A,N/A,38:29.0,38:34.5,Wisconsin-(Whitewater) Warhawks,WWW@COE,12/30/2025,2,,Jake Quast,,,,12 Jake Quast > Non Possession > Free Throw
475,Aleks Jajic,WWW@COE - 12/29/2025 QTR: 2 CLK: 11:14,,,,,Turnover,00:07.6,N/A,N/A,38:30.0,38:37.6,Coe College Kohawks,WWW@COE,12/30/2025,2,11:14,Aleks Jajic,,,,1 Aleks Jajic > No Play Type > Turnover
476,Jake Quast,WWW@COE - 12/29/2025 QTR: 2 CLK: 11:10,,,,,Turnover,00:09.1,N/A,N/A,38:32.2,38:41.3,Wisconsin-(Whitewater) Warhawks,WWW@COE,12/30/2025,2,11:10,Jake Quast,,,,12 Jake Quast > Spot-Up > Drives Left > Turnover
477,Cooper Nailor,WWW@COE - 12/29/2025 QTR: 2,,,,,Non Shooting Foul,00:09.5,N/A,N/A,38:35.8,38:45.3,Coe College Kohawks,WWW@COE,12/30/2025,2,,Cooper Nailor,,,,5 Cooper Nailor > Non Possession > Non Shooting Foul
478,Jackson Newell,WWW@COE - 12/29/2025 QTR: 2 CLK: 10:57,,,,,Make 2 Pts,00:12.9,N/A,N/A,39:03.7,39:16.6,Coe College Kohawks,WWW@COE,12/30/2025,2,10:57,Jackson Newell,,,,35 Jackson Newell > Post-Up > Right Block > Left Shoulder > Dribble Move > To Drop Step > Make 2 Pts
479,Jake Quast,WWW@COE - 12/29/2025 QTR: 2 CLK: 10:34,,,,,Turnover,00:16.0,N/A,N/A,39:21.7,39:37.7,Wisconsin-(Whitewater) Warhawks,WWW@COE,12/30/2025,2,10:34,Jake Quast,,,,12 Jake Quast > Post-Up > Right Block > Left Shoulder > Dribble Move > Defense Commits > Turnover
480,Ryan Dolphin,WWW@COE - 12/29/2025 QTR: 2 CLK: 10:27,,,,,Miss 3 Pts,00:23.5,N/A,N/A,39:30.2,39:53.6,Coe College Kohawks,WWW@COE,12/30/2025,2,10:27,Ryan Dolphin,,,,2 Ryan Dolphin > Transition > Trailer > No Dribble Jumper > Guarded > Long/3pt > Miss 3 Pts
481,Deuce Walters,WWW@COE - 12/29/2025 QTR: 2 CLK: 10:17,,,,,Miss 2 Pts,00:12.5,N/A,N/A,40:38.6,40:51.1,Coe College Kohawks,WWW@COE,12/30/2025,2,10:17,Deuce Walters,,,,4 Deuce Walters > Off Screen > To Shooter's Left > Straight > Dribble Jumper > Medium/17' to <3p > Miss 2 Pts
482,Jake Quast,WWW@COE - 12/29/2025 QTR: 2 CLK: 10:06,,,,,Miss 3 Pts,00:16.6,N/A,N/A,40:45.1,41:01.7,Wisconsin-(Whitewater) Warhawks,WWW@COE,12/30/2025,2,10:06,Jake Quast,,,,12 Jake Quast > Spot-Up > No Dribble Jumper > Guarded > Long/3pt > Miss 3 Pts
483,Ryan Dolphin,WWW@COE - 12/29/2025 QTR: 2 CLK: 09:39,,,,,Turnover,00:26.3,N/A,N/A,41:01.7,41:28.0,Coe College Kohawks,WWW@COE,12/30/2025,2,9:39,Ryan Dolphin,,,,2 Ryan Dolphin > P&R Ball Handler > High P&R > Dribble Off Pick > Defense Commits > Turnover
484,Kelton Mcewen,WWW@COE - 12/29/2025 QTR: 2 CLK: 09:34,,,,,Miss 3 Pts,00:18.1,N/A,N/A,41:22.0,41:40.1,Wisconsin-(Whitewater) Warhawks,WWW@COE,12/30/2025,2,9:34,Kelton Mcewen,,,,2 Kelton Mcewen > Transition > Right Wing > No Dribble Jumper > Guarded > Long/3pt > Miss 3 Pts
485,Tyshawn Teague-Johnson,WWW@COE - 12/29/2025 QTR: 2 CLK: 09:30,,,,,Make 3 Pts,00:05.8,N/A,N/A,41:40.1,41:45.9,Wisconsin-(Whitewater) Warhawks,WWW@COE,12/30/2025,2,9:30,Tyshawn Teague-Johnson,,,,40 Tyshawn Teague-Johnson > Spot-Up > No Dribble Jumper > Guarded > Long/3pt > Make 3 Pts
486,Deuce Walters,WWW@COE - 12/29/2025 QTR: 2,,,,,No Violation,00:14.2,N/A,N/A,41:46.8,42:01.0,Coe College Kohawks,WWW@COE,12/30/2025,2,,Deuce Walters,,,,4 Deuce Walters > Non Possession > No Violation
487,Cooper Nailor,WWW@COE - 12/29/2025 QTR: 2 CLK: 08:57,,,,,Miss 2 Pts,00:17.8,N/A,N/A,43:08.1,43:25.9,Coe College Kohawks,WWW@COE,12/30/2025,2,8:57,Cooper Nailor,,,,2 Ryan Dolphin > P&R Ball Handler > High P&R > Dribble Off Pick > Defense Commits > Ball Delivered > 5 Cooper Nailor > Spot-Up > Drives Right > To Basket > Miss 2 Pts
488,Jackson Newell,WWW@COE - 12/29/2025 QTR: 2 CLK: 08:57,,,,,Make 2 Pts,00:06.9,N/A,N/A,43:19.1,43:25.9,Coe College Kohawks,WWW@COE,12/30/2025,2,8:57,Jackson Newell,,,,35 Jackson Newell > Offensive Rebound > Short > Scoring Attempt > At Basket > Make 2 Pts
489,Tyshawn Teague-Johnson,WWW@COE - 12/29/2025 QTR: 2 CLK: 08:35,,,,,Make 2 Pts,00:16.5,N/A,N/A,43:29.9,43:46.4,Wisconsin-(Whitewater) Warhawks,WWW@COE,12/30/2025,2,8:35,Tyshawn Teague-Johnson,,,,40 Tyshawn Teague-Johnson > Cut > Flash > Make 2 Pts
490,Ryan Dolphin,WWW@COE - 12/29/2025 QTR: 2 CLK: 08:24,,,,,Turnover,00:12.3,N/A,N/A,43:45.5,43:57.8,Coe College Kohawks,WWW@COE,12/30/2025,2,8:24,Ryan Dolphin,,,,2 Ryan Dolphin > No Play Type > Turnover
491,Jake Quast,WWW@COE - 12/29/2025 QTR: 2 CLK: 08:04,,,,,Make 2 Pts,00:21.3,N/A,N/A,44:11.4,44:32.7,Wisconsin-(Whitewater) Warhawks,WWW@COE,12/30/2025,2,8:04,Jake Quast,,,,12 Jake Quast > Spot-Up > Drives Left > To Basket > Make 2 Pts
492,Ryan Dolphin,WWW@COE - 12/29/2025 QTR: 2,,,,,Non Shooting Foul,00:18.9,N/A,N/A,44:31.7,44:50.6,Coe College Kohawks,WWW@COE,12/30/2025,2,,Ryan Dolphin,,,,2 Ryan Dolphin > Non Possession > Non Shooting Foul
493,Kanyon Bryte,WWW@COE - 12/29/2025 QTR: 2 CLK: 07:32,,,,,Foul,00:20.7,N/A,N/A,45:02.8,45:23.4,Coe College Kohawks,WWW@COE,12/30/2025,2,7:32,Kanyon Bryte,,,,5 Cooper Nailor > P&R Ball Handler > High P&R > Dribble Off Pick > Defense Commits > Ball Delivered > 34 Kanyon Bryte > Cut > Basket > Foul
494,Kanyon Bryte,WWW@COE - 12/29/2025 QTR: 2,,,,,Free Throw,00:05.1,N/A,N/A,45:40.3,45:45.3,Coe College Kohawks,WWW@COE,12/30/2025,2,,Kanyon Bryte,,,,34 Kanyon Bryte > Non Possession > Free Throw
495,Kanyon Bryte,WWW@COE - 12/29/2025 QTR: 2,,,,,Free Throw,00:05.1,N/A,N/A,45:58.5,46:03.6,Coe College Kohawks,WWW@COE,12/30/2025,2,,Kanyon Bryte,,,,34 Kanyon Bryte > Non Possession > Free Throw
496,Tyshawn Teague-Johnson,WWW@COE - 12/29/2025 QTR: 2 CLK: 07:11,,,,,Miss 3 Pts,00:25.7,N/A,N/A,46:09.4,46:35.1,Wisconsin-(Whitewater) Warhawks,WWW@COE,12/30/2025,2,7:11,Tyshawn Teague-Johnson,,,,40 Tyshawn Teague-Johnson > ISO > Right > Early Jumper > Dribble Jumper > Long/3pt > Miss 3 Pts
497,Kelton Mcewen,WWW@COE - 12/29/2025 QTR: 2 CLK: 07:01,,,,,Miss 3 Pts,00:06.0,N/A,N/A,46:35.1,46:41.1,Wisconsin-(Whitewater) Warhawks,WWW@COE,12/30/2025,2,7:01,Kelton Mcewen,,,,2 Kelton Mcewen > Spot-Up > No Dribble Jumper > Guarded > Long/3pt > Miss 3 Pts
498,Darius Chestnut,WWW@COE - 12/29/2025 QTR: 2,,,,,Run Offense,00:08.1,N/A,N/A,46:33.0,46:41.1,Wisconsin-(Whitewater) Warhawks,WWW@COE,12/30/2025,2,,Darius Chestnut,,,,10 Darius Chestnut > Offensive Rebound > Short > Run Offense
499,Darius Chestnut,WWW@COE - 12/29/2025 QTR: 2 CLK: 06:54,,,,,Miss 3 Pts,00:13.5,N/A,N/A,46:33.0,46:46.5,Wisconsin-(Whitewater) Warhawks,WWW@COE,12/30/2025,2,6:54,Darius Chestnut,,,,10 Darius Chestnut > Spot-Up > No Dribble Jumper > Guarded > Long/3pt > Miss 3 Pts
500,Ryan Dolphin,WWW@COE - 12/29/2025 QTR: 2 CLK: 06:30,,,,,Miss 3 Pts,00:23.1,N/A,N/A,46:48.7,47:11.7,Coe College Kohawks,WWW@COE,12/30/2025,2,6:30,Ryan Dolphin,,,,2 Ryan Dolphin > Spot-Up > No Dribble Jumper > Guarded > Long/3pt > Miss 3 Pts
501,Darius Chestnut,WWW@COE - 12/29/2025 QTR: 2 CLK: 06:15,,,,,Turnover,00:16.9,N/A,N/A,47:05.7,47:22.6,Wisconsin-(Whitewater) Warhawks,WWW@COE,12/30/2025,2,6:15,Darius Chestnut,,,,10 Darius Chestnut > Transition > Ballhandler > Turnover
502,Ryan Dolphin,WWW@COE - 12/29/2025 QTR: 2 CLK: 05:55,,,,,Turnover,00:18.7,N/A,N/A,47:25.7,47:44.3,Coe College Kohawks,WWW@COE,12/30/2025,2,5:55,Ryan Dolphin,,,,2 Ryan Dolphin > No Play Type > Turnover
503,Jake Quast,WWW@COE - 12/29/2025 QTR: 2,,,,,No Violation,00:17.3,N/A,N/A,48:02.6,48:19.9,Wisconsin-(Whitewater) Warhawks,WWW@COE,12/30/2025,2,,Jake Quast,,,,12 Jake Quast > Non Possession > No Violation
504,Tyshawn Teague-Johnson,WWW@COE - 12/29/2025 QTR: 2 CLK: 05:32,,,,,Make 2 Pts,00:15.5,N/A,N/A,48:28.3,48:43.8,Wisconsin-(Whitewater) Warhawks,WWW@COE,12/30/2025,2,5:32,Tyshawn Teague-Johnson,,,,40 Tyshawn Teague-Johnson > ISO > Left > Drives Right > To Basket > Make 2 Pts
505,Cooper Nailor,WWW@COE - 12/29/2025 QTR: 2,,,,,Non Shooting Foul,00:11.5,N/A,N/A,48:42.8,48:54.3,Coe College Kohawks,WWW@COE,12/30/2025,2,,Cooper Nailor,,,,5 Cooper Nailor > Non Possession > Non Shooting Foul
506,Deuce Walters,WWW@COE - 12/29/2025 QTR: 2 CLK: 05:08,,,,,Miss 2 Pts,00:20.2,N/A,N/A,50:38.4,50:58.6,Coe College Kohawks,WWW@COE,12/30/2025,2,5:08,Deuce Walters,,,,4 Deuce Walters > P&R Ball Handler > High P&R > Go Away from Pick > To Basket > Miss 2 Pts
507,Darius Chestnut,WWW@COE - 12/29/2025 QTR: 2 CLK: 04:54,,,,,Foul,00:20.6,N/A,N/A,50:52.6,51:13.2,Wisconsin-(Whitewater) Warhawks,WWW@COE,12/30/2025,2,4:54,Darius Chestnut,,,,10 Darius Chestnut > Cut > Basket > Foul
508,Darius Chestnut,WWW@COE - 12/29/2025 QTR: 2,,,,,Free Throw,00:05.7,N/A,N/A,51:26.8,51:32.5,Wisconsin-(Whitewater) Warhawks,WWW@COE,12/30/2025,2,,Darius Chestnut,,,,10 Darius Chestnut > Non Possession > Free Throw
509,Darius Chestnut,WWW@COE - 12/29/2025 QTR: 2,,,,,Free Throw,00:04.8,N/A,N/A,51:39.1,51:43.9,Wisconsin-(Whitewater) Warhawks,WWW@COE,12/30/2025,2,,Darius Chestnut,,,,10 Darius Chestnut > Non Possession > Free Throw
510,C. Reece Breitenbach,WWW@COE - 12/29/2025 QTR: 2 CLK: 04:48,,,,,Turnover,00:08.8,N/A,N/A,51:44.9,51:53.7,Coe College Kohawks,WWW@COE,12/30/2025,2,4:48,C. Reece Breitenbach,,,,12 C. Reece Breitenbach > No Play Type > Turnover
511,Jr Lukenbill,WWW@COE - 12/29/2025 QTR: 2 CLK: 04:43,,,,,Make 2 Pts,00:08.1,N/A,N/A,51:48.5,51:56.5,Wisconsin-(Whitewater) Warhawks,WWW@COE,12/30/2025,2,4:43,Jr Lukenbill,,,,11 Jr Lukenbill > Transition > Ballhandler > To Basket > Make 2 Pts
512,Kanyon Bryte,WWW@COE - 12/29/2025 QTR: 2,,,,,Non Shooting Foul,00:27.7,N/A,N/A,51:55.5,52:23.2,Coe College Kohawks,WWW@COE,12/30/2025,2,,Kanyon Bryte,,,,34 Kanyon Bryte > Non Possession > Non Shooting Foul
513,Kanyon Bryte,WWW@COE - 12/29/2025 QTR: 2 CLK: 04:09,,,,,Make 2 Pts,00:17.1,N/A,N/A,52:34.4,52:51.5,Coe College Kohawks,WWW@COE,12/30/2025,2,4:09,Kanyon Bryte,,,,5 Cooper Nailor > P&R Ball Handler > Right P&R > Side > Dribble Off Pick > Defense Commits > Ball Delivered > 34 Kanyon Bryte > P&R Roll Man > Rolls to Basket > Make 2 Pts
514,Tyshawn Teague-Johnson,WWW@COE - 12/29/2025 QTR: 2 CLK: 03:42,,,,,Miss 3 Pts,00:33.5,N/A,N/A,54:38.3,55:11.9,Wisconsin-(Whitewater) Warhawks,WWW@COE,12/30/2025,2,3:42,Tyshawn Teague-Johnson,,,,40 Tyshawn Teague-Johnson > Spot-Up > Drives Straight > Dribble Jumper > Long/3pt > Miss 3 Pts
515,Jackson Bowman,WWW@COE - 12/29/2025 QTR: 2 CLK: 03:34,,,,,Miss 2 Pts,00:15.1,N/A,N/A,55:04.4,55:19.5,Coe College Kohawks,WWW@COE,12/30/2025,2,3:34,Jackson Bowman,,,,22 Jackson Bowman > Transition > Leak Outs > To Basket > Miss 2 Pts
516,Tyshawn Teague-Johnson,WWW@COE - 12/29/2025 QTR: 2,,,,,Non Shooting Foul,00:15.9,N/A,N/A,55:11.9,55:27.7,Wisconsin-(Whitewater) Warhawks,WWW@COE,12/30/2025,2,,Tyshawn Teague-Johnson,,,,40 Tyshawn Teague-Johnson > Non Possession > Non Shooting Foul
517,Jr Lukenbill,WWW@COE - 12/29/2025 QTR: 2 CLK: 03:22,,,,,Miss 2 Pts,00:12.8,N/A,N/A,55:38.5,55:51.3,Wisconsin-(Whitewater) Warhawks,WWW@COE,12/30/2025,2,3:22,Jr Lukenbill,,,,11 Jr Lukenbill > No Play Type > No Dribble Jumper > Open > Short to < 17' > Miss 2 Pts
518,Jake Quast,WWW@COE - 12/29/2025 QTR: 2 CLK: 03:22,,,,,1 Pts,00:10.5,N/A,N/A,55:40.7,55:51.3,Wisconsin-(Whitewater) Warhawks,WWW@COE,12/30/2025,2,3:22,Jake Quast,,,,12 Jake Quast > Offensive Rebound > Short > Scoring Attempt > At Basket > Make 2 Pts Foul > 1 Pts
519,Jake Quast,WWW@COE - 12/29/2025 QTR: 2,,,,,Free Throw,00:05.3,N/A,N/A,56:07.3,56:12.6,Wisconsin-(Whitewater) Warhawks,WWW@COE,12/30/2025,2,,Jake Quast,,,,12 Jake Quast > Non Possession > Free Throw
520,Ryan Dolphin,WWW@COE - 12/29/2025 QTR: 2 CLK: 02:52,,,,,Make 2 Pts,00:31.9,N/A,N/A,56:21.9,56:53.8,Coe College Kohawks,WWW@COE,12/30/2025,2,2:52,Ryan Dolphin,,,,2 Ryan Dolphin > P&R Ball Handler > High P&R > Go Away from Pick > Dribble Jumper > Short to < 17' > Make 2 Pts
521,Tyshawn Teague-Johnson,WWW@COE - 12/29/2025 QTR: 2 CLK: 02:36,,,,,Turnover,00:14.8,N/A,N/A,56:56.5,57:11.3,Wisconsin-(Whitewater) Warhawks,WWW@COE,12/30/2025,2,2:36,Tyshawn Teague-Johnson,,,,40 Tyshawn Teague-Johnson > P&R Ball Handler > High P&R > Dribble Off Pick > Turnover
522,Kanyon Bryte,WWW@COE - 12/29/2025 QTR: 2,,,,,Non Shooting Foul,00:32.1,N/A,N/A,57:17.4,57:49.5,Coe College Kohawks,WWW@COE,12/30/2025,2,,Kanyon Bryte,,,,34 Kanyon Bryte > Non Possession > Non Shooting Foul
523,Jackson Bowman,WWW@COE - 12/29/2025 QTR: 2 CLK: 01:59,,,,,Foul,00:19.5,N/A,N/A,58:21.9,58:41.5,Coe College Kohawks,WWW@COE,12/30/2025,2,1:59,Jackson Bowman,,,,2 Ryan Dolphin > P&R Ball Handler > High P&R > Dribble Off Pick > Defense Commits > Ball Delivered > 22 Jackson Bowman > Cut > Basket > Foul
524,Jackson Bowman,WWW@COE - 12/29/2025 QTR: 2,,,,,Free Throw,00:06.5,N/A,N/A,58:57.9,59:04.4,Coe College Kohawks,WWW@COE,12/30/2025,2,,Jackson Bowman,,,,22 Jackson Bowman > Non Possession > Free Throw
525,Jackson Bowman,WWW@COE - 12/29/2025 QTR: 2,,,,,Free Throw,00:07.2,N/A,N/A,59:11.0,59:18.2,Coe College Kohawks,WWW@COE,12/30/2025,2,,Jackson Bowman,,,,22 Jackson Bowman > Non Possession > Free Throw
526,Agape Keyes Jr.,WWW@COE - 12/29/2025 QTR: 2 CLK: 01:38,,,,,Miss 3 Pts,00:20.1,N/A,N/A,59:22.6,59:42.7,Wisconsin-(Whitewater) Warhawks,WWW@COE,12/30/2025,2,1:38,Agape Keyes Jr.,,,,1 Agape Keyes Jr. > Spot-Up > No Dribble Jumper > Guarded > Long/3pt > Miss 3 Pts
527,Ryan Dolphin,WWW@COE - 12/29/2025 QTR: 2,,,,,No Violation,00:16.3,N/A,N/A,59:38.3,59:54.5,Coe College Kohawks,WWW@COE,12/30/2025,2,,Ryan Dolphin,,,,2 Ryan Dolphin > Non Possession > No Violation
528,Jay Akin,WWW@COE - 12/29/2025 QTR: 2 CLK: 01:14,,,,,Turnover,00:16.4,N/A,N/A,00:16.0,00:32.4,Coe College Kohawks,WWW@COE,12/30/2025,2,1:14,Jay Akin,,,,23 Jay Akin > Hand Off > From Dribble > Top > Turnover
529,Isaiah Robinson,WWW@COE - 12/29/2025 QTR: 2 CLK: 01:08,,,,,Make 2 Pts,00:09.3,N/A,N/A,00:27.6,00:36.9,Wisconsin-(Whitewater) Warhawks,WWW@COE,12/30/2025,2,1:08,Isaiah Robinson,,,,5 Isaiah Robinson > Transition > Ballhandler > To Basket > Make 2 Pts
530,Austin Beeson,WWW@COE - 12/29/2025 QTR: 2 CLK: 00:45,,,,,Miss 3 Pts,00:30.6,N/A,N/A,00:35.9,01:06.5,Coe College Kohawks,WWW@COE,12/30/2025,2,0:45,Austin Beeson,,,,25 Austin Beeson > Spot-Up > No Dribble Jumper > Guarded > Long/3pt > Miss 3 Pts
531,Aleks Jajic,WWW@COE - 12/29/2025 QTR: 2 CLK: 00:42,,,,,Turnover,00:09.5,N/A,N/A,00:57.1,01:06.5,Coe College Kohawks,WWW@COE,12/30/2025,2,0:42,Aleks Jajic,,,,1 Aleks Jajic > Offensive Rebound > Long > Turnover
532,Matthew McKay,WWW@COE - 12/29/2025 QTR: 2,,,,,No Violation,00:18.6,N/A,N/A,01:17.3,01:35.9,Wisconsin-(Whitewater) Warhawks,WWW@COE,12/30/2025,2,,Matthew McKay,,,,30 Matthew McKay > Non Possession > No Violation
533,Trent Grunewald,WWW@COE - 12/29/2025 QTR: 2 CLK: 00:14,,,,,Miss 3 Pts,00:21.7,N/A,N/A,01:41.7,02:03.4,Wisconsin-(Whitewater) Warhawks,WWW@COE,12/30/2025,2,0:14,Trent Grunewald,,,,5 Isaiah Robinson > P&R Ball Handler > Left P&R > Baseline > Dribble Off Pick > Defense Commits > Ball Delivered > 33 Trent Grunewald > Spot-Up > No Dribble Jumper > Guarded > Long/3pt > Miss 3 Pts
534,Agape Keyes Jr.,WWW@COE - 12/29/2025 QTR: 2 CLK: 00:14,,,,,Miss 2 Pts,00:09.1,N/A,N/A,01:54.3,02:03.4,Wisconsin-(Whitewater) Warhawks,WWW@COE,12/30/2025,2,0:14,Agape Keyes Jr.,,,,1 Agape Keyes Jr. > Offensive Rebound > Short > Scoring Attempt > At Basket > Miss 2 Pts
535,Mikey Wildes,WWW@COE - 12/29/2025 QTR: 2 CLK: 00:02,,,,,Miss 2 Pts,00:12.9,N/A,N/A,02:12.9,02:25.8,Wisconsin-(Whitewater) Warhawks,WWW@COE,12/30/2025,2,0:02,Mikey Wildes,,,,14 Mikey Wildes > P&R Ball Handler > Left P&R > Side > Dribble Off Pick > To Basket > Miss 2 Pts
536,Jay Akin,WWW@COE - 12/29/2025 QTR: 2,,,,,No Violation,00:05.6,N/A,N/A,02:25.8,02:31.4,Coe College Kohawks,WWW@COE,12/30/2025,2,,Jay Akin,,,,23 Jay Akin > Non Possession > No Violation
