opponent,game_date,event_order,period,time_remaining,team,player,event_type,raw_text,shot_type,uww_score,opp_score,uww_lineup,video_description,coach_note,play_call
St. Thomas (TX) Celts,2025-11-14,0,,,,,period_marker,Start 1st Half,,,,"Brock Marino, Collin Madson, Isaac Verges, JR Lukenbill, Luke Bara",,,
St. Thomas (TX) Celts,2025-11-14,1,H1,19:58 (H1),St. Thomas (TX) Celts,Charles Gitonga,jump_ball_won,Charles Gitonga Wins Jump Ball,,0.0,0.0,"Brock Marino, Collin Madson, Isaac Verges, JR Lukenbill, Luke Bara",,,
St. Thomas (TX) Celts,2025-11-14,2,H1,19:58 (H1),UW-Whitewater,Brock Marino,jump_ball_lost,Brock Marino Loses Jump Ball,,0.0,0.0,"Brock Marino, Collin Madson, Isaac Verges, JR Lukenbill, Luke Bara",,,
St. Thomas (TX) Celts,2025-11-14,3,H1,19:34 (H1),St. Thomas (TX) Celts,Corey Thompson,made_shot,Corey Thompson Makes 2PT Turnaround Jump Shot,2,0.0,2.0,"Brock Marino, Collin Madson, Isaac Verges, JR Lukenbill, Luke Bara",1 Corey Thompson > ISO > Top > Drives Right > To Basket > Make 2 Pts,,
St. Thomas (TX) Celts,2025-11-14,4,H1,19:22 (H1),UW-Whitewater,Isaac Verges,turnover,Isaac Verges Turnover (Lost Ball),,0.0,2.0,"Brock Marino, Collin Madson, Isaac Verges, JR Lukenbill, Luke Bara",0 Isaac Verges > No Play Type > Turnover,,
St. Thomas (TX) Celts,2025-11-14,5,H1,19:22 (H1),St. Thomas (TX) Celts,Angel Johnson,steal,Angel Johnson Steals,,0.0,2.0,"Brock Marino, Collin Madson, Isaac Verges, JR Lukenbill, Luke Bara",,,
St. Thomas (TX) Celts,2025-11-14,6,H1,19:16 (H1),St. Thomas (TX) Celts,Nathan Kongolo,missed_shot,Nathan Kongolo Misses 3PT Jump Shot,3,0.0,2.0,"Brock Marino, Collin Madson, Isaac Verges, JR Lukenbill, Luke Bara",0 Nathan Kongolo > Transition > Left Wing > No Dribble Jumper > Guarded > Long/3pt > Miss 3 Pts,,
St. Thomas (TX) Celts,2025-11-14,7,H1,19:14 (H1),UW-Whitewater,Collin Madson,rebound_defensive,Collin Madson Defensive Rebound,,0.0,2.0,"Brock Marino, Collin Madson, Isaac Verges, JR Lukenbill, Luke Bara",,,
St. Thomas (TX) Celts,2025-11-14,8,H1,19:09 (H1),UW-Whitewater,Isaac Verges,turnover,Isaac Verges Turnover (Bad Pass),,0.0,2.0,"Brock Marino, Collin Madson, Isaac Verges, JR Lukenbill, Luke Bara",0 Isaac Verges > No Play Type > Turnover,,
St. Thomas (TX) Celts,2025-11-14,9,H1,19:09 (H1),St. Thomas (TX) Celts,Nathan Kongolo,steal,Nathan Kongolo Steals,,0.0,2.0,"Brock Marino, Collin Madson, Isaac Verges, JR Lukenbill, Luke Bara",,,
St. Thomas (TX) Celts,2025-11-14,10,H1,19:05 (H1),St. Thomas (TX) Celts,Angel Johnson,made_shot,Angel Johnson Makes 2PT Layup,2,0.0,4.0,"Brock Marino, Collin Madson, Isaac Verges, JR Lukenbill, Luke Bara",10 Angel Johnson > Transition > First Middle > To Basket > Make 2 Pts,,
St. Thomas (TX) Celts,2025-11-14,11,H1,19:05 (H1),St. Thomas (TX) Celts,Nathan Kongolo,assist,Nathan Kongolo Assists,,0.0,4.0,"Brock Marino, Collin Madson, Isaac Verges, JR Lukenbill, Luke Bara",,,
St. Thomas (TX) Celts,2025-11-14,12,H1,18:34 (H1),UW-Whitewater,Isaac Verges,missed_shot,Isaac Verges Misses 2PT Layup,2,0.0,4.0,"Brock Marino, Collin Madson, Isaac Verges, JR Lukenbill, Luke Bara",0 Isaac Verges > Spot-Up > Drives Left > To Basket > Miss 2 Pts,,
St. Thomas (TX) Celts,2025-11-14,13,H1,18:31 (H1),St. Thomas (TX) Celts,Nicholas Buffalo,rebound_defensive,Nicholas Buffalo Defensive Rebound,,0.0,4.0,"Brock Marino, Collin Madson, Isaac Verges, JR Lukenbill, Luke Bara",,,
St. Thomas (TX) Celts,2025-11-14,14,H1,18:22 (H1),St. Thomas (TX) Celts,Corey Thompson,missed_shot,Corey Thompson Misses 2PT Layup,2,0.0,4.0,"Brock Marino, Collin Madson, Isaac Verges, JR Lukenbill, Luke Bara",1 Corey Thompson > P&R Ball Handler > Left P&R > Baseline > Go Away from Pick > To Basket > Miss 2 Pts,,
St. Thomas (TX) Celts,2025-11-14,15,H1,18:19 (H1),St. Thomas (TX) Celts,Corey Thompson,rebound_offensive,Corey Thompson Offensive Rebound,,0.0,4.0,"Brock Marino, Collin Madson, Isaac Verges, JR Lukenbill, Luke Bara",,,
St. Thomas (TX) Celts,2025-11-14,16,H1,18:18 (H1),St. Thomas (TX) Celts,Corey Thompson,turnover,Corey Thompson Turnover,,0.0,4.0,"Brock Marino, Collin Madson, Isaac Verges, JR Lukenbill, Luke Bara",1 Corey Thompson > Offensive Rebound > Long > Turnover,,
St. Thomas (TX) Celts,2025-11-14,17,H1,18:04 (H1),UW-Whitewater,Collin Madson,made_shot,Collin Madson Makes 2PT Layup,2,2.0,4.0,"Brock Marino, Collin Madson, Isaac Verges, JR Lukenbill, Luke Bara",15 Collin Madson > Cut > Basket > Make 2 Pts,,
St. Thomas (TX) Celts,2025-11-14,18,H1,18:04 (H1),UW-Whitewater,Luke Bara,assist,Luke Bara Assists,,2.0,4.0,"Brock Marino, Collin Madson, Isaac Verges, JR Lukenbill, Luke Bara",,,
St. Thomas (TX) Celts,2025-11-14,19,H1,17:43 (H1),St. Thomas (TX) Celts,Angel Johnson,made_shot,Angel Johnson Makes 2PT Pull Up Jump Shot,2,2.0,6.0,"Brock Marino, Collin Madson, Isaac Verges, JR Lukenbill, Luke Bara",10 Angel Johnson > P&R Ball Handler > Right P&R > Side > Dribble Off Pick > Dribble Jumper > Short to < 17' > Make 2 Pts,,
St. Thomas (TX) Celts,2025-11-14,20,H1,17:19 (H1),UW-Whitewater,JR Lukenbill,made_shot,JR Lukenbill Makes 3PT Jump Shot,3,5.0,6.0,"Brock Marino, Collin Madson, Isaac Verges, JR Lukenbill, Luke Bara",11 Jr Lukenbill > Spot-Up > No Dribble Jumper > Guarded > Long/3pt > Make 3 Pts,,
St. Thomas (TX) Celts,2025-11-14,21,H1,17:19 (H1),UW-Whitewater,Collin Madson,assist,Collin Madson Assists,,5.0,6.0,"Brock Marino, Collin Madson, Isaac Verges, JR Lukenbill, Luke Bara",,,
St. Thomas (TX) Celts,2025-11-14,22,H1,17:05 (H1),UW-Whitewater,Luke Bara,foul,Luke Bara Commits Personal Foul,,5.0,6.0,"Brock Marino, Collin Madson, Isaac Verges, JR Lukenbill, Luke Bara",1 Corey Thompson > Non Possession > Non Shooting Foul,,
St. Thomas (TX) Celts,2025-11-14,23,H1,16:55 (H1),St. Thomas (TX) Celts,Angel Johnson,made_shot,Angel Johnson Makes 2PT Driving Layup,2,5.0,8.0,"Brock Marino, Collin Madson, Isaac Verges, JR Lukenbill, Luke Bara",10 Angel Johnson > ISO > Top > Drives Left > To Basket > Make 2 Pts,,
St. Thomas (TX) Celts,2025-11-14,24,H1,16:37 (H1),UW-Whitewater,Luke Bara,missed_shot,Luke Bara Misses 3PT Jump Shot,3,5.0,8.0,"Brock Marino, Collin Madson, Isaac Verges, JR Lukenbill, Luke Bara",32 Luke Bara > Spot-Up > No Dribble Jumper > Guarded > Long/3pt > Miss 3 Pts,,
St. Thomas (TX) Celts,2025-11-14,25,H1,16:34 (H1),St. Thomas (TX) Celts,Charles Gitonga,rebound_defensive,Charles Gitonga Defensive Rebound,,5.0,8.0,"Brock Marino, Collin Madson, Isaac Verges, JR Lukenbill, Luke Bara",,,
St. Thomas (TX) Celts,2025-11-14,26,H1,16:17 (H1),St. Thomas (TX) Celts,Nicholas Buffalo,missed_shot,Nicholas Buffalo Misses 2PT Layup,2,5.0,8.0,"Brock Marino, Collin Madson, Isaac Verges, JR Lukenbill, Luke Bara",,,
St. Thomas (TX) Celts,2025-11-14,27,H1,16:15 (H1),St. Thomas (TX) Celts,Nicholas Buffalo,rebound_offensive,Nicholas Buffalo Offensive Rebound,,5.0,8.0,"Brock Marino, Collin Madson, Isaac Verges, JR Lukenbill, Luke Bara",,,
St. Thomas (TX) Celts,2025-11-14,28,H1,16:13 (H1),St. Thomas (TX) Celts,Nicholas Buffalo,missed_shot,Nicholas Buffalo Misses 2PT Layup,2,5.0,8.0,"Brock Marino, Collin Madson, Isaac Verges, JR Lukenbill, Luke Bara",0 Nathan Kongolo > P&R Ball Handler > Left P&R > Side > Dribble Off Pick > Defense Commits > Ball Delivered > 12 Nicholas Buffalo > P&R Roll Man > Slips the Pick > To Basket > Miss 2 Pts,,
St. Thomas (TX) Celts,2025-11-14,29,H1,16:11 (H1),UW-Whitewater,Brock Marino,rebound_defensive,Brock Marino Defensive Rebound,,5.0,8.0,"Brock Marino, Collin Madson, Isaac Verges, JR Lukenbill, Luke Bara",,,
St. Thomas (TX) Celts,2025-11-14,30,H1,16:02 (H1),UW-Whitewater,Brock Marino,made_shot,Brock Marino Makes 3PT Jump Shot,3,8.0,8.0,"Brock Marino, Collin Madson, Isaac Verges, JR Lukenbill, Luke Bara",0 Isaac Verges > ISO > Top > Drives Right > Defense Commits > Ball Delivered > 21 Brock Marino > Spot-Up > No Dribble Jumper > Guarded > Long/3pt > Make 3 Pts,,
St. Thomas (TX) Celts,2025-11-14,31,H1,16:02 (H1),UW-Whitewater,Isaac Verges,assist,Isaac Verges Assists,,8.0,8.0,"Brock Marino, Collin Madson, Isaac Verges, JR Lukenbill, Luke Bara",,,
St. Thomas (TX) Celts,2025-11-14,32,H1,15:32 (H1),St. Thomas (TX) Celts,Angel Johnson,made_shot,Angel Johnson Makes 2PT Layup,2,8.0,10.0,"Brock Marino, Collin Madson, Isaac Verges, JR Lukenbill, Luke Bara",10 Angel Johnson > P&R Ball Handler > Right P&R > Baseline > Dribble Off Pick > To Basket > Make 2 Pts,,
St. Thomas (TX) Celts,2025-11-14,33,H1,15:13 (H1),St. Thomas (TX) Celts,Nicholas Buffalo,foul,Nicholas Buffalo Commits Personal Foul,,8.0,10.0,"Brock Marino, Collin Madson, Isaac Verges, JR Lukenbill, Luke Bara",32 Luke Bara > Non Possession > Non Shooting Foul,,
St. Thomas (TX) Celts,2025-11-14,34,H1,15:13 (H1),St. Thomas (TX) Celts,,timeout,Official TV Timeout,,8.0,10.0,"Brock Marino, Collin Madson, Isaac Verges, JR Lukenbill, Luke Bara",,,
St. Thomas (TX) Celts,2025-11-14,35,H1,15:13 (H1),UW-Whitewater,,timeout,Official TV Timeout,,8.0,10.0,"Brock Marino, Collin Madson, Isaac Verges, JR Lukenbill, Luke Bara",,,
St. Thomas (TX) Celts,2025-11-14,36,H1,15:04 (H1),UW-Whitewater,Brock Marino,missed_shot,Brock Marino Misses 2PT Layup,2,8.0,10.0,"Brock Marino, Collin Madson, Isaac Verges, JR Lukenbill, Luke Bara",32 Luke Bara > P&R Ball Handler > High P&R > Dribble Off Pick > Defense Commits > Ball Delivered > 21 Brock Marino > P&R Roll Man > Rolls to Basket > Miss 2 Pts,,
St. Thomas (TX) Celts,2025-11-14,37,H1,15:01 (H1),St. Thomas (TX) Celts,Charles Gitonga,rebound_defensive,Charles Gitonga Defensive Rebound,,8.0,10.0,"Brock Marino, Collin Madson, Isaac Verges, JR Lukenbill, Luke Bara",,,
St. Thomas (TX) Celts,2025-11-14,38,H1,14:53 (H1),St. Thomas (TX) Celts,Charles Gitonga,missed_shot,Charles Gitonga Misses 3PT Jump Shot,3,8.0,10.0,"Brock Marino, Collin Madson, Isaac Verges, JR Lukenbill, Luke Bara",10 Angel Johnson > ISO > Top > Drives Left > Defense Commits > Ball Delivered > 25 Charles Gitonga > Spot-Up > No Dribble Jumper > Guarded > Long/3pt > Miss 3 Pts,,
St. Thomas (TX) Celts,2025-11-14,39,H1,14:49 (H1),UW-Whitewater,Collin Madson,rebound_defensive,Collin Madson Defensive Rebound,,8.0,10.0,"Brock Marino, Collin Madson, Isaac Verges, JR Lukenbill, Luke Bara",,,
St. Thomas (TX) Celts,2025-11-14,40,H1,14:39 (H1),UW-Whitewater,Isaac Verges,missed_shot,Isaac Verges Misses 3PT Jump Shot,3,8.0,10.0,"Brock Marino, Collin Madson, Isaac Verges, JR Lukenbill, Luke Bara",0 Isaac Verges > Spot-Up > No Dribble Jumper > Guarded > Long/3pt > Miss 3 Pts,,
St. Thomas (TX) Celts,2025-11-14,41,H1,14:36 (H1),St. Thomas (TX) Celts,Nicholas Buffalo,rebound_defensive,Nicholas Buffalo Defensive Rebound,,8.0,10.0,"Brock Marino, Collin Madson, Isaac Verges, JR Lukenbill, Luke Bara",,,
St. Thomas (TX) Celts,2025-11-14,42,H1,14:26 (H1),St. Thomas (TX) Celts,Corey Thompson,turnover,Corey Thompson Turnover (Bad Pass),,8.0,10.0,"Brock Marino, Collin Madson, Isaac Verges, JR Lukenbill, Luke Bara",1 Corey Thompson > Transition > Ballhandler > Turnover,,
St. Thomas (TX) Celts,2025-11-14,43,H1,14:26 (H1),UW-Whitewater,Collin Madson,steal,Collin Madson Steals,,8.0,10.0,"Brock Marino, Collin Madson, Isaac Verges, JR Lukenbill, Luke Bara",,,
St. Thomas (TX) Celts,2025-11-14,44,H1,14:00 (H1),UW-Whitewater,JR Lukenbill,made_shot,JR Lukenbill Makes 3PT Jump Shot,3,11.0,10.0,"Brock Marino, Collin Madson, Isaac Verges, JR Lukenbill, Luke Bara",11 Jr Lukenbill > Spot-Up > No Dribble Jumper > Guarded > Long/3pt > Make 3 Pts,,
St. Thomas (TX) Celts,2025-11-14,45,H1,14:00 (H1),UW-Whitewater,Luke Bara,assist,Luke Bara Assists,,11.0,10.0,"Brock Marino, Collin Madson, Isaac Verges, JR Lukenbill, Luke Bara",,,
St. Thomas (TX) Celts,2025-11-14,46,H1,13:43 (H1),St. Thomas (TX) Celts,Angel Johnson,missed_shot,Angel Johnson Misses 2PT Layup,2,11.0,10.0,"Brock Marino, Collin Madson, Isaac Verges, JR Lukenbill, Luke Bara",10 Angel Johnson > P&R Ball Handler > High P&R > Dribble Off Pick > To Basket > Miss 2 Pts,,
St. Thomas (TX) Celts,2025-11-14,47,H1,13:35 (H1),UW-Whitewater,Collin Madson,rebound_defensive,Collin Madson Defensive Rebound,,11.0,10.0,"Brock Marino, Collin Madson, Isaac Verges, JR Lukenbill, Luke Bara",,,
St. Thomas (TX) Celts,2025-11-14,48,H1,13:34 (H1),St. Thomas (TX) Celts,Charles Gitonga,foul,Charles Gitonga Commits Personal Foul,,11.0,10.0,"Brock Marino, Collin Madson, Isaac Verges, JR Lukenbill, Luke Bara",32 Luke Bara > Non Possession > Non Shooting Foul,,
St. Thomas (TX) Celts,2025-11-14,49,H1,13:34 (H1),St. Thomas (TX) Celts,Corey Thompson,sub_out,Corey Thompson Subs Out,,11.0,10.0,"Brock Marino, Collin Madson, Isaac Verges, JR Lukenbill, Luke Bara",,,
St. Thomas (TX) Celts,2025-11-14,50,H1,13:34 (H1),St. Thomas (TX) Celts,Nicholas Buffalo,sub_out,Nicholas Buffalo Subs Out,,11.0,10.0,"Brock Marino, Collin Madson, Isaac Verges, JR Lukenbill, Luke Bara",,,
St. Thomas (TX) Celts,2025-11-14,51,H1,13:34 (H1),UW-Whitewater,Isaac Verges,sub_out,Isaac Verges Subs Out,,11.0,10.0,"Brock Marino, Collin Madson, Isaac Verges, JR Lukenbill, Luke Bara",,,
St. Thomas (TX) Celts,2025-11-14,52,H1,13:34 (H1),UW-Whitewater,Luke Bara,sub_out,Luke Bara Subs Out,,11.0,10.0,"Brock Marino, Collin Madson, Isaac Verges, JR Lukenbill, Luke Bara",,,
St. Thomas (TX) Celts,2025-11-14,53,H1,13:34 (H1),St. Thomas (TX) Celts,Reyce Allen,sub_in,Reyce Allen Subs In,,11.0,10.0,"Brock Marino, Collin Madson, Isaac Verges, JR Lukenbill, Luke Bara",,,
St. Thomas (TX) Celts,2025-11-14,54,H1,13:34 (H1),St. Thomas (TX) Celts,Jaden Ross,sub_in,Jaden Ross Subs In,,11.0,10.0,"Brock Marino, Collin Madson, Isaac Verges, JR Lukenbill, Luke Bara",,,
St. Thomas (TX) Celts,2025-11-14,55,H1,13:34 (H1),UW-Whitewater,Darius Chestnut,sub_in,Darius Chestnut Subs In,,11.0,10.0,"Brock Marino, Collin Madson, Isaac Verges, JR Lukenbill, Luke Bara",,,
St. Thomas (TX) Celts,2025-11-14,56,H1,13:34 (H1),UW-Whitewater,Joey Berezowitz,sub_in,Joey Berezowitz Subs In,,11.0,10.0,"Brock Marino, Collin Madson, Darius Chestnut, JR Lukenbill, Joey Berezowitz",,,
St. Thomas (TX) Celts,2025-11-14,57,H1,13:29 (H1),UW-Whitewater,JR Lukenbill,missed_shot,JR Lukenbill Misses 3PT Jump Shot,3,11.0,10.0,"Brock Marino, Collin Madson, Darius Chestnut, JR Lukenbill, Joey Berezowitz",22 Joey Berezowitz > P&R Ball Handler > Left P&R > Side > Dribble Off Pick > Defense Commits > Ball Delivered > 11 Jr Lukenbill > Spot-Up > No Dribble Jumper > Guarded > Long/3pt > Miss 3 Pts,,
St. Thomas (TX) Celts,2025-11-14,58,H1,13:27 (H1),St. Thomas (TX) Celts,St. Thomas (TX),team_deadball_rebound_defensive,St. Thomas (TX) Defensive Deadball Rebound,,11.0,10.0,"Brock Marino, Collin Madson, Darius Chestnut, JR Lukenbill, Joey Berezowitz",,,
St. Thomas (TX) Celts,2025-11-14,59,H1,13:20 (H1),St. Thomas (TX) Celts,Nathan Kongolo,made_shot,Nathan Kongolo Makes 3PT Jump Shot,3,11.0,13.0,"Brock Marino, Collin Madson, Darius Chestnut, JR Lukenbill, Joey Berezowitz",0 Nathan Kongolo > Spot-Up > No Dribble Jumper > Guarded > Long/3pt > Make 3 Pts,,
St. Thomas (TX) Celts,2025-11-14,60,H1,13:20 (H1),St. Thomas (TX) Celts,Angel Johnson,assist,Angel Johnson Assists,,11.0,13.0,"Brock Marino, Collin Madson, Darius Chestnut, JR Lukenbill, Joey Berezowitz",,,
St. Thomas (TX) Celts,2025-11-14,61,H1,12:48 (H1),UW-Whitewater,Darius Chestnut,missed_shot,Darius Chestnut Misses 3PT Jump Shot,3,11.0,13.0,"Brock Marino, Collin Madson, Darius Chestnut, JR Lukenbill, Joey Berezowitz",15 Collin Madson > P&R Ball Handler > High P&R > Dribble Off Pick > Defense Commits > Ball Delivered > 10 Darius Chestnut > Spot-Up > No Dribble Jumper > Guarded > Long/3pt > Miss 3 Pts,,
St. Thomas (TX) Celts,2025-11-14,62,H1,12:44 (H1),UW-Whitewater,Wis.-Whitewater,team_deadball_rebound_offensive,Wis.-Whitewater Offensive Deadball Rebound,,11.0,13.0,"Brock Marino, Collin Madson, Darius Chestnut, JR Lukenbill, Joey Berezowitz",,,
St. Thomas (TX) Celts,2025-11-14,63,H1,12:44 (H1),St. Thomas (TX) Celts,Charles Gitonga,sub_out,Charles Gitonga Subs Out,,11.0,13.0,"Brock Marino, Collin Madson, Darius Chestnut, JR Lukenbill, Joey Berezowitz",,,
St. Thomas (TX) Celts,2025-11-14,64,H1,12:44 (H1),St. Thomas (TX) Celts,Garrett Rodgers,sub_in,Garrett Rodgers Subs In,,11.0,13.0,"Brock Marino, Collin Madson, Darius Chestnut, JR Lukenbill, Joey Berezowitz",,,
St. Thomas (TX) Celts,2025-11-14,65,H1,12:44 (H1),UW-Whitewater,JR Lukenbill,sub_out,JR Lukenbill Subs Out,,11.0,13.0,"Brock Marino, Collin Madson, Darius Chestnut, JR Lukenbill, Joey Berezowitz",,,
St. Thomas (TX) Celts,2025-11-14,66,H1,12:44 (H1),UW-Whitewater,Brock Marino,sub_out,Brock Marino Subs Out,,11.0,13.0,"Brock Marino, Collin Madson, Darius Chestnut, JR Lukenbill, Joey Berezowitz",,,
St. Thomas (TX) Celts,2025-11-14,67,H1,12:44 (H1),UW-Whitewater,Jake Quast,sub_in,Jake Quast Subs In,,11.0,13.0,"Brock Marino, Collin Madson, Darius Chestnut, JR Lukenbill, Joey Berezowitz",,,
St. Thomas (TX) Celts,2025-11-14,68,H1,12:44 (H1),UW-Whitewater,Richie Warren,sub_in,Richie Warren Subs In,,11.0,13.0,"Collin Madson, Darius Chestnut, Jake Quast, Joey Berezowitz, Richie Warren",,,
St. Thomas (TX) Celts,2025-11-14,69,H1,12:39 (H1),UW-Whitewater,Collin Madson,made_shot,Collin Madson Makes 3PT Jump Shot,3,14.0,13.0,"Collin Madson, Darius Chestnut, Jake Quast, Joey Berezowitz, Richie Warren",15 Collin Madson > Off Screen > To Shooter's Left > Straight > No Dribble Jumper > Guarded > Long/3pt > Make 3 Pts,,
St. Thomas (TX) Celts,2025-11-14,70,H1,12:39 (H1),UW-Whitewater,Richie Warren,assist,Richie Warren Assists,,14.0,13.0,"Collin Madson, Darius Chestnut, Jake Quast, Joey Berezowitz, Richie Warren",,,
St. Thomas (TX) Celts,2025-11-14,71,H1,12:19 (H1),St. Thomas (TX) Celts,Reyce Allen,turnover,Reyce Allen Turnover (Lost Ball),,14.0,13.0,"Collin Madson, Darius Chestnut, Jake Quast, Joey Berezowitz, Richie Warren",5 Reyce Allen > No Play Type > Turnover,,
St. Thomas (TX) Celts,2025-11-14,72,H1,12:19 (H1),UW-Whitewater,Jake Quast,steal,Jake Quast Steals,,14.0,13.0,"Collin Madson, Darius Chestnut, Jake Quast, Joey Berezowitz, Richie Warren",,,
St. Thomas (TX) Celts,2025-11-14,73,H1,12:15 (H1),UW-Whitewater,Jake Quast,made_shot,Jake Quast Makes 2PT Layup,2,16.0,13.0,"Collin Madson, Darius Chestnut, Jake Quast, Joey Berezowitz, Richie Warren",12 Jake Quast > Transition > Ballhandler > To Basket > Make 2 Pts,,
St. Thomas (TX) Celts,2025-11-14,74,H1,11:57 (H1),St. Thomas (TX) Celts,Garrett Rodgers,made_shot,Garrett Rodgers Makes 2PT Layup,2,16.0,15.0,"Collin Madson, Darius Chestnut, Jake Quast, Joey Berezowitz, Richie Warren",,,
St. Thomas (TX) Celts,2025-11-14,75,H1,11:41 (H1),UW-Whitewater,Richie Warren,made_shot,Richie Warren Makes 2PT Jump Shot,2,18.0,15.0,"Collin Madson, Darius Chestnut, Jake Quast, Joey Berezowitz, Richie Warren",24 Richie Warren > Cut > Flash > Make 2 Pts Foul > 0 Pts,,
St. Thomas (TX) Celts,2025-11-14,76,H1,11:41 (H1),St. Thomas (TX) Celts,Jaden Ross,foul,Jaden Ross Commits Personal Foul,,18.0,15.0,"Collin Madson, Darius Chestnut, Jake Quast, Joey Berezowitz, Richie Warren",,,
St. Thomas (TX) Celts,2025-11-14,77,H1,11:41 (H1),St. Thomas (TX) Celts,,timeout,Official TV Timeout,,18.0,15.0,"Collin Madson, Darius Chestnut, Jake Quast, Joey Berezowitz, Richie Warren",,,
St. Thomas (TX) Celts,2025-11-14,78,H1,11:41 (H1),UW-Whitewater,,timeout,Official TV Timeout,,18.0,15.0,"Collin Madson, Darius Chestnut, Jake Quast, Joey Berezowitz, Richie Warren",,,
St. Thomas (TX) Celts,2025-11-14,79,H1,11:41 (H1),UW-Whitewater,Richie Warren,free_throw_missed,Richie Warren Misses Free Throw (1 of 1),,18.0,15.0,"Collin Madson, Darius Chestnut, Jake Quast, Joey Berezowitz, Richie Warren",24 Richie Warren > Non Possession > Free Throw,,
St. Thomas (TX) Celts,2025-11-14,80,H1,11:41 (H1),St. Thomas (TX) Celts,Nathan Kongolo,sub_out,Nathan Kongolo Subs Out,,18.0,15.0,"Collin Madson, Darius Chestnut, Jake Quast, Joey Berezowitz, Richie Warren",,,
St. Thomas (TX) Celts,2025-11-14,81,H1,11:41 (H1),St. Thomas (TX) Celts,Angel Johnson,sub_out,Angel Johnson Subs Out,,18.0,15.0,"Collin Madson, Darius Chestnut, Jake Quast, Joey Berezowitz, Richie Warren",,,
St. Thomas (TX) Celts,2025-11-14,82,H1,11:41 (H1),St. Thomas (TX) Celts,Omar Gayle,sub_in,Omar Gayle Subs In,,18.0,15.0,"Collin Madson, Darius Chestnut, Jake Quast, Joey Berezowitz, Richie Warren",,,
St. Thomas (TX) Celts,2025-11-14,83,H1,11:41 (H1),St. Thomas (TX) Celts,Tamarcus Butler,sub_in,Tamarcus Butler Subs In,,18.0,15.0,"Collin Madson, Darius Chestnut, Jake Quast, Joey Berezowitz, Richie Warren",,,
St. Thomas (TX) Celts,2025-11-14,84,H1,11:39 (H1),UW-Whitewater,Jake Quast,rebound_offensive,Jake Quast Offensive Rebound,,18.0,15.0,"Collin Madson, Darius Chestnut, Jake Quast, Joey Berezowitz, Richie Warren",,,
St. Thomas (TX) Celts,2025-11-14,85,H1,11:25 (H1),UW-Whitewater,Darius Chestnut,turnover,Darius Chestnut Turnover (Travel),,18.0,15.0,"Collin Madson, Darius Chestnut, Jake Quast, Joey Berezowitz, Richie Warren",10 Darius Chestnut > P&R Ball Handler > Left P&R > Baseline > Dribble Off Pick > Defense Commits > Turnover,,
St. Thomas (TX) Celts,2025-11-14,86,H1,11:25 (H1),UW-Whitewater,Darius Chestnut,sub_out,Darius Chestnut Subs Out,,18.0,15.0,"Collin Madson, Darius Chestnut, Jake Quast, Joey Berezowitz, Richie Warren",,,
St. Thomas (TX) Celts,2025-11-14,87,H1,11:25 (H1),UW-Whitewater,Kelton McEwen,sub_in,Kelton McEwen Subs In,,18.0,15.0,"Collin Madson, Jake Quast, Joey Berezowitz, Kelton McEwen, Richie Warren",,,
St. Thomas (TX) Celts,2025-11-14,88,H1,11:12 (H1),St. Thomas (TX) Celts,Reyce Allen,turnover,Reyce Allen Turnover,,18.0,15.0,"Collin Madson, Jake Quast, Joey Berezowitz, Kelton McEwen, Richie Warren",5 Reyce Allen > Post-Up > Left Block > Left Shoulder > Dribble Move > To Basket > Turnover,,
St. Thomas (TX) Celts,2025-11-14,89,H1,11:00 (H1),UW-Whitewater,Richie Warren,turnover,Richie Warren Turnover (Travel),,18.0,15.0,"Collin Madson, Jake Quast, Joey Berezowitz, Kelton McEwen, Richie Warren",24 Richie Warren > ISO > Left > Drives Left > Turnover,,
St. Thomas (TX) Celts,2025-11-14,90,H1,10:40 (H1),St. Thomas (TX) Celts,Jaden Ross,missed_shot,Jaden Ross Misses 2PT Pull Up Jump Shot,2,18.0,15.0,"Collin Madson, Jake Quast, Joey Berezowitz, Kelton McEwen, Richie Warren",23 Jaden Ross > P&R Ball Handler > Left P&R > Baseline > Dribble Off Pick > Dribble Jumper > Short to < 17' > Miss 2 Pts,,
St. Thomas (TX) Celts,2025-11-14,91,H1,10:37 (H1),UW-Whitewater,Richie Warren,rebound_defensive,Richie Warren Defensive Rebound,,18.0,15.0,"Collin Madson, Jake Quast, Joey Berezowitz, Kelton McEwen, Richie Warren",,,
St. Thomas (TX) Celts,2025-11-14,92,H1,10:25 (H1),UW-Whitewater,Collin Madson,made_shot,Collin Madson Makes 3PT Jump Shot,3,21.0,15.0,"Collin Madson, Jake Quast, Joey Berezowitz, Kelton McEwen, Richie Warren",15 Collin Madson > Spot-Up > No Dribble Jumper > Open > Long/3pt > Make 3 Pts,,
St. Thomas (TX) Celts,2025-11-14,93,H1,10:25 (H1),UW-Whitewater,Joey Berezowitz,assist,Joey Berezowitz Assists,,21.0,15.0,"Collin Madson, Jake Quast, Joey Berezowitz, Kelton McEwen, Richie Warren",,,
St. Thomas (TX) Celts,2025-11-14,94,H1,09:51 (H1),St. Thomas (TX) Celts,Garrett Rodgers,missed_shot,Garrett Rodgers Misses 2PT Turnaround Jump Shot,2,21.0,15.0,"Collin Madson, Jake Quast, Joey Berezowitz, Kelton McEwen, Richie Warren",,,
St. Thomas (TX) Celts,2025-11-14,95,H1,09:48 (H1),UW-Whitewater,Collin Madson,rebound_defensive,Collin Madson Defensive Rebound,,21.0,15.0,"Collin Madson, Jake Quast, Joey Berezowitz, Kelton McEwen, Richie Warren",,,
St. Thomas (TX) Celts,2025-11-14,96,H1,09:45 (H1),UW-Whitewater,Richie Warren,turnover,Richie Warren Turnover (Bad Pass),,21.0,15.0,"Collin Madson, Jake Quast, Joey Berezowitz, Kelton McEwen, Richie Warren",,,
St. Thomas (TX) Celts,2025-11-14,97,H1,09:29 (H1),St. Thomas (TX) Celts,Jaden Ross,made_shot,Jaden Ross Makes 2PT Pull Up Jump Shot,2,21.0,17.0,"Collin Madson, Jake Quast, Joey Berezowitz, Kelton McEwen, Richie Warren",23 Jaden Ross > P&R Ball Handler > Right P&R > Baseline > Dribble Off Pick > Dribble Jumper > Short to < 17' > Make 2 Pts,,
St. Thomas (TX) Celts,2025-11-14,98,H1,09:06 (H1),St. Thomas (TX) Celts,Garrett Rodgers,foul,Garrett Rodgers Commits Personal Foul,,21.0,17.0,"Collin Madson, Jake Quast, Joey Berezowitz, Kelton McEwen, Richie Warren",24 Richie Warren > ISO > Top > Drives Left > Defense Commits > Ball Delivered > 15 Collin Madson > Cut > Basket > Foul,,
St. Thomas (TX) Celts,2025-11-14,99,H1,09:06 (H1),UW-Whitewater,Collin Madson,free_throw_made,Collin Madson Makes Free Throw (1 of 2),,22.0,17.0,"Collin Madson, Jake Quast, Joey Berezowitz, Kelton McEwen, Richie Warren",15 Collin Madson > Non Possession > Free Throw,,
St. Thomas (TX) Celts,2025-11-14,100,H1,09:06 (H1),UW-Whitewater,Collin Madson,free_throw_made,Collin Madson Makes Free Throw (2 of 2),,23.0,17.0,"Collin Madson, Jake Quast, Joey Berezowitz, Kelton McEwen, Richie Warren",15 Collin Madson > Non Possession > Free Throw,,
St. Thomas (TX) Celts,2025-11-14,101,H1,09:06 (H1),UW-Whitewater,Collin Madson,sub_out,Collin Madson Subs Out,,23.0,17.0,"Collin Madson, Jake Quast, Joey Berezowitz, Kelton McEwen, Richie Warren",,,
St. Thomas (TX) Celts,2025-11-14,102,H1,09:06 (H1),UW-Whitewater,JR Lukenbill,sub_in,JR Lukenbill Subs In,,23.0,17.0,"JR Lukenbill, Jake Quast, Joey Berezowitz, Kelton McEwen, Richie Warren",,,
St. Thomas (TX) Celts,2025-11-14,103,H1,08:42 (H1),St. Thomas (TX) Celts,Jaden Ross,turnover,Jaden Ross Turnover (Bad Pass),,23.0,17.0,"JR Lukenbill, Jake Quast, Joey Berezowitz, Kelton McEwen, Richie Warren",23 Jaden Ross > P&R Ball Handler > Right P&R > Baseline > Dribble Off Pick > Defense Commits > Turnover,,
St. Thomas (TX) Celts,2025-11-14,104,H1,08:32 (H1),UW-Whitewater,Joey Berezowitz,turnover,Joey Berezowitz Turnover (Bad Pass),,23.0,17.0,"JR Lukenbill, Jake Quast, Joey Berezowitz, Kelton McEwen, Richie Warren",22 Joey Berezowitz > No Play Type > Turnover,,
St. Thomas (TX) Celts,2025-11-14,105,H1,08:10 (H1),St. Thomas (TX) Celts,Jaden Ross,missed_shot,Jaden Ross Misses 2PT Pull Up Jump Shot,2,23.0,17.0,"JR Lukenbill, Jake Quast, Joey Berezowitz, Kelton McEwen, Richie Warren",23 Jaden Ross > ISO > Top > Drives Left > Dribble Jumper > Medium/17' to <3p > Miss 2 Pts,,
St. Thomas (TX) Celts,2025-11-14,106,H1,08:07 (H1),UW-Whitewater,Joey Berezowitz,rebound_defensive,Joey Berezowitz Defensive Rebound,,23.0,17.0,"JR Lukenbill, Jake Quast, Joey Berezowitz, Kelton McEwen, Richie Warren",,,
St. Thomas (TX) Celts,2025-11-14,107,H1,07:50 (H1),UW-Whitewater,Jake Quast,made_shot,Jake Quast Makes 2PT Layup,2,25.0,17.0,"JR Lukenbill, Jake Quast, Joey Berezowitz, Kelton McEwen, Richie Warren",12 Jake Quast > Cut > Basket > Make 2 Pts,,
St. Thomas (TX) Celts,2025-11-14,108,H1,07:50 (H1),UW-Whitewater,Richie Warren,assist,Richie Warren Assists,,25.0,17.0,"JR Lukenbill, Jake Quast, Joey Berezowitz, Kelton McEwen, Richie Warren",,,
St. Thomas (TX) Celts,2025-11-14,109,H1,07:41 (H1),St. Thomas (TX) Celts,Omar Gayle,turnover,Omar Gayle Turnover (Bad Pass),,25.0,17.0,"JR Lukenbill, Jake Quast, Joey Berezowitz, Kelton McEwen, Richie Warren",2 Omar Gayle > No Play Type > Turnover,,
St. Thomas (TX) Celts,2025-11-14,110,H1,07:41 (H1),UW-Whitewater,Richie Warren,steal,Richie Warren Steals,,25.0,17.0,"JR Lukenbill, Jake Quast, Joey Berezowitz, Kelton McEwen, Richie Warren",,,
St. Thomas (TX) Celts,2025-11-14,111,H1,07:35 (H1),UW-Whitewater,Richie Warren,made_shot,Richie Warren Makes 2PT Dunk,2,27.0,17.0,"JR Lukenbill, Jake Quast, Joey Berezowitz, Kelton McEwen, Richie Warren",24 Richie Warren > Transition > Ballhandler > To Basket > Make 2 Pts,,
St. Thomas (TX) Celts,2025-11-14,112,H1,07:35 (H1),St. Thomas (TX) Celts,,timeout,St. Thomas (TX) Timeout,,27.0,17.0,"JR Lukenbill, Jake Quast, Joey Berezowitz, Kelton McEwen, Richie Warren",,,
St. Thomas (TX) Celts,2025-11-14,113,H1,07:35 (H1),UW-Whitewater,Joey Berezowitz,sub_out,Joey Berezowitz Subs Out,,27.0,17.0,"JR Lukenbill, Jake Quast, Joey Berezowitz, Kelton McEwen, Richie Warren",,,
St. Thomas (TX) Celts,2025-11-14,114,H1,07:35 (H1),UW-Whitewater,Isaac Verges,sub_in,Isaac Verges Subs In,,27.0,17.0,"Isaac Verges, JR Lukenbill, Jake Quast, Kelton McEwen, Richie Warren",,,
St. Thomas (TX) Celts,2025-11-14,115,H1,07:34 (H1),St. Thomas (TX) Celts,Omar Gayle,sub_out,Omar Gayle Subs Out,,27.0,17.0,"Isaac Verges, JR Lukenbill, Jake Quast, Kelton McEwen, Richie Warren",,,
St. Thomas (TX) Celts,2025-11-14,116,H1,07:34 (H1),St. Thomas (TX) Celts,Angel Johnson,sub_in,Angel Johnson Subs In,,27.0,17.0,"Isaac Verges, JR Lukenbill, Jake Quast, Kelton McEwen, Richie Warren",,,
St. Thomas (TX) Celts,2025-11-14,117,H1,07:29 (H1),St. Thomas (TX) Celts,Angel Johnson,made_shot,Angel Johnson Makes 2PT Layup,2,27.0,19.0,"Isaac Verges, JR Lukenbill, Jake Quast, Kelton McEwen, Richie Warren",10 Angel Johnson > P&R Ball Handler > High P&R > Dribble Off Pick > To Basket > Make 2 Pts Foul > 0 Pts,,
St. Thomas (TX) Celts,2025-11-14,118,H1,07:29 (H1),UW-Whitewater,Isaac Verges,foul,Isaac Verges Commits Personal Foul,,27.0,19.0,"Isaac Verges, JR Lukenbill, Jake Quast, Kelton McEwen, Richie Warren",,,
St. Thomas (TX) Celts,2025-11-14,119,H1,07:29 (H1),St. Thomas (TX) Celts,Angel Johnson,free_throw_missed,Angel Johnson Misses Free Throw (1 of 1),,27.0,19.0,"Isaac Verges, JR Lukenbill, Jake Quast, Kelton McEwen, Richie Warren",10 Angel Johnson > Non Possession > Free Throw,,
St. Thomas (TX) Celts,2025-11-14,120,H1,07:29 (H1),St. Thomas (TX) Celts,Jaden Ross,sub_out,Jaden Ross Subs Out,,27.0,19.0,"Isaac Verges, JR Lukenbill, Jake Quast, Kelton McEwen, Richie Warren",,,
St. Thomas (TX) Celts,2025-11-14,121,H1,07:29 (H1),St. Thomas (TX) Celts,Corey Thompson,sub_in,Corey Thompson Subs In,,27.0,19.0,"Isaac Verges, JR Lukenbill, Jake Quast, Kelton McEwen, Richie Warren",,,
St. Thomas (TX) Celts,2025-11-14,122,H1,07:29 (H1),UW-Whitewater,Jake Quast,sub_out,Jake Quast Subs Out,,27.0,19.0,"Isaac Verges, JR Lukenbill, Jake Quast, Kelton McEwen, Richie Warren",,,
St. Thomas (TX) Celts,2025-11-14,123,H1,07:29 (H1),UW-Whitewater,Brock Marino,sub_in,Brock Marino Subs In,,27.0,19.0,"Brock Marino, Isaac Verges, JR Lukenbill, Kelton McEwen, Richie Warren",,,
St. Thomas (TX) Celts,2025-11-14,124,H1,07:28 (H1),UW-Whitewater,Brock Marino,rebound_defensive,Brock Marino Defensive Rebound,,27.0,19.0,"Brock Marino, Isaac Verges, JR Lukenbill, Kelton McEwen, Richie Warren",,,
St. Thomas (TX) Celts,2025-11-14,125,H1,07:02 (H1),UW-Whitewater,JR Lukenbill,missed_shot,JR Lukenbill Misses 2PT Pull Up Jump Shot,2,27.0,19.0,"Brock Marino, Isaac Verges, JR Lukenbill, Kelton McEwen, Richie Warren",11 Jr Lukenbill > Spot-Up > Drives Right > Dribble Jumper > Short to < 17' > Miss 2 Pts,,
St. Thomas (TX) Celts,2025-11-14,126,H1,06:59 (H1),St. Thomas (TX) Celts,Tamarcus Butler,rebound_defensive,Tamarcus Butler Defensive Rebound,,27.0,19.0,"Brock Marino, Isaac Verges, JR Lukenbill, Kelton McEwen, Richie Warren",,,
St. Thomas (TX) Celts,2025-11-14,127,H1,06:50 (H1),St. Thomas (TX) Celts,Tamarcus Butler,missed_shot,Tamarcus Butler Misses 3PT Jump Shot,3,27.0,19.0,"Brock Marino, Isaac Verges, JR Lukenbill, Kelton McEwen, Richie Warren",10 Angel Johnson > P&R Ball Handler > High P&R > Go Away from Pick > Defense Commits > Ball Delivered > 11 Tamarcus Butler > Spot-Up > No Dribble Jumper > Guarded > Long/3pt > Miss 3 Pts,,
St. Thomas (TX) Celts,2025-11-14,128,H1,06:47 (H1),UW-Whitewater,Wis.-Whitewater,team_deadball_rebound_defensive,Wis.-Whitewater Defensive Deadball Rebound,,27.0,19.0,"Brock Marino, Isaac Verges, JR Lukenbill, Kelton McEwen, Richie Warren",,,
St. Thomas (TX) Celts,2025-11-14,129,H1,06:47 (H1),St. Thomas (TX) Celts,Garrett Rodgers,foul,Garrett Rodgers Commits Personal Foul,,27.0,19.0,"Brock Marino, Isaac Verges, JR Lukenbill, Kelton McEwen, Richie Warren",21 Brock Marino > Transition > Right Wing > To Basket > Foul,,
St. Thomas (TX) Celts,2025-11-14,130,H1,06:38 (H1),St. Thomas (TX) Celts,Tamarcus Butler,foul,Tamarcus Butler Commits Personal Foul,,27.0,19.0,"Brock Marino, Isaac Verges, JR Lukenbill, Kelton McEwen, Richie Warren",,,
St. Thomas (TX) Celts,2025-11-14,131,H1,06:38 (H1),UW-Whitewater,Brock Marino,free_throw_missed,Brock Marino Misses Free Throw (1 of 2),,27.0,19.0,"Brock Marino, Isaac Verges, JR Lukenbill, Kelton McEwen, Richie Warren",21 Brock Marino > Non Possession > Free Throw,,
St. Thomas (TX) Celts,2025-11-14,132,H1,06:38 (H1),UW-Whitewater,Wis.-Whitewater,team_deadball_rebound_offensive,Wis.-Whitewater Offensive Deadball Rebound,,27.0,19.0,"Brock Marino, Isaac Verges, JR Lukenbill, Kelton McEwen, Richie Warren",,,
St. Thomas (TX) Celts,2025-11-14,133,H1,06:38 (H1),UW-Whitewater,Brock Marino,free_throw_missed,Brock Marino Misses Free Throw (2 of 2),,27.0,19.0,"Brock Marino, Isaac Verges, JR Lukenbill, Kelton McEwen, Richie Warren",21 Brock Marino > Non Possession > Free Throw,,
St. Thomas (TX) Celts,2025-11-14,134,H1,06:38 (H1),St. Thomas (TX) Celts,Garrett Rodgers,sub_out,Garrett Rodgers Subs Out,,27.0,19.0,"Brock Marino, Isaac Verges, JR Lukenbill, Kelton McEwen, Richie Warren",,,
St. Thomas (TX) Celts,2025-11-14,135,H1,06:38 (H1),St. Thomas (TX) Celts,Charles Gitonga,sub_in,Charles Gitonga Subs In,,27.0,19.0,"Brock Marino, Isaac Verges, JR Lukenbill, Kelton McEwen, Richie Warren",,,
St. Thomas (TX) Celts,2025-11-14,136,H1,06:36 (H1),UW-Whitewater,Richie Warren,rebound_offensive,Richie Warren Offensive Rebound,,27.0,19.0,"Brock Marino, Isaac Verges, JR Lukenbill, Kelton McEwen, Richie Warren",,,
St. Thomas (TX) Celts,2025-11-14,137,H1,06:33 (H1),UW-Whitewater,Richie Warren,missed_shot,Richie Warren Misses 2PT Turnaround Jump Shot,2,27.0,19.0,"Brock Marino, Isaac Verges, JR Lukenbill, Kelton McEwen, Richie Warren",,,
St. Thomas (TX) Celts,2025-11-14,138,H1,06:30 (H1),UW-Whitewater,Isaac Verges,rebound_offensive,Isaac Verges Offensive Rebound,,27.0,19.0,"Brock Marino, Isaac Verges, JR Lukenbill, Kelton McEwen, Richie Warren",,,
St. Thomas (TX) Celts,2025-11-14,139,H1,06:28 (H1),UW-Whitewater,Kelton McEwen,made_shot,Kelton McEwen Makes 3PT Jump Shot,3,30.0,19.0,"Brock Marino, Isaac Verges, JR Lukenbill, Kelton McEwen, Richie Warren",2 Kelton Mcewen > Spot-Up > No Dribble Jumper > Guarded > Long/3pt > Make 3 Pts,,
St. Thomas (TX) Celts,2025-11-14,140,H1,06:28 (H1),UW-Whitewater,Isaac Verges,assist,Isaac Verges Assists,,30.0,19.0,"Brock Marino, Isaac Verges, JR Lukenbill, Kelton McEwen, Richie Warren",,,
St. Thomas (TX) Celts,2025-11-14,141,H1,06:10 (H1),St. Thomas (TX) Celts,Corey Thompson,missed_shot,Corey Thompson Misses 3PT Jump Shot,3,30.0,19.0,"Brock Marino, Isaac Verges, JR Lukenbill, Kelton McEwen, Richie Warren",10 Angel Johnson > P&R Ball Handler > High P&R > Dribble Off Pick > Defense Commits > Ball Delivered > 1 Corey Thompson > Spot-Up > No Dribble Jumper > Guarded > Long/3pt > Miss 3 Pts,,
St. Thomas (TX) Celts,2025-11-14,142,H1,06:06 (H1),St. Thomas (TX) Celts,St. Thomas (TX),team_deadball_rebound_offensive,St. Thomas (TX) Offensive Deadball Rebound,,30.0,19.0,"Brock Marino, Isaac Verges, JR Lukenbill, Kelton McEwen, Richie Warren",,,
St. Thomas (TX) Celts,2025-11-14,143,H1,05:54 (H1),St. Thomas (TX) Celts,Charles Gitonga,missed_shot,Charles Gitonga Misses 2PT Layup,2,30.0,19.0,"Brock Marino, Isaac Verges, JR Lukenbill, Kelton McEwen, Richie Warren",10 Angel Johnson > P&R Ball Handler > High P&R > Dribble Off Pick > Defense Commits > Ball Delivered > 25 Charles Gitonga > Cut > Basket > Miss 2 Pts,,
St. Thomas (TX) Celts,2025-11-14,144,H1,05:53 (H1),St. Thomas (TX) Celts,Reyce Allen,rebound_offensive,Reyce Allen Offensive Rebound,,30.0,19.0,"Brock Marino, Isaac Verges, JR Lukenbill, Kelton McEwen, Richie Warren",,,
St. Thomas (TX) Celts,2025-11-14,145,H1,05:53 (H1),UW-Whitewater,Brock Marino,foul,Brock Marino Commits Personal Foul,,30.0,19.0,"Brock Marino, Isaac Verges, JR Lukenbill, Kelton McEwen, Richie Warren",5 Reyce Allen > Offensive Rebound > Short > Scoring Attempt > At Basket > Foul,,
St. Thomas (TX) Celts,2025-11-14,146,H1,05:53 (H1),St. Thomas (TX) Celts,Reyce Allen,free_throw_made,Reyce Allen Makes Free Throw (1 of 2),,30.0,20.0,"Brock Marino, Isaac Verges, JR Lukenbill, Kelton McEwen, Richie Warren",5 Reyce Allen > Non Possession > Free Throw,,
St. Thomas (TX) Celts,2025-11-14,147,H1,05:53 (H1),St. Thomas (TX) Celts,Reyce Allen,free_throw_made,Reyce Allen Makes Free Throw (2 of 2),,30.0,21.0,"Brock Marino, Isaac Verges, JR Lukenbill, Kelton McEwen, Richie Warren",5 Reyce Allen > Non Possession > Free Throw,,
St. Thomas (TX) Celts,2025-11-14,148,H1,05:53 (H1),St. Thomas (TX) Celts,Reyce Allen,sub_out,Reyce Allen Subs Out,,30.0,21.0,"Brock Marino, Isaac Verges, JR Lukenbill, Kelton McEwen, Richie Warren",,,
St. Thomas (TX) Celts,2025-11-14,149,H1,05:53 (H1),St. Thomas (TX) Celts,Nicholas Buffalo,sub_in,Nicholas Buffalo Subs In,,30.0,21.0,"Brock Marino, Isaac Verges, JR Lukenbill, Kelton McEwen, Richie Warren",,,
St. Thomas (TX) Celts,2025-11-14,150,H1,05:36 (H1),UW-Whitewater,Brock Marino,made_shot,Brock Marino Makes 3PT Jump Shot,3,33.0,21.0,"Brock Marino, Isaac Verges, JR Lukenbill, Kelton McEwen, Richie Warren",0 Isaac Verges > ISO > Right > Drives Right > Defense Commits > Ball Delivered > 21 Brock Marino > Spot-Up > No Dribble Jumper > Guarded > Long/3pt > Make 3 Pts,,
St. Thomas (TX) Celts,2025-11-14,151,H1,05:36 (H1),UW-Whitewater,Isaac Verges,assist,Isaac Verges Assists,,33.0,21.0,"Brock Marino, Isaac Verges, JR Lukenbill, Kelton McEwen, Richie Warren",,,
St. Thomas (TX) Celts,2025-11-14,152,H1,05:20 (H1),St. Thomas (TX) Celts,Angel Johnson,made_shot,Angel Johnson Makes 2PT Pull Up Jump Shot,2,33.0,23.0,"Brock Marino, Isaac Verges, JR Lukenbill, Kelton McEwen, Richie Warren",10 Angel Johnson > ISO > Top > Drives Left > To Basket > Make 2 Pts,,
St. Thomas (TX) Celts,2025-11-14,153,H1,05:07 (H1),UW-Whitewater,Brock Marino,made_shot,Brock Marino Makes 3PT Jump Shot,3,36.0,23.0,"Brock Marino, Isaac Verges, JR Lukenbill, Kelton McEwen, Richie Warren",2 Kelton Mcewen > P&R Ball Handler > High P&R > Dribble Off Pick > Defense Commits > Ball Delivered > 21 Brock Marino > P&R Roll Man > Pick and Pops > No Dribble Jumper > Guarded > Long/3pt > Make 3 Pts,,
St. Thomas (TX) Celts,2025-11-14,154,H1,05:07 (H1),UW-Whitewater,Kelton McEwen,assist,Kelton McEwen Assists,,36.0,23.0,"Brock Marino, Isaac Verges, JR Lukenbill, Kelton McEwen, Richie Warren",,,
St. Thomas (TX) Celts,2025-11-14,155,H1,04:45 (H1),St. Thomas (TX) Celts,Nicholas Buffalo,made_shot,Nicholas Buffalo Makes 2PT Layup,2,36.0,25.0,"Brock Marino, Isaac Verges, JR Lukenbill, Kelton McEwen, Richie Warren",1 Corey Thompson > ISO > Left > Drives Right > Defense Commits > Ball Delivered > 12 Nicholas Buffalo > Cut > Basket > Make 2 Pts,,
St. Thomas (TX) Celts,2025-11-14,156,H1,04:45 (H1),St. Thomas (TX) Celts,Corey Thompson,assist,Corey Thompson Assists,,36.0,25.0,"Brock Marino, Isaac Verges, JR Lukenbill, Kelton McEwen, Richie Warren",,,
St. Thomas (TX) Celts,2025-11-14,157,H1,04:28 (H1),St. Thomas (TX) Celts,Angel Johnson,foul,Angel Johnson Commits Personal Foul,,36.0,25.0,"Brock Marino, Isaac Verges, JR Lukenbill, Kelton McEwen, Richie Warren",0 Isaac Verges > Cut > Basket > Foul,,
St. Thomas (TX) Celts,2025-11-14,158,H1,04:28 (H1),UW-Whitewater,Isaac Verges,free_throw_missed,Isaac Verges Misses Free Throw (1 of 2),,36.0,25.0,"Brock Marino, Isaac Verges, JR Lukenbill, Kelton McEwen, Richie Warren",0 Isaac Verges > Non Possession > Free Throw,,
St. Thomas (TX) Celts,2025-11-14,159,H1,04:28 (H1),UW-Whitewater,Wis.-Whitewater,team_deadball_rebound_offensive,Wis.-Whitewater Offensive Deadball Rebound,,36.0,25.0,"Brock Marino, Isaac Verges, JR Lukenbill, Kelton McEwen, Richie Warren",,,
St. Thomas (TX) Celts,2025-11-14,160,H1,04:28 (H1),UW-Whitewater,Isaac Verges,free_throw_made,Isaac Verges Makes Free Throw (2 of 2),,37.0,25.0,"Brock Marino, Isaac Verges, JR Lukenbill, Kelton McEwen, Richie Warren",0 Isaac Verges > Non Possession > Free Throw,,
St. Thomas (TX) Celts,2025-11-14,161,H1,04:28 (H1),St. Thomas (TX) Celts,Tamarcus Butler,sub_out,Tamarcus Butler Subs Out,,37.0,25.0,"Brock Marino, Isaac Verges, JR Lukenbill, Kelton McEwen, Richie Warren",,,
St. Thomas (TX) Celts,2025-11-14,162,H1,04:28 (H1),St. Thomas (TX) Celts,Nathan Kongolo,sub_in,Nathan Kongolo Subs In,,37.0,25.0,"Brock Marino, Isaac Verges, JR Lukenbill, Kelton McEwen, Richie Warren",,,
St. Thomas (TX) Celts,2025-11-14,163,H1,04:28 (H1),UW-Whitewater,Kelton McEwen,sub_out,Kelton McEwen Subs Out,,37.0,25.0,"Brock Marino, Isaac Verges, JR Lukenbill, Kelton McEwen, Richie Warren",,,
St. Thomas (TX) Celts,2025-11-14,164,H1,04:28 (H1),UW-Whitewater,JR Lukenbill,sub_out,JR Lukenbill Subs Out,,37.0,25.0,"Brock Marino, Isaac Verges, JR Lukenbill, Kelton McEwen, Richie Warren",,,
St. Thomas (TX) Celts,2025-11-14,165,H1,04:28 (H1),UW-Whitewater,Richie Warren,sub_out,Richie Warren Subs Out,,37.0,25.0,"Brock Marino, Isaac Verges, JR Lukenbill, Kelton McEwen, Richie Warren",,,
St. Thomas (TX) Celts,2025-11-14,166,H1,04:28 (H1),UW-Whitewater,Jake Quast,sub_in,Jake Quast Subs In,,37.0,25.0,"Brock Marino, Isaac Verges, JR Lukenbill, Kelton McEwen, Richie Warren",,,
St. Thomas (TX) Celts,2025-11-14,167,H1,04:28 (H1),UW-Whitewater,Collin Madson,sub_in,Collin Madson Subs In,,37.0,25.0,"Brock Marino, Isaac Verges, JR Lukenbill, Kelton McEwen, Richie Warren",,,
St. Thomas (TX) Celts,2025-11-14,168,H1,04:28 (H1),UW-Whitewater,Luke Bara,sub_in,Luke Bara Subs In,,37.0,25.0,"Brock Marino, Collin Madson, Isaac Verges, Jake Quast, Luke Bara",,,
St. Thomas (TX) Celts,2025-11-14,169,H1,04:08 (H1),UW-Whitewater,Collin Madson,foul,Collin Madson Commits Personal Foul,,37.0,25.0,"Brock Marino, Collin Madson, Isaac Verges, Jake Quast, Luke Bara",10 Angel Johnson > Non Possession > Non Shooting Foul,,
St. Thomas (TX) Celts,2025-11-14,170,H1,03:58 (H1),St. Thomas (TX) Celts,Angel Johnson,turnover,Angel Johnson Turnover (Bad Pass),,37.0,25.0,"Brock Marino, Collin Madson, Isaac Verges, Jake Quast, Luke Bara",10 Angel Johnson > ISO > Left > Drives Right > Defense Commits > Turnover,,
St. Thomas (TX) Celts,2025-11-14,171,H1,03:58 (H1),UW-Whitewater,Isaac Verges,steal,Isaac Verges Steals,,37.0,25.0,"Brock Marino, Collin Madson, Isaac Verges, Jake Quast, Luke Bara",,,
St. Thomas (TX) Celts,2025-11-14,172,H1,03:54 (H1),UW-Whitewater,Isaac Verges,missed_shot,Isaac Verges Misses 2PT Layup,2,37.0,25.0,"Brock Marino, Collin Madson, Isaac Verges, Jake Quast, Luke Bara",0 Isaac Verges > Transition > Ballhandler > To Basket > Miss 2 Pts,,
St. Thomas (TX) Celts,2025-11-14,173,H1,03:52 (H1),St. Thomas (TX) Celts,Angel Johnson,rebound_defensive,Angel Johnson Defensive Rebound,,37.0,25.0,"Brock Marino, Collin Madson, Isaac Verges, Jake Quast, Luke Bara",,,
St. Thomas (TX) Celts,2025-11-14,174,H1,03:43 (H1),St. Thomas (TX) Celts,Angel Johnson,made_shot,Angel Johnson Makes 3PT Jump Shot,3,37.0,28.0,"Brock Marino, Collin Madson, Isaac Verges, Jake Quast, Luke Bara",10 Angel Johnson > Spot-Up > No Dribble Jumper > Guarded > Long/3pt > Make 3 Pts,,
St. Thomas (TX) Celts,2025-11-14,175,H1,03:43 (H1),St. Thomas (TX) Celts,Nathan Kongolo,assist,Nathan Kongolo Assists,,37.0,28.0,"Brock Marino, Collin Madson, Isaac Verges, Jake Quast, Luke Bara",,,
St. Thomas (TX) Celts,2025-11-14,176,H1,03:23 (H1),UW-Whitewater,Luke Bara,missed_shot,Luke Bara Misses 3PT Jump Shot,3,37.0,28.0,"Brock Marino, Collin Madson, Isaac Verges, Jake Quast, Luke Bara",32 Luke Bara > Off Screen > To Shooter's Right > Straight > Dribble Jumper > Long/3pt > Miss 3 Pts,,
St. Thomas (TX) Celts,2025-11-14,177,H1,03:20 (H1),St. Thomas (TX) Celts,Nathan Kongolo,rebound_defensive,Nathan Kongolo Defensive Rebound,,37.0,28.0,"Brock Marino, Collin Madson, Isaac Verges, Jake Quast, Luke Bara",,,
St. Thomas (TX) Celts,2025-11-14,178,H1,02:58 (H1),St. Thomas (TX) Celts,Corey Thompson,made_shot,Corey Thompson Makes 2PT Pull Up Jump Shot,2,37.0,30.0,"Brock Marino, Collin Madson, Isaac Verges, Jake Quast, Luke Bara",1 Corey Thompson > ISO > Left > Drives Left > Dribble Jumper > Short to < 17' > Make 2 Pts,,
St. Thomas (TX) Celts,2025-11-14,179,H1,02:36 (H1),UW-Whitewater,Jake Quast,missed_shot,Jake Quast Misses 2PT Layup,2,37.0,30.0,"Brock Marino, Collin Madson, Isaac Verges, Jake Quast, Luke Bara",15 Collin Madson > P&R Ball Handler > High P&R > Go Away from Pick > Defense Commits > Ball Delivered > 12 Jake Quast > Cut > Basket > Miss 2 Pts,,
St. Thomas (TX) Celts,2025-11-14,180,H1,02:32 (H1),UW-Whitewater,Collin Madson,rebound_offensive,Collin Madson Offensive Rebound,,37.0,30.0,"Brock Marino, Collin Madson, Isaac Verges, Jake Quast, Luke Bara",,,
St. Thomas (TX) Celts,2025-11-14,181,H1,02:32 (H1),UW-Whitewater,Collin Madson,made_shot,Collin Madson Makes 2PT,2,39.0,30.0,"Brock Marino, Collin Madson, Isaac Verges, Jake Quast, Luke Bara",15 Collin Madson > Offensive Rebound > Short > Scoring Attempt > At Basket > Make 2 Pts,,
St. Thomas (TX) Celts,2025-11-14,182,H1,02:12 (H1),St. Thomas (TX) Celts,Angel Johnson,missed_shot,Angel Johnson Misses 2PT Pull Up Jump Shot,2,39.0,30.0,"Brock Marino, Collin Madson, Isaac Verges, Jake Quast, Luke Bara",10 Angel Johnson > Spot-Up > Drives Right > Dribble Jumper > Medium/17' to <3p > Miss 2 Pts,,
St. Thomas (TX) Celts,2025-11-14,183,H1,02:07 (H1),UW-Whitewater,Luke Bara,rebound_defensive,Luke Bara Defensive Rebound,,39.0,30.0,"Brock Marino, Collin Madson, Isaac Verges, Jake Quast, Luke Bara",,,
St. Thomas (TX) Celts,2025-11-14,184,H1,01:45 (H1),UW-Whitewater,Collin Madson,missed_shot,Collin Madson Misses 3PT Jump Shot,3,39.0,30.0,"Brock Marino, Collin Madson, Isaac Verges, Jake Quast, Luke Bara",15 Collin Madson > Spot-Up > Drives Left > Dribble Jumper > Long/3pt > Miss 3 Pts,,
St. Thomas (TX) Celts,2025-11-14,185,H1,01:43 (H1),UW-Whitewater,Wis.-Whitewater,team_deadball_rebound_offensive,Wis.-Whitewater Offensive Deadball Rebound,,39.0,30.0,"Brock Marino, Collin Madson, Isaac Verges, Jake Quast, Luke Bara",,,
St. Thomas (TX) Celts,2025-11-14,186,H1,01:43 (H1),St. Thomas (TX) Celts,,timeout,Official TV Timeout,,39.0,30.0,"Brock Marino, Collin Madson, Isaac Verges, Jake Quast, Luke Bara",,,
St. Thomas (TX) Celts,2025-11-14,187,H1,01:43 (H1),UW-Whitewater,,timeout,Official TV Timeout,,39.0,30.0,"Brock Marino, Collin Madson, Isaac Verges, Jake Quast, Luke Bara",,,
St. Thomas (TX) Celts,2025-11-14,188,H1,01:30 (H1),UW-Whitewater,Brock Marino,foul,Brock Marino Commits Offensive Foul,,39.0,30.0,"Brock Marino, Collin Madson, Isaac Verges, Jake Quast, Luke Bara",1 Corey Thompson > ISO > Left > Drives Right > Foul,,
St. Thomas (TX) Celts,2025-11-14,189,H1,01:30 (H1),UW-Whitewater,Brock Marino,turnover,Brock Marino Turnover (Offensive Foul),,39.0,30.0,"Brock Marino, Collin Madson, Isaac Verges, Jake Quast, Luke Bara",21 Brock Marino > Spot-Up > Drives Left > To Basket > Turnover,,
St. Thomas (TX) Celts,2025-11-14,190,H1,01:30 (H1),UW-Whitewater,Brock Marino,sub_out,Brock Marino Subs Out,,39.0,30.0,"Brock Marino, Collin Madson, Isaac Verges, Jake Quast, Luke Bara",,,
St. Thomas (TX) Celts,2025-11-14,191,H1,01:30 (H1),UW-Whitewater,Richie Warren,sub_in,Richie Warren Subs In,,39.0,30.0,"Collin Madson, Isaac Verges, Jake Quast, Luke Bara, Richie Warren",,,
St. Thomas (TX) Celts,2025-11-14,192,H1,01:06 (H1),St. Thomas (TX) Celts,Nathan Kongolo,made_shot,Nathan Kongolo Makes 2PT Pull Up Jump Shot,2,39.0,32.0,"Collin Madson, Isaac Verges, Jake Quast, Luke Bara, Richie Warren",0 Nathan Kongolo > Hand Off > From Dribble > Right > Dribble Jumper > Medium/17' to <3p > Make 2 Pts,,
St. Thomas (TX) Celts,2025-11-14,193,H1,01:06 (H1),St. Thomas (TX) Celts,Angel Johnson,assist,Angel Johnson Assists,,39.0,32.0,"Collin Madson, Isaac Verges, Jake Quast, Luke Bara, Richie Warren",,,
St. Thomas (TX) Celts,2025-11-14,194,H1,00:46 (H1),UW-Whitewater,Jake Quast,turnover,Jake Quast Turnover (Lost Ball),,39.0,32.0,"Collin Madson, Isaac Verges, Jake Quast, Luke Bara, Richie Warren",12 Jake Quast > Hand Off > From Dribble > Top > Turnover,,
St. Thomas (TX) Celts,2025-11-14,195,H1,00:46 (H1),St. Thomas (TX) Celts,Corey Thompson,steal,Corey Thompson Steals,,39.0,32.0,"Collin Madson, Isaac Verges, Jake Quast, Luke Bara, Richie Warren",,,
St. Thomas (TX) Celts,2025-11-14,196,H1,00:41 (H1),St. Thomas (TX) Celts,Corey Thompson,made_shot,Corey Thompson Makes 2PT Layup,2,39.0,34.0,"Collin Madson, Isaac Verges, Jake Quast, Luke Bara, Richie Warren",1 Corey Thompson > Transition > Ballhandler > To Basket > Make 2 Pts,,
St. Thomas (TX) Celts,2025-11-14,197,H1,00:25 (H1),St. Thomas (TX) Celts,Nicholas Buffalo,foul,Nicholas Buffalo Commits Personal Foul,,39.0,34.0,"Collin Madson, Isaac Verges, Jake Quast, Luke Bara, Richie Warren",0 Isaac Verges > Spot-Up > Drives Left > To Basket > Foul,,
St. Thomas (TX) Celts,2025-11-14,198,H1,00:25 (H1),UW-Whitewater,Isaac Verges,free_throw_made,Isaac Verges Makes Free Throw (1 of 2),,40.0,34.0,"Collin Madson, Isaac Verges, Jake Quast, Luke Bara, Richie Warren",0 Isaac Verges > Non Possession > Free Throw,,
St. Thomas (TX) Celts,2025-11-14,199,H1,00:25 (H1),UW-Whitewater,Isaac Verges,free_throw_made,Isaac Verges Makes Free Throw (2 of 2),,41.0,34.0,"Collin Madson, Isaac Verges, Jake Quast, Luke Bara, Richie Warren",0 Isaac Verges > Non Possession > Free Throw,,
St. Thomas (TX) Celts,2025-11-14,200,H1,00:25 (H1),UW-Whitewater,Luke Bara,sub_out,Luke Bara Subs Out,,41.0,34.0,"Collin Madson, Isaac Verges, Jake Quast, Luke Bara, Richie Warren",,,
St. Thomas (TX) Celts,2025-11-14,201,H1,00:25 (H1),UW-Whitewater,JR Lukenbill,sub_in,JR Lukenbill Subs In,,41.0,34.0,"Collin Madson, Isaac Verges, JR Lukenbill, Jake Quast, Richie Warren",,,
St. Thomas (TX) Celts,2025-11-14,202,H1,00:22 (H1),UW-Whitewater,Collin Madson,sub_out,Collin Madson Subs Out,,41.0,34.0,"Collin Madson, Isaac Verges, JR Lukenbill, Jake Quast, Richie Warren",,,
St. Thomas (TX) Celts,2025-11-14,203,H1,00:22 (H1),UW-Whitewater,Rashad Rogers,sub_in,Rashad Rogers Subs In,,41.0,34.0,"Isaac Verges, JR Lukenbill, Jake Quast, Rashad Rogers, Richie Warren",,,
St. Thomas (TX) Celts,2025-11-14,204,H1,00:05 (H1),St. Thomas (TX) Celts,Corey Thompson,missed_shot,Corey Thompson Misses 3PT Jump Shot,3,41.0,34.0,"Isaac Verges, JR Lukenbill, Jake Quast, Rashad Rogers, Richie Warren",10 Angel Johnson > ISO > Top > Drives Right > Defense Commits > Ball Delivered > 1 Corey Thompson > Spot-Up > No Dribble Jumper > Guarded > Long/3pt > Miss 3 Pts,,
St. Thomas (TX) Celts,2025-11-14,205,H1,00:02 (H1),St. Thomas (TX) Celts,Nicholas Buffalo,rebound_offensive,Nicholas Buffalo Offensive Rebound,,41.0,34.0,"Isaac Verges, JR Lukenbill, Jake Quast, Rashad Rogers, Richie Warren",,,
St. Thomas (TX) Celts,2025-11-14,206,H1,00:02 (H1),St. Thomas (TX) Celts,Nicholas Buffalo,made_shot,Nicholas Buffalo Makes 2PT Layup,2,41.0,36.0,"Isaac Verges, JR Lukenbill, Jake Quast, Rashad Rogers, Richie Warren",12 Nicholas Buffalo > Offensive Rebound > Short > Scoring Attempt > At Basket > Make 2 Pts Foul > 0 Pts,,
St. Thomas (TX) Celts,2025-11-14,207,H1,00:02 (H1),UW-Whitewater,JR Lukenbill,foul,JR Lukenbill Commits Personal Foul,,41.0,36.0,"Isaac Verges, JR Lukenbill, Jake Quast, Rashad Rogers, Richie Warren",12 Nicholas Buffalo > Transition > Left Wing > To Basket > Foul,,
St. Thomas (TX) Celts,2025-11-14,208,H1,00:02 (H1),St. Thomas (TX) Celts,Nicholas Buffalo,free_throw_missed,Nicholas Buffalo Misses Free Throw (1 of 1),,41.0,36.0,"Isaac Verges, JR Lukenbill, Jake Quast, Rashad Rogers, Richie Warren",12 Nicholas Buffalo > Non Possession > Free Throw,,
St. Thomas (TX) Celts,2025-11-14,209,H1,00:00 (H1),UW-Whitewater,Rashad Rogers,rebound_defensive,Rashad Rogers Defensive Rebound,,41.0,36.0,"Isaac Verges, JR Lukenbill, Jake Quast, Rashad Rogers, Richie Warren",,,
St. Thomas (TX) Celts,2025-11-14,210,H1,,,,period_marker,End 1st Half,,,,"Isaac Verges, JR Lukenbill, Jake Quast, Rashad Rogers, Richie Warren",,,
St. Thomas (TX) Celts,2025-11-14,211,H1,,,,period_marker,Start 2nd Half,,,,"Brock Marino, Collin Madson, Isaac Verges, JR Lukenbill, Luke Bara",,,
St. Thomas (TX) Celts,2025-11-14,212,H2,19:48 (H2),St. Thomas (TX) Celts,Nicholas Buffalo,foul,Nicholas Buffalo Commits Personal Foul,,41.0,36.0,"Brock Marino, Collin Madson, Isaac Verges, JR Lukenbill, Luke Bara",15 Collin Madson > P&R Ball Handler > High P&R > Dribble Off Pick > To Basket > Foul,,
St. Thomas (TX) Celts,2025-11-14,213,H2,19:48 (H2),UW-Whitewater,Collin Madson,free_throw_made,Collin Madson Makes Free Throw (1 of 2),,42.0,36.0,"Brock Marino, Collin Madson, Isaac Verges, JR Lukenbill, Luke Bara",15 Collin Madson > Non Possession > Free Throw,,
St. Thomas (TX) Celts,2025-11-14,214,H2,19:48 (H2),UW-Whitewater,Collin Madson,free_throw_made,Collin Madson Makes Free Throw (2 of 2),,43.0,36.0,"Brock Marino, Collin Madson, Isaac Verges, JR Lukenbill, Luke Bara",15 Collin Madson > Non Possession > Free Throw,,
St. Thomas (TX) Celts,2025-11-14,215,H2,19:28 (H2),St. Thomas (TX) Celts,Nathan Kongolo,missed_shot,Nathan Kongolo Misses 2PT Turnaround Jump Shot,2,43.0,36.0,"Brock Marino, Collin Madson, Isaac Verges, JR Lukenbill, Luke Bara",0 Nathan Kongolo > ISO > Right > Drives Left > Dribble Jumper > Short to < 17' > Miss 2 Pts,,
St. Thomas (TX) Celts,2025-11-14,216,H2,19:25 (H2),UW-Whitewater,JR Lukenbill,rebound_defensive,JR Lukenbill Defensive Rebound,,43.0,36.0,"Brock Marino, Collin Madson, Isaac Verges, JR Lukenbill, Luke Bara",,,
St. Thomas (TX) Celts,2025-11-14,217,H2,19:19 (H2),St. Thomas (TX) Celts,Corey Thompson,foul,Corey Thompson Commits Personal Foul,,43.0,36.0,"Brock Marino, Collin Madson, Isaac Verges, JR Lukenbill, Luke Bara",15 Collin Madson > Non Possession > Non Shooting Foul,,
St. Thomas (TX) Celts,2025-11-14,218,H2,19:08 (H2),UW-Whitewater,Luke Bara,missed_shot,Luke Bara Misses 3PT Jump Shot,3,43.0,36.0,"Brock Marino, Collin Madson, Isaac Verges, JR Lukenbill, Luke Bara",32 Luke Bara > P&R Ball Handler > Right P&R > Side > Dribble Off Pick > Dribble Jumper > Long/3pt > Miss 3 Pts,,
St. Thomas (TX) Celts,2025-11-14,219,H2,19:03 (H2),St. Thomas (TX) Celts,Corey Thompson,rebound_defensive,Corey Thompson Defensive Rebound,,43.0,36.0,"Brock Marino, Collin Madson, Isaac Verges, JR Lukenbill, Luke Bara",,,
St. Thomas (TX) Celts,2025-11-14,220,H2,18:53 (H2),St. Thomas (TX) Celts,Angel Johnson,missed_shot,Angel Johnson Misses 2PT Layup,2,43.0,36.0,"Brock Marino, Collin Madson, Isaac Verges, JR Lukenbill, Luke Bara",10 Angel Johnson > P&R Ball Handler > Left P&R > Side > Go Away from Pick > To Basket > Miss 2 Pts,,
St. Thomas (TX) Celts,2025-11-14,221,H2,18:50 (H2),St. Thomas (TX) Celts,Charles Gitonga,rebound_offensive,Charles Gitonga Offensive Rebound,,43.0,36.0,"Brock Marino, Collin Madson, Isaac Verges, JR Lukenbill, Luke Bara",,,
St. Thomas (TX) Celts,2025-11-14,222,H2,18:50 (H2),UW-Whitewater,Brock Marino,foul,Brock Marino Commits Personal Foul,,43.0,36.0,"Brock Marino, Collin Madson, Isaac Verges, JR Lukenbill, Luke Bara",25 Charles Gitonga > Offensive Rebound > Short > Scoring Attempt > At Basket > Foul,,
St. Thomas (TX) Celts,2025-11-14,223,H2,18:50 (H2),St. Thomas (TX) Celts,Charles Gitonga,free_throw_missed,Charles Gitonga Misses Free Throw (1 of 2),,43.0,36.0,"Brock Marino, Collin Madson, Isaac Verges, JR Lukenbill, Luke Bara",25 Charles Gitonga > Non Possession > Free Throw,,
St. Thomas (TX) Celts,2025-11-14,224,H2,18:50 (H2),St. Thomas (TX) Celts,St. Thomas (TX),team_deadball_rebound_offensive,St. Thomas (TX) Offensive Deadball Rebound,,43.0,36.0,"Brock Marino, Collin Madson, Isaac Verges, JR Lukenbill, Luke Bara",,,
St. Thomas (TX) Celts,2025-11-14,225,H2,18:50 (H2),St. Thomas (TX) Celts,Charles Gitonga,free_throw_made,Charles Gitonga Makes Free Throw (2 of 2),,43.0,37.0,"Brock Marino, Collin Madson, Isaac Verges, JR Lukenbill, Luke Bara",25 Charles Gitonga > Non Possession > Free Throw,,
St. Thomas (TX) Celts,2025-11-14,226,H2,18:29 (H2),UW-Whitewater,Isaac Verges,missed_shot,Isaac Verges Misses 2PT Pull Up Jump Shot,2,43.0,37.0,"Brock Marino, Collin Madson, Isaac Verges, JR Lukenbill, Luke Bara",0 Isaac Verges > Spot-Up > Drives Straight > To Basket > Miss 2 Pts,,
St. Thomas (TX) Celts,2025-11-14,227,H2,18:26 (H2),St. Thomas (TX) Celts,Nathan Kongolo,rebound_defensive,Nathan Kongolo Defensive Rebound,,43.0,37.0,"Brock Marino, Collin Madson, Isaac Verges, JR Lukenbill, Luke Bara",,,
St. Thomas (TX) Celts,2025-11-14,228,H2,18:21 (H2),St. Thomas (TX) Celts,Nicholas Buffalo,made_shot,Nicholas Buffalo Makes 2PT Layup,2,43.0,39.0,"Brock Marino, Collin Madson, Isaac Verges, JR Lukenbill, Luke Bara",12 Nicholas Buffalo > Transition > Trailer > To Basket > Make 2 Pts,,
St. Thomas (TX) Celts,2025-11-14,229,H2,18:08 (H2),UW-Whitewater,Luke Bara,foul,Luke Bara Commits Offensive Foul,,43.0,39.0,"Brock Marino, Collin Madson, Isaac Verges, JR Lukenbill, Luke Bara",0 Nathan Kongolo > Transition > Leak Outs > To Basket > Foul,,
St. Thomas (TX) Celts,2025-11-14,230,H2,18:08 (H2),UW-Whitewater,Luke Bara,turnover,Luke Bara Turnover (Offensive Foul),,43.0,39.0,"Brock Marino, Collin Madson, Isaac Verges, JR Lukenbill, Luke Bara",32 Luke Bara > No Play Type > Turnover,,
St. Thomas (TX) Celts,2025-11-14,231,H2,17:56 (H2),St. Thomas (TX) Celts,Charles Gitonga,made_shot,Charles Gitonga Makes 2PT Jump Shot,2,43.0,41.0,"Brock Marino, Collin Madson, Isaac Verges, JR Lukenbill, Luke Bara",25 Charles Gitonga > Spot-Up > Drives Right > Dribble Jumper > Short to < 17' > Make 2 Pts,,
St. Thomas (TX) Celts,2025-11-14,232,H2,17:35 (H2),St. Thomas (TX) Celts,Angel Johnson,foul,Angel Johnson Commits Personal Foul,,43.0,41.0,"Brock Marino, Collin Madson, Isaac Verges, JR Lukenbill, Luke Bara",15 Collin Madson > Non Possession > Non Shooting Foul,,
St. Thomas (TX) Celts,2025-11-14,233,H2,17:35 (H2),UW-Whitewater,Brock Marino,sub_out,Brock Marino Subs Out,,43.0,41.0,"Brock Marino, Collin Madson, Isaac Verges, JR Lukenbill, Luke Bara",,,
St. Thomas (TX) Celts,2025-11-14,234,H2,17:35 (H2),UW-Whitewater,Richie Warren,sub_in,Richie Warren Subs In,,43.0,41.0,"Collin Madson, Isaac Verges, JR Lukenbill, Luke Bara, Richie Warren",,,
St. Thomas (TX) Celts,2025-11-14,235,H2,17:22 (H2),UW-Whitewater,Luke Bara,made_shot,Luke Bara Makes 3PT Pull Up Jump Shot,3,46.0,41.0,"Collin Madson, Isaac Verges, JR Lukenbill, Luke Bara, Richie Warren",0 Isaac Verges > ISO > Right > Drives Right > Defense Commits > Ball Delivered > 32 Luke Bara > Spot-Up > Drives Right > Dribble Jumper > Long/3pt > Make 3 Pts,,
St. Thomas (TX) Celts,2025-11-14,236,H2,17:03 (H2),UW-Whitewater,Richie Warren,foul,Richie Warren Commits Personal Foul,,46.0,41.0,"Collin Madson, Isaac Verges, JR Lukenbill, Luke Bara, Richie Warren",10 Angel Johnson > Non Possession > Non Shooting Foul,,
St. Thomas (TX) Celts,2025-11-14,237,H2,16:52 (H2),St. Thomas (TX) Celts,Nathan Kongolo,missed_shot,Nathan Kongolo Misses 2PT Pull Up Jump Shot,2,46.0,41.0,"Collin Madson, Isaac Verges, JR Lukenbill, Luke Bara, Richie Warren",0 Nathan Kongolo > Post-Up > Left Block > Left Shoulder > Dribble Move > To Jumper > Miss 2 Pts,,
St. Thomas (TX) Celts,2025-11-14,238,H2,16:47 (H2),St. Thomas (TX) Celts,Corey Thompson,rebound_offensive,Corey Thompson Offensive Rebound,,46.0,41.0,"Collin Madson, Isaac Verges, JR Lukenbill, Luke Bara, Richie Warren",,,
St. Thomas (TX) Celts,2025-11-14,239,H2,16:46 (H2),St. Thomas (TX) Celts,Corey Thompson,missed_shot,Corey Thompson Misses 2PT Layup,2,46.0,41.0,"Collin Madson, Isaac Verges, JR Lukenbill, Luke Bara, Richie Warren",1 Corey Thompson > Transition > Right Wing > No Dribble Jumper > Guarded > Long/3pt > Miss 3 Pts,,
St. Thomas (TX) Celts,2025-11-14,240,H2,16:41 (H2),St. Thomas (TX) Celts,Nicholas Buffalo,rebound_offensive,Nicholas Buffalo Offensive Rebound,,46.0,41.0,"Collin Madson, Isaac Verges, JR Lukenbill, Luke Bara, Richie Warren",,,
St. Thomas (TX) Celts,2025-11-14,241,H2,16:41 (H2),St. Thomas (TX) Celts,Nicholas Buffalo,missed_shot,Nicholas Buffalo Misses 2PT,2,46.0,41.0,"Collin Madson, Isaac Verges, JR Lukenbill, Luke Bara, Richie Warren",12 Nicholas Buffalo > Offensive Rebound > Short > Scoring Attempt > At Basket > Miss 2 Pts,,
St. Thomas (TX) Celts,2025-11-14,242,H2,16:41 (H2),UW-Whitewater,Isaac Verges,rebound_defensive,Isaac Verges Defensive Rebound,,46.0,41.0,"Collin Madson, Isaac Verges, JR Lukenbill, Luke Bara, Richie Warren",,,
St. Thomas (TX) Celts,2025-11-14,243,H2,16:27 (H2),UW-Whitewater,Richie Warren,missed_shot,Richie Warren Misses 2PT Jump Shot,2,46.0,41.0,"Collin Madson, Isaac Verges, JR Lukenbill, Luke Bara, Richie Warren",24 Richie Warren > ISO > Top > Drives Right > To Basket > Miss 2 Pts,,
St. Thomas (TX) Celts,2025-11-14,244,H2,16:24 (H2),UW-Whitewater,Collin Madson,rebound_offensive,Collin Madson Offensive Rebound,,46.0,41.0,"Collin Madson, Isaac Verges, JR Lukenbill, Luke Bara, Richie Warren",,,
St. Thomas (TX) Celts,2025-11-14,245,H2,16:15 (H2),St. Thomas (TX) Celts,,jump_ball_held,Jump Ball (Held Ball),,46.0,41.0,"Collin Madson, Isaac Verges, JR Lukenbill, Luke Bara, Richie Warren",,,
St. Thomas (TX) Celts,2025-11-14,246,H2,16:15 (H2),UW-Whitewater,,jump_ball_held,Jump Ball (Held Ball),,46.0,41.0,"Collin Madson, Isaac Verges, JR Lukenbill, Luke Bara, Richie Warren",,,
St. Thomas (TX) Celts,2025-11-14,247,H2,16:15 (H2),UW-Whitewater,JR Lukenbill,turnover,JR Lukenbill Turnover (Lost Ball),,46.0,41.0,"Collin Madson, Isaac Verges, JR Lukenbill, Luke Bara, Richie Warren",11 Jr Lukenbill > Cut > Basket > Turnover,,
St. Thomas (TX) Celts,2025-11-14,248,H2,16:15 (H2),St. Thomas (TX) Celts,Corey Thompson,steal,Corey Thompson Steals,,46.0,41.0,"Collin Madson, Isaac Verges, JR Lukenbill, Luke Bara, Richie Warren",,,
St. Thomas (TX) Celts,2025-11-14,249,H2,16:02 (H2),St. Thomas (TX) Celts,Corey Thompson,made_shot,Corey Thompson Makes 2PT Jump Shot,2,46.0,43.0,"Collin Madson, Isaac Verges, JR Lukenbill, Luke Bara, Richie Warren",1 Corey Thompson > Spot-Up > Drives Left > Dribble Jumper > Short to < 17' > Make 2 Pts Foul > 1 Pts,,
St. Thomas (TX) Celts,2025-11-14,250,H2,16:02 (H2),UW-Whitewater,Isaac Verges,foul,Isaac Verges Commits Personal Foul,,46.0,43.0,"Collin Madson, Isaac Verges, JR Lukenbill, Luke Bara, Richie Warren",,,
St. Thomas (TX) Celts,2025-11-14,251,H2,16:02 (H2),St. Thomas (TX) Celts,Corey Thompson,free_throw_made,Corey Thompson Makes Free Throw (1 of 1),,46.0,44.0,"Collin Madson, Isaac Verges, JR Lukenbill, Luke Bara, Richie Warren",1 Corey Thompson > Non Possession > Free Throw,,
St. Thomas (TX) Celts,2025-11-14,252,H2,15:44 (H2),UW-Whitewater,JR Lukenbill,missed_shot,JR Lukenbill Misses 2PT Layup,2,46.0,44.0,"Collin Madson, Isaac Verges, JR Lukenbill, Luke Bara, Richie Warren",11 Jr Lukenbill > Hand Off > From Dribble > Top > To Basket > Miss 2 Pts,,
St. Thomas (TX) Celts,2025-11-14,253,H2,15:41 (H2),UW-Whitewater,JR Lukenbill,rebound_offensive,JR Lukenbill Offensive Rebound,,46.0,44.0,"Collin Madson, Isaac Verges, JR Lukenbill, Luke Bara, Richie Warren",,,
St. Thomas (TX) Celts,2025-11-14,254,H2,15:41 (H2),St. Thomas (TX) Celts,Corey Thompson,foul,Corey Thompson Commits Personal Foul,,46.0,44.0,"Collin Madson, Isaac Verges, JR Lukenbill, Luke Bara, Richie Warren",24 Richie Warren > Offensive Rebound > Short > Scoring Attempt > At Basket > Foul,,
St. Thomas (TX) Celts,2025-11-14,255,H2,15:41 (H2),St. Thomas (TX) Celts,,timeout,Official TV Timeout,,46.0,44.0,"Collin Madson, Isaac Verges, JR Lukenbill, Luke Bara, Richie Warren",,,
St. Thomas (TX) Celts,2025-11-14,256,H2,15:41 (H2),UW-Whitewater,,timeout,Official TV Timeout,,46.0,44.0,"Collin Madson, Isaac Verges, JR Lukenbill, Luke Bara, Richie Warren",,,
St. Thomas (TX) Celts,2025-11-14,257,H2,15:41 (H2),UW-Whitewater,Richie Warren,free_throw_missed,Richie Warren Misses Free Throw (1 of 2),,46.0,44.0,"Collin Madson, Isaac Verges, JR Lukenbill, Luke Bara, Richie Warren",24 Richie Warren > Non Possession > Free Throw,,
St. Thomas (TX) Celts,2025-11-14,258,H2,15:41 (H2),UW-Whitewater,Isaac Verges,sub_out,Isaac Verges Subs Out,,46.0,44.0,"Collin Madson, Isaac Verges, JR Lukenbill, Luke Bara, Richie Warren",,,
St. Thomas (TX) Celts,2025-11-14,259,H2,15:41 (H2),UW-Whitewater,JR Lukenbill,sub_out,JR Lukenbill Subs Out,,46.0,44.0,"Collin Madson, Isaac Verges, JR Lukenbill, Luke Bara, Richie Warren",,,
St. Thomas (TX) Celts,2025-11-14,260,H2,15:41 (H2),UW-Whitewater,Jake Quast,sub_in,Jake Quast Subs In,,46.0,44.0,"Collin Madson, Isaac Verges, JR Lukenbill, Luke Bara, Richie Warren",,,
St. Thomas (TX) Celts,2025-11-14,261,H2,15:41 (H2),UW-Whitewater,Joey Berezowitz,sub_in,Joey Berezowitz Subs In,,46.0,44.0,"Collin Madson, Jake Quast, Joey Berezowitz, Luke Bara, Richie Warren",,,
St. Thomas (TX) Celts,2025-11-14,262,H2,15:41 (H2),UW-Whitewater,Wis.-Whitewater,team_deadball_rebound_offensive,Wis.-Whitewater Offensive Deadball Rebound,,46.0,44.0,"Collin Madson, Jake Quast, Joey Berezowitz, Luke Bara, Richie Warren",,,
St. Thomas (TX) Celts,2025-11-14,263,H2,15:41 (H2),UW-Whitewater,Richie Warren,free_throw_missed,Richie Warren Misses Free Throw (2 of 2),,46.0,44.0,"Collin Madson, Jake Quast, Joey Berezowitz, Luke Bara, Richie Warren",24 Richie Warren > Non Possession > Free Throw,,
St. Thomas (TX) Celts,2025-11-14,264,H2,15:39 (H2),UW-Whitewater,Joey Berezowitz,rebound_offensive,Joey Berezowitz Offensive Rebound,,46.0,44.0,"Collin Madson, Jake Quast, Joey Berezowitz, Luke Bara, Richie Warren",,,
St. Thomas (TX) Celts,2025-11-14,265,H2,15:22 (H2),UW-Whitewater,Richie Warren,turnover,Richie Warren Turnover (Lost Ball),,46.0,44.0,"Collin Madson, Jake Quast, Joey Berezowitz, Luke Bara, Richie Warren",,,
St. Thomas (TX) Celts,2025-11-14,266,H2,15:22 (H2),St. Thomas (TX) Celts,Corey Thompson,steal,Corey Thompson Steals,,46.0,44.0,"Collin Madson, Jake Quast, Joey Berezowitz, Luke Bara, Richie Warren",,,
St. Thomas (TX) Celts,2025-11-14,267,H2,15:17 (H2),St. Thomas (TX) Celts,Corey Thompson,made_shot,Corey Thompson Makes 2PT Layup,2,46.0,46.0,"Collin Madson, Jake Quast, Joey Berezowitz, Luke Bara, Richie Warren",1 Corey Thompson > Transition > Ballhandler > To Basket > Make 2 Pts,,
St. Thomas (TX) Celts,2025-11-14,268,H2,14:49 (H2),UW-Whitewater,Luke Bara,turnover,Luke Bara Turnover (Bad Pass),,46.0,46.0,"Collin Madson, Jake Quast, Joey Berezowitz, Luke Bara, Richie Warren",32 Luke Bara > P&R Ball Handler > High P&R > Dribble Off Pick > Defense Commits > Turnover,,
St. Thomas (TX) Celts,2025-11-14,269,H2,14:49 (H2),St. Thomas (TX) Celts,Nicholas Buffalo,sub_out,Nicholas Buffalo Subs Out,,46.0,46.0,"Collin Madson, Jake Quast, Joey Berezowitz, Luke Bara, Richie Warren",,,
St. Thomas (TX) Celts,2025-11-14,270,H2,14:49 (H2),St. Thomas (TX) Celts,Reyce Allen,sub_in,Reyce Allen Subs In,,46.0,46.0,"Collin Madson, Jake Quast, Joey Berezowitz, Luke Bara, Richie Warren",,,
St. Thomas (TX) Celts,2025-11-14,271,H2,14:49 (H2),UW-Whitewater,Luke Bara,sub_out,Luke Bara Subs Out,,46.0,46.0,"Collin Madson, Jake Quast, Joey Berezowitz, Luke Bara, Richie Warren",,,
St. Thomas (TX) Celts,2025-11-14,272,H2,14:49 (H2),UW-Whitewater,Brock Marino,sub_in,Brock Marino Subs In,,46.0,46.0,"Brock Marino, Collin Madson, Jake Quast, Joey Berezowitz, Richie Warren",,,
St. Thomas (TX) Celts,2025-11-14,273,H2,14:35 (H2),UW-Whitewater,Joey Berezowitz,foul,Joey Berezowitz Commits Personal Foul,,46.0,46.0,"Brock Marino, Collin Madson, Jake Quast, Joey Berezowitz, Richie Warren",1 Corey Thompson > Non Possession > Non Shooting Foul,,
St. Thomas (TX) Celts,2025-11-14,274,H2,14:15 (H2),St. Thomas (TX) Celts,Angel Johnson,turnover,Angel Johnson Turnover (Lost Ball),,46.0,46.0,"Brock Marino, Collin Madson, Jake Quast, Joey Berezowitz, Richie Warren",10 Angel Johnson > ISO > Top > Drives Left > Defense Commits > Turnover,,
St. Thomas (TX) Celts,2025-11-14,275,H2,14:15 (H2),UW-Whitewater,Joey Berezowitz,steal,Joey Berezowitz Steals,,46.0,46.0,"Brock Marino, Collin Madson, Jake Quast, Joey Berezowitz, Richie Warren",,,
St. Thomas (TX) Celts,2025-11-14,276,H2,14:10 (H2),St. Thomas (TX) Celts,Reyce Allen,foul,Reyce Allen Commits Personal Foul,,46.0,46.0,"Brock Marino, Collin Madson, Jake Quast, Joey Berezowitz, Richie Warren",21 Brock Marino > Transition > Right Wing > To Basket > Foul,,
St. Thomas (TX) Celts,2025-11-14,277,H2,14:10 (H2),UW-Whitewater,Brock Marino,free_throw_missed,Brock Marino Misses Free Throw (1 of 2),,46.0,46.0,"Brock Marino, Collin Madson, Jake Quast, Joey Berezowitz, Richie Warren",21 Brock Marino > Non Possession > Free Throw,,
St. Thomas (TX) Celts,2025-11-14,278,H2,14:10 (H2),UW-Whitewater,Wis.-Whitewater,team_deadball_rebound_offensive,Wis.-Whitewater Offensive Deadball Rebound,,46.0,46.0,"Brock Marino, Collin Madson, Jake Quast, Joey Berezowitz, Richie Warren",,,
St. Thomas (TX) Celts,2025-11-14,279,H2,14:10 (H2),UW-Whitewater,Brock Marino,free_throw_made,Brock Marino Makes Free Throw (2 of 2),,47.0,46.0,"Brock Marino, Collin Madson, Jake Quast, Joey Berezowitz, Richie Warren",21 Brock Marino > Non Possession > Free Throw,,
St. Thomas (TX) Celts,2025-11-14,280,H2,13:54 (H2),St. Thomas (TX) Celts,Reyce Allen,made_shot,Reyce Allen Makes 2PT Layup,2,47.0,48.0,"Brock Marino, Collin Madson, Jake Quast, Joey Berezowitz, Richie Warren",5 Reyce Allen > Off Screen > To Shooter's Left > Straight > To Basket > Make 2 Pts Foul > 1 Pts,,
St. Thomas (TX) Celts,2025-11-14,281,H2,13:54 (H2),UW-Whitewater,Brock Marino,foul,Brock Marino Commits Personal Foul,,47.0,48.0,"Brock Marino, Collin Madson, Jake Quast, Joey Berezowitz, Richie Warren",5 Reyce Allen > Spot-Up > Drives Right > To Basket > Foul,,
St. Thomas (TX) Celts,2025-11-14,282,H2,13:54 (H2),St. Thomas (TX) Celts,Reyce Allen,free_throw_made,Reyce Allen Makes Free Throw (1 of 1),,47.0,49.0,"Brock Marino, Collin Madson, Jake Quast, Joey Berezowitz, Richie Warren",5 Reyce Allen > Non Possession > Free Throw,,
St. Thomas (TX) Celts,2025-11-14,283,H2,13:54 (H2),UW-Whitewater,Brock Marino,sub_out,Brock Marino Subs Out,,47.0,49.0,"Brock Marino, Collin Madson, Jake Quast, Joey Berezowitz, Richie Warren",,,
St. Thomas (TX) Celts,2025-11-14,284,H2,13:54 (H2),UW-Whitewater,JR Lukenbill,sub_in,JR Lukenbill Subs In,,47.0,49.0,"Collin Madson, JR Lukenbill, Jake Quast, Joey Berezowitz, Richie Warren",,,
St. Thomas (TX) Celts,2025-11-14,285,H2,13:30 (H2),UW-Whitewater,Collin Madson,turnover,Collin Madson Turnover (Bad Pass),,47.0,49.0,"Collin Madson, JR Lukenbill, Jake Quast, Joey Berezowitz, Richie Warren",15 Collin Madson > Spot-Up > Drives Right > Turnover,,
St. Thomas (TX) Celts,2025-11-14,286,H2,13:30 (H2),St. Thomas (TX) Celts,Angel Johnson,steal,Angel Johnson Steals,,47.0,49.0,"Collin Madson, JR Lukenbill, Jake Quast, Joey Berezowitz, Richie Warren",,,
St. Thomas (TX) Celts,2025-11-14,287,H2,13:24 (H2),St. Thomas (TX) Celts,Corey Thompson,made_shot,Corey Thompson Makes 3PT Jump Shot,3,47.0,52.0,"Collin Madson, JR Lukenbill, Jake Quast, Joey Berezowitz, Richie Warren",1 Corey Thompson > Transition > Right Wing > No Dribble Jumper > Guarded > Long/3pt > Make 3 Pts,,
St. Thomas (TX) Celts,2025-11-14,288,H2,13:24 (H2),St. Thomas (TX) Celts,Nathan Kongolo,assist,Nathan Kongolo Assists,,47.0,52.0,"Collin Madson, JR Lukenbill, Jake Quast, Joey Berezowitz, Richie Warren",,,
St. Thomas (TX) Celts,2025-11-14,289,H2,12:56 (H2),UW-Whitewater,Richie Warren,missed_shot,Richie Warren Misses 2PT Turnaround Jump Shot,2,47.0,52.0,"Collin Madson, JR Lukenbill, Jake Quast, Joey Berezowitz, Richie Warren",24 Richie Warren > Post-Up > Right Block > Right Shoulder > Dribble Move > To Jumper > Miss 2 Pts,,
St. Thomas (TX) Celts,2025-11-14,290,H2,12:54 (H2),UW-Whitewater,Jake Quast,rebound_offensive,Jake Quast Offensive Rebound,,47.0,52.0,"Collin Madson, JR Lukenbill, Jake Quast, Joey Berezowitz, Richie Warren",,,
St. Thomas (TX) Celts,2025-11-14,291,H2,12:54 (H2),St. Thomas (TX) Celts,Reyce Allen,foul,Reyce Allen Commits Personal Foul,,47.0,52.0,"Collin Madson, JR Lukenbill, Jake Quast, Joey Berezowitz, Richie Warren",12 Jake Quast > Cut > Basket > Foul,,
St. Thomas (TX) Celts,2025-11-14,292,H2,12:54 (H2),UW-Whitewater,Jake Quast,free_throw_made,Jake Quast Makes Free Throw (1 of 2),,48.0,52.0,"Collin Madson, JR Lukenbill, Jake Quast, Joey Berezowitz, Richie Warren",12 Jake Quast > Non Possession > Free Throw,,
St. Thomas (TX) Celts,2025-11-14,293,H2,12:54 (H2),UW-Whitewater,Jake Quast,free_throw_made,Jake Quast Makes Free Throw (2 of 2),,49.0,52.0,"Collin Madson, JR Lukenbill, Jake Quast, Joey Berezowitz, Richie Warren",12 Jake Quast > Non Possession > Free Throw,,
St. Thomas (TX) Celts,2025-11-14,294,H2,12:54 (H2),UW-Whitewater,Collin Madson,sub_out,Collin Madson Subs Out,,49.0,52.0,"Collin Madson, JR Lukenbill, Jake Quast, Joey Berezowitz, Richie Warren",,,
St. Thomas (TX) Celts,2025-11-14,295,H2,12:54 (H2),UW-Whitewater,Austin Ambrose,sub_in,Austin Ambrose Subs In,,49.0,52.0,"Austin Ambrose, JR Lukenbill, Jake Quast, Joey Berezowitz, Richie Warren",,,
St. Thomas (TX) Celts,2025-11-14,296,H2,12:54 (H2),St. Thomas (TX) Celts,Corey Thompson,sub_out,Corey Thompson Subs Out,,49.0,52.0,"Austin Ambrose, JR Lukenbill, Jake Quast, Joey Berezowitz, Richie Warren",,,
St. Thomas (TX) Celts,2025-11-14,297,H2,12:54 (H2),St. Thomas (TX) Celts,Jaden Ross,sub_in,Jaden Ross Subs In,,49.0,52.0,"Austin Ambrose, JR Lukenbill, Jake Quast, Joey Berezowitz, Richie Warren",,,
St. Thomas (TX) Celts,2025-11-14,298,H2,12:40 (H2),St. Thomas (TX) Celts,Reyce Allen,made_shot,Reyce Allen Makes 2PT Layup,2,49.0,54.0,"Austin Ambrose, JR Lukenbill, Jake Quast, Joey Berezowitz, Richie Warren",5 Reyce Allen > Off Screen > To Shooter's Right > Straight > To Basket > Make 2 Pts,,
St. Thomas (TX) Celts,2025-11-14,299,H2,12:19 (H2),St. Thomas (TX) Celts,Nathan Kongolo,foul,Nathan Kongolo Commits Personal Foul,,49.0,54.0,"Austin Ambrose, JR Lukenbill, Jake Quast, Joey Berezowitz, Richie Warren",12 Jake Quast > Spot-Up > Drives Right > Foul,,
St. Thomas (TX) Celts,2025-11-14,300,H2,12:19 (H2),UW-Whitewater,Jake Quast,free_throw_made,Jake Quast Makes Free Throw (2 of 2),,50.0,54.0,"Austin Ambrose, JR Lukenbill, Jake Quast, Joey Berezowitz, Richie Warren",12 Jake Quast > Non Possession > Free Throw,,
St. Thomas (TX) Celts,2025-11-14,301,H2,12:19 (H2),UW-Whitewater,Jake Quast,free_throw_made,Jake Quast Makes Free Throw (1 of 2),,51.0,54.0,"Austin Ambrose, JR Lukenbill, Jake Quast, Joey Berezowitz, Richie Warren",12 Jake Quast > Non Possession > Free Throw,,
St. Thomas (TX) Celts,2025-11-14,302,H2,12:19 (H2),St. Thomas (TX) Celts,Charles Gitonga,sub_out,Charles Gitonga Subs Out,,51.0,54.0,"Austin Ambrose, JR Lukenbill, Jake Quast, Joey Berezowitz, Richie Warren",,,
St. Thomas (TX) Celts,2025-11-14,303,H2,12:19 (H2),St. Thomas (TX) Celts,Garrett Rodgers,sub_in,Garrett Rodgers Subs In,,51.0,54.0,"Austin Ambrose, JR Lukenbill, Jake Quast, Joey Berezowitz, Richie Warren",,,
St. Thomas (TX) Celts,2025-11-14,304,H2,11:56 (H2),St. Thomas (TX) Celts,Reyce Allen,made_shot,Reyce Allen Makes 2PT Driving Layup,2,51.0,56.0,"Austin Ambrose, JR Lukenbill, Jake Quast, Joey Berezowitz, Richie Warren",5 Reyce Allen > Spot-Up > Drives Right > To Basket > Make 2 Pts,,
St. Thomas (TX) Celts,2025-11-14,305,H2,11:36 (H2),UW-Whitewater,Jake Quast,missed_shot,Jake Quast Misses 2PT Layup,2,51.0,56.0,"Austin Ambrose, JR Lukenbill, Jake Quast, Joey Berezowitz, Richie Warren",22 Joey Berezowitz > P&R Ball Handler > High P&R > Dribble Off Pick > Defense Commits > Ball Delivered > 12 Jake Quast > Spot-Up > Drives Left > To Basket > Miss 2 Pts,,
St. Thomas (TX) Celts,2025-11-14,306,H2,11:35 (H2),St. Thomas (TX) Celts,St. Thomas (TX),team_deadball_rebound_defensive,St. Thomas (TX) Defensive Deadball Rebound,,51.0,56.0,"Austin Ambrose, JR Lukenbill, Jake Quast, Joey Berezowitz, Richie Warren",,,
St. Thomas (TX) Celts,2025-11-14,307,H2,11:35 (H2),UW-Whitewater,Jake Quast,foul,Jake Quast Commits Personal Foul,,51.0,56.0,"Austin Ambrose, JR Lukenbill, Jake Quast, Joey Berezowitz, Richie Warren",0 Nathan Kongolo > Transition > Leak Outs > To Basket > Foul,,
St. Thomas (TX) Celts,2025-11-14,308,H2,11:35 (H2),St. Thomas (TX) Celts,,timeout,Official TV Timeout,,51.0,56.0,"Austin Ambrose, JR Lukenbill, Jake Quast, Joey Berezowitz, Richie Warren",,,
St. Thomas (TX) Celts,2025-11-14,309,H2,11:35 (H2),UW-Whitewater,,timeout,Official TV Timeout,,51.0,56.0,"Austin Ambrose, JR Lukenbill, Jake Quast, Joey Berezowitz, Richie Warren",,,
St. Thomas (TX) Celts,2025-11-14,310,H2,11:35 (H2),St. Thomas (TX) Celts,Nathan Kongolo,free_throw_made,Nathan Kongolo Makes Free Throw (1 of 2),,51.0,57.0,"Austin Ambrose, JR Lukenbill, Jake Quast, Joey Berezowitz, Richie Warren",0 Nathan Kongolo > Non Possession > Free Throw,,
St. Thomas (TX) Celts,2025-11-14,311,H2,11:35 (H2),St. Thomas (TX) Celts,Nathan Kongolo,free_throw_missed,Nathan Kongolo Misses Free Throw (2 of 2),,51.0,57.0,"Austin Ambrose, JR Lukenbill, Jake Quast, Joey Berezowitz, Richie Warren",0 Nathan Kongolo > Non Possession > Free Throw,,
St. Thomas (TX) Celts,2025-11-14,312,H2,11:35 (H2),UW-Whitewater,Austin Ambrose,rebound_defensive,Austin Ambrose Defensive Rebound,,51.0,57.0,"Austin Ambrose, JR Lukenbill, Jake Quast, Joey Berezowitz, Richie Warren",,,
St. Thomas (TX) Celts,2025-11-14,313,H2,11:20 (H2),St. Thomas (TX) Celts,Reyce Allen,foul,Reyce Allen Commits Personal Foul,,51.0,57.0,"Austin Ambrose, JR Lukenbill, Jake Quast, Joey Berezowitz, Richie Warren",24 Richie Warren > Post-Up > Flash Middle > Left Shoulder > Dribble Move > To Hook > Foul,,
St. Thomas (TX) Celts,2025-11-14,314,H2,11:20 (H2),UW-Whitewater,Richie Warren,free_throw_made,Richie Warren Makes Free Throw (1 of 2),,52.0,57.0,"Austin Ambrose, JR Lukenbill, Jake Quast, Joey Berezowitz, Richie Warren",24 Richie Warren > Non Possession > Free Throw,,
St. Thomas (TX) Celts,2025-11-14,315,H2,11:20 (H2),UW-Whitewater,Richie Warren,free_throw_made,Richie Warren Makes Free Throw (2 of 2),,53.0,57.0,"Austin Ambrose, JR Lukenbill, Jake Quast, Joey Berezowitz, Richie Warren",24 Richie Warren > Non Possession > Free Throw,,
St. Thomas (TX) Celts,2025-11-14,316,H2,11:04 (H2),St. Thomas (TX) Celts,Garrett Rodgers,made_shot,Garrett Rodgers Makes 2PT Layup,2,53.0,59.0,"Austin Ambrose, JR Lukenbill, Jake Quast, Joey Berezowitz, Richie Warren",,,
St. Thomas (TX) Celts,2025-11-14,317,H2,10:36 (H2),UW-Whitewater,Jake Quast,missed_shot,Jake Quast Misses 2PT Layup,2,53.0,59.0,"Austin Ambrose, JR Lukenbill, Jake Quast, Joey Berezowitz, Richie Warren",12 Jake Quast > Spot-Up > Drives Left > To Basket > Miss 2 Pts,,
St. Thomas (TX) Celts,2025-11-14,318,H2,10:35 (H2),UW-Whitewater,Wis.-Whitewater,team_deadball_rebound_offensive,Wis.-Whitewater Offensive Deadball Rebound,,53.0,59.0,"Austin Ambrose, JR Lukenbill, Jake Quast, Joey Berezowitz, Richie Warren",,,
St. Thomas (TX) Celts,2025-11-14,319,H2,10:35 (H2),St. Thomas (TX) Celts,Reyce Allen,foul,Reyce Allen Commits Personal Foul,,53.0,59.0,"Austin Ambrose, JR Lukenbill, Jake Quast, Joey Berezowitz, Richie Warren",,,
St. Thomas (TX) Celts,2025-11-14,320,H2,10:35 (H2),UW-Whitewater,Richie Warren,free_throw_made,Richie Warren Makes Free Throw (1 of 2),,54.0,59.0,"Austin Ambrose, JR Lukenbill, Jake Quast, Joey Berezowitz, Richie Warren",24 Richie Warren > Non Possession > Free Throw,,
St. Thomas (TX) Celts,2025-11-14,321,H2,10:35 (H2),UW-Whitewater,Richie Warren,free_throw_missed,Richie Warren Misses Free Throw (2 of 2),,54.0,59.0,"Austin Ambrose, JR Lukenbill, Jake Quast, Joey Berezowitz, Richie Warren",24 Richie Warren > Non Possession > Free Throw,,
St. Thomas (TX) Celts,2025-11-14,322,H2,10:35 (H2),St. Thomas (TX) Celts,Reyce Allen,sub_out,Reyce Allen Subs Out,,54.0,59.0,"Austin Ambrose, JR Lukenbill, Jake Quast, Joey Berezowitz, Richie Warren",,,
St. Thomas (TX) Celts,2025-11-14,323,H2,10:35 (H2),St. Thomas (TX) Celts,Angel Johnson,sub_out,Angel Johnson Subs Out,,54.0,59.0,"Austin Ambrose, JR Lukenbill, Jake Quast, Joey Berezowitz, Richie Warren",,,
St. Thomas (TX) Celts,2025-11-14,324,H2,10:35 (H2),St. Thomas (TX) Celts,Corey Thompson,sub_in,Corey Thompson Subs In,,54.0,59.0,"Austin Ambrose, JR Lukenbill, Jake Quast, Joey Berezowitz, Richie Warren",,,
St. Thomas (TX) Celts,2025-11-14,325,H2,10:35 (H2),St. Thomas (TX) Celts,Nicholas Buffalo,sub_in,Nicholas Buffalo Subs In,,54.0,59.0,"Austin Ambrose, JR Lukenbill, Jake Quast, Joey Berezowitz, Richie Warren",,,
St. Thomas (TX) Celts,2025-11-14,326,H2,10:33 (H2),St. Thomas (TX) Celts,St. Thomas (TX),team_deadball_rebound_defensive,St. Thomas (TX) Defensive Deadball Rebound,,54.0,59.0,"Austin Ambrose, JR Lukenbill, Jake Quast, Joey Berezowitz, Richie Warren",,,
St. Thomas (TX) Celts,2025-11-14,327,H2,10:16 (H2),UW-Whitewater,Austin Ambrose,foul,Austin Ambrose Commits Personal Foul,,54.0,59.0,"Austin Ambrose, JR Lukenbill, Jake Quast, Joey Berezowitz, Richie Warren",,,
St. Thomas (TX) Celts,2025-11-14,328,H2,10:16 (H2),St. Thomas (TX) Celts,Garrett Rodgers,free_throw_missed,Garrett Rodgers Misses Free Throw (1 of 2),,54.0,59.0,"Austin Ambrose, JR Lukenbill, Jake Quast, Joey Berezowitz, Richie Warren",,,
St. Thomas (TX) Celts,2025-11-14,329,H2,10:16 (H2),St. Thomas (TX) Celts,St. Thomas (TX),team_deadball_rebound_offensive,St. Thomas (TX) Offensive Deadball Rebound,,54.0,59.0,"Austin Ambrose, JR Lukenbill, Jake Quast, Joey Berezowitz, Richie Warren",,,
St. Thomas (TX) Celts,2025-11-14,330,H2,10:16 (H2),St. Thomas (TX) Celts,Garrett Rodgers,free_throw_made,Garrett Rodgers Makes Free Throw (2 of 2),,54.0,60.0,"Austin Ambrose, JR Lukenbill, Jake Quast, Joey Berezowitz, Richie Warren",,,
St. Thomas (TX) Celts,2025-11-14,331,H2,10:16 (H2),UW-Whitewater,Austin Ambrose,sub_out,Austin Ambrose Subs Out,,54.0,60.0,"Austin Ambrose, JR Lukenbill, Jake Quast, Joey Berezowitz, Richie Warren",,,
St. Thomas (TX) Celts,2025-11-14,332,H2,10:16 (H2),UW-Whitewater,Collin Madson,sub_in,Collin Madson Subs In,,54.0,60.0,"Collin Madson, JR Lukenbill, Jake Quast, Joey Berezowitz, Richie Warren",,,
St. Thomas (TX) Celts,2025-11-14,333,H2,10:06 (H2),UW-Whitewater,Richie Warren,missed_shot,Richie Warren Misses 3PT Jump Shot,3,54.0,60.0,"Collin Madson, JR Lukenbill, Jake Quast, Joey Berezowitz, Richie Warren",24 Richie Warren > Spot-Up > No Dribble Jumper > Guarded > Long/3pt > Miss 3 Pts,,
St. Thomas (TX) Celts,2025-11-14,334,H2,10:04 (H2),St. Thomas (TX) Celts,Garrett Rodgers,rebound_defensive,Garrett Rodgers Defensive Rebound,,54.0,60.0,"Collin Madson, JR Lukenbill, Jake Quast, Joey Berezowitz, Richie Warren",,,
St. Thomas (TX) Celts,2025-11-14,335,H2,09:46 (H2),St. Thomas (TX) Celts,Garrett Rodgers,missed_shot,Garrett Rodgers Misses 2PT Layup (Blocked),2,54.0,60.0,"Collin Madson, JR Lukenbill, Jake Quast, Joey Berezowitz, Richie Warren",,,
St. Thomas (TX) Celts,2025-11-14,336,H2,09:46 (H2),UW-Whitewater,Richie Warren,block,Richie Warren Blocks,,54.0,60.0,"Collin Madson, JR Lukenbill, Jake Quast, Joey Berezowitz, Richie Warren",,,
St. Thomas (TX) Celts,2025-11-14,337,H2,09:41 (H2),St. Thomas (TX) Celts,Nicholas Buffalo,rebound_offensive,Nicholas Buffalo Offensive Rebound,,54.0,60.0,"Collin Madson, JR Lukenbill, Jake Quast, Joey Berezowitz, Richie Warren",,,
St. Thomas (TX) Celts,2025-11-14,338,H2,09:26 (H2),St. Thomas (TX) Celts,Nathan Kongolo,missed_shot,Nathan Kongolo Misses 2PT Turnaround Jump Shot,2,54.0,60.0,"Collin Madson, JR Lukenbill, Jake Quast, Joey Berezowitz, Richie Warren",1 Corey Thompson > ISO > Top > Drives Right > Defense Commits > Ball Delivered > 0 Nathan Kongolo > Spot-Up > Drives Right > Dribble Jumper > Short to < 17' > Miss 2 Pts,,
St. Thomas (TX) Celts,2025-11-14,339,H2,09:23 (H2),UW-Whitewater,Wis.-Whitewater,team_deadball_rebound_defensive,Wis.-Whitewater Defensive Deadball Rebound,,54.0,60.0,"Collin Madson, JR Lukenbill, Jake Quast, Joey Berezowitz, Richie Warren",,,
St. Thomas (TX) Celts,2025-11-14,340,H2,09:23 (H2),St. Thomas (TX) Celts,Garrett Rodgers,foul,Garrett Rodgers Commits Personal Foul,,54.0,60.0,"Collin Madson, JR Lukenbill, Jake Quast, Joey Berezowitz, Richie Warren",11 Jr Lukenbill > No Play Type > Foul,,
St. Thomas (TX) Celts,2025-11-14,341,H2,09:23 (H2),UW-Whitewater,JR Lukenbill,free_throw_missed,JR Lukenbill Misses Free Throw (1 of 2),,54.0,60.0,"Collin Madson, JR Lukenbill, Jake Quast, Joey Berezowitz, Richie Warren",11 Jr Lukenbill > Non Possession > Free Throw,,
St. Thomas (TX) Celts,2025-11-14,342,H2,09:23 (H2),UW-Whitewater,Wis.-Whitewater,team_deadball_rebound_offensive,Wis.-Whitewater Offensive Deadball Rebound,,54.0,60.0,"Collin Madson, JR Lukenbill, Jake Quast, Joey Berezowitz, Richie Warren",,,
St. Thomas (TX) Celts,2025-11-14,343,H2,09:23 (H2),UW-Whitewater,JR Lukenbill,free_throw_missed,JR Lukenbill Misses Free Throw (2 of 2),,54.0,60.0,"Collin Madson, JR Lukenbill, Jake Quast, Joey Berezowitz, Richie Warren",11 Jr Lukenbill > Non Possession > Free Throw,,
St. Thomas (TX) Celts,2025-11-14,344,H2,09:22 (H2),St. Thomas (TX) Celts,Nicholas Buffalo,rebound_defensive,Nicholas Buffalo Defensive Rebound,,54.0,60.0,"Collin Madson, JR Lukenbill, Jake Quast, Joey Berezowitz, Richie Warren",,,
St. Thomas (TX) Celts,2025-11-14,345,H2,08:57 (H2),St. Thomas (TX) Celts,Corey Thompson,made_shot,Corey Thompson Makes 3PT Pull Up Jump Shot,3,54.0,63.0,"Collin Madson, JR Lukenbill, Jake Quast, Joey Berezowitz, Richie Warren",1 Corey Thompson > P&R Ball Handler > High P&R > Dribble Off Pick > Dribble Jumper > Long/3pt > Make 3 Pts,,
St. Thomas (TX) Celts,2025-11-14,346,H2,08:41 (H2),UW-Whitewater,Jake Quast,missed_shot,Jake Quast Misses 2PT Layup,2,54.0,63.0,"Collin Madson, JR Lukenbill, Jake Quast, Joey Berezowitz, Richie Warren",12 Jake Quast > Cut > Basket > Miss 2 Pts,,
St. Thomas (TX) Celts,2025-11-14,347,H2,08:38 (H2),St. Thomas (TX) Celts,Nathan Kongolo,rebound_defensive,Nathan Kongolo Defensive Rebound,,54.0,63.0,"Collin Madson, JR Lukenbill, Jake Quast, Joey Berezowitz, Richie Warren",,,
St. Thomas (TX) Celts,2025-11-14,348,H2,08:25 (H2),St. Thomas (TX) Celts,Garrett Rodgers,made_shot,Garrett Rodgers Makes 2PT Turnaround Jump Shot,2,54.0,65.0,"Collin Madson, JR Lukenbill, Jake Quast, Joey Berezowitz, Richie Warren",,,
St. Thomas (TX) Celts,2025-11-14,349,H2,08:15 (H2),UW-Whitewater,,timeout,Wis.-Whitewater Timeout,,54.0,65.0,"Collin Madson, JR Lukenbill, Jake Quast, Joey Berezowitz, Richie Warren",,,
St. Thomas (TX) Celts,2025-11-14,350,H2,08:15 (H2),UW-Whitewater,JR Lukenbill,sub_out,JR Lukenbill Subs Out,,54.0,65.0,"Collin Madson, JR Lukenbill, Jake Quast, Joey Berezowitz, Richie Warren",,,
St. Thomas (TX) Celts,2025-11-14,351,H2,08:15 (H2),UW-Whitewater,Joey Berezowitz,sub_out,Joey Berezowitz Subs Out,,54.0,65.0,"Collin Madson, JR Lukenbill, Jake Quast, Joey Berezowitz, Richie Warren",,,
St. Thomas (TX) Celts,2025-11-14,352,H2,08:15 (H2),UW-Whitewater,Kelton McEwen,sub_in,Kelton McEwen Subs In,,54.0,65.0,"Collin Madson, JR Lukenbill, Jake Quast, Joey Berezowitz, Richie Warren",,,
St. Thomas (TX) Celts,2025-11-14,353,H2,08:15 (H2),UW-Whitewater,Brock Marino,sub_in,Brock Marino Subs In,,54.0,65.0,"Brock Marino, Collin Madson, Jake Quast, Kelton McEwen, Richie Warren",,,
St. Thomas (TX) Celts,2025-11-14,354,H2,07:56 (H2),UW-Whitewater,Collin Madson,missed_shot,Collin Madson Misses 2PT Layup,2,54.0,65.0,"Brock Marino, Collin Madson, Jake Quast, Kelton McEwen, Richie Warren",15 Collin Madson > P&R Ball Handler > High P&R > Go Away from Pick > To Basket > Miss 2 Pts,,
St. Thomas (TX) Celts,2025-11-14,355,H2,07:56 (H2),UW-Whitewater,Collin Madson,rebound_offensive,Collin Madson Offensive Rebound,,54.0,65.0,"Brock Marino, Collin Madson, Jake Quast, Kelton McEwen, Richie Warren",,,
St. Thomas (TX) Celts,2025-11-14,356,H2,07:56 (H2),St. Thomas (TX) Celts,Nathan Kongolo,foul,Nathan Kongolo Commits Personal Foul,,54.0,65.0,"Brock Marino, Collin Madson, Jake Quast, Kelton McEwen, Richie Warren",15 Collin Madson > Offensive Rebound > Short > Foul,,
St. Thomas (TX) Celts,2025-11-14,357,H2,07:56 (H2),UW-Whitewater,Collin Madson,free_throw_missed,Collin Madson Misses Free Throw (1 of 2),,54.0,65.0,"Brock Marino, Collin Madson, Jake Quast, Kelton McEwen, Richie Warren",15 Collin Madson > Non Possession > Free Throw,,
St. Thomas (TX) Celts,2025-11-14,358,H2,07:56 (H2),UW-Whitewater,Wis.-Whitewater,team_deadball_rebound_offensive,Wis.-Whitewater Offensive Deadball Rebound,,54.0,65.0,"Brock Marino, Collin Madson, Jake Quast, Kelton McEwen, Richie Warren",,,
St. Thomas (TX) Celts,2025-11-14,359,H2,07:56 (H2),UW-Whitewater,Collin Madson,free_throw_made,Collin Madson Makes Free Throw (2 of 2),,55.0,65.0,"Brock Marino, Collin Madson, Jake Quast, Kelton McEwen, Richie Warren",15 Collin Madson > Non Possession > Free Throw,,
St. Thomas (TX) Celts,2025-11-14,360,H2,07:56 (H2),St. Thomas (TX) Celts,,timeout,Official TV Timeout,,55.0,65.0,"Brock Marino, Collin Madson, Jake Quast, Kelton McEwen, Richie Warren",,,
St. Thomas (TX) Celts,2025-11-14,361,H2,07:56 (H2),UW-Whitewater,,timeout,Official TV Timeout,,55.0,65.0,"Brock Marino, Collin Madson, Jake Quast, Kelton McEwen, Richie Warren",,,
St. Thomas (TX) Celts,2025-11-14,362,H2,07:37 (H2),St. Thomas (TX) Celts,Garrett Rodgers,missed_shot,Garrett Rodgers Misses 2PT Layup,2,55.0,65.0,"Brock Marino, Collin Madson, Jake Quast, Kelton McEwen, Richie Warren",,,
St. Thomas (TX) Celts,2025-11-14,363,H2,07:34 (H2),UW-Whitewater,Richie Warren,rebound_defensive,Richie Warren Defensive Rebound,,55.0,65.0,"Brock Marino, Collin Madson, Jake Quast, Kelton McEwen, Richie Warren",,,
St. Thomas (TX) Celts,2025-11-14,364,H2,07:18 (H2),UW-Whitewater,Kelton McEwen,missed_shot,Kelton McEwen Misses 3PT Jump Shot,3,55.0,65.0,"Brock Marino, Collin Madson, Jake Quast, Kelton McEwen, Richie Warren",2 Kelton Mcewen > Spot-Up > No Dribble Jumper > Open > Long/3pt > Miss 3 Pts,,
St. Thomas (TX) Celts,2025-11-14,365,H2,07:16 (H2),St. Thomas (TX) Celts,Nicholas Buffalo,rebound_defensive,Nicholas Buffalo Defensive Rebound,,55.0,65.0,"Brock Marino, Collin Madson, Jake Quast, Kelton McEwen, Richie Warren",,,
St. Thomas (TX) Celts,2025-11-14,366,H2,06:53 (H2),St. Thomas (TX) Celts,Garrett Rodgers,missed_shot,Garrett Rodgers Misses 2PT Turnaround Jump Shot,2,55.0,65.0,"Brock Marino, Collin Madson, Jake Quast, Kelton McEwen, Richie Warren",,,
St. Thomas (TX) Celts,2025-11-14,367,H2,06:50 (H2),UW-Whitewater,Brock Marino,rebound_defensive,Brock Marino Defensive Rebound,,55.0,65.0,"Brock Marino, Collin Madson, Jake Quast, Kelton McEwen, Richie Warren",,,
St. Thomas (TX) Celts,2025-11-14,368,H2,06:25 (H2),UW-Whitewater,Kelton McEwen,missed_shot,Kelton McEwen Misses 3PT Jump Shot,3,55.0,65.0,"Brock Marino, Collin Madson, Jake Quast, Kelton McEwen, Richie Warren",21 Brock Marino > Post-Up > Right Block > Left Shoulder > Dribble Move > Defense Commits > Ball Delivered > 2 Kelton Mcewen > Spot-Up > No Dribble Jumper > Guarded > Long/3pt > Miss 3 Pts,,
St. Thomas (TX) Celts,2025-11-14,369,H2,06:22 (H2),St. Thomas (TX) Celts,Garrett Rodgers,rebound_defensive,Garrett Rodgers Defensive Rebound,,55.0,65.0,"Brock Marino, Collin Madson, Jake Quast, Kelton McEwen, Richie Warren",,,
St. Thomas (TX) Celts,2025-11-14,370,H2,05:54 (H2),St. Thomas (TX) Celts,Nathan Kongolo,made_shot,Nathan Kongolo Makes 2PT Layup,2,55.0,67.0,"Brock Marino, Collin Madson, Jake Quast, Kelton McEwen, Richie Warren",0 Nathan Kongolo > P&R Ball Handler > High P&R > Dribble Off Pick > To Basket > Make 2 Pts,,
St. Thomas (TX) Celts,2025-11-14,371,H2,05:32 (H2),UW-Whitewater,Richie Warren,made_shot,Richie Warren Makes 2PT Layup,2,57.0,67.0,"Brock Marino, Collin Madson, Jake Quast, Kelton McEwen, Richie Warren",24 Richie Warren > Cut > Flash > Make 2 Pts,,
St. Thomas (TX) Celts,2025-11-14,372,H2,05:32 (H2),UW-Whitewater,Jake Quast,assist,Jake Quast Assists,,57.0,67.0,"Brock Marino, Collin Madson, Jake Quast, Kelton McEwen, Richie Warren",,,
St. Thomas (TX) Celts,2025-11-14,373,H2,05:12 (H2),St. Thomas (TX) Celts,Jaden Ross,made_shot,Jaden Ross Makes 2PT Jump Shot,2,57.0,69.0,"Brock Marino, Collin Madson, Jake Quast, Kelton McEwen, Richie Warren",23 Jaden Ross > ISO > Left > Drives Left > To Basket > Make 2 Pts,,
St. Thomas (TX) Celts,2025-11-14,374,H2,04:55 (H2),St. Thomas (TX) Celts,Corey Thompson,foul,Corey Thompson Commits Personal Foul,,57.0,69.0,"Brock Marino, Collin Madson, Jake Quast, Kelton McEwen, Richie Warren",15 Collin Madson > Spot-Up > Drives Left > Foul,,
St. Thomas (TX) Celts,2025-11-14,375,H2,04:55 (H2),UW-Whitewater,Collin Madson,free_throw_made,Collin Madson Makes Free Throw (1 of 2),,58.0,69.0,"Brock Marino, Collin Madson, Jake Quast, Kelton McEwen, Richie Warren",15 Collin Madson > Non Possession > Free Throw,,
St. Thomas (TX) Celts,2025-11-14,376,H2,04:55 (H2),UW-Whitewater,Collin Madson,free_throw_made,Collin Madson Makes Free Throw (2 of 2),,59.0,69.0,"Brock Marino, Collin Madson, Jake Quast, Kelton McEwen, Richie Warren",15 Collin Madson > Non Possession > Free Throw,,
St. Thomas (TX) Celts,2025-11-14,377,H2,04:55 (H2),St. Thomas (TX) Celts,Nathan Kongolo,sub_out,Nathan Kongolo Subs Out,,59.0,69.0,"Brock Marino, Collin Madson, Jake Quast, Kelton McEwen, Richie Warren",,,
St. Thomas (TX) Celts,2025-11-14,378,H2,04:55 (H2),St. Thomas (TX) Celts,Corey Thompson,sub_out,Corey Thompson Subs Out,,59.0,69.0,"Brock Marino, Collin Madson, Jake Quast, Kelton McEwen, Richie Warren",,,
St. Thomas (TX) Celts,2025-11-14,379,H2,04:55 (H2),St. Thomas (TX) Celts,Garrett Rodgers,sub_out,Garrett Rodgers Subs Out,,59.0,69.0,"Brock Marino, Collin Madson, Jake Quast, Kelton McEwen, Richie Warren",,,
St. Thomas (TX) Celts,2025-11-14,380,H2,04:55 (H2),UW-Whitewater,Jake Quast,sub_out,Jake Quast Subs Out,,59.0,69.0,"Brock Marino, Collin Madson, Jake Quast, Kelton McEwen, Richie Warren",,,
St. Thomas (TX) Celts,2025-11-14,381,H2,04:55 (H2),St. Thomas (TX) Celts,Reyce Allen,sub_in,Reyce Allen Subs In,,59.0,69.0,"Brock Marino, Collin Madson, Jake Quast, Kelton McEwen, Richie Warren",,,
St. Thomas (TX) Celts,2025-11-14,382,H2,04:55 (H2),St. Thomas (TX) Celts,Angel Johnson,sub_in,Angel Johnson Subs In,,59.0,69.0,"Brock Marino, Collin Madson, Jake Quast, Kelton McEwen, Richie Warren",,,
St. Thomas (TX) Celts,2025-11-14,383,H2,04:55 (H2),St. Thomas (TX) Celts,Brennan Webb,sub_in,Brennan Webb Subs In,,59.0,69.0,"Brock Marino, Collin Madson, Jake Quast, Kelton McEwen, Richie Warren",,,
St. Thomas (TX) Celts,2025-11-14,384,H2,04:55 (H2),UW-Whitewater,JR Lukenbill,sub_in,JR Lukenbill Subs In,,59.0,69.0,"Brock Marino, Collin Madson, JR Lukenbill, Kelton McEwen, Richie Warren",,,
St. Thomas (TX) Celts,2025-11-14,385,H2,04:43 (H2),UW-Whitewater,Brock Marino,foul,Brock Marino Commits Personal Foul,,59.0,69.0,"Brock Marino, Collin Madson, JR Lukenbill, Kelton McEwen, Richie Warren",23 Jaden Ross > Transition > Left Wing > To Basket > Foul,,
St. Thomas (TX) Celts,2025-11-14,386,H2,04:43 (H2),St. Thomas (TX) Celts,Jaden Ross,free_throw_made,Jaden Ross Makes Free Throw (2 of 2),,59.0,70.0,"Brock Marino, Collin Madson, JR Lukenbill, Kelton McEwen, Richie Warren",23 Jaden Ross > Non Possession > Free Throw,,
St. Thomas (TX) Celts,2025-11-14,387,H2,04:43 (H2),St. Thomas (TX) Celts,Jaden Ross,free_throw_made,Jaden Ross Makes Free Throw (1 of 2),,59.0,71.0,"Brock Marino, Collin Madson, JR Lukenbill, Kelton McEwen, Richie Warren",23 Jaden Ross > Non Possession > Free Throw,,
St. Thomas (TX) Celts,2025-11-14,388,H2,04:43 (H2),UW-Whitewater,Brock Marino,sub_out,Brock Marino Subs Out,,59.0,71.0,"Brock Marino, Collin Madson, JR Lukenbill, Kelton McEwen, Richie Warren",,,
St. Thomas (TX) Celts,2025-11-14,389,H2,04:43 (H2),UW-Whitewater,Darius Chestnut,sub_in,Darius Chestnut Subs In,,59.0,71.0,"Collin Madson, Darius Chestnut, JR Lukenbill, Kelton McEwen, Richie Warren",,,
St. Thomas (TX) Celts,2025-11-14,390,H2,04:32 (H2),St. Thomas (TX) Celts,Nicholas Buffalo,foul,Nicholas Buffalo Commits Personal Foul,,59.0,71.0,"Collin Madson, Darius Chestnut, JR Lukenbill, Kelton McEwen, Richie Warren",11 Jr Lukenbill > Spot-Up > Drives Right > To Basket > Foul,,
St. Thomas (TX) Celts,2025-11-14,391,H2,04:32 (H2),UW-Whitewater,JR Lukenbill,free_throw_made,JR Lukenbill Makes Free Throw (1 of 2),,60.0,71.0,"Collin Madson, Darius Chestnut, JR Lukenbill, Kelton McEwen, Richie Warren",11 Jr Lukenbill > Non Possession > Free Throw,,
St. Thomas (TX) Celts,2025-11-14,392,H2,04:32 (H2),UW-Whitewater,JR Lukenbill,free_throw_missed,JR Lukenbill Misses Free Throw (2 of 2),,60.0,71.0,"Collin Madson, Darius Chestnut, JR Lukenbill, Kelton McEwen, Richie Warren",11 Jr Lukenbill > Non Possession > Free Throw,,
St. Thomas (TX) Celts,2025-11-14,393,H2,04:30 (H2),UW-Whitewater,Richie Warren,rebound_offensive,Richie Warren Offensive Rebound,,60.0,71.0,"Collin Madson, Darius Chestnut, JR Lukenbill, Kelton McEwen, Richie Warren",,,
St. Thomas (TX) Celts,2025-11-14,394,H2,04:26 (H2),UW-Whitewater,JR Lukenbill,turnover,JR Lukenbill Turnover (Bad Pass),,60.0,71.0,"Collin Madson, Darius Chestnut, JR Lukenbill, Kelton McEwen, Richie Warren",11 Jr Lukenbill > No Play Type > Turnover,,
St. Thomas (TX) Celts,2025-11-14,395,H2,04:26 (H2),St. Thomas (TX) Celts,Angel Johnson,steal,Angel Johnson Steals,,60.0,71.0,"Collin Madson, Darius Chestnut, JR Lukenbill, Kelton McEwen, Richie Warren",,,
St. Thomas (TX) Celts,2025-11-14,396,H2,04:21 (H2),St. Thomas (TX) Celts,Angel Johnson,missed_shot,Angel Johnson Misses 2PT Layup (Blocked),2,60.0,71.0,"Collin Madson, Darius Chestnut, JR Lukenbill, Kelton McEwen, Richie Warren",10 Angel Johnson > Transition > Ballhandler > To Basket > Miss 2 Pts,,
St. Thomas (TX) Celts,2025-11-14,397,H2,04:21 (H2),UW-Whitewater,JR Lukenbill,block,JR Lukenbill Blocks,,60.0,71.0,"Collin Madson, Darius Chestnut, JR Lukenbill, Kelton McEwen, Richie Warren",,,
St. Thomas (TX) Celts,2025-11-14,398,H2,04:17 (H2),UW-Whitewater,Kelton McEwen,rebound_defensive,Kelton McEwen Defensive Rebound,,60.0,71.0,"Collin Madson, Darius Chestnut, JR Lukenbill, Kelton McEwen, Richie Warren",,,
St. Thomas (TX) Celts,2025-11-14,399,H2,04:07 (H2),UW-Whitewater,Richie Warren,missed_shot,Richie Warren Misses 2PT Driving Layup,2,60.0,71.0,"Collin Madson, Darius Chestnut, JR Lukenbill, Kelton McEwen, Richie Warren",24 Richie Warren > ISO > Top > Drives Right > To Basket > Miss 2 Pts,,
St. Thomas (TX) Celts,2025-11-14,400,H2,04:07 (H2),UW-Whitewater,Wis.-Whitewater,team_deadball_rebound_offensive,Wis.-Whitewater Offensive Deadball Rebound,,60.0,71.0,"Collin Madson, Darius Chestnut, JR Lukenbill, Kelton McEwen, Richie Warren",,,
St. Thomas (TX) Celts,2025-11-14,401,H2,04:07 (H2),St. Thomas (TX) Celts,Reyce Allen,foul,Reyce Allen Commits Personal Foul,,60.0,71.0,"Collin Madson, Darius Chestnut, JR Lukenbill, Kelton McEwen, Richie Warren",,,
St. Thomas (TX) Celts,2025-11-14,402,H2,04:07 (H2),UW-Whitewater,Collin Madson,free_throw_made,Collin Madson Makes Free Throw (2 of 2),,61.0,71.0,"Collin Madson, Darius Chestnut, JR Lukenbill, Kelton McEwen, Richie Warren",15 Collin Madson > Non Possession > Free Throw,,
St. Thomas (TX) Celts,2025-11-14,403,H2,04:07 (H2),UW-Whitewater,Collin Madson,free_throw_made,Collin Madson Makes Free Throw (1 of 2),,62.0,71.0,"Collin Madson, Darius Chestnut, JR Lukenbill, Kelton McEwen, Richie Warren",15 Collin Madson > Non Possession > Free Throw,,
St. Thomas (TX) Celts,2025-11-14,404,H2,04:07 (H2),St. Thomas (TX) Celts,Reyce Allen,sub_out,Reyce Allen Subs Out,,62.0,71.0,"Collin Madson, Darius Chestnut, JR Lukenbill, Kelton McEwen, Richie Warren",,,
St. Thomas (TX) Celts,2025-11-14,405,H2,04:07 (H2),St. Thomas (TX) Celts,Jaden Ross,sub_out,Jaden Ross Subs Out,,62.0,71.0,"Collin Madson, Darius Chestnut, JR Lukenbill, Kelton McEwen, Richie Warren",,,
St. Thomas (TX) Celts,2025-11-14,406,H2,04:07 (H2),St. Thomas (TX) Celts,Charles Gitonga,sub_in,Charles Gitonga Subs In,,62.0,71.0,"Collin Madson, Darius Chestnut, JR Lukenbill, Kelton McEwen, Richie Warren",,,
St. Thomas (TX) Celts,2025-11-14,407,H2,04:07 (H2),St. Thomas (TX) Celts,Corey Thompson,sub_in,Corey Thompson Subs In,,62.0,71.0,"Collin Madson, Darius Chestnut, JR Lukenbill, Kelton McEwen, Richie Warren",,,
St. Thomas (TX) Celts,2025-11-14,408,H2,03:38 (H2),St. Thomas (TX) Celts,Angel Johnson,missed_shot,Angel Johnson Misses 2PT Jump Shot,2,62.0,71.0,"Collin Madson, Darius Chestnut, JR Lukenbill, Kelton McEwen, Richie Warren",10 Angel Johnson > ISO > Top > Drives Right > To Basket > Miss 2 Pts,,
St. Thomas (TX) Celts,2025-11-14,409,H2,03:36 (H2),St. Thomas (TX) Celts,Nicholas Buffalo,rebound_offensive,Nicholas Buffalo Offensive Rebound,,62.0,71.0,"Collin Madson, Darius Chestnut, JR Lukenbill, Kelton McEwen, Richie Warren",,,
St. Thomas (TX) Celts,2025-11-14,410,H2,03:36 (H2),UW-Whitewater,JR Lukenbill,foul,JR Lukenbill Commits Personal Foul,,62.0,71.0,"Collin Madson, Darius Chestnut, JR Lukenbill, Kelton McEwen, Richie Warren",1 Corey Thompson > Spot-Up > Drives Left > To Basket > Foul,,
St. Thomas (TX) Celts,2025-11-14,411,H2,03:36 (H2),St. Thomas (TX) Celts,,timeout,Official TV Timeout,,62.0,71.0,"Collin Madson, Darius Chestnut, JR Lukenbill, Kelton McEwen, Richie Warren",,,
St. Thomas (TX) Celts,2025-11-14,412,H2,03:36 (H2),UW-Whitewater,,timeout,Official TV Timeout,,62.0,71.0,"Collin Madson, Darius Chestnut, JR Lukenbill, Kelton McEwen, Richie Warren",,,
St. Thomas (TX) Celts,2025-11-14,413,H2,03:36 (H2),St. Thomas (TX) Celts,Nicholas Buffalo,free_throw_made,Nicholas Buffalo Makes Free Throw (2 of 2),,62.0,72.0,"Collin Madson, Darius Chestnut, JR Lukenbill, Kelton McEwen, Richie Warren",12 Nicholas Buffalo > Non Possession > Free Throw,,
St. Thomas (TX) Celts,2025-11-14,414,H2,03:36 (H2),St. Thomas (TX) Celts,Nicholas Buffalo,free_throw_made,Nicholas Buffalo Makes Free Throw (1 of 2),,62.0,73.0,"Collin Madson, Darius Chestnut, JR Lukenbill, Kelton McEwen, Richie Warren",12 Nicholas Buffalo > Non Possession > Free Throw,,
St. Thomas (TX) Celts,2025-11-14,415,H2,03:36 (H2),St. Thomas (TX) Celts,Brennan Webb,sub_out,Brennan Webb Subs Out,,62.0,73.0,"Collin Madson, Darius Chestnut, JR Lukenbill, Kelton McEwen, Richie Warren",,,
St. Thomas (TX) Celts,2025-11-14,416,H2,03:36 (H2),St. Thomas (TX) Celts,Nathan Kongolo,sub_in,Nathan Kongolo Subs In,,62.0,73.0,"Collin Madson, Darius Chestnut, JR Lukenbill, Kelton McEwen, Richie Warren",,,
St. Thomas (TX) Celts,2025-11-14,417,H2,03:17 (H2),UW-Whitewater,Kelton McEwen,made_shot,Kelton McEwen Makes 2PT Layup,2,64.0,73.0,"Collin Madson, Darius Chestnut, JR Lukenbill, Kelton McEwen, Richie Warren",2 Kelton Mcewen > P&R Ball Handler > Right P&R > Side > Dribble Off Pick > To Basket > Make 2 Pts,,
St. Thomas (TX) Celts,2025-11-14,418,H2,02:41 (H2),St. Thomas (TX) Celts,Corey Thompson,missed_shot,Corey Thompson Misses 3PT Jump Shot,3,64.0,73.0,"Collin Madson, Darius Chestnut, JR Lukenbill, Kelton McEwen, Richie Warren",1 Corey Thompson > ISO > Top > Early Jumper > Dribble Jumper > Long/3pt > Miss 3 Pts,,
St. Thomas (TX) Celts,2025-11-14,419,H2,02:36 (H2),St. Thomas (TX) Celts,Nathan Kongolo,rebound_offensive,Nathan Kongolo Offensive Rebound,,64.0,73.0,"Collin Madson, Darius Chestnut, JR Lukenbill, Kelton McEwen, Richie Warren",,,
St. Thomas (TX) Celts,2025-11-14,420,H2,02:24 (H2),UW-Whitewater,Richie Warren,foul,Richie Warren Commits Personal Foul,,64.0,73.0,"Collin Madson, Darius Chestnut, JR Lukenbill, Kelton McEwen, Richie Warren",10 Angel Johnson > ISO > Top > Drives Right > To Basket > Foul,,
St. Thomas (TX) Celts,2025-11-14,421,H2,02:24 (H2),St. Thomas (TX) Celts,Angel Johnson,free_throw_made,Angel Johnson Makes Free Throw (1 of 2),,64.0,74.0,"Collin Madson, Darius Chestnut, JR Lukenbill, Kelton McEwen, Richie Warren",10 Angel Johnson > Non Possession > Free Throw,,
St. Thomas (TX) Celts,2025-11-14,422,H2,02:24 (H2),St. Thomas (TX) Celts,Angel Johnson,free_throw_made,Angel Johnson Makes Free Throw (2 of 2),,64.0,75.0,"Collin Madson, Darius Chestnut, JR Lukenbill, Kelton McEwen, Richie Warren",10 Angel Johnson > Non Possession > Free Throw,,
St. Thomas (TX) Celts,2025-11-14,423,H2,02:12 (H2),St. Thomas (TX) Celts,Angel Johnson,foul,Angel Johnson Commits Personal Foul,,64.0,75.0,"Collin Madson, Darius Chestnut, JR Lukenbill, Kelton McEwen, Richie Warren",10 Darius Chestnut > ISO > Top > Drives Left > Defense Commits > Ball Delivered > 2 Kelton Mcewen > Spot-Up > Drives Left > Foul,,
St. Thomas (TX) Celts,2025-11-14,424,H2,02:12 (H2),UW-Whitewater,Kelton McEwen,free_throw_made,Kelton McEwen Makes Free Throw (1 of 2),,65.0,75.0,"Collin Madson, Darius Chestnut, JR Lukenbill, Kelton McEwen, Richie Warren",2 Kelton Mcewen > Non Possession > Free Throw,,
St. Thomas (TX) Celts,2025-11-14,425,H2,02:12 (H2),UW-Whitewater,Kelton McEwen,free_throw_missed,Kelton McEwen Misses Free Throw (2 of 2),,65.0,75.0,"Collin Madson, Darius Chestnut, JR Lukenbill, Kelton McEwen, Richie Warren",2 Kelton Mcewen > Non Possession > Free Throw,,
St. Thomas (TX) Celts,2025-11-14,426,H2,02:12 (H2),UW-Whitewater,Darius Chestnut,sub_out,Darius Chestnut Subs Out,,65.0,75.0,"Collin Madson, Darius Chestnut, JR Lukenbill, Kelton McEwen, Richie Warren",,,
St. Thomas (TX) Celts,2025-11-14,427,H2,02:12 (H2),UW-Whitewater,Luke Bara,sub_in,Luke Bara Subs In,,65.0,75.0,"Collin Madson, JR Lukenbill, Kelton McEwen, Luke Bara, Richie Warren",,,
St. Thomas (TX) Celts,2025-11-14,428,H2,02:11 (H2),St. Thomas (TX) Celts,Charles Gitonga,rebound_defensive,Charles Gitonga Defensive Rebound,,65.0,75.0,"Collin Madson, JR Lukenbill, Kelton McEwen, Luke Bara, Richie Warren",,,
St. Thomas (TX) Celts,2025-11-14,429,H2,02:09 (H2),UW-Whitewater,JR Lukenbill,foul,JR Lukenbill Commits Personal Foul,,65.0,75.0,"Collin Madson, JR Lukenbill, Kelton McEwen, Luke Bara, Richie Warren",25 Charles Gitonga > No Play Type > Foul,,
St. Thomas (TX) Celts,2025-11-14,430,H2,02:09 (H2),St. Thomas (TX) Celts,Charles Gitonga,free_throw_missed,Charles Gitonga Misses Free Throw (1 of 2),,65.0,75.0,"Collin Madson, JR Lukenbill, Kelton McEwen, Luke Bara, Richie Warren",25 Charles Gitonga > Non Possession > Free Throw,,
St. Thomas (TX) Celts,2025-11-14,431,H2,02:09 (H2),St. Thomas (TX) Celts,St. Thomas (TX),team_deadball_rebound_offensive,St. Thomas (TX) Offensive Deadball Rebound,,65.0,75.0,"Collin Madson, JR Lukenbill, Kelton McEwen, Luke Bara, Richie Warren",,,
St. Thomas (TX) Celts,2025-11-14,432,H2,02:09 (H2),St. Thomas (TX) Celts,Charles Gitonga,free_throw_made,Charles Gitonga Makes Free Throw (2 of 2),,65.0,76.0,"Collin Madson, JR Lukenbill, Kelton McEwen, Luke Bara, Richie Warren",25 Charles Gitonga > Non Possession > Free Throw,,
St. Thomas (TX) Celts,2025-11-14,433,H2,01:55 (H2),UW-Whitewater,Collin Madson,made_shot,Collin Madson Makes 2PT Layup,2,67.0,76.0,"Collin Madson, JR Lukenbill, Kelton McEwen, Luke Bara, Richie Warren",15 Collin Madson > ISO > Top > Drives Left > To Basket > Make 2 Pts,,
St. Thomas (TX) Celts,2025-11-14,434,H2,01:27 (H2),St. Thomas (TX) Celts,Nathan Kongolo,made_shot,Nathan Kongolo Makes 3PT Jump Shot,3,67.0,79.0,"Collin Madson, JR Lukenbill, Kelton McEwen, Luke Bara, Richie Warren",10 Angel Johnson > ISO > Top > Drives Left > Defense Commits > Ball Delivered > 0 Nathan Kongolo > Spot-Up > No Dribble Jumper > Guarded > Long/3pt > Make 3 Pts,,
St. Thomas (TX) Celts,2025-11-14,435,H2,01:27 (H2),St. Thomas (TX) Celts,Angel Johnson,assist,Angel Johnson Assists,,67.0,79.0,"Collin Madson, JR Lukenbill, Kelton McEwen, Luke Bara, Richie Warren",,,
St. Thomas (TX) Celts,2025-11-14,436,H2,01:12 (H2),UW-Whitewater,Collin Madson,made_shot,Collin Madson Makes 3PT Jump Shot,3,70.0,79.0,"Collin Madson, JR Lukenbill, Kelton McEwen, Luke Bara, Richie Warren",15 Collin Madson > P&R Ball Handler > Right P&R > Side > Go Away from Pick > Dribble Jumper > Long/3pt > Make 3 Pts,,
St. Thomas (TX) Celts,2025-11-14,437,H2,00:57 (H2),St. Thomas (TX) Celts,Nathan Kongolo,made_shot,Nathan Kongolo Makes 2PT Dunk,2,70.0,81.0,"Collin Madson, JR Lukenbill, Kelton McEwen, Luke Bara, Richie Warren",0 Nathan Kongolo > Transition > Leak Outs > To Basket > Make 2 Pts,,
St. Thomas (TX) Celts,2025-11-14,438,H2,00:57 (H2),St. Thomas (TX) Celts,Corey Thompson,assist,Corey Thompson Assists,,70.0,81.0,"Collin Madson, JR Lukenbill, Kelton McEwen, Luke Bara, Richie Warren",,,
St. Thomas (TX) Celts,2025-11-14,439,H2,00:46 (H2),UW-Whitewater,Luke Bara,turnover,Luke Bara Turnover (Bad Pass),,70.0,81.0,"Collin Madson, JR Lukenbill, Kelton McEwen, Luke Bara, Richie Warren",32 Luke Bara > No Play Type > Turnover,,
St. Thomas (TX) Celts,2025-11-14,440,H2,00:25 (H2),St. Thomas (TX) Celts,Nathan Kongolo,missed_shot,Nathan Kongolo Misses 2PT Turnaround Jump Shot,2,70.0,81.0,"Collin Madson, JR Lukenbill, Kelton McEwen, Luke Bara, Richie Warren",0 Nathan Kongolo > ISO > Left > Drives Left > Dribble Jumper > Short to < 17' > Miss 2 Pts,,
St. Thomas (TX) Celts,2025-11-14,441,H2,00:22 (H2),UW-Whitewater,Richie Warren,rebound_defensive,Richie Warren Defensive Rebound,,70.0,81.0,"Collin Madson, JR Lukenbill, Kelton McEwen, Luke Bara, Richie Warren",,,
St. Thomas (TX) Celts,2025-11-14,442,H2,00:19 (H2),UW-Whitewater,Luke Bara,made_shot,Luke Bara Makes 3PT Pull Up Jump Shot,3,73.0,81.0,"Collin Madson, JR Lukenbill, Kelton McEwen, Luke Bara, Richie Warren",32 Luke Bara > Transition > Ballhandler > Dribble Jumper > Long/3pt > Make 3 Pts,,
St. Thomas (TX) Celts,2025-11-14,443,H2,,,,period_marker,End 2nd Half,,,,"Collin Madson, JR Lukenbill, Kelton McEwen, Luke Bara, Richie Warren",,,
Ripon Red Hawks,2025-11-07,0,,,,,period_marker,Start 1st Half,,,,"Brock Marino, Collin Madson, Isaac Verges, JR Lukenbill, Luke Bara",,,
Ripon Red Hawks,2025-11-07,1,H1,19:58 (H1),Ripon Red Hawks,Kolby Williams,jump_ball_won,Kolby Williams Wins Jump Ball,,0.0,0.0,"Brock Marino, Collin Madson, Isaac Verges, JR Lukenbill, Luke Bara",,,
Ripon Red Hawks,2025-11-07,2,H1,19:58 (H1),UW-Whitewater,Brock Marino,jump_ball_lost,Brock Marino Loses Jump Ball,,0.0,0.0,"Brock Marino, Collin Madson, Isaac Verges, JR Lukenbill, Luke Bara",,,
Ripon Red Hawks,2025-11-07,3,H1,19:33 (H1),Ripon Red Hawks,Seth Bunders,missed_shot,Seth Bunders Misses 3PT Jump Shot,3,0.0,0.0,"Brock Marino, Collin Madson, Isaac Verges, JR Lukenbill, Luke Bara",3 Seth Bunders > No Play Type > Dribble Jumper > Long/3pt > Miss 3 Pts,,
Ripon Red Hawks,2025-11-07,4,H1,19:27 (H1),Ripon Red Hawks,Michael Asman,rebound_offensive,Michael Asman Offensive Rebound,,0.0,0.0,"Brock Marino, Collin Madson, Isaac Verges, JR Lukenbill, Luke Bara",,,
Ripon Red Hawks,2025-11-07,5,H1,19:27 (H1),Ripon Red Hawks,Michael Asman,made_shot,Michael Asman Makes 2PT,2,0.0,2.0,"Brock Marino, Collin Madson, Isaac Verges, JR Lukenbill, Luke Bara",35 Michael Asman > Offensive Rebound > Short > Scoring Attempt > At Basket > Make 2 Pts,,
Ripon Red Hawks,2025-11-07,6,H1,19:18 (H1),UW-Whitewater,Isaac Verges,missed_shot,Isaac Verges Misses 2PT Jump Shot,2,0.0,2.0,"Brock Marino, Collin Madson, Isaac Verges, JR Lukenbill, Luke Bara",15 Collin Madson > P&R Ball Handler > High P&R > Dribble Off Pick > Defense Commits > Ball Delivered > 0 Isaac Verges > Spot-Up > No Dribble Jumper > Open > Long/3pt > Miss 3 Pts,,Snap
Ripon Red Hawks,2025-11-07,7,H1,19:11 (H1),Ripon Red Hawks,Seth Bunders,rebound_defensive,Seth Bunders Defensive Rebound,,0.0,2.0,"Brock Marino, Collin Madson, Isaac Verges, JR Lukenbill, Luke Bara",,,
Ripon Red Hawks,2025-11-07,8,H1,18:48 (H1),Ripon Red Hawks,Kolby Williams,missed_shot,Kolby Williams Misses 2PT Jump Shot,2,0.0,2.0,"Brock Marino, Collin Madson, Isaac Verges, JR Lukenbill, Luke Bara",12 Kolby Williams > Post-Up > Left Block > Face-up > Drive Middle > Miss 2 Pts,+TRANS DEF. GETTING THE BALL STOPPED. GOOD GAP (RHD) V. 12,
Ripon Red Hawks,2025-11-07,9,H1,18:44 (H1),UW-Whitewater,Collin Madson,rebound_defensive,Collin Madson Defensive Rebound,,0.0,2.0,"Brock Marino, Collin Madson, Isaac Verges, JR Lukenbill, Luke Bara",,,
Ripon Red Hawks,2025-11-07,10,H1,18:30 (H1),UW-Whitewater,Collin Madson,turnover,Collin Madson Turnover (Lost Ball),,0.0,2.0,"Brock Marino, Collin Madson, Isaac Verges, JR Lukenbill, Luke Bara",15 Collin Madson > Spot-Up > Drives Left > Turnover,,Over Cheetah
Ripon Red Hawks,2025-11-07,11,H1,18:30 (H1),Ripon Red Hawks,Kolby Williams,steal,Kolby Williams Steals,,0.0,2.0,"Brock Marino, Collin Madson, Isaac Verges, JR Lukenbill, Luke Bara",,,
Ripon Red Hawks,2025-11-07,12,H1,18:08 (H1),Ripon Red Hawks,Michael Asman,made_shot,Michael Asman Makes 3PT Jump Shot,3,0.0,5.0,"Brock Marino, Collin Madson, Isaac Verges, JR Lukenbill, Luke Bara",35 Michael Asman > Spot-Up > No Dribble Jumper > Guarded > Long/3pt > Make 3 Pts,,
Ripon Red Hawks,2025-11-07,13,H1,18:08 (H1),Ripon Red Hawks,Sam Leoni,assist,Sam Leoni Assists,,0.0,5.0,"Brock Marino, Collin Madson, Isaac Verges, JR Lukenbill, Luke Bara",,,
Ripon Red Hawks,2025-11-07,14,H1,17:51 (H1),UW-Whitewater,Isaac Verges,missed_shot,Isaac Verges Misses 2PT Layup (Blocked),2,0.0,5.0,"Brock Marino, Collin Madson, Isaac Verges, JR Lukenbill, Luke Bara",0 Isaac Verges > Spot-Up > Drives Right > To Basket > Miss 2 Pts,OFF. FILL BEHIND = CORNER!!!,
Ripon Red Hawks,2025-11-07,15,H1,17:51 (H1),Ripon Red Hawks,Michael Asman,block,Michael Asman Blocks,,0.0,5.0,"Brock Marino, Collin Madson, Isaac Verges, JR Lukenbill, Luke Bara",,,
Ripon Red Hawks,2025-11-07,16,H1,17:42 (H1),UW-Whitewater,Wis.-Whitewater,team_deadball_rebound_offensive,Wis.-Whitewater Offensive Deadball Rebound,,0.0,5.0,"Brock Marino, Collin Madson, Isaac Verges, JR Lukenbill, Luke Bara",,,
Ripon Red Hawks,2025-11-07,17,H1,17:24 (H1),UW-Whitewater,Luke Bara,missed_shot,Luke Bara Misses 3PT Jump Shot,3,0.0,5.0,"Brock Marino, Collin Madson, Isaac Verges, JR Lukenbill, Luke Bara",32 Luke Bara > Off Screen > To Shooter's Left > Straight > No Dribble Jumper > Guarded > Long/3pt > Miss 3 Pts,,
Ripon Red Hawks,2025-11-07,18,H1,17:21 (H1),Ripon Red Hawks,Seth Bunders,rebound_defensive,Seth Bunders Defensive Rebound,,0.0,5.0,"Brock Marino, Collin Madson, Isaac Verges, JR Lukenbill, Luke Bara",,,
Ripon Red Hawks,2025-11-07,19,H1,17:14 (H1),Ripon Red Hawks,Seth Bunders,made_shot,Seth Bunders Makes 3PT Jump Shot,3,0.0,8.0,"Brock Marino, Collin Madson, Isaac Verges, JR Lukenbill, Luke Bara",3 Seth Bunders > Spot-Up > No Dribble Jumper > Guarded > Long/3pt > Make 3 Pts,,
Ripon Red Hawks,2025-11-07,20,H1,17:14 (H1),Ripon Red Hawks,Sam Leoni,assist,Sam Leoni Assists,,0.0,8.0,"Brock Marino, Collin Madson, Isaac Verges, JR Lukenbill, Luke Bara",,,
Ripon Red Hawks,2025-11-07,21,H1,17:12 (H1),UW-Whitewater,Luke Bara,missed_shot,Luke Bara Misses 2PT Layup,2,0.0,8.0,"Brock Marino, Collin Madson, Isaac Verges, JR Lukenbill, Luke Bara",32 Luke Bara > P&R Ball Handler > High P&R > Go Away from Pick > To Basket > Miss 2 Pts,,
Ripon Red Hawks,2025-11-07,22,H1,17:10 (H1),Ripon Red Hawks,Michael Asman,rebound_defensive,Michael Asman Defensive Rebound,,0.0,8.0,"Brock Marino, Collin Madson, Isaac Verges, JR Lukenbill, Luke Bara",,,
Ripon Red Hawks,2025-11-07,23,H1,17:04 (H1),Ripon Red Hawks,Kolby Williams,missed_shot,Kolby Williams Misses 2PT Layup (Blocked),2,0.0,8.0,"Brock Marino, Collin Madson, Isaac Verges, JR Lukenbill, Luke Bara",12 Kolby Williams > Spot-Up > Drives Left > Dribble Jumper > Short to < 17' > Miss 2 Pts,-TRANS. DEF. = SPRINT AHEAD OF THE BALL.,
Ripon Red Hawks,2025-11-07,24,H1,17:04 (H1),UW-Whitewater,Brock Marino,block,Brock Marino Blocks,,0.0,8.0,"Brock Marino, Collin Madson, Isaac Verges, JR Lukenbill, Luke Bara",,,
Ripon Red Hawks,2025-11-07,25,H1,16:57 (H1),Ripon Red Hawks,Kolby Williams,rebound_offensive,Kolby Williams Offensive Rebound,,0.0,8.0,"Brock Marino, Collin Madson, Isaac Verges, JR Lukenbill, Luke Bara",,,
Ripon Red Hawks,2025-11-07,26,H1,16:53 (H1),Ripon Red Hawks,CJ Brown,missed_shot,CJ Brown Misses 2PT Jump Shot,2,0.0,8.0,"Brock Marino, Collin Madson, Isaac Verges, JR Lukenbill, Luke Bara",11 Sam Leoni > ISO > Top > Drives Right > Defense Commits > Ball Delivered > 13 CJ Brown > Spot-Up > Drives Left > Dribble Jumper > Short to < 17' > Miss 2 Pts,,
Ripon Red Hawks,2025-11-07,27,H1,16:50 (H1),UW-Whitewater,JR Lukenbill,rebound_defensive,JR Lukenbill Defensive Rebound,,0.0,8.0,"Brock Marino, Collin Madson, Isaac Verges, JR Lukenbill, Luke Bara",,,
Ripon Red Hawks,2025-11-07,28,H1,16:42 (H1),UW-Whitewater,Collin Madson,missed_shot,Collin Madson Misses 2PT Layup (Blocked),2,0.0,8.0,"Brock Marino, Collin Madson, Isaac Verges, JR Lukenbill, Luke Bara",15 Collin Madson > Spot-Up > Drives Left > To Basket > Miss 2 Pts,,
Ripon Red Hawks,2025-11-07,29,H1,16:42 (H1),Ripon Red Hawks,Michael Asman,block,Michael Asman Blocks,,0.0,8.0,"Brock Marino, Collin Madson, Isaac Verges, JR Lukenbill, Luke Bara",,,
Ripon Red Hawks,2025-11-07,30,H1,16:38 (H1),Ripon Red Hawks,Kolby Williams,rebound_defensive,Kolby Williams Defensive Rebound,,0.0,8.0,"Brock Marino, Collin Madson, Isaac Verges, JR Lukenbill, Luke Bara",,,
Ripon Red Hawks,2025-11-07,31,H1,16:13 (H1),Ripon Red Hawks,Kolby Williams,made_shot,Kolby Williams Makes 2PT Layup,2,0.0,10.0,"Brock Marino, Collin Madson, Isaac Verges, JR Lukenbill, Luke Bara",12 Kolby Williams > Post-Up > Right Block > Left Shoulder > Dribble Move > To Basket > Make 2 Pts,-DEF. LACK OF BALL PRESSURE/INTENSITY/ACTIVITY,
Ripon Red Hawks,2025-11-07,32,H1,16:13 (H1),Ripon Red Hawks,Sam Leoni,assist,Sam Leoni Assists,,0.0,10.0,"Brock Marino, Collin Madson, Isaac Verges, JR Lukenbill, Luke Bara",,,
Ripon Red Hawks,2025-11-07,33,H1,15:52 (H1),UW-Whitewater,Brock Marino,made_shot,Brock Marino Makes 2PT Layup,2,2.0,10.0,"Brock Marino, Collin Madson, Isaac Verges, JR Lukenbill, Luke Bara",21 Brock Marino > Post-Up > Left Block > Right Shoulder > Dribble Move > To Drop Step > Make 2 Pts,PANTHER EXECUTION. BIG = WALK YOUR MAN UP,"Panther ""P"""
Ripon Red Hawks,2025-11-07,34,H1,15:30 (H1),Ripon Red Hawks,Seth Bunders,made_shot,Seth Bunders Makes 2PT Jump Shot,2,2.0,12.0,"Brock Marino, Collin Madson, Isaac Verges, JR Lukenbill, Luke Bara",3 Seth Bunders > Spot-Up > Drives Right > Dribble Jumper > Medium/17' to <3p > Make 2 Pts,-DEF. HANDOFF = THROUGH,
Ripon Red Hawks,2025-11-07,35,H1,15:30 (H1),Ripon Red Hawks,CJ Brown,assist,CJ Brown Assists,,2.0,12.0,"Brock Marino, Collin Madson, Isaac Verges, JR Lukenbill, Luke Bara",,,
Ripon Red Hawks,2025-11-07,36,H1,15:03 (H1),UW-Whitewater,Brock Marino,missed_shot,Brock Marino Misses 2PT Layup (Blocked),2,2.0,12.0,"Brock Marino, Collin Madson, Isaac Verges, JR Lukenbill, Luke Bara",21 Brock Marino > Post-Up > Left Block > Left Shoulder > Dribble Move > To Basket > Miss 2 Pts,,
Ripon Red Hawks,2025-11-07,37,H1,15:03 (H1),Ripon Red Hawks,Kolby Williams,block,Kolby Williams Blocks,,2.0,12.0,"Brock Marino, Collin Madson, Isaac Verges, JR Lukenbill, Luke Bara",,,
Ripon Red Hawks,2025-11-07,38,H1,15:00 (H1),Ripon Red Hawks,Sam Leoni,rebound_defensive,Sam Leoni Defensive Rebound,,2.0,12.0,"Brock Marino, Collin Madson, Isaac Verges, JR Lukenbill, Luke Bara",,,
Ripon Red Hawks,2025-11-07,39,H1,14:47 (H1),Ripon Red Hawks,Seth Bunders,missed_shot,Seth Bunders Misses 2PT Layup (Blocked),2,2.0,12.0,"Brock Marino, Collin Madson, Isaac Verges, JR Lukenbill, Luke Bara",3 Seth Bunders > Spot-Up > Drives Left > To Basket > Miss 2 Pts,,
Ripon Red Hawks,2025-11-07,40,H1,14:47 (H1),UW-Whitewater,JR Lukenbill,block,JR Lukenbill Blocks,,2.0,12.0,"Brock Marino, Collin Madson, Isaac Verges, JR Lukenbill, Luke Bara",,,
Ripon Red Hawks,2025-11-07,41,H1,14:42 (H1),UW-Whitewater,Isaac Verges,rebound_defensive,Isaac Verges Defensive Rebound,,2.0,12.0,"Brock Marino, Collin Madson, Isaac Verges, JR Lukenbill, Luke Bara",,,
Ripon Red Hawks,2025-11-07,42,H1,14:41 (H1),UW-Whitewater,Isaac Verges,made_shot,Isaac Verges Makes 2PT Layup,2,4.0,12.0,"Brock Marino, Collin Madson, Isaac Verges, JR Lukenbill, Luke Bara",0 Isaac Verges > Transition > Ballhandler > To Basket > Make 2 Pts,,
Ripon Red Hawks,2025-11-07,43,H1,14:18 (H1),Ripon Red Hawks,CJ Brown,missed_shot,CJ Brown Misses 3PT Jump Shot,3,4.0,12.0,"Brock Marino, Collin Madson, Isaac Verges, JR Lukenbill, Luke Bara",11 Sam Leoni > P&R Ball Handler > Left P&R > Baseline > Dribble Off Pick > Defense Commits > Ball Delivered > 13 CJ Brown > P&R Roll Man > Pick and Pops > No Dribble Jumper > Open > Long/3pt > Miss 3 Pts,,
Ripon Red Hawks,2025-11-07,44,H1,14:14 (H1),UW-Whitewater,Brock Marino,rebound_defensive,Brock Marino Defensive Rebound,,4.0,12.0,"Brock Marino, Collin Madson, Isaac Verges, JR Lukenbill, Luke Bara",,,
Ripon Red Hawks,2025-11-07,45,H1,14:02 (H1),UW-Whitewater,Collin Madson,missed_shot,Collin Madson Misses 2PT Layup,2,4.0,12.0,"Brock Marino, Collin Madson, Isaac Verges, JR Lukenbill, Luke Bara",,,
Ripon Red Hawks,2025-11-07,46,H1,14:02 (H1),Ripon Red Hawks,Kolby Williams,rebound_defensive,Kolby Williams Defensive Rebound,,4.0,12.0,"Brock Marino, Collin Madson, Isaac Verges, JR Lukenbill, Luke Bara",,,
Ripon Red Hawks,2025-11-07,47,H1,13:56 (H1),Ripon Red Hawks,Kolby Williams,foul,Kolby Williams Commits Personal Foul,,4.0,12.0,"Brock Marino, Collin Madson, Isaac Verges, JR Lukenbill, Luke Bara",,,
Ripon Red Hawks,2025-11-07,48,H1,13:50 (H1),Ripon Red Hawks,CJ Brown,sub_out,CJ Brown Subs Out,,4.0,12.0,"Brock Marino, Collin Madson, Isaac Verges, JR Lukenbill, Luke Bara",,,
Ripon Red Hawks,2025-11-07,49,H1,13:50 (H1),Ripon Red Hawks,Michael Asman,sub_out,Michael Asman Subs Out,,4.0,12.0,"Brock Marino, Collin Madson, Isaac Verges, JR Lukenbill, Luke Bara",,,
Ripon Red Hawks,2025-11-07,50,H1,13:50 (H1),UW-Whitewater,Isaac Verges,sub_out,Isaac Verges Subs Out,,4.0,12.0,"Brock Marino, Collin Madson, Isaac Verges, JR Lukenbill, Luke Bara",,,
Ripon Red Hawks,2025-11-07,51,H1,13:50 (H1),UW-Whitewater,JR Lukenbill,sub_out,JR Lukenbill Subs Out,,4.0,12.0,"Brock Marino, Collin Madson, Isaac Verges, JR Lukenbill, Luke Bara",,,
Ripon Red Hawks,2025-11-07,52,H1,13:50 (H1),UW-Whitewater,Luke Bara,sub_out,Luke Bara Subs Out,,4.0,12.0,"Brock Marino, Collin Madson, Isaac Verges, JR Lukenbill, Luke Bara",,,
Ripon Red Hawks,2025-11-07,53,H1,13:50 (H1),Ripon Red Hawks,Jack Field,sub_in,Jack Field Subs In,,4.0,12.0,"Brock Marino, Collin Madson, Isaac Verges, JR Lukenbill, Luke Bara",,,
Ripon Red Hawks,2025-11-07,54,H1,13:50 (H1),UW-Whitewater,Jake Quast,sub_in,Jake Quast Subs In,,4.0,12.0,"Brock Marino, Collin Madson, Isaac Verges, JR Lukenbill, Luke Bara",,,
Ripon Red Hawks,2025-11-07,55,H1,13:50 (H1),UW-Whitewater,Joey Berezowitz,sub_in,Joey Berezowitz Subs In,,4.0,12.0,"Brock Marino, Collin Madson, Isaac Verges, JR Lukenbill, Luke Bara",,,
Ripon Red Hawks,2025-11-07,56,H1,13:50 (H1),Ripon Red Hawks,Jarton Davis,sub_in,Jarton Davis Subs In,,4.0,12.0,"Brock Marino, Collin Madson, Isaac Verges, JR Lukenbill, Luke Bara",,,
Ripon Red Hawks,2025-11-07,57,H1,13:46 (H1),UW-Whitewater,Collin Madson,free_throw_made,Collin Madson Makes Free Throw (1 of 1),,5.0,12.0,"Brock Marino, Collin Madson, Isaac Verges, JR Lukenbill, Luke Bara",15 Collin Madson > Non Possession > Free Throw,,
Ripon Red Hawks,2025-11-07,58,H1,13:46 (H1),UW-Whitewater,Darius Chestnut,sub_in,Darius Chestnut Subs In,,5.0,12.0,"Brock Marino, Collin Madson, Darius Chestnut, Jake Quast, Joey Berezowitz",,,
Ripon Red Hawks,2025-11-07,59,H1,13:35 (H1),Ripon Red Hawks,Jack Field,missed_shot,Jack Field Misses 3PT Jump Shot,3,5.0,12.0,"Brock Marino, Collin Madson, Darius Chestnut, Jake Quast, Joey Berezowitz",42 Jack Field > Spot-Up > No Dribble Jumper > Guarded > Long/3pt > Miss 3 Pts,,
Ripon Red Hawks,2025-11-07,60,H1,13:35 (H1),UW-Whitewater,Darius Chestnut,rebound_defensive,Darius Chestnut Defensive Rebound,,5.0,12.0,"Brock Marino, Collin Madson, Darius Chestnut, Jake Quast, Joey Berezowitz",,,
Ripon Red Hawks,2025-11-07,61,H1,13:30 (H1),Ripon Red Hawks,Jack Field,foul,Jack Field Commits Personal Foul,,5.0,12.0,"Brock Marino, Collin Madson, Darius Chestnut, Jake Quast, Joey Berezowitz",12 Jake Quast > Hand Off > From Dribble > Top > To Basket > Foul,,
Ripon Red Hawks,2025-11-07,62,H1,13:29 (H1),UW-Whitewater,Jake Quast,free_throw_missed,Jake Quast Misses Free Throw (1 of 2),,5.0,12.0,"Brock Marino, Collin Madson, Darius Chestnut, Jake Quast, Joey Berezowitz",12 Jake Quast > Non Possession > Free Throw,,
Ripon Red Hawks,2025-11-07,63,H1,13:29 (H1),UW-Whitewater,Wis.-Whitewater,team_deadball_rebound_offensive,Wis.-Whitewater Offensive Deadball Rebound,,5.0,12.0,"Brock Marino, Collin Madson, Darius Chestnut, Jake Quast, Joey Berezowitz",,,
Ripon Red Hawks,2025-11-07,64,H1,13:29 (H1),UW-Whitewater,Jake Quast,free_throw_made,Jake Quast Makes Free Throw (2 of 2),,6.0,12.0,"Brock Marino, Collin Madson, Darius Chestnut, Jake Quast, Joey Berezowitz",12 Jake Quast > Non Possession > Free Throw,,
Ripon Red Hawks,2025-11-07,65,H1,13:29 (H1),Ripon Red Hawks,Seth Bunders,sub_out,Seth Bunders Subs Out,,6.0,12.0,"Brock Marino, Collin Madson, Darius Chestnut, Jake Quast, Joey Berezowitz",,,
Ripon Red Hawks,2025-11-07,66,H1,13:29 (H1),Ripon Red Hawks,Isaac Knoll,sub_in,Isaac Knoll Subs In,,6.0,12.0,"Brock Marino, Collin Madson, Darius Chestnut, Jake Quast, Joey Berezowitz",,,
Ripon Red Hawks,2025-11-07,67,H1,13:02 (H1),Ripon Red Hawks,Jack Field,missed_shot,Jack Field Misses 3PT Jump Shot,3,6.0,12.0,"Brock Marino, Collin Madson, Darius Chestnut, Jake Quast, Joey Berezowitz",42 Jack Field > Spot-Up > No Dribble Jumper > Open > Long/3pt > Miss 3 Pts,"DEF. = GOOD TAG V. EMPTY, MISSED NON-SWITCH, STUNT",
Ripon Red Hawks,2025-11-07,68,H1,12:59 (H1),UW-Whitewater,Darius Chestnut,rebound_defensive,Darius Chestnut Defensive Rebound,,6.0,12.0,"Brock Marino, Collin Madson, Darius Chestnut, Jake Quast, Joey Berezowitz",,,
Ripon Red Hawks,2025-11-07,69,H1,12:46 (H1),UW-Whitewater,Darius Chestnut,missed_shot,Darius Chestnut Misses 3PT Jump Shot,3,6.0,12.0,"Brock Marino, Collin Madson, Darius Chestnut, Jake Quast, Joey Berezowitz",21 Brock Marino > Post-Up > Left Block > Left Shoulder > Dribble Move > Defense Commits > Ball Delivered > 10 Darius Chestnut > Spot-Up > No Dribble Jumper > Open > Long/3pt > Miss 3 Pts,,
Ripon Red Hawks,2025-11-07,70,H1,12:43 (H1),UW-Whitewater,Wis.-Whitewater,team_deadball_rebound_offensive,Wis.-Whitewater Offensive Deadball Rebound,,6.0,12.0,"Brock Marino, Collin Madson, Darius Chestnut, Jake Quast, Joey Berezowitz",,,
Ripon Red Hawks,2025-11-07,71,H1,12:31 (H1),Ripon Red Hawks,Kolby Williams,sub_out,Kolby Williams Subs Out,,6.0,12.0,"Brock Marino, Collin Madson, Darius Chestnut, Jake Quast, Joey Berezowitz",,,
Ripon Red Hawks,2025-11-07,72,H1,12:31 (H1),Ripon Red Hawks,Michael Asman,sub_in,Michael Asman Subs In,,6.0,12.0,"Brock Marino, Collin Madson, Darius Chestnut, Jake Quast, Joey Berezowitz",,,
Ripon Red Hawks,2025-11-07,73,H1,12:31 (H1),UW-Whitewater,Brock Marino,sub_out,Brock Marino Subs Out,,6.0,12.0,"Brock Marino, Collin Madson, Darius Chestnut, Jake Quast, Joey Berezowitz",,,
Ripon Red Hawks,2025-11-07,74,H1,12:31 (H1),UW-Whitewater,Collin Madson,sub_out,Collin Madson Subs Out,,6.0,12.0,"Brock Marino, Collin Madson, Darius Chestnut, Jake Quast, Joey Berezowitz",,,
Ripon Red Hawks,2025-11-07,75,H1,12:31 (H1),Ripon Red Hawks,Isaac Knoll,sub_out,Isaac Knoll Subs Out,,6.0,12.0,"Brock Marino, Collin Madson, Darius Chestnut, Jake Quast, Joey Berezowitz",,,
Ripon Red Hawks,2025-11-07,76,H1,12:31 (H1),UW-Whitewater,JR Lukenbill,sub_in,JR Lukenbill Subs In,,6.0,12.0,"Brock Marino, Collin Madson, Darius Chestnut, Jake Quast, Joey Berezowitz",,,
Ripon Red Hawks,2025-11-07,77,H1,12:31 (H1),UW-Whitewater,Austin Ambrose,sub_in,Austin Ambrose Subs In,,6.0,12.0,"Austin Ambrose, Darius Chestnut, JR Lukenbill, Jake Quast, Joey Berezowitz",,,
Ripon Red Hawks,2025-11-07,78,H1,12:31 (H1),Ripon Red Hawks,CJ Brown,sub_in,CJ Brown Subs In,,6.0,12.0,"Austin Ambrose, Darius Chestnut, JR Lukenbill, Jake Quast, Joey Berezowitz",,,
Ripon Red Hawks,2025-11-07,79,H1,12:31 (H1),UW-Whitewater,Jake Quast,foul,Jake Quast Commits Offensive Foul,,6.0,12.0,"Austin Ambrose, Darius Chestnut, JR Lukenbill, Jake Quast, Joey Berezowitz",,,
Ripon Red Hawks,2025-11-07,80,H1,12:31 (H1),UW-Whitewater,Jake Quast,turnover,Jake Quast Turnover (Offensive Foul),,6.0,12.0,"Austin Ambrose, Darius Chestnut, JR Lukenbill, Jake Quast, Joey Berezowitz",12 Jake Quast > No Play Type > Turnover,,
Ripon Red Hawks,2025-11-07,81,H1,12:20 (H1),Ripon Red Hawks,Jarton Davis,missed_shot,Jarton Davis Misses 3PT Jump Shot,3,6.0,12.0,"Austin Ambrose, Darius Chestnut, JR Lukenbill, Jake Quast, Joey Berezowitz",4 Jarton Davis > Spot-Up > No Dribble Jumper > Guarded > Long/3pt > Miss 3 Pts,,
Ripon Red Hawks,2025-11-07,82,H1,12:12 (H1),UW-Whitewater,Joey Berezowitz,rebound_defensive,Joey Berezowitz Defensive Rebound,,6.0,12.0,"Austin Ambrose, Darius Chestnut, JR Lukenbill, Jake Quast, Joey Berezowitz",,,
Ripon Red Hawks,2025-11-07,83,H1,11:58 (H1),UW-Whitewater,Austin Ambrose,turnover,Austin Ambrose Turnover (Travel),,6.0,12.0,"Austin Ambrose, Darius Chestnut, JR Lukenbill, Jake Quast, Joey Berezowitz",22 Joey Berezowitz > P&R Ball Handler > Right P&R > Side > Dribble Off Pick > Defense Commits > Ball Delivered > 20 Austin Ambrose > P&R Roll Man > Pick and Pops > Drives Left > Turnover,,
Ripon Red Hawks,2025-11-07,84,H1,11:40 (H1),Ripon Red Hawks,Jack Field,made_shot,Jack Field Makes 2PT Layup,2,6.0,14.0,"Austin Ambrose, Darius Chestnut, JR Lukenbill, Jake Quast, Joey Berezowitz",42 Jack Field > Post-Up > Right Block > Right Shoulder > Dribble Move > To Jumper > Make 2 Pts Foul > 1 Pts,"DEF. = +SWITCH, +CORNER CLOSEOUT, -ALLOW THE BALL INSIDE",
Ripon Red Hawks,2025-11-07,85,H1,11:40 (H1),Ripon Red Hawks,Jarton Davis,assist,Jarton Davis Assists,,6.0,14.0,"Austin Ambrose, Darius Chestnut, JR Lukenbill, Jake Quast, Joey Berezowitz",,,
Ripon Red Hawks,2025-11-07,86,H1,11:40 (H1),UW-Whitewater,Austin Ambrose,foul,Austin Ambrose Commits Personal Foul,,6.0,14.0,"Austin Ambrose, Darius Chestnut, JR Lukenbill, Jake Quast, Joey Berezowitz",,,
Ripon Red Hawks,2025-11-07,87,H1,11:40 (H1),Ripon Red Hawks,Jack Field,free_throw_made,Jack Field Makes Free Throw (1 of 1),,6.0,15.0,"Austin Ambrose, Darius Chestnut, JR Lukenbill, Jake Quast, Joey Berezowitz",42 Jack Field > Non Possession > Free Throw,"DEF. = +SWITCH, +CORNER CLOSEOUT, -ALLOW THE BALL INSIDE",
Ripon Red Hawks,2025-11-07,88,H1,11:25 (H1),UW-Whitewater,JR Lukenbill,made_shot,JR Lukenbill Makes 2PT Layup,2,8.0,15.0,"Austin Ambrose, Darius Chestnut, JR Lukenbill, Jake Quast, Joey Berezowitz",10 Darius Chestnut > P&R Ball Handler > Left P&R > Side > Dribble Off Pick > Defense Commits > Ball Delivered > 11 Jr Lukenbill > Cut > Screen > Make 2 Pts,,
Ripon Red Hawks,2025-11-07,89,H1,11:07 (H1),Ripon Red Hawks,Michael Asman,turnover,Michael Asman Turnover (Lost Ball),,8.0,15.0,"Austin Ambrose, Darius Chestnut, JR Lukenbill, Jake Quast, Joey Berezowitz",4 Jarton Davis > P&R Ball Handler > Right P&R > Baseline > Dribble Off Pick > Defense Commits > Ball Delivered > 35 Michael Asman > P&R Roll Man > Pick and Pops > Drives Left > Turnover,DEF. = MISSED SWITCH LEADS TO BAD CLOSEOUT,
Ripon Red Hawks,2025-11-07,90,H1,11:07 (H1),UW-Whitewater,Austin Ambrose,steal,Austin Ambrose Steals,,8.0,15.0,"Austin Ambrose, Darius Chestnut, JR Lukenbill, Jake Quast, Joey Berezowitz",,,
Ripon Red Hawks,2025-11-07,91,H1,11:02 (H1),Ripon Red Hawks,Sam Leoni,foul,Sam Leoni Commits Personal Foul,,8.0,15.0,"Austin Ambrose, Darius Chestnut, JR Lukenbill, Jake Quast, Joey Berezowitz",10 Darius Chestnut > Transition > Right Wing > To Basket > Foul,,
Ripon Red Hawks,2025-11-07,92,H1,11:02 (H1),UW-Whitewater,Darius Chestnut,free_throw_missed,Darius Chestnut Misses Free Throw (1 of 2),,8.0,15.0,"Austin Ambrose, Darius Chestnut, JR Lukenbill, Jake Quast, Joey Berezowitz",10 Darius Chestnut > Non Possession > Free Throw,,
Ripon Red Hawks,2025-11-07,93,H1,11:02 (H1),UW-Whitewater,Wis.-Whitewater,team_deadball_rebound_offensive,Wis.-Whitewater Offensive Deadball Rebound,,8.0,15.0,"Austin Ambrose, Darius Chestnut, JR Lukenbill, Jake Quast, Joey Berezowitz",,,
Ripon Red Hawks,2025-11-07,94,H1,11:02 (H1),UW-Whitewater,Darius Chestnut,free_throw_made,Darius Chestnut Makes Free Throw (2 of 2),,9.0,15.0,"Austin Ambrose, Darius Chestnut, JR Lukenbill, Jake Quast, Joey Berezowitz",10 Darius Chestnut > Non Possession > Free Throw,,
Ripon Red Hawks,2025-11-07,95,H1,11:02 (H1),Ripon Red Hawks,Sam Leoni,sub_out,Sam Leoni Subs Out,,9.0,15.0,"Austin Ambrose, Darius Chestnut, JR Lukenbill, Jake Quast, Joey Berezowitz",,,
Ripon Red Hawks,2025-11-07,96,H1,11:02 (H1),Ripon Red Hawks,CJ Brown,sub_out,CJ Brown Subs Out,,9.0,15.0,"Austin Ambrose, Darius Chestnut, JR Lukenbill, Jake Quast, Joey Berezowitz",,,
Ripon Red Hawks,2025-11-07,97,H1,11:02 (H1),Ripon Red Hawks,Jack Field,sub_out,Jack Field Subs Out,,9.0,15.0,"Austin Ambrose, Darius Chestnut, JR Lukenbill, Jake Quast, Joey Berezowitz",,,
Ripon Red Hawks,2025-11-07,98,H1,11:02 (H1),Ripon Red Hawks,Seth Bunders,sub_in,Seth Bunders Subs In,,9.0,15.0,"Austin Ambrose, Darius Chestnut, JR Lukenbill, Jake Quast, Joey Berezowitz",,,
Ripon Red Hawks,2025-11-07,99,H1,11:02 (H1),Ripon Red Hawks,Kolby Williams,sub_in,Kolby Williams Subs In,,9.0,15.0,"Austin Ambrose, Darius Chestnut, JR Lukenbill, Jake Quast, Joey Berezowitz",,,
Ripon Red Hawks,2025-11-07,100,H1,11:02 (H1),Ripon Red Hawks,Keenan Rahn,sub_in,Keenan Rahn Subs In,,9.0,15.0,"Austin Ambrose, Darius Chestnut, JR Lukenbill, Jake Quast, Joey Berezowitz",,,
Ripon Red Hawks,2025-11-07,101,H1,10:46 (H1),Ripon Red Hawks,Seth Bunders,made_shot,Seth Bunders Makes 2PT Jump Shot,2,9.0,17.0,"Austin Ambrose, Darius Chestnut, JR Lukenbill, Jake Quast, Joey Berezowitz",3 Seth Bunders > Hand Off > From Stationary > Top > Dribble Jumper > Short to < 17' > Make 2 Pts,No Contest,
Ripon Red Hawks,2025-11-07,102,H1,10:34 (H1),UW-Whitewater,JR Lukenbill,missed_shot,JR Lukenbill Misses 3PT Jump Shot,3,9.0,17.0,"Austin Ambrose, Darius Chestnut, JR Lukenbill, Jake Quast, Joey Berezowitz",11 Jr Lukenbill > Spot-Up > No Dribble Jumper > Guarded > Long/3pt > Miss 3 Pts,,
Ripon Red Hawks,2025-11-07,103,H1,10:24 (H1),Ripon Red Hawks,Ripon,team_deadball_rebound_defensive,Ripon Defensive Deadball Rebound,,9.0,17.0,"Austin Ambrose, Darius Chestnut, JR Lukenbill, Jake Quast, Joey Berezowitz",,,
Ripon Red Hawks,2025-11-07,104,H1,10:23 (H1),Ripon Red Hawks,Keenan Rahn,sub_out,Keenan Rahn Subs Out,,9.0,17.0,"Austin Ambrose, Darius Chestnut, JR Lukenbill, Jake Quast, Joey Berezowitz",,,
Ripon Red Hawks,2025-11-07,105,H1,10:23 (H1),Ripon Red Hawks,CJ Brown,sub_in,CJ Brown Subs In,,9.0,17.0,"Austin Ambrose, Darius Chestnut, JR Lukenbill, Jake Quast, Joey Berezowitz",,,
Ripon Red Hawks,2025-11-07,106,H1,10:23 (H1),UW-Whitewater,Jake Quast,sub_out,Jake Quast Subs Out,,9.0,17.0,"Austin Ambrose, Darius Chestnut, JR Lukenbill, Jake Quast, Joey Berezowitz",,,
Ripon Red Hawks,2025-11-07,107,H1,10:23 (H1),UW-Whitewater,Collin Madson,sub_in,Collin Madson Subs In,,9.0,17.0,"Austin Ambrose, Collin Madson, Darius Chestnut, JR Lukenbill, Joey Berezowitz",,,
Ripon Red Hawks,2025-11-07,108,H1,10:11 (H1),Ripon Red Hawks,Jarton Davis,missed_shot,Jarton Davis Misses 2PT Jump Shot,2,9.0,17.0,"Austin Ambrose, Collin Madson, Darius Chestnut, JR Lukenbill, Joey Berezowitz",4 Jarton Davis > P&R Ball Handler > High P&R > Takes Early Jump Shot > Dribble Jumper > Medium/17' to <3p > Miss 2 Pts,"DEF. = +THROUGH V. HANDOFF, +BOXOUT, -STAY ENGAGED",
Ripon Red Hawks,2025-11-07,109,H1,10:07 (H1),Ripon Red Hawks,Ripon,team_deadball_rebound_offensive,Ripon Offensive Deadball Rebound,,9.0,17.0,"Austin Ambrose, Collin Madson, Darius Chestnut, JR Lukenbill, Joey Berezowitz",,,
Ripon Red Hawks,2025-11-07,110,H1,10:07 (H1),UW-Whitewater,JR Lukenbill,sub_out,JR Lukenbill Subs Out,,9.0,17.0,"Austin Ambrose, Collin Madson, Darius Chestnut, JR Lukenbill, Joey Berezowitz",,,
Ripon Red Hawks,2025-11-07,111,H1,10:07 (H1),UW-Whitewater,Richie Warren,sub_in,Richie Warren Subs In,,9.0,17.0,"Austin Ambrose, Collin Madson, Darius Chestnut, Joey Berezowitz, Richie Warren",,,
Ripon Red Hawks,2025-11-07,112,H1,10:00 (H1),Ripon Red Hawks,Seth Bunders,turnover,Seth Bunders Turnover (Bad Pass),,9.0,17.0,"Austin Ambrose, Collin Madson, Darius Chestnut, Joey Berezowitz, Richie Warren",3 Seth Bunders > No Play Type > Turnover,,
Ripon Red Hawks,2025-11-07,113,H1,09:44 (H1),UW-Whitewater,Collin Madson,made_shot,Collin Madson Makes 3PT Jump Shot,3,12.0,17.0,"Austin Ambrose, Collin Madson, Darius Chestnut, Joey Berezowitz, Richie Warren",15 Collin Madson > P&R Ball Handler > High P&R > Dribble Off Pick > Dribble Jumper > Long/3pt > Make 3 Pts,,Twins Right
Ripon Red Hawks,2025-11-07,114,H1,09:26 (H1),Ripon Red Hawks,Seth Bunders,turnover,Seth Bunders Turnover (Bad Pass),,12.0,17.0,"Austin Ambrose, Collin Madson, Darius Chestnut, Joey Berezowitz, Richie Warren",3 Seth Bunders > Off Screen > To Shooter's Right > Straight > Turnover,,
Ripon Red Hawks,2025-11-07,115,H1,09:26 (H1),UW-Whitewater,Joey Berezowitz,steal,Joey Berezowitz Steals,,12.0,17.0,"Austin Ambrose, Collin Madson, Darius Chestnut, Joey Berezowitz, Richie Warren",,,
Ripon Red Hawks,2025-11-07,116,H1,09:13 (H1),UW-Whitewater,Richie Warren,turnover,Richie Warren Turnover (Bad Pass),,12.0,17.0,"Austin Ambrose, Collin Madson, Darius Chestnut, Joey Berezowitz, Richie Warren",24 Richie Warren > Spot-Up > Drives Left > Turnover,,
Ripon Red Hawks,2025-11-07,117,H1,09:13 (H1),Ripon Red Hawks,Michael Asman,steal,Michael Asman Steals,,12.0,17.0,"Austin Ambrose, Collin Madson, Darius Chestnut, Joey Berezowitz, Richie Warren",,,
Ripon Red Hawks,2025-11-07,118,H1,08:50 (H1),UW-Whitewater,Richie Warren,foul,Richie Warren Commits Personal Foul,,12.0,17.0,"Austin Ambrose, Collin Madson, Darius Chestnut, Joey Berezowitz, Richie Warren",35 Michael Asman > Non Possession > Non Shooting Foul,,
Ripon Red Hawks,2025-11-07,119,H1,08:50 (H1),Ripon Red Hawks,Jarton Davis,sub_out,Jarton Davis Subs Out,,12.0,17.0,"Austin Ambrose, Collin Madson, Darius Chestnut, Joey Berezowitz, Richie Warren",,,
Ripon Red Hawks,2025-11-07,120,H1,08:50 (H1),Ripon Red Hawks,Michael Asman,sub_out,Michael Asman Subs Out,,12.0,17.0,"Austin Ambrose, Collin Madson, Darius Chestnut, Joey Berezowitz, Richie Warren",,,
Ripon Red Hawks,2025-11-07,121,H1,08:50 (H1),UW-Whitewater,Joey Berezowitz,sub_out,Joey Berezowitz Subs Out,,12.0,17.0,"Austin Ambrose, Collin Madson, Darius Chestnut, Joey Berezowitz, Richie Warren",,,
Ripon Red Hawks,2025-11-07,122,H1,08:50 (H1),Ripon Red Hawks,Jack Field,sub_in,Jack Field Subs In,,12.0,17.0,"Austin Ambrose, Collin Madson, Darius Chestnut, Joey Berezowitz, Richie Warren",,,
Ripon Red Hawks,2025-11-07,123,H1,08:50 (H1),Ripon Red Hawks,Sam Leoni,sub_in,Sam Leoni Subs In,,12.0,17.0,"Austin Ambrose, Collin Madson, Darius Chestnut, Joey Berezowitz, Richie Warren",,,
Ripon Red Hawks,2025-11-07,124,H1,08:50 (H1),UW-Whitewater,Isaac Verges,sub_in,Isaac Verges Subs In,,12.0,17.0,"Austin Ambrose, Collin Madson, Darius Chestnut, Isaac Verges, Richie Warren",,,
Ripon Red Hawks,2025-11-07,125,H1,08:45 (H1),UW-Whitewater,Austin Ambrose,foul,Austin Ambrose Commits Personal Foul,,12.0,17.0,"Austin Ambrose, Collin Madson, Darius Chestnut, Isaac Verges, Richie Warren",3 Seth Bunders > Non Possession > Non Shooting Foul,,
Ripon Red Hawks,2025-11-07,126,H1,08:45 (H1),UW-Whitewater,Austin Ambrose,sub_out,Austin Ambrose Subs Out,,12.0,17.0,"Austin Ambrose, Collin Madson, Darius Chestnut, Isaac Verges, Richie Warren",,,
Ripon Red Hawks,2025-11-07,127,H1,08:45 (H1),UW-Whitewater,Brock Marino,sub_in,Brock Marino Subs In,,12.0,17.0,"Brock Marino, Collin Madson, Darius Chestnut, Isaac Verges, Richie Warren",,,
Ripon Red Hawks,2025-11-07,128,H1,08:33 (H1),Ripon Red Hawks,Kolby Williams,missed_shot,Kolby Williams Misses 2PT Layup,2,12.0,17.0,"Brock Marino, Collin Madson, Darius Chestnut, Isaac Verges, Richie Warren",12 Kolby Williams > Post-Up > Right Block > Left Shoulder > Dribble Move > To Basket > Miss 2 Pts,,
Ripon Red Hawks,2025-11-07,129,H1,08:29 (H1),Ripon Red Hawks,Kolby Williams,rebound_offensive,Kolby Williams Offensive Rebound,,12.0,17.0,"Brock Marino, Collin Madson, Darius Chestnut, Isaac Verges, Richie Warren",,,
Ripon Red Hawks,2025-11-07,130,H1,08:29 (H1),Ripon Red Hawks,Kolby Williams,missed_shot,Kolby Williams Misses 2PT,2,12.0,17.0,"Brock Marino, Collin Madson, Darius Chestnut, Isaac Verges, Richie Warren",,,
Ripon Red Hawks,2025-11-07,131,H1,08:27 (H1),Ripon Red Hawks,Jack Field,rebound_offensive,Jack Field Offensive Rebound,,12.0,17.0,"Brock Marino, Collin Madson, Darius Chestnut, Isaac Verges, Richie Warren",,,
Ripon Red Hawks,2025-11-07,132,H1,08:22 (H1),Ripon Red Hawks,Kolby Williams,foul,Kolby Williams Commits Offensive Foul,,12.0,17.0,"Brock Marino, Collin Madson, Darius Chestnut, Isaac Verges, Richie Warren",,,
Ripon Red Hawks,2025-11-07,133,H1,08:22 (H1),Ripon Red Hawks,Kolby Williams,turnover,Kolby Williams Turnover (Offensive Foul),,12.0,17.0,"Brock Marino, Collin Madson, Darius Chestnut, Isaac Verges, Richie Warren",12 Kolby Williams > No Play Type > Turnover,,
Ripon Red Hawks,2025-11-07,134,H1,08:14 (H1),Ripon Red Hawks,CJ Brown,foul,CJ Brown Commits Personal Foul,,12.0,17.0,"Brock Marino, Collin Madson, Darius Chestnut, Isaac Verges, Richie Warren",15 Collin Madson > Non Possession > Non Shooting Foul,,
Ripon Red Hawks,2025-11-07,135,H1,08:14 (H1),Ripon Red Hawks,Kolby Williams,sub_out,Kolby Williams Subs Out,,12.0,17.0,"Brock Marino, Collin Madson, Darius Chestnut, Isaac Verges, Richie Warren",,,
Ripon Red Hawks,2025-11-07,136,H1,08:14 (H1),Ripon Red Hawks,Michael Asman,sub_in,Michael Asman Subs In,,12.0,17.0,"Brock Marino, Collin Madson, Darius Chestnut, Isaac Verges, Richie Warren",,,
Ripon Red Hawks,2025-11-07,137,H1,07:56 (H1),UW-Whitewater,Collin Madson,made_shot,Collin Madson Makes 2PT Layup,2,14.0,17.0,"Brock Marino, Collin Madson, Darius Chestnut, Isaac Verges, Richie Warren",15 Collin Madson > Post-Up > Left Block > Left Shoulder > Dribble Move > To Hook > Make 2 Pts,"TWINS SWIRL EXECUTION = +CUT, -GET TO DEFENDERS BODY, -PASSER LOWER",
Ripon Red Hawks,2025-11-07,138,H1,07:43 (H1),Ripon Red Hawks,Michael Asman,missed_shot,Michael Asman Misses 3PT Jump Shot,3,14.0,17.0,"Brock Marino, Collin Madson, Darius Chestnut, Isaac Verges, Richie Warren",3 Seth Bunders > P&R Ball Handler > High P&R > Dribble Off Pick > Defense Commits > Ball Delivered > 35 Michael Asman > P&R Roll Man > Pick and Pops > No Dribble Jumper > Open > Long/3pt > Miss 3 Pts,,
Ripon Red Hawks,2025-11-07,139,H1,07:39 (H1),UW-Whitewater,Wis.-Whitewater,team_deadball_rebound_defensive,Wis.-Whitewater Defensive Deadball Rebound,,14.0,17.0,"Brock Marino, Collin Madson, Darius Chestnut, Isaac Verges, Richie Warren",,,
Ripon Red Hawks,2025-11-07,140,H1,07:27 (H1),UW-Whitewater,Collin Madson,missed_shot,Collin Madson Misses 3PT Jump Shot,3,14.0,17.0,"Brock Marino, Collin Madson, Darius Chestnut, Isaac Verges, Richie Warren",15 Collin Madson > Off Screen > To Shooter's Left > Straight > No Dribble Jumper > Open > Long/3pt > Miss 3 Pts,,Snap
Ripon Red Hawks,2025-11-07,141,H1,07:23 (H1),Ripon Red Hawks,Seth Bunders,rebound_defensive,Seth Bunders Defensive Rebound,,14.0,17.0,"Brock Marino, Collin Madson, Darius Chestnut, Isaac Verges, Richie Warren",,,
Ripon Red Hawks,2025-11-07,142,H1,07:20 (H1),UW-Whitewater,Collin Madson,foul,Collin Madson Commits Personal Foul,,14.0,17.0,"Brock Marino, Collin Madson, Darius Chestnut, Isaac Verges, Richie Warren",3 Seth Bunders > Transition > Ballhandler > To Basket > Foul,,
Ripon Red Hawks,2025-11-07,143,H1,07:20 (H1),Ripon Red Hawks,Seth Bunders,free_throw_missed,Seth Bunders Misses Free Throw (1 of 2),,14.0,17.0,"Brock Marino, Collin Madson, Darius Chestnut, Isaac Verges, Richie Warren",3 Seth Bunders > Non Possession > Free Throw,,
Ripon Red Hawks,2025-11-07,144,H1,07:20 (H1),Ripon Red Hawks,Ripon,team_deadball_rebound_offensive,Ripon Offensive Deadball Rebound,,14.0,17.0,"Brock Marino, Collin Madson, Darius Chestnut, Isaac Verges, Richie Warren",,,
Ripon Red Hawks,2025-11-07,145,H1,07:20 (H1),Ripon Red Hawks,Seth Bunders,free_throw_made,Seth Bunders Makes Free Throw (2 of 2),,14.0,18.0,"Brock Marino, Collin Madson, Darius Chestnut, Isaac Verges, Richie Warren",3 Seth Bunders > Non Possession > Free Throw,,
Ripon Red Hawks,2025-11-07,146,H1,07:20 (H1),UW-Whitewater,Darius Chestnut,sub_out,Darius Chestnut Subs Out,,14.0,18.0,"Brock Marino, Collin Madson, Darius Chestnut, Isaac Verges, Richie Warren",,,
Ripon Red Hawks,2025-11-07,147,H1,07:20 (H1),UW-Whitewater,Luke Bara,sub_in,Luke Bara Subs In,,14.0,18.0,"Brock Marino, Collin Madson, Isaac Verges, Luke Bara, Richie Warren",,,
Ripon Red Hawks,2025-11-07,148,H1,07:20 (H1),Ripon Red Hawks,,timeout,Ripon Timeout,,14.0,18.0,"Brock Marino, Collin Madson, Isaac Verges, Luke Bara, Richie Warren",,,
Ripon Red Hawks,2025-11-07,149,H1,06:53 (H1),UW-Whitewater,Collin Madson,made_shot,Collin Madson Makes 2PT Layup,2,16.0,18.0,"Brock Marino, Collin Madson, Isaac Verges, Luke Bara, Richie Warren",0 Isaac Verges > P&R Ball Handler > High P&R > Dribble Off Pick > Defense Commits > Ball Delivered > 15 Collin Madson > Spot-Up > Drives Left > To Basket > Make 2 Pts,"P-4 EXECUTION, 4 WAIT UNTIL 5 CATCHES & CUT TIGHTER, +ACTION","Panther-4 ""P4"""
Ripon Red Hawks,2025-11-07,150,H1,06:33 (H1),Ripon Red Hawks,Sam Leoni,missed_shot,Sam Leoni Misses 3PT Jump Shot,3,16.0,18.0,"Brock Marino, Collin Madson, Isaac Verges, Luke Bara, Richie Warren",13 CJ Brown > P&R Ball Handler > Left P&R > Side > Defense Commits > Ball Delivered > 11 Sam Leoni > Spot-Up > No Dribble Jumper > Guarded > Long/3pt > Miss 3 Pts,"DEF. = GOOD TAG, -POOR TALK ON X-OUT",
Ripon Red Hawks,2025-11-07,151,H1,06:30 (H1),UW-Whitewater,Richie Warren,rebound_defensive,Richie Warren Defensive Rebound,,16.0,18.0,"Brock Marino, Collin Madson, Isaac Verges, Luke Bara, Richie Warren",,,
Ripon Red Hawks,2025-11-07,152,H1,06:26 (H1),UW-Whitewater,Richie Warren,missed_shot,Richie Warren Misses 3PT Jump Shot,3,16.0,18.0,"Brock Marino, Collin Madson, Isaac Verges, Luke Bara, Richie Warren",24 Richie Warren > Transition > Trailer > No Dribble Jumper > Open > Medium/17' to <3p > Miss 2 Pts,,
Ripon Red Hawks,2025-11-07,153,H1,06:21 (H1),UW-Whitewater,Isaac Verges,rebound_offensive,Isaac Verges Offensive Rebound,,16.0,18.0,"Brock Marino, Collin Madson, Isaac Verges, Luke Bara, Richie Warren",,,
Ripon Red Hawks,2025-11-07,154,H1,06:16 (H1),Ripon Red Hawks,Seth Bunders,foul,Seth Bunders Commits Personal Foul,,16.0,18.0,"Brock Marino, Collin Madson, Isaac Verges, Luke Bara, Richie Warren",0 Isaac Verges > Non Possession > Non Shooting Foul,,
Ripon Red Hawks,2025-11-07,155,H1,06:10 (H1),Ripon Red Hawks,Michael Asman,foul,Michael Asman Commits Personal Foul,,16.0,18.0,"Brock Marino, Collin Madson, Isaac Verges, Luke Bara, Richie Warren",21 Brock Marino > Hand Off > From Dribble > Right > To Basket > Foul,,
Ripon Red Hawks,2025-11-07,156,H1,06:10 (H1),UW-Whitewater,Brock Marino,free_throw_missed,Brock Marino Misses Free Throw (1 of 2),,16.0,18.0,"Brock Marino, Collin Madson, Isaac Verges, Luke Bara, Richie Warren",21 Brock Marino > Non Possession > Free Throw,,
Ripon Red Hawks,2025-11-07,157,H1,06:10 (H1),UW-Whitewater,Wis.-Whitewater,team_deadball_rebound_offensive,Wis.-Whitewater Offensive Deadball Rebound,,16.0,18.0,"Brock Marino, Collin Madson, Isaac Verges, Luke Bara, Richie Warren",,,
Ripon Red Hawks,2025-11-07,158,H1,06:10 (H1),UW-Whitewater,Brock Marino,free_throw_missed,Brock Marino Misses Free Throw (2 of 2),,16.0,18.0,"Brock Marino, Collin Madson, Isaac Verges, Luke Bara, Richie Warren",21 Brock Marino > Non Possession > Free Throw,,
Ripon Red Hawks,2025-11-07,159,H1,06:06 (H1),UW-Whitewater,Richie Warren,rebound_offensive,Richie Warren Offensive Rebound,,16.0,18.0,"Brock Marino, Collin Madson, Isaac Verges, Luke Bara, Richie Warren",,,
Ripon Red Hawks,2025-11-07,160,H1,06:06 (H1),UW-Whitewater,Richie Warren,missed_shot,Richie Warren Misses 2PT Layup,2,16.0,18.0,"Brock Marino, Collin Madson, Isaac Verges, Luke Bara, Richie Warren",,,
Ripon Red Hawks,2025-11-07,161,H1,06:04 (H1),UW-Whitewater,Brock Marino,rebound_offensive,Brock Marino Offensive Rebound,,16.0,18.0,"Brock Marino, Collin Madson, Isaac Verges, Luke Bara, Richie Warren",,,
Ripon Red Hawks,2025-11-07,162,H1,06:03 (H1),Ripon Red Hawks,,jump_ball_held,Jump Ball (Held Ball),,16.0,18.0,"Brock Marino, Collin Madson, Isaac Verges, Luke Bara, Richie Warren",,,
Ripon Red Hawks,2025-11-07,163,H1,06:03 (H1),UW-Whitewater,,jump_ball_held,Jump Ball (Held Ball),,16.0,18.0,"Brock Marino, Collin Madson, Isaac Verges, Luke Bara, Richie Warren",,,
Ripon Red Hawks,2025-11-07,164,H1,06:01 (H1),UW-Whitewater,Collin Madson,made_shot,Collin Madson Makes 3PT Jump Shot,3,19.0,18.0,"Brock Marino, Collin Madson, Isaac Verges, Luke Bara, Richie Warren",15 Collin Madson > Off Screen > To Shooter's Right > Straight > No Dribble Jumper > Guarded > Long/3pt > Make 3 Pts,LEADS TO POINTS,
Ripon Red Hawks,2025-11-07,165,H1,06:01 (H1),UW-Whitewater,Isaac Verges,assist,Isaac Verges Assists,,19.0,18.0,"Brock Marino, Collin Madson, Isaac Verges, Luke Bara, Richie Warren",,,
Ripon Red Hawks,2025-11-07,166,H1,05:44 (H1),Ripon Red Hawks,Jack Field,missed_shot,Jack Field Misses 2PT Jump Shot,2,19.0,18.0,"Brock Marino, Collin Madson, Isaac Verges, Luke Bara, Richie Warren",3 Seth Bunders > P&R Ball Handler > Right P&R > Baseline > Dribble Off Pick > Defense Commits > Ball Delivered > 42 Jack Field > P&R Roll Man > Pick and Pops > No Dribble Jumper > Guarded > Medium/17' to <3p > Miss 2 Pts,DEF. = BAD MISSED SWITCH,
Ripon Red Hawks,2025-11-07,167,H1,05:42 (H1),UW-Whitewater,Isaac Verges,rebound_defensive,Isaac Verges Defensive Rebound,,19.0,18.0,"Brock Marino, Collin Madson, Isaac Verges, Luke Bara, Richie Warren",,,
Ripon Red Hawks,2025-11-07,168,H1,05:33 (H1),UW-Whitewater,Isaac Verges,made_shot,Isaac Verges Makes 2PT Layup,2,21.0,18.0,"Brock Marino, Collin Madson, Isaac Verges, Luke Bara, Richie Warren",0 Isaac Verges > No Play Type > To Basket > Make 2 Pts,,
Ripon Red Hawks,2025-11-07,169,H1,05:17 (H1),Ripon Red Hawks,Seth Bunders,missed_shot,Seth Bunders Misses 3PT Jump Shot,3,21.0,18.0,"Brock Marino, Collin Madson, Isaac Verges, Luke Bara, Richie Warren",3 Seth Bunders > Transition > Ballhandler > Dribble Jumper > Short to < 17' > Miss 2 Pts,,
Ripon Red Hawks,2025-11-07,170,H1,05:15 (H1),UW-Whitewater,Brock Marino,rebound_defensive,Brock Marino Defensive Rebound,,21.0,18.0,"Brock Marino, Collin Madson, Isaac Verges, Luke Bara, Richie Warren",,,
Ripon Red Hawks,2025-11-07,171,H1,05:07 (H1),UW-Whitewater,Collin Madson,missed_shot,Collin Madson Misses 3PT Jump Shot,3,21.0,18.0,"Brock Marino, Collin Madson, Isaac Verges, Luke Bara, Richie Warren",15 Collin Madson > P&R Ball Handler > Left P&R > Side > Dribble Off Pick > Dribble Jumper > Long/3pt > Miss 3 Pts,,
Ripon Red Hawks,2025-11-07,172,H1,05:04 (H1),Ripon Red Hawks,Seth Bunders,rebound_defensive,Seth Bunders Defensive Rebound,,21.0,18.0,"Brock Marino, Collin Madson, Isaac Verges, Luke Bara, Richie Warren",,,
Ripon Red Hawks,2025-11-07,173,H1,05:00 (H1),Ripon Red Hawks,Michael Asman,made_shot,Michael Asman Makes 2PT Layup,2,21.0,20.0,"Brock Marino, Collin Madson, Isaac Verges, Luke Bara, Richie Warren",35 Michael Asman > Spot-Up > No Dribble Jumper > Guarded > Long/3pt > Make 3 Pts,TRANS. DEF. = DON'T LEAVE THE BASKET,
Ripon Red Hawks,2025-11-07,174,H1,05:00 (H1),Ripon Red Hawks,Seth Bunders,assist,Seth Bunders Assists,,21.0,20.0,"Brock Marino, Collin Madson, Isaac Verges, Luke Bara, Richie Warren",,,
Ripon Red Hawks,2025-11-07,175,H1,04:33 (H1),UW-Whitewater,Brock Marino,made_shot,Brock Marino Makes 2PT Layup,2,23.0,20.0,"Brock Marino, Collin Madson, Isaac Verges, Luke Bara, Richie Warren",21 Brock Marino > Post-Up > Left Block > Right Shoulder > Dribble Move > To Hook > Make 2 Pts,"P-2 EXECUTION = TIMING IS WAY OFF, DONT RUN OUTSIDE THE PAINT","Panther 2 ""P2"""
Ripon Red Hawks,2025-11-07,176,H1,04:13 (H1),Ripon Red Hawks,Michael Asman,made_shot,Michael Asman Makes 3PT Jump Shot,3,23.0,23.0,"Brock Marino, Collin Madson, Isaac Verges, Luke Bara, Richie Warren",35 Michael Asman > Off Screen > To Shooter's Left > Straight > No Dribble Jumper > Guarded > Long/3pt > Make 3 Pts,,
Ripon Red Hawks,2025-11-07,177,H1,04:13 (H1),Ripon Red Hawks,Sam Leoni,assist,Sam Leoni Assists,,23.0,23.0,"Brock Marino, Collin Madson, Isaac Verges, Luke Bara, Richie Warren",,,
Ripon Red Hawks,2025-11-07,178,H1,03:51 (H1),UW-Whitewater,Isaac Verges,turnover,Isaac Verges Turnover (Bad Pass),,23.0,23.0,"Brock Marino, Collin Madson, Isaac Verges, Luke Bara, Richie Warren",0 Isaac Verges > P&R Ball Handler > Right P&R > Side > Dribble Off Pick > Defense Commits > Turnover,,
Ripon Red Hawks,2025-11-07,179,H1,03:51 (H1),Ripon Red Hawks,CJ Brown,steal,CJ Brown Steals,,23.0,23.0,"Brock Marino, Collin Madson, Isaac Verges, Luke Bara, Richie Warren",,,
Ripon Red Hawks,2025-11-07,180,H1,03:43 (H1),Ripon Red Hawks,Michael Asman,made_shot,Michael Asman Makes 3PT Jump Shot,3,23.0,26.0,"Brock Marino, Collin Madson, Isaac Verges, Luke Bara, Richie Warren",35 Michael Asman > Post-Up > Right Block > Left Shoulder > Dribble Move > To Hook > Make 2 Pts,,
Ripon Red Hawks,2025-11-07,181,H1,03:43 (H1),Ripon Red Hawks,CJ Brown,assist,CJ Brown Assists,,23.0,26.0,"Brock Marino, Collin Madson, Isaac Verges, Luke Bara, Richie Warren",,,
Ripon Red Hawks,2025-11-07,182,H1,03:11 (H1),UW-Whitewater,Richie Warren,missed_shot,Richie Warren Misses 2PT Jump Shot,2,23.0,26.0,"Brock Marino, Collin Madson, Isaac Verges, Luke Bara, Richie Warren",32 Luke Bara > P&R Ball Handler > High P&R > Dribble Off Pick > Defense Commits > Ball Delivered > 24 Richie Warren > Spot-Up > No Dribble Jumper > Open > Medium/17' to <3p > Miss 2 Pts,,
Ripon Red Hawks,2025-11-07,183,H1,03:09 (H1),Ripon Red Hawks,Michael Asman,rebound_defensive,Michael Asman Defensive Rebound,,23.0,26.0,"Brock Marino, Collin Madson, Isaac Verges, Luke Bara, Richie Warren",,,
Ripon Red Hawks,2025-11-07,184,H1,02:49 (H1),Ripon Red Hawks,Seth Bunders,missed_shot,Seth Bunders Misses 2PT Layup,2,23.0,26.0,"Brock Marino, Collin Madson, Isaac Verges, Luke Bara, Richie Warren",3 Seth Bunders > Hand Off > From Stationary > Top > To Basket > Miss 2 Pts,"DEF. = SHOULD BE A THROUGH OR A SWITCH, LOSE SIGHT OF MAN ON BACKSIDE",
Ripon Red Hawks,2025-11-07,185,H1,02:46 (H1),UW-Whitewater,Richie Warren,rebound_defensive,Richie Warren Defensive Rebound,,23.0,26.0,"Brock Marino, Collin Madson, Isaac Verges, Luke Bara, Richie Warren",,,
Ripon Red Hawks,2025-11-07,186,H1,02:37 (H1),UW-Whitewater,Luke Bara,made_shot,Luke Bara Makes 2PT Layup,2,25.0,26.0,"Brock Marino, Collin Madson, Isaac Verges, Luke Bara, Richie Warren",32 Luke Bara > ISO > Right > Drives Right > To Basket > Make 2 Pts,,
Ripon Red Hawks,2025-11-07,187,H1,02:26 (H1),Ripon Red Hawks,,timeout,Ripon Timeout,,25.0,26.0,"Brock Marino, Collin Madson, Isaac Verges, Luke Bara, Richie Warren",,,
Ripon Red Hawks,2025-11-07,188,H1,02:26 (H1),Ripon Red Hawks,Sam Leoni,sub_out,Sam Leoni Subs Out,,25.0,26.0,"Brock Marino, Collin Madson, Isaac Verges, Luke Bara, Richie Warren",,,
Ripon Red Hawks,2025-11-07,189,H1,02:26 (H1),Ripon Red Hawks,CJ Brown,sub_out,CJ Brown Subs Out,,25.0,26.0,"Brock Marino, Collin Madson, Isaac Verges, Luke Bara, Richie Warren",,,
Ripon Red Hawks,2025-11-07,190,H1,02:26 (H1),Ripon Red Hawks,Jack Field,sub_out,Jack Field Subs Out,,25.0,26.0,"Brock Marino, Collin Madson, Isaac Verges, Luke Bara, Richie Warren",,,
Ripon Red Hawks,2025-11-07,191,H1,02:26 (H1),Ripon Red Hawks,Jarton Davis,sub_in,Jarton Davis Subs In,,25.0,26.0,"Brock Marino, Collin Madson, Isaac Verges, Luke Bara, Richie Warren",,,
Ripon Red Hawks,2025-11-07,192,H1,02:26 (H1),Ripon Red Hawks,Jake Thomsen,sub_in,Jake Thomsen Subs In,,25.0,26.0,"Brock Marino, Collin Madson, Isaac Verges, Luke Bara, Richie Warren",,,
Ripon Red Hawks,2025-11-07,193,H1,02:26 (H1),Ripon Red Hawks,Kolby Williams,sub_in,Kolby Williams Subs In,,25.0,26.0,"Brock Marino, Collin Madson, Isaac Verges, Luke Bara, Richie Warren",,,
Ripon Red Hawks,2025-11-07,194,H1,02:06 (H1),Ripon Red Hawks,Jarton Davis,turnover,Jarton Davis Turnover (Lost Ball),,25.0,26.0,"Brock Marino, Collin Madson, Isaac Verges, Luke Bara, Richie Warren",4 Jarton Davis > No Play Type > Turnover,"DEF. = DOUBLE BS = 1 & 4 SWITCH IT, GOOD OVER V. FLARE",
Ripon Red Hawks,2025-11-07,195,H1,02:06 (H1),UW-Whitewater,Isaac Verges,steal,Isaac Verges Steals,,25.0,26.0,"Brock Marino, Collin Madson, Isaac Verges, Luke Bara, Richie Warren",,,
Ripon Red Hawks,2025-11-07,196,H1,02:06 (H1),Ripon Red Hawks,Jarton Davis,foul,Jarton Davis Commits Personal Foul,,25.0,26.0,"Brock Marino, Collin Madson, Isaac Verges, Luke Bara, Richie Warren",0 Isaac Verges > Transition > Right Wing > Foul,"DEF. = DOUBLE BS = 1 & 4 SWITCH IT, GOOD OVER V. FLARE",
Ripon Red Hawks,2025-11-07,197,H1,02:06 (H1),UW-Whitewater,Isaac Verges,free_throw_made,Isaac Verges Makes Free Throw (1 of 2),,26.0,26.0,"Brock Marino, Collin Madson, Isaac Verges, Luke Bara, Richie Warren",0 Isaac Verges > Non Possession > Free Throw,,
Ripon Red Hawks,2025-11-07,198,H1,02:06 (H1),UW-Whitewater,Isaac Verges,free_throw_made,Isaac Verges Makes Free Throw (2 of 2),,27.0,26.0,"Brock Marino, Collin Madson, Isaac Verges, Luke Bara, Richie Warren",0 Isaac Verges > Non Possession > Free Throw,,
Ripon Red Hawks,2025-11-07,199,H1,02:06 (H1),UW-Whitewater,Richie Warren,sub_out,Richie Warren Subs Out,,27.0,26.0,"Brock Marino, Collin Madson, Isaac Verges, Luke Bara, Richie Warren",,,
Ripon Red Hawks,2025-11-07,200,H1,02:06 (H1),UW-Whitewater,JR Lukenbill,sub_in,JR Lukenbill Subs In,,27.0,26.0,"Brock Marino, Collin Madson, Isaac Verges, JR Lukenbill, Luke Bara",,,
Ripon Red Hawks,2025-11-07,201,H1,01:51 (H1),Ripon Red Hawks,Michael Asman,missed_shot,Michael Asman Misses 3PT Jump Shot,3,27.0,26.0,"Brock Marino, Collin Madson, Isaac Verges, JR Lukenbill, Luke Bara",3 Seth Bunders > P&R Ball Handler > High P&R > Dribble Off Pick > Defense Commits > Ball Delivered > 35 Michael Asman > P&R Roll Man > Slips the Pick > No Dribble Jumper > Open > Long/3pt > Miss 3 Pts,DEF. = MISSED SWITCH,
Ripon Red Hawks,2025-11-07,202,H1,01:45 (H1),UW-Whitewater,Luke Bara,rebound_defensive,Luke Bara Defensive Rebound,,27.0,26.0,"Brock Marino, Collin Madson, Isaac Verges, JR Lukenbill, Luke Bara",,,
Ripon Red Hawks,2025-11-07,203,H1,01:39 (H1),UW-Whitewater,Luke Bara,missed_shot,Luke Bara Misses 2PT Layup,2,27.0,26.0,"Brock Marino, Collin Madson, Isaac Verges, JR Lukenbill, Luke Bara",32 Luke Bara > Transition > Ballhandler > To Basket > Miss 2 Pts,,
Ripon Red Hawks,2025-11-07,204,H1,01:39 (H1),UW-Whitewater,Wis.-Whitewater,team_deadball_rebound_offensive,Wis.-Whitewater Offensive Deadball Rebound,,27.0,26.0,"Brock Marino, Collin Madson, Isaac Verges, JR Lukenbill, Luke Bara",,,
Ripon Red Hawks,2025-11-07,205,H1,01:39 (H1),Ripon Red Hawks,Jarton Davis,sub_out,Jarton Davis Subs Out,,27.0,26.0,"Brock Marino, Collin Madson, Isaac Verges, JR Lukenbill, Luke Bara",,,
Ripon Red Hawks,2025-11-07,206,H1,01:39 (H1),Ripon Red Hawks,CJ Brown,sub_in,CJ Brown Subs In,,27.0,26.0,"Brock Marino, Collin Madson, Isaac Verges, JR Lukenbill, Luke Bara",,,
Ripon Red Hawks,2025-11-07,207,H1,01:12 (H1),UW-Whitewater,Luke Bara,turnover,Luke Bara Turnover (Lost Ball),,27.0,26.0,"Brock Marino, Collin Madson, Isaac Verges, JR Lukenbill, Luke Bara",32 Luke Bara > Off Screen > To Shooter's Right > Straight > Turnover,,
Ripon Red Hawks,2025-11-07,208,H1,00:50 (H1),Ripon Red Hawks,Kolby Williams,turnover,Kolby Williams Turnover (Bad Pass),,27.0,26.0,"Brock Marino, Collin Madson, Isaac Verges, JR Lukenbill, Luke Bara",3 Seth Bunders > P&R Ball Handler > High P&R > Dribble Off Pick > Defense Commits > Ball Delivered > 12 Kolby Williams > Spot-Up > Drives Right > Turnover,,
Ripon Red Hawks,2025-11-07,209,H1,00:50 (H1),UW-Whitewater,Collin Madson,steal,Collin Madson Steals,,27.0,26.0,"Brock Marino, Collin Madson, Isaac Verges, JR Lukenbill, Luke Bara",,,
Ripon Red Hawks,2025-11-07,210,H1,00:46 (H1),UW-Whitewater,Brock Marino,turnover,Brock Marino Turnover (Lost Ball),,27.0,26.0,"Brock Marino, Collin Madson, Isaac Verges, JR Lukenbill, Luke Bara",21 Brock Marino > Transition > Ballhandler > Turnover,,
Ripon Red Hawks,2025-11-07,211,H1,00:46 (H1),Ripon Red Hawks,Jake Thomsen,steal,Jake Thomsen Steals,,27.0,26.0,"Brock Marino, Collin Madson, Isaac Verges, JR Lukenbill, Luke Bara",,,
Ripon Red Hawks,2025-11-07,212,H1,00:46 (H1),UW-Whitewater,Isaac Verges,foul,Isaac Verges Commits Personal Foul,,27.0,26.0,"Brock Marino, Collin Madson, Isaac Verges, JR Lukenbill, Luke Bara",12 Kolby Williams > Post-Up > Left Block > Foul,,
Ripon Red Hawks,2025-11-07,213,H1,00:46 (H1),Ripon Red Hawks,Kolby Williams,sub_out,Kolby Williams Subs Out,,27.0,26.0,"Brock Marino, Collin Madson, Isaac Verges, JR Lukenbill, Luke Bara",,,
Ripon Red Hawks,2025-11-07,214,H1,00:46 (H1),Ripon Red Hawks,Jack Field,sub_in,Jack Field Subs In,,27.0,26.0,"Brock Marino, Collin Madson, Isaac Verges, JR Lukenbill, Luke Bara",,,
Ripon Red Hawks,2025-11-07,215,H1,00:46 (H1),UW-Whitewater,Luke Bara,sub_out,Luke Bara Subs Out,,27.0,26.0,"Brock Marino, Collin Madson, Isaac Verges, JR Lukenbill, Luke Bara",,,
Ripon Red Hawks,2025-11-07,216,H1,00:46 (H1),UW-Whitewater,Darius Chestnut,sub_in,Darius Chestnut Subs In,,27.0,26.0,"Brock Marino, Collin Madson, Darius Chestnut, Isaac Verges, JR Lukenbill",,,
Ripon Red Hawks,2025-11-07,217,H1,00:15 (H1),Ripon Red Hawks,Seth Bunders,missed_shot,Seth Bunders Misses 3PT Jump Shot,3,27.0,26.0,"Brock Marino, Collin Madson, Darius Chestnut, Isaac Verges, JR Lukenbill",3 Seth Bunders > P&R Ball Handler > High P&R > Dribble Off Pick > Dribble Jumper > Long/3pt > Miss 3 Pts,,
Ripon Red Hawks,2025-11-07,218,H1,00:15 (H1),Ripon Red Hawks,Ripon,team_deadball_rebound_offensive,Ripon Offensive Deadball Rebound,,27.0,26.0,"Brock Marino, Collin Madson, Darius Chestnut, Isaac Verges, JR Lukenbill",,,
Ripon Red Hawks,2025-11-07,219,H1,00:15 (H1),Ripon Red Hawks,,turnover,Turnover,,27.0,26.0,"Brock Marino, Collin Madson, Darius Chestnut, Isaac Verges, JR Lukenbill",,,
Ripon Red Hawks,2025-11-07,220,H1,00:15 (H1),Ripon Red Hawks,Jake Thomsen,sub_out,Jake Thomsen Subs Out,,27.0,26.0,"Brock Marino, Collin Madson, Darius Chestnut, Isaac Verges, JR Lukenbill",,,
Ripon Red Hawks,2025-11-07,221,H1,00:15 (H1),Ripon Red Hawks,Sam Leoni,sub_in,Sam Leoni Subs In,,27.0,26.0,"Brock Marino, Collin Madson, Darius Chestnut, Isaac Verges, JR Lukenbill",,,
Ripon Red Hawks,2025-11-07,222,H1,00:02 (H1),UW-Whitewater,Collin Madson,missed_shot,Collin Madson Misses 3PT Jump Shot,3,27.0,26.0,"Brock Marino, Collin Madson, Darius Chestnut, Isaac Verges, JR Lukenbill",15 Collin Madson > P&R Ball Handler > High P&R > Dribble Off Pick > Dribble Jumper > Long/3pt > Miss 3 Pts,END OF HALF EXECUTION,Snap
Ripon Red Hawks,2025-11-07,223,H1,00:00 (H1),UW-Whitewater,JR Lukenbill,rebound_offensive,JR Lukenbill Offensive Rebound,,27.0,26.0,"Brock Marino, Collin Madson, Darius Chestnut, Isaac Verges, JR Lukenbill",,,
Ripon Red Hawks,2025-11-07,224,H1,,,,period_marker,End 1st Half,,,,"Brock Marino, Collin Madson, Darius Chestnut, Isaac Verges, JR Lukenbill",,,
Ripon Red Hawks,2025-11-07,225,H1,,,,period_marker,Start 2nd Half,,,,"Brock Marino, Collin Madson, Isaac Verges, JR Lukenbill, Luke Bara",,,
Ripon Red Hawks,2025-11-07,226,H2,19:52 (H2),Ripon Red Hawks,Seth Bunders,turnover,Seth Bunders Turnover (Travel),,27.0,26.0,"Brock Marino, Collin Madson, Isaac Verges, JR Lukenbill, Luke Bara",3 Seth Bunders > No Play Type > Turnover,,
Ripon Red Hawks,2025-11-07,227,H2,19:32 (H2),UW-Whitewater,Brock Marino,made_shot,Brock Marino Makes 2PT Layup,2,29.0,26.0,"Brock Marino, Collin Madson, Isaac Verges, JR Lukenbill, Luke Bara",21 Brock Marino > Spot-Up > Drives Right > To Basket > Make 2 Pts,"KENTUCKY = GOOD STOP IN PAINT, SPACE BACKSIDE & SKIP IT FOR ENTRY",Kentucky
Ripon Red Hawks,2025-11-07,228,H2,19:13 (H2),UW-Whitewater,Brock Marino,foul,Brock Marino Commits Personal Foul,,29.0,26.0,"Brock Marino, Collin Madson, Isaac Verges, JR Lukenbill, Luke Bara",12 Kolby Williams > ISO > Right > Drives Right > To Basket > Foul,,
Ripon Red Hawks,2025-11-07,229,H2,19:13 (H2),Ripon Red Hawks,Kolby Williams,free_throw_made,Kolby Williams Makes Free Throw (1 of 2),,29.0,27.0,"Brock Marino, Collin Madson, Isaac Verges, JR Lukenbill, Luke Bara",12 Kolby Williams > Non Possession > Free Throw,"DEF. ANTICIPATE RHD, NO HELPSIDE IN THE PAINT",
Ripon Red Hawks,2025-11-07,230,H2,19:12 (H2),Ripon Red Hawks,Kolby Williams,free_throw_missed,Kolby Williams Misses Free Throw (2 of 2),,29.0,27.0,"Brock Marino, Collin Madson, Isaac Verges, JR Lukenbill, Luke Bara",12 Kolby Williams > Non Possession > Free Throw,,
Ripon Red Hawks,2025-11-07,231,H2,19:11 (H2),UW-Whitewater,Collin Madson,rebound_defensive,Collin Madson Defensive Rebound,,29.0,27.0,"Brock Marino, Collin Madson, Isaac Verges, JR Lukenbill, Luke Bara",,,
Ripon Red Hawks,2025-11-07,232,H2,18:57 (H2),UW-Whitewater,Brock Marino,made_shot,Brock Marino Makes 2PT Layup,2,31.0,27.0,"Brock Marino, Collin Madson, Isaac Verges, JR Lukenbill, Luke Bara",21 Brock Marino > Cut > Basket > Make 2 Pts,"TWINS SIRL, CUTTER STOP & BLOW UP DEFENDER, PASSER MUST WAIT, + GATHER & FINISH",Twins Right Swirl
Ripon Red Hawks,2025-11-07,233,H2,18:57 (H2),UW-Whitewater,Isaac Verges,assist,Isaac Verges Assists,,31.0,27.0,"Brock Marino, Collin Madson, Isaac Verges, JR Lukenbill, Luke Bara",,,
Ripon Red Hawks,2025-11-07,234,H2,18:36 (H2),Ripon Red Hawks,Seth Bunders,missed_shot,Seth Bunders Misses 3PT Jump Shot,3,31.0,27.0,"Brock Marino, Collin Madson, Isaac Verges, JR Lukenbill, Luke Bara",3 Seth Bunders > Transition > Right Wing > No Dribble Jumper > Open > Long/3pt > Miss 3 Pts,,
Ripon Red Hawks,2025-11-07,235,H2,18:34 (H2),UW-Whitewater,Collin Madson,rebound_defensive,Collin Madson Defensive Rebound,,31.0,27.0,"Brock Marino, Collin Madson, Isaac Verges, JR Lukenbill, Luke Bara",,,
Ripon Red Hawks,2025-11-07,236,H2,18:25 (H2),UW-Whitewater,Isaac Verges,made_shot,Isaac Verges Makes 2PT Layup,2,33.0,27.0,"Brock Marino, Collin Madson, Isaac Verges, JR Lukenbill, Luke Bara",0 Isaac Verges > P&R Ball Handler > High P&R > Dribble Off Pick > To Basket > Make 2 Pts,"SECONDARY, GOOD READ NOT TO CUT. 4 STILL NEEDS TO LOOK INSIDE FIRST",
Ripon Red Hawks,2025-11-07,237,H2,18:13 (H2),Ripon Red Hawks,Seth Bunders,missed_shot,Seth Bunders Misses 2PT Layup,2,33.0,27.0,"Brock Marino, Collin Madson, Isaac Verges, JR Lukenbill, Luke Bara",3 Seth Bunders > Spot-Up > Drives Left > To Basket > Miss 2 Pts,"MISSED FOUL, ALLOW DRIVE, LEAVE OUR FEET",
Ripon Red Hawks,2025-11-07,238,H2,18:08 (H2),UW-Whitewater,Luke Bara,rebound_defensive,Luke Bara Defensive Rebound,,33.0,27.0,"Brock Marino, Collin Madson, Isaac Verges, JR Lukenbill, Luke Bara",,,
Ripon Red Hawks,2025-11-07,239,H2,18:08 (H2),UW-Whitewater,Luke Bara,turnover,Luke Bara Turnover (Lost Ball),,33.0,27.0,"Brock Marino, Collin Madson, Isaac Verges, JR Lukenbill, Luke Bara",32 Luke Bara > Transition > Ballhandler > Turnover,,
Ripon Red Hawks,2025-11-07,240,H2,18:08 (H2),Ripon Red Hawks,Seth Bunders,steal,Seth Bunders Steals,,33.0,27.0,"Brock Marino, Collin Madson, Isaac Verges, JR Lukenbill, Luke Bara",,,
Ripon Red Hawks,2025-11-07,241,H2,18:08 (H2),Ripon Red Hawks,Sam Leoni,sub_out,Sam Leoni Subs Out,,33.0,27.0,"Brock Marino, Collin Madson, Isaac Verges, JR Lukenbill, Luke Bara",,,
Ripon Red Hawks,2025-11-07,242,H2,18:08 (H2),Ripon Red Hawks,Jarton Davis,sub_in,Jarton Davis Subs In,,33.0,27.0,"Brock Marino, Collin Madson, Isaac Verges, JR Lukenbill, Luke Bara",,,
Ripon Red Hawks,2025-11-07,243,H2,17:59 (H2),Ripon Red Hawks,CJ Brown,made_shot,CJ Brown Makes 3PT Jump Shot,3,33.0,30.0,"Brock Marino, Collin Madson, Isaac Verges, JR Lukenbill, Luke Bara",3 Seth Bunders > P&R Ball Handler > High P&R > Dribble Off Pick > Defense Commits > Ball Delivered > 13 CJ Brown > Spot-Up > No Dribble Jumper > Open > Long/3pt > Make 3 Pts,,
Ripon Red Hawks,2025-11-07,244,H2,17:59 (H2),Ripon Red Hawks,Seth Bunders,assist,Seth Bunders Assists,,33.0,30.0,"Brock Marino, Collin Madson, Isaac Verges, JR Lukenbill, Luke Bara",,,
Ripon Red Hawks,2025-11-07,245,H2,17:42 (H2),Ripon Red Hawks,Kolby Williams,foul,Kolby Williams Commits Personal Foul,,33.0,30.0,"Brock Marino, Collin Madson, Isaac Verges, JR Lukenbill, Luke Bara",21 Brock Marino > Non Possession > Non Shooting Foul,,
Ripon Red Hawks,2025-11-07,246,H2,17:33 (H2),UW-Whitewater,Collin Madson,missed_shot,Collin Madson Misses 3PT Jump Shot,3,33.0,30.0,"Brock Marino, Collin Madson, Isaac Verges, JR Lukenbill, Luke Bara",15 Collin Madson > Spot-Up > No Dribble Jumper > Guarded > Long/3pt > Miss 3 Pts,,
Ripon Red Hawks,2025-11-07,247,H2,17:30 (H2),Ripon Red Hawks,Seth Bunders,rebound_defensive,Seth Bunders Defensive Rebound,,33.0,30.0,"Brock Marino, Collin Madson, Isaac Verges, JR Lukenbill, Luke Bara",,,
Ripon Red Hawks,2025-11-07,248,H2,17:29 (H2),Ripon Red Hawks,Seth Bunders,turnover,Seth Bunders Turnover (Lost Ball),,33.0,30.0,"Brock Marino, Collin Madson, Isaac Verges, JR Lukenbill, Luke Bara",3 Seth Bunders > No Play Type > Turnover,,
Ripon Red Hawks,2025-11-07,249,H2,17:29 (H2),UW-Whitewater,JR Lukenbill,steal,JR Lukenbill Steals,,33.0,30.0,"Brock Marino, Collin Madson, Isaac Verges, JR Lukenbill, Luke Bara",,,
Ripon Red Hawks,2025-11-07,250,H2,17:25 (H2),UW-Whitewater,JR Lukenbill,made_shot,JR Lukenbill Makes 2PT Jump Shot,2,35.0,30.0,"Brock Marino, Collin Madson, Isaac Verges, JR Lukenbill, Luke Bara",,,
Ripon Red Hawks,2025-11-07,251,H2,17:12 (H2),UW-Whitewater,Brock Marino,foul,Brock Marino Commits Personal Foul,,35.0,30.0,"Brock Marino, Collin Madson, Isaac Verges, JR Lukenbill, Luke Bara",12 Kolby Williams > Non Possession > Non Shooting Foul,,
Ripon Red Hawks,2025-11-07,252,H2,17:02 (H2),UW-Whitewater,JR Lukenbill,foul,JR Lukenbill Commits Personal Foul,,35.0,30.0,"Brock Marino, Collin Madson, Isaac Verges, JR Lukenbill, Luke Bara",3 Seth Bunders > P&R Ball Handler > High P&R > Dribble Off Pick > Defense Commits > Ball Delivered > 35 Michael Asman > P&R Roll Man > Rolls to Basket > Foul,,
Ripon Red Hawks,2025-11-07,253,H2,17:00 (H2),Ripon Red Hawks,Michael Asman,free_throw_made,Michael Asman Makes Free Throw (1 of 2),,35.0,31.0,"Brock Marino, Collin Madson, Isaac Verges, JR Lukenbill, Luke Bara",35 Michael Asman > Non Possession > Free Throw,,
Ripon Red Hawks,2025-11-07,254,H2,17:00 (H2),Ripon Red Hawks,Michael Asman,free_throw_made,Michael Asman Makes Free Throw (2 of 2),,35.0,32.0,"Brock Marino, Collin Madson, Isaac Verges, JR Lukenbill, Luke Bara",35 Michael Asman > Non Possession > Free Throw,,
Ripon Red Hawks,2025-11-07,255,H2,16:42 (H2),UW-Whitewater,Brock Marino,made_shot,Brock Marino Makes 2PT Layup,2,37.0,32.0,"Brock Marino, Collin Madson, Isaac Verges, JR Lukenbill, Luke Bara",21 Brock Marino > Post-Up > Right Block > Right Shoulder > Dribble Move > To Basket > Make 2 Pts,"DRIBBLE DOWN BEFORE ENTRY, STOP IN THE PAINT",Wildcat
Ripon Red Hawks,2025-11-07,256,H2,16:18 (H2),Ripon Red Hawks,Kolby Williams,made_shot,Kolby Williams Makes 2PT Layup,2,37.0,34.0,"Brock Marino, Collin Madson, Isaac Verges, JR Lukenbill, Luke Bara",12 Kolby Williams > Cut > Basket > Make 2 Pts Foul > 1 Pts,"GOOD TAG V POP, HAVE TO GO HELP ON THIS",
Ripon Red Hawks,2025-11-07,257,H2,16:17 (H2),Ripon Red Hawks,,timeout,Ripon Timeout,,37.0,34.0,"Brock Marino, Collin Madson, Isaac Verges, JR Lukenbill, Luke Bara",,,
Ripon Red Hawks,2025-11-07,258,H2,16:05 (H2),Ripon Red Hawks,Michael Asman,foul,Michael Asman Commits Personal Foul,,37.0,34.0,"Brock Marino, Collin Madson, Isaac Verges, JR Lukenbill, Luke Bara",21 Brock Marino > Post-Up > Left Block > Post Pin > No Dribble Move > To Basket > Foul,,
Ripon Red Hawks,2025-11-07,259,H2,16:05 (H2),UW-Whitewater,Brock Marino,free_throw_made,Brock Marino Makes Free Throw (1 of 2),,38.0,34.0,"Brock Marino, Collin Madson, Isaac Verges, JR Lukenbill, Luke Bara",21 Brock Marino > Non Possession > Free Throw,"PANTHER EXECUTION, + WALKING HIM UP!!","Panther ""P"""
Ripon Red Hawks,2025-11-07,260,H2,16:04 (H2),UW-Whitewater,Brock Marino,free_throw_missed,Brock Marino Misses Free Throw (2 of 2),,38.0,34.0,"Brock Marino, Collin Madson, Isaac Verges, JR Lukenbill, Luke Bara",21 Brock Marino > Non Possession > Free Throw,,
Ripon Red Hawks,2025-11-07,261,H2,16:03 (H2),Ripon Red Hawks,Seth Bunders,rebound_defensive,Seth Bunders Defensive Rebound,,38.0,34.0,"Brock Marino, Collin Madson, Isaac Verges, JR Lukenbill, Luke Bara",,,
Ripon Red Hawks,2025-11-07,262,H2,15:42 (H2),Ripon Red Hawks,CJ Brown,missed_shot,CJ Brown Misses 2PT Layup,2,38.0,34.0,"Brock Marino, Collin Madson, Isaac Verges, JR Lukenbill, Luke Bara",13 CJ Brown > ISO > Right > Drives Right > To Basket > Miss 2 Pts,,
Ripon Red Hawks,2025-11-07,263,H2,15:37 (H2),UW-Whitewater,Isaac Verges,rebound_defensive,Isaac Verges Defensive Rebound,,38.0,34.0,"Brock Marino, Collin Madson, Isaac Verges, JR Lukenbill, Luke Bara",,,
Ripon Red Hawks,2025-11-07,264,H2,15:35 (H2),UW-Whitewater,Isaac Verges,made_shot,Isaac Verges Makes 2PT Layup,2,40.0,34.0,"Brock Marino, Collin Madson, Isaac Verges, JR Lukenbill, Luke Bara",0 Isaac Verges > P&R Ball Handler > High P&R > Dribble Off Pick > To Basket > Make 2 Pts,,
Ripon Red Hawks,2025-11-07,265,H2,15:06 (H2),Ripon Red Hawks,Jarton Davis,sub_out,Jarton Davis Subs Out,,40.0,34.0,"Brock Marino, Collin Madson, Isaac Verges, JR Lukenbill, Luke Bara",,,
Ripon Red Hawks,2025-11-07,266,H2,15:06 (H2),Ripon Red Hawks,Michael Asman,sub_out,Michael Asman Subs Out,,40.0,34.0,"Brock Marino, Collin Madson, Isaac Verges, JR Lukenbill, Luke Bara",,,
Ripon Red Hawks,2025-11-07,267,H2,15:06 (H2),UW-Whitewater,Luke Bara,sub_out,Luke Bara Subs Out,,40.0,34.0,"Brock Marino, Collin Madson, Isaac Verges, JR Lukenbill, Luke Bara",,,
Ripon Red Hawks,2025-11-07,268,H2,15:06 (H2),Ripon Red Hawks,Jack Field,sub_in,Jack Field Subs In,,40.0,34.0,"Brock Marino, Collin Madson, Isaac Verges, JR Lukenbill, Luke Bara",,,
Ripon Red Hawks,2025-11-07,269,H2,15:06 (H2),Ripon Red Hawks,Sam Leoni,sub_in,Sam Leoni Subs In,,40.0,34.0,"Brock Marino, Collin Madson, Isaac Verges, JR Lukenbill, Luke Bara",,,
Ripon Red Hawks,2025-11-07,270,H2,15:06 (H2),UW-Whitewater,Darius Chestnut,sub_in,Darius Chestnut Subs In,,40.0,34.0,"Brock Marino, Collin Madson, Darius Chestnut, Isaac Verges, JR Lukenbill",,,
Ripon Red Hawks,2025-11-07,271,H2,14:57 (H2),Ripon Red Hawks,Kolby Williams,missed_shot,Kolby Williams Misses 2PT Jump Shot,2,40.0,34.0,"Brock Marino, Collin Madson, Darius Chestnut, Isaac Verges, JR Lukenbill",,,
Ripon Red Hawks,2025-11-07,272,H2,14:57 (H2),UW-Whitewater,Collin Madson,rebound_defensive,Collin Madson Defensive Rebound,,40.0,34.0,"Brock Marino, Collin Madson, Darius Chestnut, Isaac Verges, JR Lukenbill",,,
Ripon Red Hawks,2025-11-07,273,H2,14:57 (H2),Ripon Red Hawks,Jack Field,foul,Jack Field Commits Personal Foul,,40.0,34.0,"Brock Marino, Collin Madson, Darius Chestnut, Isaac Verges, JR Lukenbill",10 Darius Chestnut > Transition > Ballhandler > To Basket > Foul,,
Ripon Red Hawks,2025-11-07,274,H2,14:57 (H2),UW-Whitewater,Darius Chestnut,free_throw_made,Darius Chestnut Makes Free Throw (1 of 2),,41.0,34.0,"Brock Marino, Collin Madson, Darius Chestnut, Isaac Verges, JR Lukenbill",10 Darius Chestnut > Non Possession > Free Throw,,
Ripon Red Hawks,2025-11-07,275,H2,14:57 (H2),UW-Whitewater,Darius Chestnut,free_throw_missed,Darius Chestnut Misses Free Throw (2 of 2),,41.0,34.0,"Brock Marino, Collin Madson, Darius Chestnut, Isaac Verges, JR Lukenbill",10 Darius Chestnut > Non Possession > Free Throw,,
Ripon Red Hawks,2025-11-07,276,H2,14:57 (H2),UW-Whitewater,JR Lukenbill,sub_out,JR Lukenbill Subs Out,,41.0,34.0,"Brock Marino, Collin Madson, Darius Chestnut, Isaac Verges, JR Lukenbill",,,
Ripon Red Hawks,2025-11-07,277,H2,14:57 (H2),UW-Whitewater,Jake Quast,sub_in,Jake Quast Subs In,,41.0,34.0,"Brock Marino, Collin Madson, Darius Chestnut, Isaac Verges, Jake Quast",,,
Ripon Red Hawks,2025-11-07,278,H2,14:55 (H2),Ripon Red Hawks,Kolby Williams,rebound_defensive,Kolby Williams Defensive Rebound,,41.0,34.0,"Brock Marino, Collin Madson, Darius Chestnut, Isaac Verges, Jake Quast",,,
Ripon Red Hawks,2025-11-07,279,H2,14:31 (H2),Ripon Red Hawks,Jack Field,missed_shot,Jack Field Misses 2PT Jump Shot,2,41.0,34.0,"Brock Marino, Collin Madson, Darius Chestnut, Isaac Verges, Jake Quast",3 Seth Bunders > ISO > Top > Drives Right > Defense Commits > Ball Delivered > 42 Jack Field > Cut > Flash > Miss 2 Pts,"FORCED TO SWITCH, PEEL SWITCH TO GET BACK, GOOD TAG, LOSE OUR MAN",
Ripon Red Hawks,2025-11-07,280,H2,14:28 (H2),UW-Whitewater,Brock Marino,rebound_defensive,Brock Marino Defensive Rebound,,41.0,34.0,"Brock Marino, Collin Madson, Darius Chestnut, Isaac Verges, Jake Quast",,,
Ripon Red Hawks,2025-11-07,281,H2,14:02 (H2),UW-Whitewater,Darius Chestnut,turnover,Darius Chestnut Turnover (Bad Pass),,41.0,34.0,"Brock Marino, Collin Madson, Darius Chestnut, Isaac Verges, Jake Quast",21 Brock Marino > Post-Up > Right Block > Right Shoulder > Dribble Move > Defense Commits > Ball Delivered > 10 Darius Chestnut > Spot-Up > Drives Right > Turnover,,Wildcat
Ripon Red Hawks,2025-11-07,282,H2,14:02 (H2),Ripon Red Hawks,CJ Brown,steal,CJ Brown Steals,,41.0,34.0,"Brock Marino, Collin Madson, Darius Chestnut, Isaac Verges, Jake Quast",,,
Ripon Red Hawks,2025-11-07,283,H2,13:47 (H2),Ripon Red Hawks,Kolby Williams,made_shot,Kolby Williams Makes 2PT Layup,2,41.0,36.0,"Brock Marino, Collin Madson, Darius Chestnut, Isaac Verges, Jake Quast",12 Kolby Williams > Post-Up > Right Block > Right Shoulder > Dribble Move > To Basket > Make 2 Pts Foul > 0 Pts,,
Ripon Red Hawks,2025-11-07,284,H2,13:47 (H2),UW-Whitewater,Brock Marino,foul,Brock Marino Commits Personal Foul,,41.0,36.0,"Brock Marino, Collin Madson, Darius Chestnut, Isaac Verges, Jake Quast",11 Sam Leoni > Non Possession > Non Shooting Foul,,
Ripon Red Hawks,2025-11-07,285,H2,13:46 (H2),Ripon Red Hawks,Kolby Williams,free_throw_missed,Kolby Williams Misses Free Throw (1 of 1),,41.0,36.0,"Brock Marino, Collin Madson, Darius Chestnut, Isaac Verges, Jake Quast",12 Kolby Williams > Non Possession > Free Throw,,
Ripon Red Hawks,2025-11-07,286,H2,13:46 (H2),UW-Whitewater,Brock Marino,sub_out,Brock Marino Subs Out,,41.0,36.0,"Brock Marino, Collin Madson, Darius Chestnut, Isaac Verges, Jake Quast",,,
Ripon Red Hawks,2025-11-07,287,H2,13:46 (H2),UW-Whitewater,Austin Ambrose,sub_in,Austin Ambrose Subs In,,41.0,36.0,"Austin Ambrose, Collin Madson, Darius Chestnut, Isaac Verges, Jake Quast",,,
Ripon Red Hawks,2025-11-07,288,H2,13:46 (H2),Ripon Red Hawks,CJ Brown,sub_out,CJ Brown Subs Out,,41.0,36.0,"Austin Ambrose, Collin Madson, Darius Chestnut, Isaac Verges, Jake Quast",,,
Ripon Red Hawks,2025-11-07,289,H2,13:46 (H2),Ripon Red Hawks,Michael Asman,sub_in,Michael Asman Subs In,,41.0,36.0,"Austin Ambrose, Collin Madson, Darius Chestnut, Isaac Verges, Jake Quast",,,
Ripon Red Hawks,2025-11-07,290,H2,13:44 (H2),UW-Whitewater,Austin Ambrose,rebound_defensive,Austin Ambrose Defensive Rebound,,41.0,36.0,"Austin Ambrose, Collin Madson, Darius Chestnut, Isaac Verges, Jake Quast",,,
Ripon Red Hawks,2025-11-07,291,H2,13:38 (H2),Ripon Red Hawks,Kolby Williams,foul,Kolby Williams Commits Personal Foul,,41.0,36.0,"Austin Ambrose, Collin Madson, Darius Chestnut, Isaac Verges, Jake Quast",20 Austin Ambrose > Non Possession > Non Shooting Foul,,
Ripon Red Hawks,2025-11-07,292,H2,13:38 (H2),Ripon Red Hawks,Kolby Williams,sub_out,Kolby Williams Subs Out,,41.0,36.0,"Austin Ambrose, Collin Madson, Darius Chestnut, Isaac Verges, Jake Quast",,,
Ripon Red Hawks,2025-11-07,293,H2,13:38 (H2),Ripon Red Hawks,CJ Brown,sub_in,CJ Brown Subs In,,41.0,36.0,"Austin Ambrose, Collin Madson, Darius Chestnut, Isaac Verges, Jake Quast",,,
Ripon Red Hawks,2025-11-07,294,H2,13:38 (H2),UW-Whitewater,Isaac Verges,sub_out,Isaac Verges Subs Out,,41.0,36.0,"Austin Ambrose, Collin Madson, Darius Chestnut, Isaac Verges, Jake Quast",,,
Ripon Red Hawks,2025-11-07,295,H2,13:38 (H2),UW-Whitewater,Joey Berezowitz,sub_in,Joey Berezowitz Subs In,,41.0,36.0,"Austin Ambrose, Collin Madson, Darius Chestnut, Jake Quast, Joey Berezowitz",,,
Ripon Red Hawks,2025-11-07,296,H2,13:32 (H2),UW-Whitewater,Jake Quast,made_shot,Jake Quast Makes 3PT Jump Shot,3,44.0,36.0,"Austin Ambrose, Collin Madson, Darius Chestnut, Jake Quast, Joey Berezowitz",22 Joey Berezowitz > P&R Ball Handler > High P&R > Go Away from Pick > Defense Commits > Ball Delivered > 12 Jake Quast > Spot-Up > No Dribble Jumper > Guarded > Long/3pt > Make 3 Pts,,
Ripon Red Hawks,2025-11-07,297,H2,13:32 (H2),UW-Whitewater,Joey Berezowitz,assist,Joey Berezowitz Assists,,44.0,36.0,"Austin Ambrose, Collin Madson, Darius Chestnut, Jake Quast, Joey Berezowitz",,,
Ripon Red Hawks,2025-11-07,298,H2,13:08 (H2),Ripon Red Hawks,CJ Brown,made_shot,CJ Brown Makes 2PT Layup,2,44.0,38.0,"Austin Ambrose, Collin Madson, Darius Chestnut, Jake Quast, Joey Berezowitz",13 CJ Brown > Cut > Basket > Make 2 Pts,,
Ripon Red Hawks,2025-11-07,299,H2,13:08 (H2),Ripon Red Hawks,Seth Bunders,assist,Seth Bunders Assists,,44.0,38.0,"Austin Ambrose, Collin Madson, Darius Chestnut, Jake Quast, Joey Berezowitz",,,
Ripon Red Hawks,2025-11-07,300,H2,12:50 (H2),UW-Whitewater,Collin Madson,turnover,Collin Madson Turnover (Lost Ball),,44.0,38.0,"Austin Ambrose, Collin Madson, Darius Chestnut, Jake Quast, Joey Berezowitz",15 Collin Madson > Post-Up > Right Block > Right Shoulder > Dribble Move > Defense Commits > Turnover,,
Ripon Red Hawks,2025-11-07,301,H2,12:50 (H2),Ripon Red Hawks,Michael Asman,steal,Michael Asman Steals,,44.0,38.0,"Austin Ambrose, Collin Madson, Darius Chestnut, Jake Quast, Joey Berezowitz",,,
Ripon Red Hawks,2025-11-07,302,H2,12:23 (H2),Ripon Red Hawks,Seth Bunders,missed_shot,Seth Bunders Misses 2PT Jump Shot,2,44.0,38.0,"Austin Ambrose, Collin Madson, Darius Chestnut, Jake Quast, Joey Berezowitz",3 Seth Bunders > ISO > Top > Drives Left > To Basket > Miss 2 Pts,DEF. GOOD POSSESSION,
Ripon Red Hawks,2025-11-07,303,H2,12:20 (H2),UW-Whitewater,Austin Ambrose,rebound_defensive,Austin Ambrose Defensive Rebound,,44.0,38.0,"Austin Ambrose, Collin Madson, Darius Chestnut, Jake Quast, Joey Berezowitz",,,
Ripon Red Hawks,2025-11-07,304,H2,12:16 (H2),UW-Whitewater,Collin Madson,missed_shot,Collin Madson Misses 3PT Jump Shot,3,44.0,38.0,"Austin Ambrose, Collin Madson, Darius Chestnut, Jake Quast, Joey Berezowitz",15 Collin Madson > Transition > Right Wing > No Dribble Jumper > Open > Long/3pt > Miss 3 Pts,GREAT OREB EFFORTS,
Ripon Red Hawks,2025-11-07,305,H2,12:12 (H2),UW-Whitewater,Jake Quast,rebound_offensive,Jake Quast Offensive Rebound,,44.0,38.0,"Austin Ambrose, Collin Madson, Darius Chestnut, Jake Quast, Joey Berezowitz",,,
Ripon Red Hawks,2025-11-07,306,H2,12:11 (H2),UW-Whitewater,Jake Quast,made_shot,Jake Quast Makes 2PT Layup,2,46.0,38.0,"Austin Ambrose, Collin Madson, Darius Chestnut, Jake Quast, Joey Berezowitz",12 Jake Quast > Offensive Rebound > Short > Scoring Attempt > At Basket > Make 2 Pts Foul > 1 Pts,,
Ripon Red Hawks,2025-11-07,307,H2,12:11 (H2),Ripon Red Hawks,Jack Field,foul,Jack Field Commits Personal Foul,,46.0,38.0,"Austin Ambrose, Collin Madson, Darius Chestnut, Jake Quast, Joey Berezowitz",,,
Ripon Red Hawks,2025-11-07,308,H2,12:11 (H2),UW-Whitewater,Jake Quast,free_throw_made,Jake Quast Makes Free Throw (1 of 1),,47.0,38.0,"Austin Ambrose, Collin Madson, Darius Chestnut, Jake Quast, Joey Berezowitz",12 Jake Quast > Non Possession > Free Throw,,
Ripon Red Hawks,2025-11-07,309,H2,12:11 (H2),Ripon Red Hawks,Jack Field,sub_out,Jack Field Subs Out,,47.0,38.0,"Austin Ambrose, Collin Madson, Darius Chestnut, Jake Quast, Joey Berezowitz",,,
Ripon Red Hawks,2025-11-07,310,H2,12:11 (H2),Ripon Red Hawks,Jake Thomsen,sub_in,Jake Thomsen Subs In,,47.0,38.0,"Austin Ambrose, Collin Madson, Darius Chestnut, Jake Quast, Joey Berezowitz",,,
Ripon Red Hawks,2025-11-07,311,H2,12:05 (H2),UW-Whitewater,Darius Chestnut,foul,Darius Chestnut Commits Personal Foul,,47.0,38.0,"Austin Ambrose, Collin Madson, Darius Chestnut, Jake Quast, Joey Berezowitz",11 Sam Leoni > Non Possession > Non Shooting Foul,,
Ripon Red Hawks,2025-11-07,312,H2,12:05 (H2),UW-Whitewater,Collin Madson,sub_out,Collin Madson Subs Out,,47.0,38.0,"Austin Ambrose, Collin Madson, Darius Chestnut, Jake Quast, Joey Berezowitz",,,
Ripon Red Hawks,2025-11-07,313,H2,12:05 (H2),UW-Whitewater,Richie Warren,sub_in,Richie Warren Subs In,,47.0,38.0,"Austin Ambrose, Darius Chestnut, Jake Quast, Joey Berezowitz, Richie Warren",,,
Ripon Red Hawks,2025-11-07,314,H2,11:54 (H2),Ripon Red Hawks,CJ Brown,turnover,CJ Brown Turnover (Travel),,47.0,38.0,"Austin Ambrose, Darius Chestnut, Jake Quast, Joey Berezowitz, Richie Warren",13 CJ Brown > P&R Ball Handler > Left P&R > Side > Dribble Off Pick > Turnover,,
Ripon Red Hawks,2025-11-07,315,H2,11:54 (H2),Ripon Red Hawks,Seth Bunders,sub_out,Seth Bunders Subs Out,,47.0,38.0,"Austin Ambrose, Darius Chestnut, Jake Quast, Joey Berezowitz, Richie Warren",,,
Ripon Red Hawks,2025-11-07,316,H2,11:54 (H2),Ripon Red Hawks,Jack Field,sub_in,Jack Field Subs In,,47.0,38.0,"Austin Ambrose, Darius Chestnut, Jake Quast, Joey Berezowitz, Richie Warren",,,
Ripon Red Hawks,2025-11-07,317,H2,11:32 (H2),UW-Whitewater,Jake Quast,missed_shot,Jake Quast Misses 2PT Jump Shot,2,47.0,38.0,"Austin Ambrose, Darius Chestnut, Jake Quast, Joey Berezowitz, Richie Warren",12 Jake Quast > P&R Ball Handler > Right P&R > Side > Dribble Off Pick > To Basket > Miss 2 Pts,,Over Cheetah
Ripon Red Hawks,2025-11-07,318,H2,11:31 (H2),Ripon Red Hawks,Ripon,team_deadball_rebound_defensive,Ripon Defensive Deadball Rebound,,47.0,38.0,"Austin Ambrose, Darius Chestnut, Jake Quast, Joey Berezowitz, Richie Warren",,,
Ripon Red Hawks,2025-11-07,319,H2,11:04 (H2),Ripon Red Hawks,Jake Thomsen,missed_shot,Jake Thomsen Misses 3PT Jump Shot,3,47.0,38.0,"Austin Ambrose, Darius Chestnut, Jake Quast, Joey Berezowitz, Richie Warren",11 Sam Leoni > P&R Ball Handler > High P&R > Go Away from Pick > Defense Commits > Ball Delivered > 5 Jake Thomsen > Spot-Up > No Dribble Jumper > Guarded > Long/3pt > Miss 3 Pts,,
Ripon Red Hawks,2025-11-07,320,H2,11:01 (H2),UW-Whitewater,Jake Quast,rebound_defensive,Jake Quast Defensive Rebound,,47.0,38.0,"Austin Ambrose, Darius Chestnut, Jake Quast, Joey Berezowitz, Richie Warren",,,
Ripon Red Hawks,2025-11-07,321,H2,10:46 (H2),UW-Whitewater,Austin Ambrose,made_shot,Austin Ambrose Makes 3PT Jump Shot,3,50.0,38.0,"Austin Ambrose, Darius Chestnut, Jake Quast, Joey Berezowitz, Richie Warren",20 Austin Ambrose > Spot-Up > No Dribble Jumper > Guarded > Long/3pt > Make 3 Pts,,
Ripon Red Hawks,2025-11-07,322,H2,10:46 (H2),UW-Whitewater,Joey Berezowitz,assist,Joey Berezowitz Assists,,50.0,38.0,"Austin Ambrose, Darius Chestnut, Jake Quast, Joey Berezowitz, Richie Warren",,,
Ripon Red Hawks,2025-11-07,323,H2,10:31 (H2),UW-Whitewater,Richie Warren,foul,Richie Warren Commits Personal Foul,,50.0,38.0,"Austin Ambrose, Darius Chestnut, Jake Quast, Joey Berezowitz, Richie Warren",13 CJ Brown > Non Possession > Non Shooting Foul,,
Ripon Red Hawks,2025-11-07,324,H2,10:31 (H2),Ripon Red Hawks,Jake Thomsen,sub_out,Jake Thomsen Subs Out,,50.0,38.0,"Austin Ambrose, Darius Chestnut, Jake Quast, Joey Berezowitz, Richie Warren",,,
Ripon Red Hawks,2025-11-07,325,H2,10:31 (H2),Ripon Red Hawks,CJ Brown,sub_out,CJ Brown Subs Out,,50.0,38.0,"Austin Ambrose, Darius Chestnut, Jake Quast, Joey Berezowitz, Richie Warren",,,
Ripon Red Hawks,2025-11-07,326,H2,10:31 (H2),Ripon Red Hawks,Seth Bunders,sub_in,Seth Bunders Subs In,,50.0,38.0,"Austin Ambrose, Darius Chestnut, Jake Quast, Joey Berezowitz, Richie Warren",,,
Ripon Red Hawks,2025-11-07,327,H2,10:31 (H2),Ripon Red Hawks,Keenan Rahn,sub_in,Keenan Rahn Subs In,,50.0,38.0,"Austin Ambrose, Darius Chestnut, Jake Quast, Joey Berezowitz, Richie Warren",,,
Ripon Red Hawks,2025-11-07,328,H2,10:11 (H2),Ripon Red Hawks,Jack Field,turnover,Jack Field Turnover (Lost Ball),,50.0,38.0,"Austin Ambrose, Darius Chestnut, Jake Quast, Joey Berezowitz, Richie Warren",42 Jack Field > No Play Type > Turnover,,
Ripon Red Hawks,2025-11-07,329,H2,10:11 (H2),UW-Whitewater,Joey Berezowitz,steal,Joey Berezowitz Steals,,50.0,38.0,"Austin Ambrose, Darius Chestnut, Jake Quast, Joey Berezowitz, Richie Warren",,,
Ripon Red Hawks,2025-11-07,330,H2,10:03 (H2),UW-Whitewater,Darius Chestnut,turnover,Darius Chestnut Turnover (Bad Pass),,50.0,38.0,"Austin Ambrose, Darius Chestnut, Jake Quast, Joey Berezowitz, Richie Warren",10 Darius Chestnut > P&R Ball Handler > Left P&R > Baseline > Dribble Off Pick > Defense Commits > Turnover,,
Ripon Red Hawks,2025-11-07,331,H2,10:03 (H2),Ripon Red Hawks,,timeout,Ripon Timeout,,50.0,38.0,"Austin Ambrose, Darius Chestnut, Jake Quast, Joey Berezowitz, Richie Warren",,,
Ripon Red Hawks,2025-11-07,332,H2,09:38 (H2),Ripon Red Hawks,Seth Bunders,made_shot,Seth Bunders Makes 2PT Jump Shot,2,50.0,40.0,"Austin Ambrose, Darius Chestnut, Jake Quast, Joey Berezowitz, Richie Warren",3 Seth Bunders > ISO > Top > Drives Right > To Basket > Make 2 Pts,,
Ripon Red Hawks,2025-11-07,333,H2,09:08 (H2),Ripon Red Hawks,Keenan Rahn,foul,Keenan Rahn Commits Personal Foul,,50.0,40.0,"Austin Ambrose, Darius Chestnut, Jake Quast, Joey Berezowitz, Richie Warren",12 Jake Quast > ISO > Left > Drives Left > To Basket > Foul,,
Ripon Red Hawks,2025-11-07,334,H2,09:08 (H2),UW-Whitewater,Jake Quast,free_throw_made,Jake Quast Makes Free Throw (1 of 2),,51.0,40.0,"Austin Ambrose, Darius Chestnut, Jake Quast, Joey Berezowitz, Richie Warren",12 Jake Quast > Non Possession > Free Throw,,
Ripon Red Hawks,2025-11-07,335,H2,09:08 (H2),UW-Whitewater,Jake Quast,free_throw_missed,Jake Quast Misses Free Throw (2 of 2),,51.0,40.0,"Austin Ambrose, Darius Chestnut, Jake Quast, Joey Berezowitz, Richie Warren",12 Jake Quast > Non Possession > Free Throw,,
Ripon Red Hawks,2025-11-07,336,H2,09:07 (H2),Ripon Red Hawks,Ripon,team_deadball_rebound_defensive,Ripon Defensive Deadball Rebound,,51.0,40.0,"Austin Ambrose, Darius Chestnut, Jake Quast, Joey Berezowitz, Richie Warren",,,
Ripon Red Hawks,2025-11-07,337,H2,08:52 (H2),UW-Whitewater,Richie Warren,foul,Richie Warren Commits Personal Foul,,51.0,40.0,"Austin Ambrose, Darius Chestnut, Jake Quast, Joey Berezowitz, Richie Warren",3 Seth Bunders > Non Possession > Non Shooting Foul,,
Ripon Red Hawks,2025-11-07,338,H2,08:52 (H2),Ripon Red Hawks,Sam Leoni,free_throw_made,Sam Leoni Makes Free Throw (1 of 2),,51.0,41.0,"Austin Ambrose, Darius Chestnut, Jake Quast, Joey Berezowitz, Richie Warren",11 Sam Leoni > Non Possession > Free Throw,BAD FOUL,
Ripon Red Hawks,2025-11-07,339,H2,08:52 (H2),Ripon Red Hawks,Sam Leoni,free_throw_made,Sam Leoni Makes Free Throw (2 of 2),,51.0,42.0,"Austin Ambrose, Darius Chestnut, Jake Quast, Joey Berezowitz, Richie Warren",11 Sam Leoni > Non Possession > Free Throw,BAD FOUL,
Ripon Red Hawks,2025-11-07,340,H2,08:52 (H2),Ripon Red Hawks,Sam Leoni,sub_out,Sam Leoni Subs Out,,51.0,42.0,"Austin Ambrose, Darius Chestnut, Jake Quast, Joey Berezowitz, Richie Warren",,BAD FOUL,
Ripon Red Hawks,2025-11-07,341,H2,08:52 (H2),Ripon Red Hawks,Jarton Davis,sub_in,Jarton Davis Subs In,,51.0,42.0,"Austin Ambrose, Darius Chestnut, Jake Quast, Joey Berezowitz, Richie Warren",,,
Ripon Red Hawks,2025-11-07,342,H2,08:52 (H2),UW-Whitewater,Austin Ambrose,sub_out,Austin Ambrose Subs Out,,51.0,42.0,"Austin Ambrose, Darius Chestnut, Jake Quast, Joey Berezowitz, Richie Warren",,,
Ripon Red Hawks,2025-11-07,343,H2,08:52 (H2),UW-Whitewater,Brock Marino,sub_in,Brock Marino Subs In,,51.0,42.0,"Brock Marino, Darius Chestnut, Jake Quast, Joey Berezowitz, Richie Warren",,,
Ripon Red Hawks,2025-11-07,344,H2,08:52 (H2),Ripon Red Hawks,Michael Asman,sub_out,Michael Asman Subs Out,,51.0,42.0,"Brock Marino, Darius Chestnut, Jake Quast, Joey Berezowitz, Richie Warren",,,
Ripon Red Hawks,2025-11-07,345,H2,08:52 (H2),Ripon Red Hawks,Kolby Williams,sub_in,Kolby Williams Subs In,,51.0,42.0,"Brock Marino, Darius Chestnut, Jake Quast, Joey Berezowitz, Richie Warren",,,
Ripon Red Hawks,2025-11-07,346,H2,08:41 (H2),Ripon Red Hawks,Keenan Rahn,foul,Keenan Rahn Commits Personal Foul,,51.0,42.0,"Brock Marino, Darius Chestnut, Jake Quast, Joey Berezowitz, Richie Warren",12 Jake Quast > No Play Type > Foul,,
Ripon Red Hawks,2025-11-07,347,H2,08:41 (H2),UW-Whitewater,Jake Quast,free_throw_made,Jake Quast Makes Free Throw (1 of 2),,52.0,42.0,"Brock Marino, Darius Chestnut, Jake Quast, Joey Berezowitz, Richie Warren",12 Jake Quast > Non Possession > Free Throw,,
Ripon Red Hawks,2025-11-07,348,H2,08:41 (H2),UW-Whitewater,Jake Quast,free_throw_missed,Jake Quast Misses Free Throw (2 of 2),,52.0,42.0,"Brock Marino, Darius Chestnut, Jake Quast, Joey Berezowitz, Richie Warren",12 Jake Quast > Non Possession > Free Throw,,
Ripon Red Hawks,2025-11-07,349,H2,08:40 (H2),Ripon Red Hawks,Seth Bunders,rebound_defensive,Seth Bunders Defensive Rebound,,52.0,42.0,"Brock Marino, Darius Chestnut, Jake Quast, Joey Berezowitz, Richie Warren",,,
Ripon Red Hawks,2025-11-07,350,H2,08:21 (H2),Ripon Red Hawks,Seth Bunders,made_shot,Seth Bunders Makes 3PT Jump Shot,3,52.0,45.0,"Brock Marino, Darius Chestnut, Jake Quast, Joey Berezowitz, Richie Warren",3 Seth Bunders > P&R Ball Handler > High P&R > Takes Early Jump Shot > Dribble Jumper > Long/3pt > Make 3 Pts,No Contest,
Ripon Red Hawks,2025-11-07,351,H2,07:57 (H2),Ripon Red Hawks,Seth Bunders,foul,Seth Bunders Commits Personal Foul,,52.0,45.0,"Brock Marino, Darius Chestnut, Jake Quast, Joey Berezowitz, Richie Warren",12 Jake Quast > Spot-Up > Drives Left > To Basket > Foul,,
Ripon Red Hawks,2025-11-07,352,H2,07:57 (H2),UW-Whitewater,Jake Quast,free_throw_made,Jake Quast Makes Free Throw (1 of 2),,53.0,45.0,"Brock Marino, Darius Chestnut, Jake Quast, Joey Berezowitz, Richie Warren",12 Jake Quast > Non Possession > Free Throw,,
Ripon Red Hawks,2025-11-07,353,H2,07:57 (H2),UW-Whitewater,Jake Quast,free_throw_made,Jake Quast Makes Free Throw (2 of 2),,54.0,45.0,"Brock Marino, Darius Chestnut, Jake Quast, Joey Berezowitz, Richie Warren",12 Jake Quast > Non Possession > Free Throw,,
Ripon Red Hawks,2025-11-07,354,H2,07:57 (H2),Ripon Red Hawks,Keenan Rahn,sub_out,Keenan Rahn Subs Out,,54.0,45.0,"Brock Marino, Darius Chestnut, Jake Quast, Joey Berezowitz, Richie Warren",,,
Ripon Red Hawks,2025-11-07,355,H2,07:57 (H2),Ripon Red Hawks,CJ Brown,sub_in,CJ Brown Subs In,,54.0,45.0,"Brock Marino, Darius Chestnut, Jake Quast, Joey Berezowitz, Richie Warren",,,
Ripon Red Hawks,2025-11-07,356,H2,07:57 (H2),UW-Whitewater,Joey Berezowitz,sub_out,Joey Berezowitz Subs Out,,54.0,45.0,"Brock Marino, Darius Chestnut, Jake Quast, Joey Berezowitz, Richie Warren",,,
Ripon Red Hawks,2025-11-07,357,H2,07:57 (H2),UW-Whitewater,Richie Warren,sub_out,Richie Warren Subs Out,,54.0,45.0,"Brock Marino, Darius Chestnut, Jake Quast, Joey Berezowitz, Richie Warren",,,
Ripon Red Hawks,2025-11-07,358,H2,07:57 (H2),UW-Whitewater,Isaac Verges,sub_in,Isaac Verges Subs In,,54.0,45.0,"Brock Marino, Darius Chestnut, Jake Quast, Joey Berezowitz, Richie Warren",,,
Ripon Red Hawks,2025-11-07,359,H2,07:57 (H2),UW-Whitewater,JR Lukenbill,sub_in,JR Lukenbill Subs In,,54.0,45.0,"Brock Marino, Darius Chestnut, Isaac Verges, JR Lukenbill, Jake Quast",,,
Ripon Red Hawks,2025-11-07,360,H2,07:57 (H2),UW-Whitewater,Jake Quast,sub_out,Jake Quast Subs Out,,54.0,45.0,"Brock Marino, Darius Chestnut, Isaac Verges, JR Lukenbill, Jake Quast",,,
Ripon Red Hawks,2025-11-07,361,H2,07:57 (H2),UW-Whitewater,Collin Madson,sub_in,Collin Madson Subs In,,54.0,45.0,"Brock Marino, Collin Madson, Darius Chestnut, Isaac Verges, JR Lukenbill",,,
Ripon Red Hawks,2025-11-07,362,H2,07:47 (H2),Ripon Red Hawks,Seth Bunders,made_shot,Seth Bunders Makes 2PT Jump Shot,2,54.0,47.0,"Brock Marino, Collin Madson, Darius Chestnut, Isaac Verges, JR Lukenbill",3 Seth Bunders > P&R Ball Handler > High P&R > Dribble Off Pick > Dribble Jumper > Short to < 17' > Make 2 Pts,No Contest - Should be a non-play (under on ball screen),
Ripon Red Hawks,2025-11-07,363,H2,07:24 (H2),UW-Whitewater,Isaac Verges,missed_shot,Isaac Verges Misses 2PT Layup,2,54.0,47.0,"Brock Marino, Collin Madson, Darius Chestnut, Isaac Verges, JR Lukenbill",0 Isaac Verges > P&R Ball Handler > High P&R > Dribble Off Pick > To Basket > Miss 2 Pts,,"Panther 2 ""P2"""
Ripon Red Hawks,2025-11-07,364,H2,07:24 (H2),Ripon Red Hawks,Ripon,team_deadball_rebound_defensive,Ripon Defensive Deadball Rebound,,54.0,47.0,"Brock Marino, Collin Madson, Darius Chestnut, Isaac Verges, JR Lukenbill",,,
Ripon Red Hawks,2025-11-07,365,H2,07:24 (H2),Ripon Red Hawks,Jack Field,sub_out,Jack Field Subs Out,,54.0,47.0,"Brock Marino, Collin Madson, Darius Chestnut, Isaac Verges, JR Lukenbill",,,
Ripon Red Hawks,2025-11-07,366,H2,07:24 (H2),Ripon Red Hawks,Michael Asman,sub_in,Michael Asman Subs In,,54.0,47.0,"Brock Marino, Collin Madson, Darius Chestnut, Isaac Verges, JR Lukenbill",,,
Ripon Red Hawks,2025-11-07,367,H2,07:02 (H2),Ripon Red Hawks,Seth Bunders,missed_shot,Seth Bunders Misses 3PT Jump Shot,3,54.0,47.0,"Brock Marino, Collin Madson, Darius Chestnut, Isaac Verges, JR Lukenbill",13 CJ Brown > P&R Ball Handler > Left P&R > Side > Dribble Off Pick > Defense Commits > Ball Delivered > 3 Seth Bunders > Spot-Up > No Dribble Jumper > Open > Long/3pt > Miss 3 Pts,,
Ripon Red Hawks,2025-11-07,368,H2,07:00 (H2),Ripon Red Hawks,Kolby Williams,rebound_offensive,Kolby Williams Offensive Rebound,,54.0,47.0,"Brock Marino, Collin Madson, Darius Chestnut, Isaac Verges, JR Lukenbill",,,
Ripon Red Hawks,2025-11-07,369,H2,06:59 (H2),Ripon Red Hawks,Kolby Williams,turnover,Kolby Williams Turnover (Bad Pass),,54.0,47.0,"Brock Marino, Collin Madson, Darius Chestnut, Isaac Verges, JR Lukenbill",12 Kolby Williams > Post-Up > Left Block > Turnover,,
Ripon Red Hawks,2025-11-07,370,H2,06:59 (H2),UW-Whitewater,Darius Chestnut,steal,Darius Chestnut Steals,,54.0,47.0,"Brock Marino, Collin Madson, Darius Chestnut, Isaac Verges, JR Lukenbill",,,
Ripon Red Hawks,2025-11-07,371,H2,06:55 (H2),Ripon Red Hawks,CJ Brown,foul,CJ Brown Commits Personal Foul,,54.0,47.0,"Brock Marino, Collin Madson, Darius Chestnut, Isaac Verges, JR Lukenbill",,,
Ripon Red Hawks,2025-11-07,372,H2,06:55 (H2),UW-Whitewater,Darius Chestnut,free_throw_made,Darius Chestnut Makes Free Throw (1 of 2),,55.0,47.0,"Brock Marino, Collin Madson, Darius Chestnut, Isaac Verges, JR Lukenbill",10 Darius Chestnut > Non Possession > Free Throw,,
Ripon Red Hawks,2025-11-07,373,H2,06:55 (H2),UW-Whitewater,Darius Chestnut,free_throw_made,Darius Chestnut Makes Free Throw (2 of 2),,56.0,47.0,"Brock Marino, Collin Madson, Darius Chestnut, Isaac Verges, JR Lukenbill",10 Darius Chestnut > Non Possession > Free Throw,,
Ripon Red Hawks,2025-11-07,374,H2,06:55 (H2),Ripon Red Hawks,Jarton Davis,sub_out,Jarton Davis Subs Out,,56.0,47.0,"Brock Marino, Collin Madson, Darius Chestnut, Isaac Verges, JR Lukenbill",,,
Ripon Red Hawks,2025-11-07,375,H2,06:55 (H2),Ripon Red Hawks,Sam Leoni,sub_in,Sam Leoni Subs In,,56.0,47.0,"Brock Marino, Collin Madson, Darius Chestnut, Isaac Verges, JR Lukenbill",,,
Ripon Red Hawks,2025-11-07,376,H2,06:30 (H2),Ripon Red Hawks,CJ Brown,turnover,CJ Brown Turnover (Bad Pass),,56.0,47.0,"Brock Marino, Collin Madson, Darius Chestnut, Isaac Verges, JR Lukenbill",3 Seth Bunders > ISO > Top > Drives Left > Defense Commits > Ball Delivered > 13 CJ Brown > Spot-Up > Turnover,,
Ripon Red Hawks,2025-11-07,377,H2,06:30 (H2),UW-Whitewater,JR Lukenbill,steal,JR Lukenbill Steals,,56.0,47.0,"Brock Marino, Collin Madson, Darius Chestnut, Isaac Verges, JR Lukenbill",,,
Ripon Red Hawks,2025-11-07,378,H2,06:14 (H2),UW-Whitewater,Brock Marino,made_shot,Brock Marino Makes 2PT Layup,2,58.0,47.0,"Brock Marino, Collin Madson, Darius Chestnut, Isaac Verges, JR Lukenbill",15 Collin Madson > P&R Ball Handler > Right P&R > Side > Dribble Off Pick > Defense Commits > Ball Delivered > 21 Brock Marino > P&R Roll Man > Slips the Pick > To Basket > Make 2 Pts,,
Ripon Red Hawks,2025-11-07,379,H2,06:14 (H2),UW-Whitewater,Collin Madson,assist,Collin Madson Assists,,58.0,47.0,"Brock Marino, Collin Madson, Darius Chestnut, Isaac Verges, JR Lukenbill",,,
Ripon Red Hawks,2025-11-07,380,H2,05:43 (H2),Ripon Red Hawks,Sam Leoni,missed_shot,Sam Leoni Misses 2PT Jump Shot,2,58.0,47.0,"Brock Marino, Collin Madson, Darius Chestnut, Isaac Verges, JR Lukenbill",11 Sam Leoni > P&R Ball Handler > Left P&R > Side > Dribble Off Pick > Dribble Jumper > Short to < 17' > Miss 2 Pts,,
Ripon Red Hawks,2025-11-07,381,H2,05:41 (H2),UW-Whitewater,Isaac Verges,rebound_defensive,Isaac Verges Defensive Rebound,,58.0,47.0,"Brock Marino, Collin Madson, Darius Chestnut, Isaac Verges, JR Lukenbill",,,
Ripon Red Hawks,2025-11-07,382,H2,05:24 (H2),UW-Whitewater,Darius Chestnut,made_shot,Darius Chestnut Makes 2PT Layup,2,60.0,47.0,"Brock Marino, Collin Madson, Darius Chestnut, Isaac Verges, JR Lukenbill",10 Darius Chestnut > P&R Ball Handler > Right P&R > Side > Dribble Off Pick > To Basket > Make 2 Pts,,
Ripon Red Hawks,2025-11-07,383,H2,04:55 (H2),Ripon Red Hawks,Michael Asman,made_shot,Michael Asman Makes 3PT Jump Shot,3,60.0,50.0,"Brock Marino, Collin Madson, Darius Chestnut, Isaac Verges, JR Lukenbill",35 Michael Asman > Cut > Flash > Make 2 Pts,"GOOD SWITCH & THROUGH, DON'T REACH/KEEP IN FRONT, DON'T LEAVE BETTER SHOOTER",
Ripon Red Hawks,2025-11-07,384,H2,04:55 (H2),Ripon Red Hawks,Sam Leoni,assist,Sam Leoni Assists,,60.0,50.0,"Brock Marino, Collin Madson, Darius Chestnut, Isaac Verges, JR Lukenbill",,,
Ripon Red Hawks,2025-11-07,385,H2,04:42 (H2),Ripon Red Hawks,Michael Asman,foul,Michael Asman Commits Personal Foul,,60.0,50.0,"Brock Marino, Collin Madson, Darius Chestnut, Isaac Verges, JR Lukenbill",0 Isaac Verges > ISO > Top > Drives Right > To Basket > Foul,,
Ripon Red Hawks,2025-11-07,386,H2,04:42 (H2),UW-Whitewater,Isaac Verges,free_throw_made,Isaac Verges Makes Free Throw (1 of 2),,61.0,50.0,"Brock Marino, Collin Madson, Darius Chestnut, Isaac Verges, JR Lukenbill",0 Isaac Verges > Non Possession > Free Throw,,
Ripon Red Hawks,2025-11-07,387,H2,04:42 (H2),UW-Whitewater,Isaac Verges,free_throw_missed,Isaac Verges Misses Free Throw (2 of 2),,61.0,50.0,"Brock Marino, Collin Madson, Darius Chestnut, Isaac Verges, JR Lukenbill",0 Isaac Verges > Non Possession > Free Throw,,
Ripon Red Hawks,2025-11-07,388,H2,04:42 (H2),Ripon Red Hawks,Kolby Williams,sub_out,Kolby Williams Subs Out,,61.0,50.0,"Brock Marino, Collin Madson, Darius Chestnut, Isaac Verges, JR Lukenbill",,,
Ripon Red Hawks,2025-11-07,389,H2,04:42 (H2),Ripon Red Hawks,Jack Field,sub_in,Jack Field Subs In,,61.0,50.0,"Brock Marino, Collin Madson, Darius Chestnut, Isaac Verges, JR Lukenbill",,,
Ripon Red Hawks,2025-11-07,390,H2,04:41 (H2),UW-Whitewater,Brock Marino,rebound_offensive,Brock Marino Offensive Rebound,,61.0,50.0,"Brock Marino, Collin Madson, Darius Chestnut, Isaac Verges, JR Lukenbill",,,
Ripon Red Hawks,2025-11-07,391,H2,04:41 (H2),Ripon Red Hawks,Jack Field,foul,Jack Field Commits Personal Foul,,61.0,50.0,"Brock Marino, Collin Madson, Darius Chestnut, Isaac Verges, JR Lukenbill",21 Brock Marino > Offensive Rebound > Short > Foul,,
Ripon Red Hawks,2025-11-07,392,H2,04:40 (H2),UW-Whitewater,Brock Marino,free_throw_missed,Brock Marino Misses Free Throw (1 of 2),,61.0,50.0,"Brock Marino, Collin Madson, Darius Chestnut, Isaac Verges, JR Lukenbill",21 Brock Marino > Non Possession > Free Throw,,
Ripon Red Hawks,2025-11-07,393,H2,04:40 (H2),UW-Whitewater,Wis.-Whitewater,team_deadball_rebound_offensive,Wis.-Whitewater Offensive Deadball Rebound,,61.0,50.0,"Brock Marino, Collin Madson, Darius Chestnut, Isaac Verges, JR Lukenbill",,,
Ripon Red Hawks,2025-11-07,394,H2,04:40 (H2),UW-Whitewater,Brock Marino,free_throw_made,Brock Marino Makes Free Throw (2 of 2),,62.0,50.0,"Brock Marino, Collin Madson, Darius Chestnut, Isaac Verges, JR Lukenbill",21 Brock Marino > Non Possession > Free Throw,,
Ripon Red Hawks,2025-11-07,395,H2,04:18 (H2),UW-Whitewater,Collin Madson,foul,Collin Madson Commits Personal Foul,,62.0,50.0,"Brock Marino, Collin Madson, Darius Chestnut, Isaac Verges, JR Lukenbill",11 Sam Leoni > Spot-Up > Drives Left > Foul,,
Ripon Red Hawks,2025-11-07,396,H2,04:18 (H2),Ripon Red Hawks,Sam Leoni,free_throw_made,Sam Leoni Makes Free Throw (1 of 2),,62.0,51.0,"Brock Marino, Collin Madson, Darius Chestnut, Isaac Verges, JR Lukenbill",11 Sam Leoni > Non Possession > Free Throw,,
Ripon Red Hawks,2025-11-07,397,H2,04:18 (H2),Ripon Red Hawks,Sam Leoni,free_throw_made,Sam Leoni Makes Free Throw (2 of 2),,62.0,52.0,"Brock Marino, Collin Madson, Darius Chestnut, Isaac Verges, JR Lukenbill",11 Sam Leoni > Non Possession > Free Throw,,
Ripon Red Hawks,2025-11-07,398,H2,04:18 (H2),Ripon Red Hawks,Michael Asman,sub_out,Michael Asman Subs Out,,62.0,52.0,"Brock Marino, Collin Madson, Darius Chestnut, Isaac Verges, JR Lukenbill",,,
Ripon Red Hawks,2025-11-07,399,H2,04:18 (H2),Ripon Red Hawks,Kolby Williams,sub_in,Kolby Williams Subs In,,62.0,52.0,"Brock Marino, Collin Madson, Darius Chestnut, Isaac Verges, JR Lukenbill",,,
Ripon Red Hawks,2025-11-07,400,H2,04:14 (H2),UW-Whitewater,,timeout,Wis.-Whitewater Timeout,,62.0,52.0,"Brock Marino, Collin Madson, Darius Chestnut, Isaac Verges, JR Lukenbill",,,
Ripon Red Hawks,2025-11-07,401,H2,04:05 (H2),UW-Whitewater,Brock Marino,made_shot,Brock Marino Makes 2PT Layup,2,64.0,52.0,"Brock Marino, Collin Madson, Darius Chestnut, Isaac Verges, JR Lukenbill",21 Brock Marino > ISO > Top > Drives Right > To Basket > Make 2 Pts,,
Ripon Red Hawks,2025-11-07,402,H2,03:40 (H2),Ripon Red Hawks,Jack Field,missed_shot,Jack Field Misses 2PT Jump Shot,2,64.0,52.0,"Brock Marino, Collin Madson, Darius Chestnut, Isaac Verges, JR Lukenbill",44 Marshawn Robinson > P&R Ball Handler > High P&R > Dribble Off Pick > Defense Commits > Ball Delivered > 42 Jack Field > P&R Roll Man > Pick and Pops > Drives Left > Dribble Jumper > Long/3pt > Miss 3 Pts,"GOOD STUNT & RECOVER TO TAKE AWAY CORNER 3, BOX OUT SHOOTER",
Ripon Red Hawks,2025-11-07,403,H2,03:38 (H2),UW-Whitewater,JR Lukenbill,rebound_defensive,JR Lukenbill Defensive Rebound,,64.0,52.0,"Brock Marino, Collin Madson, Darius Chestnut, Isaac Verges, JR Lukenbill",,,
Ripon Red Hawks,2025-11-07,404,H2,03:28 (H2),UW-Whitewater,Collin Madson,missed_shot,Collin Madson Misses 3PT Jump Shot,3,64.0,52.0,"Brock Marino, Collin Madson, Darius Chestnut, Isaac Verges, JR Lukenbill",15 Collin Madson > Transition > Left Wing > Dribble Jumper > Long/3pt > Miss 3 Pts,GREAT EFFORTS,
Ripon Red Hawks,2025-11-07,405,H2,03:27 (H2),UW-Whitewater,Darius Chestnut,rebound_offensive,Darius Chestnut Offensive Rebound,,64.0,52.0,"Brock Marino, Collin Madson, Darius Chestnut, Isaac Verges, JR Lukenbill",,,
Ripon Red Hawks,2025-11-07,406,H2,03:27 (H2),UW-Whitewater,Darius Chestnut,made_shot,Darius Chestnut Makes 2PT,2,66.0,52.0,"Brock Marino, Collin Madson, Darius Chestnut, Isaac Verges, JR Lukenbill",10 Darius Chestnut > Offensive Rebound > Short > Scoring Attempt > At Basket > Make 2 Pts Foul > 1 Pts,,
Ripon Red Hawks,2025-11-07,407,H2,03:27 (H2),Ripon Red Hawks,Sam Leoni,foul,Sam Leoni Commits Personal Foul,,66.0,52.0,"Brock Marino, Collin Madson, Darius Chestnut, Isaac Verges, JR Lukenbill",,,
Ripon Red Hawks,2025-11-07,408,H2,03:27 (H2),UW-Whitewater,Darius Chestnut,free_throw_made,Darius Chestnut Makes Free Throw (1 of 1),,67.0,52.0,"Brock Marino, Collin Madson, Darius Chestnut, Isaac Verges, JR Lukenbill",10 Darius Chestnut > Offensive Rebound > Short > Scoring Attempt > At Basket > Make 2 Pts Foul > 1 Pts,,
Ripon Red Hawks,2025-11-07,409,H2,03:27 (H2),Ripon Red Hawks,Kolby Williams,sub_out,Kolby Williams Subs Out,,67.0,52.0,"Brock Marino, Collin Madson, Darius Chestnut, Isaac Verges, JR Lukenbill",,,
Ripon Red Hawks,2025-11-07,410,H2,03:27 (H2),Ripon Red Hawks,Michael Asman,sub_in,Michael Asman Subs In,,67.0,52.0,"Brock Marino, Collin Madson, Darius Chestnut, Isaac Verges, JR Lukenbill",,,
Ripon Red Hawks,2025-11-07,411,H2,03:14 (H2),Ripon Red Hawks,Seth Bunders,missed_shot,Seth Bunders Misses 2PT Layup,2,67.0,52.0,"Brock Marino, Collin Madson, Darius Chestnut, Isaac Verges, JR Lukenbill",3 Seth Bunders > P&R Ball Handler > High P&R > Dribble Off Pick > To Basket > Miss 2 Pts,,
Ripon Red Hawks,2025-11-07,412,H2,03:14 (H2),UW-Whitewater,Wis.-Whitewater,team_deadball_rebound_defensive,Wis.-Whitewater Defensive Deadball Rebound,,67.0,52.0,"Brock Marino, Collin Madson, Darius Chestnut, Isaac Verges, JR Lukenbill",,,
Ripon Red Hawks,2025-11-07,413,H2,02:47 (H2),UW-Whitewater,JR Lukenbill,missed_shot,JR Lukenbill Misses 3PT Jump Shot,3,67.0,52.0,"Brock Marino, Collin Madson, Darius Chestnut, Isaac Verges, JR Lukenbill",21 Brock Marino > ISO > Top > Drives Left > Defense Commits > Ball Delivered > 11 Jr Lukenbill > Spot-Up > No Dribble Jumper > Guarded > Long/3pt > Miss 3 Pts,,
Ripon Red Hawks,2025-11-07,414,H2,02:46 (H2),Ripon Red Hawks,,jump_ball_held,Jump Ball (Held Ball),,67.0,52.0,"Brock Marino, Collin Madson, Darius Chestnut, Isaac Verges, JR Lukenbill",,,
Ripon Red Hawks,2025-11-07,415,H2,02:46 (H2),UW-Whitewater,,jump_ball_held,Jump Ball (Held Ball),,67.0,52.0,"Brock Marino, Collin Madson, Darius Chestnut, Isaac Verges, JR Lukenbill",,,
Ripon Red Hawks,2025-11-07,416,H2,02:46 (H2),UW-Whitewater,Isaac Verges,rebound_offensive,Isaac Verges Offensive Rebound,,67.0,52.0,"Brock Marino, Collin Madson, Darius Chestnut, Isaac Verges, JR Lukenbill",,,
Ripon Red Hawks,2025-11-07,417,H2,02:39 (H2),UW-Whitewater,Isaac Verges,missed_shot,Isaac Verges Misses 2PT Layup,2,67.0,52.0,"Brock Marino, Collin Madson, Darius Chestnut, Isaac Verges, JR Lukenbill",0 Isaac Verges > Hand Off > From Dribble > Left > To Basket > Miss 2 Pts,,
Ripon Red Hawks,2025-11-07,418,H2,02:37 (H2),UW-Whitewater,Brock Marino,rebound_offensive,Brock Marino Offensive Rebound,,67.0,52.0,"Brock Marino, Collin Madson, Darius Chestnut, Isaac Verges, JR Lukenbill",,,
Ripon Red Hawks,2025-11-07,419,H2,02:36 (H2),UW-Whitewater,Brock Marino,missed_shot,Brock Marino Misses 2PT Layup,2,67.0,52.0,"Brock Marino, Collin Madson, Darius Chestnut, Isaac Verges, JR Lukenbill",,,
Ripon Red Hawks,2025-11-07,420,H2,02:34 (H2),UW-Whitewater,JR Lukenbill,rebound_offensive,JR Lukenbill Offensive Rebound,,67.0,52.0,"Brock Marino, Collin Madson, Darius Chestnut, Isaac Verges, JR Lukenbill",,,
Ripon Red Hawks,2025-11-07,421,H2,02:31 (H2),UW-Whitewater,Darius Chestnut,missed_shot,Darius Chestnut Misses 3PT Jump Shot,3,67.0,52.0,"Brock Marino, Collin Madson, Darius Chestnut, Isaac Verges, JR Lukenbill",10 Darius Chestnut > Spot-Up > No Dribble Jumper > Open > Long/3pt > Miss 3 Pts,,
Ripon Red Hawks,2025-11-07,422,H2,02:29 (H2),UW-Whitewater,Isaac Verges,rebound_offensive,Isaac Verges Offensive Rebound,,67.0,52.0,"Brock Marino, Collin Madson, Darius Chestnut, Isaac Verges, JR Lukenbill",,,
Ripon Red Hawks,2025-11-07,423,H2,02:27 (H2),UW-Whitewater,Isaac Verges,made_shot,Isaac Verges Makes 2PT Layup,2,69.0,52.0,"Brock Marino, Collin Madson, Darius Chestnut, Isaac Verges, JR Lukenbill",0 Isaac Verges > Offensive Rebound > Short > Scoring Attempt > At Basket > Make 2 Pts,,
Ripon Red Hawks,2025-11-07,424,H2,02:13 (H2),Ripon Red Hawks,Seth Bunders,made_shot,Seth Bunders Makes 2PT Jump Shot,2,69.0,54.0,"Brock Marino, Collin Madson, Darius Chestnut, Isaac Verges, JR Lukenbill",3 Seth Bunders > P&R Ball Handler > Right P&R > Side > Dribble Off Pick > Dribble Jumper > Short to < 17' > Make 2 Pts,No Contest,
Ripon Red Hawks,2025-11-07,425,H2,02:11 (H2),Ripon Red Hawks,,timeout,Ripon Timeout,,69.0,54.0,"Brock Marino, Collin Madson, Darius Chestnut, Isaac Verges, JR Lukenbill",,,
Ripon Red Hawks,2025-11-07,426,H2,02:11 (H2),Ripon Red Hawks,Sam Leoni,sub_out,Sam Leoni Subs Out,,69.0,54.0,"Brock Marino, Collin Madson, Darius Chestnut, Isaac Verges, JR Lukenbill",,,
Ripon Red Hawks,2025-11-07,427,H2,02:11 (H2),Ripon Red Hawks,Jack Field,sub_out,Jack Field Subs Out,,69.0,54.0,"Brock Marino, Collin Madson, Darius Chestnut, Isaac Verges, JR Lukenbill",,,
Ripon Red Hawks,2025-11-07,428,H2,02:11 (H2),UW-Whitewater,Darius Chestnut,sub_out,Darius Chestnut Subs Out,,69.0,54.0,"Brock Marino, Collin Madson, Darius Chestnut, Isaac Verges, JR Lukenbill",,,
Ripon Red Hawks,2025-11-07,429,H2,02:11 (H2),Ripon Red Hawks,Keenan Rahn,sub_in,Keenan Rahn Subs In,,69.0,54.0,"Brock Marino, Collin Madson, Darius Chestnut, Isaac Verges, JR Lukenbill",,,
Ripon Red Hawks,2025-11-07,430,H2,02:11 (H2),Ripon Red Hawks,Jarton Davis,sub_in,Jarton Davis Subs In,,69.0,54.0,"Brock Marino, Collin Madson, Darius Chestnut, Isaac Verges, JR Lukenbill",,,
Ripon Red Hawks,2025-11-07,431,H2,02:11 (H2),UW-Whitewater,Joey Berezowitz,sub_in,Joey Berezowitz Subs In,,69.0,54.0,"Brock Marino, Collin Madson, Isaac Verges, JR Lukenbill, Joey Berezowitz",,,
Ripon Red Hawks,2025-11-07,432,H2,01:54 (H2),Ripon Red Hawks,Seth Bunders,foul,Seth Bunders Commits Personal Foul,,69.0,54.0,"Brock Marino, Collin Madson, Isaac Verges, JR Lukenbill, Joey Berezowitz",15 Collin Madson > P&R Ball Handler > High P&R > Foul,,
Ripon Red Hawks,2025-11-07,433,H2,01:54 (H2),UW-Whitewater,Collin Madson,free_throw_made,Collin Madson Makes Free Throw (1 of 2),,70.0,54.0,"Brock Marino, Collin Madson, Isaac Verges, JR Lukenbill, Joey Berezowitz",15 Collin Madson > Non Possession > Free Throw,,
Ripon Red Hawks,2025-11-07,434,H2,01:54 (H2),UW-Whitewater,Collin Madson,free_throw_made,Collin Madson Makes Free Throw (2 of 2),,71.0,54.0,"Brock Marino, Collin Madson, Isaac Verges, JR Lukenbill, Joey Berezowitz",15 Collin Madson > Non Possession > Free Throw,,
Ripon Red Hawks,2025-11-07,435,H2,01:38 (H2),Ripon Red Hawks,CJ Brown,missed_shot,CJ Brown Misses 2PT Jump Shot,2,71.0,54.0,"Brock Marino, Collin Madson, Isaac Verges, JR Lukenbill, Joey Berezowitz",13 CJ Brown > Hand Off > From Dribble > Right > Dribble Jumper > Short to < 17' > Miss 2 Pts,,
Ripon Red Hawks,2025-11-07,436,H2,01:36 (H2),UW-Whitewater,Collin Madson,rebound_defensive,Collin Madson Defensive Rebound,,71.0,54.0,"Brock Marino, Collin Madson, Isaac Verges, JR Lukenbill, Joey Berezowitz",,,
Ripon Red Hawks,2025-11-07,437,H2,01:20 (H2),UW-Whitewater,Isaac Verges,missed_shot,Isaac Verges Misses 3PT Jump Shot,3,71.0,54.0,"Brock Marino, Collin Madson, Isaac Verges, JR Lukenbill, Joey Berezowitz",22 Joey Berezowitz > P&R Ball Handler > High P&R > Go Away from Pick > Defense Commits > Ball Delivered > 0 Isaac Verges > Spot-Up > No Dribble Jumper > Open > Long/3pt > Miss 3 Pts,,
Ripon Red Hawks,2025-11-07,438,H2,01:18 (H2),UW-Whitewater,JR Lukenbill,rebound_offensive,JR Lukenbill Offensive Rebound,,71.0,54.0,"Brock Marino, Collin Madson, Isaac Verges, JR Lukenbill, Joey Berezowitz",,,
Ripon Red Hawks,2025-11-07,439,H2,01:18 (H2),Ripon Red Hawks,CJ Brown,foul,CJ Brown Commits Personal Foul,,71.0,54.0,"Brock Marino, Collin Madson, Isaac Verges, JR Lukenbill, Joey Berezowitz",11 Jr Lukenbill > No Play Type > Foul,,
Ripon Red Hawks,2025-11-07,440,H2,01:18 (H2),UW-Whitewater,JR Lukenbill,free_throw_missed,JR Lukenbill Misses Free Throw (1 of 2),,71.0,54.0,"Brock Marino, Collin Madson, Isaac Verges, JR Lukenbill, Joey Berezowitz",11 Jr Lukenbill > Non Possession > Free Throw,,
Ripon Red Hawks,2025-11-07,441,H2,01:18 (H2),UW-Whitewater,Wis.-Whitewater,team_deadball_rebound_offensive,Wis.-Whitewater Offensive Deadball Rebound,,71.0,54.0,"Brock Marino, Collin Madson, Isaac Verges, JR Lukenbill, Joey Berezowitz",,,
Ripon Red Hawks,2025-11-07,442,H2,01:18 (H2),UW-Whitewater,JR Lukenbill,free_throw_made,JR Lukenbill Makes Free Throw (2 of 2),,72.0,54.0,"Brock Marino, Collin Madson, Isaac Verges, JR Lukenbill, Joey Berezowitz",11 Jr Lukenbill > Non Possession > Free Throw,,
Ripon Red Hawks,2025-11-07,443,H2,01:06 (H2),UW-Whitewater,Collin Madson,foul,Collin Madson Commits Personal Foul,,72.0,54.0,"Brock Marino, Collin Madson, Isaac Verges, JR Lukenbill, Joey Berezowitz",13 CJ Brown > Cut > Basket > Foul,,
Ripon Red Hawks,2025-11-07,444,H2,01:06 (H2),Ripon Red Hawks,CJ Brown,free_throw_made,CJ Brown Makes Free Throw (1 of 2),,72.0,55.0,"Brock Marino, Collin Madson, Isaac Verges, JR Lukenbill, Joey Berezowitz",13 CJ Brown > Non Possession > Free Throw,,
Ripon Red Hawks,2025-11-07,445,H2,01:06 (H2),Ripon Red Hawks,CJ Brown,free_throw_made,CJ Brown Makes Free Throw (2 of 2),,72.0,56.0,"Brock Marino, Collin Madson, Isaac Verges, JR Lukenbill, Joey Berezowitz",13 CJ Brown > Non Possession > Free Throw,,
Ripon Red Hawks,2025-11-07,446,H2,01:06 (H2),Ripon Red Hawks,Jarton Davis,sub_out,Jarton Davis Subs Out,,72.0,56.0,"Brock Marino, Collin Madson, Isaac Verges, JR Lukenbill, Joey Berezowitz",,,
Ripon Red Hawks,2025-11-07,447,H2,01:06 (H2),Ripon Red Hawks,Kolby Williams,sub_in,Kolby Williams Subs In,,72.0,56.0,"Brock Marino, Collin Madson, Isaac Verges, JR Lukenbill, Joey Berezowitz",,,
Ripon Red Hawks,2025-11-07,448,H2,00:56 (H2),Ripon Red Hawks,CJ Brown,foul,CJ Brown Commits Personal Foul,,72.0,56.0,"Brock Marino, Collin Madson, Isaac Verges, JR Lukenbill, Joey Berezowitz",0 Isaac Verges > No Play Type > Foul,,
Ripon Red Hawks,2025-11-07,449,H2,00:56 (H2),UW-Whitewater,Isaac Verges,free_throw_made,Isaac Verges Makes Free Throw (1 of 2),,73.0,56.0,"Brock Marino, Collin Madson, Isaac Verges, JR Lukenbill, Joey Berezowitz",0 Isaac Verges > Non Possession > Free Throw,,
Ripon Red Hawks,2025-11-07,450,H2,00:56 (H2),UW-Whitewater,Isaac Verges,free_throw_made,Isaac Verges Makes Free Throw (2 of 2),,74.0,56.0,"Brock Marino, Collin Madson, Isaac Verges, JR Lukenbill, Joey Berezowitz",0 Isaac Verges > Non Possession > Free Throw,,
Ripon Red Hawks,2025-11-07,451,H2,00:56 (H2),Ripon Red Hawks,Seth Bunders,sub_out,Seth Bunders Subs Out,,74.0,56.0,"Brock Marino, Collin Madson, Isaac Verges, JR Lukenbill, Joey Berezowitz",,,
Ripon Red Hawks,2025-11-07,452,H2,00:56 (H2),Ripon Red Hawks,Kolby Williams,sub_out,Kolby Williams Subs Out,,74.0,56.0,"Brock Marino, Collin Madson, Isaac Verges, JR Lukenbill, Joey Berezowitz",,,
Ripon Red Hawks,2025-11-07,453,H2,00:56 (H2),Ripon Red Hawks,CJ Brown,sub_out,CJ Brown Subs Out,,74.0,56.0,"Brock Marino, Collin Madson, Isaac Verges, JR Lukenbill, Joey Berezowitz",,,
Ripon Red Hawks,2025-11-07,454,H2,00:56 (H2),Ripon Red Hawks,Keenan Rahn,sub_out,Keenan Rahn Subs Out,,74.0,56.0,"Brock Marino, Collin Madson, Isaac Verges, JR Lukenbill, Joey Berezowitz",,,
Ripon Red Hawks,2025-11-07,455,H2,00:56 (H2),Ripon Red Hawks,Michael Asman,sub_out,Michael Asman Subs Out,,74.0,56.0,"Brock Marino, Collin Madson, Isaac Verges, JR Lukenbill, Joey Berezowitz",,,
Ripon Red Hawks,2025-11-07,456,H2,00:56 (H2),UW-Whitewater,JR Lukenbill,sub_out,JR Lukenbill Subs Out,,74.0,56.0,"Brock Marino, Collin Madson, Isaac Verges, JR Lukenbill, Joey Berezowitz",,,
Ripon Red Hawks,2025-11-07,457,H2,00:56 (H2),UW-Whitewater,Collin Madson,sub_out,Collin Madson Subs Out,,74.0,56.0,"Brock Marino, Collin Madson, Isaac Verges, JR Lukenbill, Joey Berezowitz",,,
Ripon Red Hawks,2025-11-07,458,H2,00:56 (H2),UW-Whitewater,Brock Marino,sub_out,Brock Marino Subs Out,,74.0,56.0,"Brock Marino, Collin Madson, Isaac Verges, JR Lukenbill, Joey Berezowitz",,,
Ripon Red Hawks,2025-11-07,459,H2,00:56 (H2),UW-Whitewater,Joey Berezowitz,sub_out,Joey Berezowitz Subs Out,,74.0,56.0,"Brock Marino, Collin Madson, Isaac Verges, JR Lukenbill, Joey Berezowitz",,,
Ripon Red Hawks,2025-11-07,460,H2,00:56 (H2),Ripon Red Hawks,Jackson Flowers,sub_in,Jackson Flowers Subs In,,74.0,56.0,"Brock Marino, Collin Madson, Isaac Verges, JR Lukenbill, Joey Berezowitz",,,
Ripon Red Hawks,2025-11-07,461,H2,00:56 (H2),Ripon Red Hawks,Landon Lee,sub_in,Landon Lee Subs In,,74.0,56.0,"Brock Marino, Collin Madson, Isaac Verges, JR Lukenbill, Joey Berezowitz",,,
Ripon Red Hawks,2025-11-07,462,H2,00:56 (H2),Ripon Red Hawks,Joey Daun,sub_in,Joey Daun Subs In,,74.0,56.0,"Brock Marino, Collin Madson, Isaac Verges, JR Lukenbill, Joey Berezowitz",,,
Ripon Red Hawks,2025-11-07,463,H2,00:56 (H2),Ripon Red Hawks,Anton Kilde,sub_in,Anton Kilde Subs In,,74.0,56.0,"Brock Marino, Collin Madson, Isaac Verges, JR Lukenbill, Joey Berezowitz",,,
Ripon Red Hawks,2025-11-07,464,H2,00:56 (H2),Ripon Red Hawks,Christian Wilson,sub_in,Christian Wilson Subs In,,74.0,56.0,"Brock Marino, Collin Madson, Isaac Verges, JR Lukenbill, Joey Berezowitz",,,
Ripon Red Hawks,2025-11-07,465,H2,00:56 (H2),UW-Whitewater,Agape Keyes Jr.,sub_in,Agape Keyes Jr. Subs In,,74.0,56.0,"Brock Marino, Collin Madson, Isaac Verges, JR Lukenbill, Joey Berezowitz",,,
Ripon Red Hawks,2025-11-07,466,H2,00:56 (H2),UW-Whitewater,Kelton McEwen,sub_in,Kelton McEwen Subs In,,74.0,56.0,"Brock Marino, Collin Madson, Isaac Verges, JR Lukenbill, Joey Berezowitz",,,
Ripon Red Hawks,2025-11-07,467,H2,00:56 (H2),UW-Whitewater,Mauryon Turner,sub_in,Mauryon Turner Subs In,,74.0,56.0,"Brock Marino, Collin Madson, Isaac Verges, JR Lukenbill, Joey Berezowitz",,,
Ripon Red Hawks,2025-11-07,468,H2,00:56 (H2),UW-Whitewater,Rashad Rogers,sub_in,Rashad Rogers Subs In,,74.0,56.0,"Agape Keyes Jr., Isaac Verges, Kelton McEwen, Mauryon Turner, Rashad Rogers",,,
Ripon Red Hawks,2025-11-07,469,H2,00:56 (H2),UW-Whitewater,Isaac Verges,sub_out,Isaac Verges Subs Out,,74.0,56.0,"Agape Keyes Jr., Isaac Verges, Kelton McEwen, Mauryon Turner, Rashad Rogers",,,
Ripon Red Hawks,2025-11-07,470,H2,00:56 (H2),UW-Whitewater,Isaiah Robinson,sub_in,Isaiah Robinson Subs In,,74.0,56.0,"Agape Keyes Jr., Isaiah Robinson, Kelton McEwen, Mauryon Turner, Rashad Rogers",,,
Ripon Red Hawks,2025-11-07,471,H2,00:46 (H2),Ripon Red Hawks,Anton Kilde,turnover,Anton Kilde Turnover (Lost Ball),,74.0,56.0,"Agape Keyes Jr., Isaiah Robinson, Kelton McEwen, Mauryon Turner, Rashad Rogers",20 Anton Kilde > P&R Ball Handler > Left P&R > Side > Dribble Off Pick > Defense Commits > Turnover,,
Ripon Red Hawks,2025-11-07,472,H2,00:46 (H2),UW-Whitewater,Mauryon Turner,steal,Mauryon Turner Steals,,74.0,56.0,"Agape Keyes Jr., Isaiah Robinson, Kelton McEwen, Mauryon Turner, Rashad Rogers",,,
Ripon Red Hawks,2025-11-07,473,H2,00:43 (H2),UW-Whitewater,Mauryon Turner,made_shot,Mauryon Turner Makes 2PT Layup,2,76.0,56.0,"Agape Keyes Jr., Isaiah Robinson, Kelton McEwen, Mauryon Turner, Rashad Rogers",23 Mauryon Turner > Transition > Ballhandler > To Basket > Make 2 Pts,,
Ripon Red Hawks,2025-11-07,474,H2,00:22 (H2),UW-Whitewater,Kelton McEwen,foul,Kelton McEwen Commits Personal Foul,,76.0,56.0,"Agape Keyes Jr., Isaiah Robinson, Kelton McEwen, Mauryon Turner, Rashad Rogers",33 Jackson Flowers > Post-Up > Right Block > Left Shoulder > Dribble Move > To Basket > Foul,,
Ripon Red Hawks,2025-11-07,475,H2,00:22 (H2),Ripon Red Hawks,Jackson Flowers,free_throw_made,Jackson Flowers Makes Free Throw (1 of 2),,76.0,57.0,"Agape Keyes Jr., Isaiah Robinson, Kelton McEwen, Mauryon Turner, Rashad Rogers",33 Jackson Flowers > Non Possession > Free Throw,,
Ripon Red Hawks,2025-11-07,476,H2,00:22 (H2),Ripon Red Hawks,Jackson Flowers,free_throw_made,Jackson Flowers Makes Free Throw (2 of 2),,76.0,58.0,"Agape Keyes Jr., Isaiah Robinson, Kelton McEwen, Mauryon Turner, Rashad Rogers",33 Jackson Flowers > Non Possession > Free Throw,,
Ripon Red Hawks,2025-11-07,477,H2,00:15 (H2),UW-Whitewater,Mauryon Turner,foul,Mauryon Turner Commits Offensive Foul,,76.0,58.0,"Agape Keyes Jr., Isaiah Robinson, Kelton McEwen, Mauryon Turner, Rashad Rogers",,,
Ripon Red Hawks,2025-11-07,478,H2,00:15 (H2),UW-Whitewater,Mauryon Turner,turnover,Mauryon Turner Turnover (Offensive Foul),,76.0,58.0,"Agape Keyes Jr., Isaiah Robinson, Kelton McEwen, Mauryon Turner, Rashad Rogers",23 Mauryon Turner > P&R Ball Handler > Left P&R > Side > Go Away from Pick > Turnover,,
Ripon Red Hawks,2025-11-07,479,H2,00:01 (H2),Ripon Red Hawks,Joey Daun,missed_shot,Joey Daun Misses 3PT Jump Shot,3,76.0,58.0,"Agape Keyes Jr., Isaiah Robinson, Kelton McEwen, Mauryon Turner, Rashad Rogers",14 Joey Daun > Spot-Up > Drives Left > Dribble Jumper > Long/3pt > Miss 3 Pts,,
Ripon Red Hawks,2025-11-07,480,H2,00:00 (H2),Ripon Red Hawks,Ripon,team_deadball_rebound_offensive,Ripon Offensive Deadball Rebound,,76.0,58.0,"Agape Keyes Jr., Isaiah Robinson, Kelton McEwen, Mauryon Turner, Rashad Rogers",,,
Ripon Red Hawks,2025-11-07,481,H2,,,,period_marker,End 2nd Half,,,,"Agape Keyes Jr., Isaiah Robinson, Kelton McEwen, Mauryon Turner, Rashad Rogers",,,
