team,player,side,cell_hy,cell_hx,frames,game_date,game_code
UW-Whitewater,Isaac Verges,defense,20,30,10,2025-12-20,WWW@AC
UW-Whitewater,TEAM,defense,20,30,218,2025-12-20,WWW@AC
UW-Whitewater,Isaac Verges,defense,20,25,31,2025-12-20,WWW@AC
UW-Whitewater,TEAM,defense,20,25,329,2025-12-20,WWW@AC
UW-Whitewater,Isaac Verges,defense,25,30,14,2025-12-20,WWW@AC
UW-Whitewater,TEAM,defense,25,30,214,2025-12-20,WWW@AC
UW-Whitewater,Isaac Verges,defense,25,25,20,2025-12-20,WWW@AC
UW-Whitewater,TEAM,defense,25,25,330,2025-12-20,WWW@AC
Alma Scots,Donovan Collins,offense,30,45,4,2025-12-20,WWW@AC
Alma Scots,TEAM,offense,30,45,34,2025-12-20,WWW@AC
Alma Scots,Donovan Collins,offense,35,45,5,2025-12-20,WWW@AC
Alma Scots,TEAM,offense,35,45,27,2025-12-20,WWW@AC
Alma Scots,Donovan Collins,offense,30,40,15,2025-12-20,WWW@AC
Alma Scots,TEAM,offense,30,40,100,2025-12-20,WWW@AC
Alma Scots,Donovan Collins,offense,30,35,15,2025-12-20,WWW@AC
Alma Scots,TEAM,offense,30,35,171,2025-12-20,WWW@AC
Alma Scots,Donovan Collins,offense,35,35,24,2025-12-20,WWW@AC
Alma Scots,TEAM,offense,35,35,108,2025-12-20,WWW@AC
Alma Scots,Donovan Collins,offense,35,30,47,2025-12-20,WWW@AC
Alma Scots,TEAM,offense,35,30,178,2025-12-20,WWW@AC
Alma Scots,Donovan Collins,offense,30,30,46,2025-12-20,WWW@AC
Alma Scots,TEAM,offense,30,30,261,2025-12-20,WWW@AC
Alma Scots,Donovan Collins,offense,25,30,78,2025-12-20,WWW@AC
Alma Scots,TEAM,offense,25,30,463,2025-12-20,WWW@AC
Alma Scots,Josh Elliott,offense,15,40,26,2025-12-20,WWW@AC
Alma Scots,TEAM,offense,15,40,149,2025-12-20,WWW@AC
Alma Scots,Josh Elliott,offense,15,45,18,2025-12-20,WWW@AC
Alma Scots,TEAM,offense,15,45,59,2025-12-20,WWW@AC
Alma Scots,Josh Elliott,offense,20,40,32,2025-12-20,WWW@AC
Alma Scots,TEAM,offense,20,40,190,2025-12-20,WWW@AC
Alma Scots,Josh Elliott,offense,25,45,4,2025-12-20,WWW@AC
Alma Scots,TEAM,offense,25,45,46,2025-12-20,WWW@AC
Alma Scots,Josh Elliott,offense,30,45,6,2025-12-20,WWW@AC
Alma Scots,Josh Elliott,offense,40,40,18,2025-12-20,WWW@AC
Alma Scots,TEAM,offense,40,40,61,2025-12-20,WWW@AC
Alma Scots,Josh Elliott,offense,35,35,24,2025-12-20,WWW@AC
Alma Scots,Josh Elliott,offense,30,30,45,2025-12-20,WWW@AC
Alma Scots,Josh Elliott,offense,20,20,97,2025-12-20,WWW@AC
Alma Scots,TEAM,offense,20,20,566,2025-12-20,WWW@AC
Alma Scots,Josh Elliott,offense,25,15,71,2025-12-20,WWW@AC
Alma Scots,TEAM,offense,25,15,502,2025-12-20,WWW@AC
Alma Scots,Josh Elliott,offense,15,5,42,2025-12-20,WWW@AC
Alma Scots,TEAM,offense,15,5,234,2025-12-20,WWW@AC
Alma Scots,Josh Elliott,offense,25,5,47,2025-12-20,WWW@AC
Alma Scots,TEAM,offense,25,5,300,2025-12-20,WWW@AC
Alma Scots,Josh Elliott,offense,20,5,55,2025-12-20,WWW@AC
Alma Scots,TEAM,offense,20,5,234,2025-12-20,WWW@AC
Alma Scots,Josh Elliott,offense,15,10,76,2025-12-20,WWW@AC
Alma Scots,TEAM,offense,15,10,474,2025-12-20,WWW@AC
Alma Scots,Josh Elliott,offense,0,10,34,2025-12-20,WWW@AC
Alma Scots,TEAM,offense,0,10,331,2025-12-20,WWW@AC
Alma Scots,Josh Elliott,offense,5,5,6,2025-12-20,WWW@AC
Alma Scots,TEAM,offense,5,5,80,2025-12-20,WWW@AC
Alma Scots,Josh Elliott,offense,5,10,31,2025-12-20,WWW@AC
Alma Scots,TEAM,offense,5,10,189,2025-12-20,WWW@AC
Alma Scots,Josh Elliott,offense,5,15,33,2025-12-20,WWW@AC
Alma Scots,TEAM,offense,5,15,268,2025-12-20,WWW@AC
Alma Scots,Josh Elliott,offense,10,0,2,2025-12-20,WWW@AC
Alma Scots,TEAM,offense,10,0,38,2025-12-20,WWW@AC
Alma Scots,Josh Elliott,offense,15,0,6,2025-12-20,WWW@AC
Alma Scots,TEAM,offense,15,0,43,2025-12-20,WWW@AC
Alma Scots,Josh Elliott,offense,20,10,75,2025-12-20,WWW@AC
Alma Scots,TEAM,offense,20,10,346,2025-12-20,WWW@AC
Alma Scots,Josh Elliott,offense,20,15,130,2025-12-20,WWW@AC
Alma Scots,TEAM,offense,20,15,519,2025-12-20,WWW@AC
Alma Scots,Josh Elliott,offense,15,15,66,2025-12-20,WWW@AC
Alma Scots,TEAM,offense,15,15,385,2025-12-20,WWW@AC
Alma Scots,Josh Elliott,offense,15,20,59,2025-12-20,WWW@AC
Alma Scots,TEAM,offense,15,20,415,2025-12-20,WWW@AC
Alma Scots,Josh Elliott,offense,10,20,29,2025-12-20,WWW@AC
Alma Scots,TEAM,offense,10,20,232,2025-12-20,WWW@AC
UW-Whitewater,Collin Madson,defense,30,35,10,2025-12-20,WWW@AC
UW-Whitewater,TEAM,defense,30,35,93,2025-12-20,WWW@AC
UW-Whitewater,Collin Madson,defense,25,35,17,2025-12-20,WWW@AC
UW-Whitewater,TEAM,defense,25,35,136,2025-12-20,WWW@AC
UW-Whitewater,Collin Madson,defense,10,45,9,2025-12-20,WWW@AC
UW-Whitewater,TEAM,defense,10,45,66,2025-12-20,WWW@AC
UW-Whitewater,Collin Madson,defense,25,40,10,2025-12-20,WWW@AC
UW-Whitewater,TEAM,defense,25,40,84,2025-12-20,WWW@AC
UW-Whitewater,Collin Madson,defense,35,45,41,2025-12-20,WWW@AC
UW-Whitewater,TEAM,defense,35,45,71,2025-12-20,WWW@AC
UW-Whitewater,Collin Madson,defense,30,45,3,2025-12-20,WWW@AC
UW-Whitewater,TEAM,defense,30,45,26,2025-12-20,WWW@AC
UW-Whitewater,Collin Madson,defense,30,40,11,2025-12-20,WWW@AC
UW-Whitewater,TEAM,defense,30,40,64,2025-12-20,WWW@AC
UW-Whitewater,Collin Madson,defense,25,30,21,2025-12-20,WWW@AC
UW-Whitewater,Collin Madson,defense,30,30,20,2025-12-20,WWW@AC
UW-Whitewater,TEAM,defense,30,30,150,2025-12-20,WWW@AC
UW-Whitewater,Collin Madson,defense,30,25,29,2025-12-20,WWW@AC
UW-Whitewater,TEAM,defense,30,25,231,2025-12-20,WWW@AC
UW-Whitewater,Collin Madson,defense,25,15,72,2025-12-20,WWW@AC
UW-Whitewater,TEAM,defense,25,15,667,2025-12-20,WWW@AC
UW-Whitewater,Collin Madson,defense,20,15,56,2025-12-20,WWW@AC
UW-Whitewater,TEAM,defense,20,15,576,2025-12-20,WWW@AC
UW-Whitewater,Collin Madson,defense,20,10,110,2025-12-20,WWW@AC
UW-Whitewater,TEAM,defense,20,10,588,2025-12-20,WWW@AC
UW-Whitewater,Collin Madson,defense,20,5,41,2025-12-20,WWW@AC
UW-Whitewater,TEAM,defense,20,5,444,2025-12-20,WWW@AC
UW-Whitewater,Collin Madson,defense,15,5,35,2025-12-20,WWW@AC
UW-Whitewater,TEAM,defense,15,5,370,2025-12-20,WWW@AC
UW-Whitewater,Collin Madson,defense,15,10,70,2025-12-20,WWW@AC
UW-Whitewater,TEAM,defense,15,10,512,2025-12-20,WWW@AC
UW-Whitewater,Collin Madson,defense,10,5,13,2025-12-20,WWW@AC
UW-Whitewater,TEAM,defense,10,5,124,2025-12-20,WWW@AC
UW-Whitewater,Collin Madson,defense,5,10,32,2025-12-20,WWW@AC
UW-Whitewater,TEAM,defense,5,10,151,2025-12-20,WWW@AC
UW-Whitewater,Collin Madson,defense,5,15,19,2025-12-20,WWW@AC
UW-Whitewater,TEAM,defense,5,15,97,2025-12-20,WWW@AC
UW-Whitewater,Collin Madson,defense,10,15,66,2025-12-20,WWW@AC
UW-Whitewater,TEAM,defense,10,15,322,2025-12-20,WWW@AC
UW-Whitewater,Collin Madson,defense,15,15,62,2025-12-20,WWW@AC
UW-Whitewater,TEAM,defense,15,15,513,2025-12-20,WWW@AC
UW-Whitewater,Collin Madson,defense,15,0,7,2025-12-20,WWW@AC
UW-Whitewater,TEAM,defense,15,0,58,2025-12-20,WWW@AC
UW-Whitewater,Brock Marino,defense,10,45,8,2025-12-20,WWW@AC
UW-Whitewater,Brock Marino,defense,5,45,1,2025-12-20,WWW@AC
UW-Whitewater,TEAM,defense,5,45,8,2025-12-20,WWW@AC
Alma Scots,Korbin Heitzman,offense,35,45,7,2025-12-20,WWW@AC
Alma Scots,Korbin Heitzman,offense,30,30,31,2025-12-20,WWW@AC
Alma Scots,Korbin Heitzman,offense,20,30,93,2025-12-20,WWW@AC
Alma Scots,TEAM,offense,20,30,422,2025-12-20,WWW@AC
Alma Scots,Korbin Heitzman,offense,25,35,32,2025-12-20,WWW@AC
Alma Scots,TEAM,offense,25,35,255,2025-12-20,WWW@AC
Alma Scots,Korbin Heitzman,offense,20,35,18,2025-12-20,WWW@AC
Alma Scots,TEAM,offense,20,35,262,2025-12-20,WWW@AC
Alma Scots,Korbin Heitzman,offense,25,30,76,2025-12-20,WWW@AC
Alma Scots,Korbin Heitzman,offense,20,20,109,2025-12-20,WWW@AC
Alma Scots,Korbin Heitzman,offense,15,20,84,2025-12-20,WWW@AC
Alma Scots,Korbin Heitzman,offense,10,15,42,2025-12-20,WWW@AC
Alma Scots,TEAM,offense,10,15,231,2025-12-20,WWW@AC
Alma Scots,Korbin Heitzman,offense,15,15,63,2025-12-20,WWW@AC
Alma Scots,Korbin Heitzman,offense,10,10,47,2025-12-20,WWW@AC
Alma Scots,TEAM,offense,10,10,246,2025-12-20,WWW@AC
Alma Scots,Korbin Heitzman,offense,0,10,51,2025-12-20,WWW@AC
Alma Scots,Korbin Heitzman,offense,0,15,16,2025-12-20,WWW@AC
Alma Scots,TEAM,offense,0,15,212,2025-12-20,WWW@AC
Alma Scots,Korbin Heitzman,offense,5,15,30,2025-12-20,WWW@AC
Alma Scots,Korbin Heitzman,offense,5,20,40,2025-12-20,WWW@AC
Alma Scots,TEAM,offense,5,20,276,2025-12-20,WWW@AC
Alma Scots,Korbin Heitzman,offense,20,25,112,2025-12-20,WWW@AC
Alma Scots,TEAM,offense,20,25,452,2025-12-20,WWW@AC
Alma Scots,Korbin Heitzman,offense,25,25,104,2025-12-20,WWW@AC
Alma Scots,TEAM,offense,25,25,565,2025-12-20,WWW@AC
UW-Whitewater,Richie Warren,defense,25,35,23,2025-12-20,WWW@AC
UW-Whitewater,Richie Warren,defense,25,30,28,2025-12-20,WWW@AC
UW-Whitewater,Richie Warren,defense,30,30,15,2025-12-20,WWW@AC
UW-Whitewater,Richie Warren,defense,30,35,20,2025-12-20,WWW@AC
UW-Whitewater,Richie Warren,defense,35,45,8,2025-12-20,WWW@AC
Alma Scots,Raine Rodich,offense,30,25,28,2025-12-20,WWW@AC
Alma Scots,TEAM,offense,30,25,342,2025-12-20,WWW@AC
Alma Scots,Raine Rodich,offense,30,10,61,2025-12-20,WWW@AC
Alma Scots,TEAM,offense,30,10,474,2025-12-20,WWW@AC
Alma Scots,Raine Rodich,offense,30,5,22,2025-12-20,WWW@AC
Alma Scots,TEAM,offense,30,5,337,2025-12-20,WWW@AC
Alma Scots,Raine Rodich,offense,25,5,24,2025-12-20,WWW@AC
Alma Scots,Raine Rodich,offense,15,10,33,2025-12-20,WWW@AC
Alma Scots,Raine Rodich,offense,15,5,38,2025-12-20,WWW@AC
Alma Scots,Raine Rodich,offense,10,5,18,2025-12-20,WWW@AC
Alma Scots,TEAM,offense,10,5,94,2025-12-20,WWW@AC
Alma Scots,Raine Rodich,offense,25,10,31,2025-12-20,WWW@AC
Alma Scots,TEAM,offense,25,10,403,2025-12-20,WWW@AC
Alma Scots,Raine Rodich,offense,25,15,50,2025-12-20,WWW@AC
Alma Scots,Raine Rodich,offense,20,15,40,2025-12-20,WWW@AC
Alma Scots,Raine Rodich,offense,15,15,39,2025-12-20,WWW@AC
Alma Scots,Raine Rodich,offense,20,20,50,2025-12-20,WWW@AC
Alma Scots,Raine Rodich,offense,25,20,50,2025-12-20,WWW@AC
Alma Scots,TEAM,offense,25,20,617,2025-12-20,WWW@AC
UW-Whitewater,Isaac Verges,defense,10,45,39,2025-12-20,WWW@AC
UW-Whitewater,Isaac Verges,defense,15,45,4,2025-12-20,WWW@AC
UW-Whitewater,TEAM,defense,15,45,18,2025-12-20,WWW@AC
UW-Whitewater,Isaac Verges,defense,15,40,9,2025-12-20,WWW@AC
UW-Whitewater,TEAM,defense,15,40,62,2025-12-20,WWW@AC
UW-Whitewater,Isaac Verges,defense,25,40,11,2025-12-20,WWW@AC
UW-Whitewater,Brock Marino,defense,25,40,9,2025-12-20,WWW@AC
UW-Whitewater,Brock Marino,defense,20,40,14,2025-12-20,WWW@AC
UW-Whitewater,TEAM,defense,20,40,83,2025-12-20,WWW@AC
UW-Whitewater,Brock Marino,defense,20,45,11,2025-12-20,WWW@AC
UW-Whitewater,TEAM,defense,20,45,52,2025-12-20,WWW@AC
UW-Whitewater,Brock Marino,defense,15,45,2,2025-12-20,WWW@AC
UW-Whitewater,Brock Marino,defense,20,35,31,2025-12-20,WWW@AC
UW-Whitewater,TEAM,defense,20,35,150,2025-12-20,WWW@AC
UW-Whitewater,Luke Bara,defense,30,35,14,2025-12-20,WWW@AC
UW-Whitewater,Luke Bara,defense,30,30,40,2025-12-20,WWW@AC
UW-Whitewater,Luke Bara,defense,25,30,54,2025-12-20,WWW@AC
UW-Whitewater,Richie Warren,defense,35,40,6,2025-12-20,WWW@AC
UW-Whitewater,TEAM,defense,35,40,66,2025-12-20,WWW@AC
UW-Whitewater,Richie Warren,defense,25,40,12,2025-12-20,WWW@AC
UW-Whitewater,Richie Warren,defense,20,40,8,2025-12-20,WWW@AC
UW-Whitewater,Richie Warren,defense,20,45,5,2025-12-20,WWW@AC
Alma Scots,Logan St. Martin,offense,20,45,5,2025-12-20,WWW@AC
Alma Scots,TEAM,offense,20,45,59,2025-12-20,WWW@AC
Alma Scots,Logan St. Martin,offense,25,45,6,2025-12-20,WWW@AC
Alma Scots,Logan St. Martin,offense,25,40,5,2025-12-20,WWW@AC
Alma Scots,TEAM,offense,25,40,148,2025-12-20,WWW@AC
Alma Scots,Logan St. Martin,offense,35,45,3,2025-12-20,WWW@AC
Alma Scots,Logan St. Martin,offense,30,45,1,2025-12-20,WWW@AC
Alma Scots,Logan St. Martin,offense,15,40,14,2025-12-20,WWW@AC
Alma Scots,Logan St. Martin,offense,15,35,15,2025-12-20,WWW@AC
Alma Scots,TEAM,offense,15,35,159,2025-12-20,WWW@AC
Alma Scots,Logan St. Martin,offense,20,30,31,2025-12-20,WWW@AC
Alma Scots,Logan St. Martin,offense,25,30,41,2025-12-20,WWW@AC
Alma Scots,Logan St. Martin,offense,20,25,37,2025-12-20,WWW@AC
Alma Scots,Logan St. Martin,offense,25,25,74,2025-12-20,WWW@AC
Alma Scots,Logan St. Martin,offense,25,20,71,2025-12-20,WWW@AC
Alma Scots,Logan St. Martin,offense,25,15,45,2025-12-20,WWW@AC
Alma Scots,Logan St. Martin,offense,30,15,34,2025-12-20,WWW@AC
Alma Scots,TEAM,offense,30,15,580,2025-12-20,WWW@AC
Alma Scots,Logan St. Martin,offense,30,20,58,2025-12-20,WWW@AC
Alma Scots,TEAM,offense,30,20,506,2025-12-20,WWW@AC
Alma Scots,Logan St. Martin,offense,35,20,53,2025-12-20,WWW@AC
Alma Scots,TEAM,offense,35,20,310,2025-12-20,WWW@AC
Alma Scots,Logan St. Martin,offense,20,20,50,2025-12-20,WWW@AC
Alma Scots,Logan St. Martin,offense,20,15,46,2025-12-20,WWW@AC
Alma Scots,Logan St. Martin,offense,30,10,53,2025-12-20,WWW@AC
Alma Scots,Logan St. Martin,offense,35,10,17,2025-12-20,WWW@AC
Alma Scots,TEAM,offense,35,10,260,2025-12-20,WWW@AC
Alma Scots,Logan St. Martin,offense,35,5,29,2025-12-20,WWW@AC
Alma Scots,TEAM,offense,35,5,131,2025-12-20,WWW@AC
Alma Scots,Logan St. Martin,offense,40,5,10,2025-12-20,WWW@AC
Alma Scots,TEAM,offense,40,5,99,2025-12-20,WWW@AC
Alma Scots,Logan St. Martin,offense,30,5,39,2025-12-20,WWW@AC
Alma Scots,Logan St. Martin,offense,35,15,40,2025-12-20,WWW@AC
Alma Scots,TEAM,offense,35,15,295,2025-12-20,WWW@AC
UW-Whitewater,Luke Bara,defense,10,45,2,2025-12-20,WWW@AC
UW-Whitewater,Luke Bara,defense,25,45,8,2025-12-20,WWW@AC
UW-Whitewater,TEAM,defense,25,45,27,2025-12-20,WWW@AC
UW-Whitewater,Luke Bara,defense,25,40,11,2025-12-20,WWW@AC
UW-Whitewater,Luke Bara,defense,25,35,19,2025-12-20,WWW@AC
UW-Whitewater,Luke Bara,defense,15,15,61,2025-12-20,WWW@AC
UW-Whitewater,Luke Bara,defense,20,15,89,2025-12-20,WWW@AC
UW-Whitewater,Luke Bara,defense,15,5,69,2025-12-20,WWW@AC
UW-Whitewater,Luke Bara,defense,5,5,1,2025-12-20,WWW@AC
UW-Whitewater,TEAM,defense,5,5,56,2025-12-20,WWW@AC
UW-Whitewater,Luke Bara,defense,5,15,9,2025-12-20,WWW@AC
UW-Whitewater,Luke Bara,defense,5,20,3,2025-12-20,WWW@AC
UW-Whitewater,TEAM,defense,5,20,84,2025-12-20,WWW@AC
UW-Whitewater,Luke Bara,defense,15,25,9,2025-12-20,WWW@AC
UW-Whitewater,TEAM,defense,15,25,181,2025-12-20,WWW@AC
UW-Whitewater,Luke Bara,defense,20,25,30,2025-12-20,WWW@AC
UW-Whitewater,Luke Bara,defense,15,20,36,2025-12-20,WWW@AC
UW-Whitewater,TEAM,defense,15,20,274,2025-12-20,WWW@AC
UW-Whitewater,Luke Bara,defense,10,15,34,2025-12-20,WWW@AC
Alma Scots,Donovan Collins,offense,30,25,54,2025-12-20,WWW@AC
Alma Scots,Donovan Collins,offense,25,40,19,2025-12-20,WWW@AC
Alma Scots,Donovan Collins,offense,20,30,41,2025-12-20,WWW@AC
Alma Scots,Donovan Collins,offense,25,25,92,2025-12-20,WWW@AC
Alma Scots,Donovan Collins,offense,20,25,50,2025-12-20,WWW@AC
Alma Scots,Donovan Collins,offense,25,20,77,2025-12-20,WWW@AC
Alma Scots,Donovan Collins,offense,30,20,123,2025-12-20,WWW@AC
Alma Scots,Donovan Collins,offense,15,25,22,2025-12-20,WWW@AC
Alma Scots,TEAM,offense,15,25,300,2025-12-20,WWW@AC
Alma Scots,Donovan Collins,offense,20,20,72,2025-12-20,WWW@AC
Alma Scots,Donovan Collins,offense,20,15,69,2025-12-20,WWW@AC
Alma Scots,Donovan Collins,offense,25,15,63,2025-12-20,WWW@AC
Alma Scots,Donovan Collins,offense,30,15,164,2025-12-20,WWW@AC
Alma Scots,Donovan Collins,offense,35,20,32,2025-12-20,WWW@AC
Alma Scots,Donovan Collins,offense,35,25,25,2025-12-20,WWW@AC
Alma Scots,TEAM,offense,35,25,347,2025-12-20,WWW@AC
UW-Whitewater,Richie Warren,defense,35,20,24,2025-12-20,WWW@AC
UW-Whitewater,TEAM,defense,35,20,234,2025-12-20,WWW@AC
UW-Whitewater,Richie Warren,defense,30,15,101,2025-12-20,WWW@AC
UW-Whitewater,TEAM,defense,30,15,537,2025-12-20,WWW@AC
UW-Whitewater,Richie Warren,defense,30,5,20,2025-12-20,WWW@AC
UW-Whitewater,TEAM,defense,30,5,441,2025-12-20,WWW@AC
UW-Whitewater,Richie Warren,defense,25,25,63,2025-12-20,WWW@AC
UW-Whitewater,Richie Warren,defense,30,20,43,2025-12-20,WWW@AC
UW-Whitewater,TEAM,defense,30,20,366,2025-12-20,WWW@AC
UW-Whitewater,Richie Warren,defense,35,15,20,2025-12-20,WWW@AC
UW-Whitewater,TEAM,defense,35,15,373,2025-12-20,WWW@AC
UW-Whitewater,Richie Warren,defense,35,10,65,2025-12-20,WWW@AC
UW-Whitewater,TEAM,defense,35,10,471,2025-12-20,WWW@AC
UW-Whitewater,Richie Warren,defense,30,10,73,2025-12-20,WWW@AC
UW-Whitewater,TEAM,defense,30,10,648,2025-12-20,WWW@AC
UW-Whitewater,Richie Warren,defense,25,10,136,2025-12-20,WWW@AC
UW-Whitewater,TEAM,defense,25,10,703,2025-12-20,WWW@AC
UW-Whitewater,Isaac Verges,defense,25,15,40,2025-12-20,WWW@AC
UW-Whitewater,Isaac Verges,defense,15,10,39,2025-12-20,WWW@AC
UW-Whitewater,Isaac Verges,defense,20,10,49,2025-12-20,WWW@AC
UW-Whitewater,Isaac Verges,defense,20,5,36,2025-12-20,WWW@AC
UW-Whitewater,Isaac Verges,defense,15,5,19,2025-12-20,WWW@AC
UW-Whitewater,Isaac Verges,defense,25,10,56,2025-12-20,WWW@AC
UW-Whitewater,Isaac Verges,defense,20,15,57,2025-12-20,WWW@AC
UW-Whitewater,Brock Marino,defense,5,15,6,2025-12-20,WWW@AC
UW-Whitewater,Brock Marino,defense,5,20,3,2025-12-20,WWW@AC
UW-Whitewater,Brock Marino,defense,5,25,3,2025-12-20,WWW@AC
UW-Whitewater,TEAM,defense,5,25,50,2025-12-20,WWW@AC
UW-Whitewater,Brock Marino,defense,10,25,8,2025-12-20,WWW@AC
UW-Whitewater,TEAM,defense,10,25,135,2025-12-20,WWW@AC
UW-Whitewater,Brock Marino,defense,10,20,30,2025-12-20,WWW@AC
UW-Whitewater,TEAM,defense,10,20,380,2025-12-20,WWW@AC
UW-Whitewater,Brock Marino,defense,30,15,86,2025-12-20,WWW@AC
UW-Whitewater,Brock Marino,defense,35,15,102,2025-12-20,WWW@AC
UW-Whitewater,Brock Marino,defense,40,15,7,2025-12-20,WWW@AC
UW-Whitewater,TEAM,defense,40,15,229,2025-12-20,WWW@AC
UW-Whitewater,Brock Marino,defense,40,20,3,2025-12-20,WWW@AC
UW-Whitewater,TEAM,defense,40,20,102,2025-12-20,WWW@AC
UW-Whitewater,Brock Marino,defense,35,20,32,2025-12-20,WWW@AC
UW-Whitewater,Luke Bara,defense,25,5,111,2025-12-20,WWW@AC
UW-Whitewater,TEAM,defense,25,5,499,2025-12-20,WWW@AC
UW-Whitewater,Luke Bara,defense,15,10,48,2025-12-20,WWW@AC
UW-Whitewater,Luke Bara,defense,10,10,36,2025-12-20,WWW@AC
UW-Whitewater,TEAM,defense,10,10,443,2025-12-20,WWW@AC
UW-Whitewater,Luke Bara,defense,20,20,67,2025-12-20,WWW@AC
UW-Whitewater,TEAM,defense,20,20,500,2025-12-20,WWW@AC
UW-Whitewater,Luke Bara,defense,25,15,108,2025-12-20,WWW@AC
UW-Whitewater,Luke Bara,defense,30,10,121,2025-12-20,WWW@AC
UW-Whitewater,Luke Bara,defense,35,10,67,2025-12-20,WWW@AC
UW-Whitewater,Luke Bara,defense,35,15,33,2025-12-20,WWW@AC
UW-Whitewater,Luke Bara,defense,30,15,93,2025-12-20,WWW@AC
UW-Whitewater,Luke Bara,defense,25,20,42,2025-12-20,WWW@AC
UW-Whitewater,TEAM,defense,25,20,447,2025-12-20,WWW@AC
Alma Scots,Raine Rodich,offense,25,25,51,2025-12-20,WWW@AC
Alma Scots,Raine Rodich,offense,25,30,67,2025-12-20,WWW@AC
Alma Scots,Raine Rodich,offense,20,25,53,2025-12-20,WWW@AC
Alma Scots,Raine Rodich,offense,20,30,73,2025-12-20,WWW@AC
Alma Scots,Raine Rodich,offense,15,25,38,2025-12-20,WWW@AC
Alma Scots,Raine Rodich,offense,10,25,35,2025-12-20,WWW@AC
Alma Scots,TEAM,offense,10,25,268,2025-12-20,WWW@AC
Alma Scots,Raine Rodich,offense,5,20,24,2025-12-20,WWW@AC
Alma Scots,Raine Rodich,offense,0,5,55,2025-12-20,WWW@AC
Alma Scots,TEAM,offense,0,5,254,2025-12-20,WWW@AC
Alma Scots,Raine Rodich,offense,5,5,18,2025-12-20,WWW@AC
Alma Scots,Raine Rodich,offense,0,0,7,2025-12-20,WWW@AC
Alma Scots,TEAM,offense,0,0,18,2025-12-20,WWW@AC
Alma Scots,Raine Rodich,offense,5,0,10,2025-12-20,WWW@AC
Alma Scots,TEAM,offense,5,0,17,2025-12-20,WWW@AC
Alma Scots,Raine Rodich,offense,10,0,25,2025-12-20,WWW@AC
Alma Scots,Raine Rodich,offense,10,10,47,2025-12-20,WWW@AC
Alma Scots,Raine Rodich,offense,15,20,50,2025-12-20,WWW@AC
UW-Whitewater,Isaac Verges,defense,35,20,16,2025-12-20,WWW@AC
UW-Whitewater,Isaac Verges,defense,35,15,26,2025-12-20,WWW@AC
UW-Whitewater,Isaac Verges,defense,30,10,48,2025-12-20,WWW@AC
UW-Whitewater,Isaac Verges,defense,40,15,11,2025-12-20,WWW@AC
UW-Whitewater,Isaac Verges,defense,40,20,17,2025-12-20,WWW@AC
Alma Scots,Korbin Heitzman,offense,35,15,72,2025-12-20,WWW@AC
Alma Scots,Korbin Heitzman,offense,40,15,89,2025-12-20,WWW@AC
Alma Scots,TEAM,offense,40,15,269,2025-12-20,WWW@AC
Alma Scots,Korbin Heitzman,offense,40,5,18,2025-12-20,WWW@AC
Alma Scots,Korbin Heitzman,offense,30,0,14,2025-12-20,WWW@AC
Alma Scots,TEAM,offense,30,0,52,2025-12-20,WWW@AC
Alma Scots,Korbin Heitzman,offense,20,0,14,2025-12-20,WWW@AC
Alma Scots,TEAM,offense,20,0,52,2025-12-20,WWW@AC
Alma Scots,Korbin Heitzman,offense,15,0,8,2025-12-20,WWW@AC
Alma Scots,Korbin Heitzman,offense,15,5,62,2025-12-20,WWW@AC
Alma Scots,Korbin Heitzman,offense,10,5,29,2025-12-20,WWW@AC
Alma Scots,Korbin Heitzman,offense,5,5,5,2025-12-20,WWW@AC
Alma Scots,Korbin Heitzman,offense,0,5,12,2025-12-20,WWW@AC
Alma Scots,Korbin Heitzman,offense,10,20,25,2025-12-20,WWW@AC
Alma Scots,Korbin Heitzman,offense,10,25,39,2025-12-20,WWW@AC
Alma Scots,Korbin Heitzman,offense,15,25,85,2025-12-20,WWW@AC
Alma Scots,Korbin Heitzman,offense,15,30,46,2025-12-20,WWW@AC
Alma Scots,TEAM,offense,15,30,267,2025-12-20,WWW@AC
Alma Scots,Korbin Heitzman,offense,20,40,23,2025-12-20,WWW@AC
UW-Whitewater,Richie Warren,defense,25,20,46,2025-12-20,WWW@AC
UW-Whitewater,Richie Warren,defense,20,25,51,2025-12-20,WWW@AC
UW-Whitewater,Richie Warren,defense,15,25,40,2025-12-20,WWW@AC
UW-Whitewater,Richie Warren,defense,35,25,9,2025-12-20,WWW@AC
UW-Whitewater,TEAM,defense,35,25,133,2025-12-20,WWW@AC
Alma Scots,Logan St. Martin,offense,35,25,32,2025-12-20,WWW@AC
Alma Scots,Logan St. Martin,offense,40,25,12,2025-12-20,WWW@AC
Alma Scots,TEAM,offense,40,25,363,2025-12-20,WWW@AC
Alma Scots,Logan St. Martin,offense,45,20,13,2025-12-20,WWW@AC
Alma Scots,TEAM,offense,45,20,113,2025-12-20,WWW@AC
Alma Scots,Logan St. Martin,offense,40,20,31,2025-12-20,WWW@AC
Alma Scots,TEAM,offense,40,20,444,2025-12-20,WWW@AC
Alma Scots,Logan St. Martin,offense,35,30,16,2025-12-20,WWW@AC
Alma Scots,Logan St. Martin,offense,30,25,35,2025-12-20,WWW@AC
Alma Scots,Logan St. Martin,offense,25,10,40,2025-12-20,WWW@AC
Alma Scots,Logan St. Martin,offense,20,10,56,2025-12-20,WWW@AC
Alma Scots,Logan St. Martin,offense,25,35,18,2025-12-20,WWW@AC
Alma Scots,Josh Elliott,offense,20,25,56,2025-12-20,WWW@AC
Alma Scots,Josh Elliott,offense,25,25,67,2025-12-20,WWW@AC
Alma Scots,Josh Elliott,offense,25,10,118,2025-12-20,WWW@AC
Alma Scots,Josh Elliott,offense,30,20,95,2025-12-20,WWW@AC
Alma Scots,Josh Elliott,offense,25,20,104,2025-12-20,WWW@AC
Alma Scots,Josh Elliott,offense,35,10,82,2025-12-20,WWW@AC
Alma Scots,Josh Elliott,offense,30,10,142,2025-12-20,WWW@AC
Alma Scots,Josh Elliott,offense,30,5,85,2025-12-20,WWW@AC
Alma Scots,Josh Elliott,offense,30,15,119,2025-12-20,WWW@AC
Alma Scots,Josh Elliott,offense,35,20,50,2025-12-20,WWW@AC
Alma Scots,Josh Elliott,offense,35,25,72,2025-12-20,WWW@AC
Alma Scots,Josh Elliott,offense,30,35,19,2025-12-20,WWW@AC
Alma Scots,Josh Elliott,offense,30,40,8,2025-12-20,WWW@AC
UW-Whitewater,Collin Madson,defense,30,10,42,2025-12-20,WWW@AC
UW-Whitewater,Collin Madson,defense,35,15,30,2025-12-20,WWW@AC
UW-Whitewater,Collin Madson,defense,30,15,32,2025-12-20,WWW@AC
UW-Whitewater,Collin Madson,defense,35,20,42,2025-12-20,WWW@AC
UW-Whitewater,Collin Madson,defense,30,20,66,2025-12-20,WWW@AC
UW-Whitewater,Collin Madson,defense,25,10,60,2025-12-20,WWW@AC
UW-Whitewater,Collin Madson,defense,25,5,63,2025-12-20,WWW@AC
UW-Whitewater,Collin Madson,defense,25,0,11,2025-12-20,WWW@AC
UW-Whitewater,TEAM,defense,25,0,103,2025-12-20,WWW@AC
UW-Whitewater,Collin Madson,defense,20,0,4,2025-12-20,WWW@AC
UW-Whitewater,TEAM,defense,20,0,83,2025-12-20,WWW@AC
Alma Scots,Donovan Collins,offense,40,10,28,2025-12-20,WWW@AC
Alma Scots,TEAM,offense,40,10,160,2025-12-20,WWW@AC
Alma Scots,Donovan Collins,offense,45,15,43,2025-12-20,WWW@AC
Alma Scots,TEAM,offense,45,15,212,2025-12-20,WWW@AC
Alma Scots,Donovan Collins,offense,45,20,19,2025-12-20,WWW@AC
Alma Scots,Donovan Collins,offense,45,25,14,2025-12-20,WWW@AC
Alma Scots,TEAM,offense,45,25,115,2025-12-20,WWW@AC
Alma Scots,Donovan Collins,offense,40,25,28,2025-12-20,WWW@AC
Alma Scots,Donovan Collins,offense,40,30,5,2025-12-20,WWW@AC
Alma Scots,TEAM,offense,40,30,77,2025-12-20,WWW@AC
Alma Scots,Donovan Collins,offense,15,20,70,2025-12-20,WWW@AC
Alma Scots,Donovan Collins,offense,15,15,63,2025-12-20,WWW@AC
Alma Scots,Donovan Collins,offense,25,35,71,2025-12-20,WWW@AC
UW-Whitewater,Brock Marino,defense,20,15,79,2025-12-20,WWW@AC
UW-Whitewater,Brock Marino,defense,15,20,17,2025-12-20,WWW@AC
UW-Whitewater,Brock Marino,defense,20,20,32,2025-12-20,WWW@AC
UW-Whitewater,Brock Marino,defense,25,15,60,2025-12-20,WWW@AC
UW-Whitewater,Brock Marino,defense,25,10,71,2025-12-20,WWW@AC
UW-Whitewater,Brock Marino,defense,30,10,79,2025-12-20,WWW@AC
UW-Whitewater,Brock Marino,defense,20,10,95,2025-12-20,WWW@AC
UW-Whitewater,Brock Marino,defense,15,15,64,2025-12-20,WWW@AC
UW-Whitewater,Brock Marino,defense,15,25,8,2025-12-20,WWW@AC
UW-Whitewater,Brock Marino,defense,20,25,24,2025-12-20,WWW@AC
UW-Whitewater,Brock Marino,defense,20,30,16,2025-12-20,WWW@AC
UW-Whitewater,Brock Marino,defense,25,35,6,2025-12-20,WWW@AC
UW-Whitewater,Brock Marino,defense,25,45,2,2025-12-20,WWW@AC
UW-Whitewater,Isaac Verges,defense,15,25,11,2025-12-20,WWW@AC
UW-Whitewater,Isaac Verges,defense,10,20,14,2025-12-20,WWW@AC
UW-Whitewater,Isaac Verges,defense,15,15,50,2025-12-20,WWW@AC
UW-Whitewater,Isaac Verges,defense,5,15,12,2025-12-20,WWW@AC
UW-Whitewater,Isaac Verges,defense,10,15,14,2025-12-20,WWW@AC
UW-Whitewater,Isaac Verges,defense,5,10,6,2025-12-20,WWW@AC
UW-Whitewater,Isaac Verges,defense,0,15,1,2025-12-20,WWW@AC
UW-Whitewater,TEAM,defense,0,15,20,2025-12-20,WWW@AC
UW-Whitewater,Isaac Verges,defense,5,20,6,2025-12-20,WWW@AC
UW-Whitewater,Isaac Verges,defense,30,45,4,2025-12-20,WWW@AC
Alma Scots,Raine Rodich,offense,15,40,28,2025-12-20,WWW@AC
UW-Whitewater,Richie Warren,defense,5,45,1,2025-12-20,WWW@AC
UW-Whitewater,Collin Madson,offense,30,45,1,2025-12-20,WWW@AC
UW-Whitewater,TEAM,offense,30,45,11,2025-12-20,WWW@AC
UW-Whitewater,Collin Madson,offense,30,40,3,2025-12-20,WWW@AC
UW-Whitewater,TEAM,offense,30,40,46,2025-12-20,WWW@AC
UW-Whitewater,Collin Madson,offense,35,30,7,2025-12-20,WWW@AC
UW-Whitewater,TEAM,offense,35,30,136,2025-12-20,WWW@AC
UW-Whitewater,Collin Madson,offense,30,30,19,2025-12-20,WWW@AC
UW-Whitewater,TEAM,offense,30,30,171,2025-12-20,WWW@AC
UW-Whitewater,Collin Madson,offense,25,30,56,2025-12-20,WWW@AC
UW-Whitewater,TEAM,offense,25,30,306,2025-12-20,WWW@AC
UW-Whitewater,Collin Madson,offense,20,30,60,2025-12-20,WWW@AC
UW-Whitewater,TEAM,offense,20,30,309,2025-12-20,WWW@AC
Alma Scots,Korbin Heitzman,defense,20,15,80,2025-12-20,WWW@AC
Alma Scots,TEAM,defense,20,15,556,2025-12-20,WWW@AC
Alma Scots,Korbin Heitzman,defense,15,15,112,2025-12-20,WWW@AC
Alma Scots,TEAM,defense,15,15,615,2025-12-20,WWW@AC
Alma Scots,Korbin Heitzman,defense,15,10,114,2025-12-20,WWW@AC
Alma Scots,TEAM,defense,15,10,738,2025-12-20,WWW@AC
Alma Scots,Korbin Heitzman,defense,10,5,77,2025-12-20,WWW@AC
Alma Scots,TEAM,defense,10,5,261,2025-12-20,WWW@AC
Alma Scots,Korbin Heitzman,defense,5,5,34,2025-12-20,WWW@AC
Alma Scots,TEAM,defense,5,5,174,2025-12-20,WWW@AC
Alma Scots,Korbin Heitzman,defense,5,10,40,2025-12-20,WWW@AC
Alma Scots,TEAM,defense,5,10,166,2025-12-20,WWW@AC
Alma Scots,Korbin Heitzman,defense,0,10,16,2025-12-20,WWW@AC
Alma Scots,TEAM,defense,0,10,51,2025-12-20,WWW@AC
Alma Scots,Korbin Heitzman,defense,5,15,39,2025-12-20,WWW@AC
Alma Scots,TEAM,defense,5,15,147,2025-12-20,WWW@AC
Alma Scots,Korbin Heitzman,defense,5,20,22,2025-12-20,WWW@AC
Alma Scots,TEAM,defense,5,20,113,2025-12-20,WWW@AC
Alma Scots,Korbin Heitzman,defense,10,25,45,2025-12-20,WWW@AC
Alma Scots,TEAM,defense,10,25,196,2025-12-20,WWW@AC
Alma Scots,Korbin Heitzman,defense,10,30,12,2025-12-20,WWW@AC
Alma Scots,TEAM,defense,10,30,141,2025-12-20,WWW@AC
Alma Scots,Donovan Collins,defense,25,15,71,2025-12-20,WWW@AC
Alma Scots,TEAM,defense,25,15,564,2025-12-20,WWW@AC
Alma Scots,Donovan Collins,defense,25,10,136,2025-12-20,WWW@AC
Alma Scots,TEAM,defense,25,10,709,2025-12-20,WWW@AC
Alma Scots,Donovan Collins,defense,30,10,107,2025-12-20,WWW@AC
Alma Scots,TEAM,defense,30,10,698,2025-12-20,WWW@AC
Alma Scots,Donovan Collins,defense,35,10,103,2025-12-20,WWW@AC
Alma Scots,TEAM,defense,35,10,425,2025-12-20,WWW@AC
Alma Scots,Donovan Collins,defense,30,5,122,2025-12-20,WWW@AC
Alma Scots,TEAM,defense,30,5,589,2025-12-20,WWW@AC
Alma Scots,Donovan Collins,defense,25,5,106,2025-12-20,WWW@AC
Alma Scots,TEAM,defense,25,5,583,2025-12-20,WWW@AC
Alma Scots,Donovan Collins,defense,20,5,121,2025-12-20,WWW@AC
Alma Scots,TEAM,defense,20,5,676,2025-12-20,WWW@AC
Alma Scots,Donovan Collins,defense,20,10,126,2025-12-20,WWW@AC
Alma Scots,TEAM,defense,20,10,760,2025-12-20,WWW@AC
Alma Scots,Donovan Collins,defense,15,0,21,2025-12-20,WWW@AC
Alma Scots,TEAM,defense,15,0,94,2025-12-20,WWW@AC
Alma Scots,Donovan Collins,defense,15,5,111,2025-12-20,WWW@AC
Alma Scots,TEAM,defense,15,5,636,2025-12-20,WWW@AC
Alma Scots,Donovan Collins,defense,5,0,12,2025-12-20,WWW@AC
Alma Scots,TEAM,defense,5,0,24,2025-12-20,WWW@AC
Alma Scots,Josh Elliott,defense,45,25,6,2025-12-20,WWW@AC
Alma Scots,TEAM,defense,45,25,14,2025-12-20,WWW@AC
Alma Scots,Josh Elliott,defense,40,20,20,2025-12-20,WWW@AC
Alma Scots,TEAM,defense,40,20,109,2025-12-20,WWW@AC
Alma Scots,Josh Elliott,defense,40,10,52,2025-12-20,WWW@AC
Alma Scots,TEAM,defense,40,10,200,2025-12-20,WWW@AC
Alma Scots,Josh Elliott,defense,35,15,61,2025-12-20,WWW@AC
Alma Scots,TEAM,defense,35,15,441,2025-12-20,WWW@AC
Alma Scots,Josh Elliott,defense,40,15,23,2025-12-20,WWW@AC
Alma Scots,TEAM,defense,40,15,110,2025-12-20,WWW@AC
Alma Scots,Josh Elliott,defense,35,20,43,2025-12-20,WWW@AC
Alma Scots,TEAM,defense,35,20,339,2025-12-20,WWW@AC
Alma Scots,Josh Elliott,defense,30,20,60,2025-12-20,WWW@AC
Alma Scots,TEAM,defense,30,20,400,2025-12-20,WWW@AC
Alma Scots,Josh Elliott,defense,30,25,38,2025-12-20,WWW@AC
Alma Scots,TEAM,defense,30,25,241,2025-12-20,WWW@AC
Alma Scots,Josh Elliott,defense,25,25,39,2025-12-20,WWW@AC
Alma Scots,TEAM,defense,25,25,463,2025-12-20,WWW@AC
Alma Scots,Josh Elliott,defense,25,20,106,2025-12-20,WWW@AC
Alma Scots,TEAM,defense,25,20,630,2025-12-20,WWW@AC
Alma Scots,Josh Elliott,defense,30,15,100,2025-12-20,WWW@AC
Alma Scots,TEAM,defense,30,15,680,2025-12-20,WWW@AC
UW-Whitewater,Richie Warren,offense,5,20,42,2025-12-20,WWW@AC
UW-Whitewater,TEAM,offense,5,20,317,2025-12-20,WWW@AC
UW-Whitewater,Richie Warren,offense,0,15,18,2025-12-20,WWW@AC
UW-Whitewater,TEAM,offense,0,15,137,2025-12-20,WWW@AC
UW-Whitewater,Richie Warren,offense,0,10,42,2025-12-20,WWW@AC
UW-Whitewater,TEAM,offense,0,10,265,2025-12-20,WWW@AC
UW-Whitewater,Richie Warren,offense,5,5,29,2025-12-20,WWW@AC
UW-Whitewater,TEAM,offense,5,5,151,2025-12-20,WWW@AC
UW-Whitewater,Richie Warren,offense,0,5,27,2025-12-20,WWW@AC
UW-Whitewater,TEAM,offense,0,5,301,2025-12-20,WWW@AC
UW-Whitewater,Richie Warren,offense,0,20,9,2025-12-20,WWW@AC
UW-Whitewater,TEAM,offense,0,20,112,2025-12-20,WWW@AC
UW-Whitewater,Richie Warren,offense,5,25,23,2025-12-20,WWW@AC
UW-Whitewater,TEAM,offense,5,25,262,2025-12-20,WWW@AC
UW-Whitewater,Richie Warren,offense,5,30,16,2025-12-20,WWW@AC
UW-Whitewater,TEAM,offense,5,30,87,2025-12-20,WWW@AC
UW-Whitewater,Richie Warren,offense,10,30,40,2025-12-20,WWW@AC
UW-Whitewater,TEAM,offense,10,30,212,2025-12-20,WWW@AC
Alma Scots,Logan St. Martin,defense,20,20,62,2025-12-20,WWW@AC
Alma Scots,TEAM,defense,20,20,601,2025-12-20,WWW@AC
Alma Scots,Logan St. Martin,defense,25,20,58,2025-12-20,WWW@AC
Alma Scots,Logan St. Martin,defense,25,15,69,2025-12-20,WWW@AC
Alma Scots,Logan St. Martin,defense,30,15,68,2025-12-20,WWW@AC
Alma Scots,Logan St. Martin,defense,30,5,62,2025-12-20,WWW@AC
Alma Scots,Logan St. Martin,defense,25,0,4,2025-12-20,WWW@AC
Alma Scots,TEAM,defense,25,0,107,2025-12-20,WWW@AC
Alma Scots,Logan St. Martin,defense,20,5,80,2025-12-20,WWW@AC
Alma Scots,Logan St. Martin,defense,15,5,62,2025-12-20,WWW@AC
Alma Scots,Logan St. Martin,defense,10,5,12,2025-12-20,WWW@AC
Alma Scots,Logan St. Martin,defense,45,15,6,2025-12-20,WWW@AC
Alma Scots,TEAM,defense,45,15,29,2025-12-20,WWW@AC
Alma Scots,Logan St. Martin,defense,45,10,9,2025-12-20,WWW@AC
Alma Scots,TEAM,defense,45,10,50,2025-12-20,WWW@AC
UW-Whitewater,Luke Bara,offense,20,35,17,2025-12-20,WWW@AC
UW-Whitewater,TEAM,offense,20,35,123,2025-12-20,WWW@AC
UW-Whitewater,Luke Bara,offense,20,30,38,2025-12-20,WWW@AC
UW-Whitewater,Luke Bara,offense,20,25,48,2025-12-20,WWW@AC
UW-Whitewater,TEAM,offense,20,25,311,2025-12-20,WWW@AC
UW-Whitewater,Luke Bara,offense,25,25,35,2025-12-20,WWW@AC
UW-Whitewater,TEAM,offense,25,25,292,2025-12-20,WWW@AC
UW-Whitewater,Luke Bara,offense,25,20,63,2025-12-20,WWW@AC
UW-Whitewater,TEAM,offense,25,20,372,2025-12-20,WWW@AC
UW-Whitewater,Luke Bara,offense,30,15,27,2025-12-20,WWW@AC
UW-Whitewater,TEAM,offense,30,15,227,2025-12-20,WWW@AC
UW-Whitewater,Luke Bara,offense,25,15,33,2025-12-20,WWW@AC
UW-Whitewater,TEAM,offense,25,15,328,2025-12-20,WWW@AC
UW-Whitewater,Luke Bara,offense,35,15,17,2025-12-20,WWW@AC
UW-Whitewater,TEAM,offense,35,15,211,2025-12-20,WWW@AC
UW-Whitewater,Luke Bara,offense,25,10,37,2025-12-20,WWW@AC
UW-Whitewater,TEAM,offense,25,10,323,2025-12-20,WWW@AC
UW-Whitewater,Luke Bara,offense,20,10,33,2025-12-20,WWW@AC
UW-Whitewater,TEAM,offense,20,10,305,2025-12-20,WWW@AC
UW-Whitewater,Luke Bara,offense,20,5,23,2025-12-20,WWW@AC
UW-Whitewater,TEAM,offense,20,5,207,2025-12-20,WWW@AC
UW-Whitewater,Luke Bara,offense,20,0,19,2025-12-20,WWW@AC
UW-Whitewater,TEAM,offense,20,0,67,2025-12-20,WWW@AC
UW-Whitewater,Luke Bara,offense,15,0,12,2025-12-20,WWW@AC
UW-Whitewater,TEAM,offense,15,0,63,2025-12-20,WWW@AC
UW-Whitewater,Luke Bara,offense,25,0,7,2025-12-20,WWW@AC
UW-Whitewater,TEAM,offense,25,0,82,2025-12-20,WWW@AC
UW-Whitewater,Luke Bara,offense,25,5,58,2025-12-20,WWW@AC
UW-Whitewater,TEAM,offense,25,5,248,2025-12-20,WWW@AC
UW-Whitewater,Luke Bara,offense,10,10,27,2025-12-20,WWW@AC
UW-Whitewater,TEAM,offense,10,10,171,2025-12-20,WWW@AC
UW-Whitewater,Luke Bara,offense,10,15,24,2025-12-20,WWW@AC
UW-Whitewater,TEAM,offense,10,15,244,2025-12-20,WWW@AC
Alma Scots,Raine Rodich,defense,5,20,11,2025-12-20,WWW@AC
Alma Scots,Raine Rodich,defense,5,15,24,2025-12-20,WWW@AC
Alma Scots,Raine Rodich,defense,5,10,14,2025-12-20,WWW@AC
UW-Whitewater,Brock Marino,offense,10,35,10,2025-12-20,WWW@AC
UW-Whitewater,TEAM,offense,10,35,71,2025-12-20,WWW@AC
UW-Whitewater,Brock Marino,offense,10,30,27,2025-12-20,WWW@AC
UW-Whitewater,Brock Marino,offense,10,25,43,2025-12-20,WWW@AC
UW-Whitewater,TEAM,offense,10,25,305,2025-12-20,WWW@AC
UW-Whitewater,Brock Marino,offense,10,20,16,2025-12-20,WWW@AC
UW-Whitewater,TEAM,offense,10,20,206,2025-12-20,WWW@AC
UW-Whitewater,Brock Marino,offense,15,20,41,2025-12-20,WWW@AC
UW-Whitewater,TEAM,offense,15,20,255,2025-12-20,WWW@AC
UW-Whitewater,Brock Marino,offense,20,20,33,2025-12-20,WWW@AC
UW-Whitewater,TEAM,offense,20,20,340,2025-12-20,WWW@AC
UW-Whitewater,Brock Marino,offense,15,15,25,2025-12-20,WWW@AC
UW-Whitewater,TEAM,offense,15,15,410,2025-12-20,WWW@AC
UW-Whitewater,Brock Marino,offense,20,5,17,2025-12-20,WWW@AC
UW-Whitewater,Brock Marino,offense,25,5,26,2025-12-20,WWW@AC
UW-Whitewater,Brock Marino,offense,20,10,24,2025-12-20,WWW@AC
UW-Whitewater,Isaac Verges,offense,45,5,26,2025-12-20,WWW@AC
UW-Whitewater,TEAM,offense,45,5,307,2025-12-20,WWW@AC
Alma Scots,Raine Rodich,defense,25,20,115,2025-12-20,WWW@AC
Alma Scots,Raine Rodich,defense,15,15,71,2025-12-20,WWW@AC
Alma Scots,Raine Rodich,defense,10,15,46,2025-12-20,WWW@AC
Alma Scots,TEAM,defense,10,15,446,2025-12-20,WWW@AC
Alma Scots,Raine Rodich,defense,15,10,55,2025-12-20,WWW@AC
Alma Scots,Raine Rodich,defense,20,15,100,2025-12-20,WWW@AC
Alma Scots,Raine Rodich,defense,20,10,104,2025-12-20,WWW@AC
Alma Scots,Raine Rodich,defense,25,15,60,2025-12-20,WWW@AC
Alma Scots,Raine Rodich,defense,25,10,99,2025-12-20,WWW@AC
Alma Scots,Raine Rodich,defense,10,30,12,2025-12-20,WWW@AC
Alma Scots,Raine Rodich,defense,10,25,12,2025-12-20,WWW@AC
UW-Whitewater,Collin Madson,offense,25,25,37,2025-12-20,WWW@AC
UW-Whitewater,Collin Madson,offense,25,20,52,2025-12-20,WWW@AC
UW-Whitewater,Collin Madson,offense,30,15,36,2025-12-20,WWW@AC
UW-Whitewater,Collin Madson,offense,25,15,59,2025-12-20,WWW@AC
UW-Whitewater,Collin Madson,offense,25,10,44,2025-12-20,WWW@AC
UW-Whitewater,Collin Madson,offense,30,10,62,2025-12-20,WWW@AC
UW-Whitewater,TEAM,offense,30,10,492,2025-12-20,WWW@AC
UW-Whitewater,Collin Madson,offense,25,5,41,2025-12-20,WWW@AC
UW-Whitewater,Collin Madson,offense,20,5,26,2025-12-20,WWW@AC
UW-Whitewater,Collin Madson,offense,20,10,47,2025-12-20,WWW@AC
UW-Whitewater,Collin Madson,offense,15,10,49,2025-12-20,WWW@AC
UW-Whitewater,TEAM,offense,15,10,470,2025-12-20,WWW@AC
UW-Whitewater,Collin Madson,offense,20,0,10,2025-12-20,WWW@AC
UW-Whitewater,Collin Madson,offense,25,0,5,2025-12-20,WWW@AC
UW-Whitewater,Collin Madson,offense,30,0,4,2025-12-20,WWW@AC
UW-Whitewater,TEAM,offense,30,0,62,2025-12-20,WWW@AC
UW-Whitewater,Isaac Verges,offense,45,10,5,2025-12-20,WWW@AC
UW-Whitewater,TEAM,offense,45,10,224,2025-12-20,WWW@AC
UW-Whitewater,Isaac Verges,offense,40,10,14,2025-12-20,WWW@AC
UW-Whitewater,TEAM,offense,40,10,158,2025-12-20,WWW@AC
UW-Whitewater,Isaac Verges,offense,40,15,66,2025-12-20,WWW@AC
UW-Whitewater,TEAM,offense,40,15,247,2025-12-20,WWW@AC
UW-Whitewater,Isaac Verges,offense,45,15,19,2025-12-20,WWW@AC
UW-Whitewater,TEAM,offense,45,15,130,2025-12-20,WWW@AC
UW-Whitewater,Isaac Verges,offense,45,20,9,2025-12-20,WWW@AC
UW-Whitewater,TEAM,offense,45,20,81,2025-12-20,WWW@AC
UW-Whitewater,Isaac Verges,offense,40,20,24,2025-12-20,WWW@AC
UW-Whitewater,TEAM,offense,40,20,257,2025-12-20,WWW@AC
UW-Whitewater,Isaac Verges,offense,35,20,17,2025-12-20,WWW@AC
UW-Whitewater,TEAM,offense,35,20,173,2025-12-20,WWW@AC
UW-Whitewater,Isaac Verges,offense,35,25,63,2025-12-20,WWW@AC
UW-Whitewater,TEAM,offense,35,25,279,2025-12-20,WWW@AC
UW-Whitewater,Isaac Verges,offense,30,25,12,2025-12-20,WWW@AC
UW-Whitewater,TEAM,offense,30,25,227,2025-12-20,WWW@AC
UW-Whitewater,Isaac Verges,offense,30,30,13,2025-12-20,WWW@AC
UW-Whitewater,Isaac Verges,offense,35,15,11,2025-12-20,WWW@AC
Alma Scots,Logan St. Martin,defense,10,25,34,2025-12-20,WWW@AC
Alma Scots,Logan St. Martin,defense,15,25,35,2025-12-20,WWW@AC
Alma Scots,TEAM,defense,15,25,251,2025-12-20,WWW@AC
Alma Scots,Logan St. Martin,defense,15,20,55,2025-12-20,WWW@AC
Alma Scots,TEAM,defense,15,20,445,2025-12-20,WWW@AC
Alma Scots,Logan St. Martin,defense,10,20,34,2025-12-20,WWW@AC
Alma Scots,TEAM,defense,10,20,271,2025-12-20,WWW@AC
Alma Scots,Logan St. Martin,defense,10,30,7,2025-12-20,WWW@AC
Alma Scots,Logan St. Martin,defense,5,35,2,2025-12-20,WWW@AC
Alma Scots,TEAM,defense,5,35,39,2025-12-20,WWW@AC
Alma Scots,Josh Elliott,defense,25,10,106,2025-12-20,WWW@AC
Alma Scots,Josh Elliott,defense,20,15,83,2025-12-20,WWW@AC
Alma Scots,Josh Elliott,defense,25,15,64,2025-12-20,WWW@AC
Alma Scots,Josh Elliott,defense,20,20,68,2025-12-20,WWW@AC
Alma Scots,Josh Elliott,defense,30,10,144,2025-12-20,WWW@AC
UW-Whitewater,Luke Bara,offense,30,5,44,2025-12-20,WWW@AC
UW-Whitewater,TEAM,offense,30,5,177,2025-12-20,WWW@AC
UW-Whitewater,Luke Bara,offense,30,10,81,2025-12-20,WWW@AC
Alma Scots,Korbin Heitzman,defense,35,15,61,2025-12-20,WWW@AC
Alma Scots,Korbin Heitzman,defense,30,20,42,2025-12-20,WWW@AC
Alma Scots,Korbin Heitzman,defense,10,35,8,2025-12-20,WWW@AC
Alma Scots,TEAM,defense,10,35,58,2025-12-20,WWW@AC
Alma Scots,Korbin Heitzman,defense,5,25,11,2025-12-20,WWW@AC
Alma Scots,TEAM,defense,5,25,48,2025-12-20,WWW@AC
Alma Scots,Donovan Collins,defense,15,10,123,2025-12-20,WWW@AC
UW-Whitewater,Brock Marino,offense,35,15,27,2025-12-20,WWW@AC
UW-Whitewater,Brock Marino,offense,35,20,14,2025-12-20,WWW@AC
UW-Whitewater,Brock Marino,offense,30,20,14,2025-12-20,WWW@AC
UW-Whitewater,TEAM,offense,30,20,178,2025-12-20,WWW@AC
UW-Whitewater,Brock Marino,offense,25,20,11,2025-12-20,WWW@AC
UW-Whitewater,Brock Marino,offense,20,15,38,2025-12-20,WWW@AC
UW-Whitewater,TEAM,offense,20,15,347,2025-12-20,WWW@AC
UW-Whitewater,Brock Marino,offense,15,25,27,2025-12-20,WWW@AC
UW-Whitewater,TEAM,offense,15,25,312,2025-12-20,WWW@AC
UW-Whitewater,Brock Marino,offense,15,30,27,2025-12-20,WWW@AC
UW-Whitewater,TEAM,offense,15,30,211,2025-12-20,WWW@AC
UW-Whitewater,Isaac Verges,offense,20,5,9,2025-12-20,WWW@AC
UW-Whitewater,Isaac Verges,offense,15,15,26,2025-12-20,WWW@AC
UW-Whitewater,Isaac Verges,offense,15,10,22,2025-12-20,WWW@AC
UW-Whitewater,Isaac Verges,offense,15,5,5,2025-12-20,WWW@AC
UW-Whitewater,TEAM,offense,15,5,202,2025-12-20,WWW@AC
UW-Whitewater,Isaac Verges,offense,25,10,27,2025-12-20,WWW@AC
UW-Whitewater,Isaac Verges,offense,20,10,24,2025-12-20,WWW@AC
UW-Whitewater,Richie Warren,offense,10,25,35,2025-12-20,WWW@AC
UW-Whitewater,Richie Warren,offense,15,25,34,2025-12-20,WWW@AC
UW-Whitewater,Richie Warren,offense,10,15,31,2025-12-20,WWW@AC
UW-Whitewater,Collin Madson,offense,35,0,2,2025-12-20,WWW@AC
UW-Whitewater,TEAM,offense,35,0,30,2025-12-20,WWW@AC
UW-Whitewater,Collin Madson,offense,35,5,28,2025-12-20,WWW@AC
UW-Whitewater,TEAM,offense,35,5,123,2025-12-20,WWW@AC
UW-Whitewater,Collin Madson,offense,30,5,11,2025-12-20,WWW@AC
Alma Scots,Raine Rodich,defense,30,5,22,2025-12-20,WWW@AC
Alma Scots,Raine Rodich,defense,25,5,42,2025-12-20,WWW@AC
Alma Scots,Raine Rodich,defense,20,0,15,2025-12-20,WWW@AC
Alma Scots,TEAM,defense,20,0,104,2025-12-20,WWW@AC
Alma Scots,Raine Rodich,defense,15,5,32,2025-12-20,WWW@AC
Alma Scots,Raine Rodich,defense,15,0,9,2025-12-20,WWW@AC
Alma Scots,Raine Rodich,defense,20,5,54,2025-12-20,WWW@AC
UW-Whitewater,Collin Madson,defense,10,30,7,2025-12-20,WWW@AC
UW-Whitewater,TEAM,defense,10,30,59,2025-12-20,WWW@AC
UW-Whitewater,Collin Madson,defense,10,10,68,2025-12-20,WWW@AC
UW-Whitewater,Collin Madson,defense,5,20,7,2025-12-20,WWW@AC
UW-Whitewater,Collin Madson,defense,5,30,2,2025-12-20,WWW@AC
UW-Whitewater,TEAM,defense,5,30,11,2025-12-20,WWW@AC
UW-Whitewater,Collin Madson,defense,10,35,4,2025-12-20,WWW@AC
UW-Whitewater,TEAM,defense,10,35,40,2025-12-20,WWW@AC
Alma Scots,Donovan Collins,offense,10,25,33,2025-12-20,WWW@AC
Alma Scots,Donovan Collins,offense,10,20,45,2025-12-20,WWW@AC
Alma Scots,Donovan Collins,offense,10,30,14,2025-12-20,WWW@AC
Alma Scots,TEAM,offense,10,30,152,2025-12-20,WWW@AC
Alma Scots,Donovan Collins,offense,5,30,11,2025-12-20,WWW@AC
Alma Scots,TEAM,offense,5,30,96,2025-12-20,WWW@AC
Alma Scots,Donovan Collins,offense,5,35,17,2025-12-20,WWW@AC
Alma Scots,TEAM,offense,5,35,56,2025-12-20,WWW@AC
UW-Whitewater,Isaac Verges,defense,25,5,27,2025-12-20,WWW@AC
UW-Whitewater,Isaac Verges,defense,30,5,12,2025-12-20,WWW@AC
UW-Whitewater,Isaac Verges,defense,20,40,10,2025-12-20,WWW@AC
Alma Scots,Korbin Heitzman,offense,20,15,99,2025-12-20,WWW@AC
Alma Scots,Korbin Heitzman,offense,20,10,60,2025-12-20,WWW@AC
Alma Scots,Korbin Heitzman,offense,15,10,94,2025-12-20,WWW@AC
UW-Whitewater,Brock Marino,defense,15,10,56,2025-12-20,WWW@AC
UW-Whitewater,Brock Marino,defense,20,0,14,2025-12-20,WWW@AC
UW-Whitewater,Brock Marino,defense,25,5,51,2025-12-20,WWW@AC
UW-Whitewater,Brock Marino,defense,25,0,12,2025-12-20,WWW@AC
Alma Scots,Raine Rodich,offense,20,10,28,2025-12-20,WWW@AC
Alma Scots,Raine Rodich,offense,20,0,5,2025-12-20,WWW@AC
Alma Scots,Raine Rodich,offense,15,0,4,2025-12-20,WWW@AC
Alma Scots,Raine Rodich,offense,20,40,14,2025-12-20,WWW@AC
Alma Scots,Logan St. Martin,offense,15,15,76,2025-12-20,WWW@AC
Alma Scots,Logan St. Martin,offense,10,15,32,2025-12-20,WWW@AC
Alma Scots,Logan St. Martin,offense,5,25,23,2025-12-20,WWW@AC
Alma Scots,TEAM,offense,5,25,211,2025-12-20,WWW@AC
Alma Scots,Logan St. Martin,offense,5,30,9,2025-12-20,WWW@AC
Alma Scots,Josh Elliott,offense,15,30,46,2025-12-20,WWW@AC
Alma Scots,Josh Elliott,offense,15,25,34,2025-12-20,WWW@AC
Alma Scots,Josh Elliott,offense,10,25,26,2025-12-20,WWW@AC
Alma Scots,Josh Elliott,offense,10,30,27,2025-12-20,WWW@AC
UW-Whitewater,Richie Warren,defense,25,5,60,2025-12-20,WWW@AC
UW-Whitewater,Richie Warren,defense,20,10,81,2025-12-20,WWW@AC
UW-Whitewater,Richie Warren,defense,15,10,56,2025-12-20,WWW@AC
UW-Whitewater,Richie Warren,defense,10,15,41,2025-12-20,WWW@AC
UW-Whitewater,Richie Warren,defense,10,20,80,2025-12-20,WWW@AC
UW-Whitewater,Richie Warren,defense,15,30,8,2025-12-20,WWW@AC
UW-Whitewater,TEAM,defense,15,30,112,2025-12-20,WWW@AC
UW-Whitewater,Richie Warren,defense,15,35,19,2025-12-20,WWW@AC
UW-Whitewater,TEAM,defense,15,35,98,2025-12-20,WWW@AC
UW-Whitewater,Luke Bara,defense,10,30,21,2025-12-20,WWW@AC
UW-Whitewater,Luke Bara,defense,10,35,7,2025-12-20,WWW@AC
UW-Whitewater,Luke Bara,defense,10,40,2,2025-12-20,WWW@AC
UW-Whitewater,TEAM,defense,10,40,30,2025-12-20,WWW@AC
UW-Whitewater,Luke Bara,defense,15,30,22,2025-12-20,WWW@AC
UW-Whitewater,Luke Bara,defense,20,30,32,2025-12-20,WWW@AC
UW-Whitewater,Luke Bara,defense,30,45,5,2025-12-20,WWW@AC
Alma Scots,Korbin Heitzman,offense,30,10,58,2025-12-20,WWW@AC
Alma Scots,Korbin Heitzman,offense,25,15,91,2025-12-20,WWW@AC
Alma Scots,Korbin Heitzman,offense,30,15,93,2025-12-20,WWW@AC
Alma Scots,Korbin Heitzman,offense,35,20,75,2025-12-20,WWW@AC
Alma Scots,Korbin Heitzman,offense,35,25,95,2025-12-20,WWW@AC
UW-Whitewater,Brock Marino,defense,10,40,4,2025-12-20,WWW@AC
Alma Scots,Korbin Heitzman,offense,40,40,3,2025-12-20,WWW@AC
Alma Scots,Logan St. Martin,defense,30,40,7,2025-12-20,WWW@AC
Alma Scots,TEAM,defense,30,40,95,2025-12-20,WWW@AC
Alma Scots,Logan St. Martin,defense,30,25,10,2025-12-20,WWW@AC
Alma Scots,Logan St. Martin,defense,20,10,68,2025-12-20,WWW@AC
UW-Whitewater,Collin Madson,offense,10,45,2,2025-12-20,WWW@AC
UW-Whitewater,TEAM,offense,10,45,16,2025-12-20,WWW@AC
UW-Whitewater,Collin Madson,offense,10,30,21,2025-12-20,WWW@AC
UW-Whitewater,Collin Madson,offense,10,25,29,2025-12-20,WWW@AC
UW-Whitewater,Collin Madson,offense,5,25,38,2025-12-20,WWW@AC
Alma Scots,Raine Rodich,defense,25,35,6,2025-12-20,WWW@AC
Alma Scots,TEAM,defense,25,35,63,2025-12-20,WWW@AC
Alma Scots,Raine Rodich,defense,25,25,42,2025-12-20,WWW@AC
Alma Scots,Raine Rodich,defense,20,30,14,2025-12-20,WWW@AC
Alma Scots,TEAM,defense,20,30,183,2025-12-20,WWW@AC
Alma Scots,Raine Rodich,defense,25,30,14,2025-12-20,WWW@AC
Alma Scots,TEAM,defense,25,30,188,2025-12-20,WWW@AC
Alma Scots,Raine Rodich,defense,15,30,23,2025-12-20,WWW@AC
Alma Scots,TEAM,defense,15,30,147,2025-12-20,WWW@AC
Alma Scots,Raine Rodich,defense,10,20,19,2025-12-20,WWW@AC
Alma Scots,Donovan Collins,defense,40,40,3,2025-12-20,WWW@AC
Alma Scots,TEAM,defense,40,40,30,2025-12-20,WWW@AC
Alma Scots,Donovan Collins,defense,30,15,141,2025-12-20,WWW@AC
Alma Scots,Donovan Collins,defense,30,0,15,2025-12-20,WWW@AC
Alma Scots,TEAM,defense,30,0,84,2025-12-20,WWW@AC
Alma Scots,Donovan Collins,defense,35,0,4,2025-12-20,WWW@AC
Alma Scots,TEAM,defense,35,0,25,2025-12-20,WWW@AC
Alma Scots,Donovan Collins,defense,20,15,96,2025-12-20,WWW@AC
UW-Whitewater,Richie Warren,offense,5,40,8,2025-12-20,WWW@AC
UW-Whitewater,TEAM,offense,5,40,39,2025-12-20,WWW@AC
UW-Whitewater,Richie Warren,offense,0,30,3,2025-12-20,WWW@AC
UW-Whitewater,TEAM,offense,0,30,32,2025-12-20,WWW@AC
UW-Whitewater,Richie Warren,offense,10,35,12,2025-12-20,WWW@AC
UW-Whitewater,Richie Warren,offense,15,15,48,2025-12-20,WWW@AC
UW-Whitewater,Richie Warren,offense,15,10,39,2025-12-20,WWW@AC
UW-Whitewater,Richie Warren,offense,15,5,26,2025-12-20,WWW@AC
UW-Whitewater,Richie Warren,offense,15,20,26,2025-12-20,WWW@AC
UW-Whitewater,Richie Warren,offense,10,10,12,2025-12-20,WWW@AC
UW-Whitewater,Isaac Verges,offense,20,35,6,2025-12-20,WWW@AC
UW-Whitewater,Isaac Verges,offense,25,25,18,2025-12-20,WWW@AC
UW-Whitewater,Isaac Verges,offense,20,20,17,2025-12-20,WWW@AC
UW-Whitewater,Isaac Verges,offense,20,15,44,2025-12-20,WWW@AC
UW-Whitewater,Isaac Verges,offense,15,0,3,2025-12-20,WWW@AC
UW-Whitewater,Isaac Verges,offense,20,0,4,2025-12-20,WWW@AC
UW-Whitewater,Isaac Verges,offense,25,15,13,2025-12-20,WWW@AC
UW-Whitewater,Isaac Verges,offense,25,20,14,2025-12-20,WWW@AC
UW-Whitewater,Isaac Verges,offense,30,20,8,2025-12-20,WWW@AC
Alma Scots,Josh Elliott,defense,25,5,103,2025-12-20,WWW@AC
Alma Scots,Josh Elliott,defense,20,5,132,2025-12-20,WWW@AC
Alma Scots,Josh Elliott,defense,20,0,17,2025-12-20,WWW@AC
Alma Scots,Josh Elliott,defense,15,5,125,2025-12-20,WWW@AC
Alma Scots,Josh Elliott,defense,20,10,126,2025-12-20,WWW@AC
Alma Scots,Josh Elliott,defense,15,15,57,2025-12-20,WWW@AC
UW-Whitewater,Luke Bara,offense,15,40,6,2025-12-20,WWW@AC
UW-Whitewater,TEAM,offense,15,40,61,2025-12-20,WWW@AC
UW-Whitewater,Luke Bara,offense,10,35,14,2025-12-20,WWW@AC
UW-Whitewater,Luke Bara,offense,15,35,8,2025-12-20,WWW@AC
UW-Whitewater,TEAM,offense,15,35,71,2025-12-20,WWW@AC
UW-Whitewater,Luke Bara,offense,15,25,24,2025-12-20,WWW@AC
UW-Whitewater,Luke Bara,offense,15,20,31,2025-12-20,WWW@AC
UW-Whitewater,Luke Bara,offense,30,0,11,2025-12-20,WWW@AC
UW-Whitewater,Luke Bara,offense,15,5,5,2025-12-20,WWW@AC
UW-Whitewater,Luke Bara,offense,20,15,28,2025-12-20,WWW@AC
UW-Whitewater,Luke Bara,offense,20,20,42,2025-12-20,WWW@AC
UW-Whitewater,Luke Bara,offense,15,15,36,2025-12-20,WWW@AC
Alma Scots,Donovan Collins,defense,35,35,23,2025-12-20,WWW@AC
Alma Scots,TEAM,defense,35,35,102,2025-12-20,WWW@AC
Alma Scots,Donovan Collins,defense,35,30,59,2025-12-20,WWW@AC
Alma Scots,TEAM,defense,35,30,186,2025-12-20,WWW@AC
Alma Scots,Donovan Collins,defense,35,20,97,2025-12-20,WWW@AC
UW-Whitewater,Brock Marino,offense,30,30,11,2025-12-20,WWW@AC
UW-Whitewater,Brock Marino,offense,30,25,11,2025-12-20,WWW@AC
UW-Whitewater,Brock Marino,offense,25,15,32,2025-12-20,WWW@AC
UW-Whitewater,Brock Marino,offense,25,10,44,2025-12-20,WWW@AC
UW-Whitewater,Brock Marino,offense,30,15,26,2025-12-20,WWW@AC
Alma Scots,Korbin Heitzman,defense,30,15,66,2025-12-20,WWW@AC
Alma Scots,Korbin Heitzman,defense,30,0,16,2025-12-20,WWW@AC
Alma Scots,Korbin Heitzman,defense,10,0,3,2025-12-20,WWW@AC
Alma Scots,TEAM,defense,10,0,42,2025-12-20,WWW@AC
Alma Scots,Korbin Heitzman,defense,15,5,84,2025-12-20,WWW@AC
Alma Scots,Korbin Heitzman,defense,15,0,21,2025-12-20,WWW@AC
Alma Scots,Korbin Heitzman,defense,20,5,80,2025-12-20,WWW@AC
Alma Scots,Korbin Heitzman,defense,20,10,140,2025-12-20,WWW@AC
Alma Scots,Logan St. Martin,defense,25,5,64,2025-12-20,WWW@AC
Alma Scots,Logan St. Martin,defense,25,10,71,2025-12-20,WWW@AC
Alma Scots,Logan St. Martin,defense,15,10,106,2025-12-20,WWW@AC
Alma Scots,Josh Elliott,defense,30,5,152,2025-12-20,WWW@AC
UW-Whitewater,Collin Madson,offense,15,0,12,2025-12-20,WWW@AC
UW-Whitewater,Collin Madson,offense,10,0,3,2025-12-20,WWW@AC
UW-Whitewater,TEAM,offense,10,0,34,2025-12-20,WWW@AC
UW-Whitewater,Luke Bara,offense,15,10,60,2025-12-20,WWW@AC
Alma Scots,Raine Rodich,defense,15,20,40,2025-12-20,WWW@AC
Alma Scots,Raine Rodich,defense,15,25,23,2025-12-20,WWW@AC
Alma Scots,Raine Rodich,defense,20,20,85,2025-12-20,WWW@AC
Alma Scots,Raine Rodich,defense,20,25,62,2025-12-20,WWW@AC
Alma Scots,TEAM,defense,20,25,410,2025-12-20,WWW@AC
UW-Whitewater,Isaac Verges,offense,15,20,12,2025-12-20,WWW@AC
UW-Whitewater,Isaac Verges,offense,10,20,9,2025-12-20,WWW@AC
UW-Whitewater,Isaac Verges,offense,0,10,2,2025-12-20,WWW@AC
UW-Whitewater,Isaac Verges,offense,0,5,4,2025-12-20,WWW@AC
UW-Whitewater,Isaac Verges,offense,10,0,2,2025-12-20,WWW@AC
UW-Whitewater,Isaac Verges,offense,25,0,3,2025-12-20,WWW@AC
UW-Whitewater,Isaac Verges,offense,25,5,12,2025-12-20,WWW@AC
Alma Scots,Korbin Heitzman,defense,25,15,90,2025-12-20,WWW@AC
Alma Scots,Korbin Heitzman,defense,20,20,99,2025-12-20,WWW@AC
Alma Scots,Korbin Heitzman,defense,25,25,63,2025-12-20,WWW@AC
Alma Scots,Korbin Heitzman,defense,30,25,29,2025-12-20,WWW@AC
Alma Scots,Korbin Heitzman,defense,25,20,94,2025-12-20,WWW@AC
Alma Scots,Korbin Heitzman,defense,25,10,108,2025-12-20,WWW@AC
Alma Scots,Korbin Heitzman,defense,25,0,30,2025-12-20,WWW@AC
Alma Scots,Korbin Heitzman,defense,25,5,97,2025-12-20,WWW@AC
Alma Scots,Korbin Heitzman,defense,30,5,85,2025-12-20,WWW@AC
Alma Scots,Logan St. Martin,defense,15,15,71,2025-12-20,WWW@AC
Alma Scots,Logan St. Martin,defense,25,25,39,2025-12-20,WWW@AC
Alma Scots,Josh Elliott,defense,10,15,53,2025-12-20,WWW@AC
Alma Scots,Josh Elliott,defense,5,15,5,2025-12-20,WWW@AC
Alma Scots,Josh Elliott,defense,5,10,16,2025-12-20,WWW@AC
Alma Scots,Josh Elliott,defense,10,10,26,2025-12-20,WWW@AC
Alma Scots,TEAM,defense,10,10,283,2025-12-20,WWW@AC
Alma Scots,Josh Elliott,defense,10,5,50,2025-12-20,WWW@AC
Alma Scots,Josh Elliott,defense,15,10,144,2025-12-20,WWW@AC
Alma Scots,Donovan Collins,defense,20,20,52,2025-12-20,WWW@AC
Alma Scots,Donovan Collins,defense,5,15,20,2025-12-20,WWW@AC
Alma Scots,Donovan Collins,defense,0,0,1,2025-12-20,WWW@AC
Alma Scots,TEAM,defense,0,0,9,2025-12-20,WWW@AC
Alma Scots,Donovan Collins,defense,0,5,4,2025-12-20,WWW@AC
Alma Scots,TEAM,defense,0,5,43,2025-12-20,WWW@AC
Alma Scots,Donovan Collins,defense,20,0,12,2025-12-20,WWW@AC
Alma Scots,Donovan Collins,defense,35,5,54,2025-12-20,WWW@AC
Alma Scots,TEAM,defense,35,5,357,2025-12-20,WWW@AC
Alma Scots,Donovan Collins,defense,15,15,65,2025-12-20,WWW@AC
Alma Scots,Donovan Collins,defense,5,10,30,2025-12-20,WWW@AC
UW-Whitewater,Brock Marino,offense,15,0,12,2025-12-20,WWW@AC
UW-Whitewater,Brock Marino,offense,10,0,1,2025-12-20,WWW@AC
UW-Whitewater,Brock Marino,offense,5,0,1,2025-12-20,WWW@AC
UW-Whitewater,TEAM,offense,5,0,30,2025-12-20,WWW@AC
UW-Whitewater,Brock Marino,offense,10,10,12,2025-12-20,WWW@AC
UW-Whitewater,Brock Marino,offense,5,15,12,2025-12-20,WWW@AC
UW-Whitewater,TEAM,offense,5,15,192,2025-12-20,WWW@AC
UW-Whitewater,Brock Marino,offense,5,20,34,2025-12-20,WWW@AC
UW-Whitewater,Brock Marino,offense,5,25,19,2025-12-20,WWW@AC
UW-Whitewater,Brock Marino,offense,5,30,7,2025-12-20,WWW@AC
UW-Whitewater,Brock Marino,offense,15,40,12,2025-12-20,WWW@AC
UW-Whitewater,Collin Madson,offense,10,5,23,2025-12-20,WWW@AC
UW-Whitewater,TEAM,offense,10,5,111,2025-12-20,WWW@AC
UW-Whitewater,Collin Madson,offense,15,5,30,2025-12-20,WWW@AC
UW-Whitewater,Richie Warren,offense,20,5,24,2025-12-20,WWW@AC
UW-Whitewater,Richie Warren,offense,35,5,12,2025-12-20,WWW@AC
UW-Whitewater,Richie Warren,offense,40,5,13,2025-12-20,WWW@AC
UW-Whitewater,TEAM,offense,40,5,105,2025-12-20,WWW@AC
UW-Whitewater,Richie Warren,offense,45,5,87,2025-12-20,WWW@AC
UW-Whitewater,Richie Warren,offense,40,10,30,2025-12-20,WWW@AC
UW-Whitewater,Richie Warren,offense,35,10,18,2025-12-20,WWW@AC
UW-Whitewater,TEAM,offense,35,10,179,2025-12-20,WWW@AC
UW-Whitewater,Richie Warren,offense,30,10,47,2025-12-20,WWW@AC
UW-Whitewater,Richie Warren,offense,25,10,25,2025-12-20,WWW@AC
UW-Whitewater,Brock Marino,offense,15,35,9,2025-12-20,WWW@AC
UW-Whitewater,Brock Marino,offense,20,30,27,2025-12-20,WWW@AC
UW-Whitewater,Brock Marino,offense,25,25,14,2025-12-20,WWW@AC
UW-Whitewater,Brock Marino,offense,20,25,17,2025-12-20,WWW@AC
Alma Scots,Logan St. Martin,defense,15,35,8,2025-12-20,WWW@AC
Alma Scots,TEAM,defense,15,35,92,2025-12-20,WWW@AC
Alma Scots,Logan St. Martin,defense,15,30,23,2025-12-20,WWW@AC
Alma Scots,Logan St. Martin,defense,20,25,35,2025-12-20,WWW@AC
Alma Scots,Korbin Heitzman,defense,35,0,6,2025-12-20,WWW@AC
Alma Scots,Korbin Heitzman,defense,35,5,82,2025-12-20,WWW@AC
UW-Whitewater,Collin Madson,offense,5,5,34,2025-12-20,WWW@AC
UW-Whitewater,Collin Madson,offense,5,10,13,2025-12-20,WWW@AC
UW-Whitewater,TEAM,offense,5,10,116,2025-12-20,WWW@AC
Alma Scots,Korbin Heitzman,defense,30,10,93,2025-12-20,WWW@AC
Alma Scots,Logan St. Martin,defense,30,10,63,2025-12-20,WWW@AC
Alma Scots,Donovan Collins,defense,30,20,61,2025-12-20,WWW@AC
UW-Whitewater,Richie Warren,offense,30,5,16,2025-12-20,WWW@AC
UW-Whitewater,Richie Warren,offense,30,15,17,2025-12-20,WWW@AC
UW-Whitewater,Richie Warren,offense,25,15,25,2025-12-20,WWW@AC
UW-Whitewater,Richie Warren,offense,20,25,35,2025-12-20,WWW@AC
UW-Whitewater,Richie Warren,offense,30,25,27,2025-12-20,WWW@AC
UW-Whitewater,Richie Warren,offense,30,30,17,2025-12-20,WWW@AC
UW-Whitewater,Richie Warren,offense,30,40,3,2025-12-20,WWW@AC
UW-Whitewater,Luke Bara,offense,40,5,5,2025-12-20,WWW@AC
UW-Whitewater,Luke Bara,offense,35,10,10,2025-12-20,WWW@AC
UW-Whitewater,Luke Bara,offense,30,20,11,2025-12-20,WWW@AC
UW-Whitewater,Luke Bara,offense,35,20,18,2025-12-20,WWW@AC
UW-Whitewater,Luke Bara,offense,30,25,10,2025-12-20,WWW@AC
UW-Whitewater,Luke Bara,offense,35,25,21,2025-12-20,WWW@AC
UW-Whitewater,Luke Bara,offense,30,30,20,2025-12-20,WWW@AC
UW-Whitewater,Luke Bara,offense,30,35,6,2025-12-20,WWW@AC
UW-Whitewater,TEAM,offense,30,35,84,2025-12-20,WWW@AC
UW-Whitewater,Luke Bara,offense,35,35,4,2025-12-20,WWW@AC
UW-Whitewater,TEAM,offense,35,35,55,2025-12-20,WWW@AC
UW-Whitewater,Isaac Verges,offense,5,10,6,2025-12-20,WWW@AC
UW-Whitewater,Isaac Verges,offense,5,15,10,2025-12-20,WWW@AC
UW-Whitewater,Isaac Verges,offense,10,15,6,2025-12-20,WWW@AC
UW-Whitewater,Collin Madson,offense,40,5,21,2025-12-20,WWW@AC
UW-Whitewater,Collin Madson,offense,20,20,47,2025-12-20,WWW@AC
UW-Whitewater,Collin Madson,offense,15,25,47,2025-12-20,WWW@AC
UW-Whitewater,Collin Madson,offense,15,30,25,2025-12-20,WWW@AC
UW-Whitewater,Collin Madson,offense,25,35,12,2025-12-20,WWW@AC
UW-Whitewater,TEAM,offense,25,35,138,2025-12-20,WWW@AC
UW-Whitewater,Collin Madson,offense,30,35,5,2025-12-20,WWW@AC
UW-Whitewater,Collin Madson,offense,35,40,5,2025-12-20,WWW@AC
UW-Whitewater,TEAM,offense,35,40,38,2025-12-20,WWW@AC
Alma Scots,Raine Rodich,defense,30,10,35,2025-12-20,WWW@AC
Alma Scots,Logan St. Martin,offense,30,40,5,2025-12-20,WWW@AC
Alma Scots,Logan St. Martin,offense,30,35,12,2025-12-20,WWW@AC
Alma Scots,Logan St. Martin,offense,15,25,28,2025-12-20,WWW@AC
Alma Scots,Logan St. Martin,offense,20,35,24,2025-12-20,WWW@AC
Alma Scots,Logan St. Martin,offense,40,15,33,2025-12-20,WWW@AC
Alma Scots,Logan St. Martin,offense,45,15,33,2025-12-20,WWW@AC
Alma Scots,Logan St. Martin,offense,30,0,14,2025-12-20,WWW@AC
Alma Scots,Logan St. Martin,offense,35,0,4,2025-12-20,WWW@AC
Alma Scots,TEAM,offense,35,0,24,2025-12-20,WWW@AC
Alma Scots,Logan St. Martin,offense,40,0,6,2025-12-20,WWW@AC
Alma Scots,TEAM,offense,40,0,30,2025-12-20,WWW@AC
Alma Scots,Logan St. Martin,offense,25,0,9,2025-12-20,WWW@AC
Alma Scots,TEAM,offense,25,0,69,2025-12-20,WWW@AC
Alma Scots,Logan St. Martin,offense,10,0,3,2025-12-20,WWW@AC
Alma Scots,Logan St. Martin,offense,5,0,2,2025-12-20,WWW@AC
Alma Scots,Logan St. Martin,offense,5,5,8,2025-12-20,WWW@AC
Alma Scots,Logan St. Martin,offense,10,25,29,2025-12-20,WWW@AC
Alma Scots,Logan St. Martin,offense,10,35,12,2025-12-20,WWW@AC
Alma Scots,TEAM,offense,10,35,127,2025-12-20,WWW@AC
Alma Scots,Logan St. Martin,offense,10,40,10,2025-12-20,WWW@AC
Alma Scots,TEAM,offense,10,40,69,2025-12-20,WWW@AC
Alma Scots,Josh Elliott,offense,40,30,19,2025-12-20,WWW@AC
Alma Scots,Josh Elliott,offense,40,25,71,2025-12-20,WWW@AC
Alma Scots,Josh Elliott,offense,40,20,108,2025-12-20,WWW@AC
Alma Scots,Josh Elliott,offense,45,15,41,2025-12-20,WWW@AC
Alma Scots,Josh Elliott,offense,45,10,67,2025-12-20,WWW@AC
Alma Scots,TEAM,offense,45,10,239,2025-12-20,WWW@AC
Alma Scots,Josh Elliott,offense,40,10,42,2025-12-20,WWW@AC
Alma Scots,Donovan Collins,offense,15,40,16,2025-12-20,WWW@AC
Alma Scots,Donovan Collins,offense,30,10,73,2025-12-20,WWW@AC
Alma Scots,Donovan Collins,offense,30,5,37,2025-12-20,WWW@AC
Alma Scots,Donovan Collins,offense,25,5,31,2025-12-20,WWW@AC
Alma Scots,Donovan Collins,offense,40,20,39,2025-12-20,WWW@AC
Alma Scots,Donovan Collins,offense,25,10,64,2025-12-20,WWW@AC
Alma Scots,Raine Rodich,offense,15,45,3,2025-12-20,WWW@AC
Alma Scots,Raine Rodich,offense,15,35,31,2025-12-20,WWW@AC
Alma Scots,Raine Rodich,offense,25,35,39,2025-12-20,WWW@AC
Alma Scots,Raine Rodich,offense,5,15,31,2025-12-20,WWW@AC
Alma Scots,Raine Rodich,offense,10,30,35,2025-12-20,WWW@AC
Alma Scots,Raine Rodich,offense,5,30,10,2025-12-20,WWW@AC
Alma Scots,Raine Rodich,offense,5,25,16,2025-12-20,WWW@AC
Alma Scots,Raine Rodich,offense,20,35,45,2025-12-20,WWW@AC
Alma Scots,Raine Rodich,offense,25,40,15,2025-12-20,WWW@AC
UW-Whitewater,Isaac Verges,defense,5,35,4,2025-12-20,WWW@AC
UW-Whitewater,TEAM,defense,5,35,20,2025-12-20,WWW@AC
UW-Whitewater,Isaac Verges,defense,15,30,9,2025-12-20,WWW@AC
UW-Whitewater,Collin Madson,defense,5,35,2,2025-12-20,WWW@AC
UW-Whitewater,Collin Madson,defense,0,30,3,2025-12-20,WWW@AC
UW-Whitewater,TEAM,defense,0,30,15,2025-12-20,WWW@AC
UW-Whitewater,Richie Warren,defense,10,35,4,2025-12-20,WWW@AC
UW-Whitewater,Richie Warren,defense,10,30,6,2025-12-20,WWW@AC
UW-Whitewater,Richie Warren,defense,0,10,1,2025-12-20,WWW@AC
UW-Whitewater,TEAM,defense,0,10,3,2025-12-20,WWW@AC
Alma Scots,Korbin Heitzman,offense,30,20,79,2025-12-20,WWW@AC
Alma Scots,Korbin Heitzman,offense,40,10,42,2025-12-20,WWW@AC
Alma Scots,Korbin Heitzman,offense,35,10,61,2025-12-20,WWW@AC
Alma Scots,Korbin Heitzman,offense,45,15,36,2025-12-20,WWW@AC
Alma Scots,Korbin Heitzman,offense,45,20,18,2025-12-20,WWW@AC
Alma Scots,Korbin Heitzman,offense,40,20,75,2025-12-20,WWW@AC
Alma Scots,Korbin Heitzman,offense,40,25,35,2025-12-20,WWW@AC
Alma Scots,Korbin Heitzman,offense,30,25,55,2025-12-20,WWW@AC
Alma Scots,Korbin Heitzman,offense,35,30,28,2025-12-20,WWW@AC
Alma Scots,Korbin Heitzman,offense,25,10,59,2025-12-20,WWW@AC
Alma Scots,Korbin Heitzman,offense,25,5,82,2025-12-20,WWW@AC
Alma Scots,Korbin Heitzman,offense,20,5,42,2025-12-20,WWW@AC
UW-Whitewater,Luke Bara,defense,15,40,8,2025-12-20,WWW@AC
UW-Whitewater,Collin Madson,defense,15,35,10,2025-12-20,WWW@AC
UW-Whitewater,Collin Madson,defense,10,25,17,2025-12-20,WWW@AC
UW-Whitewater,Collin Madson,defense,10,20,72,2025-12-20,WWW@AC
UW-Whitewater,Collin Madson,defense,5,5,17,2025-12-20,WWW@AC
UW-Whitewater,Richie Warren,defense,25,15,105,2025-12-20,WWW@AC
UW-Whitewater,Richie Warren,defense,15,15,61,2025-12-20,WWW@AC
UW-Whitewater,Richie Warren,defense,20,15,109,2025-12-20,WWW@AC
UW-Whitewater,Richie Warren,defense,10,10,42,2025-12-20,WWW@AC
UW-Whitewater,Richie Warren,defense,15,20,30,2025-12-20,WWW@AC
UW-Whitewater,Richie Warren,defense,10,25,22,2025-12-20,WWW@AC
UW-Whitewater,Luke Bara,defense,25,25,30,2025-12-20,WWW@AC
UW-Whitewater,Luke Bara,defense,10,20,24,2025-12-20,WWW@AC
UW-Whitewater,Luke Bara,defense,30,20,53,2025-12-20,WWW@AC
UW-Whitewater,Luke Bara,defense,25,10,151,2025-12-20,WWW@AC
UW-Whitewater,Luke Bara,defense,30,5,97,2025-12-20,WWW@AC
UW-Whitewater,Luke Bara,defense,30,0,5,2025-12-20,WWW@AC
UW-Whitewater,TEAM,defense,30,0,118,2025-12-20,WWW@AC
UW-Whitewater,Luke Bara,defense,25,0,8,2025-12-20,WWW@AC
UW-Whitewater,Luke Bara,defense,15,0,5,2025-12-20,WWW@AC
UW-Whitewater,Brock Marino,defense,35,25,8,2025-12-20,WWW@AC
UW-Whitewater,Brock Marino,defense,20,5,34,2025-12-20,WWW@AC
Alma Scots,Josh Elliott,offense,10,15,40,2025-12-20,WWW@AC
Alma Scots,Josh Elliott,offense,10,10,14,2025-12-20,WWW@AC
UW-Whitewater,Isaac Verges,defense,30,15,22,2025-12-20,WWW@AC
UW-Whitewater,Brock Marino,defense,10,10,45,2025-12-20,WWW@AC
UW-Whitewater,Brock Marino,defense,25,20,44,2025-12-20,WWW@AC
UW-Whitewater,Brock Marino,defense,15,5,29,2025-12-20,WWW@AC
UW-Whitewater,Brock Marino,defense,15,0,7,2025-12-20,WWW@AC
UW-Whitewater,Isaac Verges,defense,35,5,3,2025-12-20,WWW@AC
UW-Whitewater,TEAM,defense,35,5,241,2025-12-20,WWW@AC
UW-Whitewater,Isaac Verges,defense,35,10,35,2025-12-20,WWW@AC
UW-Whitewater,Isaac Verges,defense,40,10,31,2025-12-20,WWW@AC
UW-Whitewater,TEAM,defense,40,10,160,2025-12-20,WWW@AC
UW-Whitewater,Isaac Verges,defense,40,5,6,2025-12-20,WWW@AC
UW-Whitewater,TEAM,defense,40,5,57,2025-12-20,WWW@AC
UW-Whitewater,Isaac Verges,defense,45,30,1,2025-12-20,WWW@AC
UW-Whitewater,TEAM,defense,45,30,11,2025-12-20,WWW@AC
UW-Whitewater,Collin Madson,defense,30,5,134,2025-12-20,WWW@AC
UW-Whitewater,Richie Warren,defense,20,20,101,2025-12-20,WWW@AC
UW-Whitewater,Richie Warren,defense,20,5,72,2025-12-20,WWW@AC
UW-Whitewater,Richie Warren,defense,15,5,74,2025-12-20,WWW@AC
UW-Whitewater,Richie Warren,defense,30,25,22,2025-12-20,WWW@AC
Alma Scots,Donovan Collins,offense,20,10,28,2025-12-20,WWW@AC
Alma Scots,Donovan Collins,offense,10,15,25,2025-12-20,WWW@AC
Alma Scots,Donovan Collins,offense,5,20,42,2025-12-20,WWW@AC
Alma Scots,Donovan Collins,offense,5,25,27,2025-12-20,WWW@AC
Alma Scots,Donovan Collins,offense,10,40,11,2025-12-20,WWW@AC
UW-Whitewater,Collin Madson,defense,20,20,65,2025-12-20,WWW@AC
UW-Whitewater,Collin Madson,defense,30,0,20,2025-12-20,WWW@AC
Alma Scots,Korbin Heitzman,defense,20,35,18,2025-12-20,WWW@AC
Alma Scots,TEAM,defense,20,35,83,2025-12-20,WWW@AC
Alma Scots,Korbin Heitzman,defense,25,30,40,2025-12-20,WWW@AC
Alma Scots,Donovan Collins,defense,5,45,1,2025-12-20,WWW@AC
Alma Scots,TEAM,defense,5,45,7,2025-12-20,WWW@AC
Alma Scots,Donovan Collins,defense,5,40,5,2025-12-20,WWW@AC
Alma Scots,TEAM,defense,5,40,25,2025-12-20,WWW@AC
Alma Scots,Donovan Collins,defense,5,35,4,2025-12-20,WWW@AC
Alma Scots,Donovan Collins,defense,5,30,4,2025-12-20,WWW@AC
Alma Scots,TEAM,defense,5,30,56,2025-12-20,WWW@AC
Alma Scots,Donovan Collins,defense,10,20,35,2025-12-20,WWW@AC
Alma Scots,Donovan Collins,defense,10,15,63,2025-12-20,WWW@AC
Alma Scots,Donovan Collins,defense,10,10,39,2025-12-20,WWW@AC
Alma Scots,Josh Elliott,defense,35,40,7,2025-12-20,WWW@AC
Alma Scots,TEAM,defense,35,40,55,2025-12-20,WWW@AC
Alma Scots,Josh Elliott,defense,35,35,7,2025-12-20,WWW@AC
Alma Scots,Josh Elliott,defense,35,30,18,2025-12-20,WWW@AC
Alma Scots,Josh Elliott,defense,35,25,18,2025-12-20,WWW@AC
Alma Scots,TEAM,defense,35,25,212,2025-12-20,WWW@AC
Alma Scots,Josh Elliott,defense,20,25,47,2025-12-20,WWW@AC
Alma Scots,Josh Elliott,defense,40,25,7,2025-12-20,WWW@AC
Alma Scots,TEAM,defense,40,25,60,2025-12-20,WWW@AC
UW-Whitewater,Isaac Verges,offense,45,40,2,2025-12-20,WWW@AC
UW-Whitewater,TEAM,offense,45,40,10,2025-12-20,WWW@AC
UW-Whitewater,Isaac Verges,offense,40,40,3,2025-12-20,WWW@AC
UW-Whitewater,TEAM,offense,40,40,37,2025-12-20,WWW@AC
UW-Whitewater,Isaac Verges,offense,40,35,9,2025-12-20,WWW@AC
UW-Whitewater,TEAM,offense,40,35,49,2025-12-20,WWW@AC
UW-Whitewater,Isaac Verges,offense,40,30,8,2025-12-20,WWW@AC
UW-Whitewater,TEAM,offense,40,30,83,2025-12-20,WWW@AC
UW-Whitewater,Isaac Verges,offense,40,25,7,2025-12-20,WWW@AC
UW-Whitewater,TEAM,offense,40,25,154,2025-12-20,WWW@AC
UW-Whitewater,Isaac Verges,offense,35,30,12,2025-12-20,WWW@AC
Alma Scots,Logan St. Martin,defense,15,45,2,2025-12-20,WWW@AC
Alma Scots,TEAM,defense,15,45,22,2025-12-20,WWW@AC
Alma Scots,Raine Rodich,defense,25,0,6,2025-12-20,WWW@AC
Alma Scots,Raine Rodich,defense,30,0,2,2025-12-20,WWW@AC
Alma Scots,Raine Rodich,defense,35,0,2,2025-12-20,WWW@AC
Alma Scots,Raine Rodich,defense,40,5,5,2025-12-20,WWW@AC
Alma Scots,TEAM,defense,40,5,173,2025-12-20,WWW@AC
UW-Whitewater,Richie Warren,offense,20,15,23,2025-12-20,WWW@AC
UW-Whitewater,Brock Marino,offense,0,35,1,2025-12-20,WWW@AC
UW-Whitewater,TEAM,offense,0,35,13,2025-12-20,WWW@AC
UW-Whitewater,Brock Marino,offense,0,25,5,2025-12-20,WWW@AC
UW-Whitewater,TEAM,offense,0,25,61,2025-12-20,WWW@AC
UW-Whitewater,Brock Marino,offense,0,20,9,2025-12-20,WWW@AC
UW-Whitewater,Brock Marino,offense,10,15,16,2025-12-20,WWW@AC
UW-Whitewater,Luke Bara,offense,20,40,11,2025-12-20,WWW@AC
UW-Whitewater,TEAM,offense,20,40,67,2025-12-20,WWW@AC
UW-Whitewater,Collin Madson,offense,15,20,18,2025-12-20,WWW@AC
Alma Scots,Logan St. Martin,defense,40,15,17,2025-12-20,WWW@AC
Alma Scots,Logan St. Martin,defense,35,15,55,2025-12-20,WWW@AC
Alma Scots,Logan St. Martin,defense,35,20,38,2025-12-20,WWW@AC
UW-Whitewater,Richie Warren,offense,45,10,75,2025-12-20,WWW@AC
UW-Whitewater,Collin Madson,offense,10,20,27,2025-12-20,WWW@AC
UW-Whitewater,Collin Madson,offense,15,15,46,2025-12-20,WWW@AC
UW-Whitewater,Collin Madson,offense,10,15,33,2025-12-20,WWW@AC
Alma Scots,Raine Rodich,defense,35,10,8,2025-12-20,WWW@AC
Alma Scots,Raine Rodich,defense,45,10,7,2025-12-20,WWW@AC
Alma Scots,Raine Rodich,defense,45,25,1,2025-12-20,WWW@AC
UW-Whitewater,Isaac Verges,offense,30,10,24,2025-12-20,WWW@AC
UW-Whitewater,Isaac Verges,offense,10,5,8,2025-12-20,WWW@AC
Alma Scots,Josh Elliott,defense,15,20,35,2025-12-20,WWW@AC
Alma Scots,Josh Elliott,defense,30,30,14,2025-12-20,WWW@AC
Alma Scots,TEAM,defense,30,30,143,2025-12-20,WWW@AC
Alma Scots,Logan St. Martin,defense,20,0,5,2025-12-20,WWW@AC
Alma Scots,Logan St. Martin,defense,15,0,8,2025-12-20,WWW@AC
UW-Whitewater,Brock Marino,offense,30,35,10,2025-12-20,WWW@AC
UW-Whitewater,Brock Marino,offense,30,40,7,2025-12-20,WWW@AC
Alma Scots,Donovan Collins,defense,30,25,38,2025-12-20,WWW@AC
Alma Scots,Donovan Collins,defense,30,30,38,2025-12-20,WWW@AC
UW-Whitewater,Luke Bara,offense,45,20,5,2025-12-20,WWW@AC
UW-Whitewater,Luke Bara,offense,40,15,26,2025-12-20,WWW@AC
Alma Scots,Korbin Heitzman,defense,15,20,80,2025-12-20,WWW@AC
Alma Scots,Korbin Heitzman,defense,10,15,74,2025-12-20,WWW@AC
Alma Scots,Korbin Heitzman,offense,35,40,9,2025-12-20,WWW@AC
Alma Scots,TEAM,offense,35,40,42,2025-12-20,WWW@AC
Alma Scots,Korbin Heitzman,offense,35,35,20,2025-12-20,WWW@AC
Alma Scots,Korbin Heitzman,offense,30,35,43,2025-12-20,WWW@AC
UW-Whitewater,Collin Madson,defense,15,40,20,2025-12-20,WWW@AC
UW-Whitewater,Collin Madson,defense,20,30,17,2025-12-20,WWW@AC
UW-Whitewater,Collin Madson,defense,25,20,64,2025-12-20,WWW@AC
UW-Whitewater,Brock Marino,defense,0,30,1,2025-12-20,WWW@AC
UW-Whitewater,Brock Marino,defense,25,30,16,2025-12-20,WWW@AC
UW-Whitewater,Brock Marino,defense,25,25,24,2025-12-20,WWW@AC
UW-Whitewater,Brock Marino,defense,30,20,33,2025-12-20,WWW@AC
UW-Whitewater,Richie Warren,defense,20,35,15,2025-12-20,WWW@AC
UW-Whitewater,Richie Warren,defense,20,30,34,2025-12-20,WWW@AC
Alma Scots,Josh Elliott,offense,10,40,13,2025-12-20,WWW@AC
Alma Scots,Josh Elliott,offense,10,35,26,2025-12-20,WWW@AC
Alma Scots,Josh Elliott,offense,20,30,70,2025-12-20,WWW@AC
Alma Scots,Raine Rodich,offense,5,35,2,2025-12-20,WWW@AC
Alma Scots,Raine Rodich,offense,0,20,10,2025-12-20,WWW@AC
Alma Scots,TEAM,offense,0,20,70,2025-12-20,WWW@AC
Alma Scots,Raine Rodich,offense,0,15,20,2025-12-20,WWW@AC
Alma Scots,Raine Rodich,offense,0,10,46,2025-12-20,WWW@AC
Alma Scots,Raine Rodich,offense,35,20,21,2025-12-20,WWW@AC
Alma Scots,Raine Rodich,offense,30,20,37,2025-12-20,WWW@AC
Alma Scots,Raine Rodich,offense,20,5,13,2025-12-20,WWW@AC
UW-Whitewater,Isaac Verges,defense,25,20,30,2025-12-20,WWW@AC
Alma Scots,Donovan Collins,offense,20,40,22,2025-12-20,WWW@AC
Alma Scots,Donovan Collins,offense,20,35,37,2025-12-20,WWW@AC
Alma Scots,Donovan Collins,offense,15,30,41,2025-12-20,WWW@AC
Alma Scots,Donovan Collins,offense,20,5,24,2025-12-20,WWW@AC
UW-Whitewater,Collin Madson,defense,15,20,55,2025-12-20,WWW@AC
UW-Whitewater,Collin Madson,defense,15,25,21,2025-12-20,WWW@AC
UW-Whitewater,Collin Madson,defense,20,25,56,2025-12-20,WWW@AC
Alma Scots,Logan St. Martin,offense,0,10,34,2025-12-20,WWW@AC
Alma Scots,Logan St. Martin,offense,5,10,11,2025-12-20,WWW@AC
Alma Scots,Logan St. Martin,offense,15,10,59,2025-12-20,WWW@AC
Alma Scots,Logan St. Martin,offense,5,20,30,2025-12-20,WWW@AC
Alma Scots,Logan St. Martin,offense,5,15,25,2025-12-20,WWW@AC
Alma Scots,Logan St. Martin,offense,15,20,48,2025-12-20,WWW@AC
Alma Scots,Logan St. Martin,offense,10,20,9,2025-12-20,WWW@AC
UW-Whitewater,Isaac Verges,defense,10,5,18,2025-12-20,WWW@AC
Alma Scots,Korbin Heitzman,offense,35,5,27,2025-12-20,WWW@AC
UW-Whitewater,Isaac Verges,defense,30,30,12,2025-12-20,WWW@AC
UW-Whitewater,Isaac Verges,defense,35,35,8,2025-12-20,WWW@AC
UW-Whitewater,TEAM,defense,35,35,81,2025-12-20,WWW@AC
UW-Whitewater,Isaac Verges,defense,30,35,7,2025-12-20,WWW@AC
UW-Whitewater,Isaac Verges,defense,15,20,13,2025-12-20,WWW@AC
UW-Whitewater,Isaac Verges,defense,0,25,12,2025-12-20,WWW@AC
UW-Whitewater,TEAM,defense,0,25,38,2025-12-20,WWW@AC
Alma Scots,Donovan Collins,offense,15,35,19,2025-12-20,WWW@AC
Alma Scots,Korbin Heitzman,offense,25,20,135,2025-12-20,WWW@AC
Alma Scots,Korbin Heitzman,offense,10,30,24,2025-12-20,WWW@AC
Alma Scots,Korbin Heitzman,offense,10,35,12,2025-12-20,WWW@AC
Alma Scots,Korbin Heitzman,offense,15,45,19,2025-12-20,WWW@AC
UW-Whitewater,Brock Marino,defense,5,10,21,2025-12-20,WWW@AC
UW-Whitewater,Collin Madson,defense,35,10,42,2025-12-20,WWW@AC
UW-Whitewater,Collin Madson,defense,35,5,40,2025-12-20,WWW@AC
UW-Whitewater,Collin Madson,defense,40,5,17,2025-12-20,WWW@AC
UW-Whitewater,Richie Warren,defense,5,10,23,2025-12-20,WWW@AC
UW-Whitewater,Richie Warren,defense,5,15,12,2025-12-20,WWW@AC
UW-Whitewater,Richie Warren,defense,5,25,3,2025-12-20,WWW@AC
UW-Whitewater,Richie Warren,defense,5,35,3,2025-12-20,WWW@AC
UW-Whitewater,Luke Bara,defense,10,5,24,2025-12-20,WWW@AC
Alma Scots,Logan St. Martin,offense,20,5,24,2025-12-20,WWW@AC
Alma Scots,Logan St. Martin,offense,25,5,35,2025-12-20,WWW@AC
Alma Scots,Logan St. Martin,offense,45,0,6,2025-12-20,WWW@AC
Alma Scots,TEAM,offense,45,0,27,2025-12-20,WWW@AC
Alma Scots,Logan St. Martin,offense,45,5,23,2025-12-20,WWW@AC
Alma Scots,TEAM,offense,45,5,212,2025-12-20,WWW@AC
Alma Scots,Logan St. Martin,offense,45,10,35,2025-12-20,WWW@AC
Alma Scots,Josh Elliott,offense,35,30,18,2025-12-20,WWW@AC
Alma Scots,Donovan Collins,offense,0,5,67,2025-12-20,WWW@AC
Alma Scots,Donovan Collins,offense,10,10,56,2025-12-20,WWW@AC
Alma Scots,Donovan Collins,offense,10,35,16,2025-12-20,WWW@AC
UW-Whitewater,Isaac Verges,defense,35,30,6,2025-12-20,WWW@AC
UW-Whitewater,TEAM,defense,35,30,82,2025-12-20,WWW@AC
UW-Whitewater,Isaac Verges,defense,35,45,18,2025-12-20,WWW@AC
UW-Whitewater,Isaac Verges,defense,35,40,16,2025-12-20,WWW@AC
Alma Scots,Raine Rodich,defense,30,25,32,2025-12-20,WWW@AC
Alma Scots,Raine Rodich,defense,30,30,16,2025-12-20,WWW@AC
Alma Scots,Raine Rodich,defense,35,30,7,2025-12-20,WWW@AC
Alma Scots,Raine Rodich,defense,40,35,6,2025-12-20,WWW@AC
Alma Scots,TEAM,defense,40,35,36,2025-12-20,WWW@AC
Alma Scots,Korbin Heitzman,defense,10,10,83,2025-12-20,WWW@AC
Alma Scots,Josh Elliott,defense,5,40,5,2025-12-20,WWW@AC
Alma Scots,Josh Elliott,defense,5,35,7,2025-12-20,WWW@AC
Alma Scots,Josh Elliott,defense,10,25,11,2025-12-20,WWW@AC
UW-Whitewater,Brock Marino,offense,25,40,7,2025-12-20,WWW@AC
UW-Whitewater,TEAM,offense,25,40,75,2025-12-20,WWW@AC
Alma Scots,Logan St. Martin,defense,30,20,66,2025-12-20,WWW@AC
Alma Scots,Logan St. Martin,defense,30,0,2,2025-12-20,WWW@AC
UW-Whitewater,Luke Bara,offense,25,30,30,2025-12-20,WWW@AC
UW-Whitewater,Luke Bara,offense,25,35,27,2025-12-20,WWW@AC
UW-Whitewater,Luke Bara,offense,25,40,14,2025-12-20,WWW@AC
Alma Scots,Donovan Collins,defense,30,40,20,2025-12-20,WWW@AC
Alma Scots,Donovan Collins,defense,40,30,16,2025-12-20,WWW@AC
Alma Scots,TEAM,defense,40,30,59,2025-12-20,WWW@AC
Alma Scots,Donovan Collins,defense,40,25,8,2025-12-20,WWW@AC
Alma Scots,Donovan Collins,defense,35,25,46,2025-12-20,WWW@AC
Alma Scots,Donovan Collins,defense,25,20,31,2025-12-20,WWW@AC
Alma Scots,Donovan Collins,defense,35,15,84,2025-12-20,WWW@AC
UW-Whitewater,Richie Warren,offense,10,20,30,2025-12-20,WWW@AC
UW-Whitewater,Richie Warren,offense,20,10,18,2025-12-20,WWW@AC
UW-Whitewater,Collin Madson,offense,5,20,48,2025-12-20,WWW@AC
UW-Whitewater,Collin Madson,offense,0,20,23,2025-12-20,WWW@AC
UW-Whitewater,Collin Madson,offense,0,15,16,2025-12-20,WWW@AC
UW-Whitewater,Collin Madson,offense,5,15,27,2025-12-20,WWW@AC
UW-Whitewater,Collin Madson,offense,20,15,42,2025-12-20,WWW@AC
UW-Whitewater,Isaac Verges,offense,35,10,17,2025-12-20,WWW@AC
UW-Whitewater,Isaac Verges,offense,30,15,3,2025-12-20,WWW@AC
UW-Whitewater,Isaac Verges,offense,30,5,10,2025-12-20,WWW@AC
UW-Whitewater,Isaac Verges,offense,20,25,20,2025-12-20,WWW@AC
UW-Whitewater,Isaac Verges,offense,20,30,18,2025-12-20,WWW@AC
UW-Whitewater,Isaac Verges,offense,15,35,5,2025-12-20,WWW@AC
UW-Whitewater,Brock Marino,offense,35,5,4,2025-12-20,WWW@AC
UW-Whitewater,Brock Marino,offense,30,5,5,2025-12-20,WWW@AC
UW-Whitewater,Brock Marino,offense,35,0,2,2025-12-20,WWW@AC
UW-Whitewater,Brock Marino,offense,40,0,3,2025-12-20,WWW@AC
UW-Whitewater,TEAM,offense,40,0,30,2025-12-20,WWW@AC
UW-Whitewater,Brock Marino,offense,40,5,19,2025-12-20,WWW@AC
UW-Whitewater,Brock Marino,offense,45,5,12,2025-12-20,WWW@AC
UW-Whitewater,Brock Marino,offense,40,10,14,2025-12-20,WWW@AC
UW-Whitewater,Brock Marino,offense,35,10,28,2025-12-20,WWW@AC
UW-Whitewater,Brock Marino,offense,30,10,51,2025-12-20,WWW@AC
UW-Whitewater,Richie Warren,offense,25,20,59,2025-12-20,WWW@AC
UW-Whitewater,Richie Warren,offense,20,20,37,2025-12-20,WWW@AC
UW-Whitewater,Brock Marino,offense,15,10,27,2025-12-20,WWW@AC
Alma Scots,Raine Rodich,offense,30,45,8,2025-12-20,WWW@AC
Alma Scots,Raine Rodich,offense,35,40,9,2025-12-20,WWW@AC
Alma Scots,Raine Rodich,offense,35,35,7,2025-12-20,WWW@AC
Alma Scots,Raine Rodich,offense,35,30,11,2025-12-20,WWW@AC
Alma Scots,Raine Rodich,offense,35,25,20,2025-12-20,WWW@AC
Alma Scots,Korbin Heitzman,offense,15,40,24,2025-12-20,WWW@AC
Alma Scots,Korbin Heitzman,offense,15,35,15,2025-12-20,WWW@AC
Alma Scots,Donovan Collins,offense,15,45,7,2025-12-20,WWW@AC
Alma Scots,Donovan Collins,offense,0,25,7,2025-12-20,WWW@AC
Alma Scots,TEAM,offense,0,25,54,2025-12-20,WWW@AC
Alma Scots,Donovan Collins,offense,5,10,34,2025-12-20,WWW@AC
Alma Scots,Donovan Collins,offense,5,15,53,2025-12-20,WWW@AC
Alma Scots,Logan St. Martin,offense,40,40,11,2025-12-20,WWW@AC
Alma Scots,Logan St. Martin,offense,40,35,6,2025-12-20,WWW@AC
Alma Scots,TEAM,offense,40,35,64,2025-12-20,WWW@AC
Alma Scots,Logan St. Martin,offense,40,30,7,2025-12-20,WWW@AC
Alma Scots,Logan St. Martin,offense,45,30,4,2025-12-20,WWW@AC
Alma Scots,TEAM,offense,45,30,24,2025-12-20,WWW@AC
Alma Scots,Logan St. Martin,offense,45,25,5,2025-12-20,WWW@AC
Alma Scots,Logan St. Martin,offense,40,10,9,2025-12-20,WWW@AC
Alma Scots,Josh Elliott,offense,20,45,8,2025-12-20,WWW@AC
UW-Whitewater,Luke Bara,defense,5,25,2,2025-12-20,WWW@AC
Alma Scots,Raine Rodich,offense,20,45,7,2025-12-20,WWW@AC
Alma Scots,Raine Rodich,offense,15,30,33,2025-12-20,WWW@AC
Alma Scots,Raine Rodich,offense,30,30,19,2025-12-20,WWW@AC
Alma Scots,Korbin Heitzman,offense,5,25,9,2025-12-20,WWW@AC
UW-Whitewater,Collin Madson,defense,25,25,47,2025-12-20,WWW@AC
Alma Scots,Raine Rodich,defense,25,40,7,2025-12-20,WWW@AC
Alma Scots,TEAM,defense,25,40,72,2025-12-20,WWW@AC
Alma Scots,Raine Rodich,defense,35,5,10,2025-12-20,WWW@AC
Alma Scots,Korbin Heitzman,defense,5,45,2,2025-12-20,WWW@AC
Alma Scots,Korbin Heitzman,defense,10,20,40,2025-12-20,WWW@AC
Alma Scots,Korbin Heitzman,defense,15,25,43,2025-12-20,WWW@AC
Alma Scots,Korbin Heitzman,defense,15,30,15,2025-12-20,WWW@AC
Alma Scots,Korbin Heitzman,defense,15,35,12,2025-12-20,WWW@AC
UW-Whitewater,Richie Warren,offense,5,35,4,2025-12-20,WWW@AC
UW-Whitewater,TEAM,offense,5,35,35,2025-12-20,WWW@AC
UW-Whitewater,Richie Warren,offense,5,10,16,2025-12-20,WWW@AC
UW-Whitewater,Richie Warren,offense,5,15,27,2025-12-20,WWW@AC
UW-Whitewater,Isaac Verges,offense,20,40,2,2025-12-20,WWW@AC
UW-Whitewater,Isaac Verges,offense,35,40,4,2025-12-20,WWW@AC
UW-Whitewater,Isaac Verges,offense,30,35,11,2025-12-20,WWW@AC
Alma Scots,Josh Elliott,defense,40,40,3,2025-12-20,WWW@AC
Alma Scots,Josh Elliott,defense,35,10,75,2025-12-20,WWW@AC
Alma Scots,Josh Elliott,defense,20,30,24,2025-12-20,WWW@AC
Alma Scots,Josh Elliott,defense,20,35,9,2025-12-20,WWW@AC
Alma Scots,Josh Elliott,defense,25,35,16,2025-12-20,WWW@AC
Alma Scots,Josh Elliott,defense,30,35,12,2025-12-20,WWW@AC
Alma Scots,TEAM,defense,30,35,79,2025-12-20,WWW@AC
Alma Scots,Josh Elliott,defense,30,40,9,2025-12-20,WWW@AC
Alma Scots,Josh Elliott,defense,35,45,3,2025-12-20,WWW@AC
Alma Scots,TEAM,defense,35,45,19,2025-12-20,WWW@AC
Alma Scots,Logan St. Martin,defense,20,40,2,2025-12-20,WWW@AC
Alma Scots,TEAM,defense,20,40,89,2025-12-20,WWW@AC
Alma Scots,Logan St. Martin,defense,20,30,14,2025-12-20,WWW@AC
UW-Whitewater,Luke Bara,offense,10,40,6,2025-12-20,WWW@AC
UW-Whitewater,TEAM,offense,10,40,33,2025-12-20,WWW@AC
Alma Scots,Donovan Collins,defense,35,40,13,2025-12-20,WWW@AC
Alma Scots,Donovan Collins,defense,45,15,6,2025-12-20,WWW@AC
UW-Whitewater,Collin Madson,offense,35,45,3,2025-12-20,WWW@AC
UW-Whitewater,TEAM,offense,35,45,21,2025-12-20,WWW@AC
UW-Whitewater,Collin Madson,offense,30,25,42,2025-12-20,WWW@AC
UW-Whitewater,Luke Bara,offense,5,30,9,2025-12-20,WWW@AC
UW-Whitewater,Luke Bara,offense,5,20,20,2025-12-20,WWW@AC
UW-Whitewater,Luke Bara,offense,5,15,13,2025-12-20,WWW@AC
UW-Whitewater,Luke Bara,offense,5,5,23,2025-12-20,WWW@AC
UW-Whitewater,Luke Bara,offense,10,5,10,2025-12-20,WWW@AC
UW-Whitewater,Luke Bara,offense,0,10,19,2025-12-20,WWW@AC
UW-Whitewater,Luke Bara,offense,5,25,19,2025-12-20,WWW@AC
UW-Whitewater,Luke Bara,offense,10,30,23,2025-12-20,WWW@AC
Alma Scots,Donovan Collins,defense,25,0,8,2025-12-20,WWW@AC
Alma Scots,Logan St. Martin,defense,35,10,41,2025-12-20,WWW@AC
Alma Scots,Logan St. Martin,defense,40,10,33,2025-12-20,WWW@AC
UW-Whitewater,Richie Warren,offense,10,40,6,2025-12-20,WWW@AC
UW-Whitewater,Richie Warren,offense,10,45,3,2025-12-20,WWW@AC
UW-Whitewater,Collin Madson,offense,20,25,28,2025-12-20,WWW@AC
UW-Whitewater,Isaac Verges,offense,25,30,34,2025-12-20,WWW@AC
UW-Whitewater,Isaac Verges,offense,25,35,5,2025-12-20,WWW@AC
UW-Whitewater,Isaac Verges,offense,25,40,4,2025-12-20,WWW@AC
UW-Whitewater,Luke Bara,offense,10,0,5,2025-12-20,WWW@AC
Alma Scots,Raine Rodich,defense,25,45,2,2025-12-20,WWW@AC
Alma Scots,TEAM,defense,25,45,34,2025-12-20,WWW@AC
UW-Whitewater,Collin Madson,defense,20,40,10,2025-12-20,WWW@AC
UW-Whitewater,Collin Madson,defense,20,35,17,2025-12-20,WWW@AC
Alma Scots,Josh Elliott,offense,0,35,3,2025-12-20,WWW@AC
Alma Scots,TEAM,offense,0,35,22,2025-12-20,WWW@AC
Alma Scots,Josh Elliott,offense,5,30,23,2025-12-20,WWW@AC
Alma Scots,Josh Elliott,offense,5,25,19,2025-12-20,WWW@AC
Alma Scots,Josh Elliott,offense,10,5,14,2025-12-20,WWW@AC
Alma Scots,Korbin Heitzman,offense,25,40,16,2025-12-20,WWW@AC
Alma Scots,Logan St. Martin,offense,30,30,23,2025-12-20,WWW@AC
UW-Whitewater,Richie Warren,defense,0,30,7,2025-12-20,WWW@AC
UW-Whitewater,Richie Warren,defense,0,25,8,2025-12-20,WWW@AC
UW-Whitewater,Richie Warren,defense,45,20,22,2025-12-20,WWW@AC
UW-Whitewater,TEAM,defense,45,20,35,2025-12-20,WWW@AC
Alma Scots,Raine Rodich,offense,30,35,35,2025-12-20,WWW@AC
UW-Whitewater,Brock Marino,defense,30,30,11,2025-12-20,WWW@AC
UW-Whitewater,Brock Marino,defense,30,25,13,2025-12-20,WWW@AC
UW-Whitewater,Brock Marino,defense,35,10,45,2025-12-20,WWW@AC
Alma Scots,Raine Rodich,offense,10,15,21,2025-12-20,WWW@AC
Alma Scots,Raine Rodich,offense,5,10,31,2025-12-20,WWW@AC
Alma Scots,Donovan Collins,offense,35,10,40,2025-12-20,WWW@AC
Alma Scots,Donovan Collins,offense,40,15,21,2025-12-20,WWW@AC
Alma Scots,Donovan Collins,offense,40,5,11,2025-12-20,WWW@AC
Alma Scots,Donovan Collins,offense,45,10,41,2025-12-20,WWW@AC
Alma Scots,Korbin Heitzman,offense,30,40,19,2025-12-20,WWW@AC
Alma Scots,Korbin Heitzman,offense,40,30,12,2025-12-20,WWW@AC
UW-Whitewater,Luke Bara,defense,20,5,81,2025-12-20,WWW@AC
UW-Whitewater,Luke Bara,defense,20,10,41,2025-12-20,WWW@AC
Alma Scots,Korbin Heitzman,offense,45,10,34,2025-12-20,WWW@AC
UW-Whitewater,Isaac Verges,defense,5,5,7,2025-12-20,WWW@AC
UW-Whitewater,Isaac Verges,defense,0,20,7,2025-12-20,WWW@AC
UW-Whitewater,TEAM,defense,0,20,25,2025-12-20,WWW@AC
Alma Scots,Logan St. Martin,offense,10,10,39,2025-12-20,WWW@AC
Alma Scots,Logan St. Martin,offense,10,5,8,2025-12-20,WWW@AC
Alma Scots,Raine Rodich,offense,10,20,28,2025-12-20,WWW@AC
UW-Whitewater,Richie Warren,defense,20,0,18,2025-12-20,WWW@AC
UW-Whitewater,Isaac Verges,defense,10,30,3,2025-12-20,WWW@AC
UW-Whitewater,Isaac Verges,defense,20,20,20,2025-12-20,WWW@AC
Alma Scots,Logan St. Martin,defense,10,40,2,2025-12-20,WWW@AC
Alma Scots,TEAM,defense,10,40,47,2025-12-20,WWW@AC
Alma Scots,Logan St. Martin,defense,10,35,7,2025-12-20,WWW@AC
Alma Scots,Logan St. Martin,defense,5,20,12,2025-12-20,WWW@AC
Alma Scots,Logan St. Martin,defense,10,15,54,2025-12-20,WWW@AC
Alma Scots,Logan St. Martin,defense,5,15,6,2025-12-20,WWW@AC
Alma Scots,Logan St. Martin,defense,20,15,52,2025-12-20,WWW@AC
Alma Scots,Logan St. Martin,defense,10,0,5,2025-12-20,WWW@AC
Alma Scots,Logan St. Martin,defense,10,10,21,2025-12-20,WWW@AC
Alma Scots,Logan St. Martin,defense,5,25,5,2025-12-20,WWW@AC
Alma Scots,Logan St. Martin,defense,5,30,4,2025-12-20,WWW@AC
Alma Scots,Logan St. Martin,defense,5,40,1,2025-12-20,WWW@AC
Alma Scots,Donovan Collins,defense,20,40,28,2025-12-20,WWW@AC
Alma Scots,Donovan Collins,defense,20,35,8,2025-12-20,WWW@AC
Alma Scots,Donovan Collins,defense,20,30,15,2025-12-20,WWW@AC
Alma Scots,Donovan Collins,defense,15,20,40,2025-12-20,WWW@AC
Alma Scots,Donovan Collins,defense,35,45,4,2025-12-20,WWW@AC
Alma Scots,Raine Rodich,defense,30,40,7,2025-12-20,WWW@AC
Alma Scots,Raine Rodich,defense,10,5,11,2025-12-20,WWW@AC
Alma Scots,Raine Rodich,defense,10,10,35,2025-12-20,WWW@AC
Alma Scots,Raine Rodich,defense,15,35,8,2025-12-20,WWW@AC
Alma Scots,Raine Rodich,defense,20,40,9,2025-12-20,WWW@AC
Alma Scots,Korbin Heitzman,defense,25,40,10,2025-12-20,WWW@AC
Alma Scots,Josh Elliott,defense,25,40,14,2025-12-20,WWW@AC
Alma Scots,Josh Elliott,defense,30,0,6,2025-12-20,WWW@AC
UW-Whitewater,Richie Warren,offense,35,35,6,2025-12-20,WWW@AC
UW-Whitewater,Richie Warren,offense,30,20,11,2025-12-20,WWW@AC
UW-Whitewater,Richie Warren,offense,20,30,43,2025-12-20,WWW@AC
UW-Whitewater,Richie Warren,offense,20,35,26,2025-12-20,WWW@AC
UW-Whitewater,Richie Warren,offense,25,40,7,2025-12-20,WWW@AC
UW-Whitewater,Brock Marino,offense,35,40,1,2025-12-20,WWW@AC
UW-Whitewater,Brock Marino,offense,40,30,1,2025-12-20,WWW@AC
UW-Whitewater,Brock Marino,offense,40,25,8,2025-12-20,WWW@AC
UW-Whitewater,Brock Marino,offense,40,20,35,2025-12-20,WWW@AC
UW-Whitewater,Brock Marino,offense,40,15,28,2025-12-20,WWW@AC
UW-Whitewater,Collin Madson,offense,35,15,34,2025-12-20,WWW@AC
UW-Whitewater,Collin Madson,offense,45,0,9,2025-12-20,WWW@AC
UW-Whitewater,TEAM,offense,45,0,29,2025-12-20,WWW@AC
UW-Whitewater,Luke Bara,offense,5,10,10,2025-12-20,WWW@AC
UW-Whitewater,Luke Bara,offense,10,20,37,2025-12-20,WWW@AC
UW-Whitewater,Luke Bara,offense,10,25,22,2025-12-20,WWW@AC
UW-Whitewater,Luke Bara,offense,15,30,13,2025-12-20,WWW@AC
UW-Whitewater,Collin Madson,offense,20,40,6,2025-12-20,WWW@AC
UW-Whitewater,Collin Madson,offense,15,40,5,2025-12-20,WWW@AC
UW-Whitewater,Collin Madson,offense,15,45,3,2025-12-20,WWW@AC
UW-Whitewater,TEAM,offense,15,45,24,2025-12-20,WWW@AC
UW-Whitewater,Isaac Verges,offense,30,45,2,2025-12-20,WWW@AC
Alma Scots,Donovan Collins,offense,15,5,23,2025-12-20,WWW@AC
Alma Scots,Donovan Collins,offense,10,5,10,2025-12-20,WWW@AC
Alma Scots,Donovan Collins,offense,35,15,35,2025-12-20,WWW@AC
Alma Scots,Donovan Collins,offense,35,5,20,2025-12-20,WWW@AC
UW-Whitewater,Brock Marino,defense,10,5,11,2025-12-20,WWW@AC
UW-Whitewater,Brock Marino,defense,30,5,16,2025-12-20,WWW@AC
Alma Scots,Raine Rodich,offense,45,35,3,2025-12-20,WWW@AC
Alma Scots,TEAM,offense,45,35,20,2025-12-20,WWW@AC
Alma Scots,Raine Rodich,offense,40,35,9,2025-12-20,WWW@AC
Alma Scots,Raine Rodich,offense,40,20,27,2025-12-20,WWW@AC
Alma Scots,Raine Rodich,offense,35,15,10,2025-12-20,WWW@AC
Alma Scots,Raine Rodich,offense,25,0,3,2025-12-20,WWW@AC
Alma Scots,Raine Rodich,offense,10,35,12,2025-12-20,WWW@AC
Alma Scots,Josh Elliott,offense,35,15,29,2025-12-20,WWW@AC
Alma Scots,Josh Elliott,offense,25,30,50,2025-12-20,WWW@AC
Alma Scots,Josh Elliott,offense,0,0,2,2025-12-20,WWW@AC
Alma Scots,Josh Elliott,offense,5,20,27,2025-12-20,WWW@AC
UW-Whitewater,Collin Madson,defense,0,20,4,2025-12-20,WWW@AC
Alma Scots,Logan St. Martin,offense,15,5,25,2025-12-20,WWW@AC
UW-Whitewater,Isaac Verges,defense,30,20,17,2025-12-20,WWW@AC
UW-Whitewater,Isaac Verges,defense,0,30,1,2025-12-20,WWW@AC
UW-Whitewater,Isaac Verges,defense,5,25,6,2025-12-20,WWW@AC
UW-Whitewater,Isaac Verges,defense,10,25,6,2025-12-20,WWW@AC
UW-Whitewater,Richie Warren,offense,25,25,24,2025-12-20,WWW@AC
UW-Whitewater,Isaac Verges,offense,35,5,19,2025-12-20,WWW@AC
UW-Whitewater,Isaac Verges,offense,35,0,3,2025-12-20,WWW@AC
Alma Scots,Raine Rodich,defense,30,15,47,2025-12-20,WWW@AC
Alma Scots,Raine Rodich,defense,35,15,43,2025-12-20,WWW@AC
Alma Scots,Raine Rodich,defense,35,20,37,2025-12-20,WWW@AC
Alma Scots,Raine Rodich,defense,30,20,32,2025-12-20,WWW@AC
Alma Scots,Logan St. Martin,defense,40,5,23,2025-12-20,WWW@AC
Alma Scots,Logan St. Martin,defense,45,5,9,2025-12-20,WWW@AC
Alma Scots,TEAM,defense,45,5,47,2025-12-20,WWW@AC
UW-Whitewater,Brock Marino,offense,45,0,9,2025-12-20,WWW@AC
Alma Scots,Donovan Collins,defense,40,5,32,2025-12-20,WWW@AC
Alma Scots,Donovan Collins,defense,40,20,6,2025-12-20,WWW@AC
UW-Whitewater,Collin Madson,offense,10,40,3,2025-12-20,WWW@AC
UW-Whitewater,Collin Madson,offense,10,35,15,2025-12-20,WWW@AC
UW-Whitewater,Collin Madson,offense,10,10,13,2025-12-20,WWW@AC
UW-Whitewater,Luke Bara,offense,0,5,29,2025-12-20,WWW@AC
UW-Whitewater,Brock Marino,offense,35,30,1,2025-12-20,WWW@AC
UW-Whitewater,Brock Marino,offense,25,30,14,2025-12-20,WWW@AC
Alma Scots,Logan St. Martin,defense,35,5,24,2025-12-20,WWW@AC
Alma Scots,Josh Elliott,defense,15,25,20,2025-12-20,WWW@AC
UW-Whitewater,Brock Marino,offense,45,15,15,2025-12-20,WWW@AC
UW-Whitewater,Brock Marino,offense,45,10,19,2025-12-20,WWW@AC
UW-Whitewater,Richie Warren,offense,30,35,3,2025-12-20,WWW@AC
UW-Whitewater,Brock Marino,defense,30,40,9,2025-12-20,WWW@AC
UW-Whitewater,Brock Marino,defense,15,35,12,2025-12-20,WWW@AC
UW-Whitewater,Brock Marino,defense,15,30,5,2025-12-20,WWW@AC
UW-Whitewater,Collin Madson,defense,15,45,7,2025-12-20,WWW@AC
UW-Whitewater,Collin Madson,defense,15,30,13,2025-12-20,WWW@AC
UW-Whitewater,Collin Madson,defense,40,15,9,2025-12-20,WWW@AC
UW-Whitewater,Collin Madson,defense,0,0,6,2025-12-20,WWW@AC
UW-Whitewater,TEAM,defense,0,0,12,2025-12-20,WWW@AC
Alma Scots,Josh Elliott,offense,40,35,18,2025-12-20,WWW@AC
Alma Scots,Josh Elliott,offense,45,20,23,2025-12-20,WWW@AC
Alma Scots,Josh Elliott,offense,45,5,45,2025-12-20,WWW@AC
Alma Scots,Josh Elliott,offense,40,5,19,2025-12-20,WWW@AC
Alma Scots,Josh Elliott,offense,35,5,22,2025-12-20,WWW@AC
Alma Scots,Josh Elliott,offense,40,15,46,2025-12-20,WWW@AC
Alma Scots,Raine Rodich,offense,40,30,8,2025-12-20,WWW@AC
Alma Scots,Raine Rodich,offense,40,25,11,2025-12-20,WWW@AC
UW-Whitewater,Richie Warren,defense,30,40,12,2025-12-20,WWW@AC
UW-Whitewater,Richie Warren,defense,40,15,78,2025-12-20,WWW@AC
UW-Whitewater,Richie Warren,defense,40,10,15,2025-12-20,WWW@AC
UW-Whitewater,Richie Warren,defense,5,20,22,2025-12-20,WWW@AC
Alma Scots,Logan St. Martin,offense,15,30,29,2025-12-20,WWW@AC
UW-Whitewater,Isaac Verges,defense,10,40,5,2025-12-20,WWW@AC
UW-Whitewater,Isaac Verges,defense,10,35,4,2025-12-20,WWW@AC
UW-Whitewater,Isaac Verges,defense,35,25,11,2025-12-20,WWW@AC
UW-Whitewater,Isaac Verges,defense,25,0,12,2025-12-20,WWW@AC
UW-Whitewater,Isaac Verges,defense,20,0,13,2025-12-20,WWW@AC
UW-Whitewater,Collin Madson,defense,35,30,21,2025-12-20,WWW@AC
UW-Whitewater,Collin Madson,defense,35,35,11,2025-12-20,WWW@AC
UW-Whitewater,Collin Madson,defense,35,40,10,2025-12-20,WWW@AC
Alma Scots,Raine Rodich,offense,10,40,5,2025-12-20,WWW@AC
UW-Whitewater,Joey Berezowitz,offense,20,25,21,2025-12-20,WWW@AC
UW-Whitewater,Joey Berezowitz,offense,25,25,23,2025-12-20,WWW@AC
UW-Whitewater,Joey Berezowitz,offense,30,25,32,2025-12-20,WWW@AC
UW-Whitewater,Joey Berezowitz,offense,30,20,28,2025-12-20,WWW@AC
UW-Whitewater,Joey Berezowitz,offense,35,20,28,2025-12-20,WWW@AC
UW-Whitewater,Joey Berezowitz,offense,35,15,33,2025-12-20,WWW@AC
UW-Whitewater,Joey Berezowitz,offense,30,10,43,2025-12-20,WWW@AC
UW-Whitewater,Joey Berezowitz,offense,35,10,45,2025-12-20,WWW@AC
UW-Whitewater,Joey Berezowitz,offense,30,5,16,2025-12-20,WWW@AC
UW-Whitewater,Joey Berezowitz,offense,20,5,15,2025-12-20,WWW@AC
UW-Whitewater,Collin Madson,offense,45,5,50,2025-12-20,WWW@AC
Alma Scots,Donovan Collins,defense,15,45,6,2025-12-20,WWW@AC
Alma Scots,Donovan Collins,defense,10,40,7,2025-12-20,WWW@AC
Alma Scots,Donovan Collins,defense,10,35,2,2025-12-20,WWW@AC
Alma Scots,Donovan Collins,defense,10,30,14,2025-12-20,WWW@AC
Alma Scots,Donovan Collins,defense,10,25,27,2025-12-20,WWW@AC
Alma Scots,Donovan Collins,defense,5,25,5,2025-12-20,WWW@AC
Alma Scots,Donovan Collins,defense,5,20,9,2025-12-20,WWW@AC
Alma Scots,Donovan Collins,defense,5,5,45,2025-12-20,WWW@AC
Alma Scots,Donovan Collins,defense,0,10,12,2025-12-20,WWW@AC
UW-Whitewater,Luke Bara,offense,40,10,22,2025-12-20,WWW@AC
UW-Whitewater,Luke Bara,offense,45,10,16,2025-12-20,WWW@AC
UW-Whitewater,Luke Bara,offense,45,5,8,2025-12-20,WWW@AC
UW-Whitewater,Luke Bara,offense,35,5,12,2025-12-20,WWW@AC
UW-Whitewater,Brock Marino,offense,15,5,37,2025-12-20,WWW@AC
UW-Whitewater,Brock Marino,offense,5,10,11,2025-12-20,WWW@AC
UW-Whitewater,Collin Madson,offense,0,25,14,2025-12-20,WWW@AC
UW-Whitewater,Collin Madson,offense,5,30,13,2025-12-20,WWW@AC
UW-Whitewater,Joey Berezowitz,offense,25,10,21,2025-12-20,WWW@AC
UW-Whitewater,Joey Berezowitz,offense,25,15,27,2025-12-20,WWW@AC
UW-Whitewater,Brock Marino,offense,0,15,12,2025-12-20,WWW@AC
UW-Whitewater,Brock Marino,offense,0,30,5,2025-12-20,WWW@AC
Alma Scots,Raine Rodich,offense,35,45,2,2025-12-20,WWW@AC
Alma Scots,Raine Rodich,offense,30,40,27,2025-12-20,WWW@AC
UW-Whitewater,Luke Bara,defense,35,45,2,2025-12-20,WWW@AC
UW-Whitewater,Luke Bara,defense,35,35,10,2025-12-20,WWW@AC
UW-Whitewater,Luke Bara,defense,35,20,30,2025-12-20,WWW@AC
UW-Whitewater,Luke Bara,defense,40,15,75,2025-12-20,WWW@AC
UW-Whitewater,Luke Bara,defense,40,10,40,2025-12-20,WWW@AC
Alma Scots,Josh Elliott,offense,45,45,1,2025-12-20,WWW@AC
Alma Scots,TEAM,offense,45,45,4,2025-12-20,WWW@AC
Alma Scots,Josh Elliott,offense,45,40,3,2025-12-20,WWW@AC
Alma Scots,TEAM,offense,45,40,21,2025-12-20,WWW@AC
Alma Scots,Josh Elliott,offense,0,15,43,2025-12-20,WWW@AC
Alma Scots,Josh Elliott,offense,0,20,11,2025-12-20,WWW@AC
Alma Scots,Josh Elliott,offense,0,25,6,2025-12-20,WWW@AC
Alma Scots,Josh Elliott,offense,5,35,11,2025-12-20,WWW@AC
Alma Scots,Josh Elliott,offense,5,40,12,2025-12-20,WWW@AC
Alma Scots,TEAM,offense,5,40,65,2025-12-20,WWW@AC
Alma Scots,Josh Elliott,offense,0,45,2,2025-12-20,WWW@AC
Alma Scots,TEAM,offense,0,45,5,2025-12-20,WWW@AC
Alma Scots,Logan St. Martin,offense,45,40,1,2025-12-20,WWW@AC
UW-Whitewater,Joey Berezowitz,defense,25,40,5,2025-12-20,WWW@AC
UW-Whitewater,Richie Warren,defense,25,45,3,2025-12-20,WWW@AC
UW-Whitewater,Brock Marino,defense,30,35,3,2025-12-20,WWW@AC
UW-Whitewater,Joey Berezowitz,defense,25,10,62,2025-12-20,WWW@AC
UW-Whitewater,Joey Berezowitz,defense,20,10,36,2025-12-20,WWW@AC
UW-Whitewater,Joey Berezowitz,defense,15,10,37,2025-12-20,WWW@AC
UW-Whitewater,Joey Berezowitz,defense,10,10,69,2025-12-20,WWW@AC
UW-Whitewater,Joey Berezowitz,defense,5,15,7,2025-12-20,WWW@AC
Alma Scots,Korbin Heitzman,offense,20,45,10,2025-12-20,WWW@AC
Alma Scots,Logan St. Martin,offense,15,45,2,2025-12-20,WWW@AC
UW-Whitewater,Collin Madson,offense,25,40,3,2025-12-20,WWW@AC
Alma Scots,Korbin Heitzman,defense,30,40,14,2025-12-20,WWW@AC
UW-Whitewater,Luke Bara,offense,45,45,2,2025-12-20,WWW@AC
UW-Whitewater,TEAM,offense,45,45,7,2025-12-20,WWW@AC
UW-Whitewater,Luke Bara,offense,45,40,3,2025-12-20,WWW@AC
UW-Whitewater,Luke Bara,offense,45,35,4,2025-12-20,WWW@AC
UW-Whitewater,TEAM,offense,45,35,11,2025-12-20,WWW@AC
UW-Whitewater,Luke Bara,offense,40,30,9,2025-12-20,WWW@AC
UW-Whitewater,Luke Bara,offense,45,25,3,2025-12-20,WWW@AC
UW-Whitewater,TEAM,offense,45,25,54,2025-12-20,WWW@AC
UW-Whitewater,Luke Bara,offense,40,20,31,2025-12-20,WWW@AC
UW-Whitewater,Luke Bara,offense,30,40,5,2025-12-20,WWW@AC
UW-Whitewater,Luke Bara,offense,30,45,2,2025-12-20,WWW@AC
UW-Whitewater,Luke Bara,offense,35,45,5,2025-12-20,WWW@AC
UW-Whitewater,Joey Berezowitz,offense,35,40,7,2025-12-20,WWW@AC
UW-Whitewater,Joey Berezowitz,offense,35,35,15,2025-12-20,WWW@AC
UW-Whitewater,Joey Berezowitz,offense,40,30,20,2025-12-20,WWW@AC
UW-Whitewater,Joey Berezowitz,offense,40,25,32,2025-12-20,WWW@AC
UW-Whitewater,Joey Berezowitz,offense,40,20,34,2025-12-20,WWW@AC
UW-Whitewater,Joey Berezowitz,offense,40,15,17,2025-12-20,WWW@AC
UW-Whitewater,Joey Berezowitz,offense,40,10,13,2025-12-20,WWW@AC
UW-Whitewater,Joey Berezowitz,offense,35,5,8,2025-12-20,WWW@AC
UW-Whitewater,Joey Berezowitz,offense,40,5,9,2025-12-20,WWW@AC
UW-Whitewater,Joey Berezowitz,offense,45,0,1,2025-12-20,WWW@AC
Alma Scots,Donovan Collins,defense,40,35,3,2025-12-20,WWW@AC
Alma Scots,Donovan Collins,defense,40,10,39,2025-12-20,WWW@AC
Alma Scots,Raine Rodich,defense,30,35,7,2025-12-20,WWW@AC
UW-Whitewater,Joey Berezowitz,offense,45,5,8,2025-12-20,WWW@AC
UW-Whitewater,Joey Berezowitz,offense,45,20,8,2025-12-20,WWW@AC
UW-Whitewater,Joey Berezowitz,offense,30,15,38,2025-12-20,WWW@AC
UW-Whitewater,Joey Berezowitz,offense,15,40,4,2025-12-20,WWW@AC
Alma Scots,Donovan Collins,offense,40,40,5,2025-12-20,WWW@AC
UW-Whitewater,Joey Berezowitz,defense,15,40,7,2025-12-20,WWW@AC
UW-Whitewater,Joey Berezowitz,defense,15,35,7,2025-12-20,WWW@AC
UW-Whitewater,Joey Berezowitz,defense,15,25,24,2025-12-20,WWW@AC
UW-Whitewater,Joey Berezowitz,defense,15,20,42,2025-12-20,WWW@AC
UW-Whitewater,Joey Berezowitz,defense,10,20,47,2025-12-20,WWW@AC
UW-Whitewater,Joey Berezowitz,defense,10,15,33,2025-12-20,WWW@AC
UW-Whitewater,Joey Berezowitz,defense,25,20,44,2025-12-20,WWW@AC
UW-Whitewater,Joey Berezowitz,defense,20,20,65,2025-12-20,WWW@AC
UW-Whitewater,Brock Marino,defense,40,25,10,2025-12-20,WWW@AC
UW-Whitewater,TEAM,defense,40,25,57,2025-12-20,WWW@AC
UW-Whitewater,Brock Marino,defense,0,0,1,2025-12-20,WWW@AC
UW-Whitewater,Brock Marino,defense,10,0,4,2025-12-20,WWW@AC
UW-Whitewater,TEAM,defense,10,0,49,2025-12-20,WWW@AC
UW-Whitewater,Brock Marino,defense,5,5,2,2025-12-20,WWW@AC
Alma Scots,Josh Elliott,offense,20,35,37,2025-12-20,WWW@AC
UW-Whitewater,Luke Bara,defense,30,40,7,2025-12-20,WWW@AC
UW-Whitewater,Luke Bara,defense,35,25,19,2025-12-20,WWW@AC
Alma Scots,Raine Rodich,offense,30,15,28,2025-12-20,WWW@AC
Alma Scots,Logan St. Martin,offense,20,0,3,2025-12-20,WWW@AC
Alma Scots,Logan St. Martin,offense,15,0,1,2025-12-20,WWW@AC
UW-Whitewater,Richie Warren,defense,35,5,19,2025-12-20,WWW@AC
UW-Whitewater,Richie Warren,defense,5,5,1,2025-12-20,WWW@AC
UW-Whitewater,Richie Warren,defense,10,5,8,2025-12-20,WWW@AC
UW-Whitewater,Richie Warren,defense,15,0,16,2025-12-20,WWW@AC
UW-Whitewater,Joey Berezowitz,defense,5,20,8,2025-12-20,WWW@AC
Alma Scots,Josh Elliott,offense,30,25,47,2025-12-20,WWW@AC
Alma Scots,Josh Elliott,offense,25,35,17,2025-12-20,WWW@AC
Alma Scots,Donovan Collins,offense,5,0,2,2025-12-20,WWW@AC
Alma Scots,Donovan Collins,offense,0,0,2,2025-12-20,WWW@AC
Alma Scots,Donovan Collins,offense,5,5,23,2025-12-20,WWW@AC
Alma Scots,Donovan Collins,offense,15,10,58,2025-12-20,WWW@AC
UW-Whitewater,Joey Berezowitz,defense,25,15,80,2025-12-20,WWW@AC
UW-Whitewater,Joey Berezowitz,defense,20,15,24,2025-12-20,WWW@AC
UW-Whitewater,Joey Berezowitz,defense,15,5,29,2025-12-20,WWW@AC
UW-Whitewater,Joey Berezowitz,defense,10,5,18,2025-12-20,WWW@AC
UW-Whitewater,Joey Berezowitz,defense,15,15,39,2025-12-20,WWW@AC
UW-Whitewater,Joey Berezowitz,defense,20,25,48,2025-12-20,WWW@AC
UW-Whitewater,Joey Berezowitz,defense,25,25,50,2025-12-20,WWW@AC
UW-Whitewater,Joey Berezowitz,defense,25,30,11,2025-12-20,WWW@AC
UW-Whitewater,Joey Berezowitz,defense,20,30,23,2025-12-20,WWW@AC
UW-Whitewater,Joey Berezowitz,defense,5,25,2,2025-12-20,WWW@AC
UW-Whitewater,Richie Warren,defense,10,0,10,2025-12-20,WWW@AC
Alma Scots,Raine Rodich,offense,10,45,6,2025-12-20,WWW@AC
Alma Scots,TEAM,offense,10,45,35,2025-12-20,WWW@AC
Alma Scots,Joss Bradley,defense,35,35,10,2025-12-20,WWW@AC
Alma Scots,Joss Bradley,defense,40,30,2,2025-12-20,WWW@AC
Alma Scots,Joss Bradley,defense,40,25,7,2025-12-20,WWW@AC
Alma Scots,Joss Bradley,defense,40,20,10,2025-12-20,WWW@AC
Alma Scots,Joss Bradley,defense,40,15,17,2025-12-20,WWW@AC
Alma Scots,Joss Bradley,defense,40,10,10,2025-12-20,WWW@AC
Alma Scots,Joss Bradley,defense,40,5,4,2025-12-20,WWW@AC
Alma Scots,Joss Bradley,defense,35,5,33,2025-12-20,WWW@AC
Alma Scots,Joss Bradley,defense,35,10,71,2025-12-20,WWW@AC
Alma Scots,Joss Bradley,defense,35,15,24,2025-12-20,WWW@AC
Alma Scots,Joss Bradley,defense,30,10,74,2025-12-20,WWW@AC
Alma Scots,Joss Bradley,defense,30,15,124,2025-12-20,WWW@AC
Alma Scots,Joss Bradley,defense,25,15,52,2025-12-20,WWW@AC
Alma Scots,Joss Bradley,defense,25,5,52,2025-12-20,WWW@AC
Alma Scots,Joss Bradley,defense,45,10,8,2025-12-20,WWW@AC
Alma Scots,Elijah Sykes,defense,5,20,10,2025-12-20,WWW@AC
Alma Scots,Elijah Sykes,defense,5,15,17,2025-12-20,WWW@AC
Alma Scots,Logan St. Martin,defense,25,45,3,2025-12-20,WWW@AC
Alma Scots,Logan St. Martin,defense,30,35,5,2025-12-20,WWW@AC
Alma Scots,Logan St. Martin,defense,35,35,12,2025-12-20,WWW@AC
Alma Scots,Logan St. Martin,defense,35,30,24,2025-12-20,WWW@AC
Alma Scots,Logan St. Martin,defense,35,25,19,2025-12-20,WWW@AC
UW-Whitewater,Collin Madson,offense,20,35,16,2025-12-20,WWW@AC
Alma Scots,Korbin Heitzman,defense,20,25,40,2025-12-20,WWW@AC
Alma Scots,Josh Elliott,defense,5,45,1,2025-12-20,WWW@AC
Alma Scots,Josh Elliott,defense,5,30,3,2025-12-20,WWW@AC
Alma Scots,Josh Elliott,defense,15,30,2,2025-12-20,WWW@AC
Alma Scots,Josh Elliott,defense,5,5,22,2025-12-20,WWW@AC
UW-Whitewater,Joey Berezowitz,offense,25,40,6,2025-12-20,WWW@AC
UW-Whitewater,Joey Berezowitz,offense,5,40,5,2025-12-20,WWW@AC
UW-Whitewater,Joey Berezowitz,offense,5,35,6,2025-12-20,WWW@AC
UW-Whitewater,Joey Berezowitz,offense,5,30,10,2025-12-20,WWW@AC
UW-Whitewater,Joey Berezowitz,offense,5,25,32,2025-12-20,WWW@AC
UW-Whitewater,Joey Berezowitz,offense,0,25,9,2025-12-20,WWW@AC
UW-Whitewater,Joey Berezowitz,offense,0,20,31,2025-12-20,WWW@AC
UW-Whitewater,Joey Berezowitz,offense,5,20,36,2025-12-20,WWW@AC
UW-Whitewater,Joey Berezowitz,offense,10,15,37,2025-12-20,WWW@AC
UW-Whitewater,Joey Berezowitz,offense,10,10,21,2025-12-20,WWW@AC
UW-Whitewater,Joey Berezowitz,offense,15,5,10,2025-12-20,WWW@AC
UW-Whitewater,Joey Berezowitz,offense,10,5,16,2025-12-20,WWW@AC
UW-Whitewater,Joey Berezowitz,offense,0,5,27,2025-12-20,WWW@AC
UW-Whitewater,Joey Berezowitz,offense,5,0,13,2025-12-20,WWW@AC
UW-Whitewater,Joey Berezowitz,offense,0,10,44,2025-12-20,WWW@AC
UW-Whitewater,Joey Berezowitz,offense,0,15,27,2025-12-20,WWW@AC
UW-Whitewater,Joey Berezowitz,offense,5,10,12,2025-12-20,WWW@AC
UW-Whitewater,Joey Berezowitz,offense,5,5,11,2025-12-20,WWW@AC
UW-Whitewater,Brock Marino,offense,40,35,1,2025-12-20,WWW@AC
UW-Whitewater,Brock Marino,offense,45,30,1,2025-12-20,WWW@AC
UW-Whitewater,TEAM,offense,45,30,19,2025-12-20,WWW@AC
UW-Whitewater,Jake Quast,offense,5,10,5,2025-12-20,WWW@AC
UW-Whitewater,Jake Quast,offense,0,10,17,2025-12-20,WWW@AC
UW-Whitewater,Jake Quast,offense,0,5,28,2025-12-20,WWW@AC
UW-Whitewater,Jake Quast,offense,0,0,7,2025-12-20,WWW@AC
UW-Whitewater,TEAM,offense,0,0,51,2025-12-20,WWW@AC
UW-Whitewater,Brock Marino,offense,45,20,12,2025-12-20,WWW@AC
UW-Whitewater,Brock Marino,offense,35,25,10,2025-12-20,WWW@AC
UW-Whitewater,Brock Marino,offense,25,35,3,2025-12-20,WWW@AC
UW-Whitewater,Brock Marino,offense,25,45,2,2025-12-20,WWW@AC
UW-Whitewater,TEAM,offense,25,45,14,2025-12-20,WWW@AC
UW-Whitewater,Kelton McEwen,offense,35,35,2,2025-12-20,WWW@AC
UW-Whitewater,Kelton McEwen,offense,35,25,11,2025-12-20,WWW@AC
UW-Whitewater,Kelton McEwen,offense,35,20,12,2025-12-20,WWW@AC
UW-Whitewater,Kelton McEwen,offense,15,30,22,2025-12-20,WWW@AC
UW-Whitewater,Kelton McEwen,offense,20,25,18,2025-12-20,WWW@AC
UW-Whitewater,Kelton McEwen,offense,25,25,11,2025-12-20,WWW@AC
UW-Whitewater,Kelton McEwen,offense,25,30,9,2025-12-20,WWW@AC
UW-Whitewater,Kelton McEwen,offense,20,30,5,2025-12-20,WWW@AC
UW-Whitewater,Kelton McEwen,offense,30,30,5,2025-12-20,WWW@AC
UW-Whitewater,Kelton McEwen,offense,35,30,15,2025-12-20,WWW@AC
UW-Whitewater,Kelton McEwen,offense,30,20,15,2025-12-20,WWW@AC
UW-Whitewater,Kelton McEwen,offense,25,20,19,2025-12-20,WWW@AC
Alma Scots,Elijah Sykes,defense,35,35,9,2025-12-20,WWW@AC
Alma Scots,Elijah Sykes,defense,25,30,17,2025-12-20,WWW@AC
Alma Scots,Elijah Sykes,defense,20,30,33,2025-12-20,WWW@AC
Alma Scots,Elijah Sykes,defense,15,20,68,2025-12-20,WWW@AC
Alma Scots,Elijah Sykes,defense,20,20,89,2025-12-20,WWW@AC
Alma Scots,Elijah Sykes,defense,25,20,38,2025-12-20,WWW@AC
Alma Scots,Elijah Sykes,defense,20,15,38,2025-12-20,WWW@AC
Alma Scots,Elijah Sykes,defense,25,15,31,2025-12-20,WWW@AC
Alma Scots,Logan St. Martin,defense,5,5,8,2025-12-20,WWW@AC
UW-Whitewater,Jake Quast,offense,0,20,14,2025-12-20,WWW@AC
UW-Whitewater,Jake Quast,offense,5,20,38,2025-12-20,WWW@AC
UW-Whitewater,Jake Quast,offense,5,25,36,2025-12-20,WWW@AC
UW-Whitewater,Jake Quast,offense,10,25,16,2025-12-20,WWW@AC
UW-Whitewater,Jake Quast,offense,5,30,4,2025-12-20,WWW@AC
UW-Whitewater,Jake Quast,offense,10,30,11,2025-12-20,WWW@AC
UW-Whitewater,Jake Quast,offense,15,30,8,2025-12-20,WWW@AC
UW-Whitewater,Jake Quast,offense,20,25,22,2025-12-20,WWW@AC
UW-Whitewater,Jake Quast,offense,25,25,25,2025-12-20,WWW@AC
UW-Whitewater,Jake Quast,offense,25,30,20,2025-12-20,WWW@AC
UW-Whitewater,Jake Quast,offense,20,30,21,2025-12-20,WWW@AC
UW-Whitewater,Jake Quast,offense,20,35,18,2025-12-20,WWW@AC
UW-Whitewater,Jake Quast,offense,25,35,32,2025-12-20,WWW@AC
Alma Scots,Elijah Sykes,defense,5,25,1,2025-12-20,WWW@AC
Alma Scots,Elijah Sykes,defense,10,30,4,2025-12-20,WWW@AC
Alma Scots,Elijah Sykes,defense,15,30,17,2025-12-20,WWW@AC
Alma Scots,Elijah Sykes,defense,25,25,72,2025-12-20,WWW@AC
Alma Scots,Elijah Sykes,defense,20,25,77,2025-12-20,WWW@AC
Alma Scots,Elijah Sykes,defense,15,15,68,2025-12-20,WWW@AC
Alma Scots,Elijah Sykes,defense,10,15,38,2025-12-20,WWW@AC
Alma Scots,Elijah Sykes,defense,10,10,28,2025-12-20,WWW@AC
Alma Scots,Elijah Sykes,defense,5,10,18,2025-12-20,WWW@AC
UW-Whitewater,Collin Madson,offense,40,0,11,2025-12-20,WWW@AC
UW-Whitewater,Collin Madson,offense,35,10,16,2025-12-20,WWW@AC
UW-Whitewater,Collin Madson,offense,40,10,14,2025-12-20,WWW@AC
UW-Whitewater,Joey Berezowitz,offense,15,10,26,2025-12-20,WWW@AC
UW-Whitewater,Joey Berezowitz,offense,15,15,67,2025-12-20,WWW@AC
UW-Whitewater,Kelton McEwen,offense,10,15,18,2025-12-20,WWW@AC
UW-Whitewater,Kelton McEwen,offense,5,15,15,2025-12-20,WWW@AC
UW-Whitewater,Kelton McEwen,offense,0,20,5,2025-12-20,WWW@AC
UW-Whitewater,Kelton McEwen,offense,0,25,7,2025-12-20,WWW@AC
UW-Whitewater,Kelton McEwen,offense,0,30,3,2025-12-20,WWW@AC
UW-Whitewater,Kelton McEwen,offense,5,35,2,2025-12-20,WWW@AC
UW-Whitewater,Jake Quast,offense,5,15,13,2025-12-20,WWW@AC
UW-Whitewater,Jake Quast,offense,0,30,1,2025-12-20,WWW@AC
UW-Whitewater,Jake Quast,offense,5,35,2,2025-12-20,WWW@AC
UW-Whitewater,Joey Berezowitz,defense,20,40,10,2025-12-20,WWW@AC
UW-Whitewater,Joey Berezowitz,defense,20,35,10,2025-12-20,WWW@AC
UW-Whitewater,Jake Quast,defense,20,35,10,2025-12-20,WWW@AC
UW-Whitewater,Jake Quast,defense,15,35,1,2025-12-20,WWW@AC
UW-Whitewater,Jake Quast,defense,15,30,5,2025-12-20,WWW@AC
UW-Whitewater,Jake Quast,defense,15,25,5,2025-12-20,WWW@AC
UW-Whitewater,Jake Quast,defense,10,25,9,2025-12-20,WWW@AC
UW-Whitewater,Jake Quast,defense,10,20,13,2025-12-20,WWW@AC
UW-Whitewater,Jake Quast,defense,10,15,7,2025-12-20,WWW@AC
UW-Whitewater,Jake Quast,defense,5,15,3,2025-12-20,WWW@AC
Alma Scots,Elijah Sykes,offense,45,40,4,2025-12-20,WWW@AC
Alma Scots,Elijah Sykes,offense,45,30,1,2025-12-20,WWW@AC
Alma Scots,Elijah Sykes,offense,45,25,4,2025-12-20,WWW@AC
Alma Scots,Elijah Sykes,offense,45,20,19,2025-12-20,WWW@AC
Alma Scots,Elijah Sykes,offense,45,15,24,2025-12-20,WWW@AC
Alma Scots,Elijah Sykes,offense,40,15,7,2025-12-20,WWW@AC
Alma Scots,Elijah Sykes,offense,35,5,10,2025-12-20,WWW@AC
Alma Scots,Joss Bradley,offense,15,40,9,2025-12-20,WWW@AC
Alma Scots,Joss Bradley,offense,15,35,14,2025-12-20,WWW@AC
Alma Scots,Joss Bradley,offense,15,30,19,2025-12-20,WWW@AC
Alma Scots,Joss Bradley,offense,10,5,9,2025-12-20,WWW@AC
Alma Scots,Joss Bradley,offense,15,5,23,2025-12-20,WWW@AC
UW-Whitewater,Kelton McEwen,defense,10,35,1,2025-12-20,WWW@AC
UW-Whitewater,Brock Marino,defense,40,45,2,2025-12-20,WWW@AC
UW-Whitewater,TEAM,defense,40,45,13,2025-12-20,WWW@AC
UW-Whitewater,Brock Marino,defense,35,40,3,2025-12-20,WWW@AC
UW-Whitewater,Brock Marino,defense,35,35,3,2025-12-20,WWW@AC
UW-Whitewater,Kelton McEwen,defense,25,40,4,2025-12-20,WWW@AC
UW-Whitewater,Kelton McEwen,defense,25,35,6,2025-12-20,WWW@AC
UW-Whitewater,Kelton McEwen,defense,35,15,34,2025-12-20,WWW@AC
UW-Whitewater,Kelton McEwen,defense,15,10,28,2025-12-20,WWW@AC
UW-Whitewater,Collin Madson,defense,0,25,4,2025-12-20,WWW@AC
Alma Scots,Josh Elliott,defense,10,40,1,2025-12-20,WWW@AC
Alma Scots,Josh Elliott,defense,15,35,8,2025-12-20,WWW@AC
Alma Scots,Josh Elliott,defense,0,5,12,2025-12-20,WWW@AC
UW-Whitewater,Kelton McEwen,offense,40,40,2,2025-12-20,WWW@AC
UW-Whitewater,Kelton McEwen,offense,40,35,4,2025-12-20,WWW@AC
UW-Whitewater,Kelton McEwen,offense,30,35,9,2025-12-20,WWW@AC
UW-Whitewater,Kelton McEwen,offense,20,20,16,2025-12-20,WWW@AC
UW-Whitewater,Kelton McEwen,offense,20,15,17,2025-12-20,WWW@AC
UW-Whitewater,Kelton McEwen,offense,15,15,19,2025-12-20,WWW@AC
UW-Whitewater,Kelton McEwen,offense,15,10,12,2025-12-20,WWW@AC
UW-Whitewater,Kelton McEwen,offense,20,10,14,2025-12-20,WWW@AC
UW-Whitewater,Kelton McEwen,offense,20,5,14,2025-12-20,WWW@AC
UW-Whitewater,Kelton McEwen,offense,5,5,2,2025-12-20,WWW@AC
UW-Whitewater,Kelton McEwen,offense,30,15,6,2025-12-20,WWW@AC
UW-Whitewater,Kelton McEwen,offense,30,10,9,2025-12-20,WWW@AC
UW-Whitewater,Kelton McEwen,offense,25,15,11,2025-12-20,WWW@AC
UW-Whitewater,Kelton McEwen,offense,35,15,18,2025-12-20,WWW@AC
Alma Scots,Josh Elliott,defense,15,45,2,2025-12-20,WWW@AC
Alma Scots,Josh Elliott,defense,15,40,7,2025-12-20,WWW@AC
Alma Scots,TEAM,defense,15,40,73,2025-12-20,WWW@AC
Alma Scots,Josh Elliott,defense,20,40,8,2025-12-20,WWW@AC
Alma Scots,Joss Bradley,defense,10,30,13,2025-12-20,WWW@AC
Alma Scots,Joss Bradley,defense,10,20,43,2025-12-20,WWW@AC
Alma Scots,Joss Bradley,defense,5,15,16,2025-12-20,WWW@AC
Alma Scots,Joss Bradley,defense,5,10,16,2025-12-20,WWW@AC
Alma Scots,Joss Bradley,defense,15,0,12,2025-12-20,WWW@AC
Alma Scots,Joss Bradley,defense,20,0,24,2025-12-20,WWW@AC
Alma Scots,Joss Bradley,defense,20,5,70,2025-12-20,WWW@AC
Alma Scots,Joss Bradley,defense,25,0,7,2025-12-20,WWW@AC
Alma Scots,Joss Bradley,defense,20,15,35,2025-12-20,WWW@AC
Alma Scots,Joss Bradley,defense,20,10,54,2025-12-20,WWW@AC
Alma Scots,Korbin Heitzman,defense,40,45,1,2025-12-20,WWW@AC
Alma Scots,TEAM,defense,40,45,11,2025-12-20,WWW@AC
Alma Scots,Korbin Heitzman,defense,40,40,3,2025-12-20,WWW@AC
Alma Scots,Korbin Heitzman,defense,40,35,7,2025-12-20,WWW@AC
Alma Scots,Korbin Heitzman,defense,40,30,4,2025-12-20,WWW@AC
Alma Scots,Korbin Heitzman,defense,35,25,24,2025-12-20,WWW@AC
Alma Scots,Korbin Heitzman,defense,20,0,16,2025-12-20,WWW@AC
Alma Scots,Elijah Sykes,defense,35,40,9,2025-12-20,WWW@AC
Alma Scots,Elijah Sykes,defense,35,30,14,2025-12-20,WWW@AC
Alma Scots,Elijah Sykes,defense,35,10,43,2025-12-20,WWW@AC
Alma Scots,Elijah Sykes,defense,30,5,15,2025-12-20,WWW@AC
Alma Scots,Elijah Sykes,defense,20,5,39,2025-12-20,WWW@AC
Alma Scots,Elijah Sykes,defense,15,5,45,2025-12-20,WWW@AC
Alma Scots,Elijah Sykes,defense,15,0,9,2025-12-20,WWW@AC
Alma Scots,Elijah Sykes,defense,20,0,7,2025-12-20,WWW@AC
Alma Scots,Elijah Sykes,defense,20,10,48,2025-12-20,WWW@AC
Alma Scots,Elijah Sykes,defense,25,0,5,2025-12-20,WWW@AC
Alma Scots,Elijah Sykes,defense,25,5,43,2025-12-20,WWW@AC
Alma Scots,Elijah Sykes,defense,25,10,33,2025-12-20,WWW@AC
Alma Scots,Elijah Sykes,defense,15,10,64,2025-12-20,WWW@AC
UW-Whitewater,Jake Quast,offense,15,15,42,2025-12-20,WWW@AC
UW-Whitewater,Jake Quast,offense,20,5,26,2025-12-20,WWW@AC
UW-Whitewater,Jake Quast,offense,25,0,9,2025-12-20,WWW@AC
UW-Whitewater,Jake Quast,offense,10,0,4,2025-12-20,WWW@AC
UW-Whitewater,Jake Quast,offense,5,0,6,2025-12-20,WWW@AC
UW-Whitewater,Joey Berezowitz,offense,25,35,15,2025-12-20,WWW@AC
UW-Whitewater,Joey Berezowitz,offense,20,20,25,2025-12-20,WWW@AC
UW-Whitewater,Brock Marino,offense,10,5,2,2025-12-20,WWW@AC
UW-Whitewater,Brock Marino,offense,5,5,3,2025-12-20,WWW@AC
UW-Whitewater,Brock Marino,offense,0,0,10,2025-12-20,WWW@AC
UW-Whitewater,Collin Madson,offense,40,15,24,2025-12-20,WWW@AC
UW-Whitewater,Joey Berezowitz,offense,30,40,11,2025-12-20,WWW@AC
UW-Whitewater,Joey Berezowitz,offense,30,35,18,2025-12-20,WWW@AC
UW-Whitewater,Joey Berezowitz,offense,30,30,27,2025-12-20,WWW@AC
UW-Whitewater,Joey Berezowitz,offense,25,30,23,2025-12-20,WWW@AC
UW-Whitewater,Joey Berezowitz,offense,25,20,37,2025-12-20,WWW@AC
UW-Whitewater,Joey Berezowitz,offense,10,20,10,2025-12-20,WWW@AC
Alma Scots,Josh Elliott,defense,0,40,3,2025-12-20,WWW@AC
Alma Scots,TEAM,defense,0,40,6,2025-12-20,WWW@AC
UW-Whitewater,Jake Quast,offense,25,15,37,2025-12-20,WWW@AC
UW-Whitewater,Jake Quast,offense,15,10,23,2025-12-20,WWW@AC
UW-Whitewater,Jake Quast,offense,10,10,11,2025-12-20,WWW@AC
UW-Whitewater,Jake Quast,offense,10,15,21,2025-12-20,WWW@AC
UW-Whitewater,Jake Quast,offense,20,15,21,2025-12-20,WWW@AC
UW-Whitewater,Jake Quast,offense,25,20,11,2025-12-20,WWW@AC
UW-Whitewater,Jake Quast,offense,30,20,12,2025-12-20,WWW@AC
Alma Scots,Josh Elliott,defense,0,0,2,2025-12-20,WWW@AC
UW-Whitewater,Jake Quast,offense,20,20,19,2025-12-20,WWW@AC
UW-Whitewater,Jake Quast,offense,15,20,9,2025-12-20,WWW@AC
UW-Whitewater,Jake Quast,offense,20,0,11,2025-12-20,WWW@AC
UW-Whitewater,Jake Quast,offense,35,0,12,2025-12-20,WWW@AC
UW-Whitewater,Jake Quast,offense,40,0,1,2025-12-20,WWW@AC
UW-Whitewater,Joey Berezowitz,offense,20,15,40,2025-12-20,WWW@AC
UW-Whitewater,Joey Berezowitz,offense,45,15,10,2025-12-20,WWW@AC
Alma Scots,Josh Elliott,defense,35,5,92,2025-12-20,WWW@AC
Alma Scots,Korbin Heitzman,defense,0,20,4,2025-12-20,WWW@AC
Alma Scots,TEAM,defense,0,20,11,2025-12-20,WWW@AC
Alma Scots,Joss Bradley,defense,25,10,69,2025-12-20,WWW@AC
Alma Scots,Joss Bradley,defense,30,5,27,2025-12-20,WWW@AC
Alma Scots,Joss Bradley,defense,30,20,43,2025-12-20,WWW@AC
Alma Scots,Elijah Sykes,defense,30,10,49,2025-12-20,WWW@AC
Alma Scots,Elijah Sykes,defense,0,5,6,2025-12-20,WWW@AC
Alma Scots,Elijah Sykes,defense,0,10,3,2025-12-20,WWW@AC
Alma Scots,Elijah Sykes,defense,0,15,1,2025-12-20,WWW@AC
Alma Scots,TEAM,defense,0,15,22,2025-12-20,WWW@AC
Alma Scots,Elijah Sykes,defense,10,20,26,2025-12-20,WWW@AC
UW-Whitewater,Kelton McEwen,offense,40,5,4,2025-12-20,WWW@AC
UW-Whitewater,Kelton McEwen,offense,40,15,37,2025-12-20,WWW@AC
UW-Whitewater,Kelton McEwen,offense,40,20,38,2025-12-20,WWW@AC
UW-Whitewater,Kelton McEwen,offense,45,20,8,2025-12-20,WWW@AC
UW-Whitewater,Kelton McEwen,offense,45,10,19,2025-12-20,WWW@AC
UW-Whitewater,Jake Quast,offense,25,40,9,2025-12-20,WWW@AC
UW-Whitewater,Jake Quast,offense,20,40,10,2025-12-20,WWW@AC
UW-Whitewater,Brock Marino,offense,25,0,9,2025-12-20,WWW@AC
UW-Whitewater,Joey Berezowitz,defense,5,45,1,2025-12-20,WWW@AC
UW-Whitewater,Joey Berezowitz,defense,5,40,1,2025-12-20,WWW@AC
UW-Whitewater,TEAM,defense,5,40,22,2025-12-20,WWW@AC
UW-Whitewater,Joey Berezowitz,defense,5,35,2,2025-12-20,WWW@AC
UW-Whitewater,Joey Berezowitz,defense,10,30,9,2025-12-20,WWW@AC
UW-Whitewater,Joey Berezowitz,defense,20,5,39,2025-12-20,WWW@AC
UW-Whitewater,Joey Berezowitz,defense,25,5,36,2025-12-20,WWW@AC
UW-Whitewater,Joey Berezowitz,defense,30,5,24,2025-12-20,WWW@AC
UW-Whitewater,Joey Berezowitz,defense,35,10,35,2025-12-20,WWW@AC
UW-Whitewater,Joey Berezowitz,defense,10,25,19,2025-12-20,WWW@AC
UW-Whitewater,Joey Berezowitz,defense,10,35,5,2025-12-20,WWW@AC
Alma Scots,Elijah Sykes,offense,15,40,7,2025-12-20,WWW@AC
Alma Scots,Elijah Sykes,offense,15,35,6,2025-12-20,WWW@AC
Alma Scots,Elijah Sykes,offense,15,25,18,2025-12-20,WWW@AC
Alma Scots,Elijah Sykes,offense,20,25,25,2025-12-20,WWW@AC
Alma Scots,Elijah Sykes,offense,20,20,61,2025-12-20,WWW@AC
Alma Scots,Elijah Sykes,offense,25,20,58,2025-12-20,WWW@AC
Alma Scots,Elijah Sykes,offense,25,15,68,2025-12-20,WWW@AC
Alma Scots,Elijah Sykes,offense,20,15,17,2025-12-20,WWW@AC
Alma Scots,Elijah Sykes,offense,15,15,15,2025-12-20,WWW@AC
Alma Scots,Elijah Sykes,offense,15,20,38,2025-12-20,WWW@AC
Alma Scots,Elijah Sykes,offense,10,25,20,2025-12-20,WWW@AC
Alma Scots,Elijah Sykes,offense,15,30,10,2025-12-20,WWW@AC
Alma Scots,Elijah Sykes,offense,20,30,29,2025-12-20,WWW@AC
Alma Scots,Elijah Sykes,offense,25,30,35,2025-12-20,WWW@AC
Alma Scots,Elijah Sykes,offense,15,10,6,2025-12-20,WWW@AC
Alma Scots,Elijah Sykes,offense,15,5,8,2025-12-20,WWW@AC
Alma Scots,Elijah Sykes,offense,10,10,8,2025-12-20,WWW@AC
Alma Scots,Elijah Sykes,offense,10,15,15,2025-12-20,WWW@AC
Alma Scots,Elijah Sykes,offense,10,20,10,2025-12-20,WWW@AC
Alma Scots,Joss Bradley,offense,20,45,9,2025-12-20,WWW@AC
Alma Scots,Joss Bradley,offense,25,35,35,2025-12-20,WWW@AC
Alma Scots,Joss Bradley,offense,20,30,25,2025-12-20,WWW@AC
Alma Scots,Joss Bradley,offense,25,30,57,2025-12-20,WWW@AC
Alma Scots,Joss Bradley,offense,20,25,38,2025-12-20,WWW@AC
Alma Scots,Joss Bradley,offense,25,25,45,2025-12-20,WWW@AC
Alma Scots,Joss Bradley,offense,20,20,46,2025-12-20,WWW@AC
Alma Scots,Joss Bradley,offense,25,20,33,2025-12-20,WWW@AC
Alma Scots,Joss Bradley,offense,20,10,35,2025-12-20,WWW@AC
Alma Scots,Joss Bradley,offense,20,5,23,2025-12-20,WWW@AC
Alma Scots,Joss Bradley,offense,15,0,10,2025-12-20,WWW@AC
Alma Scots,Joss Bradley,offense,20,0,7,2025-12-20,WWW@AC
Alma Scots,Joss Bradley,offense,10,0,1,2025-12-20,WWW@AC
Alma Scots,Joss Bradley,offense,15,10,78,2025-12-20,WWW@AC
UW-Whitewater,Kelton McEwen,defense,25,45,1,2025-12-20,WWW@AC
UW-Whitewater,Kelton McEwen,defense,25,30,7,2025-12-20,WWW@AC
UW-Whitewater,Kelton McEwen,defense,30,25,5,2025-12-20,WWW@AC
UW-Whitewater,Kelton McEwen,defense,35,25,4,2025-12-20,WWW@AC
UW-Whitewater,Kelton McEwen,defense,35,20,23,2025-12-20,WWW@AC
UW-Whitewater,Kelton McEwen,defense,30,10,14,2025-12-20,WWW@AC
UW-Whitewater,Kelton McEwen,defense,35,10,16,2025-12-20,WWW@AC
UW-Whitewater,Kelton McEwen,defense,30,15,8,2025-12-20,WWW@AC
UW-Whitewater,Kelton McEwen,defense,30,20,5,2025-12-20,WWW@AC
UW-Whitewater,Kelton McEwen,defense,25,10,24,2025-12-20,WWW@AC
Alma Scots,Josh Elliott,offense,15,35,16,2025-12-20,WWW@AC
Alma Scots,Korbin Heitzman,offense,40,35,10,2025-12-20,WWW@AC
Alma Scots,Korbin Heitzman,offense,30,5,58,2025-12-20,WWW@AC
UW-Whitewater,Jake Quast,defense,5,10,31,2025-12-20,WWW@AC
UW-Whitewater,Jake Quast,defense,15,15,21,2025-12-20,WWW@AC
UW-Whitewater,Jake Quast,defense,5,25,13,2025-12-20,WWW@AC
UW-Whitewater,Jake Quast,defense,20,25,21,2025-12-20,WWW@AC
UW-Whitewater,Jake Quast,defense,25,25,10,2025-12-20,WWW@AC
UW-Whitewater,Jake Quast,defense,25,15,28,2025-12-20,WWW@AC
UW-Whitewater,Jake Quast,defense,30,10,54,2025-12-20,WWW@AC
UW-Whitewater,Jake Quast,defense,30,5,42,2025-12-20,WWW@AC
UW-Whitewater,Jake Quast,defense,35,5,26,2025-12-20,WWW@AC
UW-Whitewater,Jake Quast,defense,35,10,34,2025-12-20,WWW@AC
UW-Whitewater,Jake Quast,defense,25,5,15,2025-12-20,WWW@AC
UW-Whitewater,Jake Quast,defense,20,5,23,2025-12-20,WWW@AC
UW-Whitewater,Jake Quast,defense,25,0,6,2025-12-20,WWW@AC
UW-Whitewater,Jake Quast,defense,30,0,7,2025-12-20,WWW@AC
Alma Scots,Logan St. Martin,offense,10,30,19,2025-12-20,WWW@AC
Alma Scots,Josh Elliott,offense,30,0,6,2025-12-20,WWW@AC
Alma Scots,Josh Elliott,offense,35,0,5,2025-12-20,WWW@AC
Alma Scots,Josh Elliott,offense,40,0,17,2025-12-20,WWW@AC
Alma Scots,Josh Elliott,offense,25,40,21,2025-12-20,WWW@AC
UW-Whitewater,Brock Marino,defense,35,5,38,2025-12-20,WWW@AC
UW-Whitewater,Collin Madson,defense,0,15,10,2025-12-20,WWW@AC
UW-Whitewater,Kelton McEwen,defense,15,40,1,2025-12-20,WWW@AC
UW-Whitewater,Kelton McEwen,defense,20,45,2,2025-12-20,WWW@AC
UW-Whitewater,Joey Berezowitz,offense,15,35,4,2025-12-20,WWW@AC
UW-Whitewater,Joey Berezowitz,offense,20,30,20,2025-12-20,WWW@AC
Alma Scots,Josh Elliott,defense,30,45,3,2025-12-20,WWW@AC
Alma Scots,TEAM,defense,30,45,39,2025-12-20,WWW@AC
UW-Whitewater,Collin Madson,offense,5,45,1,2025-12-20,WWW@AC
UW-Whitewater,TEAM,offense,5,45,12,2025-12-20,WWW@AC
UW-Whitewater,Collin Madson,offense,5,35,4,2025-12-20,WWW@AC
UW-Whitewater,Collin Madson,offense,0,35,2,2025-12-20,WWW@AC
UW-Whitewater,Collin Madson,offense,0,30,7,2025-12-20,WWW@AC
Alma Scots,Elijah Sykes,defense,20,45,1,2025-12-20,WWW@AC
Alma Scots,TEAM,defense,20,45,27,2025-12-20,WWW@AC
Alma Scots,Elijah Sykes,defense,20,40,2,2025-12-20,WWW@AC
Alma Scots,Elijah Sykes,defense,20,35,9,2025-12-20,WWW@AC
Alma Scots,Elijah Sykes,defense,35,20,17,2025-12-20,WWW@AC
Alma Scots,Elijah Sykes,defense,35,15,50,2025-12-20,WWW@AC
Alma Scots,Elijah Sykes,defense,35,5,9,2025-12-20,WWW@AC
Alma Scots,Elijah Sykes,defense,40,10,25,2025-12-20,WWW@AC
Alma Scots,Joss Bradley,defense,15,40,3,2025-12-20,WWW@AC
Alma Scots,Joss Bradley,defense,25,25,58,2025-12-20,WWW@AC
Alma Scots,Joss Bradley,defense,20,20,50,2025-12-20,WWW@AC
Alma Scots,Joss Bradley,defense,25,20,46,2025-12-20,WWW@AC
Alma Scots,Joss Bradley,defense,20,25,25,2025-12-20,WWW@AC
Alma Scots,Joss Bradley,defense,20,30,7,2025-12-20,WWW@AC
Alma Scots,Logan St. Martin,defense,25,40,5,2025-12-20,WWW@AC
Alma Scots,Logan St. Martin,defense,25,30,13,2025-12-20,WWW@AC
Alma Scots,Logan St. Martin,defense,40,20,34,2025-12-20,WWW@AC
UW-Whitewater,Jake Quast,offense,0,25,6,2025-12-20,WWW@AC
UW-Whitewater,Jake Quast,offense,30,15,11,2025-12-20,WWW@AC
UW-Whitewater,Jake Quast,offense,30,10,22,2025-12-20,WWW@AC
UW-Whitewater,Jake Quast,offense,35,5,17,2025-12-20,WWW@AC
UW-Whitewater,Brock Marino,offense,0,5,45,2025-12-20,WWW@AC
UW-Whitewater,Kelton McEwen,offense,40,10,12,2025-12-20,WWW@AC
UW-Whitewater,Kelton McEwen,offense,45,5,33,2025-12-20,WWW@AC
UW-Whitewater,Kelton McEwen,offense,25,10,19,2025-12-20,WWW@AC
UW-Whitewater,Brock Marino,offense,0,10,42,2025-12-20,WWW@AC
UW-Whitewater,Collin Madson,offense,40,20,38,2025-12-20,WWW@AC
UW-Whitewater,Jake Quast,offense,30,0,2,2025-12-20,WWW@AC
UW-Whitewater,Jake Quast,offense,40,15,12,2025-12-20,WWW@AC
UW-Whitewater,Jake Quast,offense,35,15,7,2025-12-20,WWW@AC
UW-Whitewater,Jake Quast,offense,25,10,27,2025-12-20,WWW@AC
UW-Whitewater,Jake Quast,offense,20,10,30,2025-12-20,WWW@AC
UW-Whitewater,Jake Quast,offense,10,20,13,2025-12-20,WWW@AC
UW-Whitewater,Kelton McEwen,offense,30,5,7,2025-12-20,WWW@AC
UW-Whitewater,Kelton McEwen,offense,35,5,3,2025-12-20,WWW@AC
UW-Whitewater,Kelton McEwen,offense,25,5,17,2025-12-20,WWW@AC
UW-Whitewater,Kelton McEwen,offense,20,0,3,2025-12-20,WWW@AC
UW-Whitewater,Kelton McEwen,offense,15,5,12,2025-12-20,WWW@AC
UW-Whitewater,Joey Berezowitz,offense,10,30,15,2025-12-20,WWW@AC
UW-Whitewater,Joey Berezowitz,offense,15,30,26,2025-12-20,WWW@AC
UW-Whitewater,Joey Berezowitz,offense,10,25,25,2025-12-20,WWW@AC
Alma Scots,Joss Bradley,offense,25,40,17,2025-12-20,WWW@AC
Alma Scots,Joss Bradley,offense,30,30,28,2025-12-20,WWW@AC
Alma Scots,Joss Bradley,offense,15,20,19,2025-12-20,WWW@AC
Alma Scots,Joss Bradley,offense,15,15,23,2025-12-20,WWW@AC
Alma Scots,Joss Bradley,offense,20,15,38,2025-12-20,WWW@AC
Alma Scots,Joss Bradley,offense,25,10,26,2025-12-20,WWW@AC
Alma Scots,Joss Bradley,offense,25,15,39,2025-12-20,WWW@AC
UW-Whitewater,Kelton McEwen,defense,30,30,2,2025-12-20,WWW@AC
UW-Whitewater,Kelton McEwen,defense,25,25,10,2025-12-20,WWW@AC
UW-Whitewater,Kelton McEwen,defense,25,20,24,2025-12-20,WWW@AC
UW-Whitewater,Kelton McEwen,defense,25,15,16,2025-12-20,WWW@AC
UW-Whitewater,Kelton McEwen,defense,20,15,24,2025-12-20,WWW@AC
UW-Whitewater,Kelton McEwen,defense,15,15,14,2025-12-20,WWW@AC
UW-Whitewater,Kelton McEwen,defense,20,10,15,2025-12-20,WWW@AC
UW-Whitewater,Kelton McEwen,defense,20,5,14,2025-12-20,WWW@AC
UW-Whitewater,Kelton McEwen,defense,30,5,14,2025-12-20,WWW@AC
Alma Scots,Elijah Sykes,offense,0,30,6,2025-12-20,WWW@AC
Alma Scots,TEAM,offense,0,30,26,2025-12-20,WWW@AC
Alma Scots,Elijah Sykes,offense,25,40,18,2025-12-20,WWW@AC
Alma Scots,Elijah Sykes,offense,25,35,14,2025-12-20,WWW@AC
Alma Scots,Elijah Sykes,offense,30,30,33,2025-12-20,WWW@AC
Alma Scots,Elijah Sykes,offense,30,25,31,2025-12-20,WWW@AC
Alma Scots,Elijah Sykes,offense,30,20,38,2025-12-20,WWW@AC
Alma Scots,Elijah Sykes,offense,35,20,29,2025-12-20,WWW@AC
Alma Scots,Elijah Sykes,offense,25,25,65,2025-12-20,WWW@AC
UW-Whitewater,Jake Quast,defense,35,40,11,2025-12-20,WWW@AC
UW-Whitewater,Jake Quast,defense,35,35,6,2025-12-20,WWW@AC
UW-Whitewater,Jake Quast,defense,35,30,3,2025-12-20,WWW@AC
UW-Whitewater,Jake Quast,defense,35,25,14,2025-12-20,WWW@AC
UW-Whitewater,Jake Quast,defense,35,20,17,2025-12-20,WWW@AC
UW-Whitewater,Jake Quast,defense,35,15,24,2025-12-20,WWW@AC
UW-Whitewater,Jake Quast,defense,30,15,18,2025-12-20,WWW@AC
UW-Whitewater,Jake Quast,defense,40,5,9,2025-12-20,WWW@AC
UW-Whitewater,Collin Madson,defense,20,45,7,2025-12-20,WWW@AC
UW-Whitewater,Brock Marino,defense,15,40,1,2025-12-20,WWW@AC
Alma Scots,Josh Elliott,offense,35,40,6,2025-12-20,WWW@AC
Alma Scots,Josh Elliott,offense,10,45,5,2025-12-20,WWW@AC
UW-Whitewater,Joey Berezowitz,defense,30,20,24,2025-12-20,WWW@AC
UW-Whitewater,Joey Berezowitz,defense,30,10,64,2025-12-20,WWW@AC
UW-Whitewater,Joey Berezowitz,defense,40,10,12,2025-12-20,WWW@AC
UW-Whitewater,Collin Madson,defense,40,25,21,2025-12-20,WWW@AC
UW-Whitewater,Collin Madson,defense,40,20,22,2025-12-20,WWW@AC
UW-Whitewater,Collin Madson,defense,35,25,25,2025-12-20,WWW@AC
UW-Whitewater,Brock Marino,defense,40,5,9,2025-12-20,WWW@AC
UW-Whitewater,Brock Marino,defense,45,5,3,2025-12-20,WWW@AC
UW-Whitewater,TEAM,defense,45,5,28,2025-12-20,WWW@AC
UW-Whitewater,Brock Marino,defense,40,10,14,2025-12-20,WWW@AC
Alma Scots,Korbin Heitzman,offense,30,45,6,2025-12-20,WWW@AC
UW-Whitewater,Jake Quast,defense,25,20,14,2025-12-20,WWW@AC
UW-Whitewater,Jake Quast,defense,30,20,36,2025-12-20,WWW@AC
UW-Whitewater,Jake Quast,defense,20,20,34,2025-12-20,WWW@AC
UW-Whitewater,Jake Quast,defense,15,20,11,2025-12-20,WWW@AC
UW-Whitewater,Jake Quast,defense,5,30,2,2025-12-20,WWW@AC
UW-Whitewater,Jake Quast,defense,0,35,6,2025-12-20,WWW@AC
UW-Whitewater,TEAM,defense,0,35,6,2025-12-20,WWW@AC
UW-Whitewater,Jake Quast,defense,0,40,4,2025-12-20,WWW@AC
UW-Whitewater,TEAM,defense,0,40,7,2025-12-20,WWW@AC
Alma Scots,Logan St. Martin,offense,5,40,5,2025-12-20,WWW@AC
Alma Scots,Logan St. Martin,offense,5,45,2,2025-12-20,WWW@AC
Alma Scots,TEAM,offense,5,45,15,2025-12-20,WWW@AC
Alma Scots,Elijah Sykes,offense,5,20,32,2025-12-20,WWW@AC
Alma Scots,Elijah Sykes,offense,5,15,37,2025-12-20,WWW@AC
Alma Scots,Elijah Sykes,offense,0,15,29,2025-12-20,WWW@AC
Alma Scots,Elijah Sykes,offense,5,25,25,2025-12-20,WWW@AC
Alma Scots,Elijah Sykes,offense,5,30,6,2025-12-20,WWW@AC
UW-Whitewater,Kelton McEwen,defense,15,25,4,2025-12-20,WWW@AC
UW-Whitewater,Kelton McEwen,defense,20,25,6,2025-12-20,WWW@AC
UW-Whitewater,Kelton McEwen,defense,20,30,8,2025-12-20,WWW@AC
Alma Scots,Joss Bradley,offense,45,5,36,2025-12-20,WWW@AC
Alma Scots,Joss Bradley,offense,45,10,30,2025-12-20,WWW@AC
Alma Scots,Joss Bradley,offense,40,10,20,2025-12-20,WWW@AC
Alma Scots,Joss Bradley,offense,40,15,32,2025-12-20,WWW@AC
Alma Scots,Joss Bradley,offense,35,15,34,2025-12-20,WWW@AC
Alma Scots,Joss Bradley,offense,35,20,19,2025-12-20,WWW@AC
Alma Scots,Joss Bradley,offense,35,25,25,2025-12-20,WWW@AC
Alma Scots,Joss Bradley,offense,30,25,27,2025-12-20,WWW@AC
Alma Scots,Joss Bradley,offense,30,35,12,2025-12-20,WWW@AC
UW-Whitewater,Kelton McEwen,defense,15,20,5,2025-12-20,WWW@AC
UW-Whitewater,Kelton McEwen,defense,20,20,16,2025-12-20,WWW@AC
UW-Whitewater,Kelton McEwen,defense,20,35,6,2025-12-20,WWW@AC
Alma Scots,Josh Elliott,defense,45,10,3,2025-12-20,WWW@AC
Alma Scots,Luciano Guerrazzi,defense,15,20,32,2025-12-20,WWW@AC
Alma Scots,Luciano Guerrazzi,defense,15,15,101,2025-12-20,WWW@AC
Alma Scots,Luciano Guerrazzi,defense,10,15,14,2025-12-20,WWW@AC
Alma Scots,Luciano Guerrazzi,defense,10,10,20,2025-12-20,WWW@AC
Alma Scots,Luciano Guerrazzi,defense,15,10,47,2025-12-20,WWW@AC
Alma Scots,Luciano Guerrazzi,defense,10,5,36,2025-12-20,WWW@AC
Alma Scots,Luciano Guerrazzi,defense,15,5,46,2025-12-20,WWW@AC
Alma Scots,Luciano Guerrazzi,defense,20,5,46,2025-12-20,WWW@AC
Alma Scots,Luciano Guerrazzi,defense,25,10,44,2025-12-20,WWW@AC
Alma Scots,Luciano Guerrazzi,defense,20,15,49,2025-12-20,WWW@AC
Alma Scots,Luciano Guerrazzi,defense,20,20,42,2025-12-20,WWW@AC
Alma Scots,Luciano Guerrazzi,defense,20,10,46,2025-12-20,WWW@AC
Alma Scots,Korbin Heitzman,defense,35,20,20,2025-12-20,WWW@AC
Alma Scots,Korbin Heitzman,defense,35,10,45,2025-12-20,WWW@AC
Alma Scots,Korbin Heitzman,defense,40,10,23,2025-12-20,WWW@AC
Alma Scots,Korbin Heitzman,defense,40,5,26,2025-12-20,WWW@AC
UW-Whitewater,Kelton McEwen,offense,45,15,7,2025-12-20,WWW@AC
Alma Scots,Elijah Sykes,defense,30,25,18,2025-12-20,WWW@AC
Alma Scots,Elijah Sykes,defense,30,20,17,2025-12-20,WWW@AC
Alma Scots,Elijah Sykes,defense,30,15,29,2025-12-20,WWW@AC
Alma Scots,Joss Bradley,defense,5,20,3,2025-12-20,WWW@AC
Alma Scots,Joss Bradley,defense,0,15,2,2025-12-20,WWW@AC
Alma Scots,Joss Bradley,defense,0,10,8,2025-12-20,WWW@AC
UW-Whitewater,Joey Berezowitz,offense,0,0,4,2025-12-20,WWW@AC
UW-Whitewater,Jake Quast,offense,35,40,3,2025-12-20,WWW@AC
UW-Whitewater,Jake Quast,offense,35,35,3,2025-12-20,WWW@AC
UW-Whitewater,Jake Quast,offense,35,30,14,2025-12-20,WWW@AC
UW-Whitewater,Jake Quast,offense,35,20,9,2025-12-20,WWW@AC
UW-Whitewater,Jake Quast,offense,35,10,18,2025-12-20,WWW@AC
UW-Whitewater,Jake Quast,offense,45,20,7,2025-12-20,WWW@AC
UW-Whitewater,Jake Quast,offense,40,20,10,2025-12-20,WWW@AC
UW-Whitewater,Jake Quast,offense,40,25,18,2025-12-20,WWW@AC
UW-Whitewater,Jake Quast,offense,35,25,14,2025-12-20,WWW@AC
UW-Whitewater,Jake Quast,offense,30,5,15,2025-12-20,WWW@AC
UW-Whitewater,Jake Quast,offense,25,5,26,2025-12-20,WWW@AC
UW-Whitewater,Joey Berezowitz,offense,15,25,16,2025-12-20,WWW@AC
UW-Whitewater,Joey Berezowitz,offense,15,20,20,2025-12-20,WWW@AC
Alma Scots,Joss Bradley,defense,45,15,2,2025-12-20,WWW@AC
UW-Whitewater,Kelton McEwen,offense,0,5,43,2025-12-20,WWW@AC
UW-Whitewater,Kelton McEwen,offense,0,0,14,2025-12-20,WWW@AC
UW-Whitewater,Kelton McEwen,defense,30,35,3,2025-12-20,WWW@AC
UW-Whitewater,Kelton McEwen,defense,35,35,2,2025-12-20,WWW@AC
UW-Whitewater,Joey Berezowitz,defense,25,45,2,2025-12-20,WWW@AC
UW-Whitewater,Joey Berezowitz,defense,30,45,4,2025-12-20,WWW@AC
UW-Whitewater,Joey Berezowitz,defense,30,40,2,2025-12-20,WWW@AC
UW-Whitewater,Joey Berezowitz,defense,25,35,8,2025-12-20,WWW@AC
UW-Whitewater,Joey Berezowitz,defense,15,30,12,2025-12-20,WWW@AC
UW-Whitewater,Jake Quast,defense,30,30,13,2025-12-20,WWW@AC
UW-Whitewater,Jake Quast,defense,30,25,19,2025-12-20,WWW@AC
UW-Whitewater,Jake Quast,defense,40,15,8,2025-12-20,WWW@AC
UW-Whitewater,Jake Quast,defense,40,20,4,2025-12-20,WWW@AC
UW-Whitewater,Jake Quast,defense,40,25,5,2025-12-20,WWW@AC
UW-Whitewater,Brock Marino,defense,10,15,29,2025-12-20,WWW@AC
UW-Whitewater,Brock Marino,defense,0,25,2,2025-12-20,WWW@AC
UW-Whitewater,Joey Berezowitz,defense,35,25,16,2025-12-20,WWW@AC
UW-Whitewater,Joey Berezowitz,defense,30,25,15,2025-12-20,WWW@AC
UW-Whitewater,Joey Berezowitz,defense,35,20,13,2025-12-20,WWW@AC
UW-Whitewater,Joey Berezowitz,defense,30,15,59,2025-12-20,WWW@AC
Alma Scots,Joss Bradley,offense,15,25,18,2025-12-20,WWW@AC
Alma Scots,Joss Bradley,offense,10,25,44,2025-12-20,WWW@AC
Alma Scots,Joss Bradley,offense,10,20,22,2025-12-20,WWW@AC
Alma Scots,Donovan Collins,offense,45,5,80,2025-12-20,WWW@AC
Alma Scots,Donovan Collins,offense,40,0,5,2025-12-20,WWW@AC
Alma Scots,Donovan Collins,offense,45,0,3,2025-12-20,WWW@AC
UW-Whitewater,Joey Berezowitz,defense,5,0,1,2025-12-20,WWW@AC
UW-Whitewater,TEAM,defense,5,0,16,2025-12-20,WWW@AC
UW-Whitewater,Joey Berezowitz,defense,10,0,1,2025-12-20,WWW@AC
UW-Whitewater,Jake Quast,defense,5,5,23,2025-12-20,WWW@AC
UW-Whitewater,Jake Quast,defense,10,5,10,2025-12-20,WWW@AC
UW-Whitewater,Jake Quast,defense,15,0,2,2025-12-20,WWW@AC
UW-Whitewater,Jake Quast,defense,20,10,19,2025-12-20,WWW@AC
UW-Whitewater,Jake Quast,defense,25,10,24,2025-12-20,WWW@AC
UW-Whitewater,Kelton McEwen,defense,5,20,7,2025-12-20,WWW@AC
UW-Whitewater,Kelton McEwen,defense,5,25,5,2025-12-20,WWW@AC
UW-Whitewater,Kelton McEwen,defense,0,25,8,2025-12-20,WWW@AC
UW-Whitewater,Kelton McEwen,defense,10,20,12,2025-12-20,WWW@AC
UW-Whitewater,Kelton McEwen,defense,10,15,5,2025-12-20,WWW@AC
UW-Whitewater,Kelton McEwen,defense,5,10,3,2025-12-20,WWW@AC
Alma Scots,Elijah Sykes,offense,30,10,21,2025-12-20,WWW@AC
Alma Scots,Elijah Sykes,offense,35,10,13,2025-12-20,WWW@AC
Alma Scots,Elijah Sykes,offense,25,10,35,2025-12-20,WWW@AC
Alma Scots,Elijah Sykes,offense,45,5,7,2025-12-20,WWW@AC
Alma Scots,Elijah Sykes,offense,45,10,11,2025-12-20,WWW@AC
Alma Scots,Elijah Sykes,offense,40,20,31,2025-12-20,WWW@AC
Alma Scots,Elijah Sykes,offense,35,25,24,2025-12-20,WWW@AC
Alma Scots,Luciano Guerrazzi,offense,20,5,28,2025-12-20,WWW@AC
Alma Scots,Luciano Guerrazzi,offense,25,5,21,2025-12-20,WWW@AC
Alma Scots,Luciano Guerrazzi,offense,20,10,24,2025-12-20,WWW@AC
Alma Scots,Luciano Guerrazzi,offense,25,10,19,2025-12-20,WWW@AC
Alma Scots,Luciano Guerrazzi,offense,25,15,37,2025-12-20,WWW@AC
Alma Scots,Luciano Guerrazzi,offense,30,15,32,2025-12-20,WWW@AC
Alma Scots,Luciano Guerrazzi,offense,25,20,42,2025-12-20,WWW@AC
Alma Scots,Luciano Guerrazzi,offense,25,25,37,2025-12-20,WWW@AC
Alma Scots,Luciano Guerrazzi,offense,25,30,27,2025-12-20,WWW@AC
Alma Scots,Luciano Guerrazzi,offense,20,30,35,2025-12-20,WWW@AC
Alma Scots,Luciano Guerrazzi,offense,15,20,31,2025-12-20,WWW@AC
Alma Scots,Luciano Guerrazzi,offense,20,20,58,2025-12-20,WWW@AC
Alma Scots,Luciano Guerrazzi,offense,20,25,64,2025-12-20,WWW@AC
Alma Scots,Luciano Guerrazzi,offense,10,20,13,2025-12-20,WWW@AC
Alma Scots,Luciano Guerrazzi,offense,10,15,24,2025-12-20,WWW@AC
Alma Scots,Luciano Guerrazzi,offense,15,5,7,2025-12-20,WWW@AC
Alma Scots,Luciano Guerrazzi,offense,25,0,4,2025-12-20,WWW@AC
Alma Scots,Luciano Guerrazzi,offense,30,0,8,2025-12-20,WWW@AC
Alma Scots,Korbin Heitzman,offense,25,0,14,2025-12-20,WWW@AC
UW-Whitewater,Collin Madson,defense,10,0,3,2025-12-20,WWW@AC
UW-Whitewater,Brock Marino,defense,40,0,4,2025-12-20,WWW@AC
UW-Whitewater,TEAM,defense,40,0,9,2025-12-20,WWW@AC
UW-Whitewater,Brock Marino,defense,30,0,30,2025-12-20,WWW@AC
UW-Whitewater,Collin Madson,defense,45,10,7,2025-12-20,WWW@AC
UW-Whitewater,TEAM,defense,45,10,84,2025-12-20,WWW@AC
UW-Whitewater,Kelton McEwen,defense,0,0,2,2025-12-20,WWW@AC
UW-Whitewater,Kelton McEwen,defense,5,0,1,2025-12-20,WWW@AC
UW-Whitewater,Kelton McEwen,defense,10,0,1,2025-12-20,WWW@AC
Alma Scots,Joss Bradley,defense,25,45,2,2025-12-20,WWW@AC
Alma Scots,Joss Bradley,defense,20,40,11,2025-12-20,WWW@AC
Alma Scots,Joss Bradley,defense,20,35,4,2025-12-20,WWW@AC
Alma Scots,Joss Bradley,defense,15,35,6,2025-12-20,WWW@AC
Alma Scots,Joss Bradley,defense,15,30,10,2025-12-20,WWW@AC
Alma Scots,Joss Bradley,defense,15,25,31,2025-12-20,WWW@AC
Alma Scots,Joss Bradley,defense,15,20,26,2025-12-20,WWW@AC
Alma Scots,Joss Bradley,defense,10,15,47,2025-12-20,WWW@AC
UW-Whitewater,Kelton McEwen,offense,5,30,1,2025-12-20,WWW@AC
UW-Whitewater,Kelton McEwen,offense,5,20,17,2025-12-20,WWW@AC
UW-Whitewater,Kelton McEwen,offense,0,15,7,2025-12-20,WWW@AC
UW-Whitewater,Kelton McEwen,offense,0,10,10,2025-12-20,WWW@AC
UW-Whitewater,Kelton McEwen,offense,5,0,2,2025-12-20,WWW@AC
UW-Whitewater,Kelton McEwen,offense,35,10,5,2025-12-20,WWW@AC
Alma Scots,Korbin Heitzman,defense,30,45,4,2025-12-20,WWW@AC
Alma Scots,Korbin Heitzman,defense,35,35,12,2025-12-20,WWW@AC
Alma Scots,Korbin Heitzman,defense,30,30,21,2025-12-20,WWW@AC
Alma Scots,Korbin Heitzman,defense,35,30,12,2025-12-20,WWW@AC
Alma Scots,Luciano Guerrazzi,defense,15,40,9,2025-12-20,WWW@AC
Alma Scots,Luciano Guerrazzi,defense,15,35,4,2025-12-20,WWW@AC
Alma Scots,Luciano Guerrazzi,defense,10,35,4,2025-12-20,WWW@AC
Alma Scots,Luciano Guerrazzi,defense,10,30,43,2025-12-20,WWW@AC
Alma Scots,Luciano Guerrazzi,defense,10,25,12,2025-12-20,WWW@AC
Alma Scots,Luciano Guerrazzi,defense,5,20,8,2025-12-20,WWW@AC
Alma Scots,Luciano Guerrazzi,defense,5,15,12,2025-12-20,WWW@AC
Alma Scots,Luciano Guerrazzi,defense,5,10,10,2025-12-20,WWW@AC
Alma Scots,Luciano Guerrazzi,defense,5,5,25,2025-12-20,WWW@AC
Alma Scots,Luciano Guerrazzi,defense,5,0,9,2025-12-20,WWW@AC
Alma Scots,Luciano Guerrazzi,defense,0,0,6,2025-12-20,WWW@AC
Alma Scots,Luciano Guerrazzi,defense,10,0,9,2025-12-20,WWW@AC
Alma Scots,Luciano Guerrazzi,defense,15,0,4,2025-12-20,WWW@AC
UW-Whitewater,Brock Marino,offense,15,45,3,2025-12-20,WWW@AC
Alma Scots,Elijah Sykes,defense,10,5,6,2025-12-20,WWW@AC
Alma Scots,Elijah Sykes,defense,30,0,5,2025-12-20,WWW@AC
Alma Scots,Elijah Sykes,defense,35,0,1,2025-12-20,WWW@AC
UW-Whitewater,Jake Quast,offense,30,45,1,2025-12-20,WWW@AC
UW-Whitewater,Jake Quast,offense,35,45,1,2025-12-20,WWW@AC
UW-Whitewater,Jake Quast,offense,40,30,4,2025-12-20,WWW@AC
UW-Whitewater,Jake Quast,offense,15,5,30,2025-12-20,WWW@AC
UW-Whitewater,Jake Quast,offense,15,0,6,2025-12-20,WWW@AC
UW-Whitewater,Jake Quast,offense,10,5,10,2025-12-20,WWW@AC
UW-Whitewater,Collin Madson,offense,30,20,12,2025-12-20,WWW@AC
Alma Scots,Donovan Collins,defense,25,40,11,2025-12-20,WWW@AC
Alma Scots,Donovan Collins,defense,40,15,17,2025-12-20,WWW@AC
UW-Whitewater,Joey Berezowitz,offense,45,10,9,2025-12-20,WWW@AC
UW-Whitewater,Joey Berezowitz,offense,20,10,27,2025-12-20,WWW@AC
UW-Whitewater,Brock Marino,defense,10,35,3,2025-12-20,WWW@AC
Alma Scots,Joss Bradley,offense,35,45,1,2025-12-20,WWW@AC
Alma Scots,Joss Bradley,offense,40,40,4,2025-12-20,WWW@AC
Alma Scots,Joss Bradley,offense,35,30,15,2025-12-20,WWW@AC
Alma Scots,Luciano Guerrazzi,offense,45,40,3,2025-12-20,WWW@AC
Alma Scots,Luciano Guerrazzi,offense,45,30,7,2025-12-20,WWW@AC
Alma Scots,Luciano Guerrazzi,offense,45,25,12,2025-12-20,WWW@AC
Alma Scots,Luciano Guerrazzi,offense,45,20,6,2025-12-20,WWW@AC
Alma Scots,Luciano Guerrazzi,offense,45,15,11,2025-12-20,WWW@AC
Alma Scots,Luciano Guerrazzi,offense,45,10,3,2025-12-20,WWW@AC
Alma Scots,Luciano Guerrazzi,offense,45,5,3,2025-12-20,WWW@AC
Alma Scots,Luciano Guerrazzi,offense,45,0,4,2025-12-20,WWW@AC
Alma Scots,Luciano Guerrazzi,offense,40,15,13,2025-12-20,WWW@AC
UW-Whitewater,Collin Madson,defense,25,45,3,2025-12-20,WWW@AC
UW-Whitewater,Jake Quast,defense,10,10,23,2025-12-20,WWW@AC
Alma Scots,Elijah Sykes,offense,0,0,3,2025-12-20,WWW@AC
Alma Scots,Elijah Sykes,offense,30,5,10,2025-12-20,WWW@AC
Alma Scots,Korbin Heitzman,defense,0,45,1,2025-12-20,WWW@AC
Alma Scots,TEAM,defense,0,45,2,2025-12-20,WWW@AC
Alma Scots,Korbin Heitzman,defense,0,40,1,2025-12-20,WWW@AC
Alma Scots,Korbin Heitzman,defense,0,35,1,2025-12-20,WWW@AC
Alma Scots,TEAM,defense,0,35,8,2025-12-20,WWW@AC
Alma Scots,Korbin Heitzman,defense,0,30,2,2025-12-20,WWW@AC
Alma Scots,TEAM,defense,0,30,17,2025-12-20,WWW@AC
Alma Scots,Korbin Heitzman,defense,0,15,2,2025-12-20,WWW@AC
Alma Scots,Korbin Heitzman,defense,5,30,8,2025-12-20,WWW@AC
Alma Scots,Korbin Heitzman,defense,5,35,4,2025-12-20,WWW@AC
Alma Scots,Korbin Heitzman,defense,5,40,6,2025-12-20,WWW@AC
Alma Scots,Donovan Collins,defense,25,45,7,2025-12-20,WWW@AC
Alma Scots,Donovan Collins,defense,30,35,14,2025-12-20,WWW@AC
Alma Scots,Donovan Collins,defense,25,25,24,2025-12-20,WWW@AC
Alma Scots,Donovan Collins,defense,25,30,15,2025-12-20,WWW@AC
UW-Whitewater,Collin Madson,offense,35,35,6,2025-12-20,WWW@AC
Alma Scots,Elijah Sykes,defense,15,45,2,2025-12-20,WWW@AC
Alma Scots,Elijah Sykes,defense,15,40,2,2025-12-20,WWW@AC
Alma Scots,Luciano Guerrazzi,defense,25,40,7,2025-12-20,WWW@AC
Alma Scots,Luciano Guerrazzi,defense,20,40,2,2025-12-20,WWW@AC
Alma Scots,Luciano Guerrazzi,defense,25,35,3,2025-12-20,WWW@AC
Alma Scots,Luciano Guerrazzi,defense,20,35,5,2025-12-20,WWW@AC
Alma Scots,Luciano Guerrazzi,defense,20,30,15,2025-12-20,WWW@AC
Alma Scots,Luciano Guerrazzi,defense,20,25,37,2025-12-20,WWW@AC
Alma Scots,Luciano Guerrazzi,defense,25,25,61,2025-12-20,WWW@AC
Alma Scots,Luciano Guerrazzi,defense,30,20,19,2025-12-20,WWW@AC
Alma Scots,Luciano Guerrazzi,defense,15,30,19,2025-12-20,WWW@AC
Alma Scots,Luciano Guerrazzi,defense,25,30,19,2025-12-20,WWW@AC
Alma Scots,Luciano Guerrazzi,defense,30,25,26,2025-12-20,WWW@AC
Alma Scots,Luciano Guerrazzi,defense,35,25,31,2025-12-20,WWW@AC
Alma Scots,Luciano Guerrazzi,defense,40,20,14,2025-12-20,WWW@AC
Alma Scots,Luciano Guerrazzi,defense,40,10,10,2025-12-20,WWW@AC
Alma Scots,Luciano Guerrazzi,defense,35,10,26,2025-12-20,WWW@AC
Alma Scots,Luciano Guerrazzi,defense,35,5,41,2025-12-20,WWW@AC
Alma Scots,Luciano Guerrazzi,defense,30,5,89,2025-12-20,WWW@AC
Alma Scots,Luciano Guerrazzi,defense,25,5,26,2025-12-20,WWW@AC
Alma Scots,Luciano Guerrazzi,defense,30,10,82,2025-12-20,WWW@AC
Alma Scots,Luciano Guerrazzi,defense,35,15,38,2025-12-20,WWW@AC
Alma Scots,Luciano Guerrazzi,defense,40,15,4,2025-12-20,WWW@AC
Alma Scots,Luciano Guerrazzi,defense,30,15,28,2025-12-20,WWW@AC
UW-Whitewater,Jake Quast,offense,20,45,4,2025-12-20,WWW@AC
UW-Whitewater,TEAM,offense,20,45,22,2025-12-20,WWW@AC
UW-Whitewater,Jake Quast,offense,40,40,2,2025-12-20,WWW@AC
UW-Whitewater,Jake Quast,offense,45,35,1,2025-12-20,WWW@AC
UW-Whitewater,Jake Quast,offense,45,15,8,2025-12-20,WWW@AC
UW-Whitewater,Jake Quast,offense,45,10,13,2025-12-20,WWW@AC
UW-Whitewater,Jake Quast,offense,30,25,26,2025-12-20,WWW@AC
UW-Whitewater,Jake Quast,offense,30,30,9,2025-12-20,WWW@AC
UW-Whitewater,Jake Quast,offense,30,35,9,2025-12-20,WWW@AC
UW-Whitewater,Jake Quast,offense,30,40,7,2025-12-20,WWW@AC
UW-Whitewater,Kelton McEwen,offense,25,45,1,2025-12-20,WWW@AC
UW-Whitewater,Kelton McEwen,offense,20,40,4,2025-12-20,WWW@AC
UW-Whitewater,Kelton McEwen,offense,15,35,2,2025-12-20,WWW@AC
UW-Whitewater,Kelton McEwen,offense,10,30,8,2025-12-20,WWW@AC
UW-Whitewater,Kelton McEwen,offense,10,25,19,2025-12-20,WWW@AC
UW-Whitewater,Kelton McEwen,offense,5,25,18,2025-12-20,WWW@AC
Alma Scots,Joss Bradley,defense,25,40,4,2025-12-20,WWW@AC
Alma Scots,Joss Bradley,defense,30,40,9,2025-12-20,WWW@AC
Alma Scots,Joss Bradley,defense,25,30,12,2025-12-20,WWW@AC
Alma Scots,Joss Bradley,defense,30,25,30,2025-12-20,WWW@AC
Alma Scots,Joss Bradley,defense,30,30,5,2025-12-20,WWW@AC
UW-Whitewater,Joey Berezowitz,offense,10,45,1,2025-12-20,WWW@AC
UW-Whitewater,Joey Berezowitz,offense,10,40,4,2025-12-20,WWW@AC
UW-Whitewater,Joey Berezowitz,offense,40,40,11,2025-12-20,WWW@AC
UW-Whitewater,Joey Berezowitz,offense,20,35,5,2025-12-20,WWW@AC
UW-Whitewater,Kelton McEwen,offense,15,25,18,2025-12-20,WWW@AC
UW-Whitewater,Kelton McEwen,offense,10,20,10,2025-12-20,WWW@AC
UW-Whitewater,Brock Marino,offense,35,35,1,2025-12-20,WWW@AC
UW-Whitewater,Brock Marino,offense,35,45,2,2025-12-20,WWW@AC
Alma Scots,Donovan Collins,defense,20,25,13,2025-12-20,WWW@AC
Alma Scots,Donovan Collins,defense,15,35,11,2025-12-20,WWW@AC
Alma Scots,Donovan Collins,defense,15,40,6,2025-12-20,WWW@AC
Alma Scots,Elijah Sykes,defense,30,30,13,2025-12-20,WWW@AC
Alma Scots,Elijah Sykes,defense,40,40,6,2025-12-20,WWW@AC
Alma Scots,Elijah Sykes,defense,40,45,2,2025-12-20,WWW@AC
Alma Scots,Joss Bradley,defense,30,45,6,2025-12-20,WWW@AC
UW-Whitewater,Kelton McEwen,offense,10,35,2,2025-12-20,WWW@AC
UW-Whitewater,Kelton McEwen,offense,15,40,1,2025-12-20,WWW@AC
UW-Whitewater,Kelton McEwen,offense,10,45,5,2025-12-20,WWW@AC
UW-Whitewater,Jake Quast,offense,15,25,21,2025-12-20,WWW@AC
Alma Scots,Elijah Sykes,offense,40,30,8,2025-12-20,WWW@AC
UW-Whitewater,Rashad Rogers,defense,10,10,1,2025-12-20,WWW@AC
UW-Whitewater,Rashad Rogers,defense,10,20,10,2025-12-20,WWW@AC
UW-Whitewater,Rashad Rogers,defense,10,25,5,2025-12-20,WWW@AC
UW-Whitewater,Rashad Rogers,defense,25,15,6,2025-12-20,WWW@AC
Alma Scots,Luciano Guerrazzi,offense,0,15,32,2025-12-20,WWW@AC
Alma Scots,Luciano Guerrazzi,offense,5,25,17,2025-12-20,WWW@AC
Alma Scots,Luciano Guerrazzi,offense,5,30,9,2025-12-20,WWW@AC
Alma Scots,Luciano Guerrazzi,offense,5,20,15,2025-12-20,WWW@AC
Alma Scots,Luciano Guerrazzi,offense,0,20,17,2025-12-20,WWW@AC
Alma Scots,Luciano Guerrazzi,offense,0,10,30,2025-12-20,WWW@AC
Alma Scots,Luciano Guerrazzi,offense,10,5,4,2025-12-20,WWW@AC
Alma Scots,Luciano Guerrazzi,offense,30,5,31,2025-12-20,WWW@AC
Alma Scots,Luciano Guerrazzi,offense,30,10,21,2025-12-20,WWW@AC
Alma Scots,Luciano Guerrazzi,offense,15,25,31,2025-12-20,WWW@AC
Alma Scots,Luciano Guerrazzi,offense,20,15,28,2025-12-20,WWW@AC
Alma Scots,Luciano Guerrazzi,offense,35,0,1,2025-12-20,WWW@AC
UW-Whitewater,Kelton McEwen,defense,40,45,1,2025-12-20,WWW@AC
UW-Whitewater,Kelton McEwen,defense,40,40,2,2025-12-20,WWW@AC
UW-Whitewater,TEAM,defense,40,40,23,2025-12-20,WWW@AC
UW-Whitewater,Tyshawn Teague-Johnson,defense,15,35,15,2025-12-20,WWW@AC
UW-Whitewater,Tyshawn Teague-Johnson,defense,10,35,6,2025-12-20,WWW@AC
UW-Whitewater,Tyshawn Teague-Johnson,defense,10,20,42,2025-12-20,WWW@AC
UW-Whitewater,Tyshawn Teague-Johnson,defense,10,15,56,2025-12-20,WWW@AC
UW-Whitewater,Tyshawn Teague-Johnson,defense,15,25,20,2025-12-20,WWW@AC
UW-Whitewater,Tyshawn Teague-Johnson,defense,20,15,23,2025-12-20,WWW@AC
UW-Whitewater,Tyshawn Teague-Johnson,defense,20,10,22,2025-12-20,WWW@AC
UW-Whitewater,Tyshawn Teague-Johnson,defense,15,10,36,2025-12-20,WWW@AC
Alma Scots,Donovan Collins,offense,45,45,1,2025-12-20,WWW@AC
Alma Scots,Donovan Collins,offense,45,40,3,2025-12-20,WWW@AC
Alma Scots,Donovan Collins,offense,45,30,3,2025-12-20,WWW@AC
UW-Whitewater,Jake Quast,defense,30,45,3,2025-12-20,WWW@AC
UW-Whitewater,Jake Quast,defense,25,35,15,2025-12-20,WWW@AC
UW-Whitewater,Jake Quast,defense,40,10,15,2025-12-20,WWW@AC
UW-Whitewater,Jake Quast,defense,45,15,3,2025-12-20,WWW@AC
UW-Whitewater,TEAM,defense,45,15,45,2025-12-20,WWW@AC
Alma Scots,Joss Bradley,offense,5,25,28,2025-12-20,WWW@AC
UW-Whitewater,Kelton McEwen,defense,40,35,2,2025-12-20,WWW@AC
UW-Whitewater,TEAM,defense,40,35,15,2025-12-20,WWW@AC
Alma Scots,Joss Bradley,offense,5,20,35,2025-12-20,WWW@AC
Alma Scots,Joss Bradley,offense,25,5,25,2025-12-20,WWW@AC
UW-Whitewater,Kelton McEwen,defense,0,15,3,2025-12-20,WWW@AC
UW-Whitewater,Kelton McEwen,defense,25,5,15,2025-12-20,WWW@AC
UW-Whitewater,Rashad Rogers,defense,15,10,1,2025-12-20,WWW@AC
UW-Whitewater,Rashad Rogers,defense,20,10,8,2025-12-20,WWW@AC
UW-Whitewater,Rashad Rogers,defense,20,5,11,2025-12-20,WWW@AC
UW-Whitewater,Rashad Rogers,defense,20,0,5,2025-12-20,WWW@AC
UW-Whitewater,Joey Berezowitz,defense,40,15,16,2025-12-20,WWW@AC
UW-Whitewater,Rashad Rogers,defense,35,0,3,2025-12-20,WWW@AC
UW-Whitewater,TEAM,defense,35,0,59,2025-12-20,WWW@AC
Alma Scots,Luciano Guerrazzi,defense,5,40,1,2025-12-20,WWW@AC
Alma Scots,Luciano Guerrazzi,defense,15,25,22,2025-12-20,WWW@AC
Alma Scots,Luciano Guerrazzi,defense,10,20,12,2025-12-20,WWW@AC
Alma Scots,Luciano Guerrazzi,defense,0,15,1,2025-12-20,WWW@AC
Alma Scots,Luciano Guerrazzi,defense,0,10,3,2025-12-20,WWW@AC
Alma Scots,Joss Bradley,defense,10,25,17,2025-12-20,WWW@AC
Alma Scots,Joss Bradley,defense,15,15,33,2025-12-20,WWW@AC
Alma Scots,Joss Bradley,defense,15,10,56,2025-12-20,WWW@AC
Alma Scots,Joss Bradley,defense,10,10,16,2025-12-20,WWW@AC
UW-Whitewater,Kelton McEwen,offense,30,25,12,2025-12-20,WWW@AC
Alma Scots,Elijah Sykes,defense,10,25,22,2025-12-20,WWW@AC
Alma Scots,Elijah Sykes,defense,10,35,3,2025-12-20,WWW@AC
UW-Whitewater,Tyshawn Teague-Johnson,offense,0,45,1,2025-12-20,WWW@AC
UW-Whitewater,TEAM,offense,0,45,6,2025-12-20,WWW@AC
UW-Whitewater,Tyshawn Teague-Johnson,offense,0,35,2,2025-12-20,WWW@AC
UW-Whitewater,Tyshawn Teague-Johnson,offense,0,30,3,2025-12-20,WWW@AC
UW-Whitewater,Tyshawn Teague-Johnson,offense,0,25,3,2025-12-20,WWW@AC
UW-Whitewater,Tyshawn Teague-Johnson,offense,0,20,15,2025-12-20,WWW@AC
UW-Whitewater,Tyshawn Teague-Johnson,offense,0,15,32,2025-12-20,WWW@AC
UW-Whitewater,Tyshawn Teague-Johnson,offense,5,20,38,2025-12-20,WWW@AC
UW-Whitewater,Joey Berezowitz,offense,25,5,14,2025-12-20,WWW@AC
UW-Whitewater,Rashad Rogers,offense,15,5,16,2025-12-20,WWW@AC
UW-Whitewater,Rashad Rogers,offense,10,5,13,2025-12-20,WWW@AC
UW-Whitewater,Rashad Rogers,offense,5,5,12,2025-12-20,WWW@AC
UW-Whitewater,Rashad Rogers,offense,0,5,16,2025-12-20,WWW@AC
UW-Whitewater,Rashad Rogers,offense,0,10,9,2025-12-20,WWW@AC
UW-Whitewater,Rashad Rogers,offense,5,10,5,2025-12-20,WWW@AC
UW-Whitewater,Rashad Rogers,offense,0,15,2,2025-12-20,WWW@AC
UW-Whitewater,Jake Quast,offense,0,15,13,2025-12-20,WWW@AC
UW-Whitewater,Tyshawn Teague-Johnson,offense,0,10,46,2025-12-20,WWW@AC
UW-Whitewater,Tyshawn Teague-Johnson,offense,0,5,43,2025-12-20,WWW@AC
UW-Whitewater,Kelton McEwen,defense,20,40,1,2025-12-20,WWW@AC
Alma Scots,Joss Bradley,offense,45,40,4,2025-12-20,WWW@AC
Alma Scots,Joss Bradley,offense,40,35,13,2025-12-20,WWW@AC
Alma Scots,Joss Bradley,offense,45,35,5,2025-12-20,WWW@AC
Alma Scots,Joss Bradley,offense,45,30,3,2025-12-20,WWW@AC
Alma Scots,Joss Bradley,offense,45,25,35,2025-12-20,WWW@AC
Alma Scots,Joss Bradley,offense,45,20,9,2025-12-20,WWW@AC
Alma Scots,Joss Bradley,offense,45,15,14,2025-12-20,WWW@AC
Alma Scots,Joss Bradley,offense,40,20,78,2025-12-20,WWW@AC
Alma Scots,Joss Bradley,offense,30,15,54,2025-12-20,WWW@AC
Alma Scots,Joss Bradley,offense,30,20,25,2025-12-20,WWW@AC
Alma Scots,Joss Bradley,offense,35,10,33,2025-12-20,WWW@AC
Alma Scots,Donovan Collins,offense,0,45,1,2025-12-20,WWW@AC
Alma Scots,Donovan Collins,offense,0,40,2,2025-12-20,WWW@AC
Alma Scots,TEAM,offense,0,40,9,2025-12-20,WWW@AC
Alma Scots,Donovan Collins,offense,0,20,13,2025-12-20,WWW@AC
Alma Scots,Donovan Collins,offense,0,15,41,2025-12-20,WWW@AC
UW-Whitewater,Rashad Rogers,defense,20,45,1,2025-12-20,WWW@AC
UW-Whitewater,Rashad Rogers,defense,15,40,2,2025-12-20,WWW@AC
UW-Whitewater,Rashad Rogers,defense,15,35,3,2025-12-20,WWW@AC
UW-Whitewater,Rashad Rogers,defense,15,30,9,2025-12-20,WWW@AC
UW-Whitewater,Rashad Rogers,defense,15,20,7,2025-12-20,WWW@AC
UW-Whitewater,Rashad Rogers,defense,15,15,11,2025-12-20,WWW@AC
Alma Scots,Elijah Sykes,offense,35,30,24,2025-12-20,WWW@AC
Alma Scots,Elijah Sykes,offense,35,15,22,2025-12-20,WWW@AC
Alma Scots,Elijah Sykes,offense,40,25,94,2025-12-20,WWW@AC
UW-Whitewater,Jake Quast,defense,20,15,14,2025-12-20,WWW@AC
Alma Scots,Luciano Guerrazzi,offense,15,30,19,2025-12-20,WWW@AC
Alma Scots,Luciano Guerrazzi,offense,20,35,30,2025-12-20,WWW@AC
Alma Scots,Luciano Guerrazzi,offense,5,10,11,2025-12-20,WWW@AC
Alma Scots,Luciano Guerrazzi,offense,35,10,4,2025-12-20,WWW@AC
Alma Scots,Luciano Guerrazzi,offense,35,15,19,2025-12-20,WWW@AC
Alma Scots,Luciano Guerrazzi,offense,30,20,24,2025-12-20,WWW@AC
Alma Scots,Luciano Guerrazzi,offense,30,25,43,2025-12-20,WWW@AC
Alma Scots,Luciano Guerrazzi,offense,30,30,26,2025-12-20,WWW@AC
Alma Scots,Luciano Guerrazzi,offense,25,35,14,2025-12-20,WWW@AC
Alma Scots,Luciano Guerrazzi,offense,20,40,26,2025-12-20,WWW@AC
Alma Scots,Luciano Guerrazzi,offense,15,40,14,2025-12-20,WWW@AC
Alma Scots,Luciano Guerrazzi,offense,10,35,11,2025-12-20,WWW@AC
Alma Scots,Luciano Guerrazzi,offense,5,45,1,2025-12-20,WWW@AC
UW-Whitewater,Kelton McEwen,defense,5,15,1,2025-12-20,WWW@AC
UW-Whitewater,Kelton McEwen,defense,10,25,1,2025-12-20,WWW@AC
UW-Whitewater,Joey Berezowitz,defense,35,5,9,2025-12-20,WWW@AC
UW-Whitewater,Jake Quast,defense,40,40,3,2025-12-20,WWW@AC
UW-Whitewater,Jake Quast,defense,40,45,1,2025-12-20,WWW@AC
UW-Whitewater,Joey Berezowitz,defense,35,15,37,2025-12-20,WWW@AC
UW-Whitewater,Rashad Rogers,defense,25,5,7,2025-12-20,WWW@AC
UW-Whitewater,Rashad Rogers,defense,30,5,4,2025-12-20,WWW@AC
UW-Whitewater,Rashad Rogers,defense,30,10,31,2025-12-20,WWW@AC
UW-Whitewater,Rashad Rogers,defense,20,15,10,2025-12-20,WWW@AC
Alma Scots,Elijah Sykes,offense,35,35,9,2025-12-20,WWW@AC
Alma Scots,Elijah Sykes,offense,30,35,12,2025-12-20,WWW@AC
Alma Scots,Elijah Sykes,offense,30,40,7,2025-12-20,WWW@AC
Alma Scots,Elijah Sykes,offense,30,45,5,2025-12-20,WWW@AC
UW-Whitewater,Tyshawn Teague-Johnson,defense,5,10,3,2025-12-20,WWW@AC
UW-Whitewater,Tyshawn Teague-Johnson,defense,15,20,30,2025-12-20,WWW@AC
UW-Whitewater,Tyshawn Teague-Johnson,defense,20,20,22,2025-12-20,WWW@AC
UW-Whitewater,Tyshawn Teague-Johnson,defense,20,25,43,2025-12-20,WWW@AC
UW-Whitewater,Tyshawn Teague-Johnson,defense,5,20,21,2025-12-20,WWW@AC
UW-Whitewater,Tyshawn Teague-Johnson,defense,10,25,8,2025-12-20,WWW@AC
UW-Whitewater,Tyshawn Teague-Johnson,defense,10,30,3,2025-12-20,WWW@AC
UW-Whitewater,Tyshawn Teague-Johnson,defense,15,30,16,2025-12-20,WWW@AC
UW-Whitewater,Tyshawn Teague-Johnson,defense,20,40,6,2025-12-20,WWW@AC
UW-Whitewater,Tyshawn Teague-Johnson,defense,20,45,4,2025-12-20,WWW@AC
UW-Whitewater,Kelton McEwen,defense,30,0,9,2025-12-20,WWW@AC
UW-Whitewater,Kelton McEwen,defense,35,0,8,2025-12-20,WWW@AC
UW-Whitewater,Kelton McEwen,defense,35,5,17,2025-12-20,WWW@AC
UW-Whitewater,Joey Berezowitz,defense,20,0,3,2025-12-20,WWW@AC
UW-Whitewater,Joey Berezowitz,defense,15,0,2,2025-12-20,WWW@AC
Alma Scots,Joss Bradley,offense,0,20,9,2025-12-20,WWW@AC
Alma Scots,Joss Bradley,offense,5,15,28,2025-12-20,WWW@AC
Alma Scots,Joss Bradley,offense,0,5,49,2025-12-20,WWW@AC
Alma Scots,Joss Bradley,offense,25,0,20,2025-12-20,WWW@AC
UW-Whitewater,Rashad Rogers,defense,20,20,8,2025-12-20,WWW@AC
UW-Whitewater,Rashad Rogers,defense,15,25,15,2025-12-20,WWW@AC
UW-Whitewater,Rashad Rogers,defense,10,30,4,2025-12-20,WWW@AC
UW-Whitewater,Rashad Rogers,defense,10,40,4,2025-12-20,WWW@AC
Alma Scots,Korbin Heitzman,offense,25,45,6,2025-12-20,WWW@AC
Alma Scots,Elijah Sykes,offense,10,45,3,2025-12-20,WWW@AC
Alma Scots,Joss Bradley,offense,20,35,33,2025-12-20,WWW@AC
Alma Scots,Joss Bradley,offense,20,40,7,2025-12-20,WWW@AC
UW-Whitewater,Jake Quast,offense,5,5,8,2025-12-20,WWW@AC
Alma Scots,Elijah Sykes,defense,25,35,6,2025-12-20,WWW@AC
Alma Scots,Donovan Collins,defense,10,5,20,2025-12-20,WWW@AC
Alma Scots,Preston Malpass,defense,25,30,29,2025-12-20,WWW@AC
Alma Scots,Preston Malpass,defense,15,25,11,2025-12-20,WWW@AC
Alma Scots,Preston Malpass,defense,15,20,36,2025-12-20,WWW@AC
Alma Scots,Preston Malpass,defense,10,20,22,2025-12-20,WWW@AC
Alma Scots,Preston Malpass,defense,10,15,31,2025-12-20,WWW@AC
Alma Scots,Preston Malpass,defense,10,10,15,2025-12-20,WWW@AC
Alma Scots,Preston Malpass,defense,15,10,29,2025-12-20,WWW@AC
Alma Scots,Preston Malpass,defense,10,25,8,2025-12-20,WWW@AC
Alma Scots,Preston Malpass,defense,5,30,2,2025-12-20,WWW@AC
Alma Scots,Luciano Guerrazzi,defense,40,25,4,2025-12-20,WWW@AC
Alma Scots,Luciano Guerrazzi,defense,40,30,5,2025-12-20,WWW@AC
Alma Scots,Raine Rodich,defense,40,10,2,2025-12-20,WWW@AC
Alma Scots,Raine Rodich,defense,40,15,9,2025-12-20,WWW@AC
Alma Scots,Raine Rodich,defense,40,20,7,2025-12-20,WWW@AC
Alma Scots,Raine Rodich,defense,40,25,8,2025-12-20,WWW@AC
Alma Scots,Raine Rodich,defense,40,30,5,2025-12-20,WWW@AC
Alma Scots,Raine Rodich,defense,35,35,5,2025-12-20,WWW@AC
Alma Scots,Raine Rodich,defense,40,40,2,2025-12-20,WWW@AC
UW-Whitewater,Rashad Rogers,offense,20,25,21,2025-12-20,WWW@AC
UW-Whitewater,Rashad Rogers,offense,25,25,13,2025-12-20,WWW@AC
UW-Whitewater,Rashad Rogers,offense,25,30,6,2025-12-20,WWW@AC
UW-Whitewater,Rashad Rogers,offense,20,30,24,2025-12-20,WWW@AC
UW-Whitewater,Rashad Rogers,offense,30,25,8,2025-12-20,WWW@AC
UW-Whitewater,Rashad Rogers,offense,35,20,3,2025-12-20,WWW@AC
UW-Whitewater,Rashad Rogers,offense,40,25,10,2025-12-20,WWW@AC
UW-Whitewater,Rashad Rogers,offense,45,25,9,2025-12-20,WWW@AC
UW-Whitewater,Tyshawn Teague-Johnson,offense,35,20,8,2025-12-20,WWW@AC
UW-Whitewater,Tyshawn Teague-Johnson,offense,45,10,4,2025-12-20,WWW@AC
UW-Whitewater,Joey Berezowitz,offense,35,45,2,2025-12-20,WWW@AC
UW-Whitewater,Tyshawn Teague-Johnson,offense,10,40,3,2025-12-20,WWW@AC
UW-Whitewater,Tyshawn Teague-Johnson,offense,5,35,3,2025-12-20,WWW@AC
UW-Whitewater,Tyshawn Teague-Johnson,offense,5,30,4,2025-12-20,WWW@AC
UW-Whitewater,Tyshawn Teague-Johnson,offense,5,25,27,2025-12-20,WWW@AC
UW-Whitewater,Tyshawn Teague-Johnson,offense,10,25,45,2025-12-20,WWW@AC
UW-Whitewater,Tyshawn Teague-Johnson,offense,10,20,26,2025-12-20,WWW@AC
UW-Whitewater,Tyshawn Teague-Johnson,offense,10,15,24,2025-12-20,WWW@AC
UW-Whitewater,Tyshawn Teague-Johnson,offense,5,15,29,2025-12-20,WWW@AC
UW-Whitewater,Tyshawn Teague-Johnson,offense,10,10,13,2025-12-20,WWW@AC
UW-Whitewater,Tyshawn Teague-Johnson,offense,5,10,20,2025-12-20,WWW@AC
UW-Whitewater,Kelton McEwen,offense,5,10,5,2025-12-20,WWW@AC
UW-Whitewater,Kelton McEwen,offense,10,10,6,2025-12-20,WWW@AC
UW-Whitewater,Kelton McEwen,offense,10,0,2,2025-12-20,WWW@AC
UW-Whitewater,Kelton McEwen,offense,15,0,1,2025-12-20,WWW@AC
Alma Scots,Elijah Sykes,offense,40,40,3,2025-12-20,WWW@AC
Alma Scots,Elijah Sykes,offense,20,45,9,2025-12-20,WWW@AC
UW-Whitewater,Rashad Rogers,defense,20,35,2,2025-12-20,WWW@AC
UW-Whitewater,Rashad Rogers,defense,30,0,4,2025-12-20,WWW@AC
UW-Whitewater,Rashad Rogers,defense,25,0,2,2025-12-20,WWW@AC
Alma Scots,Luciano Guerrazzi,offense,35,25,21,2025-12-20,WWW@AC
Alma Scots,Preston Malpass,offense,35,40,4,2025-12-20,WWW@AC
Alma Scots,Preston Malpass,offense,30,40,5,2025-12-20,WWW@AC
Alma Scots,Preston Malpass,offense,35,20,12,2025-12-20,WWW@AC
Alma Scots,Preston Malpass,offense,30,15,21,2025-12-20,WWW@AC
Alma Scots,Preston Malpass,offense,25,15,35,2025-12-20,WWW@AC
Alma Scots,Preston Malpass,offense,25,10,10,2025-12-20,WWW@AC
Alma Scots,Preston Malpass,offense,30,10,18,2025-12-20,WWW@AC
Alma Scots,Preston Malpass,offense,25,20,39,2025-12-20,WWW@AC
Alma Scots,Preston Malpass,offense,35,15,32,2025-12-20,WWW@AC
Alma Scots,Preston Malpass,offense,35,25,23,2025-12-20,WWW@AC
Alma Scots,Preston Malpass,offense,35,30,5,2025-12-20,WWW@AC
Alma Scots,Preston Malpass,offense,35,35,2,2025-12-20,WWW@AC
Alma Scots,Preston Malpass,offense,35,45,2,2025-12-20,WWW@AC
UW-Whitewater,Kelton McEwen,defense,10,45,1,2025-12-20,WWW@AC
UW-Whitewater,Kelton McEwen,defense,10,40,1,2025-12-20,WWW@AC
UW-Whitewater,Kelton McEwen,defense,5,35,2,2025-12-20,WWW@AC
UW-Whitewater,Kelton McEwen,defense,15,0,2,2025-12-20,WWW@AC
Alma Scots,Raine Rodich,offense,0,35,2,2025-12-20,WWW@AC
Alma Scots,Raine Rodich,offense,40,15,16,2025-12-20,WWW@AC
Alma Scots,Raine Rodich,offense,45,20,3,2025-12-20,WWW@AC
Alma Scots,Raine Rodich,offense,45,25,4,2025-12-20,WWW@AC
UW-Whitewater,Jake Quast,defense,30,35,20,2025-12-20,WWW@AC
UW-Whitewater,Tyshawn Teague-Johnson,defense,15,15,13,2025-12-20,WWW@AC
UW-Whitewater,Tyshawn Teague-Johnson,defense,10,10,16,2025-12-20,WWW@AC
UW-Whitewater,Tyshawn Teague-Johnson,defense,5,15,9,2025-12-20,WWW@AC
UW-Whitewater,Tyshawn Teague-Johnson,defense,25,25,27,2025-12-20,WWW@AC
UW-Whitewater,Tyshawn Teague-Johnson,defense,25,30,21,2025-12-20,WWW@AC
UW-Whitewater,Tyshawn Teague-Johnson,defense,25,35,13,2025-12-20,WWW@AC
UW-Whitewater,Joey Berezowitz,defense,20,45,5,2025-12-20,WWW@AC
Alma Scots,Preston Malpass,defense,25,20,46,2025-12-20,WWW@AC
Alma Scots,Preston Malpass,defense,20,20,40,2025-12-20,WWW@AC
Alma Scots,Preston Malpass,defense,30,20,22,2025-12-20,WWW@AC
Alma Scots,Preston Malpass,defense,35,20,8,2025-12-20,WWW@AC
Alma Scots,Preston Malpass,defense,30,15,36,2025-12-20,WWW@AC
Alma Scots,Preston Malpass,defense,30,10,48,2025-12-20,WWW@AC
Alma Scots,Preston Malpass,defense,25,10,42,2025-12-20,WWW@AC
Alma Scots,Preston Malpass,defense,20,5,40,2025-12-20,WWW@AC
Alma Scots,Preston Malpass,defense,20,10,44,2025-12-20,WWW@AC
Alma Scots,Preston Malpass,defense,15,5,36,2025-12-20,WWW@AC
Alma Scots,Preston Malpass,defense,10,0,1,2025-12-20,WWW@AC
Alma Scots,Donovan Collins,defense,10,0,14,2025-12-20,WWW@AC
UW-Whitewater,Kelton McEwen,offense,0,45,1,2025-12-20,WWW@AC
UW-Whitewater,Kelton McEwen,offense,0,40,2,2025-12-20,WWW@AC
UW-Whitewater,TEAM,offense,0,40,17,2025-12-20,WWW@AC
UW-Whitewater,Kelton McEwen,offense,0,35,2,2025-12-20,WWW@AC
UW-Whitewater,Kelton McEwen,offense,15,20,8,2025-12-20,WWW@AC
Alma Scots,Luciano Guerrazzi,defense,35,40,8,2025-12-20,WWW@AC
Alma Scots,Luciano Guerrazzi,defense,35,35,15,2025-12-20,WWW@AC
Alma Scots,Luciano Guerrazzi,defense,35,30,13,2025-12-20,WWW@AC
Alma Scots,Elijah Sykes,defense,15,35,10,2025-12-20,WWW@AC
Alma Scots,Elijah Sykes,defense,15,25,21,2025-12-20,WWW@AC
Alma Scots,Elijah Sykes,defense,45,10,2,2025-12-20,WWW@AC
UW-Whitewater,Rashad Rogers,offense,45,45,1,2025-12-20,WWW@AC
UW-Whitewater,Rashad Rogers,offense,35,40,1,2025-12-20,WWW@AC
UW-Whitewater,Rashad Rogers,offense,35,35,1,2025-12-20,WWW@AC
UW-Whitewater,Rashad Rogers,offense,30,30,13,2025-12-20,WWW@AC
UW-Whitewater,Rashad Rogers,offense,35,30,6,2025-12-20,WWW@AC
Alma Scots,Raine Rodich,defense,0,25,6,2025-12-20,WWW@AC
Alma Scots,TEAM,defense,0,25,12,2025-12-20,WWW@AC
Alma Scots,Raine Rodich,defense,0,30,1,2025-12-20,WWW@AC
UW-Whitewater,Rashad Rogers,offense,35,15,16,2025-12-20,WWW@AC
UW-Whitewater,Rashad Rogers,offense,30,10,10,2025-12-20,WWW@AC
UW-Whitewater,Rashad Rogers,offense,30,5,10,2025-12-20,WWW@AC
UW-Whitewater,Rashad Rogers,offense,25,5,10,2025-12-20,WWW@AC
UW-Whitewater,Rashad Rogers,offense,20,5,21,2025-12-20,WWW@AC
UW-Whitewater,Rashad Rogers,offense,20,0,4,2025-12-20,WWW@AC
UW-Whitewater,Rashad Rogers,offense,20,10,29,2025-12-20,WWW@AC
UW-Whitewater,Rashad Rogers,offense,15,10,61,2025-12-20,WWW@AC
UW-Whitewater,Rashad Rogers,offense,15,15,11,2025-12-20,WWW@AC
UW-Whitewater,Rashad Rogers,offense,25,0,6,2025-12-20,WWW@AC
UW-Whitewater,Tyshawn Teague-Johnson,offense,15,0,4,2025-12-20,WWW@AC
UW-Whitewater,Tyshawn Teague-Johnson,offense,10,5,3,2025-12-20,WWW@AC
UW-Whitewater,Tyshawn Teague-Johnson,offense,5,5,8,2025-12-20,WWW@AC
UW-Whitewater,Tyshawn Teague-Johnson,offense,15,15,50,2025-12-20,WWW@AC
UW-Whitewater,Tyshawn Teague-Johnson,offense,15,10,17,2025-12-20,WWW@AC
UW-Whitewater,Tyshawn Teague-Johnson,offense,20,20,44,2025-12-20,WWW@AC
UW-Whitewater,Joey Berezowitz,offense,35,25,34,2025-12-20,WWW@AC
Alma Scots,Luciano Guerrazzi,defense,25,15,53,2025-12-20,WWW@AC
Alma Scots,Raine Rodich,defense,0,15,7,2025-12-20,WWW@AC
Alma Scots,Raine Rodich,defense,10,0,2,2025-12-20,WWW@AC
UW-Whitewater,Rashad Rogers,offense,15,0,7,2025-12-20,WWW@AC
UW-Whitewater,Rashad Rogers,offense,25,20,6,2025-12-20,WWW@AC
UW-Whitewater,Rashad Rogers,offense,30,20,8,2025-12-20,WWW@AC
UW-Whitewater,Rashad Rogers,offense,30,15,18,2025-12-20,WWW@AC
UW-Whitewater,Rashad Rogers,offense,35,10,6,2025-12-20,WWW@AC
UW-Whitewater,Rashad Rogers,offense,10,15,2,2025-12-20,WWW@AC
UW-Whitewater,Rashad Rogers,offense,5,20,11,2025-12-20,WWW@AC
Alma Scots,Preston Malpass,defense,25,15,66,2025-12-20,WWW@AC
Alma Scots,Preston Malpass,defense,5,10,13,2025-12-20,WWW@AC
Alma Scots,Preston Malpass,defense,5,15,3,2025-12-20,WWW@AC
UW-Whitewater,Tyshawn Teague-Johnson,offense,20,5,11,2025-12-20,WWW@AC
UW-Whitewater,Tyshawn Teague-Johnson,offense,25,0,17,2025-12-20,WWW@AC
UW-Whitewater,Tyshawn Teague-Johnson,offense,35,0,1,2025-12-20,WWW@AC
UW-Whitewater,Tyshawn Teague-Johnson,offense,30,5,13,2025-12-20,WWW@AC
UW-Whitewater,Tyshawn Teague-Johnson,offense,25,10,28,2025-12-20,WWW@AC
UW-Whitewater,Tyshawn Teague-Johnson,offense,35,5,2,2025-12-20,WWW@AC
UW-Whitewater,Tyshawn Teague-Johnson,offense,30,10,56,2025-12-20,WWW@AC
UW-Whitewater,Jake Quast,offense,40,5,5,2025-12-20,WWW@AC
UW-Whitewater,Jake Quast,offense,40,10,7,2025-12-20,WWW@AC
Alma Scots,Luciano Guerrazzi,defense,25,20,59,2025-12-20,WWW@AC
Alma Scots,Luciano Guerrazzi,defense,25,0,18,2025-12-20,WWW@AC
Alma Scots,Luciano Guerrazzi,defense,30,0,8,2025-12-20,WWW@AC
UW-Whitewater,Tyshawn Teague-Johnson,offense,15,25,32,2025-12-20,WWW@AC
UW-Whitewater,Tyshawn Teague-Johnson,offense,15,20,37,2025-12-20,WWW@AC
UW-Whitewater,Tyshawn Teague-Johnson,offense,20,15,45,2025-12-20,WWW@AC
Alma Scots,Preston Malpass,defense,35,10,10,2025-12-20,WWW@AC
Alma Scots,Preston Malpass,defense,30,5,15,2025-12-20,WWW@AC
Alma Scots,Preston Malpass,defense,25,5,49,2025-12-20,WWW@AC
Alma Scots,Preston Malpass,defense,35,15,8,2025-12-20,WWW@AC
Alma Scots,Preston Malpass,defense,40,10,6,2025-12-20,WWW@AC
Alma Scots,Preston Malpass,defense,20,15,21,2025-12-20,WWW@AC
UW-Whitewater,Rashad Rogers,offense,15,30,2,2025-12-20,WWW@AC
UW-Whitewater,Rashad Rogers,offense,10,25,10,2025-12-20,WWW@AC
UW-Whitewater,Rashad Rogers,offense,10,20,4,2025-12-20,WWW@AC
UW-Whitewater,Rashad Rogers,offense,25,10,8,2025-12-20,WWW@AC
UW-Whitewater,Rashad Rogers,offense,20,15,7,2025-12-20,WWW@AC
UW-Whitewater,Rashad Rogers,offense,40,10,10,2025-12-20,WWW@AC
UW-Whitewater,Kelton McEwen,offense,30,0,1,2025-12-20,WWW@AC
UW-Whitewater,Kelton McEwen,offense,25,0,3,2025-12-20,WWW@AC
Alma Scots,Preston Malpass,defense,30,0,7,2025-12-20,WWW@AC
Alma Scots,Preston Malpass,defense,25,25,23,2025-12-20,WWW@AC
Alma Scots,Preston Malpass,defense,20,30,15,2025-12-20,WWW@AC
Alma Scots,Preston Malpass,defense,20,35,7,2025-12-20,WWW@AC
Alma Scots,Preston Malpass,defense,20,25,35,2025-12-20,WWW@AC
Alma Scots,Preston Malpass,defense,15,15,32,2025-12-20,WWW@AC
UW-Whitewater,Tyshawn Teague-Johnson,offense,25,15,40,2025-12-20,WWW@AC
UW-Whitewater,Tyshawn Teague-Johnson,offense,20,25,21,2025-12-20,WWW@AC
UW-Whitewater,Tyshawn Teague-Johnson,offense,20,30,6,2025-12-20,WWW@AC
UW-Whitewater,Tyshawn Teague-Johnson,offense,15,30,27,2025-12-20,WWW@AC
UW-Whitewater,Tyshawn Teague-Johnson,offense,10,30,9,2025-12-20,WWW@AC
Alma Scots,Luciano Guerrazzi,defense,5,25,1,2025-12-20,WWW@AC
Alma Scots,Luciano Guerrazzi,defense,35,20,32,2025-12-20,WWW@AC
Alma Scots,Luciano Guerrazzi,defense,30,30,12,2025-12-20,WWW@AC
Alma Scots,Luciano Guerrazzi,defense,40,45,3,2025-12-20,WWW@AC
Alma Scots,Elijah Sykes,defense,5,5,21,2025-12-20,WWW@AC
UW-Whitewater,Kelton McEwen,offense,40,25,20,2025-12-20,WWW@AC
UW-Whitewater,Rashad Rogers,offense,20,20,32,2025-12-20,WWW@AC
UW-Whitewater,Rashad Rogers,offense,15,25,12,2025-12-20,WWW@AC
UW-Whitewater,Rashad Rogers,offense,15,20,4,2025-12-20,WWW@AC
UW-Whitewater,Rashad Rogers,offense,25,15,6,2025-12-20,WWW@AC
UW-Whitewater,Rashad Rogers,offense,30,0,4,2025-12-20,WWW@AC
UW-Whitewater,Rashad Rogers,offense,35,25,6,2025-12-20,WWW@AC
Alma Scots,Raine Rodich,defense,5,5,4,2025-12-20,WWW@AC
Alma Scots,Raine Rodich,defense,35,25,8,2025-12-20,WWW@AC
UW-Whitewater,Joey Berezowitz,offense,35,30,30,2025-12-20,WWW@AC
Alma Scots,Elijah Sykes,defense,0,20,1,2025-12-20,WWW@AC
UW-Whitewater,Kelton McEwen,offense,45,30,1,2025-12-20,WWW@AC
UW-Whitewater,Joey Berezowitz,defense,35,35,5,2025-12-20,WWW@AC
UW-Whitewater,Joey Berezowitz,defense,30,35,4,2025-12-20,WWW@AC
UW-Whitewater,Joey Berezowitz,defense,35,30,10,2025-12-20,WWW@AC
Alma Scots,Luciano Guerrazzi,offense,15,15,21,2025-12-20,WWW@AC
UW-Whitewater,Isaac Verges,defense,30,40,4,2025-12-20,WWW@AC
UW-Whitewater,Isaac Verges,defense,40,45,3,2025-12-20,WWW@AC
Alma Scots,Elijah Sykes,offense,25,5,16,2025-12-20,WWW@AC
UW-Whitewater,Rashad Rogers,defense,25,45,1,2025-12-20,WWW@AC
Alma Scots,Elijah Sykes,offense,40,35,1,2025-12-20,WWW@AC
Alma Scots,Elijah Sykes,offense,45,35,2,2025-12-20,WWW@AC
Alma Scots,Elijah Sykes,offense,30,15,34,2025-12-20,WWW@AC
Alma Scots,Raine Rodich,offense,40,40,5,2025-12-20,WWW@AC
Alma Scots,Raine Rodich,offense,45,30,5,2025-12-20,WWW@AC
Alma Scots,Raine Rodich,offense,45,5,5,2025-12-20,WWW@AC
Alma Scots,Donovan Collins,offense,35,40,5,2025-12-20,WWW@AC
Alma Scots,Luciano Guerrazzi,offense,20,45,3,2025-12-20,WWW@AC
UW-Whitewater,Rashad Rogers,defense,5,10,1,2025-12-20,WWW@AC
UW-Whitewater,Rashad Rogers,defense,25,10,16,2025-12-20,WWW@AC
UW-Whitewater,Rashad Rogers,defense,35,10,18,2025-12-20,WWW@AC
Alma Scots,Elijah Sykes,offense,30,0,3,2025-12-20,WWW@AC
Alma Scots,Elijah Sykes,offense,20,0,4,2025-12-20,WWW@AC
Alma Scots,Preston Malpass,offense,10,15,26,2025-12-20,WWW@AC
Alma Scots,Preston Malpass,offense,0,5,8,2025-12-20,WWW@AC
Alma Scots,Preston Malpass,offense,45,15,2,2025-12-20,WWW@AC
Alma Scots,Preston Malpass,offense,40,10,4,2025-12-20,WWW@AC
Alma Scots,Preston Malpass,offense,40,5,1,2025-12-20,WWW@AC
Alma Scots,Preston Malpass,offense,35,5,1,2025-12-20,WWW@AC
Alma Scots,Preston Malpass,offense,35,0,2,2025-12-20,WWW@AC
Alma Scots,Preston Malpass,offense,30,0,1,2025-12-20,WWW@AC
Alma Scots,Preston Malpass,offense,30,5,27,2025-12-20,WWW@AC
UW-Whitewater,Isaac Verges,defense,15,0,3,2025-12-20,WWW@AC
UW-Whitewater,Jake Quast,offense,10,35,1,2025-12-20,WWW@AC
Alma Scots,Preston Malpass,defense,15,45,4,2025-12-20,WWW@AC
Alma Scots,Raine Rodich,defense,10,40,4,2025-12-20,WWW@AC
Alma Scots,Raine Rodich,defense,10,35,5,2025-12-20,WWW@AC
UW-Whitewater,Rashad Rogers,offense,45,40,1,2025-12-20,WWW@AC
UW-Whitewater,Rashad Rogers,offense,45,35,1,2025-12-20,WWW@AC
UW-Whitewater,Rashad Rogers,offense,40,30,2,2025-12-20,WWW@AC
Alma Scots,Donovan Collins,defense,45,30,3,2025-12-20,WWW@AC
Alma Scots,TEAM,defense,45,30,12,2025-12-20,WWW@AC
UW-Whitewater,Tyshawn Teague-Johnson,offense,45,25,5,2025-12-20,WWW@AC
UW-Whitewater,Tyshawn Teague-Johnson,offense,45,20,4,2025-12-20,WWW@AC
UW-Whitewater,Tyshawn Teague-Johnson,offense,30,20,18,2025-12-20,WWW@AC
UW-Whitewater,Tyshawn Teague-Johnson,offense,30,15,7,2025-12-20,WWW@AC
UW-Whitewater,Tyshawn Teague-Johnson,offense,25,20,73,2025-12-20,WWW@AC
UW-Whitewater,Isaac Verges,offense,5,40,2,2025-12-20,WWW@AC
UW-Whitewater,Isaac Verges,offense,5,35,3,2025-12-20,WWW@AC
UW-Whitewater,Isaac Verges,offense,5,30,3,2025-12-20,WWW@AC
UW-Whitewater,Isaac Verges,offense,10,25,12,2025-12-20,WWW@AC
Alma Scots,Elijah Sykes,defense,25,40,2,2025-12-20,WWW@AC
UW-Whitewater,Joey Berezowitz,offense,0,30,4,2025-12-20,WWW@AC
UW-Whitewater,Joey Berezowitz,offense,5,15,21,2025-12-20,WWW@AC
UW-Whitewater,Tyshawn Teague-Johnson,defense,20,35,13,2025-12-20,WWW@AC
UW-Whitewater,Tyshawn Teague-Johnson,defense,20,30,13,2025-12-20,WWW@AC
UW-Whitewater,Tyshawn Teague-Johnson,defense,15,5,11,2025-12-20,WWW@AC
Alma Scots,Luciano Guerrazzi,offense,35,45,3,2025-12-20,WWW@AC
Alma Scots,Luciano Guerrazzi,offense,40,35,4,2025-12-20,WWW@AC
Alma Scots,Luciano Guerrazzi,offense,40,30,9,2025-12-20,WWW@AC
Alma Scots,Luciano Guerrazzi,offense,40,25,79,2025-12-20,WWW@AC
Alma Scots,Luciano Guerrazzi,offense,35,30,9,2025-12-20,WWW@AC
Alma Scots,Luciano Guerrazzi,offense,35,35,7,2025-12-20,WWW@AC
Alma Scots,Luciano Guerrazzi,offense,40,45,2,2025-12-20,WWW@AC
Alma Scots,TEAM,offense,40,45,7,2025-12-20,WWW@AC
UW-Whitewater,Joey Berezowitz,defense,25,0,16,2025-12-20,WWW@AC
UW-Whitewater,Joey Berezowitz,defense,45,35,3,2025-12-20,WWW@AC
UW-Whitewater,TEAM,defense,45,35,8,2025-12-20,WWW@AC
UW-Whitewater,Joey Berezowitz,defense,40,35,3,2025-12-20,WWW@AC
Alma Scots,Preston Malpass,offense,15,40,11,2025-12-20,WWW@AC
Alma Scots,Preston Malpass,offense,20,40,36,2025-12-20,WWW@AC
Alma Scots,Preston Malpass,offense,30,35,8,2025-12-20,WWW@AC
Alma Scots,Preston Malpass,offense,30,30,8,2025-12-20,WWW@AC
Alma Scots,Preston Malpass,offense,30,25,15,2025-12-20,WWW@AC
Alma Scots,Preston Malpass,offense,25,40,16,2025-12-20,WWW@AC
Alma Scots,Preston Malpass,offense,20,35,21,2025-12-20,WWW@AC
Alma Scots,Preston Malpass,offense,15,35,30,2025-12-20,WWW@AC
UW-Whitewater,Isaac Verges,defense,20,45,6,2025-12-20,WWW@AC
UW-Whitewater,Isaac Verges,defense,25,35,4,2025-12-20,WWW@AC
Alma Scots,Elijah Sykes,offense,20,35,16,2025-12-20,WWW@AC
UW-Whitewater,Rashad Rogers,defense,10,35,4,2025-12-20,WWW@AC
UW-Whitewater,Rashad Rogers,defense,15,5,2,2025-12-20,WWW@AC
UW-Whitewater,Rashad Rogers,defense,25,20,13,2025-12-20,WWW@AC
UW-Whitewater,Rashad Rogers,defense,25,25,20,2025-12-20,WWW@AC
UW-Whitewater,Rashad Rogers,defense,20,25,4,2025-12-20,WWW@AC
UW-Whitewater,Rashad Rogers,defense,20,30,9,2025-12-20,WWW@AC
UW-Whitewater,Jake Quast,defense,5,20,2,2025-12-20,WWW@AC
UW-Whitewater,Jake Quast,defense,15,10,16,2025-12-20,WWW@AC
UW-Whitewater,Jake Quast,defense,20,0,2,2025-12-20,WWW@AC
Alma Scots,Donovan Collins,offense,0,30,5,2025-12-20,WWW@AC
UW-Whitewater,Isaac Verges,defense,15,35,5,2025-12-20,WWW@AC
UW-Whitewater,Jake Quast,defense,20,30,23,2025-12-20,WWW@AC
Alma Scots,Luciano Guerrazzi,offense,15,45,3,2025-12-20,WWW@AC
Alma Scots,Luciano Guerrazzi,offense,30,35,15,2025-12-20,WWW@AC
Alma Scots,Preston Malpass,offense,15,45,6,2025-12-20,WWW@AC
Alma Scots,Preston Malpass,offense,10,45,13,2025-12-20,WWW@AC
Alma Scots,Preston Malpass,offense,5,45,1,2025-12-20,WWW@AC
Alma Scots,Preston Malpass,offense,5,40,15,2025-12-20,WWW@AC
Alma Scots,Preston Malpass,offense,10,40,17,2025-12-20,WWW@AC
Alma Scots,Preston Malpass,offense,0,40,3,2025-12-20,WWW@AC
Alma Scots,Preston Malpass,offense,0,35,5,2025-12-20,WWW@AC
Alma Scots,Luciano Guerrazzi,offense,35,40,4,2025-12-20,WWW@AC
Alma Scots,Elijah Sykes,offense,5,10,15,2025-12-20,WWW@AC
Alma Scots,Elijah Sykes,offense,15,0,4,2025-12-20,WWW@AC
Alma Scots,Elijah Sykes,offense,20,5,9,2025-12-20,WWW@AC
UW-Whitewater,Rashad Rogers,defense,10,15,3,2025-12-20,WWW@AC
UW-Whitewater,Rashad Rogers,defense,5,5,1,2025-12-20,WWW@AC
UW-Whitewater,Rashad Rogers,defense,15,0,1,2025-12-20,WWW@AC
UW-Whitewater,Rashad Rogers,defense,30,20,7,2025-12-20,WWW@AC
UW-Whitewater,Rashad Rogers,defense,30,30,3,2025-12-20,WWW@AC
Alma Scots,Preston Malpass,offense,5,15,15,2025-12-20,WWW@AC
UW-Whitewater,Tyshawn Teague-Johnson,defense,25,15,56,2025-12-20,WWW@AC
UW-Whitewater,Tyshawn Teague-Johnson,defense,30,10,58,2025-12-20,WWW@AC
UW-Whitewater,Tyshawn Teague-Johnson,defense,35,10,48,2025-12-20,WWW@AC
UW-Whitewater,Tyshawn Teague-Johnson,defense,35,15,29,2025-12-20,WWW@AC
Alma Scots,Preston Malpass,offense,0,30,8,2025-12-20,WWW@AC
Alma Scots,Preston Malpass,offense,5,30,12,2025-12-20,WWW@AC
Alma Scots,Preston Malpass,offense,5,35,14,2025-12-20,WWW@AC
UW-Whitewater,Tyshawn Teague-Johnson,offense,35,35,8,2025-12-20,WWW@AC
UW-Whitewater,Tyshawn Teague-Johnson,offense,35,30,7,2025-12-20,WWW@AC
UW-Whitewater,Tyshawn Teague-Johnson,offense,35,25,13,2025-12-20,WWW@AC
UW-Whitewater,Tyshawn Teague-Johnson,offense,20,10,8,2025-12-20,WWW@AC
Alma Scots,Raine Rodich,defense,15,40,6,2025-12-20,WWW@AC
Alma Scots,Preston Malpass,defense,35,40,2,2025-12-20,WWW@AC
Alma Scots,Preston Malpass,defense,35,35,1,2025-12-20,WWW@AC
Alma Scots,Preston Malpass,defense,30,35,2,2025-12-20,WWW@AC
Alma Scots,Preston Malpass,defense,30,30,9,2025-12-20,WWW@AC
Alma Scots,Preston Malpass,defense,15,35,15,2025-12-20,WWW@AC
UW-Whitewater,Isaac Verges,offense,15,30,3,2025-12-20,WWW@AC
UW-Whitewater,Isaac Verges,offense,35,35,1,2025-12-20,WWW@AC
UW-Whitewater,Isaac Verges,offense,45,25,2,2025-12-20,WWW@AC
Alma Scots,Elijah Sykes,defense,30,35,8,2025-12-20,WWW@AC
Alma Scots,Elijah Sykes,defense,30,40,13,2025-12-20,WWW@AC
Alma Scots,Luciano Guerrazzi,defense,45,25,2,2025-12-20,WWW@AC
Alma Scots,Luciano Guerrazzi,defense,45,20,1,2025-12-20,WWW@AC
Alma Scots,TEAM,defense,45,20,13,2025-12-20,WWW@AC
Alma Scots,Luciano Guerrazzi,defense,45,15,1,2025-12-20,WWW@AC
Alma Scots,Luciano Guerrazzi,defense,45,10,3,2025-12-20,WWW@AC
Alma Scots,Luciano Guerrazzi,defense,45,5,2,2025-12-20,WWW@AC
Alma Scots,Luciano Guerrazzi,defense,40,5,4,2025-12-20,WWW@AC
Alma Scots,Luciano Guerrazzi,defense,40,0,2,2025-12-20,WWW@AC
Alma Scots,TEAM,defense,40,0,8,2025-12-20,WWW@AC
Alma Scots,Luciano Guerrazzi,defense,35,0,1,2025-12-20,WWW@AC
Alma Scots,Luciano Guerrazzi,defense,20,0,7,2025-12-20,WWW@AC
Alma Scots,Luciano Guerrazzi,defense,10,40,17,2025-12-20,WWW@AC
Alma Scots,Luciano Guerrazzi,defense,10,45,3,2025-12-20,WWW@AC
Alma Scots,TEAM,defense,10,45,11,2025-12-20,WWW@AC
UW-Whitewater,Jake Quast,offense,10,40,3,2025-12-20,WWW@AC
UW-Whitewater,Rashad Rogers,offense,25,35,1,2025-12-20,WWW@AC
UW-Whitewater,Jake Quast,offense,40,35,1,2025-12-20,WWW@AC
UW-Whitewater,Jake Quast,offense,45,5,15,2025-12-20,WWW@AC
UW-Whitewater,Isaac Verges,offense,40,45,2,2025-12-20,WWW@AC
UW-Whitewater,TEAM,offense,40,45,7,2025-12-20,WWW@AC
UW-Whitewater,Tyshawn Teague-Johnson,offense,45,45,3,2025-12-20,WWW@AC
UW-Whitewater,Tyshawn Teague-Johnson,offense,40,40,5,2025-12-20,WWW@AC
UW-Whitewater,Tyshawn Teague-Johnson,offense,35,40,3,2025-12-20,WWW@AC
UW-Whitewater,Tyshawn Teague-Johnson,offense,30,35,1,2025-12-20,WWW@AC
UW-Whitewater,Tyshawn Teague-Johnson,offense,30,30,6,2025-12-20,WWW@AC
UW-Whitewater,Tyshawn Teague-Johnson,offense,25,30,27,2025-12-20,WWW@AC
Alma Scots,Luciano Guerrazzi,offense,40,40,11,2025-12-20,WWW@AC
Alma Scots,Luciano Guerrazzi,offense,0,25,7,2025-12-20,WWW@AC
Alma Scots,Luciano Guerrazzi,offense,0,35,3,2025-12-20,WWW@AC
Alma Scots,Luciano Guerrazzi,offense,0,40,2,2025-12-20,WWW@AC
UW-Whitewater,Richie Warren,defense,35,35,14,2025-12-20,WWW@AC
UW-Whitewater,Richie Warren,defense,40,35,2,2025-12-20,WWW@AC
UW-Whitewater,Richie Warren,defense,40,30,1,2025-12-20,WWW@AC
UW-Whitewater,TEAM,defense,40,30,30,2025-12-20,WWW@AC
UW-Whitewater,Luke Bara,defense,0,20,11,2025-12-20,WWW@AC
UW-Whitewater,Luke Bara,defense,0,15,1,2025-12-20,WWW@AC
UW-Whitewater,Joey Berezowitz,defense,5,10,14,2025-12-20,WWW@AC
UW-Whitewater,Joey Berezowitz,defense,40,30,2,2025-12-20,WWW@AC
Alma Scots,Elijah Sykes,offense,5,40,2,2025-12-20,WWW@AC
Alma Scots,Elijah Sykes,offense,0,35,3,2025-12-20,WWW@AC
Alma Scots,Elijah Sykes,offense,0,25,3,2025-12-20,WWW@AC
Alma Scots,Elijah Sykes,offense,10,5,2,2025-12-20,WWW@AC
Alma Scots,Donovan Collins,offense,25,0,8,2025-12-20,WWW@AC
UW-Whitewater,Joey Berezowitz,defense,40,20,5,2025-12-20,WWW@AC
Alma Scots,Preston Malpass,offense,40,30,3,2025-12-20,WWW@AC
Alma Scots,Preston Malpass,offense,45,25,2,2025-12-20,WWW@AC
Alma Scots,Preston Malpass,offense,35,10,4,2025-12-20,WWW@AC
Alma Scots,Preston Malpass,offense,15,5,6,2025-12-20,WWW@AC
Alma Scots,Preston Malpass,offense,20,15,21,2025-12-20,WWW@AC
Alma Scots,Preston Malpass,offense,15,20,15,2025-12-20,WWW@AC
Alma Scots,Preston Malpass,offense,25,25,25,2025-12-20,WWW@AC
Alma Scots,Preston Malpass,offense,25,45,5,2025-12-20,WWW@AC
UW-Whitewater,Luke Bara,defense,30,25,33,2025-12-20,WWW@AC
UW-Whitewater,Tyshawn Teague-Johnson,defense,25,10,24,2025-12-20,WWW@AC
UW-Whitewater,Tyshawn Teague-Johnson,defense,25,20,28,2025-12-20,WWW@AC
UW-Whitewater,Tyshawn Teague-Johnson,defense,35,30,9,2025-12-20,WWW@AC
UW-Whitewater,Tyshawn Teague-Johnson,defense,35,35,12,2025-12-20,WWW@AC
UW-Whitewater,Tyshawn Teague-Johnson,defense,30,40,3,2025-12-20,WWW@AC
Alma Scots,Luciano Guerrazzi,defense,30,35,4,2025-12-20,WWW@AC
Alma Scots,Raine Rodich,defense,20,45,6,2025-12-20,WWW@AC
Alma Scots,Raine Rodich,defense,20,35,10,2025-12-20,WWW@AC
Alma Scots,Donovan Collins,defense,25,35,11,2025-12-20,WWW@AC
UW-Whitewater,Luke Bara,offense,5,35,1,2025-12-20,WWW@AC
UW-Whitewater,Collin Madson,offense,5,40,4,2025-12-20,WWW@AC
UW-Whitewater,Collin Madson,offense,0,10,22,2025-12-20,WWW@AC
Alma Scots,Preston Malpass,defense,35,45,2,2025-12-20,WWW@AC
UW-Whitewater,Richie Warren,offense,15,35,15,2025-12-20,WWW@AC
UW-Whitewater,Richie Warren,offense,15,30,28,2025-12-20,WWW@AC
UW-Whitewater,Richie Warren,offense,25,0,8,2025-12-20,WWW@AC
UW-Whitewater,Joey Berezowitz,offense,45,25,3,2025-12-20,WWW@AC
Alma Scots,Preston Malpass,defense,10,30,9,2025-12-20,WWW@AC
Alma Scots,Preston Malpass,defense,10,35,9,2025-12-20,WWW@AC
Alma Scots,Donovan Collins,offense,40,45,1,2025-12-20,WWW@AC
Alma Scots,Donovan Collins,offense,45,35,2,2025-12-20,WWW@AC
Alma Scots,Donovan Collins,offense,20,0,9,2025-12-20,WWW@AC
Alma Scots,Luciano Guerrazzi,offense,45,35,4,2025-12-20,WWW@AC
Alma Scots,Luciano Guerrazzi,offense,40,5,1,2025-12-20,WWW@AC
Alma Scots,Luciano Guerrazzi,offense,40,10,1,2025-12-20,WWW@AC
UW-Whitewater,Richie Warren,defense,40,40,1,2025-12-20,WWW@AC
Alma Scots,Elijah Sykes,offense,20,40,27,2025-12-20,WWW@AC
UW-Whitewater,Tyshawn Teague-Johnson,defense,30,25,10,2025-12-20,WWW@AC
UW-Whitewater,Tyshawn Teague-Johnson,defense,35,20,13,2025-12-20,WWW@AC
UW-Whitewater,Tyshawn Teague-Johnson,defense,30,20,19,2025-12-20,WWW@AC
UW-Whitewater,Tyshawn Teague-Johnson,defense,30,15,50,2025-12-20,WWW@AC
UW-Whitewater,Tyshawn Teague-Johnson,defense,35,5,13,2025-12-20,WWW@AC
UW-Whitewater,Tyshawn Teague-Johnson,defense,30,0,3,2025-12-20,WWW@AC
UW-Whitewater,Tyshawn Teague-Johnson,defense,35,0,1,2025-12-20,WWW@AC
Alma Scots,Preston Malpass,offense,15,30,19,2025-12-20,WWW@AC
Alma Scots,Preston Malpass,offense,15,25,21,2025-12-20,WWW@AC
Alma Scots,Preston Malpass,offense,25,5,14,2025-12-20,WWW@AC
Alma Scots,Preston Malpass,offense,20,5,16,2025-12-20,WWW@AC
UW-Whitewater,Joey Berezowitz,defense,35,45,1,2025-12-20,WWW@AC
UW-Whitewater,Luke Bara,defense,20,0,7,2025-12-20,WWW@AC
UW-Whitewater,Richie Warren,defense,0,20,1,2025-12-20,WWW@AC
Alma Scots,Elijah Sykes,defense,10,45,1,2025-12-20,WWW@AC
Alma Scots,Elijah Sykes,defense,5,35,1,2025-12-20,WWW@AC
Alma Scots,Raine Rodich,defense,35,40,1,2025-12-20,WWW@AC
UW-Whitewater,Tyshawn Teague-Johnson,offense,5,40,2,2025-12-20,WWW@AC
UW-Whitewater,Richie Warren,offense,35,45,4,2025-12-20,WWW@AC
UW-Whitewater,Richie Warren,offense,40,25,11,2025-12-20,WWW@AC
UW-Whitewater,Richie Warren,offense,40,20,16,2025-12-20,WWW@AC
UW-Whitewater,Richie Warren,offense,35,15,12,2025-12-20,WWW@AC
UW-Whitewater,Richie Warren,offense,35,20,12,2025-12-20,WWW@AC
UW-Whitewater,Richie Warren,offense,35,25,21,2025-12-20,WWW@AC
UW-Whitewater,Luke Bara,offense,25,45,2,2025-12-20,WWW@AC
UW-Whitewater,Joey Berezowitz,offense,5,45,2,2025-12-20,WWW@AC
Alma Scots,Luciano Guerrazzi,offense,25,40,18,2025-12-20,WWW@AC
Alma Scots,Luciano Guerrazzi,offense,30,40,10,2025-12-20,WWW@AC
Alma Scots,Elijah Sykes,offense,35,40,2,2025-12-20,WWW@AC
Alma Scots,Elijah Sykes,offense,25,0,5,2025-12-20,WWW@AC
Alma Scots,Preston Malpass,offense,0,25,14,2025-12-20,WWW@AC
Alma Scots,Preston Malpass,offense,0,20,5,2025-12-20,WWW@AC
Alma Scots,Preston Malpass,offense,0,15,10,2025-12-20,WWW@AC
Alma Scots,Preston Malpass,offense,0,10,7,2025-12-20,WWW@AC
Alma Scots,Preston Malpass,offense,10,10,8,2025-12-20,WWW@AC
Alma Scots,Preston Malpass,offense,15,10,60,2025-12-20,WWW@AC
Alma Scots,Preston Malpass,offense,20,10,14,2025-12-20,WWW@AC
Alma Scots,Preston Malpass,offense,25,0,4,2025-12-20,WWW@AC
Alma Scots,Preston Malpass,offense,20,0,2,2025-12-20,WWW@AC
Alma Scots,Preston Malpass,offense,10,20,36,2025-12-20,WWW@AC
Alma Scots,Preston Malpass,offense,10,25,27,2025-12-20,WWW@AC
Alma Scots,Preston Malpass,offense,10,30,5,2025-12-20,WWW@AC
UW-Whitewater,Joey Berezowitz,defense,40,5,4,2025-12-20,WWW@AC
UW-Whitewater,Luke Bara,defense,35,5,38,2025-12-20,WWW@AC
Alma Scots,Luciano Guerrazzi,defense,30,45,1,2025-12-20,WWW@AC
UW-Whitewater,Richie Warren,offense,15,40,7,2025-12-20,WWW@AC
UW-Whitewater,Richie Warren,offense,15,45,2,2025-12-20,WWW@AC
UW-Whitewater,Richie Warren,offense,20,40,3,2025-12-20,WWW@AC
UW-Whitewater,Richie Warren,offense,25,30,25,2025-12-20,WWW@AC
UW-Whitewater,Tyshawn Teague-Johnson,offense,5,45,4,2025-12-20,WWW@AC
Alma Scots,Preston Malpass,defense,10,45,1,2025-12-20,WWW@AC
Alma Scots,Preston Malpass,defense,10,40,1,2025-12-20,WWW@AC
UW-Whitewater,Joey Berezowitz,offense,20,45,7,2025-12-20,WWW@AC
Alma Scots,Raine Rodich,defense,45,40,1,2025-12-20,WWW@AC
Alma Scots,TEAM,defense,45,40,5,2025-12-20,WWW@AC
UW-Whitewater,Collin Madson,offense,15,35,8,2025-12-20,WWW@AC
UW-Whitewater,Luke Bara,offense,40,25,8,2025-12-20,WWW@AC
Alma Scots,Preston Malpass,offense,10,35,19,2025-12-20,WWW@AC
Alma Scots,Preston Malpass,offense,15,15,12,2025-12-20,WWW@AC
Alma Scots,Preston Malpass,offense,30,20,26,2025-12-20,WWW@AC
Alma Scots,Preston Malpass,offense,20,30,16,2025-12-20,WWW@AC
Alma Scots,Luciano Guerrazzi,offense,25,45,5,2025-12-20,WWW@AC
Alma Scots,Luciano Guerrazzi,offense,35,20,12,2025-12-20,WWW@AC
Alma Scots,Elijah Sykes,offense,45,0,1,2025-12-20,WWW@AC
UW-Whitewater,Joey Berezowitz,defense,45,20,4,2025-12-20,WWW@AC
Alma Scots,Elijah Sykes,defense,25,45,2,2025-12-20,WWW@AC
UW-Whitewater,Richie Warren,offense,30,45,1,2025-12-20,WWW@AC
UW-Whitewater,Tyshawn Teague-Johnson,offense,10,35,1,2025-12-20,WWW@AC
Alma Scots,Preston Malpass,defense,20,40,3,2025-12-20,WWW@AC
Alma Scots,Preston Malpass,defense,20,45,2,2025-12-20,WWW@AC
Alma Scots,Preston Malpass,defense,25,45,2,2025-12-20,WWW@AC
Alma Scots,Preston Malpass,defense,25,40,7,2025-12-20,WWW@AC
UW-Whitewater,Joey Berezowitz,offense,30,45,2,2025-12-20,WWW@AC
Alma Scots,Preston Malpass,offense,15,0,6,2025-12-20,WWW@AC
UW-Whitewater,Darius Chestnut,defense,25,10,51,2025-12-20,WWW@AC
Alma Scots,Raine Rodich,offense,40,10,6,2025-12-20,WWW@AC
Alma Scots,Raine Rodich,offense,45,10,14,2025-12-20,WWW@AC
Alma Scots,Raine Rodich,offense,45,15,4,2025-12-20,WWW@AC
Alma Scots,Korbin Heitzman,offense,35,0,6,2025-12-20,WWW@AC
UW-Whitewater,Darius Chestnut,defense,20,20,39,2025-12-20,WWW@AC
UW-Whitewater,Darius Chestnut,defense,20,15,59,2025-12-20,WWW@AC
UW-Whitewater,Darius Chestnut,defense,20,5,33,2025-12-20,WWW@AC
UW-Whitewater,Darius Chestnut,defense,25,0,16,2025-12-20,WWW@AC
UW-Whitewater,Darius Chestnut,defense,20,0,8,2025-12-20,WWW@AC
UW-Whitewater,Darius Chestnut,defense,25,5,58,2025-12-20,WWW@AC
UW-Whitewater,Darius Chestnut,defense,30,5,40,2025-12-20,WWW@AC
UW-Whitewater,Darius Chestnut,defense,40,25,2,2025-12-20,WWW@AC
UW-Whitewater,Darius Chestnut,defense,40,30,2,2025-12-20,WWW@AC
UW-Whitewater,Darius Chestnut,defense,35,40,1,2025-12-20,WWW@AC
UW-Whitewater,Collin Madson,defense,0,45,1,2025-12-20,WWW@AC
UW-Whitewater,TEAM,defense,0,45,2,2025-12-20,WWW@AC
Alma Scots,Donovan Collins,defense,15,30,17,2025-12-20,WWW@AC
Alma Scots,Donovan Collins,defense,15,25,22,2025-12-20,WWW@AC
Alma Scots,Preston Malpass,defense,5,25,6,2025-12-20,WWW@AC
Alma Scots,Preston Malpass,defense,5,20,25,2025-12-20,WWW@AC
Alma Scots,Preston Malpass,defense,0,15,9,2025-12-20,WWW@AC
Alma Scots,Preston Malpass,defense,0,20,2,2025-12-20,WWW@AC
Alma Scots,Preston Malpass,defense,30,25,7,2025-12-20,WWW@AC
Alma Scots,Josh Elliott,defense,25,30,12,2025-12-20,WWW@AC
Alma Scots,Josh Elliott,defense,10,20,23,2025-12-20,WWW@AC
Alma Scots,Josh Elliott,defense,5,20,6,2025-12-20,WWW@AC
Alma Scots,Josh Elliott,defense,5,25,7,2025-12-20,WWW@AC
Alma Scots,Korbin Heitzman,defense,0,5,6,2025-12-20,WWW@AC
Alma Scots,Korbin Heitzman,defense,0,25,1,2025-12-20,WWW@AC
UW-Whitewater,Richie Warren,offense,40,40,3,2025-12-20,WWW@AC
UW-Whitewater,Richie Warren,offense,35,40,6,2025-12-20,WWW@AC
UW-Whitewater,Richie Warren,offense,25,5,10,2025-12-20,WWW@AC
UW-Whitewater,Richie Warren,offense,45,15,20,2025-12-20,WWW@AC
UW-Whitewater,Collin Madson,offense,45,10,19,2025-12-20,WWW@AC
UW-Whitewater,Darius Chestnut,offense,45,5,28,2025-12-20,WWW@AC
UW-Whitewater,Darius Chestnut,offense,40,5,12,2025-12-20,WWW@AC
UW-Whitewater,Darius Chestnut,offense,40,10,11,2025-12-20,WWW@AC
UW-Whitewater,Darius Chestnut,offense,35,10,7,2025-12-20,WWW@AC
UW-Whitewater,Darius Chestnut,offense,35,15,24,2025-12-20,WWW@AC
UW-Whitewater,Darius Chestnut,offense,35,20,17,2025-12-20,WWW@AC
UW-Whitewater,Collin Madson,offense,40,25,21,2025-12-20,WWW@AC
UW-Whitewater,Darius Chestnut,offense,5,35,6,2025-12-20,WWW@AC
UW-Whitewater,Darius Chestnut,offense,10,35,3,2025-12-20,WWW@AC
UW-Whitewater,Darius Chestnut,offense,10,30,13,2025-12-20,WWW@AC
UW-Whitewater,Darius Chestnut,offense,15,25,37,2025-12-20,WWW@AC
UW-Whitewater,Darius Chestnut,offense,15,20,29,2025-12-20,WWW@AC
UW-Whitewater,Darius Chestnut,offense,20,30,22,2025-12-20,WWW@AC
Alma Scots,Preston Malpass,offense,20,45,7,2025-12-20,WWW@AC
Alma Scots,Preston Malpass,offense,20,20,20,2025-12-20,WWW@AC
Alma Scots,Preston Malpass,offense,5,0,1,2025-12-20,WWW@AC
Alma Scots,Preston Malpass,offense,5,5,2,2025-12-20,WWW@AC
Alma Scots,Josh Elliott,offense,45,35,2,2025-12-20,WWW@AC
Alma Scots,Josh Elliott,offense,45,30,1,2025-12-20,WWW@AC
Alma Scots,Josh Elliott,offense,45,25,16,2025-12-20,WWW@AC
UW-Whitewater,Joey Berezowitz,defense,30,30,6,2025-12-20,WWW@AC
UW-Whitewater,Darius Chestnut,defense,10,45,1,2025-12-20,WWW@AC
UW-Whitewater,Darius Chestnut,defense,10,40,1,2025-12-20,WWW@AC
UW-Whitewater,Darius Chestnut,defense,10,35,1,2025-12-20,WWW@AC
UW-Whitewater,Darius Chestnut,defense,10,20,18,2025-12-20,WWW@AC
UW-Whitewater,Darius Chestnut,defense,0,0,1,2025-12-20,WWW@AC
Alma Scots,Donovan Collins,offense,0,10,58,2025-12-20,WWW@AC
UW-Whitewater,Darius Chestnut,defense,35,15,22,2025-12-20,WWW@AC
UW-Whitewater,Darius Chestnut,defense,35,10,48,2025-12-20,WWW@AC
UW-Whitewater,Darius Chestnut,defense,30,10,24,2025-12-20,WWW@AC
UW-Whitewater,Darius Chestnut,defense,20,10,67,2025-12-20,WWW@AC
UW-Whitewater,Darius Chestnut,defense,15,5,74,2025-12-20,WWW@AC
UW-Whitewater,Darius Chestnut,defense,15,10,87,2025-12-20,WWW@AC
UW-Whitewater,Darius Chestnut,defense,5,5,3,2025-12-20,WWW@AC
Alma Scots,Korbin Heitzman,offense,0,0,1,2025-12-20,WWW@AC
Alma Scots,Donovan Collins,offense,35,0,4,2025-12-20,WWW@AC
Alma Scots,Donovan Collins,defense,0,45,1,2025-12-20,WWW@AC
Alma Scots,Donovan Collins,defense,0,35,1,2025-12-20,WWW@AC
UW-Whitewater,Luke Bara,offense,40,35,7,2025-12-20,WWW@AC
Alma Scots,Josh Elliott,defense,10,30,2,2025-12-20,WWW@AC
UW-Whitewater,Richie Warren,offense,25,35,8,2025-12-20,WWW@AC
Alma Scots,Korbin Heitzman,defense,40,25,4,2025-12-20,WWW@AC
Alma Scots,Korbin Heitzman,defense,40,20,11,2025-12-20,WWW@AC
Alma Scots,Korbin Heitzman,defense,40,15,16,2025-12-20,WWW@AC
Alma Scots,Korbin Heitzman,defense,30,35,9,2025-12-20,WWW@AC
Alma Scots,Korbin Heitzman,defense,35,45,4,2025-12-20,WWW@AC
Alma Scots,Preston Malpass,defense,30,40,2,2025-12-20,WWW@AC
Alma Scots,Preston Malpass,defense,40,30,3,2025-12-20,WWW@AC
UW-Whitewater,Darius Chestnut,offense,30,15,16,2025-12-20,WWW@AC
UW-Whitewater,Darius Chestnut,offense,30,20,11,2025-12-20,WWW@AC
Alma Scots,Preston Malpass,defense,5,40,1,2025-12-20,WWW@AC
UW-Whitewater,Darius Chestnut,defense,35,30,4,2025-12-20,WWW@AC
UW-Whitewater,Darius Chestnut,defense,30,45,2,2025-12-20,WWW@AC
UW-Whitewater,Darius Chestnut,defense,30,40,4,2025-12-20,WWW@AC
UW-Whitewater,Collin Madson,defense,40,10,15,2025-12-20,WWW@AC
Alma Scots,Preston Malpass,offense,25,35,10,2025-12-20,WWW@AC
Alma Scots,Preston Malpass,offense,25,30,26,2025-12-20,WWW@AC
Alma Scots,Preston Malpass,offense,20,25,13,2025-12-20,WWW@AC
Alma Scots,Preston Malpass,offense,5,20,31,2025-12-20,WWW@AC
Alma Scots,Preston Malpass,offense,5,25,47,2025-12-20,WWW@AC
UW-Whitewater,Darius Chestnut,defense,30,15,33,2025-12-20,WWW@AC
UW-Whitewater,Darius Chestnut,defense,25,15,46,2025-12-20,WWW@AC
UW-Whitewater,Darius Chestnut,defense,25,20,21,2025-12-20,WWW@AC
UW-Whitewater,Darius Chestnut,defense,30,25,21,2025-12-20,WWW@AC
UW-Whitewater,Darius Chestnut,defense,25,25,16,2025-12-20,WWW@AC
UW-Whitewater,Darius Chestnut,defense,20,25,6,2025-12-20,WWW@AC
UW-Whitewater,Darius Chestnut,defense,25,30,9,2025-12-20,WWW@AC
UW-Whitewater,Darius Chestnut,defense,30,30,6,2025-12-20,WWW@AC
UW-Whitewater,Richie Warren,offense,40,15,9,2025-12-20,WWW@AC
Alma Scots,TEAM,defense,45,0,14,2025-12-20,WWW@AC
UW-Whitewater,Luke Bara,offense,15,45,2,2025-12-20,WWW@AC
UW-Whitewater,Joey Berezowitz,offense,40,45,3,2025-12-20,WWW@AC
UW-Whitewater,Darius Chestnut,offense,20,40,15,2025-12-20,WWW@AC
UW-Whitewater,Darius Chestnut,offense,20,35,17,2025-12-20,WWW@AC
UW-Whitewater,Darius Chestnut,offense,15,30,12,2025-12-20,WWW@AC
UW-Whitewater,Darius Chestnut,offense,20,25,21,2025-12-20,WWW@AC
UW-Whitewater,Darius Chestnut,offense,25,25,46,2025-12-20,WWW@AC
UW-Whitewater,Darius Chestnut,offense,30,25,5,2025-12-20,WWW@AC
UW-Whitewater,Darius Chestnut,offense,30,30,13,2025-12-20,WWW@AC
UW-Whitewater,Darius Chestnut,offense,30,35,8,2025-12-20,WWW@AC
UW-Whitewater,Darius Chestnut,offense,35,35,1,2025-12-20,WWW@AC
UW-Whitewater,Darius Chestnut,offense,35,30,1,2025-12-20,WWW@AC
UW-Whitewater,Darius Chestnut,offense,40,30,4,2025-12-20,WWW@AC
UW-Whitewater,Darius Chestnut,offense,45,30,5,2025-12-20,WWW@AC
Alma Scots,TEAM,defense,45,35,12,2025-12-20,WWW@AC
Alma Scots,Josh Elliott,defense,45,15,4,2025-12-20,WWW@AC
Alma Scots,Joss Bradley,defense,45,20,4,2025-12-20,WWW@AC
Alma Scots,Joss Bradley,defense,45,5,17,2025-12-20,WWW@AC
Alma Scots,Joss Bradley,defense,45,0,4,2025-12-20,WWW@AC
UW-Whitewater,Collin Madson,offense,35,25,29,2025-12-20,WWW@AC
UW-Whitewater,Collin Madson,offense,0,5,19,2025-12-20,WWW@AC
UW-Whitewater,Darius Chestnut,offense,15,15,25,2025-12-20,WWW@AC
UW-Whitewater,Darius Chestnut,offense,15,10,98,2025-12-20,WWW@AC
UW-Whitewater,Darius Chestnut,offense,20,10,30,2025-12-20,WWW@AC
UW-Whitewater,Darius Chestnut,offense,10,15,23,2025-12-20,WWW@AC
UW-Whitewater,Darius Chestnut,offense,5,15,7,2025-12-20,WWW@AC
UW-Whitewater,Darius Chestnut,offense,0,15,4,2025-12-20,WWW@AC
UW-Whitewater,Darius Chestnut,offense,0,10,9,2025-12-20,WWW@AC
UW-Whitewater,Darius Chestnut,offense,5,10,3,2025-12-20,WWW@AC
UW-Whitewater,Darius Chestnut,offense,0,5,7,2025-12-20,WWW@AC
UW-Whitewater,Darius Chestnut,offense,0,0,3,2025-12-20,WWW@AC
UW-Whitewater,Luke Bara,offense,35,30,14,2025-12-20,WWW@AC
UW-Whitewater,Luke Bara,offense,0,15,4,2025-12-20,WWW@AC
Alma Scots,Joss Bradley,defense,0,5,9,2025-12-20,WWW@AC
Alma Scots,Joss Bradley,defense,5,5,7,2025-12-20,WWW@AC
UW-Whitewater,Darius Chestnut,offense,25,5,9,2025-12-20,WWW@AC
UW-Whitewater,Darius Chestnut,offense,25,0,4,2025-12-20,WWW@AC
UW-Whitewater,Darius Chestnut,offense,30,0,17,2025-12-20,WWW@AC
UW-Whitewater,Darius Chestnut,offense,15,5,10,2025-12-20,WWW@AC
UW-Whitewater,Darius Chestnut,offense,10,10,12,2025-12-20,WWW@AC
Alma Scots,Logan St. Martin,offense,10,45,3,2025-12-20,WWW@AC
UW-Whitewater,Luke Bara,defense,0,45,1,2025-12-20,WWW@AC
UW-Whitewater,Luke Bara,defense,0,40,2,2025-12-20,WWW@AC
UW-Whitewater,Luke Bara,defense,35,40,7,2025-12-20,WWW@AC
UW-Whitewater,Luke Bara,defense,35,30,14,2025-12-20,WWW@AC
UW-Whitewater,Luke Bara,defense,40,5,5,2025-12-20,WWW@AC
Alma Scots,Joss Bradley,offense,30,10,24,2025-12-20,WWW@AC
Alma Scots,Joss Bradley,offense,10,10,19,2025-12-20,WWW@AC
Alma Scots,Logan St. Martin,offense,0,25,4,2025-12-20,WWW@AC
Alma Scots,Logan St. Martin,offense,0,20,2,2025-12-20,WWW@AC
Alma Scots,Logan St. Martin,offense,0,15,5,2025-12-20,WWW@AC
UW-Whitewater,Darius Chestnut,defense,35,0,8,2025-12-20,WWW@AC
UW-Whitewater,Joey Berezowitz,defense,30,0,20,2025-12-20,WWW@AC
Alma Scots,Joss Bradley,offense,45,0,2,2025-12-20,WWW@AC
Alma Scots,Joss Bradley,offense,40,5,31,2025-12-20,WWW@AC
UW-Whitewater,Richie Warren,defense,25,0,8,2025-12-20,WWW@AC
UW-Whitewater,Richie Warren,defense,30,0,12,2025-12-20,WWW@AC
Alma Scots,Donovan Collins,offense,15,0,4,2025-12-20,WWW@AC
Alma Scots,Donovan Collins,offense,40,35,2,2025-12-20,WWW@AC
UW-Whitewater,Darius Chestnut,defense,35,20,13,2025-12-20,WWW@AC
UW-Whitewater,Darius Chestnut,defense,30,20,20,2025-12-20,WWW@AC
Alma Scots,Korbin Heitzman,offense,5,30,1,2025-12-20,WWW@AC
Alma Scots,Korbin Heitzman,offense,10,40,2,2025-12-20,WWW@AC
Alma Scots,Logan St. Martin,offense,20,40,3,2025-12-20,WWW@AC
Alma Scots,Joss Bradley,offense,30,5,24,2025-12-20,WWW@AC
Alma Scots,Josh Elliott,defense,45,5,6,2025-12-20,WWW@AC
Alma Scots,Joss Bradley,defense,30,35,2,2025-12-20,WWW@AC
UW-Whitewater,Luke Bara,offense,0,25,9,2025-12-20,WWW@AC
UW-Whitewater,Richie Warren,offense,45,0,1,2025-12-20,WWW@AC
Alma Scots,Korbin Heitzman,defense,45,25,2,2025-12-20,WWW@AC
Alma Scots,Korbin Heitzman,defense,45,20,3,2025-12-20,WWW@AC
Alma Scots,Korbin Heitzman,defense,45,15,7,2025-12-20,WWW@AC
Alma Scots,Korbin Heitzman,defense,45,10,5,2025-12-20,WWW@AC
Alma Scots,Korbin Heitzman,defense,45,5,6,2025-12-20,WWW@AC
UW-Whitewater,Darius Chestnut,offense,20,5,10,2025-12-20,WWW@AC
UW-Whitewater,Darius Chestnut,offense,25,10,16,2025-12-20,WWW@AC
UW-Whitewater,Darius Chestnut,offense,30,10,59,2025-12-20,WWW@AC
UW-Whitewater,Darius Chestnut,offense,35,5,10,2025-12-20,WWW@AC
UW-Whitewater,Darius Chestnut,offense,30,5,16,2025-12-20,WWW@AC
UW-Whitewater,Darius Chestnut,offense,35,0,2,2025-12-20,WWW@AC
UW-Whitewater,Darius Chestnut,offense,40,0,4,2025-12-20,WWW@AC
Alma Scots,Josh Elliott,defense,40,5,58,2025-12-20,WWW@AC
UW-Whitewater,Richie Warren,offense,40,0,3,2025-12-20,WWW@AC
UW-Whitewater,Darius Chestnut,offense,25,20,18,2025-12-20,WWW@AC
UW-Whitewater,Darius Chestnut,offense,10,20,19,2025-12-20,WWW@AC
Alma Scots,Logan St. Martin,defense,30,30,3,2025-12-20,WWW@AC
UW-Whitewater,Darius Chestnut,offense,20,15,27,2025-12-20,WWW@AC
UW-Whitewater,Darius Chestnut,offense,25,15,24,2025-12-20,WWW@AC
UW-Whitewater,Darius Chestnut,offense,25,30,31,2025-12-20,WWW@AC
UW-Whitewater,Darius Chestnut,offense,20,20,17,2025-12-20,WWW@AC
Alma Scots,Donovan Collins,defense,45,10,6,2025-12-20,WWW@AC
UW-Whitewater,Joey Berezowitz,offense,30,0,7,2025-12-20,WWW@AC
UW-Whitewater,Joey Berezowitz,offense,35,0,3,2025-12-20,WWW@AC
UW-Whitewater,Joey Berezowitz,defense,40,40,2,2025-12-20,WWW@AC
Alma Scots,Joss Bradley,offense,0,35,2,2025-12-20,WWW@AC
Alma Scots,Joss Bradley,offense,5,35,4,2025-12-20,WWW@AC
Alma Scots,Joss Bradley,offense,0,30,1,2025-12-20,WWW@AC
Alma Scots,Joss Bradley,offense,5,30,14,2025-12-20,WWW@AC
Alma Scots,Joss Bradley,offense,0,15,16,2025-12-20,WWW@AC
Alma Scots,Joss Bradley,offense,0,10,30,2025-12-20,WWW@AC
UW-Whitewater,Darius Chestnut,defense,20,40,2,2025-12-20,WWW@AC
UW-Whitewater,Darius Chestnut,defense,15,40,2,2025-12-20,WWW@AC
UW-Whitewater,Darius Chestnut,defense,20,45,2,2025-12-20,WWW@AC
UW-Whitewater,Darius Chestnut,defense,15,35,13,2025-12-20,WWW@AC
UW-Whitewater,Darius Chestnut,defense,20,35,18,2025-12-20,WWW@AC
UW-Whitewater,Darius Chestnut,defense,20,30,16,2025-12-20,WWW@AC
UW-Whitewater,Darius Chestnut,defense,25,40,9,2025-12-20,WWW@AC
UW-Whitewater,Darius Chestnut,defense,30,35,4,2025-12-20,WWW@AC
UW-Whitewater,Luke Bara,defense,10,25,25,2025-12-20,WWW@AC
Alma Scots,Josh Elliott,offense,20,0,1,2025-12-20,WWW@AC
UW-Whitewater,Richie Warren,defense,15,40,3,2025-12-20,WWW@AC
Alma Scots,Logan St. Martin,offense,0,5,8,2025-12-20,WWW@AC
UW-Whitewater,Darius Chestnut,defense,10,5,11,2025-12-20,WWW@AC
UW-Whitewater,Darius Chestnut,defense,10,10,26,2025-12-20,WWW@AC
UW-Whitewater,Luke Bara,defense,40,25,6,2025-12-20,WWW@AC
UW-Whitewater,Luke Bara,defense,40,20,9,2025-12-20,WWW@AC
Alma Scots,Joss Bradley,offense,35,5,20,2025-12-20,WWW@AC
UW-Whitewater,Joey Berezowitz,defense,0,0,1,2025-12-20,WWW@AC
Alma Scots,Donovan Collins,defense,45,35,3,2025-12-20,WWW@AC
Alma Scots,Joss Bradley,defense,10,45,3,2025-12-20,WWW@AC
Alma Scots,Joss Bradley,defense,10,40,9,2025-12-20,WWW@AC
Alma Scots,Joss Bradley,defense,10,35,11,2025-12-20,WWW@AC
Alma Scots,Joss Bradley,defense,5,25,7,2025-12-20,WWW@AC
Alma Scots,Joss Bradley,defense,35,25,28,2025-12-20,WWW@AC
Alma Scots,Josh Elliott,defense,0,20,3,2025-12-20,WWW@AC
UW-Whitewater,Collin Madson,offense,45,20,11,2025-12-20,WWW@AC
UW-Whitewater,Collin Madson,offense,35,20,12,2025-12-20,WWW@AC
UW-Whitewater,Richie Warren,offense,45,25,4,2025-12-20,WWW@AC
UW-Whitewater,Richie Warren,offense,45,20,8,2025-12-20,WWW@AC
UW-Whitewater,Richie Warren,offense,40,30,6,2025-12-20,WWW@AC
UW-Whitewater,Richie Warren,offense,30,0,3,2025-12-20,WWW@AC
UW-Whitewater,Darius Chestnut,offense,0,25,4,2025-12-20,WWW@AC
UW-Whitewater,Darius Chestnut,offense,5,20,16,2025-12-20,WWW@AC
UW-Whitewater,Darius Chestnut,offense,5,25,16,2025-12-20,WWW@AC
UW-Whitewater,Luke Bara,offense,0,20,2,2025-12-20,WWW@AC
UW-Whitewater,Darius Chestnut,offense,10,25,38,2025-12-20,WWW@AC
Alma Scots,Logan St. Martin,offense,35,35,2,2025-12-20,WWW@AC
Alma Scots,Joss Bradley,offense,25,45,3,2025-12-20,WWW@AC
Alma Scots,Joss Bradley,offense,10,15,5,2025-12-20,WWW@AC
Alma Scots,Korbin Heitzman,offense,45,35,1,2025-12-20,WWW@AC
UW-Whitewater,Collin Madson,defense,45,30,2,2025-12-20,WWW@AC
UW-Whitewater,Collin Madson,defense,40,30,2,2025-12-20,WWW@AC
UW-Whitewater,Collin Madson,defense,45,35,1,2025-12-20,WWW@AC
UW-Whitewater,Collin Madson,defense,40,35,2,2025-12-20,WWW@AC
UW-Whitewater,Collin Madson,defense,45,40,1,2025-12-20,WWW@AC
UW-Whitewater,TEAM,defense,45,40,3,2025-12-20,WWW@AC
UW-Whitewater,Collin Madson,defense,45,45,1,2025-12-20,WWW@AC
UW-Whitewater,TEAM,defense,45,45,1,2025-12-20,WWW@AC
UW-Whitewater,Collin Madson,defense,40,45,1,2025-12-20,WWW@AC
Alma Scots,Elijah Sykes,offense,0,10,32,2025-12-20,WWW@AC
Alma Scots,Elijah Sykes,offense,0,5,23,2025-12-20,WWW@AC
Alma Scots,Elijah Sykes,offense,25,45,10,2025-12-20,WWW@AC
UW-Whitewater,Darius Chestnut,defense,5,15,9,2025-12-20,WWW@AC
UW-Whitewater,Darius Chestnut,defense,40,10,7,2025-12-20,WWW@AC
UW-Whitewater,Richie Warren,offense,0,35,3,2025-12-20,WWW@AC
UW-Whitewater,Richie Warren,offense,20,0,2,2025-12-20,WWW@AC
Alma Scots,Elijah Sykes,defense,35,45,2,2025-12-20,WWW@AC
Alma Scots,Logan St. Martin,defense,40,45,2,2025-12-20,WWW@AC
Alma Scots,Logan St. Martin,defense,40,40,6,2025-12-20,WWW@AC
Alma Scots,Logan St. Martin,defense,40,25,7,2025-12-20,WWW@AC
Alma Scots,Joss Bradley,defense,5,35,3,2025-12-20,WWW@AC
Alma Scots,Joss Bradley,defense,5,30,2,2025-12-20,WWW@AC
UW-Whitewater,Darius Chestnut,offense,40,15,4,2025-12-20,WWW@AC
UW-Whitewater,Darius Chestnut,offense,40,20,19,2025-12-20,WWW@AC
UW-Whitewater,Darius Chestnut,offense,35,25,9,2025-12-20,WWW@AC
Alma Scots,Joss Bradley,defense,15,5,95,2025-12-20,WWW@AC
UW-Whitewater,Darius Chestnut,defense,25,45,1,2025-12-20,WWW@AC
UW-Whitewater,Darius Chestnut,defense,15,0,9,2025-12-20,WWW@AC
UW-Whitewater,Darius Chestnut,defense,10,0,9,2025-12-20,WWW@AC
UW-Whitewater,Luke Bara,defense,5,0,1,2025-12-20,WWW@AC
Alma Scots,Elijah Sykes,offense,35,0,2,2025-12-20,WWW@AC
Alma Scots,Elijah Sykes,offense,40,5,6,2025-12-20,WWW@AC
Alma Scots,Elijah Sykes,offense,10,40,3,2025-12-20,WWW@AC
UW-Whitewater,Collin Madson,defense,0,10,1,2025-12-20,WWW@AC
UW-Whitewater,Darius Chestnut,defense,40,15,7,2025-12-20,WWW@AC
UW-Whitewater,Collin Madson,defense,0,5,4,2025-12-20,WWW@AC
UW-Whitewater,TEAM,defense,0,5,15,2025-12-20,WWW@AC
Alma Scots,Joss Bradley,defense,40,40,1,2025-12-20,WWW@AC
Alma Scots,Joss Bradley,defense,40,35,5,2025-12-20,WWW@AC
Alma Scots,Joss Bradley,defense,35,30,7,2025-12-20,WWW@AC
Alma Scots,Joss Bradley,defense,35,20,24,2025-12-20,WWW@AC
Alma Scots,Korbin Heitzman,defense,20,30,19,2025-12-20,WWW@AC
UW-Whitewater,Darius Chestnut,offense,10,45,1,2025-12-20,WWW@AC
UW-Whitewater,Darius Chestnut,offense,10,40,1,2025-12-20,WWW@AC
UW-Whitewater,Collin Madson,offense,45,15,12,2025-12-20,WWW@AC
UW-Whitewater,Brock Marino,offense,20,40,4,2025-12-20,WWW@AC
Alma Scots,Korbin Heitzman,offense,5,10,14,2025-12-20,WWW@AC
UW-Whitewater,Darius Chestnut,defense,0,30,1,2025-12-20,WWW@AC
UW-Whitewater,Darius Chestnut,defense,0,25,2,2025-12-20,WWW@AC
UW-Whitewater,Darius Chestnut,defense,0,20,2,2025-12-20,WWW@AC
UW-Whitewater,Darius Chestnut,defense,10,30,1,2025-12-20,WWW@AC
UW-Whitewater,Darius Chestnut,defense,15,30,10,2025-12-20,WWW@AC
UW-Whitewater,Darius Chestnut,defense,15,25,9,2025-12-20,WWW@AC
UW-Whitewater,Luke Bara,defense,20,45,2,2025-12-20,WWW@AC
UW-Whitewater,Luke Bara,defense,20,35,15,2025-12-20,WWW@AC
Alma Scots,Joss Bradley,offense,30,0,1,2025-12-20,WWW@AC
UW-Whitewater,Luke Bara,defense,15,35,9,2025-12-20,WWW@AC
UW-Whitewater,Richie Warren,defense,0,5,2,2025-12-20,WWW@AC
Alma Scots,Elijah Sykes,offense,5,5,3,2025-12-20,WWW@AC
Alma Scots,Elijah Sykes,offense,20,10,19,2025-12-20,WWW@AC
UW-Whitewater,Darius Chestnut,defense,35,5,31,2025-12-20,WWW@AC
Alma Scots,Logan St. Martin,defense,30,45,4,2025-12-20,WWW@AC
Alma Scots,Logan St. Martin,defense,25,35,5,2025-12-20,WWW@AC
Alma Scots,Josh Elliott,defense,40,45,2,2025-12-20,WWW@AC
Alma Scots,Josh Elliott,defense,40,35,4,2025-12-20,WWW@AC
Alma Scots,Josh Elliott,defense,40,30,4,2025-12-20,WWW@AC
UW-Whitewater,Brock Marino,offense,10,40,3,2025-12-20,WWW@AC
UW-Whitewater,Brock Marino,offense,5,35,1,2025-12-20,WWW@AC
Alma Scots,Joss Bradley,offense,40,45,1,2025-12-20,WWW@AC
Alma Scots,Joss Bradley,offense,40,30,3,2025-12-20,WWW@AC
UW-Whitewater,Darius Chestnut,defense,40,40,1,2025-12-20,WWW@AC
UW-Whitewater,Darius Chestnut,defense,35,35,2,2025-12-20,WWW@AC
UW-Whitewater,Darius Chestnut,defense,35,25,7,2025-12-20,WWW@AC
UW-Whitewater,Luke Bara,defense,0,25,1,2025-12-20,WWW@AC
Alma Scots,Korbin Heitzman,offense,10,0,4,2025-12-20,WWW@AC
UW-Whitewater,Luke Bara,defense,0,10,1,2025-12-20,WWW@AC
UW-Whitewater,Luke Bara,defense,0,5,7,2025-12-20,WWW@AC
UW-Whitewater,Luke Bara,defense,10,0,16,2025-12-20,WWW@AC
UW-Whitewater,Darius Chestnut,defense,15,15,39,2025-12-20,WWW@AC
Alma Scots,Korbin Heitzman,defense,10,40,3,2025-12-20,WWW@AC
Alma Scots,Preston Malpass,defense,10,5,25,2025-12-20,WWW@AC
Alma Scots,Preston Malpass,defense,0,5,3,2025-12-20,WWW@AC
Alma Scots,Elijah Sykes,defense,35,25,13,2025-12-20,WWW@AC
UW-Whitewater,Richie Warren,offense,35,30,7,2025-12-20,WWW@AC
UW-Whitewater,Tyshawn Teague-Johnson,offense,20,35,6,2025-12-20,WWW@AC
UW-Whitewater,Tyshawn Teague-Johnson,offense,25,35,6,2025-12-20,WWW@AC
UW-Whitewater,Darius Chestnut,offense,0,20,1,2025-12-20,WWW@AC
UW-Whitewater,Darius Chestnut,offense,45,20,2,2025-12-20,WWW@AC
UW-Whitewater,Luke Bara,defense,20,40,11,2025-12-20,WWW@AC
UW-Whitewater,Tyshawn Teague-Johnson,defense,25,45,4,2025-12-20,WWW@AC
Alma Scots,Josh Elliott,offense,0,5,24,2025-12-20,WWW@AC
Alma Scots,Preston Malpass,offense,40,25,4,2025-12-20,WWW@AC
Alma Scots,Preston Malpass,offense,40,20,5,2025-12-20,WWW@AC
Alma Scots,Preston Malpass,offense,45,20,2,2025-12-20,WWW@AC
Alma Scots,Preston Malpass,offense,40,15,3,2025-12-20,WWW@AC
UW-Whitewater,Darius Chestnut,defense,10,25,7,2025-12-20,WWW@AC
UW-Whitewater,Darius Chestnut,defense,5,10,4,2025-12-20,WWW@AC
UW-Whitewater,Collin Madson,defense,35,0,7,2025-12-20,WWW@AC
UW-Whitewater,Darius Chestnut,defense,5,0,2,2025-12-20,WWW@AC
UW-Whitewater,Richie Warren,offense,35,0,1,2025-12-20,WWW@AC
UW-Whitewater,Tyshawn Teague-Johnson,offense,30,40,1,2025-12-20,WWW@AC
UW-Whitewater,Darius Chestnut,offense,25,40,10,2025-12-20,WWW@AC
UW-Whitewater,Darius Chestnut,offense,25,35,15,2025-12-20,WWW@AC
Alma Scots,Preston Malpass,defense,15,30,8,2025-12-20,WWW@AC
Alma Scots,Preston Malpass,defense,5,5,8,2025-12-20,WWW@AC
UW-Whitewater,Tyshawn Teague-Johnson,offense,15,5,6,2025-12-20,WWW@AC
Alma Scots,Korbin Heitzman,offense,45,5,7,2025-12-20,WWW@AC
Alma Scots,Raine Rodich,offense,0,45,2,2025-12-20,WWW@AC
Alma Scots,Raine Rodich,offense,0,40,2,2025-12-20,WWW@AC
Alma Scots,Raine Rodich,offense,0,30,2,2025-12-20,WWW@AC
Alma Scots,Raine Rodich,offense,0,25,2,2025-12-20,WWW@AC
UW-Whitewater,Tyshawn Teague-Johnson,defense,25,40,3,2025-12-20,WWW@AC
UW-Whitewater,Tyshawn Teague-Johnson,defense,30,5,17,2025-12-20,WWW@AC
UW-Whitewater,Tyshawn Teague-Johnson,defense,25,0,4,2025-12-20,WWW@AC
UW-Whitewater,Tyshawn Teague-Johnson,defense,20,0,5,2025-12-20,WWW@AC
UW-Whitewater,Tyshawn Teague-Johnson,defense,15,0,2,2025-12-20,WWW@AC
UW-Whitewater,Tyshawn Teague-Johnson,defense,25,5,16,2025-12-20,WWW@AC
Alma Scots,Josh Elliott,offense,35,45,2,2025-12-20,WWW@AC
UW-Whitewater,Richie Warren,defense,5,30,2,2025-12-20,WWW@AC
Alma Scots,Korbin Heitzman,offense,0,20,3,2025-12-20,WWW@AC
UW-Whitewater,Brock Marino,offense,30,45,1,2025-12-20,WWW@AC
Alma Scots,Donovan Collins,defense,40,0,1,2025-12-20,WWW@AC
Alma Scots,Logan St. Martin,defense,35,40,3,2025-12-20,WWW@AC
Alma Scots,Logan St. Martin,defense,40,35,2,2025-12-20,WWW@AC
Alma Scots,Logan St. Martin,defense,40,30,9,2025-12-20,WWW@AC
Alma Scots,Josh Elliott,defense,25,45,5,2025-12-20,WWW@AC
UW-Whitewater,Luke Bara,offense,35,40,4,2025-12-20,WWW@AC
Alma Scots,Korbin Heitzman,defense,45,35,1,2025-12-20,WWW@AC
Alma Scots,Raine Rodich,defense,30,45,2,2025-12-20,WWW@AC
Alma Scots,Raine Rodich,defense,45,15,2,2025-12-20,WWW@AC
UW-Whitewater,Isaac Verges,offense,40,5,1,2025-12-20,WWW@AC
UW-Whitewater,Isaac Verges,offense,40,0,1,2025-12-20,WWW@AC
UW-Whitewater,Isaac Verges,defense,20,35,4,2025-12-20,WWW@AC
UW-Whitewater,Brock Marino,defense,40,40,2,2025-12-20,WWW@AC
UW-Whitewater,Brock Marino,defense,45,35,1,2025-12-20,WWW@AC
UW-Whitewater,Brock Marino,defense,45,15,4,2025-12-20,WWW@AC
Alma Scots,Josh Elliott,offense,40,45,2,2025-12-20,WWW@AC
UW-Whitewater,Richie Warren,defense,35,30,6,2025-12-20,WWW@AC
UW-Whitewater,Isaac Verges,defense,5,40,2,2025-12-20,WWW@AC
UW-Whitewater,Luke Bara,defense,45,5,5,2025-12-20,WWW@AC
UW-Whitewater,Luke Bara,defense,45,0,2,2025-12-20,WWW@AC
UW-Whitewater,TEAM,defense,45,0,4,2025-12-20,WWW@AC
Alma Scots,Josh Elliott,defense,20,45,5,2025-12-20,WWW@AC
Alma Scots,Korbin Heitzman,defense,35,40,6,2025-12-20,WWW@AC
UW-Whitewater,Luke Bara,offense,40,40,3,2025-12-20,WWW@AC
UW-Whitewater,Luke Bara,offense,45,15,12,2025-12-20,WWW@AC
Alma Scots,Donovan Collins,defense,30,45,3,2025-12-20,WWW@AC
UW-Whitewater,Collin Madson,offense,40,45,1,2025-12-20,WWW@AC
UW-Whitewater,Collin Madson,offense,5,0,2,2025-12-20,WWW@AC
UW-Whitewater,Isaac Verges,offense,10,30,7,2025-12-20,WWW@AC
UW-Whitewater,Isaac Verges,offense,15,25,5,2025-12-20,WWW@AC
UW-Whitewater,Isaac Verges,offense,30,0,2,2025-12-20,WWW@AC
Alma Scots,Josh Elliott,defense,25,0,20,2025-12-20,WWW@AC
Alma Scots,Logan St. Martin,defense,5,10,6,2025-12-20,WWW@AC
UW-Whitewater,Brock Marino,offense,20,0,1,2025-12-20,WWW@AC
UW-Whitewater,Richie Warren,offense,10,5,5,2025-12-20,WWW@AC
UW-Whitewater,Isaac Verges,offense,10,10,9,2025-12-20,WWW@AC
UW-Whitewater,Luke Bara,offense,0,30,1,2025-12-20,WWW@AC
UW-Whitewater,Richie Warren,defense,40,20,30,2025-12-20,WWW@AC
UW-Whitewater,Richie Warren,defense,45,5,2,2025-12-20,WWW@AC
UW-Whitewater,Collin Madson,defense,10,40,1,2025-12-20,WWW@AC
UW-Whitewater,Luke Bara,defense,40,45,1,2025-12-20,WWW@AC
UW-Whitewater,Luke Bara,defense,40,30,11,2025-12-20,WWW@AC
UW-Whitewater,Richie Warren,defense,45,10,15,2025-12-20,WWW@AC
UW-Whitewater,Richie Warren,defense,45,15,9,2025-12-20,WWW@AC
UW-Whitewater,Isaac Verges,defense,10,10,54,2025-12-20,WWW@AC
UW-Whitewater,Isaac Verges,defense,0,5,1,2025-12-20,WWW@AC
UW-Whitewater,Isaac Verges,defense,5,0,5,2025-12-20,WWW@AC
UW-Whitewater,Isaac Verges,defense,10,0,3,2025-12-20,WWW@AC
UW-Whitewater,Collin Madson,defense,5,25,7,2025-12-20,WWW@AC
Alma Scots,Korbin Heitzman,offense,0,25,7,2025-12-20,WWW@AC
UW-Whitewater,Brock Marino,defense,5,0,1,2025-12-20,WWW@AC
UW-Whitewater,Collin Madson,defense,45,5,6,2025-12-20,WWW@AC
UW-Whitewater,Luke Bara,defense,45,10,14,2025-12-20,WWW@AC
UW-Whitewater,Isaac Verges,offense,0,15,2,2025-12-20,WWW@AC
Alma Scots,Logan St. Martin,defense,5,45,1,2025-12-20,WWW@AC
UW-Whitewater,Collin Madson,offense,40,35,2,2025-12-20,WWW@AC
UW-Whitewater,Collin Madson,offense,40,30,8,2025-12-20,WWW@AC
Alma Scots,Logan St. Martin,offense,0,35,1,2025-12-20,WWW@AC
UW-Whitewater,Richie Warren,defense,35,0,14,2025-12-20,WWW@AC
UW-Whitewater,Richie Warren,defense,40,5,3,2025-12-20,WWW@AC
UW-Whitewater,Richie Warren,defense,40,0,3,2025-12-20,WWW@AC
UW-Whitewater,Collin Madson,defense,45,15,8,2025-12-20,WWW@AC
UW-Whitewater,Isaac Verges,defense,45,10,19,2025-12-20,WWW@AC
Alma Scots,Raine Rodich,offense,35,10,6,2025-12-20,WWW@AC
UW-Whitewater,Isaac Verges,defense,30,25,42,2025-12-20,WWW@AC
Alma Scots,Korbin Heitzman,defense,20,40,10,2025-12-20,WWW@AC
Alma Scots,Josh Elliott,defense,15,0,8,2025-12-20,WWW@AC
Alma Scots,Josh Elliott,defense,10,0,3,2025-12-20,WWW@AC
Alma Scots,Raine Rodich,defense,0,10,4,2025-12-20,WWW@AC
Alma Scots,Korbin Heitzman,offense,45,45,1,2025-12-20,WWW@AC
Alma Scots,Korbin Heitzman,offense,45,40,2,2025-12-20,WWW@AC
UW-Whitewater,Luke Bara,defense,45,25,18,2025-12-20,WWW@AC
UW-Whitewater,TEAM,defense,45,25,21,2025-12-20,WWW@AC
UW-Whitewater,Luke Bara,defense,45,15,11,2025-12-20,WWW@AC
UW-Whitewater,Luke Bara,defense,45,20,2,2025-12-20,WWW@AC
UW-Whitewater,Brock Marino,defense,35,0,8,2025-12-20,WWW@AC
UW-Whitewater,Isaac Verges,defense,45,5,3,2025-12-20,WWW@AC
UW-Whitewater,Isaac Verges,defense,30,0,1,2025-12-20,WWW@AC
UW-Whitewater,Isaac Verges,defense,35,0,2,2025-12-20,WWW@AC
UW-Whitewater,Richie Warren,defense,45,0,2,2025-12-20,WWW@AC
UW-Whitewater,Collin Madson,defense,5,0,1,2025-12-20,WWW@AC
Alma Scots,Korbin Heitzman,defense,20,45,4,2025-12-20,WWW@AC
UW-Whitewater,Luke Bara,offense,20,45,2,2025-12-20,WWW@AC
UW-Whitewater,Brock Marino,offense,40,40,1,2025-12-20,WWW@AC
UW-Whitewater,Richie Warren,offense,45,40,1,2025-12-20,WWW@AC
UW-Whitewater,Richie Warren,offense,45,30,2,2025-12-20,WWW@AC
Alma Scots,Logan St. Martin,defense,45,35,1,2025-12-20,WWW@AC
Alma Scots,Josh Elliott,defense,45,40,1,2025-12-20,WWW@AC
UW-Whitewater,Luke Bara,offense,5,0,1,2025-12-20,WWW@AC
UW-Whitewater,Luke Bara,offense,35,0,1,2025-12-20,WWW@AC
Alma Scots,Donovan Collins,offense,0,35,1,2025-12-20,WWW@AC
Alma Scots,Donovan Collins,offense,25,45,5,2025-12-20,WWW@AC
UW-Whitewater,Brock Marino,defense,35,30,2,2025-12-20,WWW@AC
Alma Scots,Logan St. Martin,offense,40,45,1,2025-12-20,WWW@AC
Alma Scots,Logan St. Martin,offense,35,40,1,2025-12-20,WWW@AC
UW-Whitewater,Isaac Verges,defense,40,40,4,2025-12-20,WWW@AC
UW-Whitewater,Brock Marino,defense,30,45,4,2025-12-20,WWW@AC
UW-Whitewater,Brock Marino,defense,40,30,4,2025-12-20,WWW@AC
UW-Whitewater,Brock Marino,defense,45,25,1,2025-12-20,WWW@AC
UW-Whitewater,Brock Marino,defense,10,30,1,2025-12-20,WWW@AC
Alma Scots,Raine Rodich,defense,5,25,1,2025-12-20,WWW@AC
UW-Whitewater,Luke Bara,offense,0,40,5,2025-12-20,WWW@AC
Alma Scots,Logan St. Martin,offense,5,35,3,2025-12-20,WWW@AC
UW-Whitewater,Luke Bara,defense,40,40,4,2025-12-20,WWW@AC
UW-Whitewater,Isaac Verges,offense,15,40,7,2025-12-20,WWW@AC
UW-Whitewater,Isaac Verges,offense,5,25,9,2025-12-20,WWW@AC
UW-Whitewater,Isaac Verges,offense,5,5,6,2025-12-20,WWW@AC
UW-Whitewater,Isaac Verges,offense,5,20,9,2025-12-20,WWW@AC
UW-Whitewater,Isaac Verges,offense,15,45,2,2025-12-20,WWW@AC
Alma Scots,Joss Bradley,defense,20,45,5,2025-12-20,WWW@AC
Alma Scots,Joss Bradley,defense,10,5,24,2025-12-20,WWW@AC
UW-Whitewater,Richie Warren,offense,40,45,1,2025-12-20,WWW@AC
Alma Scots,Korbin Heitzman,defense,25,35,8,2025-12-20,WWW@AC
Alma Scots,Donovan Collins,offense,5,45,4,2025-12-20,WWW@AC
Alma Scots,Donovan Collins,offense,5,40,8,2025-12-20,WWW@AC
UW-Whitewater,Richie Warren,defense,30,45,1,2025-12-20,WWW@AC
Alma Scots,Joss Bradley,offense,5,10,35,2025-12-20,WWW@AC
Alma Scots,Joss Bradley,defense,5,40,1,2025-12-20,WWW@AC
Alma Scots,Joss Bradley,defense,0,25,1,2025-12-20,WWW@AC
Alma Scots,Logan St. Martin,defense,20,35,6,2025-12-20,WWW@AC
UW-Whitewater,Isaac Verges,offense,10,40,1,2025-12-20,WWW@AC
UW-Whitewater,Isaac Verges,offense,10,35,3,2025-12-20,WWW@AC
UW-Whitewater,Brock Marino,offense,10,45,1,2025-12-20,WWW@AC
UW-Whitewater,Brock Marino,offense,45,25,2,2025-12-20,WWW@AC
Alma Scots,Josh Elliott,defense,5,0,2,2025-12-20,WWW@AC
UW-Whitewater,Richie Warren,offense,5,0,1,2025-12-20,WWW@AC
UW-Whitewater,Richie Warren,offense,25,45,1,2025-12-20,WWW@AC
Alma Scots,Elijah Sykes,offense,10,35,2,2025-12-20,WWW@AC
Alma Scots,Joss Bradley,offense,30,45,2,2025-12-20,WWW@AC
Alma Scots,Joss Bradley,offense,35,35,7,2025-12-20,WWW@AC
Alma Scots,Joss Bradley,offense,40,25,24,2025-12-20,WWW@AC
UW-Whitewater,Isaac Verges,defense,0,40,1,2025-12-20,WWW@AC
UW-Whitewater,Richie Warren,offense,40,35,2,2025-12-20,WWW@AC
Alma Scots,Joss Bradley,defense,30,0,23,2025-12-20,WWW@AC
Alma Scots,Joss Bradley,defense,35,0,6,2025-12-20,WWW@AC
Alma Scots,Elijah Sykes,defense,40,20,3,2025-12-20,WWW@AC
Alma Scots,Elijah Sykes,defense,45,20,2,2025-12-20,WWW@AC
Alma Scots,Elijah Sykes,defense,40,15,5,2025-12-20,WWW@AC
Alma Scots,Elijah Sykes,defense,40,5,7,2025-12-20,WWW@AC
UW-Whitewater,Collin Madson,offense,45,25,3,2025-12-20,WWW@AC
Alma Scots,Josh Elliott,offense,5,45,1,2025-12-20,WWW@AC
Alma Scots,Joss Bradley,offense,5,40,13,2025-12-20,WWW@AC
Alma Scots,Luciano Guerrazzi,offense,15,35,12,2025-12-20,WWW@AC
Alma Scots,Luciano Guerrazzi,offense,10,25,15,2025-12-20,WWW@AC
Alma Scots,Luciano Guerrazzi,offense,0,30,2,2025-12-20,WWW@AC
UW-Whitewater,Isaac Verges,defense,40,30,3,2025-12-20,WWW@AC
Alma Scots,Luciano Guerrazzi,offense,40,20,43,2025-12-20,WWW@AC
Alma Scots,Elijah Sykes,offense,40,10,1,2025-12-20,WWW@AC
Alma Scots,Korbin Heitzman,defense,15,45,2,2025-12-20,WWW@AC
Alma Scots,Korbin Heitzman,defense,15,40,19,2025-12-20,WWW@AC
Alma Scots,Joss Bradley,defense,15,45,2,2025-12-20,WWW@AC
Alma Scots,Elijah Sykes,defense,45,35,1,2025-12-20,WWW@AC
Alma Scots,Elijah Sykes,defense,45,30,1,2025-12-20,WWW@AC
Alma Scots,Elijah Sykes,defense,45,25,2,2025-12-20,WWW@AC
UW-Whitewater,Brock Marino,offense,20,35,4,2025-12-20,WWW@AC
Alma Scots,Joss Bradley,offense,10,45,2,2025-12-20,WWW@AC
Alma Scots,Joss Bradley,offense,10,40,3,2025-12-20,WWW@AC
Alma Scots,Joss Bradley,offense,10,35,17,2025-12-20,WWW@AC
Alma Scots,Joss Bradley,offense,10,30,18,2025-12-20,WWW@AC
Alma Scots,Korbin Heitzman,offense,10,45,1,2025-12-20,WWW@AC
Alma Scots,Korbin Heitzman,offense,45,0,8,2025-12-20,WWW@AC
Alma Scots,Korbin Heitzman,offense,40,0,2,2025-12-20,WWW@AC
UW-Whitewater,Richie Warren,defense,40,25,1,2025-12-20,WWW@AC
UW-Whitewater,Isaac Verges,defense,45,15,2,2025-12-20,WWW@AC
UW-Whitewater,Collin Madson,defense,45,20,2,2025-12-20,WWW@AC
Alma Scots,Luciano Guerrazzi,offense,30,45,2,2025-12-20,WWW@AC
UW-Whitewater,Luke Bara,defense,45,30,7,2025-12-20,WWW@AC
UW-Whitewater,Richie Warren,defense,45,35,2,2025-12-20,WWW@AC
Alma Scots,Korbin Heitzman,offense,45,25,23,2025-12-20,WWW@AC
Alma Scots,Joss Bradley,defense,40,45,1,2025-12-20,WWW@AC
Alma Scots,Korbin Heitzman,defense,40,0,3,2025-12-20,WWW@AC
Alma Scots,Luciano Guerrazzi,defense,5,30,3,2025-12-20,WWW@AC
UW-Whitewater,Isaac Verges,offense,45,0,2,2025-12-20,WWW@AC
Alma Scots,Preston Malpass,defense,30,45,3,2025-12-20,WWW@AC
UW-Whitewater,Isaac Verges,offense,25,45,1,2025-12-20,WWW@AC
Alma Scots,Luciano Guerrazzi,offense,5,15,15,2025-12-20,WWW@AC
Alma Scots,Luciano Guerrazzi,offense,10,10,2,2025-12-20,WWW@AC
Alma Scots,Luciano Guerrazzi,offense,15,10,8,2025-12-20,WWW@AC
Alma Scots,Luciano Guerrazzi,offense,20,0,7,2025-12-20,WWW@AC
UW-Whitewater,Isaac Verges,defense,40,35,1,2025-12-20,WWW@AC
Alma Scots,Preston Malpass,defense,15,40,11,2025-12-20,WWW@AC
UW-Whitewater,Joey Berezowitz,offense,10,35,2,2025-12-20,WWW@AC
Alma Scots,Luciano Guerrazzi,defense,35,45,2,2025-12-20,WWW@AC
Alma Scots,Korbin Heitzman,offense,5,40,3,2025-12-20,WWW@AC
Alma Scots,Korbin Heitzman,offense,5,35,2,2025-12-20,WWW@AC
Alma Scots,Luciano Guerrazzi,offense,10,40,5,2025-12-20,WWW@AC
UW-Whitewater,Tyshawn Teague-Johnson,defense,40,15,12,2025-12-20,WWW@AC
UW-Whitewater,Tyshawn Teague-Johnson,defense,40,20,2,2025-12-20,WWW@AC
UW-Whitewater,Tyshawn Teague-Johnson,defense,45,15,4,2025-12-20,WWW@AC
UW-Whitewater,Tyshawn Teague-Johnson,offense,25,5,12,2025-12-20,WWW@AC
Alma Scots,Elijah Sykes,defense,40,30,3,2025-12-20,WWW@AC
Alma Scots,Preston Malpass,defense,40,40,2,2025-12-20,WWW@AC
Alma Scots,Preston Malpass,defense,40,35,2,2025-12-20,WWW@AC
Alma Scots,Preston Malpass,defense,35,30,3,2025-12-20,WWW@AC
Alma Scots,Preston Malpass,defense,35,25,5,2025-12-20,WWW@AC
Alma Scots,Luciano Guerrazzi,defense,40,35,2,2025-12-20,WWW@AC
UW-Whitewater,Richie Warren,offense,15,0,1,2025-12-20,WWW@AC
UW-Whitewater,Joey Berezowitz,offense,20,0,3,2025-12-20,WWW@AC
UW-Whitewater,Tyshawn Teague-Johnson,defense,10,40,3,2025-12-20,WWW@AC
Alma Scots,Joss Bradley,defense,35,40,5,2025-12-20,WWW@AC
Alma Scots,Elijah Sykes,defense,40,35,2,2025-12-20,WWW@AC
Alma Scots,Elijah Sykes,defense,40,25,2,2025-12-20,WWW@AC
UW-Whitewater,Luke Bara,offense,5,45,1,2025-12-20,WWW@AC
UW-Whitewater,Richie Warren,offense,0,45,1,2025-12-20,WWW@AC
UW-Whitewater,Richie Warren,offense,0,40,1,2025-12-20,WWW@AC
Alma Scots,Preston Malpass,defense,5,35,1,2025-12-20,WWW@AC
Alma Scots,Preston Malpass,defense,0,10,5,2025-12-20,WWW@AC
UW-Whitewater,Tyshawn Teague-Johnson,offense,40,30,6,2025-12-20,WWW@AC
UW-Whitewater,Tyshawn Teague-Johnson,offense,45,15,4,2025-12-20,WWW@AC
Alma Scots,Donovan Collins,defense,45,0,2,2025-12-20,WWW@AC
UW-Whitewater,Richie Warren,offense,20,45,1,2025-12-20,WWW@AC
UW-Whitewater,Tyshawn Teague-Johnson,offense,30,25,17,2025-12-20,WWW@AC
UW-Whitewater,Tyshawn Teague-Johnson,offense,25,25,18,2025-12-20,WWW@AC
UW-Whitewater,Joey Berezowitz,offense,25,45,2,2025-12-20,WWW@AC
UW-Whitewater,Joey Berezowitz,offense,15,45,3,2025-12-20,WWW@AC
UW-Whitewater,Joey Berezowitz,offense,20,40,3,2025-12-20,WWW@AC
Alma Scots,Luciano Guerrazzi,offense,45,45,1,2025-12-20,WWW@AC
UW-Whitewater,Tyshawn Teague-Johnson,defense,15,40,2,2025-12-20,WWW@AC
UW-Whitewater,Tyshawn Teague-Johnson,defense,35,25,7,2025-12-20,WWW@AC
UW-Whitewater,Luke Bara,defense,40,35,1,2025-12-20,WWW@AC
Alma Scots,Joss Bradley,offense,30,40,4,2025-12-20,WWW@AC
UW-Whitewater,Tyshawn Teague-Johnson,defense,20,5,18,2025-12-20,WWW@AC
UW-Whitewater,Tyshawn Teague-Johnson,defense,0,15,1,2025-12-20,WWW@AC
UW-Whitewater,Tyshawn Teague-Johnson,defense,40,35,3,2025-12-20,WWW@AC
UW-Whitewater,Tyshawn Teague-Johnson,defense,40,45,1,2025-12-20,WWW@AC
UW-Whitewater,Collin Madson,defense,40,40,2,2025-12-20,WWW@AC
UW-Whitewater,Richie Warren,defense,40,45,2,2025-12-20,WWW@AC
UW-Whitewater,Richie Warren,defense,45,40,1,2025-12-20,WWW@AC
UW-Whitewater,Joey Berezowitz,defense,35,0,3,2025-12-20,WWW@AC
Alma Scots,Elijah Sykes,defense,30,45,3,2025-12-20,WWW@AC
Alma Scots,Joss Bradley,defense,5,45,1,2025-12-20,WWW@AC
UW-Whitewater,Tyshawn Teague-Johnson,offense,20,0,5,2025-12-20,WWW@AC
UW-Whitewater,Darius Chestnut,offense,5,30,8,2025-12-20,WWW@AC
UW-Whitewater,Darius Chestnut,offense,5,5,5,2025-12-20,WWW@AC
Alma Scots,Preston Malpass,defense,40,15,2,2025-12-20,WWW@AC
Alma Scots,Preston Malpass,defense,35,5,12,2025-12-20,WWW@AC
Alma Scots,Preston Malpass,defense,40,5,11,2025-12-20,WWW@AC
Alma Scots,Preston Malpass,defense,35,0,3,2025-12-20,WWW@AC
UW-Whitewater,Joey Berezowitz,offense,40,35,8,2025-12-20,WWW@AC
UW-Whitewater,Tyshawn Teague-Johnson,offense,25,40,7,2025-12-20,WWW@AC
UW-Whitewater,Tyshawn Teague-Johnson,offense,20,45,2,2025-12-20,WWW@AC
Alma Scots,Luciano Guerrazzi,offense,5,35,2,2025-12-20,WWW@AC
Alma Scots,Luciano Guerrazzi,offense,0,5,5,2025-12-20,WWW@AC
Alma Scots,Elijah Sykes,offense,35,45,1,2025-12-20,WWW@AC
UW-Whitewater,Darius Chestnut,defense,40,35,1,2025-12-20,WWW@AC
UW-Whitewater,Darius Chestnut,defense,45,30,1,2025-12-20,WWW@AC
UW-Whitewater,Darius Chestnut,defense,45,20,2,2025-12-20,WWW@AC
UW-Whitewater,Luke Bara,defense,5,10,7,2025-12-20,WWW@AC
UW-Whitewater,Jake Quast,defense,20,45,1,2025-12-20,WWW@AC
UW-Whitewater,Jake Quast,defense,30,40,6,2025-12-20,WWW@AC
UW-Whitewater,Tyshawn Teague-Johnson,defense,40,25,9,2025-12-20,WWW@AC
UW-Whitewater,Tyshawn Teague-Johnson,defense,30,30,18,2025-12-20,WWW@AC
Alma Scots,Joss Bradley,offense,5,5,10,2025-12-20,WWW@AC
Alma Scots,Joss Bradley,offense,0,0,2,2025-12-20,WWW@AC
UW-Whitewater,Jake Quast,defense,5,40,9,2025-12-20,WWW@AC
UW-Whitewater,Jake Quast,defense,5,45,4,2025-12-20,WWW@AC
UW-Whitewater,Jake Quast,defense,10,40,4,2025-12-20,WWW@AC
UW-Whitewater,Tyshawn Teague-Johnson,defense,15,45,1,2025-12-20,WWW@AC
UW-Whitewater,Darius Chestnut,offense,40,25,3,2025-12-20,WWW@AC
UW-Whitewater,Darius Chestnut,offense,10,0,1,2025-12-20,WWW@AC
UW-Whitewater,Darius Chestnut,offense,10,5,5,2025-12-20,WWW@AC
UW-Whitewater,Darius Chestnut,offense,0,45,1,2025-12-20,WWW@AC
UW-Whitewater,Luke Bara,offense,0,45,2,2025-12-20,WWW@AC
UW-Whitewater,Luke Bara,offense,5,40,5,2025-12-20,WWW@AC
Alma Scots,Luciano Guerrazzi,defense,30,40,1,2025-12-20,WWW@AC
Alma Scots,Luciano Guerrazzi,defense,40,40,2,2025-12-20,WWW@AC
UW-Whitewater,Jake Quast,offense,45,30,5,2025-12-20,WWW@AC
UW-Whitewater,Jake Quast,offense,45,25,8,2025-12-20,WWW@AC
Alma Scots,Donovan Collins,defense,45,5,2,2025-12-20,WWW@AC
UW-Whitewater,Jake Quast,defense,25,40,3,2025-12-20,WWW@AC
UW-Whitewater,Jake Quast,defense,0,15,4,2025-12-20,WWW@AC
Alma Scots,Joss Bradley,offense,0,25,4,2025-12-20,WWW@AC
UW-Whitewater,Luke Bara,defense,35,0,1,2025-12-20,WWW@AC
UW-Whitewater,Darius Chestnut,defense,45,10,12,2025-12-20,WWW@AC
UW-Whitewater,Darius Chestnut,defense,45,15,1,2025-12-20,WWW@AC
UW-Whitewater,Darius Chestnut,defense,40,0,2,2025-12-20,WWW@AC
Alma Scots,Luciano Guerrazzi,offense,10,45,2,2025-12-20,WWW@AC
UW-Whitewater,Tyshawn Teague-Johnson,defense,5,40,4,2025-12-20,WWW@AC
UW-Whitewater,Darius Chestnut,defense,10,15,16,2025-12-20,WWW@AC
UW-Whitewater,Jake Quast,defense,10,35,1,2025-12-20,WWW@AC
UW-Whitewater,Tyshawn Teague-Johnson,defense,45,5,1,2025-12-20,WWW@AC
UW-Whitewater,Jake Quast,defense,10,30,1,2025-12-20,WWW@AC
UW-Whitewater,Tyshawn Teague-Johnson,offense,35,45,2,2025-12-20,WWW@AC
Alma Scots,Joss Bradley,defense,25,35,2,2025-12-20,WWW@AC
UW-Whitewater,Darius Chestnut,offense,5,40,1,2025-12-20,WWW@AC
UW-Whitewater,Tyshawn Teague-Johnson,offense,35,15,3,2025-12-20,WWW@AC
UW-Whitewater,Tyshawn Teague-Johnson,offense,40,25,6,2025-12-20,WWW@AC
UW-Whitewater,Tyshawn Teague-Johnson,offense,40,35,2,2025-12-20,WWW@AC
Alma Scots,Joss Bradley,offense,35,40,1,2025-12-20,WWW@AC
UW-Whitewater,Luke Bara,defense,5,35,1,2025-12-20,WWW@AC
UW-Whitewater,Jake Quast,defense,20,40,2,2025-12-20,WWW@AC
UW-Whitewater,Tyshawn Teague-Johnson,defense,40,10,4,2025-12-20,WWW@AC
UW-Whitewater,Darius Chestnut,defense,40,5,2,2025-12-20,WWW@AC
UW-Whitewater,Jake Quast,defense,15,5,7,2025-12-20,WWW@AC
Alma Scots,Preston Malpass,defense,45,40,1,2025-12-20,WWW@AC
UW-Whitewater,Jake Quast,offense,15,45,3,2025-12-20,WWW@AC
UW-Whitewater,Jake Quast,offense,10,45,2,2025-12-20,WWW@AC
UW-Whitewater,Jake Quast,offense,15,35,7,2025-12-20,WWW@AC
Alma Scots,Luciano Guerrazzi,defense,45,35,1,2025-12-20,WWW@AC
UW-Whitewater,Tyshawn Teague-Johnson,offense,10,0,5,2025-12-20,WWW@AC
Alma Scots,Preston Malpass,defense,15,0,2,2025-12-20,WWW@AC
Alma Scots,Preston Malpass,defense,25,0,9,2025-12-20,WWW@AC
UW-Whitewater,Joey Berezowitz,offense,25,0,6,2025-12-20,WWW@AC
UW-Whitewater,Darius Chestnut,defense,25,35,1,2025-12-20,WWW@AC
UW-Whitewater,Darius Chestnut,defense,15,20,7,2025-12-20,WWW@AC
UW-Whitewater,Luke Bara,defense,15,45,2,2025-12-20,WWW@AC
UW-Whitewater,Jake Quast,defense,15,40,2,2025-12-20,WWW@AC
UW-Whitewater,Tyshawn Teague-Johnson,defense,30,35,3,2025-12-20,WWW@AC
UW-Whitewater,Jake Quast,defense,25,30,3,2025-12-20,WWW@AC
Alma Scots,Preston Malpass,defense,25,35,1,2025-12-20,WWW@AC
Alma Scots,Preston Malpass,defense,40,20,1,2025-12-20,WWW@AC
Alma Scots,Preston Malpass,offense,5,10,4,2025-12-20,WWW@AC
UW-Whitewater,Joey Berezowitz,defense,45,40,1,2025-12-20,WWW@AC
UW-Whitewater,Tyshawn Teague-Johnson,defense,10,45,1,2025-12-20,WWW@AC
UW-Whitewater,Tyshawn Teague-Johnson,defense,5,35,5,2025-12-20,WWW@AC
UW-Whitewater,Tyshawn Teague-Johnson,defense,5,25,6,2025-12-20,WWW@AC
Alma Scots,Donovan Collins,offense,30,0,5,2025-12-20,WWW@AC
UW-Whitewater,Kelton McEwen,defense,40,20,3,2025-12-20,WWW@AC
UW-Whitewater,Joey Berezowitz,defense,45,15,1,2025-12-20,WWW@AC
UW-Whitewater,Kelton McEwen,offense,5,45,1,2025-12-20,WWW@AC
UW-Whitewater,Kelton McEwen,offense,5,40,3,2025-12-20,WWW@AC
Alma Scots,Preston Malpass,defense,20,0,1,2025-12-20,WWW@AC
UW-Whitewater,Darius Chestnut,offense,45,10,20,2025-12-20,WWW@AC
UW-Whitewater,Jake Quast,offense,15,40,3,2025-12-20,WWW@AC
UW-Whitewater,Tyshawn Teague-Johnson,offense,40,20,1,2025-12-20,WWW@AC
UW-Whitewater,Tyshawn Teague-Johnson,offense,40,5,3,2025-12-20,WWW@AC
UW-Whitewater,Kelton McEwen,offense,45,25,3,2025-12-20,WWW@AC
UW-Whitewater,Kelton McEwen,offense,40,30,11,2025-12-20,WWW@AC
UW-Whitewater,Kelton McEwen,offense,30,40,3,2025-12-20,WWW@AC
UW-Whitewater,Kelton McEwen,offense,30,45,1,2025-12-20,WWW@AC
UW-Whitewater,Tyshawn Teague-Johnson,offense,35,10,2,2025-12-20,WWW@AC
Alma Scots,Josh Elliott,offense,0,30,1,2025-12-20,WWW@AC
Alma Scots,Josh Elliott,offense,25,0,1,2025-12-20,WWW@AC
UW-Whitewater,Kelton McEwen,defense,30,40,1,2025-12-20,WWW@AC
UW-Whitewater,Kelton McEwen,defense,10,10,17,2025-12-20,WWW@AC
UW-Whitewater,Joey Berezowitz,defense,10,45,3,2025-12-20,WWW@AC
UW-Whitewater,Joey Berezowitz,defense,10,40,3,2025-12-20,WWW@AC
Alma Scots,Josh Elliott,defense,10,35,2,2025-12-20,WWW@AC
UW-Whitewater,Joey Berezowitz,offense,0,40,2,2025-12-20,WWW@AC
UW-Whitewater,Joey Berezowitz,offense,0,35,1,2025-12-20,WWW@AC
UW-Whitewater,Darius Chestnut,offense,15,40,3,2025-12-20,WWW@AC
UW-Whitewater,Darius Chestnut,offense,20,45,3,2025-12-20,WWW@AC
Alma Scots,Raine Rodich,defense,5,40,1,2025-12-20,WWW@AC
UW-Whitewater,Darius Chestnut,defense,5,30,2,2025-12-20,WWW@AC
Alma Scots,Korbin Heitzman,offense,5,45,2,2025-12-20,WWW@AC
Alma Scots,Korbin Heitzman,offense,0,35,2,2025-12-20,WWW@AC
Alma Scots,Korbin Heitzman,offense,0,30,1,2025-12-20,WWW@AC
Alma Scots,Raine Rodich,offense,40,5,2,2025-12-20,WWW@AC
Alma Scots,Raine Rodich,offense,35,5,1,2025-12-20,WWW@AC
UW-Whitewater,Kelton McEwen,defense,25,0,4,2025-12-20,WWW@AC
UW-Whitewater,Darius Chestnut,offense,45,15,8,2025-12-20,WWW@AC
UW-Whitewater,Kelton McEwen,offense,25,35,1,2025-12-20,WWW@AC
UW-Whitewater,Kelton McEwen,offense,20,45,2,2025-12-20,WWW@AC
UW-Whitewater,Darius Chestnut,offense,45,35,1,2025-12-20,WWW@AC
UW-Whitewater,Darius Chestnut,offense,45,40,1,2025-12-20,WWW@AC
UW-Whitewater,Darius Chestnut,offense,40,40,1,2025-12-20,WWW@AC
UW-Whitewater,Darius Chestnut,offense,40,35,5,2025-12-20,WWW@AC
UW-Whitewater,Darius Chestnut,offense,35,40,1,2025-12-20,WWW@AC
UW-Whitewater,Darius Chestnut,offense,35,45,1,2025-12-20,WWW@AC
Alma Scots,TEAM,defense,45,45,1,2025-12-20,WWW@AC
UW-Whitewater,Tyshawn Teague-Johnson,offense,0,40,2,2025-12-20,WWW@AC
UW-Whitewater,Jake Quast,defense,45,25,2,2025-12-20,WWW@AC
UW-Whitewater,Joey Berezowitz,defense,40,25,1,2025-12-20,WWW@AC
UW-Whitewater,Darius Chestnut,offense,15,35,1,2025-12-20,WWW@AC
UW-Whitewater,Tyshawn Teague-Johnson,offense,5,0,3,2025-12-20,WWW@AC
UW-Whitewater,Kelton McEwen,offense,20,35,1,2025-12-20,WWW@AC
UW-Whitewater,Tyshawn Teague-Johnson,offense,30,0,3,2025-12-20,WWW@AC
UW-Whitewater,Jake Quast,offense,25,45,1,2025-12-20,WWW@AC
UW-Whitewater,Jake Quast,defense,25,45,1,2025-12-20,WWW@AC
UW-Whitewater,Joey Berezowitz,defense,45,5,5,2025-12-20,WWW@AC
UW-Whitewater,Kelton McEwen,defense,20,0,1,2025-12-20,WWW@AC
UW-Whitewater,Kelton McEwen,defense,15,5,4,2025-12-20,WWW@AC
UW-Whitewater,Kelton McEwen,defense,10,5,4,2025-12-20,WWW@AC
UW-Whitewater,Tyshawn Teague-Johnson,offense,45,40,1,2025-12-20,WWW@AC
UW-Whitewater,Tyshawn Teague-Johnson,offense,45,35,1,2025-12-20,WWW@AC
UW-Whitewater,Tyshawn Teague-Johnson,offense,45,30,1,2025-12-20,WWW@AC
UW-Whitewater,Darius Chestnut,offense,20,0,1,2025-12-20,WWW@AC
UW-Whitewater,Darius Chestnut,offense,15,0,1,2025-12-20,WWW@AC
UW-Whitewater,Tyshawn Teague-Johnson,defense,5,45,1,2025-12-20,WWW@AC
UW-Whitewater,Tyshawn Teague-Johnson,defense,0,30,2,2025-12-20,WWW@AC
UW-Whitewater,Tyshawn Teague-Johnson,defense,5,30,3,2025-12-20,WWW@AC
UW-Whitewater,Tyshawn Teague-Johnson,defense,0,25,1,2025-12-20,WWW@AC
UW-Whitewater,Tyshawn Teague-Johnson,defense,45,10,2,2025-12-20,WWW@AC
UW-Whitewater,Tyshawn Teague-Johnson,defense,45,20,3,2025-12-20,WWW@AC
UW-Whitewater,Tyshawn Teague-Johnson,defense,40,30,2,2025-12-20,WWW@AC
Alma Scots,Josh Elliott,offense,45,0,3,2025-12-20,WWW@AC
Alma Scots,Raine Rodich,offense,5,40,4,2025-12-20,WWW@AC
Alma Scots,Donovan Collins,offense,10,0,1,2025-12-20,WWW@AC
UW-Whitewater,Kelton McEwen,defense,40,30,3,2025-12-20,WWW@AC
UW-Whitewater,Kelton McEwen,defense,40,10,1,2025-12-20,WWW@AC
UW-Whitewater,Kelton McEwen,defense,40,15,2,2025-12-20,WWW@AC
UW-Whitewater,Jake Quast,defense,45,10,1,2025-12-20,WWW@AC
Alma Scots,Logan St. Martin,defense,15,40,1,2025-12-20,WWW@AC
UW-Whitewater,Darius Chestnut,offense,25,45,1,2025-12-20,WWW@AC
UW-Whitewater,Darius Chestnut,offense,30,40,1,2025-12-20,WWW@AC
UW-Whitewater,Darius Chestnut,defense,30,0,1,2025-12-20,WWW@AC
UW-Whitewater,Kelton McEwen,defense,5,40,5,2025-12-20,WWW@AC
UW-Whitewater,Kelton McEwen,defense,10,30,1,2025-12-20,WWW@AC
UW-Whitewater,Tyshawn Teague-Johnson,offense,15,35,3,2025-12-20,WWW@AC
UW-Whitewater,Kelton McEwen,offense,25,40,1,2025-12-20,WWW@AC
Alma Scots,Logan St. Martin,defense,20,45,1,2025-12-20,WWW@AC
Alma Scots,Josh Elliott,defense,45,20,2,2025-12-20,WWW@AC
UW-Whitewater,Tyshawn Teague-Johnson,offense,0,0,11,2025-12-20,WWW@AC
UW-Whitewater,Kelton McEwen,offense,45,0,7,2025-12-20,WWW@AC
UW-Whitewater,Joey Berezowitz,offense,45,30,1,2025-12-20,WWW@AC
Alma Scots,Logan St. Martin,defense,0,30,3,2025-12-20,WWW@AC
UW-Whitewater,Jake Quast,offense,0,35,1,2025-12-20,WWW@AC
Alma Scots,Raine Rodich,defense,45,5,1,2025-12-20,WWW@AC
UW-Whitewater,Tyshawn Teague-Johnson,offense,20,40,1,2025-12-20,WWW@AC
UW-Whitewater,Isaiah Robinson,offense,20,40,6,2025-12-20,WWW@AC
UW-Whitewater,Isaiah Robinson,offense,20,15,11,2025-12-20,WWW@AC
UW-Whitewater,Isaiah Robinson,offense,15,25,8,2025-12-20,WWW@AC
Alma Scots,Logan St. Martin,defense,0,5,3,2025-12-20,WWW@AC
UW-Whitewater,Kelton McEwen,offense,10,5,1,2025-12-20,WWW@AC
UW-Whitewater,Isaiah Robinson,offense,5,25,5,2025-12-20,WWW@AC
UW-Whitewater,Isaiah Robinson,offense,5,20,3,2025-12-20,WWW@AC
UW-Whitewater,Isaiah Robinson,offense,5,30,3,2025-12-20,WWW@AC
UW-Whitewater,Isaiah Robinson,offense,10,30,5,2025-12-20,WWW@AC
Alma Scots,Joss Bradley,defense,10,0,5,2025-12-20,WWW@AC
UW-Whitewater,Isaiah Robinson,offense,35,5,1,2025-12-20,WWW@AC
UW-Whitewater,Isaiah Robinson,offense,35,10,1,2025-12-20,WWW@AC
UW-Whitewater,Isaiah Robinson,offense,30,5,3,2025-12-20,WWW@AC
UW-Whitewater,Isaiah Robinson,offense,30,10,16,2025-12-20,WWW@AC
UW-Whitewater,Isaiah Robinson,offense,30,15,5,2025-12-20,WWW@AC
UW-Whitewater,Isaiah Robinson,offense,30,25,15,2025-12-20,WWW@AC
UW-Whitewater,Isaiah Robinson,offense,35,25,16,2025-12-20,WWW@AC
UW-Whitewater,Isaiah Robinson,offense,20,25,11,2025-12-20,WWW@AC
UW-Whitewater,Isaiah Robinson,offense,20,30,4,2025-12-20,WWW@AC
UW-Whitewater,Isaiah Robinson,offense,25,30,14,2025-12-20,WWW@AC
UW-Whitewater,Isaiah Robinson,offense,30,30,13,2025-12-20,WWW@AC
UW-Whitewater,Isaiah Robinson,offense,0,10,2,2025-12-20,WWW@AC
UW-Whitewater,Isaiah Robinson,offense,10,35,2,2025-12-20,WWW@AC
UW-Whitewater,Darius Chestnut,defense,5,35,1,2025-12-20,WWW@AC
UW-Whitewater,Jake Quast,defense,10,0,1,2025-12-20,WWW@AC
UW-Whitewater,Jake Quast,defense,5,0,2,2025-12-20,WWW@AC
UW-Whitewater,Isaiah Robinson,defense,10,25,5,2025-12-20,WWW@AC
UW-Whitewater,Isaiah Robinson,defense,25,10,8,2025-12-20,WWW@AC
UW-Whitewater,Isaiah Robinson,defense,20,10,6,2025-12-20,WWW@AC
UW-Whitewater,Isaiah Robinson,defense,20,5,10,2025-12-20,WWW@AC
UW-Whitewater,Isaiah Robinson,defense,10,20,9,2025-12-20,WWW@AC
UW-Whitewater,Isaiah Robinson,defense,15,20,3,2025-12-20,WWW@AC
UW-Whitewater,Isaiah Robinson,defense,20,20,3,2025-12-20,WWW@AC
UW-Whitewater,Isaiah Robinson,defense,25,20,18,2025-12-20,WWW@AC
UW-Whitewater,Isaiah Robinson,defense,30,20,18,2025-12-20,WWW@AC
UW-Whitewater,Kelton McEwen,defense,45,15,2,2025-12-20,WWW@AC
UW-Whitewater,Rashad Rogers,offense,10,40,3,2025-12-20,WWW@AC
UW-Whitewater,Rashad Rogers,offense,10,35,3,2025-12-20,WWW@AC
UW-Whitewater,Rashad Rogers,offense,5,30,1,2025-12-20,WWW@AC
UW-Whitewater,Rashad Rogers,offense,0,25,1,2025-12-20,WWW@AC
UW-Whitewater,Rashad Rogers,offense,0,20,1,2025-12-20,WWW@AC
UW-Whitewater,Rashad Rogers,offense,10,10,3,2025-12-20,WWW@AC
UW-Whitewater,Rashad Rogers,offense,10,0,11,2025-12-20,WWW@AC
Alma Scots,Korbin Heitzman,defense,25,45,2,2025-12-20,WWW@AC
UW-Whitewater,Agape Keyes Jr.,offense,5,25,17,2025-12-20,WWW@AC
UW-Whitewater,Agape Keyes Jr.,offense,10,20,2,2025-12-20,WWW@AC
UW-Whitewater,Isaiah Robinson,offense,0,5,1,2025-12-20,WWW@AC
UW-Whitewater,Isaiah Robinson,offense,5,5,1,2025-12-20,WWW@AC
UW-Whitewater,Isaiah Robinson,offense,15,5,5,2025-12-20,WWW@AC
UW-Whitewater,Isaiah Robinson,offense,10,5,7,2025-12-20,WWW@AC
UW-Whitewater,Isaiah Robinson,offense,10,10,1,2025-12-20,WWW@AC
UW-Whitewater,Isaiah Robinson,offense,15,10,18,2025-12-20,WWW@AC
UW-Whitewater,Isaiah Robinson,offense,0,0,2,2025-12-20,WWW@AC
UW-Whitewater,Isaiah Robinson,offense,20,10,5,2025-12-20,WWW@AC
UW-Whitewater,Isaiah Robinson,offense,15,15,1,2025-12-20,WWW@AC
UW-Whitewater,Isaiah Robinson,offense,15,20,5,2025-12-20,WWW@AC
UW-Whitewater,Agape Keyes Jr.,offense,5,10,5,2025-12-20,WWW@AC
UW-Whitewater,Agape Keyes Jr.,offense,0,10,1,2025-12-20,WWW@AC
UW-Whitewater,Agape Keyes Jr.,offense,5,15,10,2025-12-20,WWW@AC
UW-Whitewater,Agape Keyes Jr.,offense,10,15,3,2025-12-20,WWW@AC
UW-Whitewater,Agape Keyes Jr.,offense,10,10,19,2025-12-20,WWW@AC
UW-Whitewater,Agape Keyes Jr.,offense,15,10,6,2025-12-20,WWW@AC
UW-Whitewater,Agape Keyes Jr.,offense,20,10,3,2025-12-20,WWW@AC
UW-Whitewater,Agape Keyes Jr.,offense,25,10,8,2025-12-20,WWW@AC
UW-Whitewater,Agape Keyes Jr.,offense,30,10,7,2025-12-20,WWW@AC
UW-Whitewater,Agape Keyes Jr.,offense,25,15,6,2025-12-20,WWW@AC
UW-Whitewater,Agape Keyes Jr.,offense,30,15,13,2025-12-20,WWW@AC
UW-Whitewater,Agape Keyes Jr.,offense,30,20,7,2025-12-20,WWW@AC
UW-Whitewater,Agape Keyes Jr.,offense,30,25,3,2025-12-20,WWW@AC
UW-Whitewater,Agape Keyes Jr.,offense,25,25,10,2025-12-20,WWW@AC
UW-Whitewater,Agape Keyes Jr.,offense,25,30,5,2025-12-20,WWW@AC
UW-Whitewater,Agape Keyes Jr.,offense,20,30,7,2025-12-20,WWW@AC
UW-Whitewater,Agape Keyes Jr.,offense,15,30,16,2025-12-20,WWW@AC
UW-Whitewater,Agape Keyes Jr.,offense,10,30,29,2025-12-20,WWW@AC
UW-Whitewater,Agape Keyes Jr.,offense,5,30,5,2025-12-20,WWW@AC
UW-Whitewater,Isaiah Robinson,offense,20,35,1,2025-12-20,WWW@AC
UW-Whitewater,Isaiah Robinson,offense,0,30,3,2025-12-20,WWW@AC
UW-Whitewater,Isaiah Robinson,offense,10,25,3,2025-12-20,WWW@AC
UW-Whitewater,Isaiah Robinson,offense,25,15,11,2025-12-20,WWW@AC
UW-Whitewater,Isaiah Robinson,offense,25,10,16,2025-12-20,WWW@AC
UW-Whitewater,Trent Grunewald,offense,20,30,14,2025-12-20,WWW@AC
UW-Whitewater,Trent Grunewald,offense,20,25,9,2025-12-20,WWW@AC
UW-Whitewater,Trent Grunewald,offense,10,15,2,2025-12-20,WWW@AC
UW-Whitewater,Trent Grunewald,offense,15,15,10,2025-12-20,WWW@AC
UW-Whitewater,Trent Grunewald,offense,15,20,8,2025-12-20,WWW@AC
UW-Whitewater,Isaiah Robinson,offense,40,20,6,2025-12-20,WWW@AC
UW-Whitewater,Isaiah Robinson,offense,40,25,8,2025-12-20,WWW@AC
UW-Whitewater,Isaiah Robinson,offense,30,35,1,2025-12-20,WWW@AC
UW-Whitewater,Isaiah Robinson,offense,30,40,3,2025-12-20,WWW@AC
UW-Whitewater,Isaiah Robinson,offense,25,40,2,2025-12-20,WWW@AC
UW-Whitewater,Isaiah Robinson,offense,25,45,3,2025-12-20,WWW@AC
UW-Whitewater,Agape Keyes Jr.,offense,25,35,3,2025-12-20,WWW@AC
UW-Whitewater,Agape Keyes Jr.,offense,15,35,2,2025-12-20,WWW@AC
UW-Whitewater,Rashad Rogers,offense,0,30,2,2025-12-20,WWW@AC
UW-Whitewater,Rashad Rogers,offense,0,40,4,2025-12-20,WWW@AC
UW-Whitewater,Rashad Rogers,offense,20,40,2,2025-12-20,WWW@AC
UW-Whitewater,Rashad Rogers,offense,15,45,3,2025-12-20,WWW@AC
UW-Whitewater,Rashad Rogers,offense,5,40,6,2025-12-20,WWW@AC
UW-Whitewater,Rashad Rogers,offense,15,35,4,2025-12-20,WWW@AC
UW-Whitewater,Rashad Rogers,offense,15,40,4,2025-12-20,WWW@AC
Alma Scots,Donovan Collins,defense,20,45,1,2025-12-20,WWW@AC
UW-Whitewater,Tyshawn Teague-Johnson,offense,15,40,1,2025-12-20,WWW@AC
UW-Whitewater,Trent Grunewald,offense,10,30,2,2025-12-20,WWW@AC
UW-Whitewater,Trent Grunewald,offense,10,35,3,2025-12-20,WWW@AC
UW-Whitewater,Trent Grunewald,offense,15,35,3,2025-12-20,WWW@AC
UW-Whitewater,Trent Grunewald,offense,15,40,4,2025-12-20,WWW@AC
UW-Whitewater,Trent Grunewald,offense,5,45,1,2025-12-20,WWW@AC
UW-Whitewater,Isaiah Robinson,offense,15,40,4,2025-12-20,WWW@AC
UW-Whitewater,Isaiah Robinson,offense,15,45,3,2025-12-20,WWW@AC
UW-Whitewater,Agape Keyes Jr.,defense,20,10,11,2025-12-20,WWW@AC
UW-Whitewater,Agape Keyes Jr.,defense,15,10,17,2025-12-20,WWW@AC
UW-Whitewater,Agape Keyes Jr.,defense,10,10,4,2025-12-20,WWW@AC
UW-Whitewater,Rashad Rogers,defense,25,35,3,2025-12-20,WWW@AC
UW-Whitewater,Rashad Rogers,defense,25,30,10,2025-12-20,WWW@AC
UW-Whitewater,Mauryon Turner,defense,25,15,21,2025-12-20,WWW@AC
UW-Whitewater,Mauryon Turner,defense,25,5,11,2025-12-20,WWW@AC
UW-Whitewater,Mauryon Turner,defense,20,5,4,2025-12-20,WWW@AC
UW-Whitewater,Trent Grunewald,defense,30,5,5,2025-12-20,WWW@AC
UW-Whitewater,Trent Grunewald,defense,30,10,3,2025-12-20,WWW@AC
UW-Whitewater,Trent Grunewald,defense,35,10,2,2025-12-20,WWW@AC
UW-Whitewater,Trent Grunewald,defense,40,5,1,2025-12-20,WWW@AC
UW-Whitewater,Trent Grunewald,defense,35,0,2,2025-12-20,WWW@AC
UW-Whitewater,Trent Grunewald,defense,35,5,1,2025-12-20,WWW@AC
UW-Whitewater,Trent Grunewald,defense,25,35,5,2025-12-20,WWW@AC
UW-Whitewater,Isaiah Robinson,defense,40,10,6,2025-12-20,WWW@AC
UW-Whitewater,Agape Keyes Jr.,defense,25,10,2,2025-12-20,WWW@AC
UW-Whitewater,Agape Keyes Jr.,defense,25,20,13,2025-12-20,WWW@AC
UW-Whitewater,Agape Keyes Jr.,defense,20,15,7,2025-12-20,WWW@AC
UW-Whitewater,Agape Keyes Jr.,defense,25,30,11,2025-12-20,WWW@AC
UW-Whitewater,Isaiah Robinson,offense,45,45,1,2025-12-20,WWW@AC
UW-Whitewater,Isaiah Robinson,offense,45,40,1,2025-12-20,WWW@AC
UW-Whitewater,Isaiah Robinson,offense,45,35,2,2025-12-20,WWW@AC
UW-Whitewater,Isaiah Robinson,offense,45,30,3,2025-12-20,WWW@AC
UW-Whitewater,Isaiah Robinson,offense,45,25,6,2025-12-20,WWW@AC
UW-Whitewater,Isaiah Robinson,offense,45,20,1,2025-12-20,WWW@AC
UW-Whitewater,Isaiah Robinson,offense,40,30,2,2025-12-20,WWW@AC
UW-Whitewater,Isaiah Robinson,offense,35,35,2,2025-12-20,WWW@AC
UW-Whitewater,Agape Keyes Jr.,offense,5,40,1,2025-12-20,WWW@AC
UW-Whitewater,Agape Keyes Jr.,offense,10,25,7,2025-12-20,WWW@AC
UW-Whitewater,Agape Keyes Jr.,offense,15,25,10,2025-12-20,WWW@AC
UW-Whitewater,Agape Keyes Jr.,offense,15,20,6,2025-12-20,WWW@AC
UW-Whitewater,Mauryon Turner,offense,25,35,4,2025-12-20,WWW@AC
UW-Whitewater,Mauryon Turner,offense,20,35,2,2025-12-20,WWW@AC
UW-Whitewater,Mauryon Turner,offense,20,25,9,2025-12-20,WWW@AC
UW-Whitewater,Mauryon Turner,offense,25,20,2,2025-12-20,WWW@AC
UW-Whitewater,Mauryon Turner,offense,20,20,1,2025-12-20,WWW@AC
UW-Whitewater,Mauryon Turner,offense,25,25,9,2025-12-20,WWW@AC
UW-Whitewater,Mauryon Turner,offense,30,30,2,2025-12-20,WWW@AC
UW-Whitewater,Mauryon Turner,offense,35,25,5,2025-12-20,WWW@AC
UW-Whitewater,Mauryon Turner,offense,45,10,8,2025-12-20,WWW@AC
Alma Scots,Joss Bradley,defense,45,35,1,2025-12-20,WWW@AC
Alma Scots,Luciano Guerrazzi,defense,45,30,4,2025-12-20,WWW@AC
UW-Whitewater,Trent Grunewald,offense,35,40,1,2025-12-20,WWW@AC
UW-Whitewater,Trent Grunewald,offense,35,35,4,2025-12-20,WWW@AC
UW-Whitewater,Trent Grunewald,offense,35,30,7,2025-12-20,WWW@AC
UW-Whitewater,Trent Grunewald,offense,35,25,19,2025-12-20,WWW@AC
UW-Whitewater,Trent Grunewald,offense,30,25,1,2025-12-20,WWW@AC
UW-Whitewater,Trent Grunewald,offense,30,30,1,2025-12-20,WWW@AC
UW-Whitewater,Trent Grunewald,offense,25,30,5,2025-12-20,WWW@AC
UW-Whitewater,Trent Grunewald,offense,15,25,20,2025-12-20,WWW@AC
UW-Whitewater,Trent Grunewald,offense,10,25,1,2025-12-20,WWW@AC
UW-Whitewater,Rashad Rogers,offense,45,15,13,2025-12-20,WWW@AC
UW-Whitewater,Rashad Rogers,offense,45,10,17,2025-12-20,WWW@AC
UW-Whitewater,Rashad Rogers,offense,40,15,12,2025-12-20,WWW@AC
UW-Whitewater,Rashad Rogers,offense,45,5,28,2025-12-20,WWW@AC
UW-Whitewater,Rashad Rogers,offense,40,5,8,2025-12-20,WWW@AC
UW-Whitewater,Rashad Rogers,offense,35,5,3,2025-12-20,WWW@AC
UW-Whitewater,Isaiah Robinson,offense,20,20,5,2025-12-20,WWW@AC
UW-Whitewater,Isaiah Robinson,offense,25,25,3,2025-12-20,WWW@AC
UW-Whitewater,Isaiah Robinson,offense,10,20,2,2025-12-20,WWW@AC
UW-Whitewater,Isaiah Robinson,offense,5,15,4,2025-12-20,WWW@AC
UW-Whitewater,Isaiah Robinson,offense,10,15,1,2025-12-20,WWW@AC
UW-Whitewater,Mauryon Turner,offense,5,0,1,2025-12-20,WWW@AC
UW-Whitewater,Mauryon Turner,offense,10,5,8,2025-12-20,WWW@AC
UW-Whitewater,Mauryon Turner,offense,15,10,7,2025-12-20,WWW@AC
UW-Whitewater,Mauryon Turner,offense,30,0,2,2025-12-20,WWW@AC
UW-Whitewater,Mauryon Turner,offense,30,5,5,2025-12-20,WWW@AC
UW-Whitewater,Mauryon Turner,offense,25,5,6,2025-12-20,WWW@AC
UW-Whitewater,Mauryon Turner,offense,20,10,7,2025-12-20,WWW@AC
UW-Whitewater,Agape Keyes Jr.,offense,15,15,2,2025-12-20,WWW@AC
UW-Whitewater,Agape Keyes Jr.,offense,20,15,1,2025-12-20,WWW@AC
UW-Whitewater,Agape Keyes Jr.,offense,25,20,1,2025-12-20,WWW@AC
UW-Whitewater,Agape Keyes Jr.,offense,35,20,8,2025-12-20,WWW@AC
UW-Whitewater,Agape Keyes Jr.,offense,35,25,8,2025-12-20,WWW@AC
UW-Whitewater,Agape Keyes Jr.,offense,35,30,6,2025-12-20,WWW@AC
UW-Whitewater,Agape Keyes Jr.,offense,35,40,2,2025-12-20,WWW@AC
Alma Scots,Luciano Guerrazzi,offense,5,40,1,2025-12-20,WWW@AC
UW-Whitewater,Mauryon Turner,defense,10,40,1,2025-12-20,WWW@AC
UW-Whitewater,Mauryon Turner,defense,10,30,2,2025-12-20,WWW@AC
UW-Whitewater,Mauryon Turner,defense,10,25,3,2025-12-20,WWW@AC
UW-Whitewater,Mauryon Turner,defense,10,20,4,2025-12-20,WWW@AC
UW-Whitewater,Mauryon Turner,defense,10,15,7,2025-12-20,WWW@AC
UW-Whitewater,Mauryon Turner,defense,5,15,6,2025-12-20,WWW@AC
UW-Whitewater,Mauryon Turner,defense,5,10,4,2025-12-20,WWW@AC
UW-Whitewater,Mauryon Turner,defense,10,5,2,2025-12-20,WWW@AC
UW-Whitewater,Mauryon Turner,defense,10,10,13,2025-12-20,WWW@AC
UW-Whitewater,Mauryon Turner,defense,15,10,5,2025-12-20,WWW@AC
UW-Whitewater,Mauryon Turner,defense,15,5,6,2025-12-20,WWW@AC
UW-Whitewater,Agape Keyes Jr.,defense,45,35,1,2025-12-20,WWW@AC
UW-Whitewater,Agape Keyes Jr.,defense,40,25,2,2025-12-20,WWW@AC
UW-Whitewater,Agape Keyes Jr.,defense,40,20,3,2025-12-20,WWW@AC
UW-Whitewater,Agape Keyes Jr.,defense,35,20,5,2025-12-20,WWW@AC
UW-Whitewater,Agape Keyes Jr.,defense,35,15,2,2025-12-20,WWW@AC
UW-Whitewater,Agape Keyes Jr.,defense,25,15,10,2025-12-20,WWW@AC
UW-Whitewater,Agape Keyes Jr.,defense,20,5,8,2025-12-20,WWW@AC
UW-Whitewater,Agape Keyes Jr.,defense,15,5,1,2025-12-20,WWW@AC
UW-Whitewater,Agape Keyes Jr.,defense,10,5,1,2025-12-20,WWW@AC
UW-Whitewater,Agape Keyes Jr.,defense,5,5,1,2025-12-20,WWW@AC
UW-Whitewater,Trent Grunewald,defense,35,45,1,2025-12-20,WWW@AC
UW-Whitewater,Trent Grunewald,defense,35,35,1,2025-12-20,WWW@AC
UW-Whitewater,Trent Grunewald,defense,25,30,6,2025-12-20,WWW@AC
UW-Whitewater,Trent Grunewald,defense,20,30,5,2025-12-20,WWW@AC
UW-Whitewater,Trent Grunewald,defense,20,25,4,2025-12-20,WWW@AC
UW-Whitewater,Trent Grunewald,defense,25,20,10,2025-12-20,WWW@AC
UW-Whitewater,Trent Grunewald,defense,30,15,1,2025-12-20,WWW@AC
UW-Whitewater,Trent Grunewald,defense,20,10,24,2025-12-20,WWW@AC
UW-Whitewater,Trent Grunewald,defense,25,5,14,2025-12-20,WWW@AC
UW-Whitewater,Trent Grunewald,defense,20,5,20,2025-12-20,WWW@AC
UW-Whitewater,Trent Grunewald,defense,25,10,8,2025-12-20,WWW@AC
UW-Whitewater,Isaiah Robinson,defense,25,40,3,2025-12-20,WWW@AC
UW-Whitewater,Isaiah Robinson,defense,30,30,2,2025-12-20,WWW@AC
UW-Whitewater,Isaiah Robinson,defense,25,25,5,2025-12-20,WWW@AC
UW-Whitewater,Isaiah Robinson,defense,25,15,15,2025-12-20,WWW@AC
UW-Whitewater,Isaiah Robinson,defense,30,10,10,2025-12-20,WWW@AC
UW-Whitewater,Isaiah Robinson,defense,30,5,8,2025-12-20,WWW@AC
UW-Whitewater,Isaiah Robinson,defense,35,10,15,2025-12-20,WWW@AC
UW-Whitewater,Isaiah Robinson,defense,30,15,9,2025-12-20,WWW@AC
UW-Whitewater,Isaiah Robinson,defense,20,15,11,2025-12-20,WWW@AC
UW-Whitewater,Isaiah Robinson,defense,15,15,10,2025-12-20,WWW@AC
UW-Whitewater,Rashad Rogers,defense,40,40,1,2025-12-20,WWW@AC
UW-Whitewater,Rashad Rogers,defense,35,40,1,2025-12-20,WWW@AC
UW-Whitewater,Rashad Rogers,defense,35,35,1,2025-12-20,WWW@AC
UW-Whitewater,Rashad Rogers,defense,30,15,7,2025-12-20,WWW@AC
UW-Whitewater,Rashad Rogers,defense,35,15,8,2025-12-20,WWW@AC
UW-Whitewater,Rashad Rogers,defense,30,25,14,2025-12-20,WWW@AC
UW-Whitewater,Trent Grunewald,defense,15,5,8,2025-12-20,WWW@AC
UW-Whitewater,Trent Grunewald,defense,10,5,4,2025-12-20,WWW@AC
UW-Whitewater,Trent Grunewald,defense,15,0,2,2025-12-20,WWW@AC
UW-Whitewater,Mauryon Turner,defense,25,20,36,2025-12-20,WWW@AC
UW-Whitewater,Mauryon Turner,defense,30,15,15,2025-12-20,WWW@AC
UW-Whitewater,Mauryon Turner,defense,30,20,13,2025-12-20,WWW@AC
UW-Whitewater,Mauryon Turner,defense,35,15,3,2025-12-20,WWW@AC
Alma Scots,Luciano Guerrazzi,offense,10,0,2,2025-12-20,WWW@AC
Alma Scots,Luciano Guerrazzi,offense,5,5,5,2025-12-20,WWW@AC
UW-Whitewater,Agape Keyes Jr.,defense,45,10,3,2025-12-20,WWW@AC
UW-Whitewater,Agape Keyes Jr.,defense,15,15,27,2025-12-20,WWW@AC
UW-Whitewater,Trent Grunewald,defense,15,10,14,2025-12-20,WWW@AC
UW-Whitewater,Trent Grunewald,defense,20,15,12,2025-12-20,WWW@AC
UW-Whitewater,Isaiah Robinson,defense,15,25,7,2025-12-20,WWW@AC
UW-Whitewater,Agape Keyes Jr.,offense,45,35,1,2025-12-20,WWW@AC
UW-Whitewater,Agape Keyes Jr.,offense,45,25,1,2025-12-20,WWW@AC
UW-Whitewater,Agape Keyes Jr.,offense,45,20,2,2025-12-20,WWW@AC
UW-Whitewater,Agape Keyes Jr.,offense,45,15,1,2025-12-20,WWW@AC
UW-Whitewater,Trent Grunewald,offense,25,40,5,2025-12-20,WWW@AC
UW-Whitewater,Trent Grunewald,offense,25,35,2,2025-12-20,WWW@AC
UW-Whitewater,Trent Grunewald,offense,25,25,6,2025-12-20,WWW@AC
UW-Whitewater,Trent Grunewald,offense,25,20,4,2025-12-20,WWW@AC
UW-Whitewater,Trent Grunewald,offense,30,10,3,2025-12-20,WWW@AC
UW-Whitewater,Trent Grunewald,offense,25,15,2,2025-12-20,WWW@AC
UW-Whitewater,Trent Grunewald,offense,20,20,5,2025-12-20,WWW@AC
UW-Whitewater,Mauryon Turner,offense,0,25,1,2025-12-20,WWW@AC
Alma Scots,Josh Elliott,defense,35,0,2,2025-12-20,WWW@AC
UW-Whitewater,Isaiah Robinson,offense,40,40,2,2025-12-20,WWW@AC
UW-Whitewater,Isaiah Robinson,offense,40,35,2,2025-12-20,WWW@AC
UW-Whitewater,Isaiah Robinson,offense,35,30,3,2025-12-20,WWW@AC
UW-Whitewater,Isaiah Robinson,offense,20,5,4,2025-12-20,WWW@AC
UW-Whitewater,Isaiah Robinson,offense,25,0,4,2025-12-20,WWW@AC
UW-Whitewater,Isaiah Robinson,offense,15,0,1,2025-12-20,WWW@AC
UW-Whitewater,Agape Keyes Jr.,offense,0,25,2,2025-12-20,WWW@AC
UW-Whitewater,Rashad Rogers,offense,40,0,2,2025-12-20,WWW@AC
UW-Whitewater,Mauryon Turner,offense,0,40,1,2025-12-20,WWW@AC
UW-Whitewater,Mauryon Turner,offense,0,35,1,2025-12-20,WWW@AC
UW-Whitewater,Mauryon Turner,offense,30,35,1,2025-12-20,WWW@AC
UW-Whitewater,Mauryon Turner,offense,35,30,6,2025-12-20,WWW@AC
UW-Whitewater,Mauryon Turner,offense,30,25,6,2025-12-20,WWW@AC
UW-Whitewater,Mauryon Turner,offense,30,20,14,2025-12-20,WWW@AC
UW-Whitewater,Mauryon Turner,offense,35,20,5,2025-12-20,WWW@AC
UW-Whitewater,Mauryon Turner,offense,35,15,4,2025-12-20,WWW@AC
UW-Whitewater,Mauryon Turner,offense,40,15,3,2025-12-20,WWW@AC
UW-Whitewater,Mauryon Turner,offense,40,10,10,2025-12-20,WWW@AC
UW-Whitewater,Mauryon Turner,offense,45,5,12,2025-12-20,WWW@AC
UW-Whitewater,Mauryon Turner,offense,35,10,5,2025-12-20,WWW@AC
UW-Whitewater,Agape Keyes Jr.,offense,20,25,10,2025-12-20,WWW@AC
UW-Whitewater,Agape Keyes Jr.,offense,30,5,6,2025-12-20,WWW@AC
UW-Whitewater,Trent Grunewald,offense,20,10,6,2025-12-20,WWW@AC
UW-Whitewater,Trent Grunewald,offense,15,30,2,2025-12-20,WWW@AC
UW-Whitewater,Trent Grunewald,offense,10,45,1,2025-12-20,WWW@AC
UW-Whitewater,Isaiah Robinson,offense,25,35,4,2025-12-20,WWW@AC
UW-Whitewater,Rashad Rogers,defense,35,5,4,2025-12-20,WWW@AC
UW-Whitewater,Agape Keyes Jr.,defense,35,40,2,2025-12-20,WWW@AC
UW-Whitewater,Agape Keyes Jr.,defense,35,35,5,2025-12-20,WWW@AC
UW-Whitewater,Agape Keyes Jr.,defense,35,30,2,2025-12-20,WWW@AC
UW-Whitewater,Trent Grunewald,defense,25,40,1,2025-12-20,WWW@AC
UW-Whitewater,Trent Grunewald,defense,25,25,3,2025-12-20,WWW@AC
UW-Whitewater,Trent Grunewald,defense,25,15,4,2025-12-20,WWW@AC
Alma Scots,Luciano Guerrazzi,offense,5,0,2,2025-12-20,WWW@AC
Alma Scots,Luciano Guerrazzi,offense,0,0,1,2025-12-20,WWW@AC
UW-Whitewater,Isaiah Robinson,defense,10,40,1,2025-12-20,WWW@AC
UW-Whitewater,Isaiah Robinson,defense,10,15,6,2025-12-20,WWW@AC
UW-Whitewater,Isaiah Robinson,defense,5,15,2,2025-12-20,WWW@AC
UW-Whitewater,Isaiah Robinson,defense,5,20,3,2025-12-20,WWW@AC
UW-Whitewater,Isaiah Robinson,defense,5,25,3,2025-12-20,WWW@AC
UW-Whitewater,Isaiah Robinson,defense,30,25,2,2025-12-20,WWW@AC
UW-Whitewater,Isaiah Robinson,defense,35,30,2,2025-12-20,WWW@AC
UW-Whitewater,Mauryon Turner,defense,30,10,8,2025-12-20,WWW@AC
Alma Scots,Joss Bradley,offense,15,45,1,2025-12-20,WWW@AC
Alma Scots,Joss Bradley,defense,35,45,2,2025-12-20,WWW@AC
UW-Whitewater,Mauryon Turner,offense,25,15,2,2025-12-20,WWW@AC
UW-Whitewater,Agape Keyes Jr.,offense,20,5,1,2025-12-20,WWW@AC
UW-Whitewater,Agape Keyes Jr.,offense,15,0,3,2025-12-20,WWW@AC
UW-Whitewater,Isaiah Robinson,defense,20,45,3,2025-12-20,WWW@AC
UW-Whitewater,Isaiah Robinson,defense,15,40,4,2025-12-20,WWW@AC
UW-Whitewater,Isaiah Robinson,defense,25,45,1,2025-12-20,WWW@AC
UW-Whitewater,Isaiah Robinson,defense,20,40,4,2025-12-20,WWW@AC
UW-Whitewater,Isaiah Robinson,defense,25,35,1,2025-12-20,WWW@AC
UW-Whitewater,Isaiah Robinson,defense,20,30,8,2025-12-20,WWW@AC
UW-Whitewater,Trent Grunewald,defense,15,30,1,2025-12-20,WWW@AC
UW-Whitewater,Trent Grunewald,defense,15,25,5,2025-12-20,WWW@AC
UW-Whitewater,Trent Grunewald,defense,15,20,10,2025-12-20,WWW@AC
UW-Whitewater,Trent Grunewald,defense,15,15,6,2025-12-20,WWW@AC
UW-Whitewater,Trent Grunewald,defense,10,15,4,2025-12-20,WWW@AC
UW-Whitewater,Trent Grunewald,defense,10,10,29,2025-12-20,WWW@AC
UW-Whitewater,Trent Grunewald,defense,5,10,2,2025-12-20,WWW@AC
UW-Whitewater,Trent Grunewald,defense,5,15,2,2025-12-20,WWW@AC
UW-Whitewater,Trent Grunewald,defense,5,20,1,2025-12-20,WWW@AC
UW-Whitewater,Trent Grunewald,defense,10,20,1,2025-12-20,WWW@AC
UW-Whitewater,Agape Keyes Jr.,defense,5,40,1,2025-12-20,WWW@AC
UW-Whitewater,Agape Keyes Jr.,defense,15,35,2,2025-12-20,WWW@AC
UW-Whitewater,Agape Keyes Jr.,defense,20,20,18,2025-12-20,WWW@AC
UW-Whitewater,Agape Keyes Jr.,defense,30,20,12,2025-12-20,WWW@AC
UW-Whitewater,Agape Keyes Jr.,defense,25,25,4,2025-12-20,WWW@AC
UW-Whitewater,Agape Keyes Jr.,defense,5,20,1,2025-12-20,WWW@AC
UW-Whitewater,Agape Keyes Jr.,defense,10,20,4,2025-12-20,WWW@AC
UW-Whitewater,Agape Keyes Jr.,defense,15,20,4,2025-12-20,WWW@AC
UW-Whitewater,Agape Keyes Jr.,defense,10,15,1,2025-12-20,WWW@AC
UW-Whitewater,Agape Keyes Jr.,defense,20,25,1,2025-12-20,WWW@AC
UW-Whitewater,Agape Keyes Jr.,defense,30,25,6,2025-12-20,WWW@AC
UW-Whitewater,Agape Keyes Jr.,defense,30,30,2,2025-12-20,WWW@AC
UW-Whitewater,Agape Keyes Jr.,defense,30,15,3,2025-12-20,WWW@AC
UW-Whitewater,Agape Keyes Jr.,defense,35,25,4,2025-12-20,WWW@AC
UW-Whitewater,Mauryon Turner,defense,40,45,1,2025-12-20,WWW@AC
UW-Whitewater,Mauryon Turner,defense,40,40,1,2025-12-20,WWW@AC
UW-Whitewater,Mauryon Turner,defense,35,35,1,2025-12-20,WWW@AC
UW-Whitewater,Mauryon Turner,defense,35,30,3,2025-12-20,WWW@AC
UW-Whitewater,Mauryon Turner,defense,35,25,3,2025-12-20,WWW@AC
UW-Whitewater,Mauryon Turner,defense,35,20,2,2025-12-20,WWW@AC
UW-Whitewater,Mauryon Turner,defense,25,10,10,2025-12-20,WWW@AC
UW-Whitewater,Mauryon Turner,defense,30,5,3,2025-12-20,WWW@AC
Alma Scots,Luciano Guerrazzi,offense,35,5,1,2025-12-20,WWW@AC
UW-Whitewater,Isaiah Robinson,defense,35,15,3,2025-12-20,WWW@AC
UW-Whitewater,Isaiah Robinson,defense,35,20,2,2025-12-20,WWW@AC
UW-Whitewater,Isaiah Robinson,defense,45,10,7,2025-12-20,WWW@AC
UW-Whitewater,Trent Grunewald,defense,5,0,2,2025-12-20,WWW@AC
UW-Whitewater,Trent Grunewald,defense,10,0,1,2025-12-20,WWW@AC
UW-Whitewater,Isaiah Robinson,defense,35,0,2,2025-12-20,WWW@AC
UW-Whitewater,Isaiah Robinson,defense,30,0,6,2025-12-20,WWW@AC
UW-Whitewater,Isaiah Robinson,defense,25,30,3,2025-12-20,WWW@AC
UW-Whitewater,Isaiah Robinson,defense,20,35,2,2025-12-20,WWW@AC
UW-Whitewater,Isaiah Robinson,defense,15,35,2,2025-12-20,WWW@AC
UW-Whitewater,Rashad Rogers,defense,40,5,1,2025-12-20,WWW@AC
UW-Whitewater,Rashad Rogers,defense,45,5,3,2025-12-20,WWW@AC
UW-Whitewater,Rashad Rogers,defense,45,10,4,2025-12-20,WWW@AC
UW-Whitewater,Rashad Rogers,defense,40,15,3,2025-12-20,WWW@AC
UW-Whitewater,Rashad Rogers,defense,40,20,3,2025-12-20,WWW@AC
UW-Whitewater,Rashad Rogers,defense,35,25,6,2025-12-20,WWW@AC
UW-Whitewater,Rashad Rogers,defense,30,40,1,2025-12-20,WWW@AC
UW-Whitewater,Isaiah Robinson,defense,40,20,1,2025-12-20,WWW@AC
UW-Whitewater,Trent Grunewald,offense,5,10,3,2025-12-20,WWW@AC
UW-Whitewater,Trent Grunewald,offense,5,5,6,2025-12-20,WWW@AC
UW-Whitewater,Trent Grunewald,offense,10,10,11,2025-12-20,WWW@AC
UW-Whitewater,Trent Grunewald,offense,0,5,12,2025-12-20,WWW@AC
UW-Whitewater,Agape Keyes Jr.,offense,5,20,3,2025-12-20,WWW@AC
UW-Whitewater,Agape Keyes Jr.,offense,5,5,3,2025-12-20,WWW@AC
UW-Whitewater,Mauryon Turner,offense,5,40,2,2025-12-20,WWW@AC
UW-Whitewater,Mauryon Turner,offense,5,25,2,2025-12-20,WWW@AC
UW-Whitewater,Mauryon Turner,offense,10,15,3,2025-12-20,WWW@AC
UW-Whitewater,Rashad Rogers,offense,40,35,1,2025-12-20,WWW@AC
UW-Whitewater,Rashad Rogers,offense,40,20,1,2025-12-20,WWW@AC
UW-Whitewater,Mauryon Turner,offense,15,5,4,2025-12-20,WWW@AC
UW-Whitewater,Mauryon Turner,offense,30,10,2,2025-12-20,WWW@AC
UW-Whitewater,Isaiah Robinson,offense,35,15,1,2025-12-20,WWW@AC
UW-Whitewater,Isaiah Robinson,offense,30,20,9,2025-12-20,WWW@AC
UW-Whitewater,Trent Grunewald,offense,25,10,1,2025-12-20,WWW@AC
Alma Scots,Joss Bradley,offense,5,45,4,2025-12-20,WWW@AC
UW-Whitewater,Rashad Rogers,defense,25,40,1,2025-12-20,WWW@AC
UW-Whitewater,Rashad Rogers,defense,20,40,2,2025-12-20,WWW@AC
UW-Whitewater,Mauryon Turner,defense,15,40,1,2025-12-20,WWW@AC
UW-Whitewater,Mauryon Turner,defense,20,20,2,2025-12-20,WWW@AC
UW-Whitewater,Mauryon Turner,defense,20,15,2,2025-12-20,WWW@AC
UW-Whitewater,Mauryon Turner,defense,20,10,4,2025-12-20,WWW@AC
UW-Whitewater,Mauryon Turner,defense,15,25,3,2025-12-20,WWW@AC
UW-Whitewater,Mauryon Turner,defense,15,30,2,2025-12-20,WWW@AC
UW-Whitewater,Mauryon Turner,defense,20,35,5,2025-12-20,WWW@AC
UW-Whitewater,Isaiah Robinson,defense,30,35,1,2025-12-20,WWW@AC
Alma Scots,Luciano Guerrazzi,offense,10,30,7,2025-12-20,WWW@AC
UW-Whitewater,Isaiah Robinson,defense,25,5,2,2025-12-20,WWW@AC
Alma Scots,Luciano Guerrazzi,defense,25,45,1,2025-12-20,WWW@AC
UW-Whitewater,Agape Keyes Jr.,offense,35,35,1,2025-12-20,WWW@AC
UW-Whitewater,Agape Keyes Jr.,offense,30,30,2,2025-12-20,WWW@AC
UW-Whitewater,Agape Keyes Jr.,offense,30,35,2,2025-12-20,WWW@AC
UW-Whitewater,Trent Grunewald,offense,5,35,1,2025-12-20,WWW@AC
UW-Whitewater,Trent Grunewald,offense,5,30,1,2025-12-20,WWW@AC
UW-Whitewater,Trent Grunewald,offense,5,25,1,2025-12-20,WWW@AC
UW-Whitewater,Trent Grunewald,offense,10,20,1,2025-12-20,WWW@AC
Alma Scots,Joss Bradley,defense,5,0,1,2025-12-20,WWW@AC
UW-Whitewater,Rashad Rogers,offense,5,45,2,2025-12-20,WWW@AC
UW-Whitewater,Rashad Rogers,offense,5,35,1,2025-12-20,WWW@AC
UW-Whitewater,Rashad Rogers,offense,20,35,4,2025-12-20,WWW@AC
UW-Whitewater,Rashad Rogers,offense,20,45,1,2025-12-20,WWW@AC
UW-Whitewater,Mauryon Turner,offense,5,35,1,2025-12-20,WWW@AC
UW-Whitewater,Mauryon Turner,offense,5,30,2,2025-12-20,WWW@AC
UW-Whitewater,Mauryon Turner,offense,5,20,2,2025-12-20,WWW@AC
UW-Whitewater,Mauryon Turner,offense,0,20,1,2025-12-20,WWW@AC
UW-Whitewater,Agape Keyes Jr.,offense,40,40,2,2025-12-20,WWW@AC
UW-Whitewater,Agape Keyes Jr.,offense,35,45,1,2025-12-20,WWW@AC
UW-Whitewater,Isaiah Robinson,offense,35,20,6,2025-12-20,WWW@AC
UW-Whitewater,Trent Grunewald,defense,20,20,8,2025-12-20,WWW@AC
UW-Whitewater,Trent Grunewald,defense,25,0,4,2025-12-20,WWW@AC
UW-Whitewater,Mauryon Turner,defense,25,35,10,2025-12-20,WWW@AC
UW-Whitewater,Mauryon Turner,defense,20,30,2,2025-12-20,WWW@AC
UW-Whitewater,Mauryon Turner,defense,20,25,4,2025-12-20,WWW@AC
UW-Whitewater,Mauryon Turner,defense,40,15,1,2025-12-20,WWW@AC
UW-Whitewater,Mauryon Turner,defense,35,10,1,2025-12-20,WWW@AC
UW-Whitewater,Mauryon Turner,defense,15,20,4,2025-12-20,WWW@AC
UW-Whitewater,Mauryon Turner,defense,15,15,35,2025-12-20,WWW@AC
UW-Whitewater,Rashad Rogers,defense,10,45,1,2025-12-20,WWW@AC
UW-Whitewater,Agape Keyes Jr.,defense,20,45,3,2025-12-20,WWW@AC
UW-Whitewater,Agape Keyes Jr.,defense,25,40,2,2025-12-20,WWW@AC
UW-Whitewater,Agape Keyes Jr.,defense,25,35,5,2025-12-20,WWW@AC
UW-Whitewater,Agape Keyes Jr.,defense,20,35,1,2025-12-20,WWW@AC
UW-Whitewater,Agape Keyes Jr.,defense,20,30,2,2025-12-20,WWW@AC
UW-Whitewater,Agape Keyes Jr.,defense,25,5,13,2025-12-20,WWW@AC
UW-Whitewater,Agape Keyes Jr.,defense,30,5,5,2025-12-20,WWW@AC
UW-Whitewater,Agape Keyes Jr.,defense,35,5,2,2025-12-20,WWW@AC
UW-Whitewater,Agape Keyes Jr.,defense,30,10,19,2025-12-20,WWW@AC
UW-Whitewater,Rashad Rogers,defense,15,45,1,2025-12-20,WWW@AC
UW-Whitewater,Isaiah Robinson,defense,15,5,2,2025-12-20,WWW@AC
UW-Whitewater,Isaiah Robinson,defense,15,10,2,2025-12-20,WWW@AC
UW-Whitewater,Trent Grunewald,offense,40,40,2,2025-12-20,WWW@AC
UW-Whitewater,Trent Grunewald,offense,40,35,5,2025-12-20,WWW@AC
UW-Whitewater,Trent Grunewald,offense,40,30,2,2025-12-20,WWW@AC
UW-Whitewater,Trent Grunewald,offense,35,20,4,2025-12-20,WWW@AC
UW-Whitewater,Trent Grunewald,offense,35,15,4,2025-12-20,WWW@AC
UW-Whitewater,Trent Grunewald,offense,30,15,3,2025-12-20,WWW@AC
UW-Whitewater,Trent Grunewald,offense,35,10,1,2025-12-20,WWW@AC
UW-Whitewater,Trent Grunewald,offense,40,15,4,2025-12-20,WWW@AC
UW-Whitewater,Trent Grunewald,offense,45,15,1,2025-12-20,WWW@AC
UW-Whitewater,Trent Grunewald,offense,40,20,2,2025-12-20,WWW@AC
UW-Whitewater,Trent Grunewald,offense,40,25,2,2025-12-20,WWW@AC
UW-Whitewater,Rashad Rogers,offense,10,30,2,2025-12-20,WWW@AC
UW-Whitewater,Rashad Rogers,offense,5,15,4,2025-12-20,WWW@AC
Alma Scots,Donovan Collins,defense,45,25,1,2025-12-20,WWW@AC
UW-Whitewater,Mauryon Turner,offense,25,30,7,2025-12-20,WWW@AC
UW-Whitewater,Mauryon Turner,offense,20,15,3,2025-12-20,WWW@AC
UW-Whitewater,Agape Keyes Jr.,offense,0,20,1,2025-12-20,WWW@AC
UW-Whitewater,Agape Keyes Jr.,offense,40,15,3,2025-12-20,WWW@AC
UW-Whitewater,Agape Keyes Jr.,offense,25,5,6,2025-12-20,WWW@AC
UW-Whitewater,Agape Keyes Jr.,offense,30,0,6,2025-12-20,WWW@AC
UW-Whitewater,Agape Keyes Jr.,offense,35,0,1,2025-12-20,WWW@AC
UW-Whitewater,Agape Keyes Jr.,offense,40,0,3,2025-12-20,WWW@AC
UW-Whitewater,Agape Keyes Jr.,offense,40,5,2,2025-12-20,WWW@AC
UW-Whitewater,Agape Keyes Jr.,offense,35,5,3,2025-12-20,WWW@AC
UW-Whitewater,Mauryon Turner,offense,20,0,2,2025-12-20,WWW@AC
UW-Whitewater,Mauryon Turner,offense,20,5,3,2025-12-20,WWW@AC
UW-Whitewater,Trent Grunewald,offense,15,10,5,2025-12-20,WWW@AC
UW-Whitewater,Trent Grunewald,offense,15,5,6,2025-12-20,WWW@AC
UW-Whitewater,Trent Grunewald,offense,20,5,3,2025-12-20,WWW@AC
UW-Whitewater,Agape Keyes Jr.,offense,20,0,2,2025-12-20,WWW@AC
UW-Whitewater,Rashad Rogers,offense,45,20,4,2025-12-20,WWW@AC
UW-Whitewater,Isaiah Robinson,offense,25,5,1,2025-12-20,WWW@AC
UW-Whitewater,Mauryon Turner,offense,15,15,2,2025-12-20,WWW@AC
UW-Whitewater,Mauryon Turner,offense,5,10,1,2025-12-20,WWW@AC
UW-Whitewater,Mauryon Turner,offense,25,10,2,2025-12-20,WWW@AC
UW-Whitewater,Mauryon Turner,offense,35,5,1,2025-12-20,WWW@AC
UW-Whitewater,Mauryon Turner,offense,40,5,1,2025-12-20,WWW@AC
UW-Whitewater,Isaiah Robinson,offense,35,0,1,2025-12-20,WWW@AC
UW-Whitewater,Isaiah Robinson,offense,40,0,2,2025-12-20,WWW@AC
UW-Whitewater,Isaiah Robinson,offense,40,5,2,2025-12-20,WWW@AC
UW-Whitewater,Isaiah Robinson,offense,40,10,1,2025-12-20,WWW@AC
UW-Whitewater,Isaiah Robinson,offense,40,15,2,2025-12-20,WWW@AC
UW-Whitewater,Mauryon Turner,defense,25,25,1,2025-12-20,WWW@AC
UW-Whitewater,Agape Keyes Jr.,defense,20,0,2,2025-12-20,WWW@AC
UW-Whitewater,Trent Grunewald,defense,20,0,1,2025-12-20,WWW@AC
UW-Whitewater,Trent Grunewald,offense,45,25,5,2025-12-20,WWW@AC
UW-Whitewater,Trent Grunewald,offense,30,40,2,2025-12-20,WWW@AC
UW-Whitewater,Mauryon Turner,offense,10,10,1,2025-12-20,WWW@AC
UW-Whitewater,Mauryon Turner,offense,15,20,1,2025-12-20,WWW@AC
UW-Whitewater,Mauryon Turner,offense,15,25,1,2025-12-20,WWW@AC
UW-Whitewater,Mauryon Turner,offense,40,20,2,2025-12-20,WWW@AC
UW-Whitewater,Mauryon Turner,offense,30,15,1,2025-12-20,WWW@AC
UW-Whitewater,Rashad Rogers,offense,35,0,1,2025-12-20,WWW@AC
UW-Whitewater,Agape Keyes Jr.,offense,25,0,1,2025-12-20,WWW@AC
Alma Scots,Donovan Collins,defense,10,45,1,2025-12-20,WWW@AC
UW-Whitewater,Isaiah Robinson,offense,5,10,1,2025-12-20,WWW@AC
UW-Whitewater,Isaiah Robinson,offense,25,20,2,2025-12-20,WWW@AC
UW-Whitewater,Mauryon Turner,defense,20,40,1,2025-12-20,WWW@AC
UW-Whitewater,Mauryon Turner,defense,30,35,4,2025-12-20,WWW@AC
UW-Whitewater,Mauryon Turner,defense,30,40,4,2025-12-20,WWW@AC
UW-Whitewater,Mauryon Turner,defense,35,40,9,2025-12-20,WWW@AC
UW-Whitewater,Rashad Rogers,defense,35,20,2,2025-12-20,WWW@AC
UW-Whitewater,Trent Grunewald,defense,20,35,1,2025-12-20,WWW@AC
UW-Whitewater,Trent Grunewald,defense,10,45,1,2025-12-20,WWW@AC
UW-Whitewater,Agape Keyes Jr.,defense,15,45,1,2025-12-20,WWW@AC
UW-Whitewater,Agape Keyes Jr.,defense,20,40,2,2025-12-20,WWW@AC
UW-Whitewater,Trent Grunewald,defense,0,5,1,2025-12-20,WWW@AC
UW-Whitewater,Trent Grunewald,defense,0,0,1,2025-12-20,WWW@AC
UW-Whitewater,JR Lukenbill,defense,30,40,21,2026-01-03,WOS@WWW
UW-Whitewater,TEAM,defense,30,40,125,2026-01-03,WOS@WWW
UW-Whitewater,JR Lukenbill,defense,30,35,27,2026-01-03,WOS@WWW
UW-Whitewater,TEAM,defense,30,35,117,2026-01-03,WOS@WWW
UW-Whitewater,JR Lukenbill,defense,25,35,10,2026-01-03,WOS@WWW
UW-Whitewater,TEAM,defense,25,35,213,2026-01-03,WOS@WWW
UW-Whitewater,JR Lukenbill,defense,20,30,15,2026-01-03,WOS@WWW
UW-Whitewater,TEAM,defense,20,30,346,2026-01-03,WOS@WWW
UW-Whitewater,JR Lukenbill,defense,20,25,35,2026-01-03,WOS@WWW
UW-Whitewater,TEAM,defense,20,25,389,2026-01-03,WOS@WWW
UW-Whitewater,JR Lukenbill,defense,20,35,10,2026-01-03,WOS@WWW
UW-Whitewater,TEAM,defense,20,35,214,2026-01-03,WOS@WWW
UW-Whitewater,JR Lukenbill,defense,25,30,35,2026-01-03,WOS@WWW
UW-Whitewater,TEAM,defense,25,30,250,2026-01-03,WOS@WWW
UW-Whitewater,JR Lukenbill,defense,30,30,15,2026-01-03,WOS@WWW
UW-Whitewater,TEAM,defense,30,30,154,2026-01-03,WOS@WWW
UW-Whitewater,JR Lukenbill,defense,30,25,44,2026-01-03,WOS@WWW
UW-Whitewater,TEAM,defense,30,25,343,2026-01-03,WOS@WWW
UW-Whitewater,JR Lukenbill,defense,25,20,62,2026-01-03,WOS@WWW
UW-Whitewater,TEAM,defense,25,20,518,2026-01-03,WOS@WWW
UW-Whitewater,JR Lukenbill,defense,20,20,54,2026-01-03,WOS@WWW
UW-Whitewater,TEAM,defense,20,20,571,2026-01-03,WOS@WWW
UW-Whitewater,JR Lukenbill,defense,25,15,66,2026-01-03,WOS@WWW
UW-Whitewater,TEAM,defense,25,15,655,2026-01-03,WOS@WWW
UW-Whitewater,JR Lukenbill,defense,10,10,69,2026-01-03,WOS@WWW
UW-Whitewater,TEAM,defense,10,10,400,2026-01-03,WOS@WWW
UW-Whitewater,JR Lukenbill,defense,25,5,55,2026-01-03,WOS@WWW
UW-Whitewater,TEAM,defense,25,5,493,2026-01-03,WOS@WWW
UW-Whitewater,JR Lukenbill,defense,45,15,9,2026-01-03,WOS@WWW
UW-Whitewater,TEAM,defense,45,15,172,2026-01-03,WOS@WWW
UW-Whitewater,JR Lukenbill,defense,40,5,19,2026-01-03,WOS@WWW
UW-Whitewater,TEAM,defense,40,5,123,2026-01-03,WOS@WWW
UW-Whitewater,JR Lukenbill,defense,35,0,5,2026-01-03,WOS@WWW
UW-Whitewater,TEAM,defense,35,0,40,2026-01-03,WOS@WWW
UW-Whitewater,JR Lukenbill,defense,35,5,29,2026-01-03,WOS@WWW
UW-Whitewater,TEAM,defense,35,5,246,2026-01-03,WOS@WWW
UW-Oshkosh Titans,Michael Metcalf-Grassman,offense,30,45,4,2026-01-03,WOS@WWW
UW-Oshkosh Titans,TEAM,offense,30,45,26,2026-01-03,WOS@WWW
UW-Oshkosh Titans,Michael Metcalf-Grassman,offense,35,40,16,2026-01-03,WOS@WWW
UW-Oshkosh Titans,TEAM,offense,35,40,131,2026-01-03,WOS@WWW
UW-Oshkosh Titans,Michael Metcalf-Grassman,offense,35,35,11,2026-01-03,WOS@WWW
UW-Oshkosh Titans,TEAM,offense,35,35,187,2026-01-03,WOS@WWW
UW-Oshkosh Titans,Michael Metcalf-Grassman,offense,40,25,18,2026-01-03,WOS@WWW
UW-Oshkosh Titans,TEAM,offense,40,25,234,2026-01-03,WOS@WWW
UW-Oshkosh Titans,Michael Metcalf-Grassman,offense,45,25,7,2026-01-03,WOS@WWW
UW-Oshkosh Titans,TEAM,offense,45,25,50,2026-01-03,WOS@WWW
UW-Oshkosh Titans,Michael Metcalf-Grassman,offense,35,5,18,2026-01-03,WOS@WWW
UW-Oshkosh Titans,TEAM,offense,35,5,96,2026-01-03,WOS@WWW
UW-Oshkosh Titans,Michael Metcalf-Grassman,offense,35,10,20,2026-01-03,WOS@WWW
UW-Oshkosh Titans,TEAM,offense,35,10,173,2026-01-03,WOS@WWW
UW-Oshkosh Titans,Carter Thomas,offense,0,35,9,2026-01-03,WOS@WWW
UW-Oshkosh Titans,TEAM,offense,0,35,51,2026-01-03,WOS@WWW
UW-Whitewater,Collin Madson,defense,10,35,30,2026-01-03,WOS@WWW
UW-Whitewater,TEAM,defense,10,35,81,2026-01-03,WOS@WWW
UW-Whitewater,Collin Madson,defense,15,35,63,2026-01-03,WOS@WWW
UW-Whitewater,TEAM,defense,15,35,124,2026-01-03,WOS@WWW
UW-Whitewater,Collin Madson,defense,15,40,27,2026-01-03,WOS@WWW
UW-Whitewater,TEAM,defense,15,40,113,2026-01-03,WOS@WWW
UW-Whitewater,Collin Madson,defense,20,30,94,2026-01-03,WOS@WWW
UW-Whitewater,Collin Madson,defense,25,30,66,2026-01-03,WOS@WWW
UW-Whitewater,Collin Madson,defense,30,30,37,2026-01-03,WOS@WWW
UW-Oshkosh Titans,Joey LaChapell,offense,15,40,3,2026-01-03,WOS@WWW
UW-Oshkosh Titans,TEAM,offense,15,40,83,2026-01-03,WOS@WWW
UW-Oshkosh Titans,Joey LaChapell,offense,20,40,10,2026-01-03,WOS@WWW
UW-Oshkosh Titans,TEAM,offense,20,40,92,2026-01-03,WOS@WWW
UW-Oshkosh Titans,Joey LaChapell,offense,15,35,23,2026-01-03,WOS@WWW
UW-Oshkosh Titans,TEAM,offense,15,35,197,2026-01-03,WOS@WWW
UW-Oshkosh Titans,Joey LaChapell,offense,10,15,17,2026-01-03,WOS@WWW
UW-Oshkosh Titans,TEAM,offense,10,15,122,2026-01-03,WOS@WWW
UW-Oshkosh Titans,Joey LaChapell,offense,20,15,22,2026-01-03,WOS@WWW
UW-Oshkosh Titans,TEAM,offense,20,15,394,2026-01-03,WOS@WWW
UW-Oshkosh Titans,Joey LaChapell,offense,15,20,18,2026-01-03,WOS@WWW
UW-Oshkosh Titans,TEAM,offense,15,20,364,2026-01-03,WOS@WWW
UW-Oshkosh Titans,Joey LaChapell,offense,20,30,93,2026-01-03,WOS@WWW
UW-Oshkosh Titans,TEAM,offense,20,30,576,2026-01-03,WOS@WWW
UW-Oshkosh Titans,Joey LaChapell,offense,20,25,80,2026-01-03,WOS@WWW
UW-Oshkosh Titans,TEAM,offense,20,25,425,2026-01-03,WOS@WWW
UW-Oshkosh Titans,Joey LaChapell,offense,15,30,96,2026-01-03,WOS@WWW
UW-Oshkosh Titans,TEAM,offense,15,30,425,2026-01-03,WOS@WWW
UW-Oshkosh Titans,Joey LaChapell,offense,20,35,18,2026-01-03,WOS@WWW
UW-Oshkosh Titans,TEAM,offense,20,35,225,2026-01-03,WOS@WWW
UW-Oshkosh Titans,Joey LaChapell,offense,25,30,43,2026-01-03,WOS@WWW
UW-Oshkosh Titans,TEAM,offense,25,30,517,2026-01-03,WOS@WWW
UW-Whitewater,Brock Marino,defense,40,20,9,2026-01-03,WOS@WWW
UW-Whitewater,TEAM,defense,40,20,76,2026-01-03,WOS@WWW
UW-Whitewater,Brock Marino,defense,45,25,12,2026-01-03,WOS@WWW
UW-Whitewater,TEAM,defense,45,25,79,2026-01-03,WOS@WWW
UW-Whitewater,Brock Marino,defense,40,25,15,2026-01-03,WOS@WWW
UW-Whitewater,TEAM,defense,40,25,115,2026-01-03,WOS@WWW
UW-Whitewater,Brock Marino,defense,35,30,17,2026-01-03,WOS@WWW
UW-Whitewater,TEAM,defense,35,30,119,2026-01-03,WOS@WWW
UW-Whitewater,Brock Marino,defense,30,25,35,2026-01-03,WOS@WWW
UW-Whitewater,Brock Marino,defense,30,10,100,2026-01-03,WOS@WWW
UW-Whitewater,TEAM,defense,30,10,757,2026-01-03,WOS@WWW
UW-Whitewater,Brock Marino,defense,35,10,53,2026-01-03,WOS@WWW
UW-Whitewater,TEAM,defense,35,10,507,2026-01-03,WOS@WWW
UW-Whitewater,Brock Marino,defense,35,5,22,2026-01-03,WOS@WWW
UW-Whitewater,Brock Marino,defense,30,15,48,2026-01-03,WOS@WWW
UW-Whitewater,TEAM,defense,30,15,837,2026-01-03,WOS@WWW
UW-Whitewater,Brock Marino,defense,30,20,42,2026-01-03,WOS@WWW
UW-Whitewater,TEAM,defense,30,20,444,2026-01-03,WOS@WWW
UW-Whitewater,Brock Marino,defense,25,25,64,2026-01-03,WOS@WWW
UW-Whitewater,TEAM,defense,25,25,439,2026-01-03,WOS@WWW
UW-Whitewater,Brock Marino,defense,25,20,56,2026-01-03,WOS@WWW
UW-Whitewater,Brock Marino,defense,20,20,69,2026-01-03,WOS@WWW
UW-Whitewater,Brock Marino,defense,25,15,53,2026-01-03,WOS@WWW
UW-Whitewater,Brock Marino,defense,20,15,49,2026-01-03,WOS@WWW
UW-Whitewater,TEAM,defense,20,15,619,2026-01-03,WOS@WWW
UW-Whitewater,Brock Marino,defense,20,10,48,2026-01-03,WOS@WWW
UW-Whitewater,TEAM,defense,20,10,482,2026-01-03,WOS@WWW
UW-Whitewater,Brock Marino,defense,15,10,32,2026-01-03,WOS@WWW
UW-Whitewater,TEAM,defense,15,10,715,2026-01-03,WOS@WWW
UW-Whitewater,Brock Marino,defense,15,15,40,2026-01-03,WOS@WWW
UW-Whitewater,TEAM,defense,15,15,731,2026-01-03,WOS@WWW
UW-Whitewater,Brock Marino,defense,10,15,40,2026-01-03,WOS@WWW
UW-Whitewater,TEAM,defense,10,15,282,2026-01-03,WOS@WWW
UW-Whitewater,Brock Marino,defense,15,20,56,2026-01-03,WOS@WWW
UW-Whitewater,TEAM,defense,15,20,394,2026-01-03,WOS@WWW
UW-Whitewater,Brock Marino,defense,10,20,38,2026-01-03,WOS@WWW
UW-Whitewater,TEAM,defense,10,20,263,2026-01-03,WOS@WWW
UW-Whitewater,Brock Marino,defense,35,35,12,2026-01-03,WOS@WWW
UW-Whitewater,TEAM,defense,35,35,111,2026-01-03,WOS@WWW
UW-Whitewater,Brock Marino,defense,30,35,15,2026-01-03,WOS@WWW
UW-Oshkosh Titans,Brandon Beck,offense,15,45,4,2026-01-03,WOS@WWW
UW-Oshkosh Titans,TEAM,offense,15,45,31,2026-01-03,WOS@WWW
UW-Oshkosh Titans,Brandon Beck,offense,30,45,6,2026-01-03,WOS@WWW
UW-Oshkosh Titans,Brandon Beck,offense,30,40,7,2026-01-03,WOS@WWW
UW-Oshkosh Titans,TEAM,offense,30,40,96,2026-01-03,WOS@WWW
UW-Oshkosh Titans,Brandon Beck,offense,35,40,17,2026-01-03,WOS@WWW
UW-Oshkosh Titans,Brandon Beck,offense,35,35,34,2026-01-03,WOS@WWW
UW-Oshkosh Titans,Brandon Beck,offense,25,25,38,2026-01-03,WOS@WWW
UW-Oshkosh Titans,TEAM,offense,25,25,441,2026-01-03,WOS@WWW
UW-Oshkosh Titans,Brandon Beck,offense,20,25,31,2026-01-03,WOS@WWW
UW-Oshkosh Titans,Brandon Beck,offense,25,15,42,2026-01-03,WOS@WWW
UW-Oshkosh Titans,TEAM,offense,25,15,315,2026-01-03,WOS@WWW
UW-Oshkosh Titans,Brandon Beck,offense,25,10,25,2026-01-03,WOS@WWW
UW-Oshkosh Titans,TEAM,offense,25,10,289,2026-01-03,WOS@WWW
UW-Oshkosh Titans,Brandon Beck,offense,15,0,8,2026-01-03,WOS@WWW
UW-Oshkosh Titans,TEAM,offense,15,0,131,2026-01-03,WOS@WWW
UW-Oshkosh Titans,Brandon Beck,offense,20,0,10,2026-01-03,WOS@WWW
UW-Oshkosh Titans,TEAM,offense,20,0,108,2026-01-03,WOS@WWW
UW-Oshkosh Titans,Brandon Beck,offense,20,5,35,2026-01-03,WOS@WWW
UW-Oshkosh Titans,TEAM,offense,20,5,228,2026-01-03,WOS@WWW
UW-Oshkosh Titans,Brandon Beck,offense,15,5,24,2026-01-03,WOS@WWW
UW-Oshkosh Titans,TEAM,offense,15,5,246,2026-01-03,WOS@WWW
UW-Oshkosh Titans,Brandon Beck,offense,15,10,231,2026-01-03,WOS@WWW
UW-Oshkosh Titans,TEAM,offense,15,10,704,2026-01-03,WOS@WWW
UW-Oshkosh Titans,Brandon Beck,offense,40,0,25,2026-01-03,WOS@WWW
UW-Oshkosh Titans,TEAM,offense,40,0,133,2026-01-03,WOS@WWW
UW-Whitewater,Richie Warren,defense,25,30,22,2026-01-03,WOS@WWW
UW-Whitewater,Richie Warren,defense,20,30,11,2026-01-03,WOS@WWW
UW-Whitewater,Richie Warren,defense,25,20,69,2026-01-03,WOS@WWW
UW-Whitewater,Richie Warren,defense,30,15,116,2026-01-03,WOS@WWW
UW-Whitewater,Richie Warren,defense,25,10,122,2026-01-03,WOS@WWW
UW-Whitewater,TEAM,defense,25,10,560,2026-01-03,WOS@WWW
UW-Whitewater,Richie Warren,defense,30,10,99,2026-01-03,WOS@WWW
UW-Whitewater,Richie Warren,defense,45,0,4,2026-01-03,WOS@WWW
UW-Whitewater,TEAM,defense,45,0,27,2026-01-03,WOS@WWW
UW-Whitewater,Luke Bara,defense,5,35,2,2026-01-03,WOS@WWW
UW-Whitewater,TEAM,defense,5,35,28,2026-01-03,WOS@WWW
UW-Whitewater,Luke Bara,defense,15,25,34,2026-01-03,WOS@WWW
UW-Whitewater,TEAM,defense,15,25,285,2026-01-03,WOS@WWW
UW-Whitewater,Luke Bara,defense,20,25,32,2026-01-03,WOS@WWW
UW-Whitewater,Luke Bara,defense,25,20,90,2026-01-03,WOS@WWW
UW-Whitewater,Luke Bara,defense,30,5,77,2026-01-03,WOS@WWW
UW-Whitewater,TEAM,defense,30,5,657,2026-01-03,WOS@WWW
UW-Oshkosh Titans,Nate Nazos,offense,30,30,13,2026-01-03,WOS@WWW
UW-Oshkosh Titans,TEAM,offense,30,30,397,2026-01-03,WOS@WWW
UW-Oshkosh Titans,Nate Nazos,offense,35,35,29,2026-01-03,WOS@WWW
UW-Oshkosh Titans,Nate Nazos,offense,35,40,35,2026-01-03,WOS@WWW
UW-Oshkosh Titans,Nate Nazos,offense,30,15,16,2026-01-03,WOS@WWW
UW-Oshkosh Titans,TEAM,offense,30,15,294,2026-01-03,WOS@WWW
UW-Oshkosh Titans,Nate Nazos,offense,35,20,6,2026-01-03,WOS@WWW
UW-Oshkosh Titans,TEAM,offense,35,20,181,2026-01-03,WOS@WWW
UW-Oshkosh Titans,Nate Nazos,offense,35,30,11,2026-01-03,WOS@WWW
UW-Oshkosh Titans,TEAM,offense,35,30,219,2026-01-03,WOS@WWW
UW-Oshkosh Titans,Nate Nazos,offense,30,25,10,2026-01-03,WOS@WWW
UW-Oshkosh Titans,TEAM,offense,30,25,299,2026-01-03,WOS@WWW
UW-Oshkosh Titans,Nate Nazos,offense,25,25,47,2026-01-03,WOS@WWW
UW-Oshkosh Titans,Carter Thomas,offense,30,35,47,2026-01-03,WOS@WWW
UW-Oshkosh Titans,TEAM,offense,30,35,231,2026-01-03,WOS@WWW
UW-Oshkosh Titans,Carter Thomas,offense,35,35,10,2026-01-03,WOS@WWW
UW-Oshkosh Titans,Carter Thomas,offense,25,30,50,2026-01-03,WOS@WWW
UW-Oshkosh Titans,Carter Thomas,offense,25,20,33,2026-01-03,WOS@WWW
UW-Oshkosh Titans,TEAM,offense,25,20,344,2026-01-03,WOS@WWW
UW-Oshkosh Titans,Carter Thomas,offense,20,25,30,2026-01-03,WOS@WWW
UW-Oshkosh Titans,Carter Thomas,offense,15,25,24,2026-01-03,WOS@WWW
UW-Oshkosh Titans,TEAM,offense,15,25,319,2026-01-03,WOS@WWW
UW-Oshkosh Titans,Carter Thomas,offense,20,30,61,2026-01-03,WOS@WWW
UW-Oshkosh Titans,Carter Thomas,offense,15,30,14,2026-01-03,WOS@WWW
UW-Oshkosh Titans,Carter Thomas,offense,15,35,25,2026-01-03,WOS@WWW
UW-Oshkosh Titans,Carter Thomas,offense,25,25,41,2026-01-03,WOS@WWW
UW-Oshkosh Titans,Carter Thomas,offense,30,15,16,2026-01-03,WOS@WWW
UW-Oshkosh Titans,Carter Thomas,offense,25,10,31,2026-01-03,WOS@WWW
UW-Oshkosh Titans,Carter Thomas,offense,30,10,78,2026-01-03,WOS@WWW
UW-Oshkosh Titans,TEAM,offense,30,10,599,2026-01-03,WOS@WWW
UW-Oshkosh Titans,Carter Thomas,offense,45,15,28,2026-01-03,WOS@WWW
UW-Oshkosh Titans,TEAM,offense,45,15,75,2026-01-03,WOS@WWW
UW-Oshkosh Titans,Carter Thomas,offense,40,15,13,2026-01-03,WOS@WWW
UW-Oshkosh Titans,TEAM,offense,40,15,90,2026-01-03,WOS@WWW
UW-Oshkosh Titans,Carter Thomas,offense,40,20,20,2026-01-03,WOS@WWW
UW-Oshkosh Titans,TEAM,offense,40,20,136,2026-01-03,WOS@WWW
UW-Oshkosh Titans,Carter Thomas,offense,35,15,12,2026-01-03,WOS@WWW
UW-Oshkosh Titans,TEAM,offense,35,15,100,2026-01-03,WOS@WWW
UW-Oshkosh Titans,Carter Thomas,offense,30,20,35,2026-01-03,WOS@WWW
UW-Oshkosh Titans,TEAM,offense,30,20,251,2026-01-03,WOS@WWW
UW-Oshkosh Titans,Carter Thomas,offense,45,25,11,2026-01-03,WOS@WWW
UW-Oshkosh Titans,Carter Thomas,offense,35,30,24,2026-01-03,WOS@WWW
UW-Oshkosh Titans,Carter Thomas,offense,40,35,4,2026-01-03,WOS@WWW
UW-Oshkosh Titans,TEAM,offense,40,35,103,2026-01-03,WOS@WWW
UW-Whitewater,Luke Bara,defense,45,15,30,2026-01-03,WOS@WWW
UW-Whitewater,Luke Bara,defense,45,20,31,2026-01-03,WOS@WWW
UW-Whitewater,TEAM,defense,45,20,142,2026-01-03,WOS@WWW
UW-Whitewater,Luke Bara,defense,35,10,65,2026-01-03,WOS@WWW
UW-Whitewater,Luke Bara,defense,40,10,22,2026-01-03,WOS@WWW
UW-Whitewater,TEAM,defense,40,10,138,2026-01-03,WOS@WWW
UW-Whitewater,Luke Bara,defense,35,15,46,2026-01-03,WOS@WWW
UW-Whitewater,TEAM,defense,35,15,250,2026-01-03,WOS@WWW
UW-Whitewater,Luke Bara,defense,35,5,31,2026-01-03,WOS@WWW
UW-Whitewater,Luke Bara,defense,40,5,15,2026-01-03,WOS@WWW
UW-Whitewater,Luke Bara,defense,35,0,4,2026-01-03,WOS@WWW
UW-Whitewater,Luke Bara,defense,40,0,2,2026-01-03,WOS@WWW
UW-Whitewater,TEAM,defense,40,0,29,2026-01-03,WOS@WWW
UW-Whitewater,Luke Bara,defense,15,35,12,2026-01-03,WOS@WWW
UW-Whitewater,Luke Bara,defense,10,30,18,2026-01-03,WOS@WWW
UW-Whitewater,TEAM,defense,10,30,99,2026-01-03,WOS@WWW
UW-Whitewater,Richie Warren,defense,0,10,20,2026-01-03,WOS@WWW
UW-Whitewater,TEAM,defense,0,10,58,2026-01-03,WOS@WWW
UW-Whitewater,Richie Warren,defense,0,0,3,2026-01-03,WOS@WWW
UW-Whitewater,TEAM,defense,0,0,38,2026-01-03,WOS@WWW
UW-Whitewater,Richie Warren,defense,10,10,81,2026-01-03,WOS@WWW
UW-Whitewater,Richie Warren,defense,15,10,184,2026-01-03,WOS@WWW
UW-Whitewater,Richie Warren,defense,20,10,75,2026-01-03,WOS@WWW
UW-Whitewater,Richie Warren,defense,20,15,54,2026-01-03,WOS@WWW
UW-Whitewater,Richie Warren,defense,20,20,83,2026-01-03,WOS@WWW
UW-Whitewater,Richie Warren,defense,20,25,45,2026-01-03,WOS@WWW
UW-Whitewater,Richie Warren,defense,20,35,23,2026-01-03,WOS@WWW
UW-Whitewater,Richie Warren,defense,15,40,4,2026-01-03,WOS@WWW
UW-Whitewater,Richie Warren,defense,10,35,6,2026-01-03,WOS@WWW
UW-Whitewater,Collin Madson,defense,30,0,18,2026-01-03,WOS@WWW
UW-Whitewater,TEAM,defense,30,0,113,2026-01-03,WOS@WWW
UW-Whitewater,Collin Madson,defense,15,0,16,2026-01-03,WOS@WWW
UW-Whitewater,TEAM,defense,15,0,136,2026-01-03,WOS@WWW
UW-Whitewater,Collin Madson,defense,10,10,80,2026-01-03,WOS@WWW
UW-Whitewater,Collin Madson,defense,0,5,6,2026-01-03,WOS@WWW
UW-Whitewater,TEAM,defense,0,5,42,2026-01-03,WOS@WWW
UW-Whitewater,Collin Madson,defense,40,20,11,2026-01-03,WOS@WWW
UW-Whitewater,Collin Madson,defense,45,20,18,2026-01-03,WOS@WWW
UW-Whitewater,Collin Madson,defense,15,10,105,2026-01-03,WOS@WWW
UW-Whitewater,Collin Madson,defense,20,10,116,2026-01-03,WOS@WWW
UW-Whitewater,Collin Madson,defense,10,5,64,2026-01-03,WOS@WWW
UW-Whitewater,TEAM,defense,10,5,377,2026-01-03,WOS@WWW
UW-Whitewater,Collin Madson,defense,10,0,10,2026-01-03,WOS@WWW
UW-Whitewater,TEAM,defense,10,0,49,2026-01-03,WOS@WWW
UW-Oshkosh Titans,Nate Nazos,offense,35,5,2,2026-01-03,WOS@WWW
UW-Oshkosh Titans,Nate Nazos,offense,35,0,19,2026-01-03,WOS@WWW
UW-Oshkosh Titans,TEAM,offense,35,0,74,2026-01-03,WOS@WWW
UW-Oshkosh Titans,Nate Nazos,offense,15,5,23,2026-01-03,WOS@WWW
UW-Oshkosh Titans,Nate Nazos,offense,5,0,12,2026-01-03,WOS@WWW
UW-Oshkosh Titans,TEAM,offense,5,0,116,2026-01-03,WOS@WWW
UW-Oshkosh Titans,Nate Nazos,offense,0,5,38,2026-01-03,WOS@WWW
UW-Oshkosh Titans,TEAM,offense,0,5,335,2026-01-03,WOS@WWW
UW-Oshkosh Titans,Nate Nazos,offense,0,15,27,2026-01-03,WOS@WWW
UW-Oshkosh Titans,TEAM,offense,0,15,155,2026-01-03,WOS@WWW
UW-Oshkosh Titans,Nate Nazos,offense,0,20,19,2026-01-03,WOS@WWW
UW-Oshkosh Titans,TEAM,offense,0,20,166,2026-01-03,WOS@WWW
UW-Oshkosh Titans,Nate Nazos,offense,5,25,24,2026-01-03,WOS@WWW
UW-Oshkosh Titans,TEAM,offense,5,25,190,2026-01-03,WOS@WWW
UW-Oshkosh Titans,Nate Nazos,offense,5,30,21,2026-01-03,WOS@WWW
UW-Oshkosh Titans,TEAM,offense,5,30,155,2026-01-03,WOS@WWW
UW-Oshkosh Titans,Michael Metcalf-Grassman,offense,0,15,12,2026-01-03,WOS@WWW
UW-Oshkosh Titans,Michael Metcalf-Grassman,offense,15,25,46,2026-01-03,WOS@WWW
UW-Oshkosh Titans,Michael Metcalf-Grassman,offense,15,30,42,2026-01-03,WOS@WWW
UW-Oshkosh Titans,Michael Metcalf-Grassman,offense,20,30,45,2026-01-03,WOS@WWW
UW-Oshkosh Titans,Michael Metcalf-Grassman,offense,15,35,39,2026-01-03,WOS@WWW
UW-Oshkosh Titans,Michael Metcalf-Grassman,offense,20,35,36,2026-01-03,WOS@WWW
UW-Oshkosh Titans,Michael Metcalf-Grassman,offense,20,40,23,2026-01-03,WOS@WWW
UW-Oshkosh Titans,Michael Metcalf-Grassman,offense,25,45,3,2026-01-03,WOS@WWW
UW-Oshkosh Titans,TEAM,offense,25,45,19,2026-01-03,WOS@WWW
UW-Oshkosh Titans,Joey LaChapell,offense,5,20,12,2026-01-03,WOS@WWW
UW-Oshkosh Titans,TEAM,offense,5,20,165,2026-01-03,WOS@WWW
UW-Oshkosh Titans,Joey LaChapell,offense,10,25,18,2026-01-03,WOS@WWW
UW-Oshkosh Titans,TEAM,offense,10,25,304,2026-01-03,WOS@WWW
UW-Oshkosh Titans,Joey LaChapell,offense,0,0,7,2026-01-03,WOS@WWW
UW-Oshkosh Titans,TEAM,offense,0,0,120,2026-01-03,WOS@WWW
UW-Oshkosh Titans,Joey LaChapell,offense,0,5,41,2026-01-03,WOS@WWW
UW-Oshkosh Titans,Joey LaChapell,offense,0,10,17,2026-01-03,WOS@WWW
UW-Oshkosh Titans,TEAM,offense,0,10,126,2026-01-03,WOS@WWW
UW-Whitewater,Collin Madson,defense,5,15,9,2026-01-03,WOS@WWW
UW-Whitewater,TEAM,defense,5,15,134,2026-01-03,WOS@WWW
UW-Whitewater,Collin Madson,defense,15,15,231,2026-01-03,WOS@WWW
UW-Whitewater,Collin Madson,defense,15,30,54,2026-01-03,WOS@WWW
UW-Whitewater,TEAM,defense,15,30,158,2026-01-03,WOS@WWW
UW-Whitewater,Collin Madson,defense,15,45,4,2026-01-03,WOS@WWW
UW-Whitewater,TEAM,defense,15,45,28,2026-01-03,WOS@WWW
UW-Oshkosh Titans,Brandon Beck,offense,40,25,13,2026-01-03,WOS@WWW
UW-Oshkosh Titans,Brandon Beck,offense,40,30,15,2026-01-03,WOS@WWW
UW-Oshkosh Titans,TEAM,offense,40,30,167,2026-01-03,WOS@WWW
UW-Oshkosh Titans,Brandon Beck,offense,45,15,4,2026-01-03,WOS@WWW
UW-Oshkosh Titans,Brandon Beck,offense,40,15,3,2026-01-03,WOS@WWW
UW-Oshkosh Titans,Brandon Beck,offense,35,20,7,2026-01-03,WOS@WWW
UW-Oshkosh Titans,Brandon Beck,offense,35,25,10,2026-01-03,WOS@WWW
UW-Oshkosh Titans,TEAM,offense,35,25,250,2026-01-03,WOS@WWW
UW-Oshkosh Titans,Nate Nazos,offense,15,35,19,2026-01-03,WOS@WWW
UW-Oshkosh Titans,Nate Nazos,offense,20,30,48,2026-01-03,WOS@WWW
UW-Oshkosh Titans,Nate Nazos,offense,20,25,46,2026-01-03,WOS@WWW
UW-Oshkosh Titans,Joey LaChapell,offense,15,25,34,2026-01-03,WOS@WWW
UW-Oshkosh Titans,Carter Thomas,defense,0,40,2,2026-01-03,WOS@WWW
UW-Oshkosh Titans,TEAM,defense,0,40,122,2026-01-03,WOS@WWW
UW-Oshkosh Titans,Carter Thomas,defense,10,20,31,2026-01-03,WOS@WWW
UW-Oshkosh Titans,TEAM,defense,10,20,331,2026-01-03,WOS@WWW
UW-Oshkosh Titans,Carter Thomas,defense,15,20,41,2026-01-03,WOS@WWW
UW-Oshkosh Titans,TEAM,defense,15,20,380,2026-01-03,WOS@WWW
UW-Oshkosh Titans,Carter Thomas,defense,10,15,24,2026-01-03,WOS@WWW
UW-Oshkosh Titans,TEAM,defense,10,15,403,2026-01-03,WOS@WWW
UW-Oshkosh Titans,Carter Thomas,defense,10,10,31,2026-01-03,WOS@WWW
UW-Oshkosh Titans,TEAM,defense,10,10,482,2026-01-03,WOS@WWW
UW-Oshkosh Titans,Carter Thomas,defense,5,10,20,2026-01-03,WOS@WWW
UW-Oshkosh Titans,TEAM,defense,5,10,232,2026-01-03,WOS@WWW
UW-Oshkosh Titans,Carter Thomas,defense,0,15,4,2026-01-03,WOS@WWW
UW-Oshkosh Titans,TEAM,defense,0,15,184,2026-01-03,WOS@WWW
UW-Oshkosh Titans,Carter Thomas,defense,10,5,18,2026-01-03,WOS@WWW
UW-Oshkosh Titans,TEAM,defense,10,5,324,2026-01-03,WOS@WWW
UW-Oshkosh Titans,Carter Thomas,defense,25,10,57,2026-01-03,WOS@WWW
UW-Oshkosh Titans,TEAM,defense,25,10,746,2026-01-03,WOS@WWW
UW-Oshkosh Titans,Nate Nazos,defense,10,45,3,2026-01-03,WOS@WWW
UW-Oshkosh Titans,TEAM,defense,10,45,35,2026-01-03,WOS@WWW
UW-Oshkosh Titans,Nate Nazos,defense,10,40,15,2026-01-03,WOS@WWW
UW-Oshkosh Titans,TEAM,defense,10,40,84,2026-01-03,WOS@WWW
UW-Oshkosh Titans,Nate Nazos,defense,15,35,6,2026-01-03,WOS@WWW
UW-Oshkosh Titans,TEAM,defense,15,35,106,2026-01-03,WOS@WWW
UW-Oshkosh Titans,Nate Nazos,defense,20,35,11,2026-01-03,WOS@WWW
UW-Oshkosh Titans,TEAM,defense,20,35,112,2026-01-03,WOS@WWW
UW-Oshkosh Titans,Nate Nazos,defense,20,30,11,2026-01-03,WOS@WWW
UW-Oshkosh Titans,TEAM,defense,20,30,211,2026-01-03,WOS@WWW
UW-Oshkosh Titans,Nate Nazos,defense,25,30,16,2026-01-03,WOS@WWW
UW-Oshkosh Titans,TEAM,defense,25,30,206,2026-01-03,WOS@WWW
UW-Oshkosh Titans,Nate Nazos,defense,20,25,24,2026-01-03,WOS@WWW
UW-Oshkosh Titans,TEAM,defense,20,25,379,2026-01-03,WOS@WWW
UW-Oshkosh Titans,Nate Nazos,defense,25,20,53,2026-01-03,WOS@WWW
UW-Oshkosh Titans,TEAM,defense,25,20,476,2026-01-03,WOS@WWW
UW-Oshkosh Titans,Nate Nazos,defense,30,20,15,2026-01-03,WOS@WWW
UW-Oshkosh Titans,TEAM,defense,30,20,316,2026-01-03,WOS@WWW
UW-Oshkosh Titans,Nate Nazos,defense,25,25,28,2026-01-03,WOS@WWW
UW-Oshkosh Titans,TEAM,defense,25,25,325,2026-01-03,WOS@WWW
UW-Oshkosh Titans,Nate Nazos,defense,20,20,37,2026-01-03,WOS@WWW
UW-Oshkosh Titans,TEAM,defense,20,20,469,2026-01-03,WOS@WWW
UW-Oshkosh Titans,Nate Nazos,defense,15,20,26,2026-01-03,WOS@WWW
UW-Oshkosh Titans,Nate Nazos,defense,10,20,31,2026-01-03,WOS@WWW
UW-Oshkosh Titans,Nate Nazos,defense,15,15,88,2026-01-03,WOS@WWW
UW-Oshkosh Titans,TEAM,defense,15,15,779,2026-01-03,WOS@WWW
UW-Oshkosh Titans,Nate Nazos,defense,20,10,79,2026-01-03,WOS@WWW
UW-Oshkosh Titans,TEAM,defense,20,10,783,2026-01-03,WOS@WWW
UW-Oshkosh Titans,Nate Nazos,defense,25,10,52,2026-01-03,WOS@WWW
UW-Oshkosh Titans,Nate Nazos,defense,30,10,89,2026-01-03,WOS@WWW
UW-Oshkosh Titans,TEAM,defense,30,10,956,2026-01-03,WOS@WWW
UW-Oshkosh Titans,Michael Metcalf-Grassman,defense,10,40,12,2026-01-03,WOS@WWW
UW-Oshkosh Titans,Michael Metcalf-Grassman,defense,15,35,12,2026-01-03,WOS@WWW
UW-Oshkosh Titans,Michael Metcalf-Grassman,defense,20,30,21,2026-01-03,WOS@WWW
UW-Oshkosh Titans,Michael Metcalf-Grassman,defense,20,25,65,2026-01-03,WOS@WWW
UW-Oshkosh Titans,Michael Metcalf-Grassman,defense,25,25,53,2026-01-03,WOS@WWW
UW-Oshkosh Titans,Michael Metcalf-Grassman,defense,25,20,66,2026-01-03,WOS@WWW
UW-Oshkosh Titans,Michael Metcalf-Grassman,defense,10,10,46,2026-01-03,WOS@WWW
UW-Oshkosh Titans,Michael Metcalf-Grassman,defense,15,10,71,2026-01-03,WOS@WWW
UW-Oshkosh Titans,TEAM,defense,15,10,1081,2026-01-03,WOS@WWW
UW-Oshkosh Titans,Michael Metcalf-Grassman,defense,10,15,19,2026-01-03,WOS@WWW
UW-Oshkosh Titans,Michael Metcalf-Grassman,defense,5,15,7,2026-01-03,WOS@WWW
UW-Oshkosh Titans,TEAM,defense,5,15,185,2026-01-03,WOS@WWW
UW-Oshkosh Titans,Michael Metcalf-Grassman,defense,0,10,7,2026-01-03,WOS@WWW
UW-Oshkosh Titans,TEAM,defense,0,10,222,2026-01-03,WOS@WWW
UW-Oshkosh Titans,Michael Metcalf-Grassman,defense,5,10,28,2026-01-03,WOS@WWW
UW-Oshkosh Titans,Michael Metcalf-Grassman,defense,20,5,60,2026-01-03,WOS@WWW
UW-Oshkosh Titans,TEAM,defense,20,5,619,2026-01-03,WOS@WWW
UW-Oshkosh Titans,Michael Metcalf-Grassman,defense,15,5,58,2026-01-03,WOS@WWW
UW-Oshkosh Titans,TEAM,defense,15,5,827,2026-01-03,WOS@WWW
UW-Oshkosh Titans,Michael Metcalf-Grassman,defense,20,10,62,2026-01-03,WOS@WWW
UW-Oshkosh Titans,Michael Metcalf-Grassman,defense,25,10,105,2026-01-03,WOS@WWW
UW-Oshkosh Titans,Michael Metcalf-Grassman,defense,25,5,65,2026-01-03,WOS@WWW
UW-Oshkosh Titans,TEAM,defense,25,5,765,2026-01-03,WOS@WWW
UW-Oshkosh Titans,Michael Metcalf-Grassman,defense,30,5,26,2026-01-03,WOS@WWW
UW-Oshkosh Titans,TEAM,defense,30,5,781,2026-01-03,WOS@WWW
UW-Oshkosh Titans,Michael Metcalf-Grassman,defense,30,10,110,2026-01-03,WOS@WWW
UW-Oshkosh Titans,Michael Metcalf-Grassman,defense,30,15,133,2026-01-03,WOS@WWW
UW-Oshkosh Titans,TEAM,defense,30,15,881,2026-01-03,WOS@WWW
UW-Oshkosh Titans,Michael Metcalf-Grassman,defense,30,20,29,2026-01-03,WOS@WWW
UW-Oshkosh Titans,Michael Metcalf-Grassman,defense,35,15,21,2026-01-03,WOS@WWW
UW-Oshkosh Titans,TEAM,defense,35,15,247,2026-01-03,WOS@WWW
UW-Whitewater,Brock Marino,offense,30,40,19,2026-01-03,WOS@WWW
UW-Whitewater,TEAM,offense,30,40,168,2026-01-03,WOS@WWW
UW-Whitewater,Brock Marino,offense,30,30,45,2026-01-03,WOS@WWW
UW-Whitewater,TEAM,offense,30,30,300,2026-01-03,WOS@WWW
UW-Whitewater,Brock Marino,offense,35,20,38,2026-01-03,WOS@WWW
UW-Whitewater,TEAM,offense,35,20,268,2026-01-03,WOS@WWW
UW-Whitewater,Luke Bara,offense,15,40,26,2026-01-03,WOS@WWW
UW-Whitewater,TEAM,offense,15,40,167,2026-01-03,WOS@WWW
UW-Whitewater,Luke Bara,offense,20,25,66,2026-01-03,WOS@WWW
UW-Whitewater,TEAM,offense,20,25,495,2026-01-03,WOS@WWW
UW-Whitewater,Luke Bara,offense,20,30,75,2026-01-03,WOS@WWW
UW-Whitewater,TEAM,offense,20,30,605,2026-01-03,WOS@WWW
UW-Whitewater,Luke Bara,offense,15,25,51,2026-01-03,WOS@WWW
UW-Whitewater,TEAM,offense,15,25,355,2026-01-03,WOS@WWW
UW-Whitewater,Luke Bara,offense,10,25,60,2026-01-03,WOS@WWW
UW-Whitewater,TEAM,offense,10,25,330,2026-01-03,WOS@WWW
UW-Whitewater,Luke Bara,offense,15,20,34,2026-01-03,WOS@WWW
UW-Whitewater,TEAM,offense,15,20,324,2026-01-03,WOS@WWW
UW-Whitewater,Luke Bara,offense,20,15,94,2026-01-03,WOS@WWW
UW-Whitewater,TEAM,offense,20,15,723,2026-01-03,WOS@WWW
UW-Whitewater,Luke Bara,offense,20,10,56,2026-01-03,WOS@WWW
UW-Whitewater,TEAM,offense,20,10,446,2026-01-03,WOS@WWW
UW-Whitewater,Luke Bara,offense,25,10,105,2026-01-03,WOS@WWW
UW-Whitewater,TEAM,offense,25,10,494,2026-01-03,WOS@WWW
UW-Whitewater,Luke Bara,offense,35,10,17,2026-01-03,WOS@WWW
UW-Whitewater,TEAM,offense,35,10,241,2026-01-03,WOS@WWW
UW-Whitewater,Collin Madson,offense,5,25,34,2026-01-03,WOS@WWW
UW-Whitewater,TEAM,offense,5,25,225,2026-01-03,WOS@WWW
UW-Whitewater,Collin Madson,offense,10,25,48,2026-01-03,WOS@WWW
UW-Whitewater,JR Lukenbill,offense,25,25,33,2026-01-03,WOS@WWW
UW-Whitewater,TEAM,offense,25,25,409,2026-01-03,WOS@WWW
UW-Whitewater,JR Lukenbill,offense,30,40,8,2026-01-03,WOS@WWW
UW-Whitewater,JR Lukenbill,offense,30,30,19,2026-01-03,WOS@WWW
UW-Whitewater,JR Lukenbill,offense,25,20,77,2026-01-03,WOS@WWW
UW-Whitewater,TEAM,offense,25,20,673,2026-01-03,WOS@WWW
UW-Whitewater,JR Lukenbill,offense,20,25,54,2026-01-03,WOS@WWW
UW-Whitewater,JR Lukenbill,offense,10,25,50,2026-01-03,WOS@WWW
UW-Whitewater,JR Lukenbill,offense,0,15,16,2026-01-03,WOS@WWW
UW-Whitewater,TEAM,offense,0,15,115,2026-01-03,WOS@WWW
UW-Whitewater,JR Lukenbill,offense,5,15,44,2026-01-03,WOS@WWW
UW-Whitewater,TEAM,offense,5,15,324,2026-01-03,WOS@WWW
UW-Whitewater,JR Lukenbill,offense,10,15,22,2026-01-03,WOS@WWW
UW-Whitewater,TEAM,offense,10,15,357,2026-01-03,WOS@WWW
UW-Whitewater,JR Lukenbill,offense,15,15,84,2026-01-03,WOS@WWW
UW-Whitewater,TEAM,offense,15,15,670,2026-01-03,WOS@WWW
UW-Whitewater,JR Lukenbill,offense,15,10,109,2026-01-03,WOS@WWW
UW-Whitewater,TEAM,offense,15,10,860,2026-01-03,WOS@WWW
UW-Whitewater,JR Lukenbill,offense,20,15,84,2026-01-03,WOS@WWW
UW-Whitewater,JR Lukenbill,offense,25,15,64,2026-01-03,WOS@WWW
UW-Whitewater,TEAM,offense,25,15,622,2026-01-03,WOS@WWW
UW-Whitewater,JR Lukenbill,offense,25,10,25,2026-01-03,WOS@WWW
UW-Whitewater,JR Lukenbill,offense,30,10,68,2026-01-03,WOS@WWW
UW-Whitewater,TEAM,offense,30,10,996,2026-01-03,WOS@WWW
UW-Whitewater,JR Lukenbill,offense,30,20,19,2026-01-03,WOS@WWW
UW-Whitewater,TEAM,offense,30,20,340,2026-01-03,WOS@WWW
UW-Whitewater,JR Lukenbill,offense,30,15,85,2026-01-03,WOS@WWW
UW-Whitewater,TEAM,offense,30,15,716,2026-01-03,WOS@WWW
UW-Oshkosh Titans,Brandon Beck,defense,10,5,65,2026-01-03,WOS@WWW
UW-Oshkosh Titans,Brandon Beck,defense,5,5,21,2026-01-03,WOS@WWW
UW-Oshkosh Titans,TEAM,defense,5,5,217,2026-01-03,WOS@WWW
UW-Oshkosh Titans,Brandon Beck,defense,5,10,26,2026-01-03,WOS@WWW
UW-Oshkosh Titans,Brandon Beck,defense,25,10,48,2026-01-03,WOS@WWW
UW-Oshkosh Titans,Brandon Beck,defense,20,10,102,2026-01-03,WOS@WWW
UW-Oshkosh Titans,Brandon Beck,defense,25,0,22,2026-01-03,WOS@WWW
UW-Oshkosh Titans,TEAM,defense,25,0,277,2026-01-03,WOS@WWW
UW-Oshkosh Titans,Brandon Beck,defense,20,0,30,2026-01-03,WOS@WWW
UW-Oshkosh Titans,TEAM,defense,20,0,341,2026-01-03,WOS@WWW
UW-Oshkosh Titans,Brandon Beck,defense,20,5,49,2026-01-03,WOS@WWW
UW-Oshkosh Titans,Brandon Beck,defense,15,5,53,2026-01-03,WOS@WWW
UW-Oshkosh Titans,Brandon Beck,defense,10,10,48,2026-01-03,WOS@WWW
UW-Oshkosh Titans,Joey LaChapell,defense,45,15,1,2026-01-03,WOS@WWW
UW-Oshkosh Titans,TEAM,defense,45,15,27,2026-01-03,WOS@WWW
UW-Oshkosh Titans,Joey LaChapell,defense,40,10,8,2026-01-03,WOS@WWW
UW-Oshkosh Titans,TEAM,defense,40,10,102,2026-01-03,WOS@WWW
UW-Oshkosh Titans,Joey LaChapell,defense,35,10,71,2026-01-03,WOS@WWW
UW-Oshkosh Titans,TEAM,defense,35,10,408,2026-01-03,WOS@WWW
UW-Whitewater,Richie Warren,offense,10,25,55,2026-01-03,WOS@WWW
UW-Whitewater,Richie Warren,offense,5,25,43,2026-01-03,WOS@WWW
UW-Whitewater,Richie Warren,offense,5,20,73,2026-01-03,WOS@WWW
UW-Whitewater,TEAM,offense,5,20,267,2026-01-03,WOS@WWW
UW-Whitewater,Richie Warren,offense,10,15,86,2026-01-03,WOS@WWW
UW-Whitewater,Richie Warren,offense,15,15,139,2026-01-03,WOS@WWW
UW-Whitewater,Richie Warren,offense,10,10,24,2026-01-03,WOS@WWW
UW-Whitewater,TEAM,offense,10,10,225,2026-01-03,WOS@WWW
UW-Whitewater,Richie Warren,offense,15,10,111,2026-01-03,WOS@WWW
UW-Whitewater,Richie Warren,offense,25,5,39,2026-01-03,WOS@WWW
UW-Whitewater,TEAM,offense,25,5,244,2026-01-03,WOS@WWW
UW-Whitewater,Richie Warren,offense,35,5,12,2026-01-03,WOS@WWW
UW-Whitewater,TEAM,offense,35,5,151,2026-01-03,WOS@WWW
UW-Oshkosh Titans,Joey LaChapell,defense,35,15,21,2026-01-03,WOS@WWW
UW-Oshkosh Titans,Joey LaChapell,defense,40,5,8,2026-01-03,WOS@WWW
UW-Oshkosh Titans,TEAM,defense,40,5,79,2026-01-03,WOS@WWW
UW-Oshkosh Titans,Joey LaChapell,defense,30,5,53,2026-01-03,WOS@WWW
UW-Oshkosh Titans,Joey LaChapell,defense,25,5,58,2026-01-03,WOS@WWW
UW-Oshkosh Titans,Joey LaChapell,defense,25,0,15,2026-01-03,WOS@WWW
UW-Oshkosh Titans,Joey LaChapell,defense,35,5,15,2026-01-03,WOS@WWW
UW-Oshkosh Titans,TEAM,defense,35,5,165,2026-01-03,WOS@WWW
UW-Oshkosh Titans,Joey LaChapell,defense,30,10,110,2026-01-03,WOS@WWW
UW-Whitewater,Collin Madson,offense,5,0,10,2026-01-03,WOS@WWW
UW-Whitewater,TEAM,offense,5,0,48,2026-01-03,WOS@WWW
UW-Whitewater,Collin Madson,offense,5,5,34,2026-01-03,WOS@WWW
UW-Whitewater,TEAM,offense,5,5,178,2026-01-03,WOS@WWW
UW-Whitewater,Collin Madson,offense,0,5,12,2026-01-03,WOS@WWW
UW-Whitewater,TEAM,offense,0,5,129,2026-01-03,WOS@WWW
UW-Whitewater,Collin Madson,offense,5,10,62,2026-01-03,WOS@WWW
UW-Whitewater,TEAM,offense,5,10,231,2026-01-03,WOS@WWW
UW-Whitewater,Collin Madson,offense,0,10,24,2026-01-03,WOS@WWW
UW-Whitewater,TEAM,offense,0,10,113,2026-01-03,WOS@WWW
UW-Whitewater,Collin Madson,offense,5,15,83,2026-01-03,WOS@WWW
UW-Whitewater,Collin Madson,offense,10,15,96,2026-01-03,WOS@WWW
UW-Whitewater,Collin Madson,offense,15,10,180,2026-01-03,WOS@WWW
UW-Whitewater,Collin Madson,offense,20,10,128,2026-01-03,WOS@WWW
UW-Whitewater,Collin Madson,offense,25,10,107,2026-01-03,WOS@WWW
UW-Whitewater,Collin Madson,offense,25,0,31,2026-01-03,WOS@WWW
UW-Whitewater,TEAM,offense,25,0,134,2026-01-03,WOS@WWW
UW-Whitewater,Collin Madson,offense,15,0,23,2026-01-03,WOS@WWW
UW-Whitewater,TEAM,offense,15,0,97,2026-01-03,WOS@WWW
UW-Whitewater,Collin Madson,offense,35,15,54,2026-01-03,WOS@WWW
UW-Whitewater,TEAM,offense,35,15,343,2026-01-03,WOS@WWW
UW-Whitewater,Brock Marino,offense,0,30,10,2026-01-03,WOS@WWW
UW-Whitewater,TEAM,offense,0,30,48,2026-01-03,WOS@WWW
UW-Whitewater,Brock Marino,offense,45,5,4,2026-01-03,WOS@WWW
UW-Whitewater,TEAM,offense,45,5,185,2026-01-03,WOS@WWW
UW-Whitewater,Brock Marino,offense,45,10,58,2026-01-03,WOS@WWW
UW-Whitewater,TEAM,offense,45,10,498,2026-01-03,WOS@WWW
UW-Whitewater,Brock Marino,offense,40,10,28,2026-01-03,WOS@WWW
UW-Whitewater,TEAM,offense,40,10,284,2026-01-03,WOS@WWW
UW-Whitewater,Brock Marino,offense,35,15,55,2026-01-03,WOS@WWW
UW-Whitewater,Brock Marino,offense,30,15,80,2026-01-03,WOS@WWW
UW-Whitewater,Richie Warren,offense,30,10,115,2026-01-03,WOS@WWW
UW-Whitewater,Richie Warren,offense,30,5,41,2026-01-03,WOS@WWW
UW-Whitewater,TEAM,offense,30,5,306,2026-01-03,WOS@WWW
UW-Whitewater,Richie Warren,offense,40,10,36,2026-01-03,WOS@WWW
UW-Whitewater,Brock Marino,offense,25,10,66,2026-01-03,WOS@WWW
UW-Whitewater,Brock Marino,offense,25,15,94,2026-01-03,WOS@WWW
UW-Whitewater,Brock Marino,offense,20,15,104,2026-01-03,WOS@WWW
UW-Whitewater,Brock Marino,offense,15,15,88,2026-01-03,WOS@WWW
UW-Whitewater,Brock Marino,offense,10,15,31,2026-01-03,WOS@WWW
UW-Whitewater,Brock Marino,offense,10,10,32,2026-01-03,WOS@WWW
UW-Whitewater,Brock Marino,offense,5,10,57,2026-01-03,WOS@WWW
UW-Oshkosh Titans,Carter Thomas,defense,5,0,4,2026-01-03,WOS@WWW
UW-Oshkosh Titans,TEAM,defense,5,0,52,2026-01-03,WOS@WWW
UW-Oshkosh Titans,Carter Thomas,defense,15,5,134,2026-01-03,WOS@WWW
UW-Oshkosh Titans,Carter Thomas,defense,20,5,42,2026-01-03,WOS@WWW
UW-Oshkosh Titans,Carter Thomas,defense,15,0,61,2026-01-03,WOS@WWW
UW-Oshkosh Titans,TEAM,defense,15,0,300,2026-01-03,WOS@WWW
UW-Oshkosh Titans,Nate Nazos,defense,25,0,36,2026-01-03,WOS@WWW
UW-Oshkosh Titans,Nate Nazos,defense,15,10,78,2026-01-03,WOS@WWW
UW-Oshkosh Titans,Nate Nazos,defense,10,15,39,2026-01-03,WOS@WWW
UW-Whitewater,Richie Warren,offense,20,15,134,2026-01-03,WOS@WWW
UW-Whitewater,Richie Warren,offense,15,20,57,2026-01-03,WOS@WWW
UW-Oshkosh Titans,Joey LaChapell,defense,15,0,41,2026-01-03,WOS@WWW
UW-Whitewater,Luke Bara,offense,40,15,45,2026-01-03,WOS@WWW
UW-Whitewater,TEAM,offense,40,15,241,2026-01-03,WOS@WWW
UW-Whitewater,Luke Bara,offense,35,15,38,2026-01-03,WOS@WWW
UW-Whitewater,Luke Bara,offense,40,5,39,2026-01-03,WOS@WWW
UW-Whitewater,TEAM,offense,40,5,226,2026-01-03,WOS@WWW
UW-Oshkosh Titans,Joey LaChapell,defense,25,15,46,2026-01-03,WOS@WWW
UW-Oshkosh Titans,TEAM,defense,25,15,584,2026-01-03,WOS@WWW
UW-Oshkosh Titans,Joey LaChapell,defense,30,15,98,2026-01-03,WOS@WWW
UW-Whitewater,Collin Madson,offense,0,0,2,2026-01-03,WOS@WWW
UW-Whitewater,TEAM,offense,0,0,31,2026-01-03,WOS@WWW
UW-Whitewater,Collin Madson,offense,15,15,114,2026-01-03,WOS@WWW
UW-Oshkosh Titans,Nate Nazos,defense,5,10,13,2026-01-03,WOS@WWW
UW-Oshkosh Titans,Nate Nazos,defense,10,10,45,2026-01-03,WOS@WWW
UW-Oshkosh Titans,Nate Nazos,defense,10,0,15,2026-01-03,WOS@WWW
UW-Oshkosh Titans,TEAM,defense,10,0,77,2026-01-03,WOS@WWW
UW-Oshkosh Titans,Nate Nazos,defense,10,5,20,2026-01-03,WOS@WWW
UW-Whitewater,Collin Madson,offense,20,15,135,2026-01-03,WOS@WWW
UW-Whitewater,Collin Madson,offense,30,15,121,2026-01-03,WOS@WWW
UW-Whitewater,Collin Madson,offense,45,10,94,2026-01-03,WOS@WWW
UW-Whitewater,Collin Madson,offense,45,15,36,2026-01-03,WOS@WWW
UW-Whitewater,TEAM,offense,45,15,220,2026-01-03,WOS@WWW
UW-Oshkosh Titans,Carter Thomas,defense,10,0,3,2026-01-03,WOS@WWW
UW-Oshkosh Titans,Carter Thomas,defense,25,5,56,2026-01-03,WOS@WWW
UW-Oshkosh Titans,Carter Thomas,defense,25,0,24,2026-01-03,WOS@WWW
UW-Whitewater,Richie Warren,offense,30,15,81,2026-01-03,WOS@WWW
UW-Whitewater,Richie Warren,offense,25,15,83,2026-01-03,WOS@WWW
UW-Whitewater,Richie Warren,offense,15,5,62,2026-01-03,WOS@WWW
UW-Whitewater,TEAM,offense,15,5,249,2026-01-03,WOS@WWW
UW-Whitewater,Richie Warren,offense,10,5,15,2026-01-03,WOS@WWW
UW-Whitewater,TEAM,offense,10,5,142,2026-01-03,WOS@WWW
UW-Whitewater,Richie Warren,offense,25,0,31,2026-01-03,WOS@WWW
UW-Oshkosh Titans,Michael Metcalf-Grassman,defense,10,5,24,2026-01-03,WOS@WWW
UW-Oshkosh Titans,Michael Metcalf-Grassman,defense,5,5,26,2026-01-03,WOS@WWW
UW-Oshkosh Titans,Michael Metcalf-Grassman,defense,5,0,1,2026-01-03,WOS@WWW
UW-Oshkosh Titans,Michael Metcalf-Grassman,defense,20,0,40,2026-01-03,WOS@WWW
UW-Oshkosh Titans,Michael Metcalf-Grassman,defense,15,0,24,2026-01-03,WOS@WWW
UW-Oshkosh Titans,Brandon Beck,defense,30,15,83,2026-01-03,WOS@WWW
UW-Oshkosh Titans,Brandon Beck,defense,25,15,90,2026-01-03,WOS@WWW
UW-Oshkosh Titans,Brandon Beck,defense,15,15,55,2026-01-03,WOS@WWW
UW-Oshkosh Titans,Brandon Beck,defense,5,15,8,2026-01-03,WOS@WWW
UW-Oshkosh Titans,Brandon Beck,defense,0,30,5,2026-01-03,WOS@WWW
UW-Oshkosh Titans,TEAM,defense,0,30,156,2026-01-03,WOS@WWW
UW-Oshkosh Titans,Joey LaChapell,defense,25,10,66,2026-01-03,WOS@WWW
UW-Oshkosh Titans,Joey LaChapell,defense,20,10,55,2026-01-03,WOS@WWW
UW-Whitewater,JR Lukenbill,offense,35,15,59,2026-01-03,WOS@WWW
UW-Whitewater,JR Lukenbill,offense,45,0,3,2026-01-03,WOS@WWW
UW-Whitewater,TEAM,offense,45,0,44,2026-01-03,WOS@WWW
UW-Whitewater,JR Lukenbill,offense,20,20,96,2026-01-03,WOS@WWW
UW-Whitewater,TEAM,offense,20,20,614,2026-01-03,WOS@WWW
UW-Whitewater,JR Lukenbill,offense,15,20,56,2026-01-03,WOS@WWW
UW-Whitewater,JR Lukenbill,offense,0,5,29,2026-01-03,WOS@WWW
UW-Whitewater,JR Lukenbill,offense,0,0,10,2026-01-03,WOS@WWW
UW-Whitewater,JR Lukenbill,offense,5,0,10,2026-01-03,WOS@WWW
UW-Whitewater,JR Lukenbill,offense,5,5,36,2026-01-03,WOS@WWW
UW-Whitewater,JR Lukenbill,offense,0,10,14,2026-01-03,WOS@WWW
UW-Whitewater,JR Lukenbill,offense,5,20,28,2026-01-03,WOS@WWW
UW-Whitewater,JR Lukenbill,offense,10,20,24,2026-01-03,WOS@WWW
UW-Whitewater,TEAM,offense,10,20,222,2026-01-03,WOS@WWW
UW-Whitewater,JR Lukenbill,offense,10,30,8,2026-01-03,WOS@WWW
UW-Whitewater,TEAM,offense,10,30,164,2026-01-03,WOS@WWW
UW-Whitewater,JR Lukenbill,offense,15,30,15,2026-01-03,WOS@WWW
UW-Whitewater,TEAM,offense,15,30,275,2026-01-03,WOS@WWW
UW-Whitewater,JR Lukenbill,offense,15,35,14,2026-01-03,WOS@WWW
UW-Whitewater,TEAM,offense,15,35,166,2026-01-03,WOS@WWW
UW-Whitewater,Luke Bara,offense,25,15,91,2026-01-03,WOS@WWW
UW-Whitewater,Luke Bara,offense,30,15,144,2026-01-03,WOS@WWW
UW-Whitewater,Luke Bara,offense,35,20,54,2026-01-03,WOS@WWW
UW-Whitewater,Luke Bara,offense,30,20,53,2026-01-03,WOS@WWW
UW-Oshkosh Titans,Brandon Beck,defense,10,15,51,2026-01-03,WOS@WWW
UW-Oshkosh Titans,Brandon Beck,defense,10,20,26,2026-01-03,WOS@WWW
UW-Oshkosh Titans,Brandon Beck,defense,10,25,13,2026-01-03,WOS@WWW
UW-Oshkosh Titans,TEAM,defense,10,25,152,2026-01-03,WOS@WWW
UW-Oshkosh Titans,Brandon Beck,defense,5,25,9,2026-01-03,WOS@WWW
UW-Oshkosh Titans,TEAM,defense,5,25,106,2026-01-03,WOS@WWW
UW-Whitewater,Brock Marino,offense,30,5,42,2026-01-03,WOS@WWW
UW-Whitewater,Brock Marino,offense,25,20,56,2026-01-03,WOS@WWW
UW-Whitewater,Richie Warren,offense,20,25,100,2026-01-03,WOS@WWW
UW-Whitewater,Richie Warren,offense,25,20,102,2026-01-03,WOS@WWW
UW-Whitewater,Richie Warren,offense,25,25,66,2026-01-03,WOS@WWW
UW-Whitewater,Richie Warren,offense,20,20,126,2026-01-03,WOS@WWW
UW-Oshkosh Titans,Nate Nazos,offense,35,45,2,2026-01-03,WOS@WWW
UW-Oshkosh Titans,TEAM,offense,35,45,23,2026-01-03,WOS@WWW
UW-Oshkosh Titans,Nate Nazos,offense,40,35,14,2026-01-03,WOS@WWW
UW-Oshkosh Titans,Nate Nazos,offense,40,25,8,2026-01-03,WOS@WWW
UW-Oshkosh Titans,Nate Nazos,offense,45,30,8,2026-01-03,WOS@WWW
UW-Oshkosh Titans,TEAM,offense,45,30,24,2026-01-03,WOS@WWW
UW-Oshkosh Titans,Nate Nazos,offense,15,25,15,2026-01-03,WOS@WWW
UW-Oshkosh Titans,Nate Nazos,offense,10,25,25,2026-01-03,WOS@WWW
UW-Oshkosh Titans,Nate Nazos,offense,5,20,31,2026-01-03,WOS@WWW
UW-Oshkosh Titans,Nate Nazos,offense,10,20,21,2026-01-03,WOS@WWW
UW-Oshkosh Titans,TEAM,offense,10,20,163,2026-01-03,WOS@WWW
UW-Oshkosh Titans,Nate Nazos,offense,10,15,15,2026-01-03,WOS@WWW
UW-Oshkosh Titans,Nate Nazos,offense,15,10,71,2026-01-03,WOS@WWW
UW-Whitewater,JR Lukenbill,defense,25,45,4,2026-01-03,WOS@WWW
UW-Whitewater,TEAM,defense,25,45,17,2026-01-03,WOS@WWW
UW-Whitewater,JR Lukenbill,defense,35,20,41,2026-01-03,WOS@WWW
UW-Whitewater,TEAM,defense,35,20,215,2026-01-03,WOS@WWW
UW-Whitewater,JR Lukenbill,defense,35,15,39,2026-01-03,WOS@WWW
UW-Whitewater,JR Lukenbill,defense,30,10,93,2026-01-03,WOS@WWW
UW-Whitewater,JR Lukenbill,defense,35,10,67,2026-01-03,WOS@WWW
UW-Whitewater,JR Lukenbill,defense,40,10,9,2026-01-03,WOS@WWW
UW-Whitewater,JR Lukenbill,defense,40,15,10,2026-01-03,WOS@WWW
UW-Whitewater,TEAM,defense,40,15,99,2026-01-03,WOS@WWW
UW-Whitewater,JR Lukenbill,defense,30,5,53,2026-01-03,WOS@WWW
UW-Whitewater,JR Lukenbill,defense,30,0,13,2026-01-03,WOS@WWW
UW-Whitewater,JR Lukenbill,defense,25,10,49,2026-01-03,WOS@WWW
UW-Whitewater,JR Lukenbill,defense,15,15,101,2026-01-03,WOS@WWW
UW-Whitewater,JR Lukenbill,defense,5,10,18,2026-01-03,WOS@WWW
UW-Whitewater,TEAM,defense,5,10,265,2026-01-03,WOS@WWW
UW-Whitewater,JR Lukenbill,defense,10,15,40,2026-01-03,WOS@WWW
UW-Whitewater,JR Lukenbill,defense,15,10,87,2026-01-03,WOS@WWW
UW-Whitewater,JR Lukenbill,defense,20,10,57,2026-01-03,WOS@WWW
UW-Whitewater,Richie Warren,defense,25,45,2,2026-01-03,WOS@WWW
UW-Whitewater,Richie Warren,defense,20,40,4,2026-01-03,WOS@WWW
UW-Whitewater,TEAM,defense,20,40,119,2026-01-03,WOS@WWW
UW-Whitewater,Richie Warren,defense,15,20,62,2026-01-03,WOS@WWW
UW-Whitewater,Richie Warren,defense,30,20,20,2026-01-03,WOS@WWW
UW-Whitewater,Richie Warren,defense,15,15,47,2026-01-03,WOS@WWW
UW-Whitewater,Richie Warren,defense,20,5,74,2026-01-03,WOS@WWW
UW-Whitewater,TEAM,defense,20,5,491,2026-01-03,WOS@WWW
UW-Whitewater,Luke Bara,defense,20,45,5,2026-01-03,WOS@WWW
UW-Whitewater,TEAM,defense,20,45,45,2026-01-03,WOS@WWW
UW-Whitewater,Luke Bara,defense,20,40,12,2026-01-03,WOS@WWW
UW-Oshkosh Titans,Carter Thomas,offense,15,40,4,2026-01-03,WOS@WWW
UW-Oshkosh Titans,Carter Thomas,offense,10,25,21,2026-01-03,WOS@WWW
UW-Oshkosh Titans,Carter Thomas,offense,10,15,9,2026-01-03,WOS@WWW
UW-Oshkosh Titans,Carter Thomas,offense,15,5,22,2026-01-03,WOS@WWW
UW-Oshkosh Titans,Carter Thomas,offense,35,0,7,2026-01-03,WOS@WWW
UW-Oshkosh Titans,Carter Thomas,offense,40,10,10,2026-01-03,WOS@WWW
UW-Oshkosh Titans,TEAM,offense,40,10,113,2026-01-03,WOS@WWW
UW-Oshkosh Titans,Carter Thomas,offense,45,0,7,2026-01-03,WOS@WWW
UW-Oshkosh Titans,TEAM,offense,45,0,20,2026-01-03,WOS@WWW
UW-Oshkosh Titans,Joey LaChapell,offense,45,35,2,2026-01-03,WOS@WWW
UW-Oshkosh Titans,TEAM,offense,45,35,18,2026-01-03,WOS@WWW
UW-Oshkosh Titans,Joey LaChapell,offense,45,25,5,2026-01-03,WOS@WWW
UW-Oshkosh Titans,Brandon Beck,offense,45,40,14,2026-01-03,WOS@WWW
UW-Oshkosh Titans,TEAM,offense,45,40,38,2026-01-03,WOS@WWW
UW-Whitewater,Brock Marino,defense,20,35,16,2026-01-03,WOS@WWW
UW-Whitewater,Brock Marino,defense,25,30,54,2026-01-03,WOS@WWW
UW-Whitewater,Brock Marino,defense,25,10,75,2026-01-03,WOS@WWW
UW-Whitewater,Brock Marino,defense,25,5,82,2026-01-03,WOS@WWW
UW-Whitewater,Brock Marino,defense,20,25,67,2026-01-03,WOS@WWW
UW-Oshkosh Titans,Brandon Beck,offense,40,20,20,2026-01-03,WOS@WWW
UW-Oshkosh Titans,Brandon Beck,offense,30,25,12,2026-01-03,WOS@WWW
UW-Whitewater,Collin Madson,defense,10,30,18,2026-01-03,WOS@WWW
UW-Whitewater,Collin Madson,defense,10,25,49,2026-01-03,WOS@WWW
UW-Whitewater,TEAM,defense,10,25,178,2026-01-03,WOS@WWW
UW-Whitewater,Collin Madson,defense,20,25,79,2026-01-03,WOS@WWW
UW-Whitewater,Collin Madson,defense,20,20,108,2026-01-03,WOS@WWW
UW-Whitewater,Collin Madson,defense,25,20,104,2026-01-03,WOS@WWW
UW-Whitewater,Collin Madson,defense,20,15,126,2026-01-03,WOS@WWW
UW-Whitewater,Collin Madson,defense,20,5,69,2026-01-03,WOS@WWW
UW-Oshkosh Titans,Joey LaChapell,offense,5,45,3,2026-01-03,WOS@WWW
UW-Oshkosh Titans,TEAM,offense,5,45,18,2026-01-03,WOS@WWW
UW-Oshkosh Titans,Joey LaChapell,offense,0,35,3,2026-01-03,WOS@WWW
UW-Oshkosh Titans,Joey LaChapell,offense,5,30,36,2026-01-03,WOS@WWW
UW-Oshkosh Titans,Joey LaChapell,offense,10,30,42,2026-01-03,WOS@WWW
UW-Oshkosh Titans,TEAM,offense,10,30,242,2026-01-03,WOS@WWW
UW-Oshkosh Titans,Joey LaChapell,offense,40,10,9,2026-01-03,WOS@WWW
UW-Whitewater,Luke Bara,defense,30,30,13,2026-01-03,WOS@WWW
UW-Whitewater,Luke Bara,defense,35,30,10,2026-01-03,WOS@WWW
UW-Whitewater,Luke Bara,defense,35,20,29,2026-01-03,WOS@WWW
UW-Whitewater,Luke Bara,defense,30,20,53,2026-01-03,WOS@WWW
UW-Whitewater,Luke Bara,defense,25,15,91,2026-01-03,WOS@WWW
UW-Whitewater,Luke Bara,defense,20,15,86,2026-01-03,WOS@WWW
UW-Whitewater,Luke Bara,defense,10,20,36,2026-01-03,WOS@WWW
UW-Oshkosh Titans,Michael Metcalf-Grassman,offense,10,30,19,2026-01-03,WOS@WWW
UW-Oshkosh Titans,Michael Metcalf-Grassman,offense,25,0,20,2026-01-03,WOS@WWW
UW-Oshkosh Titans,TEAM,offense,25,0,124,2026-01-03,WOS@WWW
UW-Oshkosh Titans,Michael Metcalf-Grassman,offense,20,0,12,2026-01-03,WOS@WWW
UW-Oshkosh Titans,Michael Metcalf-Grassman,offense,20,10,30,2026-01-03,WOS@WWW
UW-Oshkosh Titans,TEAM,offense,20,10,266,2026-01-03,WOS@WWW
UW-Oshkosh Titans,Michael Metcalf-Grassman,offense,15,5,26,2026-01-03,WOS@WWW
UW-Oshkosh Titans,Michael Metcalf-Grassman,offense,15,10,21,2026-01-03,WOS@WWW
UW-Oshkosh Titans,Michael Metcalf-Grassman,offense,20,5,29,2026-01-03,WOS@WWW
UW-Oshkosh Titans,Brandon Beck,offense,45,10,6,2026-01-03,WOS@WWW
UW-Oshkosh Titans,TEAM,offense,45,10,71,2026-01-03,WOS@WWW
UW-Oshkosh Titans,Brandon Beck,offense,30,30,27,2026-01-03,WOS@WWW
UW-Oshkosh Titans,Brandon Beck,offense,25,30,43,2026-01-03,WOS@WWW
UW-Oshkosh Titans,Brandon Beck,offense,20,30,86,2026-01-03,WOS@WWW
UW-Oshkosh Titans,Brandon Beck,offense,20,35,20,2026-01-03,WOS@WWW
UW-Oshkosh Titans,Brandon Beck,offense,20,40,14,2026-01-03,WOS@WWW
UW-Oshkosh Titans,Brandon Beck,offense,25,40,7,2026-01-03,WOS@WWW
UW-Oshkosh Titans,TEAM,offense,25,40,109,2026-01-03,WOS@WWW
UW-Oshkosh Titans,Brandon Beck,offense,20,45,8,2026-01-03,WOS@WWW
UW-Oshkosh Titans,TEAM,offense,20,45,31,2026-01-03,WOS@WWW
UW-Whitewater,Luke Bara,defense,0,15,2,2026-01-03,WOS@WWW
UW-Whitewater,TEAM,defense,0,15,51,2026-01-03,WOS@WWW
UW-Whitewater,Luke Bara,defense,5,15,11,2026-01-03,WOS@WWW
UW-Whitewater,Luke Bara,defense,15,10,98,2026-01-03,WOS@WWW
UW-Whitewater,Luke Bara,defense,15,0,12,2026-01-03,WOS@WWW
UW-Whitewater,Luke Bara,defense,20,0,20,2026-01-03,WOS@WWW
UW-Whitewater,TEAM,defense,20,0,152,2026-01-03,WOS@WWW
UW-Whitewater,Luke Bara,defense,25,5,64,2026-01-03,WOS@WWW
UW-Whitewater,Luke Bara,defense,25,10,76,2026-01-03,WOS@WWW
UW-Oshkosh Titans,Joey LaChapell,offense,10,20,10,2026-01-03,WOS@WWW
UW-Oshkosh Titans,Joey LaChapell,offense,10,5,9,2026-01-03,WOS@WWW
UW-Oshkosh Titans,TEAM,offense,10,5,119,2026-01-03,WOS@WWW
UW-Oshkosh Titans,Joey LaChapell,offense,10,10,37,2026-01-03,WOS@WWW
UW-Oshkosh Titans,TEAM,offense,10,10,211,2026-01-03,WOS@WWW
UW-Oshkosh Titans,Joey LaChapell,offense,0,15,16,2026-01-03,WOS@WWW
UW-Oshkosh Titans,Michael Metcalf-Grassman,offense,20,15,37,2026-01-03,WOS@WWW
UW-Oshkosh Titans,Michael Metcalf-Grassman,defense,10,45,3,2026-01-03,WOS@WWW
UW-Oshkosh Titans,Michael Metcalf-Grassman,defense,15,40,12,2026-01-03,WOS@WWW
UW-Oshkosh Titans,TEAM,defense,15,40,118,2026-01-03,WOS@WWW
UW-Oshkosh Titans,Brandon Beck,defense,20,45,12,2026-01-03,WOS@WWW
UW-Oshkosh Titans,TEAM,defense,20,45,38,2026-01-03,WOS@WWW
UW-Oshkosh Titans,Brandon Beck,defense,25,45,5,2026-01-03,WOS@WWW
UW-Oshkosh Titans,TEAM,defense,25,45,38,2026-01-03,WOS@WWW
UW-Oshkosh Titans,Brandon Beck,defense,25,40,23,2026-01-03,WOS@WWW
UW-Oshkosh Titans,TEAM,defense,25,40,139,2026-01-03,WOS@WWW
UW-Oshkosh Titans,Brandon Beck,defense,20,40,9,2026-01-03,WOS@WWW
UW-Oshkosh Titans,TEAM,defense,20,40,107,2026-01-03,WOS@WWW
UW-Oshkosh Titans,Brandon Beck,defense,15,45,7,2026-01-03,WOS@WWW
UW-Oshkosh Titans,TEAM,defense,15,45,46,2026-01-03,WOS@WWW
UW-Oshkosh Titans,Brandon Beck,defense,15,40,15,2026-01-03,WOS@WWW
UW-Whitewater,Collin Madson,offense,25,45,7,2026-01-03,WOS@WWW
UW-Whitewater,TEAM,offense,25,45,50,2026-01-03,WOS@WWW
UW-Whitewater,Collin Madson,offense,25,40,19,2026-01-03,WOS@WWW
UW-Whitewater,TEAM,offense,25,40,145,2026-01-03,WOS@WWW
UW-Whitewater,Collin Madson,offense,30,40,52,2026-01-03,WOS@WWW
UW-Whitewater,Collin Madson,offense,25,35,45,2026-01-03,WOS@WWW
UW-Whitewater,TEAM,offense,25,35,175,2026-01-03,WOS@WWW
UW-Whitewater,Collin Madson,offense,30,35,31,2026-01-03,WOS@WWW
UW-Whitewater,TEAM,offense,30,35,147,2026-01-03,WOS@WWW
UW-Whitewater,Collin Madson,offense,30,30,67,2026-01-03,WOS@WWW
UW-Whitewater,Collin Madson,offense,35,30,27,2026-01-03,WOS@WWW
UW-Whitewater,TEAM,offense,35,30,172,2026-01-03,WOS@WWW
UW-Oshkosh Titans,Nate Nazos,defense,5,45,3,2026-01-03,WOS@WWW
UW-Oshkosh Titans,TEAM,defense,5,45,17,2026-01-03,WOS@WWW
UW-Oshkosh Titans,Nate Nazos,defense,10,35,10,2026-01-03,WOS@WWW
UW-Oshkosh Titans,TEAM,defense,10,35,96,2026-01-03,WOS@WWW
UW-Oshkosh Titans,Nate Nazos,defense,10,30,26,2026-01-03,WOS@WWW
UW-Oshkosh Titans,TEAM,defense,10,30,133,2026-01-03,WOS@WWW
UW-Whitewater,JR Lukenbill,offense,10,40,18,2026-01-03,WOS@WWW
UW-Whitewater,TEAM,offense,10,40,163,2026-01-03,WOS@WWW
UW-Whitewater,JR Lukenbill,offense,10,35,20,2026-01-03,WOS@WWW
UW-Whitewater,TEAM,offense,10,35,124,2026-01-03,WOS@WWW
UW-Whitewater,JR Lukenbill,offense,5,35,19,2026-01-03,WOS@WWW
UW-Whitewater,TEAM,offense,5,35,111,2026-01-03,WOS@WWW
UW-Whitewater,JR Lukenbill,offense,5,30,15,2026-01-03,WOS@WWW
UW-Whitewater,TEAM,offense,5,30,111,2026-01-03,WOS@WWW
UW-Oshkosh Titans,Joey LaChapell,defense,30,45,2,2026-01-03,WOS@WWW
UW-Oshkosh Titans,TEAM,defense,30,45,49,2026-01-03,WOS@WWW
UW-Oshkosh Titans,Joey LaChapell,defense,30,40,18,2026-01-03,WOS@WWW
UW-Oshkosh Titans,TEAM,defense,30,40,134,2026-01-03,WOS@WWW
UW-Oshkosh Titans,Joey LaChapell,defense,30,35,10,2026-01-03,WOS@WWW
UW-Oshkosh Titans,TEAM,defense,30,35,141,2026-01-03,WOS@WWW
UW-Oshkosh Titans,Joey LaChapell,defense,30,30,18,2026-01-03,WOS@WWW
UW-Oshkosh Titans,TEAM,defense,30,30,198,2026-01-03,WOS@WWW
UW-Oshkosh Titans,Joey LaChapell,defense,20,45,1,2026-01-03,WOS@WWW
UW-Oshkosh Titans,Joey LaChapell,defense,10,45,5,2026-01-03,WOS@WWW
UW-Oshkosh Titans,Joey LaChapell,defense,15,45,2,2026-01-03,WOS@WWW
UW-Oshkosh Titans,Joey LaChapell,defense,15,40,5,2026-01-03,WOS@WWW
UW-Oshkosh Titans,Joey LaChapell,defense,25,40,11,2026-01-03,WOS@WWW
UW-Oshkosh Titans,Joey LaChapell,defense,35,30,8,2026-01-03,WOS@WWW
UW-Oshkosh Titans,TEAM,defense,35,30,89,2026-01-03,WOS@WWW
UW-Oshkosh Titans,Joey LaChapell,defense,15,20,20,2026-01-03,WOS@WWW
UW-Oshkosh Titans,Joey LaChapell,defense,25,25,36,2026-01-03,WOS@WWW
UW-Oshkosh Titans,Joey LaChapell,defense,25,20,16,2026-01-03,WOS@WWW
UW-Oshkosh Titans,Joey LaChapell,defense,30,20,19,2026-01-03,WOS@WWW
UW-Oshkosh Titans,Joey LaChapell,defense,20,5,60,2026-01-03,WOS@WWW
UW-Whitewater,Richie Warren,offense,40,40,15,2026-01-03,WOS@WWW
UW-Whitewater,TEAM,offense,40,40,133,2026-01-03,WOS@WWW
UW-Whitewater,Richie Warren,offense,45,35,7,2026-01-03,WOS@WWW
UW-Whitewater,TEAM,offense,45,35,19,2026-01-03,WOS@WWW
UW-Whitewater,Richie Warren,offense,40,35,36,2026-01-03,WOS@WWW
UW-Whitewater,TEAM,offense,40,35,139,2026-01-03,WOS@WWW
UW-Whitewater,Richie Warren,offense,45,30,7,2026-01-03,WOS@WWW
UW-Whitewater,TEAM,offense,45,30,35,2026-01-03,WOS@WWW
UW-Whitewater,Richie Warren,offense,35,25,22,2026-01-03,WOS@WWW
UW-Whitewater,TEAM,offense,35,25,321,2026-01-03,WOS@WWW
UW-Whitewater,Richie Warren,offense,30,20,51,2026-01-03,WOS@WWW
UW-Whitewater,Richie Warren,offense,35,20,27,2026-01-03,WOS@WWW
UW-Whitewater,Richie Warren,offense,25,10,80,2026-01-03,WOS@WWW
UW-Whitewater,Richie Warren,offense,40,15,30,2026-01-03,WOS@WWW
UW-Whitewater,Richie Warren,offense,35,15,64,2026-01-03,WOS@WWW
UW-Oshkosh Titans,Michael Metcalf-Grassman,defense,10,35,12,2026-01-03,WOS@WWW
UW-Oshkosh Titans,Michael Metcalf-Grassman,defense,10,30,8,2026-01-03,WOS@WWW
UW-Oshkosh Titans,Michael Metcalf-Grassman,defense,15,30,11,2026-01-03,WOS@WWW
UW-Oshkosh Titans,TEAM,defense,15,30,197,2026-01-03,WOS@WWW
UW-Oshkosh Titans,Brandon Beck,defense,10,30,14,2026-01-03,WOS@WWW
UW-Oshkosh Titans,Brandon Beck,defense,15,35,10,2026-01-03,WOS@WWW
UW-Oshkosh Titans,Brandon Beck,defense,20,35,8,2026-01-03,WOS@WWW
UW-Oshkosh Titans,Brandon Beck,defense,15,30,41,2026-01-03,WOS@WWW
UW-Oshkosh Titans,Brandon Beck,defense,20,30,21,2026-01-03,WOS@WWW
UW-Oshkosh Titans,Brandon Beck,defense,30,25,21,2026-01-03,WOS@WWW
UW-Oshkosh Titans,TEAM,defense,30,25,217,2026-01-03,WOS@WWW
UW-Oshkosh Titans,Brandon Beck,defense,30,20,30,2026-01-03,WOS@WWW
UW-Whitewater,Collin Madson,offense,5,40,15,2026-01-03,WOS@WWW
UW-Whitewater,TEAM,offense,5,40,85,2026-01-03,WOS@WWW
UW-Whitewater,Collin Madson,offense,0,40,1,2026-01-03,WOS@WWW
UW-Whitewater,TEAM,offense,0,40,42,2026-01-03,WOS@WWW
UW-Whitewater,Collin Madson,offense,5,35,12,2026-01-03,WOS@WWW
UW-Whitewater,Collin Madson,offense,5,30,10,2026-01-03,WOS@WWW
UW-Whitewater,Collin Madson,offense,5,20,43,2026-01-03,WOS@WWW
UW-Whitewater,Collin Madson,offense,10,10,52,2026-01-03,WOS@WWW
UW-Whitewater,Collin Madson,offense,10,5,36,2026-01-03,WOS@WWW
UW-Whitewater,Collin Madson,offense,15,5,49,2026-01-03,WOS@WWW
UW-Whitewater,Collin Madson,offense,10,20,42,2026-01-03,WOS@WWW
UW-Whitewater,Collin Madson,offense,10,30,37,2026-01-03,WOS@WWW
UW-Whitewater,Collin Madson,offense,10,35,28,2026-01-03,WOS@WWW
UW-Whitewater,Collin Madson,offense,10,40,14,2026-01-03,WOS@WWW
UW-Whitewater,Collin Madson,offense,10,45,5,2026-01-03,WOS@WWW
UW-Whitewater,TEAM,offense,10,45,37,2026-01-03,WOS@WWW
UW-Oshkosh Titans,Michael Metcalf-Grassman,defense,10,25,10,2026-01-03,WOS@WWW
UW-Oshkosh Titans,Michael Metcalf-Grassman,defense,15,20,23,2026-01-03,WOS@WWW
UW-Oshkosh Titans,Michael Metcalf-Grassman,defense,15,15,56,2026-01-03,WOS@WWW
UW-Oshkosh Titans,Michael Metcalf-Grassman,defense,20,15,63,2026-01-03,WOS@WWW
UW-Oshkosh Titans,TEAM,defense,20,15,677,2026-01-03,WOS@WWW
UW-Whitewater,Brock Marino,offense,25,25,49,2026-01-03,WOS@WWW
UW-Whitewater,Brock Marino,offense,30,25,60,2026-01-03,WOS@WWW
UW-Whitewater,TEAM,offense,30,25,304,2026-01-03,WOS@WWW
UW-Whitewater,Brock Marino,offense,35,25,54,2026-01-03,WOS@WWW
UW-Whitewater,Brock Marino,offense,15,30,52,2026-01-03,WOS@WWW
UW-Whitewater,Brock Marino,offense,20,30,88,2026-01-03,WOS@WWW
UW-Whitewater,Brock Marino,offense,20,25,43,2026-01-03,WOS@WWW
UW-Whitewater,Brock Marino,offense,20,10,43,2026-01-03,WOS@WWW
UW-Whitewater,Brock Marino,offense,15,5,46,2026-01-03,WOS@WWW
UW-Whitewater,Brock Marino,offense,20,5,23,2026-01-03,WOS@WWW
UW-Whitewater,TEAM,offense,20,5,243,2026-01-03,WOS@WWW
UW-Whitewater,Brock Marino,offense,10,0,11,2026-01-03,WOS@WWW
UW-Whitewater,TEAM,offense,10,0,62,2026-01-03,WOS@WWW
UW-Whitewater,Brock Marino,offense,10,5,14,2026-01-03,WOS@WWW
UW-Whitewater,Brock Marino,offense,20,0,15,2026-01-03,WOS@WWW
UW-Whitewater,TEAM,offense,20,0,105,2026-01-03,WOS@WWW
UW-Whitewater,Brock Marino,offense,15,0,25,2026-01-03,WOS@WWW
UW-Oshkosh Titans,Carter Thomas,defense,15,15,48,2026-01-03,WOS@WWW
UW-Oshkosh Titans,Carter Thomas,defense,15,10,132,2026-01-03,WOS@WWW
UW-Oshkosh Titans,Nate Nazos,defense,0,20,3,2026-01-03,WOS@WWW
UW-Oshkosh Titans,TEAM,defense,0,20,139,2026-01-03,WOS@WWW
UW-Oshkosh Titans,Nate Nazos,defense,0,15,9,2026-01-03,WOS@WWW
UW-Oshkosh Titans,Nate Nazos,defense,0,10,11,2026-01-03,WOS@WWW
UW-Whitewater,Luke Bara,offense,45,20,21,2026-01-03,WOS@WWW
UW-Whitewater,TEAM,offense,45,20,295,2026-01-03,WOS@WWW
UW-Whitewater,Luke Bara,offense,20,20,141,2026-01-03,WOS@WWW
UW-Whitewater,Luke Bara,offense,20,5,36,2026-01-03,WOS@WWW
UW-Whitewater,Luke Bara,offense,25,5,42,2026-01-03,WOS@WWW
UW-Whitewater,JR Lukenbill,offense,15,0,9,2026-01-03,WOS@WWW
UW-Whitewater,JR Lukenbill,offense,10,0,8,2026-01-03,WOS@WWW
UW-Whitewater,JR Lukenbill,offense,5,10,26,2026-01-03,WOS@WWW
UW-Whitewater,JR Lukenbill,offense,5,25,26,2026-01-03,WOS@WWW
UW-Oshkosh Titans,Michael Metcalf-Grassman,defense,0,20,9,2026-01-03,WOS@WWW
UW-Oshkosh Titans,Michael Metcalf-Grassman,defense,20,20,43,2026-01-03,WOS@WWW
UW-Oshkosh Titans,Michael Metcalf-Grassman,defense,10,20,17,2026-01-03,WOS@WWW
UW-Oshkosh Titans,Michael Metcalf-Grassman,defense,35,10,16,2026-01-03,WOS@WWW
UW-Oshkosh Titans,Michael Metcalf-Grassman,defense,25,15,69,2026-01-03,WOS@WWW
UW-Oshkosh Titans,Michael Metcalf-Grassman,defense,40,5,9,2026-01-03,WOS@WWW
UW-Oshkosh Titans,Brandon Beck,defense,0,15,9,2026-01-03,WOS@WWW
UW-Oshkosh Titans,Brandon Beck,defense,15,10,103,2026-01-03,WOS@WWW
UW-Oshkosh Titans,Brandon Beck,defense,15,20,40,2026-01-03,WOS@WWW
UW-Oshkosh Titans,Brandon Beck,defense,15,25,42,2026-01-03,WOS@WWW
UW-Oshkosh Titans,TEAM,defense,15,25,287,2026-01-03,WOS@WWW
UW-Oshkosh Titans,Brandon Beck,defense,20,25,8,2026-01-03,WOS@WWW
UW-Oshkosh Titans,Nate Nazos,defense,5,5,13,2026-01-03,WOS@WWW
UW-Oshkosh Titans,Nate Nazos,defense,15,0,34,2026-01-03,WOS@WWW
UW-Oshkosh Titans,Nate Nazos,defense,15,5,66,2026-01-03,WOS@WWW
UW-Oshkosh Titans,Nate Nazos,defense,20,15,47,2026-01-03,WOS@WWW
UW-Oshkosh Titans,Nate Nazos,defense,5,25,14,2026-01-03,WOS@WWW
UW-Oshkosh Titans,Carter Thomas,defense,20,10,57,2026-01-03,WOS@WWW
UW-Whitewater,Richie Warren,offense,10,0,15,2026-01-03,WOS@WWW
UW-Whitewater,Richie Warren,offense,15,0,17,2026-01-03,WOS@WWW
UW-Whitewater,Richie Warren,offense,30,0,10,2026-01-03,WOS@WWW
UW-Whitewater,TEAM,offense,30,0,104,2026-01-03,WOS@WWW
UW-Whitewater,Richie Warren,offense,20,5,19,2026-01-03,WOS@WWW
UW-Whitewater,Richie Warren,offense,20,10,90,2026-01-03,WOS@WWW
UW-Whitewater,Richie Warren,offense,30,25,28,2026-01-03,WOS@WWW
UW-Whitewater,Richie Warren,offense,30,30,33,2026-01-03,WOS@WWW
UW-Whitewater,Richie Warren,offense,30,35,22,2026-01-03,WOS@WWW
UW-Whitewater,Richie Warren,offense,25,40,39,2026-01-03,WOS@WWW
UW-Whitewater,Richie Warren,offense,20,40,31,2026-01-03,WOS@WWW
UW-Whitewater,TEAM,offense,20,40,174,2026-01-03,WOS@WWW
UW-Whitewater,Richie Warren,offense,20,35,52,2026-01-03,WOS@WWW
UW-Whitewater,TEAM,offense,20,35,261,2026-01-03,WOS@WWW
UW-Whitewater,Richie Warren,offense,15,35,29,2026-01-03,WOS@WWW
UW-Oshkosh Titans,Joey LaChapell,defense,0,30,4,2026-01-03,WOS@WWW
UW-Oshkosh Titans,Joey LaChapell,defense,0,35,3,2026-01-03,WOS@WWW
UW-Oshkosh Titans,TEAM,defense,0,35,95,2026-01-03,WOS@WWW
UW-Whitewater,Luke Bara,offense,10,0,10,2026-01-03,WOS@WWW
UW-Whitewater,Luke Bara,offense,10,5,26,2026-01-03,WOS@WWW
UW-Whitewater,Luke Bara,offense,10,10,46,2026-01-03,WOS@WWW
UW-Whitewater,Luke Bara,offense,15,5,29,2026-01-03,WOS@WWW
UW-Whitewater,Luke Bara,offense,15,10,123,2026-01-03,WOS@WWW
UW-Whitewater,Luke Bara,offense,15,15,93,2026-01-03,WOS@WWW
UW-Whitewater,Luke Bara,offense,10,15,26,2026-01-03,WOS@WWW
UW-Whitewater,Brock Marino,offense,15,10,165,2026-01-03,WOS@WWW
UW-Oshkosh Titans,Joey LaChapell,defense,10,40,5,2026-01-03,WOS@WWW
UW-Oshkosh Titans,Joey LaChapell,defense,0,25,2,2026-01-03,WOS@WWW
UW-Oshkosh Titans,TEAM,defense,0,25,103,2026-01-03,WOS@WWW
UW-Oshkosh Titans,Joey LaChapell,defense,10,30,12,2026-01-03,WOS@WWW
UW-Oshkosh Titans,Joey LaChapell,defense,5,25,5,2026-01-03,WOS@WWW
UW-Oshkosh Titans,Nate Nazos,defense,0,25,9,2026-01-03,WOS@WWW
UW-Oshkosh Titans,Nate Nazos,defense,0,30,7,2026-01-03,WOS@WWW
UW-Whitewater,Luke Bara,offense,30,5,31,2026-01-03,WOS@WWW
UW-Whitewater,Luke Bara,offense,30,10,205,2026-01-03,WOS@WWW
UW-Oshkosh Titans,Nate Nazos,defense,0,35,12,2026-01-03,WOS@WWW
UW-Whitewater,Collin Madson,defense,40,45,5,2026-01-03,WOS@WWW
UW-Whitewater,TEAM,defense,40,45,21,2026-01-03,WOS@WWW
UW-Whitewater,Collin Madson,defense,40,40,9,2026-01-03,WOS@WWW
UW-Whitewater,TEAM,defense,40,40,40,2026-01-03,WOS@WWW
UW-Whitewater,Collin Madson,defense,35,35,21,2026-01-03,WOS@WWW
UW-Whitewater,Collin Madson,defense,35,30,17,2026-01-03,WOS@WWW
UW-Whitewater,Collin Madson,defense,40,30,15,2026-01-03,WOS@WWW
UW-Whitewater,TEAM,defense,40,30,89,2026-01-03,WOS@WWW
UW-Whitewater,Collin Madson,defense,40,25,11,2026-01-03,WOS@WWW
UW-Whitewater,Collin Madson,defense,35,5,49,2026-01-03,WOS@WWW
UW-Oshkosh Titans,Logan Rindfleisch,offense,40,45,1,2026-01-03,WOS@WWW
UW-Oshkosh Titans,TEAM,offense,40,45,84,2026-01-03,WOS@WWW
UW-Oshkosh Titans,Logan Rindfleisch,offense,40,35,4,2026-01-03,WOS@WWW
UW-Oshkosh Titans,Logan Rindfleisch,offense,40,30,4,2026-01-03,WOS@WWW
UW-Oshkosh Titans,Logan Rindfleisch,offense,35,20,4,2026-01-03,WOS@WWW
UW-Oshkosh Titans,Logan Rindfleisch,offense,20,30,23,2026-01-03,WOS@WWW
UW-Oshkosh Titans,Logan Rindfleisch,offense,20,35,6,2026-01-03,WOS@WWW
UW-Oshkosh Titans,Logan Rindfleisch,offense,15,30,22,2026-01-03,WOS@WWW
UW-Oshkosh Titans,Logan Rindfleisch,offense,20,25,12,2026-01-03,WOS@WWW
UW-Oshkosh Titans,Logan Rindfleisch,offense,25,25,25,2026-01-03,WOS@WWW
UW-Oshkosh Titans,Logan Rindfleisch,offense,25,15,24,2026-01-03,WOS@WWW
UW-Oshkosh Titans,Logan Rindfleisch,offense,30,10,5,2026-01-03,WOS@WWW
UW-Oshkosh Titans,Logan Rindfleisch,offense,25,5,4,2026-01-03,WOS@WWW
UW-Oshkosh Titans,TEAM,offense,25,5,211,2026-01-03,WOS@WWW
UW-Oshkosh Titans,Logan Rindfleisch,offense,20,5,14,2026-01-03,WOS@WWW
UW-Oshkosh Titans,Logan Rindfleisch,offense,10,0,4,2026-01-03,WOS@WWW
UW-Oshkosh Titans,TEAM,offense,10,0,74,2026-01-03,WOS@WWW
UW-Oshkosh Titans,Logan Rindfleisch,offense,5,0,9,2026-01-03,WOS@WWW
UW-Oshkosh Titans,Logan Rindfleisch,offense,0,0,13,2026-01-03,WOS@WWW
UW-Oshkosh Titans,Logan Rindfleisch,offense,0,5,6,2026-01-03,WOS@WWW
UW-Oshkosh Titans,Logan Rindfleisch,offense,25,20,18,2026-01-03,WOS@WWW
UW-Oshkosh Titans,Logan Rindfleisch,offense,30,15,21,2026-01-03,WOS@WWW
UW-Oshkosh Titans,Logan Rindfleisch,offense,25,10,7,2026-01-03,WOS@WWW
UW-Oshkosh Titans,Logan Rindfleisch,offense,30,20,4,2026-01-03,WOS@WWW
UW-Oshkosh Titans,Logan Rindfleisch,offense,35,10,3,2026-01-03,WOS@WWW
UW-Oshkosh Titans,Matt Imig,offense,10,45,1,2026-01-03,WOS@WWW
UW-Oshkosh Titans,TEAM,offense,10,45,20,2026-01-03,WOS@WWW
UW-Oshkosh Titans,Matt Imig,offense,10,40,2,2026-01-03,WOS@WWW
UW-Oshkosh Titans,TEAM,offense,10,40,62,2026-01-03,WOS@WWW
UW-Oshkosh Titans,Matt Imig,offense,15,40,10,2026-01-03,WOS@WWW
UW-Oshkosh Titans,Matt Imig,offense,10,35,7,2026-01-03,WOS@WWW
UW-Oshkosh Titans,TEAM,offense,10,35,148,2026-01-03,WOS@WWW
UW-Oshkosh Titans,Matt Imig,offense,15,35,5,2026-01-03,WOS@WWW
UW-Oshkosh Titans,Matt Imig,offense,15,30,33,2026-01-03,WOS@WWW
UW-Oshkosh Titans,Matt Imig,offense,20,30,24,2026-01-03,WOS@WWW
UW-Whitewater,Brock Marino,defense,10,40,4,2026-01-03,WOS@WWW
UW-Whitewater,TEAM,defense,10,40,79,2026-01-03,WOS@WWW
UW-Whitewater,Brock Marino,defense,10,35,14,2026-01-03,WOS@WWW
UW-Whitewater,Brock Marino,defense,10,30,12,2026-01-03,WOS@WWW
UW-Whitewater,Brock Marino,defense,15,25,64,2026-01-03,WOS@WWW
UW-Whitewater,Brock Marino,defense,35,25,23,2026-01-03,WOS@WWW
UW-Whitewater,TEAM,defense,35,25,202,2026-01-03,WOS@WWW
UW-Whitewater,Brock Marino,defense,30,30,20,2026-01-03,WOS@WWW
UW-Whitewater,JR Lukenbill,defense,15,5,88,2026-01-03,WOS@WWW
UW-Whitewater,TEAM,defense,15,5,683,2026-01-03,WOS@WWW
UW-Whitewater,JR Lukenbill,defense,15,0,14,2026-01-03,WOS@WWW
UW-Whitewater,JR Lukenbill,defense,10,0,5,2026-01-03,WOS@WWW
UW-Whitewater,JR Lukenbill,defense,10,5,34,2026-01-03,WOS@WWW
UW-Whitewater,JR Lukenbill,defense,15,25,15,2026-01-03,WOS@WWW
UW-Whitewater,JR Lukenbill,defense,15,20,33,2026-01-03,WOS@WWW
UW-Whitewater,JR Lukenbill,defense,20,15,76,2026-01-03,WOS@WWW
UW-Whitewater,JR Lukenbill,defense,30,15,88,2026-01-03,WOS@WWW
UW-Oshkosh Titans,Oskar Kangas,offense,45,10,6,2026-01-03,WOS@WWW
UW-Oshkosh Titans,Oskar Kangas,offense,40,20,18,2026-01-03,WOS@WWW
UW-Oshkosh Titans,Jonah Rindfleisch,offense,40,15,4,2026-01-03,WOS@WWW
UW-Oshkosh Titans,Jonah Rindfleisch,offense,35,10,11,2026-01-03,WOS@WWW
UW-Oshkosh Titans,Jonah Rindfleisch,offense,40,10,19,2026-01-03,WOS@WWW
UW-Oshkosh Titans,Jonah Rindfleisch,offense,30,0,6,2026-01-03,WOS@WWW
UW-Oshkosh Titans,TEAM,offense,30,0,110,2026-01-03,WOS@WWW
UW-Oshkosh Titans,Jonah Rindfleisch,offense,30,5,25,2026-01-03,WOS@WWW
UW-Oshkosh Titans,TEAM,offense,30,5,224,2026-01-03,WOS@WWW
UW-Oshkosh Titans,Aiden Hawkinson,offense,35,20,8,2026-01-03,WOS@WWW
UW-Oshkosh Titans,Aiden Hawkinson,offense,30,10,115,2026-01-03,WOS@WWW
UW-Oshkosh Titans,Aiden Hawkinson,offense,30,15,22,2026-01-03,WOS@WWW
UW-Oshkosh Titans,Aiden Hawkinson,offense,40,15,7,2026-01-03,WOS@WWW
UW-Oshkosh Titans,Aiden Hawkinson,offense,45,20,4,2026-01-03,WOS@WWW
UW-Oshkosh Titans,TEAM,offense,45,20,39,2026-01-03,WOS@WWW
UW-Oshkosh Titans,Aiden Hawkinson,offense,40,20,9,2026-01-03,WOS@WWW
UW-Oshkosh Titans,Aiden Hawkinson,offense,35,25,42,2026-01-03,WOS@WWW
UW-Oshkosh Titans,Aiden Hawkinson,offense,35,30,20,2026-01-03,WOS@WWW
UW-Oshkosh Titans,Aiden Hawkinson,offense,30,30,39,2026-01-03,WOS@WWW
UW-Oshkosh Titans,Aiden Hawkinson,offense,25,30,78,2026-01-03,WOS@WWW
UW-Oshkosh Titans,Aiden Hawkinson,offense,25,35,22,2026-01-03,WOS@WWW
UW-Oshkosh Titans,TEAM,offense,25,35,206,2026-01-03,WOS@WWW
UW-Oshkosh Titans,Aiden Hawkinson,offense,20,35,21,2026-01-03,WOS@WWW
UW-Whitewater,Jonah Rindfleisch,defense,35,20,5,2026-01-03,WOS@WWW
UW-Whitewater,Jonah Rindfleisch,defense,40,20,2,2026-01-03,WOS@WWW
UW-Whitewater,Jonah Rindfleisch,defense,35,15,2,2026-01-03,WOS@WWW
UW-Whitewater,Jonah Rindfleisch,defense,25,10,2,2026-01-03,WOS@WWW
UW-Whitewater,Jonah Rindfleisch,defense,30,10,3,2026-01-03,WOS@WWW
UW-Whitewater,Jonah Rindfleisch,defense,30,5,5,2026-01-03,WOS@WWW
UW-Whitewater,Jonah Rindfleisch,defense,35,5,2,2026-01-03,WOS@WWW
UW-Whitewater,Jonah Rindfleisch,defense,35,10,6,2026-01-03,WOS@WWW
UW-Whitewater,Jonah Rindfleisch,defense,40,10,1,2026-01-03,WOS@WWW
UW-Whitewater,Jonah Rindfleisch,defense,40,15,1,2026-01-03,WOS@WWW
UW-Whitewater,Jonah Rindfleisch,defense,30,20,1,2026-01-03,WOS@WWW
UW-Whitewater,Jonah Rindfleisch,defense,30,25,8,2026-01-03,WOS@WWW
UW-Whitewater,Jonah Rindfleisch,defense,20,20,1,2026-01-03,WOS@WWW
UW-Whitewater,Jonah Rindfleisch,defense,20,10,1,2026-01-03,WOS@WWW
UW-Whitewater,Richie Warren,defense,40,15,13,2026-01-03,WOS@WWW
UW-Whitewater,Richie Warren,defense,45,5,39,2026-01-03,WOS@WWW
UW-Whitewater,TEAM,defense,45,5,146,2026-01-03,WOS@WWW
UW-Oshkosh Titans,Oskar Kangas,offense,25,15,18,2026-01-03,WOS@WWW
UW-Oshkosh Titans,Oskar Kangas,offense,30,20,29,2026-01-03,WOS@WWW
UW-Oshkosh Titans,Oskar Kangas,offense,30,15,22,2026-01-03,WOS@WWW
UW-Oshkosh Titans,Oskar Kangas,offense,35,20,33,2026-01-03,WOS@WWW
UW-Whitewater,JR Lukenbill,defense,5,0,1,2026-01-03,WOS@WWW
UW-Whitewater,TEAM,defense,5,0,42,2026-01-03,WOS@WWW
UW-Whitewater,JR Lukenbill,defense,0,0,8,2026-01-03,WOS@WWW
UW-Oshkosh Titans,Jonah Rindfleisch,offense,0,5,17,2026-01-03,WOS@WWW
UW-Oshkosh Titans,Jonah Rindfleisch,offense,5,5,4,2026-01-03,WOS@WWW
UW-Oshkosh Titans,TEAM,offense,5,5,131,2026-01-03,WOS@WWW
UW-Oshkosh Titans,Jonah Rindfleisch,offense,10,10,11,2026-01-03,WOS@WWW
UW-Oshkosh Titans,Jonah Rindfleisch,offense,10,20,14,2026-01-03,WOS@WWW
UW-Whitewater,Luke Bara,defense,30,15,110,2026-01-03,WOS@WWW
UW-Whitewater,Luke Bara,defense,30,10,112,2026-01-03,WOS@WWW
UW-Whitewater,Luke Bara,defense,20,10,76,2026-01-03,WOS@WWW
UW-Whitewater,Luke Bara,defense,10,15,45,2026-01-03,WOS@WWW
UW-Whitewater,Luke Bara,defense,40,20,7,2026-01-03,WOS@WWW
UW-Whitewater,Luke Bara,defense,30,25,45,2026-01-03,WOS@WWW
UW-Whitewater,Luke Bara,defense,35,25,42,2026-01-03,WOS@WWW
UW-Whitewater,Luke Bara,defense,25,25,68,2026-01-03,WOS@WWW
UW-Whitewater,Luke Bara,defense,15,5,54,2026-01-03,WOS@WWW
UW-Oshkosh Titans,Matt Imig,offense,35,0,4,2026-01-03,WOS@WWW
UW-Oshkosh Titans,Matt Imig,offense,40,5,5,2026-01-03,WOS@WWW
UW-Oshkosh Titans,TEAM,offense,40,5,110,2026-01-03,WOS@WWW
UW-Oshkosh Titans,Matt Imig,offense,10,15,10,2026-01-03,WOS@WWW
UW-Oshkosh Titans,Matt Imig,offense,5,20,10,2026-01-03,WOS@WWW
UW-Oshkosh Titans,Matt Imig,offense,10,20,10,2026-01-03,WOS@WWW
UW-Oshkosh Titans,Matt Imig,offense,10,25,17,2026-01-03,WOS@WWW
UW-Oshkosh Titans,Matt Imig,offense,25,20,15,2026-01-03,WOS@WWW
UW-Oshkosh Titans,Matt Imig,offense,20,35,18,2026-01-03,WOS@WWW
UW-Oshkosh Titans,Matt Imig,offense,25,35,6,2026-01-03,WOS@WWW
UW-Oshkosh Titans,Matt Imig,offense,30,30,25,2026-01-03,WOS@WWW
UW-Oshkosh Titans,Matt Imig,offense,25,30,21,2026-01-03,WOS@WWW
UW-Oshkosh Titans,Matt Imig,offense,20,25,20,2026-01-03,WOS@WWW
UW-Oshkosh Titans,Matt Imig,offense,30,25,23,2026-01-03,WOS@WWW
UW-Oshkosh Titans,Matt Imig,offense,30,20,12,2026-01-03,WOS@WWW
UW-Oshkosh Titans,Matt Imig,offense,25,15,25,2026-01-03,WOS@WWW
UW-Whitewater,Collin Madson,defense,15,20,83,2026-01-03,WOS@WWW
UW-Whitewater,Collin Madson,defense,10,20,48,2026-01-03,WOS@WWW
UW-Whitewater,Collin Madson,defense,25,25,93,2026-01-03,WOS@WWW
UW-Whitewater,Collin Madson,defense,30,25,74,2026-01-03,WOS@WWW
UW-Whitewater,Collin Madson,defense,30,20,97,2026-01-03,WOS@WWW
UW-Whitewater,Collin Madson,defense,25,15,113,2026-01-03,WOS@WWW
UW-Whitewater,Collin Madson,defense,30,15,241,2026-01-03,WOS@WWW
UW-Oshkosh Titans,Oskar Kangas,offense,30,5,28,2026-01-03,WOS@WWW
UW-Oshkosh Titans,Oskar Kangas,offense,30,0,6,2026-01-03,WOS@WWW
UW-Oshkosh Titans,Oskar Kangas,offense,35,5,6,2026-01-03,WOS@WWW
UW-Oshkosh Titans,Oskar Kangas,offense,40,5,10,2026-01-03,WOS@WWW
UW-Oshkosh Titans,Jonah Rindfleisch,offense,40,0,6,2026-01-03,WOS@WWW
UW-Oshkosh Titans,Jonah Rindfleisch,offense,40,5,7,2026-01-03,WOS@WWW
UW-Oshkosh Titans,Oskar Kangas,offense,20,10,16,2026-01-03,WOS@WWW
UW-Oshkosh Titans,Oskar Kangas,offense,15,0,21,2026-01-03,WOS@WWW
UW-Oshkosh Titans,Oskar Kangas,offense,10,5,12,2026-01-03,WOS@WWW
UW-Oshkosh Titans,Oskar Kangas,offense,5,5,20,2026-01-03,WOS@WWW
UW-Oshkosh Titans,Oskar Kangas,offense,0,5,28,2026-01-03,WOS@WWW
UW-Oshkosh Titans,Oskar Kangas,offense,0,0,14,2026-01-03,WOS@WWW
UW-Oshkosh Titans,Oskar Kangas,offense,5,0,16,2026-01-03,WOS@WWW
UW-Oshkosh Titans,Oskar Kangas,offense,20,5,18,2026-01-03,WOS@WWW
UW-Whitewater,Richie Warren,defense,25,5,66,2026-01-03,WOS@WWW
UW-Whitewater,Richie Warren,defense,15,5,171,2026-01-03,WOS@WWW
UW-Whitewater,Richie Warren,defense,10,5,98,2026-01-03,WOS@WWW
UW-Whitewater,Richie Warren,defense,5,5,59,2026-01-03,WOS@WWW
UW-Whitewater,TEAM,defense,5,5,300,2026-01-03,WOS@WWW
UW-Whitewater,Richie Warren,defense,5,0,9,2026-01-03,WOS@WWW
UW-Oshkosh Titans,Aiden Hawkinson,offense,0,20,37,2026-01-03,WOS@WWW
UW-Oshkosh Titans,Aiden Hawkinson,offense,5,25,40,2026-01-03,WOS@WWW
UW-Oshkosh Titans,Aiden Hawkinson,offense,0,25,21,2026-01-03,WOS@WWW
UW-Oshkosh Titans,TEAM,offense,0,25,90,2026-01-03,WOS@WWW
UW-Oshkosh Titans,Aiden Hawkinson,offense,10,20,33,2026-01-03,WOS@WWW
UW-Oshkosh Titans,Aiden Hawkinson,offense,10,10,15,2026-01-03,WOS@WWW
UW-Oshkosh Titans,Aiden Hawkinson,offense,5,10,13,2026-01-03,WOS@WWW
UW-Oshkosh Titans,TEAM,offense,5,10,111,2026-01-03,WOS@WWW
UW-Oshkosh Titans,Jonah Rindfleisch,offense,30,25,18,2026-01-03,WOS@WWW
UW-Oshkosh Titans,Jonah Rindfleisch,offense,30,20,4,2026-01-03,WOS@WWW
UW-Oshkosh Titans,Jonah Rindfleisch,offense,30,30,28,2026-01-03,WOS@WWW
UW-Oshkosh Titans,Jonah Rindfleisch,offense,20,15,27,2026-01-03,WOS@WWW
UW-Oshkosh Titans,Jonah Rindfleisch,offense,25,15,19,2026-01-03,WOS@WWW
UW-Oshkosh Titans,Jonah Rindfleisch,offense,30,15,16,2026-01-03,WOS@WWW
UW-Whitewater,Brock Marino,defense,20,5,58,2026-01-03,WOS@WWW
UW-Oshkosh Titans,Aiden Hawkinson,offense,5,20,28,2026-01-03,WOS@WWW
UW-Oshkosh Titans,Aiden Hawkinson,offense,0,10,15,2026-01-03,WOS@WWW
UW-Oshkosh Titans,Aiden Hawkinson,offense,0,5,46,2026-01-03,WOS@WWW
UW-Oshkosh Titans,Oskar Kangas,offense,25,5,25,2026-01-03,WOS@WWW
UW-Oshkosh Titans,Oskar Kangas,offense,25,10,10,2026-01-03,WOS@WWW
UW-Whitewater,Richie Warren,offense,35,10,34,2026-01-03,WOS@WWW
UW-Oshkosh Titans,Oskar Kangas,defense,15,15,45,2026-01-03,WOS@WWW
UW-Oshkosh Titans,Oskar Kangas,defense,10,5,36,2026-01-03,WOS@WWW
UW-Oshkosh Titans,Oskar Kangas,defense,10,10,52,2026-01-03,WOS@WWW
UW-Oshkosh Titans,Oskar Kangas,defense,15,10,105,2026-01-03,WOS@WWW
UW-Oshkosh Titans,Oskar Kangas,defense,20,15,42,2026-01-03,WOS@WWW
UW-Oshkosh Titans,Oskar Kangas,defense,20,20,31,2026-01-03,WOS@WWW
UW-Oshkosh Titans,Oskar Kangas,defense,10,20,18,2026-01-03,WOS@WWW
UW-Oshkosh Titans,Oskar Kangas,defense,10,25,6,2026-01-03,WOS@WWW
UW-Oshkosh Titans,Oskar Kangas,defense,10,30,4,2026-01-03,WOS@WWW
UW-Oshkosh Titans,Oskar Kangas,defense,10,35,13,2026-01-03,WOS@WWW
UW-Oshkosh Titans,Oskar Kangas,defense,20,35,14,2026-01-03,WOS@WWW
UW-Oshkosh Titans,Oskar Kangas,defense,20,40,13,2026-01-03,WOS@WWW
UW-Oshkosh Titans,Oskar Kangas,defense,20,30,18,2026-01-03,WOS@WWW
UW-Oshkosh Titans,Jonah Rindfleisch,defense,30,20,36,2026-01-03,WOS@WWW
UW-Oshkosh Titans,Jonah Rindfleisch,defense,30,25,17,2026-01-03,WOS@WWW
UW-Oshkosh Titans,Jonah Rindfleisch,defense,30,30,19,2026-01-03,WOS@WWW
UW-Oshkosh Titans,Jonah Rindfleisch,defense,25,25,12,2026-01-03,WOS@WWW
UW-Oshkosh Titans,Jonah Rindfleisch,defense,25,30,17,2026-01-03,WOS@WWW
UW-Oshkosh Titans,Jonah Rindfleisch,defense,25,35,15,2026-01-03,WOS@WWW
UW-Oshkosh Titans,TEAM,defense,25,35,93,2026-01-03,WOS@WWW
UW-Oshkosh Titans,Jonah Rindfleisch,defense,30,35,22,2026-01-03,WOS@WWW
UW-Oshkosh Titans,Jonah Rindfleisch,defense,30,40,14,2026-01-03,WOS@WWW
UW-Oshkosh Titans,Jonah Rindfleisch,defense,25,40,17,2026-01-03,WOS@WWW
UW-Oshkosh Titans,Jonah Rindfleisch,defense,30,45,7,2026-01-03,WOS@WWW
UW-Oshkosh Titans,Logan Rindfleisch,defense,20,5,3,2026-01-03,WOS@WWW
UW-Oshkosh Titans,Logan Rindfleisch,defense,25,5,30,2026-01-03,WOS@WWW
UW-Oshkosh Titans,Logan Rindfleisch,defense,20,15,27,2026-01-03,WOS@WWW
UW-Oshkosh Titans,Logan Rindfleisch,defense,15,10,30,2026-01-03,WOS@WWW
UW-Oshkosh Titans,Logan Rindfleisch,defense,20,10,33,2026-01-03,WOS@WWW
UW-Oshkosh Titans,Logan Rindfleisch,defense,15,15,128,2026-01-03,WOS@WWW
UW-Oshkosh Titans,Aiden Hawkinson,defense,30,15,122,2026-01-03,WOS@WWW
UW-Oshkosh Titans,Aiden Hawkinson,defense,30,20,23,2026-01-03,WOS@WWW
UW-Oshkosh Titans,Aiden Hawkinson,defense,35,20,14,2026-01-03,WOS@WWW
UW-Oshkosh Titans,TEAM,defense,35,20,206,2026-01-03,WOS@WWW
UW-Oshkosh Titans,Aiden Hawkinson,defense,35,15,27,2026-01-03,WOS@WWW
UW-Oshkosh Titans,Aiden Hawkinson,defense,35,10,29,2026-01-03,WOS@WWW
UW-Oshkosh Titans,Aiden Hawkinson,defense,40,10,7,2026-01-03,WOS@WWW
UW-Oshkosh Titans,Aiden Hawkinson,defense,30,5,98,2026-01-03,WOS@WWW
UW-Oshkosh Titans,Aiden Hawkinson,defense,20,5,71,2026-01-03,WOS@WWW
UW-Whitewater,Brock Marino,offense,25,30,28,2026-01-03,WOS@WWW
UW-Whitewater,TEAM,offense,25,30,377,2026-01-03,WOS@WWW
UW-Whitewater,Brock Marino,offense,25,35,32,2026-01-03,WOS@WWW
UW-Whitewater,Brock Marino,offense,30,45,4,2026-01-03,WOS@WWW
UW-Whitewater,TEAM,offense,30,45,61,2026-01-03,WOS@WWW
UW-Whitewater,Luke Bara,offense,5,10,22,2026-01-03,WOS@WWW
UW-Whitewater,Luke Bara,offense,5,25,15,2026-01-03,WOS@WWW
UW-Whitewater,Luke Bara,offense,0,30,7,2026-01-03,WOS@WWW
UW-Whitewater,Luke Bara,offense,5,35,8,2026-01-03,WOS@WWW
UW-Whitewater,Luke Bara,offense,40,40,17,2026-01-03,WOS@WWW
UW-Whitewater,JR Lukenbill,offense,25,30,34,2026-01-03,WOS@WWW
UW-Whitewater,JR Lukenbill,offense,20,35,15,2026-01-03,WOS@WWW
UW-Whitewater,JR Lukenbill,offense,15,45,15,2026-01-03,WOS@WWW
UW-Whitewater,TEAM,offense,15,45,55,2026-01-03,WOS@WWW
UW-Oshkosh Titans,Matt Imig,defense,20,30,9,2026-01-03,WOS@WWW
UW-Oshkosh Titans,Matt Imig,defense,20,35,10,2026-01-03,WOS@WWW
UW-Oshkosh Titans,Matt Imig,defense,20,40,5,2026-01-03,WOS@WWW
UW-Oshkosh Titans,Matt Imig,defense,15,45,1,2026-01-03,WOS@WWW
UW-Oshkosh Titans,Logan Rindfleisch,defense,30,5,17,2026-01-03,WOS@WWW
UW-Oshkosh Titans,Logan Rindfleisch,defense,25,0,4,2026-01-03,WOS@WWW
UW-Oshkosh Titans,Logan Rindfleisch,defense,25,10,37,2026-01-03,WOS@WWW
UW-Oshkosh Titans,Logan Rindfleisch,defense,25,15,22,2026-01-03,WOS@WWW
UW-Oshkosh Titans,Logan Rindfleisch,defense,30,15,14,2026-01-03,WOS@WWW
UW-Oshkosh Titans,Logan Rindfleisch,defense,25,20,21,2026-01-03,WOS@WWW
UW-Oshkosh Titans,Logan Rindfleisch,defense,25,25,11,2026-01-03,WOS@WWW
UW-Oshkosh Titans,Logan Rindfleisch,defense,20,35,11,2026-01-03,WOS@WWW
UW-Whitewater,Brock Marino,offense,25,0,16,2026-01-03,WOS@WWW
UW-Whitewater,Collin Madson,offense,40,0,23,2026-01-03,WOS@WWW
UW-Whitewater,TEAM,offense,40,0,103,2026-01-03,WOS@WWW
UW-Whitewater,Collin Madson,offense,40,5,45,2026-01-03,WOS@WWW
UW-Whitewater,Collin Madson,offense,35,5,48,2026-01-03,WOS@WWW
UW-Whitewater,Collin Madson,offense,35,10,49,2026-01-03,WOS@WWW
UW-Whitewater,Collin Madson,offense,30,25,44,2026-01-03,WOS@WWW
UW-Whitewater,Collin Madson,offense,35,35,21,2026-01-03,WOS@WWW
UW-Whitewater,TEAM,offense,35,35,130,2026-01-03,WOS@WWW
UW-Whitewater,Collin Madson,offense,35,40,19,2026-01-03,WOS@WWW
UW-Whitewater,TEAM,offense,35,40,90,2026-01-03,WOS@WWW
UW-Whitewater,Collin Madson,offense,35,45,5,2026-01-03,WOS@WWW
UW-Whitewater,TEAM,offense,35,45,27,2026-01-03,WOS@WWW
UW-Oshkosh Titans,Jonah Rindfleisch,defense,10,35,8,2026-01-03,WOS@WWW
UW-Oshkosh Titans,Jonah Rindfleisch,defense,20,40,7,2026-01-03,WOS@WWW
UW-Oshkosh Titans,Jonah Rindfleisch,defense,15,40,7,2026-01-03,WOS@WWW
UW-Oshkosh Titans,Jonah Rindfleisch,defense,10,40,5,2026-01-03,WOS@WWW
UW-Oshkosh Titans,Jonah Rindfleisch,defense,5,40,1,2026-01-03,WOS@WWW
UW-Oshkosh Titans,TEAM,defense,5,40,33,2026-01-03,WOS@WWW
UW-Oshkosh Titans,Jonah Rindfleisch,defense,5,45,2,2026-01-03,WOS@WWW
UW-Oshkosh Titans,Jonah Rindfleisch,defense,5,35,1,2026-01-03,WOS@WWW
UW-Oshkosh Titans,TEAM,defense,5,35,66,2026-01-03,WOS@WWW
UW-Oshkosh Titans,Jonah Rindfleisch,defense,0,30,1,2026-01-03,WOS@WWW
UW-Oshkosh Titans,Jonah Rindfleisch,defense,0,20,1,2026-01-03,WOS@WWW
UW-Whitewater,Brock Marino,offense,30,35,9,2026-01-03,WOS@WWW
UW-Whitewater,Brock Marino,offense,35,40,12,2026-01-03,WOS@WWW
UW-Whitewater,Brock Marino,offense,35,45,3,2026-01-03,WOS@WWW
UW-Whitewater,JR Lukenbill,offense,25,40,12,2026-01-03,WOS@WWW
UW-Whitewater,JR Lukenbill,offense,30,35,17,2026-01-03,WOS@WWW
UW-Whitewater,JR Lukenbill,offense,35,30,23,2026-01-03,WOS@WWW
UW-Whitewater,Richie Warren,offense,5,40,11,2026-01-03,WOS@WWW
UW-Whitewater,Richie Warren,offense,10,40,7,2026-01-03,WOS@WWW
UW-Whitewater,Richie Warren,offense,10,35,8,2026-01-03,WOS@WWW
UW-Whitewater,Richie Warren,offense,15,30,52,2026-01-03,WOS@WWW
UW-Whitewater,Richie Warren,offense,20,30,98,2026-01-03,WOS@WWW
UW-Oshkosh Titans,Matt Imig,defense,5,45,1,2026-01-03,WOS@WWW
UW-Oshkosh Titans,Matt Imig,defense,5,40,3,2026-01-03,WOS@WWW
UW-Oshkosh Titans,Matt Imig,defense,5,35,3,2026-01-03,WOS@WWW
UW-Whitewater,Collin Madson,offense,15,40,46,2026-01-03,WOS@WWW
UW-Whitewater,Collin Madson,offense,15,35,23,2026-01-03,WOS@WWW
UW-Whitewater,Collin Madson,offense,20,30,101,2026-01-03,WOS@WWW
UW-Whitewater,Brock Marino,defense,30,40,30,2026-01-03,WOS@WWW
UW-Whitewater,Brock Marino,defense,25,35,71,2026-01-03,WOS@WWW
UW-Whitewater,Brock Marino,defense,20,30,50,2026-01-03,WOS@WWW
UW-Whitewater,Brock Marino,defense,15,5,60,2026-01-03,WOS@WWW
UW-Whitewater,Brock Marino,defense,15,0,19,2026-01-03,WOS@WWW
UW-Oshkosh Titans,Aiden Hawkinson,offense,25,40,8,2026-01-03,WOS@WWW
UW-Whitewater,Luke Bara,defense,20,30,60,2026-01-03,WOS@WWW
UW-Whitewater,Luke Bara,defense,20,20,71,2026-01-03,WOS@WWW
UW-Whitewater,Luke Bara,defense,15,20,41,2026-01-03,WOS@WWW
UW-Whitewater,Luke Bara,defense,10,5,54,2026-01-03,WOS@WWW
UW-Whitewater,Luke Bara,defense,15,15,72,2026-01-03,WOS@WWW
UW-Whitewater,Collin Madson,defense,10,15,34,2026-01-03,WOS@WWW
UW-Whitewater,Collin Madson,defense,5,5,54,2026-01-03,WOS@WWW
UW-Whitewater,Collin Madson,defense,25,5,72,2026-01-03,WOS@WWW
UW-Whitewater,Collin Madson,defense,15,5,62,2026-01-03,WOS@WWW
UW-Whitewater,Collin Madson,defense,5,10,48,2026-01-03,WOS@WWW
UW-Oshkosh Titans,Jonah Rindfleisch,offense,35,30,21,2026-01-03,WOS@WWW
UW-Oshkosh Titans,Jonah Rindfleisch,offense,40,25,12,2026-01-03,WOS@WWW
UW-Oshkosh Titans,Jonah Rindfleisch,offense,35,25,11,2026-01-03,WOS@WWW
UW-Oshkosh Titans,Jonah Rindfleisch,offense,25,20,17,2026-01-03,WOS@WWW
UW-Oshkosh Titans,Jonah Rindfleisch,offense,25,10,54,2026-01-03,WOS@WWW
UW-Oshkosh Titans,Oskar Kangas,offense,10,10,11,2026-01-03,WOS@WWW
UW-Oshkosh Titans,Oskar Kangas,offense,0,10,12,2026-01-03,WOS@WWW
UW-Whitewater,Richie Warren,defense,45,20,26,2026-01-03,WOS@WWW
UW-Whitewater,Richie Warren,defense,25,15,101,2026-01-03,WOS@WWW
UW-Whitewater,Richie Warren,defense,25,25,36,2026-01-03,WOS@WWW
UW-Whitewater,Richie Warren,defense,30,25,27,2026-01-03,WOS@WWW
UW-Whitewater,Richie Warren,defense,10,15,38,2026-01-03,WOS@WWW
UW-Whitewater,Richie Warren,defense,25,35,16,2026-01-03,WOS@WWW
UW-Whitewater,Richie Warren,defense,25,40,7,2026-01-03,WOS@WWW
UW-Whitewater,TEAM,defense,25,40,106,2026-01-03,WOS@WWW
UW-Whitewater,Richie Warren,defense,20,45,3,2026-01-03,WOS@WWW
UW-Oshkosh Titans,Logan Rindfleisch,offense,15,45,1,2026-01-03,WOS@WWW
UW-Oshkosh Titans,Logan Rindfleisch,offense,15,40,5,2026-01-03,WOS@WWW
UW-Oshkosh Titans,Logan Rindfleisch,offense,25,35,12,2026-01-03,WOS@WWW
UW-Oshkosh Titans,Logan Rindfleisch,offense,5,20,8,2026-01-03,WOS@WWW
UW-Oshkosh Titans,Logan Rindfleisch,offense,15,20,11,2026-01-03,WOS@WWW
UW-Oshkosh Titans,Logan Rindfleisch,offense,30,5,2,2026-01-03,WOS@WWW
UW-Oshkosh Titans,Logan Rindfleisch,offense,35,5,2,2026-01-03,WOS@WWW
UW-Oshkosh Titans,Logan Rindfleisch,offense,35,0,3,2026-01-03,WOS@WWW
UW-Oshkosh Titans,Logan Rindfleisch,offense,40,0,3,2026-01-03,WOS@WWW
UW-Whitewater,JR Lukenbill,defense,35,35,14,2026-01-03,WOS@WWW
UW-Oshkosh Titans,Matt Imig,offense,0,5,20,2026-01-03,WOS@WWW
UW-Oshkosh Titans,Matt Imig,offense,5,25,13,2026-01-03,WOS@WWW
UW-Oshkosh Titans,Matt Imig,offense,10,30,12,2026-01-03,WOS@WWW
UW-Oshkosh Titans,Jonah Rindfleisch,offense,40,30,33,2026-01-03,WOS@WWW
UW-Oshkosh Titans,Jonah Rindfleisch,offense,25,30,21,2026-01-03,WOS@WWW
UW-Whitewater,Brock Marino,defense,0,0,7,2026-01-03,WOS@WWW
UW-Whitewater,Brock Marino,defense,10,10,22,2026-01-03,WOS@WWW
UW-Whitewater,Brock Marino,defense,20,40,23,2026-01-03,WOS@WWW
UW-Whitewater,Brock Marino,defense,15,40,25,2026-01-03,WOS@WWW
UW-Whitewater,Brock Marino,defense,20,45,22,2026-01-03,WOS@WWW
UW-Oshkosh Titans,Oskar Kangas,offense,0,15,10,2026-01-03,WOS@WWW
UW-Oshkosh Titans,Oskar Kangas,offense,0,20,14,2026-01-03,WOS@WWW
UW-Oshkosh Titans,Oskar Kangas,offense,5,25,29,2026-01-03,WOS@WWW
UW-Oshkosh Titans,Oskar Kangas,offense,10,25,12,2026-01-03,WOS@WWW
UW-Oshkosh Titans,Oskar Kangas,offense,15,25,27,2026-01-03,WOS@WWW
UW-Oshkosh Titans,Oskar Kangas,offense,15,30,49,2026-01-03,WOS@WWW
UW-Oshkosh Titans,Oskar Kangas,offense,20,30,69,2026-01-03,WOS@WWW
UW-Oshkosh Titans,Oskar Kangas,offense,25,30,53,2026-01-03,WOS@WWW
UW-Oshkosh Titans,Oskar Kangas,offense,30,30,41,2026-01-03,WOS@WWW
UW-Oshkosh Titans,Oskar Kangas,offense,35,25,42,2026-01-03,WOS@WWW
UW-Oshkosh Titans,Oskar Kangas,offense,30,25,10,2026-01-03,WOS@WWW
UW-Oshkosh Titans,Oskar Kangas,offense,40,30,30,2026-01-03,WOS@WWW
UW-Oshkosh Titans,Oskar Kangas,offense,35,35,4,2026-01-03,WOS@WWW
UW-Oshkosh Titans,Oskar Kangas,offense,40,40,13,2026-01-03,WOS@WWW
UW-Oshkosh Titans,TEAM,offense,40,40,140,2026-01-03,WOS@WWW
UW-Oshkosh Titans,Aiden Hawkinson,offense,5,0,10,2026-01-03,WOS@WWW
UW-Oshkosh Titans,Aiden Hawkinson,offense,0,0,8,2026-01-03,WOS@WWW
UW-Oshkosh Titans,Aiden Hawkinson,offense,5,5,12,2026-01-03,WOS@WWW
UW-Oshkosh Titans,Aiden Hawkinson,offense,20,5,12,2026-01-03,WOS@WWW
UW-Oshkosh Titans,Aiden Hawkinson,offense,25,5,15,2026-01-03,WOS@WWW
UW-Oshkosh Titans,Aiden Hawkinson,offense,20,10,12,2026-01-03,WOS@WWW
UW-Oshkosh Titans,Matt Imig,offense,15,10,86,2026-01-03,WOS@WWW
UW-Oshkosh Titans,Matt Imig,offense,15,5,8,2026-01-03,WOS@WWW
UW-Oshkosh Titans,Matt Imig,offense,20,0,11,2026-01-03,WOS@WWW
UW-Oshkosh Titans,Matt Imig,offense,10,10,4,2026-01-03,WOS@WWW
UW-Oshkosh Titans,Matt Imig,offense,5,10,8,2026-01-03,WOS@WWW
UW-Oshkosh Titans,Matt Imig,offense,5,15,5,2026-01-03,WOS@WWW
UW-Oshkosh Titans,TEAM,offense,5,15,124,2026-01-03,WOS@WWW
UW-Oshkosh Titans,Matt Imig,offense,15,20,11,2026-01-03,WOS@WWW
UW-Oshkosh Titans,Matt Imig,offense,25,10,10,2026-01-03,WOS@WWW
UW-Oshkosh Titans,Matt Imig,offense,20,5,9,2026-01-03,WOS@WWW
UW-Oshkosh Titans,Matt Imig,offense,20,10,33,2026-01-03,WOS@WWW
UW-Oshkosh Titans,Jonah Rindfleisch,offense,30,10,88,2026-01-03,WOS@WWW
UW-Oshkosh Titans,Jonah Rindfleisch,offense,20,10,9,2026-01-03,WOS@WWW
UW-Oshkosh Titans,Jonah Rindfleisch,offense,15,5,20,2026-01-03,WOS@WWW
UW-Oshkosh Titans,Jonah Rindfleisch,offense,10,15,6,2026-01-03,WOS@WWW
UW-Oshkosh Titans,Jonah Rindfleisch,offense,20,35,10,2026-01-03,WOS@WWW
UW-Oshkosh Titans,Jonah Rindfleisch,offense,25,40,13,2026-01-03,WOS@WWW
UW-Oshkosh Titans,Jonah Rindfleisch,offense,30,40,3,2026-01-03,WOS@WWW
UW-Oshkosh Titans,Jonah Rindfleisch,offense,30,45,3,2026-01-03,WOS@WWW
UW-Oshkosh Titans,Logan Rindfleisch,offense,15,25,3,2026-01-03,WOS@WWW
UW-Oshkosh Titans,Logan Rindfleisch,offense,30,30,21,2026-01-03,WOS@WWW
UW-Oshkosh Titans,Logan Rindfleisch,offense,25,40,3,2026-01-03,WOS@WWW
UW-Oshkosh Titans,Logan Rindfleisch,offense,30,40,3,2026-01-03,WOS@WWW
UW-Oshkosh Titans,Logan Rindfleisch,offense,35,45,2,2026-01-03,WOS@WWW
UW-Whitewater,Collin Madson,defense,30,35,11,2026-01-03,WOS@WWW
UW-Whitewater,Collin Madson,defense,35,40,22,2026-01-03,WOS@WWW
UW-Whitewater,TEAM,defense,35,40,91,2026-01-03,WOS@WWW
UW-Whitewater,Collin Madson,defense,35,45,10,2026-01-03,WOS@WWW
UW-Whitewater,TEAM,defense,35,45,56,2026-01-03,WOS@WWW
UW-Oshkosh Titans,Aiden Hawkinson,offense,25,10,30,2026-01-03,WOS@WWW
UW-Oshkosh Titans,Aiden Hawkinson,offense,40,30,6,2026-01-03,WOS@WWW
UW-Oshkosh Titans,Aiden Hawkinson,offense,40,35,15,2026-01-03,WOS@WWW
UW-Oshkosh Titans,Aiden Hawkinson,offense,40,40,10,2026-01-03,WOS@WWW
UW-Oshkosh Titans,Aiden Hawkinson,offense,40,45,2,2026-01-03,WOS@WWW
UW-Oshkosh Titans,Oskar Kangas,offense,45,45,2,2026-01-03,WOS@WWW
UW-Oshkosh Titans,TEAM,offense,45,45,7,2026-01-03,WOS@WWW
UW-Oshkosh Titans,Oskar Kangas,offense,35,30,16,2026-01-03,WOS@WWW
UW-Oshkosh Titans,Matt Imig,offense,35,40,18,2026-01-03,WOS@WWW
UW-Oshkosh Titans,Matt Imig,offense,35,35,25,2026-01-03,WOS@WWW
UW-Oshkosh Titans,Matt Imig,offense,40,35,13,2026-01-03,WOS@WWW
UW-Oshkosh Titans,Matt Imig,offense,45,15,14,2026-01-03,WOS@WWW
UW-Whitewater,Luke Bara,defense,35,45,2,2026-01-03,WOS@WWW
UW-Oshkosh Titans,Jonah Rindfleisch,offense,45,30,3,2026-01-03,WOS@WWW
UW-Oshkosh Titans,Jonah Rindfleisch,offense,45,35,1,2026-01-03,WOS@WWW
UW-Oshkosh Titans,Jonah Rindfleisch,offense,40,35,9,2026-01-03,WOS@WWW
UW-Whitewater,Richie Warren,defense,40,5,32,2026-01-03,WOS@WWW
UW-Oshkosh Titans,Oskar Kangas,offense,40,35,9,2026-01-03,WOS@WWW
UW-Oshkosh Titans,Aiden Hawkinson,offense,45,40,3,2026-01-03,WOS@WWW
UW-Oshkosh Titans,Logan Rindfleisch,offense,40,40,2,2026-01-03,WOS@WWW
UW-Oshkosh Titans,Logan Rindfleisch,offense,45,35,1,2026-01-03,WOS@WWW
UW-Whitewater,Brock Marino,offense,30,20,43,2026-01-03,WOS@WWW
UW-Whitewater,Brock Marino,offense,30,0,20,2026-01-03,WOS@WWW
UW-Whitewater,Brock Marino,offense,40,0,32,2026-01-03,WOS@WWW
UW-Whitewater,Brock Marino,offense,40,5,15,2026-01-03,WOS@WWW
UW-Whitewater,Richie Warren,offense,5,45,7,2026-01-03,WOS@WWW
UW-Whitewater,TEAM,offense,5,45,41,2026-01-03,WOS@WWW
UW-Whitewater,Richie Warren,offense,5,35,13,2026-01-03,WOS@WWW
UW-Whitewater,Richie Warren,offense,5,30,13,2026-01-03,WOS@WWW
UW-Whitewater,Richie Warren,offense,10,20,48,2026-01-03,WOS@WWW
UW-Whitewater,Richie Warren,offense,15,25,49,2026-01-03,WOS@WWW
UW-Whitewater,Richie Warren,offense,25,30,67,2026-01-03,WOS@WWW
UW-Oshkosh Titans,Brandon Beck,defense,0,40,2,2026-01-03,WOS@WWW
UW-Oshkosh Titans,Brandon Beck,defense,5,35,15,2026-01-03,WOS@WWW
UW-Oshkosh Titans,Carter Thomas,defense,30,40,19,2026-01-03,WOS@WWW
UW-Oshkosh Titans,Carter Thomas,defense,35,40,4,2026-01-03,WOS@WWW
UW-Oshkosh Titans,TEAM,defense,35,40,144,2026-01-03,WOS@WWW
UW-Oshkosh Titans,Carter Thomas,defense,25,15,51,2026-01-03,WOS@WWW
UW-Oshkosh Titans,Joey LaChapell,defense,10,35,8,2026-01-03,WOS@WWW
UW-Oshkosh Titans,Joey LaChapell,defense,15,35,9,2026-01-03,WOS@WWW
UW-Oshkosh Titans,Joey LaChapell,defense,20,35,3,2026-01-03,WOS@WWW
UW-Oshkosh Titans,Joey LaChapell,defense,5,35,7,2026-01-03,WOS@WWW
UW-Oshkosh Titans,Michael Metcalf-Grassman,defense,0,40,21,2026-01-03,WOS@WWW
UW-Oshkosh Titans,Michael Metcalf-Grassman,defense,5,35,11,2026-01-03,WOS@WWW
UW-Oshkosh Titans,Michael Metcalf-Grassman,defense,5,30,6,2026-01-03,WOS@WWW
UW-Oshkosh Titans,TEAM,defense,5,30,91,2026-01-03,WOS@WWW
UW-Whitewater,Luke Bara,offense,5,30,8,2026-01-03,WOS@WWW
UW-Oshkosh Titans,Nate Nazos,defense,0,40,6,2026-01-03,WOS@WWW
UW-Oshkosh Titans,Nate Nazos,defense,20,5,55,2026-01-03,WOS@WWW
UW-Oshkosh Titans,Joey LaChapell,defense,10,25,8,2026-01-03,WOS@WWW
UW-Oshkosh Titans,Joey LaChapell,defense,10,20,14,2026-01-03,WOS@WWW
UW-Oshkosh Titans,Joey LaChapell,defense,15,15,51,2026-01-03,WOS@WWW
UW-Oshkosh Titans,Joey LaChapell,defense,20,15,65,2026-01-03,WOS@WWW
UW-Oshkosh Titans,Joey LaChapell,defense,20,20,30,2026-01-03,WOS@WWW
UW-Oshkosh Titans,Michael Metcalf-Grassman,defense,35,30,10,2026-01-03,WOS@WWW
UW-Oshkosh Titans,Carter Thomas,defense,30,35,10,2026-01-03,WOS@WWW
UW-Oshkosh Titans,Brandon Beck,defense,30,10,65,2026-01-03,WOS@WWW
UW-Oshkosh Titans,Brandon Beck,defense,30,5,59,2026-01-03,WOS@WWW
UW-Oshkosh Titans,Brandon Beck,defense,30,0,14,2026-01-03,WOS@WWW
UW-Oshkosh Titans,TEAM,defense,30,0,203,2026-01-03,WOS@WWW
UW-Oshkosh Titans,Brandon Beck,defense,35,10,26,2026-01-03,WOS@WWW
UW-Oshkosh Titans,Brandon Beck,defense,10,0,3,2026-01-03,WOS@WWW
UW-Whitewater,Luke Bara,offense,45,5,13,2026-01-03,WOS@WWW
UW-Whitewater,Luke Bara,offense,35,0,9,2026-01-03,WOS@WWW
UW-Whitewater,TEAM,offense,35,0,50,2026-01-03,WOS@WWW
UW-Whitewater,Luke Bara,offense,30,0,14,2026-01-03,WOS@WWW
UW-Whitewater,Luke Bara,offense,40,20,29,2026-01-03,WOS@WWW
UW-Whitewater,TEAM,offense,40,20,237,2026-01-03,WOS@WWW
UW-Whitewater,Collin Madson,offense,0,15,23,2026-01-03,WOS@WWW
UW-Whitewater,Collin Madson,offense,20,20,86,2026-01-03,WOS@WWW
UW-Whitewater,JR Lukenbill,offense,25,0,12,2026-01-03,WOS@WWW
UW-Whitewater,JR Lukenbill,offense,30,0,5,2026-01-03,WOS@WWW
UW-Whitewater,JR Lukenbill,offense,35,0,9,2026-01-03,WOS@WWW
UW-Oshkosh Titans,Michael Metcalf-Grassman,defense,40,10,6,2026-01-03,WOS@WWW
UW-Oshkosh Titans,Michael Metcalf-Grassman,defense,35,5,2,2026-01-03,WOS@WWW
UW-Oshkosh Titans,Michael Metcalf-Grassman,defense,35,25,18,2026-01-03,WOS@WWW
UW-Oshkosh Titans,TEAM,defense,35,25,136,2026-01-03,WOS@WWW
UW-Oshkosh Titans,Michael Metcalf-Grassman,defense,30,25,11,2026-01-03,WOS@WWW
UW-Oshkosh Titans,Michael Metcalf-Grassman,defense,40,20,3,2026-01-03,WOS@WWW
UW-Oshkosh Titans,TEAM,defense,40,20,51,2026-01-03,WOS@WWW
UW-Oshkosh Titans,Michael Metcalf-Grassman,defense,35,20,28,2026-01-03,WOS@WWW
UW-Oshkosh Titans,Nate Nazos,defense,0,45,2,2026-01-03,WOS@WWW
UW-Oshkosh Titans,TEAM,defense,0,45,7,2026-01-03,WOS@WWW
UW-Whitewater,Brock Marino,offense,40,25,21,2026-01-03,WOS@WWW
UW-Whitewater,TEAM,offense,40,25,204,2026-01-03,WOS@WWW
UW-Whitewater,Brock Marino,offense,45,25,5,2026-01-03,WOS@WWW
UW-Whitewater,TEAM,offense,45,25,60,2026-01-03,WOS@WWW
UW-Whitewater,Brock Marino,offense,45,30,2,2026-01-03,WOS@WWW
UW-Whitewater,Brock Marino,offense,40,30,13,2026-01-03,WOS@WWW
UW-Whitewater,TEAM,offense,40,30,125,2026-01-03,WOS@WWW
UW-Whitewater,Brock Marino,offense,45,45,3,2026-01-03,WOS@WWW
UW-Whitewater,TEAM,offense,45,45,36,2026-01-03,WOS@WWW
UW-Whitewater,Luke Bara,offense,45,10,86,2026-01-03,WOS@WWW
UW-Whitewater,Luke Bara,offense,45,15,64,2026-01-03,WOS@WWW
UW-Whitewater,Luke Bara,offense,35,25,43,2026-01-03,WOS@WWW
UW-Whitewater,Luke Bara,offense,40,25,21,2026-01-03,WOS@WWW
UW-Oshkosh Titans,Nate Nazos,defense,45,10,10,2026-01-03,WOS@WWW
UW-Oshkosh Titans,TEAM,defense,45,10,50,2026-01-03,WOS@WWW
UW-Oshkosh Titans,Nate Nazos,defense,35,10,22,2026-01-03,WOS@WWW
UW-Oshkosh Titans,Nate Nazos,defense,35,5,17,2026-01-03,WOS@WWW
UW-Oshkosh Titans,Nate Nazos,defense,25,5,64,2026-01-03,WOS@WWW
UW-Oshkosh Titans,Nate Nazos,defense,30,5,66,2026-01-03,WOS@WWW
UW-Whitewater,JR Lukenbill,offense,35,20,43,2026-01-03,WOS@WWW
UW-Whitewater,JR Lukenbill,offense,35,35,16,2026-01-03,WOS@WWW
UW-Whitewater,JR Lukenbill,offense,35,40,16,2026-01-03,WOS@WWW
UW-Oshkosh Titans,Carter Thomas,offense,30,40,7,2026-01-03,WOS@WWW
UW-Oshkosh Titans,Carter Thomas,offense,35,40,6,2026-01-03,WOS@WWW
UW-Oshkosh Titans,Joey LaChapell,offense,0,40,10,2026-01-03,WOS@WWW
UW-Oshkosh Titans,TEAM,offense,0,40,29,2026-01-03,WOS@WWW
UW-Oshkosh Titans,Joey LaChapell,offense,0,20,8,2026-01-03,WOS@WWW
UW-Oshkosh Titans,Joey LaChapell,offense,5,25,8,2026-01-03,WOS@WWW
UW-Whitewater,Brock Marino,defense,15,45,3,2026-01-03,WOS@WWW
UW-Oshkosh Titans,Nate Nazos,offense,5,35,17,2026-01-03,WOS@WWW
UW-Oshkosh Titans,TEAM,offense,5,35,98,2026-01-03,WOS@WWW
UW-Oshkosh Titans,Michael Metcalf-Grassman,offense,15,40,14,2026-01-03,WOS@WWW
UW-Oshkosh Titans,Michael Metcalf-Grassman,offense,20,20,110,2026-01-03,WOS@WWW
UW-Oshkosh Titans,TEAM,offense,20,20,794,2026-01-03,WOS@WWW
UW-Oshkosh Titans,Michael Metcalf-Grassman,offense,25,10,28,2026-01-03,WOS@WWW
UW-Oshkosh Titans,Michael Metcalf-Grassman,offense,35,45,4,2026-01-03,WOS@WWW
UW-Oshkosh Titans,Michael Metcalf-Grassman,offense,35,30,28,2026-01-03,WOS@WWW
UW-Oshkosh Titans,Michael Metcalf-Grassman,offense,25,20,92,2026-01-03,WOS@WWW
UW-Whitewater,Luke Bara,defense,45,30,8,2026-01-03,WOS@WWW
UW-Whitewater,TEAM,defense,45,30,19,2026-01-03,WOS@WWW
UW-Whitewater,Luke Bara,defense,10,10,51,2026-01-03,WOS@WWW
UW-Whitewater,Luke Bara,defense,25,30,12,2026-01-03,WOS@WWW
UW-Whitewater,Luke Bara,defense,20,35,54,2026-01-03,WOS@WWW
UW-Whitewater,Luke Bara,defense,15,40,13,2026-01-03,WOS@WWW
UW-Whitewater,Luke Bara,defense,15,45,3,2026-01-03,WOS@WWW
UW-Whitewater,Brock Marino,defense,35,20,29,2026-01-03,WOS@WWW
UW-Oshkosh Titans,Carter Thomas,offense,10,20,14,2026-01-03,WOS@WWW
UW-Oshkosh Titans,Carter Thomas,offense,10,30,7,2026-01-03,WOS@WWW
UW-Oshkosh Titans,Carter Thomas,offense,5,25,6,2026-01-03,WOS@WWW
UW-Whitewater,JR Lukenbill,defense,20,0,17,2026-01-03,WOS@WWW
UW-Whitewater,JR Lukenbill,defense,40,0,1,2026-01-03,WOS@WWW
UW-Whitewater,Collin Madson,defense,45,0,4,2026-01-03,WOS@WWW
UW-Whitewater,Collin Madson,defense,45,5,14,2026-01-03,WOS@WWW
UW-Whitewater,Richie Warren,defense,10,25,23,2026-01-03,WOS@WWW
UW-Whitewater,Richie Warren,defense,10,20,35,2026-01-03,WOS@WWW
UW-Oshkosh Titans,Brandon Beck,offense,30,15,33,2026-01-03,WOS@WWW
UW-Oshkosh Titans,Brandon Beck,offense,35,15,12,2026-01-03,WOS@WWW
UW-Oshkosh Titans,Brandon Beck,offense,30,10,18,2026-01-03,WOS@WWW
UW-Oshkosh Titans,Brandon Beck,offense,30,5,19,2026-01-03,WOS@WWW
UW-Oshkosh Titans,Brandon Beck,offense,30,0,25,2026-01-03,WOS@WWW
UW-Whitewater,Collin Madson,defense,40,5,18,2026-01-03,WOS@WWW
UW-Whitewater,Collin Madson,defense,45,10,34,2026-01-03,WOS@WWW
UW-Whitewater,TEAM,defense,45,10,131,2026-01-03,WOS@WWW
UW-Whitewater,Collin Madson,defense,30,10,108,2026-01-03,WOS@WWW
UW-Whitewater,Collin Madson,defense,35,15,39,2026-01-03,WOS@WWW
UW-Whitewater,Collin Madson,defense,35,20,31,2026-01-03,WOS@WWW
UW-Whitewater,Collin Madson,defense,40,15,17,2026-01-03,WOS@WWW
UW-Whitewater,Collin Madson,defense,35,10,91,2026-01-03,WOS@WWW
UW-Whitewater,Collin Madson,defense,35,0,5,2026-01-03,WOS@WWW
UW-Oshkosh Titans,Carter Thomas,offense,0,15,11,2026-01-03,WOS@WWW
UW-Oshkosh Titans,Carter Thomas,offense,0,5,18,2026-01-03,WOS@WWW
UW-Oshkosh Titans,Carter Thomas,offense,0,10,12,2026-01-03,WOS@WWW
UW-Oshkosh Titans,Carter Thomas,offense,5,10,10,2026-01-03,WOS@WWW
UW-Oshkosh Titans,Carter Thomas,offense,10,10,42,2026-01-03,WOS@WWW
UW-Oshkosh Titans,Carter Thomas,offense,15,15,25,2026-01-03,WOS@WWW
UW-Oshkosh Titans,TEAM,offense,15,15,276,2026-01-03,WOS@WWW
UW-Oshkosh Titans,Carter Thomas,offense,20,15,54,2026-01-03,WOS@WWW
UW-Oshkosh Titans,Carter Thomas,offense,20,20,148,2026-01-03,WOS@WWW
UW-Oshkosh Titans,Joey LaChapell,offense,30,40,10,2026-01-03,WOS@WWW
UW-Oshkosh Titans,Joey LaChapell,offense,30,45,4,2026-01-03,WOS@WWW
UW-Oshkosh Titans,Michael Metcalf-Grassman,offense,25,30,47,2026-01-03,WOS@WWW
UW-Oshkosh Titans,Michael Metcalf-Grassman,offense,25,35,37,2026-01-03,WOS@WWW
UW-Oshkosh Titans,Michael Metcalf-Grassman,offense,25,40,33,2026-01-03,WOS@WWW
UW-Oshkosh Titans,Nate Nazos,offense,30,5,10,2026-01-03,WOS@WWW
UW-Oshkosh Titans,Nate Nazos,offense,25,5,22,2026-01-03,WOS@WWW
UW-Oshkosh Titans,Nate Nazos,offense,25,10,35,2026-01-03,WOS@WWW
UW-Oshkosh Titans,Joey LaChapell,offense,25,35,15,2026-01-03,WOS@WWW
UW-Oshkosh Titans,Joey LaChapell,offense,20,45,2,2026-01-03,WOS@WWW
UW-Whitewater,JR Lukenbill,defense,15,40,10,2026-01-03,WOS@WWW
UW-Whitewater,JR Lukenbill,offense,30,45,3,2026-01-03,WOS@WWW
UW-Whitewater,JR Lukenbill,offense,25,45,5,2026-01-03,WOS@WWW
UW-Oshkosh Titans,Brandon Beck,defense,25,35,7,2026-01-03,WOS@WWW
UW-Oshkosh Titans,Brandon Beck,defense,25,30,20,2026-01-03,WOS@WWW
UW-Oshkosh Titans,Brandon Beck,defense,25,25,31,2026-01-03,WOS@WWW
UW-Oshkosh Titans,Brandon Beck,defense,20,20,66,2026-01-03,WOS@WWW
UW-Oshkosh Titans,Brandon Beck,defense,20,15,55,2026-01-03,WOS@WWW
UW-Oshkosh Titans,Brandon Beck,defense,25,20,46,2026-01-03,WOS@WWW
UW-Oshkosh Titans,Brandon Beck,defense,35,20,9,2026-01-03,WOS@WWW
UW-Oshkosh Titans,Brandon Beck,defense,40,20,1,2026-01-03,WOS@WWW
UW-Whitewater,Brock Marino,offense,5,40,15,2026-01-03,WOS@WWW
UW-Whitewater,Brock Marino,offense,5,35,17,2026-01-03,WOS@WWW
UW-Whitewater,Brock Marino,offense,5,30,15,2026-01-03,WOS@WWW
UW-Whitewater,Brock Marino,offense,10,25,15,2026-01-03,WOS@WWW
UW-Whitewater,Richie Warren,offense,25,35,19,2026-01-03,WOS@WWW
UW-Whitewater,Richie Warren,offense,0,15,18,2026-01-03,WOS@WWW
UW-Whitewater,Richie Warren,offense,0,10,39,2026-01-03,WOS@WWW
UW-Whitewater,Richie Warren,offense,5,10,25,2026-01-03,WOS@WWW
UW-Whitewater,Richie Warren,offense,5,15,58,2026-01-03,WOS@WWW
UW-Whitewater,Richie Warren,offense,0,20,34,2026-01-03,WOS@WWW
UW-Whitewater,TEAM,offense,0,20,148,2026-01-03,WOS@WWW
UW-Whitewater,Richie Warren,offense,0,25,10,2026-01-03,WOS@WWW
UW-Whitewater,TEAM,offense,0,25,108,2026-01-03,WOS@WWW
UW-Oshkosh Titans,Nate Nazos,defense,20,40,14,2026-01-03,WOS@WWW
UW-Oshkosh Titans,Nate Nazos,defense,15,40,34,2026-01-03,WOS@WWW
UW-Whitewater,JR Lukenbill,offense,45,30,9,2026-01-03,WOS@WWW
UW-Whitewater,JR Lukenbill,offense,45,25,5,2026-01-03,WOS@WWW
UW-Oshkosh Titans,Michael Metcalf-Grassman,defense,0,35,4,2026-01-03,WOS@WWW
UW-Oshkosh Titans,Carter Thomas,defense,15,25,18,2026-01-03,WOS@WWW
UW-Oshkosh Titans,Carter Thomas,defense,0,20,11,2026-01-03,WOS@WWW
UW-Oshkosh Titans,Nate Nazos,defense,5,30,12,2026-01-03,WOS@WWW
UW-Oshkosh Titans,Joey LaChapell,defense,10,15,15,2026-01-03,WOS@WWW
UW-Whitewater,JR Lukenbill,offense,15,25,77,2026-01-03,WOS@WWW
UW-Whitewater,JR Lukenbill,offense,20,30,45,2026-01-03,WOS@WWW
UW-Whitewater,Collin Madson,offense,25,20,130,2026-01-03,WOS@WWW
UW-Whitewater,Collin Madson,offense,15,20,55,2026-01-03,WOS@WWW
UW-Whitewater,Collin Madson,offense,15,25,43,2026-01-03,WOS@WWW
UW-Whitewater,Collin Madson,offense,15,30,38,2026-01-03,WOS@WWW
UW-Oshkosh Titans,Carter Thomas,defense,30,25,12,2026-01-03,WOS@WWW
UW-Oshkosh Titans,Carter Thomas,defense,30,15,37,2026-01-03,WOS@WWW
UW-Oshkosh Titans,Carter Thomas,defense,25,20,27,2026-01-03,WOS@WWW
UW-Oshkosh Titans,Carter Thomas,defense,20,20,56,2026-01-03,WOS@WWW
UW-Oshkosh Titans,Carter Thomas,defense,10,25,5,2026-01-03,WOS@WWW
UW-Oshkosh Titans,Carter Thomas,defense,5,25,7,2026-01-03,WOS@WWW
UW-Oshkosh Titans,Carter Thomas,defense,0,25,4,2026-01-03,WOS@WWW
UW-Oshkosh Titans,Carter Thomas,defense,0,30,1,2026-01-03,WOS@WWW
UW-Oshkosh Titans,Carter Thomas,defense,5,30,3,2026-01-03,WOS@WWW
UW-Oshkosh Titans,Nate Nazos,defense,15,25,13,2026-01-03,WOS@WWW
UW-Oshkosh Titans,Nate Nazos,defense,35,20,27,2026-01-03,WOS@WWW
UW-Whitewater,Brock Marino,offense,15,40,15,2026-01-03,WOS@WWW
UW-Whitewater,Brock Marino,offense,20,35,58,2026-01-03,WOS@WWW
UW-Whitewater,Richie Warren,offense,0,30,11,2026-01-03,WOS@WWW
UW-Whitewater,Collin Madson,offense,20,25,95,2026-01-03,WOS@WWW
UW-Whitewater,Collin Madson,offense,25,25,98,2026-01-03,WOS@WWW
UW-Whitewater,Collin Madson,offense,30,20,72,2026-01-03,WOS@WWW
UW-Whitewater,Collin Madson,offense,25,30,88,2026-01-03,WOS@WWW
UW-Whitewater,Collin Madson,offense,20,35,54,2026-01-03,WOS@WWW
UW-Whitewater,Collin Madson,offense,0,25,18,2026-01-03,WOS@WWW
UW-Whitewater,Collin Madson,offense,20,40,31,2026-01-03,WOS@WWW
UW-Whitewater,Collin Madson,offense,15,45,17,2026-01-03,WOS@WWW
UW-Oshkosh Titans,Michael Metcalf-Grassman,defense,30,30,6,2026-01-03,WOS@WWW
UW-Oshkosh Titans,Michael Metcalf-Grassman,defense,40,25,6,2026-01-03,WOS@WWW
UW-Oshkosh Titans,TEAM,defense,40,25,53,2026-01-03,WOS@WWW
UW-Oshkosh Titans,Joey LaChapell,defense,15,30,6,2026-01-03,WOS@WWW
UW-Oshkosh Titans,Joey LaChapell,defense,20,25,44,2026-01-03,WOS@WWW
UW-Oshkosh Titans,Joey LaChapell,defense,35,20,27,2026-01-03,WOS@WWW
UW-Oshkosh Titans,Joey LaChapell,defense,35,25,9,2026-01-03,WOS@WWW
UW-Oshkosh Titans,Joey LaChapell,defense,40,20,8,2026-01-03,WOS@WWW
UW-Oshkosh Titans,Joey LaChapell,defense,30,25,20,2026-01-03,WOS@WWW
UW-Oshkosh Titans,Joey LaChapell,defense,40,15,4,2026-01-03,WOS@WWW
UW-Oshkosh Titans,TEAM,defense,40,15,54,2026-01-03,WOS@WWW
UW-Whitewater,Brock Marino,offense,15,25,25,2026-01-03,WOS@WWW
UW-Whitewater,Brock Marino,offense,10,35,13,2026-01-03,WOS@WWW
UW-Whitewater,Brock Marino,offense,15,35,27,2026-01-03,WOS@WWW
UW-Whitewater,Brock Marino,offense,10,20,21,2026-01-03,WOS@WWW
UW-Whitewater,Luke Bara,offense,10,30,22,2026-01-03,WOS@WWW
UW-Whitewater,Luke Bara,offense,0,35,3,2026-01-03,WOS@WWW
UW-Whitewater,TEAM,offense,0,35,32,2026-01-03,WOS@WWW
UW-Whitewater,JR Lukenbill,offense,40,15,27,2026-01-03,WOS@WWW
UW-Whitewater,JR Lukenbill,offense,40,10,57,2026-01-03,WOS@WWW
UW-Whitewater,JR Lukenbill,offense,45,5,83,2026-01-03,WOS@WWW
UW-Whitewater,JR Lukenbill,offense,40,5,29,2026-01-03,WOS@WWW
UW-Whitewater,JR Lukenbill,offense,35,10,42,2026-01-03,WOS@WWW
UW-Whitewater,JR Lukenbill,offense,35,25,41,2026-01-03,WOS@WWW
UW-Whitewater,JR Lukenbill,offense,40,20,24,2026-01-03,WOS@WWW
UW-Whitewater,JR Lukenbill,offense,25,5,20,2026-01-03,WOS@WWW
UW-Whitewater,JR Lukenbill,offense,20,10,24,2026-01-03,WOS@WWW
UW-Whitewater,JR Lukenbill,offense,10,10,30,2026-01-03,WOS@WWW
UW-Whitewater,JR Lukenbill,offense,0,25,6,2026-01-03,WOS@WWW
UW-Whitewater,JR Lukenbill,offense,0,20,28,2026-01-03,WOS@WWW
UW-Oshkosh Titans,Nate Nazos,defense,10,25,15,2026-01-03,WOS@WWW
UW-Oshkosh Titans,Nate Nazos,defense,25,15,32,2026-01-03,WOS@WWW
UW-Whitewater,Richie Warren,offense,0,35,7,2026-01-03,WOS@WWW
UW-Whitewater,Richie Warren,offense,0,40,10,2026-01-03,WOS@WWW
UW-Oshkosh Titans,Carter Thomas,defense,10,30,7,2026-01-03,WOS@WWW
UW-Whitewater,Luke Bara,offense,0,20,16,2026-01-03,WOS@WWW
UW-Whitewater,Luke Bara,offense,0,15,18,2026-01-03,WOS@WWW
UW-Oshkosh Titans,Carter Thomas,defense,30,10,148,2026-01-03,WOS@WWW
UW-Oshkosh Titans,Carter Thomas,defense,30,5,87,2026-01-03,WOS@WWW
UW-Oshkosh Titans,Carter Thomas,defense,35,10,55,2026-01-03,WOS@WWW
UW-Whitewater,Collin Madson,offense,40,10,36,2026-01-03,WOS@WWW
UW-Whitewater,Collin Madson,offense,45,20,137,2026-01-03,WOS@WWW
UW-Oshkosh Titans,Joey LaChapell,defense,5,10,3,2026-01-03,WOS@WWW
UW-Oshkosh Titans,Joey LaChapell,defense,10,10,50,2026-01-03,WOS@WWW
UW-Oshkosh Titans,Joey LaChapell,defense,10,5,29,2026-01-03,WOS@WWW
UW-Oshkosh Titans,Joey LaChapell,defense,15,5,45,2026-01-03,WOS@WWW
UW-Oshkosh Titans,Joey LaChapell,defense,5,5,7,2026-01-03,WOS@WWW
UW-Oshkosh Titans,Joey LaChapell,defense,15,10,66,2026-01-03,WOS@WWW
UW-Oshkosh Titans,Joey LaChapell,defense,5,30,7,2026-01-03,WOS@WWW
UW-Oshkosh Titans,Joey LaChapell,defense,20,30,17,2026-01-03,WOS@WWW
UW-Oshkosh Titans,Joey LaChapell,defense,15,25,10,2026-01-03,WOS@WWW
UW-Oshkosh Titans,Joey LaChapell,defense,0,5,4,2026-01-03,WOS@WWW
UW-Oshkosh Titans,TEAM,defense,0,5,95,2026-01-03,WOS@WWW
UW-Oshkosh Titans,Joey LaChapell,defense,0,15,4,2026-01-03,WOS@WWW
UW-Oshkosh Titans,Joey LaChapell,defense,0,10,6,2026-01-03,WOS@WWW
UW-Whitewater,Brock Marino,offense,0,10,12,2026-01-03,WOS@WWW
UW-Whitewater,Brock Marino,offense,5,5,49,2026-01-03,WOS@WWW
UW-Whitewater,Brock Marino,offense,0,5,33,2026-01-03,WOS@WWW
UW-Whitewater,Brock Marino,offense,30,10,112,2026-01-03,WOS@WWW
UW-Whitewater,Brock Marino,offense,20,40,39,2026-01-03,WOS@WWW
UW-Whitewater,Brock Marino,offense,20,45,11,2026-01-03,WOS@WWW
UW-Whitewater,TEAM,offense,20,45,48,2026-01-03,WOS@WWW
UW-Whitewater,Brock Marino,offense,15,45,3,2026-01-03,WOS@WWW
UW-Whitewater,Brock Marino,offense,25,45,10,2026-01-03,WOS@WWW
UW-Oshkosh Titans,Nate Nazos,defense,0,0,1,2026-01-03,WOS@WWW
UW-Oshkosh Titans,TEAM,defense,0,0,30,2026-01-03,WOS@WWW
UW-Oshkosh Titans,Nate Nazos,defense,20,0,42,2026-01-03,WOS@WWW
UW-Oshkosh Titans,Nate Nazos,defense,5,15,20,2026-01-03,WOS@WWW
UW-Oshkosh Titans,Nate Nazos,defense,5,20,35,2026-01-03,WOS@WWW
UW-Oshkosh Titans,TEAM,defense,5,20,153,2026-01-03,WOS@WWW
UW-Whitewater,Luke Bara,offense,40,0,17,2026-01-03,WOS@WWW
UW-Whitewater,Luke Bara,offense,25,35,26,2026-01-03,WOS@WWW
UW-Whitewater,Luke Bara,offense,25,40,12,2026-01-03,WOS@WWW
UW-Whitewater,Luke Bara,offense,25,45,7,2026-01-03,WOS@WWW
UW-Whitewater,Luke Bara,offense,20,40,17,2026-01-03,WOS@WWW
UW-Whitewater,Luke Bara,offense,15,45,8,2026-01-03,WOS@WWW
UW-Oshkosh Titans,Carter Thomas,defense,30,20,22,2026-01-03,WOS@WWW
UW-Oshkosh Titans,Carter Thomas,defense,20,15,49,2026-01-03,WOS@WWW
UW-Oshkosh Titans,Brandon Beck,defense,25,5,46,2026-01-03,WOS@WWW
UW-Oshkosh Titans,Michael Metcalf-Grassman,defense,0,5,5,2026-01-03,WOS@WWW
UW-Oshkosh Titans,Michael Metcalf-Grassman,defense,0,25,2,2026-01-03,WOS@WWW
UW-Oshkosh Titans,Michael Metcalf-Grassman,defense,5,20,24,2026-01-03,WOS@WWW
UW-Oshkosh Titans,Michael Metcalf-Grassman,defense,5,25,3,2026-01-03,WOS@WWW
UW-Oshkosh Titans,Michael Metcalf-Grassman,defense,20,35,7,2026-01-03,WOS@WWW
UW-Oshkosh Titans,Michael Metcalf-Grassman,defense,20,40,11,2026-01-03,WOS@WWW
UW-Oshkosh Titans,Michael Metcalf-Grassman,defense,25,40,7,2026-01-03,WOS@WWW
UW-Oshkosh Titans,Michael Metcalf-Grassman,defense,30,45,8,2026-01-03,WOS@WWW
UW-Whitewater,Richie Warren,offense,20,45,3,2026-01-03,WOS@WWW
UW-Whitewater,Richie Warren,offense,15,45,7,2026-01-03,WOS@WWW
UW-Whitewater,Richie Warren,offense,15,40,18,2026-01-03,WOS@WWW
UW-Whitewater,Richie Warren,offense,25,45,11,2026-01-03,WOS@WWW
UW-Whitewater,Richie Warren,offense,30,45,8,2026-01-03,WOS@WWW
UW-Whitewater,Collin Madson,offense,20,45,8,2026-01-03,WOS@WWW
UW-Oshkosh Titans,Brandon Beck,defense,35,0,2,2026-01-03,WOS@WWW
UW-Oshkosh Titans,TEAM,defense,35,0,70,2026-01-03,WOS@WWW
UW-Oshkosh Titans,Brandon Beck,defense,45,5,1,2026-01-03,WOS@WWW
UW-Oshkosh Titans,TEAM,defense,45,5,36,2026-01-03,WOS@WWW
UW-Oshkosh Titans,Brandon Beck,defense,45,10,3,2026-01-03,WOS@WWW
UW-Oshkosh Titans,Carter Thomas,defense,20,25,42,2026-01-03,WOS@WWW
UW-Whitewater,Luke Bara,defense,30,45,5,2026-01-03,WOS@WWW
UW-Whitewater,TEAM,defense,30,45,21,2026-01-03,WOS@WWW
UW-Whitewater,Luke Bara,defense,30,40,18,2026-01-03,WOS@WWW
UW-Whitewater,Brock Marino,defense,15,35,11,2026-01-03,WOS@WWW
UW-Whitewater,Brock Marino,defense,15,30,16,2026-01-03,WOS@WWW
UW-Whitewater,Brock Marino,defense,45,20,14,2026-01-03,WOS@WWW
UW-Whitewater,Richie Warren,defense,10,40,6,2026-01-03,WOS@WWW
UW-Whitewater,Richie Warren,defense,15,30,20,2026-01-03,WOS@WWW
UW-Whitewater,Richie Warren,defense,5,10,55,2026-01-03,WOS@WWW
UW-Whitewater,Richie Warren,defense,30,5,48,2026-01-03,WOS@WWW
UW-Whitewater,Richie Warren,defense,35,5,35,2026-01-03,WOS@WWW
UW-Whitewater,Richie Warren,defense,40,10,16,2026-01-03,WOS@WWW
UW-Whitewater,Richie Warren,defense,35,10,52,2026-01-03,WOS@WWW
UW-Whitewater,Richie Warren,defense,45,10,7,2026-01-03,WOS@WWW
UW-Whitewater,Collin Madson,defense,0,0,5,2026-01-03,WOS@WWW
UW-Whitewater,JR Lukenbill,defense,5,15,14,2026-01-03,WOS@WWW
UW-Whitewater,JR Lukenbill,defense,0,15,4,2026-01-03,WOS@WWW
UW-Whitewater,JR Lukenbill,defense,5,20,10,2026-01-03,WOS@WWW
UW-Whitewater,TEAM,defense,5,20,75,2026-01-03,WOS@WWW
UW-Whitewater,JR Lukenbill,defense,10,20,22,2026-01-03,WOS@WWW
UW-Whitewater,JR Lukenbill,defense,20,5,101,2026-01-03,WOS@WWW
UW-Whitewater,Luke Bara,defense,10,25,32,2026-01-03,WOS@WWW
UW-Whitewater,JR Lukenbill,defense,5,5,16,2026-01-03,WOS@WWW
UW-Whitewater,JR Lukenbill,defense,35,25,23,2026-01-03,WOS@WWW
UW-Whitewater,JR Lukenbill,defense,25,25,60,2026-01-03,WOS@WWW
UW-Whitewater,Collin Madson,defense,25,10,81,2026-01-03,WOS@WWW
UW-Whitewater,Luke Bara,defense,40,15,18,2026-01-03,WOS@WWW
UW-Whitewater,Brock Marino,defense,10,0,5,2026-01-03,WOS@WWW
UW-Whitewater,Brock Marino,defense,5,10,40,2026-01-03,WOS@WWW
UW-Whitewater,Brock Marino,defense,5,5,29,2026-01-03,WOS@WWW
UW-Whitewater,Brock Marino,defense,25,40,14,2026-01-03,WOS@WWW
UW-Whitewater,Brock Marino,defense,25,45,3,2026-01-03,WOS@WWW
UW-Whitewater,Brock Marino,defense,0,15,4,2026-01-03,WOS@WWW
UW-Whitewater,Collin Madson,defense,45,30,6,2026-01-03,WOS@WWW
UW-Oshkosh Titans,Vitorio Dante,defense,40,15,14,2026-01-03,WOS@WWW
UW-Oshkosh Titans,Vitorio Dante,defense,45,15,5,2026-01-03,WOS@WWW
UW-Oshkosh Titans,Vitorio Dante,defense,40,20,3,2026-01-03,WOS@WWW
UW-Oshkosh Titans,Vitorio Dante,defense,40,25,3,2026-01-03,WOS@WWW
UW-Oshkosh Titans,Vitorio Dante,defense,35,25,15,2026-01-03,WOS@WWW
UW-Oshkosh Titans,Jay Dalton,defense,30,20,24,2026-01-03,WOS@WWW
UW-Oshkosh Titans,Jay Dalton,defense,35,20,7,2026-01-03,WOS@WWW
UW-Oshkosh Titans,Jay Dalton,defense,30,15,14,2026-01-03,WOS@WWW
UW-Oshkosh Titans,Jay Dalton,defense,35,15,4,2026-01-03,WOS@WWW
UW-Oshkosh Titans,Jay Dalton,defense,40,25,2,2026-01-03,WOS@WWW
UW-Oshkosh Titans,Jay Dalton,defense,35,25,2,2026-01-03,WOS@WWW
UW-Oshkosh Titans,Jay Dalton,defense,35,40,10,2026-01-03,WOS@WWW
UW-Oshkosh Titans,Jay Dalton,defense,30,45,2,2026-01-03,WOS@WWW
UW-Whitewater,Luke Bara,offense,40,10,49,2026-01-03,WOS@WWW
UW-Whitewater,Luke Bara,offense,35,5,15,2026-01-03,WOS@WWW
UW-Whitewater,Luke Bara,offense,40,30,12,2026-01-03,WOS@WWW
UW-Whitewater,Richie Warren,offense,40,25,30,2026-01-03,WOS@WWW
UW-Whitewater,Richie Warren,offense,40,30,41,2026-01-03,WOS@WWW
UW-Whitewater,Richie Warren,offense,40,45,7,2026-01-03,WOS@WWW
UW-Whitewater,TEAM,offense,40,45,36,2026-01-03,WOS@WWW
UW-Whitewater,JR Lukenbill,offense,40,30,13,2026-01-03,WOS@WWW
UW-Whitewater,JR Lukenbill,offense,40,35,6,2026-01-03,WOS@WWW
UW-Whitewater,JR Lukenbill,offense,35,45,2,2026-01-03,WOS@WWW
UW-Whitewater,Brock Marino,offense,20,20,36,2026-01-03,WOS@WWW
UW-Whitewater,Brock Marino,offense,45,15,25,2026-01-03,WOS@WWW
UW-Whitewater,Brock Marino,offense,40,15,33,2026-01-03,WOS@WWW
UW-Whitewater,Brock Marino,offense,35,5,30,2026-01-03,WOS@WWW
UW-Whitewater,Brock Marino,offense,35,0,9,2026-01-03,WOS@WWW
UW-Oshkosh Titans,Logan Rindfleisch,defense,30,10,14,2026-01-03,WOS@WWW
UW-Oshkosh Titans,Logan Rindfleisch,defense,20,0,6,2026-01-03,WOS@WWW
UW-Oshkosh Titans,Logan Rindfleisch,defense,10,25,10,2026-01-03,WOS@WWW
UW-Whitewater,Collin Madson,offense,40,30,17,2026-01-03,WOS@WWW
UW-Whitewater,Collin Madson,offense,40,35,13,2026-01-03,WOS@WWW
UW-Whitewater,Collin Madson,offense,40,40,22,2026-01-03,WOS@WWW
UW-Oshkosh Titans,Aiden Hawkinson,defense,25,5,74,2026-01-03,WOS@WWW
UW-Oshkosh Titans,Aiden Hawkinson,defense,30,10,65,2026-01-03,WOS@WWW
UW-Oshkosh Titans,Aiden Hawkinson,defense,25,0,11,2026-01-03,WOS@WWW
UW-Oshkosh Titans,Aiden Hawkinson,defense,25,10,61,2026-01-03,WOS@WWW
UW-Oshkosh Titans,Aiden Hawkinson,defense,40,5,17,2026-01-03,WOS@WWW
UW-Oshkosh Titans,Vitorio Dante,defense,20,35,6,2026-01-03,WOS@WWW
UW-Oshkosh Titans,Vitorio Dante,defense,45,30,2,2026-01-03,WOS@WWW
UW-Oshkosh Titans,TEAM,defense,45,30,7,2026-01-03,WOS@WWW
UW-Oshkosh Titans,Vitorio Dante,defense,45,25,5,2026-01-03,WOS@WWW
UW-Oshkosh Titans,TEAM,defense,45,25,19,2026-01-03,WOS@WWW
UW-Oshkosh Titans,Oskar Kangas,defense,25,10,69,2026-01-03,WOS@WWW
UW-Oshkosh Titans,Oskar Kangas,defense,20,10,51,2026-01-03,WOS@WWW
UW-Oshkosh Titans,Oskar Kangas,defense,15,25,47,2026-01-03,WOS@WWW
UW-Oshkosh Titans,Oskar Kangas,defense,15,45,6,2026-01-03,WOS@WWW
UW-Oshkosh Titans,Logan Rindfleisch,offense,45,45,2,2026-01-03,WOS@WWW
UW-Oshkosh Titans,Logan Rindfleisch,offense,45,40,1,2026-01-03,WOS@WWW
UW-Whitewater,JR Lukenbill,defense,25,40,16,2026-01-03,WOS@WWW
UW-Whitewater,JR Lukenbill,defense,20,40,9,2026-01-03,WOS@WWW
UW-Whitewater,Luke Bara,defense,0,5,17,2026-01-03,WOS@WWW
UW-Whitewater,Luke Bara,defense,5,5,79,2026-01-03,WOS@WWW
UW-Whitewater,Luke Bara,defense,5,10,15,2026-01-03,WOS@WWW
UW-Whitewater,Richie Warren,defense,5,40,6,2026-01-03,WOS@WWW
UW-Whitewater,TEAM,defense,5,40,27,2026-01-03,WOS@WWW
UW-Whitewater,Richie Warren,defense,10,30,14,2026-01-03,WOS@WWW
UW-Whitewater,Richie Warren,defense,20,0,14,2026-01-03,WOS@WWW
UW-Whitewater,JR Lukenbill,defense,35,40,8,2026-01-03,WOS@WWW
UW-Whitewater,JR Lukenbill,defense,30,20,81,2026-01-03,WOS@WWW
UW-Whitewater,Collin Madson,defense,40,35,11,2026-01-03,WOS@WWW
UW-Whitewater,TEAM,defense,40,35,78,2026-01-03,WOS@WWW
UW-Whitewater,Collin Madson,defense,45,15,12,2026-01-03,WOS@WWW
UW-Whitewater,Collin Madson,defense,30,5,68,2026-01-03,WOS@WWW
UW-Oshkosh Titans,Jay Dalton,offense,40,40,2,2026-01-03,WOS@WWW
UW-Oshkosh Titans,Jay Dalton,offense,45,30,1,2026-01-03,WOS@WWW
UW-Oshkosh Titans,Jay Dalton,offense,40,30,3,2026-01-03,WOS@WWW
UW-Oshkosh Titans,Jay Dalton,offense,30,15,1,2026-01-03,WOS@WWW
UW-Oshkosh Titans,Jay Dalton,offense,35,0,1,2026-01-03,WOS@WWW
UW-Oshkosh Titans,Jay Dalton,offense,45,25,1,2026-01-03,WOS@WWW
UW-Oshkosh Titans,Jay Dalton,offense,45,15,8,2026-01-03,WOS@WWW
UW-Oshkosh Titans,Jay Dalton,offense,35,25,2,2026-01-03,WOS@WWW
UW-Oshkosh Titans,Jay Dalton,offense,25,35,1,2026-01-03,WOS@WWW
UW-Oshkosh Titans,Jay Dalton,offense,30,35,8,2026-01-03,WOS@WWW
UW-Oshkosh Titans,Jay Dalton,offense,25,30,8,2026-01-03,WOS@WWW
UW-Oshkosh Titans,Jay Dalton,offense,20,25,4,2026-01-03,WOS@WWW
UW-Oshkosh Titans,Jay Dalton,offense,15,25,8,2026-01-03,WOS@WWW
UW-Oshkosh Titans,Jay Dalton,offense,10,20,4,2026-01-03,WOS@WWW
UW-Oshkosh Titans,Jay Dalton,offense,5,20,6,2026-01-03,WOS@WWW
UW-Oshkosh Titans,Vitorio Dante,offense,15,30,39,2026-01-03,WOS@WWW
UW-Oshkosh Titans,Vitorio Dante,offense,20,35,29,2026-01-03,WOS@WWW
UW-Oshkosh Titans,Vitorio Dante,offense,25,30,26,2026-01-03,WOS@WWW
UW-Whitewater,Brock Marino,defense,45,10,5,2026-01-03,WOS@WWW
UW-Whitewater,Brock Marino,defense,40,15,11,2026-01-03,WOS@WWW
UW-Whitewater,Brock Marino,defense,40,10,11,2026-01-03,WOS@WWW
UW-Whitewater,Brock Marino,defense,35,15,22,2026-01-03,WOS@WWW
UW-Whitewater,Brock Marino,defense,40,5,13,2026-01-03,WOS@WWW
UW-Whitewater,Brock Marino,defense,45,15,46,2026-01-03,WOS@WWW
UW-Whitewater,Brock Marino,defense,40,30,7,2026-01-03,WOS@WWW
UW-Whitewater,Brock Marino,defense,40,35,5,2026-01-03,WOS@WWW
UW-Oshkosh Titans,Aiden Hawkinson,offense,10,25,28,2026-01-03,WOS@WWW
UW-Oshkosh Titans,Aiden Hawkinson,offense,10,30,24,2026-01-03,WOS@WWW
UW-Oshkosh Titans,Aiden Hawkinson,offense,5,30,22,2026-01-03,WOS@WWW
UW-Oshkosh Titans,Oskar Kangas,offense,30,35,11,2026-01-03,WOS@WWW
UW-Oshkosh Titans,Oskar Kangas,offense,25,25,32,2026-01-03,WOS@WWW
UW-Oshkosh Titans,Oskar Kangas,offense,20,35,7,2026-01-03,WOS@WWW
UW-Oshkosh Titans,Oskar Kangas,offense,20,25,49,2026-01-03,WOS@WWW
UW-Oshkosh Titans,Oskar Kangas,offense,15,35,13,2026-01-03,WOS@WWW
UW-Oshkosh Titans,Oskar Kangas,offense,15,40,3,2026-01-03,WOS@WWW
UW-Oshkosh Titans,Oskar Kangas,offense,15,45,1,2026-01-03,WOS@WWW
UW-Oshkosh Titans,Logan Rindfleisch,offense,45,15,1,2026-01-03,WOS@WWW
UW-Oshkosh Titans,Logan Rindfleisch,offense,40,10,6,2026-01-03,WOS@WWW
UW-Whitewater,Luke Bara,defense,20,5,39,2026-01-03,WOS@WWW
UW-Whitewater,Luke Bara,defense,45,5,14,2026-01-03,WOS@WWW
UW-Whitewater,Luke Bara,defense,45,0,3,2026-01-03,WOS@WWW
UW-Oshkosh Titans,Vitorio Dante,offense,10,10,8,2026-01-03,WOS@WWW
UW-Oshkosh Titans,Vitorio Dante,offense,0,5,18,2026-01-03,WOS@WWW
UW-Oshkosh Titans,Vitorio Dante,offense,0,10,18,2026-01-03,WOS@WWW
UW-Oshkosh Titans,Vitorio Dante,offense,0,0,10,2026-01-03,WOS@WWW
UW-Oshkosh Titans,Vitorio Dante,offense,20,10,23,2026-01-03,WOS@WWW
UW-Oshkosh Titans,Vitorio Dante,offense,5,0,2,2026-01-03,WOS@WWW
UW-Oshkosh Titans,Vitorio Dante,offense,30,5,19,2026-01-03,WOS@WWW
UW-Oshkosh Titans,Vitorio Dante,offense,25,5,21,2026-01-03,WOS@WWW
UW-Oshkosh Titans,Vitorio Dante,offense,20,5,11,2026-01-03,WOS@WWW
UW-Oshkosh Titans,Vitorio Dante,offense,45,10,5,2026-01-03,WOS@WWW
UW-Oshkosh Titans,Logan Rindfleisch,offense,40,20,8,2026-01-03,WOS@WWW
UW-Oshkosh Titans,Logan Rindfleisch,offense,40,25,7,2026-01-03,WOS@WWW
UW-Oshkosh Titans,Logan Rindfleisch,offense,35,30,7,2026-01-03,WOS@WWW
UW-Oshkosh Titans,Logan Rindfleisch,offense,25,30,13,2026-01-03,WOS@WWW
UW-Oshkosh Titans,Aiden Hawkinson,offense,15,5,15,2026-01-03,WOS@WWW
UW-Oshkosh Titans,Aiden Hawkinson,offense,15,10,18,2026-01-03,WOS@WWW
UW-Oshkosh Titans,Aiden Hawkinson,offense,15,0,11,2026-01-03,WOS@WWW
UW-Whitewater,Richie Warren,defense,5,20,10,2026-01-03,WOS@WWW
UW-Oshkosh Titans,Jay Dalton,offense,40,0,3,2026-01-03,WOS@WWW
UW-Oshkosh Titans,Jay Dalton,offense,45,5,2,2026-01-03,WOS@WWW
UW-Oshkosh Titans,TEAM,offense,45,5,191,2026-01-03,WOS@WWW
UW-Oshkosh Titans,Jay Dalton,offense,40,5,4,2026-01-03,WOS@WWW
UW-Oshkosh Titans,Jay Dalton,offense,40,10,3,2026-01-03,WOS@WWW
UW-Oshkosh Titans,Jay Dalton,offense,40,15,3,2026-01-03,WOS@WWW
UW-Oshkosh Titans,Jay Dalton,offense,40,20,1,2026-01-03,WOS@WWW
UW-Oshkosh Titans,Jay Dalton,offense,35,20,3,2026-01-03,WOS@WWW
UW-Oshkosh Titans,Jay Dalton,offense,30,25,5,2026-01-03,WOS@WWW
UW-Oshkosh Titans,Jay Dalton,offense,35,40,1,2026-01-03,WOS@WWW
UW-Oshkosh Titans,Jay Dalton,offense,35,45,1,2026-01-03,WOS@WWW
UW-Oshkosh Titans,Logan Rindfleisch,offense,10,5,5,2026-01-03,WOS@WWW
UW-Oshkosh Titans,Logan Rindfleisch,offense,15,5,17,2026-01-03,WOS@WWW
UW-Oshkosh Titans,Logan Rindfleisch,offense,15,10,19,2026-01-03,WOS@WWW
UW-Oshkosh Titans,Logan Rindfleisch,offense,20,10,8,2026-01-03,WOS@WWW
UW-Oshkosh Titans,Logan Rindfleisch,offense,20,15,16,2026-01-03,WOS@WWW
UW-Oshkosh Titans,Aiden Hawkinson,offense,35,5,2,2026-01-03,WOS@WWW
UW-Oshkosh Titans,Aiden Hawkinson,offense,35,10,8,2026-01-03,WOS@WWW
UW-Oshkosh Titans,Aiden Hawkinson,offense,15,15,27,2026-01-03,WOS@WWW
UW-Oshkosh Titans,Jay Dalton,defense,30,40,4,2026-01-03,WOS@WWW
UW-Oshkosh Titans,Jay Dalton,defense,30,35,7,2026-01-03,WOS@WWW
UW-Oshkosh Titans,Jay Dalton,defense,35,35,2,2026-01-03,WOS@WWW
UW-Oshkosh Titans,TEAM,defense,35,35,87,2026-01-03,WOS@WWW
UW-Oshkosh Titans,Jay Dalton,defense,35,30,4,2026-01-03,WOS@WWW
UW-Oshkosh Titans,Jay Dalton,defense,25,5,28,2026-01-03,WOS@WWW
UW-Whitewater,Brock Marino,offense,10,30,20,2026-01-03,WOS@WWW
UW-Whitewater,JR Lukenbill,offense,20,45,8,2026-01-03,WOS@WWW
UW-Whitewater,JR Lukenbill,offense,25,35,18,2026-01-03,WOS@WWW
UW-Whitewater,Luke Bara,offense,30,45,31,2026-01-03,WOS@WWW
UW-Whitewater,Luke Bara,offense,30,40,31,2026-01-03,WOS@WWW
UW-Whitewater,Luke Bara,offense,35,30,24,2026-01-03,WOS@WWW
UW-Whitewater,Luke Bara,offense,30,30,32,2026-01-03,WOS@WWW
UW-Whitewater,Luke Bara,offense,30,25,57,2026-01-03,WOS@WWW
UW-Whitewater,Luke Bara,offense,25,25,79,2026-01-03,WOS@WWW
UW-Whitewater,Luke Bara,offense,15,30,34,2026-01-03,WOS@WWW
UW-Whitewater,Luke Bara,offense,15,35,24,2026-01-03,WOS@WWW
UW-Whitewater,Luke Bara,offense,10,35,11,2026-01-03,WOS@WWW
UW-Whitewater,Luke Bara,offense,10,40,26,2026-01-03,WOS@WWW
UW-Whitewater,Luke Bara,offense,20,35,22,2026-01-03,WOS@WWW
UW-Oshkosh Titans,Oskar Kangas,defense,35,45,8,2026-01-03,WOS@WWW
UW-Oshkosh Titans,TEAM,defense,35,45,59,2026-01-03,WOS@WWW
UW-Oshkosh Titans,Oskar Kangas,defense,25,40,8,2026-01-03,WOS@WWW
UW-Oshkosh Titans,Vitorio Dante,defense,30,45,4,2026-01-03,WOS@WWW
UW-Oshkosh Titans,Vitorio Dante,defense,25,35,5,2026-01-03,WOS@WWW
UW-Oshkosh Titans,Vitorio Dante,defense,20,30,19,2026-01-03,WOS@WWW
UW-Oshkosh Titans,Vitorio Dante,defense,15,20,34,2026-01-03,WOS@WWW
UW-Oshkosh Titans,Vitorio Dante,defense,10,15,24,2026-01-03,WOS@WWW
UW-Oshkosh Titans,Vitorio Dante,defense,30,15,39,2026-01-03,WOS@WWW
UW-Oshkosh Titans,Vitorio Dante,defense,35,20,10,2026-01-03,WOS@WWW
UW-Oshkosh Titans,Vitorio Dante,defense,20,15,49,2026-01-03,WOS@WWW
UW-Oshkosh Titans,Vitorio Dante,defense,25,10,61,2026-01-03,WOS@WWW
UW-Oshkosh Titans,Logan Rindfleisch,defense,0,40,8,2026-01-03,WOS@WWW
UW-Oshkosh Titans,Logan Rindfleisch,defense,30,30,5,2026-01-03,WOS@WWW
UW-Oshkosh Titans,Logan Rindfleisch,defense,30,20,10,2026-01-03,WOS@WWW
UW-Oshkosh Titans,Logan Rindfleisch,defense,10,10,28,2026-01-03,WOS@WWW
UW-Oshkosh Titans,Logan Rindfleisch,defense,10,15,10,2026-01-03,WOS@WWW
UW-Whitewater,Richie Warren,offense,40,20,17,2026-01-03,WOS@WWW
UW-Whitewater,Richie Warren,offense,5,5,13,2026-01-03,WOS@WWW
UW-Oshkosh Titans,Vitorio Dante,defense,0,40,1,2026-01-03,WOS@WWW
UW-Oshkosh Titans,Aiden Hawkinson,defense,30,0,5,2026-01-03,WOS@WWW
UW-Oshkosh Titans,Oskar Kangas,defense,45,10,2,2026-01-03,WOS@WWW
UW-Oshkosh Titans,Oskar Kangas,defense,30,20,21,2026-01-03,WOS@WWW
UW-Oshkosh Titans,Oskar Kangas,defense,35,20,15,2026-01-03,WOS@WWW
UW-Oshkosh Titans,Oskar Kangas,defense,25,20,61,2026-01-03,WOS@WWW
UW-Oshkosh Titans,Oskar Kangas,defense,25,25,30,2026-01-03,WOS@WWW
UW-Oshkosh Titans,Oskar Kangas,defense,30,30,20,2026-01-03,WOS@WWW
UW-Oshkosh Titans,Oskar Kangas,defense,30,35,14,2026-01-03,WOS@WWW
UW-Oshkosh Titans,Oskar Kangas,defense,30,40,14,2026-01-03,WOS@WWW
UW-Oshkosh Titans,Oskar Kangas,defense,15,40,9,2026-01-03,WOS@WWW
UW-Whitewater,Brock Marino,offense,45,20,8,2026-01-03,WOS@WWW
UW-Whitewater,Brock Marino,offense,40,20,58,2026-01-03,WOS@WWW
UW-Whitewater,JR Lukenbill,offense,35,5,7,2026-01-03,WOS@WWW
UW-Whitewater,JR Lukenbill,offense,45,15,14,2026-01-03,WOS@WWW
UW-Whitewater,JR Lukenbill,offense,20,40,11,2026-01-03,WOS@WWW
UW-Whitewater,Richie Warren,offense,45,0,2,2026-01-03,WOS@WWW
UW-Oshkosh Titans,Vitorio Dante,defense,35,10,24,2026-01-03,WOS@WWW
UW-Oshkosh Titans,Vitorio Dante,defense,35,5,15,2026-01-03,WOS@WWW
UW-Oshkosh Titans,Aiden Hawkinson,defense,20,10,88,2026-01-03,WOS@WWW
UW-Oshkosh Titans,Jay Dalton,defense,20,20,12,2026-01-03,WOS@WWW
UW-Oshkosh Titans,Jay Dalton,defense,20,25,3,2026-01-03,WOS@WWW
UW-Oshkosh Titans,Jay Dalton,defense,30,10,55,2026-01-03,WOS@WWW
UW-Oshkosh Titans,Jay Dalton,defense,20,0,4,2026-01-03,WOS@WWW
UW-Oshkosh Titans,Jay Dalton,defense,30,0,12,2026-01-03,WOS@WWW
UW-Oshkosh Titans,Jay Dalton,defense,35,0,5,2026-01-03,WOS@WWW
UW-Oshkosh Titans,Jay Dalton,defense,40,0,2,2026-01-03,WOS@WWW
UW-Oshkosh Titans,TEAM,defense,40,0,17,2026-01-03,WOS@WWW
UW-Oshkosh Titans,Vitorio Dante,defense,15,5,61,2026-01-03,WOS@WWW
UW-Oshkosh Titans,Vitorio Dante,defense,20,5,49,2026-01-03,WOS@WWW
UW-Oshkosh Titans,Vitorio Dante,defense,20,0,14,2026-01-03,WOS@WWW
UW-Oshkosh Titans,Vitorio Dante,defense,15,0,17,2026-01-03,WOS@WWW
UW-Oshkosh Titans,Vitorio Dante,defense,10,5,29,2026-01-03,WOS@WWW
UW-Oshkosh Titans,Vitorio Dante,defense,10,10,42,2026-01-03,WOS@WWW
UW-Oshkosh Titans,Aiden Hawkinson,defense,15,10,95,2026-01-03,WOS@WWW
UW-Oshkosh Titans,Aiden Hawkinson,defense,15,15,36,2026-01-03,WOS@WWW
UW-Oshkosh Titans,Aiden Hawkinson,defense,15,20,59,2026-01-03,WOS@WWW
UW-Oshkosh Titans,Aiden Hawkinson,defense,10,20,38,2026-01-03,WOS@WWW
UW-Whitewater,Brock Marino,offense,5,20,17,2026-01-03,WOS@WWW
UW-Whitewater,Brock Marino,offense,5,25,8,2026-01-03,WOS@WWW
UW-Oshkosh Titans,Jay Dalton,defense,10,10,3,2026-01-03,WOS@WWW
UW-Oshkosh Titans,Jay Dalton,defense,10,15,12,2026-01-03,WOS@WWW
UW-Oshkosh Titans,Jay Dalton,defense,10,20,6,2026-01-03,WOS@WWW
UW-Whitewater,JR Lukenbill,offense,40,40,30,2026-01-03,WOS@WWW
UW-Oshkosh Titans,Logan Rindfleisch,defense,0,35,3,2026-01-03,WOS@WWW
UW-Whitewater,JR Lukenbill,offense,30,5,21,2026-01-03,WOS@WWW
UW-Whitewater,JR Lukenbill,offense,15,40,12,2026-01-03,WOS@WWW
UW-Whitewater,Collin Madson,offense,25,15,116,2026-01-03,WOS@WWW
UW-Whitewater,Collin Madson,offense,10,0,11,2026-01-03,WOS@WWW
UW-Whitewater,Collin Madson,offense,0,20,19,2026-01-03,WOS@WWW
UW-Oshkosh Titans,Brandon Beck,defense,0,10,7,2026-01-03,WOS@WWW
UW-Oshkosh Titans,Brandon Beck,defense,40,15,4,2026-01-03,WOS@WWW
UW-Oshkosh Titans,Brandon Beck,defense,0,25,1,2026-01-03,WOS@WWW
UW-Oshkosh Titans,Brandon Beck,defense,5,20,11,2026-01-03,WOS@WWW
UW-Oshkosh Titans,Brandon Beck,defense,5,40,10,2026-01-03,WOS@WWW
UW-Oshkosh Titans,Joey LaChapell,defense,5,15,10,2026-01-03,WOS@WWW
UW-Whitewater,Brock Marino,offense,5,0,9,2026-01-03,WOS@WWW
UW-Whitewater,Brock Marino,offense,5,15,12,2026-01-03,WOS@WWW
UW-Whitewater,Brock Marino,offense,35,10,19,2026-01-03,WOS@WWW
UW-Oshkosh Titans,Carter Thomas,defense,35,5,22,2026-01-03,WOS@WWW
UW-Oshkosh Titans,Carter Thomas,defense,40,15,8,2026-01-03,WOS@WWW
UW-Oshkosh Titans,Carter Thomas,defense,20,0,31,2026-01-03,WOS@WWW
UW-Oshkosh Titans,Carter Thomas,defense,35,25,11,2026-01-03,WOS@WWW
UW-Oshkosh Titans,Nate Nazos,defense,45,5,5,2026-01-03,WOS@WWW
UW-Oshkosh Titans,Nate Nazos,defense,40,0,5,2026-01-03,WOS@WWW
UW-Whitewater,Luke Bara,offense,45,0,16,2026-01-03,WOS@WWW
UW-Oshkosh Titans,Michael Metcalf-Grassman,defense,25,30,22,2026-01-03,WOS@WWW
UW-Whitewater,Luke Bara,offense,30,35,28,2026-01-03,WOS@WWW
UW-Whitewater,Luke Bara,offense,25,30,32,2026-01-03,WOS@WWW
UW-Oshkosh Titans,Nate Nazos,defense,5,35,6,2026-01-03,WOS@WWW
UW-Oshkosh Titans,Nate Nazos,defense,5,40,8,2026-01-03,WOS@WWW
UW-Whitewater,Richie Warren,offense,30,40,27,2026-01-03,WOS@WWW
UW-Oshkosh Titans,Carter Thomas,defense,45,30,1,2026-01-03,WOS@WWW
UW-Whitewater,Richie Warren,defense,40,30,7,2026-01-03,WOS@WWW
UW-Whitewater,Richie Warren,defense,35,30,15,2026-01-03,WOS@WWW
UW-Whitewater,Richie Warren,defense,30,30,12,2026-01-03,WOS@WWW
UW-Whitewater,Richie Warren,defense,35,25,26,2026-01-03,WOS@WWW
UW-Whitewater,Richie Warren,defense,35,0,5,2026-01-03,WOS@WWW
UW-Whitewater,Brock Marino,defense,10,25,16,2026-01-03,WOS@WWW
UW-Whitewater,Brock Marino,defense,20,0,28,2026-01-03,WOS@WWW
UW-Whitewater,Brock Marino,defense,35,40,20,2026-01-03,WOS@WWW
UW-Whitewater,Brock Marino,defense,35,45,21,2026-01-03,WOS@WWW
UW-Whitewater,Brock Marino,defense,30,45,3,2026-01-03,WOS@WWW
UW-Oshkosh Titans,Michael Metcalf-Grassman,offense,40,40,6,2026-01-03,WOS@WWW
UW-Oshkosh Titans,Michael Metcalf-Grassman,offense,40,35,3,2026-01-03,WOS@WWW
UW-Oshkosh Titans,Michael Metcalf-Grassman,offense,40,30,7,2026-01-03,WOS@WWW
UW-Oshkosh Titans,Michael Metcalf-Grassman,offense,40,20,14,2026-01-03,WOS@WWW
UW-Whitewater,Collin Madson,defense,20,35,54,2026-01-03,WOS@WWW
UW-Oshkosh Titans,Brandon Beck,offense,40,10,8,2026-01-03,WOS@WWW
UW-Oshkosh Titans,Brandon Beck,offense,35,30,10,2026-01-03,WOS@WWW
UW-Oshkosh Titans,Brandon Beck,offense,35,10,13,2026-01-03,WOS@WWW
UW-Oshkosh Titans,Brandon Beck,offense,25,5,23,2026-01-03,WOS@WWW
UW-Whitewater,JR Lukenbill,defense,35,30,12,2026-01-03,WOS@WWW
UW-Whitewater,JR Lukenbill,defense,35,45,2,2026-01-03,WOS@WWW
UW-Oshkosh Titans,Joey LaChapell,offense,10,40,5,2026-01-03,WOS@WWW
UW-Oshkosh Titans,Joey LaChapell,offense,10,35,11,2026-01-03,WOS@WWW
UW-Oshkosh Titans,Joey LaChapell,offense,5,15,5,2026-01-03,WOS@WWW
UW-Oshkosh Titans,Joey LaChapell,offense,20,20,76,2026-01-03,WOS@WWW
UW-Oshkosh Titans,Joey LaChapell,offense,25,15,30,2026-01-03,WOS@WWW
UW-Whitewater,Luke Bara,defense,45,25,8,2026-01-03,WOS@WWW
UW-Whitewater,Luke Bara,defense,40,35,24,2026-01-03,WOS@WWW
UW-Oshkosh Titans,Nate Nazos,offense,35,15,12,2026-01-03,WOS@WWW
UW-Oshkosh Titans,Nate Nazos,offense,35,10,11,2026-01-03,WOS@WWW
UW-Oshkosh Titans,Nate Nazos,offense,20,0,11,2026-01-03,WOS@WWW
UW-Oshkosh Titans,Nate Nazos,offense,10,5,14,2026-01-03,WOS@WWW
UW-Oshkosh Titans,Nate Nazos,offense,20,5,25,2026-01-03,WOS@WWW
UW-Oshkosh Titans,Nate Nazos,offense,15,15,18,2026-01-03,WOS@WWW
UW-Oshkosh Titans,Nate Nazos,offense,15,0,28,2026-01-03,WOS@WWW
UW-Oshkosh Titans,Carter Thomas,offense,45,10,8,2026-01-03,WOS@WWW
UW-Oshkosh Titans,Carter Thomas,offense,40,5,16,2026-01-03,WOS@WWW
UW-Oshkosh Titans,Carter Thomas,offense,40,0,17,2026-01-03,WOS@WWW
UW-Oshkosh Titans,Carter Thomas,offense,35,25,23,2026-01-03,WOS@WWW
UW-Oshkosh Titans,Carter Thomas,offense,35,20,30,2026-01-03,WOS@WWW
UW-Oshkosh Titans,Carter Thomas,offense,35,10,17,2026-01-03,WOS@WWW
UW-Oshkosh Titans,Carter Thomas,offense,25,15,38,2026-01-03,WOS@WWW
UW-Oshkosh Titans,Carter Thomas,offense,15,10,65,2026-01-03,WOS@WWW
UW-Oshkosh Titans,Michael Metcalf-Grassman,offense,40,5,12,2026-01-03,WOS@WWW
UW-Oshkosh Titans,Michael Metcalf-Grassman,offense,40,0,7,2026-01-03,WOS@WWW
UW-Oshkosh Titans,Michael Metcalf-Grassman,offense,25,5,15,2026-01-03,WOS@WWW
UW-Oshkosh Titans,Michael Metcalf-Grassman,offense,10,0,3,2026-01-03,WOS@WWW
UW-Oshkosh Titans,Michael Metcalf-Grassman,offense,5,0,5,2026-01-03,WOS@WWW
UW-Oshkosh Titans,Michael Metcalf-Grassman,offense,15,0,4,2026-01-03,WOS@WWW
UW-Oshkosh Titans,Brandon Beck,offense,30,20,11,2026-01-03,WOS@WWW
UW-Oshkosh Titans,Brandon Beck,offense,35,5,8,2026-01-03,WOS@WWW
UW-Whitewater,Collin Madson,defense,40,10,30,2026-01-03,WOS@WWW
UW-Whitewater,Collin Madson,defense,45,40,3,2026-01-03,WOS@WWW
UW-Whitewater,TEAM,defense,45,40,15,2026-01-03,WOS@WWW
UW-Oshkosh Titans,Michael Metcalf-Grassman,offense,40,15,4,2026-01-03,WOS@WWW
UW-Oshkosh Titans,Michael Metcalf-Grassman,offense,35,25,25,2026-01-03,WOS@WWW
UW-Oshkosh Titans,Michael Metcalf-Grassman,offense,30,25,16,2026-01-03,WOS@WWW
UW-Oshkosh Titans,Michael Metcalf-Grassman,offense,30,20,20,2026-01-03,WOS@WWW
UW-Oshkosh Titans,Michael Metcalf-Grassman,offense,25,15,25,2026-01-03,WOS@WWW
UW-Oshkosh Titans,Brandon Beck,offense,25,20,18,2026-01-03,WOS@WWW
UW-Oshkosh Titans,Brandon Beck,offense,20,10,28,2026-01-03,WOS@WWW
UW-Oshkosh Titans,Nate Nazos,offense,20,10,20,2026-01-03,WOS@WWW
UW-Oshkosh Titans,Nate Nazos,offense,20,15,14,2026-01-03,WOS@WWW
UW-Whitewater,Collin Madson,defense,45,25,29,2026-01-03,WOS@WWW
UW-Oshkosh Titans,Joey LaChapell,offense,25,20,28,2026-01-03,WOS@WWW
UW-Oshkosh Titans,Joey LaChapell,offense,20,10,15,2026-01-03,WOS@WWW
UW-Oshkosh Titans,Joey LaChapell,offense,15,10,52,2026-01-03,WOS@WWW
UW-Oshkosh Titans,Nate Nazos,offense,20,20,57,2026-01-03,WOS@WWW
UW-Oshkosh Titans,Nate Nazos,offense,25,30,87,2026-01-03,WOS@WWW
UW-Oshkosh Titans,Nate Nazos,offense,30,35,28,2026-01-03,WOS@WWW
UW-Oshkosh Titans,Nate Nazos,offense,30,40,6,2026-01-03,WOS@WWW
UW-Oshkosh Titans,Nate Nazos,offense,20,45,5,2026-01-03,WOS@WWW
UW-Oshkosh Titans,Michael Metcalf-Grassman,offense,30,35,15,2026-01-03,WOS@WWW
UW-Oshkosh Titans,Michael Metcalf-Grassman,offense,30,40,24,2026-01-03,WOS@WWW
UW-Oshkosh Titans,Michael Metcalf-Grassman,offense,20,45,3,2026-01-03,WOS@WWW
UW-Oshkosh Titans,Joey LaChapell,offense,30,0,37,2026-01-03,WOS@WWW
UW-Oshkosh Titans,Joey LaChapell,offense,30,5,15,2026-01-03,WOS@WWW
UW-Oshkosh Titans,Carter Thomas,offense,20,10,35,2026-01-03,WOS@WWW
UW-Oshkosh Titans,Brandon Beck,offense,35,45,4,2026-01-03,WOS@WWW
UW-Oshkosh Titans,Michael Metcalf-Grassman,defense,35,45,10,2026-01-03,WOS@WWW
UW-Oshkosh Titans,Brandon Beck,defense,35,5,8,2026-01-03,WOS@WWW
UW-Oshkosh Titans,Brandon Beck,defense,35,15,6,2026-01-03,WOS@WWW
UW-Oshkosh Titans,Brandon Beck,defense,30,30,12,2026-01-03,WOS@WWW
UW-Oshkosh Titans,Brandon Beck,defense,30,35,5,2026-01-03,WOS@WWW
UW-Whitewater,JR Lukenbill,offense,20,5,24,2026-01-03,WOS@WWW
UW-Whitewater,Luke Bara,offense,25,20,68,2026-01-03,WOS@WWW
UW-Whitewater,Luke Bara,offense,25,0,17,2026-01-03,WOS@WWW
UW-Oshkosh Titans,Joey LaChapell,defense,30,0,23,2026-01-03,WOS@WWW
UW-Oshkosh Titans,Joey LaChapell,defense,20,0,29,2026-01-03,WOS@WWW
UW-Oshkosh Titans,Carter Thomas,defense,25,45,3,2026-01-03,WOS@WWW
UW-Oshkosh Titans,Carter Thomas,defense,20,45,5,2026-01-03,WOS@WWW
UW-Whitewater,Brock Marino,offense,35,30,45,2026-01-03,WOS@WWW
UW-Whitewater,Brock Marino,offense,35,35,50,2026-01-03,WOS@WWW
UW-Whitewater,Collin Madson,defense,45,45,4,2026-01-03,WOS@WWW
UW-Whitewater,TEAM,defense,45,45,6,2026-01-03,WOS@WWW
UW-Whitewater,Collin Madson,defense,45,35,2,2026-01-03,WOS@WWW
UW-Whitewater,TEAM,defense,45,35,16,2026-01-03,WOS@WWW
UW-Whitewater,Collin Madson,defense,35,25,30,2026-01-03,WOS@WWW
UW-Whitewater,Richie Warren,defense,15,35,4,2026-01-03,WOS@WWW
UW-Whitewater,Richie Warren,defense,10,0,4,2026-01-03,WOS@WWW
UW-Oshkosh Titans,Michael Metcalf-Grassman,offense,10,45,2,2026-01-03,WOS@WWW
UW-Oshkosh Titans,Michael Metcalf-Grassman,offense,10,40,9,2026-01-03,WOS@WWW
UW-Oshkosh Titans,Michael Metcalf-Grassman,offense,10,35,26,2026-01-03,WOS@WWW
UW-Oshkosh Titans,Joey LaChapell,offense,15,5,39,2026-01-03,WOS@WWW
UW-Oshkosh Titans,Brandon Beck,offense,10,45,1,2026-01-03,WOS@WWW
UW-Oshkosh Titans,Brandon Beck,offense,10,40,5,2026-01-03,WOS@WWW
UW-Oshkosh Titans,Brandon Beck,offense,0,40,2,2026-01-03,WOS@WWW
UW-Oshkosh Titans,Brandon Beck,offense,0,35,6,2026-01-03,WOS@WWW
UW-Oshkosh Titans,Brandon Beck,offense,0,30,11,2026-01-03,WOS@WWW
UW-Oshkosh Titans,TEAM,offense,0,30,133,2026-01-03,WOS@WWW
UW-Oshkosh Titans,Brandon Beck,offense,5,20,6,2026-01-03,WOS@WWW
UW-Oshkosh Titans,Brandon Beck,offense,5,15,9,2026-01-03,WOS@WWW
UW-Oshkosh Titans,Brandon Beck,offense,5,10,5,2026-01-03,WOS@WWW
UW-Oshkosh Titans,Brandon Beck,offense,10,10,44,2026-01-03,WOS@WWW
UW-Oshkosh Titans,Brandon Beck,offense,15,15,17,2026-01-03,WOS@WWW
UW-Oshkosh Titans,Brandon Beck,offense,10,15,13,2026-01-03,WOS@WWW
UW-Oshkosh Titans,Joey LaChapell,offense,30,20,17,2026-01-03,WOS@WWW
UW-Oshkosh Titans,Nate Nazos,offense,10,0,8,2026-01-03,WOS@WWW
UW-Whitewater,Luke Bara,defense,30,0,6,2026-01-03,WOS@WWW
UW-Oshkosh Titans,Michael Metcalf-Grassman,offense,10,5,9,2026-01-03,WOS@WWW
UW-Oshkosh Titans,Michael Metcalf-Grassman,offense,30,30,47,2026-01-03,WOS@WWW
UW-Oshkosh Titans,Michael Metcalf-Grassman,offense,40,45,20,2026-01-03,WOS@WWW
UW-Oshkosh Titans,Michael Metcalf-Grassman,offense,25,25,48,2026-01-03,WOS@WWW
UW-Oshkosh Titans,Michael Metcalf-Grassman,offense,30,15,25,2026-01-03,WOS@WWW
UW-Oshkosh Titans,Michael Metcalf-Grassman,offense,30,5,15,2026-01-03,WOS@WWW
UW-Oshkosh Titans,Nate Nazos,offense,40,45,2,2026-01-03,WOS@WWW
UW-Oshkosh Titans,Nate Nazos,offense,25,45,3,2026-01-03,WOS@WWW
UW-Oshkosh Titans,Nate Nazos,offense,20,40,4,2026-01-03,WOS@WWW
UW-Oshkosh Titans,Nate Nazos,offense,25,20,28,2026-01-03,WOS@WWW
UW-Oshkosh Titans,Joey LaChapell,offense,30,30,38,2026-01-03,WOS@WWW
UW-Oshkosh Titans,Joey LaChapell,offense,30,35,30,2026-01-03,WOS@WWW
UW-Oshkosh Titans,Joey LaChapell,offense,35,35,11,2026-01-03,WOS@WWW
UW-Oshkosh Titans,Joey LaChapell,offense,35,40,11,2026-01-03,WOS@WWW
UW-Oshkosh Titans,Joey LaChapell,offense,40,40,6,2026-01-03,WOS@WWW
UW-Oshkosh Titans,Joey LaChapell,offense,40,45,3,2026-01-03,WOS@WWW
UW-Oshkosh Titans,Joey LaChapell,offense,30,25,38,2026-01-03,WOS@WWW
UW-Oshkosh Titans,Joey LaChapell,offense,15,15,34,2026-01-03,WOS@WWW
UW-Whitewater,Brock Marino,defense,45,0,3,2026-01-03,WOS@WWW
UW-Whitewater,Brock Marino,defense,45,5,9,2026-01-03,WOS@WWW
UW-Oshkosh Titans,Carter Thomas,offense,40,45,2,2026-01-03,WOS@WWW
UW-Oshkosh Titans,Carter Thomas,offense,40,40,10,2026-01-03,WOS@WWW
UW-Oshkosh Titans,Carter Thomas,offense,30,30,36,2026-01-03,WOS@WWW
UW-Oshkosh Titans,Carter Thomas,offense,30,25,27,2026-01-03,WOS@WWW
UW-Oshkosh Titans,Brandon Beck,offense,40,45,2,2026-01-03,WOS@WWW
UW-Oshkosh Titans,Brandon Beck,offense,40,40,11,2026-01-03,WOS@WWW
UW-Oshkosh Titans,Brandon Beck,offense,20,15,47,2026-01-03,WOS@WWW
UW-Whitewater,JR Lukenbill,defense,25,0,9,2026-01-03,WOS@WWW
UW-Whitewater,TEAM,defense,25,0,111,2026-01-03,WOS@WWW
UW-Whitewater,Collin Madson,defense,20,0,22,2026-01-03,WOS@WWW
UW-Whitewater,TEAM,defense,0,20,60,2026-01-03,WOS@WWW
UW-Whitewater,Brock Marino,defense,30,5,101,2026-01-03,WOS@WWW
UW-Whitewater,Darius Chestnut,defense,20,20,26,2026-01-03,WOS@WWW
UW-Whitewater,Darius Chestnut,defense,20,15,22,2026-01-03,WOS@WWW
UW-Whitewater,Darius Chestnut,defense,30,15,37,2026-01-03,WOS@WWW
UW-Whitewater,Darius Chestnut,defense,30,10,52,2026-01-03,WOS@WWW
UW-Whitewater,Darius Chestnut,defense,40,0,2,2026-01-03,WOS@WWW
UW-Whitewater,Darius Chestnut,defense,30,0,11,2026-01-03,WOS@WWW
UW-Whitewater,Darius Chestnut,defense,25,5,27,2026-01-03,WOS@WWW
UW-Whitewater,Darius Chestnut,defense,20,0,2,2026-01-03,WOS@WWW
UW-Whitewater,Darius Chestnut,defense,25,10,7,2026-01-03,WOS@WWW
UW-Whitewater,Darius Chestnut,defense,20,10,13,2026-01-03,WOS@WWW
UW-Whitewater,Darius Chestnut,defense,35,10,43,2026-01-03,WOS@WWW
UW-Whitewater,Darius Chestnut,defense,35,15,23,2026-01-03,WOS@WWW
UW-Whitewater,Darius Chestnut,defense,40,20,13,2026-01-03,WOS@WWW
UW-Whitewater,Darius Chestnut,defense,40,25,27,2026-01-03,WOS@WWW
UW-Whitewater,Darius Chestnut,defense,40,30,11,2026-01-03,WOS@WWW
UW-Whitewater,Darius Chestnut,defense,35,30,10,2026-01-03,WOS@WWW
UW-Whitewater,Darius Chestnut,defense,30,30,8,2026-01-03,WOS@WWW
UW-Whitewater,Darius Chestnut,defense,30,35,12,2026-01-03,WOS@WWW
UW-Whitewater,Darius Chestnut,defense,25,30,9,2026-01-03,WOS@WWW
UW-Whitewater,Darius Chestnut,defense,25,25,11,2026-01-03,WOS@WWW
UW-Whitewater,Darius Chestnut,defense,20,25,18,2026-01-03,WOS@WWW
UW-Whitewater,Darius Chestnut,defense,15,20,17,2026-01-03,WOS@WWW
UW-Whitewater,Darius Chestnut,defense,10,20,7,2026-01-03,WOS@WWW
UW-Whitewater,Darius Chestnut,defense,5,15,2,2026-01-03,WOS@WWW
UW-Whitewater,Darius Chestnut,defense,5,20,2,2026-01-03,WOS@WWW
UW-Oshkosh Titans,Aiden Hawkinson,offense,20,20,59,2026-01-03,WOS@WWW
UW-Oshkosh Titans,Aiden Hawkinson,offense,20,15,31,2026-01-03,WOS@WWW
UW-Oshkosh Titans,Aiden Hawkinson,offense,30,5,9,2026-01-03,WOS@WWW
UW-Oshkosh Titans,Aiden Hawkinson,offense,35,0,1,2026-01-03,WOS@WWW
UW-Oshkosh Titans,Aiden Hawkinson,offense,40,5,1,2026-01-03,WOS@WWW
UW-Oshkosh Titans,Aiden Hawkinson,offense,40,10,2,2026-01-03,WOS@WWW
UW-Oshkosh Titans,Aiden Hawkinson,offense,20,0,3,2026-01-03,WOS@WWW
UW-Oshkosh Titans,Aiden Hawkinson,offense,35,15,5,2026-01-03,WOS@WWW
UW-Oshkosh Titans,Aiden Hawkinson,offense,30,25,41,2026-01-03,WOS@WWW
UW-Oshkosh Titans,Aiden Hawkinson,offense,35,35,7,2026-01-03,WOS@WWW
UW-Oshkosh Titans,Aiden Hawkinson,offense,35,40,2,2026-01-03,WOS@WWW
UW-Oshkosh Titans,Aiden Hawkinson,offense,20,30,38,2026-01-03,WOS@WWW
UW-Oshkosh Titans,Aiden Hawkinson,offense,25,25,34,2026-01-03,WOS@WWW
UW-Oshkosh Titans,Aiden Hawkinson,offense,45,15,2,2026-01-03,WOS@WWW
UW-Oshkosh Titans,Aiden Hawkinson,offense,40,25,32,2026-01-03,WOS@WWW
UW-Oshkosh Titans,Matt Imig,offense,5,5,2,2026-01-03,WOS@WWW
UW-Oshkosh Titans,Matt Imig,offense,0,10,2,2026-01-03,WOS@WWW
UW-Oshkosh Titans,Matt Imig,offense,15,25,18,2026-01-03,WOS@WWW
UW-Oshkosh Titans,Matt Imig,offense,20,20,67,2026-01-03,WOS@WWW
UW-Oshkosh Titans,Matt Imig,offense,15,15,12,2026-01-03,WOS@WWW
UW-Oshkosh Titans,Matt Imig,offense,15,0,3,2026-01-03,WOS@WWW
UW-Oshkosh Titans,Matt Imig,offense,5,0,9,2026-01-03,WOS@WWW
UW-Oshkosh Titans,Vitorio Dante,offense,0,20,6,2026-01-03,WOS@WWW
UW-Oshkosh Titans,Vitorio Dante,offense,10,25,31,2026-01-03,WOS@WWW
UW-Oshkosh Titans,Vitorio Dante,offense,10,30,8,2026-01-03,WOS@WWW
UW-Oshkosh Titans,Vitorio Dante,offense,5,30,11,2026-01-03,WOS@WWW
UW-Oshkosh Titans,Vitorio Dante,offense,10,35,6,2026-01-03,WOS@WWW
UW-Oshkosh Titans,Vitorio Dante,offense,0,25,4,2026-01-03,WOS@WWW
UW-Oshkosh Titans,Vitorio Dante,offense,25,25,26,2026-01-03,WOS@WWW
UW-Oshkosh Titans,Vitorio Dante,offense,20,30,26,2026-01-03,WOS@WWW
UW-Oshkosh Titans,Jonah Rindfleisch,offense,15,15,26,2026-01-03,WOS@WWW
UW-Oshkosh Titans,Jonah Rindfleisch,offense,15,20,25,2026-01-03,WOS@WWW
UW-Oshkosh Titans,Jonah Rindfleisch,offense,20,20,14,2026-01-03,WOS@WWW
UW-Oshkosh Titans,Jonah Rindfleisch,offense,15,25,34,2026-01-03,WOS@WWW
UW-Oshkosh Titans,Jonah Rindfleisch,offense,15,30,21,2026-01-03,WOS@WWW
UW-Oshkosh Titans,Jonah Rindfleisch,offense,25,35,29,2026-01-03,WOS@WWW
UW-Whitewater,Collin Madson,defense,0,15,7,2026-01-03,WOS@WWW
UW-Oshkosh Titans,Oskar Kangas,offense,5,30,12,2026-01-03,WOS@WWW
UW-Oshkosh Titans,Oskar Kangas,offense,10,30,15,2026-01-03,WOS@WWW
UW-Oshkosh Titans,Oskar Kangas,offense,5,15,8,2026-01-03,WOS@WWW
UW-Oshkosh Titans,Oskar Kangas,offense,25,0,10,2026-01-03,WOS@WWW
UW-Oshkosh Titans,Oskar Kangas,offense,20,0,9,2026-01-03,WOS@WWW
UW-Oshkosh Titans,Oskar Kangas,offense,30,10,13,2026-01-03,WOS@WWW
UW-Oshkosh Titans,Oskar Kangas,offense,15,5,9,2026-01-03,WOS@WWW
UW-Oshkosh Titans,Oskar Kangas,offense,15,10,10,2026-01-03,WOS@WWW
UW-Oshkosh Titans,Oskar Kangas,offense,15,15,19,2026-01-03,WOS@WWW
UW-Whitewater,Richie Warren,defense,35,15,16,2026-01-03,WOS@WWW
UW-Whitewater,Richie Warren,defense,35,20,25,2026-01-03,WOS@WWW
UW-Whitewater,Richie Warren,defense,40,20,10,2026-01-03,WOS@WWW
UW-Whitewater,Richie Warren,defense,40,25,15,2026-01-03,WOS@WWW
UW-Oshkosh Titans,Jonah Rindfleisch,offense,0,15,11,2026-01-03,WOS@WWW
UW-Oshkosh Titans,Jonah Rindfleisch,offense,5,15,8,2026-01-03,WOS@WWW
UW-Oshkosh Titans,Jonah Rindfleisch,offense,15,10,94,2026-01-03,WOS@WWW
UW-Oshkosh Titans,Jonah Rindfleisch,offense,25,0,3,2026-01-03,WOS@WWW
UW-Oshkosh Titans,Jonah Rindfleisch,offense,20,0,2,2026-01-03,WOS@WWW
UW-Oshkosh Titans,Jonah Rindfleisch,offense,35,35,11,2026-01-03,WOS@WWW
UW-Oshkosh Titans,Jonah Rindfleisch,offense,35,20,14,2026-01-03,WOS@WWW
UW-Oshkosh Titans,Vitorio Dante,offense,0,15,6,2026-01-03,WOS@WWW
UW-Oshkosh Titans,Vitorio Dante,offense,5,20,3,2026-01-03,WOS@WWW
UW-Oshkosh Titans,Matt Imig,offense,0,15,6,2026-01-03,WOS@WWW
UW-Oshkosh Titans,Matt Imig,offense,0,20,3,2026-01-03,WOS@WWW
UW-Oshkosh Titans,Vitorio Dante,offense,10,15,6,2026-01-03,WOS@WWW
UW-Oshkosh Titans,Vitorio Dante,offense,20,15,30,2026-01-03,WOS@WWW
UW-Oshkosh Titans,Vitorio Dante,offense,20,20,21,2026-01-03,WOS@WWW
UW-Oshkosh Titans,Vitorio Dante,offense,25,20,6,2026-01-03,WOS@WWW
UW-Oshkosh Titans,Vitorio Dante,offense,30,25,20,2026-01-03,WOS@WWW
UW-Oshkosh Titans,Vitorio Dante,offense,35,30,14,2026-01-03,WOS@WWW
UW-Oshkosh Titans,Vitorio Dante,offense,40,30,6,2026-01-03,WOS@WWW
UW-Oshkosh Titans,Vitorio Dante,offense,35,20,12,2026-01-03,WOS@WWW
UW-Oshkosh Titans,Vitorio Dante,offense,30,20,17,2026-01-03,WOS@WWW
UW-Oshkosh Titans,Vitorio Dante,offense,25,15,16,2026-01-03,WOS@WWW
UW-Oshkosh Titans,Matt Imig,offense,20,40,9,2026-01-03,WOS@WWW
UW-Oshkosh Titans,Matt Imig,offense,25,40,1,2026-01-03,WOS@WWW
UW-Oshkosh Titans,Oskar Kangas,offense,25,20,14,2026-01-03,WOS@WWW
UW-Oshkosh Titans,Vitorio Dante,offense,40,25,54,2026-01-03,WOS@WWW
UW-Oshkosh Titans,Matt Imig,offense,40,15,6,2026-01-03,WOS@WWW
UW-Oshkosh Titans,Matt Imig,offense,40,10,12,2026-01-03,WOS@WWW
UW-Oshkosh Titans,Matt Imig,offense,35,15,5,2026-01-03,WOS@WWW
UW-Oshkosh Titans,Matt Imig,offense,30,15,6,2026-01-03,WOS@WWW
UW-Oshkosh Titans,Matt Imig,offense,35,25,12,2026-01-03,WOS@WWW
UW-Oshkosh Titans,Matt Imig,offense,30,35,30,2026-01-03,WOS@WWW
UW-Oshkosh Titans,Matt Imig,offense,30,40,7,2026-01-03,WOS@WWW
UW-Oshkosh Titans,Matt Imig,offense,30,45,3,2026-01-03,WOS@WWW
UW-Whitewater,Oskar Kangas,defense,35,25,6,2026-01-03,WOS@WWW
UW-Whitewater,Oskar Kangas,defense,35,30,9,2026-01-03,WOS@WWW
UW-Whitewater,Oskar Kangas,defense,30,30,7,2026-01-03,WOS@WWW
UW-Whitewater,Oskar Kangas,defense,30,35,1,2026-01-03,WOS@WWW
UW-Whitewater,Oskar Kangas,defense,25,40,5,2026-01-03,WOS@WWW
UW-Whitewater,Oskar Kangas,defense,30,40,4,2026-01-03,WOS@WWW
UW-Whitewater,Oskar Kangas,defense,35,40,2,2026-01-03,WOS@WWW
UW-Whitewater,Oskar Kangas,defense,35,45,4,2026-01-03,WOS@WWW
UW-Oshkosh Titans,Oskar Kangas,offense,40,10,18,2026-01-03,WOS@WWW
UW-Oshkosh Titans,Aiden Hawkinson,offense,30,35,6,2026-01-03,WOS@WWW
UW-Whitewater,Collin Madson,defense,5,20,16,2026-01-03,WOS@WWW
UW-Oshkosh Titans,Jonah Rindfleisch,offense,25,5,4,2026-01-03,WOS@WWW
UW-Oshkosh Titans,Jonah Rindfleisch,offense,25,25,19,2026-01-03,WOS@WWW
UW-Oshkosh Titans,Jonah Rindfleisch,offense,30,35,16,2026-01-03,WOS@WWW
UW-Oshkosh Titans,Jonah Rindfleisch,offense,25,45,2,2026-01-03,WOS@WWW
UW-Whitewater,Luke Bara,defense,0,20,8,2026-01-03,WOS@WWW
UW-Whitewater,Luke Bara,defense,0,25,4,2026-01-03,WOS@WWW
UW-Whitewater,TEAM,defense,0,25,37,2026-01-03,WOS@WWW
UW-Whitewater,Richie Warren,defense,5,15,19,2026-01-03,WOS@WWW
UW-Whitewater,Darius Chestnut,defense,40,15,8,2026-01-03,WOS@WWW
UW-Whitewater,Darius Chestnut,defense,45,25,11,2026-01-03,WOS@WWW
UW-Whitewater,Darius Chestnut,defense,45,30,2,2026-01-03,WOS@WWW
UW-Whitewater,Darius Chestnut,defense,40,35,8,2026-01-03,WOS@WWW
UW-Whitewater,Darius Chestnut,defense,40,40,6,2026-01-03,WOS@WWW
UW-Whitewater,Darius Chestnut,defense,40,45,2,2026-01-03,WOS@WWW
UW-Oshkosh Titans,Vitorio Dante,offense,30,30,23,2026-01-03,WOS@WWW
UW-Oshkosh Titans,Vitorio Dante,offense,35,25,13,2026-01-03,WOS@WWW
UW-Oshkosh Titans,Vitorio Dante,offense,45,25,8,2026-01-03,WOS@WWW
UW-Whitewater,Richie Warren,defense,0,20,7,2026-01-03,WOS@WWW
UW-Whitewater,Richie Warren,defense,5,25,12,2026-01-03,WOS@WWW
UW-Whitewater,TEAM,defense,5,25,80,2026-01-03,WOS@WWW
UW-Whitewater,Richie Warren,defense,15,25,30,2026-01-03,WOS@WWW
UW-Whitewater,Luke Bara,defense,25,35,58,2026-01-03,WOS@WWW
UW-Whitewater,Luke Bara,defense,30,35,19,2026-01-03,WOS@WWW
UW-Oshkosh Titans,Oskar Kangas,defense,10,45,6,2026-01-03,WOS@WWW
UW-Oshkosh Titans,Oskar Kangas,defense,10,40,11,2026-01-03,WOS@WWW
UW-Whitewater,Brock Marino,offense,10,45,2,2026-01-03,WOS@WWW
UW-Whitewater,Brock Marino,offense,10,40,18,2026-01-03,WOS@WWW
UW-Oshkosh Titans,Aiden Hawkinson,defense,35,40,4,2026-01-03,WOS@WWW
UW-Oshkosh Titans,Aiden Hawkinson,defense,30,35,11,2026-01-03,WOS@WWW
UW-Oshkosh Titans,Aiden Hawkinson,defense,30,25,32,2026-01-03,WOS@WWW
UW-Whitewater,Collin Madson,offense,40,15,41,2026-01-03,WOS@WWW
UW-Oshkosh Titans,Oskar Kangas,defense,25,30,26,2026-01-03,WOS@WWW
UW-Oshkosh Titans,Oskar Kangas,defense,20,25,44,2026-01-03,WOS@WWW
UW-Oshkosh Titans,Oskar Kangas,defense,10,15,12,2026-01-03,WOS@WWW
UW-Oshkosh Titans,Oskar Kangas,defense,5,10,29,2026-01-03,WOS@WWW
UW-Oshkosh Titans,Oskar Kangas,defense,5,5,10,2026-01-03,WOS@WWW
UW-Oshkosh Titans,Oskar Kangas,defense,15,5,109,2026-01-03,WOS@WWW
UW-Oshkosh Titans,Oskar Kangas,defense,5,15,6,2026-01-03,WOS@WWW
UW-Oshkosh Titans,Oskar Kangas,defense,0,20,5,2026-01-03,WOS@WWW
UW-Oshkosh Titans,Vitorio Dante,defense,45,40,1,2026-01-03,WOS@WWW
UW-Oshkosh Titans,TEAM,defense,45,40,13,2026-01-03,WOS@WWW
UW-Oshkosh Titans,Vitorio Dante,defense,30,10,43,2026-01-03,WOS@WWW
UW-Oshkosh Titans,Vitorio Dante,defense,10,0,11,2026-01-03,WOS@WWW
UW-Oshkosh Titans,Vitorio Dante,defense,15,10,49,2026-01-03,WOS@WWW
UW-Oshkosh Titans,Vitorio Dante,defense,25,15,43,2026-01-03,WOS@WWW
UW-Whitewater,Richie Warren,offense,5,0,3,2026-01-03,WOS@WWW
UW-Oshkosh Titans,Jonah Rindfleisch,defense,10,10,6,2026-01-03,WOS@WWW
UW-Oshkosh Titans,Jonah Rindfleisch,defense,10,5,24,2026-01-03,WOS@WWW
UW-Oshkosh Titans,Jonah Rindfleisch,defense,15,5,76,2026-01-03,WOS@WWW
UW-Oshkosh Titans,Jonah Rindfleisch,defense,15,0,21,2026-01-03,WOS@WWW
UW-Oshkosh Titans,Jonah Rindfleisch,defense,15,10,144,2026-01-03,WOS@WWW
UW-Oshkosh Titans,Jonah Rindfleisch,defense,20,10,103,2026-01-03,WOS@WWW
UW-Oshkosh Titans,Jonah Rindfleisch,defense,20,5,51,2026-01-03,WOS@WWW
UW-Oshkosh Titans,Jonah Rindfleisch,defense,15,15,33,2026-01-03,WOS@WWW
UW-Whitewater,Darius Chestnut,offense,45,0,12,2026-01-03,WOS@WWW
UW-Whitewater,Darius Chestnut,offense,45,5,24,2026-01-03,WOS@WWW
UW-Whitewater,Darius Chestnut,offense,40,5,32,2026-01-03,WOS@WWW
UW-Whitewater,Darius Chestnut,offense,35,5,9,2026-01-03,WOS@WWW
UW-Whitewater,Darius Chestnut,offense,30,5,16,2026-01-03,WOS@WWW
UW-Whitewater,Darius Chestnut,offense,30,10,11,2026-01-03,WOS@WWW
UW-Whitewater,Darius Chestnut,offense,25,10,11,2026-01-03,WOS@WWW
UW-Whitewater,Darius Chestnut,offense,25,15,7,2026-01-03,WOS@WWW
UW-Whitewater,Darius Chestnut,offense,20,15,18,2026-01-03,WOS@WWW
UW-Whitewater,Darius Chestnut,offense,15,15,12,2026-01-03,WOS@WWW
UW-Whitewater,Darius Chestnut,offense,10,15,12,2026-01-03,WOS@WWW
UW-Whitewater,Darius Chestnut,offense,5,10,22,2026-01-03,WOS@WWW
UW-Oshkosh Titans,Matt Imig,defense,45,15,1,2026-01-03,WOS@WWW
UW-Oshkosh Titans,Matt Imig,defense,30,15,116,2026-01-03,WOS@WWW
UW-Oshkosh Titans,Matt Imig,defense,25,15,36,2026-01-03,WOS@WWW
UW-Oshkosh Titans,Matt Imig,defense,25,10,36,2026-01-03,WOS@WWW
UW-Oshkosh Titans,Matt Imig,defense,10,10,36,2026-01-03,WOS@WWW
UW-Oshkosh Titans,Matt Imig,defense,10,5,31,2026-01-03,WOS@WWW
UW-Oshkosh Titans,Matt Imig,defense,15,5,26,2026-01-03,WOS@WWW
UW-Oshkosh Titans,Matt Imig,defense,15,10,68,2026-01-03,WOS@WWW
UW-Oshkosh Titans,Matt Imig,defense,5,5,25,2026-01-03,WOS@WWW
UW-Oshkosh Titans,Matt Imig,defense,5,0,17,2026-01-03,WOS@WWW
UW-Oshkosh Titans,Matt Imig,defense,20,10,34,2026-01-03,WOS@WWW
UW-Oshkosh Titans,Aiden Hawkinson,defense,20,0,18,2026-01-03,WOS@WWW
UW-Oshkosh Titans,Aiden Hawkinson,defense,15,5,55,2026-01-03,WOS@WWW
UW-Oshkosh Titans,Aiden Hawkinson,defense,10,10,43,2026-01-03,WOS@WWW
UW-Oshkosh Titans,Aiden Hawkinson,defense,5,10,47,2026-01-03,WOS@WWW
UW-Whitewater,Luke Bara,offense,5,15,37,2026-01-03,WOS@WWW
UW-Oshkosh Titans,Vitorio Dante,defense,40,10,5,2026-01-03,WOS@WWW
UW-Oshkosh Titans,Vitorio Dante,defense,45,5,3,2026-01-03,WOS@WWW
UW-Oshkosh Titans,Oskar Kangas,defense,0,10,7,2026-01-03,WOS@WWW
UW-Oshkosh Titans,Matt Imig,defense,5,15,14,2026-01-03,WOS@WWW
UW-Oshkosh Titans,Matt Imig,defense,0,10,19,2026-01-03,WOS@WWW
UW-Oshkosh Titans,Matt Imig,defense,0,5,10,2026-01-03,WOS@WWW
UW-Oshkosh Titans,Matt Imig,defense,5,10,5,2026-01-03,WOS@WWW
UW-Oshkosh Titans,Aiden Hawkinson,defense,5,5,19,2026-01-03,WOS@WWW
UW-Oshkosh Titans,Aiden Hawkinson,defense,5,15,43,2026-01-03,WOS@WWW
UW-Oshkosh Titans,Aiden Hawkinson,defense,10,15,37,2026-01-03,WOS@WWW
UW-Oshkosh Titans,Jonah Rindfleisch,defense,25,10,72,2026-01-03,WOS@WWW
UW-Oshkosh Titans,Jonah Rindfleisch,defense,25,5,98,2026-01-03,WOS@WWW
UW-Oshkosh Titans,Jonah Rindfleisch,defense,30,5,84,2026-01-03,WOS@WWW
UW-Oshkosh Titans,Jonah Rindfleisch,defense,40,5,11,2026-01-03,WOS@WWW
UW-Oshkosh Titans,Jonah Rindfleisch,defense,20,20,29,2026-01-03,WOS@WWW
UW-Whitewater,Richie Warren,offense,40,5,23,2026-01-03,WOS@WWW
UW-Whitewater,Richie Warren,offense,45,10,39,2026-01-03,WOS@WWW
UW-Oshkosh Titans,Oskar Kangas,defense,30,10,93,2026-01-03,WOS@WWW
UW-Oshkosh Titans,Oskar Kangas,defense,25,15,24,2026-01-03,WOS@WWW
UW-Oshkosh Titans,Oskar Kangas,defense,20,5,86,2026-01-03,WOS@WWW
UW-Oshkosh Titans,Vitorio Dante,defense,5,10,31,2026-01-03,WOS@WWW
UW-Oshkosh Titans,Vitorio Dante,defense,5,0,3,2026-01-03,WOS@WWW
UW-Oshkosh Titans,Vitorio Dante,defense,5,5,18,2026-01-03,WOS@WWW
UW-Oshkosh Titans,Vitorio Dante,defense,20,10,39,2026-01-03,WOS@WWW
UW-Oshkosh Titans,Vitorio Dante,defense,5,20,3,2026-01-03,WOS@WWW
UW-Whitewater,Darius Chestnut,offense,10,10,5,2026-01-03,WOS@WWW
UW-Whitewater,Darius Chestnut,offense,15,10,17,2026-01-03,WOS@WWW
UW-Whitewater,Brock Marino,offense,0,15,2,2026-01-03,WOS@WWW
UW-Whitewater,Brock Marino,offense,0,20,6,2026-01-03,WOS@WWW
UW-Whitewater,Darius Chestnut,offense,5,5,7,2026-01-03,WOS@WWW
UW-Whitewater,Darius Chestnut,offense,5,15,13,2026-01-03,WOS@WWW
UW-Whitewater,Darius Chestnut,offense,5,20,21,2026-01-03,WOS@WWW
UW-Whitewater,Darius Chestnut,offense,5,25,29,2026-01-03,WOS@WWW
UW-Whitewater,Darius Chestnut,offense,35,25,32,2026-01-03,WOS@WWW
UW-Whitewater,Darius Chestnut,offense,30,15,15,2026-01-03,WOS@WWW
UW-Whitewater,Darius Chestnut,offense,25,5,4,2026-01-03,WOS@WWW
UW-Oshkosh Titans,Aiden Hawkinson,defense,15,0,16,2026-01-03,WOS@WWW
UW-Whitewater,Luke Bara,defense,35,35,11,2026-01-03,WOS@WWW
UW-Whitewater,Luke Bara,defense,40,30,10,2026-01-03,WOS@WWW
UW-Whitewater,Luke Bara,defense,40,25,11,2026-01-03,WOS@WWW
UW-Oshkosh Titans,Matt Imig,offense,40,40,19,2026-01-03,WOS@WWW
UW-Oshkosh Titans,Matt Imig,offense,45,40,2,2026-01-03,WOS@WWW
UW-Oshkosh Titans,Oskar Kangas,offense,5,40,5,2026-01-03,WOS@WWW
UW-Oshkosh Titans,TEAM,offense,5,40,57,2026-01-03,WOS@WWW
UW-Oshkosh Titans,Oskar Kangas,offense,10,35,14,2026-01-03,WOS@WWW
UW-Oshkosh Titans,Oskar Kangas,offense,20,15,24,2026-01-03,WOS@WWW
UW-Whitewater,Richie Warren,defense,35,45,9,2026-01-03,WOS@WWW
UW-Whitewater,Richie Warren,defense,35,40,18,2026-01-03,WOS@WWW
UW-Whitewater,Richie Warren,defense,35,35,11,2026-01-03,WOS@WWW
UW-Oshkosh Titans,Aiden Hawkinson,offense,30,20,13,2026-01-03,WOS@WWW
UW-Whitewater,Collin Madson,defense,25,0,16,2026-01-03,WOS@WWW
UW-Whitewater,Darius Chestnut,defense,30,20,30,2026-01-03,WOS@WWW
UW-Whitewater,Darius Chestnut,defense,35,20,7,2026-01-03,WOS@WWW
UW-Whitewater,Darius Chestnut,defense,25,20,30,2026-01-03,WOS@WWW
UW-Whitewater,Darius Chestnut,defense,25,15,14,2026-01-03,WOS@WWW
UW-Whitewater,Darius Chestnut,defense,15,15,20,2026-01-03,WOS@WWW
UW-Whitewater,Darius Chestnut,defense,20,5,16,2026-01-03,WOS@WWW
UW-Whitewater,Darius Chestnut,defense,15,5,38,2026-01-03,WOS@WWW
UW-Oshkosh Titans,Jonah Rindfleisch,offense,10,40,4,2026-01-03,WOS@WWW
UW-Oshkosh Titans,Jonah Rindfleisch,offense,0,30,4,2026-01-03,WOS@WWW
UW-Oshkosh Titans,Vitorio Dante,offense,0,40,3,2026-01-03,WOS@WWW
UW-Oshkosh Titans,Vitorio Dante,offense,5,15,5,2026-01-03,WOS@WWW
UW-Oshkosh Titans,Vitorio Dante,offense,15,25,25,2026-01-03,WOS@WWW
UW-Oshkosh Titans,Vitorio Dante,offense,15,20,26,2026-01-03,WOS@WWW
UW-Oshkosh Titans,Vitorio Dante,offense,10,0,4,2026-01-03,WOS@WWW
UW-Oshkosh Titans,Vitorio Dante,offense,15,5,7,2026-01-03,WOS@WWW
UW-Oshkosh Titans,Jonah Rindfleisch,offense,0,10,12,2026-01-03,WOS@WWW
UW-Oshkosh Titans,Matt Imig,offense,30,10,9,2026-01-03,WOS@WWW
UW-Whitewater,Richie Warren,defense,0,5,3,2026-01-03,WOS@WWW
UW-Oshkosh Titans,Oskar Kangas,offense,45,5,11,2026-01-03,WOS@WWW
UW-Oshkosh Titans,Oskar Kangas,offense,45,15,5,2026-01-03,WOS@WWW
UW-Oshkosh Titans,Aiden Hawkinson,offense,25,20,12,2026-01-03,WOS@WWW
UW-Oshkosh Titans,Jonah Rindfleisch,offense,20,25,40,2026-01-03,WOS@WWW
UW-Oshkosh Titans,Matt Imig,offense,35,10,9,2026-01-03,WOS@WWW
UW-Oshkosh Titans,Matt Imig,offense,30,5,10,2026-01-03,WOS@WWW
UW-Oshkosh Titans,Matt Imig,offense,25,5,5,2026-01-03,WOS@WWW
UW-Oshkosh Titans,Matt Imig,offense,20,15,15,2026-01-03,WOS@WWW
UW-Whitewater,Luke Bara,defense,35,40,4,2026-01-03,WOS@WWW
UW-Oshkosh Titans,Aiden Hawkinson,offense,25,0,8,2026-01-03,WOS@WWW
UW-Oshkosh Titans,Vitorio Dante,offense,30,15,28,2026-01-03,WOS@WWW
UW-Oshkosh Titans,Jonah Rindfleisch,defense,40,35,2,2026-01-03,WOS@WWW
UW-Oshkosh Titans,TEAM,defense,40,35,78,2026-01-03,WOS@WWW
UW-Oshkosh Titans,Jonah Rindfleisch,defense,45,35,1,2026-01-03,WOS@WWW
UW-Oshkosh Titans,TEAM,defense,45,35,9,2026-01-03,WOS@WWW
UW-Oshkosh Titans,Matt Imig,defense,25,45,1,2026-01-03,WOS@WWW
UW-Oshkosh Titans,Matt Imig,defense,35,45,2,2026-01-03,WOS@WWW
UW-Oshkosh Titans,Matt Imig,defense,35,40,8,2026-01-03,WOS@WWW
UW-Oshkosh Titans,Matt Imig,defense,40,25,3,2026-01-03,WOS@WWW
UW-Oshkosh Titans,Matt Imig,defense,40,20,3,2026-01-03,WOS@WWW
UW-Oshkosh Titans,Matt Imig,defense,35,20,7,2026-01-03,WOS@WWW
UW-Oshkosh Titans,Matt Imig,defense,20,15,37,2026-01-03,WOS@WWW
UW-Oshkosh Titans,Matt Imig,defense,15,15,60,2026-01-03,WOS@WWW
UW-Oshkosh Titans,Matt Imig,defense,10,15,29,2026-01-03,WOS@WWW
UW-Oshkosh Titans,Matt Imig,defense,20,25,22,2026-01-03,WOS@WWW
UW-Oshkosh Titans,Matt Imig,defense,15,25,18,2026-01-03,WOS@WWW
UW-Oshkosh Titans,Matt Imig,defense,10,20,11,2026-01-03,WOS@WWW
UW-Oshkosh Titans,Matt Imig,defense,15,20,37,2026-01-03,WOS@WWW
UW-Whitewater,Collin Madson,offense,40,25,50,2026-01-03,WOS@WWW
UW-Whitewater,Collin Madson,offense,35,25,73,2026-01-03,WOS@WWW
UW-Whitewater,Luke Bara,offense,45,40,17,2026-01-03,WOS@WWW
UW-Whitewater,TEAM,offense,45,40,78,2026-01-03,WOS@WWW
UW-Oshkosh Titans,Aiden Hawkinson,defense,20,40,15,2026-01-03,WOS@WWW
UW-Oshkosh Titans,Aiden Hawkinson,defense,5,35,8,2026-01-03,WOS@WWW
UW-Oshkosh Titans,Aiden Hawkinson,defense,15,30,13,2026-01-03,WOS@WWW
UW-Oshkosh Titans,Aiden Hawkinson,defense,15,25,13,2026-01-03,WOS@WWW
UW-Oshkosh Titans,Aiden Hawkinson,defense,10,25,19,2026-01-03,WOS@WWW
UW-Oshkosh Titans,Aiden Hawkinson,defense,10,5,20,2026-01-03,WOS@WWW
UW-Oshkosh Titans,Aiden Hawkinson,defense,5,20,11,2026-01-03,WOS@WWW
UW-Oshkosh Titans,Aiden Hawkinson,defense,0,5,4,2026-01-03,WOS@WWW
UW-Oshkosh Titans,Aiden Hawkinson,defense,5,25,8,2026-01-03,WOS@WWW
UW-Oshkosh Titans,Aiden Hawkinson,defense,10,30,13,2026-01-03,WOS@WWW
UW-Oshkosh Titans,Aiden Hawkinson,defense,15,35,4,2026-01-03,WOS@WWW
UW-Oshkosh Titans,Aiden Hawkinson,defense,10,35,7,2026-01-03,WOS@WWW
UW-Oshkosh Titans,Aiden Hawkinson,defense,15,40,5,2026-01-03,WOS@WWW
UW-Whitewater,Darius Chestnut,offense,10,40,11,2026-01-03,WOS@WWW
UW-Whitewater,Darius Chestnut,offense,5,45,1,2026-01-03,WOS@WWW
UW-Whitewater,Darius Chestnut,offense,5,40,7,2026-01-03,WOS@WWW
UW-Whitewater,Darius Chestnut,offense,5,35,6,2026-01-03,WOS@WWW
UW-Whitewater,Darius Chestnut,offense,5,30,14,2026-01-03,WOS@WWW
UW-Whitewater,Darius Chestnut,offense,0,25,13,2026-01-03,WOS@WWW
UW-Whitewater,Darius Chestnut,offense,0,20,11,2026-01-03,WOS@WWW
UW-Whitewater,Darius Chestnut,offense,0,15,12,2026-01-03,WOS@WWW
UW-Whitewater,Darius Chestnut,offense,20,10,9,2026-01-03,WOS@WWW
UW-Whitewater,Darius Chestnut,offense,15,0,7,2026-01-03,WOS@WWW
UW-Whitewater,Darius Chestnut,offense,15,20,14,2026-01-03,WOS@WWW
UW-Whitewater,Darius Chestnut,offense,20,5,9,2026-01-03,WOS@WWW
UW-Whitewater,Darius Chestnut,offense,20,0,3,2026-01-03,WOS@WWW
UW-Oshkosh Titans,Matt Imig,defense,0,40,8,2026-01-03,WOS@WWW
UW-Oshkosh Titans,Vitorio Dante,defense,35,40,2,2026-01-03,WOS@WWW
UW-Oshkosh Titans,Vitorio Dante,defense,30,35,6,2026-01-03,WOS@WWW
UW-Oshkosh Titans,Vitorio Dante,defense,25,30,20,2026-01-03,WOS@WWW
UW-Oshkosh Titans,Vitorio Dante,defense,25,25,20,2026-01-03,WOS@WWW
UW-Oshkosh Titans,Vitorio Dante,defense,20,25,42,2026-01-03,WOS@WWW
UW-Oshkosh Titans,Vitorio Dante,defense,25,5,61,2026-01-03,WOS@WWW
UW-Oshkosh Titans,Vitorio Dante,defense,25,0,37,2026-01-03,WOS@WWW
UW-Oshkosh Titans,Oskar Kangas,defense,25,0,16,2026-01-03,WOS@WWW
UW-Oshkosh Titans,Oskar Kangas,defense,25,5,81,2026-01-03,WOS@WWW
UW-Oshkosh Titans,Oskar Kangas,defense,30,15,48,2026-01-03,WOS@WWW
UW-Oshkosh Titans,Oskar Kangas,defense,30,25,19,2026-01-03,WOS@WWW
UW-Oshkosh Titans,Oskar Kangas,defense,30,5,80,2026-01-03,WOS@WWW
UW-Oshkosh Titans,Oskar Kangas,defense,20,0,56,2026-01-03,WOS@WWW
UW-Oshkosh Titans,Oskar Kangas,defense,30,0,10,2026-01-03,WOS@WWW
UW-Oshkosh Titans,Jonah Rindfleisch,defense,35,0,2,2026-01-03,WOS@WWW
UW-Oshkosh Titans,Jonah Rindfleisch,defense,45,5,4,2026-01-03,WOS@WWW
UW-Oshkosh Titans,Jonah Rindfleisch,defense,35,10,51,2026-01-03,WOS@WWW
UW-Oshkosh Titans,Jonah Rindfleisch,defense,30,10,60,2026-01-03,WOS@WWW
UW-Oshkosh Titans,Jonah Rindfleisch,defense,5,5,12,2026-01-03,WOS@WWW
UW-Oshkosh Titans,Jonah Rindfleisch,defense,20,0,15,2026-01-03,WOS@WWW
UW-Whitewater,Brock Marino,offense,15,20,20,2026-01-03,WOS@WWW
UW-Whitewater,Collin Madson,offense,35,20,54,2026-01-03,WOS@WWW
UW-Whitewater,Collin Madson,offense,30,10,160,2026-01-03,WOS@WWW
UW-Oshkosh Titans,Matt Imig,defense,20,0,29,2026-01-03,WOS@WWW
UW-Whitewater,Richie Warren,offense,45,15,4,2026-01-03,WOS@WWW
UW-Oshkosh Titans,Jonah Rindfleisch,defense,10,15,17,2026-01-03,WOS@WWW
UW-Oshkosh Titans,Jonah Rindfleisch,defense,10,20,7,2026-01-03,WOS@WWW
UW-Oshkosh Titans,Jonah Rindfleisch,defense,5,25,4,2026-01-03,WOS@WWW
UW-Whitewater,Darius Chestnut,offense,35,20,5,2026-01-03,WOS@WWW
UW-Whitewater,Darius Chestnut,offense,40,40,4,2026-01-03,WOS@WWW
UW-Whitewater,Darius Chestnut,offense,35,40,2,2026-01-03,WOS@WWW
UW-Whitewater,Richie Warren,defense,30,35,6,2026-01-03,WOS@WWW
UW-Whitewater,Darius Chestnut,defense,10,35,9,2026-01-03,WOS@WWW
UW-Whitewater,Darius Chestnut,defense,15,30,9,2026-01-03,WOS@WWW
UW-Whitewater,Darius Chestnut,defense,10,25,7,2026-01-03,WOS@WWW
UW-Whitewater,Darius Chestnut,defense,15,10,23,2026-01-03,WOS@WWW
UW-Whitewater,Darius Chestnut,defense,5,5,4,2026-01-03,WOS@WWW
UW-Oshkosh Titans,Oskar Kangas,offense,40,25,16,2026-01-03,WOS@WWW
UW-Oshkosh Titans,Oskar Kangas,offense,45,25,3,2026-01-03,WOS@WWW
UW-Oshkosh Titans,Oskar Kangas,offense,40,15,7,2026-01-03,WOS@WWW
UW-Oshkosh Titans,Oskar Kangas,offense,35,10,19,2026-01-03,WOS@WWW
UW-Oshkosh Titans,Jonah Rindfleisch,offense,5,45,1,2026-01-03,WOS@WWW
UW-Oshkosh Titans,Jonah Rindfleisch,offense,15,35,4,2026-01-03,WOS@WWW
UW-Oshkosh Titans,Jonah Rindfleisch,offense,10,30,12,2026-01-03,WOS@WWW
UW-Oshkosh Titans,Jonah Rindfleisch,offense,10,25,15,2026-01-03,WOS@WWW
UW-Oshkosh Titans,Jonah Rindfleisch,offense,10,35,12,2026-01-03,WOS@WWW
UW-Oshkosh Titans,Jonah Rindfleisch,offense,15,40,6,2026-01-03,WOS@WWW
UW-Oshkosh Titans,Vitorio Dante,offense,10,45,2,2026-01-03,WOS@WWW
UW-Oshkosh Titans,Vitorio Dante,offense,15,10,10,2026-01-03,WOS@WWW
UW-Oshkosh Titans,Jonah Rindfleisch,defense,20,45,1,2026-01-03,WOS@WWW
UW-Oshkosh Titans,Jonah Rindfleisch,defense,20,35,14,2026-01-03,WOS@WWW
UW-Oshkosh Titans,Jonah Rindfleisch,defense,25,45,6,2026-01-03,WOS@WWW
UW-Oshkosh Titans,Jonah Rindfleisch,defense,35,35,9,2026-01-03,WOS@WWW
UW-Oshkosh Titans,Oskar Kangas,defense,35,25,12,2026-01-03,WOS@WWW
UW-Whitewater,Darius Chestnut,offense,25,0,7,2026-01-03,WOS@WWW
UW-Oshkosh Titans,Matt Imig,defense,20,20,31,2026-01-03,WOS@WWW
UW-Oshkosh Titans,Matt Imig,defense,25,25,28,2026-01-03,WOS@WWW
UW-Oshkosh Titans,Matt Imig,defense,15,35,4,2026-01-03,WOS@WWW
UW-Oshkosh Titans,Matt Imig,defense,10,35,4,2026-01-03,WOS@WWW
UW-Oshkosh Titans,Matt Imig,defense,5,30,4,2026-01-03,WOS@WWW
UW-Oshkosh Titans,Matt Imig,defense,0,25,1,2026-01-03,WOS@WWW
UW-Oshkosh Titans,Matt Imig,defense,10,25,4,2026-01-03,WOS@WWW
UW-Oshkosh Titans,Vitorio Dante,defense,15,15,28,2026-01-03,WOS@WWW
UW-Oshkosh Titans,Vitorio Dante,defense,5,15,6,2026-01-03,WOS@WWW
UW-Oshkosh Titans,Vitorio Dante,defense,15,25,41,2026-01-03,WOS@WWW
UW-Oshkosh Titans,Vitorio Dante,defense,25,40,2,2026-01-03,WOS@WWW
UW-Oshkosh Titans,Vitorio Dante,defense,30,40,6,2026-01-03,WOS@WWW
UW-Oshkosh Titans,Vitorio Dante,defense,35,45,2,2026-01-03,WOS@WWW
UW-Oshkosh Titans,Vitorio Dante,defense,30,30,33,2026-01-03,WOS@WWW
UW-Whitewater,Brock Marino,offense,25,40,32,2026-01-03,WOS@WWW
UW-Whitewater,Brock Marino,offense,40,40,38,2026-01-03,WOS@WWW
UW-Whitewater,Darius Chestnut,offense,35,15,17,2026-01-03,WOS@WWW
UW-Whitewater,Darius Chestnut,offense,40,30,7,2026-01-03,WOS@WWW
UW-Whitewater,Darius Chestnut,offense,40,35,6,2026-01-03,WOS@WWW
UW-Whitewater,Richie Warren,offense,20,0,17,2026-01-03,WOS@WWW
UW-Oshkosh Titans,Aiden Hawkinson,defense,30,30,11,2026-01-03,WOS@WWW
UW-Oshkosh Titans,Oskar Kangas,defense,35,35,9,2026-01-03,WOS@WWW
UW-Oshkosh Titans,Oskar Kangas,defense,35,40,16,2026-01-03,WOS@WWW
UW-Whitewater,Collin Madson,offense,40,20,54,2026-01-03,WOS@WWW
UW-Whitewater,Darius Chestnut,offense,40,45,1,2026-01-03,WOS@WWW
UW-Whitewater,Darius Chestnut,offense,30,25,28,2026-01-03,WOS@WWW
UW-Whitewater,Darius Chestnut,offense,30,20,12,2026-01-03,WOS@WWW
UW-Whitewater,Darius Chestnut,offense,25,20,4,2026-01-03,WOS@WWW
UW-Oshkosh Titans,Jonah Rindfleisch,defense,35,45,4,2026-01-03,WOS@WWW
UW-Oshkosh Titans,Jonah Rindfleisch,defense,35,40,14,2026-01-03,WOS@WWW
UW-Oshkosh Titans,Jonah Rindfleisch,defense,40,40,6,2026-01-03,WOS@WWW
UW-Oshkosh Titans,TEAM,defense,40,40,91,2026-01-03,WOS@WWW
UW-Oshkosh Titans,Aiden Hawkinson,defense,20,35,14,2026-01-03,WOS@WWW
UW-Oshkosh Titans,Aiden Hawkinson,defense,25,40,16,2026-01-03,WOS@WWW
UW-Oshkosh Titans,Oskar Kangas,defense,25,45,5,2026-01-03,WOS@WWW
UW-Oshkosh Titans,Oskar Kangas,defense,30,45,3,2026-01-03,WOS@WWW
UW-Oshkosh Titans,Matt Imig,defense,30,35,3,2026-01-03,WOS@WWW
UW-Oshkosh Titans,Matt Imig,defense,15,30,9,2026-01-03,WOS@WWW
UW-Oshkosh Titans,Jonah Rindfleisch,defense,20,30,20,2026-01-03,WOS@WWW
UW-Oshkosh Titans,Jonah Rindfleisch,defense,20,25,19,2026-01-03,WOS@WWW
UW-Oshkosh Titans,Jonah Rindfleisch,defense,15,25,19,2026-01-03,WOS@WWW
UW-Oshkosh Titans,Aiden Hawkinson,defense,25,35,12,2026-01-03,WOS@WWW
UW-Oshkosh Titans,Aiden Hawkinson,defense,20,30,21,2026-01-03,WOS@WWW
UW-Oshkosh Titans,Aiden Hawkinson,defense,25,30,15,2026-01-03,WOS@WWW
UW-Oshkosh Titans,Aiden Hawkinson,defense,20,25,32,2026-01-03,WOS@WWW
UW-Oshkosh Titans,Brandon Beck,offense,20,20,30,2026-01-03,WOS@WWW
UW-Oshkosh Titans,Joey LaChapell,offense,25,40,8,2026-01-03,WOS@WWW
UW-Oshkosh Titans,Joey LaChapell,offense,20,5,31,2026-01-03,WOS@WWW
UW-Oshkosh Titans,Michael Metcalf-Grassman,offense,20,25,38,2026-01-03,WOS@WWW
UW-Oshkosh Titans,Michael Metcalf-Grassman,offense,15,20,29,2026-01-03,WOS@WWW
UW-Oshkosh Titans,Michael Metcalf-Grassman,offense,15,15,13,2026-01-03,WOS@WWW
UW-Oshkosh Titans,Nate Nazos,offense,25,35,8,2026-01-03,WOS@WWW
UW-Oshkosh Titans,Nate Nazos,offense,25,40,8,2026-01-03,WOS@WWW
UW-Whitewater,Darius Chestnut,defense,35,5,15,2026-01-03,WOS@WWW
UW-Whitewater,Darius Chestnut,defense,30,5,98,2026-01-03,WOS@WWW
UW-Oshkosh Titans,Nate Nazos,offense,20,35,18,2026-01-03,WOS@WWW
UW-Oshkosh Titans,Nate Nazos,offense,15,30,14,2026-01-03,WOS@WWW
UW-Whitewater,Brandon Beck,defense,20,15,1,2026-01-03,WOS@WWW
UW-Whitewater,Brandon Beck,defense,25,20,2,2026-01-03,WOS@WWW
UW-Whitewater,Brandon Beck,defense,25,25,1,2026-01-03,WOS@WWW
UW-Whitewater,Brandon Beck,defense,25,30,4,2026-01-03,WOS@WWW
UW-Whitewater,Brandon Beck,defense,20,25,1,2026-01-03,WOS@WWW
UW-Whitewater,Brandon Beck,defense,20,30,4,2026-01-03,WOS@WWW
UW-Whitewater,Brandon Beck,defense,20,35,4,2026-01-03,WOS@WWW
UW-Whitewater,Brandon Beck,defense,20,40,1,2026-01-03,WOS@WWW
UW-Whitewater,Luke Bara,defense,5,0,21,2026-01-03,WOS@WWW
UW-Oshkosh Titans,Brandon Beck,offense,0,5,39,2026-01-03,WOS@WWW
UW-Oshkosh Titans,Nate Nazos,offense,10,10,9,2026-01-03,WOS@WWW
UW-Whitewater,TEAM,offense,0,45,38,2026-01-03,WOS@WWW
UW-Oshkosh Titans,TEAM,defense,45,0,21,2026-01-03,WOS@WWW
UW-Whitewater,Collin Madson,defense,5,25,24,2026-01-03,WOS@WWW
UW-Whitewater,Collin Madson,defense,5,30,28,2026-01-03,WOS@WWW
UW-Whitewater,TEAM,defense,5,30,45,2026-01-03,WOS@WWW
UW-Whitewater,Collin Madson,defense,0,30,2,2026-01-03,WOS@WWW
UW-Whitewater,TEAM,defense,0,30,29,2026-01-03,WOS@WWW
UW-Oshkosh Titans,Oskar Kangas,offense,10,40,4,2026-01-03,WOS@WWW
UW-Oshkosh Titans,Oskar Kangas,offense,5,35,8,2026-01-03,WOS@WWW
UW-Oshkosh Titans,Oskar Kangas,offense,40,0,9,2026-01-03,WOS@WWW
UW-Whitewater,Jake Quast,defense,30,30,10,2026-01-03,WOS@WWW
UW-Whitewater,Jake Quast,defense,25,30,24,2026-01-03,WOS@WWW
UW-Whitewater,Jake Quast,defense,15,30,3,2026-01-03,WOS@WWW
UW-Whitewater,Jake Quast,defense,20,30,39,2026-01-03,WOS@WWW
UW-Whitewater,Jake Quast,defense,15,10,52,2026-01-03,WOS@WWW
UW-Whitewater,Jake Quast,defense,10,10,25,2026-01-03,WOS@WWW
UW-Whitewater,Jake Quast,defense,5,10,44,2026-01-03,WOS@WWW
UW-Whitewater,Jake Quast,defense,20,0,13,2026-01-03,WOS@WWW
UW-Whitewater,Jake Quast,defense,20,25,47,2026-01-03,WOS@WWW
UW-Whitewater,Jake Quast,defense,30,15,44,2026-01-03,WOS@WWW
UW-Whitewater,Jake Quast,defense,30,10,87,2026-01-03,WOS@WWW
UW-Whitewater,Jake Quast,defense,30,5,73,2026-01-03,WOS@WWW
UW-Whitewater,Jake Quast,defense,30,20,23,2026-01-03,WOS@WWW
UW-Whitewater,Jake Quast,defense,20,5,56,2026-01-03,WOS@WWW
UW-Whitewater,Jake Quast,defense,15,0,13,2026-01-03,WOS@WWW
UW-Whitewater,Jake Quast,defense,15,5,68,2026-01-03,WOS@WWW
UW-Oshkosh Titans,Aiden Hawkinson,offense,5,35,5,2026-01-03,WOS@WWW
UW-Oshkosh Titans,Aiden Hawkinson,offense,5,40,5,2026-01-03,WOS@WWW
UW-Oshkosh Titans,Aiden Hawkinson,offense,0,35,9,2026-01-03,WOS@WWW
UW-Oshkosh Titans,Jonah Rindfleisch,offense,0,40,1,2026-01-03,WOS@WWW
UW-Oshkosh Titans,Jonah Rindfleisch,offense,0,20,8,2026-01-03,WOS@WWW
UW-Oshkosh Titans,Logan Rindfleisch,offense,10,20,11,2026-01-03,WOS@WWW
UW-Oshkosh Titans,Logan Rindfleisch,offense,15,15,15,2026-01-03,WOS@WWW
UW-Oshkosh Titans,Logan Rindfleisch,offense,5,30,1,2026-01-03,WOS@WWW
UW-Oshkosh Titans,Logan Rindfleisch,offense,0,20,1,2026-01-03,WOS@WWW
UW-Oshkosh Titans,Logan Rindfleisch,offense,5,25,8,2026-01-03,WOS@WWW
UW-Oshkosh Titans,Logan Rindfleisch,offense,10,25,9,2026-01-03,WOS@WWW
UW-Oshkosh Titans,Logan Rindfleisch,offense,30,25,15,2026-01-03,WOS@WWW
UW-Oshkosh Titans,Logan Rindfleisch,offense,25,0,2,2026-01-03,WOS@WWW
UW-Whitewater,Joey Berezowitz,defense,15,5,88,2026-01-03,WOS@WWW
UW-Whitewater,Joey Berezowitz,defense,10,5,10,2026-01-03,WOS@WWW
UW-Whitewater,Joey Berezowitz,defense,5,5,28,2026-01-03,WOS@WWW
UW-Whitewater,Joey Berezowitz,defense,5,10,13,2026-01-03,WOS@WWW
UW-Whitewater,Joey Berezowitz,defense,0,10,2,2026-01-03,WOS@WWW
UW-Whitewater,Joey Berezowitz,defense,10,15,15,2026-01-03,WOS@WWW
UW-Whitewater,Joey Berezowitz,defense,15,15,26,2026-01-03,WOS@WWW
UW-Whitewater,Joey Berezowitz,defense,20,5,34,2026-01-03,WOS@WWW
UW-Whitewater,Joey Berezowitz,defense,30,10,42,2026-01-03,WOS@WWW
UW-Oshkosh Titans,Jonah Rindfleisch,offense,0,0,4,2026-01-03,WOS@WWW
UW-Oshkosh Titans,Jonah Rindfleisch,offense,5,0,7,2026-01-03,WOS@WWW
UW-Oshkosh Titans,Jonah Rindfleisch,offense,45,15,3,2026-01-03,WOS@WWW
UW-Oshkosh Titans,Jonah Rindfleisch,offense,45,10,11,2026-01-03,WOS@WWW
UW-Oshkosh Titans,Jonah Rindfleisch,offense,35,5,5,2026-01-03,WOS@WWW
UW-Oshkosh Titans,Matt Imig,offense,0,0,7,2026-01-03,WOS@WWW
UW-Oshkosh Titans,Matt Imig,offense,25,0,8,2026-01-03,WOS@WWW
UW-Oshkosh Titans,Matt Imig,offense,25,25,15,2026-01-03,WOS@WWW
UW-Whitewater,Darius Chestnut,defense,45,5,3,2026-01-03,WOS@WWW
UW-Whitewater,Darius Chestnut,defense,45,10,9,2026-01-03,WOS@WWW
UW-Whitewater,Darius Chestnut,defense,40,10,6,2026-01-03,WOS@WWW
UW-Whitewater,Darius Chestnut,defense,45,15,6,2026-01-03,WOS@WWW
UW-Oshkosh Titans,Aiden Hawkinson,offense,20,25,38,2026-01-03,WOS@WWW
UW-Oshkosh Titans,Aiden Hawkinson,offense,15,35,10,2026-01-03,WOS@WWW
UW-Oshkosh Titans,Aiden Hawkinson,offense,45,25,3,2026-01-03,WOS@WWW
UW-Oshkosh Titans,Oskar Kangas,offense,10,0,4,2026-01-03,WOS@WWW
UW-Whitewater,Joey Berezowitz,defense,35,5,40,2026-01-03,WOS@WWW
UW-Whitewater,Joey Berezowitz,defense,35,10,85,2026-01-03,WOS@WWW
UW-Whitewater,Joey Berezowitz,defense,30,5,44,2026-01-03,WOS@WWW
UW-Whitewater,Joey Berezowitz,defense,35,0,1,2026-01-03,WOS@WWW
UW-Oshkosh Titans,Jonah Rindfleisch,offense,5,20,15,2026-01-03,WOS@WWW
UW-Oshkosh Titans,Jonah Rindfleisch,offense,5,25,2,2026-01-03,WOS@WWW
UW-Whitewater,Darius Chestnut,defense,0,5,2,2026-01-03,WOS@WWW
UW-Whitewater,Darius Chestnut,defense,0,0,2,2026-01-03,WOS@WWW
UW-Oshkosh Titans,Matt Imig,offense,10,0,4,2026-01-03,WOS@WWW
UW-Oshkosh Titans,Matt Imig,offense,10,5,6,2026-01-03,WOS@WWW
UW-Oshkosh Titans,Jonah Rindfleisch,defense,15,35,10,2026-01-03,WOS@WWW
UW-Oshkosh Titans,Oskar Kangas,defense,25,35,7,2026-01-03,WOS@WWW
UW-Whitewater,Darius Chestnut,offense,15,40,4,2026-01-03,WOS@WWW
UW-Oshkosh Titans,Matt Imig,defense,15,40,6,2026-01-03,WOS@WWW
UW-Oshkosh Titans,Matt Imig,defense,25,20,42,2026-01-03,WOS@WWW
UW-Oshkosh Titans,Logan Rindfleisch,defense,10,40,5,2026-01-03,WOS@WWW
UW-Oshkosh Titans,Logan Rindfleisch,defense,25,35,5,2026-01-03,WOS@WWW
UW-Whitewater,Jake Quast,offense,15,40,10,2026-01-03,WOS@WWW
UW-Whitewater,Jake Quast,offense,15,35,10,2026-01-03,WOS@WWW
UW-Whitewater,Jake Quast,offense,15,30,32,2026-01-03,WOS@WWW
UW-Whitewater,Jake Quast,offense,30,15,50,2026-01-03,WOS@WWW
UW-Whitewater,Jake Quast,offense,35,15,20,2026-01-03,WOS@WWW
UW-Whitewater,Jake Quast,offense,25,15,55,2026-01-03,WOS@WWW
UW-Whitewater,Jake Quast,offense,30,20,37,2026-01-03,WOS@WWW
UW-Whitewater,Jake Quast,offense,25,20,100,2026-01-03,WOS@WWW
UW-Whitewater,Jake Quast,offense,30,10,191,2026-01-03,WOS@WWW
UW-Whitewater,Jake Quast,offense,35,5,13,2026-01-03,WOS@WWW
UW-Whitewater,Jake Quast,offense,35,10,46,2026-01-03,WOS@WWW
UW-Whitewater,Jake Quast,offense,45,10,75,2026-01-03,WOS@WWW
UW-Whitewater,Joey Berezowitz,offense,25,40,9,2026-01-03,WOS@WWW
UW-Whitewater,Joey Berezowitz,offense,20,40,26,2026-01-03,WOS@WWW
UW-Whitewater,Joey Berezowitz,offense,30,30,17,2026-01-03,WOS@WWW
UW-Whitewater,Joey Berezowitz,offense,35,25,15,2026-01-03,WOS@WWW
UW-Whitewater,Joey Berezowitz,offense,30,20,31,2026-01-03,WOS@WWW
UW-Whitewater,Joey Berezowitz,offense,30,15,87,2026-01-03,WOS@WWW
UW-Whitewater,Joey Berezowitz,offense,35,15,18,2026-01-03,WOS@WWW
UW-Whitewater,Joey Berezowitz,offense,40,10,32,2026-01-03,WOS@WWW
UW-Whitewater,Joey Berezowitz,offense,45,10,55,2026-01-03,WOS@WWW
UW-Whitewater,Joey Berezowitz,offense,45,15,20,2026-01-03,WOS@WWW
UW-Whitewater,Joey Berezowitz,offense,40,20,12,2026-01-03,WOS@WWW
UW-Whitewater,Joey Berezowitz,offense,40,15,14,2026-01-03,WOS@WWW
UW-Whitewater,Joey Berezowitz,offense,35,0,6,2026-01-03,WOS@WWW
UW-Whitewater,Joey Berezowitz,offense,40,0,10,2026-01-03,WOS@WWW
UW-Whitewater,Joey Berezowitz,offense,30,5,37,2026-01-03,WOS@WWW
UW-Whitewater,Joey Berezowitz,offense,30,10,64,2026-01-03,WOS@WWW
UW-Whitewater,Joey Berezowitz,offense,15,20,29,2026-01-03,WOS@WWW
UW-Oshkosh Titans,Jonah Rindfleisch,defense,45,40,3,2026-01-03,WOS@WWW
UW-Oshkosh Titans,Jonah Rindfleisch,defense,40,30,2,2026-01-03,WOS@WWW
UW-Oshkosh Titans,TEAM,defense,40,30,86,2026-01-03,WOS@WWW
UW-Oshkosh Titans,Jonah Rindfleisch,defense,40,20,7,2026-01-03,WOS@WWW
UW-Oshkosh Titans,Jonah Rindfleisch,defense,45,15,2,2026-01-03,WOS@WWW
UW-Oshkosh Titans,Jonah Rindfleisch,defense,35,5,34,2026-01-03,WOS@WWW
UW-Oshkosh Titans,Jonah Rindfleisch,defense,30,0,22,2026-01-03,WOS@WWW
UW-Oshkosh Titans,Aiden Hawkinson,defense,35,5,13,2026-01-03,WOS@WWW
UW-Oshkosh Titans,Aiden Hawkinson,defense,25,15,52,2026-01-03,WOS@WWW
UW-Whitewater,Darius Chestnut,offense,30,0,1,2026-01-03,WOS@WWW
UW-Whitewater,Darius Chestnut,offense,10,0,2,2026-01-03,WOS@WWW
UW-Oshkosh Titans,Logan Rindfleisch,defense,35,25,3,2026-01-03,WOS@WWW
UW-Oshkosh Titans,Logan Rindfleisch,defense,40,15,5,2026-01-03,WOS@WWW
UW-Oshkosh Titans,Logan Rindfleisch,defense,45,5,1,2026-01-03,WOS@WWW
UW-Whitewater,Collin Madson,offense,20,0,23,2026-01-03,WOS@WWW
UW-Whitewater,Collin Madson,offense,30,5,77,2026-01-03,WOS@WWW
UW-Oshkosh Titans,Matt Imig,defense,25,5,49,2026-01-03,WOS@WWW
UW-Oshkosh Titans,Matt Imig,defense,25,0,19,2026-01-03,WOS@WWW
UW-Oshkosh Titans,Matt Imig,defense,20,5,40,2026-01-03,WOS@WWW
UW-Oshkosh Titans,Logan Rindfleisch,defense,30,0,20,2026-01-03,WOS@WWW
UW-Oshkosh Titans,Aiden Hawkinson,defense,0,10,12,2026-01-03,WOS@WWW
UW-Oshkosh Titans,Logan Rindfleisch,defense,0,10,22,2026-01-03,WOS@WWW
UW-Oshkosh Titans,Logan Rindfleisch,defense,5,10,3,2026-01-03,WOS@WWW
UW-Oshkosh Titans,Jonah Rindfleisch,defense,30,15,45,2026-01-03,WOS@WWW
UW-Oshkosh Titans,Oskar Kangas,defense,5,20,8,2026-01-03,WOS@WWW
UW-Oshkosh Titans,Aiden Hawkinson,defense,0,15,7,2026-01-03,WOS@WWW
UW-Whitewater,Jake Quast,offense,5,15,22,2026-01-03,WOS@WWW
UW-Whitewater,Jake Quast,offense,5,20,33,2026-01-03,WOS@WWW
UW-Whitewater,Jake Quast,offense,10,20,20,2026-01-03,WOS@WWW
UW-Whitewater,Jake Quast,offense,10,25,39,2026-01-03,WOS@WWW
UW-Whitewater,Jake Quast,offense,15,25,22,2026-01-03,WOS@WWW
UW-Whitewater,Jake Quast,offense,20,30,57,2026-01-03,WOS@WWW
UW-Whitewater,Jake Quast,offense,20,25,60,2026-01-03,WOS@WWW
UW-Whitewater,Jake Quast,offense,20,20,33,2026-01-03,WOS@WWW
UW-Whitewater,Jake Quast,offense,15,5,13,2026-01-03,WOS@WWW
UW-Whitewater,Jake Quast,offense,15,20,13,2026-01-03,WOS@WWW
UW-Whitewater,Darius Chestnut,offense,20,20,6,2026-01-03,WOS@WWW
UW-Oshkosh Titans,Carter Thomas,defense,40,5,6,2026-01-03,WOS@WWW
UW-Whitewater,Joey Berezowitz,offense,25,15,48,2026-01-03,WOS@WWW
UW-Whitewater,Joey Berezowitz,offense,15,5,21,2026-01-03,WOS@WWW
UW-Whitewater,Joey Berezowitz,offense,30,0,8,2026-01-03,WOS@WWW
UW-Whitewater,Joey Berezowitz,offense,25,0,5,2026-01-03,WOS@WWW
UW-Whitewater,Joey Berezowitz,offense,20,0,8,2026-01-03,WOS@WWW
UW-Oshkosh Titans,Michael Metcalf-Grassman,defense,45,5,2,2026-01-03,WOS@WWW
UW-Oshkosh Titans,Michael Metcalf-Grassman,defense,30,0,5,2026-01-03,WOS@WWW
UW-Oshkosh Titans,Michael Metcalf-Grassman,defense,25,35,6,2026-01-03,WOS@WWW
UW-Oshkosh Titans,Brandon Beck,defense,15,0,9,2026-01-03,WOS@WWW
UW-Whitewater,Darius Chestnut,offense,5,0,3,2026-01-03,WOS@WWW
UW-Whitewater,Darius Chestnut,offense,10,20,11,2026-01-03,WOS@WWW
UW-Whitewater,Darius Chestnut,offense,10,25,7,2026-01-03,WOS@WWW
UW-Whitewater,Darius Chestnut,offense,15,30,12,2026-01-03,WOS@WWW
UW-Whitewater,Darius Chestnut,offense,15,35,6,2026-01-03,WOS@WWW
UW-Whitewater,Collin Madson,offense,25,5,43,2026-01-03,WOS@WWW
UW-Whitewater,Collin Madson,offense,20,5,42,2026-01-03,WOS@WWW
UW-Oshkosh Titans,Joey LaChapell,defense,10,0,16,2026-01-03,WOS@WWW
UW-Oshkosh Titans,Joey LaChapell,defense,5,20,1,2026-01-03,WOS@WWW
UW-Whitewater,Jake Quast,offense,30,5,15,2026-01-03,WOS@WWW
UW-Oshkosh Titans,Nate Nazos,defense,30,15,55,2026-01-03,WOS@WWW
UW-Oshkosh Titans,Nate Nazos,defense,35,15,14,2026-01-03,WOS@WWW
UW-Whitewater,Jake Quast,defense,30,35,4,2026-01-03,WOS@WWW
UW-Whitewater,Jake Quast,defense,30,25,28,2026-01-03,WOS@WWW
UW-Whitewater,Jake Quast,defense,35,20,11,2026-01-03,WOS@WWW
UW-Whitewater,Jake Quast,defense,35,15,25,2026-01-03,WOS@WWW
UW-Whitewater,Jake Quast,defense,35,10,29,2026-01-03,WOS@WWW
UW-Whitewater,Jake Quast,defense,25,5,44,2026-01-03,WOS@WWW
UW-Oshkosh Titans,Joey LaChapell,offense,45,40,9,2026-01-03,WOS@WWW
UW-Oshkosh Titans,Joey LaChapell,offense,40,35,1,2026-01-03,WOS@WWW
UW-Oshkosh Titans,Joey LaChapell,offense,40,25,22,2026-01-03,WOS@WWW
UW-Oshkosh Titans,Joey LaChapell,offense,35,25,23,2026-01-03,WOS@WWW
UW-Whitewater,Collin Madson,defense,20,40,30,2026-01-03,WOS@WWW
UW-Whitewater,Collin Madson,defense,15,25,47,2026-01-03,WOS@WWW
UW-Whitewater,Darius Chestnut,defense,20,30,18,2026-01-03,WOS@WWW
UW-Oshkosh Titans,Michael Metcalf-Grassman,offense,10,25,58,2026-01-03,WOS@WWW
UW-Oshkosh Titans,Michael Metcalf-Grassman,offense,5,15,6,2026-01-03,WOS@WWW
UW-Oshkosh Titans,Michael Metcalf-Grassman,offense,10,15,5,2026-01-03,WOS@WWW
UW-Oshkosh Titans,Michael Metcalf-Grassman,offense,0,25,3,2026-01-03,WOS@WWW
UW-Whitewater,Joey Berezowitz,defense,20,45,6,2026-01-03,WOS@WWW
UW-Whitewater,Joey Berezowitz,defense,20,35,35,2026-01-03,WOS@WWW
UW-Whitewater,JR Lukenbill,defense,45,10,10,2026-01-03,WOS@WWW
UW-Oshkosh Titans,Brandon Beck,offense,25,35,41,2026-01-03,WOS@WWW
UW-Oshkosh Titans,Brandon Beck,offense,15,20,31,2026-01-03,WOS@WWW
UW-Oshkosh Titans,Brandon Beck,offense,0,15,15,2026-01-03,WOS@WWW
UW-Oshkosh Titans,Brandon Beck,offense,0,10,7,2026-01-03,WOS@WWW
UW-Oshkosh Titans,Brandon Beck,offense,5,25,21,2026-01-03,WOS@WWW
UW-Oshkosh Titans,Carter Thomas,offense,40,25,7,2026-01-03,WOS@WWW
UW-Whitewater,Joey Berezowitz,defense,0,15,3,2026-01-03,WOS@WWW
UW-Oshkosh Titans,Nate Nazos,offense,15,20,29,2026-01-03,WOS@WWW
UW-Oshkosh Titans,Joey LaChapell,offense,30,10,28,2026-01-03,WOS@WWW
UW-Oshkosh Titans,Joey LaChapell,offense,25,10,22,2026-01-03,WOS@WWW
UW-Oshkosh Titans,Carter Thomas,defense,30,30,18,2026-01-03,WOS@WWW
UW-Oshkosh Titans,Nate Nazos,defense,15,30,5,2026-01-03,WOS@WWW
UW-Oshkosh Titans,Nate Nazos,defense,25,35,10,2026-01-03,WOS@WWW
UW-Oshkosh Titans,Nate Nazos,defense,25,40,21,2026-01-03,WOS@WWW
UW-Oshkosh Titans,Nate Nazos,defense,30,40,11,2026-01-03,WOS@WWW
UW-Whitewater,Jake Quast,offense,25,5,35,2026-01-03,WOS@WWW
UW-Whitewater,Jake Quast,offense,20,5,24,2026-01-03,WOS@WWW
UW-Whitewater,Jake Quast,offense,25,10,55,2026-01-03,WOS@WWW
UW-Whitewater,Jake Quast,offense,10,5,10,2026-01-03,WOS@WWW
UW-Whitewater,Jake Quast,offense,20,0,5,2026-01-03,WOS@WWW
UW-Whitewater,Jake Quast,offense,20,35,23,2026-01-03,WOS@WWW
UW-Whitewater,JR Lukenbill,offense,40,45,2,2026-01-03,WOS@WWW
UW-Whitewater,Darius Chestnut,offense,35,10,13,2026-01-03,WOS@WWW
UW-Whitewater,Darius Chestnut,offense,40,15,26,2026-01-03,WOS@WWW
UW-Whitewater,Darius Chestnut,offense,40,20,4,2026-01-03,WOS@WWW
UW-Whitewater,Darius Chestnut,offense,40,25,1,2026-01-03,WOS@WWW
UW-Whitewater,Darius Chestnut,offense,35,30,2,2026-01-03,WOS@WWW
UW-Whitewater,Darius Chestnut,offense,35,35,2,2026-01-03,WOS@WWW
UW-Whitewater,Darius Chestnut,offense,35,45,1,2026-01-03,WOS@WWW
UW-Oshkosh Titans,Joey LaChapell,defense,0,20,1,2026-01-03,WOS@WWW
UW-Oshkosh Titans,Joey LaChapell,defense,5,40,1,2026-01-03,WOS@WWW
UW-Oshkosh Titans,Joey LaChapell,defense,5,45,1,2026-01-03,WOS@WWW
UW-Whitewater,Joey Berezowitz,offense,45,20,8,2026-01-03,WOS@WWW
UW-Oshkosh Titans,Michael Metcalf-Grassman,defense,15,25,10,2026-01-03,WOS@WWW
UW-Oshkosh Titans,Carter Thomas,defense,35,20,7,2026-01-03,WOS@WWW
UW-Oshkosh Titans,Carter Thomas,defense,35,30,17,2026-01-03,WOS@WWW
UW-Oshkosh Titans,Carter Thomas,defense,15,45,5,2026-01-03,WOS@WWW
UW-Whitewater,Joey Berezowitz,offense,25,20,92,2026-01-03,WOS@WWW
UW-Whitewater,Joey Berezowitz,offense,25,25,27,2026-01-03,WOS@WWW
UW-Whitewater,Joey Berezowitz,offense,15,30,10,2026-01-03,WOS@WWW
UW-Whitewater,Joey Berezowitz,offense,15,35,12,2026-01-03,WOS@WWW
UW-Whitewater,Joey Berezowitz,offense,15,40,16,2026-01-03,WOS@WWW
UW-Whitewater,Joey Berezowitz,offense,15,45,3,2026-01-03,WOS@WWW
UW-Whitewater,Joey Berezowitz,offense,15,25,30,2026-01-03,WOS@WWW
UW-Oshkosh Titans,Nate Nazos,defense,0,5,1,2026-01-03,WOS@WWW
UW-Oshkosh Titans,Carter Thomas,defense,5,20,5,2026-01-03,WOS@WWW
UW-Whitewater,JR Lukenbill,offense,45,20,44,2026-01-03,WOS@WWW
UW-Whitewater,JR Lukenbill,offense,45,10,45,2026-01-03,WOS@WWW
UW-Whitewater,Joey Berezowitz,offense,5,45,4,2026-01-03,WOS@WWW
UW-Whitewater,Jake Quast,defense,15,45,2,2026-01-03,WOS@WWW
UW-Whitewater,Jake Quast,defense,20,40,11,2026-01-03,WOS@WWW
UW-Whitewater,Jake Quast,defense,20,35,10,2026-01-03,WOS@WWW
UW-Whitewater,Jake Quast,defense,20,15,54,2026-01-03,WOS@WWW
UW-Whitewater,Jake Quast,defense,25,10,76,2026-01-03,WOS@WWW
UW-Oshkosh Titans,Carter Thomas,offense,20,40,8,2026-01-03,WOS@WWW
UW-Oshkosh Titans,Carter Thomas,offense,20,35,25,2026-01-03,WOS@WWW
UW-Whitewater,Darius Chestnut,defense,10,45,3,2026-01-03,WOS@WWW
UW-Whitewater,TEAM,defense,10,45,22,2026-01-03,WOS@WWW
UW-Whitewater,Collin Madson,defense,25,45,3,2026-01-03,WOS@WWW
UW-Whitewater,Collin Madson,defense,10,40,9,2026-01-03,WOS@WWW
UW-Oshkosh Titans,Michael Metcalf-Grassman,offense,5,35,4,2026-01-03,WOS@WWW
UW-Whitewater,Joey Berezowitz,defense,20,40,21,2026-01-03,WOS@WWW
UW-Whitewater,Joey Berezowitz,defense,15,35,19,2026-01-03,WOS@WWW
UW-Whitewater,Joey Berezowitz,defense,20,30,34,2026-01-03,WOS@WWW
UW-Whitewater,Joey Berezowitz,defense,30,25,37,2026-01-03,WOS@WWW
UW-Whitewater,Joey Berezowitz,defense,25,20,29,2026-01-03,WOS@WWW
UW-Whitewater,Joey Berezowitz,defense,25,15,94,2026-01-03,WOS@WWW
UW-Whitewater,Joey Berezowitz,defense,20,20,55,2026-01-03,WOS@WWW
UW-Whitewater,Joey Berezowitz,defense,30,20,36,2026-01-03,WOS@WWW
UW-Whitewater,Joey Berezowitz,defense,35,25,7,2026-01-03,WOS@WWW
UW-Whitewater,Joey Berezowitz,defense,35,30,14,2026-01-03,WOS@WWW
UW-Whitewater,Joey Berezowitz,defense,30,30,24,2026-01-03,WOS@WWW
UW-Whitewater,Joey Berezowitz,defense,25,30,22,2026-01-03,WOS@WWW
UW-Whitewater,Joey Berezowitz,defense,25,25,32,2026-01-03,WOS@WWW
UW-Whitewater,Joey Berezowitz,defense,30,15,108,2026-01-03,WOS@WWW
UW-Whitewater,Joey Berezowitz,defense,20,15,54,2026-01-03,WOS@WWW
UW-Whitewater,Joey Berezowitz,defense,15,10,65,2026-01-03,WOS@WWW
UW-Whitewater,Joey Berezowitz,defense,10,0,8,2026-01-03,WOS@WWW
UW-Whitewater,Joey Berezowitz,defense,10,10,3,2026-01-03,WOS@WWW
UW-Oshkosh Titans,Joey LaChapell,offense,40,30,7,2026-01-03,WOS@WWW
UW-Oshkosh Titans,Joey LaChapell,offense,35,10,8,2026-01-03,WOS@WWW
UW-Oshkosh Titans,Joey LaChapell,offense,40,5,15,2026-01-03,WOS@WWW
UW-Oshkosh Titans,Joey LaChapell,offense,40,0,17,2026-01-03,WOS@WWW
UW-Oshkosh Titans,Joey LaChapell,offense,45,20,6,2026-01-03,WOS@WWW
UW-Whitewater,JR Lukenbill,defense,10,25,14,2026-01-03,WOS@WWW
UW-Whitewater,Darius Chestnut,defense,10,30,6,2026-01-03,WOS@WWW
UW-Whitewater,Darius Chestnut,defense,30,25,16,2026-01-03,WOS@WWW
UW-Whitewater,JR Lukenbill,defense,0,30,2,2026-01-03,WOS@WWW
UW-Oshkosh Titans,Nate Nazos,offense,10,30,41,2026-01-03,WOS@WWW
UW-Oshkosh Titans,Nate Nazos,offense,0,0,18,2026-01-03,WOS@WWW
UW-Oshkosh Titans,Nate Nazos,offense,5,5,11,2026-01-03,WOS@WWW
UW-Oshkosh Titans,Nate Nazos,offense,0,10,11,2026-01-03,WOS@WWW
UW-Oshkosh Titans,Brandon Beck,offense,0,20,28,2026-01-03,WOS@WWW
UW-Oshkosh Titans,Brandon Beck,offense,10,30,56,2026-01-03,WOS@WWW
UW-Oshkosh Titans,Brandon Beck,offense,15,30,48,2026-01-03,WOS@WWW
UW-Oshkosh Titans,Brandon Beck,offense,15,35,13,2026-01-03,WOS@WWW
UW-Oshkosh Titans,Brandon Beck,offense,15,40,12,2026-01-03,WOS@WWW
UW-Oshkosh Titans,Carter Thomas,offense,5,20,10,2026-01-03,WOS@WWW
UW-Oshkosh Titans,Carter Thomas,offense,10,5,30,2026-01-03,WOS@WWW
UW-Oshkosh Titans,Carter Thomas,offense,15,0,7,2026-01-03,WOS@WWW
UW-Oshkosh Titans,Carter Thomas,offense,20,5,21,2026-01-03,WOS@WWW
UW-Oshkosh Titans,Carter Thomas,offense,25,5,34,2026-01-03,WOS@WWW
UW-Whitewater,Jake Quast,defense,15,20,25,2026-01-03,WOS@WWW
UW-Whitewater,Jake Quast,defense,15,25,19,2026-01-03,WOS@WWW
UW-Whitewater,Jake Quast,defense,20,20,61,2026-01-03,WOS@WWW
UW-Whitewater,Jake Quast,defense,25,20,39,2026-01-03,WOS@WWW
UW-Whitewater,Jake Quast,defense,25,25,47,2026-01-03,WOS@WWW
UW-Whitewater,Joey Berezowitz,defense,45,25,3,2026-01-03,WOS@WWW
UW-Oshkosh Titans,Nate Nazos,offense,45,20,5,2026-01-03,WOS@WWW
UW-Oshkosh Titans,Nate Nazos,offense,35,25,9,2026-01-03,WOS@WWW
UW-Oshkosh Titans,Carter Thomas,defense,20,30,17,2026-01-03,WOS@WWW
UW-Oshkosh Titans,Joey LaChapell,defense,40,30,24,2026-01-03,WOS@WWW
UW-Oshkosh Titans,Joey LaChapell,defense,40,25,6,2026-01-03,WOS@WWW
UW-Whitewater,Joey Berezowitz,offense,20,35,18,2026-01-03,WOS@WWW
UW-Whitewater,Joey Berezowitz,offense,15,10,64,2026-01-03,WOS@WWW
UW-Whitewater,Joey Berezowitz,offense,20,5,15,2026-01-03,WOS@WWW
UW-Whitewater,Joey Berezowitz,offense,20,10,31,2026-01-03,WOS@WWW
UW-Oshkosh Titans,Carter Thomas,defense,25,40,21,2026-01-03,WOS@WWW
UW-Oshkosh Titans,Carter Thomas,defense,15,30,9,2026-01-03,WOS@WWW
UW-Oshkosh Titans,Nate Nazos,defense,40,40,4,2026-01-03,WOS@WWW
UW-Oshkosh Titans,Nate Nazos,defense,40,25,2,2026-01-03,WOS@WWW
UW-Oshkosh Titans,Michael Metcalf-Grassman,defense,35,0,4,2026-01-03,WOS@WWW
UW-Oshkosh Titans,Michael Metcalf-Grassman,defense,40,0,1,2026-01-03,WOS@WWW
UW-Oshkosh Titans,Michael Metcalf-Grassman,defense,45,10,5,2026-01-03,WOS@WWW
UW-Whitewater,Joey Berezowitz,defense,35,40,11,2026-01-03,WOS@WWW
UW-Whitewater,Joey Berezowitz,defense,30,35,9,2026-01-03,WOS@WWW
UW-Whitewater,Joey Berezowitz,defense,25,35,7,2026-01-03,WOS@WWW
UW-Whitewater,JR Lukenbill,defense,10,40,8,2026-01-03,WOS@WWW
UW-Oshkosh Titans,Brandon Beck,offense,5,45,6,2026-01-03,WOS@WWW
UW-Oshkosh Titans,Brandon Beck,offense,5,40,12,2026-01-03,WOS@WWW
UW-Oshkosh Titans,Brandon Beck,offense,10,35,33,2026-01-03,WOS@WWW
UW-Oshkosh Titans,Brandon Beck,offense,5,30,14,2026-01-03,WOS@WWW
UW-Oshkosh Titans,Brandon Beck,offense,10,25,39,2026-01-03,WOS@WWW
UW-Oshkosh Titans,Brandon Beck,offense,10,20,12,2026-01-03,WOS@WWW
UW-Oshkosh Titans,Brandon Beck,offense,15,25,45,2026-01-03,WOS@WWW
UW-Oshkosh Titans,Brandon Beck,offense,5,35,23,2026-01-03,WOS@WWW
UW-Oshkosh Titans,Carter Thomas,offense,25,35,14,2026-01-03,WOS@WWW
UW-Oshkosh Titans,Carter Thomas,offense,40,30,13,2026-01-03,WOS@WWW
UW-Oshkosh Titans,Carter Thomas,offense,45,30,4,2026-01-03,WOS@WWW
UW-Oshkosh Titans,Carter Thomas,offense,45,35,2,2026-01-03,WOS@WWW
UW-Oshkosh Titans,Nate Nazos,offense,40,40,4,2026-01-03,WOS@WWW
UW-Oshkosh Titans,Nate Nazos,offense,40,30,17,2026-01-03,WOS@WWW
UW-Whitewater,Darius Chestnut,defense,15,40,5,2026-01-03,WOS@WWW
UW-Whitewater,Darius Chestnut,defense,20,35,5,2026-01-03,WOS@WWW
UW-Whitewater,Darius Chestnut,defense,10,15,15,2026-01-03,WOS@WWW
UW-Whitewater,Darius Chestnut,defense,10,0,5,2026-01-03,WOS@WWW
UW-Whitewater,Darius Chestnut,defense,10,5,37,2026-01-03,WOS@WWW
UW-Whitewater,Darius Chestnut,defense,45,20,3,2026-01-03,WOS@WWW
UW-Whitewater,Jake Quast,defense,25,40,12,2026-01-03,WOS@WWW
UW-Whitewater,Jake Quast,defense,25,35,12,2026-01-03,WOS@WWW
UW-Whitewater,Jake Quast,defense,35,30,10,2026-01-03,WOS@WWW
UW-Whitewater,Jake Quast,defense,40,25,6,2026-01-03,WOS@WWW
UW-Whitewater,Jake Quast,defense,40,20,4,2026-01-03,WOS@WWW
UW-Whitewater,Jake Quast,defense,35,25,18,2026-01-03,WOS@WWW
UW-Whitewater,Jake Quast,defense,30,0,9,2026-01-03,WOS@WWW
UW-Whitewater,Jake Quast,defense,25,0,43,2026-01-03,WOS@WWW
UW-Whitewater,Jake Quast,defense,35,35,10,2026-01-03,WOS@WWW
UW-Whitewater,Jake Quast,defense,35,40,4,2026-01-03,WOS@WWW
UW-Whitewater,Collin Madson,defense,25,40,25,2026-01-03,WOS@WWW
UW-Whitewater,JR Lukenbill,defense,45,20,1,2026-01-03,WOS@WWW
UW-Oshkosh Titans,Joey LaChapell,offense,40,15,8,2026-01-03,WOS@WWW
UW-Oshkosh Titans,Joey LaChapell,offense,35,0,9,2026-01-03,WOS@WWW
UW-Oshkosh Titans,Joey LaChapell,offense,25,0,3,2026-01-03,WOS@WWW
UW-Oshkosh Titans,Michael Metcalf-Grassman,offense,0,35,1,2026-01-03,WOS@WWW
UW-Oshkosh Titans,Michael Metcalf-Grassman,offense,0,30,2,2026-01-03,WOS@WWW
UW-Oshkosh Titans,Michael Metcalf-Grassman,offense,5,30,8,2026-01-03,WOS@WWW
UW-Oshkosh Titans,Michael Metcalf-Grassman,offense,5,25,19,2026-01-03,WOS@WWW
UW-Oshkosh Titans,Michael Metcalf-Grassman,offense,5,20,9,2026-01-03,WOS@WWW
UW-Oshkosh Titans,Michael Metcalf-Grassman,offense,0,20,28,2026-01-03,WOS@WWW
UW-Oshkosh Titans,Michael Metcalf-Grassman,offense,10,10,7,2026-01-03,WOS@WWW
UW-Oshkosh Titans,Michael Metcalf-Grassman,offense,5,10,11,2026-01-03,WOS@WWW
UW-Oshkosh Titans,Michael Metcalf-Grassman,offense,0,0,3,2026-01-03,WOS@WWW
UW-Oshkosh Titans,Michael Metcalf-Grassman,offense,0,5,3,2026-01-03,WOS@WWW
UW-Whitewater,Joey Berezowitz,defense,45,0,9,2026-01-03,WOS@WWW
UW-Whitewater,Joey Berezowitz,defense,45,5,16,2026-01-03,WOS@WWW
UW-Oshkosh Titans,Nate Nazos,offense,5,15,22,2026-01-03,WOS@WWW
UW-Oshkosh Titans,Nate Nazos,offense,5,10,11,2026-01-03,WOS@WWW
UW-Oshkosh Titans,Nate Nazos,offense,0,40,3,2026-01-03,WOS@WWW
UW-Oshkosh Titans,Michael Metcalf-Grassman,offense,15,45,2,2026-01-03,WOS@WWW
UW-Whitewater,Joey Berezowitz,defense,35,35,7,2026-01-03,WOS@WWW
UW-Whitewater,Joey Berezowitz,defense,35,45,4,2026-01-03,WOS@WWW
UW-Whitewater,Joey Berezowitz,offense,20,30,113,2026-01-03,WOS@WWW
UW-Whitewater,Joey Berezowitz,offense,25,30,38,2026-01-03,WOS@WWW
UW-Whitewater,Joey Berezowitz,offense,30,25,24,2026-01-03,WOS@WWW
UW-Whitewater,Joey Berezowitz,offense,20,20,38,2026-01-03,WOS@WWW
UW-Whitewater,Joey Berezowitz,offense,20,25,31,2026-01-03,WOS@WWW
UW-Whitewater,JR Lukenbill,offense,5,40,17,2026-01-03,WOS@WWW
UW-Whitewater,Jake Quast,offense,35,45,2,2026-01-03,WOS@WWW
UW-Whitewater,Jake Quast,offense,35,40,4,2026-01-03,WOS@WWW
UW-Whitewater,Jake Quast,offense,40,35,18,2026-01-03,WOS@WWW
UW-Whitewater,Jake Quast,offense,35,30,16,2026-01-03,WOS@WWW
UW-Whitewater,Darius Chestnut,offense,40,10,15,2026-01-03,WOS@WWW
UW-Whitewater,Darius Chestnut,offense,45,10,24,2026-01-03,WOS@WWW
UW-Whitewater,Jake Quast,offense,30,35,12,2026-01-03,WOS@WWW
UW-Whitewater,Jake Quast,offense,40,25,47,2026-01-03,WOS@WWW
UW-Whitewater,Jake Quast,offense,35,25,27,2026-01-03,WOS@WWW
UW-Whitewater,Jake Quast,offense,40,30,12,2026-01-03,WOS@WWW
UW-Whitewater,Jake Quast,offense,20,15,73,2026-01-03,WOS@WWW
UW-Whitewater,Jake Quast,offense,20,10,28,2026-01-03,WOS@WWW
UW-Whitewater,Jake Quast,offense,45,15,36,2026-01-03,WOS@WWW
UW-Whitewater,JR Lukenbill,offense,10,5,17,2026-01-03,WOS@WWW
UW-Whitewater,Darius Chestnut,offense,45,15,18,2026-01-03,WOS@WWW
UW-Whitewater,Jake Quast,offense,45,20,7,2026-01-03,WOS@WWW
UW-Whitewater,Jake Quast,offense,30,25,18,2026-01-03,WOS@WWW
UW-Whitewater,Jake Quast,offense,15,15,30,2026-01-03,WOS@WWW
UW-Whitewater,Jake Quast,offense,15,10,48,2026-01-03,WOS@WWW
UW-Whitewater,Jake Quast,offense,0,5,19,2026-01-03,WOS@WWW
UW-Whitewater,Collin Madson,offense,0,30,5,2026-01-03,WOS@WWW
UW-Whitewater,Collin Madson,offense,45,5,32,2026-01-03,WOS@WWW
UW-Oshkosh Titans,Vitorio Dante,defense,0,15,24,2026-01-03,WOS@WWW
UW-Oshkosh Titans,Vitorio Dante,defense,0,10,12,2026-01-03,WOS@WWW
UW-Oshkosh Titans,Vitorio Dante,defense,20,20,17,2026-01-03,WOS@WWW
UW-Oshkosh Titans,Vitorio Dante,defense,30,20,19,2026-01-03,WOS@WWW
UW-Oshkosh Titans,Vitorio Dante,defense,25,20,23,2026-01-03,WOS@WWW
UW-Oshkosh Titans,Vitorio Dante,defense,30,5,47,2026-01-03,WOS@WWW
UW-Oshkosh Titans,Vitorio Dante,defense,45,10,1,2026-01-03,WOS@WWW
UW-Whitewater,JR Lukenbill,offense,30,25,16,2026-01-03,WOS@WWW
UW-Whitewater,JR Lukenbill,offense,40,25,20,2026-01-03,WOS@WWW
UW-Oshkosh Titans,Aiden Hawkinson,defense,20,15,76,2026-01-03,WOS@WWW
UW-Oshkosh Titans,Aiden Hawkinson,defense,10,0,5,2026-01-03,WOS@WWW
UW-Whitewater,Jake Quast,offense,0,10,7,2026-01-03,WOS@WWW
UW-Whitewater,Jake Quast,offense,5,10,5,2026-01-03,WOS@WWW
UW-Whitewater,Jake Quast,offense,0,15,21,2026-01-03,WOS@WWW
UW-Oshkosh Titans,Jay Dalton,defense,30,5,38,2026-01-03,WOS@WWW
UW-Oshkosh Titans,Jay Dalton,defense,20,10,12,2026-01-03,WOS@WWW
UW-Oshkosh Titans,Jay Dalton,defense,35,10,20,2026-01-03,WOS@WWW
UW-Whitewater,Joey Berezowitz,offense,5,10,6,2026-01-03,WOS@WWW
UW-Whitewater,Joey Berezowitz,offense,5,5,10,2026-01-03,WOS@WWW
UW-Whitewater,Joey Berezowitz,offense,10,0,1,2026-01-03,WOS@WWW
UW-Whitewater,Joey Berezowitz,offense,10,10,11,2026-01-03,WOS@WWW
UW-Whitewater,Joey Berezowitz,offense,25,10,26,2026-01-03,WOS@WWW
UW-Whitewater,Joey Berezowitz,offense,20,15,33,2026-01-03,WOS@WWW
UW-Whitewater,Joey Berezowitz,offense,10,5,5,2026-01-03,WOS@WWW
UW-Whitewater,Joey Berezowitz,offense,15,0,3,2026-01-03,WOS@WWW
UW-Oshkosh Titans,Logan Rindfleisch,defense,35,10,2,2026-01-03,WOS@WWW
UW-Oshkosh Titans,Logan Rindfleisch,defense,40,10,1,2026-01-03,WOS@WWW
UW-Whitewater,Collin Madson,offense,0,35,3,2026-01-03,WOS@WWW
UW-Oshkosh Titans,Oskar Kangas,defense,15,0,46,2026-01-03,WOS@WWW
UW-Whitewater,Jake Quast,offense,45,5,9,2026-01-03,WOS@WWW
UW-Whitewater,Jake Quast,offense,40,5,14,2026-01-03,WOS@WWW
UW-Whitewater,Jake Quast,offense,25,0,2,2026-01-03,WOS@WWW
UW-Whitewater,Jake Quast,offense,10,0,2,2026-01-03,WOS@WWW
UW-Whitewater,Jake Quast,offense,5,5,12,2026-01-03,WOS@WWW
UW-Oshkosh Titans,Jay Dalton,defense,25,10,12,2026-01-03,WOS@WWW
UW-Oshkosh Titans,Jay Dalton,defense,15,10,10,2026-01-03,WOS@WWW
UW-Oshkosh Titans,Jay Dalton,defense,15,5,9,2026-01-03,WOS@WWW
UW-Oshkosh Titans,Jay Dalton,defense,5,15,4,2026-01-03,WOS@WWW
UW-Oshkosh Titans,Jay Dalton,defense,5,20,1,2026-01-03,WOS@WWW
UW-Oshkosh Titans,Jay Dalton,defense,5,25,4,2026-01-03,WOS@WWW
UW-Oshkosh Titans,Jay Dalton,defense,0,30,9,2026-01-03,WOS@WWW
UW-Oshkosh Titans,Jay Dalton,defense,5,35,1,2026-01-03,WOS@WWW
UW-Oshkosh Titans,Jay Dalton,defense,0,40,2,2026-01-03,WOS@WWW
UW-Oshkosh Titans,Jay Dalton,defense,5,40,1,2026-01-03,WOS@WWW
UW-Whitewater,Darius Chestnut,offense,20,30,5,2026-01-03,WOS@WWW
UW-Whitewater,Darius Chestnut,offense,20,35,1,2026-01-03,WOS@WWW
UW-Oshkosh Titans,Logan Rindfleisch,defense,5,15,12,2026-01-03,WOS@WWW
UW-Oshkosh Titans,Logan Rindfleisch,defense,10,20,8,2026-01-03,WOS@WWW
UW-Oshkosh Titans,Logan Rindfleisch,defense,15,20,6,2026-01-03,WOS@WWW
UW-Oshkosh Titans,Logan Rindfleisch,defense,15,25,20,2026-01-03,WOS@WWW
UW-Oshkosh Titans,Logan Rindfleisch,defense,10,35,2,2026-01-03,WOS@WWW
UW-Oshkosh Titans,Logan Rindfleisch,defense,5,35,1,2026-01-03,WOS@WWW
UW-Whitewater,Joey Berezowitz,defense,35,15,27,2026-01-03,WOS@WWW
UW-Whitewater,Joey Berezowitz,defense,20,25,30,2026-01-03,WOS@WWW
UW-Whitewater,Joey Berezowitz,defense,15,25,45,2026-01-03,WOS@WWW
UW-Whitewater,Joey Berezowitz,defense,15,30,12,2026-01-03,WOS@WWW
UW-Whitewater,Joey Berezowitz,defense,35,20,17,2026-01-03,WOS@WWW
UW-Whitewater,Joey Berezowitz,defense,40,20,12,2026-01-03,WOS@WWW
UW-Whitewater,Joey Berezowitz,defense,40,25,14,2026-01-03,WOS@WWW
UW-Whitewater,Joey Berezowitz,defense,40,30,14,2026-01-03,WOS@WWW
UW-Whitewater,Joey Berezowitz,defense,40,35,4,2026-01-03,WOS@WWW
UW-Whitewater,Joey Berezowitz,defense,30,40,12,2026-01-03,WOS@WWW
UW-Whitewater,JR Lukenbill,defense,10,35,6,2026-01-03,WOS@WWW
UW-Whitewater,JR Lukenbill,defense,15,30,9,2026-01-03,WOS@WWW
UW-Oshkosh Titans,Logan Rindfleisch,offense,5,45,1,2026-01-03,WOS@WWW
UW-Oshkosh Titans,Logan Rindfleisch,offense,10,40,5,2026-01-03,WOS@WWW
UW-Oshkosh Titans,Logan Rindfleisch,offense,10,35,2,2026-01-03,WOS@WWW
UW-Oshkosh Titans,Logan Rindfleisch,offense,10,30,2,2026-01-03,WOS@WWW
UW-Oshkosh Titans,Logan Rindfleisch,offense,35,25,5,2026-01-03,WOS@WWW
UW-Oshkosh Titans,Vitorio Dante,offense,40,0,3,2026-01-03,WOS@WWW
UW-Oshkosh Titans,Jay Dalton,offense,30,5,11,2026-01-03,WOS@WWW
UW-Oshkosh Titans,Jay Dalton,offense,15,10,3,2026-01-03,WOS@WWW
UW-Oshkosh Titans,Jay Dalton,offense,10,10,2,2026-01-03,WOS@WWW
UW-Oshkosh Titans,Aiden Hawkinson,offense,0,40,1,2026-01-03,WOS@WWW
UW-Oshkosh Titans,Aiden Hawkinson,offense,0,30,27,2026-01-03,WOS@WWW
UW-Oshkosh Titans,Aiden Hawkinson,offense,5,15,19,2026-01-03,WOS@WWW
UW-Oshkosh Titans,Aiden Hawkinson,offense,0,15,14,2026-01-03,WOS@WWW
UW-Oshkosh Titans,Aiden Hawkinson,offense,15,25,24,2026-01-03,WOS@WWW
UW-Oshkosh Titans,Vitorio Dante,offense,35,15,3,2026-01-03,WOS@WWW
UW-Oshkosh Titans,Vitorio Dante,offense,45,15,2,2026-01-03,WOS@WWW
UW-Oshkosh Titans,Vitorio Dante,offense,40,20,1,2026-01-03,WOS@WWW
UW-Whitewater,Jake Quast,defense,10,25,16,2026-01-03,WOS@WWW
UW-Whitewater,Jake Quast,defense,10,20,15,2026-01-03,WOS@WWW
UW-Whitewater,Jake Quast,defense,5,15,37,2026-01-03,WOS@WWW
UW-Whitewater,Jake Quast,defense,20,10,41,2026-01-03,WOS@WWW
UW-Whitewater,Jake Quast,defense,25,15,55,2026-01-03,WOS@WWW
UW-Whitewater,Jake Quast,defense,45,20,9,2026-01-03,WOS@WWW
UW-Whitewater,Jake Quast,defense,45,25,8,2026-01-03,WOS@WWW
UW-Whitewater,Jake Quast,defense,40,30,6,2026-01-03,WOS@WWW
UW-Oshkosh Titans,Jay Dalton,offense,0,5,11,2026-01-03,WOS@WWW
UW-Oshkosh Titans,Jay Dalton,offense,5,10,9,2026-01-03,WOS@WWW
UW-Oshkosh Titans,Jay Dalton,offense,0,10,2,2026-01-03,WOS@WWW
UW-Oshkosh Titans,Jay Dalton,offense,5,15,2,2026-01-03,WOS@WWW
UW-Oshkosh Titans,Jay Dalton,offense,10,15,4,2026-01-03,WOS@WWW
UW-Oshkosh Titans,Jay Dalton,offense,15,20,11,2026-01-03,WOS@WWW
UW-Oshkosh Titans,Jay Dalton,offense,20,20,1,2026-01-03,WOS@WWW
UW-Oshkosh Titans,Jay Dalton,offense,25,25,8,2026-01-03,WOS@WWW
UW-Oshkosh Titans,Vitorio Dante,offense,25,0,4,2026-01-03,WOS@WWW
UW-Oshkosh Titans,Vitorio Dante,offense,30,10,24,2026-01-03,WOS@WWW
UW-Whitewater,JR Lukenbill,defense,40,30,8,2026-01-03,WOS@WWW
UW-Whitewater,JR Lukenbill,defense,45,30,2,2026-01-03,WOS@WWW
UW-Whitewater,JR Lukenbill,defense,45,25,6,2026-01-03,WOS@WWW
UW-Whitewater,Darius Chestnut,defense,25,35,10,2026-01-03,WOS@WWW
UW-Whitewater,Darius Chestnut,defense,25,40,4,2026-01-03,WOS@WWW
UW-Oshkosh Titans,Oskar Kangas,offense,40,45,2,2026-01-03,WOS@WWW
UW-Oshkosh Titans,Oskar Kangas,offense,35,40,5,2026-01-03,WOS@WWW
UW-Oshkosh Titans,Oskar Kangas,offense,30,40,8,2026-01-03,WOS@WWW
UW-Oshkosh Titans,Aiden Hawkinson,offense,35,45,2,2026-01-03,WOS@WWW
UW-Oshkosh Titans,Jay Dalton,offense,30,30,5,2026-01-03,WOS@WWW
UW-Oshkosh Titans,Jay Dalton,defense,25,45,1,2026-01-03,WOS@WWW
UW-Oshkosh Titans,Jay Dalton,defense,25,40,2,2026-01-03,WOS@WWW
UW-Whitewater,JR Lukenbill,offense,5,45,8,2026-01-03,WOS@WWW
UW-Whitewater,Joey Berezowitz,offense,35,45,3,2026-01-03,WOS@WWW
UW-Whitewater,Joey Berezowitz,offense,40,35,4,2026-01-03,WOS@WWW
UW-Whitewater,Joey Berezowitz,offense,10,15,28,2026-01-03,WOS@WWW
UW-Whitewater,Joey Berezowitz,offense,10,20,10,2026-01-03,WOS@WWW
UW-Whitewater,Joey Berezowitz,offense,10,25,28,2026-01-03,WOS@WWW
UW-Oshkosh Titans,Aiden Hawkinson,defense,10,40,4,2026-01-03,WOS@WWW
UW-Oshkosh Titans,Aiden Hawkinson,defense,0,20,21,2026-01-03,WOS@WWW
UW-Oshkosh Titans,Logan Rindfleisch,defense,30,25,10,2026-01-03,WOS@WWW
UW-Oshkosh Titans,Logan Rindfleisch,defense,35,30,5,2026-01-03,WOS@WWW
UW-Oshkosh Titans,Logan Rindfleisch,defense,35,15,1,2026-01-03,WOS@WWW
UW-Whitewater,Darius Chestnut,offense,45,25,1,2026-01-03,WOS@WWW
UW-Whitewater,Jake Quast,offense,40,10,18,2026-01-03,WOS@WWW
UW-Whitewater,Jake Quast,offense,40,15,18,2026-01-03,WOS@WWW
UW-Whitewater,Jake Quast,offense,40,20,27,2026-01-03,WOS@WWW
UW-Whitewater,Jake Quast,offense,30,30,23,2026-01-03,WOS@WWW
UW-Whitewater,Jake Quast,offense,25,30,56,2026-01-03,WOS@WWW
UW-Oshkosh Titans,Logan Rindfleisch,defense,5,5,4,2026-01-03,WOS@WWW
UW-Oshkosh Titans,Logan Rindfleisch,defense,15,5,41,2026-01-03,WOS@WWW
UW-Oshkosh Titans,Logan Rindfleisch,defense,10,5,10,2026-01-03,WOS@WWW
UW-Oshkosh Titans,Oskar Kangas,defense,35,15,5,2026-01-03,WOS@WWW
UW-Oshkosh Titans,Oskar Kangas,defense,40,20,10,2026-01-03,WOS@WWW
UW-Oshkosh Titans,Vitorio Dante,defense,30,25,12,2026-01-03,WOS@WWW
UW-Oshkosh Titans,Jay Dalton,defense,30,25,8,2026-01-03,WOS@WWW
UW-Whitewater,JR Lukenbill,offense,0,30,7,2026-01-03,WOS@WWW
UW-Whitewater,Darius Chestnut,offense,15,5,1,2026-01-03,WOS@WWW
UW-Whitewater,Darius Chestnut,offense,20,25,1,2026-01-03,WOS@WWW
UW-Whitewater,Jake Quast,offense,45,25,7,2026-01-03,WOS@WWW
UW-Whitewater,Jake Quast,offense,35,20,27,2026-01-03,WOS@WWW
UW-Whitewater,Jake Quast,offense,10,30,19,2026-01-03,WOS@WWW
UW-Whitewater,Jake Quast,offense,5,30,4,2026-01-03,WOS@WWW
UW-Whitewater,Jake Quast,offense,25,40,17,2026-01-03,WOS@WWW
UW-Oshkosh Titans,Aiden Hawkinson,defense,25,20,23,2026-01-03,WOS@WWW
UW-Oshkosh Titans,Aiden Hawkinson,defense,45,0,8,2026-01-03,WOS@WWW
UW-Oshkosh Titans,Aiden Hawkinson,defense,35,0,3,2026-01-03,WOS@WWW
UW-Oshkosh Titans,Vitorio Dante,defense,10,25,20,2026-01-03,WOS@WWW
UW-Oshkosh Titans,Logan Rindfleisch,defense,20,20,9,2026-01-03,WOS@WWW
UW-Oshkosh Titans,Jay Dalton,defense,15,15,13,2026-01-03,WOS@WWW
UW-Oshkosh Titans,Jay Dalton,defense,20,30,2,2026-01-03,WOS@WWW
UW-Oshkosh Titans,Jay Dalton,defense,25,30,3,2026-01-03,WOS@WWW
UW-Oshkosh Titans,Jay Dalton,defense,5,0,3,2026-01-03,WOS@WWW
UW-Oshkosh Titans,Jay Dalton,defense,5,5,10,2026-01-03,WOS@WWW
UW-Oshkosh Titans,Jay Dalton,defense,20,15,5,2026-01-03,WOS@WWW
UW-Oshkosh Titans,Jay Dalton,defense,10,25,7,2026-01-03,WOS@WWW
UW-Oshkosh Titans,Jay Dalton,defense,10,30,10,2026-01-03,WOS@WWW
UW-Oshkosh Titans,Jay Dalton,defense,15,35,6,2026-01-03,WOS@WWW
UW-Oshkosh Titans,Jay Dalton,defense,15,40,4,2026-01-03,WOS@WWW
UW-Oshkosh Titans,Jay Dalton,defense,20,40,7,2026-01-03,WOS@WWW
UW-Oshkosh Titans,Jay Dalton,defense,0,35,9,2026-01-03,WOS@WWW
UW-Oshkosh Titans,Logan Rindfleisch,defense,5,20,6,2026-01-03,WOS@WWW
UW-Oshkosh Titans,Logan Rindfleisch,defense,10,0,1,2026-01-03,WOS@WWW
UW-Whitewater,Darius Chestnut,offense,40,0,2,2026-01-03,WOS@WWW
UW-Whitewater,Darius Chestnut,offense,45,20,1,2026-01-03,WOS@WWW
UW-Whitewater,Darius Chestnut,offense,30,30,1,2026-01-03,WOS@WWW
UW-Whitewater,Darius Chestnut,offense,25,35,2,2026-01-03,WOS@WWW
UW-Whitewater,Darius Chestnut,offense,10,30,3,2026-01-03,WOS@WWW
UW-Whitewater,Darius Chestnut,offense,10,35,5,2026-01-03,WOS@WWW
UW-Whitewater,Darius Chestnut,offense,10,45,1,2026-01-03,WOS@WWW
UW-Whitewater,Joey Berezowitz,offense,45,0,2,2026-01-03,WOS@WWW
UW-Whitewater,Joey Berezowitz,offense,30,35,11,2026-01-03,WOS@WWW
UW-Whitewater,Joey Berezowitz,offense,30,40,12,2026-01-03,WOS@WWW
UW-Whitewater,Joey Berezowitz,offense,35,40,9,2026-01-03,WOS@WWW
UW-Whitewater,Joey Berezowitz,offense,25,45,6,2026-01-03,WOS@WWW
UW-Oshkosh Titans,Vitorio Dante,defense,5,30,12,2026-01-03,WOS@WWW
UW-Oshkosh Titans,Vitorio Dante,defense,10,30,20,2026-01-03,WOS@WWW
UW-Oshkosh Titans,Vitorio Dante,defense,15,30,13,2026-01-03,WOS@WWW
UW-Oshkosh Titans,Vitorio Dante,defense,15,35,7,2026-01-03,WOS@WWW
UW-Oshkosh Titans,Vitorio Dante,defense,10,35,8,2026-01-03,WOS@WWW
UW-Oshkosh Titans,Vitorio Dante,defense,5,35,4,2026-01-03,WOS@WWW
UW-Oshkosh Titans,Vitorio Dante,defense,0,35,7,2026-01-03,WOS@WWW
UW-Oshkosh Titans,Vitorio Dante,defense,0,30,4,2026-01-03,WOS@WWW
UW-Oshkosh Titans,Vitorio Dante,defense,0,20,6,2026-01-03,WOS@WWW
UW-Oshkosh Titans,Logan Rindfleisch,defense,25,30,11,2026-01-03,WOS@WWW
UW-Oshkosh Titans,Logan Rindfleisch,defense,15,30,33,2026-01-03,WOS@WWW
UW-Oshkosh Titans,Logan Rindfleisch,defense,5,30,11,2026-01-03,WOS@WWW
UW-Oshkosh Titans,Logan Rindfleisch,defense,10,30,3,2026-01-03,WOS@WWW
UW-Oshkosh Titans,Logan Rindfleisch,defense,20,30,13,2026-01-03,WOS@WWW
UW-Oshkosh Titans,Logan Rindfleisch,defense,20,25,8,2026-01-03,WOS@WWW
UW-Whitewater,Collin Madson,offense,45,40,17,2026-01-03,WOS@WWW
UW-Oshkosh Titans,Aiden Hawkinson,defense,0,25,2,2026-01-03,WOS@WWW
UW-Oshkosh Titans,Aiden Hawkinson,defense,0,35,28,2026-01-03,WOS@WWW
UW-Oshkosh Titans,Aiden Hawkinson,defense,0,40,2,2026-01-03,WOS@WWW
UW-Oshkosh Titans,Aiden Hawkinson,defense,5,30,8,2026-01-03,WOS@WWW
UW-Oshkosh Titans,Aiden Hawkinson,defense,30,40,8,2026-01-03,WOS@WWW
UW-Oshkosh Titans,Aiden Hawkinson,defense,30,45,3,2026-01-03,WOS@WWW
UW-Oshkosh Titans,Oskar Kangas,defense,15,30,29,2026-01-03,WOS@WWW
UW-Oshkosh Titans,Oskar Kangas,defense,15,35,13,2026-01-03,WOS@WWW
UW-Oshkosh Titans,Oskar Kangas,defense,5,35,2,2026-01-03,WOS@WWW
UW-Whitewater,Joey Berezowitz,defense,25,10,20,2026-01-03,WOS@WWW
UW-Whitewater,Joey Berezowitz,defense,30,0,6,2026-01-03,WOS@WWW
UW-Oshkosh Titans,Nate Nazos,offense,15,40,7,2026-01-03,WOS@WWW
UW-Oshkosh Titans,Nate Nazos,offense,30,20,5,2026-01-03,WOS@WWW
UW-Oshkosh Titans,Nate Nazos,offense,30,10,77,2026-01-03,WOS@WWW
UW-Oshkosh Titans,Nate Nazos,offense,40,10,7,2026-01-03,WOS@WWW
UW-Oshkosh Titans,Joey LaChapell,offense,15,0,8,2026-01-03,WOS@WWW
UW-Whitewater,Jake Quast,defense,10,15,34,2026-01-03,WOS@WWW
UW-Whitewater,Jake Quast,defense,45,10,4,2026-01-03,WOS@WWW
UW-Oshkosh Titans,Michael Metcalf-Grassman,offense,45,35,3,2026-01-03,WOS@WWW
UW-Oshkosh Titans,Michael Metcalf-Grassman,offense,45,30,4,2026-01-03,WOS@WWW
UW-Oshkosh Titans,Michael Metcalf-Grassman,offense,45,20,3,2026-01-03,WOS@WWW
UW-Oshkosh Titans,Brandon Beck,offense,5,5,7,2026-01-03,WOS@WWW
UW-Oshkosh Titans,Brandon Beck,offense,5,0,2,2026-01-03,WOS@WWW
UW-Oshkosh Titans,Brandon Beck,offense,0,0,6,2026-01-03,WOS@WWW
UW-Whitewater,Joey Berezowitz,defense,25,0,5,2026-01-03,WOS@WWW
UW-Whitewater,Joey Berezowitz,defense,20,0,11,2026-01-03,WOS@WWW
UW-Whitewater,Joey Berezowitz,defense,25,5,32,2026-01-03,WOS@WWW
UW-Oshkosh Titans,Michael Metcalf-Grassman,offense,35,0,7,2026-01-03,WOS@WWW
UW-Whitewater,Darius Chestnut,defense,10,10,26,2026-01-03,WOS@WWW
UW-Oshkosh Titans,Joey LaChapell,offense,25,5,24,2026-01-03,WOS@WWW
UW-Oshkosh Titans,Joey LaChapell,offense,5,10,6,2026-01-03,WOS@WWW
UW-Oshkosh Titans,Michael Metcalf-Grassman,offense,10,20,11,2026-01-03,WOS@WWW
UW-Whitewater,Jake Quast,defense,15,15,53,2026-01-03,WOS@WWW
UW-Whitewater,Darius Chestnut,offense,0,30,3,2026-01-03,WOS@WWW
UW-Whitewater,Darius Chestnut,offense,15,25,6,2026-01-03,WOS@WWW
UW-Whitewater,Darius Chestnut,offense,0,5,1,2026-01-03,WOS@WWW
UW-Oshkosh Titans,Carter Thomas,defense,25,35,9,2026-01-03,WOS@WWW
UW-Oshkosh Titans,Carter Thomas,defense,15,35,8,2026-01-03,WOS@WWW
UW-Oshkosh Titans,Carter Thomas,defense,20,35,6,2026-01-03,WOS@WWW
UW-Oshkosh Titans,Carter Thomas,defense,25,25,18,2026-01-03,WOS@WWW
UW-Whitewater,Jake Quast,offense,5,45,2,2026-01-03,WOS@WWW
UW-Whitewater,Jake Quast,offense,5,40,7,2026-01-03,WOS@WWW
UW-Whitewater,Jake Quast,offense,5,35,6,2026-01-03,WOS@WWW
UW-Oshkosh Titans,Joey LaChapell,defense,25,35,4,2026-01-03,WOS@WWW
UW-Oshkosh Titans,Joey LaChapell,defense,40,0,1,2026-01-03,WOS@WWW
UW-Whitewater,Joey Berezowitz,offense,25,35,8,2026-01-03,WOS@WWW
UW-Oshkosh Titans,Brandon Beck,defense,35,30,2,2026-01-03,WOS@WWW
UW-Whitewater,Jake Quast,offense,35,35,11,2026-01-03,WOS@WWW
UW-Whitewater,Jake Quast,offense,30,0,17,2026-01-03,WOS@WWW
UW-Oshkosh Titans,Carter Thomas,defense,45,5,13,2026-01-03,WOS@WWW
UW-Oshkosh Titans,Carter Thomas,defense,40,10,13,2026-01-03,WOS@WWW
UW-Oshkosh Titans,Carter Thomas,defense,35,15,24,2026-01-03,WOS@WWW
UW-Whitewater,JR Lukenbill,defense,15,45,6,2026-01-03,WOS@WWW
UW-Whitewater,JR Lukenbill,defense,15,35,7,2026-01-03,WOS@WWW
UW-Whitewater,JR Lukenbill,defense,5,25,3,2026-01-03,WOS@WWW
UW-Whitewater,Joey Berezowitz,defense,10,45,3,2026-01-03,WOS@WWW
UW-Whitewater,Darius Chestnut,defense,30,45,2,2026-01-03,WOS@WWW
UW-Whitewater,Darius Chestnut,defense,30,40,2,2026-01-03,WOS@WWW
UW-Oshkosh Titans,Carter Thomas,offense,10,45,4,2026-01-03,WOS@WWW
UW-Oshkosh Titans,Carter Thomas,offense,10,40,8,2026-01-03,WOS@WWW
UW-Oshkosh Titans,Carter Thomas,offense,5,40,17,2026-01-03,WOS@WWW
UW-Oshkosh Titans,Carter Thomas,offense,5,35,33,2026-01-03,WOS@WWW
UW-Oshkosh Titans,Carter Thomas,offense,5,30,21,2026-01-03,WOS@WWW
UW-Whitewater,Jake Quast,defense,5,35,6,2026-01-03,WOS@WWW
UW-Whitewater,Joey Berezowitz,defense,45,15,32,2026-01-03,WOS@WWW
UW-Whitewater,Joey Berezowitz,defense,45,10,35,2026-01-03,WOS@WWW
UW-Oshkosh Titans,Brandon Beck,offense,10,5,4,2026-01-03,WOS@WWW
UW-Oshkosh Titans,Nate Nazos,defense,30,45,5,2026-01-03,WOS@WWW
UW-Oshkosh Titans,Nate Nazos,defense,15,45,10,2026-01-03,WOS@WWW
UW-Oshkosh Titans,Nate Nazos,defense,30,25,5,2026-01-03,WOS@WWW
UW-Oshkosh Titans,Nate Nazos,defense,45,20,1,2026-01-03,WOS@WWW
UW-Oshkosh Titans,TEAM,defense,45,20,10,2026-01-03,WOS@WWW
UW-Oshkosh Titans,Nate Nazos,defense,40,20,5,2026-01-03,WOS@WWW
UW-Oshkosh Titans,Nate Nazos,defense,45,15,3,2026-01-03,WOS@WWW
UW-Whitewater,Nate Nazos,offense,30,45,1,2026-01-03,WOS@WWW
UW-Whitewater,Nate Nazos,offense,30,35,1,2026-01-03,WOS@WWW
UW-Whitewater,Nate Nazos,offense,25,35,1,2026-01-03,WOS@WWW
UW-Whitewater,Nate Nazos,offense,25,30,1,2026-01-03,WOS@WWW
UW-Whitewater,Nate Nazos,offense,35,25,4,2026-01-03,WOS@WWW
UW-Whitewater,Nate Nazos,offense,25,25,3,2026-01-03,WOS@WWW
UW-Whitewater,Nate Nazos,offense,30,25,1,2026-01-03,WOS@WWW
UW-Whitewater,Nate Nazos,offense,30,30,3,2026-01-03,WOS@WWW
UW-Whitewater,Nate Nazos,offense,35,30,3,2026-01-03,WOS@WWW
UW-Whitewater,Nate Nazos,offense,40,25,7,2026-01-03,WOS@WWW
UW-Whitewater,Nate Nazos,offense,45,20,2,2026-01-03,WOS@WWW
UW-Whitewater,Nate Nazos,offense,40,20,2,2026-01-03,WOS@WWW
UW-Whitewater,Nate Nazos,offense,35,20,2,2026-01-03,WOS@WWW
UW-Whitewater,Nate Nazos,offense,45,30,1,2026-01-03,WOS@WWW
UW-Whitewater,Nate Nazos,offense,35,35,3,2026-01-03,WOS@WWW
UW-Whitewater,Nate Nazos,offense,30,40,2,2026-01-03,WOS@WWW
UW-Whitewater,Collin Madson,offense,40,45,14,2026-01-03,WOS@WWW
UW-Oshkosh Titans,Joey LaChapell,defense,45,35,1,2026-01-03,WOS@WWW
UW-Oshkosh Titans,Brandon Beck,defense,40,0,1,2026-01-03,WOS@WWW
UW-Oshkosh Titans,Brandon Beck,defense,5,30,6,2026-01-03,WOS@WWW
UW-Whitewater,Joey Berezowitz,offense,5,15,17,2026-01-03,WOS@WWW
UW-Whitewater,Joey Berezowitz,offense,15,15,11,2026-01-03,WOS@WWW
UW-Whitewater,Jake Quast,offense,5,25,12,2026-01-03,WOS@WWW
UW-Oshkosh Titans,Michael Metcalf-Grassman,defense,5,40,2,2026-01-03,WOS@WWW
UW-Oshkosh Titans,Nate Nazos,defense,30,35,2,2026-01-03,WOS@WWW
UW-Oshkosh Titans,Carter Thomas,defense,30,45,2,2026-01-03,WOS@WWW
UW-Oshkosh Titans,Brandon Beck,offense,40,5,16,2026-01-03,WOS@WWW
UW-Oshkosh Titans,Brandon Beck,offense,35,0,5,2026-01-03,WOS@WWW
UW-Oshkosh Titans,Brandon Beck,offense,0,25,15,2026-01-03,WOS@WWW
UW-Oshkosh Titans,Joey LaChapell,offense,30,15,18,2026-01-03,WOS@WWW
UW-Oshkosh Titans,Joey LaChapell,offense,35,5,8,2026-01-03,WOS@WWW
UW-Oshkosh Titans,Joey LaChapell,offense,45,5,12,2026-01-03,WOS@WWW
UW-Oshkosh Titans,Carter Thomas,offense,5,15,8,2026-01-03,WOS@WWW
UW-Oshkosh Titans,Joey LaChapell,offense,35,15,10,2026-01-03,WOS@WWW
UW-Oshkosh Titans,Joey LaChapell,offense,45,10,7,2026-01-03,WOS@WWW
UW-Oshkosh Titans,Joey LaChapell,offense,35,30,9,2026-01-03,WOS@WWW
UW-Oshkosh Titans,Joey LaChapell,offense,45,45,1,2026-01-03,WOS@WWW
UW-Oshkosh Titans,Joey LaChapell,offense,25,25,33,2026-01-03,WOS@WWW
UW-Whitewater,Joey Berezowitz,defense,15,20,33,2026-01-03,WOS@WWW
UW-Oshkosh Titans,Brandon Beck,offense,25,0,10,2026-01-03,WOS@WWW
UW-Oshkosh Titans,Brandon Beck,offense,45,0,1,2026-01-03,WOS@WWW
UW-Oshkosh Titans,Brandon Beck,offense,45,5,5,2026-01-03,WOS@WWW
UW-Whitewater,Collin Madson,defense,30,40,18,2026-01-03,WOS@WWW
UW-Oshkosh Titans,Michael Metcalf-Grassman,offense,40,10,6,2026-01-03,WOS@WWW
UW-Whitewater,Tyshawn Teague-Johnson,defense,30,20,17,2026-01-03,WOS@WWW
UW-Whitewater,Tyshawn Teague-Johnson,defense,35,20,12,2026-01-03,WOS@WWW
UW-Whitewater,Tyshawn Teague-Johnson,defense,40,20,2,2026-01-03,WOS@WWW
UW-Whitewater,Tyshawn Teague-Johnson,defense,40,15,2,2026-01-03,WOS@WWW
UW-Whitewater,Tyshawn Teague-Johnson,defense,35,15,7,2026-01-03,WOS@WWW
UW-Whitewater,Tyshawn Teague-Johnson,defense,35,10,7,2026-01-03,WOS@WWW
UW-Whitewater,Tyshawn Teague-Johnson,defense,30,15,26,2026-01-03,WOS@WWW
UW-Whitewater,Tyshawn Teague-Johnson,defense,30,25,3,2026-01-03,WOS@WWW
UW-Whitewater,Tyshawn Teague-Johnson,defense,30,30,2,2026-01-03,WOS@WWW
UW-Whitewater,Tyshawn Teague-Johnson,defense,35,30,1,2026-01-03,WOS@WWW
UW-Whitewater,Tyshawn Teague-Johnson,defense,35,35,2,2026-01-03,WOS@WWW
UW-Whitewater,Tyshawn Teague-Johnson,defense,35,40,1,2026-01-03,WOS@WWW
UW-Whitewater,Tyshawn Teague-Johnson,defense,35,45,1,2026-01-03,WOS@WWW
UW-Whitewater,Darius Chestnut,defense,0,10,6,2026-01-03,WOS@WWW
UW-Oshkosh Titans,Joey LaChapell,offense,40,20,7,2026-01-03,WOS@WWW
UW-Whitewater,Darius Chestnut,defense,0,20,7,2026-01-03,WOS@WWW
UW-Whitewater,Darius Chestnut,defense,15,35,6,2026-01-03,WOS@WWW
UW-Whitewater,Darius Chestnut,defense,10,40,6,2026-01-03,WOS@WWW
UW-Oshkosh Titans,Carter Thomas,offense,15,20,14,2026-01-03,WOS@WWW
UW-Whitewater,Joey Berezowitz,defense,5,25,9,2026-01-03,WOS@WWW
UW-Whitewater,Joey Berezowitz,defense,0,30,7,2026-01-03,WOS@WWW
UW-Whitewater,Joey Berezowitz,defense,10,30,7,2026-01-03,WOS@WWW
UW-Oshkosh Titans,Matt Imig,defense,5,25,3,2026-01-03,WOS@WWW
UW-Oshkosh Titans,Matt Imig,defense,5,20,2,2026-01-03,WOS@WWW
UW-Oshkosh Titans,Aiden Hawkinson,defense,15,45,4,2026-01-03,WOS@WWW
UW-Oshkosh Titans,Aiden Hawkinson,defense,5,40,3,2026-01-03,WOS@WWW
UW-Oshkosh Titans,Oskar Kangas,defense,0,40,27,2026-01-03,WOS@WWW
UW-Whitewater,Tyshawn Teague-Johnson,offense,5,25,11,2026-01-03,WOS@WWW
UW-Whitewater,Tyshawn Teague-Johnson,offense,10,20,8,2026-01-03,WOS@WWW
UW-Whitewater,Tyshawn Teague-Johnson,offense,5,20,15,2026-01-03,WOS@WWW
UW-Whitewater,Tyshawn Teague-Johnson,offense,20,25,10,2026-01-03,WOS@WWW
UW-Whitewater,Tyshawn Teague-Johnson,offense,20,30,18,2026-01-03,WOS@WWW
UW-Whitewater,Tyshawn Teague-Johnson,offense,25,30,6,2026-01-03,WOS@WWW
UW-Whitewater,Tyshawn Teague-Johnson,offense,35,25,5,2026-01-03,WOS@WWW
UW-Whitewater,Tyshawn Teague-Johnson,offense,15,25,14,2026-01-03,WOS@WWW
UW-Whitewater,Tyshawn Teague-Johnson,offense,15,30,15,2026-01-03,WOS@WWW
UW-Whitewater,Tyshawn Teague-Johnson,offense,35,20,2,2026-01-03,WOS@WWW
UW-Whitewater,Tyshawn Teague-Johnson,offense,25,25,4,2026-01-03,WOS@WWW
UW-Whitewater,Tyshawn Teague-Johnson,offense,20,20,1,2026-01-03,WOS@WWW
UW-Whitewater,Tyshawn Teague-Johnson,offense,25,20,2,2026-01-03,WOS@WWW
UW-Whitewater,Tyshawn Teague-Johnson,offense,15,15,27,2026-01-03,WOS@WWW
UW-Whitewater,Tyshawn Teague-Johnson,offense,20,15,8,2026-01-03,WOS@WWW
UW-Whitewater,Tyshawn Teague-Johnson,offense,10,10,7,2026-01-03,WOS@WWW
UW-Whitewater,Tyshawn Teague-Johnson,offense,15,10,3,2026-01-03,WOS@WWW
UW-Whitewater,Tyshawn Teague-Johnson,offense,15,5,4,2026-01-03,WOS@WWW
UW-Whitewater,Tyshawn Teague-Johnson,offense,20,5,40,2026-01-03,WOS@WWW
UW-Whitewater,Tyshawn Teague-Johnson,offense,20,10,4,2026-01-03,WOS@WWW
UW-Oshkosh Titans,Matt Imig,defense,10,45,5,2026-01-03,WOS@WWW
UW-Oshkosh Titans,Matt Imig,defense,30,10,23,2026-01-03,WOS@WWW
UW-Oshkosh Titans,Jonah Rindfleisch,defense,40,45,1,2026-01-03,WOS@WWW
UW-Oshkosh Titans,TEAM,defense,40,45,48,2026-01-03,WOS@WWW
UW-Oshkosh Titans,Jonah Rindfleisch,defense,35,25,7,2026-01-03,WOS@WWW
UW-Oshkosh Titans,Jonah Rindfleisch,defense,20,15,72,2026-01-03,WOS@WWW
UW-Whitewater,Joey Berezowitz,offense,0,40,10,2026-01-03,WOS@WWW
UW-Whitewater,Joey Berezowitz,offense,5,35,10,2026-01-03,WOS@WWW
UW-Whitewater,Joey Berezowitz,offense,10,30,9,2026-01-03,WOS@WWW
UW-Whitewater,Joey Berezowitz,offense,5,30,12,2026-01-03,WOS@WWW
UW-Oshkosh Titans,Oskar Kangas,defense,0,15,3,2026-01-03,WOS@WWW
UW-Whitewater,Richie Warren,offense,0,5,21,2026-01-03,WOS@WWW
UW-Oshkosh Titans,Joey Berezowitz,offense,15,40,3,2026-01-03,WOS@WWW
UW-Oshkosh Titans,Joey Berezowitz,offense,20,40,1,2026-01-03,WOS@WWW
UW-Oshkosh Titans,Joey Berezowitz,offense,20,35,2,2026-01-03,WOS@WWW
UW-Oshkosh Titans,Joey Berezowitz,offense,20,30,1,2026-01-03,WOS@WWW
UW-Oshkosh Titans,Joey Berezowitz,offense,20,20,3,2026-01-03,WOS@WWW
UW-Oshkosh Titans,Joey Berezowitz,offense,25,25,4,2026-01-03,WOS@WWW
UW-Oshkosh Titans,Joey Berezowitz,offense,30,25,2,2026-01-03,WOS@WWW
UW-Oshkosh Titans,Joey Berezowitz,offense,30,15,4,2026-01-03,WOS@WWW
UW-Oshkosh Titans,Joey Berezowitz,offense,25,15,3,2026-01-03,WOS@WWW
UW-Oshkosh Titans,Joey Berezowitz,offense,5,10,1,2026-01-03,WOS@WWW
UW-Oshkosh Titans,Joey Berezowitz,offense,0,5,1,2026-01-03,WOS@WWW
UW-Oshkosh Titans,Matt Imig,offense,45,45,1,2026-01-03,WOS@WWW
UW-Oshkosh Titans,Matt Imig,offense,40,30,11,2026-01-03,WOS@WWW
UW-Oshkosh Titans,Matt Imig,offense,40,25,23,2026-01-03,WOS@WWW
UW-Whitewater,Tyshawn Teague-Johnson,defense,25,40,2,2026-01-03,WOS@WWW
UW-Whitewater,Tyshawn Teague-Johnson,defense,20,20,17,2026-01-03,WOS@WWW
UW-Whitewater,Tyshawn Teague-Johnson,defense,5,20,1,2026-01-03,WOS@WWW
UW-Whitewater,Tyshawn Teague-Johnson,defense,10,15,3,2026-01-03,WOS@WWW
UW-Whitewater,Tyshawn Teague-Johnson,defense,0,10,3,2026-01-03,WOS@WWW
UW-Whitewater,Tyshawn Teague-Johnson,defense,5,10,3,2026-01-03,WOS@WWW
UW-Whitewater,Tyshawn Teague-Johnson,defense,15,15,14,2026-01-03,WOS@WWW
UW-Whitewater,Tyshawn Teague-Johnson,defense,10,20,9,2026-01-03,WOS@WWW
UW-Whitewater,Tyshawn Teague-Johnson,defense,20,25,21,2026-01-03,WOS@WWW
UW-Whitewater,Tyshawn Teague-Johnson,defense,15,20,10,2026-01-03,WOS@WWW
UW-Whitewater,Tyshawn Teague-Johnson,defense,5,15,2,2026-01-03,WOS@WWW
UW-Whitewater,Tyshawn Teague-Johnson,defense,20,15,21,2026-01-03,WOS@WWW
UW-Whitewater,Tyshawn Teague-Johnson,defense,20,10,30,2026-01-03,WOS@WWW
UW-Whitewater,Tyshawn Teague-Johnson,defense,25,15,39,2026-01-03,WOS@WWW
UW-Whitewater,Darius Chestnut,defense,35,40,1,2026-01-03,WOS@WWW
UW-Whitewater,Joey Berezowitz,defense,45,35,2,2026-01-03,WOS@WWW
UW-Whitewater,Joey Berezowitz,defense,40,5,4,2026-01-03,WOS@WWW
UW-Oshkosh Titans,Jonah Rindfleisch,offense,40,40,1,2026-01-03,WOS@WWW
UW-Oshkosh Titans,Jonah Rindfleisch,offense,45,40,1,2026-01-03,WOS@WWW
UW-Oshkosh Titans,Jonah Rindfleisch,offense,20,45,4,2026-01-03,WOS@WWW
UW-Whitewater,Richie Warren,defense,45,25,1,2026-01-03,WOS@WWW
UW-Whitewater,Richie Warren,defense,45,15,2,2026-01-03,WOS@WWW
UW-Oshkosh Titans,Aiden Hawkinson,offense,10,15,14,2026-01-03,WOS@WWW
UW-Oshkosh Titans,Aiden Hawkinson,offense,10,0,5,2026-01-03,WOS@WWW
UW-Oshkosh Titans,Aiden Hawkinson,offense,15,20,32,2026-01-03,WOS@WWW
UW-Oshkosh Titans,Oskar Kangas,offense,35,0,3,2026-01-03,WOS@WWW
UW-Oshkosh Titans,Vitorio Dante,offense,20,40,2,2026-01-03,WOS@WWW
UW-Oshkosh Titans,Vitorio Dante,offense,25,35,7,2026-01-03,WOS@WWW
UW-Oshkosh Titans,Vitorio Dante,offense,15,35,38,2026-01-03,WOS@WWW
UW-Oshkosh Titans,Vitorio Dante,offense,10,20,6,2026-01-03,WOS@WWW
UW-Oshkosh Titans,Vitorio Dante,offense,15,15,21,2026-01-03,WOS@WWW
UW-Oshkosh Titans,Vitorio Dante,offense,5,10,6,2026-01-03,WOS@WWW
UW-Oshkosh Titans,Oskar Kangas,offense,20,20,21,2026-01-03,WOS@WWW
UW-Oshkosh Titans,Oskar Kangas,offense,15,20,23,2026-01-03,WOS@WWW
UW-Oshkosh Titans,Matt Imig,offense,45,20,5,2026-01-03,WOS@WWW
UW-Oshkosh Titans,Matt Imig,offense,45,25,2,2026-01-03,WOS@WWW
UW-Oshkosh Titans,Matt Imig,offense,40,20,4,2026-01-03,WOS@WWW
UW-Oshkosh Titans,Matt Imig,offense,35,20,6,2026-01-03,WOS@WWW
UW-Whitewater,Darius Chestnut,defense,35,25,5,2026-01-03,WOS@WWW
UW-Whitewater,Joey Berezowitz,defense,45,20,7,2026-01-03,WOS@WWW
UW-Whitewater,Joey Berezowitz,defense,20,10,14,2026-01-03,WOS@WWW
UW-Whitewater,Joey Berezowitz,defense,10,20,44,2026-01-03,WOS@WWW
UW-Whitewater,Joey Berezowitz,defense,5,20,12,2026-01-03,WOS@WWW
UW-Whitewater,Joey Berezowitz,defense,10,25,11,2026-01-03,WOS@WWW
UW-Whitewater,Tyshawn Teague-Johnson,defense,15,10,5,2026-01-03,WOS@WWW
UW-Whitewater,Tyshawn Teague-Johnson,defense,25,10,33,2026-01-03,WOS@WWW
UW-Whitewater,Tyshawn Teague-Johnson,defense,30,10,37,2026-01-03,WOS@WWW
UW-Whitewater,Tyshawn Teague-Johnson,defense,15,5,6,2026-01-03,WOS@WWW
UW-Whitewater,Tyshawn Teague-Johnson,defense,20,5,26,2026-01-03,WOS@WWW
UW-Whitewater,Tyshawn Teague-Johnson,defense,20,0,23,2026-01-03,WOS@WWW
UW-Whitewater,Tyshawn Teague-Johnson,defense,25,0,4,2026-01-03,WOS@WWW
UW-Whitewater,Tyshawn Teague-Johnson,defense,45,5,42,2026-01-03,WOS@WWW
UW-Whitewater,Tyshawn Teague-Johnson,defense,45,0,1,2026-01-03,WOS@WWW
UW-Whitewater,Collin Madson,defense,0,10,5,2026-01-03,WOS@WWW
UW-Oshkosh Titans,Jonah Rindfleisch,offense,20,30,32,2026-01-03,WOS@WWW
UW-Oshkosh Titans,Jonah Rindfleisch,offense,15,0,3,2026-01-03,WOS@WWW
UW-Oshkosh Titans,Jonah Rindfleisch,offense,10,0,9,2026-01-03,WOS@WWW
UW-Oshkosh Titans,Jonah Rindfleisch,offense,20,5,8,2026-01-03,WOS@WWW
UW-Oshkosh Titans,Jonah Rindfleisch,offense,0,25,5,2026-01-03,WOS@WWW
UW-Oshkosh Titans,Jonah Rindfleisch,offense,5,10,2,2026-01-03,WOS@WWW
UW-Oshkosh Titans,Aiden Hawkinson,offense,25,15,16,2026-01-03,WOS@WWW
UW-Oshkosh Titans,Vitorio Dante,offense,5,25,12,2026-01-03,WOS@WWW
UW-Oshkosh Titans,Vitorio Dante,offense,25,10,16,2026-01-03,WOS@WWW
UW-Whitewater,Darius Chestnut,defense,5,10,9,2026-01-03,WOS@WWW
UW-Oshkosh Titans,Aiden Hawkinson,offense,15,30,23,2026-01-03,WOS@WWW
UW-Oshkosh Titans,Aiden Hawkinson,offense,10,40,5,2026-01-03,WOS@WWW
UW-Oshkosh Titans,Aiden Hawkinson,offense,10,45,3,2026-01-03,WOS@WWW
UW-Oshkosh Titans,Aiden Hawkinson,offense,15,40,11,2026-01-03,WOS@WWW
UW-Whitewater,Tyshawn Teague-Johnson,defense,25,5,34,2026-01-03,WOS@WWW
UW-Whitewater,Tyshawn Teague-Johnson,defense,30,5,65,2026-01-03,WOS@WWW
UW-Whitewater,Joey Berezowitz,offense,10,45,2,2026-01-03,WOS@WWW
UW-Whitewater,Joey Berezowitz,offense,10,40,13,2026-01-03,WOS@WWW
UW-Oshkosh Titans,Jonah Rindfleisch,defense,35,30,6,2026-01-03,WOS@WWW
UW-Oshkosh Titans,Jonah Rindfleisch,defense,35,20,16,2026-01-03,WOS@WWW
UW-Oshkosh Titans,Jonah Rindfleisch,defense,40,15,7,2026-01-03,WOS@WWW
UW-Oshkosh Titans,Jonah Rindfleisch,defense,35,15,63,2026-01-03,WOS@WWW
UW-Oshkosh Titans,Matt Imig,defense,30,40,4,2026-01-03,WOS@WWW
UW-Oshkosh Titans,Matt Imig,defense,30,20,19,2026-01-03,WOS@WWW
UW-Oshkosh Titans,Matt Imig,defense,35,15,6,2026-01-03,WOS@WWW
UW-Oshkosh Titans,Aiden Hawkinson,defense,35,25,19,2026-01-03,WOS@WWW
UW-Oshkosh Titans,Aiden Hawkinson,defense,20,20,58,2026-01-03,WOS@WWW
UW-Whitewater,Tyshawn Teague-Johnson,offense,35,35,2,2026-01-03,WOS@WWW
UW-Whitewater,Tyshawn Teague-Johnson,offense,40,30,1,2026-01-03,WOS@WWW
UW-Whitewater,Tyshawn Teague-Johnson,offense,30,30,1,2026-01-03,WOS@WWW
UW-Whitewater,Tyshawn Teague-Johnson,offense,35,30,3,2026-01-03,WOS@WWW
UW-Whitewater,Joey Berezowitz,offense,45,5,4,2026-01-03,WOS@WWW
UW-Whitewater,Tyshawn Teague-Johnson,offense,40,5,6,2026-01-03,WOS@WWW
UW-Whitewater,Tyshawn Teague-Johnson,offense,35,0,1,2026-01-03,WOS@WWW
UW-Whitewater,Richie Warren,defense,45,40,2,2026-01-03,WOS@WWW
UW-Whitewater,Richie Warren,defense,45,35,2,2026-01-03,WOS@WWW
UW-Oshkosh Titans,Jonah Rindfleisch,offense,35,0,3,2026-01-03,WOS@WWW
UW-Oshkosh Titans,Aiden Hawkinson,offense,10,35,5,2026-01-03,WOS@WWW
UW-Whitewater,Darius Chestnut,defense,15,0,24,2026-01-03,WOS@WWW
UW-Whitewater,Darius Chestnut,defense,25,0,3,2026-01-03,WOS@WWW
UW-Whitewater,Tyshawn Teague-Johnson,defense,15,45,2,2026-01-03,WOS@WWW
UW-Whitewater,Tyshawn Teague-Johnson,defense,20,40,3,2026-01-03,WOS@WWW
UW-Whitewater,Tyshawn Teague-Johnson,defense,15,40,4,2026-01-03,WOS@WWW
UW-Whitewater,Richie Warren,defense,25,0,12,2026-01-03,WOS@WWW
UW-Whitewater,Darius Chestnut,defense,5,30,1,2026-01-03,WOS@WWW
UW-Whitewater,Tyshawn Teague-Johnson,defense,40,35,6,2026-01-03,WOS@WWW
UW-Oshkosh Titans,Vitorio Dante,offense,30,0,7,2026-01-03,WOS@WWW
UW-Oshkosh Titans,Vitorio Dante,offense,20,0,5,2026-01-03,WOS@WWW
UW-Oshkosh Titans,Vitorio Dante,offense,35,5,7,2026-01-03,WOS@WWW
UW-Oshkosh Titans,Vitorio Dante,offense,40,10,5,2026-01-03,WOS@WWW
UW-Whitewater,Joey Berezowitz,defense,5,0,4,2026-01-03,WOS@WWW
UW-Whitewater,Joey Berezowitz,defense,0,0,4,2026-01-03,WOS@WWW
UW-Whitewater,Joey Berezowitz,defense,0,5,1,2026-01-03,WOS@WWW
UW-Oshkosh Titans,Vitorio Dante,offense,40,35,4,2026-01-03,WOS@WWW
UW-Oshkosh Titans,Vitorio Dante,offense,40,40,5,2026-01-03,WOS@WWW
UW-Oshkosh Titans,Vitorio Dante,offense,40,45,1,2026-01-03,WOS@WWW
UW-Oshkosh Titans,Oskar Kangas,offense,35,15,8,2026-01-03,WOS@WWW
UW-Whitewater,Tyshawn Teague-Johnson,defense,45,40,3,2026-01-03,WOS@WWW
UW-Whitewater,Tyshawn Teague-Johnson,defense,40,40,3,2026-01-03,WOS@WWW
UW-Whitewater,Tyshawn Teague-Johnson,defense,45,35,2,2026-01-03,WOS@WWW
UW-Whitewater,Tyshawn Teague-Johnson,defense,40,30,6,2026-01-03,WOS@WWW
UW-Whitewater,Tyshawn Teague-Johnson,defense,40,25,2,2026-01-03,WOS@WWW
UW-Whitewater,Tyshawn Teague-Johnson,defense,35,25,3,2026-01-03,WOS@WWW
UW-Whitewater,Tyshawn Teague-Johnson,defense,30,0,14,2026-01-03,WOS@WWW
UW-Oshkosh Titans,Matt Imig,offense,45,10,11,2026-01-03,WOS@WWW
UW-Oshkosh Titans,Matt Imig,offense,45,0,4,2026-01-03,WOS@WWW
UW-Oshkosh Titans,Matt Imig,offense,30,0,2,2026-01-03,WOS@WWW
UW-Whitewater,Tyshawn Teague-Johnson,defense,5,5,3,2026-01-03,WOS@WWW
UW-Whitewater,Tyshawn Teague-Johnson,defense,35,0,11,2026-01-03,WOS@WWW
UW-Whitewater,Tyshawn Teague-Johnson,defense,35,5,8,2026-01-03,WOS@WWW
UW-Oshkosh Titans,Michael Metcalf-Grassman,offense,30,10,85,2026-01-03,WOS@WWW
UW-Oshkosh Titans,Carter Thomas,offense,30,5,17,2026-01-03,WOS@WWW
UW-Oshkosh Titans,Carter Thomas,offense,10,0,10,2026-01-03,WOS@WWW
UW-Oshkosh Titans,Carter Thomas,offense,20,0,14,2026-01-03,WOS@WWW
UW-Whitewater,Joey Berezowitz,offense,35,10,10,2026-01-03,WOS@WWW
UW-Oshkosh Titans,Brandon Beck,defense,10,40,11,2026-01-03,WOS@WWW
UW-Oshkosh Titans,Brandon Beck,defense,10,45,4,2026-01-03,WOS@WWW
UW-Oshkosh Titans,Brandon Beck,defense,30,45,3,2026-01-03,WOS@WWW
UW-Oshkosh Titans,Brandon Beck,defense,30,40,5,2026-01-03,WOS@WWW
UW-Oshkosh Titans,Carter Thomas,defense,30,0,18,2026-01-03,WOS@WWW
UW-Whitewater,Tyshawn Teague-Johnson,offense,30,5,4,2026-01-03,WOS@WWW
UW-Whitewater,Tyshawn Teague-Johnson,offense,10,15,15,2026-01-03,WOS@WWW
UW-Whitewater,Tyshawn Teague-Johnson,offense,10,25,13,2026-01-03,WOS@WWW
UW-Whitewater,Tyshawn Teague-Johnson,offense,10,30,6,2026-01-03,WOS@WWW
UW-Whitewater,Tyshawn Teague-Johnson,offense,10,35,6,2026-01-03,WOS@WWW
UW-Whitewater,Tyshawn Teague-Johnson,offense,10,40,11,2026-01-03,WOS@WWW
UW-Whitewater,Tyshawn Teague-Johnson,offense,10,45,5,2026-01-03,WOS@WWW
UW-Whitewater,Tyshawn Teague-Johnson,offense,5,30,5,2026-01-03,WOS@WWW
UW-Whitewater,Tyshawn Teague-Johnson,offense,0,40,3,2026-01-03,WOS@WWW
UW-Whitewater,Tyshawn Teague-Johnson,offense,0,45,2,2026-01-03,WOS@WWW
UW-Whitewater,Tyshawn Teague-Johnson,offense,5,35,7,2026-01-03,WOS@WWW
UW-Whitewater,Tyshawn Teague-Johnson,offense,0,35,3,2026-01-03,WOS@WWW
UW-Oshkosh Titans,Nate Nazos,defense,35,25,3,2026-01-03,WOS@WWW
UW-Oshkosh Titans,Nate Nazos,defense,35,35,1,2026-01-03,WOS@WWW
UW-Oshkosh Titans,Joey LaChapell,defense,35,35,5,2026-01-03,WOS@WWW
UW-Oshkosh Titans,Joey LaChapell,defense,35,40,7,2026-01-03,WOS@WWW
UW-Whitewater,Tyshawn Teague-Johnson,offense,45,10,4,2026-01-03,WOS@WWW
UW-Whitewater,Tyshawn Teague-Johnson,offense,25,0,3,2026-01-03,WOS@WWW
UW-Whitewater,Tyshawn Teague-Johnson,offense,0,10,1,2026-01-03,WOS@WWW
UW-Oshkosh Titans,Michael Metcalf-Grassman,defense,45,20,5,2026-01-03,WOS@WWW
UW-Oshkosh Titans,Michael Metcalf-Grassman,defense,45,15,4,2026-01-03,WOS@WWW
UW-Oshkosh Titans,Michael Metcalf-Grassman,defense,30,35,18,2026-01-03,WOS@WWW
UW-Oshkosh Titans,Carter Thomas,offense,35,45,2,2026-01-03,WOS@WWW
UW-Oshkosh Titans,Carter Thomas,offense,25,0,27,2026-01-03,WOS@WWW
UW-Whitewater,Tyshawn Teague-Johnson,defense,20,35,2,2026-01-03,WOS@WWW
UW-Whitewater,Tyshawn Teague-Johnson,defense,25,35,2,2026-01-03,WOS@WWW
UW-Oshkosh Titans,Nate Nazos,offense,0,30,18,2026-01-03,WOS@WWW
UW-Oshkosh Titans,Nate Nazos,offense,0,25,10,2026-01-03,WOS@WWW
UW-Oshkosh Titans,Joey LaChapell,offense,5,5,10,2026-01-03,WOS@WWW
UW-Whitewater,Richie Warren,defense,30,0,22,2026-01-03,WOS@WWW
UW-Whitewater,Tyshawn Teague-Johnson,defense,10,25,3,2026-01-03,WOS@WWW
UW-Whitewater,Tyshawn Teague-Johnson,defense,10,30,9,2026-01-03,WOS@WWW
UW-Whitewater,Collin Madson,defense,40,0,4,2026-01-03,WOS@WWW
UW-Whitewater,Richie Warren,offense,35,30,15,2026-01-03,WOS@WWW
UW-Oshkosh Titans,Michael Metcalf-Grassman,defense,45,25,6,2026-01-03,WOS@WWW
UW-Whitewater,Tyshawn Teague-Johnson,offense,20,35,6,2026-01-03,WOS@WWW
UW-Whitewater,Tyshawn Teague-Johnson,offense,20,40,1,2026-01-03,WOS@WWW
UW-Whitewater,Tyshawn Teague-Johnson,offense,25,40,2,2026-01-03,WOS@WWW
UW-Whitewater,Tyshawn Teague-Johnson,offense,45,45,1,2026-01-03,WOS@WWW
UW-Whitewater,Tyshawn Teague-Johnson,offense,45,40,1,2026-01-03,WOS@WWW
UW-Oshkosh Titans,Joey LaChapell,defense,35,45,11,2026-01-03,WOS@WWW
UW-Oshkosh Titans,Michael Metcalf-Grassman,offense,35,20,6,2026-01-03,WOS@WWW
UW-Oshkosh Titans,Michael Metcalf-Grassman,offense,35,15,2,2026-01-03,WOS@WWW
UW-Whitewater,Luke Bara,defense,40,45,2,2026-01-03,WOS@WWW
UW-Whitewater,Luke Bara,defense,40,40,3,2026-01-03,WOS@WWW
UW-Oshkosh Titans,Nate Nazos,offense,15,45,1,2026-01-03,WOS@WWW
UW-Whitewater,Tyshawn Teague-Johnson,defense,20,30,7,2026-01-03,WOS@WWW
UW-Oshkosh Titans,Aiden Hawkinson,defense,25,45,4,2026-01-03,WOS@WWW
UW-Whitewater,Brock Marino,offense,25,5,28,2026-01-03,WOS@WWW
UW-Whitewater,Tyshawn Teague-Johnson,offense,25,5,11,2026-01-03,WOS@WWW
UW-Whitewater,Tyshawn Teague-Johnson,offense,40,10,4,2026-01-03,WOS@WWW
UW-Whitewater,Tyshawn Teague-Johnson,offense,35,10,3,2026-01-03,WOS@WWW
UW-Whitewater,Tyshawn Teague-Johnson,offense,45,5,4,2026-01-03,WOS@WWW
UW-Oshkosh Titans,Oskar Kangas,defense,35,0,2,2026-01-03,WOS@WWW
UW-Oshkosh Titans,Jay Dalton,defense,25,0,43,2026-01-03,WOS@WWW
UW-Oshkosh Titans,Jay Dalton,defense,20,5,1,2026-01-03,WOS@WWW
UW-Whitewater,Brock Marino,offense,0,45,13,2026-01-03,WOS@WWW
UW-Whitewater,Brock Marino,offense,0,40,5,2026-01-03,WOS@WWW
UW-Oshkosh Titans,Oskar Kangas,defense,45,0,2,2026-01-03,WOS@WWW
UW-Oshkosh Titans,Oskar Kangas,defense,40,5,1,2026-01-03,WOS@WWW
UW-Whitewater,Luke Bara,offense,35,35,11,2026-01-03,WOS@WWW
UW-Oshkosh Titans,Aiden Hawkinson,defense,40,30,3,2026-01-03,WOS@WWW
UW-Oshkosh Titans,Jay Dalton,defense,35,5,3,2026-01-03,WOS@WWW
UW-Oshkosh Titans,Jay Dalton,defense,25,25,8,2026-01-03,WOS@WWW
UW-Oshkosh Titans,Jay Dalton,defense,25,20,22,2026-01-03,WOS@WWW
UW-Oshkosh Titans,Logan Rindfleisch,defense,45,15,1,2026-01-03,WOS@WWW
UW-Oshkosh Titans,Logan Rindfleisch,defense,40,20,3,2026-01-03,WOS@WWW
UW-Oshkosh Titans,Logan Rindfleisch,defense,40,25,6,2026-01-03,WOS@WWW
UW-Oshkosh Titans,Logan Rindfleisch,defense,45,25,2,2026-01-03,WOS@WWW
UW-Whitewater,Luke Bara,offense,45,25,9,2026-01-03,WOS@WWW
UW-Whitewater,Luke Bara,offense,45,35,8,2026-01-03,WOS@WWW
UW-Oshkosh Titans,Jonah Rindfleisch,offense,40,45,1,2026-01-03,WOS@WWW
UW-Oshkosh Titans,Jonah Rindfleisch,offense,40,20,5,2026-01-03,WOS@WWW
UW-Whitewater,JR Lukenbill,defense,0,45,3,2026-01-03,WOS@WWW
UW-Whitewater,TEAM,defense,0,45,29,2026-01-03,WOS@WWW
UW-Whitewater,JR Lukenbill,defense,0,40,2,2026-01-03,WOS@WWW
UW-Whitewater,TEAM,defense,0,40,15,2026-01-03,WOS@WWW
UW-Whitewater,JR Lukenbill,defense,10,30,8,2026-01-03,WOS@WWW
UW-Oshkosh Titans,Jay Dalton,offense,20,35,3,2026-01-03,WOS@WWW
UW-Oshkosh Titans,Aiden Hawkinson,offense,20,40,7,2026-01-03,WOS@WWW
UW-Whitewater,Collin Madson,defense,20,45,2,2026-01-03,WOS@WWW
UW-Whitewater,Collin Madson,defense,25,35,22,2026-01-03,WOS@WWW
UW-Whitewater,Brock Marino,defense,5,20,4,2026-01-03,WOS@WWW
UW-Oshkosh Titans,Logan Rindfleisch,offense,0,45,1,2026-01-03,WOS@WWW
UW-Oshkosh Titans,TEAM,offense,0,45,4,2026-01-03,WOS@WWW
UW-Whitewater,Luke Bara,defense,25,0,13,2026-01-03,WOS@WWW
UW-Oshkosh Titans,Oskar Kangas,offense,5,20,11,2026-01-03,WOS@WWW
UW-Oshkosh Titans,Oskar Kangas,offense,0,30,22,2026-01-03,WOS@WWW
UW-Oshkosh Titans,Oskar Kangas,offense,20,40,3,2026-01-03,WOS@WWW
UW-Oshkosh Titans,Logan Rindfleisch,offense,40,5,5,2026-01-03,WOS@WWW
UW-Oshkosh Titans,Logan Rindfleisch,offense,20,0,4,2026-01-03,WOS@WWW
UW-Oshkosh Titans,Logan Rindfleisch,offense,15,0,3,2026-01-03,WOS@WWW
UW-Oshkosh Titans,Jay Dalton,offense,0,0,23,2026-01-03,WOS@WWW
UW-Oshkosh Titans,Jay Dalton,offense,45,10,1,2026-01-03,WOS@WWW
UW-Whitewater,Luke Bara,defense,10,40,27,2026-01-03,WOS@WWW
UW-Whitewater,Luke Bara,defense,5,45,3,2026-01-03,WOS@WWW
UW-Whitewater,TEAM,defense,5,45,13,2026-01-03,WOS@WWW
UW-Oshkosh Titans,Jay Dalton,defense,10,45,2,2026-01-03,WOS@WWW
UW-Oshkosh Titans,Jay Dalton,defense,10,40,2,2026-01-03,WOS@WWW
UW-Oshkosh Titans,Jay Dalton,defense,20,35,2,2026-01-03,WOS@WWW
UW-Oshkosh Titans,Jay Dalton,defense,15,25,2,2026-01-03,WOS@WWW
UW-Oshkosh Titans,Jay Dalton,defense,15,20,6,2026-01-03,WOS@WWW
UW-Oshkosh Titans,Jay Dalton,defense,10,5,2,2026-01-03,WOS@WWW
UW-Oshkosh Titans,Logan Rindfleisch,defense,30,45,3,2026-01-03,WOS@WWW
UW-Oshkosh Titans,Logan Rindfleisch,defense,30,40,4,2026-01-03,WOS@WWW
UW-Oshkosh Titans,Oskar Kangas,defense,40,25,3,2026-01-03,WOS@WWW
UW-Whitewater,Brock Marino,offense,40,35,30,2026-01-03,WOS@WWW
UW-Oshkosh Titans,Jonah Rindfleisch,defense,25,15,46,2026-01-03,WOS@WWW
UW-Whitewater,JR Lukenbill,offense,20,0,8,2026-01-03,WOS@WWW
UW-Oshkosh Titans,Aiden Hawkinson,defense,25,25,14,2026-01-03,WOS@WWW
UW-Oshkosh Titans,Logan Rindfleisch,defense,35,40,2,2026-01-03,WOS@WWW
UW-Oshkosh Titans,Logan Rindfleisch,defense,30,35,12,2026-01-03,WOS@WWW
UW-Whitewater,Aiden Hawkinson,offense,30,25,1,2026-01-03,WOS@WWW
UW-Whitewater,Aiden Hawkinson,offense,30,20,1,2026-01-03,WOS@WWW
UW-Whitewater,Aiden Hawkinson,offense,20,10,2,2026-01-03,WOS@WWW
UW-Whitewater,Aiden Hawkinson,offense,20,5,1,2026-01-03,WOS@WWW
UW-Whitewater,Aiden Hawkinson,offense,5,15,2,2026-01-03,WOS@WWW
UW-Whitewater,Aiden Hawkinson,offense,5,20,1,2026-01-03,WOS@WWW
UW-Whitewater,Aiden Hawkinson,offense,10,25,1,2026-01-03,WOS@WWW
UW-Whitewater,Aiden Hawkinson,offense,5,30,2,2026-01-03,WOS@WWW
UW-Whitewater,Aiden Hawkinson,offense,10,30,1,2026-01-03,WOS@WWW
UW-Whitewater,Aiden Hawkinson,offense,5,5,8,2026-01-03,WOS@WWW
UW-Whitewater,Aiden Hawkinson,offense,5,10,1,2026-01-03,WOS@WWW
UW-Oshkosh Titans,Jay Dalton,defense,25,15,7,2026-01-03,WOS@WWW
UW-Whitewater,Luke Bara,offense,5,5,8,2026-01-03,WOS@WWW
UW-Whitewater,Luke Bara,offense,0,10,12,2026-01-03,WOS@WWW
UW-Whitewater,Luke Bara,offense,10,20,26,2026-01-03,WOS@WWW
UW-Oshkosh Titans,Jonah Rindfleisch,defense,15,20,6,2026-01-03,WOS@WWW
UW-Oshkosh Titans,Logan Rindfleisch,defense,0,25,2,2026-01-03,WOS@WWW
UW-Oshkosh Titans,Logan Rindfleisch,defense,0,20,12,2026-01-03,WOS@WWW
UW-Oshkosh Titans,Logan Rindfleisch,defense,0,15,3,2026-01-03,WOS@WWW
UW-Oshkosh Titans,Jay Dalton,defense,0,15,2,2026-01-03,WOS@WWW
UW-Oshkosh Titans,Jay Dalton,defense,0,10,6,2026-01-03,WOS@WWW
UW-Whitewater,Collin Madson,offense,5,45,9,2026-01-03,WOS@WWW
UW-Oshkosh Titans,Jonah Rindfleisch,defense,40,25,3,2026-01-03,WOS@WWW
UW-Whitewater,Brock Marino,defense,10,5,28,2026-01-03,WOS@WWW
UW-Whitewater,Brock Marino,defense,25,0,4,2026-01-03,WOS@WWW
UW-Whitewater,Brock Marino,defense,30,0,9,2026-01-03,WOS@WWW
UW-Oshkosh Titans,Joey LaChapell,offense,10,0,9,2026-01-03,WOS@WWW
UW-Whitewater,Tyshawn Teague-Johnson,defense,25,20,12,2026-01-03,WOS@WWW
UW-Whitewater,Tyshawn Teague-Johnson,defense,15,30,1,2026-01-03,WOS@WWW
UW-Oshkosh Titans,Nate Nazos,offense,30,0,5,2026-01-03,WOS@WWW
UW-Oshkosh Titans,Michael Metcalf-Grassman,defense,20,45,2,2026-01-03,WOS@WWW
UW-Whitewater,Tyshawn Teague-Johnson,offense,5,45,2,2026-01-03,WOS@WWW
UW-Whitewater,Tyshawn Teague-Johnson,offense,5,40,3,2026-01-03,WOS@WWW
UW-Oshkosh Titans,Carter Thomas,defense,35,45,1,2026-01-03,WOS@WWW
UW-Oshkosh Titans,Carter Thomas,defense,35,35,8,2026-01-03,WOS@WWW
UW-Oshkosh Titans,Carter Thomas,defense,25,30,13,2026-01-03,WOS@WWW
UW-Whitewater,Luke Bara,offense,40,45,6,2026-01-03,WOS@WWW
UW-Whitewater,Luke Bara,offense,35,40,10,2026-01-03,WOS@WWW
UW-Oshkosh Titans,Nate Nazos,defense,30,0,17,2026-01-03,WOS@WWW
UW-Whitewater,JR Lukenbill,offense,15,5,12,2026-01-03,WOS@WWW
UW-Whitewater,Luke Bara,offense,45,45,4,2026-01-03,WOS@WWW
UW-Whitewater,Tyshawn Teague-Johnson,offense,0,25,30,2026-01-03,WOS@WWW
UW-Whitewater,Tyshawn Teague-Johnson,offense,0,20,14,2026-01-03,WOS@WWW
UW-Whitewater,Collin Madson,offense,30,0,25,2026-01-03,WOS@WWW
UW-Whitewater,Collin Madson,offense,35,0,8,2026-01-03,WOS@WWW
UW-Whitewater,Collin Madson,offense,45,0,6,2026-01-03,WOS@WWW
UW-Whitewater,Tyshawn Teague-Johnson,offense,5,15,25,2026-01-03,WOS@WWW
UW-Whitewater,Tyshawn Teague-Johnson,offense,5,10,2,2026-01-03,WOS@WWW
UW-Whitewater,Tyshawn Teague-Johnson,offense,15,20,8,2026-01-03,WOS@WWW
UW-Whitewater,Luke Bara,offense,45,30,7,2026-01-03,WOS@WWW
UW-Whitewater,Luke Bara,offense,20,0,19,2026-01-03,WOS@WWW
UW-Oshkosh Titans,Michael Metcalf-Grassman,defense,25,0,20,2026-01-03,WOS@WWW
UW-Oshkosh Titans,Carter Thomas,defense,35,0,6,2026-01-03,WOS@WWW
UW-Whitewater,Tyshawn Teague-Johnson,offense,30,25,4,2026-01-03,WOS@WWW
UW-Oshkosh Titans,Nate Nazos,defense,40,10,14,2026-01-03,WOS@WWW
UW-Oshkosh Titans,Nate Nazos,defense,35,0,11,2026-01-03,WOS@WWW
UW-Oshkosh Titans,Nate Nazos,defense,40,5,11,2026-01-03,WOS@WWW
UW-Oshkosh Titans,Brandon Beck,defense,0,5,8,2026-01-03,WOS@WWW
UW-Whitewater,Tyshawn Teague-Johnson,offense,30,45,2,2026-01-03,WOS@WWW
UW-Whitewater,Tyshawn Teague-Johnson,offense,30,40,1,2026-01-03,WOS@WWW
UW-Whitewater,Tyshawn Teague-Johnson,defense,0,30,1,2026-01-03,WOS@WWW
UW-Whitewater,Tyshawn Teague-Johnson,defense,0,20,1,2026-01-03,WOS@WWW
UW-Whitewater,Tyshawn Teague-Johnson,defense,40,10,2,2026-01-03,WOS@WWW
UW-Whitewater,Tyshawn Teague-Johnson,defense,40,5,2,2026-01-03,WOS@WWW
UW-Whitewater,Tyshawn Teague-Johnson,defense,25,25,6,2026-01-03,WOS@WWW
UW-Whitewater,Tyshawn Teague-Johnson,defense,15,0,3,2026-01-03,WOS@WWW
UW-Whitewater,Luke Bara,defense,15,30,20,2026-01-03,WOS@WWW
UW-Whitewater,Luke Bara,defense,5,20,5,2026-01-03,WOS@WWW
UW-Whitewater,Luke Bara,defense,10,35,10,2026-01-03,WOS@WWW
UW-Whitewater,Brock Marino,defense,35,0,3,2026-01-03,WOS@WWW
UW-Whitewater,Brock Marino,defense,5,15,11,2026-01-03,WOS@WWW
UW-Whitewater,Brock Marino,defense,40,40,3,2026-01-03,WOS@WWW
UW-Whitewater,Brock Marino,defense,40,45,4,2026-01-03,WOS@WWW
UW-Oshkosh Titans,Logan Rindfleisch,offense,0,10,1,2026-01-03,WOS@WWW
UW-Oshkosh Titans,Logan Rindfleisch,offense,5,15,11,2026-01-03,WOS@WWW
UW-Oshkosh Titans,Logan Rindfleisch,offense,5,10,11,2026-01-03,WOS@WWW
UW-Oshkosh Titans,Vitorio Dante,offense,40,5,5,2026-01-03,WOS@WWW
UW-Oshkosh Titans,Vitorio Dante,offense,40,15,1,2026-01-03,WOS@WWW
UW-Oshkosh Titans,Vitorio Dante,offense,20,25,5,2026-01-03,WOS@WWW
UW-Oshkosh Titans,Oskar Kangas,offense,25,35,3,2026-01-03,WOS@WWW
UW-Whitewater,Tyshawn Teague-Johnson,defense,45,10,6,2026-01-03,WOS@WWW
UW-Oshkosh Titans,Logan Rindfleisch,defense,20,40,2,2026-01-03,WOS@WWW
UW-Oshkosh Titans,Matt Imig,defense,40,40,1,2026-01-03,WOS@WWW
UW-Oshkosh Titans,Matt Imig,defense,40,35,6,2026-01-03,WOS@WWW
UW-Oshkosh Titans,Matt Imig,defense,35,30,5,2026-01-03,WOS@WWW
UW-Oshkosh Titans,Matt Imig,defense,45,25,1,2026-01-03,WOS@WWW
UW-Whitewater,Tyshawn Teague-Johnson,offense,25,15,1,2026-01-03,WOS@WWW
UW-Whitewater,Tyshawn Teague-Johnson,offense,30,15,3,2026-01-03,WOS@WWW
UW-Whitewater,Tyshawn Teague-Johnson,offense,35,5,1,2026-01-03,WOS@WWW
UW-Oshkosh Titans,Aiden Hawkinson,defense,35,30,3,2026-01-03,WOS@WWW
UW-Oshkosh Titans,Aiden Hawkinson,defense,40,25,1,2026-01-03,WOS@WWW
UW-Oshkosh Titans,Aiden Hawkinson,defense,40,40,5,2026-01-03,WOS@WWW
UW-Oshkosh Titans,Logan Rindfleisch,defense,35,35,3,2026-01-03,WOS@WWW
UW-Oshkosh Titans,Logan Rindfleisch,defense,15,0,6,2026-01-03,WOS@WWW
UW-Oshkosh Titans,Aiden Hawkinson,defense,40,0,2,2026-01-03,WOS@WWW
UW-Whitewater,Luke Bara,offense,35,45,5,2026-01-03,WOS@WWW
UW-Oshkosh Titans,Matt Imig,defense,30,5,42,2026-01-03,WOS@WWW
UW-Whitewater,Tyshawn Teague-Johnson,offense,10,5,6,2026-01-03,WOS@WWW
UW-Whitewater,Tyshawn Teague-Johnson,offense,15,35,9,2026-01-03,WOS@WWW
UW-Whitewater,Tyshawn Teague-Johnson,offense,15,40,5,2026-01-03,WOS@WWW
UW-Whitewater,Tyshawn Teague-Johnson,offense,40,20,1,2026-01-03,WOS@WWW
UW-Whitewater,Tyshawn Teague-Johnson,offense,30,20,1,2026-01-03,WOS@WWW
UW-Whitewater,Tyshawn Teague-Johnson,offense,30,10,25,2026-01-03,WOS@WWW
UW-Oshkosh Titans,Matt Imig,defense,30,0,3,2026-01-03,WOS@WWW
UW-Oshkosh Titans,Matt Imig,defense,35,5,11,2026-01-03,WOS@WWW
UW-Oshkosh Titans,Logan Rindfleisch,defense,35,20,2,2026-01-03,WOS@WWW
UW-Whitewater,Tyshawn Teague-Johnson,defense,15,25,2,2026-01-03,WOS@WWW
UW-Whitewater,JR Lukenbill,defense,5,35,1,2026-01-03,WOS@WWW
UW-Whitewater,Luke Bara,defense,5,30,3,2026-01-03,WOS@WWW
UW-Whitewater,Luke Bara,defense,45,10,13,2026-01-03,WOS@WWW
UW-Whitewater,Tyshawn Teague-Johnson,defense,5,0,1,2026-01-03,WOS@WWW
UW-Oshkosh Titans,Nate Nazos,offense,25,0,16,2026-01-03,WOS@WWW
UW-Whitewater,Brock Marino,defense,0,5,8,2026-01-03,WOS@WWW
UW-Whitewater,Brock Marino,defense,5,0,3,2026-01-03,WOS@WWW
UW-Oshkosh Titans,Joey LaChapell,offense,20,0,13,2026-01-03,WOS@WWW
UW-Whitewater,Tyshawn Teague-Johnson,offense,15,45,1,2026-01-03,WOS@WWW
UW-Oshkosh Titans,Carter Thomas,defense,20,40,4,2026-01-03,WOS@WWW
UW-Oshkosh Titans,Joey LaChapell,defense,25,30,29,2026-01-03,WOS@WWW
UW-Oshkosh Titans,Michael Metcalf-Grassman,defense,25,45,6,2026-01-03,WOS@WWW
UW-Oshkosh Titans,Michael Metcalf-Grassman,defense,35,40,44,2026-01-03,WOS@WWW
UW-Oshkosh Titans,Michael Metcalf-Grassman,defense,40,35,3,2026-01-03,WOS@WWW
UW-Oshkosh Titans,Michael Metcalf-Grassman,defense,35,35,13,2026-01-03,WOS@WWW
UW-Whitewater,Brock Marino,offense,40,45,5,2026-01-03,WOS@WWW
UW-Oshkosh Titans,Brandon Beck,defense,10,35,13,2026-01-03,WOS@WWW
UW-Oshkosh Titans,Brandon Beck,defense,35,40,8,2026-01-03,WOS@WWW
UW-Oshkosh Titans,Brandon Beck,defense,40,40,4,2026-01-03,WOS@WWW
UW-Oshkosh Titans,Brandon Beck,defense,35,35,6,2026-01-03,WOS@WWW
UW-Oshkosh Titans,Brandon Beck,defense,40,35,6,2026-01-03,WOS@WWW
UW-Whitewater,JR Lukenbill,offense,40,0,12,2026-01-03,WOS@WWW
UW-Whitewater,Tyshawn Teague-Johnson,offense,40,0,1,2026-01-03,WOS@WWW
UW-Whitewater,Tyshawn Teague-Johnson,offense,15,0,1,2026-01-03,WOS@WWW
UW-Oshkosh Titans,Carter Thomas,defense,40,25,6,2026-01-03,WOS@WWW
UW-Oshkosh Titans,Nate Nazos,defense,35,45,3,2026-01-03,WOS@WWW
UW-Oshkosh Titans,Brandon Beck,offense,30,35,17,2026-01-03,WOS@WWW
UW-Oshkosh Titans,Michael Metcalf-Grassman,offense,5,40,2,2026-01-03,WOS@WWW
UW-Oshkosh Titans,Carter Thomas,offense,45,40,3,2026-01-03,WOS@WWW
UW-Oshkosh Titans,Nate Nazos,offense,10,45,1,2026-01-03,WOS@WWW
UW-Oshkosh Titans,Michael Metcalf-Grassman,offense,45,10,10,2026-01-03,WOS@WWW
UW-Oshkosh Titans,Carter Thomas,offense,5,5,8,2026-01-03,WOS@WWW
UW-Whitewater,Luke Bara,offense,15,0,8,2026-01-03,WOS@WWW
UW-Whitewater,Luke Bara,offense,5,20,14,2026-01-03,WOS@WWW
UW-Whitewater,Brock Marino,offense,0,25,7,2026-01-03,WOS@WWW
UW-Oshkosh Titans,Jay Dalton,defense,40,5,2,2026-01-03,WOS@WWW
UW-Oshkosh Titans,Jay Dalton,defense,40,10,3,2026-01-03,WOS@WWW
UW-Oshkosh Titans,Oskar Kangas,defense,0,0,1,2026-01-03,WOS@WWW
UW-Oshkosh Titans,Oskar Kangas,defense,0,5,8,2026-01-03,WOS@WWW
UW-Oshkosh Titans,Logan Rindfleisch,defense,35,0,10,2026-01-03,WOS@WWW
UW-Oshkosh Titans,Logan Rindfleisch,defense,0,30,2,2026-01-03,WOS@WWW
UW-Oshkosh Titans,Vitorio Dante,defense,0,0,13,2026-01-03,WOS@WWW
UW-Oshkosh Titans,Vitorio Dante,defense,0,5,9,2026-01-03,WOS@WWW
UW-Oshkosh Titans,Oskar Kangas,defense,45,5,1,2026-01-03,WOS@WWW
UW-Oshkosh Titans,Oskar Kangas,defense,35,5,5,2026-01-03,WOS@WWW
UW-Oshkosh Titans,Oskar Kangas,defense,35,10,3,2026-01-03,WOS@WWW
UW-Oshkosh Titans,Vitorio Dante,defense,35,30,3,2026-01-03,WOS@WWW
UW-Oshkosh Titans,Vitorio Dante,defense,40,30,1,2026-01-03,WOS@WWW
UW-Oshkosh Titans,Vitorio Dante,defense,40,35,2,2026-01-03,WOS@WWW
UW-Oshkosh Titans,Vitorio Dante,defense,45,45,1,2026-01-03,WOS@WWW
UW-Oshkosh Titans,TEAM,defense,45,45,6,2026-01-03,WOS@WWW
UW-Oshkosh Titans,Oskar Kangas,defense,0,30,2,2026-01-03,WOS@WWW
UW-Whitewater,Jake Quast,offense,35,0,5,2026-01-03,WOS@WWW
UW-Whitewater,Jake Quast,offense,20,40,11,2026-01-03,WOS@WWW
UW-Whitewater,Jake Quast,offense,25,25,30,2026-01-03,WOS@WWW
UW-Oshkosh Titans,Logan Rindfleisch,offense,45,25,1,2026-01-03,WOS@WWW
UW-Oshkosh Titans,Jay Dalton,offense,10,40,9,2026-01-03,WOS@WWW
UW-Oshkosh Titans,Jay Dalton,offense,10,35,10,2026-01-03,WOS@WWW
UW-Oshkosh Titans,Aiden Hawkinson,offense,10,5,3,2026-01-03,WOS@WWW
UW-Whitewater,Brock Marino,defense,5,30,4,2026-01-03,WOS@WWW
UW-Whitewater,Brock Marino,defense,5,25,7,2026-01-03,WOS@WWW
UW-Oshkosh Titans,Oskar Kangas,offense,0,45,1,2026-01-03,WOS@WWW
UW-Oshkosh Titans,Oskar Kangas,offense,0,40,6,2026-01-03,WOS@WWW
UW-Oshkosh Titans,Oskar Kangas,offense,0,35,15,2026-01-03,WOS@WWW
UW-Whitewater,Jake Quast,defense,10,5,23,2026-01-03,WOS@WWW
UW-Oshkosh Titans,Logan Rindfleisch,offense,0,15,3,2026-01-03,WOS@WWW
UW-Oshkosh Titans,Logan Rindfleisch,offense,5,5,11,2026-01-03,WOS@WWW
UW-Oshkosh Titans,Logan Rindfleisch,offense,20,40,2,2026-01-03,WOS@WWW
UW-Oshkosh Titans,Logan Rindfleisch,offense,30,35,5,2026-01-03,WOS@WWW
UW-Oshkosh Titans,Logan Rindfleisch,offense,35,35,2,2026-01-03,WOS@WWW
UW-Whitewater,Brock Marino,defense,45,40,2,2026-01-03,WOS@WWW
UW-Whitewater,Jake Quast,defense,40,10,15,2026-01-03,WOS@WWW
UW-Whitewater,Jake Quast,defense,35,5,13,2026-01-03,WOS@WWW
UW-Oshkosh Titans,Carter Thomas,offense,10,35,13,2026-01-03,WOS@WWW
UW-Whitewater,Collin Madson,defense,5,35,7,2026-01-03,WOS@WWW
UW-Oshkosh Titans,Nate Nazos,offense,45,40,3,2026-01-03,WOS@WWW
UW-Oshkosh Titans,Nate Nazos,offense,45,25,5,2026-01-03,WOS@WWW
UW-Whitewater,Luke Bara,defense,25,40,17,2026-01-03,WOS@WWW
UW-Whitewater,JR Lukenbill,defense,0,25,2,2026-01-03,WOS@WWW
UW-Whitewater,JR Lukenbill,defense,0,35,1,2026-01-03,WOS@WWW
UW-Whitewater,TEAM,defense,0,35,18,2026-01-03,WOS@WWW
UW-Oshkosh Titans,Nate Nazos,offense,40,0,37,2026-01-03,WOS@WWW
UW-Oshkosh Titans,Nate Nazos,offense,40,5,2,2026-01-03,WOS@WWW
UW-Oshkosh Titans,Joey LaChapell,offense,5,0,5,2026-01-03,WOS@WWW
UW-Oshkosh Titans,Nate Nazos,offense,45,10,2,2026-01-03,WOS@WWW
UW-Whitewater,JR Lukenbill,defense,0,10,1,2026-01-03,WOS@WWW
UW-Whitewater,Jake Quast,defense,40,35,1,2026-01-03,WOS@WWW
UW-Whitewater,Jake Quast,defense,40,40,1,2026-01-03,WOS@WWW
UW-Whitewater,Jake Quast,defense,40,45,1,2026-01-03,WOS@WWW
UW-Oshkosh Titans,Carter Thomas,offense,35,5,15,2026-01-03,WOS@WWW
UW-Whitewater,JR Lukenbill,offense,0,40,1,2026-01-03,WOS@WWW
UW-Oshkosh Titans,Nate Nazos,defense,30,30,26,2026-01-03,WOS@WWW
UW-Whitewater,Jake Quast,offense,30,45,1,2026-01-03,WOS@WWW
UW-Whitewater,Jake Quast,offense,30,40,8,2026-01-03,WOS@WWW
UW-Whitewater,Jake Quast,offense,0,30,1,2026-01-03,WOS@WWW
UW-Whitewater,Jake Quast,offense,10,10,7,2026-01-03,WOS@WWW
UW-Whitewater,Jake Quast,offense,15,0,2,2026-01-03,WOS@WWW
UW-Oshkosh Titans,Carter Thomas,defense,0,10,8,2026-01-03,WOS@WWW
UW-Oshkosh Titans,Carter Thomas,defense,0,5,9,2026-01-03,WOS@WWW
UW-Oshkosh Titans,Carter Thomas,defense,0,0,4,2026-01-03,WOS@WWW
UW-Oshkosh Titans,Carter Thomas,defense,5,5,7,2026-01-03,WOS@WWW
UW-Oshkosh Titans,Carter Thomas,defense,0,35,1,2026-01-03,WOS@WWW
UW-Whitewater,Luke Bara,offense,5,0,13,2026-01-03,WOS@WWW
UW-Whitewater,Luke Bara,offense,0,0,5,2026-01-03,WOS@WWW
UW-Oshkosh Titans,Nate Nazos,defense,40,15,2,2026-01-03,WOS@WWW
UW-Whitewater,Luke Bara,offense,5,45,1,2026-01-03,WOS@WWW
UW-Oshkosh Titans,Joey LaChapell,offense,15,45,2,2026-01-03,WOS@WWW
UW-Oshkosh Titans,Joey LaChapell,offense,5,40,4,2026-01-03,WOS@WWW
UW-Whitewater,Jake Quast,defense,15,40,1,2026-01-03,WOS@WWW
UW-Whitewater,Jake Quast,defense,15,35,2,2026-01-03,WOS@WWW
UW-Oshkosh Titans,Nate Nazos,offense,45,35,4,2026-01-03,WOS@WWW
UW-Oshkosh Titans,Nate Nazos,offense,25,15,9,2026-01-03,WOS@WWW
UW-Whitewater,JR Lukenbill,defense,0,20,7,2026-01-03,WOS@WWW
UW-Oshkosh Titans,Nate Nazos,offense,0,35,6,2026-01-03,WOS@WWW
UW-Whitewater,Luke Bara,defense,5,25,12,2026-01-03,WOS@WWW
UW-Whitewater,Luke Bara,defense,10,0,12,2026-01-03,WOS@WWW
UW-Oshkosh Titans,Carter Thomas,offense,25,45,3,2026-01-03,WOS@WWW
UW-Oshkosh Titans,Carter Thomas,offense,25,40,10,2026-01-03,WOS@WWW
UW-Whitewater,JR Lukenbill,defense,40,35,9,2026-01-03,WOS@WWW
UW-Whitewater,JR Lukenbill,defense,45,35,1,2026-01-03,WOS@WWW
UW-Oshkosh Titans,Brandon Beck,offense,10,0,5,2026-01-03,WOS@WWW
UW-Oshkosh Titans,Michael Metcalf-Grassman,offense,0,10,8,2026-01-03,WOS@WWW
UW-Oshkosh Titans,Carter Thomas,offense,0,20,2,2026-01-03,WOS@WWW
UW-Oshkosh Titans,Michael Metcalf-Grassman,defense,0,15,11,2026-01-03,WOS@WWW
UW-Whitewater,Luke Bara,offense,0,25,7,2026-01-03,WOS@WWW
UW-Oshkosh Titans,Michael Metcalf-Grassman,defense,0,0,1,2026-01-03,WOS@WWW
UW-Whitewater,Brock Marino,offense,0,0,13,2026-01-03,WOS@WWW
UW-Whitewater,Collin Madson,offense,45,30,6,2026-01-03,WOS@WWW
UW-Oshkosh Titans,Michael Metcalf-Grassman,defense,10,0,5,2026-01-03,WOS@WWW
UW-Oshkosh Titans,Brandon Beck,offense,40,35,3,2026-01-03,WOS@WWW
UW-Oshkosh Titans,Brandon Beck,offense,45,35,2,2026-01-03,WOS@WWW
UW-Oshkosh Titans,Carter Thomas,offense,0,30,20,2026-01-03,WOS@WWW
UW-Oshkosh Titans,Carter Thomas,offense,0,25,3,2026-01-03,WOS@WWW
UW-Oshkosh Titans,Carter Thomas,offense,5,0,15,2026-01-03,WOS@WWW
UW-Whitewater,Collin Madson,offense,0,45,3,2026-01-03,WOS@WWW
UW-Whitewater,Richie Warren,offense,45,5,7,2026-01-03,WOS@WWW
UW-Oshkosh Titans,Carter Thomas,defense,40,30,19,2026-01-03,WOS@WWW
UW-Whitewater,Luke Bara,offense,10,45,1,2026-01-03,WOS@WWW
UW-Whitewater,Richie Warren,offense,45,25,23,2026-01-03,WOS@WWW
UW-Whitewater,Luke Bara,offense,40,35,21,2026-01-03,WOS@WWW
UW-Oshkosh Titans,Jonah Rindfleisch,defense,25,0,11,2026-01-03,WOS@WWW
UW-Oshkosh Titans,Vitorio Dante,defense,30,0,23,2026-01-03,WOS@WWW
UW-Oshkosh Titans,Vitorio Dante,defense,35,15,18,2026-01-03,WOS@WWW
UW-Oshkosh Titans,Vitorio Dante,defense,40,40,1,2026-01-03,WOS@WWW
UW-Oshkosh Titans,Jonah Rindfleisch,defense,0,0,2,2026-01-03,WOS@WWW
UW-Oshkosh Titans,Matt Imig,defense,15,0,5,2026-01-03,WOS@WWW
UW-Oshkosh Titans,Jonah Rindfleisch,defense,25,20,28,2026-01-03,WOS@WWW
UW-Whitewater,JR Lukenbill,defense,5,30,2,2026-01-03,WOS@WWW
UW-Oshkosh Titans,Vitorio Dante,offense,10,40,3,2026-01-03,WOS@WWW
UW-Oshkosh Titans,Jonah Rindfleisch,offense,5,35,1,2026-01-03,WOS@WWW
UW-Whitewater,Collin Madson,defense,10,45,2,2026-01-03,WOS@WWW
UW-Oshkosh Titans,Matt Imig,offense,35,30,12,2026-01-03,WOS@WWW
UW-Oshkosh Titans,Matt Imig,offense,0,30,2,2026-01-03,WOS@WWW
UW-Oshkosh Titans,Matt Imig,offense,0,35,1,2026-01-03,WOS@WWW
UW-Oshkosh Titans,Matt Imig,offense,0,45,1,2026-01-03,WOS@WWW
UW-Whitewater,JR Lukenbill,defense,0,5,3,2026-01-03,WOS@WWW
UW-Oshkosh Titans,Vitorio Dante,offense,45,5,26,2026-01-03,WOS@WWW
UW-Oshkosh Titans,Vitorio Dante,offense,45,0,1,2026-01-03,WOS@WWW
UW-Oshkosh Titans,Aiden Hawkinson,offense,45,10,2,2026-01-03,WOS@WWW
UW-Oshkosh Titans,Matt Imig,defense,40,30,3,2026-01-03,WOS@WWW
UW-Oshkosh Titans,Vitorio Dante,defense,15,40,4,2026-01-03,WOS@WWW
UW-Whitewater,Richie Warren,offense,10,30,15,2026-01-03,WOS@WWW
UW-Oshkosh Titans,Aiden Hawkinson,defense,40,15,3,2026-01-03,WOS@WWW
UW-Oshkosh Titans,Aiden Hawkinson,defense,45,15,3,2026-01-03,WOS@WWW
UW-Oshkosh Titans,Matt Imig,defense,40,5,3,2026-01-03,WOS@WWW
UW-Oshkosh Titans,Matt Imig,defense,30,25,18,2026-01-03,WOS@WWW
UW-Oshkosh Titans,Oskar Kangas,defense,15,20,23,2026-01-03,WOS@WWW
UW-Oshkosh Titans,Oskar Kangas,defense,35,30,5,2026-01-03,WOS@WWW
UW-Oshkosh Titans,Aiden Hawkinson,defense,0,0,1,2026-01-03,WOS@WWW
UW-Oshkosh Titans,Jonah Rindfleisch,defense,40,10,22,2026-01-03,WOS@WWW
UW-Oshkosh Titans,Matt Imig,defense,35,25,9,2026-01-03,WOS@WWW
UW-Oshkosh Titans,Joey LaChapell,defense,5,0,2,2026-01-03,WOS@WWW
UW-Oshkosh Titans,Joey LaChapell,defense,35,0,9,2026-01-03,WOS@WWW
UW-Oshkosh Titans,Carter Thomas,defense,40,20,6,2026-01-03,WOS@WWW
UW-Oshkosh Titans,Carter Thomas,defense,10,40,4,2026-01-03,WOS@WWW
UW-Oshkosh Titans,Carter Thomas,defense,5,40,1,2026-01-03,WOS@WWW
UW-Oshkosh Titans,Carter Thomas,defense,5,45,1,2026-01-03,WOS@WWW
UW-Oshkosh Titans,Carter Thomas,defense,0,45,1,2026-01-03,WOS@WWW
UW-Whitewater,Luke Bara,defense,25,45,3,2026-01-03,WOS@WWW
UW-Whitewater,Luke Bara,defense,0,30,3,2026-01-03,WOS@WWW
UW-Whitewater,Brock Marino,defense,0,10,9,2026-01-03,WOS@WWW
UW-Oshkosh Titans,Carter Thomas,offense,45,5,22,2026-01-03,WOS@WWW
UW-Oshkosh Titans,Carter Thomas,offense,45,20,3,2026-01-03,WOS@WWW
UW-Whitewater,Richie Warren,defense,0,35,3,2026-01-03,WOS@WWW
UW-Whitewater,Richie Warren,defense,0,40,3,2026-01-03,WOS@WWW
UW-Whitewater,Richie Warren,defense,5,35,3,2026-01-03,WOS@WWW
UW-Whitewater,Richie Warren,defense,5,30,1,2026-01-03,WOS@WWW
UW-Oshkosh Titans,Carter Thomas,defense,5,35,1,2026-01-03,WOS@WWW
UW-Oshkosh Titans,Michael Metcalf-Grassman,defense,0,30,1,2026-01-03,WOS@WWW
UW-Oshkosh Titans,Joey LaChapell,defense,45,10,4,2026-01-03,WOS@WWW
UW-Whitewater,JR Lukenbill,defense,30,45,3,2026-01-03,WOS@WWW
UW-Whitewater,Luke Bara,defense,0,10,9,2026-01-03,WOS@WWW
UW-Whitewater,Collin Madson,defense,30,45,5,2026-01-03,WOS@WWW
UW-Oshkosh Titans,Michael Metcalf-Grassman,offense,5,5,3,2026-01-03,WOS@WWW
UW-Whitewater,Richie Warren,defense,15,0,10,2026-01-03,WOS@WWW
UW-Oshkosh Titans,Nate Nazos,offense,30,45,2,2026-01-03,WOS@WWW
UW-Oshkosh Titans,Michael Metcalf-Grassman,defense,30,40,9,2026-01-03,WOS@WWW
UW-Oshkosh Titans,Carter Thomas,defense,15,40,5,2026-01-03,WOS@WWW
UW-Oshkosh Titans,Carter Thomas,defense,10,35,1,2026-01-03,WOS@WWW
UW-Oshkosh Titans,Carter Thomas,defense,45,0,1,2026-01-03,WOS@WWW
UW-Oshkosh Titans,Brandon Beck,defense,40,25,10,2026-01-03,WOS@WWW
UW-Oshkosh Titans,Brandon Beck,defense,35,25,2,2026-01-03,WOS@WWW
UW-Oshkosh Titans,Joey LaChapell,defense,40,35,9,2026-01-03,WOS@WWW
UW-Oshkosh Titans,Joey LaChapell,defense,40,40,16,2026-01-03,WOS@WWW
UW-Oshkosh Titans,Michael Metcalf-Grassman,offense,45,40,2,2026-01-03,WOS@WWW
UW-Oshkosh Titans,Joey LaChapell,offense,5,35,3,2026-01-03,WOS@WWW
UW-Oshkosh Titans,Nate Nazos,offense,45,0,3,2026-01-03,WOS@WWW
UW-Oshkosh Titans,Nate Nazos,offense,45,5,11,2026-01-03,WOS@WWW
UW-Oshkosh Titans,Logan Rindfleisch,defense,40,30,3,2026-01-03,WOS@WWW
UW-Oshkosh Titans,Oskar Kangas,defense,10,0,7,2026-01-03,WOS@WWW
UW-Oshkosh Titans,Jonah Rindfleisch,defense,5,15,7,2026-01-03,WOS@WWW
UW-Oshkosh Titans,Aiden Hawkinson,defense,20,45,7,2026-01-03,WOS@WWW
UW-Whitewater,Luke Bara,defense,0,0,8,2026-01-03,WOS@WWW
UW-Oshkosh Titans,Oskar Kangas,offense,20,45,1,2026-01-03,WOS@WWW
UW-Oshkosh Titans,Oskar Kangas,offense,25,40,3,2026-01-03,WOS@WWW
UW-Oshkosh Titans,Jay Dalton,offense,10,0,5,2026-01-03,WOS@WWW
UW-Oshkosh Titans,Jay Dalton,offense,5,0,18,2026-01-03,WOS@WWW
UW-Oshkosh Titans,Jay Dalton,offense,5,5,13,2026-01-03,WOS@WWW
UW-Oshkosh Titans,Jay Dalton,offense,10,5,2,2026-01-03,WOS@WWW
UW-Oshkosh Titans,Logan Rindfleisch,offense,10,10,5,2026-01-03,WOS@WWW
UW-Oshkosh Titans,Logan Rindfleisch,offense,45,5,15,2026-01-03,WOS@WWW
UW-Oshkosh Titans,Oskar Kangas,offense,0,25,18,2026-01-03,WOS@WWW
UW-Oshkosh Titans,Jonah Rindfleisch,offense,45,5,26,2026-01-03,WOS@WWW
UW-Oshkosh Titans,Oskar Kangas,offense,10,15,12,2026-01-03,WOS@WWW
UW-Oshkosh Titans,Jonah Rindfleisch,offense,45,0,2,2026-01-03,WOS@WWW
UW-Whitewater,Collin Madson,defense,5,0,1,2026-01-03,WOS@WWW
UW-Oshkosh Titans,Logan Rindfleisch,offense,10,15,5,2026-01-03,WOS@WWW
UW-Whitewater,Brock Marino,defense,0,45,21,2026-01-03,WOS@WWW
UW-Whitewater,Brock Marino,defense,5,35,5,2026-01-03,WOS@WWW
UW-Whitewater,Brock Marino,defense,0,35,1,2026-01-03,WOS@WWW
UW-Oshkosh Titans,Oskar Kangas,defense,40,40,6,2026-01-03,WOS@WWW
UW-Oshkosh Titans,Oskar Kangas,defense,40,45,1,2026-01-03,WOS@WWW
UW-Oshkosh Titans,Jonah Rindfleisch,defense,15,30,11,2026-01-03,WOS@WWW
UW-Oshkosh Titans,Logan Rindfleisch,defense,10,45,1,2026-01-03,WOS@WWW
UW-Oshkosh Titans,Logan Rindfleisch,defense,15,35,6,2026-01-03,WOS@WWW
UW-Oshkosh Titans,Jay Dalton,defense,40,40,2,2026-01-03,WOS@WWW
UW-Oshkosh Titans,Jay Dalton,defense,40,45,1,2026-01-03,WOS@WWW
UW-Oshkosh Titans,Jay Dalton,defense,35,45,2,2026-01-03,WOS@WWW
UW-Oshkosh Titans,Jay Dalton,defense,25,35,1,2026-01-03,WOS@WWW
UW-Oshkosh Titans,Jay Dalton,defense,15,45,2,2026-01-03,WOS@WWW
UW-Oshkosh Titans,Jonah Rindfleisch,defense,10,25,4,2026-01-03,WOS@WWW
UW-Oshkosh Titans,Jonah Rindfleisch,defense,5,20,1,2026-01-03,WOS@WWW
UW-Oshkosh Titans,Oskar Kangas,defense,5,0,2,2026-01-03,WOS@WWW
UW-Whitewater,Jake Quast,offense,10,40,31,2026-01-03,WOS@WWW
UW-Oshkosh Titans,Carter Thomas,offense,30,0,10,2026-01-03,WOS@WWW
UW-Whitewater,Jake Quast,defense,40,0,3,2026-01-03,WOS@WWW
UW-Whitewater,Jake Quast,defense,35,0,2,2026-01-03,WOS@WWW
UW-Whitewater,Jake Quast,offense,40,45,1,2026-01-03,WOS@WWW
UW-Oshkosh Titans,Michael Metcalf-Grassman,defense,40,40,3,2026-01-03,WOS@WWW
UW-Oshkosh Titans,Michael Metcalf-Grassman,defense,40,45,5,2026-01-03,WOS@WWW
UW-Whitewater,JR Lukenbill,offense,0,45,1,2026-01-03,WOS@WWW
UW-Whitewater,JR Lukenbill,offense,10,45,12,2026-01-03,WOS@WWW
UW-Oshkosh Titans,Carter Thomas,defense,45,10,12,2026-01-03,WOS@WWW
UW-Oshkosh Titans,Nate Nazos,defense,25,45,5,2026-01-03,WOS@WWW
UW-Oshkosh Titans,Nate Nazos,defense,20,45,6,2026-01-03,WOS@WWW
UW-Oshkosh Titans,Joey LaChapell,defense,45,0,1,2026-01-03,WOS@WWW
UW-Oshkosh Titans,Joey LaChapell,defense,45,5,2,2026-01-03,WOS@WWW
UW-Oshkosh Titans,Michael Metcalf-Grassman,defense,45,45,3,2026-01-03,WOS@WWW
UW-Oshkosh Titans,Joey LaChapell,defense,40,45,16,2026-01-03,WOS@WWW
UW-Whitewater,Richie Warren,offense,35,35,6,2026-01-03,WOS@WWW
UW-Whitewater,Richie Warren,offense,35,0,1,2026-01-03,WOS@WWW
UW-Whitewater,Collin Madson,offense,30,45,5,2026-01-03,WOS@WWW
UW-Oshkosh Titans,Brandon Beck,defense,35,45,4,2026-01-03,WOS@WWW
UW-Whitewater,Jake Quast,defense,40,5,3,2026-01-03,WOS@WWW
UW-Whitewater,Jake Quast,defense,40,15,4,2026-01-03,WOS@WWW
UW-Whitewater,Jake Quast,defense,45,15,2,2026-01-03,WOS@WWW
UW-Oshkosh Titans,Joey LaChapell,offense,0,30,27,2026-01-03,WOS@WWW
UW-Whitewater,Richie Warren,defense,5,45,1,2026-01-03,WOS@WWW
UW-Oshkosh Titans,Nate Nazos,offense,40,15,1,2026-01-03,WOS@WWW
UW-Oshkosh Titans,Oskar Kangas,offense,10,20,3,2026-01-03,WOS@WWW
UW-Oshkosh Titans,Vitorio Dante,offense,5,5,15,2026-01-03,WOS@WWW
UW-Whitewater,Brock Marino,defense,0,20,1,2026-01-03,WOS@WWW
UW-Whitewater,Brock Marino,defense,0,25,2,2026-01-03,WOS@WWW
UW-Whitewater,Richie Warren,offense,45,45,8,2026-01-03,WOS@WWW
UW-Whitewater,Richie Warren,offense,45,40,13,2026-01-03,WOS@WWW
UW-Whitewater,Richie Warren,offense,45,20,60,2026-01-03,WOS@WWW
UW-Whitewater,Jake Quast,offense,10,35,3,2026-01-03,WOS@WWW
UW-Oshkosh Titans,Oskar Kangas,defense,45,40,3,2026-01-03,WOS@WWW
UW-Oshkosh Titans,Oskar Kangas,defense,40,35,3,2026-01-03,WOS@WWW
UW-Oshkosh Titans,Vitorio Dante,defense,20,40,1,2026-01-03,WOS@WWW
UW-Oshkosh Titans,Matt Imig,defense,10,30,4,2026-01-03,WOS@WWW
UW-Whitewater,Jake Quast,offense,0,25,5,2026-01-03,WOS@WWW
UW-Oshkosh Titans,Vitorio Dante,defense,35,0,3,2026-01-03,WOS@WWW
UW-Oshkosh Titans,Nate Nazos,offense,5,45,5,2026-01-03,WOS@WWW
UW-Oshkosh Titans,Nate Nazos,offense,5,40,9,2026-01-03,WOS@WWW
UW-Oshkosh Titans,Brandon Beck,offense,45,20,2,2026-01-03,WOS@WWW
UW-Oshkosh Titans,Carter Thomas,offense,0,0,6,2026-01-03,WOS@WWW
UW-Oshkosh Titans,Joey LaChapell,defense,20,40,5,2026-01-03,WOS@WWW
UW-Whitewater,Jake Quast,offense,0,40,7,2026-01-03,WOS@WWW
UW-Whitewater,Jake Quast,offense,0,35,1,2026-01-03,WOS@WWW
UW-Whitewater,Richie Warren,offense,35,40,7,2026-01-03,WOS@WWW
UW-Oshkosh Titans,Nate Nazos,defense,45,0,7,2026-01-03,WOS@WWW
UW-Oshkosh Titans,Carter Thomas,defense,5,15,2,2026-01-03,WOS@WWW
UW-Whitewater,Jake Quast,offense,45,0,3,2026-01-03,WOS@WWW
UW-Oshkosh Titans,Joey LaChapell,defense,0,0,1,2026-01-03,WOS@WWW
UW-Whitewater,Luke Bara,offense,20,45,1,2026-01-03,WOS@WWW
UW-Oshkosh Titans,Carter Thomas,defense,40,35,7,2026-01-03,WOS@WWW
UW-Oshkosh Titans,Carter Thomas,defense,45,40,1,2026-01-03,WOS@WWW
UW-Oshkosh Titans,Carter Thomas,defense,40,40,8,2026-01-03,WOS@WWW
UW-Oshkosh Titans,Carter Thomas,defense,40,45,3,2026-01-03,WOS@WWW
UW-Oshkosh Titans,Michael Metcalf-Grassman,defense,40,30,11,2026-01-03,WOS@WWW
UW-Oshkosh Titans,Joey LaChapell,defense,45,30,4,2026-01-03,WOS@WWW
UW-Oshkosh Titans,Joey LaChapell,defense,45,40,1,2026-01-03,WOS@WWW
UW-Whitewater,Richie Warren,offense,35,45,5,2026-01-03,WOS@WWW
UW-Oshkosh Titans,Brandon Beck,defense,40,30,4,2026-01-03,WOS@WWW
UW-Oshkosh Titans,Brandon Beck,defense,45,25,1,2026-01-03,WOS@WWW
UW-Oshkosh Titans,Brandon Beck,defense,45,35,1,2026-01-03,WOS@WWW
UW-Oshkosh Titans,Nate Nazos,defense,45,25,1,2026-01-03,WOS@WWW
UW-Oshkosh Titans,Nate Nazos,defense,40,30,1,2026-01-03,WOS@WWW
UW-Oshkosh Titans,Nate Nazos,defense,40,35,7,2026-01-03,WOS@WWW
UW-Oshkosh Titans,Nate Nazos,defense,45,40,1,2026-01-03,WOS@WWW
UW-Oshkosh Titans,Nate Nazos,defense,40,45,2,2026-01-03,WOS@WWW
UW-Oshkosh Titans,Brandon Beck,defense,45,15,4,2026-01-03,WOS@WWW
UW-Oshkosh Titans,Joey LaChapell,offense,35,20,8,2026-01-03,WOS@WWW
UW-Whitewater,Richie Warren,offense,0,45,6,2026-01-03,WOS@WWW
UW-Whitewater,Jake Quast,offense,10,15,9,2026-01-03,WOS@WWW
UW-Oshkosh Titans,Oskar Kangas,offense,5,10,8,2026-01-03,WOS@WWW
UW-Oshkosh Titans,Jay Dalton,offense,35,5,3,2026-01-03,WOS@WWW
UW-Oshkosh Titans,Jay Dalton,offense,15,15,1,2026-01-03,WOS@WWW
UW-Oshkosh Titans,Jonah Rindfleisch,offense,45,20,4,2026-01-03,WOS@WWW
UW-Oshkosh Titans,Jay Dalton,offense,25,20,5,2026-01-03,WOS@WWW
UW-Oshkosh Titans,Jay Dalton,offense,0,20,1,2026-01-03,WOS@WWW
UW-Oshkosh Titans,Jay Dalton,offense,5,25,1,2026-01-03,WOS@WWW
UW-Oshkosh Titans,Jay Dalton,offense,10,25,15,2026-01-03,WOS@WWW
UW-Oshkosh Titans,Jay Dalton,offense,15,30,10,2026-01-03,WOS@WWW
UW-Oshkosh Titans,Jay Dalton,offense,15,35,4,2026-01-03,WOS@WWW
UW-Oshkosh Titans,Jay Dalton,offense,20,40,1,2026-01-03,WOS@WWW
UW-Oshkosh Titans,Jay Dalton,offense,25,40,2,2026-01-03,WOS@WWW
UW-Oshkosh Titans,Jay Dalton,offense,25,45,1,2026-01-03,WOS@WWW
UW-Whitewater,Jake Quast,defense,5,5,23,2026-01-03,WOS@WWW
UW-Whitewater,Jake Quast,defense,0,15,7,2026-01-03,WOS@WWW
UW-Whitewater,Jake Quast,defense,0,20,8,2026-01-03,WOS@WWW
UW-Oshkosh Titans,Logan Rindfleisch,offense,20,20,22,2026-01-03,WOS@WWW
UW-Whitewater,Collin Madson,offense,45,45,17,2026-01-03,WOS@WWW
UW-Whitewater,Collin Madson,offense,45,35,4,2026-01-03,WOS@WWW
UW-Oshkosh Titans,Logan Rindfleisch,defense,25,40,1,2026-01-03,WOS@WWW
UW-Whitewater,Richie Warren,offense,40,0,6,2026-01-03,WOS@WWW
UW-Oshkosh Titans,Aiden Hawkinson,defense,5,0,10,2026-01-03,WOS@WWW
UW-Oshkosh Titans,Jonah Rindfleisch,defense,10,0,3,2026-01-03,WOS@WWW
UW-Oshkosh Titans,Jonah Rindfleisch,defense,5,10,9,2026-01-03,WOS@WWW
UW-Whitewater,Richie Warren,defense,10,45,4,2026-01-03,WOS@WWW
UW-Whitewater,Jake Quast,defense,35,45,3,2026-01-03,WOS@WWW
UW-Whitewater,Jake Quast,defense,30,40,11,2026-01-03,WOS@WWW
UW-Whitewater,Brock Marino,defense,5,40,4,2026-01-03,WOS@WWW
UW-Whitewater,Brock Marino,defense,0,40,2,2026-01-03,WOS@WWW
UW-Whitewater,Richie Warren,defense,30,40,8,2026-01-03,WOS@WWW
UW-Whitewater,Richie Warren,defense,40,45,7,2026-01-03,WOS@WWW
UW-Whitewater,Richie Warren,defense,40,40,5,2026-01-03,WOS@WWW
UW-Whitewater,Brock Marino,offense,5,45,1,2026-01-03,WOS@WWW
UW-Whitewater,Jake Quast,offense,25,35,19,2026-01-03,WOS@WWW
UW-Oshkosh Titans,Carter Thomas,defense,45,20,4,2026-01-03,WOS@WWW
UW-Oshkosh Titans,Carter Thomas,defense,45,15,1,2026-01-03,WOS@WWW
UW-Oshkosh Titans,Joey LaChapell,offense,45,30,1,2026-01-03,WOS@WWW
UW-Whitewater,Jake Quast,defense,10,40,1,2026-01-03,WOS@WWW
UW-Whitewater,Jake Quast,defense,10,45,1,2026-01-03,WOS@WWW
UW-Whitewater,Jake Quast,offense,0,45,3,2026-01-03,WOS@WWW
UW-Whitewater,JR Lukenbill,defense,40,25,3,2026-01-03,WOS@WWW
UW-Oshkosh Titans,Joey LaChapell,offense,10,45,2,2026-01-03,WOS@WWW
UW-Oshkosh Titans,Nate Nazos,offense,45,45,1,2026-01-03,WOS@WWW
UW-Oshkosh Titans,Nate Nazos,offense,45,15,3,2026-01-03,WOS@WWW
UW-Whitewater,Jake Quast,defense,5,45,7,2026-01-03,WOS@WWW
UW-Whitewater,Brock Marino,offense,0,35,4,2026-01-03,WOS@WWW
UW-Oshkosh Titans,Matt Imig,defense,0,0,6,2026-01-03,WOS@WWW
UW-Oshkosh Titans,Matt Imig,defense,0,30,1,2026-01-03,WOS@WWW
UW-Oshkosh Titans,Aiden Hawkinson,defense,40,45,7,2026-01-03,WOS@WWW
UW-Oshkosh Titans,Aiden Hawkinson,defense,35,45,2,2026-01-03,WOS@WWW
UW-Oshkosh Titans,Vitorio Dante,defense,0,45,1,2026-01-03,WOS@WWW
UW-Oshkosh Titans,Vitorio Dante,defense,5,25,6,2026-01-03,WOS@WWW
UW-Oshkosh Titans,Vitorio Dante,defense,5,40,2,2026-01-03,WOS@WWW
UW-Oshkosh Titans,Oskar Kangas,defense,5,45,2,2026-01-03,WOS@WWW
UW-Oshkosh Titans,Jonah Rindfleisch,defense,45,25,1,2026-01-03,WOS@WWW
UW-Oshkosh Titans,Matt Imig,offense,5,45,1,2026-01-03,WOS@WWW
UW-Oshkosh Titans,Matt Imig,offense,5,40,2,2026-01-03,WOS@WWW
UW-Oshkosh Titans,Aiden Hawkinson,offense,45,5,17,2026-01-03,WOS@WWW
UW-Oshkosh Titans,Aiden Hawkinson,offense,45,30,2,2026-01-03,WOS@WWW
UW-Oshkosh Titans,Matt Imig,offense,45,35,1,2026-01-03,WOS@WWW
UW-Oshkosh Titans,Matt Imig,offense,5,30,8,2026-01-03,WOS@WWW
UW-Oshkosh Titans,Vitorio Dante,offense,45,20,2,2026-01-03,WOS@WWW
UW-Oshkosh Titans,Vitorio Dante,offense,35,10,5,2026-01-03,WOS@WWW
UW-Oshkosh Titans,Matt Imig,offense,0,25,1,2026-01-03,WOS@WWW
UW-Whitewater,Richie Warren,defense,0,15,3,2026-01-03,WOS@WWW
UW-Whitewater,JR Lukenbill,defense,5,45,2,2026-01-03,WOS@WWW
UW-Whitewater,JR Lukenbill,defense,5,40,7,2026-01-03,WOS@WWW
UW-Whitewater,Luke Bara,defense,10,45,7,2026-01-03,WOS@WWW
UW-Oshkosh Titans,Vitorio Dante,offense,30,35,2,2026-01-03,WOS@WWW
UW-Whitewater,JR Lukenbill,defense,45,0,1,2026-01-03,WOS@WWW
UW-Oshkosh Titans,Jonah Rindfleisch,defense,15,45,2,2026-01-03,WOS@WWW
UW-Oshkosh Titans,Jonah Rindfleisch,defense,0,40,1,2026-01-03,WOS@WWW
UW-Oshkosh Titans,Matt Imig,defense,10,40,5,2026-01-03,WOS@WWW
UW-Oshkosh Titans,Matt Imig,defense,25,30,3,2026-01-03,WOS@WWW
UW-Whitewater,Richie Warren,offense,10,45,1,2026-01-03,WOS@WWW
UW-Whitewater,Collin Madson,offense,45,25,1,2026-01-03,WOS@WWW
UW-Oshkosh Titans,Oskar Kangas,offense,10,45,1,2026-01-03,WOS@WWW
UW-Oshkosh Titans,Vitorio Dante,offense,15,40,4,2026-01-03,WOS@WWW
UW-Oshkosh Titans,Aiden Hawkinson,offense,15,45,18,2026-01-03,WOS@WWW
UW-Oshkosh Titans,Vitorio Dante,offense,35,40,1,2026-01-03,WOS@WWW
UW-Oshkosh Titans,Jonah Rindfleisch,defense,10,45,4,2026-01-03,WOS@WWW
UW-Whitewater,Luke Bara,defense,5,40,1,2026-01-03,WOS@WWW
UW-Oshkosh Titans,Oskar Kangas,offense,30,45,1,2026-01-03,WOS@WWW
UW-Oshkosh Titans,Jonah Rindfleisch,offense,35,40,1,2026-01-03,WOS@WWW
UW-Whitewater,JR Lukenbill,defense,40,20,1,2026-01-03,WOS@WWW
UW-Oshkosh Titans,Oskar Kangas,defense,0,25,1,2026-01-03,WOS@WWW
UW-Oshkosh Titans,Aiden Hawkinson,defense,0,30,2,2026-01-03,WOS@WWW
UW-Whitewater,Luke Bara,offense,0,5,11,2026-01-03,WOS@WWW
UW-Whitewater,JR Lukenbill,offense,45,40,26,2026-01-03,WOS@WWW
UW-Whitewater,Jake Quast,defense,5,25,10,2026-01-03,WOS@WWW
UW-Oshkosh Titans,Nate Nazos,offense,40,20,3,2026-01-03,WOS@WWW
UW-Whitewater,Collin Madson,defense,0,20,15,2026-01-03,WOS@WWW
UW-Whitewater,Kelton McEwen,defense,15,25,17,2026-01-03,WOS@WWW
UW-Whitewater,Kelton McEwen,defense,15,20,6,2026-01-03,WOS@WWW
UW-Whitewater,Kelton McEwen,defense,15,15,95,2026-01-03,WOS@WWW
UW-Whitewater,Kelton McEwen,defense,20,10,2,2026-01-03,WOS@WWW
UW-Whitewater,Kelton McEwen,defense,20,5,3,2026-01-03,WOS@WWW
UW-Whitewater,Kelton McEwen,defense,25,5,9,2026-01-03,WOS@WWW
UW-Whitewater,Kelton McEwen,defense,30,5,6,2026-01-03,WOS@WWW
UW-Whitewater,Kelton McEwen,defense,30,10,3,2026-01-03,WOS@WWW
UW-Whitewater,Kelton McEwen,defense,15,10,20,2026-01-03,WOS@WWW
UW-Whitewater,Kelton McEwen,defense,15,5,13,2026-01-03,WOS@WWW
UW-Whitewater,Kelton McEwen,defense,10,10,16,2026-01-03,WOS@WWW
UW-Whitewater,Kelton McEwen,defense,10,15,5,2026-01-03,WOS@WWW
UW-Whitewater,Kelton McEwen,defense,5,15,7,2026-01-03,WOS@WWW
UW-Whitewater,Kelton McEwen,defense,5,10,10,2026-01-03,WOS@WWW
UW-Whitewater,Kelton McEwen,defense,10,5,17,2026-01-03,WOS@WWW
UW-Whitewater,Kelton McEwen,defense,10,20,2,2026-01-03,WOS@WWW
UW-Whitewater,Kelton McEwen,defense,5,20,3,2026-01-03,WOS@WWW
UW-Whitewater,Kelton McEwen,defense,5,25,3,2026-01-03,WOS@WWW
UW-Whitewater,Jake Quast,defense,5,20,7,2026-01-03,WOS@WWW
UW-Oshkosh Titans,Carter Thomas,offense,30,45,1,2026-01-03,WOS@WWW
UW-Whitewater,Joey Berezowitz,offense,25,5,15,2026-01-03,WOS@WWW
UW-Oshkosh Titans,Logan Rindfleisch,defense,15,40,1,2026-01-03,WOS@WWW
UW-Whitewater,Kelton McEwen,offense,25,20,5,2026-01-03,WOS@WWW
UW-Whitewater,Kelton McEwen,offense,30,20,2,2026-01-03,WOS@WWW
UW-Whitewater,Kelton McEwen,offense,25,25,3,2026-01-03,WOS@WWW
UW-Whitewater,Kelton McEwen,offense,25,15,5,2026-01-03,WOS@WWW
UW-Whitewater,Kelton McEwen,offense,45,10,8,2026-01-03,WOS@WWW
UW-Oshkosh Titans,Joey LaChapell,offense,0,25,10,2026-01-03,WOS@WWW
UW-Whitewater,Jake Quast,defense,5,0,1,2026-01-03,WOS@WWW
UW-Whitewater,Brock Marino,defense,45,35,1,2026-01-03,WOS@WWW
UW-Whitewater,Brock Marino,defense,45,30,1,2026-01-03,WOS@WWW
UW-Whitewater,Kelton McEwen,defense,15,45,1,2026-01-03,WOS@WWW
UW-Whitewater,Kelton McEwen,defense,10,40,1,2026-01-03,WOS@WWW
UW-Whitewater,Kelton McEwen,defense,20,20,7,2026-01-03,WOS@WWW
UW-Whitewater,Kelton McEwen,defense,0,10,1,2026-01-03,WOS@WWW
UW-Whitewater,Kelton McEwen,defense,0,25,2,2026-01-03,WOS@WWW
UW-Oshkosh Titans,Logan Rindfleisch,offense,35,15,1,2026-01-03,WOS@WWW
UW-Oshkosh Titans,Logan Rindfleisch,offense,30,45,1,2026-01-03,WOS@WWW
UW-Oshkosh Titans,Logan Rindfleisch,offense,40,15,1,2026-01-03,WOS@WWW
UW-Whitewater,Kelton McEwen,defense,25,10,5,2026-01-03,WOS@WWW
UW-Whitewater,Kelton McEwen,offense,15,10,12,2026-01-03,WOS@WWW
UW-Whitewater,Kelton McEwen,offense,20,10,4,2026-01-03,WOS@WWW
UW-Whitewater,Kelton McEwen,offense,25,10,2,2026-01-03,WOS@WWW
UW-Whitewater,Kelton McEwen,offense,20,5,3,2026-01-03,WOS@WWW
UW-Whitewater,Kelton McEwen,offense,25,0,7,2026-01-03,WOS@WWW
UW-Whitewater,Kelton McEwen,offense,10,5,1,2026-01-03,WOS@WWW
UW-Whitewater,Kelton McEwen,offense,15,0,2,2026-01-03,WOS@WWW
UW-Whitewater,Kelton McEwen,offense,25,5,3,2026-01-03,WOS@WWW
UW-Whitewater,Kelton McEwen,offense,35,15,5,2026-01-03,WOS@WWW
UW-Whitewater,Kelton McEwen,defense,25,40,1,2026-01-03,WOS@WWW
UW-Whitewater,Kelton McEwen,defense,25,35,1,2026-01-03,WOS@WWW
UW-Whitewater,Kelton McEwen,defense,10,25,5,2026-01-03,WOS@WWW
UW-Whitewater,Kelton McEwen,defense,20,15,22,2026-01-03,WOS@WWW
UW-Whitewater,Kelton McEwen,defense,30,0,5,2026-01-03,WOS@WWW
UW-Whitewater,Kelton McEwen,defense,35,0,2,2026-01-03,WOS@WWW
UW-Whitewater,Kelton McEwen,defense,40,0,1,2026-01-03,WOS@WWW
UW-Whitewater,Kelton McEwen,defense,40,5,2,2026-01-03,WOS@WWW
UW-Whitewater,Kelton McEwen,defense,45,5,1,2026-01-03,WOS@WWW
UW-Whitewater,Joey Berezowitz,defense,40,10,11,2026-01-03,WOS@WWW
UW-Whitewater,Joey Berezowitz,defense,40,15,5,2026-01-03,WOS@WWW
UW-Oshkosh Titans,Nate Nazos,offense,10,35,6,2026-01-03,WOS@WWW
UW-Whitewater,Kelton McEwen,defense,20,45,1,2026-01-03,WOS@WWW
UW-Whitewater,Kelton McEwen,defense,20,40,1,2026-01-03,WOS@WWW
UW-Whitewater,Kelton McEwen,defense,30,35,4,2026-01-03,WOS@WWW
UW-Whitewater,Kelton McEwen,defense,35,30,1,2026-01-03,WOS@WWW
UW-Whitewater,Jake Quast,defense,0,25,3,2026-01-03,WOS@WWW
UW-Whitewater,Jake Quast,defense,0,30,13,2026-01-03,WOS@WWW
UW-Oshkosh Titans,Michael Metcalf-Grassman,offense,45,5,34,2026-01-03,WOS@WWW
UW-Whitewater,Joey Berezowitz,defense,0,25,5,2026-01-03,WOS@WWW
UW-Whitewater,Kelton McEwen,defense,30,15,9,2026-01-03,WOS@WWW
UW-Oshkosh Titans,Matt Imig,defense,30,45,2,2026-01-03,WOS@WWW
UW-Oshkosh Titans,Matt Imig,defense,25,40,1,2026-01-03,WOS@WWW
UW-Oshkosh Titans,Matt Imig,defense,35,10,38,2026-01-03,WOS@WWW
UW-Oshkosh Titans,Matt Imig,defense,45,10,1,2026-01-03,WOS@WWW
UW-Oshkosh Titans,Vitorio Dante,defense,10,40,2,2026-01-03,WOS@WWW
UW-Whitewater,Kelton McEwen,offense,5,25,21,2026-01-03,WOS@WWW
UW-Whitewater,Kelton McEwen,offense,0,25,8,2026-01-03,WOS@WWW
UW-Whitewater,Kelton McEwen,offense,0,15,2,2026-01-03,WOS@WWW
UW-Whitewater,Kelton McEwen,offense,5,30,6,2026-01-03,WOS@WWW
UW-Whitewater,Kelton McEwen,offense,0,20,12,2026-01-03,WOS@WWW
UW-Whitewater,Kelton McEwen,offense,5,20,3,2026-01-03,WOS@WWW
UW-Whitewater,Kelton McEwen,offense,10,30,7,2026-01-03,WOS@WWW
UW-Whitewater,Joey Berezowitz,offense,10,35,5,2026-01-03,WOS@WWW
UW-Whitewater,Joey Berezowitz,offense,40,25,5,2026-01-03,WOS@WWW
UW-Whitewater,Kelton McEwen,offense,45,20,4,2026-01-03,WOS@WWW
UW-Whitewater,Kelton McEwen,offense,45,15,1,2026-01-03,WOS@WWW
UW-Whitewater,Kelton McEwen,offense,30,10,33,2026-01-03,WOS@WWW
UW-Whitewater,Kelton McEwen,offense,30,15,8,2026-01-03,WOS@WWW
UW-Whitewater,Kelton McEwen,offense,15,15,9,2026-01-03,WOS@WWW
UW-Oshkosh Titans,Matt Imig,defense,10,0,6,2026-01-03,WOS@WWW
UW-Whitewater,Kelton McEwen,offense,10,15,11,2026-01-03,WOS@WWW
UW-Whitewater,Kelton McEwen,offense,20,0,6,2026-01-03,WOS@WWW
UW-Oshkosh Titans,Jonah Rindfleisch,defense,0,5,1,2026-01-03,WOS@WWW
UW-Whitewater,Kelton McEwen,offense,0,10,4,2026-01-03,WOS@WWW
UW-Whitewater,Kelton McEwen,offense,5,15,1,2026-01-03,WOS@WWW
UW-Whitewater,Kelton McEwen,offense,30,5,13,2026-01-03,WOS@WWW
UW-Whitewater,Kelton McEwen,offense,30,0,1,2026-01-03,WOS@WWW
UW-Whitewater,Kelton McEwen,offense,20,15,3,2026-01-03,WOS@WWW
UW-Whitewater,Kelton McEwen,offense,20,20,2,2026-01-03,WOS@WWW
UW-Whitewater,Kelton McEwen,offense,20,25,3,2026-01-03,WOS@WWW
UW-Whitewater,Kelton McEwen,offense,20,30,4,2026-01-03,WOS@WWW
UW-Whitewater,Kelton McEwen,offense,20,35,2,2026-01-03,WOS@WWW
UW-Whitewater,Kelton McEwen,offense,20,40,1,2026-01-03,WOS@WWW
UW-Whitewater,Kelton McEwen,offense,25,45,1,2026-01-03,WOS@WWW
UW-Oshkosh Titans,Matt Imig,defense,0,35,1,2026-01-03,WOS@WWW
UW-Whitewater,Joey Berezowitz,offense,5,40,5,2026-01-03,WOS@WWW
UW-Oshkosh Titans,Aiden Hawkinson,defense,35,35,4,2026-01-03,WOS@WWW
UW-Oshkosh Titans,Matt Imig,offense,15,45,1,2026-01-03,WOS@WWW
UW-Whitewater,Kelton McEwen,defense,25,30,2,2026-01-03,WOS@WWW
UW-Whitewater,Kelton McEwen,defense,20,30,8,2026-01-03,WOS@WWW
UW-Whitewater,Kelton McEwen,defense,20,25,5,2026-01-03,WOS@WWW
UW-Whitewater,Kelton McEwen,defense,15,30,14,2026-01-03,WOS@WWW
UW-Oshkosh Titans,Jonah Rindfleisch,offense,20,40,2,2026-01-03,WOS@WWW
UW-Oshkosh Titans,Vitorio Dante,offense,20,45,1,2026-01-03,WOS@WWW
UW-Whitewater,Kelton McEwen,defense,25,20,2,2026-01-03,WOS@WWW
UW-Whitewater,Kelton McEwen,defense,40,35,6,2026-01-03,WOS@WWW
UW-Whitewater,Kelton McEwen,defense,35,35,4,2026-01-03,WOS@WWW
UW-Oshkosh Titans,Jonah Rindfleisch,offense,35,15,7,2026-01-03,WOS@WWW
UW-Whitewater,Joey Berezowitz,defense,15,40,22,2026-01-03,WOS@WWW
UW-Whitewater,Kelton McEwen,defense,40,20,4,2026-01-03,WOS@WWW
UW-Whitewater,Kelton McEwen,defense,40,15,3,2026-01-03,WOS@WWW
UW-Whitewater,Kelton McEwen,defense,40,10,4,2026-01-03,WOS@WWW
UW-Whitewater,Kelton McEwen,defense,35,10,3,2026-01-03,WOS@WWW
UW-Whitewater,Kelton McEwen,defense,35,15,1,2026-01-03,WOS@WWW
UW-Whitewater,Kelton McEwen,defense,35,20,5,2026-01-03,WOS@WWW
UW-Whitewater,Kelton McEwen,defense,30,20,21,2026-01-03,WOS@WWW
UW-Oshkosh Titans,Michael Metcalf-Grassman,defense,15,45,3,2026-01-03,WOS@WWW
UW-Whitewater,Jake Quast,offense,10,45,6,2026-01-03,WOS@WWW
UW-Whitewater,Joey Berezowitz,offense,35,5,9,2026-01-03,WOS@WWW
UW-Whitewater,Jake Quast,offense,0,20,6,2026-01-03,WOS@WWW
UW-Whitewater,Joey Berezowitz,offense,30,45,4,2026-01-03,WOS@WWW
UW-Whitewater,Kelton McEwen,offense,30,25,7,2026-01-03,WOS@WWW
UW-Whitewater,Kelton McEwen,offense,35,25,1,2026-01-03,WOS@WWW
UW-Whitewater,Kelton McEwen,offense,30,30,48,2026-01-03,WOS@WWW
UW-Whitewater,Kelton McEwen,offense,30,35,10,2026-01-03,WOS@WWW
UW-Whitewater,Kelton McEwen,offense,25,35,1,2026-01-03,WOS@WWW
UW-Whitewater,Kelton McEwen,defense,45,15,1,2026-01-03,WOS@WWW
UW-Whitewater,Kelton McEwen,defense,45,10,2,2026-01-03,WOS@WWW
UW-Whitewater,Kelton McEwen,defense,45,20,3,2026-01-03,WOS@WWW
UW-Whitewater,Kelton McEwen,defense,30,25,3,2026-01-03,WOS@WWW
UW-Whitewater,Kelton McEwen,defense,30,30,3,2026-01-03,WOS@WWW
UW-Whitewater,Kelton McEwen,defense,30,40,1,2026-01-03,WOS@WWW
UW-Whitewater,Kelton McEwen,defense,30,45,1,2026-01-03,WOS@WWW
UW-Whitewater,Kelton McEwen,defense,40,40,1,2026-01-03,WOS@WWW
UW-Whitewater,Kelton McEwen,defense,40,30,1,2026-01-03,WOS@WWW
UW-Whitewater,Kelton McEwen,defense,45,40,1,2026-01-03,WOS@WWW
UW-Whitewater,Jake Quast,offense,40,40,2,2026-01-03,WOS@WWW
UW-Whitewater,Kelton McEwen,offense,10,25,3,2026-01-03,WOS@WWW
UW-Whitewater,Kelton McEwen,offense,10,20,1,2026-01-03,WOS@WWW
UW-Whitewater,Kelton McEwen,offense,25,30,16,2026-01-03,WOS@WWW
UW-Whitewater,Jake Quast,defense,20,45,2,2026-01-03,WOS@WWW
UW-Whitewater,Kelton McEwen,defense,15,40,2,2026-01-03,WOS@WWW
UW-Whitewater,Kelton McEwen,defense,10,35,1,2026-01-03,WOS@WWW
UW-Whitewater,Kelton McEwen,defense,10,30,4,2026-01-03,WOS@WWW
UW-Whitewater,Kelton McEwen,defense,35,25,5,2026-01-03,WOS@WWW
UW-Whitewater,Kelton McEwen,defense,25,25,3,2026-01-03,WOS@WWW
UW-Whitewater,Richie Warren,defense,0,25,1,2026-01-03,WOS@WWW
UW-Oshkosh Titans,Brandon Beck,offense,45,25,4,2026-01-03,WOS@WWW
UW-Whitewater,Kelton McEwen,defense,40,25,1,2026-01-03,WOS@WWW
UW-Whitewater,Kelton McEwen,defense,45,35,1,2026-01-03,WOS@WWW
UW-Oshkosh Titans,Nate Nazos,defense,35,40,3,2026-01-03,WOS@WWW
UW-Oshkosh Titans,Brandon Beck,defense,0,20,1,2026-01-03,WOS@WWW
UW-Whitewater,Kelton McEwen,offense,5,40,2,2026-01-03,WOS@WWW
UW-Whitewater,Kelton McEwen,offense,0,35,1,2026-01-03,WOS@WWW
UW-Whitewater,Kelton McEwen,offense,0,30,1,2026-01-03,WOS@WWW
UW-Whitewater,Kelton McEwen,offense,5,35,1,2026-01-03,WOS@WWW
UW-Whitewater,Kelton McEwen,offense,10,35,14,2026-01-03,WOS@WWW
UW-Oshkosh Titans,Michael Metcalf-Grassman,defense,45,40,2,2026-01-03,WOS@WWW
UW-Oshkosh Titans,Michael Metcalf-Grassman,defense,45,35,3,2026-01-03,WOS@WWW
UW-Whitewater,Joey Berezowitz,offense,40,30,9,2026-01-03,WOS@WWW
UW-Whitewater,Joey Berezowitz,offense,40,40,3,2026-01-03,WOS@WWW
UW-Whitewater,Joey Berezowitz,offense,40,5,14,2026-01-03,WOS@WWW
UW-Whitewater,Joey Berezowitz,offense,5,20,12,2026-01-03,WOS@WWW
UW-Whitewater,Joey Berezowitz,offense,35,20,10,2026-01-03,WOS@WWW
UW-Whitewater,Kelton McEwen,offense,10,0,1,2026-01-03,WOS@WWW
UW-Whitewater,Kelton McEwen,offense,15,5,1,2026-01-03,WOS@WWW
UW-Oshkosh Titans,Oskar Kangas,defense,20,45,1,2026-01-03,WOS@WWW
UW-Whitewater,Joey Berezowitz,offense,0,5,3,2026-01-03,WOS@WWW
UW-Oshkosh Titans,Aiden Hawkinson,defense,0,45,1,2026-01-03,WOS@WWW
UW-Oshkosh Titans,Matt Imig,defense,0,15,2,2026-01-03,WOS@WWW
UW-Oshkosh Titans,Vitorio Dante,offense,5,35,3,2026-01-03,WOS@WWW
UW-Oshkosh Titans,Matt Imig,offense,45,5,10,2026-01-03,WOS@WWW
UW-Oshkosh Titans,Matt Imig,offense,40,0,1,2026-01-03,WOS@WWW
UW-Oshkosh Titans,Jonah Rindfleisch,offense,0,35,1,2026-01-03,WOS@WWW
UW-Oshkosh Titans,Vitorio Dante,offense,15,0,3,2026-01-03,WOS@WWW
UW-Whitewater,Joey Berezowitz,defense,5,15,12,2026-01-03,WOS@WWW
UW-Whitewater,Joey Berezowitz,defense,15,0,24,2026-01-03,WOS@WWW
UW-Whitewater,Joey Berezowitz,defense,5,30,6,2026-01-03,WOS@WWW
UW-Oshkosh Titans,Aiden Hawkinson,defense,10,45,2,2026-01-03,WOS@WWW
UW-Oshkosh Titans,Oskar Kangas,defense,45,45,1,2026-01-03,WOS@WWW
UW-Oshkosh Titans,Vitorio Dante,defense,10,20,13,2026-01-03,WOS@WWW
UW-Whitewater,Jake Quast,offense,25,45,1,2026-01-03,WOS@WWW
UW-Oshkosh Titans,Matt Imig,defense,30,30,8,2026-01-03,WOS@WWW
UW-Oshkosh Titans,Matt Imig,defense,35,35,9,2026-01-03,WOS@WWW
UW-Whitewater,Joey Berezowitz,defense,10,35,5,2026-01-03,WOS@WWW
UW-Whitewater,Joey Berezowitz,defense,10,40,17,2026-01-03,WOS@WWW
UW-Whitewater,Joey Berezowitz,defense,5,40,4,2026-01-03,WOS@WWW
UW-Oshkosh Titans,Brandon Beck,offense,25,45,4,2026-01-03,WOS@WWW
UW-Oshkosh Titans,Carter Thomas,offense,20,45,2,2026-01-03,WOS@WWW
UW-Whitewater,Jake Quast,defense,45,45,1,2026-01-03,WOS@WWW
UW-Whitewater,Jake Quast,defense,45,40,1,2026-01-03,WOS@WWW
UW-Whitewater,Jake Quast,defense,45,35,1,2026-01-03,WOS@WWW
UW-Oshkosh Titans,Brandon Beck,defense,40,10,3,2026-01-03,WOS@WWW
UW-Oshkosh Titans,Brandon Beck,defense,40,5,2,2026-01-03,WOS@WWW
UW-Whitewater,Joey Berezowitz,offense,35,35,1,2026-01-03,WOS@WWW
UW-Whitewater,Joey Berezowitz,offense,35,30,6,2026-01-03,WOS@WWW
UW-Whitewater,Joey Berezowitz,offense,5,25,8,2026-01-03,WOS@WWW
UW-Whitewater,Richie Warren,offense,0,0,1,2026-01-03,WOS@WWW
UW-Whitewater,Collin Madson,defense,0,25,2,2026-01-03,WOS@WWW
UW-Whitewater,JR Lukenbill,defense,10,45,2,2026-01-03,WOS@WWW
UW-Whitewater,Joey Berezowitz,defense,0,20,1,2026-01-03,WOS@WWW
UW-Whitewater,Joey Berezowitz,defense,0,35,6,2026-01-03,WOS@WWW
UW-Oshkosh Titans,Nate Nazos,offense,10,40,1,2026-01-03,WOS@WWW
UW-Whitewater,Jake Quast,defense,5,40,5,2026-01-03,WOS@WWW
UW-Whitewater,Jake Quast,defense,10,30,3,2026-01-03,WOS@WWW
UW-Whitewater,Jake Quast,defense,0,35,6,2026-01-03,WOS@WWW
UW-Oshkosh Titans,Joey LaChapell,offense,45,15,1,2026-01-03,WOS@WWW
UW-Oshkosh Titans,Michael Metcalf-Grassman,defense,40,15,2,2026-01-03,WOS@WWW
UW-Whitewater,Joey Berezowitz,offense,0,35,4,2026-01-03,WOS@WWW
UW-Whitewater,Joey Berezowitz,offense,0,45,6,2026-01-03,WOS@WWW
UW-Oshkosh Titans,Michael Metcalf-Grassman,offense,30,0,7,2026-01-03,WOS@WWW
UW-Oshkosh Titans,Vitorio Dante,offense,35,35,4,2026-01-03,WOS@WWW
UW-Oshkosh Titans,Vitorio Dante,offense,10,5,1,2026-01-03,WOS@WWW
UW-Oshkosh Titans,Aiden Hawkinson,defense,40,35,2,2026-01-03,WOS@WWW
UW-Whitewater,Joey Berezowitz,offense,20,45,10,2026-01-03,WOS@WWW
UW-Oshkosh Titans,Carter Thomas,offense,0,40,2,2026-01-03,WOS@WWW
UW-Whitewater,Joey Berezowitz,defense,45,45,1,2026-01-03,WOS@WWW
UW-Oshkosh Titans,Joey LaChapell,offense,35,45,1,2026-01-03,WOS@WWW
UW-Whitewater,Richie Warren,defense,0,30,1,2026-01-03,WOS@WWW
UW-Whitewater,Joey Berezowitz,defense,40,0,1,2026-01-03,WOS@WWW
UW-Oshkosh Titans,Michael Metcalf-Grassman,offense,45,15,1,2026-01-03,WOS@WWW
UW-Whitewater,Joey Berezowitz,offense,45,30,2,2026-01-03,WOS@WWW
UW-Whitewater,Joey Berezowitz,defense,15,45,7,2026-01-03,WOS@WWW
UW-Whitewater,Joey Berezowitz,defense,25,40,3,2026-01-03,WOS@WWW
UW-Whitewater,Joey Berezowitz,defense,25,45,2,2026-01-03,WOS@WWW
UW-Oshkosh Titans,Jonah Rindfleisch,offense,10,45,3,2026-01-03,WOS@WWW
UW-Oshkosh Titans,Vitorio Dante,offense,5,40,1,2026-01-03,WOS@WWW
UW-Whitewater,Jake Quast,defense,0,45,2,2026-01-03,WOS@WWW
UW-Oshkosh Titans,Matt Imig,offense,35,45,1,2026-01-03,WOS@WWW
UW-Oshkosh Titans,Matt Imig,offense,25,45,1,2026-01-03,WOS@WWW
UW-Oshkosh Titans,Aiden Hawkinson,offense,20,45,1,2026-01-03,WOS@WWW
UW-Oshkosh Titans,Vitorio Dante,defense,25,45,1,2026-01-03,WOS@WWW
UW-Oshkosh Titans,Jonah Rindfleisch,defense,45,10,3,2026-01-03,WOS@WWW
UW-Whitewater,Joey Berezowitz,offense,0,20,2,2026-01-03,WOS@WWW
UW-Whitewater,Joey Berezowitz,offense,0,15,3,2026-01-03,WOS@WWW
UW-Oshkosh Titans,Oskar Kangas,defense,40,10,1,2026-01-03,WOS@WWW
UW-Oshkosh Titans,Matt Imig,defense,25,35,3,2026-01-03,WOS@WWW
UW-Oshkosh Titans,Oskar Kangas,defense,45,15,1,2026-01-03,WOS@WWW
UW-Oshkosh Titans,Aiden Hawkinson,offense,25,45,1,2026-01-03,WOS@WWW
UW-Oshkosh Titans,Aiden Hawkinson,offense,30,40,1,2026-01-03,WOS@WWW
UW-Oshkosh Titans,Oskar Kangas,offense,45,35,2,2026-01-03,WOS@WWW
UW-Oshkosh Titans,Oskar Kangas,offense,45,30,1,2026-01-03,WOS@WWW
UW-Whitewater,Luke Bara,defense,45,40,2,2026-01-03,WOS@WWW
UW-Whitewater,Luke Bara,defense,45,35,3,2026-01-03,WOS@WWW
UW-Whitewater,JR Lukenbill,offense,45,45,3,2026-01-03,WOS@WWW
UW-Oshkosh Titans,Michael Metcalf-Grassman,offense,5,45,1,2026-01-03,WOS@WWW
UW-Oshkosh Titans,Carter Thomas,defense,45,25,1,2026-01-03,WOS@WWW
UW-Whitewater,Luke Bara,offense,0,40,1,2026-01-03,WOS@WWW
UW-Whitewater,Joey Berezowitz,offense,0,30,3,2026-01-03,WOS@WWW
UW-Whitewater,Joey Berezowitz,defense,0,45,1,2026-01-03,WOS@WWW
UW-Whitewater,Joey Berezowitz,defense,0,40,5,2026-01-03,WOS@WWW
UW-Whitewater,Joey Berezowitz,defense,5,35,4,2026-01-03,WOS@WWW
UW-Whitewater,Richie Warren,defense,30,45,2,2026-01-03,WOS@WWW
UW-Oshkosh Titans,Joey LaChapell,offense,0,45,1,2026-01-03,WOS@WWW
UW-Whitewater,Darius Chestnut,defense,20,45,4,2026-01-03,WOS@WWW
UW-Whitewater,Darius Chestnut,defense,20,40,4,2026-01-03,WOS@WWW
UW-Whitewater,Darius Chestnut,defense,15,25,5,2026-01-03,WOS@WWW
UW-Whitewater,Darius Chestnut,defense,35,35,4,2026-01-03,WOS@WWW
UW-Whitewater,Joey Berezowitz,offense,0,25,4,2026-01-03,WOS@WWW
UW-Whitewater,Collin Madson,defense,0,45,2,2026-01-03,WOS@WWW
UW-Whitewater,Collin Madson,defense,0,40,3,2026-01-03,WOS@WWW
UW-Whitewater,Collin Madson,defense,0,35,1,2026-01-03,WOS@WWW
UW-Whitewater,Darius Chestnut,offense,20,40,2,2026-01-03,WOS@WWW
UW-Whitewater,Darius Chestnut,offense,25,45,2,2026-01-03,WOS@WWW
UW-Whitewater,Darius Chestnut,offense,20,45,1,2026-01-03,WOS@WWW
UW-Whitewater,Joey Berezowitz,offense,45,25,3,2026-01-03,WOS@WWW
Coe Kohawks,Deuce Walters,defense,15,30,32,2025-12-30,WWW@COE
Coe Kohawks,TEAM,defense,15,30,119,2025-12-30,WWW@COE
Coe Kohawks,Deuce Walters,defense,15,35,36,2025-12-30,WWW@COE
Coe Kohawks,TEAM,defense,15,35,82,2025-12-30,WWW@COE
Coe Kohawks,Deuce Walters,defense,15,40,8,2025-12-30,WWW@COE
Coe Kohawks,TEAM,defense,15,40,37,2025-12-30,WWW@COE
Coe Kohawks,Deuce Walters,defense,10,40,24,2025-12-30,WWW@COE
Coe Kohawks,TEAM,defense,10,40,38,2025-12-30,WWW@COE
Coe Kohawks,Deuce Walters,defense,10,45,5,2025-12-30,WWW@COE
Coe Kohawks,TEAM,defense,10,45,10,2025-12-30,WWW@COE
Coe Kohawks,Deuce Walters,defense,10,30,12,2025-12-30,WWW@COE
Coe Kohawks,TEAM,defense,10,30,40,2025-12-30,WWW@COE
Coe Kohawks,Deuce Walters,defense,10,25,15,2025-12-30,WWW@COE
Coe Kohawks,TEAM,defense,10,25,53,2025-12-30,WWW@COE
Coe Kohawks,Deuce Walters,defense,15,20,69,2025-12-30,WWW@COE
Coe Kohawks,TEAM,defense,15,20,388,2025-12-30,WWW@COE
Coe Kohawks,Deuce Walters,defense,15,15,108,2025-12-30,WWW@COE
Coe Kohawks,TEAM,defense,15,15,685,2025-12-30,WWW@COE
Coe Kohawks,Deuce Walters,defense,10,20,34,2025-12-30,WWW@COE
Coe Kohawks,TEAM,defense,10,20,142,2025-12-30,WWW@COE
Coe Kohawks,Deuce Walters,defense,10,15,69,2025-12-30,WWW@COE
Coe Kohawks,TEAM,defense,10,15,296,2025-12-30,WWW@COE
Coe Kohawks,Deuce Walters,defense,5,15,35,2025-12-30,WWW@COE
Coe Kohawks,TEAM,defense,5,15,91,2025-12-30,WWW@COE
Coe Kohawks,Deuce Walters,defense,20,10,50,2025-12-30,WWW@COE
Coe Kohawks,TEAM,defense,20,10,406,2025-12-30,WWW@COE
Coe Kohawks,Deuce Walters,defense,25,10,151,2025-12-30,WWW@COE
Coe Kohawks,TEAM,defense,25,10,508,2025-12-30,WWW@COE
Coe Kohawks,Jackson Bowman,defense,35,40,8,2025-12-30,WWW@COE
Coe Kohawks,TEAM,defense,35,40,34,2025-12-30,WWW@COE
Coe Kohawks,Jackson Bowman,defense,35,35,8,2025-12-30,WWW@COE
Coe Kohawks,TEAM,defense,35,35,60,2025-12-30,WWW@COE
Coe Kohawks,Jackson Bowman,defense,35,30,22,2025-12-30,WWW@COE
Coe Kohawks,TEAM,defense,35,30,133,2025-12-30,WWW@COE
Coe Kohawks,Jackson Bowman,defense,20,30,62,2025-12-30,WWW@COE
Coe Kohawks,TEAM,defense,20,30,229,2025-12-30,WWW@COE
Coe Kohawks,Jackson Bowman,defense,25,30,27,2025-12-30,WWW@COE
Coe Kohawks,TEAM,defense,25,30,260,2025-12-30,WWW@COE
Coe Kohawks,Jackson Bowman,defense,25,25,61,2025-12-30,WWW@COE
Coe Kohawks,TEAM,defense,25,25,438,2025-12-30,WWW@COE
Coe Kohawks,Jackson Bowman,defense,25,20,32,2025-12-30,WWW@COE
Coe Kohawks,TEAM,defense,25,20,352,2025-12-30,WWW@COE
Coe Kohawks,Jackson Bowman,defense,25,15,46,2025-12-30,WWW@COE
Coe Kohawks,TEAM,defense,25,15,463,2025-12-30,WWW@COE
Coe Kohawks,Jackson Bowman,defense,30,15,124,2025-12-30,WWW@COE
Coe Kohawks,TEAM,defense,30,15,612,2025-12-30,WWW@COE
Coe Kohawks,Jackson Bowman,defense,35,10,71,2025-12-30,WWW@COE
Coe Kohawks,TEAM,defense,35,10,440,2025-12-30,WWW@COE
Coe Kohawks,Jackson Bowman,defense,35,5,33,2025-12-30,WWW@COE
Coe Kohawks,TEAM,defense,35,5,250,2025-12-30,WWW@COE
Coe Kohawks,Jackson Bowman,defense,30,5,60,2025-12-30,WWW@COE
Coe Kohawks,TEAM,defense,30,5,424,2025-12-30,WWW@COE
Coe Kohawks,Cooper Nailor,defense,25,45,14,2025-12-30,WWW@COE
Coe Kohawks,TEAM,defense,25,45,38,2025-12-30,WWW@COE
Coe Kohawks,Cooper Nailor,defense,20,45,36,2025-12-30,WWW@COE
Coe Kohawks,TEAM,defense,20,45,47,2025-12-30,WWW@COE
Coe Kohawks,Cooper Nailor,defense,20,40,14,2025-12-30,WWW@COE
Coe Kohawks,TEAM,defense,20,40,57,2025-12-30,WWW@COE
Coe Kohawks,Cooper Nailor,defense,30,45,4,2025-12-30,WWW@COE
Coe Kohawks,TEAM,defense,30,45,25,2025-12-30,WWW@COE
Coe Kohawks,Cooper Nailor,defense,30,40,17,2025-12-30,WWW@COE
Coe Kohawks,TEAM,defense,30,40,56,2025-12-30,WWW@COE
Coe Kohawks,Cooper Nailor,defense,25,35,22,2025-12-30,WWW@COE
Coe Kohawks,TEAM,defense,25,35,133,2025-12-30,WWW@COE
Coe Kohawks,Kanyon Bryte,defense,25,35,19,2025-12-30,WWW@COE
Coe Kohawks,Kanyon Bryte,defense,20,35,21,2025-12-30,WWW@COE
Coe Kohawks,TEAM,defense,20,35,104,2025-12-30,WWW@COE
Coe Kohawks,Kanyon Bryte,defense,15,35,13,2025-12-30,WWW@COE
Coe Kohawks,Kanyon Bryte,defense,20,40,12,2025-12-30,WWW@COE
Coe Kohawks,Kanyon Bryte,defense,25,40,20,2025-12-30,WWW@COE
Coe Kohawks,TEAM,defense,25,40,73,2025-12-30,WWW@COE
Coe Kohawks,Kanyon Bryte,defense,30,40,18,2025-12-30,WWW@COE
Coe Kohawks,Kanyon Bryte,defense,30,45,13,2025-12-30,WWW@COE
Coe Kohawks,Kanyon Bryte,defense,25,45,13,2025-12-30,WWW@COE
Coe Kohawks,Kanyon Bryte,defense,20,45,3,2025-12-30,WWW@COE
Coe Kohawks,Kanyon Bryte,defense,30,30,19,2025-12-30,WWW@COE
Coe Kohawks,TEAM,defense,30,30,140,2025-12-30,WWW@COE
Coe Kohawks,C. Reece Breitenbach,defense,35,25,30,2025-12-30,WWW@COE
Coe Kohawks,TEAM,defense,35,25,156,2025-12-30,WWW@COE
Coe Kohawks,C. Reece Breitenbach,defense,25,25,54,2025-12-30,WWW@COE
Coe Kohawks,C. Reece Breitenbach,defense,30,30,17,2025-12-30,WWW@COE
Coe Kohawks,C. Reece Breitenbach,defense,25,30,36,2025-12-30,WWW@COE
Coe Kohawks,C. Reece Breitenbach,defense,25,35,30,2025-12-30,WWW@COE
Coe Kohawks,C. Reece Breitenbach,defense,15,30,12,2025-12-30,WWW@COE
Coe Kohawks,C. Reece Breitenbach,defense,15,25,24,2025-12-30,WWW@COE
Coe Kohawks,TEAM,defense,15,25,217,2025-12-30,WWW@COE
Coe Kohawks,C. Reece Breitenbach,defense,15,20,42,2025-12-30,WWW@COE
Coe Kohawks,C. Reece Breitenbach,defense,30,15,96,2025-12-30,WWW@COE
Coe Kohawks,C. Reece Breitenbach,defense,35,10,44,2025-12-30,WWW@COE
Coe Kohawks,C. Reece Breitenbach,defense,15,5,38,2025-12-30,WWW@COE
Coe Kohawks,TEAM,defense,15,5,433,2025-12-30,WWW@COE
Coe Kohawks,Kanyon Bryte,defense,35,45,3,2025-12-30,WWW@COE
Coe Kohawks,TEAM,defense,35,45,14,2025-12-30,WWW@COE
UW-Whitewater,Richie Warren,offense,25,45,2,2025-12-30,WWW@COE
UW-Whitewater,TEAM,offense,25,45,20,2025-12-30,WWW@COE
UW-Whitewater,Richie Warren,offense,10,40,2,2025-12-30,WWW@COE
UW-Whitewater,TEAM,offense,10,40,40,2025-12-30,WWW@COE
UW-Whitewater,Richie Warren,offense,10,35,2,2025-12-30,WWW@COE
UW-Whitewater,TEAM,offense,10,35,53,2025-12-30,WWW@COE
UW-Whitewater,Richie Warren,offense,15,30,11,2025-12-30,WWW@COE
UW-Whitewater,TEAM,offense,15,30,108,2025-12-30,WWW@COE
UW-Whitewater,Richie Warren,offense,15,25,17,2025-12-30,WWW@COE
UW-Whitewater,TEAM,offense,15,25,190,2025-12-30,WWW@COE
UW-Whitewater,Luke Bara,offense,20,30,52,2025-12-30,WWW@COE
UW-Whitewater,TEAM,offense,20,30,236,2025-12-30,WWW@COE
UW-Whitewater,Luke Bara,offense,25,45,5,2025-12-30,WWW@COE
UW-Whitewater,Luke Bara,offense,25,40,3,2025-12-30,WWW@COE
UW-Whitewater,TEAM,offense,25,40,46,2025-12-30,WWW@COE
UW-Whitewater,Luke Bara,offense,20,40,4,2025-12-30,WWW@COE
UW-Whitewater,TEAM,offense,20,40,37,2025-12-30,WWW@COE
UW-Whitewater,Luke Bara,offense,15,35,5,2025-12-30,WWW@COE
UW-Whitewater,TEAM,offense,15,35,19,2025-12-30,WWW@COE
UW-Whitewater,Luke Bara,offense,15,30,14,2025-12-30,WWW@COE
UW-Whitewater,Luke Bara,offense,10,25,10,2025-12-30,WWW@COE
UW-Whitewater,TEAM,offense,10,25,161,2025-12-30,WWW@COE
UW-Whitewater,Luke Bara,offense,10,20,20,2025-12-30,WWW@COE
UW-Whitewater,TEAM,offense,10,20,189,2025-12-30,WWW@COE
UW-Whitewater,Luke Bara,offense,15,20,15,2025-12-30,WWW@COE
UW-Whitewater,TEAM,offense,15,20,170,2025-12-30,WWW@COE
UW-Whitewater,Brock Marino,offense,20,30,10,2025-12-30,WWW@COE
UW-Whitewater,Brock Marino,offense,25,30,9,2025-12-30,WWW@COE
UW-Whitewater,TEAM,offense,25,30,243,2025-12-30,WWW@COE
UW-Whitewater,Brock Marino,offense,25,35,8,2025-12-30,WWW@COE
UW-Whitewater,TEAM,offense,25,35,63,2025-12-30,WWW@COE
UW-Whitewater,Joey Berezowitz,offense,25,40,3,2025-12-30,WWW@COE
UW-Whitewater,Collin Madson,offense,25,30,16,2025-12-30,WWW@COE
UW-Whitewater,Collin Madson,offense,25,25,18,2025-12-30,WWW@COE
UW-Whitewater,TEAM,offense,25,25,214,2025-12-30,WWW@COE
UW-Whitewater,Richie Warren,offense,30,30,4,2025-12-30,WWW@COE
UW-Whitewater,TEAM,offense,30,30,122,2025-12-30,WWW@COE
UW-Whitewater,Richie Warren,offense,10,25,17,2025-12-30,WWW@COE
UW-Whitewater,Richie Warren,offense,10,30,10,2025-12-30,WWW@COE
UW-Whitewater,TEAM,offense,10,30,121,2025-12-30,WWW@COE
UW-Whitewater,Richie Warren,offense,5,25,5,2025-12-30,WWW@COE
UW-Whitewater,TEAM,offense,5,25,231,2025-12-30,WWW@COE
UW-Whitewater,Richie Warren,offense,5,20,14,2025-12-30,WWW@COE
UW-Whitewater,TEAM,offense,5,20,139,2025-12-30,WWW@COE
UW-Whitewater,Richie Warren,offense,5,15,10,2025-12-30,WWW@COE
UW-Whitewater,TEAM,offense,5,15,125,2025-12-30,WWW@COE
Coe Kohawks,Kanyon Bryte,defense,25,10,21,2025-12-30,WWW@COE
Coe Kohawks,Kanyon Bryte,defense,35,10,26,2025-12-30,WWW@COE
Coe Kohawks,Kanyon Bryte,defense,30,10,40,2025-12-30,WWW@COE
Coe Kohawks,TEAM,defense,30,10,541,2025-12-30,WWW@COE
Coe Kohawks,Kanyon Bryte,defense,35,5,23,2025-12-30,WWW@COE
Coe Kohawks,Kanyon Bryte,defense,25,15,55,2025-12-30,WWW@COE
Coe Kohawks,Kanyon Bryte,defense,40,10,12,2025-12-30,WWW@COE
Coe Kohawks,TEAM,defense,40,10,88,2025-12-30,WWW@COE
Coe Kohawks,Kanyon Bryte,defense,35,15,35,2025-12-30,WWW@COE
Coe Kohawks,TEAM,defense,35,15,296,2025-12-30,WWW@COE
Coe Kohawks,Kanyon Bryte,defense,30,15,89,2025-12-30,WWW@COE
Coe Kohawks,Kanyon Bryte,defense,10,10,47,2025-12-30,WWW@COE
Coe Kohawks,TEAM,defense,10,10,357,2025-12-30,WWW@COE
Coe Kohawks,Kanyon Bryte,defense,10,20,12,2025-12-30,WWW@COE
Coe Kohawks,Cooper Nailor,defense,25,15,94,2025-12-30,WWW@COE
Coe Kohawks,Cooper Nailor,defense,25,10,101,2025-12-30,WWW@COE
Coe Kohawks,Cooper Nailor,defense,15,20,59,2025-12-30,WWW@COE
Coe Kohawks,Cooper Nailor,defense,20,10,55,2025-12-30,WWW@COE
Coe Kohawks,Cooper Nailor,defense,20,15,96,2025-12-30,WWW@COE
Coe Kohawks,TEAM,defense,20,15,539,2025-12-30,WWW@COE
Coe Kohawks,Cooper Nailor,defense,15,15,154,2025-12-30,WWW@COE
Coe Kohawks,Cooper Nailor,defense,20,20,101,2025-12-30,WWW@COE
Coe Kohawks,TEAM,defense,20,20,401,2025-12-30,WWW@COE
Coe Kohawks,Cooper Nailor,defense,25,20,77,2025-12-30,WWW@COE
Coe Kohawks,Cooper Nailor,defense,20,25,99,2025-12-30,WWW@COE
Coe Kohawks,TEAM,defense,20,25,347,2025-12-30,WWW@COE
UW-Whitewater,Joey Berezowitz,offense,40,10,9,2025-12-30,WWW@COE
UW-Whitewater,TEAM,offense,40,10,82,2025-12-30,WWW@COE
UW-Whitewater,Joey Berezowitz,offense,35,10,2,2025-12-30,WWW@COE
UW-Whitewater,TEAM,offense,35,10,50,2025-12-30,WWW@COE
UW-Whitewater,Joey Berezowitz,offense,15,5,6,2025-12-30,WWW@COE
UW-Whitewater,TEAM,offense,15,5,108,2025-12-30,WWW@COE
UW-Whitewater,Joey Berezowitz,offense,15,0,3,2025-12-30,WWW@COE
UW-Whitewater,TEAM,offense,15,0,49,2025-12-30,WWW@COE
UW-Whitewater,Joey Berezowitz,offense,15,10,10,2025-12-30,WWW@COE
UW-Whitewater,TEAM,offense,15,10,233,2025-12-30,WWW@COE
UW-Whitewater,Brock Marino,offense,25,10,7,2025-12-30,WWW@COE
UW-Whitewater,TEAM,offense,25,10,179,2025-12-30,WWW@COE
UW-Whitewater,Brock Marino,offense,20,10,9,2025-12-30,WWW@COE
UW-Whitewater,TEAM,offense,20,10,154,2025-12-30,WWW@COE
UW-Whitewater,Brock Marino,offense,15,0,1,2025-12-30,WWW@COE
UW-Whitewater,Brock Marino,offense,10,5,6,2025-12-30,WWW@COE
UW-Whitewater,TEAM,offense,10,5,78,2025-12-30,WWW@COE
UW-Whitewater,Brock Marino,offense,5,5,7,2025-12-30,WWW@COE
UW-Whitewater,TEAM,offense,5,5,65,2025-12-30,WWW@COE
UW-Whitewater,Brock Marino,offense,20,0,1,2025-12-30,WWW@COE
UW-Whitewater,TEAM,offense,20,0,50,2025-12-30,WWW@COE
UW-Whitewater,Brock Marino,offense,15,5,9,2025-12-30,WWW@COE
UW-Whitewater,Luke Bara,offense,40,25,4,2025-12-30,WWW@COE
UW-Whitewater,TEAM,offense,40,25,66,2025-12-30,WWW@COE
UW-Whitewater,Luke Bara,offense,30,25,7,2025-12-30,WWW@COE
UW-Whitewater,TEAM,offense,30,25,143,2025-12-30,WWW@COE
UW-Whitewater,Luke Bara,offense,35,20,12,2025-12-30,WWW@COE
UW-Whitewater,TEAM,offense,35,20,141,2025-12-30,WWW@COE
UW-Whitewater,Luke Bara,offense,35,15,7,2025-12-30,WWW@COE
UW-Whitewater,TEAM,offense,35,15,128,2025-12-30,WWW@COE
UW-Whitewater,Luke Bara,offense,20,20,38,2025-12-30,WWW@COE
UW-Whitewater,TEAM,offense,20,20,331,2025-12-30,WWW@COE
UW-Whitewater,Luke Bara,offense,25,15,19,2025-12-30,WWW@COE
UW-Whitewater,TEAM,offense,25,15,248,2025-12-30,WWW@COE
UW-Whitewater,Luke Bara,offense,25,10,31,2025-12-30,WWW@COE
UW-Whitewater,Joey Berezowitz,offense,20,10,16,2025-12-30,WWW@COE
UW-Whitewater,Joey Berezowitz,offense,20,15,6,2025-12-30,WWW@COE
UW-Whitewater,TEAM,offense,20,15,174,2025-12-30,WWW@COE
UW-Whitewater,Joey Berezowitz,offense,20,20,10,2025-12-30,WWW@COE
UW-Whitewater,Joey Berezowitz,offense,20,25,26,2025-12-30,WWW@COE
UW-Whitewater,TEAM,offense,20,25,219,2025-12-30,WWW@COE
UW-Whitewater,Joey Berezowitz,offense,15,25,10,2025-12-30,WWW@COE
UW-Whitewater,Collin Madson,offense,40,5,4,2025-12-30,WWW@COE
UW-Whitewater,TEAM,offense,40,5,36,2025-12-30,WWW@COE
UW-Whitewater,Collin Madson,offense,40,10,5,2025-12-30,WWW@COE
UW-Whitewater,Collin Madson,offense,40,30,8,2025-12-30,WWW@COE
UW-Whitewater,TEAM,offense,40,30,46,2025-12-30,WWW@COE
UW-Whitewater,Collin Madson,offense,35,25,23,2025-12-30,WWW@COE
UW-Whitewater,TEAM,offense,35,25,120,2025-12-30,WWW@COE
Coe Kohawks,C. Reece Breitenbach,defense,20,0,10,2025-12-30,WWW@COE
Coe Kohawks,TEAM,defense,20,0,83,2025-12-30,WWW@COE
Coe Kohawks,C. Reece Breitenbach,defense,15,10,31,2025-12-30,WWW@COE
Coe Kohawks,TEAM,defense,15,10,646,2025-12-30,WWW@COE
Coe Kohawks,C. Reece Breitenbach,defense,20,10,21,2025-12-30,WWW@COE
UW-Whitewater,Richie Warren,offense,45,20,1,2025-12-30,WWW@COE
UW-Whitewater,TEAM,offense,45,20,30,2025-12-30,WWW@COE
UW-Whitewater,Richie Warren,offense,40,20,11,2025-12-30,WWW@COE
UW-Whitewater,TEAM,offense,40,20,80,2025-12-30,WWW@COE
UW-Whitewater,Richie Warren,offense,35,20,10,2025-12-30,WWW@COE
UW-Whitewater,Richie Warren,offense,25,15,4,2025-12-30,WWW@COE
UW-Whitewater,Richie Warren,offense,35,25,7,2025-12-30,WWW@COE
Coe Kohawks,Jackson Bowman,defense,20,0,16,2025-12-30,WWW@COE
UW-Whitewater,Joey Berezowitz,offense,0,5,6,2025-12-30,WWW@COE
UW-Whitewater,TEAM,offense,0,5,54,2025-12-30,WWW@COE
Coe Kohawks,Kanyon Bryte,offense,40,25,13,2025-12-30,WWW@COE
Coe Kohawks,TEAM,offense,40,25,157,2025-12-30,WWW@COE
Coe Kohawks,Kanyon Bryte,offense,35,30,45,2025-12-30,WWW@COE
Coe Kohawks,TEAM,offense,35,30,203,2025-12-30,WWW@COE
Coe Kohawks,Kanyon Bryte,offense,35,25,26,2025-12-30,WWW@COE
Coe Kohawks,TEAM,offense,35,25,219,2025-12-30,WWW@COE
Coe Kohawks,Kanyon Bryte,offense,30,25,28,2025-12-30,WWW@COE
Coe Kohawks,TEAM,offense,30,25,249,2025-12-30,WWW@COE
Coe Kohawks,Kanyon Bryte,offense,25,20,105,2025-12-30,WWW@COE
Coe Kohawks,TEAM,offense,25,20,553,2025-12-30,WWW@COE
Coe Kohawks,Kanyon Bryte,offense,20,15,39,2025-12-30,WWW@COE
Coe Kohawks,TEAM,offense,20,15,278,2025-12-30,WWW@COE
UW-Whitewater,Brock Marino,defense,10,45,1,2025-12-30,WWW@COE
UW-Whitewater,TEAM,defense,10,45,5,2025-12-30,WWW@COE
UW-Whitewater,Brock Marino,defense,10,40,1,2025-12-30,WWW@COE
UW-Whitewater,TEAM,defense,10,40,23,2025-12-30,WWW@COE
UW-Whitewater,Brock Marino,defense,20,40,1,2025-12-30,WWW@COE
UW-Whitewater,TEAM,defense,20,40,26,2025-12-30,WWW@COE
UW-Whitewater,Brock Marino,defense,20,35,2,2025-12-30,WWW@COE
UW-Whitewater,TEAM,defense,20,35,62,2025-12-30,WWW@COE
UW-Whitewater,Brock Marino,defense,20,30,7,2025-12-30,WWW@COE
UW-Whitewater,TEAM,defense,20,30,116,2025-12-30,WWW@COE
UW-Whitewater,Brock Marino,defense,25,30,20,2025-12-30,WWW@COE
UW-Whitewater,TEAM,defense,25,30,107,2025-12-30,WWW@COE
UW-Whitewater,Brock Marino,defense,30,15,54,2025-12-30,WWW@COE
UW-Whitewater,TEAM,defense,30,15,359,2025-12-30,WWW@COE
UW-Whitewater,Brock Marino,defense,25,15,10,2025-12-30,WWW@COE
UW-Whitewater,TEAM,defense,25,15,250,2025-12-30,WWW@COE
UW-Whitewater,Brock Marino,defense,25,10,20,2025-12-30,WWW@COE
UW-Whitewater,TEAM,defense,25,10,335,2025-12-30,WWW@COE
Coe Kohawks,Deuce Walters,offense,0,40,3,2025-12-30,WWW@COE
Coe Kohawks,TEAM,offense,0,40,13,2025-12-30,WWW@COE
Coe Kohawks,Deuce Walters,offense,10,35,5,2025-12-30,WWW@COE
Coe Kohawks,TEAM,offense,10,35,40,2025-12-30,WWW@COE
Coe Kohawks,Deuce Walters,offense,10,30,34,2025-12-30,WWW@COE
Coe Kohawks,TEAM,offense,10,30,98,2025-12-30,WWW@COE
Coe Kohawks,Deuce Walters,offense,15,25,30,2025-12-30,WWW@COE
Coe Kohawks,TEAM,offense,15,25,284,2025-12-30,WWW@COE
Coe Kohawks,Deuce Walters,offense,20,25,59,2025-12-30,WWW@COE
Coe Kohawks,TEAM,offense,20,25,332,2025-12-30,WWW@COE
Coe Kohawks,Deuce Walters,offense,20,30,50,2025-12-30,WWW@COE
Coe Kohawks,TEAM,offense,20,30,274,2025-12-30,WWW@COE
Coe Kohawks,Deuce Walters,offense,20,35,30,2025-12-30,WWW@COE
Coe Kohawks,TEAM,offense,20,35,157,2025-12-30,WWW@COE
Coe Kohawks,Deuce Walters,offense,20,40,8,2025-12-30,WWW@COE
Coe Kohawks,TEAM,offense,20,40,48,2025-12-30,WWW@COE
UW-Whitewater,Joey Berezowitz,defense,10,35,2,2025-12-30,WWW@COE
UW-Whitewater,TEAM,defense,10,35,39,2025-12-30,WWW@COE
UW-Whitewater,Joey Berezowitz,defense,10,30,2,2025-12-30,WWW@COE
UW-Whitewater,TEAM,defense,10,30,83,2025-12-30,WWW@COE
UW-Whitewater,Joey Berezowitz,defense,10,25,1,2025-12-30,WWW@COE
UW-Whitewater,TEAM,defense,10,25,90,2025-12-30,WWW@COE
UW-Whitewater,Joey Berezowitz,defense,15,25,6,2025-12-30,WWW@COE
UW-Whitewater,TEAM,defense,15,25,155,2025-12-30,WWW@COE
UW-Whitewater,Joey Berezowitz,defense,20,20,18,2025-12-30,WWW@COE
UW-Whitewater,TEAM,defense,20,20,330,2025-12-30,WWW@COE
UW-Whitewater,Joey Berezowitz,defense,20,25,14,2025-12-30,WWW@COE
UW-Whitewater,TEAM,defense,20,25,237,2025-12-30,WWW@COE
UW-Whitewater,Joey Berezowitz,defense,15,20,23,2025-12-30,WWW@COE
UW-Whitewater,TEAM,defense,15,20,263,2025-12-30,WWW@COE
UW-Whitewater,Joey Berezowitz,defense,15,15,24,2025-12-30,WWW@COE
UW-Whitewater,TEAM,defense,15,15,400,2025-12-30,WWW@COE
UW-Whitewater,Joey Berezowitz,defense,25,10,43,2025-12-30,WWW@COE
UW-Whitewater,Joey Berezowitz,defense,25,5,28,2025-12-30,WWW@COE
UW-Whitewater,TEAM,defense,25,5,264,2025-12-30,WWW@COE
Coe Kohawks,C. Reece Breitenbach,offense,20,40,4,2025-12-30,WWW@COE
Coe Kohawks,C. Reece Breitenbach,offense,20,35,3,2025-12-30,WWW@COE
UW-Whitewater,Richie Warren,defense,35,40,1,2025-12-30,WWW@COE
UW-Whitewater,TEAM,defense,35,40,22,2025-12-30,WWW@COE
UW-Whitewater,Richie Warren,defense,30,35,5,2025-12-30,WWW@COE
UW-Whitewater,TEAM,defense,30,35,58,2025-12-30,WWW@COE
UW-Whitewater,Richie Warren,defense,30,30,26,2025-12-30,WWW@COE
UW-Whitewater,TEAM,defense,30,30,117,2025-12-30,WWW@COE
UW-Whitewater,Richie Warren,defense,25,30,3,2025-12-30,WWW@COE
UW-Whitewater,Richie Warren,defense,25,25,20,2025-12-30,WWW@COE
UW-Whitewater,TEAM,defense,25,25,244,2025-12-30,WWW@COE
UW-Whitewater,Richie Warren,defense,20,20,17,2025-12-30,WWW@COE
UW-Whitewater,Richie Warren,defense,20,15,24,2025-12-30,WWW@COE
UW-Whitewater,TEAM,defense,20,15,325,2025-12-30,WWW@COE
UW-Whitewater,Richie Warren,defense,25,15,21,2025-12-30,WWW@COE
UW-Whitewater,Richie Warren,defense,25,10,33,2025-12-30,WWW@COE
Coe Kohawks,Cooper Nailor,offense,5,45,3,2025-12-30,WWW@COE
Coe Kohawks,TEAM,offense,5,45,8,2025-12-30,WWW@COE
Coe Kohawks,Cooper Nailor,offense,0,40,3,2025-12-30,WWW@COE
Coe Kohawks,Cooper Nailor,offense,0,35,1,2025-12-30,WWW@COE
Coe Kohawks,TEAM,offense,0,35,7,2025-12-30,WWW@COE
Coe Kohawks,Cooper Nailor,offense,0,30,2,2025-12-30,WWW@COE
Coe Kohawks,TEAM,offense,0,30,10,2025-12-30,WWW@COE
Coe Kohawks,Cooper Nailor,offense,0,25,1,2025-12-30,WWW@COE
Coe Kohawks,TEAM,offense,0,25,38,2025-12-30,WWW@COE
Coe Kohawks,Cooper Nailor,offense,5,35,6,2025-12-30,WWW@COE
Coe Kohawks,TEAM,offense,5,35,18,2025-12-30,WWW@COE
Coe Kohawks,Jackson Bowman,offense,15,25,54,2025-12-30,WWW@COE
Coe Kohawks,Jackson Bowman,offense,15,20,38,2025-12-30,WWW@COE
Coe Kohawks,TEAM,offense,15,20,311,2025-12-30,WWW@COE
Coe Kohawks,Jackson Bowman,offense,15,15,55,2025-12-30,WWW@COE
Coe Kohawks,TEAM,offense,15,15,245,2025-12-30,WWW@COE
Coe Kohawks,Jackson Bowman,offense,10,5,24,2025-12-30,WWW@COE
Coe Kohawks,TEAM,offense,10,5,130,2025-12-30,WWW@COE
Coe Kohawks,Jackson Bowman,offense,5,5,20,2025-12-30,WWW@COE
Coe Kohawks,TEAM,offense,5,5,177,2025-12-30,WWW@COE
UW-Whitewater,Collin Madson,defense,25,15,36,2025-12-30,WWW@COE
UW-Whitewater,Collin Madson,defense,25,10,49,2025-12-30,WWW@COE
UW-Whitewater,Collin Madson,defense,30,10,47,2025-12-30,WWW@COE
UW-Whitewater,TEAM,defense,30,10,416,2025-12-30,WWW@COE
UW-Whitewater,Luke Bara,defense,20,10,53,2025-12-30,WWW@COE
UW-Whitewater,TEAM,defense,20,10,314,2025-12-30,WWW@COE
UW-Whitewater,Luke Bara,defense,30,10,76,2025-12-30,WWW@COE
UW-Whitewater,Luke Bara,defense,30,5,14,2025-12-30,WWW@COE
UW-Whitewater,TEAM,defense,30,5,197,2025-12-30,WWW@COE
Coe Kohawks,C. Reece Breitenbach,offense,45,15,14,2025-12-30,WWW@COE
Coe Kohawks,TEAM,offense,45,15,125,2025-12-30,WWW@COE
Coe Kohawks,C. Reece Breitenbach,offense,40,15,6,2025-12-30,WWW@COE
Coe Kohawks,TEAM,offense,40,15,115,2025-12-30,WWW@COE
Coe Kohawks,C. Reece Breitenbach,offense,40,20,17,2025-12-30,WWW@COE
Coe Kohawks,TEAM,offense,40,20,157,2025-12-30,WWW@COE
Coe Kohawks,C. Reece Breitenbach,offense,35,20,22,2025-12-30,WWW@COE
Coe Kohawks,TEAM,offense,35,20,192,2025-12-30,WWW@COE
Coe Kohawks,Cooper Nailor,offense,0,15,17,2025-12-30,WWW@COE
Coe Kohawks,TEAM,offense,0,15,69,2025-12-30,WWW@COE
Coe Kohawks,Cooper Nailor,offense,0,10,53,2025-12-30,WWW@COE
Coe Kohawks,TEAM,offense,0,10,127,2025-12-30,WWW@COE
Coe Kohawks,Cooper Nailor,offense,5,10,25,2025-12-30,WWW@COE
Coe Kohawks,TEAM,offense,5,10,122,2025-12-30,WWW@COE
Coe Kohawks,Cooper Nailor,offense,5,15,34,2025-12-30,WWW@COE
Coe Kohawks,TEAM,offense,5,15,121,2025-12-30,WWW@COE
Coe Kohawks,Cooper Nailor,offense,5,20,13,2025-12-30,WWW@COE
Coe Kohawks,TEAM,offense,5,20,107,2025-12-30,WWW@COE
Coe Kohawks,Cooper Nailor,offense,10,20,20,2025-12-30,WWW@COE
Coe Kohawks,TEAM,offense,10,20,164,2025-12-30,WWW@COE
Coe Kohawks,Cooper Nailor,offense,10,25,25,2025-12-30,WWW@COE
Coe Kohawks,TEAM,offense,10,25,196,2025-12-30,WWW@COE
Coe Kohawks,C. Reece Breitenbach,defense,20,45,3,2025-12-30,WWW@COE
Coe Kohawks,C. Reece Breitenbach,defense,20,40,9,2025-12-30,WWW@COE
Coe Kohawks,C. Reece Breitenbach,defense,20,35,5,2025-12-30,WWW@COE
Coe Kohawks,C. Reece Breitenbach,defense,20,30,28,2025-12-30,WWW@COE
Coe Kohawks,C. Reece Breitenbach,defense,10,20,10,2025-12-30,WWW@COE
Coe Kohawks,C. Reece Breitenbach,defense,10,15,17,2025-12-30,WWW@COE
Coe Kohawks,C. Reece Breitenbach,defense,15,15,13,2025-12-30,WWW@COE
Coe Kohawks,C. Reece Breitenbach,defense,25,5,26,2025-12-30,WWW@COE
Coe Kohawks,TEAM,defense,25,5,426,2025-12-30,WWW@COE
Coe Kohawks,C. Reece Breitenbach,defense,25,10,22,2025-12-30,WWW@COE
UW-Whitewater,Brock Marino,offense,35,35,3,2025-12-30,WWW@COE
UW-Whitewater,TEAM,offense,35,35,73,2025-12-30,WWW@COE
UW-Whitewater,Luke Bara,offense,20,35,4,2025-12-30,WWW@COE
UW-Whitewater,TEAM,offense,20,35,46,2025-12-30,WWW@COE
UW-Whitewater,Luke Bara,offense,25,35,5,2025-12-30,WWW@COE
UW-Whitewater,Luke Bara,offense,25,30,49,2025-12-30,WWW@COE
UW-Whitewater,Luke Bara,offense,30,35,9,2025-12-30,WWW@COE
UW-Whitewater,TEAM,offense,30,35,52,2025-12-30,WWW@COE
UW-Whitewater,Richie Warren,offense,35,35,1,2025-12-30,WWW@COE
UW-Whitewater,Richie Warren,offense,35,40,2,2025-12-30,WWW@COE
UW-Whitewater,TEAM,offense,35,40,36,2025-12-30,WWW@COE
Coe Kohawks,Jackson Bowman,defense,30,45,5,2025-12-30,WWW@COE
Coe Kohawks,Jackson Bowman,defense,30,40,8,2025-12-30,WWW@COE
UW-Whitewater,Collin Madson,offense,35,35,10,2025-12-30,WWW@COE
Coe Kohawks,Cooper Nailor,defense,10,30,4,2025-12-30,WWW@COE
Coe Kohawks,Cooper Nailor,defense,10,25,10,2025-12-30,WWW@COE
Coe Kohawks,Cooper Nailor,defense,10,15,47,2025-12-30,WWW@COE
Coe Kohawks,Cooper Nailor,defense,10,10,81,2025-12-30,WWW@COE
Coe Kohawks,Cooper Nailor,defense,5,10,5,2025-12-30,WWW@COE
Coe Kohawks,TEAM,defense,5,10,88,2025-12-30,WWW@COE
Coe Kohawks,Cooper Nailor,defense,5,5,19,2025-12-30,WWW@COE
Coe Kohawks,TEAM,defense,5,5,87,2025-12-30,WWW@COE
Coe Kohawks,Cooper Nailor,defense,10,5,60,2025-12-30,WWW@COE
Coe Kohawks,TEAM,defense,10,5,305,2025-12-30,WWW@COE
Coe Kohawks,Cooper Nailor,defense,15,5,54,2025-12-30,WWW@COE
Coe Kohawks,Kanyon Bryte,defense,20,30,29,2025-12-30,WWW@COE
Coe Kohawks,Kanyon Bryte,defense,25,30,36,2025-12-30,WWW@COE
Coe Kohawks,Kanyon Bryte,defense,25,25,65,2025-12-30,WWW@COE
Coe Kohawks,Kanyon Bryte,defense,25,20,40,2025-12-30,WWW@COE
Coe Kohawks,Kanyon Bryte,defense,20,25,48,2025-12-30,WWW@COE
Coe Kohawks,Kanyon Bryte,defense,30,20,36,2025-12-30,WWW@COE
Coe Kohawks,TEAM,defense,30,20,254,2025-12-30,WWW@COE
Coe Kohawks,Kanyon Bryte,defense,20,10,77,2025-12-30,WWW@COE
Coe Kohawks,Kanyon Bryte,defense,20,15,103,2025-12-30,WWW@COE
Coe Kohawks,Kanyon Bryte,defense,20,20,91,2025-12-30,WWW@COE
Coe Kohawks,Kanyon Bryte,defense,15,20,68,2025-12-30,WWW@COE
Coe Kohawks,Jackson Bowman,defense,40,25,2,2025-12-30,WWW@COE
Coe Kohawks,TEAM,defense,40,25,27,2025-12-30,WWW@COE
Coe Kohawks,Jackson Bowman,defense,35,25,13,2025-12-30,WWW@COE
Coe Kohawks,Jackson Bowman,defense,35,20,17,2025-12-30,WWW@COE
Coe Kohawks,TEAM,defense,35,20,164,2025-12-30,WWW@COE
Coe Kohawks,Jackson Bowman,defense,35,15,67,2025-12-30,WWW@COE
Coe Kohawks,Jackson Bowman,defense,30,10,51,2025-12-30,WWW@COE
Coe Kohawks,Jackson Bowman,defense,45,5,6,2025-12-30,WWW@COE
Coe Kohawks,TEAM,defense,45,5,25,2025-12-30,WWW@COE
Coe Kohawks,Jackson Bowman,defense,40,5,10,2025-12-30,WWW@COE
Coe Kohawks,TEAM,defense,40,5,76,2025-12-30,WWW@COE
Coe Kohawks,Jackson Bowman,defense,25,5,46,2025-12-30,WWW@COE
Coe Kohawks,Jackson Bowman,defense,25,10,74,2025-12-30,WWW@COE
UW-Whitewater,Collin Madson,offense,40,45,1,2025-12-30,WWW@COE
UW-Whitewater,TEAM,offense,40,45,8,2025-12-30,WWW@COE
UW-Whitewater,Collin Madson,offense,45,40,3,2025-12-30,WWW@COE
UW-Whitewater,TEAM,offense,45,40,6,2025-12-30,WWW@COE
UW-Whitewater,Collin Madson,offense,30,35,8,2025-12-30,WWW@COE
UW-Whitewater,Collin Madson,offense,20,30,41,2025-12-30,WWW@COE
UW-Whitewater,Collin Madson,offense,20,25,25,2025-12-30,WWW@COE
UW-Whitewater,Collin Madson,offense,45,20,8,2025-12-30,WWW@COE
UW-Whitewater,Collin Madson,offense,25,20,12,2025-12-30,WWW@COE
UW-Whitewater,TEAM,offense,25,20,159,2025-12-30,WWW@COE
UW-Whitewater,Brock Marino,offense,15,40,1,2025-12-30,WWW@COE
UW-Whitewater,TEAM,offense,15,40,18,2025-12-30,WWW@COE
UW-Whitewater,Brock Marino,offense,10,40,4,2025-12-30,WWW@COE
UW-Whitewater,Brock Marino,offense,10,35,2,2025-12-30,WWW@COE
UW-Whitewater,Brock Marino,offense,30,25,13,2025-12-30,WWW@COE
UW-Whitewater,Brock Marino,offense,25,25,17,2025-12-30,WWW@COE
UW-Whitewater,Brock Marino,offense,25,20,9,2025-12-30,WWW@COE
UW-Whitewater,Brock Marino,offense,30,15,7,2025-12-30,WWW@COE
UW-Whitewater,TEAM,offense,30,15,206,2025-12-30,WWW@COE
UW-Whitewater,Brock Marino,offense,20,15,12,2025-12-30,WWW@COE
UW-Whitewater,Brock Marino,offense,40,10,4,2025-12-30,WWW@COE
UW-Whitewater,Brock Marino,offense,30,10,12,2025-12-30,WWW@COE
UW-Whitewater,TEAM,offense,30,10,173,2025-12-30,WWW@COE
UW-Whitewater,Brock Marino,offense,40,0,2,2025-12-30,WWW@COE
UW-Whitewater,TEAM,offense,40,0,19,2025-12-30,WWW@COE
UW-Whitewater,Brock Marino,offense,30,5,5,2025-12-30,WWW@COE
UW-Whitewater,TEAM,offense,30,5,117,2025-12-30,WWW@COE
UW-Whitewater,Brock Marino,offense,35,15,5,2025-12-30,WWW@COE
UW-Whitewater,Brock Marino,offense,35,20,4,2025-12-30,WWW@COE
Coe Kohawks,Deuce Walters,defense,0,25,24,2025-12-30,WWW@COE
Coe Kohawks,TEAM,defense,0,25,25,2025-12-30,WWW@COE
Coe Kohawks,Deuce Walters,defense,0,20,19,2025-12-30,WWW@COE
Coe Kohawks,TEAM,defense,0,20,25,2025-12-30,WWW@COE
Coe Kohawks,Deuce Walters,defense,0,15,4,2025-12-30,WWW@COE
Coe Kohawks,TEAM,defense,0,15,18,2025-12-30,WWW@COE
Coe Kohawks,Deuce Walters,defense,0,5,7,2025-12-30,WWW@COE
Coe Kohawks,TEAM,defense,0,5,14,2025-12-30,WWW@COE
Coe Kohawks,Deuce Walters,defense,0,10,4,2025-12-30,WWW@COE
Coe Kohawks,TEAM,defense,0,10,15,2025-12-30,WWW@COE
Coe Kohawks,Deuce Walters,defense,10,10,39,2025-12-30,WWW@COE
Coe Kohawks,Deuce Walters,defense,10,5,23,2025-12-30,WWW@COE
Coe Kohawks,Deuce Walters,defense,5,10,23,2025-12-30,WWW@COE
UW-Whitewater,Joey Berezowitz,offense,5,25,13,2025-12-30,WWW@COE
UW-Whitewater,Joey Berezowitz,offense,10,25,18,2025-12-30,WWW@COE
UW-Whitewater,Richie Warren,offense,5,5,5,2025-12-30,WWW@COE
UW-Whitewater,Richie Warren,offense,5,10,7,2025-12-30,WWW@COE
UW-Whitewater,TEAM,offense,5,10,97,2025-12-30,WWW@COE
UW-Whitewater,Richie Warren,offense,0,15,5,2025-12-30,WWW@COE
UW-Whitewater,TEAM,offense,0,15,675,2025-12-30,WWW@COE
UW-Whitewater,Joey Berezowitz,offense,5,15,11,2025-12-30,WWW@COE
UW-Whitewater,Joey Berezowitz,offense,5,10,7,2025-12-30,WWW@COE
UW-Whitewater,Joey Berezowitz,offense,5,5,3,2025-12-30,WWW@COE
UW-Whitewater,Luke Bara,offense,40,5,2,2025-12-30,WWW@COE
UW-Whitewater,Luke Bara,offense,40,0,3,2025-12-30,WWW@COE
UW-Whitewater,Luke Bara,offense,30,10,27,2025-12-30,WWW@COE
UW-Whitewater,Luke Bara,offense,30,5,10,2025-12-30,WWW@COE
UW-Whitewater,Luke Bara,offense,25,5,10,2025-12-30,WWW@COE
UW-Whitewater,TEAM,offense,25,5,116,2025-12-30,WWW@COE
UW-Whitewater,Luke Bara,offense,35,10,11,2025-12-30,WWW@COE
UW-Whitewater,Luke Bara,offense,20,15,12,2025-12-30,WWW@COE
Coe Kohawks,Cooper Nailor,defense,25,5,72,2025-12-30,WWW@COE
Coe Kohawks,Cooper Nailor,defense,25,0,19,2025-12-30,WWW@COE
Coe Kohawks,TEAM,defense,25,0,104,2025-12-30,WWW@COE
Coe Kohawks,Cooper Nailor,defense,30,10,86,2025-12-30,WWW@COE
Coe Kohawks,Cooper Nailor,defense,30,15,85,2025-12-30,WWW@COE
UW-Whitewater,Collin Madson,offense,45,10,5,2025-12-30,WWW@COE
UW-Whitewater,TEAM,offense,45,10,92,2025-12-30,WWW@COE
UW-Whitewater,Collin Madson,offense,40,20,14,2025-12-30,WWW@COE
UW-Whitewater,Collin Madson,offense,35,20,35,2025-12-30,WWW@COE
UW-Whitewater,Collin Madson,offense,30,20,15,2025-12-30,WWW@COE
UW-Whitewater,TEAM,offense,30,20,132,2025-12-30,WWW@COE
UW-Whitewater,Collin Madson,offense,30,15,22,2025-12-30,WWW@COE
UW-Whitewater,Collin Madson,offense,35,15,13,2025-12-30,WWW@COE
UW-Whitewater,Joey Berezowitz,offense,10,30,7,2025-12-30,WWW@COE
UW-Whitewater,Joey Berezowitz,offense,25,30,21,2025-12-30,WWW@COE
UW-Whitewater,Joey Berezowitz,offense,25,25,9,2025-12-30,WWW@COE
UW-Whitewater,Joey Berezowitz,defense,30,35,6,2025-12-30,WWW@COE
UW-Whitewater,Joey Berezowitz,defense,35,30,3,2025-12-30,WWW@COE
UW-Whitewater,TEAM,defense,35,30,34,2025-12-30,WWW@COE
UW-Whitewater,Joey Berezowitz,defense,35,25,8,2025-12-30,WWW@COE
UW-Whitewater,TEAM,defense,35,25,104,2025-12-30,WWW@COE
UW-Whitewater,Joey Berezowitz,defense,35,20,14,2025-12-30,WWW@COE
UW-Whitewater,TEAM,defense,35,20,155,2025-12-30,WWW@COE
UW-Whitewater,Joey Berezowitz,defense,35,15,25,2025-12-30,WWW@COE
UW-Whitewater,TEAM,defense,35,15,197,2025-12-30,WWW@COE
UW-Whitewater,Joey Berezowitz,defense,35,10,60,2025-12-30,WWW@COE
UW-Whitewater,TEAM,defense,35,10,245,2025-12-30,WWW@COE
UW-Whitewater,Joey Berezowitz,defense,30,10,58,2025-12-30,WWW@COE
UW-Whitewater,Joey Berezowitz,defense,30,15,33,2025-12-30,WWW@COE
UW-Whitewater,Joey Berezowitz,defense,30,20,22,2025-12-30,WWW@COE
UW-Whitewater,TEAM,defense,30,20,285,2025-12-30,WWW@COE
Coe Kohawks,Jackson Bowman,offense,25,35,28,2025-12-30,WWW@COE
Coe Kohawks,TEAM,offense,25,35,182,2025-12-30,WWW@COE
Coe Kohawks,Jackson Bowman,offense,25,30,78,2025-12-30,WWW@COE
Coe Kohawks,TEAM,offense,25,30,345,2025-12-30,WWW@COE
Coe Kohawks,Deuce Walters,offense,0,35,3,2025-12-30,WWW@COE
Coe Kohawks,Deuce Walters,offense,0,30,3,2025-12-30,WWW@COE
Coe Kohawks,Deuce Walters,offense,0,20,21,2025-12-30,WWW@COE
Coe Kohawks,TEAM,offense,0,20,53,2025-12-30,WWW@COE
Coe Kohawks,Deuce Walters,offense,5,25,24,2025-12-30,WWW@COE
Coe Kohawks,TEAM,offense,5,25,69,2025-12-30,WWW@COE
Coe Kohawks,Deuce Walters,offense,10,25,37,2025-12-30,WWW@COE
Coe Kohawks,Deuce Walters,offense,10,20,33,2025-12-30,WWW@COE
Coe Kohawks,Deuce Walters,offense,15,20,40,2025-12-30,WWW@COE
Coe Kohawks,Deuce Walters,offense,15,15,23,2025-12-30,WWW@COE
Coe Kohawks,Deuce Walters,offense,20,20,79,2025-12-30,WWW@COE
Coe Kohawks,TEAM,offense,20,20,521,2025-12-30,WWW@COE
Coe Kohawks,Deuce Walters,offense,25,20,41,2025-12-30,WWW@COE
Coe Kohawks,Deuce Walters,offense,25,25,40,2025-12-30,WWW@COE
Coe Kohawks,TEAM,offense,25,25,469,2025-12-30,WWW@COE
Coe Kohawks,Deuce Walters,offense,30,25,61,2025-12-30,WWW@COE
Coe Kohawks,Deuce Walters,offense,30,30,44,2025-12-30,WWW@COE
Coe Kohawks,TEAM,offense,30,30,312,2025-12-30,WWW@COE
Coe Kohawks,Deuce Walters,offense,35,25,44,2025-12-30,WWW@COE
Coe Kohawks,Deuce Walters,offense,35,20,27,2025-12-30,WWW@COE
Coe Kohawks,Deuce Walters,offense,35,15,11,2025-12-30,WWW@COE
Coe Kohawks,TEAM,offense,35,15,144,2025-12-30,WWW@COE
Coe Kohawks,Deuce Walters,offense,30,15,40,2025-12-30,WWW@COE
Coe Kohawks,TEAM,offense,30,15,288,2025-12-30,WWW@COE
Coe Kohawks,Deuce Walters,offense,30,10,66,2025-12-30,WWW@COE
Coe Kohawks,TEAM,offense,30,10,370,2025-12-30,WWW@COE
Coe Kohawks,Deuce Walters,offense,30,5,38,2025-12-30,WWW@COE
Coe Kohawks,TEAM,offense,30,5,260,2025-12-30,WWW@COE
Coe Kohawks,Deuce Walters,offense,35,5,23,2025-12-30,WWW@COE
Coe Kohawks,TEAM,offense,35,5,185,2025-12-30,WWW@COE
UW-Whitewater,Richie Warren,defense,15,40,7,2025-12-30,WWW@COE
UW-Whitewater,TEAM,defense,15,40,35,2025-12-30,WWW@COE
UW-Whitewater,Richie Warren,defense,15,35,2,2025-12-30,WWW@COE
UW-Whitewater,TEAM,defense,15,35,77,2025-12-30,WWW@COE
UW-Whitewater,Richie Warren,defense,20,25,18,2025-12-30,WWW@COE
UW-Whitewater,Richie Warren,defense,30,25,17,2025-12-30,WWW@COE
UW-Whitewater,TEAM,defense,30,25,147,2025-12-30,WWW@COE
UW-Whitewater,Richie Warren,defense,35,30,3,2025-12-30,WWW@COE
UW-Whitewater,Richie Warren,defense,30,20,19,2025-12-30,WWW@COE
UW-Whitewater,Richie Warren,defense,25,20,25,2025-12-30,WWW@COE
UW-Whitewater,TEAM,defense,25,20,264,2025-12-30,WWW@COE
UW-Whitewater,Richie Warren,defense,35,15,3,2025-12-30,WWW@COE
UW-Whitewater,Richie Warren,defense,30,10,26,2025-12-30,WWW@COE
UW-Whitewater,Richie Warren,defense,35,10,20,2025-12-30,WWW@COE
UW-Whitewater,Richie Warren,defense,35,5,10,2025-12-30,WWW@COE
UW-Whitewater,TEAM,defense,35,5,85,2025-12-30,WWW@COE
UW-Whitewater,Richie Warren,defense,30,15,12,2025-12-30,WWW@COE
Coe Kohawks,Cooper Nailor,offense,20,45,5,2025-12-30,WWW@COE
Coe Kohawks,TEAM,offense,20,45,19,2025-12-30,WWW@COE
Coe Kohawks,Cooper Nailor,offense,25,35,44,2025-12-30,WWW@COE
Coe Kohawks,Cooper Nailor,offense,30,35,32,2025-12-30,WWW@COE
Coe Kohawks,TEAM,offense,30,35,210,2025-12-30,WWW@COE
Coe Kohawks,Cooper Nailor,offense,30,30,35,2025-12-30,WWW@COE
Coe Kohawks,Cooper Nailor,offense,35,30,33,2025-12-30,WWW@COE
Coe Kohawks,Cooper Nailor,offense,35,35,15,2025-12-30,WWW@COE
Coe Kohawks,TEAM,offense,35,35,91,2025-12-30,WWW@COE
Coe Kohawks,Kanyon Bryte,offense,0,45,2,2025-12-30,WWW@COE
Coe Kohawks,TEAM,offense,0,45,8,2025-12-30,WWW@COE
Coe Kohawks,Kanyon Bryte,offense,0,25,13,2025-12-30,WWW@COE
Coe Kohawks,Kanyon Bryte,offense,5,25,5,2025-12-30,WWW@COE
Coe Kohawks,Kanyon Bryte,offense,5,30,6,2025-12-30,WWW@COE
Coe Kohawks,TEAM,offense,5,30,23,2025-12-30,WWW@COE
Coe Kohawks,Kanyon Bryte,offense,10,30,17,2025-12-30,WWW@COE
Coe Kohawks,Kanyon Bryte,offense,15,35,11,2025-12-30,WWW@COE
Coe Kohawks,TEAM,offense,15,35,95,2025-12-30,WWW@COE
Coe Kohawks,Kanyon Bryte,offense,20,30,50,2025-12-30,WWW@COE
Coe Kohawks,Kanyon Bryte,offense,15,25,28,2025-12-30,WWW@COE
Coe Kohawks,Kanyon Bryte,offense,20,25,52,2025-12-30,WWW@COE
Coe Kohawks,Kanyon Bryte,offense,25,25,48,2025-12-30,WWW@COE
Coe Kohawks,Kanyon Bryte,offense,35,20,27,2025-12-30,WWW@COE
Coe Kohawks,Kanyon Bryte,offense,30,15,54,2025-12-30,WWW@COE
Coe Kohawks,Kanyon Bryte,offense,25,10,20,2025-12-30,WWW@COE
Coe Kohawks,TEAM,offense,25,10,280,2025-12-30,WWW@COE
Coe Kohawks,Kanyon Bryte,offense,25,5,23,2025-12-30,WWW@COE
Coe Kohawks,TEAM,offense,25,5,183,2025-12-30,WWW@COE
Coe Kohawks,Kanyon Bryte,offense,20,5,26,2025-12-30,WWW@COE
Coe Kohawks,TEAM,offense,20,5,207,2025-12-30,WWW@COE
Coe Kohawks,Kanyon Bryte,offense,15,0,14,2025-12-30,WWW@COE
Coe Kohawks,TEAM,offense,15,0,48,2025-12-30,WWW@COE
Coe Kohawks,Kanyon Bryte,offense,10,0,11,2025-12-30,WWW@COE
Coe Kohawks,TEAM,offense,10,0,71,2025-12-30,WWW@COE
Coe Kohawks,Kanyon Bryte,offense,5,0,6,2025-12-30,WWW@COE
Coe Kohawks,TEAM,offense,5,0,58,2025-12-30,WWW@COE
Coe Kohawks,Kanyon Bryte,offense,0,5,23,2025-12-30,WWW@COE
Coe Kohawks,TEAM,offense,0,5,120,2025-12-30,WWW@COE
Coe Kohawks,Kanyon Bryte,offense,0,10,11,2025-12-30,WWW@COE
Coe Kohawks,Kanyon Bryte,offense,15,15,26,2025-12-30,WWW@COE
Coe Kohawks,Kanyon Bryte,offense,15,20,61,2025-12-30,WWW@COE
UW-Whitewater,Luke Bara,defense,0,40,2,2025-12-30,WWW@COE
UW-Whitewater,TEAM,defense,0,40,23,2025-12-30,WWW@COE
UW-Whitewater,Luke Bara,defense,0,35,1,2025-12-30,WWW@COE
UW-Whitewater,TEAM,defense,0,35,8,2025-12-30,WWW@COE
UW-Whitewater,Luke Bara,defense,10,40,2,2025-12-30,WWW@COE
UW-Whitewater,Luke Bara,defense,15,25,20,2025-12-30,WWW@COE
UW-Whitewater,Luke Bara,defense,10,20,11,2025-12-30,WWW@COE
UW-Whitewater,TEAM,defense,10,20,131,2025-12-30,WWW@COE
UW-Whitewater,Brock Marino,defense,10,30,3,2025-12-30,WWW@COE
UW-Whitewater,Brock Marino,defense,20,25,33,2025-12-30,WWW@COE
UW-Whitewater,Brock Marino,defense,25,25,18,2025-12-30,WWW@COE
UW-Whitewater,Brock Marino,defense,25,20,10,2025-12-30,WWW@COE
UW-Whitewater,Brock Marino,defense,20,20,25,2025-12-30,WWW@COE
UW-Whitewater,Brock Marino,defense,15,20,22,2025-12-30,WWW@COE
UW-Whitewater,Brock Marino,defense,20,15,27,2025-12-30,WWW@COE
UW-Whitewater,Brock Marino,defense,15,15,48,2025-12-30,WWW@COE
UW-Whitewater,Brock Marino,defense,10,15,25,2025-12-30,WWW@COE
UW-Whitewater,TEAM,defense,10,15,173,2025-12-30,WWW@COE
UW-Whitewater,Collin Madson,defense,10,30,7,2025-12-30,WWW@COE
UW-Whitewater,Collin Madson,defense,10,25,8,2025-12-30,WWW@COE
UW-Whitewater,Collin Madson,defense,0,20,115,2025-12-30,WWW@COE
UW-Whitewater,TEAM,defense,0,20,618,2025-12-30,WWW@COE
UW-Whitewater,Collin Madson,defense,0,15,92,2025-12-30,WWW@COE
UW-Whitewater,TEAM,defense,0,15,353,2025-12-30,WWW@COE
UW-Whitewater,Collin Madson,defense,10,15,16,2025-12-30,WWW@COE
UW-Whitewater,Collin Madson,defense,10,10,35,2025-12-30,WWW@COE
UW-Whitewater,TEAM,defense,10,10,309,2025-12-30,WWW@COE
UW-Whitewater,Collin Madson,defense,0,25,94,2025-12-30,WWW@COE
UW-Whitewater,TEAM,defense,0,25,238,2025-12-30,WWW@COE
UW-Whitewater,Collin Madson,defense,5,20,3,2025-12-30,WWW@COE
UW-Whitewater,TEAM,defense,5,20,85,2025-12-30,WWW@COE
Coe Kohawks,C. Reece Breitenbach,offense,20,30,23,2025-12-30,WWW@COE
Coe Kohawks,C. Reece Breitenbach,offense,10,25,19,2025-12-30,WWW@COE
Coe Kohawks,Jackson Bowman,offense,45,10,5,2025-12-30,WWW@COE
Coe Kohawks,TEAM,offense,45,10,135,2025-12-30,WWW@COE
Coe Kohawks,Jackson Bowman,offense,40,10,12,2025-12-30,WWW@COE
Coe Kohawks,TEAM,offense,40,10,102,2025-12-30,WWW@COE
Coe Kohawks,Jackson Bowman,offense,45,5,23,2025-12-30,WWW@COE
Coe Kohawks,TEAM,offense,45,5,93,2025-12-30,WWW@COE
Coe Kohawks,Jackson Bowman,offense,40,5,17,2025-12-30,WWW@COE
Coe Kohawks,TEAM,offense,40,5,71,2025-12-30,WWW@COE
Coe Kohawks,Jackson Bowman,offense,45,0,6,2025-12-30,WWW@COE
Coe Kohawks,TEAM,offense,45,0,30,2025-12-30,WWW@COE
Coe Kohawks,Jackson Bowman,offense,40,0,7,2025-12-30,WWW@COE
Coe Kohawks,TEAM,offense,40,0,30,2025-12-30,WWW@COE
Coe Kohawks,Jackson Bowman,offense,40,15,8,2025-12-30,WWW@COE
Coe Kohawks,Jackson Bowman,offense,40,20,20,2025-12-30,WWW@COE
Coe Kohawks,Jackson Bowman,offense,35,25,39,2025-12-30,WWW@COE
Coe Kohawks,Jackson Bowman,offense,30,25,34,2025-12-30,WWW@COE
Coe Kohawks,Jackson Bowman,offense,25,25,86,2025-12-30,WWW@COE
Coe Kohawks,Jackson Bowman,offense,25,20,63,2025-12-30,WWW@COE
Coe Kohawks,Jackson Bowman,offense,20,15,47,2025-12-30,WWW@COE
Coe Kohawks,Jackson Bowman,offense,15,10,102,2025-12-30,WWW@COE
Coe Kohawks,TEAM,offense,15,10,396,2025-12-30,WWW@COE
Coe Kohawks,Jackson Bowman,offense,5,20,19,2025-12-30,WWW@COE
Coe Kohawks,Jackson Bowman,offense,10,20,26,2025-12-30,WWW@COE
Coe Kohawks,Jackson Bowman,offense,15,30,32,2025-12-30,WWW@COE
Coe Kohawks,TEAM,offense,15,30,187,2025-12-30,WWW@COE
Coe Kohawks,Jackson Bowman,offense,20,30,43,2025-12-30,WWW@COE
Coe Kohawks,Jackson Bowman,offense,30,30,82,2025-12-30,WWW@COE
Coe Kohawks,Jackson Bowman,offense,35,30,16,2025-12-30,WWW@COE
UW-Whitewater,Luke Bara,defense,0,20,87,2025-12-30,WWW@COE
UW-Whitewater,Luke Bara,defense,0,25,30,2025-12-30,WWW@COE
UW-Whitewater,Luke Bara,defense,5,25,30,2025-12-30,WWW@COE
UW-Whitewater,TEAM,defense,5,25,238,2025-12-30,WWW@COE
UW-Whitewater,Luke Bara,defense,0,15,48,2025-12-30,WWW@COE
Coe Kohawks,C. Reece Breitenbach,offense,0,10,1,2025-12-30,WWW@COE
Coe Kohawks,C. Reece Breitenbach,offense,5,15,17,2025-12-30,WWW@COE
Coe Kohawks,C. Reece Breitenbach,offense,25,25,53,2025-12-30,WWW@COE
Coe Kohawks,C. Reece Breitenbach,offense,15,25,30,2025-12-30,WWW@COE
Coe Kohawks,C. Reece Breitenbach,offense,15,30,18,2025-12-30,WWW@COE
Coe Kohawks,C. Reece Breitenbach,offense,25,30,43,2025-12-30,WWW@COE
Coe Kohawks,C. Reece Breitenbach,offense,30,30,16,2025-12-30,WWW@COE
Coe Kohawks,C. Reece Breitenbach,offense,35,30,24,2025-12-30,WWW@COE
Coe Kohawks,C. Reece Breitenbach,offense,35,25,25,2025-12-30,WWW@COE
Coe Kohawks,C. Reece Breitenbach,offense,35,15,23,2025-12-30,WWW@COE
Coe Kohawks,C. Reece Breitenbach,offense,40,10,9,2025-12-30,WWW@COE
Coe Kohawks,C. Reece Breitenbach,offense,45,10,10,2025-12-30,WWW@COE
Coe Kohawks,C. Reece Breitenbach,offense,45,5,25,2025-12-30,WWW@COE
Coe Kohawks,C. Reece Breitenbach,offense,45,20,5,2025-12-30,WWW@COE
Coe Kohawks,TEAM,offense,45,20,94,2025-12-30,WWW@COE
Coe Kohawks,C. Reece Breitenbach,offense,40,25,10,2025-12-30,WWW@COE
Coe Kohawks,C. Reece Breitenbach,offense,30,25,24,2025-12-30,WWW@COE
Coe Kohawks,C. Reece Breitenbach,offense,25,35,10,2025-12-30,WWW@COE
UW-Whitewater,Brock Marino,defense,10,10,38,2025-12-30,WWW@COE
UW-Whitewater,Brock Marino,defense,20,10,36,2025-12-30,WWW@COE
UW-Whitewater,Brock Marino,defense,15,10,36,2025-12-30,WWW@COE
UW-Whitewater,TEAM,defense,15,10,396,2025-12-30,WWW@COE
UW-Whitewater,Brock Marino,defense,15,5,20,2025-12-30,WWW@COE
UW-Whitewater,TEAM,defense,15,5,234,2025-12-30,WWW@COE
UW-Whitewater,Brock Marino,defense,10,20,10,2025-12-30,WWW@COE
UW-Whitewater,Brock Marino,defense,10,25,4,2025-12-30,WWW@COE
Coe Kohawks,Cooper Nailor,offense,10,5,15,2025-12-30,WWW@COE
Coe Kohawks,Cooper Nailor,offense,5,5,25,2025-12-30,WWW@COE
Coe Kohawks,Cooper Nailor,offense,10,10,14,2025-12-30,WWW@COE
Coe Kohawks,TEAM,offense,10,10,99,2025-12-30,WWW@COE
Coe Kohawks,Cooper Nailor,offense,15,10,73,2025-12-30,WWW@COE
Coe Kohawks,Cooper Nailor,offense,15,15,49,2025-12-30,WWW@COE
Coe Kohawks,Cooper Nailor,offense,20,20,100,2025-12-30,WWW@COE
Coe Kohawks,Cooper Nailor,offense,25,20,131,2025-12-30,WWW@COE
UW-Whitewater,Joey Berezowitz,defense,20,15,26,2025-12-30,WWW@COE
UW-Whitewater,Joey Berezowitz,defense,20,10,19,2025-12-30,WWW@COE
UW-Whitewater,Joey Berezowitz,defense,15,10,26,2025-12-30,WWW@COE
UW-Whitewater,Joey Berezowitz,defense,25,20,22,2025-12-30,WWW@COE
UW-Whitewater,Joey Berezowitz,defense,25,0,13,2025-12-30,WWW@COE
UW-Whitewater,TEAM,defense,25,0,76,2025-12-30,WWW@COE
Coe Kohawks,Cooper Nailor,defense,25,40,13,2025-12-30,WWW@COE
Coe Kohawks,Cooper Nailor,defense,30,35,16,2025-12-30,WWW@COE
Coe Kohawks,TEAM,defense,30,35,65,2025-12-30,WWW@COE
Coe Kohawks,Cooper Nailor,defense,30,30,42,2025-12-30,WWW@COE
UW-Whitewater,Richie Warren,offense,5,45,3,2025-12-30,WWW@COE
UW-Whitewater,TEAM,offense,5,45,11,2025-12-30,WWW@COE
UW-Whitewater,Richie Warren,offense,10,45,1,2025-12-30,WWW@COE
UW-Whitewater,TEAM,offense,10,45,10,2025-12-30,WWW@COE
Coe Kohawks,Deuce Walters,defense,25,45,2,2025-12-30,WWW@COE
Coe Kohawks,Deuce Walters,defense,20,40,10,2025-12-30,WWW@COE
Coe Kohawks,Deuce Walters,defense,10,35,10,2025-12-30,WWW@COE
Coe Kohawks,TEAM,defense,10,35,14,2025-12-30,WWW@COE
Coe Kohawks,Deuce Walters,defense,15,25,50,2025-12-30,WWW@COE
Coe Kohawks,Deuce Walters,defense,5,5,4,2025-12-30,WWW@COE
Coe Kohawks,Jackson Bowman,defense,35,45,8,2025-12-30,WWW@COE
Coe Kohawks,Jackson Bowman,defense,30,35,13,2025-12-30,WWW@COE
Coe Kohawks,Jackson Bowman,defense,30,30,21,2025-12-30,WWW@COE
Coe Kohawks,Jackson Bowman,defense,30,25,22,2025-12-30,WWW@COE
Coe Kohawks,TEAM,defense,30,25,178,2025-12-30,WWW@COE
Coe Kohawks,Jackson Bowman,defense,30,20,23,2025-12-30,WWW@COE
Coe Kohawks,Jackson Bowman,defense,20,10,85,2025-12-30,WWW@COE
Coe Kohawks,Jackson Bowman,defense,10,15,60,2025-12-30,WWW@COE
Coe Kohawks,Jackson Bowman,defense,15,20,53,2025-12-30,WWW@COE
Coe Kohawks,Kanyon Bryte,defense,35,25,26,2025-12-30,WWW@COE
Coe Kohawks,Kanyon Bryte,defense,35,20,21,2025-12-30,WWW@COE
Coe Kohawks,Kanyon Bryte,defense,30,5,25,2025-12-30,WWW@COE
Coe Kohawks,Kanyon Bryte,defense,35,0,2,2025-12-30,WWW@COE
Coe Kohawks,TEAM,defense,35,0,31,2025-12-30,WWW@COE
Coe Kohawks,Kanyon Bryte,defense,30,0,7,2025-12-30,WWW@COE
Coe Kohawks,TEAM,defense,30,0,74,2025-12-30,WWW@COE
UW-Whitewater,Collin Madson,offense,35,30,3,2025-12-30,WWW@COE
UW-Whitewater,TEAM,offense,35,30,78,2025-12-30,WWW@COE
UW-Whitewater,Collin Madson,offense,40,25,17,2025-12-30,WWW@COE
UW-Whitewater,Brock Marino,offense,40,25,4,2025-12-30,WWW@COE
UW-Whitewater,Brock Marino,offense,40,35,2,2025-12-30,WWW@COE
UW-Whitewater,TEAM,offense,40,35,21,2025-12-30,WWW@COE
UW-Whitewater,Brock Marino,offense,40,30,3,2025-12-30,WWW@COE
UW-Whitewater,Brock Marino,offense,35,25,4,2025-12-30,WWW@COE
UW-Whitewater,Brock Marino,offense,30,30,12,2025-12-30,WWW@COE
Coe Kohawks,C. Reece Breitenbach,defense,10,30,5,2025-12-30,WWW@COE
Coe Kohawks,C. Reece Breitenbach,defense,5,30,2,2025-12-30,WWW@COE
Coe Kohawks,TEAM,defense,5,30,15,2025-12-30,WWW@COE
Coe Kohawks,C. Reece Breitenbach,defense,5,25,4,2025-12-30,WWW@COE
Coe Kohawks,TEAM,defense,5,25,21,2025-12-30,WWW@COE
Coe Kohawks,C. Reece Breitenbach,defense,5,15,9,2025-12-30,WWW@COE
Coe Kohawks,C. Reece Breitenbach,defense,10,10,24,2025-12-30,WWW@COE
Coe Kohawks,C. Reece Breitenbach,defense,20,5,24,2025-12-30,WWW@COE
Coe Kohawks,TEAM,defense,20,5,351,2025-12-30,WWW@COE
UW-Whitewater,Joey Berezowitz,offense,5,30,7,2025-12-30,WWW@COE
UW-Whitewater,TEAM,offense,5,30,52,2025-12-30,WWW@COE
UW-Whitewater,Luke Bara,offense,5,40,3,2025-12-30,WWW@COE
UW-Whitewater,TEAM,offense,5,40,21,2025-12-30,WWW@COE
UW-Whitewater,Luke Bara,offense,5,35,5,2025-12-30,WWW@COE
UW-Whitewater,TEAM,offense,5,35,36,2025-12-30,WWW@COE
UW-Whitewater,Luke Bara,offense,0,30,2,2025-12-30,WWW@COE
UW-Whitewater,TEAM,offense,0,30,41,2025-12-30,WWW@COE
UW-Whitewater,Luke Bara,offense,0,25,7,2025-12-30,WWW@COE
UW-Whitewater,TEAM,offense,0,25,147,2025-12-30,WWW@COE
UW-Whitewater,Luke Bara,offense,0,20,22,2025-12-30,WWW@COE
UW-Whitewater,TEAM,offense,0,20,740,2025-12-30,WWW@COE
UW-Whitewater,Joey Berezowitz,offense,10,40,4,2025-12-30,WWW@COE
UW-Whitewater,Joey Berezowitz,offense,10,35,10,2025-12-30,WWW@COE
UW-Whitewater,Joey Berezowitz,offense,0,20,2,2025-12-30,WWW@COE
UW-Whitewater,Joey Berezowitz,offense,0,15,3,2025-12-30,WWW@COE
UW-Whitewater,Joey Berezowitz,offense,0,10,10,2025-12-30,WWW@COE
UW-Whitewater,TEAM,offense,0,10,124,2025-12-30,WWW@COE
Coe Kohawks,Cooper Nailor,defense,25,30,66,2025-12-30,WWW@COE
Coe Kohawks,Cooper Nailor,defense,30,25,25,2025-12-30,WWW@COE
UW-Whitewater,Luke Bara,offense,45,25,5,2025-12-30,WWW@COE
UW-Whitewater,TEAM,offense,45,25,24,2025-12-30,WWW@COE
UW-Whitewater,Luke Bara,offense,45,5,2,2025-12-30,WWW@COE
UW-Whitewater,TEAM,offense,45,5,50,2025-12-30,WWW@COE
UW-Whitewater,Luke Bara,offense,45,10,1,2025-12-30,WWW@COE
UW-Whitewater,Joey Berezowitz,offense,0,25,3,2025-12-30,WWW@COE
UW-Whitewater,Joey Berezowitz,offense,10,5,3,2025-12-30,WWW@COE
UW-Whitewater,Joey Berezowitz,offense,10,10,1,2025-12-30,WWW@COE
UW-Whitewater,TEAM,offense,10,10,95,2025-12-30,WWW@COE
UW-Whitewater,Richie Warren,offense,10,10,4,2025-12-30,WWW@COE
UW-Whitewater,Richie Warren,offense,20,15,5,2025-12-30,WWW@COE
UW-Whitewater,Richie Warren,offense,20,10,6,2025-12-30,WWW@COE
UW-Whitewater,Richie Warren,offense,30,15,6,2025-12-30,WWW@COE
Coe Kohawks,Cooper Nailor,defense,30,20,58,2025-12-30,WWW@COE
Coe Kohawks,Cooper Nailor,defense,35,15,47,2025-12-30,WWW@COE
UW-Whitewater,Collin Madson,offense,20,10,10,2025-12-30,WWW@COE
UW-Whitewater,Luke Bara,offense,40,10,7,2025-12-30,WWW@COE
UW-Whitewater,Luke Bara,offense,45,15,1,2025-12-30,WWW@COE
UW-Whitewater,TEAM,offense,45,15,67,2025-12-30,WWW@COE
UW-Whitewater,Luke Bara,offense,20,25,30,2025-12-30,WWW@COE
Coe Kohawks,Kanyon Bryte,defense,25,5,58,2025-12-30,WWW@COE
Coe Kohawks,Deuce Walters,defense,25,35,14,2025-12-30,WWW@COE
UW-Whitewater,Joey Berezowitz,defense,40,20,13,2025-12-30,WWW@COE
UW-Whitewater,TEAM,defense,40,20,65,2025-12-30,WWW@COE
UW-Whitewater,Joey Berezowitz,defense,40,15,20,2025-12-30,WWW@COE
UW-Whitewater,TEAM,defense,40,15,95,2025-12-30,WWW@COE
UW-Whitewater,Joey Berezowitz,defense,30,5,35,2025-12-30,WWW@COE
UW-Whitewater,Joey Berezowitz,defense,20,5,16,2025-12-30,WWW@COE
UW-Whitewater,TEAM,defense,20,5,305,2025-12-30,WWW@COE
Coe Kohawks,Cooper Nailor,offense,5,40,10,2025-12-30,WWW@COE
Coe Kohawks,TEAM,offense,5,40,24,2025-12-30,WWW@COE
Coe Kohawks,Cooper Nailor,offense,10,35,6,2025-12-30,WWW@COE
Coe Kohawks,Cooper Nailor,offense,15,30,34,2025-12-30,WWW@COE
Coe Kohawks,Cooper Nailor,offense,15,25,56,2025-12-30,WWW@COE
Coe Kohawks,Cooper Nailor,offense,20,25,71,2025-12-30,WWW@COE
Coe Kohawks,Cooper Nailor,offense,25,15,66,2025-12-30,WWW@COE
Coe Kohawks,TEAM,offense,25,15,308,2025-12-30,WWW@COE
Coe Kohawks,Cooper Nailor,offense,45,15,28,2025-12-30,WWW@COE
Coe Kohawks,Cooper Nailor,offense,45,20,19,2025-12-30,WWW@COE
Coe Kohawks,Cooper Nailor,offense,40,20,37,2025-12-30,WWW@COE
Coe Kohawks,Cooper Nailor,offense,35,25,32,2025-12-30,WWW@COE
UW-Whitewater,Richie Warren,defense,30,40,2,2025-12-30,WWW@COE
UW-Whitewater,TEAM,defense,30,40,31,2025-12-30,WWW@COE
UW-Whitewater,Richie Warren,defense,25,5,19,2025-12-30,WWW@COE
UW-Whitewater,Richie Warren,defense,30,0,5,2025-12-30,WWW@COE
UW-Whitewater,TEAM,defense,30,0,87,2025-12-30,WWW@COE
UW-Whitewater,Richie Warren,defense,25,0,8,2025-12-30,WWW@COE
UW-Whitewater,Richie Warren,defense,15,0,5,2025-12-30,WWW@COE
UW-Whitewater,TEAM,defense,15,0,101,2025-12-30,WWW@COE
UW-Whitewater,Luke Bara,defense,15,30,5,2025-12-30,WWW@COE
UW-Whitewater,TEAM,defense,15,30,68,2025-12-30,WWW@COE
UW-Whitewater,Luke Bara,defense,15,15,45,2025-12-30,WWW@COE
UW-Whitewater,Luke Bara,defense,20,15,38,2025-12-30,WWW@COE
UW-Whitewater,Luke Bara,defense,25,15,15,2025-12-30,WWW@COE
UW-Whitewater,Luke Bara,defense,20,5,42,2025-12-30,WWW@COE
UW-Whitewater,Luke Bara,defense,25,5,31,2025-12-30,WWW@COE
UW-Whitewater,Luke Bara,defense,35,10,12,2025-12-30,WWW@COE
UW-Whitewater,Luke Bara,defense,35,15,18,2025-12-30,WWW@COE
UW-Whitewater,Collin Madson,defense,30,45,1,2025-12-30,WWW@COE
UW-Whitewater,TEAM,defense,30,45,11,2025-12-30,WWW@COE
UW-Whitewater,Collin Madson,defense,35,30,5,2025-12-30,WWW@COE
UW-Whitewater,Collin Madson,defense,35,25,13,2025-12-30,WWW@COE
UW-Whitewater,Collin Madson,defense,35,20,5,2025-12-30,WWW@COE
UW-Whitewater,Collin Madson,defense,40,20,4,2025-12-30,WWW@COE
UW-Whitewater,Collin Madson,defense,40,15,4,2025-12-30,WWW@COE
UW-Whitewater,Collin Madson,defense,40,10,3,2025-12-30,WWW@COE
UW-Whitewater,TEAM,defense,40,10,75,2025-12-30,WWW@COE
UW-Whitewater,Collin Madson,defense,45,10,3,2025-12-30,WWW@COE
UW-Whitewater,TEAM,defense,45,10,35,2025-12-30,WWW@COE
UW-Whitewater,Collin Madson,defense,45,15,2,2025-12-30,WWW@COE
UW-Whitewater,TEAM,defense,45,15,24,2025-12-30,WWW@COE
UW-Whitewater,Collin Madson,defense,30,25,8,2025-12-30,WWW@COE
UW-Whitewater,Collin Madson,defense,30,30,7,2025-12-30,WWW@COE
UW-Whitewater,Collin Madson,defense,25,30,10,2025-12-30,WWW@COE
UW-Whitewater,Collin Madson,defense,20,30,5,2025-12-30,WWW@COE
Coe Kohawks,Kanyon Bryte,offense,10,15,11,2025-12-30,WWW@COE
Coe Kohawks,TEAM,offense,10,15,107,2025-12-30,WWW@COE
Coe Kohawks,Kanyon Bryte,offense,10,10,8,2025-12-30,WWW@COE
Coe Kohawks,Kanyon Bryte,offense,5,15,16,2025-12-30,WWW@COE
Coe Kohawks,Kanyon Bryte,offense,20,10,34,2025-12-30,WWW@COE
Coe Kohawks,TEAM,offense,20,10,272,2025-12-30,WWW@COE
Coe Kohawks,Deuce Walters,offense,35,35,15,2025-12-30,WWW@COE
Coe Kohawks,Deuce Walters,offense,35,30,39,2025-12-30,WWW@COE
Coe Kohawks,Deuce Walters,offense,40,30,27,2025-12-30,WWW@COE
Coe Kohawks,TEAM,offense,40,30,93,2025-12-30,WWW@COE
Coe Kohawks,Deuce Walters,offense,25,15,36,2025-12-30,WWW@COE
Coe Kohawks,Deuce Walters,offense,35,10,26,2025-12-30,WWW@COE
Coe Kohawks,TEAM,offense,35,10,182,2025-12-30,WWW@COE
Coe Kohawks,Deuce Walters,offense,25,0,15,2025-12-30,WWW@COE
Coe Kohawks,TEAM,offense,25,0,60,2025-12-30,WWW@COE
Coe Kohawks,C. Reece Breitenbach,offense,10,20,30,2025-12-30,WWW@COE
Coe Kohawks,C. Reece Breitenbach,offense,15,10,25,2025-12-30,WWW@COE
Coe Kohawks,C. Reece Breitenbach,offense,15,15,13,2025-12-30,WWW@COE
Coe Kohawks,C. Reece Breitenbach,offense,10,15,14,2025-12-30,WWW@COE
Coe Kohawks,C. Reece Breitenbach,offense,20,15,30,2025-12-30,WWW@COE
UW-Whitewater,Brock Marino,defense,5,5,3,2025-12-30,WWW@COE
UW-Whitewater,TEAM,defense,5,5,63,2025-12-30,WWW@COE
Coe Kohawks,Jackson Bowman,offense,45,20,4,2025-12-30,WWW@COE
Coe Kohawks,Jackson Bowman,offense,45,25,2,2025-12-30,WWW@COE
Coe Kohawks,TEAM,offense,45,25,44,2025-12-30,WWW@COE
Coe Kohawks,Jackson Bowman,offense,40,30,16,2025-12-30,WWW@COE
Coe Kohawks,Jackson Bowman,offense,45,30,2,2025-12-30,WWW@COE
Coe Kohawks,TEAM,offense,45,30,37,2025-12-30,WWW@COE
Coe Kohawks,Jackson Bowman,offense,40,35,5,2025-12-30,WWW@COE
Coe Kohawks,TEAM,offense,40,35,72,2025-12-30,WWW@COE
Coe Kohawks,Jackson Bowman,offense,35,35,8,2025-12-30,WWW@COE
Coe Kohawks,Jackson Bowman,offense,35,40,6,2025-12-30,WWW@COE
Coe Kohawks,TEAM,offense,35,40,55,2025-12-30,WWW@COE
Coe Kohawks,Jackson Bowman,offense,35,15,11,2025-12-30,WWW@COE
Coe Kohawks,Jackson Bowman,offense,35,20,24,2025-12-30,WWW@COE
UW-Whitewater,Brock Marino,defense,40,20,4,2025-12-30,WWW@COE
UW-Whitewater,Brock Marino,defense,35,20,11,2025-12-30,WWW@COE
UW-Whitewater,Brock Marino,defense,35,25,16,2025-12-30,WWW@COE
UW-Whitewater,Brock Marino,defense,40,25,5,2025-12-30,WWW@COE
UW-Whitewater,TEAM,defense,40,25,47,2025-12-30,WWW@COE
UW-Whitewater,Brock Marino,defense,30,25,1,2025-12-30,WWW@COE
Coe Kohawks,Cooper Nailor,offense,20,10,38,2025-12-30,WWW@COE
Coe Kohawks,Cooper Nailor,offense,20,15,43,2025-12-30,WWW@COE
UW-Whitewater,Collin Madson,defense,25,5,42,2025-12-30,WWW@COE
UW-Whitewater,Collin Madson,defense,30,5,27,2025-12-30,WWW@COE
UW-Whitewater,Collin Madson,defense,30,15,25,2025-12-30,WWW@COE
UW-Whitewater,Collin Madson,defense,30,20,35,2025-12-30,WWW@COE
UW-Whitewater,Luke Bara,defense,30,15,17,2025-12-30,WWW@COE
UW-Whitewater,Luke Bara,defense,30,20,20,2025-12-30,WWW@COE
Coe Kohawks,Jackson Bowman,defense,15,45,2,2025-12-30,WWW@COE
Coe Kohawks,TEAM,defense,15,45,12,2025-12-30,WWW@COE
Coe Kohawks,Jackson Bowman,defense,15,40,4,2025-12-30,WWW@COE
Coe Kohawks,Jackson Bowman,defense,20,35,38,2025-12-30,WWW@COE
Coe Kohawks,Jackson Bowman,defense,15,35,11,2025-12-30,WWW@COE
Coe Kohawks,Jackson Bowman,defense,15,30,31,2025-12-30,WWW@COE
Coe Kohawks,Jackson Bowman,defense,10,30,6,2025-12-30,WWW@COE
Coe Kohawks,Jackson Bowman,defense,10,25,11,2025-12-30,WWW@COE
UW-Whitewater,Richie Warren,offense,20,40,5,2025-12-30,WWW@COE
UW-Whitewater,Joey Berezowitz,offense,35,40,5,2025-12-30,WWW@COE
UW-Whitewater,Joey Berezowitz,offense,30,35,4,2025-12-30,WWW@COE
UW-Whitewater,Joey Berezowitz,offense,30,10,9,2025-12-30,WWW@COE
UW-Whitewater,Joey Berezowitz,offense,30,0,2,2025-12-30,WWW@COE
UW-Whitewater,TEAM,offense,30,0,38,2025-12-30,WWW@COE
UW-Whitewater,Luke Bara,offense,20,45,2,2025-12-30,WWW@COE
UW-Whitewater,TEAM,offense,20,45,10,2025-12-30,WWW@COE
UW-Whitewater,Brock Marino,offense,35,45,2,2025-12-30,WWW@COE
UW-Whitewater,TEAM,offense,35,45,17,2025-12-30,WWW@COE
UW-Whitewater,Brock Marino,offense,35,40,1,2025-12-30,WWW@COE
Coe Kohawks,Kanyon Bryte,defense,30,25,51,2025-12-30,WWW@COE
Coe Kohawks,Kanyon Bryte,defense,20,5,36,2025-12-30,WWW@COE
UW-Whitewater,Richie Warren,offense,5,40,2,2025-12-30,WWW@COE
UW-Whitewater,Richie Warren,offense,10,20,4,2025-12-30,WWW@COE
UW-Whitewater,Richie Warren,offense,15,20,6,2025-12-30,WWW@COE
Coe Kohawks,Deuce Walters,defense,25,40,10,2025-12-30,WWW@COE
Coe Kohawks,Deuce Walters,defense,30,35,10,2025-12-30,WWW@COE
Coe Kohawks,Deuce Walters,defense,30,30,14,2025-12-30,WWW@COE
Coe Kohawks,Deuce Walters,defense,30,5,43,2025-12-30,WWW@COE
Coe Kohawks,Deuce Walters,defense,30,10,130,2025-12-30,WWW@COE
Coe Kohawks,Deuce Walters,defense,15,5,44,2025-12-30,WWW@COE
Coe Kohawks,Deuce Walters,defense,15,0,12,2025-12-30,WWW@COE
Coe Kohawks,TEAM,defense,15,0,84,2025-12-30,WWW@COE
UW-Whitewater,Luke Bara,offense,35,25,7,2025-12-30,WWW@COE
Coe Kohawks,C. Reece Breitenbach,defense,35,45,1,2025-12-30,WWW@COE
Coe Kohawks,C. Reece Breitenbach,defense,35,40,3,2025-12-30,WWW@COE
UW-Whitewater,Collin Madson,offense,0,30,3,2025-12-30,WWW@COE
UW-Whitewater,Collin Madson,offense,5,35,5,2025-12-30,WWW@COE
UW-Whitewater,Collin Madson,offense,5,40,2,2025-12-30,WWW@COE
UW-Whitewater,Collin Madson,offense,10,40,1,2025-12-30,WWW@COE
Coe Kohawks,Cooper Nailor,defense,10,20,21,2025-12-30,WWW@COE
Coe Kohawks,Cooper Nailor,defense,15,10,89,2025-12-30,WWW@COE
UW-Whitewater,Collin Madson,offense,20,15,22,2025-12-30,WWW@COE
Coe Kohawks,Jackson Bowman,defense,25,0,13,2025-12-30,WWW@COE
Coe Kohawks,Jackson Bowman,defense,15,0,20,2025-12-30,WWW@COE
UW-Whitewater,Collin Madson,defense,35,40,2,2025-12-30,WWW@COE
UW-Whitewater,Collin Madson,defense,35,35,7,2025-12-30,WWW@COE
UW-Whitewater,TEAM,defense,35,35,51,2025-12-30,WWW@COE
UW-Whitewater,Collin Madson,defense,30,35,6,2025-12-30,WWW@COE
Coe Kohawks,Jackson Bowman,offense,40,45,3,2025-12-30,WWW@COE
Coe Kohawks,TEAM,offense,40,45,13,2025-12-30,WWW@COE
Coe Kohawks,Deuce Walters,offense,15,45,3,2025-12-30,WWW@COE
Coe Kohawks,TEAM,offense,15,45,16,2025-12-30,WWW@COE
Coe Kohawks,Deuce Walters,offense,15,35,11,2025-12-30,WWW@COE
Coe Kohawks,Deuce Walters,offense,25,30,17,2025-12-30,WWW@COE
Coe Kohawks,Deuce Walters,offense,20,15,20,2025-12-30,WWW@COE
Coe Kohawks,Cooper Nailor,offense,40,40,2,2025-12-30,WWW@COE
Coe Kohawks,TEAM,offense,40,40,54,2025-12-30,WWW@COE
Coe Kohawks,Cooper Nailor,offense,20,35,20,2025-12-30,WWW@COE
Coe Kohawks,Cooper Nailor,offense,25,30,55,2025-12-30,WWW@COE
Coe Kohawks,Cooper Nailor,offense,25,25,68,2025-12-30,WWW@COE
Coe Kohawks,Cooper Nailor,offense,40,15,21,2025-12-30,WWW@COE
Coe Kohawks,Cooper Nailor,offense,40,25,48,2025-12-30,WWW@COE
Coe Kohawks,Kanyon Bryte,offense,25,35,17,2025-12-30,WWW@COE
Coe Kohawks,Kanyon Bryte,offense,25,30,40,2025-12-30,WWW@COE
Coe Kohawks,C. Reece Breitenbach,offense,0,30,1,2025-12-30,WWW@COE
Coe Kohawks,C. Reece Breitenbach,offense,0,25,3,2025-12-30,WWW@COE
Coe Kohawks,C. Reece Breitenbach,offense,0,20,1,2025-12-30,WWW@COE
Coe Kohawks,C. Reece Breitenbach,offense,35,35,8,2025-12-30,WWW@COE
Coe Kohawks,C. Reece Breitenbach,offense,30,15,26,2025-12-30,WWW@COE
UW-Whitewater,Richie Warren,defense,10,20,13,2025-12-30,WWW@COE
UW-Whitewater,Richie Warren,defense,10,15,6,2025-12-30,WWW@COE
UW-Whitewater,Richie Warren,defense,0,10,21,2025-12-30,WWW@COE
UW-Whitewater,TEAM,defense,0,10,92,2025-12-30,WWW@COE
UW-Whitewater,Richie Warren,defense,0,5,5,2025-12-30,WWW@COE
UW-Whitewater,TEAM,defense,0,5,49,2025-12-30,WWW@COE
UW-Whitewater,Richie Warren,defense,5,5,2,2025-12-30,WWW@COE
UW-Whitewater,Richie Warren,defense,15,10,21,2025-12-30,WWW@COE
UW-Whitewater,Richie Warren,defense,20,10,22,2025-12-30,WWW@COE
UW-Whitewater,Joey Berezowitz,defense,10,20,12,2025-12-30,WWW@COE
UW-Whitewater,Joey Berezowitz,defense,10,15,12,2025-12-30,WWW@COE
UW-Whitewater,Joey Berezowitz,defense,10,10,22,2025-12-30,WWW@COE
UW-Whitewater,Joey Berezowitz,defense,5,15,8,2025-12-30,WWW@COE
UW-Whitewater,TEAM,defense,5,15,79,2025-12-30,WWW@COE
UW-Whitewater,Luke Bara,defense,20,40,2,2025-12-30,WWW@COE
UW-Whitewater,Luke Bara,defense,25,40,1,2025-12-30,WWW@COE
UW-Whitewater,TEAM,defense,25,40,23,2025-12-30,WWW@COE
UW-Whitewater,Luke Bara,defense,25,35,9,2025-12-30,WWW@COE
UW-Whitewater,TEAM,defense,25,35,70,2025-12-30,WWW@COE
UW-Whitewater,Luke Bara,defense,20,30,7,2025-12-30,WWW@COE
UW-Whitewater,Luke Bara,defense,20,25,32,2025-12-30,WWW@COE
UW-Whitewater,Luke Bara,defense,20,35,2,2025-12-30,WWW@COE
UW-Whitewater,Luke Bara,defense,10,35,9,2025-12-30,WWW@COE
UW-Whitewater,Luke Bara,defense,15,35,8,2025-12-30,WWW@COE
UW-Whitewater,Luke Bara,defense,15,20,15,2025-12-30,WWW@COE
UW-Whitewater,Luke Bara,defense,25,20,17,2025-12-30,WWW@COE
Coe Kohawks,Kanyon Bryte,offense,40,40,7,2025-12-30,WWW@COE
Coe Kohawks,Kanyon Bryte,offense,35,40,11,2025-12-30,WWW@COE
Coe Kohawks,Kanyon Bryte,offense,35,35,11,2025-12-30,WWW@COE
Coe Kohawks,Kanyon Bryte,offense,20,35,26,2025-12-30,WWW@COE
Coe Kohawks,Kanyon Bryte,offense,25,40,9,2025-12-30,WWW@COE
Coe Kohawks,TEAM,offense,25,40,139,2025-12-30,WWW@COE
Coe Kohawks,Kanyon Bryte,offense,15,30,17,2025-12-30,WWW@COE
Coe Kohawks,Kanyon Bryte,offense,10,25,27,2025-12-30,WWW@COE
Coe Kohawks,Jackson Bowman,offense,30,20,73,2025-12-30,WWW@COE
Coe Kohawks,TEAM,offense,30,20,342,2025-12-30,WWW@COE
Coe Kohawks,Jackson Bowman,offense,25,15,46,2025-12-30,WWW@COE
Coe Kohawks,Jackson Bowman,offense,25,10,32,2025-12-30,WWW@COE
Coe Kohawks,Jackson Bowman,offense,30,10,34,2025-12-30,WWW@COE
Coe Kohawks,Jackson Bowman,offense,30,5,19,2025-12-30,WWW@COE
Coe Kohawks,Jackson Bowman,offense,25,5,28,2025-12-30,WWW@COE
Coe Kohawks,Jackson Bowman,offense,30,15,36,2025-12-30,WWW@COE
Coe Kohawks,Jackson Bowman,offense,35,0,3,2025-12-30,WWW@COE
Coe Kohawks,TEAM,offense,35,0,50,2025-12-30,WWW@COE
UW-Whitewater,Brock Marino,defense,40,10,8,2025-12-30,WWW@COE
UW-Whitewater,Brock Marino,defense,35,15,14,2025-12-30,WWW@COE
UW-Whitewater,Brock Marino,defense,35,10,19,2025-12-30,WWW@COE
UW-Whitewater,Brock Marino,defense,35,5,10,2025-12-30,WWW@COE
UW-Whitewater,Joey Berezowitz,defense,10,5,7,2025-12-30,WWW@COE
UW-Whitewater,TEAM,defense,10,5,132,2025-12-30,WWW@COE
UW-Whitewater,Joey Berezowitz,defense,40,5,7,2025-12-30,WWW@COE
UW-Whitewater,TEAM,defense,40,5,33,2025-12-30,WWW@COE
UW-Whitewater,Joey Berezowitz,defense,45,10,3,2025-12-30,WWW@COE
UW-Whitewater,Joey Berezowitz,defense,45,5,1,2025-12-30,WWW@COE
UW-Whitewater,TEAM,defense,45,5,20,2025-12-30,WWW@COE
Coe Kohawks,C. Reece Breitenbach,offense,15,5,89,2025-12-30,WWW@COE
Coe Kohawks,TEAM,offense,15,5,337,2025-12-30,WWW@COE
Coe Kohawks,C. Reece Breitenbach,offense,20,5,16,2025-12-30,WWW@COE
Coe Kohawks,C. Reece Breitenbach,offense,20,10,27,2025-12-30,WWW@COE
Coe Kohawks,C. Reece Breitenbach,offense,20,20,48,2025-12-30,WWW@COE
Coe Kohawks,C. Reece Breitenbach,offense,25,20,25,2025-12-30,WWW@COE
UW-Whitewater,Luke Bara,defense,15,5,35,2025-12-30,WWW@COE
UW-Whitewater,Luke Bara,defense,15,10,59,2025-12-30,WWW@COE
UW-Whitewater,Luke Bara,defense,5,30,3,2025-12-30,WWW@COE
UW-Whitewater,TEAM,defense,5,30,30,2025-12-30,WWW@COE
UW-Whitewater,Luke Bara,defense,10,25,7,2025-12-30,WWW@COE
UW-Whitewater,Luke Bara,defense,5,0,1,2025-12-30,WWW@COE
UW-Whitewater,TEAM,defense,5,0,21,2025-12-30,WWW@COE
UW-Whitewater,Richie Warren,defense,15,5,11,2025-12-30,WWW@COE
UW-Whitewater,Richie Warren,defense,10,10,18,2025-12-30,WWW@COE
UW-Whitewater,Richie Warren,defense,15,15,26,2025-12-30,WWW@COE
UW-Whitewater,Richie Warren,defense,10,25,10,2025-12-30,WWW@COE
Coe Kohawks,Jackson Bowman,defense,10,45,1,2025-12-30,WWW@COE
Coe Kohawks,Cooper Nailor,defense,25,25,90,2025-12-30,WWW@COE
UW-Whitewater,Richie Warren,offense,25,10,9,2025-12-30,WWW@COE
UW-Whitewater,Richie Warren,offense,20,5,8,2025-12-30,WWW@COE
UW-Whitewater,TEAM,offense,20,5,141,2025-12-30,WWW@COE
Coe Kohawks,Jackson Bowman,defense,20,25,58,2025-12-30,WWW@COE
Coe Kohawks,Jackson Bowman,defense,15,10,142,2025-12-30,WWW@COE
Coe Kohawks,Jackson Bowman,defense,15,5,86,2025-12-30,WWW@COE
UW-Whitewater,Collin Madson,offense,5,30,1,2025-12-30,WWW@COE
UW-Whitewater,Collin Madson,offense,10,25,25,2025-12-30,WWW@COE
UW-Whitewater,Collin Madson,offense,15,25,13,2025-12-30,WWW@COE
UW-Whitewater,Collin Madson,offense,5,20,23,2025-12-30,WWW@COE
UW-Whitewater,Collin Madson,offense,5,15,15,2025-12-30,WWW@COE
UW-Whitewater,Collin Madson,offense,15,20,16,2025-12-30,WWW@COE
Coe Kohawks,Deuce Walters,defense,15,10,45,2025-12-30,WWW@COE
Coe Kohawks,Kanyon Bryte,defense,15,10,133,2025-12-30,WWW@COE
Coe Kohawks,C. Reece Breitenbach,defense,35,15,23,2025-12-30,WWW@COE
UW-Whitewater,Joey Berezowitz,offense,25,35,4,2025-12-30,WWW@COE
UW-Whitewater,Brock Marino,offense,35,0,1,2025-12-30,WWW@COE
UW-Whitewater,TEAM,offense,35,0,30,2025-12-30,WWW@COE
UW-Whitewater,Collin Madson,offense,25,15,13,2025-12-30,WWW@COE
UW-Whitewater,Collin Madson,offense,30,25,12,2025-12-30,WWW@COE
UW-Whitewater,Brock Marino,offense,20,5,3,2025-12-30,WWW@COE
UW-Whitewater,Brock Marino,offense,15,10,5,2025-12-30,WWW@COE
UW-Whitewater,Luke Bara,offense,20,10,6,2025-12-30,WWW@COE
UW-Whitewater,Richie Warren,offense,30,10,10,2025-12-30,WWW@COE
UW-Whitewater,Richie Warren,offense,20,20,13,2025-12-30,WWW@COE
UW-Whitewater,Joey Berezowitz,offense,25,10,14,2025-12-30,WWW@COE
Coe Kohawks,Kanyon Bryte,offense,40,45,2,2025-12-30,WWW@COE
Coe Kohawks,Kanyon Bryte,offense,45,40,7,2025-12-30,WWW@COE
Coe Kohawks,TEAM,offense,45,40,27,2025-12-30,WWW@COE
Coe Kohawks,Kanyon Bryte,offense,45,35,6,2025-12-30,WWW@COE
Coe Kohawks,TEAM,offense,45,35,27,2025-12-30,WWW@COE
Coe Kohawks,Kanyon Bryte,offense,40,35,11,2025-12-30,WWW@COE
Coe Kohawks,Kanyon Bryte,offense,40,30,9,2025-12-30,WWW@COE
Coe Kohawks,Kanyon Bryte,offense,45,30,8,2025-12-30,WWW@COE
Coe Kohawks,Kanyon Bryte,offense,45,25,7,2025-12-30,WWW@COE
Coe Kohawks,Kanyon Bryte,offense,35,15,25,2025-12-30,WWW@COE
Coe Kohawks,Kanyon Bryte,offense,35,10,40,2025-12-30,WWW@COE
Coe Kohawks,Deuce Walters,offense,10,40,4,2025-12-30,WWW@COE
Coe Kohawks,TEAM,offense,10,40,35,2025-12-30,WWW@COE
Coe Kohawks,Deuce Walters,offense,35,0,20,2025-12-30,WWW@COE
Coe Kohawks,Deuce Walters,offense,45,5,5,2025-12-30,WWW@COE
Coe Kohawks,Deuce Walters,offense,45,15,18,2025-12-30,WWW@COE
Coe Kohawks,Deuce Walters,offense,45,20,12,2025-12-30,WWW@COE
Coe Kohawks,Deuce Walters,offense,40,20,25,2025-12-30,WWW@COE
Coe Kohawks,Deuce Walters,offense,40,25,36,2025-12-30,WWW@COE
Coe Kohawks,Deuce Walters,offense,40,10,4,2025-12-30,WWW@COE
Coe Kohawks,Deuce Walters,offense,40,5,6,2025-12-30,WWW@COE
Coe Kohawks,Deuce Walters,offense,25,5,14,2025-12-30,WWW@COE
Coe Kohawks,Deuce Walters,offense,25,10,47,2025-12-30,WWW@COE
Coe Kohawks,Deuce Walters,offense,20,5,35,2025-12-30,WWW@COE
Coe Kohawks,Deuce Walters,offense,15,5,40,2025-12-30,WWW@COE
Coe Kohawks,Deuce Walters,offense,30,0,7,2025-12-30,WWW@COE
Coe Kohawks,TEAM,offense,30,0,40,2025-12-30,WWW@COE
Coe Kohawks,Jackson Bowman,offense,0,40,2,2025-12-30,WWW@COE
Coe Kohawks,Jackson Bowman,offense,5,25,3,2025-12-30,WWW@COE
Coe Kohawks,Jackson Bowman,offense,0,25,4,2025-12-30,WWW@COE
Coe Kohawks,Jackson Bowman,offense,0,10,19,2025-12-30,WWW@COE
Coe Kohawks,Jackson Bowman,offense,10,10,13,2025-12-30,WWW@COE
Coe Kohawks,Jackson Bowman,offense,10,15,26,2025-12-30,WWW@COE
Coe Kohawks,Jackson Bowman,offense,0,5,17,2025-12-30,WWW@COE
Coe Kohawks,Jackson Bowman,offense,5,10,18,2025-12-30,WWW@COE
Coe Kohawks,Jackson Bowman,offense,15,5,38,2025-12-30,WWW@COE
UW-Whitewater,Joey Berezowitz,defense,0,45,1,2025-12-30,WWW@COE
UW-Whitewater,TEAM,defense,0,45,8,2025-12-30,WWW@COE
UW-Whitewater,Joey Berezowitz,defense,0,40,1,2025-12-30,WWW@COE
UW-Whitewater,Joey Berezowitz,defense,5,30,9,2025-12-30,WWW@COE
UW-Whitewater,Joey Berezowitz,defense,5,25,92,2025-12-30,WWW@COE
UW-Whitewater,Luke Bara,defense,5,20,16,2025-12-30,WWW@COE
UW-Whitewater,Luke Bara,defense,5,15,12,2025-12-30,WWW@COE
UW-Whitewater,Luke Bara,defense,10,15,17,2025-12-30,WWW@COE
UW-Whitewater,Luke Bara,defense,10,10,50,2025-12-30,WWW@COE
UW-Whitewater,Luke Bara,defense,10,5,23,2025-12-30,WWW@COE
UW-Whitewater,Luke Bara,defense,15,0,7,2025-12-30,WWW@COE
UW-Whitewater,Luke Bara,defense,35,20,14,2025-12-30,WWW@COE
UW-Whitewater,Luke Bara,defense,30,25,17,2025-12-30,WWW@COE
UW-Whitewater,Luke Bara,defense,20,20,11,2025-12-30,WWW@COE
UW-Whitewater,Luke Bara,defense,25,25,24,2025-12-30,WWW@COE
UW-Whitewater,Brock Marino,defense,15,25,12,2025-12-30,WWW@COE
UW-Whitewater,Collin Madson,defense,25,25,17,2025-12-30,WWW@COE
UW-Whitewater,Collin Madson,defense,25,20,34,2025-12-30,WWW@COE
UW-Whitewater,Collin Madson,defense,15,15,63,2025-12-30,WWW@COE
UW-Whitewater,Collin Madson,defense,0,5,12,2025-12-30,WWW@COE
Coe Kohawks,Cooper Nailor,offense,30,20,72,2025-12-30,WWW@COE
Coe Kohawks,Cooper Nailor,offense,30,15,55,2025-12-30,WWW@COE
Coe Kohawks,Cooper Nailor,offense,35,20,34,2025-12-30,WWW@COE
Coe Kohawks,Cooper Nailor,offense,35,15,26,2025-12-30,WWW@COE
Coe Kohawks,Cooper Nailor,offense,30,25,53,2025-12-30,WWW@COE
Coe Kohawks,Cooper Nailor,offense,15,20,52,2025-12-30,WWW@COE
Coe Kohawks,Cooper Nailor,offense,10,15,15,2025-12-30,WWW@COE
Coe Kohawks,Cooper Nailor,offense,30,10,56,2025-12-30,WWW@COE
Coe Kohawks,Cooper Nailor,offense,35,10,59,2025-12-30,WWW@COE
UW-Whitewater,Richie Warren,defense,5,30,2,2025-12-30,WWW@COE
UW-Whitewater,Richie Warren,defense,5,25,4,2025-12-30,WWW@COE
UW-Whitewater,Richie Warren,defense,30,5,23,2025-12-30,WWW@COE
Coe Kohawks,C. Reece Breitenbach,offense,20,25,30,2025-12-30,WWW@COE
Coe Kohawks,C. Reece Breitenbach,offense,5,20,5,2025-12-30,WWW@COE
Coe Kohawks,C. Reece Breitenbach,offense,15,20,18,2025-12-30,WWW@COE
Coe Kohawks,C. Reece Breitenbach,offense,25,10,24,2025-12-30,WWW@COE
Coe Kohawks,C. Reece Breitenbach,offense,25,0,15,2025-12-30,WWW@COE
Coe Kohawks,C. Reece Breitenbach,offense,25,5,28,2025-12-30,WWW@COE
Coe Kohawks,C. Reece Breitenbach,offense,25,15,40,2025-12-30,WWW@COE
UW-Whitewater,Joey Berezowitz,defense,25,25,15,2025-12-30,WWW@COE
UW-Whitewater,Joey Berezowitz,defense,25,15,19,2025-12-30,WWW@COE
UW-Whitewater,Joey Berezowitz,defense,15,5,13,2025-12-30,WWW@COE
UW-Whitewater,Joey Berezowitz,defense,5,10,7,2025-12-30,WWW@COE
UW-Whitewater,TEAM,defense,5,10,99,2025-12-30,WWW@COE
UW-Whitewater,Brock Marino,defense,30,10,23,2025-12-30,WWW@COE
UW-Whitewater,Brock Marino,defense,30,20,5,2025-12-30,WWW@COE
UW-Whitewater,Brock Marino,defense,25,5,42,2025-12-30,WWW@COE
UW-Whitewater,Brock Marino,defense,20,5,38,2025-12-30,WWW@COE
UW-Whitewater,Brock Marino,defense,30,5,23,2025-12-30,WWW@COE
UW-Whitewater,Brock Marino,defense,30,0,3,2025-12-30,WWW@COE
Coe Kohawks,Kanyon Bryte,offense,30,10,101,2025-12-30,WWW@COE
Coe Kohawks,Kanyon Bryte,offense,40,10,12,2025-12-30,WWW@COE
Coe Kohawks,Kanyon Bryte,offense,45,15,15,2025-12-30,WWW@COE
Coe Kohawks,Kanyon Bryte,offense,25,0,7,2025-12-30,WWW@COE
Coe Kohawks,Kanyon Bryte,offense,25,15,36,2025-12-30,WWW@COE
Coe Kohawks,Kanyon Bryte,offense,30,20,41,2025-12-30,WWW@COE
Coe Kohawks,Kanyon Bryte,offense,30,5,43,2025-12-30,WWW@COE
UW-Whitewater,Collin Madson,defense,15,20,39,2025-12-30,WWW@COE
UW-Whitewater,Collin Madson,defense,15,10,65,2025-12-30,WWW@COE
UW-Whitewater,Collin Madson,defense,15,5,22,2025-12-30,WWW@COE
UW-Whitewater,Collin Madson,defense,20,5,37,2025-12-30,WWW@COE
UW-Whitewater,Collin Madson,defense,15,0,8,2025-12-30,WWW@COE
UW-Whitewater,Collin Madson,defense,10,5,11,2025-12-30,WWW@COE
UW-Whitewater,Brock Marino,defense,10,0,4,2025-12-30,WWW@COE
UW-Whitewater,TEAM,defense,10,0,47,2025-12-30,WWW@COE
UW-Whitewater,Brock Marino,defense,15,0,6,2025-12-30,WWW@COE
UW-Whitewater,Collin Madson,defense,10,0,8,2025-12-30,WWW@COE
UW-Whitewater,Collin Madson,defense,20,0,21,2025-12-30,WWW@COE
UW-Whitewater,TEAM,defense,20,0,121,2025-12-30,WWW@COE
UW-Whitewater,Collin Madson,defense,30,0,8,2025-12-30,WWW@COE
Coe Kohawks,C. Reece Breitenbach,offense,10,5,6,2025-12-30,WWW@COE
UW-Whitewater,Richie Warren,defense,0,15,19,2025-12-30,WWW@COE
UW-Whitewater,Joey Berezowitz,defense,40,10,16,2025-12-30,WWW@COE
Coe Kohawks,Jackson Bowman,offense,20,20,65,2025-12-30,WWW@COE
Coe Kohawks,Jackson Bowman,offense,20,25,42,2025-12-30,WWW@COE
Coe Kohawks,Jackson Bowman,offense,20,5,7,2025-12-30,WWW@COE
Coe Kohawks,Jackson Bowman,offense,20,0,3,2025-12-30,WWW@COE
Coe Kohawks,TEAM,offense,20,0,42,2025-12-30,WWW@COE
Coe Kohawks,Jackson Bowman,offense,15,0,2,2025-12-30,WWW@COE
Coe Kohawks,Deuce Walters,offense,30,20,36,2025-12-30,WWW@COE
UW-Whitewater,Luke Bara,defense,25,10,39,2025-12-30,WWW@COE
Coe Kohawks,Kanyon Bryte,offense,15,5,48,2025-12-30,WWW@COE
Coe Kohawks,Kanyon Bryte,offense,10,5,16,2025-12-30,WWW@COE
UW-Whitewater,Collin Madson,defense,20,15,39,2025-12-30,WWW@COE
UW-Whitewater,Collin Madson,defense,20,20,21,2025-12-30,WWW@COE
UW-Whitewater,Collin Madson,defense,20,25,21,2025-12-30,WWW@COE
UW-Whitewater,Collin Madson,defense,15,30,6,2025-12-30,WWW@COE
UW-Whitewater,Brock Marino,defense,0,15,26,2025-12-30,WWW@COE
UW-Whitewater,Brock Marino,defense,5,15,12,2025-12-30,WWW@COE
UW-Whitewater,Brock Marino,defense,5,0,3,2025-12-30,WWW@COE
Coe Kohawks,C. Reece Breitenbach,offense,30,10,30,2025-12-30,WWW@COE
UW-Whitewater,Richie Warren,defense,20,5,19,2025-12-30,WWW@COE
UW-Whitewater,Richie Warren,defense,20,0,2,2025-12-30,WWW@COE
Coe Kohawks,Deuce Walters,offense,40,0,5,2025-12-30,WWW@COE
Coe Kohawks,Deuce Walters,offense,45,0,7,2025-12-30,WWW@COE
Coe Kohawks,Deuce Walters,offense,45,10,25,2025-12-30,WWW@COE
Coe Kohawks,Deuce Walters,offense,40,15,17,2025-12-30,WWW@COE
UW-Whitewater,Joey Berezowitz,defense,0,5,2,2025-12-30,WWW@COE
Coe Kohawks,Cooper Nailor,offense,20,5,21,2025-12-30,WWW@COE
Coe Kohawks,Cooper Nailor,offense,25,5,27,2025-12-30,WWW@COE
Coe Kohawks,Cooper Nailor,offense,25,10,53,2025-12-30,WWW@COE
UW-Whitewater,Collin Madson,defense,35,15,3,2025-12-30,WWW@COE
UW-Whitewater,Joey Berezowitz,offense,40,15,9,2025-12-30,WWW@COE
UW-Whitewater,TEAM,offense,40,15,86,2025-12-30,WWW@COE
UW-Whitewater,Richie Warren,offense,20,0,2,2025-12-30,WWW@COE
UW-Whitewater,Richie Warren,offense,25,0,1,2025-12-30,WWW@COE
UW-Whitewater,TEAM,offense,25,0,39,2025-12-30,WWW@COE
UW-Whitewater,Richie Warren,offense,35,0,5,2025-12-30,WWW@COE
UW-Whitewater,Richie Warren,offense,35,5,4,2025-12-30,WWW@COE
UW-Whitewater,TEAM,offense,35,5,46,2025-12-30,WWW@COE
UW-Whitewater,Richie Warren,offense,35,15,5,2025-12-30,WWW@COE
UW-Whitewater,Brock Marino,offense,0,5,2,2025-12-30,WWW@COE
UW-Whitewater,Brock Marino,offense,10,10,2,2025-12-30,WWW@COE
UW-Whitewater,Brock Marino,offense,5,30,12,2025-12-30,WWW@COE
UW-Whitewater,Brock Marino,offense,10,25,10,2025-12-30,WWW@COE
UW-Whitewater,Brock Marino,offense,5,45,1,2025-12-30,WWW@COE
UW-Whitewater,Luke Bara,offense,10,10,6,2025-12-30,WWW@COE
UW-Whitewater,Luke Bara,offense,15,10,15,2025-12-30,WWW@COE
UW-Whitewater,Luke Bara,offense,10,15,6,2025-12-30,WWW@COE
UW-Whitewater,TEAM,offense,10,15,146,2025-12-30,WWW@COE
UW-Whitewater,Luke Bara,offense,15,15,13,2025-12-30,WWW@COE
UW-Whitewater,TEAM,offense,15,15,192,2025-12-30,WWW@COE
Coe Kohawks,Deuce Walters,defense,20,20,52,2025-12-30,WWW@COE
Coe Kohawks,Deuce Walters,defense,20,25,31,2025-12-30,WWW@COE
UW-Whitewater,Collin Madson,offense,5,25,17,2025-12-30,WWW@COE
UW-Whitewater,Collin Madson,offense,20,35,6,2025-12-30,WWW@COE
UW-Whitewater,Collin Madson,offense,20,40,3,2025-12-30,WWW@COE
UW-Whitewater,Collin Madson,offense,15,40,1,2025-12-30,WWW@COE
UW-Whitewater,Luke Bara,offense,15,5,24,2025-12-30,WWW@COE
UW-Whitewater,Luke Bara,offense,10,5,8,2025-12-30,WWW@COE
Coe Kohawks,C. Reece Breitenbach,defense,20,25,33,2025-12-30,WWW@COE
Coe Kohawks,C. Reece Breitenbach,defense,15,35,2,2025-12-30,WWW@COE
Coe Kohawks,C. Reece Breitenbach,defense,15,40,1,2025-12-30,WWW@COE
UW-Whitewater,Joey Berezowitz,offense,20,40,7,2025-12-30,WWW@COE
UW-Whitewater,Joey Berezowitz,offense,20,35,3,2025-12-30,WWW@COE
UW-Whitewater,Joey Berezowitz,offense,15,40,10,2025-12-30,WWW@COE
UW-Whitewater,Joey Berezowitz,offense,15,45,5,2025-12-30,WWW@COE
UW-Whitewater,TEAM,offense,15,45,7,2025-12-30,WWW@COE
Coe Kohawks,Kanyon Bryte,offense,35,45,2,2025-12-30,WWW@COE
Coe Kohawks,TEAM,offense,35,45,13,2025-12-30,WWW@COE
UW-Whitewater,Joey Berezowitz,defense,25,35,7,2025-12-30,WWW@COE
UW-Whitewater,Joey Berezowitz,defense,25,30,4,2025-12-30,WWW@COE
UW-Whitewater,Joey Berezowitz,defense,15,0,5,2025-12-30,WWW@COE
Coe Kohawks,C. Reece Breitenbach,offense,5,45,1,2025-12-30,WWW@COE
Coe Kohawks,C. Reece Breitenbach,offense,0,45,2,2025-12-30,WWW@COE
Coe Kohawks,C. Reece Breitenbach,offense,0,40,2,2025-12-30,WWW@COE
Coe Kohawks,C. Reece Breitenbach,offense,10,35,4,2025-12-30,WWW@COE
Coe Kohawks,C. Reece Breitenbach,offense,30,0,7,2025-12-30,WWW@COE
Coe Kohawks,C. Reece Breitenbach,offense,35,0,5,2025-12-30,WWW@COE
Coe Kohawks,C. Reece Breitenbach,offense,40,0,5,2025-12-30,WWW@COE
Coe Kohawks,C. Reece Breitenbach,offense,40,5,6,2025-12-30,WWW@COE
Coe Kohawks,C. Reece Breitenbach,offense,30,5,32,2025-12-30,WWW@COE
Coe Kohawks,Deuce Walters,offense,20,10,37,2025-12-30,WWW@COE
UW-Whitewater,Brock Marino,defense,5,10,5,2025-12-30,WWW@COE
Coe Kohawks,Jackson Bowman,offense,30,0,7,2025-12-30,WWW@COE
Coe Kohawks,Jackson Bowman,offense,35,5,7,2025-12-30,WWW@COE
Coe Kohawks,Jackson Bowman,offense,45,15,5,2025-12-30,WWW@COE
Coe Kohawks,Jackson Bowman,offense,20,10,29,2025-12-30,WWW@COE
UW-Whitewater,Richie Warren,defense,10,35,1,2025-12-30,WWW@COE
Coe Kohawks,Cooper Nailor,offense,45,10,11,2025-12-30,WWW@COE
Coe Kohawks,Kanyon Bryte,offense,15,10,47,2025-12-30,WWW@COE
UW-Whitewater,Collin Madson,defense,5,15,7,2025-12-30,WWW@COE
UW-Whitewater,Collin Madson,defense,25,0,11,2025-12-30,WWW@COE
Coe Kohawks,Kanyon Bryte,offense,35,5,4,2025-12-30,WWW@COE
Coe Kohawks,Kanyon Bryte,offense,45,0,2,2025-12-30,WWW@COE
Coe Kohawks,Kanyon Bryte,offense,40,0,4,2025-12-30,WWW@COE
Coe Kohawks,Kanyon Bryte,offense,45,10,14,2025-12-30,WWW@COE
Coe Kohawks,Kanyon Bryte,offense,45,20,4,2025-12-30,WWW@COE
Coe Kohawks,Kanyon Bryte,offense,40,15,14,2025-12-30,WWW@COE
Coe Kohawks,Cooper Nailor,offense,30,5,37,2025-12-30,WWW@COE
Coe Kohawks,Cooper Nailor,offense,30,0,4,2025-12-30,WWW@COE
Coe Kohawks,Cooper Nailor,offense,15,5,28,2025-12-30,WWW@COE
Coe Kohawks,C. Reece Breitenbach,offense,40,30,9,2025-12-30,WWW@COE
UW-Whitewater,Joey Berezowitz,defense,35,5,13,2025-12-30,WWW@COE
UW-Whitewater,Joey Berezowitz,defense,20,0,6,2025-12-30,WWW@COE
UW-Whitewater,Brock Marino,defense,40,15,1,2025-12-30,WWW@COE
Coe Kohawks,Kanyon Bryte,offense,10,20,10,2025-12-30,WWW@COE
Coe Kohawks,Kanyon Bryte,offense,30,30,28,2025-12-30,WWW@COE
Coe Kohawks,Cooper Nailor,offense,25,0,7,2025-12-30,WWW@COE
Coe Kohawks,Cooper Nailor,offense,10,0,14,2025-12-30,WWW@COE
Coe Kohawks,Cooper Nailor,offense,15,0,5,2025-12-30,WWW@COE
Coe Kohawks,Kanyon Bryte,offense,45,5,11,2025-12-30,WWW@COE
Coe Kohawks,Kanyon Bryte,offense,40,20,12,2025-12-30,WWW@COE
Coe Kohawks,Kanyon Bryte,offense,20,20,81,2025-12-30,WWW@COE
Coe Kohawks,Deuce Walters,offense,30,35,10,2025-12-30,WWW@COE
Coe Kohawks,Jackson Bowman,offense,0,15,10,2025-12-30,WWW@COE
Coe Kohawks,Jackson Bowman,offense,10,25,39,2025-12-30,WWW@COE
Coe Kohawks,Jackson Bowman,offense,15,45,2,2025-12-30,WWW@COE
UW-Whitewater,Luke Bara,defense,5,35,5,2025-12-30,WWW@COE
UW-Whitewater,TEAM,defense,5,35,17,2025-12-30,WWW@COE
UW-Whitewater,Richie Warren,defense,35,20,9,2025-12-30,WWW@COE
UW-Whitewater,Richie Warren,defense,40,20,3,2025-12-30,WWW@COE
UW-Whitewater,Richie Warren,defense,40,10,3,2025-12-30,WWW@COE
UW-Whitewater,Richie Warren,defense,40,15,2,2025-12-30,WWW@COE
UW-Whitewater,Richie Warren,defense,40,30,1,2025-12-30,WWW@COE
UW-Whitewater,TEAM,defense,40,30,25,2025-12-30,WWW@COE
Coe Kohawks,C. Reece Breitenbach,offense,20,0,2,2025-12-30,WWW@COE
UW-Whitewater,Brock Marino,defense,20,0,12,2025-12-30,WWW@COE
UW-Whitewater,Joey Berezowitz,defense,40,25,5,2025-12-30,WWW@COE
UW-Whitewater,Joey Berezowitz,defense,40,30,1,2025-12-30,WWW@COE
UW-Whitewater,Joey Berezowitz,defense,40,35,1,2025-12-30,WWW@COE
UW-Whitewater,TEAM,defense,40,35,22,2025-12-30,WWW@COE
Coe Kohawks,Deuce Walters,offense,5,5,4,2025-12-30,WWW@COE
Coe Kohawks,C. Reece Breitenbach,offense,30,35,32,2025-12-30,WWW@COE
Coe Kohawks,C. Reece Breitenbach,offense,25,40,4,2025-12-30,WWW@COE
Coe Kohawks,C. Reece Breitenbach,offense,30,40,3,2025-12-30,WWW@COE
Coe Kohawks,TEAM,offense,30,40,85,2025-12-30,WWW@COE
Coe Kohawks,Kanyon Bryte,defense,10,30,5,2025-12-30,WWW@COE
Coe Kohawks,Kanyon Bryte,defense,10,25,7,2025-12-30,WWW@COE
Coe Kohawks,Kanyon Bryte,defense,5,25,1,2025-12-30,WWW@COE
Coe Kohawks,Kanyon Bryte,defense,5,20,5,2025-12-30,WWW@COE
Coe Kohawks,TEAM,defense,5,20,36,2025-12-30,WWW@COE
Coe Kohawks,Kanyon Bryte,defense,5,15,14,2025-12-30,WWW@COE
Coe Kohawks,Kanyon Bryte,defense,10,15,33,2025-12-30,WWW@COE
Coe Kohawks,Kanyon Bryte,defense,5,10,21,2025-12-30,WWW@COE
Coe Kohawks,Kanyon Bryte,defense,10,5,47,2025-12-30,WWW@COE
UW-Whitewater,Luke Bara,offense,10,40,2,2025-12-30,WWW@COE
UW-Whitewater,Luke Bara,offense,10,35,3,2025-12-30,WWW@COE
UW-Whitewater,Luke Bara,offense,10,30,7,2025-12-30,WWW@COE
UW-Whitewater,Luke Bara,offense,15,25,9,2025-12-30,WWW@COE
UW-Whitewater,Luke Bara,offense,40,20,5,2025-12-30,WWW@COE
UW-Whitewater,Joey Berezowitz,offense,5,45,1,2025-12-30,WWW@COE
UW-Whitewater,Joey Berezowitz,offense,5,35,3,2025-12-30,WWW@COE
UW-Whitewater,Joey Berezowitz,offense,5,20,2,2025-12-30,WWW@COE
Coe Kohawks,Deuce Walters,defense,20,30,40,2025-12-30,WWW@COE
Coe Kohawks,Deuce Walters,defense,25,30,18,2025-12-30,WWW@COE
Coe Kohawks,Deuce Walters,defense,20,35,17,2025-12-30,WWW@COE
Coe Kohawks,C. Reece Breitenbach,defense,30,40,3,2025-12-30,WWW@COE
Coe Kohawks,C. Reece Breitenbach,defense,30,35,4,2025-12-30,WWW@COE
Coe Kohawks,C. Reece Breitenbach,defense,40,25,10,2025-12-30,WWW@COE
UW-Whitewater,Richie Warren,offense,25,40,5,2025-12-30,WWW@COE
UW-Whitewater,Richie Warren,offense,25,35,2,2025-12-30,WWW@COE
UW-Whitewater,Richie Warren,offense,20,35,7,2025-12-30,WWW@COE
UW-Whitewater,Richie Warren,offense,20,30,17,2025-12-30,WWW@COE
UW-Whitewater,Richie Warren,offense,25,30,8,2025-12-30,WWW@COE
UW-Whitewater,Richie Warren,offense,25,25,24,2025-12-30,WWW@COE
UW-Whitewater,Richie Warren,offense,30,5,8,2025-12-30,WWW@COE
UW-Whitewater,Brock Marino,offense,5,35,4,2025-12-30,WWW@COE
UW-Whitewater,Brock Marino,offense,0,20,23,2025-12-30,WWW@COE
UW-Whitewater,Brock Marino,offense,0,15,16,2025-12-30,WWW@COE
UW-Whitewater,Brock Marino,offense,5,15,4,2025-12-30,WWW@COE
UW-Whitewater,Brock Marino,offense,5,20,21,2025-12-30,WWW@COE
UW-Whitewater,Brock Marino,offense,10,20,21,2025-12-30,WWW@COE
UW-Whitewater,Brock Marino,offense,15,20,2,2025-12-30,WWW@COE
Coe Kohawks,Cooper Nailor,defense,35,25,22,2025-12-30,WWW@COE
Coe Kohawks,Cooper Nailor,defense,20,30,45,2025-12-30,WWW@COE
Coe Kohawks,Cooper Nailor,defense,30,5,56,2025-12-30,WWW@COE
Coe Kohawks,Jackson Bowman,defense,20,20,47,2025-12-30,WWW@COE
Coe Kohawks,Jackson Bowman,defense,15,15,145,2025-12-30,WWW@COE
UW-Whitewater,Collin Madson,offense,5,10,16,2025-12-30,WWW@COE
UW-Whitewater,Collin Madson,offense,0,10,26,2025-12-30,WWW@COE
UW-Whitewater,Collin Madson,offense,5,5,4,2025-12-30,WWW@COE
UW-Whitewater,Collin Madson,offense,10,5,15,2025-12-30,WWW@COE
UW-Whitewater,Collin Madson,offense,10,10,8,2025-12-30,WWW@COE
UW-Whitewater,Collin Madson,offense,15,5,8,2025-12-30,WWW@COE
Coe Kohawks,C. Reece Breitenbach,defense,35,5,8,2025-12-30,WWW@COE
Coe Kohawks,C. Reece Breitenbach,defense,30,5,57,2025-12-30,WWW@COE
Coe Kohawks,C. Reece Breitenbach,defense,30,10,24,2025-12-30,WWW@COE
Coe Kohawks,C. Reece Breitenbach,defense,25,0,3,2025-12-30,WWW@COE
Coe Kohawks,C. Reece Breitenbach,defense,15,0,4,2025-12-30,WWW@COE
Coe Kohawks,C. Reece Breitenbach,defense,10,5,28,2025-12-30,WWW@COE
Coe Kohawks,C. Reece Breitenbach,defense,5,5,8,2025-12-30,WWW@COE
Coe Kohawks,C. Reece Breitenbach,defense,5,10,5,2025-12-30,WWW@COE
Coe Kohawks,C. Reece Breitenbach,defense,25,15,30,2025-12-30,WWW@COE
Coe Kohawks,C. Reece Breitenbach,defense,20,15,30,2025-12-30,WWW@COE
Coe Kohawks,C. Reece Breitenbach,defense,10,0,3,2025-12-30,WWW@COE
Coe Kohawks,TEAM,defense,10,0,17,2025-12-30,WWW@COE
UW-Whitewater,Joey Berezowitz,offense,45,0,11,2025-12-30,WWW@COE
UW-Whitewater,TEAM,offense,45,0,15,2025-12-30,WWW@COE
UW-Whitewater,Joey Berezowitz,offense,25,0,2,2025-12-30,WWW@COE
UW-Whitewater,Joey Berezowitz,offense,20,0,1,2025-12-30,WWW@COE
UW-Whitewater,Joey Berezowitz,offense,5,0,1,2025-12-30,WWW@COE
UW-Whitewater,TEAM,offense,5,0,11,2025-12-30,WWW@COE
UW-Whitewater,Joey Berezowitz,offense,10,20,4,2025-12-30,WWW@COE
UW-Whitewater,Joey Berezowitz,offense,20,5,4,2025-12-30,WWW@COE
UW-Whitewater,Joey Berezowitz,offense,10,15,8,2025-12-30,WWW@COE
UW-Whitewater,Luke Bara,offense,30,0,15,2025-12-30,WWW@COE
Coe Kohawks,Deuce Walters,defense,30,0,20,2025-12-30,WWW@COE
Coe Kohawks,Cooper Nailor,offense,45,45,1,2025-12-30,WWW@COE
Coe Kohawks,TEAM,offense,45,45,3,2025-12-30,WWW@COE
Coe Kohawks,Cooper Nailor,offense,45,40,3,2025-12-30,WWW@COE
Coe Kohawks,Cooper Nailor,offense,0,5,26,2025-12-30,WWW@COE
Coe Kohawks,Cooper Nailor,offense,10,30,14,2025-12-30,WWW@COE
UW-Whitewater,Collin Madson,defense,40,45,1,2025-12-30,WWW@COE
UW-Whitewater,TEAM,defense,40,45,5,2025-12-30,WWW@COE
UW-Whitewater,Collin Madson,defense,40,40,2,2025-12-30,WWW@COE
UW-Whitewater,TEAM,defense,40,40,7,2025-12-30,WWW@COE
UW-Whitewater,Collin Madson,defense,40,35,4,2025-12-30,WWW@COE
Coe Kohawks,Deuce Walters,offense,25,35,13,2025-12-30,WWW@COE
Coe Kohawks,Kanyon Bryte,offense,20,45,6,2025-12-30,WWW@COE
Coe Kohawks,Kanyon Bryte,offense,20,40,6,2025-12-30,WWW@COE
UW-Whitewater,Joey Berezowitz,defense,20,35,4,2025-12-30,WWW@COE
UW-Whitewater,Joey Berezowitz,defense,20,30,3,2025-12-30,WWW@COE
Coe Kohawks,Jackson Bowman,offense,15,35,27,2025-12-30,WWW@COE
Coe Kohawks,Jackson Bowman,offense,10,30,14,2025-12-30,WWW@COE
Coe Kohawks,Jackson Bowman,offense,20,35,12,2025-12-30,WWW@COE
UW-Whitewater,Brock Marino,defense,0,20,47,2025-12-30,WWW@COE
UW-Whitewater,Brock Marino,defense,0,25,21,2025-12-30,WWW@COE
UW-Whitewater,Brock Marino,defense,5,25,7,2025-12-30,WWW@COE
Coe Kohawks,Kanyon Bryte,offense,20,0,6,2025-12-30,WWW@COE
Coe Kohawks,Kanyon Bryte,offense,35,0,5,2025-12-30,WWW@COE
Coe Kohawks,Kanyon Bryte,offense,40,5,3,2025-12-30,WWW@COE
Coe Kohawks,C. Reece Breitenbach,offense,35,5,24,2025-12-30,WWW@COE
Coe Kohawks,C. Reece Breitenbach,offense,35,10,16,2025-12-30,WWW@COE
Coe Kohawks,C. Reece Breitenbach,offense,30,20,24,2025-12-30,WWW@COE
UW-Whitewater,Richie Warren,defense,0,20,38,2025-12-30,WWW@COE
UW-Whitewater,Collin Madson,defense,5,5,7,2025-12-30,WWW@COE
Coe Kohawks,Kanyon Bryte,defense,15,45,2,2025-12-30,WWW@COE
Coe Kohawks,Kanyon Bryte,defense,15,40,7,2025-12-30,WWW@COE
Coe Kohawks,Kanyon Bryte,defense,15,25,30,2025-12-30,WWW@COE
Coe Kohawks,Kanyon Bryte,defense,40,20,8,2025-12-30,WWW@COE
Coe Kohawks,TEAM,defense,40,20,62,2025-12-30,WWW@COE
Coe Kohawks,Kanyon Bryte,defense,40,15,8,2025-12-30,WWW@COE
Coe Kohawks,TEAM,defense,40,15,71,2025-12-30,WWW@COE
Coe Kohawks,Deuce Walters,defense,40,35,2,2025-12-30,WWW@COE
Coe Kohawks,TEAM,defense,40,35,23,2025-12-30,WWW@COE
Coe Kohawks,Deuce Walters,defense,40,30,2,2025-12-30,WWW@COE
Coe Kohawks,TEAM,defense,40,30,27,2025-12-30,WWW@COE
Coe Kohawks,Deuce Walters,defense,40,20,12,2025-12-30,WWW@COE
Coe Kohawks,Deuce Walters,defense,40,15,7,2025-12-30,WWW@COE
Coe Kohawks,Deuce Walters,defense,40,10,5,2025-12-30,WWW@COE
Coe Kohawks,Deuce Walters,defense,40,5,6,2025-12-30,WWW@COE
Coe Kohawks,Deuce Walters,defense,35,5,15,2025-12-30,WWW@COE
Coe Kohawks,Deuce Walters,defense,25,20,44,2025-12-30,WWW@COE
Coe Kohawks,Deuce Walters,defense,30,15,40,2025-12-30,WWW@COE
Coe Kohawks,Deuce Walters,defense,30,20,48,2025-12-30,WWW@COE
Coe Kohawks,Deuce Walters,defense,35,15,26,2025-12-30,WWW@COE
Coe Kohawks,Deuce Walters,defense,35,20,22,2025-12-30,WWW@COE
Coe Kohawks,Deuce Walters,defense,35,25,25,2025-12-30,WWW@COE
Coe Kohawks,Deuce Walters,defense,35,30,19,2025-12-30,WWW@COE
Coe Kohawks,Deuce Walters,defense,45,40,4,2025-12-30,WWW@COE
Coe Kohawks,TEAM,defense,45,40,5,2025-12-30,WWW@COE
Coe Kohawks,Deuce Walters,defense,45,35,4,2025-12-30,WWW@COE
Coe Kohawks,TEAM,defense,45,35,4,2025-12-30,WWW@COE
UW-Whitewater,Richie Warren,offense,5,30,1,2025-12-30,WWW@COE
Coe Kohawks,C. Reece Breitenbach,defense,30,25,17,2025-12-30,WWW@COE
Coe Kohawks,C. Reece Breitenbach,defense,35,20,20,2025-12-30,WWW@COE
Coe Kohawks,C. Reece Breitenbach,defense,25,20,20,2025-12-30,WWW@COE
Coe Kohawks,C. Reece Breitenbach,defense,30,20,12,2025-12-30,WWW@COE
UW-Whitewater,Joey Berezowitz,offense,30,30,12,2025-12-30,WWW@COE
UW-Whitewater,Joey Berezowitz,offense,30,25,9,2025-12-30,WWW@COE
UW-Whitewater,Joey Berezowitz,offense,40,5,1,2025-12-30,WWW@COE
UW-Whitewater,Joey Berezowitz,offense,35,5,1,2025-12-30,WWW@COE
Coe Kohawks,Jackson Bowman,defense,20,40,7,2025-12-30,WWW@COE
Coe Kohawks,Jackson Bowman,defense,15,25,38,2025-12-30,WWW@COE
Coe Kohawks,Jackson Bowman,defense,10,10,55,2025-12-30,WWW@COE
Coe Kohawks,Jackson Bowman,defense,5,10,6,2025-12-30,WWW@COE
Coe Kohawks,Jackson Bowman,defense,10,5,23,2025-12-30,WWW@COE
Coe Kohawks,Jackson Bowman,defense,20,15,43,2025-12-30,WWW@COE
Coe Kohawks,Jackson Bowman,defense,40,20,3,2025-12-30,WWW@COE
Coe Kohawks,Jackson Bowman,defense,45,20,2,2025-12-30,WWW@COE
Coe Kohawks,TEAM,defense,45,20,17,2025-12-30,WWW@COE
UW-Whitewater,Brock Marino,offense,0,25,9,2025-12-30,WWW@COE
UW-Whitewater,Brock Marino,offense,5,25,4,2025-12-30,WWW@COE
UW-Whitewater,Brock Marino,offense,35,30,3,2025-12-30,WWW@COE
UW-Whitewater,Brock Marino,offense,30,20,1,2025-12-30,WWW@COE
UW-Whitewater,Brock Marino,offense,25,15,4,2025-12-30,WWW@COE
Coe Kohawks,Cooper Nailor,defense,35,10,52,2025-12-30,WWW@COE
Coe Kohawks,Cooper Nailor,defense,40,10,11,2025-12-30,WWW@COE
Coe Kohawks,Cooper Nailor,defense,45,10,4,2025-12-30,WWW@COE
Coe Kohawks,TEAM,defense,45,10,23,2025-12-30,WWW@COE
Coe Kohawks,Cooper Nailor,defense,45,5,9,2025-12-30,WWW@COE
Coe Kohawks,Cooper Nailor,defense,35,5,49,2025-12-30,WWW@COE
Coe Kohawks,Cooper Nailor,defense,20,35,14,2025-12-30,WWW@COE
UW-Whitewater,Luke Bara,offense,35,45,4,2025-12-30,WWW@COE
UW-Whitewater,Luke Bara,offense,35,40,6,2025-12-30,WWW@COE
UW-Whitewater,Luke Bara,offense,35,35,10,2025-12-30,WWW@COE
UW-Whitewater,Luke Bara,offense,35,30,3,2025-12-30,WWW@COE
UW-Whitewater,Luke Bara,offense,45,20,1,2025-12-30,WWW@COE
UW-Whitewater,Collin Madson,offense,10,20,35,2025-12-30,WWW@COE
UW-Whitewater,Richie Warren,offense,30,25,7,2025-12-30,WWW@COE
UW-Whitewater,Richie Warren,offense,45,15,2,2025-12-30,WWW@COE
UW-Whitewater,Richie Warren,offense,35,30,1,2025-12-30,WWW@COE
UW-Whitewater,Richie Warren,offense,40,30,1,2025-12-30,WWW@COE
UW-Whitewater,Richie Warren,offense,30,35,1,2025-12-30,WWW@COE
UW-Whitewater,Joey Berezowitz,offense,40,25,8,2025-12-30,WWW@COE
UW-Whitewater,Joey Berezowitz,offense,40,30,5,2025-12-30,WWW@COE
UW-Whitewater,Joey Berezowitz,offense,40,35,5,2025-12-30,WWW@COE
UW-Whitewater,Joey Berezowitz,offense,40,40,4,2025-12-30,WWW@COE
UW-Whitewater,TEAM,offense,40,40,24,2025-12-30,WWW@COE
UW-Whitewater,Joey Berezowitz,offense,35,35,14,2025-12-30,WWW@COE
UW-Whitewater,Luke Bara,offense,25,25,10,2025-12-30,WWW@COE
Coe Kohawks,C. Reece Breitenbach,defense,45,30,2,2025-12-30,WWW@COE
Coe Kohawks,TEAM,defense,45,30,15,2025-12-30,WWW@COE
Coe Kohawks,C. Reece Breitenbach,defense,35,35,9,2025-12-30,WWW@COE
Coe Kohawks,C. Reece Breitenbach,defense,25,40,6,2025-12-30,WWW@COE
Coe Kohawks,C. Reece Breitenbach,defense,30,45,1,2025-12-30,WWW@COE
Coe Kohawks,Kanyon Bryte,defense,45,0,1,2025-12-30,WWW@COE
Coe Kohawks,TEAM,defense,45,0,6,2025-12-30,WWW@COE
Coe Kohawks,Kanyon Bryte,defense,45,20,2,2025-12-30,WWW@COE
UW-Whitewater,Brock Marino,offense,25,40,7,2025-12-30,WWW@COE
UW-Whitewater,Brock Marino,offense,25,45,4,2025-12-30,WWW@COE
Coe Kohawks,Kanyon Bryte,defense,40,30,8,2025-12-30,WWW@COE
Coe Kohawks,Kanyon Bryte,defense,35,30,24,2025-12-30,WWW@COE
UW-Whitewater,Collin Madson,offense,25,35,3,2025-12-30,WWW@COE
UW-Whitewater,Collin Madson,offense,25,40,2,2025-12-30,WWW@COE
UW-Whitewater,Collin Madson,offense,25,45,3,2025-12-30,WWW@COE
Coe Kohawks,Jackson Bowman,defense,45,0,2,2025-12-30,WWW@COE
Coe Kohawks,Jackson Bowman,defense,45,10,1,2025-12-30,WWW@COE
Coe Kohawks,Cooper Nailor,offense,30,45,3,2025-12-30,WWW@COE
Coe Kohawks,TEAM,offense,30,45,15,2025-12-30,WWW@COE
Coe Kohawks,Cooper Nailor,offense,30,40,13,2025-12-30,WWW@COE
UW-Whitewater,Joey Berezowitz,defense,30,40,2,2025-12-30,WWW@COE
UW-Whitewater,Joey Berezowitz,defense,30,30,8,2025-12-30,WWW@COE
UW-Whitewater,Joey Berezowitz,defense,5,5,4,2025-12-30,WWW@COE
Coe Kohawks,Deuce Walters,offense,5,40,1,2025-12-30,WWW@COE
Coe Kohawks,Ryan Dolphin,offense,15,20,26,2025-12-30,WWW@COE
Coe Kohawks,Ryan Dolphin,offense,15,25,7,2025-12-30,WWW@COE
Coe Kohawks,Ryan Dolphin,offense,20,25,17,2025-12-30,WWW@COE
Coe Kohawks,Ryan Dolphin,offense,20,30,17,2025-12-30,WWW@COE
Coe Kohawks,Ryan Dolphin,offense,25,30,12,2025-12-30,WWW@COE
Coe Kohawks,Ryan Dolphin,offense,25,25,38,2025-12-30,WWW@COE
Coe Kohawks,Ryan Dolphin,offense,30,25,16,2025-12-30,WWW@COE
Coe Kohawks,Ryan Dolphin,offense,15,15,14,2025-12-30,WWW@COE
Coe Kohawks,Ryan Dolphin,offense,20,15,27,2025-12-30,WWW@COE
Coe Kohawks,Ryan Dolphin,offense,20,10,32,2025-12-30,WWW@COE
Coe Kohawks,Ryan Dolphin,offense,15,10,28,2025-12-30,WWW@COE
Coe Kohawks,Ryan Dolphin,offense,15,5,58,2025-12-30,WWW@COE
Coe Kohawks,Ryan Dolphin,offense,10,10,14,2025-12-30,WWW@COE
Coe Kohawks,Ryan Dolphin,offense,10,5,21,2025-12-30,WWW@COE
Coe Kohawks,Ryan Dolphin,offense,25,20,97,2025-12-30,WWW@COE
Coe Kohawks,Ryan Dolphin,offense,25,15,29,2025-12-30,WWW@COE
Coe Kohawks,Ryan Dolphin,offense,35,5,4,2025-12-30,WWW@COE
Coe Kohawks,Ryan Dolphin,offense,35,10,14,2025-12-30,WWW@COE
Coe Kohawks,Ryan Dolphin,offense,45,20,7,2025-12-30,WWW@COE
Coe Kohawks,Ryan Dolphin,offense,25,10,18,2025-12-30,WWW@COE
Coe Kohawks,Ryan Dolphin,offense,30,5,23,2025-12-30,WWW@COE
Coe Kohawks,Ryan Dolphin,offense,25,5,32,2025-12-30,WWW@COE
Coe Kohawks,Ryan Dolphin,offense,30,10,15,2025-12-30,WWW@COE
Coe Kohawks,Ryan Dolphin,offense,30,15,26,2025-12-30,WWW@COE
Coe Kohawks,Ryan Dolphin,offense,30,20,45,2025-12-30,WWW@COE
Coe Kohawks,Ryan Dolphin,offense,30,30,20,2025-12-30,WWW@COE
UW-Whitewater,Richie Warren,defense,15,25,26,2025-12-30,WWW@COE
UW-Whitewater,Richie Warren,defense,20,30,2,2025-12-30,WWW@COE
Coe Kohawks,Aaron Foote,offense,25,20,6,2025-12-30,WWW@COE
Coe Kohawks,Aaron Foote,offense,25,25,21,2025-12-30,WWW@COE
Coe Kohawks,Aaron Foote,offense,30,30,16,2025-12-30,WWW@COE
Coe Kohawks,Aaron Foote,offense,25,30,25,2025-12-30,WWW@COE
Coe Kohawks,Aaron Foote,offense,20,30,15,2025-12-30,WWW@COE
Coe Kohawks,Aaron Foote,offense,30,20,5,2025-12-30,WWW@COE
Coe Kohawks,Aaron Foote,offense,20,25,7,2025-12-30,WWW@COE
Coe Kohawks,Aaron Foote,offense,20,35,6,2025-12-30,WWW@COE
Coe Kohawks,Aaron Foote,offense,30,10,16,2025-12-30,WWW@COE
Coe Kohawks,Aaron Foote,offense,30,5,11,2025-12-30,WWW@COE
Coe Kohawks,Aaron Foote,offense,25,5,11,2025-12-30,WWW@COE
Coe Kohawks,Aaron Foote,offense,40,5,2,2025-12-30,WWW@COE
Coe Kohawks,Aaron Foote,offense,35,5,2,2025-12-30,WWW@COE
Coe Kohawks,Aaron Foote,offense,20,5,2,2025-12-30,WWW@COE
Coe Kohawks,Aaron Foote,offense,25,10,10,2025-12-30,WWW@COE
Coe Kohawks,Aaron Foote,offense,25,15,2,2025-12-30,WWW@COE
UW-Whitewater,Collin Madson,defense,15,25,24,2025-12-30,WWW@COE
UW-Whitewater,Collin Madson,defense,25,35,1,2025-12-30,WWW@COE
UW-Whitewater,Collin Madson,defense,20,10,39,2025-12-30,WWW@COE
UW-Whitewater,Luke Bara,defense,40,5,7,2025-12-30,WWW@COE
UW-Whitewater,Luke Bara,defense,45,0,2,2025-12-30,WWW@COE
UW-Whitewater,TEAM,defense,45,0,13,2025-12-30,WWW@COE
UW-Whitewater,Luke Bara,defense,45,5,5,2025-12-30,WWW@COE
UW-Whitewater,Luke Bara,defense,40,10,3,2025-12-30,WWW@COE
UW-Whitewater,Luke Bara,defense,45,10,8,2025-12-30,WWW@COE
UW-Whitewater,Luke Bara,defense,45,15,1,2025-12-30,WWW@COE
UW-Whitewater,Luke Bara,defense,45,20,10,2025-12-30,WWW@COE
UW-Whitewater,TEAM,defense,45,20,43,2025-12-30,WWW@COE
UW-Whitewater,Luke Bara,defense,40,25,5,2025-12-30,WWW@COE
UW-Whitewater,Brock Marino,defense,5,20,2,2025-12-30,WWW@COE
UW-Whitewater,Brock Marino,defense,10,5,7,2025-12-30,WWW@COE
Coe Kohawks,Deuce Walters,offense,15,30,32,2025-12-30,WWW@COE
Coe Kohawks,Deuce Walters,offense,5,20,29,2025-12-30,WWW@COE
Coe Kohawks,Deuce Walters,offense,10,10,24,2025-12-30,WWW@COE
Coe Kohawks,Deuce Walters,offense,10,15,20,2025-12-30,WWW@COE
Coe Kohawks,Deuce Walters,offense,10,5,27,2025-12-30,WWW@COE
Coe Kohawks,Deuce Walters,offense,15,10,23,2025-12-30,WWW@COE
UW-Whitewater,Collin Madson,defense,5,0,7,2025-12-30,WWW@COE
UW-Whitewater,Collin Madson,defense,0,0,4,2025-12-30,WWW@COE
UW-Whitewater,TEAM,defense,0,0,9,2025-12-30,WWW@COE
UW-Whitewater,Luke Bara,defense,0,5,2,2025-12-30,WWW@COE
UW-Whitewater,Luke Bara,defense,5,10,12,2025-12-30,WWW@COE
UW-Whitewater,Luke Bara,defense,5,5,11,2025-12-30,WWW@COE
UW-Whitewater,Luke Bara,defense,35,25,11,2025-12-30,WWW@COE
UW-Whitewater,Luke Bara,defense,40,20,6,2025-12-30,WWW@COE
Coe Kohawks,Kanyon Bryte,offense,5,20,8,2025-12-30,WWW@COE
Coe Kohawks,Kanyon Bryte,offense,0,15,8,2025-12-30,WWW@COE
Coe Kohawks,Aaron Foote,offense,20,20,3,2025-12-30,WWW@COE
Coe Kohawks,Aaron Foote,offense,20,15,20,2025-12-30,WWW@COE
Coe Kohawks,Aaron Foote,offense,15,15,17,2025-12-30,WWW@COE
Coe Kohawks,Aaron Foote,offense,20,10,17,2025-12-30,WWW@COE
Coe Kohawks,Ryan Dolphin,defense,30,15,22,2025-12-30,WWW@COE
Coe Kohawks,Ryan Dolphin,defense,30,10,22,2025-12-30,WWW@COE
Coe Kohawks,Ryan Dolphin,defense,35,10,50,2025-12-30,WWW@COE
Coe Kohawks,Ryan Dolphin,defense,35,15,30,2025-12-30,WWW@COE
Coe Kohawks,Ryan Dolphin,defense,40,20,8,2025-12-30,WWW@COE
UW-Whitewater,Joey Berezowitz,offense,35,15,17,2025-12-30,WWW@COE
UW-Whitewater,Joey Berezowitz,offense,45,20,4,2025-12-30,WWW@COE
UW-Whitewater,Joey Berezowitz,offense,45,25,3,2025-12-30,WWW@COE
UW-Whitewater,Joey Berezowitz,offense,35,20,10,2025-12-30,WWW@COE
UW-Whitewater,Joey Berezowitz,offense,35,25,12,2025-12-30,WWW@COE
Coe Kohawks,Aaron Foote,defense,20,45,1,2025-12-30,WWW@COE
Coe Kohawks,Aaron Foote,defense,15,40,3,2025-12-30,WWW@COE
Coe Kohawks,Aaron Foote,defense,20,25,13,2025-12-30,WWW@COE
Coe Kohawks,Aaron Foote,defense,25,25,5,2025-12-30,WWW@COE
Coe Kohawks,Aaron Foote,defense,25,30,2,2025-12-30,WWW@COE
UW-Whitewater,Richie Warren,offense,40,10,7,2025-12-30,WWW@COE
UW-Whitewater,Richie Warren,offense,40,15,4,2025-12-30,WWW@COE
UW-Whitewater,Richie Warren,offense,25,5,10,2025-12-30,WWW@COE
UW-Whitewater,Richie Warren,offense,40,0,3,2025-12-30,WWW@COE
UW-Whitewater,Richie Warren,offense,35,10,6,2025-12-30,WWW@COE
UW-Whitewater,Jake Quast,offense,15,20,23,2025-12-30,WWW@COE
UW-Whitewater,Jake Quast,offense,10,20,25,2025-12-30,WWW@COE
Coe Kohawks,Deuce Walters,defense,25,15,71,2025-12-30,WWW@COE
Coe Kohawks,Deuce Walters,defense,25,25,64,2025-12-30,WWW@COE
Coe Kohawks,Deuce Walters,defense,20,5,46,2025-12-30,WWW@COE
Coe Kohawks,Deuce Walters,defense,20,0,12,2025-12-30,WWW@COE
UW-Whitewater,Luke Bara,offense,30,20,8,2025-12-30,WWW@COE
UW-Whitewater,Collin Madson,offense,0,5,4,2025-12-30,WWW@COE
UW-Whitewater,Collin Madson,offense,10,15,18,2025-12-30,WWW@COE
UW-Whitewater,Collin Madson,offense,15,30,2,2025-12-30,WWW@COE
UW-Whitewater,Jake Quast,offense,5,25,43,2025-12-30,WWW@COE
UW-Whitewater,Jake Quast,offense,10,25,22,2025-12-30,WWW@COE
UW-Whitewater,Jake Quast,offense,5,20,19,2025-12-30,WWW@COE
UW-Whitewater,Jake Quast,offense,5,15,19,2025-12-30,WWW@COE
UW-Whitewater,Jake Quast,offense,5,10,19,2025-12-30,WWW@COE
UW-Whitewater,Jake Quast,offense,5,5,18,2025-12-30,WWW@COE
UW-Whitewater,Jake Quast,offense,0,5,11,2025-12-30,WWW@COE
UW-Whitewater,Jake Quast,offense,0,10,12,2025-12-30,WWW@COE
UW-Whitewater,Jake Quast,offense,10,5,9,2025-12-30,WWW@COE
UW-Whitewater,Jake Quast,offense,15,10,25,2025-12-30,WWW@COE
Coe Kohawks,Aaron Foote,defense,40,30,1,2025-12-30,WWW@COE
Coe Kohawks,Aaron Foote,defense,15,25,2,2025-12-30,WWW@COE
Coe Kohawks,Aaron Foote,defense,30,30,3,2025-12-30,WWW@COE
Coe Kohawks,Aaron Foote,defense,35,30,3,2025-12-30,WWW@COE
Coe Kohawks,Aaron Foote,defense,25,20,1,2025-12-30,WWW@COE
Coe Kohawks,Aaron Foote,defense,20,20,1,2025-12-30,WWW@COE
Coe Kohawks,Aaron Foote,defense,15,20,4,2025-12-30,WWW@COE
Coe Kohawks,Aaron Foote,defense,20,10,6,2025-12-30,WWW@COE
Coe Kohawks,Aaron Foote,defense,20,15,4,2025-12-30,WWW@COE
Coe Kohawks,Aaron Foote,defense,25,15,1,2025-12-30,WWW@COE
Coe Kohawks,Aaron Foote,defense,10,20,4,2025-12-30,WWW@COE
Coe Kohawks,Aaron Foote,defense,10,15,4,2025-12-30,WWW@COE
Coe Kohawks,Aaron Foote,defense,10,5,3,2025-12-30,WWW@COE
Coe Kohawks,Aaron Foote,defense,10,10,6,2025-12-30,WWW@COE
Coe Kohawks,Kanyon Bryte,defense,15,15,76,2025-12-30,WWW@COE
Coe Kohawks,Kanyon Bryte,defense,15,5,41,2025-12-30,WWW@COE
Coe Kohawks,Kanyon Bryte,defense,25,0,10,2025-12-30,WWW@COE
Coe Kohawks,Kanyon Bryte,defense,20,0,9,2025-12-30,WWW@COE
Coe Kohawks,Ryan Dolphin,defense,35,30,19,2025-12-30,WWW@COE
Coe Kohawks,Ryan Dolphin,defense,25,25,53,2025-12-30,WWW@COE
Coe Kohawks,Ryan Dolphin,defense,25,15,33,2025-12-30,WWW@COE
Coe Kohawks,Ryan Dolphin,defense,25,10,21,2025-12-30,WWW@COE
Coe Kohawks,Ryan Dolphin,defense,20,10,11,2025-12-30,WWW@COE
Coe Kohawks,Ryan Dolphin,defense,15,5,29,2025-12-30,WWW@COE
Coe Kohawks,Ryan Dolphin,defense,15,15,30,2025-12-30,WWW@COE
Coe Kohawks,Ryan Dolphin,defense,15,20,20,2025-12-30,WWW@COE
Coe Kohawks,Ryan Dolphin,defense,15,25,18,2025-12-30,WWW@COE
UW-Whitewater,Luke Bara,offense,30,15,15,2025-12-30,WWW@COE
UW-Whitewater,Luke Bara,offense,35,5,5,2025-12-30,WWW@COE
UW-Whitewater,Luke Bara,offense,45,0,1,2025-12-30,WWW@COE
UW-Whitewater,Richie Warren,offense,0,10,10,2025-12-30,WWW@COE
UW-Whitewater,Joey Berezowitz,offense,30,15,14,2025-12-30,WWW@COE
Coe Kohawks,Aaron Foote,offense,35,30,4,2025-12-30,WWW@COE
Coe Kohawks,Kanyon Bryte,offense,30,40,7,2025-12-30,WWW@COE
Coe Kohawks,Kanyon Bryte,offense,30,35,18,2025-12-30,WWW@COE
Coe Kohawks,Ryan Dolphin,offense,0,30,1,2025-12-30,WWW@COE
Coe Kohawks,Ryan Dolphin,offense,5,30,3,2025-12-30,WWW@COE
Coe Kohawks,Ryan Dolphin,offense,5,25,22,2025-12-30,WWW@COE
Coe Kohawks,Ryan Dolphin,offense,15,30,22,2025-12-30,WWW@COE
Coe Kohawks,Ryan Dolphin,offense,20,20,48,2025-12-30,WWW@COE
Coe Kohawks,Deuce Walters,offense,40,40,8,2025-12-30,WWW@COE
Coe Kohawks,Deuce Walters,offense,40,35,7,2025-12-30,WWW@COE
UW-Whitewater,Richie Warren,defense,30,45,1,2025-12-30,WWW@COE
UW-Whitewater,Richie Warren,defense,15,30,10,2025-12-30,WWW@COE
UW-Whitewater,Richie Warren,defense,15,20,13,2025-12-30,WWW@COE
UW-Whitewater,Richie Warren,defense,5,20,6,2025-12-30,WWW@COE
UW-Whitewater,Luke Bara,defense,25,30,2,2025-12-30,WWW@COE
UW-Whitewater,Collin Madson,defense,10,35,5,2025-12-30,WWW@COE
UW-Whitewater,Collin Madson,defense,10,20,15,2025-12-30,WWW@COE
UW-Whitewater,Jake Quast,defense,15,15,24,2025-12-30,WWW@COE
UW-Whitewater,Jake Quast,defense,15,10,42,2025-12-30,WWW@COE
UW-Whitewater,Jake Quast,defense,10,10,13,2025-12-30,WWW@COE
UW-Whitewater,Jake Quast,defense,5,10,6,2025-12-30,WWW@COE
Coe Kohawks,Aaron Foote,offense,20,0,1,2025-12-30,WWW@COE
Coe Kohawks,Aaron Foote,offense,35,10,3,2025-12-30,WWW@COE
Coe Kohawks,Aaron Foote,offense,15,5,7,2025-12-30,WWW@COE
Coe Kohawks,Aaron Foote,offense,15,10,4,2025-12-30,WWW@COE
UW-Whitewater,Collin Madson,defense,5,10,4,2025-12-30,WWW@COE
UW-Whitewater,Joey Berezowitz,defense,5,20,13,2025-12-30,WWW@COE
UW-Whitewater,Joey Berezowitz,defense,0,20,63,2025-12-30,WWW@COE
UW-Whitewater,Joey Berezowitz,defense,0,15,51,2025-12-30,WWW@COE
UW-Whitewater,Joey Berezowitz,defense,0,10,3,2025-12-30,WWW@COE
UW-Whitewater,Richie Warren,defense,40,0,4,2025-12-30,WWW@COE
UW-Whitewater,TEAM,defense,40,0,10,2025-12-30,WWW@COE
UW-Whitewater,Richie Warren,defense,35,0,4,2025-12-30,WWW@COE
UW-Whitewater,TEAM,defense,35,0,25,2025-12-30,WWW@COE
Coe Kohawks,Kanyon Bryte,offense,5,10,9,2025-12-30,WWW@COE
UW-Whitewater,Jake Quast,defense,0,20,75,2025-12-30,WWW@COE
UW-Whitewater,Jake Quast,defense,0,25,18,2025-12-30,WWW@COE
UW-Whitewater,Jake Quast,defense,15,20,33,2025-12-30,WWW@COE
UW-Whitewater,Jake Quast,defense,15,25,10,2025-12-30,WWW@COE
UW-Whitewater,Jake Quast,defense,10,25,14,2025-12-30,WWW@COE
UW-Whitewater,Jake Quast,offense,30,15,40,2025-12-30,WWW@COE
UW-Whitewater,Jake Quast,offense,25,10,18,2025-12-30,WWW@COE
UW-Whitewater,Jake Quast,offense,30,5,12,2025-12-30,WWW@COE
UW-Whitewater,Jake Quast,offense,20,0,5,2025-12-30,WWW@COE
UW-Whitewater,Jake Quast,offense,25,5,12,2025-12-30,WWW@COE
UW-Whitewater,Jake Quast,offense,30,25,23,2025-12-30,WWW@COE
UW-Whitewater,Jake Quast,offense,30,40,2,2025-12-30,WWW@COE
UW-Whitewater,TEAM,offense,30,40,25,2025-12-30,WWW@COE
Coe Kohawks,Kanyon Bryte,defense,10,35,1,2025-12-30,WWW@COE
Coe Kohawks,Kanyon Bryte,defense,10,40,3,2025-12-30,WWW@COE
Coe Kohawks,Kanyon Bryte,defense,10,45,1,2025-12-30,WWW@COE
UW-Whitewater,Tyshawn Teague-Johnson,offense,0,20,170,2025-12-30,WWW@COE
UW-Whitewater,Tyshawn Teague-Johnson,offense,0,25,35,2025-12-30,WWW@COE
UW-Whitewater,Tyshawn Teague-Johnson,offense,5,25,42,2025-12-30,WWW@COE
UW-Whitewater,Tyshawn Teague-Johnson,offense,5,35,4,2025-12-30,WWW@COE
UW-Whitewater,Tyshawn Teague-Johnson,offense,10,45,1,2025-12-30,WWW@COE
UW-Whitewater,Collin Madson,offense,0,15,19,2025-12-30,WWW@COE
UW-Whitewater,Collin Madson,offense,0,25,8,2025-12-30,WWW@COE
UW-Whitewater,Kelton McEwen,offense,0,15,84,2025-12-30,WWW@COE
UW-Whitewater,Kelton McEwen,offense,0,20,105,2025-12-30,WWW@COE
UW-Whitewater,Kelton McEwen,offense,5,15,3,2025-12-30,WWW@COE
UW-Whitewater,Kelton McEwen,offense,10,30,31,2025-12-30,WWW@COE
UW-Whitewater,Luke Bara,offense,15,0,7,2025-12-30,WWW@COE
UW-Whitewater,Luke Bara,offense,5,15,2,2025-12-30,WWW@COE
UW-Whitewater,Luke Bara,offense,5,20,9,2025-12-30,WWW@COE
Coe Kohawks,Aaron Foote,defense,30,15,3,2025-12-30,WWW@COE
Coe Kohawks,Aaron Foote,defense,30,20,3,2025-12-30,WWW@COE
Coe Kohawks,Aaron Foote,defense,30,25,2,2025-12-30,WWW@COE
Coe Kohawks,Aaron Foote,defense,30,35,2,2025-12-30,WWW@COE
Coe Kohawks,Aaron Foote,defense,25,40,5,2025-12-30,WWW@COE
Coe Kohawks,Aaron Foote,defense,30,40,1,2025-12-30,WWW@COE
Coe Kohawks,Aaron Foote,defense,30,45,1,2025-12-30,WWW@COE
Coe Kohawks,Cooper Nailor,defense,15,25,29,2025-12-30,WWW@COE
Coe Kohawks,Cooper Nailor,defense,5,40,1,2025-12-30,WWW@COE
Coe Kohawks,TEAM,defense,5,40,4,2025-12-30,WWW@COE
Coe Kohawks,Deuce Walters,defense,30,25,25,2025-12-30,WWW@COE
UW-Whitewater,Luke Bara,offense,30,30,14,2025-12-30,WWW@COE
UW-Whitewater,Collin Madson,offense,15,10,13,2025-12-30,WWW@COE
UW-Whitewater,Collin Madson,offense,20,20,20,2025-12-30,WWW@COE
UW-Whitewater,Collin Madson,offense,20,5,2,2025-12-30,WWW@COE
Coe Kohawks,Deuce Walters,defense,20,15,89,2025-12-30,WWW@COE
Coe Kohawks,Cooper Nailor,defense,20,5,64,2025-12-30,WWW@COE
UW-Whitewater,Kelton McEwen,offense,15,10,26,2025-12-30,WWW@COE
UW-Whitewater,Kelton McEwen,offense,15,15,50,2025-12-30,WWW@COE
UW-Whitewater,Kelton McEwen,offense,20,20,38,2025-12-30,WWW@COE
UW-Whitewater,Kelton McEwen,offense,30,10,8,2025-12-30,WWW@COE
UW-Whitewater,Kelton McEwen,offense,25,10,20,2025-12-30,WWW@COE
Coe Kohawks,Ryan Dolphin,defense,10,20,18,2025-12-30,WWW@COE
Coe Kohawks,Ryan Dolphin,defense,10,25,4,2025-12-30,WWW@COE
Coe Kohawks,Ryan Dolphin,defense,20,25,39,2025-12-30,WWW@COE
Coe Kohawks,Ryan Dolphin,defense,20,30,16,2025-12-30,WWW@COE
Coe Kohawks,Ryan Dolphin,defense,25,30,50,2025-12-30,WWW@COE
Coe Kohawks,Ryan Dolphin,defense,20,5,25,2025-12-30,WWW@COE
Coe Kohawks,Ryan Dolphin,defense,25,5,24,2025-12-30,WWW@COE
Coe Kohawks,Ryan Dolphin,defense,30,5,33,2025-12-30,WWW@COE
Coe Kohawks,Aaron Foote,defense,30,0,1,2025-12-30,WWW@COE
Coe Kohawks,Aaron Foote,defense,30,5,7,2025-12-30,WWW@COE
Coe Kohawks,Aaron Foote,defense,35,0,1,2025-12-30,WWW@COE
Coe Kohawks,Aaron Foote,defense,35,5,4,2025-12-30,WWW@COE
Coe Kohawks,Aaron Foote,defense,40,0,1,2025-12-30,WWW@COE
Coe Kohawks,TEAM,defense,40,0,29,2025-12-30,WWW@COE
Coe Kohawks,Aaron Foote,defense,35,10,10,2025-12-30,WWW@COE
Coe Kohawks,Aaron Foote,defense,40,10,3,2025-12-30,WWW@COE
Coe Kohawks,Aaron Foote,defense,45,5,2,2025-12-30,WWW@COE
UW-Whitewater,Tyshawn Teague-Johnson,offense,25,5,9,2025-12-30,WWW@COE
UW-Whitewater,Tyshawn Teague-Johnson,offense,20,0,12,2025-12-30,WWW@COE
UW-Whitewater,Tyshawn Teague-Johnson,offense,20,5,21,2025-12-30,WWW@COE
Coe Kohawks,Aaron Foote,defense,20,5,6,2025-12-30,WWW@COE
Coe Kohawks,Aaron Foote,defense,15,5,13,2025-12-30,WWW@COE
Coe Kohawks,Aaron Foote,defense,15,10,25,2025-12-30,WWW@COE
UW-Whitewater,Jake Quast,offense,25,25,28,2025-12-30,WWW@COE
UW-Whitewater,Jake Quast,offense,20,30,15,2025-12-30,WWW@COE
UW-Whitewater,Jake Quast,offense,20,35,3,2025-12-30,WWW@COE
UW-Whitewater,Jake Quast,offense,25,35,16,2025-12-30,WWW@COE
UW-Whitewater,Jake Quast,offense,25,30,13,2025-12-30,WWW@COE
UW-Whitewater,Kelton McEwen,defense,10,20,11,2025-12-30,WWW@COE
UW-Whitewater,Kelton McEwen,defense,15,20,16,2025-12-30,WWW@COE
UW-Whitewater,Kelton McEwen,defense,0,25,6,2025-12-30,WWW@COE
UW-Whitewater,Kelton McEwen,defense,0,20,35,2025-12-30,WWW@COE
UW-Whitewater,Tyshawn Teague-Johnson,defense,35,20,19,2025-12-30,WWW@COE
UW-Whitewater,Tyshawn Teague-Johnson,defense,40,15,5,2025-12-30,WWW@COE
Coe Kohawks,Aaron Foote,offense,0,20,2,2025-12-30,WWW@COE
Coe Kohawks,Aaron Foote,offense,5,20,3,2025-12-30,WWW@COE
Coe Kohawks,Aaron Foote,offense,10,20,4,2025-12-30,WWW@COE
Coe Kohawks,Aaron Foote,offense,15,25,20,2025-12-30,WWW@COE
Coe Kohawks,Aaron Foote,offense,15,30,2,2025-12-30,WWW@COE
UW-Whitewater,Jake Quast,defense,30,20,45,2025-12-30,WWW@COE
UW-Whitewater,Jake Quast,defense,30,15,72,2025-12-30,WWW@COE
UW-Whitewater,Jake Quast,defense,35,10,25,2025-12-30,WWW@COE
UW-Whitewater,Jake Quast,defense,10,5,8,2025-12-30,WWW@COE
UW-Whitewater,Jake Quast,defense,20,15,26,2025-12-30,WWW@COE
UW-Whitewater,Jake Quast,defense,15,5,19,2025-12-30,WWW@COE
UW-Whitewater,Jake Quast,defense,10,0,3,2025-12-30,WWW@COE
Coe Kohawks,Ryan Dolphin,offense,20,5,20,2025-12-30,WWW@COE
UW-Whitewater,Luke Bara,defense,20,0,5,2025-12-30,WWW@COE
UW-Whitewater,Luke Bara,defense,25,0,6,2025-12-30,WWW@COE
UW-Whitewater,Kelton McEwen,defense,0,10,8,2025-12-30,WWW@COE
UW-Whitewater,Kelton McEwen,defense,10,10,29,2025-12-30,WWW@COE
UW-Whitewater,Kelton McEwen,defense,0,5,4,2025-12-30,WWW@COE
UW-Whitewater,Tyshawn Teague-Johnson,defense,0,20,104,2025-12-30,WWW@COE
Coe Kohawks,Ryan Dolphin,offense,0,10,2,2025-12-30,WWW@COE
Coe Kohawks,Ryan Dolphin,offense,5,10,23,2025-12-30,WWW@COE
Coe Kohawks,Ryan Dolphin,offense,10,20,11,2025-12-30,WWW@COE
UW-Whitewater,Collin Madson,defense,0,10,23,2025-12-30,WWW@COE
UW-Whitewater,Kelton McEwen,defense,25,5,15,2025-12-30,WWW@COE
UW-Whitewater,Kelton McEwen,defense,30,5,14,2025-12-30,WWW@COE
UW-Whitewater,Kelton McEwen,defense,40,15,23,2025-12-30,WWW@COE
UW-Whitewater,Luke Bara,defense,35,0,2,2025-12-30,WWW@COE
UW-Whitewater,Collin Madson,offense,30,30,5,2025-12-30,WWW@COE
UW-Whitewater,Collin Madson,offense,30,10,9,2025-12-30,WWW@COE
UW-Whitewater,Collin Madson,offense,35,10,3,2025-12-30,WWW@COE
UW-Whitewater,Collin Madson,offense,35,0,5,2025-12-30,WWW@COE
UW-Whitewater,Collin Madson,offense,35,5,3,2025-12-30,WWW@COE
Coe Kohawks,Deuce Walters,defense,20,45,2,2025-12-30,WWW@COE
UW-Whitewater,Luke Bara,offense,40,45,1,2025-12-30,WWW@COE
UW-Whitewater,Jake Quast,offense,40,30,3,2025-12-30,WWW@COE
Coe Kohawks,Aaron Foote,defense,25,5,4,2025-12-30,WWW@COE
Coe Kohawks,Aaron Foote,defense,5,5,8,2025-12-30,WWW@COE
Coe Kohawks,Aaron Foote,defense,15,15,4,2025-12-30,WWW@COE
Coe Kohawks,Aaron Foote,defense,15,0,2,2025-12-30,WWW@COE
Coe Kohawks,Aaron Foote,defense,20,0,1,2025-12-30,WWW@COE
Coe Kohawks,Ryan Dolphin,defense,10,10,36,2025-12-30,WWW@COE
Coe Kohawks,Ryan Dolphin,defense,10,5,39,2025-12-30,WWW@COE
UW-Whitewater,Luke Bara,offense,20,0,8,2025-12-30,WWW@COE
UW-Whitewater,Luke Bara,offense,5,0,1,2025-12-30,WWW@COE
UW-Whitewater,Luke Bara,offense,5,5,6,2025-12-30,WWW@COE
UW-Whitewater,Luke Bara,offense,0,5,7,2025-12-30,WWW@COE
UW-Whitewater,Tyshawn Teague-Johnson,offense,10,5,9,2025-12-30,WWW@COE
UW-Whitewater,Tyshawn Teague-Johnson,offense,5,5,4,2025-12-30,WWW@COE
UW-Whitewater,Tyshawn Teague-Johnson,offense,5,0,4,2025-12-30,WWW@COE
UW-Whitewater,Tyshawn Teague-Johnson,offense,0,5,4,2025-12-30,WWW@COE
UW-Whitewater,Kelton McEwen,offense,30,35,5,2025-12-30,WWW@COE
UW-Whitewater,Kelton McEwen,offense,35,30,9,2025-12-30,WWW@COE
UW-Whitewater,Kelton McEwen,offense,30,30,10,2025-12-30,WWW@COE
UW-Whitewater,Kelton McEwen,offense,25,30,14,2025-12-30,WWW@COE
UW-Whitewater,Jake Quast,offense,10,15,11,2025-12-30,WWW@COE
UW-Whitewater,Jake Quast,offense,10,10,19,2025-12-30,WWW@COE
UW-Whitewater,Jake Quast,offense,20,5,4,2025-12-30,WWW@COE
UW-Whitewater,Jake Quast,offense,40,0,5,2025-12-30,WWW@COE
Coe Kohawks,Ryan Dolphin,defense,25,35,19,2025-12-30,WWW@COE
UW-Whitewater,Luke Bara,offense,5,10,1,2025-12-30,WWW@COE
Coe Kohawks,Deuce Walters,defense,40,0,2,2025-12-30,WWW@COE
Coe Kohawks,Aaron Foote,offense,0,40,1,2025-12-30,WWW@COE
Coe Kohawks,Aaron Foote,offense,5,35,1,2025-12-30,WWW@COE
Coe Kohawks,Aaron Foote,offense,10,40,2,2025-12-30,WWW@COE
Coe Kohawks,Aaron Foote,offense,5,15,2,2025-12-30,WWW@COE
Coe Kohawks,Deuce Walters,offense,25,40,22,2025-12-30,WWW@COE
Coe Kohawks,Cooper Nailor,offense,20,30,38,2025-12-30,WWW@COE
Coe Kohawks,Kanyon Bryte,offense,5,45,1,2025-12-30,WWW@COE
Coe Kohawks,Ryan Dolphin,offense,10,25,19,2025-12-30,WWW@COE
Coe Kohawks,Ryan Dolphin,offense,5,15,6,2025-12-30,WWW@COE
Coe Kohawks,Ryan Dolphin,offense,5,20,6,2025-12-30,WWW@COE
Coe Kohawks,Ryan Dolphin,offense,35,25,23,2025-12-30,WWW@COE
UW-Whitewater,Kelton McEwen,defense,15,30,7,2025-12-30,WWW@COE
UW-Whitewater,Kelton McEwen,defense,20,30,17,2025-12-30,WWW@COE
UW-Whitewater,Kelton McEwen,defense,25,25,22,2025-12-30,WWW@COE
UW-Whitewater,Kelton McEwen,defense,20,20,5,2025-12-30,WWW@COE
UW-Whitewater,Kelton McEwen,defense,20,15,22,2025-12-30,WWW@COE
UW-Whitewater,Kelton McEwen,defense,40,10,10,2025-12-30,WWW@COE
UW-Whitewater,Kelton McEwen,defense,30,10,20,2025-12-30,WWW@COE
UW-Whitewater,Kelton McEwen,defense,35,15,17,2025-12-30,WWW@COE
UW-Whitewater,Kelton McEwen,defense,25,10,26,2025-12-30,WWW@COE
UW-Whitewater,Tyshawn Teague-Johnson,defense,25,35,15,2025-12-30,WWW@COE
UW-Whitewater,Jake Quast,defense,15,30,9,2025-12-30,WWW@COE
UW-Whitewater,Jake Quast,defense,30,10,34,2025-12-30,WWW@COE
UW-Whitewater,Jake Quast,defense,35,20,26,2025-12-30,WWW@COE
UW-Whitewater,Jake Quast,defense,20,10,23,2025-12-30,WWW@COE
UW-Whitewater,Jake Quast,defense,5,0,4,2025-12-30,WWW@COE
UW-Whitewater,Collin Madson,defense,5,35,1,2025-12-30,WWW@COE
Coe Kohawks,Aaron Foote,offense,30,15,1,2025-12-30,WWW@COE
Coe Kohawks,Aaron Foote,offense,30,25,3,2025-12-30,WWW@COE
Coe Kohawks,Aaron Foote,offense,0,0,1,2025-12-30,WWW@COE
Coe Kohawks,TEAM,offense,0,0,24,2025-12-30,WWW@COE
UW-Whitewater,Kelton McEwen,defense,35,20,15,2025-12-30,WWW@COE
UW-Whitewater,Kelton McEwen,defense,40,20,7,2025-12-30,WWW@COE
UW-Whitewater,Tyshawn Teague-Johnson,defense,25,25,26,2025-12-30,WWW@COE
UW-Whitewater,Tyshawn Teague-Johnson,defense,15,20,56,2025-12-30,WWW@COE
UW-Whitewater,Tyshawn Teague-Johnson,defense,25,15,34,2025-12-30,WWW@COE
UW-Whitewater,Tyshawn Teague-Johnson,defense,30,20,59,2025-12-30,WWW@COE
UW-Whitewater,Tyshawn Teague-Johnson,defense,30,15,28,2025-12-30,WWW@COE
Coe Kohawks,Deuce Walters,offense,45,30,8,2025-12-30,WWW@COE
UW-Whitewater,Jake Quast,defense,35,15,32,2025-12-30,WWW@COE
UW-Whitewater,Luke Bara,defense,10,30,21,2025-12-30,WWW@COE
Coe Kohawks,Aaron Foote,offense,20,45,1,2025-12-30,WWW@COE
Coe Kohawks,Aaron Foote,offense,15,45,2,2025-12-30,WWW@COE
Coe Kohawks,Aaron Foote,offense,15,40,2,2025-12-30,WWW@COE
Coe Kohawks,TEAM,offense,15,40,75,2025-12-30,WWW@COE
Coe Kohawks,Aaron Foote,offense,15,35,1,2025-12-30,WWW@COE
UW-Whitewater,Jake Quast,defense,30,5,10,2025-12-30,WWW@COE
UW-Whitewater,Jake Quast,defense,35,5,3,2025-12-30,WWW@COE
UW-Whitewater,Kelton McEwen,defense,0,35,3,2025-12-30,WWW@COE
UW-Whitewater,Kelton McEwen,defense,15,35,3,2025-12-30,WWW@COE
UW-Whitewater,Kelton McEwen,defense,10,30,8,2025-12-30,WWW@COE
UW-Whitewater,Kelton McEwen,defense,5,30,8,2025-12-30,WWW@COE
UW-Whitewater,Kelton McEwen,defense,10,25,7,2025-12-30,WWW@COE
UW-Whitewater,Kelton McEwen,defense,20,25,19,2025-12-30,WWW@COE
UW-Whitewater,Kelton McEwen,defense,25,20,19,2025-12-30,WWW@COE
UW-Whitewater,Tyshawn Teague-Johnson,defense,20,20,42,2025-12-30,WWW@COE
UW-Whitewater,Tyshawn Teague-Johnson,defense,20,15,51,2025-12-30,WWW@COE
UW-Whitewater,Ryan Dolphin,defense,30,20,6,2025-12-30,WWW@COE
UW-Whitewater,Ryan Dolphin,defense,30,15,8,2025-12-30,WWW@COE
UW-Whitewater,Ryan Dolphin,defense,30,10,3,2025-12-30,WWW@COE
UW-Whitewater,Ryan Dolphin,defense,40,15,1,2025-12-30,WWW@COE
UW-Whitewater,JR Lukenbill,defense,30,10,45,2025-12-30,WWW@COE
UW-Whitewater,JR Lukenbill,defense,25,10,27,2025-12-30,WWW@COE
UW-Whitewater,JR Lukenbill,defense,25,5,14,2025-12-30,WWW@COE
UW-Whitewater,JR Lukenbill,defense,20,5,34,2025-12-30,WWW@COE
UW-Whitewater,JR Lukenbill,defense,20,10,18,2025-12-30,WWW@COE
UW-Whitewater,JR Lukenbill,defense,25,15,17,2025-12-30,WWW@COE
UW-Whitewater,JR Lukenbill,defense,15,10,55,2025-12-30,WWW@COE
UW-Whitewater,JR Lukenbill,defense,15,5,38,2025-12-30,WWW@COE
UW-Whitewater,JR Lukenbill,defense,15,0,20,2025-12-30,WWW@COE
UW-Whitewater,JR Lukenbill,defense,20,0,6,2025-12-30,WWW@COE
UW-Whitewater,JR Lukenbill,defense,25,0,3,2025-12-30,WWW@COE
UW-Whitewater,Jake Quast,defense,20,5,46,2025-12-30,WWW@COE
UW-Whitewater,Jake Quast,defense,15,0,4,2025-12-30,WWW@COE
UW-Whitewater,Jake Quast,defense,30,25,27,2025-12-30,WWW@COE
UW-Whitewater,Jake Quast,defense,35,25,14,2025-12-30,WWW@COE
UW-Whitewater,Jake Quast,defense,35,0,2,2025-12-30,WWW@COE
Coe Kohawks,Aaron Foote,offense,15,0,5,2025-12-30,WWW@COE
Coe Kohawks,Aaron Foote,offense,10,0,4,2025-12-30,WWW@COE
Coe Kohawks,Aaron Foote,offense,5,5,1,2025-12-30,WWW@COE
UW-Whitewater,Kelton McEwen,defense,30,15,30,2025-12-30,WWW@COE
UW-Whitewater,Kelton McEwen,defense,30,20,14,2025-12-30,WWW@COE
UW-Whitewater,Kelton McEwen,defense,30,30,12,2025-12-30,WWW@COE
UW-Whitewater,Kelton McEwen,defense,25,15,31,2025-12-30,WWW@COE
UW-Whitewater,Kelton McEwen,defense,20,35,11,2025-12-30,WWW@COE
UW-Whitewater,Tyshawn Teague-Johnson,defense,45,25,8,2025-12-30,WWW@COE
UW-Whitewater,TEAM,defense,45,25,25,2025-12-30,WWW@COE
UW-Whitewater,Tyshawn Teague-Johnson,defense,45,30,7,2025-12-30,WWW@COE
UW-Whitewater,TEAM,defense,45,30,24,2025-12-30,WWW@COE
UW-Whitewater,Tyshawn Teague-Johnson,defense,40,20,5,2025-12-30,WWW@COE
UW-Whitewater,Tyshawn Teague-Johnson,defense,35,15,26,2025-12-30,WWW@COE
UW-Whitewater,Tyshawn Teague-Johnson,defense,35,10,16,2025-12-30,WWW@COE
UW-Whitewater,Tyshawn Teague-Johnson,defense,30,5,6,2025-12-30,WWW@COE
UW-Whitewater,Tyshawn Teague-Johnson,defense,25,0,7,2025-12-30,WWW@COE
UW-Whitewater,Tyshawn Teague-Johnson,defense,20,0,12,2025-12-30,WWW@COE
UW-Whitewater,Tyshawn Teague-Johnson,defense,5,5,9,2025-12-30,WWW@COE
UW-Whitewater,Tyshawn Teague-Johnson,defense,5,10,9,2025-12-30,WWW@COE
UW-Whitewater,Tyshawn Teague-Johnson,defense,0,10,22,2025-12-30,WWW@COE
UW-Whitewater,Tyshawn Teague-Johnson,defense,5,15,10,2025-12-30,WWW@COE
UW-Whitewater,Tyshawn Teague-Johnson,defense,10,15,26,2025-12-30,WWW@COE
UW-Whitewater,Tyshawn Teague-Johnson,defense,10,20,33,2025-12-30,WWW@COE
UW-Whitewater,Tyshawn Teague-Johnson,defense,15,25,23,2025-12-30,WWW@COE
UW-Whitewater,Tyshawn Teague-Johnson,defense,20,25,23,2025-12-30,WWW@COE
UW-Whitewater,Tyshawn Teague-Johnson,defense,20,30,16,2025-12-30,WWW@COE
UW-Whitewater,Tyshawn Teague-Johnson,defense,15,30,8,2025-12-30,WWW@COE
UW-Whitewater,Tyshawn Teague-Johnson,defense,15,35,13,2025-12-30,WWW@COE
Coe Kohawks,Ryan Dolphin,offense,45,30,4,2025-12-30,WWW@COE
Coe Kohawks,Ryan Dolphin,offense,40,25,22,2025-12-30,WWW@COE
Coe Kohawks,Ryan Dolphin,offense,45,15,5,2025-12-30,WWW@COE
Coe Kohawks,Tyshawn Teague-Johnson,offense,30,10,2,2025-12-30,WWW@COE
Coe Kohawks,Tyshawn Teague-Johnson,offense,25,10,4,2025-12-30,WWW@COE
Coe Kohawks,Tyshawn Teague-Johnson,offense,25,15,1,2025-12-30,WWW@COE
Coe Kohawks,Tyshawn Teague-Johnson,offense,20,10,4,2025-12-30,WWW@COE
Coe Kohawks,Tyshawn Teague-Johnson,offense,15,5,6,2025-12-30,WWW@COE
Coe Kohawks,Tyshawn Teague-Johnson,offense,10,0,5,2025-12-30,WWW@COE
Coe Kohawks,Tyshawn Teague-Johnson,offense,5,0,9,2025-12-30,WWW@COE
Coe Kohawks,Tyshawn Teague-Johnson,offense,15,0,1,2025-12-30,WWW@COE
Coe Kohawks,Tyshawn Teague-Johnson,offense,20,0,1,2025-12-30,WWW@COE
Coe Kohawks,Tyshawn Teague-Johnson,offense,25,0,2,2025-12-30,WWW@COE
Coe Kohawks,Tyshawn Teague-Johnson,offense,30,5,2,2025-12-30,WWW@COE
Coe Kohawks,Tyshawn Teague-Johnson,offense,35,5,2,2025-12-30,WWW@COE
Coe Kohawks,Tyshawn Teague-Johnson,offense,35,10,2,2025-12-30,WWW@COE
Coe Kohawks,Tyshawn Teague-Johnson,offense,40,10,1,2025-12-30,WWW@COE
Coe Kohawks,Tyshawn Teague-Johnson,offense,40,15,4,2025-12-30,WWW@COE
Coe Kohawks,Tyshawn Teague-Johnson,offense,40,20,3,2025-12-30,WWW@COE
Coe Kohawks,Tyshawn Teague-Johnson,offense,40,25,2,2025-12-30,WWW@COE
Coe Kohawks,Tyshawn Teague-Johnson,offense,35,25,3,2025-12-30,WWW@COE
Coe Kohawks,Tyshawn Teague-Johnson,offense,35,30,6,2025-12-30,WWW@COE
Coe Kohawks,Tyshawn Teague-Johnson,offense,35,35,4,2025-12-30,WWW@COE
Coe Kohawks,Tyshawn Teague-Johnson,offense,35,40,4,2025-12-30,WWW@COE
Coe Kohawks,Jackson Bowman,offense,30,35,64,2025-12-30,WWW@COE
Coe Kohawks,Ryan Dolphin,offense,20,0,7,2025-12-30,WWW@COE
Coe Kohawks,Ryan Dolphin,offense,25,0,3,2025-12-30,WWW@COE
UW-Whitewater,Jake Quast,defense,25,25,35,2025-12-30,WWW@COE
UW-Whitewater,Jake Quast,defense,25,30,11,2025-12-30,WWW@COE
UW-Whitewater,Jake Quast,defense,25,35,5,2025-12-30,WWW@COE
UW-Whitewater,Jake Quast,defense,30,35,3,2025-12-30,WWW@COE
UW-Whitewater,JR Lukenbill,defense,0,20,14,2025-12-30,WWW@COE
UW-Whitewater,JR Lukenbill,defense,0,15,14,2025-12-30,WWW@COE
Coe Kohawks,Jackson Bowman,defense,25,45,5,2025-12-30,WWW@COE
UW-Whitewater,Tyshawn Teague-Johnson,offense,5,45,1,2025-12-30,WWW@COE
UW-Whitewater,Tyshawn Teague-Johnson,offense,10,40,6,2025-12-30,WWW@COE
Coe Kohawks,C. Reece Breitenbach,defense,10,25,2,2025-12-30,WWW@COE
Coe Kohawks,C. Reece Breitenbach,defense,20,20,15,2025-12-30,WWW@COE
UW-Whitewater,Joey Berezowitz,offense,10,45,1,2025-12-30,WWW@COE
UW-Whitewater,Joey Berezowitz,offense,15,35,2,2025-12-30,WWW@COE
UW-Whitewater,Joey Berezowitz,offense,45,40,1,2025-12-30,WWW@COE
UW-Whitewater,Kelton McEwen,offense,40,45,1,2025-12-30,WWW@COE
UW-Whitewater,Kelton McEwen,offense,40,40,1,2025-12-30,WWW@COE
UW-Whitewater,Kelton McEwen,offense,40,35,2,2025-12-30,WWW@COE
UW-Whitewater,Kelton McEwen,offense,40,30,3,2025-12-30,WWW@COE
UW-Whitewater,Kelton McEwen,offense,35,35,6,2025-12-30,WWW@COE
UW-Whitewater,Jake Quast,offense,30,35,6,2025-12-30,WWW@COE
UW-Whitewater,Jake Quast,offense,30,30,7,2025-12-30,WWW@COE
UW-Whitewater,Jake Quast,offense,20,20,51,2025-12-30,WWW@COE
UW-Whitewater,Jake Quast,offense,15,15,11,2025-12-30,WWW@COE
UW-Whitewater,Jake Quast,offense,15,5,7,2025-12-30,WWW@COE
UW-Whitewater,Jake Quast,offense,5,0,3,2025-12-30,WWW@COE
UW-Whitewater,Jake Quast,offense,0,15,37,2025-12-30,WWW@COE
UW-Whitewater,Jake Quast,offense,0,20,62,2025-12-30,WWW@COE
UW-Whitewater,Jake Quast,offense,0,25,39,2025-12-30,WWW@COE
Coe Kohawks,Ryan Dolphin,defense,35,20,26,2025-12-30,WWW@COE
Coe Kohawks,Ryan Dolphin,defense,20,15,35,2025-12-30,WWW@COE
Coe Kohawks,Ryan Dolphin,defense,15,10,32,2025-12-30,WWW@COE
Coe Kohawks,Ryan Dolphin,defense,10,15,26,2025-12-30,WWW@COE
Coe Kohawks,Aaron Foote,defense,35,35,7,2025-12-30,WWW@COE
Coe Kohawks,Aaron Foote,defense,35,40,2,2025-12-30,WWW@COE
Coe Kohawks,Aaron Foote,defense,35,25,1,2025-12-30,WWW@COE
Coe Kohawks,Aaron Foote,defense,30,10,6,2025-12-30,WWW@COE
Coe Kohawks,Aaron Foote,defense,45,10,5,2025-12-30,WWW@COE
UW-Whitewater,JR Lukenbill,offense,20,30,10,2025-12-30,WWW@COE
UW-Whitewater,JR Lukenbill,offense,10,40,6,2025-12-30,WWW@COE
UW-Whitewater,JR Lukenbill,offense,10,35,11,2025-12-30,WWW@COE
UW-Whitewater,JR Lukenbill,offense,10,30,12,2025-12-30,WWW@COE
UW-Whitewater,JR Lukenbill,offense,5,30,13,2025-12-30,WWW@COE
UW-Whitewater,JR Lukenbill,offense,10,25,22,2025-12-30,WWW@COE
UW-Whitewater,JR Lukenbill,offense,15,25,24,2025-12-30,WWW@COE
UW-Whitewater,JR Lukenbill,offense,15,30,19,2025-12-30,WWW@COE
UW-Whitewater,JR Lukenbill,offense,10,20,14,2025-12-30,WWW@COE
UW-Whitewater,JR Lukenbill,offense,10,15,23,2025-12-30,WWW@COE
UW-Whitewater,JR Lukenbill,offense,15,15,14,2025-12-30,WWW@COE
UW-Whitewater,JR Lukenbill,offense,20,10,8,2025-12-30,WWW@COE
UW-Whitewater,JR Lukenbill,offense,20,0,6,2025-12-30,WWW@COE
UW-Whitewater,JR Lukenbill,offense,15,5,5,2025-12-30,WWW@COE
UW-Whitewater,JR Lukenbill,offense,15,10,27,2025-12-30,WWW@COE
UW-Whitewater,JR Lukenbill,offense,5,5,1,2025-12-30,WWW@COE
UW-Whitewater,JR Lukenbill,offense,5,10,12,2025-12-30,WWW@COE
UW-Whitewater,JR Lukenbill,offense,10,10,16,2025-12-30,WWW@COE
UW-Whitewater,JR Lukenbill,offense,10,5,1,2025-12-30,WWW@COE
Coe Kohawks,Cooper Nailor,defense,35,35,17,2025-12-30,WWW@COE
UW-Whitewater,Tyshawn Teague-Johnson,offense,45,5,13,2025-12-30,WWW@COE
UW-Whitewater,Tyshawn Teague-Johnson,offense,25,20,12,2025-12-30,WWW@COE
UW-Whitewater,Tyshawn Teague-Johnson,offense,20,20,9,2025-12-30,WWW@COE
UW-Whitewater,Tyshawn Teague-Johnson,offense,15,25,18,2025-12-30,WWW@COE
UW-Whitewater,Tyshawn Teague-Johnson,offense,15,20,14,2025-12-30,WWW@COE
UW-Whitewater,Tyshawn Teague-Johnson,offense,10,15,13,2025-12-30,WWW@COE
UW-Whitewater,Tyshawn Teague-Johnson,offense,10,20,31,2025-12-30,WWW@COE
Coe Kohawks,Ryan Dolphin,defense,25,20,51,2025-12-30,WWW@COE
Coe Kohawks,Ryan Dolphin,defense,40,25,3,2025-12-30,WWW@COE
Coe Kohawks,Ryan Dolphin,defense,35,25,11,2025-12-30,WWW@COE
UW-Whitewater,Kelton McEwen,offense,45,5,7,2025-12-30,WWW@COE
UW-Whitewater,Kelton McEwen,offense,35,15,14,2025-12-30,WWW@COE
UW-Whitewater,Kelton McEwen,offense,30,20,7,2025-12-30,WWW@COE
UW-Whitewater,Kelton McEwen,offense,35,20,6,2025-12-30,WWW@COE
UW-Whitewater,Kelton McEwen,offense,35,25,4,2025-12-30,WWW@COE
UW-Whitewater,Kelton McEwen,offense,45,30,2,2025-12-30,WWW@COE
UW-Whitewater,TEAM,offense,45,30,8,2025-12-30,WWW@COE
UW-Whitewater,Kelton McEwen,offense,45,25,1,2025-12-30,WWW@COE
UW-Whitewater,Kelton McEwen,offense,40,25,4,2025-12-30,WWW@COE
UW-Whitewater,Tyshawn Teague-Johnson,offense,35,15,18,2025-12-30,WWW@COE
UW-Whitewater,Tyshawn Teague-Johnson,offense,40,15,7,2025-12-30,WWW@COE
UW-Whitewater,Tyshawn Teague-Johnson,offense,35,20,19,2025-12-30,WWW@COE
Coe Kohawks,Jackson Bowman,defense,10,20,20,2025-12-30,WWW@COE
Coe Kohawks,C. Reece Breitenbach,defense,30,0,6,2025-12-30,WWW@COE
UW-Whitewater,Tyshawn Teague-Johnson,offense,35,30,16,2025-12-30,WWW@COE
UW-Whitewater,Tyshawn Teague-Johnson,offense,40,30,9,2025-12-30,WWW@COE
UW-Whitewater,Tyshawn Teague-Johnson,offense,40,25,5,2025-12-30,WWW@COE
UW-Whitewater,Tyshawn Teague-Johnson,offense,30,20,8,2025-12-30,WWW@COE
UW-Whitewater,Jake Quast,offense,40,5,7,2025-12-30,WWW@COE
UW-Whitewater,Kelton McEwen,offense,40,5,2,2025-12-30,WWW@COE
UW-Whitewater,Joey Berezowitz,offense,15,30,5,2025-12-30,WWW@COE
UW-Whitewater,Joey Berezowitz,offense,20,30,5,2025-12-30,WWW@COE
UW-Whitewater,Jake Quast,defense,45,25,5,2025-12-30,WWW@COE
UW-Whitewater,Jake Quast,defense,30,30,7,2025-12-30,WWW@COE
UW-Whitewater,Joey Berezowitz,defense,30,25,12,2025-12-30,WWW@COE
UW-Whitewater,JR Lukenbill,defense,30,0,11,2025-12-30,WWW@COE
UW-Whitewater,JR Lukenbill,defense,35,5,7,2025-12-30,WWW@COE
UW-Whitewater,JR Lukenbill,defense,35,10,9,2025-12-30,WWW@COE
UW-Whitewater,JR Lukenbill,defense,40,10,12,2025-12-30,WWW@COE
UW-Whitewater,JR Lukenbill,defense,40,15,14,2025-12-30,WWW@COE
UW-Whitewater,JR Lukenbill,defense,45,10,5,2025-12-30,WWW@COE
UW-Whitewater,JR Lukenbill,defense,45,5,3,2025-12-30,WWW@COE
UW-Whitewater,JR Lukenbill,defense,45,15,9,2025-12-30,WWW@COE
UW-Whitewater,Tyshawn Teague-Johnson,defense,45,10,3,2025-12-30,WWW@COE
UW-Whitewater,Jake Quast,defense,40,10,5,2025-12-30,WWW@COE
UW-Whitewater,Joey Berezowitz,defense,45,15,3,2025-12-30,WWW@COE
UW-Whitewater,Joey Berezowitz,defense,45,20,10,2025-12-30,WWW@COE
UW-Whitewater,Jake Quast,defense,40,15,15,2025-12-30,WWW@COE
UW-Whitewater,Jake Quast,defense,40,25,4,2025-12-30,WWW@COE
Coe Kohawks,TEAM,offense,25,45,27,2025-12-30,WWW@COE
Coe Kohawks,Jackson Newell,offense,5,40,3,2025-12-30,WWW@COE
Coe Kohawks,Jackson Newell,offense,5,30,6,2025-12-30,WWW@COE
Coe Kohawks,Jackson Newell,offense,0,20,10,2025-12-30,WWW@COE
Coe Kohawks,Jackson Newell,offense,0,15,10,2025-12-30,WWW@COE
Coe Kohawks,Cooper Nailor,offense,40,35,24,2025-12-30,WWW@COE
Coe Kohawks,Cooper Nailor,offense,45,35,4,2025-12-30,WWW@COE
UW-Whitewater,Tyshawn Teague-Johnson,defense,25,20,43,2025-12-30,WWW@COE
UW-Whitewater,Tyshawn Teague-Johnson,defense,20,10,30,2025-12-30,WWW@COE
UW-Whitewater,Tyshawn Teague-Johnson,defense,15,10,35,2025-12-30,WWW@COE
UW-Whitewater,Tyshawn Teague-Johnson,defense,15,15,44,2025-12-30,WWW@COE
UW-Whitewater,Tyshawn Teague-Johnson,defense,5,20,12,2025-12-30,WWW@COE
UW-Whitewater,Tyshawn Teague-Johnson,defense,0,15,43,2025-12-30,WWW@COE
UW-Whitewater,Tyshawn Teague-Johnson,defense,0,25,23,2025-12-30,WWW@COE
UW-Whitewater,JR Lukenbill,defense,25,25,21,2025-12-30,WWW@COE
UW-Whitewater,JR Lukenbill,defense,15,20,24,2025-12-30,WWW@COE
UW-Whitewater,JR Lukenbill,defense,20,20,38,2025-12-30,WWW@COE
UW-Whitewater,JR Lukenbill,defense,20,25,17,2025-12-30,WWW@COE
UW-Whitewater,JR Lukenbill,defense,25,20,27,2025-12-30,WWW@COE
UW-Whitewater,JR Lukenbill,defense,10,15,39,2025-12-30,WWW@COE
UW-Whitewater,Jake Quast,defense,20,20,105,2025-12-30,WWW@COE
UW-Whitewater,Jake Quast,defense,25,20,21,2025-12-30,WWW@COE
UW-Whitewater,Jake Quast,defense,45,20,14,2025-12-30,WWW@COE
UW-Whitewater,Jake Quast,defense,45,15,5,2025-12-30,WWW@COE
UW-Whitewater,Jake Quast,defense,45,10,5,2025-12-30,WWW@COE
UW-Whitewater,Jake Quast,defense,40,20,8,2025-12-30,WWW@COE
UW-Whitewater,Jake Quast,defense,25,5,24,2025-12-30,WWW@COE
UW-Whitewater,Jake Quast,defense,25,0,2,2025-12-30,WWW@COE
Coe Kohawks,C. Reece Breitenbach,offense,0,5,7,2025-12-30,WWW@COE
Coe Kohawks,C. Reece Breitenbach,offense,5,5,12,2025-12-30,WWW@COE
Coe Kohawks,C. Reece Breitenbach,offense,10,10,8,2025-12-30,WWW@COE
Coe Kohawks,C. Reece Breitenbach,offense,10,0,4,2025-12-30,WWW@COE
Coe Kohawks,C. Reece Breitenbach,offense,5,10,6,2025-12-30,WWW@COE
UW-Whitewater,Kelton McEwen,defense,25,0,7,2025-12-30,WWW@COE
UW-Whitewater,Kelton McEwen,defense,20,5,16,2025-12-30,WWW@COE
UW-Whitewater,Kelton McEwen,defense,15,5,15,2025-12-30,WWW@COE
UW-Whitewater,Kelton McEwen,defense,10,5,3,2025-12-30,WWW@COE
UW-Whitewater,Kelton McEwen,defense,5,5,2,2025-12-30,WWW@COE
UW-Whitewater,Kelton McEwen,defense,10,0,8,2025-12-30,WWW@COE
UW-Whitewater,Joey Berezowitz,defense,0,25,13,2025-12-30,WWW@COE
Coe Kohawks,Ryan Dolphin,offense,10,15,5,2025-12-30,WWW@COE
Coe Kohawks,Jackson Bowman,offense,5,30,1,2025-12-30,WWW@COE
Coe Kohawks,Jackson Newell,offense,40,20,9,2025-12-30,WWW@COE
Coe Kohawks,Jackson Newell,offense,40,25,2,2025-12-30,WWW@COE
Coe Kohawks,Jackson Newell,offense,35,25,8,2025-12-30,WWW@COE
Coe Kohawks,Jackson Newell,offense,30,30,7,2025-12-30,WWW@COE
Coe Kohawks,Jackson Newell,offense,25,25,11,2025-12-30,WWW@COE
Coe Kohawks,Jackson Newell,offense,25,20,6,2025-12-30,WWW@COE
Coe Kohawks,Jackson Newell,offense,20,15,13,2025-12-30,WWW@COE
Coe Kohawks,Jackson Newell,offense,15,15,6,2025-12-30,WWW@COE
Coe Kohawks,Jackson Newell,offense,10,20,7,2025-12-30,WWW@COE
Coe Kohawks,Jackson Newell,offense,5,20,15,2025-12-30,WWW@COE
UW-Whitewater,Kelton McEwen,defense,35,10,16,2025-12-30,WWW@COE
UW-Whitewater,Kelton McEwen,defense,10,15,6,2025-12-30,WWW@COE
Coe Kohawks,Jackson Bowman,offense,5,15,16,2025-12-30,WWW@COE
Coe Kohawks,Cooper Nailor,offense,20,0,6,2025-12-30,WWW@COE
UW-Whitewater,JR Lukenbill,defense,10,25,2,2025-12-30,WWW@COE
UW-Whitewater,Tyshawn Teague-Johnson,defense,30,10,6,2025-12-30,WWW@COE
UW-Whitewater,Joey Berezowitz,offense,45,15,2,2025-12-30,WWW@COE
UW-Whitewater,Joey Berezowitz,offense,25,15,6,2025-12-30,WWW@COE
Coe Kohawks,Ryan Dolphin,defense,35,45,1,2025-12-30,WWW@COE
Coe Kohawks,Ryan Dolphin,defense,30,40,4,2025-12-30,WWW@COE
UW-Whitewater,Jake Quast,offense,20,25,14,2025-12-30,WWW@COE
Coe Kohawks,Jackson Newell,defense,20,35,5,2025-12-30,WWW@COE
Coe Kohawks,Jackson Newell,defense,15,35,3,2025-12-30,WWW@COE
Coe Kohawks,Jackson Newell,defense,15,25,16,2025-12-30,WWW@COE
Coe Kohawks,Jackson Newell,defense,15,30,3,2025-12-30,WWW@COE
Coe Kohawks,Jackson Newell,defense,25,20,10,2025-12-30,WWW@COE
Coe Kohawks,Jackson Newell,defense,30,15,46,2025-12-30,WWW@COE
Coe Kohawks,Jackson Newell,defense,20,15,42,2025-12-30,WWW@COE
Coe Kohawks,Jackson Newell,defense,15,10,21,2025-12-30,WWW@COE
Coe Kohawks,Jackson Newell,defense,15,15,57,2025-12-30,WWW@COE
Coe Kohawks,Jackson Newell,defense,15,20,24,2025-12-30,WWW@COE
Coe Kohawks,Jackson Newell,defense,20,30,3,2025-12-30,WWW@COE
Coe Kohawks,Jackson Newell,defense,40,25,1,2025-12-30,WWW@COE
Coe Kohawks,C. Reece Breitenbach,defense,45,20,1,2025-12-30,WWW@COE
Coe Kohawks,C. Reece Breitenbach,defense,45,15,1,2025-12-30,WWW@COE
Coe Kohawks,TEAM,defense,45,15,16,2025-12-30,WWW@COE
Coe Kohawks,C. Reece Breitenbach,defense,35,30,17,2025-12-30,WWW@COE
UW-Whitewater,Tyshawn Teague-Johnson,offense,45,15,17,2025-12-30,WWW@COE
UW-Whitewater,Kelton McEwen,offense,40,15,14,2025-12-30,WWW@COE
UW-Whitewater,Tyshawn Teague-Johnson,offense,10,35,3,2025-12-30,WWW@COE
UW-Whitewater,Tyshawn Teague-Johnson,offense,10,30,15,2025-12-30,WWW@COE
UW-Whitewater,Tyshawn Teague-Johnson,offense,10,25,10,2025-12-30,WWW@COE
UW-Whitewater,Tyshawn Teague-Johnson,offense,10,10,7,2025-12-30,WWW@COE
UW-Whitewater,Tyshawn Teague-Johnson,offense,15,10,11,2025-12-30,WWW@COE
UW-Whitewater,Tyshawn Teague-Johnson,offense,15,15,10,2025-12-30,WWW@COE
UW-Whitewater,Tyshawn Teague-Johnson,offense,30,10,34,2025-12-30,WWW@COE
UW-Whitewater,Tyshawn Teague-Johnson,offense,30,15,34,2025-12-30,WWW@COE
UW-Whitewater,Tyshawn Teague-Johnson,offense,20,25,17,2025-12-30,WWW@COE
Coe Kohawks,Jackson Bowman,defense,5,5,6,2025-12-30,WWW@COE
UW-Whitewater,JR Lukenbill,offense,0,10,12,2025-12-30,WWW@COE
Coe Kohawks,Ryan Dolphin,defense,20,20,40,2025-12-30,WWW@COE
Coe Kohawks,Ryan Dolphin,defense,30,25,16,2025-12-30,WWW@COE
UW-Whitewater,JR Lukenbill,offense,25,15,10,2025-12-30,WWW@COE
UW-Whitewater,JR Lukenbill,offense,25,20,17,2025-12-30,WWW@COE
UW-Whitewater,JR Lukenbill,offense,20,25,26,2025-12-30,WWW@COE
UW-Whitewater,JR Lukenbill,offense,15,20,25,2025-12-30,WWW@COE
UW-Whitewater,Jake Quast,offense,10,0,4,2025-12-30,WWW@COE
UW-Whitewater,TEAM,offense,10,0,32,2025-12-30,WWW@COE
UW-Whitewater,Tyshawn Teague-Johnson,defense,30,30,18,2025-12-30,WWW@COE
UW-Whitewater,Tyshawn Teague-Johnson,defense,30,25,13,2025-12-30,WWW@COE
UW-Whitewater,Tyshawn Teague-Johnson,defense,25,10,25,2025-12-30,WWW@COE
UW-Whitewater,Tyshawn Teague-Johnson,defense,20,5,27,2025-12-30,WWW@COE
UW-Whitewater,JR Lukenbill,defense,30,15,26,2025-12-30,WWW@COE
Coe Kohawks,Ryan Dolphin,offense,40,10,4,2025-12-30,WWW@COE
Coe Kohawks,Ryan Dolphin,offense,35,15,4,2025-12-30,WWW@COE
Coe Kohawks,Jackson Newell,offense,5,25,5,2025-12-30,WWW@COE
Coe Kohawks,Jackson Newell,offense,0,25,3,2025-12-30,WWW@COE
Coe Kohawks,Jackson Newell,offense,10,25,21,2025-12-30,WWW@COE
Coe Kohawks,Jackson Newell,offense,10,30,9,2025-12-30,WWW@COE
UW-Whitewater,Kelton McEwen,defense,0,15,8,2025-12-30,WWW@COE
UW-Whitewater,Jake Quast,defense,10,15,4,2025-12-30,WWW@COE
UW-Whitewater,Jake Quast,defense,5,25,4,2025-12-30,WWW@COE
Coe Kohawks,Jackson Newell,offense,15,5,6,2025-12-30,WWW@COE
UW-Whitewater,JR Lukenbill,defense,0,25,5,2025-12-30,WWW@COE
UW-Whitewater,JR Lukenbill,defense,5,25,3,2025-12-30,WWW@COE
Coe Kohawks,Cooper Nailor,offense,5,0,4,2025-12-30,WWW@COE
Coe Kohawks,Jackson Newell,offense,15,10,13,2025-12-30,WWW@COE
UW-Whitewater,Tyshawn Teague-Johnson,defense,40,10,2,2025-12-30,WWW@COE
Coe Kohawks,Jackson Bowman,defense,25,35,13,2025-12-30,WWW@COE
Coe Kohawks,Jackson Bowman,defense,20,5,67,2025-12-30,WWW@COE
UW-Whitewater,Kelton McEwen,offense,30,15,5,2025-12-30,WWW@COE
UW-Whitewater,Kelton McEwen,offense,45,15,2,2025-12-30,WWW@COE
UW-Whitewater,Jake Quast,offense,25,0,3,2025-12-30,WWW@COE
Coe Kohawks,C. Reece Breitenbach,defense,40,15,8,2025-12-30,WWW@COE
Coe Kohawks,C. Reece Breitenbach,defense,40,10,3,2025-12-30,WWW@COE
UW-Whitewater,Joey Berezowitz,offense,15,20,6,2025-12-30,WWW@COE
Coe Kohawks,Jackson Newell,defense,20,5,22,2025-12-30,WWW@COE
Coe Kohawks,Jackson Newell,defense,20,10,29,2025-12-30,WWW@COE
Coe Kohawks,Jackson Newell,defense,25,10,28,2025-12-30,WWW@COE
Coe Kohawks,Jackson Newell,defense,15,5,31,2025-12-30,WWW@COE
Coe Kohawks,Jackson Newell,defense,15,0,18,2025-12-30,WWW@COE
Coe Kohawks,Jackson Newell,defense,10,5,31,2025-12-30,WWW@COE
Coe Kohawks,Jackson Newell,defense,10,10,12,2025-12-30,WWW@COE
Coe Kohawks,Jackson Newell,defense,10,15,14,2025-12-30,WWW@COE
Coe Kohawks,Jackson Newell,defense,25,15,35,2025-12-30,WWW@COE
Coe Kohawks,Jackson Newell,defense,30,10,34,2025-12-30,WWW@COE
Coe Kohawks,Jackson Newell,defense,35,0,1,2025-12-30,WWW@COE
UW-Whitewater,Tyshawn Teague-Johnson,offense,20,15,16,2025-12-30,WWW@COE
UW-Whitewater,Tyshawn Teague-Johnson,offense,20,30,43,2025-12-30,WWW@COE
UW-Whitewater,Tyshawn Teague-Johnson,offense,15,5,11,2025-12-30,WWW@COE
UW-Whitewater,Tyshawn Teague-Johnson,offense,0,0,4,2025-12-30,WWW@COE
UW-Whitewater,TEAM,offense,0,0,6,2025-12-30,WWW@COE
UW-Whitewater,Tyshawn Teague-Johnson,offense,0,10,4,2025-12-30,WWW@COE
UW-Whitewater,Tyshawn Teague-Johnson,offense,5,20,17,2025-12-30,WWW@COE
UW-Whitewater,Tyshawn Teague-Johnson,offense,40,5,9,2025-12-30,WWW@COE
Coe Kohawks,Ryan Dolphin,defense,5,15,7,2025-12-30,WWW@COE
Coe Kohawks,Ryan Dolphin,defense,5,5,7,2025-12-30,WWW@COE
Coe Kohawks,Cooper Nailor,defense,30,0,7,2025-12-30,WWW@COE
Coe Kohawks,Cooper Nailor,defense,20,0,13,2025-12-30,WWW@COE
Coe Kohawks,Cooper Nailor,defense,15,0,4,2025-12-30,WWW@COE
UW-Whitewater,Jake Quast,offense,30,10,19,2025-12-30,WWW@COE
UW-Whitewater,JR Lukenbill,offense,45,15,5,2025-12-30,WWW@COE
UW-Whitewater,JR Lukenbill,offense,35,20,4,2025-12-30,WWW@COE
UW-Whitewater,JR Lukenbill,offense,35,15,6,2025-12-30,WWW@COE
UW-Whitewater,JR Lukenbill,offense,20,5,9,2025-12-30,WWW@COE
UW-Whitewater,JR Lukenbill,offense,0,15,122,2025-12-30,WWW@COE
UW-Whitewater,JR Lukenbill,offense,5,15,20,2025-12-30,WWW@COE
UW-Whitewater,JR Lukenbill,offense,5,20,9,2025-12-30,WWW@COE
UW-Whitewater,Kelton McEwen,offense,0,5,4,2025-12-30,WWW@COE
UW-Whitewater,Kelton McEwen,offense,10,10,6,2025-12-30,WWW@COE
UW-Whitewater,Kelton McEwen,offense,15,0,17,2025-12-30,WWW@COE
UW-Whitewater,Kelton McEwen,offense,20,0,3,2025-12-30,WWW@COE
UW-Whitewater,Kelton McEwen,offense,10,0,8,2025-12-30,WWW@COE
UW-Whitewater,Jake Quast,offense,15,0,7,2025-12-30,WWW@COE
UW-Whitewater,Jake Quast,offense,15,25,19,2025-12-30,WWW@COE
UW-Whitewater,JR Lukenbill,offense,25,5,40,2025-12-30,WWW@COE
UW-Whitewater,JR Lukenbill,offense,30,5,16,2025-12-30,WWW@COE
UW-Whitewater,JR Lukenbill,offense,30,15,11,2025-12-30,WWW@COE
UW-Whitewater,Kelton McEwen,offense,30,5,5,2025-12-30,WWW@COE
UW-Whitewater,Kelton McEwen,offense,35,5,2,2025-12-30,WWW@COE
UW-Whitewater,Kelton McEwen,offense,35,10,2,2025-12-30,WWW@COE
Coe Kohawks,Jackson Newell,offense,5,35,5,2025-12-30,WWW@COE
Coe Kohawks,Jackson Newell,offense,0,30,1,2025-12-30,WWW@COE
UW-Whitewater,JR Lukenbill,defense,20,40,2,2025-12-30,WWW@COE
UW-Whitewater,JR Lukenbill,defense,20,30,11,2025-12-30,WWW@COE
UW-Whitewater,JR Lukenbill,defense,10,20,10,2025-12-30,WWW@COE
UW-Whitewater,JR Lukenbill,defense,30,20,30,2025-12-30,WWW@COE
UW-Whitewater,JR Lukenbill,defense,35,20,12,2025-12-30,WWW@COE
UW-Whitewater,JR Lukenbill,defense,35,15,31,2025-12-30,WWW@COE
UW-Whitewater,Joey Berezowitz,defense,25,45,1,2025-12-30,WWW@COE
UW-Whitewater,TEAM,defense,25,45,7,2025-12-30,WWW@COE
Coe Kohawks,Ryan Dolphin,offense,0,45,1,2025-12-30,WWW@COE
Coe Kohawks,Ryan Dolphin,offense,5,40,3,2025-12-30,WWW@COE
Coe Kohawks,Ryan Dolphin,offense,5,35,1,2025-12-30,WWW@COE
Coe Kohawks,Ryan Dolphin,offense,10,35,7,2025-12-30,WWW@COE
Coe Kohawks,Ryan Dolphin,offense,15,35,18,2025-12-30,WWW@COE
Coe Kohawks,Ryan Dolphin,offense,20,35,23,2025-12-30,WWW@COE
Coe Kohawks,C. Reece Breitenbach,offense,15,40,4,2025-12-30,WWW@COE
Coe Kohawks,C. Reece Breitenbach,offense,15,35,5,2025-12-30,WWW@COE
Coe Kohawks,C. Reece Breitenbach,offense,10,30,6,2025-12-30,WWW@COE
Coe Kohawks,Cooper Nailor,offense,35,40,8,2025-12-30,WWW@COE
Coe Kohawks,Cooper Nailor,offense,25,45,5,2025-12-30,WWW@COE
Coe Kohawks,Cooper Nailor,offense,25,40,49,2025-12-30,WWW@COE
Coe Kohawks,Cooper Nailor,offense,40,0,5,2025-12-30,WWW@COE
Coe Kohawks,Cooper Nailor,offense,45,0,5,2025-12-30,WWW@COE
UW-Whitewater,Kelton McEwen,defense,5,35,3,2025-12-30,WWW@COE
UW-Whitewater,Kelton McEwen,defense,10,35,2,2025-12-30,WWW@COE
UW-Whitewater,Kelton McEwen,defense,0,30,8,2025-12-30,WWW@COE
UW-Whitewater,TEAM,defense,0,30,18,2025-12-30,WWW@COE
UW-Whitewater,Tyshawn Teague-Johnson,defense,10,5,2,2025-12-30,WWW@COE
UW-Whitewater,JR Lukenbill,defense,5,45,3,2025-12-30,WWW@COE
UW-Whitewater,TEAM,defense,5,45,17,2025-12-30,WWW@COE
UW-Whitewater,JR Lukenbill,defense,5,40,5,2025-12-30,WWW@COE
UW-Whitewater,TEAM,defense,5,40,24,2025-12-30,WWW@COE
Coe Kohawks,Jackson Newell,offense,45,10,6,2025-12-30,WWW@COE
Coe Kohawks,Jackson Newell,offense,45,15,2,2025-12-30,WWW@COE
Coe Kohawks,Jackson Newell,offense,20,25,6,2025-12-30,WWW@COE
Coe Kohawks,Jackson Newell,offense,20,10,8,2025-12-30,WWW@COE
Coe Kohawks,Jackson Newell,offense,20,5,6,2025-12-30,WWW@COE
Coe Kohawks,Jackson Newell,offense,15,0,3,2025-12-30,WWW@COE
UW-Whitewater,Jake Quast,defense,0,15,28,2025-12-30,WWW@COE
UW-Whitewater,Jake Quast,defense,5,15,5,2025-12-30,WWW@COE
Coe Kohawks,Jackson Bowman,offense,30,40,7,2025-12-30,WWW@COE
UW-Whitewater,JR Lukenbill,defense,10,10,28,2025-12-30,WWW@COE
UW-Whitewater,JR Lukenbill,defense,5,10,18,2025-12-30,WWW@COE
UW-Whitewater,Jake Quast,defense,5,5,1,2025-12-30,WWW@COE
Coe Kohawks,Cooper Nailor,offense,35,0,4,2025-12-30,WWW@COE
Coe Kohawks,Cooper Nailor,offense,35,5,90,2025-12-30,WWW@COE
UW-Whitewater,Kelton McEwen,defense,5,20,7,2025-12-30,WWW@COE
Coe Kohawks,Cooper Nailor,offense,20,40,14,2025-12-30,WWW@COE
Coe Kohawks,Ryan Dolphin,defense,25,45,1,2025-12-30,WWW@COE
UW-Whitewater,JR Lukenbill,offense,40,40,4,2025-12-30,WWW@COE
UW-Whitewater,JR Lukenbill,offense,45,40,1,2025-12-30,WWW@COE
UW-Whitewater,JR Lukenbill,offense,40,35,4,2025-12-30,WWW@COE
UW-Whitewater,JR Lukenbill,offense,35,30,11,2025-12-30,WWW@COE
UW-Whitewater,JR Lukenbill,offense,25,30,20,2025-12-30,WWW@COE
Coe Kohawks,Jackson Newell,defense,35,35,2,2025-12-30,WWW@COE
Coe Kohawks,Jackson Newell,defense,30,35,2,2025-12-30,WWW@COE
Coe Kohawks,Jackson Newell,defense,30,20,3,2025-12-30,WWW@COE
Coe Kohawks,Jackson Newell,defense,35,15,10,2025-12-30,WWW@COE
Coe Kohawks,Jackson Newell,defense,35,10,36,2025-12-30,WWW@COE
Coe Kohawks,Jackson Newell,defense,40,10,7,2025-12-30,WWW@COE
UW-Whitewater,Jake Quast,offense,15,35,1,2025-12-30,WWW@COE
UW-Whitewater,Jake Quast,offense,15,30,9,2025-12-30,WWW@COE
UW-Whitewater,Tyshawn Teague-Johnson,offense,30,35,8,2025-12-30,WWW@COE
UW-Whitewater,Tyshawn Teague-Johnson,offense,35,25,15,2025-12-30,WWW@COE
UW-Whitewater,Tyshawn Teague-Johnson,offense,30,5,20,2025-12-30,WWW@COE
UW-Whitewater,Tyshawn Teague-Johnson,offense,35,5,7,2025-12-30,WWW@COE
UW-Whitewater,Tyshawn Teague-Johnson,offense,40,0,1,2025-12-30,WWW@COE
UW-Whitewater,Kelton McEwen,offense,35,0,3,2025-12-30,WWW@COE
UW-Whitewater,Jake Quast,offense,0,0,1,2025-12-30,WWW@COE
UW-Whitewater,Joey Berezowitz,offense,35,0,2,2025-12-30,WWW@COE
UW-Whitewater,Kelton McEwen,offense,40,20,4,2025-12-30,WWW@COE
UW-Whitewater,Kelton McEwen,offense,45,20,4,2025-12-30,WWW@COE
Coe Kohawks,Jackson Newell,offense,0,45,3,2025-12-30,WWW@COE
Coe Kohawks,Jackson Newell,offense,15,40,4,2025-12-30,WWW@COE
Coe Kohawks,Jackson Newell,offense,15,35,2,2025-12-30,WWW@COE
Coe Kohawks,Jackson Newell,offense,15,30,8,2025-12-30,WWW@COE
Coe Kohawks,Jackson Newell,offense,20,30,8,2025-12-30,WWW@COE
Coe Kohawks,Ryan Dolphin,offense,25,40,10,2025-12-30,WWW@COE
UW-Whitewater,Jake Quast,defense,5,45,5,2025-12-30,WWW@COE
UW-Whitewater,Jake Quast,defense,5,35,2,2025-12-30,WWW@COE
UW-Whitewater,Jake Quast,defense,10,30,22,2025-12-30,WWW@COE
UW-Whitewater,Jake Quast,defense,5,30,1,2025-12-30,WWW@COE
UW-Whitewater,Kelton McEwen,defense,15,25,5,2025-12-30,WWW@COE
UW-Whitewater,JR Lukenbill,defense,15,15,27,2025-12-30,WWW@COE
UW-Whitewater,JR Lukenbill,defense,20,15,17,2025-12-30,WWW@COE
UW-Whitewater,JR Lukenbill,defense,10,0,5,2025-12-30,WWW@COE
UW-Whitewater,JR Lukenbill,defense,5,0,2,2025-12-30,WWW@COE
Coe Kohawks,C. Reece Breitenbach,offense,0,15,4,2025-12-30,WWW@COE
UW-Whitewater,Tyshawn Teague-Johnson,defense,35,5,7,2025-12-30,WWW@COE
UW-Whitewater,Tyshawn Teague-Johnson,defense,45,5,1,2025-12-30,WWW@COE
Coe Kohawks,Ryan Dolphin,offense,40,20,9,2025-12-30,WWW@COE
Coe Kohawks,Ryan Dolphin,offense,35,20,7,2025-12-30,WWW@COE
UW-Whitewater,JR Lukenbill,defense,30,25,13,2025-12-30,WWW@COE
Coe Kohawks,Jackson Newell,offense,30,10,16,2025-12-30,WWW@COE
Coe Kohawks,Jackson Newell,offense,30,5,25,2025-12-30,WWW@COE
UW-Whitewater,Tyshawn Teague-Johnson,defense,15,0,10,2025-12-30,WWW@COE
UW-Whitewater,Tyshawn Teague-Johnson,defense,15,5,29,2025-12-30,WWW@COE
UW-Whitewater,Jake Quast,defense,5,20,4,2025-12-30,WWW@COE
Coe Kohawks,Jackson Newell,offense,10,0,6,2025-12-30,WWW@COE
Coe Kohawks,Jackson Newell,offense,30,15,13,2025-12-30,WWW@COE
Coe Kohawks,Jackson Newell,offense,25,10,17,2025-12-30,WWW@COE
Coe Kohawks,Jackson Newell,offense,25,15,12,2025-12-30,WWW@COE
Coe Kohawks,Ryan Dolphin,offense,5,5,84,2025-12-30,WWW@COE
Coe Kohawks,Ryan Dolphin,offense,15,45,2,2025-12-30,WWW@COE
UW-Whitewater,Richie Warren,defense,0,25,25,2025-12-30,WWW@COE
UW-Whitewater,Richie Warren,defense,10,30,6,2025-12-30,WWW@COE
UW-Whitewater,Kelton McEwen,defense,20,10,10,2025-12-30,WWW@COE
UW-Whitewater,Kelton McEwen,defense,15,0,33,2025-12-30,WWW@COE
UW-Whitewater,Joey Berezowitz,defense,30,0,2,2025-12-30,WWW@COE
UW-Whitewater,Collin Madson,defense,30,40,1,2025-12-30,WWW@COE
UW-Whitewater,Collin Madson,defense,0,45,1,2025-12-30,WWW@COE
UW-Whitewater,Richie Warren,offense,15,35,3,2025-12-30,WWW@COE
UW-Whitewater,Richie Warren,offense,20,25,6,2025-12-30,WWW@COE
UW-Whitewater,Collin Madson,offense,40,40,7,2025-12-30,WWW@COE
UW-Whitewater,Collin Madson,offense,45,30,2,2025-12-30,WWW@COE
UW-Whitewater,Tyshawn Teague-Johnson,offense,25,10,18,2025-12-30,WWW@COE
UW-Whitewater,Kelton McEwen,offense,15,5,11,2025-12-30,WWW@COE
Coe Kohawks,Jackson Newell,defense,5,5,4,2025-12-30,WWW@COE
Coe Kohawks,Ryan Dolphin,defense,45,10,3,2025-12-30,WWW@COE
Coe Kohawks,Ryan Dolphin,defense,40,10,9,2025-12-30,WWW@COE
Coe Kohawks,Ryan Dolphin,defense,35,5,18,2025-12-30,WWW@COE
Coe Kohawks,Ryan Dolphin,defense,45,5,3,2025-12-30,WWW@COE
UW-Whitewater,Richie Warren,offense,10,15,8,2025-12-30,WWW@COE
Coe Kohawks,Jackson Bowman,defense,40,10,7,2025-12-30,WWW@COE
UW-Whitewater,Richie Warren,offense,0,5,4,2025-12-30,WWW@COE
UW-Whitewater,Tyshawn Teague-Johnson,defense,25,45,1,2025-12-30,WWW@COE
UW-Whitewater,Tyshawn Teague-Johnson,defense,25,30,7,2025-12-30,WWW@COE
UW-Whitewater,Tyshawn Teague-Johnson,defense,35,25,7,2025-12-30,WWW@COE
UW-Whitewater,Tyshawn Teague-Johnson,defense,10,25,10,2025-12-30,WWW@COE
UW-Whitewater,Kelton McEwen,defense,30,40,10,2025-12-30,WWW@COE
UW-Whitewater,Kelton McEwen,defense,30,25,7,2025-12-30,WWW@COE
Coe Kohawks,Jackson Bowman,offense,0,35,1,2025-12-30,WWW@COE
Coe Kohawks,C. Reece Breitenbach,offense,5,40,2,2025-12-30,WWW@COE
UW-Whitewater,Richie Warren,defense,0,0,1,2025-12-30,WWW@COE
Coe Kohawks,Ryan Dolphin,offense,0,20,1,2025-12-30,WWW@COE
Coe Kohawks,Ryan Dolphin,offense,0,15,6,2025-12-30,WWW@COE
Coe Kohawks,Ryan Dolphin,offense,0,0,3,2025-12-30,WWW@COE
Coe Kohawks,Ryan Dolphin,offense,5,0,17,2025-12-30,WWW@COE
Coe Kohawks,Ryan Dolphin,offense,10,0,11,2025-12-30,WWW@COE
Coe Kohawks,Ryan Dolphin,offense,15,0,8,2025-12-30,WWW@COE
UW-Whitewater,Collin Madson,defense,5,25,10,2025-12-30,WWW@COE
UW-Whitewater,Joey Berezowitz,defense,0,30,1,2025-12-30,WWW@COE
Coe Kohawks,Jackson Newell,offense,40,15,6,2025-12-30,WWW@COE
Coe Kohawks,Jackson Newell,offense,40,10,11,2025-12-30,WWW@COE
Coe Kohawks,Jackson Newell,offense,35,15,3,2025-12-30,WWW@COE
Coe Kohawks,Jackson Newell,offense,35,20,25,2025-12-30,WWW@COE
UW-Whitewater,Kelton McEwen,defense,35,5,5,2025-12-30,WWW@COE
UW-Whitewater,Kelton McEwen,defense,15,15,15,2025-12-30,WWW@COE
UW-Whitewater,Kelton McEwen,defense,15,10,10,2025-12-30,WWW@COE
UW-Whitewater,Kelton McEwen,defense,40,25,5,2025-12-30,WWW@COE
UW-Whitewater,Joey Berezowitz,defense,45,25,3,2025-12-30,WWW@COE
UW-Whitewater,Collin Madson,defense,35,5,10,2025-12-30,WWW@COE
UW-Whitewater,Collin Madson,defense,35,10,11,2025-12-30,WWW@COE
Coe Kohawks,Jackson Newell,offense,30,20,13,2025-12-30,WWW@COE
Coe Kohawks,Jackson Newell,offense,15,20,8,2025-12-30,WWW@COE
Coe Kohawks,Jackson Newell,offense,15,25,6,2025-12-30,WWW@COE
Coe Kohawks,Cooper Nailor,offense,5,25,4,2025-12-30,WWW@COE
Coe Kohawks,Cooper Nailor,offense,0,20,5,2025-12-30,WWW@COE
Coe Kohawks,Jackson Bowman,offense,5,0,9,2025-12-30,WWW@COE
UW-Whitewater,Richie Warren,defense,35,25,8,2025-12-30,WWW@COE
Coe Kohawks,Ryan Dolphin,offense,45,25,6,2025-12-30,WWW@COE
Coe Kohawks,Ryan Dolphin,offense,0,5,14,2025-12-30,WWW@COE
Coe Kohawks,Ryan Dolphin,offense,15,40,1,2025-12-30,WWW@COE
Coe Kohawks,Ryan Dolphin,offense,10,40,7,2025-12-30,WWW@COE
Coe Kohawks,Jackson Newell,offense,30,25,3,2025-12-30,WWW@COE
UW-Whitewater,Collin Madson,defense,15,35,2,2025-12-30,WWW@COE
UW-Whitewater,Collin Madson,defense,10,40,1,2025-12-30,WWW@COE
UW-Whitewater,Tyshawn Teague-Johnson,offense,40,20,8,2025-12-30,WWW@COE
UW-Whitewater,Tyshawn Teague-Johnson,offense,35,10,3,2025-12-30,WWW@COE
UW-Whitewater,Collin Madson,offense,40,15,5,2025-12-30,WWW@COE
UW-Whitewater,Collin Madson,offense,45,15,10,2025-12-30,WWW@COE
UW-Whitewater,Collin Madson,offense,45,25,7,2025-12-30,WWW@COE
UW-Whitewater,Richie Warren,offense,45,5,2,2025-12-30,WWW@COE
UW-Whitewater,Tyshawn Teague-Johnson,offense,30,30,30,2025-12-30,WWW@COE
UW-Whitewater,Tyshawn Teague-Johnson,offense,25,30,22,2025-12-30,WWW@COE
UW-Whitewater,Tyshawn Teague-Johnson,offense,25,25,15,2025-12-30,WWW@COE
UW-Whitewater,Tyshawn Teague-Johnson,offense,40,10,16,2025-12-30,WWW@COE
UW-Whitewater,Luke Bara,offense,25,0,5,2025-12-30,WWW@COE
UW-Whitewater,Luke Bara,offense,25,20,5,2025-12-30,WWW@COE
Coe Kohawks,Jackson Bowman,defense,30,0,11,2025-12-30,WWW@COE
Coe Kohawks,Jay Akin,defense,35,5,34,2025-12-30,WWW@COE
Coe Kohawks,Jay Akin,defense,25,10,6,2025-12-30,WWW@COE
Coe Kohawks,Jay Akin,defense,30,0,11,2025-12-30,WWW@COE
Coe Kohawks,Jay Akin,defense,40,15,5,2025-12-30,WWW@COE
Coe Kohawks,Jay Akin,defense,25,20,7,2025-12-30,WWW@COE
Coe Kohawks,Jay Akin,defense,20,15,11,2025-12-30,WWW@COE
Coe Kohawks,Jay Akin,defense,20,10,9,2025-12-30,WWW@COE
Coe Kohawks,Jay Akin,defense,20,5,16,2025-12-30,WWW@COE
Coe Kohawks,Jay Akin,defense,25,0,10,2025-12-30,WWW@COE
Coe Kohawks,Jay Akin,defense,25,5,30,2025-12-30,WWW@COE
Coe Kohawks,Jay Akin,defense,40,0,3,2025-12-30,WWW@COE
Coe Kohawks,Jay Akin,defense,40,5,6,2025-12-30,WWW@COE
Coe Kohawks,Jay Akin,defense,30,10,44,2025-12-30,WWW@COE
Coe Kohawks,Jay Akin,defense,30,15,62,2025-12-30,WWW@COE
Coe Kohawks,Ryan Dolphin,defense,40,15,5,2025-12-30,WWW@COE
Coe Kohawks,Ryan Dolphin,defense,45,20,4,2025-12-30,WWW@COE
Coe Kohawks,Tyshawn Teague-Johnson,defense,30,15,1,2025-12-30,WWW@COE
Coe Kohawks,Tyshawn Teague-Johnson,defense,25,0,1,2025-12-30,WWW@COE
Coe Kohawks,Cooper Nailor,defense,40,30,2,2025-12-30,WWW@COE
UW-Whitewater,Joey Berezowitz,offense,35,30,4,2025-12-30,WWW@COE
Coe Kohawks,Jackson Newell,defense,25,0,19,2025-12-30,WWW@COE
Coe Kohawks,Jackson Newell,defense,25,25,7,2025-12-30,WWW@COE
Coe Kohawks,Jackson Newell,defense,25,30,10,2025-12-30,WWW@COE
UW-Whitewater,Luke Bara,offense,20,5,17,2025-12-30,WWW@COE
UW-Whitewater,Richie Warren,offense,15,5,5,2025-12-30,WWW@COE
UW-Whitewater,Richie Warren,offense,15,10,5,2025-12-30,WWW@COE
UW-Whitewater,Richie Warren,offense,15,15,16,2025-12-30,WWW@COE
Coe Kohawks,Jackson Bowman,defense,35,0,3,2025-12-30,WWW@COE
Coe Kohawks,Jackson Bowman,defense,40,0,12,2025-12-30,WWW@COE
UW-Whitewater,Joey Berezowitz,offense,25,20,2,2025-12-30,WWW@COE
UW-Whitewater,Tyshawn Teague-Johnson,offense,20,10,51,2025-12-30,WWW@COE
Coe Kohawks,Jackson Newell,offense,35,30,5,2025-12-30,WWW@COE
Coe Kohawks,Jackson Newell,offense,40,40,2,2025-12-30,WWW@COE
Coe Kohawks,Ryan Dolphin,offense,20,40,5,2025-12-30,WWW@COE
Coe Kohawks,Jay Akin,offense,25,30,28,2025-12-30,WWW@COE
Coe Kohawks,Jay Akin,offense,20,30,10,2025-12-30,WWW@COE
UW-Whitewater,Tyshawn Teague-Johnson,defense,35,35,3,2025-12-30,WWW@COE
UW-Whitewater,Joey Berezowitz,defense,15,30,3,2025-12-30,WWW@COE
UW-Whitewater,Joey Berezowitz,defense,15,35,3,2025-12-30,WWW@COE
UW-Whitewater,Richie Warren,defense,25,40,3,2025-12-30,WWW@COE
UW-Whitewater,Luke Bara,offense,40,40,1,2025-12-30,WWW@COE
UW-Whitewater,Luke Bara,offense,40,30,4,2025-12-30,WWW@COE
UW-Whitewater,Tyshawn Teague-Johnson,offense,5,10,7,2025-12-30,WWW@COE
UW-Whitewater,Tyshawn Teague-Johnson,offense,25,35,6,2025-12-30,WWW@COE
UW-Whitewater,Collin Madson,offense,25,10,4,2025-12-30,WWW@COE
Coe Kohawks,Jackson Newell,defense,20,20,7,2025-12-30,WWW@COE
Coe Kohawks,Jackson Newell,defense,30,5,13,2025-12-30,WWW@COE
Coe Kohawks,Jay Akin,defense,20,20,9,2025-12-30,WWW@COE
Coe Kohawks,Jay Akin,defense,20,25,4,2025-12-30,WWW@COE
Coe Kohawks,Jay Akin,defense,15,20,3,2025-12-30,WWW@COE
Coe Kohawks,Jay Akin,defense,10,15,4,2025-12-30,WWW@COE
Coe Kohawks,Jay Akin,defense,10,5,17,2025-12-30,WWW@COE
Coe Kohawks,Jay Akin,defense,10,10,13,2025-12-30,WWW@COE
Coe Kohawks,Jay Akin,defense,5,30,1,2025-12-30,WWW@COE
UW-Whitewater,Joey Berezowitz,offense,40,0,1,2025-12-30,WWW@COE
UW-Whitewater,Richie Warren,offense,40,5,2,2025-12-30,WWW@COE
UW-Whitewater,Richie Warren,offense,10,5,1,2025-12-30,WWW@COE
Coe Kohawks,Ryan Dolphin,defense,30,30,11,2025-12-30,WWW@COE
Coe Kohawks,Jay Akin,offense,25,35,6,2025-12-30,WWW@COE
Coe Kohawks,Jay Akin,offense,20,35,4,2025-12-30,WWW@COE
Coe Kohawks,Jay Akin,offense,15,35,1,2025-12-30,WWW@COE
Coe Kohawks,Jay Akin,offense,30,30,39,2025-12-30,WWW@COE
Coe Kohawks,Jay Akin,offense,30,25,2,2025-12-30,WWW@COE
Coe Kohawks,Jay Akin,offense,20,25,15,2025-12-30,WWW@COE
Coe Kohawks,Jay Akin,offense,15,25,11,2025-12-30,WWW@COE
UW-Whitewater,Joey Berezowitz,defense,15,45,3,2025-12-30,WWW@COE
UW-Whitewater,TEAM,defense,15,45,13,2025-12-30,WWW@COE
UW-Whitewater,Tyshawn Teague-Johnson,defense,0,5,22,2025-12-30,WWW@COE
Coe Kohawks,Jackson Newell,offense,40,35,4,2025-12-30,WWW@COE
Coe Kohawks,Ryan Dolphin,offense,40,35,6,2025-12-30,WWW@COE
Coe Kohawks,Ryan Dolphin,offense,35,30,11,2025-12-30,WWW@COE
Coe Kohawks,Ryan Dolphin,offense,40,30,5,2025-12-30,WWW@COE
UW-Whitewater,Richie Warren,offense,30,45,3,2025-12-30,WWW@COE
UW-Whitewater,TEAM,offense,30,45,7,2025-12-30,WWW@COE
UW-Whitewater,Richie Warren,offense,30,40,5,2025-12-30,WWW@COE
Coe Kohawks,Jay Akin,defense,35,40,5,2025-12-30,WWW@COE
Coe Kohawks,Jay Akin,defense,35,30,2,2025-12-30,WWW@COE
Coe Kohawks,Jay Akin,defense,35,25,3,2025-12-30,WWW@COE
Coe Kohawks,Jay Akin,defense,30,35,1,2025-12-30,WWW@COE
Coe Kohawks,Jay Akin,defense,30,30,2,2025-12-30,WWW@COE
Coe Kohawks,Jay Akin,defense,20,0,3,2025-12-30,WWW@COE
Coe Kohawks,Jackson Newell,defense,35,25,1,2025-12-30,WWW@COE
Coe Kohawks,Jackson Newell,defense,35,20,3,2025-12-30,WWW@COE
Coe Kohawks,Jackson Newell,defense,40,15,3,2025-12-30,WWW@COE
Coe Kohawks,Jackson Newell,defense,45,10,1,2025-12-30,WWW@COE
Coe Kohawks,Ryan Dolphin,defense,10,35,1,2025-12-30,WWW@COE
Coe Kohawks,Ryan Dolphin,defense,10,40,2,2025-12-30,WWW@COE
Coe Kohawks,Ryan Dolphin,defense,15,35,3,2025-12-30,WWW@COE
Coe Kohawks,Ryan Dolphin,defense,15,30,6,2025-12-30,WWW@COE
Coe Kohawks,Ryan Dolphin,defense,45,30,9,2025-12-30,WWW@COE
Coe Kohawks,Ryan Dolphin,defense,40,30,7,2025-12-30,WWW@COE
UW-Whitewater,Joey Berezowitz,offense,15,15,9,2025-12-30,WWW@COE
UW-Whitewater,Tyshawn Teague-Johnson,offense,15,0,3,2025-12-30,WWW@COE
UW-Whitewater,Collin Madson,offense,40,0,1,2025-12-30,WWW@COE
Coe Kohawks,Jay Akin,defense,35,0,9,2025-12-30,WWW@COE
Coe Kohawks,Jay Akin,defense,30,5,58,2025-12-30,WWW@COE
Coe Kohawks,Jay Akin,defense,35,10,42,2025-12-30,WWW@COE
Coe Kohawks,Jay Akin,defense,35,15,13,2025-12-30,WWW@COE
Coe Kohawks,Jay Akin,defense,30,20,11,2025-12-30,WWW@COE
Coe Kohawks,Cooper Nailor,defense,35,0,4,2025-12-30,WWW@COE
UW-Whitewater,Joey Berezowitz,offense,30,20,5,2025-12-30,WWW@COE
Coe Kohawks,Jackson Newell,defense,45,30,2,2025-12-30,WWW@COE
Coe Kohawks,Jackson Newell,defense,40,30,2,2025-12-30,WWW@COE
Coe Kohawks,Jackson Newell,defense,20,25,5,2025-12-30,WWW@COE
UW-Whitewater,Richie Warren,offense,40,25,1,2025-12-30,WWW@COE
UW-Whitewater,Richie Warren,defense,20,45,1,2025-12-30,WWW@COE
UW-Whitewater,TEAM,defense,20,45,8,2025-12-30,WWW@COE
UW-Whitewater,Richie Warren,defense,25,35,1,2025-12-30,WWW@COE
UW-Whitewater,Richie Warren,defense,5,10,2,2025-12-30,WWW@COE
UW-Whitewater,Richie Warren,defense,5,15,5,2025-12-30,WWW@COE
Coe Kohawks,Jay Akin,offense,45,15,2,2025-12-30,WWW@COE
Coe Kohawks,Jay Akin,offense,30,20,5,2025-12-30,WWW@COE
Coe Kohawks,Jay Akin,offense,25,15,15,2025-12-30,WWW@COE
Coe Kohawks,Jay Akin,offense,30,15,3,2025-12-30,WWW@COE
Coe Kohawks,Jay Akin,offense,20,20,12,2025-12-30,WWW@COE
Coe Kohawks,Jay Akin,offense,25,20,38,2025-12-30,WWW@COE
Coe Kohawks,Jay Akin,offense,20,15,6,2025-12-30,WWW@COE
Coe Kohawks,Jay Akin,offense,30,5,6,2025-12-30,WWW@COE
Coe Kohawks,Jay Akin,offense,30,10,2,2025-12-30,WWW@COE
Coe Kohawks,Jay Akin,offense,25,25,29,2025-12-30,WWW@COE
Coe Kohawks,Cooper Nailor,defense,40,5,3,2025-12-30,WWW@COE
Coe Kohawks,Jay Akin,defense,30,25,3,2025-12-30,WWW@COE
Coe Kohawks,Jay Akin,defense,15,10,9,2025-12-30,WWW@COE
Coe Kohawks,Jay Akin,defense,15,5,17,2025-12-30,WWW@COE
Coe Kohawks,Jay Akin,defense,15,15,2,2025-12-30,WWW@COE
Coe Kohawks,Kanyon Bryte,defense,40,35,4,2025-12-30,WWW@COE
UW-Whitewater,Collin Madson,offense,30,5,5,2025-12-30,WWW@COE
UW-Whitewater,Collin Madson,offense,25,5,4,2025-12-30,WWW@COE
Coe Kohawks,Ryan Dolphin,offense,35,35,7,2025-12-30,WWW@COE
Coe Kohawks,Ryan Dolphin,offense,30,35,5,2025-12-30,WWW@COE
Coe Kohawks,Ryan Dolphin,offense,25,35,10,2025-12-30,WWW@COE
Coe Kohawks,Ryan Dolphin,offense,25,45,6,2025-12-30,WWW@COE
Coe Kohawks,Jay Akin,offense,35,20,2,2025-12-30,WWW@COE
Coe Kohawks,Jay Akin,offense,40,30,1,2025-12-30,WWW@COE
Coe Kohawks,Jay Akin,offense,35,40,2,2025-12-30,WWW@COE
Coe Kohawks,Jay Akin,offense,30,40,9,2025-12-30,WWW@COE
Coe Kohawks,Jay Akin,offense,30,35,8,2025-12-30,WWW@COE
Coe Kohawks,Jay Akin,offense,35,30,4,2025-12-30,WWW@COE
Coe Kohawks,Jay Akin,offense,35,35,1,2025-12-30,WWW@COE
Coe Kohawks,Cooper Nailor,offense,15,35,11,2025-12-30,WWW@COE
Coe Kohawks,Cooper Nailor,offense,15,40,11,2025-12-30,WWW@COE
Coe Kohawks,Jackson Bowman,offense,25,40,20,2025-12-30,WWW@COE
UW-Whitewater,TEAM,defense,35,45,35,2025-12-30,WWW@COE
Coe Kohawks,Ryan Dolphin,offense,35,45,1,2025-12-30,WWW@COE
UW-Whitewater,TEAM,defense,45,40,4,2025-12-30,WWW@COE
Coe Kohawks,Kanyon Bryte,offense,15,45,2,2025-12-30,WWW@COE
Coe Kohawks,Kanyon Bryte,offense,15,40,8,2025-12-30,WWW@COE
Coe Kohawks,Jackson Bowman,offense,30,45,1,2025-12-30,WWW@COE
UW-Whitewater,Tyshawn Teague-Johnson,defense,0,30,4,2025-12-30,WWW@COE
Coe Kohawks,Kanyon Bryte,offense,5,40,1,2025-12-30,WWW@COE
Coe Kohawks,Kanyon Bryte,offense,5,5,8,2025-12-30,WWW@COE
UW-Whitewater,Brock Marino,defense,45,10,3,2025-12-30,WWW@COE
Coe Kohawks,Cooper Nailor,offense,45,5,15,2025-12-30,WWW@COE
Coe Kohawks,Cooper Nailor,offense,40,10,12,2025-12-30,WWW@COE
Coe Kohawks,Jay Akin,offense,15,30,6,2025-12-30,WWW@COE
Coe Kohawks,Jay Akin,offense,10,25,4,2025-12-30,WWW@COE
Coe Kohawks,Ryan Dolphin,offense,45,10,5,2025-12-30,WWW@COE
Coe Kohawks,Ryan Dolphin,offense,40,15,5,2025-12-30,WWW@COE
Coe Kohawks,Jay Akin,offense,25,5,6,2025-12-30,WWW@COE
Coe Kohawks,Jay Akin,offense,30,0,2,2025-12-30,WWW@COE
Coe Kohawks,Jay Akin,offense,35,10,2,2025-12-30,WWW@COE
UW-Whitewater,Joey Berezowitz,offense,25,5,2,2025-12-30,WWW@COE
UW-Whitewater,Brock Marino,offense,10,15,2,2025-12-30,WWW@COE
UW-Whitewater,Brock Marino,offense,0,30,2,2025-12-30,WWW@COE
UW-Whitewater,Brock Marino,offense,0,35,2,2025-12-30,WWW@COE
UW-Whitewater,TEAM,offense,0,35,25,2025-12-30,WWW@COE
UW-Whitewater,Brock Marino,offense,0,45,1,2025-12-30,WWW@COE
UW-Whitewater,TEAM,offense,0,45,2,2025-12-30,WWW@COE
UW-Whitewater,Tyshawn Teague-Johnson,offense,25,15,41,2025-12-30,WWW@COE
UW-Whitewater,Tyshawn Teague-Johnson,offense,30,40,1,2025-12-30,WWW@COE
UW-Whitewater,Tyshawn Teague-Johnson,offense,30,45,2,2025-12-30,WWW@COE
Coe Kohawks,Jackson Bowman,defense,25,40,6,2025-12-30,WWW@COE
Coe Kohawks,Cooper Nailor,defense,15,40,10,2025-12-30,WWW@COE
UW-Whitewater,Luke Bara,offense,0,15,4,2025-12-30,WWW@COE
UW-Whitewater,Luke Bara,offense,0,35,3,2025-12-30,WWW@COE
UW-Whitewater,Joey Berezowitz,offense,30,40,1,2025-12-30,WWW@COE
UW-Whitewater,Joey Berezowitz,offense,20,45,2,2025-12-30,WWW@COE
Coe Kohawks,Ryan Dolphin,defense,20,40,3,2025-12-30,WWW@COE
Coe Kohawks,Ryan Dolphin,defense,25,40,3,2025-12-30,WWW@COE
UW-Whitewater,Collin Madson,offense,15,15,9,2025-12-30,WWW@COE
Coe Kohawks,Jackson Bowman,defense,0,15,2,2025-12-30,WWW@COE
UW-Whitewater,Luke Bara,offense,30,40,3,2025-12-30,WWW@COE
Coe Kohawks,Jay Akin,defense,30,40,2,2025-12-30,WWW@COE
Coe Kohawks,Jay Akin,defense,25,40,1,2025-12-30,WWW@COE
Coe Kohawks,Jay Akin,defense,25,30,2,2025-12-30,WWW@COE
Coe Kohawks,Jay Akin,defense,25,25,4,2025-12-30,WWW@COE
Coe Kohawks,Jay Akin,defense,40,10,1,2025-12-30,WWW@COE
UW-Whitewater,Tyshawn Teague-Johnson,offense,0,15,70,2025-12-30,WWW@COE
UW-Whitewater,Tyshawn Teague-Johnson,defense,10,10,20,2025-12-30,WWW@COE
Coe Kohawks,Jay Akin,offense,25,10,23,2025-12-30,WWW@COE
Coe Kohawks,Jay Akin,offense,20,10,16,2025-12-30,WWW@COE
Coe Kohawks,Jay Akin,offense,15,10,6,2025-12-30,WWW@COE
Coe Kohawks,Jay Akin,offense,15,15,11,2025-12-30,WWW@COE
Coe Kohawks,Jay Akin,offense,15,20,4,2025-12-30,WWW@COE
Coe Kohawks,Jay Akin,offense,10,20,3,2025-12-30,WWW@COE
Coe Kohawks,Jay Akin,offense,10,15,5,2025-12-30,WWW@COE
Coe Kohawks,Jay Akin,offense,20,5,5,2025-12-30,WWW@COE
Coe Kohawks,Kanyon Bryte,offense,30,0,3,2025-12-30,WWW@COE
UW-Whitewater,Luke Bara,defense,0,10,9,2025-12-30,WWW@COE
UW-Whitewater,Tyshawn Teague-Johnson,defense,45,15,2,2025-12-30,WWW@COE
UW-Whitewater,Tyshawn Teague-Johnson,defense,40,5,2,2025-12-30,WWW@COE
UW-Whitewater,Tyshawn Teague-Johnson,defense,5,25,6,2025-12-30,WWW@COE
UW-Whitewater,Brock Marino,defense,0,10,1,2025-12-30,WWW@COE
Coe Kohawks,Jackson Bowman,defense,10,40,3,2025-12-30,WWW@COE
UW-Whitewater,Brock Marino,offense,20,25,4,2025-12-30,WWW@COE
UW-Whitewater,Jake Quast,offense,20,45,2,2025-12-30,WWW@COE
UW-Whitewater,Jake Quast,offense,20,40,5,2025-12-30,WWW@COE
Coe Kohawks,Jay Akin,defense,40,35,1,2025-12-30,WWW@COE
Coe Kohawks,Jay Akin,defense,25,15,10,2025-12-30,WWW@COE
Coe Kohawks,Jay Akin,defense,35,20,4,2025-12-30,WWW@COE
Coe Kohawks,Jay Akin,defense,45,15,3,2025-12-30,WWW@COE
Coe Kohawks,Kanyon Bryte,defense,5,5,14,2025-12-30,WWW@COE
UW-Whitewater,Jake Quast,offense,35,35,3,2025-12-30,WWW@COE
UW-Whitewater,Jake Quast,offense,35,30,11,2025-12-30,WWW@COE
UW-Whitewater,Jake Quast,offense,35,25,15,2025-12-30,WWW@COE
UW-Whitewater,Jake Quast,offense,30,20,18,2025-12-30,WWW@COE
UW-Whitewater,Joey Berezowitz,offense,40,20,2,2025-12-30,WWW@COE
Coe Kohawks,Deuce Walters,defense,25,0,14,2025-12-30,WWW@COE
Coe Kohawks,Jackson Bowman,offense,0,0,7,2025-12-30,WWW@COE
Coe Kohawks,Jackson Bowman,offense,10,0,6,2025-12-30,WWW@COE
Coe Kohawks,Jackson Bowman,offense,25,0,3,2025-12-30,WWW@COE
UW-Whitewater,Collin Madson,defense,0,35,1,2025-12-30,WWW@COE
UW-Whitewater,Collin Madson,defense,0,30,3,2025-12-30,WWW@COE
UW-Whitewater,Jake Quast,defense,40,30,5,2025-12-30,WWW@COE
UW-Whitewater,Luke Bara,defense,40,30,1,2025-12-30,WWW@COE
UW-Whitewater,Luke Bara,defense,40,15,2,2025-12-30,WWW@COE
Coe Kohawks,Kanyon Bryte,offense,0,0,5,2025-12-30,WWW@COE
Coe Kohawks,Jay Akin,offense,20,0,3,2025-12-30,WWW@COE
Coe Kohawks,Jay Akin,offense,25,0,2,2025-12-30,WWW@COE
Coe Kohawks,Deuce Walters,offense,20,0,6,2025-12-30,WWW@COE
Coe Kohawks,Cooper Nailor,defense,35,40,5,2025-12-30,WWW@COE
Coe Kohawks,Cooper Nailor,defense,40,40,4,2025-12-30,WWW@COE
Coe Kohawks,TEAM,defense,40,40,15,2025-12-30,WWW@COE
Coe Kohawks,Jackson Bowman,defense,40,15,6,2025-12-30,WWW@COE
Coe Kohawks,Jackson Bowman,defense,45,15,4,2025-12-30,WWW@COE
Coe Kohawks,Jay Akin,defense,5,5,3,2025-12-30,WWW@COE
Coe Kohawks,Jay Akin,defense,0,5,3,2025-12-30,WWW@COE
Coe Kohawks,Jay Akin,defense,0,10,1,2025-12-30,WWW@COE
Coe Kohawks,Jay Akin,defense,5,10,12,2025-12-30,WWW@COE
Coe Kohawks,Jay Akin,defense,5,15,6,2025-12-30,WWW@COE
UW-Whitewater,Jake Quast,offense,25,20,35,2025-12-30,WWW@COE
UW-Whitewater,Jake Quast,offense,20,10,9,2025-12-30,WWW@COE
UW-Whitewater,Darius Chestnut,offense,15,20,25,2025-12-30,WWW@COE
UW-Whitewater,Darius Chestnut,offense,20,20,10,2025-12-30,WWW@COE
UW-Whitewater,Darius Chestnut,offense,20,25,22,2025-12-30,WWW@COE
UW-Whitewater,Darius Chestnut,offense,25,15,36,2025-12-30,WWW@COE
UW-Whitewater,Darius Chestnut,offense,25,5,19,2025-12-30,WWW@COE
Coe Kohawks,Kanyon Bryte,defense,15,30,13,2025-12-30,WWW@COE
UW-Whitewater,Darius Chestnut,offense,45,35,1,2025-12-30,WWW@COE
UW-Whitewater,TEAM,offense,45,35,6,2025-12-30,WWW@COE
UW-Whitewater,Luke Bara,defense,10,0,1,2025-12-30,WWW@COE
UW-Whitewater,Darius Chestnut,defense,0,10,2,2025-12-30,WWW@COE
UW-Whitewater,Darius Chestnut,defense,0,15,23,2025-12-30,WWW@COE
UW-Whitewater,Darius Chestnut,defense,5,15,4,2025-12-30,WWW@COE
UW-Whitewater,Darius Chestnut,defense,0,20,20,2025-12-30,WWW@COE
UW-Whitewater,Darius Chestnut,defense,0,25,3,2025-12-30,WWW@COE
UW-Whitewater,Darius Chestnut,defense,10,15,15,2025-12-30,WWW@COE
UW-Whitewater,Jake Quast,defense,25,15,16,2025-12-30,WWW@COE
UW-Whitewater,Jake Quast,defense,35,30,3,2025-12-30,WWW@COE
UW-Whitewater,Jake Quast,defense,35,35,5,2025-12-30,WWW@COE
Coe Kohawks,Jay Akin,offense,10,30,2,2025-12-30,WWW@COE
Coe Kohawks,Jay Akin,offense,0,25,1,2025-12-30,WWW@COE
Coe Kohawks,Jay Akin,offense,5,25,1,2025-12-30,WWW@COE
Coe Kohawks,Jay Akin,offense,5,20,3,2025-12-30,WWW@COE
Coe Kohawks,Jay Akin,offense,25,40,4,2025-12-30,WWW@COE
UW-Whitewater,Darius Chestnut,defense,15,15,43,2025-12-30,WWW@COE
UW-Whitewater,Darius Chestnut,defense,30,20,24,2025-12-30,WWW@COE
UW-Whitewater,Darius Chestnut,defense,35,25,9,2025-12-30,WWW@COE
UW-Whitewater,Darius Chestnut,defense,40,20,9,2025-12-30,WWW@COE
UW-Whitewater,Darius Chestnut,defense,45,25,1,2025-12-30,WWW@COE
Coe Kohawks,Jay Akin,defense,20,40,1,2025-12-30,WWW@COE
Coe Kohawks,Jay Akin,defense,25,35,1,2025-12-30,WWW@COE
Coe Kohawks,Jay Akin,defense,10,20,1,2025-12-30,WWW@COE
Coe Kohawks,Deuce Walters,defense,35,40,7,2025-12-30,WWW@COE
UW-Whitewater,Darius Chestnut,offense,35,35,5,2025-12-30,WWW@COE
UW-Whitewater,Darius Chestnut,offense,35,30,6,2025-12-30,WWW@COE
Coe Kohawks,Deuce Walters,defense,5,30,6,2025-12-30,WWW@COE
Coe Kohawks,Jay Akin,defense,20,30,1,2025-12-30,WWW@COE
UW-Whitewater,Brock Marino,defense,35,40,1,2025-12-30,WWW@COE
UW-Whitewater,Brock Marino,defense,35,35,1,2025-12-30,WWW@COE
UW-Whitewater,Brock Marino,defense,35,30,2,2025-12-30,WWW@COE
Coe Kohawks,Deuce Walters,offense,35,45,4,2025-12-30,WWW@COE
UW-Whitewater,Darius Chestnut,defense,5,35,2,2025-12-30,WWW@COE
UW-Whitewater,Darius Chestnut,defense,5,30,6,2025-12-30,WWW@COE
UW-Whitewater,Darius Chestnut,defense,10,25,11,2025-12-30,WWW@COE
UW-Whitewater,Darius Chestnut,defense,5,25,66,2025-12-30,WWW@COE
Coe Kohawks,Jackson Bowman,offense,40,25,7,2025-12-30,WWW@COE
UW-Whitewater,Jake Quast,defense,25,10,34,2025-12-30,WWW@COE
UW-Whitewater,Jake Quast,defense,20,25,26,2025-12-30,WWW@COE
Coe Kohawks,Jackson Bowman,offense,35,10,1,2025-12-30,WWW@COE
UW-Whitewater,Luke Bara,defense,0,0,1,2025-12-30,WWW@COE
UW-Whitewater,Brock Marino,defense,15,30,1,2025-12-30,WWW@COE
Coe Kohawks,Jackson Bowman,offense,0,20,2,2025-12-30,WWW@COE
UW-Whitewater,Darius Chestnut,defense,30,5,22,2025-12-30,WWW@COE
UW-Whitewater,Darius Chestnut,defense,30,10,58,2025-12-30,WWW@COE
UW-Whitewater,Darius Chestnut,defense,30,15,26,2025-12-30,WWW@COE
UW-Whitewater,Darius Chestnut,defense,25,15,13,2025-12-30,WWW@COE
UW-Whitewater,Luke Bara,offense,35,0,2,2025-12-30,WWW@COE
UW-Whitewater,Jake Quast,offense,35,5,8,2025-12-30,WWW@COE
UW-Whitewater,Darius Chestnut,offense,30,5,20,2025-12-30,WWW@COE
UW-Whitewater,Darius Chestnut,offense,20,5,27,2025-12-30,WWW@COE
UW-Whitewater,Brock Marino,offense,25,5,3,2025-12-30,WWW@COE
Coe Kohawks,Cooper Nailor,defense,5,15,7,2025-12-30,WWW@COE
UW-Whitewater,Darius Chestnut,offense,10,0,8,2025-12-30,WWW@COE
UW-Whitewater,Darius Chestnut,offense,15,0,4,2025-12-30,WWW@COE
UW-Whitewater,Darius Chestnut,offense,10,5,14,2025-12-30,WWW@COE
UW-Whitewater,Darius Chestnut,offense,10,10,18,2025-12-30,WWW@COE
UW-Whitewater,Darius Chestnut,offense,15,10,45,2025-12-30,WWW@COE
UW-Whitewater,Jake Quast,offense,25,15,55,2025-12-30,WWW@COE
Coe Kohawks,Kanyon Bryte,defense,40,0,4,2025-12-30,WWW@COE
Coe Kohawks,Cooper Nailor,defense,10,0,5,2025-12-30,WWW@COE
UW-Whitewater,Jake Quast,offense,35,15,14,2025-12-30,WWW@COE
UW-Whitewater,Darius Chestnut,offense,40,15,12,2025-12-30,WWW@COE
UW-Whitewater,Darius Chestnut,offense,35,15,8,2025-12-30,WWW@COE
Coe Kohawks,Deuce Walters,defense,35,0,4,2025-12-30,WWW@COE
Coe Kohawks,Deuce Walters,defense,25,5,78,2025-12-30,WWW@COE
UW-Whitewater,Luke Bara,offense,0,10,2,2025-12-30,WWW@COE
UW-Whitewater,Darius Chestnut,offense,40,20,6,2025-12-30,WWW@COE
UW-Whitewater,Darius Chestnut,offense,40,0,1,2025-12-30,WWW@COE
UW-Whitewater,Darius Chestnut,offense,25,0,5,2025-12-30,WWW@COE
UW-Whitewater,Darius Chestnut,offense,20,0,7,2025-12-30,WWW@COE
UW-Whitewater,Collin Madson,offense,30,0,1,2025-12-30,WWW@COE
UW-Whitewater,Brock Marino,offense,15,15,3,2025-12-30,WWW@COE
UW-Whitewater,Brock Marino,offense,20,20,34,2025-12-30,WWW@COE
Coe Kohawks,Cooper Nailor,defense,35,30,11,2025-12-30,WWW@COE
UW-Whitewater,Jake Quast,offense,30,0,7,2025-12-30,WWW@COE
UW-Whitewater,Darius Chestnut,defense,25,35,7,2025-12-30,WWW@COE
UW-Whitewater,Darius Chestnut,defense,25,30,4,2025-12-30,WWW@COE
UW-Whitewater,Darius Chestnut,defense,25,25,20,2025-12-30,WWW@COE
UW-Whitewater,Darius Chestnut,defense,20,25,15,2025-12-30,WWW@COE
UW-Whitewater,Darius Chestnut,defense,35,20,8,2025-12-30,WWW@COE
UW-Whitewater,Darius Chestnut,defense,40,15,7,2025-12-30,WWW@COE
UW-Whitewater,Darius Chestnut,defense,40,10,10,2025-12-30,WWW@COE
UW-Whitewater,Darius Chestnut,defense,20,20,26,2025-12-30,WWW@COE
UW-Whitewater,Darius Chestnut,defense,20,15,23,2025-12-30,WWW@COE
UW-Whitewater,Darius Chestnut,defense,15,5,14,2025-12-30,WWW@COE
UW-Whitewater,Darius Chestnut,defense,15,10,27,2025-12-30,WWW@COE
Coe Kohawks,Deuce Walters,offense,0,5,8,2025-12-30,WWW@COE
Coe Kohawks,Deuce Walters,offense,5,10,19,2025-12-30,WWW@COE
Coe Kohawks,Deuce Walters,offense,5,15,18,2025-12-30,WWW@COE
UW-Whitewater,Collin Madson,defense,5,45,2,2025-12-30,WWW@COE
UW-Whitewater,Collin Madson,defense,5,40,3,2025-12-30,WWW@COE
Coe Kohawks,Jay Akin,offense,5,15,2,2025-12-30,WWW@COE
Coe Kohawks,Jay Akin,offense,0,15,1,2025-12-30,WWW@COE
Coe Kohawks,Jay Akin,offense,0,10,1,2025-12-30,WWW@COE
Coe Kohawks,Jay Akin,offense,5,10,5,2025-12-30,WWW@COE
Coe Kohawks,Jay Akin,offense,0,5,2,2025-12-30,WWW@COE
Coe Kohawks,Jay Akin,offense,5,5,1,2025-12-30,WWW@COE
Coe Kohawks,Kanyon Bryte,offense,0,20,3,2025-12-30,WWW@COE
UW-Whitewater,Jake Quast,defense,0,10,2,2025-12-30,WWW@COE
UW-Whitewater,Luke Bara,defense,35,5,1,2025-12-30,WWW@COE
Coe Kohawks,Kanyon Bryte,defense,30,35,8,2025-12-30,WWW@COE
UW-Whitewater,Jake Quast,offense,45,10,13,2025-12-30,WWW@COE
UW-Whitewater,Jake Quast,offense,20,15,13,2025-12-30,WWW@COE
Coe Kohawks,Jay Akin,defense,45,10,3,2025-12-30,WWW@COE
Coe Kohawks,Deuce Walters,defense,35,35,7,2025-12-30,WWW@COE
Coe Kohawks,Deuce Walters,defense,10,0,3,2025-12-30,WWW@COE
UW-Whitewater,Darius Chestnut,offense,5,5,11,2025-12-30,WWW@COE
UW-Whitewater,Darius Chestnut,offense,0,5,9,2025-12-30,WWW@COE
UW-Whitewater,Darius Chestnut,offense,10,15,19,2025-12-30,WWW@COE
UW-Whitewater,Darius Chestnut,offense,15,5,8,2025-12-30,WWW@COE
UW-Whitewater,Darius Chestnut,offense,20,10,11,2025-12-30,WWW@COE
UW-Whitewater,Darius Chestnut,offense,20,15,27,2025-12-30,WWW@COE
UW-Whitewater,Darius Chestnut,offense,10,20,12,2025-12-30,WWW@COE
UW-Whitewater,Darius Chestnut,offense,30,10,18,2025-12-30,WWW@COE
Coe Kohawks,Deuce Walters,offense,25,45,8,2025-12-30,WWW@COE
Coe Kohawks,Austin Beeson,offense,25,40,11,2025-12-30,WWW@COE
Coe Kohawks,Austin Beeson,offense,25,35,27,2025-12-30,WWW@COE
Coe Kohawks,Austin Beeson,offense,30,30,5,2025-12-30,WWW@COE
Coe Kohawks,Austin Beeson,offense,30,20,2,2025-12-30,WWW@COE
Coe Kohawks,Austin Beeson,offense,30,15,2,2025-12-30,WWW@COE
Coe Kohawks,Austin Beeson,offense,30,10,7,2025-12-30,WWW@COE
Coe Kohawks,Austin Beeson,offense,30,5,5,2025-12-30,WWW@COE
Coe Kohawks,Austin Beeson,offense,25,5,4,2025-12-30,WWW@COE
UW-Whitewater,Jake Quast,defense,5,40,8,2025-12-30,WWW@COE
UW-Whitewater,Jake Quast,defense,10,35,4,2025-12-30,WWW@COE
UW-Whitewater,JR Lukenbill,defense,25,35,10,2025-12-30,WWW@COE
UW-Whitewater,JR Lukenbill,defense,30,30,16,2025-12-30,WWW@COE
UW-Whitewater,JR Lukenbill,defense,30,5,13,2025-12-30,WWW@COE
UW-Whitewater,Darius Chestnut,defense,35,10,28,2025-12-30,WWW@COE
Coe Kohawks,Cooper Nailor,defense,35,20,43,2025-12-30,WWW@COE
Coe Kohawks,Austin Beeson,defense,15,5,30,2025-12-30,WWW@COE
Coe Kohawks,Austin Beeson,defense,20,5,6,2025-12-30,WWW@COE
Coe Kohawks,Austin Beeson,defense,15,0,17,2025-12-30,WWW@COE
Coe Kohawks,Austin Beeson,defense,25,10,14,2025-12-30,WWW@COE
Coe Kohawks,Austin Beeson,defense,20,15,29,2025-12-30,WWW@COE
Coe Kohawks,Austin Beeson,defense,30,5,13,2025-12-30,WWW@COE
Coe Kohawks,Austin Beeson,defense,30,10,15,2025-12-30,WWW@COE
Coe Kohawks,Austin Beeson,defense,25,5,2,2025-12-30,WWW@COE
Coe Kohawks,Austin Beeson,defense,20,10,25,2025-12-30,WWW@COE
Coe Kohawks,Austin Beeson,defense,25,15,12,2025-12-30,WWW@COE
UW-Whitewater,JR Lukenbill,offense,45,10,7,2025-12-30,WWW@COE
UW-Whitewater,JR Lukenbill,offense,40,20,1,2025-12-30,WWW@COE
UW-Whitewater,Darius Chestnut,offense,30,15,22,2025-12-30,WWW@COE
UW-Whitewater,Darius Chestnut,offense,30,35,2,2025-12-30,WWW@COE
UW-Whitewater,Darius Chestnut,offense,20,30,14,2025-12-30,WWW@COE
UW-Whitewater,Darius Chestnut,offense,45,30,1,2025-12-30,WWW@COE
UW-Whitewater,JR Lukenbill,defense,40,5,4,2025-12-30,WWW@COE
Coe Kohawks,Austin Beeson,offense,10,15,1,2025-12-30,WWW@COE
Coe Kohawks,Austin Beeson,offense,25,30,18,2025-12-30,WWW@COE
Coe Kohawks,Austin Beeson,offense,20,25,9,2025-12-30,WWW@COE
Coe Kohawks,Austin Beeson,offense,25,25,25,2025-12-30,WWW@COE
Coe Kohawks,Austin Beeson,offense,15,25,4,2025-12-30,WWW@COE
Coe Kohawks,Austin Beeson,offense,10,20,2,2025-12-30,WWW@COE
Coe Kohawks,Austin Beeson,offense,5,15,2,2025-12-30,WWW@COE
Coe Kohawks,Cooper Nailor,offense,10,40,5,2025-12-30,WWW@COE
Coe Kohawks,Kanyon Bryte,offense,10,35,3,2025-12-30,WWW@COE
UW-Whitewater,Darius Chestnut,defense,25,5,22,2025-12-30,WWW@COE
UW-Whitewater,Darius Chestnut,defense,20,5,17,2025-12-30,WWW@COE
UW-Whitewater,Darius Chestnut,defense,10,5,38,2025-12-30,WWW@COE
UW-Whitewater,Darius Chestnut,defense,10,10,26,2025-12-30,WWW@COE
UW-Whitewater,Darius Chestnut,defense,20,10,22,2025-12-30,WWW@COE
UW-Whitewater,Darius Chestnut,defense,25,10,34,2025-12-30,WWW@COE
Coe Kohawks,Deuce Walters,offense,15,0,7,2025-12-30,WWW@COE
Coe Kohawks,Deuce Walters,offense,0,0,1,2025-12-30,WWW@COE
Coe Kohawks,Deuce Walters,offense,0,10,33,2025-12-30,WWW@COE
UW-Whitewater,Luke Bara,defense,35,30,1,2025-12-30,WWW@COE
Coe Kohawks,Austin Beeson,offense,20,5,5,2025-12-30,WWW@COE
UW-Whitewater,Luke Bara,offense,45,30,1,2025-12-30,WWW@COE
Coe Kohawks,Cooper Nailor,defense,15,30,9,2025-12-30,WWW@COE
UW-Whitewater,Jake Quast,offense,45,25,2,2025-12-30,WWW@COE
UW-Whitewater,Jake Quast,offense,40,35,2,2025-12-30,WWW@COE
Coe Kohawks,Jake Quast,defense,40,40,1,2025-12-30,WWW@COE
Coe Kohawks,Jake Quast,defense,35,35,1,2025-12-30,WWW@COE
Coe Kohawks,Jake Quast,defense,35,30,2,2025-12-30,WWW@COE
Coe Kohawks,Jake Quast,defense,20,25,6,2025-12-30,WWW@COE
Coe Kohawks,Jake Quast,defense,10,15,2,2025-12-30,WWW@COE
Coe Kohawks,Jake Quast,defense,10,20,5,2025-12-30,WWW@COE
Coe Kohawks,Deuce Walters,defense,35,45,1,2025-12-30,WWW@COE
UW-Whitewater,Deuce Walters,offense,45,40,1,2025-12-30,WWW@COE
UW-Whitewater,Deuce Walters,offense,35,20,3,2025-12-30,WWW@COE
UW-Whitewater,Deuce Walters,offense,35,15,2,2025-12-30,WWW@COE
UW-Whitewater,Deuce Walters,offense,30,15,1,2025-12-30,WWW@COE
UW-Whitewater,Deuce Walters,offense,30,25,1,2025-12-30,WWW@COE
UW-Whitewater,Deuce Walters,offense,30,30,1,2025-12-30,WWW@COE
UW-Whitewater,Deuce Walters,offense,35,35,2,2025-12-30,WWW@COE
UW-Whitewater,Deuce Walters,offense,25,40,4,2025-12-30,WWW@COE
Coe Kohawks,Austin Beeson,defense,15,35,1,2025-12-30,WWW@COE
Coe Kohawks,Austin Beeson,defense,15,30,4,2025-12-30,WWW@COE
Coe Kohawks,Austin Beeson,defense,15,25,3,2025-12-30,WWW@COE
Coe Kohawks,Austin Beeson,defense,10,25,2,2025-12-30,WWW@COE
Coe Kohawks,Austin Beeson,defense,10,30,1,2025-12-30,WWW@COE
Coe Kohawks,Austin Beeson,defense,10,15,11,2025-12-30,WWW@COE
Coe Kohawks,Austin Beeson,defense,30,15,8,2025-12-30,WWW@COE
Coe Kohawks,Austin Beeson,defense,35,25,3,2025-12-30,WWW@COE
Coe Kohawks,Kanyon Bryte,defense,35,35,7,2025-12-30,WWW@COE
Coe Kohawks,Jackson Bowman,defense,0,5,2,2025-12-30,WWW@COE
UW-Whitewater,Collin Madson,offense,45,35,4,2025-12-30,WWW@COE
UW-Whitewater,Darius Chestnut,offense,10,30,14,2025-12-30,WWW@COE
UW-Whitewater,Darius Chestnut,offense,10,35,7,2025-12-30,WWW@COE
UW-Whitewater,Darius Chestnut,offense,20,40,2,2025-12-30,WWW@COE
UW-Whitewater,JR Lukenbill,offense,20,40,3,2025-12-30,WWW@COE
UW-Whitewater,JR Lukenbill,offense,25,40,7,2025-12-30,WWW@COE
UW-Whitewater,JR Lukenbill,offense,25,45,4,2025-12-30,WWW@COE
UW-Whitewater,Jake Quast,offense,0,30,5,2025-12-30,WWW@COE
UW-Whitewater,Collin Madson,offense,10,30,7,2025-12-30,WWW@COE
UW-Whitewater,Collin Madson,offense,10,45,2,2025-12-30,WWW@COE
UW-Whitewater,Luke Bara,offense,5,25,14,2025-12-30,WWW@COE
Coe Kohawks,Austin Beeson,defense,5,15,8,2025-12-30,WWW@COE
Coe Kohawks,Austin Beeson,defense,5,20,1,2025-12-30,WWW@COE
Coe Kohawks,Austin Beeson,defense,10,20,2,2025-12-30,WWW@COE
Coe Kohawks,Austin Beeson,defense,5,40,1,2025-12-30,WWW@COE
Coe Kohawks,Austin Beeson,defense,5,45,1,2025-12-30,WWW@COE
Coe Kohawks,TEAM,defense,5,45,1,2025-12-30,WWW@COE
UW-Whitewater,Darius Chestnut,offense,10,40,4,2025-12-30,WWW@COE
UW-Whitewater,Darius Chestnut,offense,10,45,2,2025-12-30,WWW@COE
UW-Whitewater,Darius Chestnut,offense,5,45,2,2025-12-30,WWW@COE
UW-Whitewater,Jake Quast,offense,25,45,2,2025-12-30,WWW@COE
UW-Whitewater,Jake Quast,offense,25,40,3,2025-12-30,WWW@COE
UW-Whitewater,Darius Chestnut,offense,30,20,16,2025-12-30,WWW@COE
UW-Whitewater,Darius Chestnut,offense,30,25,19,2025-12-30,WWW@COE
UW-Whitewater,Darius Chestnut,offense,25,25,31,2025-12-30,WWW@COE
Coe Kohawks,Cooper Nailor,defense,5,20,4,2025-12-30,WWW@COE
UW-Whitewater,JR Lukenbill,offense,45,25,2,2025-12-30,WWW@COE
UW-Whitewater,JR Lukenbill,offense,25,35,7,2025-12-30,WWW@COE
UW-Whitewater,JR Lukenbill,offense,25,25,22,2025-12-30,WWW@COE
UW-Whitewater,JR Lukenbill,offense,20,20,32,2025-12-30,WWW@COE
Coe Kohawks,Austin Beeson,defense,10,40,3,2025-12-30,WWW@COE
Coe Kohawks,Austin Beeson,defense,10,35,1,2025-12-30,WWW@COE
Coe Kohawks,Austin Beeson,defense,5,35,2,2025-12-30,WWW@COE
Coe Kohawks,TEAM,defense,5,35,5,2025-12-30,WWW@COE
Coe Kohawks,Austin Beeson,defense,5,30,4,2025-12-30,WWW@COE
Coe Kohawks,Cooper Nailor,defense,40,15,7,2025-12-30,WWW@COE
Coe Kohawks,Cooper Nailor,defense,40,20,7,2025-12-30,WWW@COE
Coe Kohawks,Jackson Bowman,defense,5,20,12,2025-12-30,WWW@COE
UW-Whitewater,Collin Madson,offense,0,20,9,2025-12-30,WWW@COE
UW-Whitewater,Jake Quast,offense,45,15,15,2025-12-30,WWW@COE
UW-Whitewater,Jake Quast,offense,40,25,5,2025-12-30,WWW@COE
UW-Whitewater,Jake Quast,offense,35,20,11,2025-12-30,WWW@COE
UW-Whitewater,Jake Quast,offense,40,20,18,2025-12-30,WWW@COE
UW-Whitewater,Jake Quast,offense,35,0,2,2025-12-30,WWW@COE
UW-Whitewater,Jake Quast,offense,45,0,2,2025-12-30,WWW@COE
UW-Whitewater,Jake Quast,offense,45,5,5,2025-12-30,WWW@COE
Coe Kohawks,Austin Beeson,defense,35,5,6,2025-12-30,WWW@COE
Coe Kohawks,Austin Beeson,defense,35,0,1,2025-12-30,WWW@COE
Coe Kohawks,Austin Beeson,defense,15,20,12,2025-12-30,WWW@COE
Coe Kohawks,Austin Beeson,defense,20,20,15,2025-12-30,WWW@COE
UW-Whitewater,JR Lukenbill,offense,5,40,5,2025-12-30,WWW@COE
UW-Whitewater,JR Lukenbill,offense,15,35,2,2025-12-30,WWW@COE
UW-Whitewater,JR Lukenbill,offense,20,15,21,2025-12-30,WWW@COE
UW-Whitewater,JR Lukenbill,offense,25,0,13,2025-12-30,WWW@COE
UW-Whitewater,Darius Chestnut,offense,0,15,28,2025-12-30,WWW@COE
UW-Whitewater,Darius Chestnut,offense,0,10,19,2025-12-30,WWW@COE
UW-Whitewater,Luke Bara,offense,40,35,3,2025-12-30,WWW@COE
Coe Kohawks,Austin Beeson,defense,35,30,1,2025-12-30,WWW@COE
Coe Kohawks,Austin Beeson,defense,30,30,4,2025-12-30,WWW@COE
UW-Whitewater,Darius Chestnut,offense,5,20,6,2025-12-30,WWW@COE
UW-Whitewater,Darius Chestnut,offense,5,15,19,2025-12-30,WWW@COE
UW-Whitewater,Darius Chestnut,offense,5,10,19,2025-12-30,WWW@COE
UW-Whitewater,Darius Chestnut,offense,15,15,27,2025-12-30,WWW@COE
UW-Whitewater,Darius Chestnut,offense,25,20,30,2025-12-30,WWW@COE
Coe Kohawks,Austin Beeson,defense,30,20,8,2025-12-30,WWW@COE
Coe Kohawks,Austin Beeson,defense,30,25,3,2025-12-30,WWW@COE
Coe Kohawks,Austin Beeson,defense,40,25,3,2025-12-30,WWW@COE
Coe Kohawks,Austin Beeson,defense,40,20,12,2025-12-30,WWW@COE
Coe Kohawks,Austin Beeson,defense,35,20,1,2025-12-30,WWW@COE
Coe Kohawks,Austin Beeson,defense,35,15,16,2025-12-30,WWW@COE
Coe Kohawks,Austin Beeson,defense,15,15,19,2025-12-30,WWW@COE
Coe Kohawks,Kanyon Bryte,defense,45,30,1,2025-12-30,WWW@COE
Coe Kohawks,Kanyon Bryte,defense,45,25,1,2025-12-30,WWW@COE
Coe Kohawks,TEAM,defense,45,25,2,2025-12-30,WWW@COE
Coe Kohawks,Kanyon Bryte,defense,40,25,2,2025-12-30,WWW@COE
Coe Kohawks,Kanyon Bryte,defense,45,15,1,2025-12-30,WWW@COE
Coe Kohawks,Kanyon Bryte,defense,45,10,3,2025-12-30,WWW@COE
UW-Whitewater,Luke Bara,offense,40,15,1,2025-12-30,WWW@COE
UW-Whitewater,JR Lukenbill,offense,30,20,18,2025-12-30,WWW@COE
UW-Whitewater,JR Lukenbill,offense,30,25,19,2025-12-30,WWW@COE
UW-Whitewater,JR Lukenbill,offense,40,30,2,2025-12-30,WWW@COE
UW-Whitewater,JR Lukenbill,offense,30,30,8,2025-12-30,WWW@COE
UW-Whitewater,Darius Chestnut,offense,25,30,44,2025-12-30,WWW@COE
Coe Kohawks,Austin Beeson,offense,15,45,1,2025-12-30,WWW@COE
Coe Kohawks,Austin Beeson,offense,15,40,5,2025-12-30,WWW@COE
Coe Kohawks,Austin Beeson,offense,15,35,1,2025-12-30,WWW@COE
Coe Kohawks,Austin Beeson,offense,20,35,7,2025-12-30,WWW@COE
Coe Kohawks,Austin Beeson,offense,20,30,7,2025-12-30,WWW@COE
Coe Kohawks,Austin Beeson,offense,15,30,2,2025-12-30,WWW@COE
Coe Kohawks,Austin Beeson,offense,30,35,12,2025-12-30,WWW@COE
Coe Kohawks,Cooper Nailor,offense,35,45,2,2025-12-30,WWW@COE
UW-Whitewater,Darius Chestnut,defense,5,10,29,2025-12-30,WWW@COE
UW-Whitewater,Darius Chestnut,defense,5,20,4,2025-12-30,WWW@COE
UW-Whitewater,JR Lukenbill,defense,25,30,10,2025-12-30,WWW@COE
UW-Whitewater,JR Lukenbill,defense,20,35,13,2025-12-30,WWW@COE
Coe Kohawks,Austin Beeson,defense,20,40,1,2025-12-30,WWW@COE
Coe Kohawks,Austin Beeson,defense,35,10,13,2025-12-30,WWW@COE
Coe Kohawks,Deuce Walters,defense,15,45,1,2025-12-30,WWW@COE
Coe Kohawks,Deuce Walters,defense,35,10,22,2025-12-30,WWW@COE
Coe Kohawks,Jackson Bowman,defense,0,10,2,2025-12-30,WWW@COE
Coe Kohawks,Jackson Bowman,defense,5,15,2,2025-12-30,WWW@COE
Coe Kohawks,Austin Beeson,defense,5,10,1,2025-12-30,WWW@COE
Coe Kohawks,Austin Beeson,defense,10,5,10,2025-12-30,WWW@COE
Coe Kohawks,Austin Beeson,defense,10,10,8,2025-12-30,WWW@COE
Coe Kohawks,Austin Beeson,defense,5,5,4,2025-12-30,WWW@COE
Coe Kohawks,Austin Beeson,defense,15,10,63,2025-12-30,WWW@COE
Coe Kohawks,Jackson Bowman,defense,40,35,7,2025-12-30,WWW@COE
UW-Whitewater,Darius Chestnut,defense,35,15,18,2025-12-30,WWW@COE
Coe Kohawks,Austin Beeson,offense,20,20,9,2025-12-30,WWW@COE
Coe Kohawks,Austin Beeson,offense,25,20,8,2025-12-30,WWW@COE
Coe Kohawks,Austin Beeson,offense,25,10,4,2025-12-30,WWW@COE
Coe Kohawks,Austin Beeson,offense,35,10,7,2025-12-30,WWW@COE
Coe Kohawks,Austin Beeson,offense,40,10,2,2025-12-30,WWW@COE
UW-Whitewater,Luke Bara,defense,5,45,3,2025-12-30,WWW@COE
UW-Whitewater,Luke Bara,defense,5,40,3,2025-12-30,WWW@COE
Coe Kohawks,Austin Beeson,defense,25,20,9,2025-12-30,WWW@COE
Coe Kohawks,Austin Beeson,defense,25,25,10,2025-12-30,WWW@COE
Coe Kohawks,Austin Beeson,defense,25,30,1,2025-12-30,WWW@COE
UW-Whitewater,Darius Chestnut,offense,35,10,9,2025-12-30,WWW@COE
UW-Whitewater,Darius Chestnut,offense,15,40,3,2025-12-30,WWW@COE
Coe Kohawks,Jackson Bowman,offense,10,45,2,2025-12-30,WWW@COE
Coe Kohawks,TEAM,offense,10,45,8,2025-12-30,WWW@COE
Coe Kohawks,Jackson Bowman,offense,5,40,1,2025-12-30,WWW@COE
Coe Kohawks,Jackson Bowman,offense,10,35,8,2025-12-30,WWW@COE
Coe Kohawks,Austin Beeson,offense,30,40,9,2025-12-30,WWW@COE
Coe Kohawks,Austin Beeson,offense,15,15,11,2025-12-30,WWW@COE
Coe Kohawks,Austin Beeson,offense,10,5,2,2025-12-30,WWW@COE
Coe Kohawks,Austin Beeson,offense,15,5,5,2025-12-30,WWW@COE
Coe Kohawks,Austin Beeson,offense,15,10,45,2025-12-30,WWW@COE
UW-Whitewater,Darius Chestnut,defense,5,40,1,2025-12-30,WWW@COE
UW-Whitewater,Darius Chestnut,defense,15,20,6,2025-12-30,WWW@COE
Coe Kohawks,Deuce Walters,defense,40,45,1,2025-12-30,WWW@COE
Coe Kohawks,TEAM,defense,40,45,2,2025-12-30,WWW@COE
Coe Kohawks,Deuce Walters,defense,40,40,1,2025-12-30,WWW@COE
Coe Kohawks,Austin Beeson,defense,40,10,7,2025-12-30,WWW@COE
Coe Kohawks,Austin Beeson,defense,40,5,14,2025-12-30,WWW@COE
Coe Kohawks,Austin Beeson,defense,20,0,2,2025-12-30,WWW@COE
Coe Kohawks,Austin Beeson,defense,5,0,4,2025-12-30,WWW@COE
Coe Kohawks,TEAM,defense,5,0,7,2025-12-30,WWW@COE
Coe Kohawks,Austin Beeson,defense,0,5,1,2025-12-30,WWW@COE
Coe Kohawks,Austin Beeson,defense,0,0,1,2025-12-30,WWW@COE
Coe Kohawks,TEAM,defense,0,0,2,2025-12-30,WWW@COE
UW-Whitewater,JR Lukenbill,offense,40,15,2,2025-12-30,WWW@COE
UW-Whitewater,JR Lukenbill,offense,45,5,5,2025-12-30,WWW@COE
Coe Kohawks,Kanyon Bryte,defense,5,0,2,2025-12-30,WWW@COE
Coe Kohawks,Jackson Bowman,defense,40,30,1,2025-12-30,WWW@COE
UW-Whitewater,Darius Chestnut,offense,45,15,4,2025-12-30,WWW@COE
UW-Whitewater,Darius Chestnut,offense,40,25,13,2025-12-30,WWW@COE
UW-Whitewater,JR Lukenbill,offense,10,0,1,2025-12-30,WWW@COE
UW-Whitewater,JR Lukenbill,offense,35,5,6,2025-12-30,WWW@COE
UW-Whitewater,JR Lukenbill,offense,30,0,4,2025-12-30,WWW@COE
Coe Kohawks,Austin Beeson,offense,30,45,2,2025-12-30,WWW@COE
Coe Kohawks,Austin Beeson,offense,30,25,3,2025-12-30,WWW@COE
UW-Whitewater,JR Lukenbill,defense,15,25,6,2025-12-30,WWW@COE
Coe Kohawks,Deuce Walters,offense,5,45,1,2025-12-30,WWW@COE
Coe Kohawks,Deuce Walters,offense,5,35,2,2025-12-30,WWW@COE
UW-Whitewater,Tyshawn Teague-Johnson,defense,10,30,3,2025-12-30,WWW@COE
UW-Whitewater,Darius Chestnut,defense,40,25,9,2025-12-30,WWW@COE
Coe Kohawks,Austin Beeson,offense,40,15,1,2025-12-30,WWW@COE
UW-Whitewater,JR Lukenbill,defense,5,20,10,2025-12-30,WWW@COE
UW-Whitewater,Tyshawn Teague-Johnson,offense,10,0,6,2025-12-30,WWW@COE
UW-Whitewater,JR Lukenbill,offense,0,20,142,2025-12-30,WWW@COE
Coe Kohawks,Cooper Nailor,defense,15,35,7,2025-12-30,WWW@COE
Coe Kohawks,Kanyon Bryte,defense,0,20,1,2025-12-30,WWW@COE
Coe Kohawks,Cooper Nailor,defense,40,35,2,2025-12-30,WWW@COE
UW-Whitewater,JR Lukenbill,offense,20,45,1,2025-12-30,WWW@COE
UW-Whitewater,JR Lukenbill,offense,5,25,19,2025-12-30,WWW@COE
Coe Kohawks,Jackson Bowman,defense,0,35,1,2025-12-30,WWW@COE
Coe Kohawks,TEAM,defense,0,35,1,2025-12-30,WWW@COE
UW-Whitewater,Tyshawn Teague-Johnson,offense,35,45,1,2025-12-30,WWW@COE
UW-Whitewater,Tyshawn Teague-Johnson,offense,35,40,5,2025-12-30,WWW@COE
UW-Whitewater,Tyshawn Teague-Johnson,offense,40,40,1,2025-12-30,WWW@COE
Coe Kohawks,Austin Beeson,defense,0,40,1,2025-12-30,WWW@COE
Coe Kohawks,TEAM,defense,0,40,1,2025-12-30,WWW@COE
UW-Whitewater,Darius Chestnut,defense,20,35,7,2025-12-30,WWW@COE
UW-Whitewater,Darius Chestnut,defense,20,30,7,2025-12-30,WWW@COE
UW-Whitewater,Darius Chestnut,defense,25,20,20,2025-12-30,WWW@COE
UW-Whitewater,JR Lukenbill,defense,35,35,6,2025-12-30,WWW@COE
UW-Whitewater,JR Lukenbill,defense,35,30,2,2025-12-30,WWW@COE
Coe Kohawks,Deuce Walters,offense,0,15,13,2025-12-30,WWW@COE
Coe Kohawks,Deuce Walters,offense,0,25,1,2025-12-30,WWW@COE
Coe Kohawks,Cooper Nailor,offense,10,45,3,2025-12-30,WWW@COE
Coe Kohawks,Austin Beeson,offense,20,45,1,2025-12-30,WWW@COE
UW-Whitewater,JR Lukenbill,defense,35,25,4,2025-12-30,WWW@COE
UW-Whitewater,Luke Bara,defense,30,35,11,2025-12-30,WWW@COE
UW-Whitewater,Luke Bara,defense,30,30,9,2025-12-30,WWW@COE
Coe Kohawks,Austin Beeson,offense,20,10,4,2025-12-30,WWW@COE
UW-Whitewater,JR Lukenbill,offense,25,10,15,2025-12-30,WWW@COE
UW-Whitewater,Darius Chestnut,offense,15,25,15,2025-12-30,WWW@COE
Coe Kohawks,Cooper Nailor,defense,10,45,1,2025-12-30,WWW@COE
UW-Whitewater,Tyshawn Teague-Johnson,offense,15,40,1,2025-12-30,WWW@COE
UW-Whitewater,Richie Warren,defense,15,45,1,2025-12-30,WWW@COE
UW-Whitewater,Luke Bara,defense,15,45,4,2025-12-30,WWW@COE
UW-Whitewater,Richie Warren,defense,0,40,3,2025-12-30,WWW@COE
UW-Whitewater,Richie Warren,defense,0,35,1,2025-12-30,WWW@COE
UW-Whitewater,Collin Madson,defense,5,30,1,2025-12-30,WWW@COE
UW-Whitewater,Brock Marino,defense,45,20,1,2025-12-30,WWW@COE
UW-Whitewater,Brock Marino,defense,25,35,2,2025-12-30,WWW@COE
UW-Whitewater,Brock Marino,defense,5,35,1,2025-12-30,WWW@COE
Coe Kohawks,C. Reece Breitenbach,offense,10,40,1,2025-12-30,WWW@COE
Coe Kohawks,Kanyon Bryte,defense,40,45,1,2025-12-30,WWW@COE
UW-Whitewater,Brock Marino,offense,40,20,2,2025-12-30,WWW@COE
UW-Whitewater,Brock Marino,offense,40,15,1,2025-12-30,WWW@COE
UW-Whitewater,Brock Marino,offense,45,10,13,2025-12-30,WWW@COE
Coe Kohawks,Deuce Walters,defense,5,25,16,2025-12-30,WWW@COE
UW-Whitewater,Richie Warren,offense,25,20,4,2025-12-30,WWW@COE
UW-Whitewater,Richie Warren,offense,15,0,1,2025-12-30,WWW@COE
UW-Whitewater,Luke Bara,defense,15,40,1,2025-12-30,WWW@COE
UW-Whitewater,Richie Warren,offense,5,35,1,2025-12-30,WWW@COE
Coe Kohawks,Deuce Walters,offense,30,45,5,2025-12-30,WWW@COE
Coe Kohawks,Deuce Walters,offense,30,40,19,2025-12-30,WWW@COE
UW-Whitewater,Richie Warren,defense,20,35,1,2025-12-30,WWW@COE
UW-Whitewater,Brock Marino,defense,25,45,1,2025-12-30,WWW@COE
UW-Whitewater,Brock Marino,defense,20,45,1,2025-12-30,WWW@COE
UW-Whitewater,Joey Berezowitz,offense,5,40,1,2025-12-30,WWW@COE
UW-Whitewater,Joey Berezowitz,offense,30,5,1,2025-12-30,WWW@COE
Coe Kohawks,C. Reece Breitenbach,defense,0,20,4,2025-12-30,WWW@COE
Coe Kohawks,Cooper Nailor,offense,5,30,6,2025-12-30,WWW@COE
UW-Whitewater,Joey Berezowitz,defense,15,40,1,2025-12-30,WWW@COE
UW-Whitewater,Brock Marino,defense,25,40,1,2025-12-30,WWW@COE
UW-Whitewater,Brock Marino,defense,25,0,1,2025-12-30,WWW@COE
UW-Whitewater,Luke Bara,defense,35,45,3,2025-12-30,WWW@COE
Coe Kohawks,Deuce Walters,offense,45,25,6,2025-12-30,WWW@COE
UW-Whitewater,Collin Madson,offense,10,35,2,2025-12-30,WWW@COE
Coe Kohawks,C. Reece Breitenbach,defense,40,35,3,2025-12-30,WWW@COE
UW-Whitewater,Brock Marino,offense,30,35,1,2025-12-30,WWW@COE
Coe Kohawks,Deuce Walters,defense,5,35,3,2025-12-30,WWW@COE
UW-Whitewater,Joey Berezowitz,offense,40,45,1,2025-12-30,WWW@COE
UW-Whitewater,Brock Marino,offense,20,35,6,2025-12-30,WWW@COE
UW-Whitewater,Collin Madson,offense,15,45,1,2025-12-30,WWW@COE
Coe Kohawks,Jackson Bowman,defense,20,45,2,2025-12-30,WWW@COE
Coe Kohawks,Deuce Walters,offense,40,45,1,2025-12-30,WWW@COE
Coe Kohawks,Jackson Bowman,offense,40,40,9,2025-12-30,WWW@COE
UW-Whitewater,Luke Bara,defense,40,0,1,2025-12-30,WWW@COE
Coe Kohawks,Deuce Walters,offense,10,0,9,2025-12-30,WWW@COE
UW-Whitewater,Brock Marino,defense,45,0,1,2025-12-30,WWW@COE
Coe Kohawks,Cooper Nailor,offense,40,5,22,2025-12-30,WWW@COE
Coe Kohawks,Jackson Bowman,defense,40,40,6,2025-12-30,WWW@COE
UW-Whitewater,Brock Marino,offense,10,30,4,2025-12-30,WWW@COE
UW-Whitewater,Collin Madson,offense,35,40,1,2025-12-30,WWW@COE
UW-Whitewater,Collin Madson,offense,25,0,1,2025-12-30,WWW@COE
Coe Kohawks,Kanyon Bryte,defense,35,40,2,2025-12-30,WWW@COE
UW-Whitewater,Joey Berezowitz,offense,45,5,2,2025-12-30,WWW@COE
UW-Whitewater,Joey Berezowitz,offense,45,10,2,2025-12-30,WWW@COE
UW-Whitewater,Luke Bara,defense,35,40,1,2025-12-30,WWW@COE
UW-Whitewater,Collin Madson,defense,45,30,2,2025-12-30,WWW@COE
Coe Kohawks,Cooper Nailor,offense,40,30,15,2025-12-30,WWW@COE
UW-Whitewater,Joey Berezowitz,defense,10,0,1,2025-12-30,WWW@COE
UW-Whitewater,Richie Warren,defense,40,25,1,2025-12-30,WWW@COE
Coe Kohawks,Joey Berezowitz,defense,40,40,1,2025-12-30,WWW@COE
Coe Kohawks,Joey Berezowitz,defense,35,35,1,2025-12-30,WWW@COE
Coe Kohawks,Joey Berezowitz,defense,30,35,2,2025-12-30,WWW@COE
Coe Kohawks,Joey Berezowitz,defense,25,35,6,2025-12-30,WWW@COE
Coe Kohawks,Joey Berezowitz,defense,25,30,2,2025-12-30,WWW@COE
Coe Kohawks,Joey Berezowitz,defense,25,25,1,2025-12-30,WWW@COE
Coe Kohawks,Brock Marino,defense,25,45,1,2025-12-30,WWW@COE
Coe Kohawks,Brock Marino,defense,25,40,2,2025-12-30,WWW@COE
Coe Kohawks,Brock Marino,defense,25,35,1,2025-12-30,WWW@COE
Coe Kohawks,Brock Marino,defense,15,25,1,2025-12-30,WWW@COE
Coe Kohawks,Brock Marino,defense,20,20,1,2025-12-30,WWW@COE
Coe Kohawks,Brock Marino,defense,20,15,1,2025-12-30,WWW@COE
Coe Kohawks,Brock Marino,defense,25,10,1,2025-12-30,WWW@COE
UW-Whitewater,Brock Marino,offense,20,40,1,2025-12-30,WWW@COE
UW-Whitewater,Collin Madson,offense,30,40,1,2025-12-30,WWW@COE
Coe Kohawks,Deuce Walters,defense,5,40,1,2025-12-30,WWW@COE
Coe Kohawks,Deuce Walters,defense,5,20,10,2025-12-30,WWW@COE
UW-Whitewater,Joey Berezowitz,offense,0,30,1,2025-12-30,WWW@COE
UW-Whitewater,Joey Berezowitz,defense,45,35,2,2025-12-30,WWW@COE
UW-Whitewater,TEAM,defense,45,35,7,2025-12-30,WWW@COE
UW-Whitewater,Richie Warren,defense,40,45,1,2025-12-30,WWW@COE
UW-Whitewater,Brock Marino,defense,40,5,3,2025-12-30,WWW@COE
Coe Kohawks,Cooper Nailor,offense,45,25,7,2025-12-30,WWW@COE
Coe Kohawks,C. Reece Breitenbach,offense,45,0,3,2025-12-30,WWW@COE
Coe Kohawks,Jackson Bowman,offense,15,40,4,2025-12-30,WWW@COE
Coe Kohawks,C. Reece Breitenbach,defense,10,45,2,2025-12-30,WWW@COE
Coe Kohawks,Cooper Nailor,defense,15,45,5,2025-12-30,WWW@COE
UW-Whitewater,Brock Marino,offense,0,40,1,2025-12-30,WWW@COE
UW-Whitewater,TEAM,offense,0,40,105,2025-12-30,WWW@COE
UW-Whitewater,Brock Marino,offense,10,0,3,2025-12-30,WWW@COE
UW-Whitewater,Brock Marino,offense,15,30,1,2025-12-30,WWW@COE
UW-Whitewater,Brock Marino,offense,15,25,2,2025-12-30,WWW@COE
UW-Whitewater,Brock Marino,offense,5,10,1,2025-12-30,WWW@COE
UW-Whitewater,Collin Madson,offense,20,45,2,2025-12-30,WWW@COE
UW-Whitewater,Collin Madson,offense,0,45,1,2025-12-30,WWW@COE
UW-Whitewater,Collin Madson,offense,0,35,1,2025-12-30,WWW@COE
UW-Whitewater,Richie Warren,offense,0,25,1,2025-12-30,WWW@COE
Coe Kohawks,Cooper Nailor,defense,0,10,1,2025-12-30,WWW@COE
Coe Kohawks,Cooper Nailor,defense,0,5,1,2025-12-30,WWW@COE
Coe Kohawks,C. Reece Breitenbach,defense,5,20,2,2025-12-30,WWW@COE
UW-Whitewater,Darius Chestnut,offense,40,10,11,2025-12-30,WWW@COE
UW-Whitewater,Rashad Rogers,offense,25,15,4,2025-12-30,WWW@COE
UW-Whitewater,Rashad Rogers,offense,20,20,5,2025-12-30,WWW@COE
UW-Whitewater,Rashad Rogers,offense,25,35,3,2025-12-30,WWW@COE
UW-Whitewater,Rashad Rogers,offense,30,35,1,2025-12-30,WWW@COE
UW-Whitewater,Rashad Rogers,offense,35,30,1,2025-12-30,WWW@COE
UW-Whitewater,Rashad Rogers,offense,25,25,2,2025-12-30,WWW@COE
UW-Whitewater,Rashad Rogers,offense,30,25,1,2025-12-30,WWW@COE
UW-Whitewater,Rashad Rogers,offense,15,5,1,2025-12-30,WWW@COE
UW-Whitewater,Rashad Rogers,offense,20,5,1,2025-12-30,WWW@COE
UW-Whitewater,Kelton McEwen,offense,30,25,12,2025-12-30,WWW@COE
UW-Whitewater,Kelton McEwen,offense,25,25,8,2025-12-30,WWW@COE
UW-Whitewater,Darius Chestnut,offense,40,5,6,2025-12-30,WWW@COE
UW-Whitewater,Darius Chestnut,offense,45,10,9,2025-12-30,WWW@COE
UW-Whitewater,Tyshawn Teague-Johnson,offense,0,35,1,2025-12-30,WWW@COE
UW-Whitewater,Kelton McEwen,offense,25,0,2,2025-12-30,WWW@COE
UW-Whitewater,Rashad Rogers,offense,15,10,2,2025-12-30,WWW@COE
UW-Whitewater,Kelton McEwen,offense,30,40,2,2025-12-30,WWW@COE
Coe Kohawks,Cooper Nailor,defense,5,30,1,2025-12-30,WWW@COE
UW-Whitewater,Kelton McEwen,offense,20,25,6,2025-12-30,WWW@COE
UW-Whitewater,Rashad Rogers,offense,10,10,1,2025-12-30,WWW@COE
UW-Whitewater,Rashad Rogers,offense,35,15,1,2025-12-30,WWW@COE
UW-Whitewater,Kelton McEwen,offense,5,10,3,2025-12-30,WWW@COE
UW-Whitewater,Tyshawn Teague-Johnson,offense,5,30,8,2025-12-30,WWW@COE
UW-Whitewater,JR Lukenbill,offense,15,40,1,2025-12-30,WWW@COE
UW-Whitewater,Rashad Rogers,offense,0,35,1,2025-12-30,WWW@COE
UW-Whitewater,Rashad Rogers,offense,0,40,1,2025-12-30,WWW@COE
UW-Whitewater,JR Lukenbill,defense,10,5,16,2025-12-30,WWW@COE
UW-Whitewater,JR Lukenbill,defense,5,5,9,2025-12-30,WWW@COE
UW-Whitewater,Kelton McEwen,defense,45,25,7,2025-12-30,WWW@COE
UW-Whitewater,Kelton McEwen,defense,35,25,11,2025-12-30,WWW@COE
UW-Whitewater,Kelton McEwen,defense,40,30,3,2025-12-30,WWW@COE
UW-Whitewater,Kelton McEwen,defense,25,30,15,2025-12-30,WWW@COE
UW-Whitewater,Rashad Rogers,defense,35,35,4,2025-12-30,WWW@COE
UW-Whitewater,Rashad Rogers,defense,40,35,1,2025-12-30,WWW@COE
UW-Whitewater,Rashad Rogers,defense,40,30,4,2025-12-30,WWW@COE
UW-Whitewater,Rashad Rogers,defense,35,30,1,2025-12-30,WWW@COE
UW-Whitewater,Rashad Rogers,defense,30,30,2,2025-12-30,WWW@COE
UW-Whitewater,Rashad Rogers,defense,20,10,2,2025-12-30,WWW@COE
UW-Whitewater,Rashad Rogers,defense,20,20,4,2025-12-30,WWW@COE
UW-Whitewater,Rashad Rogers,defense,20,25,6,2025-12-30,WWW@COE
UW-Whitewater,Rashad Rogers,defense,15,5,1,2025-12-30,WWW@COE
UW-Whitewater,Rashad Rogers,defense,25,20,1,2025-12-30,WWW@COE
UW-Whitewater,Darius Chestnut,defense,10,20,6,2025-12-30,WWW@COE
Coe Kohawks,C. Reece Breitenbach,offense,25,45,1,2025-12-30,WWW@COE
UW-Whitewater,Rashad Rogers,defense,30,40,1,2025-12-30,WWW@COE
UW-Whitewater,Rashad Rogers,defense,10,10,1,2025-12-30,WWW@COE
UW-Whitewater,Darius Chestnut,defense,30,25,20,2025-12-30,WWW@COE
Coe Kohawks,C. Reece Breitenbach,offense,15,0,1,2025-12-30,WWW@COE
Coe Kohawks,Cooper Nailor,offense,15,45,1,2025-12-30,WWW@COE
UW-Whitewater,Rashad Rogers,defense,25,15,1,2025-12-30,WWW@COE
UW-Whitewater,Rashad Rogers,defense,20,15,1,2025-12-30,WWW@COE
UW-Whitewater,Tyshawn Teague-Johnson,defense,30,0,15,2025-12-30,WWW@COE
UW-Whitewater,Rashad Rogers,defense,25,5,3,2025-12-30,WWW@COE
Coe Kohawks,Deuce Walters,defense,30,40,1,2025-12-30,WWW@COE
Coe Kohawks,Cooper Nailor,defense,45,40,1,2025-12-30,WWW@COE
Coe Kohawks,Jackson Bowman,defense,45,30,1,2025-12-30,WWW@COE
Coe Kohawks,C. Reece Breitenbach,defense,40,40,2,2025-12-30,WWW@COE
Coe Kohawks,C. Reece Breitenbach,defense,40,30,4,2025-12-30,WWW@COE
Coe Kohawks,C. Reece Breitenbach,defense,45,45,1,2025-12-30,WWW@COE
Coe Kohawks,TEAM,defense,45,45,1,2025-12-30,WWW@COE
Coe Kohawks,C. Reece Breitenbach,defense,25,45,1,2025-12-30,WWW@COE
Coe Kohawks,C. Reece Breitenbach,defense,40,20,10,2025-12-30,WWW@COE
UW-Whitewater,Darius Chestnut,offense,40,40,3,2025-12-30,WWW@COE
UW-Whitewater,Darius Chestnut,offense,35,25,12,2025-12-30,WWW@COE
UW-Whitewater,Darius Chestnut,offense,35,20,10,2025-12-30,WWW@COE
UW-Whitewater,Darius Chestnut,offense,45,25,3,2025-12-30,WWW@COE
UW-Whitewater,Darius Chestnut,offense,45,20,4,2025-12-30,WWW@COE
UW-Whitewater,Kelton McEwen,offense,5,5,5,2025-12-30,WWW@COE
UW-Whitewater,Kelton McEwen,offense,10,15,6,2025-12-30,WWW@COE
UW-Whitewater,JR Lukenbill,offense,40,5,2,2025-12-30,WWW@COE
UW-Whitewater,JR Lukenbill,offense,40,10,1,2025-12-30,WWW@COE
UW-Whitewater,JR Lukenbill,offense,35,10,2,2025-12-30,WWW@COE
UW-Whitewater,Kelton McEwen,offense,5,25,59,2025-12-30,WWW@COE
UW-Whitewater,Darius Chestnut,defense,20,40,11,2025-12-30,WWW@COE
UW-Whitewater,Darius Chestnut,defense,15,40,6,2025-12-30,WWW@COE
UW-Whitewater,Darius Chestnut,defense,15,35,13,2025-12-30,WWW@COE
UW-Whitewater,Darius Chestnut,defense,10,30,5,2025-12-30,WWW@COE
UW-Whitewater,Darius Chestnut,defense,20,45,4,2025-12-30,WWW@COE
UW-Whitewater,JR Lukenbill,defense,15,30,10,2025-12-30,WWW@COE
UW-Whitewater,Tyshawn Teague-Johnson,defense,25,5,5,2025-12-30,WWW@COE
UW-Whitewater,Tyshawn Teague-Johnson,defense,25,40,2,2025-12-30,WWW@COE
UW-Whitewater,Jake Quast,defense,20,0,7,2025-12-30,WWW@COE
UW-Whitewater,JR Lukenbill,defense,30,35,1,2025-12-30,WWW@COE
UW-Whitewater,JR Lukenbill,defense,25,40,3,2025-12-30,WWW@COE
UW-Whitewater,Jake Quast,offense,15,45,1,2025-12-30,WWW@COE
UW-Whitewater,Jake Quast,offense,10,40,5,2025-12-30,WWW@COE
UW-Whitewater,Jake Quast,offense,10,35,5,2025-12-30,WWW@COE
UW-Whitewater,Jake Quast,offense,10,30,10,2025-12-30,WWW@COE
UW-Whitewater,Jake Quast,offense,5,30,1,2025-12-30,WWW@COE
UW-Whitewater,Darius Chestnut,offense,35,45,2,2025-12-30,WWW@COE
UW-Whitewater,Darius Chestnut,offense,35,40,4,2025-12-30,WWW@COE
UW-Whitewater,Darius Chestnut,offense,30,30,9,2025-12-30,WWW@COE
UW-Whitewater,Kelton McEwen,offense,35,40,5,2025-12-30,WWW@COE
UW-Whitewater,Kelton McEwen,offense,25,35,1,2025-12-30,WWW@COE
UW-Whitewater,Kelton McEwen,offense,15,20,14,2025-12-30,WWW@COE
UW-Whitewater,Kelton McEwen,offense,10,20,15,2025-12-30,WWW@COE
UW-Whitewater,Kelton McEwen,offense,10,25,1,2025-12-30,WWW@COE
UW-Whitewater,Kelton McEwen,defense,20,40,4,2025-12-30,WWW@COE
UW-Whitewater,Kelton McEwen,defense,25,35,7,2025-12-30,WWW@COE
UW-Whitewater,Jake Quast,defense,35,45,1,2025-12-30,WWW@COE
UW-Whitewater,Jake Quast,defense,10,20,6,2025-12-30,WWW@COE
UW-Whitewater,JR Lukenbill,defense,5,15,4,2025-12-30,WWW@COE
UW-Whitewater,Kelton McEwen,defense,5,15,12,2025-12-30,WWW@COE
UW-Whitewater,Kelton McEwen,defense,5,10,6,2025-12-30,WWW@COE
UW-Whitewater,Darius Chestnut,defense,35,30,8,2025-12-30,WWW@COE
UW-Whitewater,Darius Chestnut,defense,30,30,5,2025-12-30,WWW@COE
UW-Whitewater,Darius Chestnut,defense,15,0,2,2025-12-30,WWW@COE
UW-Whitewater,Kelton McEwen,defense,20,0,30,2025-12-30,WWW@COE
Coe Kohawks,Deuce Walters,defense,45,20,8,2025-12-30,WWW@COE
Coe Kohawks,Deuce Walters,defense,40,25,4,2025-12-30,WWW@COE
Coe Kohawks,Ryan Dolphin,defense,15,0,3,2025-12-30,WWW@COE
UW-Whitewater,JR Lukenbill,offense,5,0,1,2025-12-30,WWW@COE
UW-Whitewater,Tyshawn Teague-Johnson,offense,45,20,1,2025-12-30,WWW@COE
UW-Whitewater,Tyshawn Teague-Johnson,offense,45,10,19,2025-12-30,WWW@COE
UW-Whitewater,Kelton McEwen,offense,0,10,5,2025-12-30,WWW@COE
UW-Whitewater,JR Lukenbill,offense,15,0,2,2025-12-30,WWW@COE
Coe Kohawks,Kanyon Bryte,defense,15,0,1,2025-12-30,WWW@COE
UW-Whitewater,Kelton McEwen,defense,20,45,1,2025-12-30,WWW@COE
UW-Whitewater,Kelton McEwen,defense,15,40,6,2025-12-30,WWW@COE
UW-Whitewater,Kelton McEwen,defense,10,45,2,2025-12-30,WWW@COE
Coe Kohawks,Jackson Bowman,offense,10,40,2,2025-12-30,WWW@COE
UW-Whitewater,JR Lukenbill,defense,20,45,1,2025-12-30,WWW@COE
UW-Whitewater,JR Lukenbill,defense,15,35,14,2025-12-30,WWW@COE
UW-Whitewater,JR Lukenbill,defense,10,35,3,2025-12-30,WWW@COE
UW-Whitewater,JR Lukenbill,defense,10,30,4,2025-12-30,WWW@COE
UW-Whitewater,Jake Quast,defense,45,30,10,2025-12-30,WWW@COE
UW-Whitewater,Darius Chestnut,defense,25,40,5,2025-12-30,WWW@COE
UW-Whitewater,Darius Chestnut,defense,30,40,3,2025-12-30,WWW@COE
UW-Whitewater,Darius Chestnut,defense,15,25,1,2025-12-30,WWW@COE
UW-Whitewater,Kelton McEwen,defense,45,0,2,2025-12-30,WWW@COE
Coe Kohawks,Ryan Dolphin,offense,30,40,8,2025-12-30,WWW@COE
Coe Kohawks,Ryan Dolphin,offense,35,40,1,2025-12-30,WWW@COE
UW-Whitewater,Kelton McEwen,defense,30,0,24,2025-12-30,WWW@COE
Coe Kohawks,Ryan Dolphin,offense,30,0,1,2025-12-30,WWW@COE
Coe Kohawks,Ryan Dolphin,defense,20,35,2,2025-12-30,WWW@COE
Coe Kohawks,Cooper Nailor,defense,0,20,1,2025-12-30,WWW@COE
UW-Whitewater,Kelton McEwen,offense,15,35,2,2025-12-30,WWW@COE
UW-Whitewater,Kelton McEwen,offense,20,30,9,2025-12-30,WWW@COE
UW-Whitewater,Tyshawn Teague-Johnson,offense,5,15,4,2025-12-30,WWW@COE
UW-Whitewater,Darius Chestnut,offense,5,25,11,2025-12-30,WWW@COE
UW-Whitewater,Darius Chestnut,offense,0,25,6,2025-12-30,WWW@COE
UW-Whitewater,Darius Chestnut,offense,0,20,52,2025-12-30,WWW@COE
UW-Whitewater,Kelton McEwen,offense,10,5,9,2025-12-30,WWW@COE
UW-Whitewater,Kelton McEwen,offense,20,15,21,2025-12-30,WWW@COE
UW-Whitewater,Kelton McEwen,offense,25,20,10,2025-12-30,WWW@COE
UW-Whitewater,Tyshawn Teague-Johnson,defense,20,40,5,2025-12-30,WWW@COE
UW-Whitewater,Tyshawn Teague-Johnson,defense,20,35,9,2025-12-30,WWW@COE
UW-Whitewater,Tyshawn Teague-Johnson,defense,30,35,2,2025-12-30,WWW@COE
UW-Whitewater,Darius Chestnut,defense,30,45,2,2025-12-30,WWW@COE
Coe Kohawks,Jackson Bowman,offense,20,40,4,2025-12-30,WWW@COE
Coe Kohawks,Jackson Bowman,offense,35,45,1,2025-12-30,WWW@COE
UW-Whitewater,Jake Quast,defense,20,35,3,2025-12-30,WWW@COE
UW-Whitewater,Jake Quast,defense,20,30,6,2025-12-30,WWW@COE
Coe Kohawks,Deuce Walters,offense,35,40,13,2025-12-30,WWW@COE
UW-Whitewater,Kelton McEwen,defense,45,30,1,2025-12-30,WWW@COE
UW-Whitewater,Kelton McEwen,defense,45,20,5,2025-12-30,WWW@COE
UW-Whitewater,Kelton McEwen,defense,40,5,7,2025-12-30,WWW@COE
Coe Kohawks,Kanyon Bryte,offense,10,40,2,2025-12-30,WWW@COE
UW-Whitewater,Darius Chestnut,defense,35,5,8,2025-12-30,WWW@COE
UW-Whitewater,Darius Chestnut,defense,40,0,4,2025-12-30,WWW@COE
UW-Whitewater,Jake Quast,defense,30,0,1,2025-12-30,WWW@COE
Coe Kohawks,Ryan Dolphin,defense,30,20,16,2025-12-30,WWW@COE
Coe Kohawks,Ryan Dolphin,defense,10,30,6,2025-12-30,WWW@COE
UW-Whitewater,Jake Quast,offense,40,15,15,2025-12-30,WWW@COE
UW-Whitewater,Darius Chestnut,offense,10,25,20,2025-12-30,WWW@COE
UW-Whitewater,Kelton McEwen,offense,20,10,14,2025-12-30,WWW@COE
UW-Whitewater,Kelton McEwen,offense,25,15,8,2025-12-30,WWW@COE
Coe Kohawks,Ryan Dolphin,defense,0,25,1,2025-12-30,WWW@COE
Coe Kohawks,Ryan Dolphin,defense,0,15,5,2025-12-30,WWW@COE
Coe Kohawks,Aleks Jajic,defense,15,10,31,2025-12-30,WWW@COE
Coe Kohawks,Aleks Jajic,defense,15,15,32,2025-12-30,WWW@COE
Coe Kohawks,Aleks Jajic,defense,20,15,21,2025-12-30,WWW@COE
Coe Kohawks,Aleks Jajic,defense,20,10,3,2025-12-30,WWW@COE
Coe Kohawks,Aleks Jajic,defense,20,5,3,2025-12-30,WWW@COE
Coe Kohawks,Aleks Jajic,defense,25,0,3,2025-12-30,WWW@COE
Coe Kohawks,Aleks Jajic,defense,30,0,6,2025-12-30,WWW@COE
Coe Kohawks,Aleks Jajic,defense,30,5,30,2025-12-30,WWW@COE
Coe Kohawks,Aleks Jajic,defense,35,5,19,2025-12-30,WWW@COE
Coe Kohawks,Aleks Jajic,defense,35,10,36,2025-12-30,WWW@COE
Coe Kohawks,Aleks Jajic,defense,40,10,4,2025-12-30,WWW@COE
Coe Kohawks,Aleks Jajic,defense,25,5,18,2025-12-30,WWW@COE
Coe Kohawks,Aleks Jajic,defense,25,10,15,2025-12-30,WWW@COE
Coe Kohawks,Aleks Jajic,defense,30,10,36,2025-12-30,WWW@COE
Coe Kohawks,Jackson Newell,defense,10,0,4,2025-12-30,WWW@COE
Coe Kohawks,Jackson Newell,defense,20,0,4,2025-12-30,WWW@COE
UW-Whitewater,Kelton McEwen,offense,15,25,22,2025-12-30,WWW@COE
UW-Whitewater,Kelton McEwen,offense,0,25,8,2025-12-30,WWW@COE
UW-Whitewater,Kelton McEwen,offense,5,20,8,2025-12-30,WWW@COE
UW-Whitewater,JR Lukenbill,offense,35,0,1,2025-12-30,WWW@COE
UW-Whitewater,JR Lukenbill,offense,40,0,1,2025-12-30,WWW@COE
UW-Whitewater,Tyshawn Teague-Johnson,offense,25,0,3,2025-12-30,WWW@COE
Coe Kohawks,Aleks Jajic,defense,10,0,1,2025-12-30,WWW@COE
Coe Kohawks,Aleks Jajic,defense,10,15,3,2025-12-30,WWW@COE
Coe Kohawks,Aleks Jajic,defense,15,20,6,2025-12-30,WWW@COE
UW-Whitewater,Kelton McEwen,offense,25,5,4,2025-12-30,WWW@COE
UW-Whitewater,JR Lukenbill,offense,30,10,18,2025-12-30,WWW@COE
Coe Kohawks,Aleks Jajic,offense,20,5,55,2025-12-30,WWW@COE
Coe Kohawks,Aleks Jajic,offense,25,10,15,2025-12-30,WWW@COE
Coe Kohawks,Aleks Jajic,offense,25,15,9,2025-12-30,WWW@COE
Coe Kohawks,Aleks Jajic,offense,30,15,5,2025-12-30,WWW@COE
Coe Kohawks,Jackson Newell,offense,20,0,3,2025-12-30,WWW@COE
Coe Kohawks,Jackson Newell,offense,25,0,2,2025-12-30,WWW@COE
Coe Kohawks,Jackson Newell,offense,25,5,3,2025-12-30,WWW@COE
UW-Whitewater,Kelton McEwen,defense,45,10,2,2025-12-30,WWW@COE
UW-Whitewater,Kelton McEwen,offense,40,10,17,2025-12-30,WWW@COE
UW-Whitewater,Kelton McEwen,offense,45,10,12,2025-12-30,WWW@COE
Coe Kohawks,Aleks Jajic,defense,15,30,6,2025-12-30,WWW@COE
Coe Kohawks,Aleks Jajic,defense,10,30,1,2025-12-30,WWW@COE
Coe Kohawks,Darius Chestnut,defense,25,30,2,2025-12-30,WWW@COE
Coe Kohawks,Darius Chestnut,defense,20,30,3,2025-12-30,WWW@COE
Coe Kohawks,Darius Chestnut,defense,30,30,3,2025-12-30,WWW@COE
Coe Kohawks,Darius Chestnut,defense,35,30,1,2025-12-30,WWW@COE
Coe Kohawks,Darius Chestnut,defense,35,35,1,2025-12-30,WWW@COE
Coe Kohawks,Darius Chestnut,defense,40,25,1,2025-12-30,WWW@COE
Coe Kohawks,Darius Chestnut,defense,35,15,5,2025-12-30,WWW@COE
Coe Kohawks,Darius Chestnut,defense,30,15,1,2025-12-30,WWW@COE
Coe Kohawks,Darius Chestnut,defense,30,10,4,2025-12-30,WWW@COE
Coe Kohawks,Aleks Jajic,defense,15,35,3,2025-12-30,WWW@COE
Coe Kohawks,Aleks Jajic,defense,20,25,2,2025-12-30,WWW@COE
Coe Kohawks,Aleks Jajic,defense,10,10,13,2025-12-30,WWW@COE
Coe Kohawks,Aleks Jajic,defense,5,10,4,2025-12-30,WWW@COE
UW-Whitewater,Darius Chestnut,offense,15,35,1,2025-12-30,WWW@COE
UW-Whitewater,Darius Chestnut,offense,15,30,5,2025-12-30,WWW@COE
Coe Kohawks,Aleks Jajic,defense,35,25,17,2025-12-30,WWW@COE
Coe Kohawks,Aleks Jajic,defense,35,30,6,2025-12-30,WWW@COE
UW-Whitewater,Darius Chestnut,defense,30,35,12,2025-12-30,WWW@COE
Coe Kohawks,Aleks Jajic,offense,40,40,15,2025-12-30,WWW@COE
Coe Kohawks,Aleks Jajic,offense,40,35,4,2025-12-30,WWW@COE
Coe Kohawks,Aleks Jajic,offense,40,30,1,2025-12-30,WWW@COE
Coe Kohawks,Aleks Jajic,offense,45,25,1,2025-12-30,WWW@COE
Coe Kohawks,Aleks Jajic,offense,45,20,2,2025-12-30,WWW@COE
Coe Kohawks,Jackson Newell,offense,25,45,1,2025-12-30,WWW@COE
Coe Kohawks,Jackson Newell,offense,30,40,1,2025-12-30,WWW@COE
Coe Kohawks,Jackson Newell,offense,30,35,3,2025-12-30,WWW@COE
UW-Whitewater,Tyshawn Teague-Johnson,defense,30,45,4,2025-12-30,WWW@COE
UW-Whitewater,Kelton McEwen,defense,35,45,5,2025-12-30,WWW@COE
UW-Whitewater,Kelton McEwen,defense,35,40,3,2025-12-30,WWW@COE
UW-Whitewater,Kelton McEwen,defense,30,35,9,2025-12-30,WWW@COE
UW-Whitewater,JR Lukenbill,defense,15,40,5,2025-12-30,WWW@COE
UW-Whitewater,Jake Quast,defense,40,35,8,2025-12-30,WWW@COE
Coe Kohawks,Ryan Dolphin,offense,20,45,1,2025-12-30,WWW@COE
Coe Kohawks,Aleks Jajic,offense,30,10,14,2025-12-30,WWW@COE
Coe Kohawks,Aleks Jajic,offense,40,10,2,2025-12-30,WWW@COE
Coe Kohawks,Aleks Jajic,offense,35,20,6,2025-12-30,WWW@COE
UW-Whitewater,Jake Quast,defense,45,40,3,2025-12-30,WWW@COE
UW-Whitewater,Jake Quast,defense,45,45,2,2025-12-30,WWW@COE
UW-Whitewater,TEAM,defense,45,45,2,2025-12-30,WWW@COE
UW-Whitewater,Jake Quast,defense,40,45,1,2025-12-30,WWW@COE
Coe Kohawks,Aleks Jajic,offense,30,45,1,2025-12-30,WWW@COE
Coe Kohawks,Aleks Jajic,offense,35,40,1,2025-12-30,WWW@COE
Coe Kohawks,Aleks Jajic,offense,35,35,2,2025-12-30,WWW@COE
Coe Kohawks,Aleks Jajic,offense,30,25,12,2025-12-30,WWW@COE
Coe Kohawks,Aleks Jajic,offense,30,20,9,2025-12-30,WWW@COE
Coe Kohawks,Aleks Jajic,offense,25,20,2,2025-12-30,WWW@COE
Coe Kohawks,Aleks Jajic,offense,45,10,1,2025-12-30,WWW@COE
Coe Kohawks,Aleks Jajic,offense,10,10,8,2025-12-30,WWW@COE
Coe Kohawks,Aleks Jajic,offense,10,5,8,2025-12-30,WWW@COE
Coe Kohawks,Aleks Jajic,offense,10,20,2,2025-12-30,WWW@COE
Coe Kohawks,Aleks Jajic,offense,15,15,7,2025-12-30,WWW@COE
UW-Whitewater,Jake Quast,defense,35,40,4,2025-12-30,WWW@COE
UW-Whitewater,Jake Quast,defense,30,40,3,2025-12-30,WWW@COE
Coe Kohawks,Jackson Newell,offense,0,0,2,2025-12-30,WWW@COE
Coe Kohawks,Jackson Newell,offense,0,5,14,2025-12-30,WWW@COE
Coe Kohawks,Jackson Newell,offense,0,10,4,2025-12-30,WWW@COE
Coe Kohawks,Jackson Newell,offense,5,15,4,2025-12-30,WWW@COE
UW-Whitewater,JR Lukenbill,defense,40,20,3,2025-12-30,WWW@COE
UW-Whitewater,Darius Chestnut,defense,5,5,13,2025-12-30,WWW@COE
UW-Whitewater,Darius Chestnut,defense,45,0,1,2025-12-30,WWW@COE
UW-Whitewater,Jake Quast,offense,35,45,1,2025-12-30,WWW@COE
UW-Whitewater,Jake Quast,offense,35,40,1,2025-12-30,WWW@COE
UW-Whitewater,Kelton McEwen,offense,35,45,3,2025-12-30,WWW@COE
UW-Whitewater,Kelton McEwen,offense,20,5,17,2025-12-30,WWW@COE
UW-Whitewater,Darius Chestnut,offense,5,35,3,2025-12-30,WWW@COE
UW-Whitewater,Darius Chestnut,offense,5,30,9,2025-12-30,WWW@COE
UW-Whitewater,Darius Chestnut,offense,0,30,9,2025-12-30,WWW@COE
Coe Kohawks,Jackson Newell,defense,25,35,4,2025-12-30,WWW@COE
Coe Kohawks,Jackson Newell,defense,30,25,1,2025-12-30,WWW@COE
Coe Kohawks,Jackson Newell,defense,25,5,29,2025-12-30,WWW@COE
UW-Whitewater,Tyshawn Teague-Johnson,offense,30,25,5,2025-12-30,WWW@COE
UW-Whitewater,JR Lukenbill,offense,0,35,2,2025-12-30,WWW@COE
Coe Kohawks,Aleks Jajic,defense,20,20,6,2025-12-30,WWW@COE
Coe Kohawks,Aleks Jajic,defense,15,5,8,2025-12-30,WWW@COE
Coe Kohawks,Aleks Jajic,defense,10,5,4,2025-12-30,WWW@COE
UW-Whitewater,Kelton McEwen,defense,40,45,1,2025-12-30,WWW@COE
UW-Whitewater,Darius Chestnut,defense,25,45,2,2025-12-30,WWW@COE
UW-Whitewater,Tyshawn Teague-Johnson,defense,35,30,3,2025-12-30,WWW@COE
UW-Whitewater,JR Lukenbill,defense,0,5,2,2025-12-30,WWW@COE
UW-Whitewater,JR Lukenbill,defense,0,10,1,2025-12-30,WWW@COE
Coe Kohawks,Aleks Jajic,offense,30,35,3,2025-12-30,WWW@COE
Coe Kohawks,Aleks Jajic,offense,30,30,5,2025-12-30,WWW@COE
UW-Whitewater,Kelton McEwen,defense,40,0,1,2025-12-30,WWW@COE
UW-Whitewater,Kelton McEwen,defense,35,0,6,2025-12-30,WWW@COE
UW-Whitewater,Kelton McEwen,defense,45,5,1,2025-12-30,WWW@COE
Coe Kohawks,Aleks Jajic,offense,35,5,2,2025-12-30,WWW@COE
Coe Kohawks,Aleks Jajic,offense,5,0,8,2025-12-30,WWW@COE
Coe Kohawks,Aleks Jajic,offense,0,5,4,2025-12-30,WWW@COE
Coe Kohawks,Aleks Jajic,offense,5,5,16,2025-12-30,WWW@COE
Coe Kohawks,Aleks Jajic,offense,5,10,3,2025-12-30,WWW@COE
Coe Kohawks,Aleks Jajic,offense,15,10,5,2025-12-30,WWW@COE
Coe Kohawks,Aleks Jajic,offense,20,10,11,2025-12-30,WWW@COE
Coe Kohawks,Aleks Jajic,offense,20,15,11,2025-12-30,WWW@COE
Coe Kohawks,Aleks Jajic,offense,20,20,7,2025-12-30,WWW@COE
Coe Kohawks,Aleks Jajic,offense,20,25,1,2025-12-30,WWW@COE
Coe Kohawks,Aleks Jajic,offense,25,25,18,2025-12-30,WWW@COE
Coe Kohawks,Aleks Jajic,offense,25,30,12,2025-12-30,WWW@COE
Coe Kohawks,Jackson Newell,offense,10,5,10,2025-12-30,WWW@COE
Coe Kohawks,Jackson Newell,offense,5,5,5,2025-12-30,WWW@COE
Coe Kohawks,Ryan Dolphin,offense,35,0,2,2025-12-30,WWW@COE
Coe Kohawks,Jackson Newell,offense,35,5,22,2025-12-30,WWW@COE
Coe Kohawks,Jackson Newell,offense,40,5,2,2025-12-30,WWW@COE
Coe Kohawks,Jackson Newell,offense,35,0,7,2025-12-30,WWW@COE
Coe Kohawks,Jackson Newell,offense,40,0,1,2025-12-30,WWW@COE
UW-Whitewater,Tyshawn Teague-Johnson,defense,10,0,5,2025-12-30,WWW@COE
UW-Whitewater,Tyshawn Teague-Johnson,defense,35,0,5,2025-12-30,WWW@COE
UW-Whitewater,Darius Chestnut,defense,10,0,12,2025-12-30,WWW@COE
UW-Whitewater,Darius Chestnut,defense,5,0,4,2025-12-30,WWW@COE
UW-Whitewater,Darius Chestnut,defense,30,0,16,2025-12-30,WWW@COE
UW-Whitewater,Darius Chestnut,defense,25,0,7,2025-12-30,WWW@COE
UW-Whitewater,Darius Chestnut,defense,20,0,19,2025-12-30,WWW@COE
Coe Kohawks,Aleks Jajic,offense,25,0,4,2025-12-30,WWW@COE
Coe Kohawks,Aleks Jajic,offense,25,5,2,2025-12-30,WWW@COE
UW-Whitewater,Darius Chestnut,defense,35,0,2,2025-12-30,WWW@COE
Coe Kohawks,Jackson Newell,offense,5,0,3,2025-12-30,WWW@COE
Coe Kohawks,Aleks Jajic,offense,10,15,1,2025-12-30,WWW@COE
Coe Kohawks,Aleks Jajic,offense,5,20,1,2025-12-30,WWW@COE
UW-Whitewater,JR Lukenbill,defense,35,0,2,2025-12-30,WWW@COE
Coe Kohawks,Jackson Newell,defense,30,40,1,2025-12-30,WWW@COE
Coe Kohawks,Jackson Newell,defense,35,30,1,2025-12-30,WWW@COE
Coe Kohawks,Jackson Newell,defense,35,5,10,2025-12-30,WWW@COE
UW-Whitewater,Jake Quast,offense,10,45,2,2025-12-30,WWW@COE
UW-Whitewater,Jake Quast,offense,5,35,2,2025-12-30,WWW@COE
Coe Kohawks,Ryan Dolphin,defense,20,0,2,2025-12-30,WWW@COE
Coe Kohawks,Aleks Jajic,defense,25,35,2,2025-12-30,WWW@COE
Coe Kohawks,Aleks Jajic,defense,10,25,2,2025-12-30,WWW@COE
UW-Whitewater,Tyshawn Teague-Johnson,offense,0,30,3,2025-12-30,WWW@COE
UW-Whitewater,Tyshawn Teague-Johnson,offense,30,0,3,2025-12-30,WWW@COE
Coe Kohawks,Ryan Dolphin,offense,10,45,2,2025-12-30,WWW@COE
Coe Kohawks,Aleks Jajic,offense,20,40,2,2025-12-30,WWW@COE
UW-Whitewater,Kelton McEwen,defense,10,40,4,2025-12-30,WWW@COE
UW-Whitewater,Darius Chestnut,defense,35,40,4,2025-12-30,WWW@COE
UW-Whitewater,Darius Chestnut,defense,35,35,7,2025-12-30,WWW@COE
UW-Whitewater,Darius Chestnut,defense,15,30,6,2025-12-30,WWW@COE
Coe Kohawks,Jackson Newell,offense,45,40,1,2025-12-30,WWW@COE
UW-Whitewater,JR Lukenbill,defense,30,40,5,2025-12-30,WWW@COE
Coe Kohawks,Jackson Newell,offense,5,10,3,2025-12-30,WWW@COE
Coe Kohawks,Jackson Newell,offense,10,10,1,2025-12-30,WWW@COE
Coe Kohawks,Jackson Newell,offense,10,15,2,2025-12-30,WWW@COE
Coe Kohawks,Jackson Newell,offense,25,30,3,2025-12-30,WWW@COE
Coe Kohawks,Aleks Jajic,offense,40,0,1,2025-12-30,WWW@COE
Coe Kohawks,Aleks Jajic,offense,40,5,3,2025-12-30,WWW@COE
Coe Kohawks,Aleks Jajic,offense,45,5,2,2025-12-30,WWW@COE
Coe Kohawks,Ryan Dolphin,offense,10,30,2,2025-12-30,WWW@COE
Coe Kohawks,Jackson Newell,defense,25,40,2,2025-12-30,WWW@COE
Coe Kohawks,Jackson Newell,defense,40,5,13,2025-12-30,WWW@COE
Coe Kohawks,Aleks Jajic,defense,15,45,1,2025-12-30,WWW@COE
Coe Kohawks,Aleks Jajic,defense,15,40,1,2025-12-30,WWW@COE
Coe Kohawks,Aleks Jajic,defense,25,30,1,2025-12-30,WWW@COE
Coe Kohawks,Aleks Jajic,defense,25,25,1,2025-12-30,WWW@COE
Coe Kohawks,Aleks Jajic,defense,25,20,2,2025-12-30,WWW@COE
Coe Kohawks,Aleks Jajic,defense,30,20,16,2025-12-30,WWW@COE
Coe Kohawks,Aleks Jajic,defense,35,15,11,2025-12-30,WWW@COE
Coe Kohawks,Aleks Jajic,defense,40,15,4,2025-12-30,WWW@COE
Coe Kohawks,Aleks Jajic,defense,30,15,8,2025-12-30,WWW@COE
Coe Kohawks,Ryan Dolphin,defense,15,45,1,2025-12-30,WWW@COE
Coe Kohawks,Ryan Dolphin,defense,15,40,2,2025-12-30,WWW@COE
UW-Whitewater,Darius Chestnut,offense,0,40,39,2025-12-30,WWW@COE
UW-Whitewater,Darius Chestnut,offense,25,40,1,2025-12-30,WWW@COE
UW-Whitewater,Kelton McEwen,offense,0,35,12,2025-12-30,WWW@COE
UW-Whitewater,Jake Quast,offense,35,10,8,2025-12-30,WWW@COE
UW-Whitewater,Darius Chestnut,offense,45,5,12,2025-12-30,WWW@COE
UW-Whitewater,Darius Chestnut,offense,35,5,6,2025-12-30,WWW@COE
Coe Kohawks,Ryan Dolphin,defense,0,10,1,2025-12-30,WWW@COE
Coe Kohawks,Ryan Dolphin,defense,5,10,1,2025-12-30,WWW@COE
UW-Whitewater,Darius Chestnut,offense,25,10,11,2025-12-30,WWW@COE
UW-Whitewater,Tyshawn Teague-Johnson,defense,15,45,1,2025-12-30,WWW@COE
Coe Kohawks,Jackson Newell,offense,20,20,2,2025-12-30,WWW@COE
Coe Kohawks,Jackson Newell,offense,10,40,3,2025-12-30,WWW@COE
Coe Kohawks,Deuce Walters,offense,5,0,1,2025-12-30,WWW@COE
UW-Whitewater,JR Lukenbill,defense,15,45,2,2025-12-30,WWW@COE
UW-Whitewater,JR Lukenbill,defense,0,30,2,2025-12-30,WWW@COE
UW-Whitewater,Kelton McEwen,defense,5,25,4,2025-12-30,WWW@COE
Coe Kohawks,Aleks Jajic,offense,20,35,13,2025-12-30,WWW@COE
Coe Kohawks,Aleks Jajic,offense,25,35,2,2025-12-30,WWW@COE
Coe Kohawks,Aleks Jajic,offense,25,40,3,2025-12-30,WWW@COE
UW-Whitewater,Darius Chestnut,defense,0,45,2,2025-12-30,WWW@COE
Coe Kohawks,Aleks Jajic,offense,35,30,1,2025-12-30,WWW@COE
Coe Kohawks,Aleks Jajic,offense,35,25,2,2025-12-30,WWW@COE
UW-Whitewater,JR Lukenbill,defense,45,30,1,2025-12-30,WWW@COE
Coe Kohawks,Jackson Newell,offense,20,35,2,2025-12-30,WWW@COE
Coe Kohawks,Jackson Newell,offense,20,40,1,2025-12-30,WWW@COE
Coe Kohawks,Aleks Jajic,offense,25,45,1,2025-12-30,WWW@COE
Coe Kohawks,Deuce Walters,offense,20,45,1,2025-12-30,WWW@COE
UW-Whitewater,JR Lukenbill,offense,40,45,1,2025-12-30,WWW@COE
UW-Whitewater,JR Lukenbill,offense,35,35,4,2025-12-30,WWW@COE
Coe Kohawks,Aleks Jajic,defense,30,30,1,2025-12-30,WWW@COE
Coe Kohawks,Aleks Jajic,defense,30,25,3,2025-12-30,WWW@COE
Coe Kohawks,Aleks Jajic,defense,35,0,1,2025-12-30,WWW@COE
UW-Whitewater,Tyshawn Teague-Johnson,offense,20,40,1,2025-12-30,WWW@COE
UW-Whitewater,Tyshawn Teague-Johnson,offense,20,35,3,2025-12-30,WWW@COE
Coe Kohawks,Jackson Newell,defense,10,20,7,2025-12-30,WWW@COE
Coe Kohawks,Jackson Newell,defense,5,15,3,2025-12-30,WWW@COE
Coe Kohawks,Jackson Newell,defense,5,20,2,2025-12-30,WWW@COE
UW-Whitewater,JR Lukenbill,offense,5,35,8,2025-12-30,WWW@COE
UW-Whitewater,Tyshawn Teague-Johnson,offense,15,30,12,2025-12-30,WWW@COE
UW-Whitewater,Tyshawn Teague-Johnson,offense,15,35,1,2025-12-30,WWW@COE
Coe Kohawks,Aleks Jajic,offense,45,45,1,2025-12-30,WWW@COE
Coe Kohawks,Aleks Jajic,offense,40,45,2,2025-12-30,WWW@COE
UW-Whitewater,Jake Quast,defense,25,45,1,2025-12-30,WWW@COE
UW-Whitewater,Darius Chestnut,defense,10,35,2,2025-12-30,WWW@COE
UW-Whitewater,Tyshawn Teague-Johnson,defense,40,35,1,2025-12-30,WWW@COE
UW-Whitewater,JR Lukenbill,defense,35,45,1,2025-12-30,WWW@COE
UW-Whitewater,JR Lukenbill,defense,35,40,2,2025-12-30,WWW@COE
UW-Whitewater,JR Lukenbill,defense,40,40,1,2025-12-30,WWW@COE
UW-Whitewater,JR Lukenbill,defense,30,45,1,2025-12-30,WWW@COE
Coe Kohawks,Jackson Newell,offense,15,45,1,2025-12-30,WWW@COE
Coe Kohawks,Jackson Newell,offense,0,35,1,2025-12-30,WWW@COE
Coe Kohawks,Ryan Dolphin,offense,30,45,1,2025-12-30,WWW@COE
Coe Kohawks,Ryan Dolphin,offense,40,45,1,2025-12-30,WWW@COE
Coe Kohawks,Ryan Dolphin,offense,40,40,3,2025-12-30,WWW@COE
Coe Kohawks,Deuce Walters,offense,45,35,5,2025-12-30,WWW@COE
Coe Kohawks,Ryan Dolphin,offense,45,35,1,2025-12-30,WWW@COE
Coe Kohawks,Ryan Dolphin,offense,45,40,6,2025-12-30,WWW@COE
Coe Kohawks,Ryan Dolphin,offense,45,45,1,2025-12-30,WWW@COE
Coe Kohawks,Jackson Newell,offense,10,35,4,2025-12-30,WWW@COE
Coe Kohawks,Deuce Walters,offense,15,40,3,2025-12-30,WWW@COE
Coe Kohawks,Ryan Dolphin,defense,30,35,5,2025-12-30,WWW@COE
UW-Whitewater,Darius Chestnut,offense,20,35,3,2025-12-30,WWW@COE
UW-Whitewater,JR Lukenbill,offense,35,45,1,2025-12-30,WWW@COE
Coe Kohawks,Kanyon Bryte,defense,0,30,2,2025-12-30,WWW@COE
Coe Kohawks,TEAM,defense,0,30,2,2025-12-30,WWW@COE
Coe Kohawks,Aleks Jajic,defense,45,10,1,2025-12-30,WWW@COE
Coe Kohawks,Aleks Jajic,defense,20,0,7,2025-12-30,WWW@COE
UW-Whitewater,Jake Quast,offense,45,20,6,2025-12-30,WWW@COE
UW-Whitewater,Darius Chestnut,defense,10,40,2,2025-12-30,WWW@COE
UW-Whitewater,JR Lukenbill,defense,10,40,5,2025-12-30,WWW@COE
UW-Whitewater,Kelton McEwen,defense,45,15,1,2025-12-30,WWW@COE
UW-Whitewater,Darius Chestnut,defense,45,15,1,2025-12-30,WWW@COE
UW-Whitewater,Darius Chestnut,defense,45,20,1,2025-12-30,WWW@COE
UW-Whitewater,Darius Chestnut,defense,45,5,2,2025-12-30,WWW@COE
UW-Whitewater,Darius Chestnut,defense,0,0,2,2025-12-30,WWW@COE
UW-Whitewater,Tyshawn Teague-Johnson,defense,45,20,1,2025-12-30,WWW@COE
UW-Whitewater,Tyshawn Teague-Johnson,defense,45,0,1,2025-12-30,WWW@COE
UW-Whitewater,Tyshawn Teague-Johnson,defense,40,25,3,2025-12-30,WWW@COE
UW-Whitewater,Jake Quast,defense,0,0,1,2025-12-30,WWW@COE
Coe Kohawks,Ryan Dolphin,defense,30,0,2,2025-12-30,WWW@COE
Coe Kohawks,Kanyon Bryte,defense,40,5,6,2025-12-30,WWW@COE
Coe Kohawks,Kanyon Bryte,defense,45,5,1,2025-12-30,WWW@COE
UW-Whitewater,Kelton McEwen,offense,15,30,9,2025-12-30,WWW@COE
UW-Whitewater,Tyshawn Teague-Johnson,offense,45,25,1,2025-12-30,WWW@COE
Coe Kohawks,Ryan Dolphin,defense,40,5,1,2025-12-30,WWW@COE
Coe Kohawks,Ryan Dolphin,defense,45,15,1,2025-12-30,WWW@COE
Coe Kohawks,Ryan Dolphin,defense,35,0,1,2025-12-30,WWW@COE
Coe Kohawks,Ryan Dolphin,defense,40,0,2,2025-12-30,WWW@COE
UW-Whitewater,Kelton McEwen,offense,40,0,1,2025-12-30,WWW@COE
UW-Whitewater,Kelton McEwen,offense,5,0,1,2025-12-30,WWW@COE
UW-Whitewater,Kelton McEwen,defense,35,35,8,2025-12-30,WWW@COE
UW-Whitewater,Jake Quast,defense,45,0,1,2025-12-30,WWW@COE
Coe Kohawks,Ryan Dolphin,offense,45,5,3,2025-12-30,WWW@COE
Coe Kohawks,Ryan Dolphin,offense,45,0,1,2025-12-30,WWW@COE
UW-Whitewater,Kelton McEwen,offense,10,40,4,2025-12-30,WWW@COE
UW-Whitewater,Kelton McEwen,offense,5,40,3,2025-12-30,WWW@COE
UW-Whitewater,JR Lukenbill,offense,0,5,1,2025-12-30,WWW@COE
UW-Whitewater,JR Lukenbill,offense,0,25,17,2025-12-30,WWW@COE
Coe Kohawks,Jackson Bowman,offense,25,45,3,2025-12-30,WWW@COE
UW-Whitewater,Darius Chestnut,offense,30,0,4,2025-12-30,WWW@COE
Coe Kohawks,Darius Chestnut,offense,35,15,1,2025-12-30,WWW@COE
Coe Kohawks,Darius Chestnut,offense,35,20,2,2025-12-30,WWW@COE
Coe Kohawks,Darius Chestnut,offense,30,20,1,2025-12-30,WWW@COE
Coe Kohawks,Darius Chestnut,offense,30,25,1,2025-12-30,WWW@COE
Coe Kohawks,Darius Chestnut,offense,35,30,1,2025-12-30,WWW@COE
Coe Kohawks,Darius Chestnut,offense,30,35,1,2025-12-30,WWW@COE
Coe Kohawks,Darius Chestnut,offense,15,40,1,2025-12-30,WWW@COE
UW-Whitewater,Tyshawn Teague-Johnson,defense,10,35,2,2025-12-30,WWW@COE
Coe Kohawks,Tyshawn Teague-Johnson,offense,30,0,3,2025-12-30,WWW@COE
Coe Kohawks,Tyshawn Teague-Johnson,offense,30,20,1,2025-12-30,WWW@COE
Coe Kohawks,Tyshawn Teague-Johnson,offense,30,35,1,2025-12-30,WWW@COE
UW-Whitewater,Jake Quast,defense,25,40,3,2025-12-30,WWW@COE
UW-Whitewater,Jake Quast,defense,15,35,6,2025-12-30,WWW@COE
UW-Whitewater,Jake Quast,defense,15,40,4,2025-12-30,WWW@COE
UW-Whitewater,Darius Chestnut,defense,0,35,1,2025-12-30,WWW@COE
Coe Kohawks,Darius Chestnut,offense,15,25,3,2025-12-30,WWW@COE
Coe Kohawks,Darius Chestnut,offense,10,20,2,2025-12-30,WWW@COE
Coe Kohawks,Darius Chestnut,offense,10,15,3,2025-12-30,WWW@COE
Coe Kohawks,Darius Chestnut,offense,5,15,2,2025-12-30,WWW@COE
Coe Kohawks,Darius Chestnut,offense,0,10,3,2025-12-30,WWW@COE
Coe Kohawks,Darius Chestnut,offense,0,5,5,2025-12-30,WWW@COE
Coe Kohawks,Darius Chestnut,offense,0,0,4,2025-12-30,WWW@COE
Coe Kohawks,Darius Chestnut,offense,5,10,1,2025-12-30,WWW@COE
Coe Kohawks,Darius Chestnut,offense,10,25,1,2025-12-30,WWW@COE
Coe Kohawks,Darius Chestnut,offense,15,5,1,2025-12-30,WWW@COE
Coe Kohawks,Darius Chestnut,offense,25,5,1,2025-12-30,WWW@COE
Coe Kohawks,Jake Quast,offense,45,0,1,2025-12-30,WWW@COE
Coe Kohawks,Jake Quast,offense,35,10,1,2025-12-30,WWW@COE
Coe Kohawks,Jake Quast,offense,20,20,5,2025-12-30,WWW@COE
Coe Kohawks,Jake Quast,offense,20,5,1,2025-12-30,WWW@COE
UW-Whitewater,Darius Chestnut,offense,5,40,2,2025-12-30,WWW@COE
UW-Whitewater,Kelton McEwen,offense,20,40,3,2025-12-30,WWW@COE
UW-Whitewater,Kelton McEwen,offense,20,35,2,2025-12-30,WWW@COE
Coe Kohawks,Deuce Walters,defense,45,25,1,2025-12-30,WWW@COE
UW-Whitewater,Kelton McEwen,defense,0,40,1,2025-12-30,WWW@COE
Coe Kohawks,C. Reece Breitenbach,offense,5,0,1,2025-12-30,WWW@COE
Coe Kohawks,C. Reece Breitenbach,offense,0,0,1,2025-12-30,WWW@COE
UW-Whitewater,Tyshawn Teague-Johnson,defense,10,45,1,2025-12-30,WWW@COE
UW-Whitewater,Tyshawn Teague-Johnson,defense,5,40,1,2025-12-30,WWW@COE
Coe Kohawks,Kanyon Bryte,offense,0,35,1,2025-12-30,WWW@COE
Coe Kohawks,Kanyon Bryte,offense,0,40,2,2025-12-30,WWW@COE
UW-Whitewater,Darius Chestnut,defense,40,35,1,2025-12-30,WWW@COE
Coe Kohawks,Kelton McEwen,offense,45,5,1,2025-12-30,WWW@COE
Coe Kohawks,Kelton McEwen,offense,40,5,2,2025-12-30,WWW@COE
Coe Kohawks,Kelton McEwen,offense,35,5,2,2025-12-30,WWW@COE
Coe Kohawks,Kelton McEwen,offense,25,15,3,2025-12-30,WWW@COE
Coe Kohawks,Kelton McEwen,offense,15,10,1,2025-12-30,WWW@COE
Coe Kohawks,Kelton McEwen,offense,20,10,2,2025-12-30,WWW@COE
Coe Kohawks,Kelton McEwen,offense,15,5,4,2025-12-30,WWW@COE
UW-Whitewater,Jake Quast,defense,45,5,2,2025-12-30,WWW@COE
UW-Whitewater,Jake Quast,defense,40,5,1,2025-12-30,WWW@COE
UW-Whitewater,Jake Quast,offense,5,40,1,2025-12-30,WWW@COE
UW-Whitewater,Tyshawn Teague-Johnson,offense,35,0,1,2025-12-30,WWW@COE
UW-Whitewater,JR Lukenbill,offense,5,45,1,2025-12-30,WWW@COE
UW-Whitewater,Tyshawn Teague-Johnson,defense,10,40,1,2025-12-30,WWW@COE
UW-Whitewater,Tyshawn Teague-Johnson,offense,20,45,1,2025-12-30,WWW@COE
UW-Whitewater,Tyshawn Teague-Johnson,offense,25,40,2,2025-12-30,WWW@COE
UW-Whitewater,Kelton McEwen,offense,0,30,15,2025-12-30,WWW@COE
UW-Whitewater,Jake Quast,offense,0,35,1,2025-12-30,WWW@COE
UW-Whitewater,Tyshawn Teague-Johnson,offense,0,40,40,2025-12-30,WWW@COE
UW-Whitewater,Darius Chestnut,offense,0,35,2,2025-12-30,WWW@COE
UW-Whitewater,Kelton McEwen,offense,10,35,4,2025-12-30,WWW@COE
UW-Whitewater,Kelton McEwen,offense,0,40,24,2025-12-30,WWW@COE
UW-Whitewater,Jake Quast,defense,0,45,3,2025-12-30,WWW@COE
UW-Whitewater,Jake Quast,defense,0,35,1,2025-12-30,WWW@COE
UW-Whitewater,Jake Quast,defense,0,40,3,2025-12-30,WWW@COE
UW-Whitewater,JR Lukenbill,defense,0,40,12,2025-12-30,WWW@COE
UW-Whitewater,JR Lukenbill,defense,0,45,1,2025-12-30,WWW@COE
UW-Whitewater,JR Lukenbill,defense,5,35,1,2025-12-30,WWW@COE
Coe Kohawks,C. Reece Breitenbach,defense,10,40,1,2025-12-30,WWW@COE
UW-Whitewater,Jake Quast,offense,40,10,3,2025-12-30,WWW@COE
Coe Kohawks,Ryan Dolphin,defense,5,30,1,2025-12-30,WWW@COE
Coe Kohawks,C. Reece Breitenbach,offense,35,40,1,2025-12-30,WWW@COE
Coe Kohawks,C. Reece Breitenbach,offense,40,35,2,2025-12-30,WWW@COE
Coe Kohawks,C. Reece Breitenbach,offense,45,30,6,2025-12-30,WWW@COE
Coe Kohawks,Jackson Bowman,offense,20,45,1,2025-12-30,WWW@COE
Coe Kohawks,Kanyon Bryte,offense,10,45,1,2025-12-30,WWW@COE
Coe Kohawks,Kanyon Bryte,offense,5,35,2,2025-12-30,WWW@COE
Coe Kohawks,Ryan Dolphin,offense,40,0,1,2025-12-30,WWW@COE
Coe Kohawks,Jackson Bowman,offense,45,40,1,2025-12-30,WWW@COE
UW-Whitewater,Mikey Wildes,defense,15,15,7,2025-12-30,WWW@COE
UW-Whitewater,Mikey Wildes,defense,25,0,4,2025-12-30,WWW@COE
UW-Whitewater,Mikey Wildes,defense,40,5,2,2025-12-30,WWW@COE
UW-Whitewater,Trent Grunewald,defense,25,0,2,2025-12-30,WWW@COE
UW-Whitewater,Trent Grunewald,defense,15,15,14,2025-12-30,WWW@COE
UW-Whitewater,Trent Grunewald,defense,15,10,1,2025-12-30,WWW@COE
UW-Whitewater,Agape Keyes Jr.,defense,30,10,1,2025-12-30,WWW@COE
UW-Whitewater,Agape Keyes Jr.,defense,30,5,4,2025-12-30,WWW@COE
UW-Whitewater,Agape Keyes Jr.,defense,35,20,10,2025-12-30,WWW@COE
UW-Whitewater,Isaiah Robinson,defense,35,0,1,2025-12-30,WWW@COE
UW-Whitewater,Isaiah Robinson,defense,15,10,7,2025-12-30,WWW@COE
UW-Whitewater,Isaiah Robinson,defense,10,10,21,2025-12-30,WWW@COE
UW-Whitewater,Isaiah Robinson,defense,5,10,1,2025-12-30,WWW@COE
UW-Whitewater,Isaiah Robinson,defense,5,5,2,2025-12-30,WWW@COE
UW-Whitewater,Isaiah Robinson,defense,10,5,8,2025-12-30,WWW@COE
UW-Whitewater,Isaiah Robinson,defense,15,5,4,2025-12-30,WWW@COE
UW-Whitewater,Isaiah Robinson,defense,15,0,1,2025-12-30,WWW@COE
UW-Whitewater,Isaiah Robinson,defense,25,0,2,2025-12-30,WWW@COE
UW-Whitewater,Isaiah Robinson,defense,25,5,12,2025-12-30,WWW@COE
UW-Whitewater,Isaiah Robinson,defense,20,10,2,2025-12-30,WWW@COE
Coe Kohawks,Ryan Dolphin,offense,40,5,1,2025-12-30,WWW@COE
UW-Whitewater,Trent Grunewald,defense,15,30,1,2025-12-30,WWW@COE
UW-Whitewater,Trent Grunewald,defense,15,25,13,2025-12-30,WWW@COE
UW-Whitewater,Trent Grunewald,defense,20,25,6,2025-12-30,WWW@COE
UW-Whitewater,Trent Grunewald,defense,20,30,10,2025-12-30,WWW@COE
UW-Whitewater,Trent Grunewald,defense,25,30,9,2025-12-30,WWW@COE
UW-Whitewater,Trent Grunewald,defense,20,35,6,2025-12-30,WWW@COE
UW-Whitewater,Mikey Wildes,defense,20,15,7,2025-12-30,WWW@COE
UW-Whitewater,Mikey Wildes,defense,20,10,19,2025-12-30,WWW@COE
UW-Whitewater,Mikey Wildes,defense,30,10,1,2025-12-30,WWW@COE
UW-Whitewater,Matthew McKay,defense,40,25,2,2025-12-30,WWW@COE
UW-Whitewater,Matthew McKay,defense,35,20,3,2025-12-30,WWW@COE
UW-Whitewater,Matthew McKay,defense,35,15,2,2025-12-30,WWW@COE
UW-Whitewater,Matthew McKay,defense,25,0,2,2025-12-30,WWW@COE
UW-Whitewater,Isaiah Robinson,defense,40,25,3,2025-12-30,WWW@COE
UW-Whitewater,Isaiah Robinson,defense,40,30,7,2025-12-30,WWW@COE
UW-Whitewater,Isaiah Robinson,defense,40,35,1,2025-12-30,WWW@COE
Coe Kohawks,C. Reece Breitenbach,offense,45,25,1,2025-12-30,WWW@COE
UW-Whitewater,Matthew McKay,defense,25,35,1,2025-12-30,WWW@COE
UW-Whitewater,Matthew McKay,defense,20,30,12,2025-12-30,WWW@COE
UW-Whitewater,Mikey Wildes,defense,25,15,1,2025-12-30,WWW@COE
UW-Whitewater,Mikey Wildes,defense,30,15,6,2025-12-30,WWW@COE
UW-Whitewater,Agape Keyes Jr.,offense,40,45,1,2025-12-30,WWW@COE
UW-Whitewater,Agape Keyes Jr.,offense,35,35,2,2025-12-30,WWW@COE
UW-Whitewater,Agape Keyes Jr.,offense,35,30,1,2025-12-30,WWW@COE
UW-Whitewater,Agape Keyes Jr.,offense,35,25,3,2025-12-30,WWW@COE
UW-Whitewater,Agape Keyes Jr.,offense,35,20,4,2025-12-30,WWW@COE
UW-Whitewater,Agape Keyes Jr.,offense,35,10,1,2025-12-30,WWW@COE
Coe Kohawks,Cooper Nailor,defense,45,15,2,2025-12-30,WWW@COE
Coe Kohawks,Cooper Nailor,defense,40,25,1,2025-12-30,WWW@COE
UW-Whitewater,Mikey Wildes,offense,10,45,1,2025-12-30,WWW@COE
UW-Whitewater,Mikey Wildes,offense,10,40,2,2025-12-30,WWW@COE
UW-Whitewater,Mikey Wildes,offense,10,35,3,2025-12-30,WWW@COE
UW-Whitewater,Mikey Wildes,offense,10,20,1,2025-12-30,WWW@COE
UW-Whitewater,Mikey Wildes,offense,10,15,4,2025-12-30,WWW@COE
UW-Whitewater,Mikey Wildes,offense,15,15,12,2025-12-30,WWW@COE
UW-Whitewater,Mikey Wildes,offense,15,20,4,2025-12-30,WWW@COE
UW-Whitewater,Mikey Wildes,offense,0,15,65,2025-12-30,WWW@COE
UW-Whitewater,Mikey Wildes,offense,0,20,2,2025-12-30,WWW@COE
UW-Whitewater,Trent Grunewald,offense,25,25,17,2025-12-30,WWW@COE
UW-Whitewater,Trent Grunewald,offense,20,25,2,2025-12-30,WWW@COE
UW-Whitewater,Trent Grunewald,offense,20,5,2,2025-12-30,WWW@COE
UW-Whitewater,Trent Grunewald,offense,15,0,1,2025-12-30,WWW@COE
UW-Whitewater,Matthew McKay,offense,20,25,1,2025-12-30,WWW@COE
UW-Whitewater,Matthew McKay,offense,0,20,63,2025-12-30,WWW@COE
UW-Whitewater,Matthew McKay,offense,0,15,92,2025-12-30,WWW@COE
UW-Whitewater,Matthew McKay,offense,5,20,2,2025-12-30,WWW@COE
UW-Whitewater,Matthew McKay,offense,20,15,7,2025-12-30,WWW@COE
UW-Whitewater,Matthew McKay,offense,15,10,1,2025-12-30,WWW@COE
UW-Whitewater,Matthew McKay,offense,15,15,3,2025-12-30,WWW@COE
Coe Kohawks,Jackson Bowman,defense,5,0,1,2025-12-30,WWW@COE
UW-Whitewater,Isaiah Robinson,offense,0,20,76,2025-12-30,WWW@COE
UW-Whitewater,Isaiah Robinson,offense,0,25,11,2025-12-30,WWW@COE
UW-Whitewater,Isaiah Robinson,offense,5,25,1,2025-12-30,WWW@COE
UW-Whitewater,Trent Grunewald,offense,15,25,1,2025-12-30,WWW@COE
UW-Whitewater,Trent Grunewald,offense,15,20,1,2025-12-30,WWW@COE
UW-Whitewater,Trent Grunewald,offense,0,15,79,2025-12-30,WWW@COE
UW-Whitewater,Trent Grunewald,offense,0,10,3,2025-12-30,WWW@COE
UW-Whitewater,Agape Keyes Jr.,offense,40,20,7,2025-12-30,WWW@COE
UW-Whitewater,Agape Keyes Jr.,offense,40,25,3,2025-12-30,WWW@COE
UW-Whitewater,Agape Keyes Jr.,offense,45,30,1,2025-12-30,WWW@COE
UW-Whitewater,Agape Keyes Jr.,offense,25,15,6,2025-12-30,WWW@COE
UW-Whitewater,Agape Keyes Jr.,offense,30,15,3,2025-12-30,WWW@COE
UW-Whitewater,Agape Keyes Jr.,offense,30,20,3,2025-12-30,WWW@COE
UW-Whitewater,Agape Keyes Jr.,offense,25,20,5,2025-12-30,WWW@COE
UW-Whitewater,Agape Keyes Jr.,offense,20,10,5,2025-12-30,WWW@COE
UW-Whitewater,Agape Keyes Jr.,offense,20,15,3,2025-12-30,WWW@COE
UW-Whitewater,Agape Keyes Jr.,offense,15,15,4,2025-12-30,WWW@COE
UW-Whitewater,Agape Keyes Jr.,offense,10,15,1,2025-12-30,WWW@COE
UW-Whitewater,Agape Keyes Jr.,offense,0,10,15,2025-12-30,WWW@COE
UW-Whitewater,Mikey Wildes,defense,45,20,1,2025-12-30,WWW@COE
UW-Whitewater,Agape Keyes Jr.,defense,15,45,1,2025-12-30,WWW@COE
UW-Whitewater,Agape Keyes Jr.,defense,15,40,1,2025-12-30,WWW@COE
UW-Whitewater,Agape Keyes Jr.,defense,20,35,2,2025-12-30,WWW@COE
UW-Whitewater,Agape Keyes Jr.,defense,25,35,1,2025-12-30,WWW@COE
UW-Whitewater,Agape Keyes Jr.,defense,40,10,1,2025-12-30,WWW@COE
UW-Whitewater,Agape Keyes Jr.,defense,35,10,6,2025-12-30,WWW@COE
UW-Whitewater,Agape Keyes Jr.,defense,45,10,2,2025-12-30,WWW@COE
UW-Whitewater,Isaiah Robinson,defense,45,35,1,2025-12-30,WWW@COE
UW-Whitewater,Isaiah Robinson,defense,45,30,1,2025-12-30,WWW@COE
UW-Whitewater,Isaiah Robinson,defense,45,25,1,2025-12-30,WWW@COE
UW-Whitewater,Isaiah Robinson,defense,20,0,1,2025-12-30,WWW@COE
UW-Whitewater,Isaiah Robinson,defense,20,20,3,2025-12-30,WWW@COE
UW-Whitewater,Isaiah Robinson,defense,25,20,2,2025-12-30,WWW@COE
UW-Whitewater,Isaiah Robinson,defense,25,15,13,2025-12-30,WWW@COE
UW-Whitewater,Isaiah Robinson,defense,30,15,5,2025-12-30,WWW@COE
UW-Whitewater,Isaiah Robinson,defense,25,10,1,2025-12-30,WWW@COE
UW-Whitewater,Isaiah Robinson,defense,20,15,3,2025-12-30,WWW@COE
UW-Whitewater,Isaiah Robinson,defense,15,15,1,2025-12-30,WWW@COE
UW-Whitewater,Trent Grunewald,defense,35,10,10,2025-12-30,WWW@COE
UW-Whitewater,Trent Grunewald,defense,30,10,10,2025-12-30,WWW@COE
UW-Whitewater,Trent Grunewald,defense,35,5,7,2025-12-30,WWW@COE
UW-Whitewater,Trent Grunewald,defense,30,5,2,2025-12-30,WWW@COE
UW-Whitewater,Trent Grunewald,defense,25,10,2,2025-12-30,WWW@COE
UW-Whitewater,Trent Grunewald,defense,25,15,7,2025-12-30,WWW@COE
UW-Whitewater,Trent Grunewald,defense,20,15,8,2025-12-30,WWW@COE
UW-Whitewater,Trent Grunewald,defense,10,15,5,2025-12-30,WWW@COE
UW-Whitewater,Trent Grunewald,defense,10,20,1,2025-12-30,WWW@COE
UW-Whitewater,Trent Grunewald,defense,5,20,6,2025-12-30,WWW@COE
UW-Whitewater,Trent Grunewald,defense,5,25,2,2025-12-30,WWW@COE
UW-Whitewater,Matthew McKay,defense,15,10,1,2025-12-30,WWW@COE
UW-Whitewater,Matthew McKay,defense,15,15,2,2025-12-30,WWW@COE
UW-Whitewater,Matthew McKay,defense,15,20,3,2025-12-30,WWW@COE
UW-Whitewater,Matthew McKay,defense,15,25,6,2025-12-30,WWW@COE
UW-Whitewater,Matthew McKay,defense,20,25,4,2025-12-30,WWW@COE
UW-Whitewater,Matthew McKay,defense,35,10,2,2025-12-30,WWW@COE
UW-Whitewater,Mikey Wildes,defense,10,35,3,2025-12-30,WWW@COE
UW-Whitewater,Agape Keyes Jr.,defense,30,25,2,2025-12-30,WWW@COE
UW-Whitewater,Agape Keyes Jr.,defense,30,30,3,2025-12-30,WWW@COE
UW-Whitewater,Agape Keyes Jr.,defense,25,30,2,2025-12-30,WWW@COE
UW-Whitewater,Mikey Wildes,defense,35,5,1,2025-12-30,WWW@COE
UW-Whitewater,Mikey Wildes,defense,20,20,5,2025-12-30,WWW@COE
UW-Whitewater,Agape Keyes Jr.,defense,35,35,2,2025-12-30,WWW@COE
UW-Whitewater,Agape Keyes Jr.,defense,25,25,10,2025-12-30,WWW@COE
UW-Whitewater,Agape Keyes Jr.,defense,25,20,4,2025-12-30,WWW@COE
UW-Whitewater,Agape Keyes Jr.,defense,25,15,8,2025-12-30,WWW@COE
UW-Whitewater,Agape Keyes Jr.,defense,20,10,4,2025-12-30,WWW@COE
UW-Whitewater,Agape Keyes Jr.,defense,20,15,1,2025-12-30,WWW@COE
UW-Whitewater,Agape Keyes Jr.,defense,15,10,1,2025-12-30,WWW@COE
UW-Whitewater,Matthew McKay,defense,45,0,4,2025-12-30,WWW@COE
UW-Whitewater,Matthew McKay,defense,45,5,2,2025-12-30,WWW@COE
UW-Whitewater,Mikey Wildes,defense,45,30,1,2025-12-30,WWW@COE
UW-Whitewater,Mikey Wildes,defense,45,5,1,2025-12-30,WWW@COE
UW-Whitewater,Mikey Wildes,defense,45,10,1,2025-12-30,WWW@COE
UW-Whitewater,Mikey Wildes,defense,35,10,2,2025-12-30,WWW@COE
UW-Whitewater,Isaiah Robinson,defense,0,40,1,2025-12-30,WWW@COE
UW-Whitewater,Isaiah Robinson,defense,5,40,1,2025-12-30,WWW@COE
UW-Whitewater,Isaiah Robinson,defense,5,45,3,2025-12-30,WWW@COE
UW-Whitewater,Mikey Wildes,defense,5,35,1,2025-12-30,WWW@COE
UW-Whitewater,Mikey Wildes,defense,5,20,2,2025-12-30,WWW@COE
UW-Whitewater,Mikey Wildes,defense,5,25,10,2025-12-30,WWW@COE
UW-Whitewater,Mikey Wildes,defense,10,25,6,2025-12-30,WWW@COE
UW-Whitewater,Trent Grunewald,defense,5,40,2,2025-12-30,WWW@COE
UW-Whitewater,Agape Keyes Jr.,defense,45,5,2,2025-12-30,WWW@COE
UW-Whitewater,Agape Keyes Jr.,defense,45,0,1,2025-12-30,WWW@COE
Coe Kohawks,Austin Beeson,offense,15,20,8,2025-12-30,WWW@COE
UW-Whitewater,Trent Grunewald,defense,15,35,6,2025-12-30,WWW@COE
UW-Whitewater,Trent Grunewald,defense,30,25,2,2025-12-30,WWW@COE
UW-Whitewater,Trent Grunewald,defense,25,20,7,2025-12-30,WWW@COE
UW-Whitewater,Trent Grunewald,defense,15,20,7,2025-12-30,WWW@COE
UW-Whitewater,Trent Grunewald,defense,25,25,5,2025-12-30,WWW@COE
Coe Kohawks,Aleks Jajic,offense,40,20,1,2025-12-30,WWW@COE
UW-Whitewater,Agape Keyes Jr.,defense,5,45,1,2025-12-30,WWW@COE
UW-Whitewater,Isaiah Robinson,defense,10,25,7,2025-12-30,WWW@COE
Coe Kohawks,Jay Akin,offense,30,45,1,2025-12-30,WWW@COE
Coe Kohawks,Jay Akin,offense,35,25,1,2025-12-30,WWW@COE
Coe Kohawks,Jay Akin,offense,40,15,3,2025-12-30,WWW@COE
UW-Whitewater,Mikey Wildes,defense,20,35,1,2025-12-30,WWW@COE
UW-Whitewater,Mikey Wildes,defense,15,35,5,2025-12-30,WWW@COE
UW-Whitewater,Mikey Wildes,defense,20,30,1,2025-12-30,WWW@COE
UW-Whitewater,Mikey Wildes,defense,25,25,2,2025-12-30,WWW@COE
UW-Whitewater,Mikey Wildes,defense,30,20,1,2025-12-30,WWW@COE
UW-Whitewater,Mikey Wildes,defense,40,20,1,2025-12-30,WWW@COE
UW-Whitewater,Mikey Wildes,defense,40,15,1,2025-12-30,WWW@COE
UW-Whitewater,Mikey Wildes,defense,25,20,3,2025-12-30,WWW@COE
UW-Whitewater,Mikey Wildes,defense,20,25,1,2025-12-30,WWW@COE
UW-Whitewater,Matthew McKay,defense,10,5,8,2025-12-30,WWW@COE
UW-Whitewater,Matthew McKay,defense,15,5,2,2025-12-30,WWW@COE
Coe Kohawks,Zach Strauss,offense,30,30,4,2025-12-30,WWW@COE
Coe Kohawks,Zach Strauss,offense,25,25,5,2025-12-30,WWW@COE
Coe Kohawks,Zach Strauss,offense,25,20,1,2025-12-30,WWW@COE
Coe Kohawks,Zach Strauss,offense,20,20,2,2025-12-30,WWW@COE
Coe Kohawks,Zach Strauss,offense,10,25,1,2025-12-30,WWW@COE
Coe Kohawks,Zach Strauss,offense,15,25,2,2025-12-30,WWW@COE
Coe Kohawks,Zach Strauss,offense,30,40,1,2025-12-30,WWW@COE
UW-Whitewater,Isaiah Robinson,defense,30,30,1,2025-12-30,WWW@COE
UW-Whitewater,Isaiah Robinson,defense,30,25,1,2025-12-30,WWW@COE
UW-Whitewater,Isaiah Robinson,defense,30,20,2,2025-12-30,WWW@COE
UW-Whitewater,Isaiah Robinson,defense,35,10,4,2025-12-30,WWW@COE
UW-Whitewater,Isaiah Robinson,defense,40,10,1,2025-12-30,WWW@COE
UW-Whitewater,Isaiah Robinson,defense,30,40,1,2025-12-30,WWW@COE
UW-Whitewater,Agape Keyes Jr.,defense,20,5,3,2025-12-30,WWW@COE
UW-Whitewater,Agape Keyes Jr.,defense,15,5,4,2025-12-30,WWW@COE
UW-Whitewater,Agape Keyes Jr.,defense,10,5,1,2025-12-30,WWW@COE
UW-Whitewater,Agape Keyes Jr.,defense,10,15,1,2025-12-30,WWW@COE
UW-Whitewater,Agape Keyes Jr.,defense,10,20,1,2025-12-30,WWW@COE
Coe Kohawks,Aleks Jajic,offense,15,25,1,2025-12-30,WWW@COE
Coe Kohawks,Aleks Jajic,offense,15,20,2,2025-12-30,WWW@COE
Coe Kohawks,Aleks Jajic,offense,15,30,1,2025-12-30,WWW@COE
UW-Whitewater,Matthew McKay,defense,20,20,1,2025-12-30,WWW@COE
Coe Kohawks,Austin Beeson,defense,20,30,1,2025-12-30,WWW@COE
Coe Kohawks,Austin Beeson,defense,20,25,3,2025-12-30,WWW@COE
Coe Kohawks,Aleks Jajic,defense,30,45,1,2025-12-30,WWW@COE
Coe Kohawks,Aleks Jajic,defense,25,40,1,2025-12-30,WWW@COE
Coe Kohawks,Aleks Jajic,defense,30,35,1,2025-12-30,WWW@COE
Coe Kohawks,Aleks Jajic,defense,35,20,2,2025-12-30,WWW@COE
UW-Whitewater,Matthew McKay,offense,10,35,1,2025-12-30,WWW@COE
UW-Whitewater,Matthew McKay,offense,10,30,2,2025-12-30,WWW@COE
UW-Whitewater,Matthew McKay,offense,20,20,2,2025-12-30,WWW@COE
UW-Whitewater,Matthew McKay,offense,20,10,1,2025-12-30,WWW@COE
UW-Whitewater,Matthew McKay,offense,15,5,1,2025-12-30,WWW@COE
UW-Whitewater,Matthew McKay,offense,20,5,5,2025-12-30,WWW@COE
UW-Whitewater,Mikey Wildes,offense,15,40,1,2025-12-30,WWW@COE
UW-Whitewater,Mikey Wildes,offense,15,35,1,2025-12-30,WWW@COE
UW-Whitewater,Mikey Wildes,offense,25,35,1,2025-12-30,WWW@COE
UW-Whitewater,Mikey Wildes,offense,25,20,2,2025-12-30,WWW@COE
UW-Whitewater,Mikey Wildes,offense,30,20,1,2025-12-30,WWW@COE
UW-Whitewater,Mikey Wildes,offense,30,15,1,2025-12-30,WWW@COE
UW-Whitewater,Mikey Wildes,offense,25,5,1,2025-12-30,WWW@COE
Coe Kohawks,Zach Strauss,defense,15,35,1,2025-12-30,WWW@COE
Coe Kohawks,Zach Strauss,defense,25,30,3,2025-12-30,WWW@COE
Coe Kohawks,Zach Strauss,defense,20,25,4,2025-12-30,WWW@COE
Coe Kohawks,Zach Strauss,defense,25,25,6,2025-12-30,WWW@COE
Coe Kohawks,Zach Strauss,defense,20,30,1,2025-12-30,WWW@COE
Coe Kohawks,Jay Akin,defense,15,0,1,2025-12-30,WWW@COE
UW-Whitewater,Isaiah Robinson,offense,0,30,1,2025-12-30,WWW@COE
UW-Whitewater,Mikey Wildes,offense,45,15,2,2025-12-30,WWW@COE
UW-Whitewater,Agape Keyes Jr.,offense,25,10,6,2025-12-30,WWW@COE
UW-Whitewater,Agape Keyes Jr.,offense,25,5,2,2025-12-30,WWW@COE
UW-Whitewater,Agape Keyes Jr.,offense,15,5,2,2025-12-30,WWW@COE
UW-Whitewater,Agape Keyes Jr.,offense,20,5,4,2025-12-30,WWW@COE
UW-Whitewater,Agape Keyes Jr.,offense,20,0,1,2025-12-30,WWW@COE
UW-Whitewater,Agape Keyes Jr.,offense,15,0,1,2025-12-30,WWW@COE
Coe Kohawks,Aleks Jajic,offense,35,10,2,2025-12-30,WWW@COE
Coe Kohawks,Aleks Jajic,offense,35,15,5,2025-12-30,WWW@COE
UW-Whitewater,Trent Grunewald,defense,0,15,1,2025-12-30,WWW@COE
UW-Whitewater,Isaiah Robinson,defense,0,20,8,2025-12-30,WWW@COE
UW-Whitewater,Isaiah Robinson,defense,10,35,1,2025-12-30,WWW@COE
UW-Whitewater,Isaiah Robinson,defense,10,40,2,2025-12-30,WWW@COE
Coe Kohawks,Zach Strauss,offense,0,20,2,2025-12-30,WWW@COE
Coe Kohawks,Zach Strauss,offense,0,25,11,2025-12-30,WWW@COE
Coe Kohawks,Zach Strauss,offense,5,30,1,2025-12-30,WWW@COE
Coe Kohawks,Zach Strauss,offense,10,35,2,2025-12-30,WWW@COE
Coe Kohawks,Zach Strauss,offense,15,35,1,2025-12-30,WWW@COE
Coe Kohawks,Zach Strauss,offense,15,40,2,2025-12-30,WWW@COE
UW-Whitewater,Matthew McKay,defense,0,20,12,2025-12-30,WWW@COE
Coe Kohawks,Agape Keyes Jr.,offense,15,5,2,2025-12-30,WWW@COE
Coe Kohawks,Agape Keyes Jr.,offense,30,15,4,2025-12-30,WWW@COE
Coe Kohawks,Agape Keyes Jr.,offense,35,15,1,2025-12-30,WWW@COE
UW-Whitewater,Mikey Wildes,defense,15,30,1,2025-12-30,WWW@COE
Coe Kohawks,Austin Beeson,offense,20,15,2,2025-12-30,WWW@COE
UW-Whitewater,Trent Grunewald,defense,10,30,1,2025-12-30,WWW@COE
UW-Whitewater,Trent Grunewald,defense,10,40,3,2025-12-30,WWW@COE
UW-Whitewater,Trent Grunewald,defense,15,40,1,2025-12-30,WWW@COE
UW-Whitewater,Agape Keyes Jr.,defense,20,20,1,2025-12-30,WWW@COE
UW-Whitewater,Agape Keyes Jr.,defense,20,30,1,2025-12-30,WWW@COE
Coe Kohawks,Aleks Jajic,offense,20,45,1,2025-12-30,WWW@COE
UW-Whitewater,Mikey Wildes,defense,35,15,2,2025-12-30,WWW@COE
UW-Whitewater,Agape Keyes Jr.,defense,40,20,2,2025-12-30,WWW@COE
Coe Kohawks,Jay Akin,offense,35,0,1,2025-12-30,WWW@COE
Coe Kohawks,Jay Akin,offense,35,5,1,2025-12-30,WWW@COE
UW-Whitewater,Isaiah Robinson,defense,35,5,1,2025-12-30,WWW@COE
UW-Whitewater,Trent Grunewald,defense,35,15,3,2025-12-30,WWW@COE
UW-Whitewater,Trent Grunewald,defense,35,20,3,2025-12-30,WWW@COE
UW-Whitewater,Trent Grunewald,defense,35,25,3,2025-12-30,WWW@COE
UW-Whitewater,Trent Grunewald,defense,35,30,1,2025-12-30,WWW@COE
UW-Whitewater,Trent Grunewald,defense,30,30,2,2025-12-30,WWW@COE
Coe Kohawks,Zach Strauss,offense,40,5,2,2025-12-30,WWW@COE
Coe Kohawks,Zach Strauss,offense,45,10,1,2025-12-30,WWW@COE
Coe Kohawks,Zach Strauss,offense,40,15,3,2025-12-30,WWW@COE
Coe Kohawks,Zach Strauss,offense,35,15,1,2025-12-30,WWW@COE
Coe Kohawks,Zach Strauss,offense,30,20,2,2025-12-30,WWW@COE
Coe Kohawks,Zach Strauss,offense,30,10,1,2025-12-30,WWW@COE
Coe Kohawks,Zach Strauss,offense,30,15,3,2025-12-30,WWW@COE
Coe Kohawks,Zach Strauss,defense,35,40,2,2025-12-30,WWW@COE
Coe Kohawks,Zach Strauss,defense,40,35,4,2025-12-30,WWW@COE
Coe Kohawks,Zach Strauss,defense,35,30,4,2025-12-30,WWW@COE
Coe Kohawks,Zach Strauss,defense,30,25,5,2025-12-30,WWW@COE
Coe Kohawks,Zach Strauss,defense,30,20,5,2025-12-30,WWW@COE
Coe Kohawks,Zach Strauss,defense,25,20,20,2025-12-30,WWW@COE
Coe Kohawks,Zach Strauss,defense,10,10,2,2025-12-30,WWW@COE
Coe Kohawks,Zach Strauss,defense,10,5,6,2025-12-30,WWW@COE
Coe Kohawks,Jackson Newell,defense,5,40,1,2025-12-30,WWW@COE
UW-Whitewater,Trent Grunewald,offense,40,40,2,2025-12-30,WWW@COE
UW-Whitewater,Trent Grunewald,offense,35,40,1,2025-12-30,WWW@COE
UW-Whitewater,Trent Grunewald,offense,35,35,1,2025-12-30,WWW@COE
UW-Whitewater,Trent Grunewald,offense,30,35,2,2025-12-30,WWW@COE
UW-Whitewater,Trent Grunewald,offense,30,30,5,2025-12-30,WWW@COE
UW-Whitewater,Trent Grunewald,offense,30,25,12,2025-12-30,WWW@COE
UW-Whitewater,Trent Grunewald,offense,35,20,6,2025-12-30,WWW@COE
UW-Whitewater,Trent Grunewald,offense,40,20,1,2025-12-30,WWW@COE
UW-Whitewater,Trent Grunewald,offense,40,15,4,2025-12-30,WWW@COE
UW-Whitewater,Trent Grunewald,offense,45,10,3,2025-12-30,WWW@COE
UW-Whitewater,Matthew McKay,offense,5,45,2,2025-12-30,WWW@COE
UW-Whitewater,Matthew McKay,offense,5,40,2,2025-12-30,WWW@COE
UW-Whitewater,Matthew McKay,offense,0,25,1,2025-12-30,WWW@COE
UW-Whitewater,Mikey Wildes,offense,5,35,1,2025-12-30,WWW@COE
UW-Whitewater,Mikey Wildes,offense,10,30,1,2025-12-30,WWW@COE
UW-Whitewater,Mikey Wildes,offense,10,25,2,2025-12-30,WWW@COE
UW-Whitewater,Mikey Wildes,offense,20,25,2,2025-12-30,WWW@COE
UW-Whitewater,Mikey Wildes,offense,15,25,1,2025-12-30,WWW@COE
UW-Whitewater,Mikey Wildes,offense,15,10,5,2025-12-30,WWW@COE
UW-Whitewater,Mikey Wildes,offense,15,5,5,2025-12-30,WWW@COE
UW-Whitewater,Agape Keyes Jr.,offense,20,25,4,2025-12-30,WWW@COE
UW-Whitewater,Agape Keyes Jr.,offense,20,30,1,2025-12-30,WWW@COE
UW-Whitewater,Agape Keyes Jr.,offense,15,20,3,2025-12-30,WWW@COE
UW-Whitewater,Agape Keyes Jr.,offense,30,5,12,2025-12-30,WWW@COE
UW-Whitewater,Agape Keyes Jr.,offense,30,10,2,2025-12-30,WWW@COE
UW-Whitewater,Agape Keyes Jr.,offense,35,15,4,2025-12-30,WWW@COE
UW-Whitewater,Agape Keyes Jr.,offense,45,15,1,2025-12-30,WWW@COE
Coe Kohawks,Aleks Jajic,defense,15,25,5,2025-12-30,WWW@COE
Coe Kohawks,Aleks Jajic,defense,10,20,2,2025-12-30,WWW@COE
Coe Kohawks,Aleks Jajic,defense,25,15,20,2025-12-30,WWW@COE
UW-Whitewater,Isaiah Robinson,offense,10,20,1,2025-12-30,WWW@COE
UW-Whitewater,Isaiah Robinson,offense,10,25,4,2025-12-30,WWW@COE
UW-Whitewater,Isaiah Robinson,offense,15,25,19,2025-12-30,WWW@COE
UW-Whitewater,Isaiah Robinson,offense,15,30,13,2025-12-30,WWW@COE
UW-Whitewater,Isaiah Robinson,offense,5,10,1,2025-12-30,WWW@COE
UW-Whitewater,Isaiah Robinson,offense,10,10,1,2025-12-30,WWW@COE
UW-Whitewater,Isaiah Robinson,offense,5,15,1,2025-12-30,WWW@COE
UW-Whitewater,Isaiah Robinson,offense,10,15,15,2025-12-30,WWW@COE
UW-Whitewater,Isaiah Robinson,offense,20,25,4,2025-12-30,WWW@COE
UW-Whitewater,Isaiah Robinson,offense,20,20,4,2025-12-30,WWW@COE
UW-Whitewater,Isaiah Robinson,offense,25,20,4,2025-12-30,WWW@COE
UW-Whitewater,Isaiah Robinson,offense,25,15,14,2025-12-30,WWW@COE
UW-Whitewater,Mikey Wildes,offense,10,10,1,2025-12-30,WWW@COE
UW-Whitewater,Mikey Wildes,offense,20,20,9,2025-12-30,WWW@COE
UW-Whitewater,Mikey Wildes,offense,20,15,1,2025-12-30,WWW@COE
UW-Whitewater,Mikey Wildes,offense,25,15,9,2025-12-30,WWW@COE
UW-Whitewater,Trent Grunewald,offense,45,15,4,2025-12-30,WWW@COE
UW-Whitewater,Trent Grunewald,offense,35,15,4,2025-12-30,WWW@COE
UW-Whitewater,Trent Grunewald,offense,30,10,1,2025-12-30,WWW@COE
UW-Whitewater,Matthew McKay,offense,0,10,3,2025-12-30,WWW@COE
UW-Whitewater,Matthew McKay,offense,5,15,2,2025-12-30,WWW@COE
UW-Whitewater,Agape Keyes Jr.,offense,20,20,1,2025-12-30,WWW@COE
Coe Kohawks,Zach Strauss,defense,15,15,12,2025-12-30,WWW@COE
Coe Kohawks,Zach Strauss,defense,15,20,6,2025-12-30,WWW@COE
Coe Kohawks,Zach Strauss,defense,20,20,11,2025-12-30,WWW@COE
Coe Kohawks,Zach Strauss,defense,20,15,1,2025-12-30,WWW@COE
Coe Kohawks,Zach Strauss,defense,20,10,1,2025-12-30,WWW@COE
UW-Whitewater,Trent Grunewald,offense,5,25,2,2025-12-30,WWW@COE
UW-Whitewater,Trent Grunewald,offense,0,20,11,2025-12-30,WWW@COE
UW-Whitewater,Trent Grunewald,offense,0,25,2,2025-12-30,WWW@COE
Coe Kohawks,Jackson Newell,defense,5,10,7,2025-12-30,WWW@COE
Coe Kohawks,Jackson Newell,defense,0,0,1,2025-12-30,WWW@COE
Coe Kohawks,Jackson Newell,defense,0,10,6,2025-12-30,WWW@COE
UW-Whitewater,Agape Keyes Jr.,offense,15,10,11,2025-12-30,WWW@COE
UW-Whitewater,Agape Keyes Jr.,offense,0,15,26,2025-12-30,WWW@COE
UW-Whitewater,Agape Keyes Jr.,offense,5,15,1,2025-12-30,WWW@COE
UW-Whitewater,Agape Keyes Jr.,offense,10,10,3,2025-12-30,WWW@COE
Coe Kohawks,Zach Strauss,defense,20,0,2,2025-12-30,WWW@COE
Coe Kohawks,Zach Strauss,defense,25,5,4,2025-12-30,WWW@COE
Coe Kohawks,Zach Strauss,defense,30,10,3,2025-12-30,WWW@COE
Coe Kohawks,Zach Strauss,defense,25,10,23,2025-12-30,WWW@COE
Coe Kohawks,Zach Strauss,defense,25,15,5,2025-12-30,WWW@COE
Coe Kohawks,Zach Strauss,defense,30,15,4,2025-12-30,WWW@COE
Coe Kohawks,Zach Strauss,defense,15,25,1,2025-12-30,WWW@COE
Coe Kohawks,Zach Strauss,defense,0,15,7,2025-12-30,WWW@COE
Coe Kohawks,Austin Beeson,defense,10,0,1,2025-12-30,WWW@COE
UW-Whitewater,Isaiah Robinson,offense,0,15,11,2025-12-30,WWW@COE
UW-Whitewater,Isaiah Robinson,offense,0,10,1,2025-12-30,WWW@COE
UW-Whitewater,Isaiah Robinson,offense,15,15,1,2025-12-30,WWW@COE
UW-Whitewater,Isaiah Robinson,offense,20,15,1,2025-12-30,WWW@COE
UW-Whitewater,Isaiah Robinson,offense,30,20,2,2025-12-30,WWW@COE
UW-Whitewater,Isaiah Robinson,offense,25,10,2,2025-12-30,WWW@COE
UW-Whitewater,Isaiah Robinson,offense,20,5,5,2025-12-30,WWW@COE
UW-Whitewater,Isaiah Robinson,offense,20,10,1,2025-12-30,WWW@COE
UW-Whitewater,Isaiah Robinson,offense,15,5,1,2025-12-30,WWW@COE
UW-Whitewater,Isaiah Robinson,offense,30,15,7,2025-12-30,WWW@COE
UW-Whitewater,Mikey Wildes,offense,35,15,1,2025-12-30,WWW@COE
UW-Whitewater,Mikey Wildes,offense,30,0,1,2025-12-30,WWW@COE
UW-Whitewater,Mikey Wildes,offense,35,0,2,2025-12-30,WWW@COE
UW-Whitewater,Mikey Wildes,offense,40,5,1,2025-12-30,WWW@COE
Coe Kohawks,Aleks Jajic,defense,5,5,7,2025-12-30,WWW@COE
UW-Whitewater,Mikey Wildes,offense,45,5,1,2025-12-30,WWW@COE
UW-Whitewater,Mikey Wildes,offense,45,10,2,2025-12-30,WWW@COE
UW-Whitewater,Mikey Wildes,offense,15,0,2,2025-12-30,WWW@COE
UW-Whitewater,Mikey Wildes,offense,20,0,1,2025-12-30,WWW@COE
UW-Whitewater,Mikey Wildes,offense,25,10,1,2025-12-30,WWW@COE
UW-Whitewater,Mikey Wildes,offense,30,10,1,2025-12-30,WWW@COE
UW-Whitewater,Mikey Wildes,offense,30,5,2,2025-12-30,WWW@COE
UW-Whitewater,Mikey Wildes,offense,35,5,1,2025-12-30,WWW@COE
UW-Whitewater,Mikey Wildes,offense,40,10,1,2025-12-30,WWW@COE
UW-Whitewater,Mikey Wildes,offense,40,15,2,2025-12-30,WWW@COE
Coe Kohawks,Zach Strauss,defense,20,5,4,2025-12-30,WWW@COE
UW-Whitewater,Isaiah Robinson,offense,35,15,5,2025-12-30,WWW@COE
Coe Kohawks,Aleks Jajic,defense,15,0,1,2025-12-30,WWW@COE
UW-Whitewater,Trent Grunewald,offense,10,0,2,2025-12-30,WWW@COE
UW-Whitewater,Trent Grunewald,offense,10,5,1,2025-12-30,WWW@COE
UW-Whitewater,Trent Grunewald,offense,15,10,10,2025-12-30,WWW@COE
UW-Whitewater,Trent Grunewald,offense,15,5,1,2025-12-30,WWW@COE
UW-Whitewater,Mikey Wildes,offense,5,15,5,2025-12-30,WWW@COE
UW-Whitewater,Trent Grunewald,offense,20,15,3,2025-12-30,WWW@COE
Coe Kohawks,Zach Strauss,defense,15,10,2,2025-12-30,WWW@COE
UW-Whitewater,Agape Keyes Jr.,offense,10,20,1,2025-12-30,WWW@COE
UW-Whitewater,Agape Keyes Jr.,offense,30,0,1,2025-12-30,WWW@COE
UW-Whitewater,Agape Keyes Jr.,offense,35,0,1,2025-12-30,WWW@COE
UW-Whitewater,Agape Keyes Jr.,offense,25,0,1,2025-12-30,WWW@COE
UW-Whitewater,Trent Grunewald,offense,30,20,1,2025-12-30,WWW@COE
UW-Whitewater,Trent Grunewald,offense,35,25,4,2025-12-30,WWW@COE
UW-Whitewater,Trent Grunewald,offense,40,25,2,2025-12-30,WWW@COE
UW-Whitewater,Trent Grunewald,offense,30,15,1,2025-12-30,WWW@COE
UW-Whitewater,Trent Grunewald,offense,25,15,1,2025-12-30,WWW@COE
UW-Whitewater,Trent Grunewald,offense,25,10,2,2025-12-30,WWW@COE
Coe Kohawks,Aleks Jajic,defense,40,5,3,2025-12-30,WWW@COE
UW-Whitewater,Mikey Wildes,offense,10,5,1,2025-12-30,WWW@COE
UW-Whitewater,Matthew McKay,offense,25,15,1,2025-12-30,WWW@COE
UW-Whitewater,Matthew McKay,offense,25,0,2,2025-12-30,WWW@COE
Coe Kohawks,Zach Strauss,defense,45,5,1,2025-12-30,WWW@COE
Coe Kohawks,Zach Strauss,defense,45,10,1,2025-12-30,WWW@COE
Coe Kohawks,Zach Strauss,offense,20,10,1,2025-12-30,WWW@COE
Coe Kohawks,Zach Strauss,offense,10,20,6,2025-12-30,WWW@COE
Coe Kohawks,Aleks Jajic,offense,30,5,2,2025-12-30,WWW@COE
Coe Kohawks,Aleks Jajic,offense,30,0,4,2025-12-30,WWW@COE
UW-Whitewater,Matthew McKay,defense,30,15,6,2025-12-30,WWW@COE
UW-Whitewater,Matthew McKay,defense,30,10,2,2025-12-30,WWW@COE
UW-Whitewater,Matthew McKay,defense,30,20,3,2025-12-30,WWW@COE
UW-Whitewater,Matthew McKay,defense,25,20,1,2025-12-30,WWW@COE
UW-Whitewater,Isaiah Robinson,defense,25,25,2,2025-12-30,WWW@COE
UW-Whitewater,Isaiah Robinson,defense,25,30,1,2025-12-30,WWW@COE
Coe Kohawks,Austin Beeson,offense,25,15,3,2025-12-30,WWW@COE
Coe Kohawks,Austin Beeson,offense,20,40,1,2025-12-30,WWW@COE
Coe Kohawks,Zach Strauss,offense,5,15,1,2025-12-30,WWW@COE
Coe Kohawks,Zach Strauss,offense,5,20,4,2025-12-30,WWW@COE
