opponent,game_date,event_order,period,time_remaining,time_remaining_seconds,team,player,event_type,raw_text,shot_type,video_description
Gustavus Adolphus Golden Gusties,2025-11-07,0,,,,,,period_marker,Start 1st Half,,
Gustavus Adolphus Golden Gusties,2025-11-07,1,H1,19:59 (H1),1199.0,Aurora Spartans,Devon Richardson,jump_ball_won,Devon Richardson Wins Jump Ball,,
Gustavus Adolphus Golden Gusties,2025-11-07,2,H1,19:59 (H1),1199.0,Gustavus Adolphus Golden Gusties,Carson Koch,jump_ball_lost,Carson Koch Loses Jump Ball,,
Gustavus Adolphus Golden Gusties,2025-11-07,3,H1,19:33 (H1),1173.0,Aurora Spartans,Devon Richardson,made_shot,Devon Richardson Makes 2PT Layup,2,22 Devon Richardson > Cut > Flash > Make 2 Pts
Gustavus Adolphus Golden Gusties,2025-11-07,4,H1,19:33 (H1),1173.0,Aurora Spartans,Gevon Grant,assist,Gevon Grant Assists,,
Gustavus Adolphus Golden Gusties,2025-11-07,5,H1,19:18 (H1),1158.0,Gustavus Adolphus Golden Gusties,Andrew Quam,made_shot,Andrew Quam Makes 3PT Jump Shot,3,35 Andrew Quam > Transition > Right Wing > No Dribble Jumper > Guarded > Long/3pt > Make 3 Pts
Gustavus Adolphus Golden Gusties,2025-11-07,6,H1,19:18 (H1),1158.0,Gustavus Adolphus Golden Gusties,Eli Wolff,assist,Eli Wolff Assists,,
Gustavus Adolphus Golden Gusties,2025-11-07,7,H1,18:46 (H1),1126.0,Aurora Spartans,Jeffery Hillmer,missed_shot,Jeffery Hillmer Misses 3PT Jump Shot,3,3 Jeffery Hillmer > Spot-Up > No Dribble Jumper > Guarded > Long/3pt > Miss 3 Pts
Gustavus Adolphus Golden Gusties,2025-11-07,8,H1,18:46 (H1),1126.0,Gustavus Adolphus Golden Gusties,Myles Barnette,block,Myles Barnette Blocks,,
Gustavus Adolphus Golden Gusties,2025-11-07,9,H1,18:42 (H1),1122.0,Aurora Spartans,Juan Madrigal,rebound_offensive,Juan Madrigal Offensive Rebound,,
Gustavus Adolphus Golden Gusties,2025-11-07,10,H1,18:40 (H1),1120.0,Aurora Spartans,Juan Madrigal,missed_shot,Juan Madrigal Misses 2PT Layup,2,
Gustavus Adolphus Golden Gusties,2025-11-07,11,H1,18:38 (H1),1118.0,Gustavus Adolphus Golden Gusties,Carson Koch,rebound_defensive,Carson Koch Defensive Rebound,,
Gustavus Adolphus Golden Gusties,2025-11-07,12,H1,18:37 (H1),1117.0,Gustavus Adolphus Golden Gusties,Eli Wolff,turnover,Eli Wolff Turnover (Lost Ball),,2 Eli Wolff > Transition > Left Wing > Turnover
Gustavus Adolphus Golden Gusties,2025-11-07,13,H1,18:25 (H1),1105.0,Aurora Spartans,Gevon Grant,missed_shot,Gevon Grant Misses 2PT Jump Shot,2,24 Gevon Grant > P&R Ball Handler > High P&R > Dribble Off Pick > To Basket > Miss 2 Pts
Gustavus Adolphus Golden Gusties,2025-11-07,14,H1,18:22 (H1),1102.0,Gustavus Adolphus Golden Gusties,Carson Koch,rebound_defensive,Carson Koch Defensive Rebound,,
Gustavus Adolphus Golden Gusties,2025-11-07,15,H1,18:18 (H1),1098.0,Gustavus Adolphus Golden Gusties,Eli Wolff,missed_shot,Eli Wolff Misses 3PT Jump Shot,3,2 Eli Wolff > Transition > Right Wing > No Dribble Jumper > Open > Long/3pt > Miss 3 Pts
Gustavus Adolphus Golden Gusties,2025-11-07,16,H1,18:15 (H1),1095.0,Aurora Spartans,Gevon Grant,rebound_defensive,Gevon Grant Defensive Rebound,,
Gustavus Adolphus Golden Gusties,2025-11-07,17,H1,18:08 (H1),1088.0,Gustavus Adolphus Golden Gusties,Carson Koch,foul,Carson Koch Commits Personal Foul,,24 Gevon Grant > P&R Ball Handler > Right P&R > Baseline > Dribble Off Pick > Defense Commits > Ball Delivered > 22 Devon Richardson > Cut > Basket > Foul
Gustavus Adolphus Golden Gusties,2025-11-07,18,H1,18:08 (H1),1088.0,Aurora Spartans,Devon Richardson,free_throw_made,Devon Richardson Makes Free Throw (1 of 2),,22 Devon Richardson > Non Possession > Free Throw
Gustavus Adolphus Golden Gusties,2025-11-07,19,H1,18:08 (H1),1088.0,Aurora Spartans,Devon Richardson,free_throw_made,Devon Richardson Makes Free Throw (2 of 2),,22 Devon Richardson > Non Possession > Free Throw
Gustavus Adolphus Golden Gusties,2025-11-07,20,H1,17:48 (H1),1068.0,Gustavus Adolphus Golden Gusties,Andrew Quam,made_shot,Andrew Quam Makes 3PT Jump Shot,3,35 Andrew Quam > Spot-Up > No Dribble Jumper > Guarded > Long/3pt > Make 3 Pts
Gustavus Adolphus Golden Gusties,2025-11-07,21,H1,17:48 (H1),1068.0,Gustavus Adolphus Golden Gusties,Myles Barnette,assist,Myles Barnette Assists,,
Gustavus Adolphus Golden Gusties,2025-11-07,22,H1,17:32 (H1),1052.0,Aurora Spartans,Zerrick Johnson,turnover,Zerrick Johnson Turnover (Bad Pass),,13 Zerrick Johnson > Transition > Left Wing > Turnover
Gustavus Adolphus Golden Gusties,2025-11-07,23,H1,17:32 (H1),1052.0,Gustavus Adolphus Golden Gusties,Eli Wolff,sub_out,Eli Wolff Subs Out,,
Gustavus Adolphus Golden Gusties,2025-11-07,24,H1,17:32 (H1),1052.0,Gustavus Adolphus Golden Gusties,Isaac Matti,sub_in,Isaac Matti Subs In,,
Gustavus Adolphus Golden Gusties,2025-11-07,25,H1,17:24 (H1),1044.0,Gustavus Adolphus Golden Gusties,Jake Schmitt,made_shot,Jake Schmitt Makes 2PT Driving Layup,2,10 Jake Schmitt > Transition > Ballhandler > To Basket > Make 2 Pts
Gustavus Adolphus Golden Gusties,2025-11-07,26,H1,16:56 (H1),1016.0,Aurora Spartans,Devon Richardson,missed_shot,Devon Richardson Misses 2PT Layup,2,22 Devon Richardson > Cut > Basket > Miss 2 Pts
Gustavus Adolphus Golden Gusties,2025-11-07,27,H1,16:52 (H1),1012.0,Aurora Spartans,Devon Richardson,rebound_offensive,Devon Richardson Offensive Rebound,,
Gustavus Adolphus Golden Gusties,2025-11-07,28,H1,16:52 (H1),1012.0,Aurora Spartans,Devon Richardson,made_shot,Devon Richardson Makes 2PT,2,
Gustavus Adolphus Golden Gusties,2025-11-07,29,H1,16:44 (H1),1004.0,Gustavus Adolphus Golden Gusties,Carson Koch,missed_shot,Carson Koch Misses 3PT Jump Shot,3,11 Carson Koch > Transition > Left Wing > No Dribble Jumper > Guarded > Long/3pt > Miss 3 Pts
Gustavus Adolphus Golden Gusties,2025-11-07,30,H1,16:39 (H1),999.0,Gustavus Adolphus Golden Gusties,Isaac Matti,rebound_offensive,Isaac Matti Offensive Rebound,,
Gustavus Adolphus Golden Gusties,2025-11-07,31,H1,16:39 (H1),999.0,Gustavus Adolphus Golden Gusties,Isaac Matti,made_shot,Isaac Matti Makes 2PT,2,
Gustavus Adolphus Golden Gusties,2025-11-07,32,H1,16:20 (H1),980.0,Aurora Spartans,Zerrick Johnson,turnover,Zerrick Johnson Turnover (Travel),,13 Zerrick Johnson > Spot-Up > Drives Left > Turnover
Gustavus Adolphus Golden Gusties,2025-11-07,33,H1,16:20 (H1),980.0,Aurora Spartans,Jeffery Hillmer,sub_out,Jeffery Hillmer Subs Out,,
Gustavus Adolphus Golden Gusties,2025-11-07,34,H1,16:20 (H1),980.0,Aurora Spartans,Gevon Grant,sub_out,Gevon Grant Subs Out,,
Gustavus Adolphus Golden Gusties,2025-11-07,35,H1,16:20 (H1),980.0,Aurora Spartans,Robert Hutson,sub_in,Robert Hutson Subs In,,
Gustavus Adolphus Golden Gusties,2025-11-07,36,H1,16:20 (H1),980.0,Aurora Spartans,Alex Ross,sub_in,Alex Ross Subs In,,
Gustavus Adolphus Golden Gusties,2025-11-07,37,H1,16:03 (H1),963.0,Gustavus Adolphus Golden Gusties,Jake Schmitt,missed_shot,Jake Schmitt Misses 3PT Jump Shot,3,10 Jake Schmitt > Off Screen > To Shooter's Left > Flare > No Dribble Jumper > Guarded > Long/3pt > Miss 3 Pts
Gustavus Adolphus Golden Gusties,2025-11-07,38,H1,16:01 (H1),961.0,Gustavus Adolphus Golden Gusties,,team_deadball_rebound_offensive,Offensive Rebound,,
Gustavus Adolphus Golden Gusties,2025-11-07,39,H1,16:01 (H1),961.0,Aurora Spartans,Zerrick Johnson,sub_out,Zerrick Johnson Subs Out,,
Gustavus Adolphus Golden Gusties,2025-11-07,40,H1,16:01 (H1),961.0,Aurora Spartans,Bryden Gryzmala,sub_in,Bryden Gryzmala Subs In,,
Gustavus Adolphus Golden Gusties,2025-11-07,41,H1,16:01 (H1),961.0,Aurora Spartans,,timeout,Official TV Timeout,,
Gustavus Adolphus Golden Gusties,2025-11-07,42,H1,16:01 (H1),961.0,Gustavus Adolphus Golden Gusties,,timeout,Official TV Timeout,,
Gustavus Adolphus Golden Gusties,2025-11-07,43,H1,15:57 (H1),957.0,Gustavus Adolphus Golden Gusties,Myles Barnette,missed_shot,Myles Barnette Misses 2PT Layup,2,13 Myles Barnette > Spot-Up > Drives Left > To Basket > Miss 2 Pts
Gustavus Adolphus Golden Gusties,2025-11-07,44,H1,15:54 (H1),954.0,Gustavus Adolphus Golden Gusties,Andrew Quam,rebound_offensive,Andrew Quam Offensive Rebound,,
Gustavus Adolphus Golden Gusties,2025-11-07,45,H1,15:52 (H1),952.0,Gustavus Adolphus Golden Gusties,Andrew Quam,missed_shot,Andrew Quam Misses 3PT Jump Shot,3,35 Andrew Quam > Spot-Up > No Dribble Jumper > Guarded > Long/3pt > Miss 3 Pts
Gustavus Adolphus Golden Gusties,2025-11-07,46,H1,15:48 (H1),948.0,Gustavus Adolphus Golden Gusties,,team_deadball_rebound_offensive,Offensive Rebound,,
Gustavus Adolphus Golden Gusties,2025-11-07,47,H1,15:45 (H1),945.0,Gustavus Adolphus Golden Gusties,Myles Barnette,made_shot,Myles Barnette Makes 2PT Driving Layup,2,13 Myles Barnette > Spot-Up > Drives Right > To Basket > Make 2 Pts
Gustavus Adolphus Golden Gusties,2025-11-07,48,H1,15:11 (H1),911.0,Aurora Spartans,Robert Hutson,missed_shot,Robert Hutson Misses 3PT Jump Shot,3,12 Robert Hutson > Spot-Up > No Dribble Jumper > Guarded > Long/3pt > Miss 3 Pts
Gustavus Adolphus Golden Gusties,2025-11-07,49,H1,15:08 (H1),908.0,Aurora Spartans,Devon Richardson,rebound_offensive,Devon Richardson Offensive Rebound,,
Gustavus Adolphus Golden Gusties,2025-11-07,50,H1,15:05 (H1),905.0,Aurora Spartans,Devon Richardson,missed_shot,Devon Richardson Misses 2PT Layup,2,
Gustavus Adolphus Golden Gusties,2025-11-07,51,H1,15:03 (H1),903.0,Gustavus Adolphus Golden Gusties,Andrew Quam,rebound_defensive,Andrew Quam Defensive Rebound,,
Gustavus Adolphus Golden Gusties,2025-11-07,52,H1,14:58 (H1),898.0,Gustavus Adolphus Golden Gusties,Jake Schmitt,missed_shot,Jake Schmitt Misses 3PT Jump Shot,3,10 Jake Schmitt > Transition > Ballhandler > Dribble Jumper > Long/3pt > Miss 3 Pts
Gustavus Adolphus Golden Gusties,2025-11-07,53,H1,14:55 (H1),895.0,Aurora Spartans,Juan Madrigal,rebound_defensive,Juan Madrigal Defensive Rebound,,
Gustavus Adolphus Golden Gusties,2025-11-07,54,H1,14:41 (H1),881.0,Aurora Spartans,Robert Hutson,missed_shot,Robert Hutson Misses 2PT Layup,2,2 Juan Madrigal > P&R Ball Handler > High P&R > Go Away from Pick > Defense Commits > Ball Delivered > 12 Robert Hutson > Spot-Up > Drives Straight > To Basket > Miss 2 Pts
Gustavus Adolphus Golden Gusties,2025-11-07,55,H1,14:37 (H1),877.0,Aurora Spartans,Devon Richardson,rebound_offensive,Devon Richardson Offensive Rebound,,
Gustavus Adolphus Golden Gusties,2025-11-07,56,H1,14:36 (H1),876.0,Aurora Spartans,Devon Richardson,made_shot,Devon Richardson Makes 2PT Layup,2,
Gustavus Adolphus Golden Gusties,2025-11-07,57,H1,14:23 (H1),863.0,Aurora Spartans,Alex Ross,foul,Alex Ross Commits Personal Foul,,13 Myles Barnette > Non Possession > Non Shooting Foul
Gustavus Adolphus Golden Gusties,2025-11-07,58,H1,14:23 (H1),863.0,Aurora Spartans,Juan Madrigal,sub_out,Juan Madrigal Subs Out,,
Gustavus Adolphus Golden Gusties,2025-11-07,59,H1,14:23 (H1),863.0,Aurora Spartans,Devon Richardson,sub_out,Devon Richardson Subs Out,,
Gustavus Adolphus Golden Gusties,2025-11-07,60,H1,14:23 (H1),863.0,Aurora Spartans,Alex Ross,sub_out,Alex Ross Subs Out,,
Gustavus Adolphus Golden Gusties,2025-11-07,61,H1,14:23 (H1),863.0,Gustavus Adolphus Golden Gusties,Jake Schmitt,sub_out,Jake Schmitt Subs Out,,
Gustavus Adolphus Golden Gusties,2025-11-07,62,H1,14:23 (H1),863.0,Gustavus Adolphus Golden Gusties,Carson Koch,sub_out,Carson Koch Subs Out,,
Gustavus Adolphus Golden Gusties,2025-11-07,63,H1,14:23 (H1),863.0,Gustavus Adolphus Golden Gusties,Andrew Quam,sub_out,Andrew Quam Subs Out,,
Gustavus Adolphus Golden Gusties,2025-11-07,64,H1,14:23 (H1),863.0,Aurora Spartans,Jeffery Hillmer,sub_in,Jeffery Hillmer Subs In,,
Gustavus Adolphus Golden Gusties,2025-11-07,65,H1,14:23 (H1),863.0,Aurora Spartans,Larry Carthan,sub_in,Larry Carthan Subs In,,
Gustavus Adolphus Golden Gusties,2025-11-07,66,H1,14:23 (H1),863.0,Aurora Spartans,Zerrick Johnson,sub_in,Zerrick Johnson Subs In,,
Gustavus Adolphus Golden Gusties,2025-11-07,67,H1,14:23 (H1),863.0,Gustavus Adolphus Golden Gusties,Eli Ehrke,sub_in,Eli Ehrke Subs In,,
Gustavus Adolphus Golden Gusties,2025-11-07,68,H1,14:23 (H1),863.0,Gustavus Adolphus Golden Gusties,Obinna Izuora,sub_in,Obinna Izuora Subs In,,
Gustavus Adolphus Golden Gusties,2025-11-07,69,H1,14:23 (H1),863.0,Gustavus Adolphus Golden Gusties,Connor Beauchamp,sub_in,Connor Beauchamp Subs In,,
Gustavus Adolphus Golden Gusties,2025-11-07,70,H1,14:23 (H1),863.0,Gustavus Adolphus Golden Gusties,Connor Beauchamp,missed_shot,Connor Beauchamp Misses 2PT Layup,2,31 Connor Beauchamp > Spot-Up > Drives Right > To Basket > Miss 2 Pts
Gustavus Adolphus Golden Gusties,2025-11-07,71,H1,14:23 (H1),863.0,Aurora Spartans,Larry Carthan,rebound_defensive,Larry Carthan Defensive Rebound,,
Gustavus Adolphus Golden Gusties,2025-11-07,72,H1,14:10 (H1),850.0,Aurora Spartans,Zerrick Johnson,missed_shot,Zerrick Johnson Misses 2PT Layup (Blocked),2,13 Zerrick Johnson > P&R Ball Handler > High P&R > Go Away from Pick > To Basket > Miss 2 Pts
Gustavus Adolphus Golden Gusties,2025-11-07,73,H1,14:10 (H1),850.0,Gustavus Adolphus Golden Gusties,Isaac Matti,block,Isaac Matti Blocks,,
Gustavus Adolphus Golden Gusties,2025-11-07,74,H1,14:05 (H1),845.0,Aurora Spartans,Larry Carthan,rebound_offensive,Larry Carthan Offensive Rebound,,
Gustavus Adolphus Golden Gusties,2025-11-07,75,H1,14:04 (H1),844.0,Aurora Spartans,Larry Carthan,missed_shot,Larry Carthan Misses 2PT Layup,2,5 Larry Carthan > Offensive Rebound > Short > Scoring Attempt > At Basket > Miss 2 Pts
Gustavus Adolphus Golden Gusties,2025-11-07,76,H1,14:02 (H1),842.0,Gustavus Adolphus Golden Gusties,Connor Beauchamp,rebound_defensive,Connor Beauchamp Defensive Rebound,,
Gustavus Adolphus Golden Gusties,2025-11-07,77,H1,13:48 (H1),828.0,Gustavus Adolphus Golden Gusties,Eli Ehrke,missed_shot,Eli Ehrke Misses 2PT Layup,2,4 Eli Ehrke > Cut > Screen > Miss 2 Pts
Gustavus Adolphus Golden Gusties,2025-11-07,78,H1,13:46 (H1),826.0,Aurora Spartans,Zerrick Johnson,rebound_defensive,Zerrick Johnson Defensive Rebound,,
Gustavus Adolphus Golden Gusties,2025-11-07,79,H1,13:31 (H1),811.0,Aurora Spartans,Larry Carthan,turnover,Larry Carthan Turnover (Lost Ball),,
Gustavus Adolphus Golden Gusties,2025-11-07,80,H1,13:31 (H1),811.0,Gustavus Adolphus Golden Gusties,Myles Barnette,steal,Myles Barnette Steals,,
Gustavus Adolphus Golden Gusties,2025-11-07,81,H1,13:28 (H1),808.0,Gustavus Adolphus Golden Gusties,Myles Barnette,made_shot,Myles Barnette Makes 2PT Dunk,2,13 Myles Barnette > Transition > Ballhandler > To Basket > Make 2 Pts
Gustavus Adolphus Golden Gusties,2025-11-07,82,H1,13:03 (H1),783.0,Aurora Spartans,Robert Hutson,turnover,Robert Hutson Turnover,,12 Robert Hutson > ISO > Left > Drives Left > Defense Commits > Turnover
Gustavus Adolphus Golden Gusties,2025-11-07,83,H1,13:03 (H1),783.0,Gustavus Adolphus Golden Gusties,Myles Barnette,sub_out,Myles Barnette Subs Out,,
Gustavus Adolphus Golden Gusties,2025-11-07,84,H1,13:03 (H1),783.0,Gustavus Adolphus Golden Gusties,Isaac Matti,sub_out,Isaac Matti Subs Out,,
Gustavus Adolphus Golden Gusties,2025-11-07,85,H1,13:03 (H1),783.0,Aurora Spartans,Robert Hutson,sub_out,Robert Hutson Subs Out,,
Gustavus Adolphus Golden Gusties,2025-11-07,86,H1,13:03 (H1),783.0,Gustavus Adolphus Golden Gusties,Jake Schmitt,sub_in,Jake Schmitt Subs In,,
Gustavus Adolphus Golden Gusties,2025-11-07,87,H1,13:03 (H1),783.0,Gustavus Adolphus Golden Gusties,Eli Wolff,sub_in,Eli Wolff Subs In,,
Gustavus Adolphus Golden Gusties,2025-11-07,88,H1,12:47 (H1),767.0,Aurora Spartans,Bryden Gryzmala,sub_out,Bryden Gryzmala Subs Out,,
Gustavus Adolphus Golden Gusties,2025-11-07,89,H1,12:47 (H1),767.0,Aurora Spartans,Juan Madrigal,sub_in,Juan Madrigal Subs In,,
Gustavus Adolphus Golden Gusties,2025-11-07,90,H1,12:47 (H1),767.0,Aurora Spartans,Gevon Grant,sub_in,Gevon Grant Subs In,,
Gustavus Adolphus Golden Gusties,2025-11-07,91,H1,12:38 (H1),758.0,Gustavus Adolphus Golden Gusties,Obinna Izuora,made_shot,Obinna Izuora Makes 3PT Jump Shot,3,5 Obinna Izuora > Spot-Up > No Dribble Jumper > Guarded > Long/3pt > Make 3 Pts
Gustavus Adolphus Golden Gusties,2025-11-07,92,H1,12:38 (H1),758.0,Gustavus Adolphus Golden Gusties,Jake Schmitt,assist,Jake Schmitt Assists,,
Gustavus Adolphus Golden Gusties,2025-11-07,93,H1,12:17 (H1),737.0,Aurora Spartans,Juan Madrigal,made_shot,Juan Madrigal Makes 3PT Jump Shot,3,2 Juan Madrigal > Spot-Up > No Dribble Jumper > Guarded > Long/3pt > Make 3 Pts
Gustavus Adolphus Golden Gusties,2025-11-07,94,H1,12:02 (H1),722.0,Gustavus Adolphus Golden Gusties,Eli Wolff,missed_shot,Eli Wolff Misses 2PT Layup,2,2 Eli Wolff > Transition > Ballhandler > To Basket > Miss 2 Pts
Gustavus Adolphus Golden Gusties,2025-11-07,95,H1,12:00 (H1),720.0,Aurora Spartans,Juan Madrigal,rebound_defensive,Juan Madrigal Defensive Rebound,,
Gustavus Adolphus Golden Gusties,2025-11-07,96,H1,11:54 (H1),714.0,Aurora Spartans,Gevon Grant,made_shot,Gevon Grant Makes 2PT Layup,2,24 Gevon Grant > Transition > Ballhandler > To Basket > Make 2 Pts
Gustavus Adolphus Golden Gusties,2025-11-07,97,H1,11:43 (H1),703.0,Gustavus Adolphus Golden Gusties,Obinna Izuora,made_shot,Obinna Izuora Makes 2PT Layup,2,5 Obinna Izuora > Transition > Ballhandler > To Basket > Make 2 Pts
Gustavus Adolphus Golden Gusties,2025-11-07,98,H1,11:25 (H1),685.0,Aurora Spartans,Gevon Grant,missed_shot,Gevon Grant Misses 3PT Jump Shot,3,24 Gevon Grant > Spot-Up > No Dribble Jumper > Guarded > Long/3pt > Miss 3 Pts
Gustavus Adolphus Golden Gusties,2025-11-07,99,H1,11:22 (H1),682.0,Aurora Spartans,Juan Madrigal,rebound_offensive,Juan Madrigal Offensive Rebound,,
Gustavus Adolphus Golden Gusties,2025-11-07,100,H1,11:21 (H1),681.0,Aurora Spartans,Zerrick Johnson,made_shot,Zerrick Johnson Makes 2PT Layup,2,13 Zerrick Johnson > Cut > Flash > Make 2 Pts
Gustavus Adolphus Golden Gusties,2025-11-07,101,H1,11:21 (H1),681.0,Aurora Spartans,Juan Madrigal,assist,Juan Madrigal Assists,,
Gustavus Adolphus Golden Gusties,2025-11-07,102,H1,11:05 (H1),665.0,Gustavus Adolphus Golden Gusties,Jake Schmitt,made_shot,Jake Schmitt Makes 3PT Jump Shot,3,10 Jake Schmitt > Transition > Left Wing > No Dribble Jumper > Guarded > Long/3pt > Make 3 Pts
Gustavus Adolphus Golden Gusties,2025-11-07,103,H1,11:05 (H1),665.0,Gustavus Adolphus Golden Gusties,Eli Ehrke,assist,Eli Ehrke Assists,,
Gustavus Adolphus Golden Gusties,2025-11-07,104,H1,10:49 (H1),649.0,Gustavus Adolphus Golden Gusties,Connor Beauchamp,foul,Connor Beauchamp Commits Personal Foul,,2 Juan Madrigal > Non Possession > Non Shooting Foul
Gustavus Adolphus Golden Gusties,2025-11-07,105,H1,10:49 (H1),649.0,Aurora Spartans,,timeout,Official TV Timeout,,
Gustavus Adolphus Golden Gusties,2025-11-07,106,H1,10:49 (H1),649.0,Gustavus Adolphus Golden Gusties,,timeout,Official TV Timeout,,
Gustavus Adolphus Golden Gusties,2025-11-07,107,H1,10:49 (H1),649.0,Aurora Spartans,Larry Carthan,sub_out,Larry Carthan Subs Out,,
Gustavus Adolphus Golden Gusties,2025-11-07,108,H1,10:49 (H1),649.0,Aurora Spartans,Zerrick Johnson,sub_out,Zerrick Johnson Subs Out,,
Gustavus Adolphus Golden Gusties,2025-11-07,109,H1,10:49 (H1),649.0,Gustavus Adolphus Golden Gusties,Eli Ehrke,sub_out,Eli Ehrke Subs Out,,
Gustavus Adolphus Golden Gusties,2025-11-07,110,H1,10:49 (H1),649.0,Gustavus Adolphus Golden Gusties,Obinna Izuora,sub_out,Obinna Izuora Subs Out,,
Gustavus Adolphus Golden Gusties,2025-11-07,111,H1,10:49 (H1),649.0,Gustavus Adolphus Golden Gusties,Connor Beauchamp,sub_out,Connor Beauchamp Subs Out,,
Gustavus Adolphus Golden Gusties,2025-11-07,112,H1,10:49 (H1),649.0,Aurora Spartans,Devon Richardson,sub_in,Devon Richardson Subs In,,
Gustavus Adolphus Golden Gusties,2025-11-07,113,H1,10:49 (H1),649.0,Aurora Spartans,Isaiah Thompson,sub_in,Isaiah Thompson Subs In,,
Gustavus Adolphus Golden Gusties,2025-11-07,114,H1,10:49 (H1),649.0,Gustavus Adolphus Golden Gusties,Carson Koch,sub_in,Carson Koch Subs In,,
Gustavus Adolphus Golden Gusties,2025-11-07,115,H1,10:49 (H1),649.0,Gustavus Adolphus Golden Gusties,Myles Barnette,sub_in,Myles Barnette Subs In,,
Gustavus Adolphus Golden Gusties,2025-11-07,116,H1,10:49 (H1),649.0,Gustavus Adolphus Golden Gusties,Andrew Quam,sub_in,Andrew Quam Subs In,,
Gustavus Adolphus Golden Gusties,2025-11-07,117,H1,10:25 (H1),625.0,Gustavus Adolphus Golden Gusties,Jake Schmitt,foul,Jake Schmitt Commits Personal Foul,,2 Juan Madrigal > Spot-Up > Drives Left > Dribble Jumper > Long/3pt > Foul
Gustavus Adolphus Golden Gusties,2025-11-07,118,H1,10:25 (H1),625.0,Aurora Spartans,Juan Madrigal,free_throw_made,Juan Madrigal Makes Free Throw (1 of 3),,2 Juan Madrigal > Non Possession > Free Throw
Gustavus Adolphus Golden Gusties,2025-11-07,119,H1,10:25 (H1),625.0,Aurora Spartans,Juan Madrigal,free_throw_made,Juan Madrigal Makes Free Throw (2 of 3),,2 Juan Madrigal > Non Possession > Free Throw
Gustavus Adolphus Golden Gusties,2025-11-07,120,H1,10:25 (H1),625.0,Aurora Spartans,Juan Madrigal,free_throw_made,Juan Madrigal Makes Free Throw (3 of 3),,2 Juan Madrigal > Non Possession > Free Throw
Gustavus Adolphus Golden Gusties,2025-11-07,121,H1,10:25 (H1),625.0,Gustavus Adolphus Golden Gusties,Eli Wolff,sub_out,Eli Wolff Subs Out,,
Gustavus Adolphus Golden Gusties,2025-11-07,122,H1,10:25 (H1),625.0,Gustavus Adolphus Golden Gusties,Isaac Matti,sub_in,Isaac Matti Subs In,,
Gustavus Adolphus Golden Gusties,2025-11-07,123,H1,10:06 (H1),606.0,Aurora Spartans,Jeffery Hillmer,foul,Jeffery Hillmer Commits Personal Foul,,10 Jake Schmitt > Non Possession > Non Shooting Foul
Gustavus Adolphus Golden Gusties,2025-11-07,124,H1,09:57 (H1),597.0,Gustavus Adolphus Golden Gusties,Andrew Quam,made_shot,Andrew Quam Makes 2PT Layup,2,35 Andrew Quam > Spot-Up > Drives Left > To Basket > Make 2 Pts
Gustavus Adolphus Golden Gusties,2025-11-07,125,H1,09:33 (H1),573.0,Aurora Spartans,Gevon Grant,turnover,Gevon Grant Turnover,,24 Gevon Grant > P&R Ball Handler > Right P&R > Side > Turnover
Gustavus Adolphus Golden Gusties,2025-11-07,126,H1,09:33 (H1),573.0,Aurora Spartans,Jeffery Hillmer,sub_out,Jeffery Hillmer Subs Out,,
Gustavus Adolphus Golden Gusties,2025-11-07,127,H1,09:33 (H1),573.0,Aurora Spartans,Gevon Grant,sub_out,Gevon Grant Subs Out,,
Gustavus Adolphus Golden Gusties,2025-11-07,128,H1,09:33 (H1),573.0,Aurora Spartans,Robert Hutson,sub_in,Robert Hutson Subs In,,
Gustavus Adolphus Golden Gusties,2025-11-07,129,H1,09:33 (H1),573.0,Aurora Spartans,Zerrick Johnson,sub_in,Zerrick Johnson Subs In,,
Gustavus Adolphus Golden Gusties,2025-11-07,130,H1,09:24 (H1),564.0,Aurora Spartans,Zerrick Johnson,foul,Zerrick Johnson Commits Personal Foul,,13 Myles Barnette > P&R Ball Handler > High P&R > Go Away from Pick > Dribble Jumper > Short to < 17' > Foul
Gustavus Adolphus Golden Gusties,2025-11-07,131,H1,09:24 (H1),564.0,Gustavus Adolphus Golden Gusties,Myles Barnette,free_throw_made,Myles Barnette Makes Free Throw (1 of 2),,13 Myles Barnette > Non Possession > Free Throw
Gustavus Adolphus Golden Gusties,2025-11-07,132,H1,09:24 (H1),564.0,Gustavus Adolphus Golden Gusties,Myles Barnette,free_throw_made,Myles Barnette Makes Free Throw (2 of 2),,13 Myles Barnette > Non Possession > Free Throw
Gustavus Adolphus Golden Gusties,2025-11-07,133,H1,09:24 (H1),564.0,Gustavus Adolphus Golden Gusties,Jake Schmitt,sub_out,Jake Schmitt Subs Out,,
Gustavus Adolphus Golden Gusties,2025-11-07,134,H1,09:24 (H1),564.0,Gustavus Adolphus Golden Gusties,Obinna Izuora,sub_in,Obinna Izuora Subs In,,
Gustavus Adolphus Golden Gusties,2025-11-07,135,H1,09:24 (H1),564.0,Gustavus Adolphus Golden Gusties,Carson Koch,sub_out,Carson Koch Subs Out,,
Gustavus Adolphus Golden Gusties,2025-11-07,136,H1,09:24 (H1),564.0,Gustavus Adolphus Golden Gusties,Drew Kolander,sub_in,Drew Kolander Subs In,,
Gustavus Adolphus Golden Gusties,2025-11-07,137,H1,09:01 (H1),541.0,Gustavus Adolphus Golden Gusties,Obinna Izuora,foul,Obinna Izuora Commits Personal Foul,,12 Robert Hutson > P&R Ball Handler > High P&R > Dribble Off Pick > Defense Commits > Ball Delivered > 13 Zerrick Johnson > Spot-Up > Drives Right > To Basket > Foul
Gustavus Adolphus Golden Gusties,2025-11-07,138,H1,09:01 (H1),541.0,Aurora Spartans,Zerrick Johnson,free_throw_made,Zerrick Johnson Makes Free Throw (1 of 2),,13 Zerrick Johnson > Non Possession > Free Throw
Gustavus Adolphus Golden Gusties,2025-11-07,139,H1,09:01 (H1),541.0,Aurora Spartans,Zerrick Johnson,free_throw_made,Zerrick Johnson Makes Free Throw (2 of 2),,13 Zerrick Johnson > Non Possession > Free Throw
Gustavus Adolphus Golden Gusties,2025-11-07,140,H1,09:01 (H1),541.0,Gustavus Adolphus Golden Gusties,Myles Barnette,turnover,Myles Barnette Turnover (Bad Pass),,13 Myles Barnette > No Play Type > Turnover
Gustavus Adolphus Golden Gusties,2025-11-07,141,H1,08:52 (H1),532.0,Aurora Spartans,Robert Hutson,missed_shot,Robert Hutson Misses 3PT Jump Shot,3,12 Robert Hutson > Spot-Up > No Dribble Jumper > Open > Long/3pt > Miss 3 Pts
Gustavus Adolphus Golden Gusties,2025-11-07,142,H1,08:49 (H1),529.0,Gustavus Adolphus Golden Gusties,Myles Barnette,rebound_defensive,Myles Barnette Defensive Rebound,,
Gustavus Adolphus Golden Gusties,2025-11-07,143,H1,08:48 (H1),528.0,Gustavus Adolphus Golden Gusties,Myles Barnette,turnover,Myles Barnette Turnover (Lost Ball),,13 Myles Barnette > Transition > Ballhandler > Turnover
Gustavus Adolphus Golden Gusties,2025-11-07,144,H1,08:48 (H1),528.0,Aurora Spartans,Zerrick Johnson,steal,Zerrick Johnson Steals,,
Gustavus Adolphus Golden Gusties,2025-11-07,145,H1,08:45 (H1),525.0,Aurora Spartans,Robert Hutson,missed_shot,Robert Hutson Misses 2PT Layup (Blocked),2,12 Robert Hutson > Transition > Left Wing > To Basket > Miss 2 Pts
Gustavus Adolphus Golden Gusties,2025-11-07,146,H1,08:45 (H1),525.0,Gustavus Adolphus Golden Gusties,Obinna Izuora,block,Obinna Izuora Blocks,,
Gustavus Adolphus Golden Gusties,2025-11-07,147,H1,08:40 (H1),520.0,Aurora Spartans,Devon Richardson,rebound_offensive,Devon Richardson Offensive Rebound,,
Gustavus Adolphus Golden Gusties,2025-11-07,148,H1,08:39 (H1),519.0,Aurora Spartans,Devon Richardson,made_shot,Devon Richardson Makes 2PT Layup,2,
Gustavus Adolphus Golden Gusties,2025-11-07,149,H1,08:33 (H1),513.0,Aurora Spartans,Robert Hutson,foul,Robert Hutson Commits Personal Foul,,13 Myles Barnette > Non Possession > Non Shooting Foul
Gustavus Adolphus Golden Gusties,2025-11-07,150,H1,08:33 (H1),513.0,Aurora Spartans,Zerrick Johnson,sub_out,Zerrick Johnson Subs Out,,
Gustavus Adolphus Golden Gusties,2025-11-07,151,H1,08:33 (H1),513.0,Aurora Spartans,Isaiah Thompson,sub_out,Isaiah Thompson Subs Out,,
Gustavus Adolphus Golden Gusties,2025-11-07,152,H1,08:33 (H1),513.0,Aurora Spartans,Bryden Gryzmala,sub_in,Bryden Gryzmala Subs In,,
Gustavus Adolphus Golden Gusties,2025-11-07,153,H1,08:33 (H1),513.0,Aurora Spartans,Jeffery Hillmer,sub_in,Jeffery Hillmer Subs In,,
Gustavus Adolphus Golden Gusties,2025-11-07,154,H1,08:14 (H1),494.0,Gustavus Adolphus Golden Gusties,Drew Kolander,missed_shot,Drew Kolander Misses 3PT Jump Shot,3,21 Drew Kolander > Spot-Up > No Dribble Jumper > Guarded > Long/3pt > Miss 3 Pts
Gustavus Adolphus Golden Gusties,2025-11-07,155,H1,08:12 (H1),492.0,Aurora Spartans,Bryden Gryzmala,rebound_defensive,Bryden Gryzmala Defensive Rebound,,
Gustavus Adolphus Golden Gusties,2025-11-07,156,H1,07:50 (H1),470.0,Gustavus Adolphus Golden Gusties,Myles Barnette,foul,Myles Barnette Commits Personal Foul,,2 Juan Madrigal > Non Possession > Non Shooting Foul
Gustavus Adolphus Golden Gusties,2025-11-07,157,H1,07:47 (H1),467.0,Aurora Spartans,,timeout,Official TV Timeout,,
Gustavus Adolphus Golden Gusties,2025-11-07,158,H1,07:47 (H1),467.0,Gustavus Adolphus Golden Gusties,,timeout,Official TV Timeout,,
Gustavus Adolphus Golden Gusties,2025-11-07,159,H1,07:47 (H1),467.0,Aurora Spartans,Juan Madrigal,sub_out,Juan Madrigal Subs Out,,
Gustavus Adolphus Golden Gusties,2025-11-07,160,H1,07:47 (H1),467.0,Aurora Spartans,Robert Hutson,sub_out,Robert Hutson Subs Out,,
Gustavus Adolphus Golden Gusties,2025-11-07,161,H1,07:47 (H1),467.0,Gustavus Adolphus Golden Gusties,Myles Barnette,sub_out,Myles Barnette Subs Out,,
Gustavus Adolphus Golden Gusties,2025-11-07,162,H1,07:47 (H1),467.0,Gustavus Adolphus Golden Gusties,Isaac Matti,sub_out,Isaac Matti Subs Out,,
Gustavus Adolphus Golden Gusties,2025-11-07,163,H1,07:47 (H1),467.0,Gustavus Adolphus Golden Gusties,Andrew Quam,sub_out,Andrew Quam Subs Out,,
Gustavus Adolphus Golden Gusties,2025-11-07,164,H1,07:47 (H1),467.0,Aurora Spartans,Devon Richardson,sub_out,Devon Richardson Subs Out,,
Gustavus Adolphus Golden Gusties,2025-11-07,165,H1,07:47 (H1),467.0,Aurora Spartans,Adam Awender,sub_in,Adam Awender Subs In,,
Gustavus Adolphus Golden Gusties,2025-11-07,166,H1,07:47 (H1),467.0,Gustavus Adolphus Golden Gusties,Eli Ehrke,sub_in,Eli Ehrke Subs In,,
Gustavus Adolphus Golden Gusties,2025-11-07,167,H1,07:47 (H1),467.0,Gustavus Adolphus Golden Gusties,Jake Schmitt,sub_in,Jake Schmitt Subs In,,
Gustavus Adolphus Golden Gusties,2025-11-07,168,H1,07:47 (H1),467.0,Gustavus Adolphus Golden Gusties,Carson Koch,sub_in,Carson Koch Subs In,,
Gustavus Adolphus Golden Gusties,2025-11-07,169,H1,07:47 (H1),467.0,Aurora Spartans,Alex Ross,sub_in,Alex Ross Subs In,,
Gustavus Adolphus Golden Gusties,2025-11-07,170,H1,07:17 (H1),437.0,Aurora Spartans,Gevon Grant,sub_in,Gevon Grant Subs In,,
Gustavus Adolphus Golden Gusties,2025-11-07,171,H1,07:17 (H1),437.0,Aurora Spartans,Gevon Grant,turnover,Gevon Grant Turnover (Lost Ball),,3 Jeffery Hillmer > P&R Ball Handler > Right P&R > Side > Dribble Off Pick > Defense Commits > Ball Delivered > 24 Gevon Grant > Cut > Basket > Turnover
Gustavus Adolphus Golden Gusties,2025-11-07,172,H1,07:17 (H1),437.0,Gustavus Adolphus Golden Gusties,Obinna Izuora,steal,Obinna Izuora Steals,,
Gustavus Adolphus Golden Gusties,2025-11-07,173,H1,07:17 (H1),437.0,Gustavus Adolphus Golden Gusties,Jake Schmitt,made_shot,Jake Schmitt Makes 3PT Jump Shot,3,10 Jake Schmitt > Hand Off > From Stationary > Top > No Dribble Jumper > Guarded > Long/3pt > Make 3 Pts
Gustavus Adolphus Golden Gusties,2025-11-07,174,H1,07:17 (H1),437.0,Aurora Spartans,Gevon Grant,missed_shot,Gevon Grant Misses 2PT Jump Shot,2,24 Gevon Grant > Spot-Up > Drives Right > Dribble Jumper > Short to < 17' > Miss 2 Pts
Gustavus Adolphus Golden Gusties,2025-11-07,175,H1,07:17 (H1),437.0,Aurora Spartans,Devon Richardson,sub_in,Devon Richardson Subs In,,
Gustavus Adolphus Golden Gusties,2025-11-07,176,H1,07:17 (H1),437.0,Aurora Spartans,Adam Awender,sub_out,Adam Awender Subs Out,,
Gustavus Adolphus Golden Gusties,2025-11-07,177,H1,07:17 (H1),437.0,Aurora Spartans,Devon Richardson,rebound_offensive,Devon Richardson Offensive Rebound,,
Gustavus Adolphus Golden Gusties,2025-11-07,178,H1,07:17 (H1),437.0,Gustavus Adolphus Golden Gusties,Drew Kolander,foul,Drew Kolander Commits Personal Foul,,22 Devon Richardson > Offensive Rebound > Short > Scoring Attempt > At Basket > Foul
Gustavus Adolphus Golden Gusties,2025-11-07,179,H1,07:17 (H1),437.0,Aurora Spartans,Devon Richardson,free_throw_missed,Devon Richardson Misses Free Throw (1 of 2),,22 Devon Richardson > Non Possession > Free Throw
Gustavus Adolphus Golden Gusties,2025-11-07,180,H1,07:17 (H1),437.0,Aurora Spartans,Aurora,team_deadball_rebound_offensive,Aurora Offensive Deadball Rebound,,
Gustavus Adolphus Golden Gusties,2025-11-07,181,H1,07:17 (H1),437.0,Aurora Spartans,Devon Richardson,free_throw_missed,Devon Richardson Misses Free Throw (2 of 2),,22 Devon Richardson > Non Possession > Free Throw
Gustavus Adolphus Golden Gusties,2025-11-07,182,H1,07:17 (H1),437.0,Aurora Spartans,Gevon Grant,sub_out,Gevon Grant Subs Out,,
Gustavus Adolphus Golden Gusties,2025-11-07,183,H1,07:17 (H1),437.0,Aurora Spartans,Zerrick Johnson,sub_in,Zerrick Johnson Subs In,,
Gustavus Adolphus Golden Gusties,2025-11-07,184,H1,07:17 (H1),437.0,Gustavus Adolphus Golden Gusties,Drew Kolander,sub_out,Drew Kolander Subs Out,,
Gustavus Adolphus Golden Gusties,2025-11-07,185,H1,07:17 (H1),437.0,Gustavus Adolphus Golden Gusties,Connor Beauchamp,sub_in,Connor Beauchamp Subs In,,
Gustavus Adolphus Golden Gusties,2025-11-07,186,H1,07:17 (H1),437.0,Gustavus Adolphus Golden Gusties,Carson Koch,rebound_defensive,Carson Koch Defensive Rebound,,
Gustavus Adolphus Golden Gusties,2025-11-07,187,H1,07:01 (H1),421.0,Gustavus Adolphus Golden Gusties,Jake Schmitt,turnover,Jake Schmitt Turnover (Bad Pass),,10 Jake Schmitt > No Play Type > Turnover
Gustavus Adolphus Golden Gusties,2025-11-07,188,H1,07:01 (H1),421.0,Aurora Spartans,Devon Richardson,sub_out,Devon Richardson Subs Out,,
Gustavus Adolphus Golden Gusties,2025-11-07,189,H1,07:01 (H1),421.0,Aurora Spartans,Alex Ross,sub_out,Alex Ross Subs Out,,
Gustavus Adolphus Golden Gusties,2025-11-07,190,H1,07:01 (H1),421.0,Gustavus Adolphus Golden Gusties,Obinna Izuora,sub_out,Obinna Izuora Subs Out,,
Gustavus Adolphus Golden Gusties,2025-11-07,191,H1,07:01 (H1),421.0,Aurora Spartans,Larry Carthan,sub_in,Larry Carthan Subs In,,
Gustavus Adolphus Golden Gusties,2025-11-07,192,H1,07:01 (H1),421.0,Aurora Spartans,Juan Madrigal,sub_in,Juan Madrigal Subs In,,
Gustavus Adolphus Golden Gusties,2025-11-07,193,H1,07:01 (H1),421.0,Gustavus Adolphus Golden Gusties,Myles Barnette,sub_in,Myles Barnette Subs In,,
Gustavus Adolphus Golden Gusties,2025-11-07,194,H1,06:40 (H1),400.0,Aurora Spartans,Jeffery Hillmer,turnover,Jeffery Hillmer Turnover (Travel),,3 Jeffery Hillmer > Spot-Up > Drives Left > Turnover
Gustavus Adolphus Golden Gusties,2025-11-07,195,H1,06:19 (H1),379.0,Gustavus Adolphus Golden Gusties,Connor Beauchamp,missed_shot,Connor Beauchamp Misses 3PT Jump Shot,3,13 Myles Barnette > P&R Ball Handler > High P&R > Dribble Off Pick > Defense Commits > Ball Delivered > 31 Connor Beauchamp > P&R Roll Man > Pick and Pops > No Dribble Jumper > Guarded > Long/3pt > Miss 3 Pts
Gustavus Adolphus Golden Gusties,2025-11-07,196,H1,06:18 (H1),378.0,Aurora Spartans,,team_deadball_rebound_defensive,Defensive Rebound,,
Gustavus Adolphus Golden Gusties,2025-11-07,197,H1,06:05 (H1),365.0,Aurora Spartans,Juan Madrigal,made_shot,Juan Madrigal Makes 2PT Jump Shot,2,2 Juan Madrigal > Spot-Up > Drives Left > Dribble Jumper > Short to < 17' > Make 2 Pts Foul > 1 Pts
Gustavus Adolphus Golden Gusties,2025-11-07,198,H1,06:05 (H1),365.0,Gustavus Adolphus Golden Gusties,Eli Ehrke,foul,Eli Ehrke Commits Personal Foul,,
Gustavus Adolphus Golden Gusties,2025-11-07,199,H1,06:05 (H1),365.0,Aurora Spartans,Juan Madrigal,free_throw_made,Juan Madrigal Makes Free Throw (1 of 1),,2 Juan Madrigal > Non Possession > Free Throw
Gustavus Adolphus Golden Gusties,2025-11-07,200,H1,05:55 (H1),355.0,Gustavus Adolphus Golden Gusties,Jake Schmitt,turnover,Jake Schmitt Turnover (Lost Ball),,10 Jake Schmitt > Transition > Left Wing > Turnover
Gustavus Adolphus Golden Gusties,2025-11-07,201,H1,05:22 (H1),322.0,Aurora Spartans,Juan Madrigal,turnover,Juan Madrigal Turnover (Lost Ball),,2 Juan Madrigal > No Play Type > Turnover
Gustavus Adolphus Golden Gusties,2025-11-07,202,H1,05:22 (H1),322.0,Gustavus Adolphus Golden Gusties,Eli Ehrke,steal,Eli Ehrke Steals,,
Gustavus Adolphus Golden Gusties,2025-11-07,203,H1,04:53 (H1),293.0,Gustavus Adolphus Golden Gusties,Jake Schmitt,missed_shot,Jake Schmitt Misses 3PT Jump Shot,3,10 Jake Schmitt > Spot-Up > No Dribble Jumper > Guarded > Long/3pt > Miss 3 Pts
Gustavus Adolphus Golden Gusties,2025-11-07,204,H1,04:51 (H1),291.0,Aurora Spartans,Larry Carthan,rebound_defensive,Larry Carthan Defensive Rebound,,
Gustavus Adolphus Golden Gusties,2025-11-07,205,H1,04:47 (H1),287.0,Aurora Spartans,Jeffery Hillmer,missed_shot,Jeffery Hillmer Misses 2PT Layup,2,3 Jeffery Hillmer > Transition > Left Wing > To Basket > Miss 2 Pts
Gustavus Adolphus Golden Gusties,2025-11-07,206,H1,04:44 (H1),284.0,Aurora Spartans,Larry Carthan,rebound_offensive,Larry Carthan Offensive Rebound,,
Gustavus Adolphus Golden Gusties,2025-11-07,207,H1,04:44 (H1),284.0,Aurora Spartans,Larry Carthan,made_shot,Larry Carthan Makes 2PT,2,5 Larry Carthan > Offensive Rebound > Short > Scoring Attempt > At Basket > Make 2 Pts Foul > 1 Pts
Gustavus Adolphus Golden Gusties,2025-11-07,208,H1,04:44 (H1),284.0,Gustavus Adolphus Golden Gusties,Carson Koch,foul,Carson Koch Commits Personal Foul,,
Gustavus Adolphus Golden Gusties,2025-11-07,209,H1,04:44 (H1),284.0,Aurora Spartans,Larry Carthan,free_throw_made,Larry Carthan Makes Free Throw (1 of 1),,5 Larry Carthan > Non Possession > Free Throw
Gustavus Adolphus Golden Gusties,2025-11-07,210,H1,04:44 (H1),284.0,Aurora Spartans,Bryden Gryzmala,sub_out,Bryden Gryzmala Subs Out,,
Gustavus Adolphus Golden Gusties,2025-11-07,211,H1,04:44 (H1),284.0,Aurora Spartans,Gevon Grant,sub_in,Gevon Grant Subs In,,
Gustavus Adolphus Golden Gusties,2025-11-07,212,H1,04:44 (H1),284.0,Gustavus Adolphus Golden Gusties,Eli Ehrke,sub_out,Eli Ehrke Subs Out,,
Gustavus Adolphus Golden Gusties,2025-11-07,213,H1,04:44 (H1),284.0,Gustavus Adolphus Golden Gusties,Connor Beauchamp,sub_out,Connor Beauchamp Subs Out,,
Gustavus Adolphus Golden Gusties,2025-11-07,214,H1,04:44 (H1),284.0,Gustavus Adolphus Golden Gusties,Isaac Matti,sub_in,Isaac Matti Subs In,,
Gustavus Adolphus Golden Gusties,2025-11-07,215,H1,04:44 (H1),284.0,Gustavus Adolphus Golden Gusties,Andrew Quam,sub_in,Andrew Quam Subs In,,
Gustavus Adolphus Golden Gusties,2025-11-07,216,H1,04:39 (H1),279.0,Gustavus Adolphus Golden Gusties,Isaac Matti,missed_shot,Isaac Matti Misses 2PT Layup,2,34 Isaac Matti > Transition > Right Wing > To Basket > Miss 2 Pts
Gustavus Adolphus Golden Gusties,2025-11-07,217,H1,04:35 (H1),275.0,Gustavus Adolphus Golden Gusties,Myles Barnette,rebound_offensive,Myles Barnette Offensive Rebound,,
Gustavus Adolphus Golden Gusties,2025-11-07,218,H1,04:32 (H1),272.0,Aurora Spartans,Zerrick Johnson,foul,Zerrick Johnson Commits Personal Foul,,11 Carson Koch > Non Possession > Non Shooting Foul
Gustavus Adolphus Golden Gusties,2025-11-07,219,H1,04:32 (H1),272.0,Aurora Spartans,Zerrick Johnson,sub_out,Zerrick Johnson Subs Out,,
Gustavus Adolphus Golden Gusties,2025-11-07,220,H1,04:32 (H1),272.0,Aurora Spartans,Robert Hutson,sub_in,Robert Hutson Subs In,,
Gustavus Adolphus Golden Gusties,2025-11-07,221,H1,04:22 (H1),262.0,Gustavus Adolphus Golden Gusties,Andrew Quam,missed_shot,Andrew Quam Misses 2PT Layup,2,35 Andrew Quam > Spot-Up > Drives Left > To Basket > Miss 2 Pts
Gustavus Adolphus Golden Gusties,2025-11-07,222,H1,04:19 (H1),259.0,Gustavus Adolphus Golden Gusties,Andrew Quam,rebound_offensive,Andrew Quam Offensive Rebound,,
Gustavus Adolphus Golden Gusties,2025-11-07,223,H1,04:17 (H1),257.0,Gustavus Adolphus Golden Gusties,Andrew Quam,made_shot,Andrew Quam Makes 2PT Layup,2,
Gustavus Adolphus Golden Gusties,2025-11-07,224,H1,03:51 (H1),231.0,Aurora Spartans,Juan Madrigal,missed_shot,Juan Madrigal Misses 2PT Jump Shot,2,2 Juan Madrigal > Spot-Up > Drives Left > Dribble Jumper > Medium/17' to <3p > Miss 2 Pts
Gustavus Adolphus Golden Gusties,2025-11-07,225,H1,03:49 (H1),229.0,Gustavus Adolphus Golden Gusties,Carson Koch,rebound_defensive,Carson Koch Defensive Rebound,,
Gustavus Adolphus Golden Gusties,2025-11-07,226,H1,03:49 (H1),229.0,Aurora Spartans,Larry Carthan,foul,Larry Carthan Commits Personal Foul,,
Gustavus Adolphus Golden Gusties,2025-11-07,227,H1,03:49 (H1),229.0,Aurora Spartans,,timeout,Official TV Timeout,,
Gustavus Adolphus Golden Gusties,2025-11-07,228,H1,03:49 (H1),229.0,Gustavus Adolphus Golden Gusties,,timeout,Official TV Timeout,,
Gustavus Adolphus Golden Gusties,2025-11-07,229,H1,03:49 (H1),229.0,Aurora Spartans,Larry Carthan,sub_out,Larry Carthan Subs Out,,
Gustavus Adolphus Golden Gusties,2025-11-07,230,H1,03:49 (H1),229.0,Aurora Spartans,Devon Richardson,sub_in,Devon Richardson Subs In,,
Gustavus Adolphus Golden Gusties,2025-11-07,231,H1,03:49 (H1),229.0,Gustavus Adolphus Golden Gusties,Carson Koch,sub_out,Carson Koch Subs Out,,
Gustavus Adolphus Golden Gusties,2025-11-07,232,H1,03:49 (H1),229.0,Gustavus Adolphus Golden Gusties,Obinna Izuora,sub_in,Obinna Izuora Subs In,,
Gustavus Adolphus Golden Gusties,2025-11-07,233,H1,03:38 (H1),218.0,Gustavus Adolphus Golden Gusties,Jake Schmitt,missed_shot,Jake Schmitt Misses 3PT Jump Shot,3,10 Jake Schmitt > Hand Off > From Stationary > Top > No Dribble Jumper > Open > Long/3pt > Miss 3 Pts
Gustavus Adolphus Golden Gusties,2025-11-07,234,H1,03:35 (H1),215.0,Gustavus Adolphus Golden Gusties,Isaac Matti,rebound_offensive,Isaac Matti Offensive Rebound,,
Gustavus Adolphus Golden Gusties,2025-11-07,235,H1,03:28 (H1),208.0,Gustavus Adolphus Golden Gusties,Jake Schmitt,made_shot,Jake Schmitt Makes 2PT Layup,2,10 Jake Schmitt > Spot-Up > Drives Left > To Basket > Make 2 Pts
Gustavus Adolphus Golden Gusties,2025-11-07,236,H1,03:08 (H1),188.0,Aurora Spartans,Jeffery Hillmer,sub_out,Jeffery Hillmer Subs Out,,
Gustavus Adolphus Golden Gusties,2025-11-07,237,H1,03:08 (H1),188.0,Aurora Spartans,Gevon Grant,turnover,Gevon Grant Turnover,,24 Gevon Grant > P&R Ball Handler > Left P&R > Side > Go Away from Pick > Defense Commits > Turnover
Gustavus Adolphus Golden Gusties,2025-11-07,238,H1,03:08 (H1),188.0,Aurora Spartans,Bryden Gryzmala,sub_in,Bryden Gryzmala Subs In,,
Gustavus Adolphus Golden Gusties,2025-11-07,239,H1,03:08 (H1),188.0,Aurora Spartans,Isaiah Thompson,sub_in,Isaiah Thompson Subs In,,
Gustavus Adolphus Golden Gusties,2025-11-07,240,H1,03:08 (H1),188.0,Aurora Spartans,Gevon Grant,sub_out,Gevon Grant Subs Out,,
Gustavus Adolphus Golden Gusties,2025-11-07,241,H1,02:42 (H1),162.0,Gustavus Adolphus Golden Gusties,Obinna Izuora,missed_shot,Obinna Izuora Misses 2PT Layup,2,5 Obinna Izuora > P&R Ball Handler > High P&R > Dribble Off Pick > To Basket > Miss 2 Pts
Gustavus Adolphus Golden Gusties,2025-11-07,242,H1,02:39 (H1),159.0,Aurora Spartans,Isaiah Thompson,rebound_defensive,Isaiah Thompson Defensive Rebound,,
Gustavus Adolphus Golden Gusties,2025-11-07,243,H1,02:13 (H1),133.0,Aurora Spartans,Isaiah Thompson,made_shot,Isaiah Thompson Makes 3PT Jump Shot,3,21 Isaiah Thompson > Spot-Up > No Dribble Jumper > Guarded > Long/3pt > Make 3 Pts
Gustavus Adolphus Golden Gusties,2025-11-07,244,H1,02:13 (H1),133.0,Aurora Spartans,Juan Madrigal,assist,Juan Madrigal Assists,,
Gustavus Adolphus Golden Gusties,2025-11-07,245,H1,02:00 (H1),120.0,Gustavus Adolphus Golden Gusties,Myles Barnette,made_shot,Myles Barnette Makes 2PT Layup,2,13 Myles Barnette > Transition > Ballhandler > To Basket > Make 2 Pts Foul > 0 Pts
Gustavus Adolphus Golden Gusties,2025-11-07,246,H1,02:00 (H1),120.0,Aurora Spartans,Devon Richardson,foul,Devon Richardson Commits Personal Foul,,
Gustavus Adolphus Golden Gusties,2025-11-07,247,H1,02:00 (H1),120.0,Gustavus Adolphus Golden Gusties,Myles Barnette,free_throw_missed,Myles Barnette Misses Free Throw (1 of 1),,13 Myles Barnette > Non Possession > Free Throw
Gustavus Adolphus Golden Gusties,2025-11-07,248,H1,02:00 (H1),120.0,Aurora Spartans,Robert Hutson,sub_out,Robert Hutson Subs Out,,
Gustavus Adolphus Golden Gusties,2025-11-07,249,H1,02:00 (H1),120.0,Aurora Spartans,Jeffery Hillmer,sub_in,Jeffery Hillmer Subs In,,
Gustavus Adolphus Golden Gusties,2025-11-07,250,H1,02:00 (H1),120.0,Aurora Spartans,Devon Richardson,rebound_defensive,Devon Richardson Defensive Rebound,,
Gustavus Adolphus Golden Gusties,2025-11-07,251,H1,01:39 (H1),99.0,Aurora Spartans,Isaiah Thompson,missed_shot,Isaiah Thompson Misses 3PT Jump Shot,3,21 Isaiah Thompson > Spot-Up > No Dribble Jumper > Open > Long/3pt > Miss 3 Pts
Gustavus Adolphus Golden Gusties,2025-11-07,252,H1,01:36 (H1),96.0,Aurora Spartans,Jeffery Hillmer,rebound_offensive,Jeffery Hillmer Offensive Rebound,,
Gustavus Adolphus Golden Gusties,2025-11-07,253,H1,01:33 (H1),93.0,Aurora Spartans,Juan Madrigal,missed_shot,Juan Madrigal Misses 3PT Jump Shot,3,2 Juan Madrigal > Spot-Up > No Dribble Jumper > Guarded > Long/3pt > Miss 3 Pts
Gustavus Adolphus Golden Gusties,2025-11-07,254,H1,01:31 (H1),91.0,Aurora Spartans,Devon Richardson,rebound_offensive,Devon Richardson Offensive Rebound,,
Gustavus Adolphus Golden Gusties,2025-11-07,255,H1,01:25 (H1),85.0,Aurora Spartans,,timeout,Aurora Timeout,,
Gustavus Adolphus Golden Gusties,2025-11-07,256,H1,01:11 (H1),71.0,Aurora Spartans,Juan Madrigal,made_shot,Juan Madrigal Makes 2PT Pull Up Jump Shot,2,2 Juan Madrigal > Hand Off > From Stationary > Top > Dribble Jumper > Short to < 17' > Make 2 Pts
Gustavus Adolphus Golden Gusties,2025-11-07,257,H1,00:51 (H1),51.0,Gustavus Adolphus Golden Gusties,Andrew Quam,turnover,Andrew Quam Turnover (Lost Ball),,35 Andrew Quam > No Play Type > Turnover
Gustavus Adolphus Golden Gusties,2025-11-07,258,H1,00:51 (H1),51.0,Aurora Spartans,Bryden Gryzmala,steal,Bryden Gryzmala Steals,,
Gustavus Adolphus Golden Gusties,2025-11-07,259,H1,00:45 (H1),45.0,Aurora Spartans,Juan Madrigal,missed_shot,Juan Madrigal Misses 2PT Layup (Blocked),2,2 Juan Madrigal > Transition > Right Wing > To Basket > Miss 2 Pts
Gustavus Adolphus Golden Gusties,2025-11-07,260,H1,00:45 (H1),45.0,Gustavus Adolphus Golden Gusties,Isaac Matti,block,Isaac Matti Blocks,,
Gustavus Adolphus Golden Gusties,2025-11-07,261,H1,00:45 (H1),45.0,Aurora Spartans,,team_deadball_rebound_offensive,Offensive Rebound,,
Gustavus Adolphus Golden Gusties,2025-11-07,262,H1,00:43 (H1),43.0,Aurora Spartans,Devon Richardson,made_shot,Devon Richardson Makes 2PT Layup,2,22 Devon Richardson > Post-Up > Right Block > Left Shoulder > Dribble Move > To Basket > Make 2 Pts
Gustavus Adolphus Golden Gusties,2025-11-07,263,H1,00:36 (H1),36.0,Gustavus Adolphus Golden Gusties,Obinna Izuora,turnover,Obinna Izuora Turnover (Lost Ball),,5 Obinna Izuora > No Play Type > Turnover
Gustavus Adolphus Golden Gusties,2025-11-07,264,H1,00:36 (H1),36.0,Aurora Spartans,Juan Madrigal,steal,Juan Madrigal Steals,,
Gustavus Adolphus Golden Gusties,2025-11-07,265,H1,00:30 (H1),30.0,Aurora Spartans,Bryden Gryzmala,made_shot,Bryden Gryzmala Makes 3PT Jump Shot,3,1 Bryden Gryzmala > Transition > Left Wing > No Dribble Jumper > Guarded > Long/3pt > Make 3 Pts
Gustavus Adolphus Golden Gusties,2025-11-07,266,H1,00:30 (H1),30.0,Aurora Spartans,Jeffery Hillmer,assist,Jeffery Hillmer Assists,,
Gustavus Adolphus Golden Gusties,2025-11-07,267,H1,00:07 (H1),7.0,Gustavus Adolphus Golden Gusties,Andrew Quam,made_shot,Andrew Quam Makes 3PT Jump Shot,3,10 Jake Schmitt > P&R Ball Handler > High P&R > Go Away from Pick > Defense Commits > Ball Delivered > 35 Andrew Quam > P&R Roll Man > Pick and Pops > No Dribble Jumper > Guarded > Long/3pt > Make 3 Pts
Gustavus Adolphus Golden Gusties,2025-11-07,268,H1,00:07 (H1),7.0,Gustavus Adolphus Golden Gusties,Jake Schmitt,assist,Jake Schmitt Assists,,
Gustavus Adolphus Golden Gusties,2025-11-07,269,H1,,,,,period_marker,End 1st Half,,
Gustavus Adolphus Golden Gusties,2025-11-07,270,H1,,,,,period_marker,Start 2nd Half,,
Gustavus Adolphus Golden Gusties,2025-11-07,271,H2,19:48 (H2),1188.0,Aurora Spartans,Gevon Grant,foul,Gevon Grant Commits Personal Foul,,11 Carson Koch > Non Possession > Non Shooting Foul
Gustavus Adolphus Golden Gusties,2025-11-07,272,H2,19:33 (H2),1173.0,Gustavus Adolphus Golden Gusties,Andrew Quam,missed_shot,Andrew Quam Misses 2PT Turnaround Jump Shot,2,35 Andrew Quam > Post-Up > Left Block > Left Shoulder > Dribble Move > To Jumper > Miss 2 Pts
Gustavus Adolphus Golden Gusties,2025-11-07,273,H2,19:30 (H2),1170.0,Aurora Spartans,Juan Madrigal,rebound_defensive,Juan Madrigal Defensive Rebound,,
Gustavus Adolphus Golden Gusties,2025-11-07,274,H2,19:18 (H2),1158.0,Aurora Spartans,Zerrick Johnson,made_shot,Zerrick Johnson Makes 2PT Driving Layup,2,13 Zerrick Johnson > Hand Off > From Dribble > Top > To Basket > Make 2 Pts
Gustavus Adolphus Golden Gusties,2025-11-07,275,H2,19:04 (H2),1144.0,Gustavus Adolphus Golden Gusties,Andrew Quam,made_shot,Andrew Quam Makes 2PT Layup,2,35 Andrew Quam > Transition > Leak Outs > To Basket > Make 2 Pts
Gustavus Adolphus Golden Gusties,2025-11-07,276,H2,19:04 (H2),1144.0,Gustavus Adolphus Golden Gusties,Myles Barnette,assist,Myles Barnette Assists,,
Gustavus Adolphus Golden Gusties,2025-11-07,277,H2,18:37 (H2),1117.0,Aurora Spartans,Zerrick Johnson,made_shot,Zerrick Johnson Makes 2PT Driving Layup,2,13 Zerrick Johnson > Hand Off > From Dribble > Left > To Basket > Make 2 Pts
Gustavus Adolphus Golden Gusties,2025-11-07,278,H2,18:25 (H2),1105.0,Aurora Spartans,Zerrick Johnson,foul,Zerrick Johnson Commits Personal Foul,,13 Myles Barnette > Non Possession > Non Shooting Foul
Gustavus Adolphus Golden Gusties,2025-11-07,279,H2,18:25 (H2),1105.0,Aurora Spartans,Zerrick Johnson,sub_out,Zerrick Johnson Subs Out,,
Gustavus Adolphus Golden Gusties,2025-11-07,280,H2,18:25 (H2),1105.0,Aurora Spartans,Bryden Gryzmala,sub_in,Bryden Gryzmala Subs In,,
Gustavus Adolphus Golden Gusties,2025-11-07,281,H2,18:14 (H2),1094.0,Gustavus Adolphus Golden Gusties,Myles Barnette,made_shot,Myles Barnette Makes 2PT Turnaround Jump Shot,2,13 Myles Barnette > Post-Up > Left Block > Left Shoulder > Dribble Move > To Jumper > Make 2 Pts Foul > 1 Pts
Gustavus Adolphus Golden Gusties,2025-11-07,282,H2,18:14 (H2),1094.0,Aurora Spartans,Gevon Grant,foul,Gevon Grant Commits Personal Foul,,
Gustavus Adolphus Golden Gusties,2025-11-07,283,H2,18:14 (H2),1094.0,Gustavus Adolphus Golden Gusties,Myles Barnette,free_throw_made,Myles Barnette Makes Free Throw (1 of 1),,13 Myles Barnette > Non Possession > Free Throw
Gustavus Adolphus Golden Gusties,2025-11-07,284,H2,18:02 (H2),1082.0,Aurora Spartans,Juan Madrigal,missed_shot,Juan Madrigal Misses 2PT Pull Up Jump Shot,2,2 Juan Madrigal > Transition > Right Wing > Dribble Jumper > Medium/17' to <3p > Miss 2 Pts
Gustavus Adolphus Golden Gusties,2025-11-07,285,H2,18:00 (H2),1080.0,Gustavus Adolphus Golden Gusties,Carson Koch,rebound_defensive,Carson Koch Defensive Rebound,,
Gustavus Adolphus Golden Gusties,2025-11-07,286,H2,17:51 (H2),1071.0,Gustavus Adolphus Golden Gusties,Carson Koch,missed_shot,Carson Koch Misses 2PT Layup (Blocked),2,11 Carson Koch > Transition > Ballhandler > To Basket > Miss 2 Pts
Gustavus Adolphus Golden Gusties,2025-11-07,287,H2,17:51 (H2),1071.0,Aurora Spartans,Juan Madrigal,block,Juan Madrigal Blocks,,
Gustavus Adolphus Golden Gusties,2025-11-07,288,H2,17:47 (H2),1067.0,Aurora Spartans,Jeffery Hillmer,rebound_defensive,Jeffery Hillmer Defensive Rebound,,
Gustavus Adolphus Golden Gusties,2025-11-07,289,H2,17:44 (H2),1064.0,Aurora Spartans,Devon Richardson,made_shot,Devon Richardson Makes 2PT Dunk,2,22 Devon Richardson > Transition > Left Wing > To Basket > Make 2 Pts
Gustavus Adolphus Golden Gusties,2025-11-07,290,H2,17:44 (H2),1064.0,Aurora Spartans,Gevon Grant,assist,Gevon Grant Assists,,
Gustavus Adolphus Golden Gusties,2025-11-07,291,H2,17:31 (H2),1051.0,Gustavus Adolphus Golden Gusties,Jake Schmitt,turnover,Jake Schmitt Turnover (Lost Ball),,10 Jake Schmitt > No Play Type > Turnover
Gustavus Adolphus Golden Gusties,2025-11-07,292,H2,17:31 (H2),1051.0,Aurora Spartans,Gevon Grant,steal,Gevon Grant Steals,,
Gustavus Adolphus Golden Gusties,2025-11-07,293,H2,17:22 (H2),1042.0,Gustavus Adolphus Golden Gusties,Myles Barnette,foul,Myles Barnette Commits Personal Foul,,24 Gevon Grant > Non Possession > Non Shooting Foul
Gustavus Adolphus Golden Gusties,2025-11-07,294,H2,17:22 (H2),1042.0,Aurora Spartans,Jeffery Hillmer,sub_out,Jeffery Hillmer Subs Out,,
Gustavus Adolphus Golden Gusties,2025-11-07,295,H2,17:22 (H2),1042.0,Aurora Spartans,Isaiah Thompson,sub_in,Isaiah Thompson Subs In,,
Gustavus Adolphus Golden Gusties,2025-11-07,296,H2,17:16 (H2),1036.0,Aurora Spartans,Devon Richardson,missed_shot,Devon Richardson Misses 2PT Layup,2,22 Devon Richardson > Post-Up > Left Block > Right Shoulder > Dribble Move > To Basket > Miss 2 Pts
Gustavus Adolphus Golden Gusties,2025-11-07,297,H2,17:14 (H2),1034.0,Gustavus Adolphus Golden Gusties,Carson Koch,rebound_defensive,Carson Koch Defensive Rebound,,
Gustavus Adolphus Golden Gusties,2025-11-07,298,H2,17:13 (H2),1033.0,Gustavus Adolphus Golden Gusties,Myles Barnette,missed_shot,Myles Barnette Misses 2PT Layup,2,13 Myles Barnette > ISO > Top > Drives Right > To Basket > Miss 2 Pts
Gustavus Adolphus Golden Gusties,2025-11-07,299,H2,17:09 (H2),1029.0,Aurora Spartans,Gevon Grant,rebound_defensive,Gevon Grant Defensive Rebound,,
Gustavus Adolphus Golden Gusties,2025-11-07,300,H2,17:07 (H2),1027.0,Aurora Spartans,Juan Madrigal,made_shot,Juan Madrigal Makes 2PT Dunk,2,2 Juan Madrigal > Transition > Leak Outs > To Basket > Make 2 Pts
Gustavus Adolphus Golden Gusties,2025-11-07,301,H2,17:07 (H2),1027.0,Aurora Spartans,Bryden Gryzmala,assist,Bryden Gryzmala Assists,,
Gustavus Adolphus Golden Gusties,2025-11-07,302,H2,16:52 (H2),1012.0,Gustavus Adolphus Golden Gusties,Carson Koch,missed_shot,Carson Koch Misses 2PT Layup (Blocked),2,11 Carson Koch > Cut > Screen > Miss 2 Pts
Gustavus Adolphus Golden Gusties,2025-11-07,303,H2,16:52 (H2),1012.0,Aurora Spartans,Devon Richardson,block,Devon Richardson Blocks,,
Gustavus Adolphus Golden Gusties,2025-11-07,304,H2,16:44 (H2),1004.0,Aurora Spartans,Bryden Gryzmala,rebound_defensive,Bryden Gryzmala Defensive Rebound,,
Gustavus Adolphus Golden Gusties,2025-11-07,305,H2,16:40 (H2),1000.0,Gustavus Adolphus Golden Gusties,Carson Koch,foul,Carson Koch Commits Personal Foul,,24 Gevon Grant > Non Possession > Non Shooting Foul
Gustavus Adolphus Golden Gusties,2025-11-07,306,H2,16:40 (H2),1000.0,Gustavus Adolphus Golden Gusties,Eli Wolff,sub_out,Eli Wolff Subs Out,,
Gustavus Adolphus Golden Gusties,2025-11-07,307,H2,16:40 (H2),1000.0,Gustavus Adolphus Golden Gusties,Carson Koch,sub_out,Carson Koch Subs Out,,
Gustavus Adolphus Golden Gusties,2025-11-07,308,H2,16:40 (H2),1000.0,Aurora Spartans,Devon Richardson,sub_out,Devon Richardson Subs Out,,
Gustavus Adolphus Golden Gusties,2025-11-07,309,H2,16:40 (H2),1000.0,Gustavus Adolphus Golden Gusties,Isaac Matti,sub_in,Isaac Matti Subs In,,
Gustavus Adolphus Golden Gusties,2025-11-07,310,H2,16:40 (H2),1000.0,Gustavus Adolphus Golden Gusties,Obinna Izuora,sub_in,Obinna Izuora Subs In,,
Gustavus Adolphus Golden Gusties,2025-11-07,311,H2,16:18 (H2),978.0,Aurora Spartans,Larry Carthan,sub_in,Larry Carthan Subs In,,
Gustavus Adolphus Golden Gusties,2025-11-07,312,H2,16:18 (H2),978.0,Aurora Spartans,,turnover,Turnover,,
Gustavus Adolphus Golden Gusties,2025-11-07,313,H2,16:05 (H2),965.0,Gustavus Adolphus Golden Gusties,Isaac Matti,missed_shot,Isaac Matti Misses 2PT Layup (Blocked),2,34 Isaac Matti > Transition > Right Wing > To Basket > Miss 2 Pts
Gustavus Adolphus Golden Gusties,2025-11-07,314,H2,16:05 (H2),965.0,Aurora Spartans,Larry Carthan,block,Larry Carthan Blocks,,
Gustavus Adolphus Golden Gusties,2025-11-07,315,H2,16:05 (H2),965.0,Aurora Spartans,Bryden Gryzmala,rebound_defensive,Bryden Gryzmala Defensive Rebound,,
Gustavus Adolphus Golden Gusties,2025-11-07,316,H2,16:05 (H2),965.0,Gustavus Adolphus Golden Gusties,Myles Barnette,foul,Myles Barnette Commits Personal Foul,,1 Bryden Gryzmala > Non Possession > Non Shooting Foul
Gustavus Adolphus Golden Gusties,2025-11-07,317,H2,16:00 (H2),960.0,Aurora Spartans,Gevon Grant,sub_out,Gevon Grant Subs Out,,
Gustavus Adolphus Golden Gusties,2025-11-07,318,H2,16:00 (H2),960.0,Aurora Spartans,Jeffery Hillmer,sub_in,Jeffery Hillmer Subs In,,
Gustavus Adolphus Golden Gusties,2025-11-07,319,H2,15:59 (H2),959.0,Gustavus Adolphus Golden Gusties,Myles Barnette,sub_out,Myles Barnette Subs Out,,
Gustavus Adolphus Golden Gusties,2025-11-07,320,H2,15:59 (H2),959.0,Gustavus Adolphus Golden Gusties,Eli Ehrke,sub_in,Eli Ehrke Subs In,,
Gustavus Adolphus Golden Gusties,2025-11-07,321,H2,15:59 (H2),959.0,Gustavus Adolphus Golden Gusties,Jake Schmitt,foul,Jake Schmitt Commits Personal Foul,,5 Larry Carthan > Cut > Basket > Foul
Gustavus Adolphus Golden Gusties,2025-11-07,322,H2,15:58 (H2),958.0,Aurora Spartans,Larry Carthan,free_throw_made,Larry Carthan Makes Free Throw (2 of 2),,5 Larry Carthan > Non Possession > Free Throw
Gustavus Adolphus Golden Gusties,2025-11-07,323,H2,15:58 (H2),958.0,Aurora Spartans,Larry Carthan,free_throw_made,Larry Carthan Makes Free Throw (1 of 2),,5 Larry Carthan > Non Possession > Free Throw
Gustavus Adolphus Golden Gusties,2025-11-07,324,H2,15:58 (H2),958.0,Aurora Spartans,Isaiah Thompson,sub_out,Isaiah Thompson Subs Out,,
Gustavus Adolphus Golden Gusties,2025-11-07,325,H2,15:58 (H2),958.0,Aurora Spartans,Robert Hutson,sub_in,Robert Hutson Subs In,,
Gustavus Adolphus Golden Gusties,2025-11-07,326,H2,15:58 (H2),958.0,Gustavus Adolphus Golden Gusties,Andrew Quam,sub_out,Andrew Quam Subs Out,,
Gustavus Adolphus Golden Gusties,2025-11-07,327,H2,15:58 (H2),958.0,Gustavus Adolphus Golden Gusties,Connor Beauchamp,sub_in,Connor Beauchamp Subs In,,
Gustavus Adolphus Golden Gusties,2025-11-07,328,H2,15:43 (H2),943.0,Gustavus Adolphus Golden Gusties,Obinna Izuora,turnover,Obinna Izuora Turnover (Bad Pass),,5 Obinna Izuora > ISO > Top > Drives Right > Defense Commits > Turnover
Gustavus Adolphus Golden Gusties,2025-11-07,329,H2,15:43 (H2),943.0,Aurora Spartans,Jeffery Hillmer,steal,Jeffery Hillmer Steals,,
Gustavus Adolphus Golden Gusties,2025-11-07,330,H2,15:25 (H2),925.0,Aurora Spartans,Jeffery Hillmer,missed_shot,Jeffery Hillmer Misses 2PT Jump Shot,2,3 Jeffery Hillmer > Hand Off > From Dribble > Top > To Basket > Miss 2 Pts
Gustavus Adolphus Golden Gusties,2025-11-07,331,H2,15:22 (H2),922.0,Aurora Spartans,Larry Carthan,rebound_offensive,Larry Carthan Offensive Rebound,,
Gustavus Adolphus Golden Gusties,2025-11-07,332,H2,15:20 (H2),920.0,Aurora Spartans,,jump_ball_held,Jump Ball (Held Ball),,
Gustavus Adolphus Golden Gusties,2025-11-07,333,H2,15:20 (H2),920.0,Gustavus Adolphus Golden Gusties,,jump_ball_held,Jump Ball (Held Ball),,
Gustavus Adolphus Golden Gusties,2025-11-07,334,H2,15:18 (H2),918.0,Aurora Spartans,Bryden Gryzmala,turnover,Bryden Gryzmala Turnover (Bad Pass),,1 Bryden Gryzmala > No Play Type > Turnover
Gustavus Adolphus Golden Gusties,2025-11-07,335,H2,15:18 (H2),918.0,Gustavus Adolphus Golden Gusties,Connor Beauchamp,steal,Connor Beauchamp Steals,,
Gustavus Adolphus Golden Gusties,2025-11-07,336,H2,15:14 (H2),914.0,Gustavus Adolphus Golden Gusties,Connor Beauchamp,missed_shot,Connor Beauchamp Misses 2PT Layup (Blocked),2,31 Connor Beauchamp > Transition > Ballhandler > To Basket > Miss 2 Pts
Gustavus Adolphus Golden Gusties,2025-11-07,337,H2,15:14 (H2),914.0,Aurora Spartans,Robert Hutson,block,Robert Hutson Blocks,,
Gustavus Adolphus Golden Gusties,2025-11-07,338,H2,15:11 (H2),911.0,Aurora Spartans,Juan Madrigal,rebound_defensive,Juan Madrigal Defensive Rebound,,
Gustavus Adolphus Golden Gusties,2025-11-07,339,H2,14:54 (H2),894.0,Aurora Spartans,Jeffery Hillmer,made_shot,Jeffery Hillmer Makes 3PT Jump Shot,3,1 Bryden Gryzmala > P&R Ball Handler > High P&R > Go Away from Pick > Defense Commits > Ball Delivered > 3 Jeffery Hillmer > Spot-Up > No Dribble Jumper > Open > Long/3pt > Make 3 Pts
Gustavus Adolphus Golden Gusties,2025-11-07,340,H2,14:54 (H2),894.0,Aurora Spartans,Bryden Gryzmala,assist,Bryden Gryzmala Assists,,
Gustavus Adolphus Golden Gusties,2025-11-07,341,H2,14:39 (H2),879.0,Gustavus Adolphus Golden Gusties,Eli Ehrke,turnover,Eli Ehrke Turnover (Lost Ball),,4 Eli Ehrke > Transition > Right Wing > Turnover
Gustavus Adolphus Golden Gusties,2025-11-07,342,H2,14:39 (H2),879.0,Aurora Spartans,Jeffery Hillmer,steal,Jeffery Hillmer Steals,,
Gustavus Adolphus Golden Gusties,2025-11-07,343,H2,14:34 (H2),874.0,Aurora Spartans,Larry Carthan,made_shot,Larry Carthan Makes 2PT Layup,2,5 Larry Carthan > Transition > First Middle > To Basket > Make 2 Pts Foul > 0 Pts
Gustavus Adolphus Golden Gusties,2025-11-07,344,H2,14:34 (H2),874.0,Gustavus Adolphus Golden Gusties,Obinna Izuora,foul,Obinna Izuora Commits Personal Foul,,
Gustavus Adolphus Golden Gusties,2025-11-07,345,H2,14:34 (H2),874.0,Aurora Spartans,Larry Carthan,free_throw_missed,Larry Carthan Misses Free Throw (1 of 1),,5 Larry Carthan > Non Possession > Free Throw
Gustavus Adolphus Golden Gusties,2025-11-07,346,H2,14:34 (H2),874.0,Gustavus Adolphus Golden Gusties,Eli Ehrke,sub_out,Eli Ehrke Subs Out,,
Gustavus Adolphus Golden Gusties,2025-11-07,347,H2,14:34 (H2),874.0,Gustavus Adolphus Golden Gusties,Jake Schmitt,sub_out,Jake Schmitt Subs Out,,
Gustavus Adolphus Golden Gusties,2025-11-07,348,H2,14:34 (H2),874.0,Gustavus Adolphus Golden Gusties,Connor Beauchamp,sub_out,Connor Beauchamp Subs Out,,
Gustavus Adolphus Golden Gusties,2025-11-07,349,H2,14:34 (H2),874.0,Gustavus Adolphus Golden Gusties,Carson Koch,sub_in,Carson Koch Subs In,,
Gustavus Adolphus Golden Gusties,2025-11-07,350,H2,14:34 (H2),874.0,Gustavus Adolphus Golden Gusties,Myles Barnette,sub_in,Myles Barnette Subs In,,
Gustavus Adolphus Golden Gusties,2025-11-07,351,H2,14:34 (H2),874.0,Gustavus Adolphus Golden Gusties,Andrew Quam,sub_in,Andrew Quam Subs In,,
Gustavus Adolphus Golden Gusties,2025-11-07,352,H2,14:28 (H2),868.0,Gustavus Adolphus Golden Gusties,Obinna Izuora,rebound_defensive,Obinna Izuora Defensive Rebound,,
Gustavus Adolphus Golden Gusties,2025-11-07,353,H2,14:13 (H2),853.0,Aurora Spartans,Larry Carthan,foul,Larry Carthan Commits Personal Foul,,34 Isaac Matti > ISO > Top > Drives Left > To Basket > Foul
Gustavus Adolphus Golden Gusties,2025-11-07,354,H2,14:13 (H2),853.0,Gustavus Adolphus Golden Gusties,Isaac Matti,free_throw_made,Isaac Matti Makes Free Throw (1 of 2),,34 Isaac Matti > Non Possession > Free Throw
Gustavus Adolphus Golden Gusties,2025-11-07,355,H2,14:13 (H2),853.0,Gustavus Adolphus Golden Gusties,Isaac Matti,free_throw_made,Isaac Matti Makes Free Throw (2 of 2),,34 Isaac Matti > Non Possession > Free Throw
Gustavus Adolphus Golden Gusties,2025-11-07,356,H2,13:58 (H2),838.0,Aurora Spartans,Bryden Gryzmala,sub_out,Bryden Gryzmala Subs Out,,
Gustavus Adolphus Golden Gusties,2025-11-07,357,H2,13:58 (H2),838.0,Aurora Spartans,Larry Carthan,sub_out,Larry Carthan Subs Out,,
Gustavus Adolphus Golden Gusties,2025-11-07,358,H2,13:58 (H2),838.0,Aurora Spartans,Devon Richardson,sub_in,Devon Richardson Subs In,,
Gustavus Adolphus Golden Gusties,2025-11-07,359,H2,13:58 (H2),838.0,Aurora Spartans,Gevon Grant,sub_in,Gevon Grant Subs In,,
Gustavus Adolphus Golden Gusties,2025-11-07,360,H2,13:43 (H2),823.0,Aurora Spartans,Jeffery Hillmer,missed_shot,Jeffery Hillmer Misses 2PT Layup,2,3 Jeffery Hillmer > Post-Up > Flash Middle > Left Shoulder > Dribble Move > To Basket > Miss 2 Pts
Gustavus Adolphus Golden Gusties,2025-11-07,361,H2,13:39 (H2),819.0,Aurora Spartans,Devon Richardson,rebound_offensive,Devon Richardson Offensive Rebound,,
Gustavus Adolphus Golden Gusties,2025-11-07,362,H2,13:39 (H2),819.0,Aurora Spartans,,turnover,Turnover,,
Gustavus Adolphus Golden Gusties,2025-11-07,363,H2,13:01 (H2),781.0,Gustavus Adolphus Golden Gusties,Andrew Quam,made_shot,Andrew Quam Makes 2PT Layup,2,13 Myles Barnette > P&R Ball Handler > High P&R > Dribble Off Pick > Defense Commits > Ball Delivered > 35 Andrew Quam > P&R Roll Man > Pick and Pops > Drives Right > To Basket > Make 2 Pts
Gustavus Adolphus Golden Gusties,2025-11-07,364,H2,12:37 (H2),757.0,Aurora Spartans,Juan Madrigal,made_shot,Juan Madrigal Makes 2PT Turnaround Jump Shot,2,2 Juan Madrigal > Spot-Up > Drives Left > Dribble Jumper > Short to < 17' > Make 2 Pts
Gustavus Adolphus Golden Gusties,2025-11-07,365,H2,12:21 (H2),741.0,Aurora Spartans,Gevon Grant,foul,Gevon Grant Commits Personal Foul,,13 Myles Barnette > ISO > Top > Drives Right > To Basket > Foul
Gustavus Adolphus Golden Gusties,2025-11-07,366,H2,12:21 (H2),741.0,Gustavus Adolphus Golden Gusties,Myles Barnette,free_throw_made,Myles Barnette Makes Free Throw (1 of 2),,13 Myles Barnette > Non Possession > Free Throw
Gustavus Adolphus Golden Gusties,2025-11-07,367,H2,12:21 (H2),741.0,Gustavus Adolphus Golden Gusties,Myles Barnette,free_throw_made,Myles Barnette Makes Free Throw (2 of 2),,13 Myles Barnette > Non Possession > Free Throw
Gustavus Adolphus Golden Gusties,2025-11-07,368,H2,12:21 (H2),741.0,Aurora Spartans,Robert Hutson,sub_out,Robert Hutson Subs Out,,
Gustavus Adolphus Golden Gusties,2025-11-07,369,H2,12:21 (H2),741.0,Aurora Spartans,Gevon Grant,sub_out,Gevon Grant Subs Out,,
Gustavus Adolphus Golden Gusties,2025-11-07,370,H2,12:21 (H2),741.0,Gustavus Adolphus Golden Gusties,Obinna Izuora,sub_out,Obinna Izuora Subs Out,,
Gustavus Adolphus Golden Gusties,2025-11-07,371,H2,12:21 (H2),741.0,Gustavus Adolphus Golden Gusties,Isaac Matti,sub_out,Isaac Matti Subs Out,,
Gustavus Adolphus Golden Gusties,2025-11-07,372,H2,12:21 (H2),741.0,Aurora Spartans,Bryden Gryzmala,sub_in,Bryden Gryzmala Subs In,,
Gustavus Adolphus Golden Gusties,2025-11-07,373,H2,12:21 (H2),741.0,Aurora Spartans,Isaiah Thompson,sub_in,Isaiah Thompson Subs In,,
Gustavus Adolphus Golden Gusties,2025-11-07,374,H2,12:21 (H2),741.0,Gustavus Adolphus Golden Gusties,Eli Wolff,sub_in,Eli Wolff Subs In,,
Gustavus Adolphus Golden Gusties,2025-11-07,375,H2,12:21 (H2),741.0,Gustavus Adolphus Golden Gusties,Jake Schmitt,sub_in,Jake Schmitt Subs In,,
Gustavus Adolphus Golden Gusties,2025-11-07,376,H2,11:48 (H2),708.0,Aurora Spartans,Bryden Gryzmala,missed_shot,Bryden Gryzmala Misses 3PT Jump Shot,3,21 Isaiah Thompson > P&R Ball Handler > Right P&R > Side > Dribble Off Pick > Defense Commits > Ball Delivered > 1 Bryden Gryzmala > Spot-Up > No Dribble Jumper > Guarded > Long/3pt > Miss 3 Pts
Gustavus Adolphus Golden Gusties,2025-11-07,377,H2,11:44 (H2),704.0,Gustavus Adolphus Golden Gusties,Myles Barnette,rebound_defensive,Myles Barnette Defensive Rebound,,
Gustavus Adolphus Golden Gusties,2025-11-07,378,H2,11:33 (H2),693.0,Gustavus Adolphus Golden Gusties,Jake Schmitt,missed_shot,Jake Schmitt Misses 3PT Jump Shot,3,10 Jake Schmitt > Spot-Up > No Dribble Jumper > Guarded > Long/3pt > Miss 3 Pts
Gustavus Adolphus Golden Gusties,2025-11-07,379,H2,11:31 (H2),691.0,Gustavus Adolphus Golden Gusties,Andrew Quam,rebound_offensive,Andrew Quam Offensive Rebound,,
Gustavus Adolphus Golden Gusties,2025-11-07,380,H2,11:31 (H2),691.0,Gustavus Adolphus Golden Gusties,Andrew Quam,made_shot,Andrew Quam Makes 2PT,2,
Gustavus Adolphus Golden Gusties,2025-11-07,381,H2,11:31 (H2),691.0,Aurora Spartans,Bryden Gryzmala,foul,Bryden Gryzmala Commits Personal Foul,,
Gustavus Adolphus Golden Gusties,2025-11-07,382,H2,11:31 (H2),691.0,Aurora Spartans,,timeout,Official TV Timeout,,
Gustavus Adolphus Golden Gusties,2025-11-07,383,H2,11:31 (H2),691.0,Gustavus Adolphus Golden Gusties,,timeout,Official TV Timeout,,
Gustavus Adolphus Golden Gusties,2025-11-07,384,H2,11:31 (H2),691.0,Gustavus Adolphus Golden Gusties,Andrew Quam,free_throw_made,Andrew Quam Makes Free Throw (1 of 1),,35 Andrew Quam > Non Possession > Free Throw
Gustavus Adolphus Golden Gusties,2025-11-07,385,H2,11:31 (H2),691.0,Aurora Spartans,Juan Madrigal,sub_out,Juan Madrigal Subs Out,,
Gustavus Adolphus Golden Gusties,2025-11-07,386,H2,11:31 (H2),691.0,Aurora Spartans,Zerrick Johnson,sub_in,Zerrick Johnson Subs In,,
Gustavus Adolphus Golden Gusties,2025-11-07,387,H2,11:10 (H2),670.0,Aurora Spartans,Devon Richardson,foul,Devon Richardson Commits Offensive Foul,,
Gustavus Adolphus Golden Gusties,2025-11-07,388,H2,11:10 (H2),670.0,Aurora Spartans,Devon Richardson,turnover,Devon Richardson Turnover (Offensive Foul),,22 Devon Richardson > Post-Up > Left Block > Turnover
Gustavus Adolphus Golden Gusties,2025-11-07,389,H2,10:55 (H2),655.0,Gustavus Adolphus Golden Gusties,Jake Schmitt,missed_shot,Jake Schmitt Misses 3PT Jump Shot,3,10 Jake Schmitt > Spot-Up > No Dribble Jumper > Guarded > Long/3pt > Miss 3 Pts
Gustavus Adolphus Golden Gusties,2025-11-07,390,H2,10:53 (H2),653.0,Gustavus Adolphus Golden Gusties,Andrew Quam,rebound_offensive,Andrew Quam Offensive Rebound,,
Gustavus Adolphus Golden Gusties,2025-11-07,391,H2,10:52 (H2),652.0,Gustavus Adolphus Golden Gusties,Andrew Quam,made_shot,Andrew Quam Makes 2PT Layup,2,
Gustavus Adolphus Golden Gusties,2025-11-07,392,H2,10:32 (H2),632.0,Aurora Spartans,Zerrick Johnson,turnover,Zerrick Johnson Turnover (Lost Ball),,13 Zerrick Johnson > Hand Off > From Dribble > Left > Turnover
Gustavus Adolphus Golden Gusties,2025-11-07,393,H2,10:32 (H2),632.0,Gustavus Adolphus Golden Gusties,Carson Koch,steal,Carson Koch Steals,,
Gustavus Adolphus Golden Gusties,2025-11-07,394,H2,10:25 (H2),625.0,Aurora Spartans,Zerrick Johnson,foul,Zerrick Johnson Commits Personal Foul,,13 Myles Barnette > Transition > Left Wing > To Basket > Foul
Gustavus Adolphus Golden Gusties,2025-11-07,395,H2,10:23 (H2),623.0,Gustavus Adolphus Golden Gusties,Myles Barnette,free_throw_made,Myles Barnette Makes Free Throw (1 of 2),,13 Myles Barnette > Non Possession > Free Throw
Gustavus Adolphus Golden Gusties,2025-11-07,396,H2,10:23 (H2),623.0,Gustavus Adolphus Golden Gusties,Myles Barnette,free_throw_made,Myles Barnette Makes Free Throw (2 of 2),,13 Myles Barnette > Non Possession > Free Throw
Gustavus Adolphus Golden Gusties,2025-11-07,397,H2,10:23 (H2),623.0,Aurora Spartans,Zerrick Johnson,sub_out,Zerrick Johnson Subs Out,,
Gustavus Adolphus Golden Gusties,2025-11-07,398,H2,10:23 (H2),623.0,Aurora Spartans,Devon Richardson,sub_out,Devon Richardson Subs Out,,
Gustavus Adolphus Golden Gusties,2025-11-07,399,H2,10:23 (H2),623.0,Aurora Spartans,Juan Madrigal,sub_in,Juan Madrigal Subs In,,
Gustavus Adolphus Golden Gusties,2025-11-07,400,H2,10:23 (H2),623.0,Aurora Spartans,Larry Carthan,sub_in,Larry Carthan Subs In,,
Gustavus Adolphus Golden Gusties,2025-11-07,401,H2,09:55 (H2),595.0,Aurora Spartans,Juan Madrigal,made_shot,Juan Madrigal Makes 3PT Jump Shot,3,2 Juan Madrigal > ISO > Top > Early Jumper > Dribble Jumper > Long/3pt > Make 3 Pts
Gustavus Adolphus Golden Gusties,2025-11-07,402,H2,09:38 (H2),578.0,Gustavus Adolphus Golden Gusties,Jake Schmitt,missed_shot,Jake Schmitt Misses 2PT Layup,2,10 Jake Schmitt > P&R Ball Handler > Right P&R > Side > Dribble Off Pick > To Basket > Miss 2 Pts
Gustavus Adolphus Golden Gusties,2025-11-07,403,H2,09:35 (H2),575.0,Gustavus Adolphus Golden Gusties,Carson Koch,rebound_offensive,Carson Koch Offensive Rebound,,
Gustavus Adolphus Golden Gusties,2025-11-07,404,H2,09:35 (H2),575.0,Gustavus Adolphus Golden Gusties,Eli Wolff,foul,Eli Wolff Commits Personal Foul,,2 Juan Madrigal > P&R Ball Handler > High P&R > Go Away from Pick > Dribble Jumper > Long/3pt > Foul
Gustavus Adolphus Golden Gusties,2025-11-07,405,H2,09:35 (H2),575.0,Aurora Spartans,Bryden Gryzmala,sub_out,Bryden Gryzmala Subs Out,,
Gustavus Adolphus Golden Gusties,2025-11-07,406,H2,09:35 (H2),575.0,Aurora Spartans,Isaiah Thompson,sub_out,Isaiah Thompson Subs Out,,
Gustavus Adolphus Golden Gusties,2025-11-07,407,H2,09:35 (H2),575.0,Aurora Spartans,Robert Hutson,sub_in,Robert Hutson Subs In,,
Gustavus Adolphus Golden Gusties,2025-11-07,408,H2,09:35 (H2),575.0,Aurora Spartans,Gevon Grant,sub_in,Gevon Grant Subs In,,
Gustavus Adolphus Golden Gusties,2025-11-07,409,H2,09:23 (H2),563.0,Gustavus Adolphus Golden Gusties,Carson Koch,foul,Carson Koch Commits Personal Foul,,
Gustavus Adolphus Golden Gusties,2025-11-07,410,H2,09:23 (H2),563.0,Aurora Spartans,Juan Madrigal,free_throw_made,Juan Madrigal Makes Free Throw (1 of 3),,2 Juan Madrigal > Non Possession > Free Throw
Gustavus Adolphus Golden Gusties,2025-11-07,411,H2,09:23 (H2),563.0,Aurora Spartans,Juan Madrigal,free_throw_made,Juan Madrigal Makes Free Throw (2 of 3),,2 Juan Madrigal > Non Possession > Free Throw
Gustavus Adolphus Golden Gusties,2025-11-07,412,H2,09:23 (H2),563.0,Aurora Spartans,Juan Madrigal,free_throw_made,Juan Madrigal Makes Free Throw (3 of 3),,2 Juan Madrigal > Non Possession > Free Throw
Gustavus Adolphus Golden Gusties,2025-11-07,413,H2,09:23 (H2),563.0,Gustavus Adolphus Golden Gusties,Carson Koch,sub_out,Carson Koch Subs Out,,
Gustavus Adolphus Golden Gusties,2025-11-07,414,H2,09:23 (H2),563.0,Gustavus Adolphus Golden Gusties,Isaac Matti,sub_in,Isaac Matti Subs In,,
Gustavus Adolphus Golden Gusties,2025-11-07,415,H2,09:04 (H2),544.0,Gustavus Adolphus Golden Gusties,Myles Barnette,made_shot,Myles Barnette Makes 2PT Driving Layup,2,13 Myles Barnette > ISO > Top > Drives Left > To Basket > Make 2 Pts
Gustavus Adolphus Golden Gusties,2025-11-07,416,H2,09:02 (H2),542.0,Gustavus Adolphus Golden Gusties,,timeout,Gustavus Adolphus Timeout,,
Gustavus Adolphus Golden Gusties,2025-11-07,417,H2,09:02 (H2),542.0,Aurora Spartans,,timeout,Official TV Timeout,,
Gustavus Adolphus Golden Gusties,2025-11-07,418,H2,09:02 (H2),542.0,Gustavus Adolphus Golden Gusties,,timeout,Official TV Timeout,,
Gustavus Adolphus Golden Gusties,2025-11-07,419,H2,09:02 (H2),542.0,Gustavus Adolphus Golden Gusties,Eli Wolff,sub_out,Eli Wolff Subs Out,,
Gustavus Adolphus Golden Gusties,2025-11-07,420,H2,09:02 (H2),542.0,Gustavus Adolphus Golden Gusties,Andrew Quam,sub_out,Andrew Quam Subs Out,,
Gustavus Adolphus Golden Gusties,2025-11-07,421,H2,09:02 (H2),542.0,Gustavus Adolphus Golden Gusties,Obinna Izuora,sub_in,Obinna Izuora Subs In,,
Gustavus Adolphus Golden Gusties,2025-11-07,422,H2,09:02 (H2),542.0,Gustavus Adolphus Golden Gusties,Connor Beauchamp,sub_in,Connor Beauchamp Subs In,,
Gustavus Adolphus Golden Gusties,2025-11-07,423,H2,08:47 (H2),527.0,Aurora Spartans,Robert Hutson,foul,Robert Hutson Commits Offensive Foul,,
Gustavus Adolphus Golden Gusties,2025-11-07,424,H2,08:47 (H2),527.0,Aurora Spartans,Robert Hutson,turnover,Robert Hutson Turnover (Offensive Foul),,12 Robert Hutson > Spot-Up > Drives Left > To Basket > Turnover
Gustavus Adolphus Golden Gusties,2025-11-07,425,H2,08:23 (H2),503.0,Aurora Spartans,Robert Hutson,foul,Robert Hutson Commits Personal Foul,,5 Obinna Izuora > No Play Type > Foul
Gustavus Adolphus Golden Gusties,2025-11-07,426,H2,08:23 (H2),503.0,Gustavus Adolphus Golden Gusties,Obinna Izuora,free_throw_missed,Obinna Izuora Misses Free Throw (1 of 2),,5 Obinna Izuora > Non Possession > Free Throw
Gustavus Adolphus Golden Gusties,2025-11-07,427,H2,08:23 (H2),503.0,Aurora Spartans,Robert Hutson,sub_out,Robert Hutson Subs Out,,
Gustavus Adolphus Golden Gusties,2025-11-07,428,H2,08:23 (H2),503.0,Aurora Spartans,Isaiah Thompson,sub_in,Isaiah Thompson Subs In,,
Gustavus Adolphus Golden Gusties,2025-11-07,429,H2,08:23 (H2),503.0,Gustavus Adolphus Golden Gusties,Gustavus Adolphus,team_deadball_rebound_offensive,Gustavus Adolphus Offensive Deadball Rebound,,
Gustavus Adolphus Golden Gusties,2025-11-07,430,H2,08:23 (H2),503.0,Gustavus Adolphus Golden Gusties,Obinna Izuora,free_throw_made,Obinna Izuora Makes Free Throw (2 of 2),,5 Obinna Izuora > Non Possession > Free Throw
Gustavus Adolphus Golden Gusties,2025-11-07,431,H2,08:20 (H2),500.0,Aurora Spartans,Gevon Grant,missed_shot,Gevon Grant Misses 3PT Jump Shot,3,24 Gevon Grant > Spot-Up > No Dribble Jumper > Guarded > Long/3pt > Miss 3 Pts
Gustavus Adolphus Golden Gusties,2025-11-07,432,H2,08:17 (H2),497.0,Aurora Spartans,,team_deadball_rebound_offensive,Offensive Rebound,,
Gustavus Adolphus Golden Gusties,2025-11-07,433,H2,08:17 (H2),497.0,Aurora Spartans,Larry Carthan,sub_out,Larry Carthan Subs Out,,
Gustavus Adolphus Golden Gusties,2025-11-07,434,H2,08:17 (H2),497.0,Aurora Spartans,Devon Richardson,sub_in,Devon Richardson Subs In,,
Gustavus Adolphus Golden Gusties,2025-11-07,435,H2,08:15 (H2),495.0,Gustavus Adolphus Golden Gusties,Connor Beauchamp,foul,Connor Beauchamp Commits Personal Foul,,22 Devon Richardson > Post-Up > Right Block > Foul
Gustavus Adolphus Golden Gusties,2025-11-07,436,H2,08:15 (H2),495.0,Aurora Spartans,Devon Richardson,free_throw_missed,Devon Richardson Misses Free Throw (1 of 1),,22 Devon Richardson > Non Possession > Free Throw
Gustavus Adolphus Golden Gusties,2025-11-07,437,H2,08:15 (H2),495.0,Aurora Spartans,Jeffery Hillmer,rebound_offensive,Jeffery Hillmer Offensive Rebound,,
Gustavus Adolphus Golden Gusties,2025-11-07,438,H2,08:14 (H2),494.0,Aurora Spartans,Devon Richardson,made_shot,Devon Richardson Makes 2PT Layup,2,22 Devon Richardson > Cut > Basket > Make 2 Pts
Gustavus Adolphus Golden Gusties,2025-11-07,439,H2,08:14 (H2),494.0,Aurora Spartans,Jeffery Hillmer,assist,Jeffery Hillmer Assists,,
Gustavus Adolphus Golden Gusties,2025-11-07,440,H2,07:59 (H2),479.0,Gustavus Adolphus Golden Gusties,Jake Schmitt,made_shot,Jake Schmitt Makes 2PT Layup,2,10 Jake Schmitt > Transition > Trailer > To Basket > Make 2 Pts
Gustavus Adolphus Golden Gusties,2025-11-07,441,H2,07:59 (H2),479.0,Gustavus Adolphus Golden Gusties,Myles Barnette,assist,Myles Barnette Assists,,
Gustavus Adolphus Golden Gusties,2025-11-07,442,H2,07:35 (H2),455.0,Gustavus Adolphus Golden Gusties,Isaac Matti,foul,Isaac Matti Commits Personal Foul,,22 Devon Richardson > Post-Up > Left Block > Right Shoulder > Dribble Move > To Drop Step > Foul
Gustavus Adolphus Golden Gusties,2025-11-07,443,H2,07:35 (H2),455.0,Aurora Spartans,,timeout,Official TV Timeout,,
Gustavus Adolphus Golden Gusties,2025-11-07,444,H2,07:35 (H2),455.0,Gustavus Adolphus Golden Gusties,,timeout,Official TV Timeout,,
Gustavus Adolphus Golden Gusties,2025-11-07,445,H2,07:35 (H2),455.0,Aurora Spartans,Devon Richardson,free_throw_missed,Devon Richardson Misses Free Throw (2 of 2),,22 Devon Richardson > Non Possession > Free Throw
Gustavus Adolphus Golden Gusties,2025-11-07,446,H2,07:35 (H2),455.0,Aurora Spartans,Devon Richardson,free_throw_made,Devon Richardson Makes Free Throw (1 of 2),,22 Devon Richardson > Non Possession > Free Throw
Gustavus Adolphus Golden Gusties,2025-11-07,447,H2,07:35 (H2),455.0,Gustavus Adolphus Golden Gusties,Connor Beauchamp,sub_out,Connor Beauchamp Subs Out,,
Gustavus Adolphus Golden Gusties,2025-11-07,448,H2,07:35 (H2),455.0,Gustavus Adolphus Golden Gusties,Andrew Quam,sub_in,Andrew Quam Subs In,,
Gustavus Adolphus Golden Gusties,2025-11-07,449,H2,07:35 (H2),455.0,Gustavus Adolphus Golden Gusties,Obinna Izuora,rebound_defensive,Obinna Izuora Defensive Rebound,,
Gustavus Adolphus Golden Gusties,2025-11-07,450,H2,07:33 (H2),453.0,Gustavus Adolphus Golden Gusties,Myles Barnette,made_shot,Myles Barnette Makes 2PT Layup,2,13 Myles Barnette > Post-Up > Right Block > Right Shoulder > Dribble Move > To Basket > Make 2 Pts
Gustavus Adolphus Golden Gusties,2025-11-07,451,H2,07:29 (H2),449.0,Aurora Spartans,Isaiah Thompson,turnover,Isaiah Thompson Turnover (Lost Ball),,21 Isaiah Thompson > No Play Type > Turnover
Gustavus Adolphus Golden Gusties,2025-11-07,452,H2,07:29 (H2),449.0,Gustavus Adolphus Golden Gusties,Jake Schmitt,steal,Jake Schmitt Steals,,
Gustavus Adolphus Golden Gusties,2025-11-07,453,H2,07:26 (H2),446.0,Gustavus Adolphus Golden Gusties,Myles Barnette,turnover,Myles Barnette Turnover (Lost Ball),,
Gustavus Adolphus Golden Gusties,2025-11-07,454,H2,07:26 (H2),446.0,Aurora Spartans,Devon Richardson,steal,Devon Richardson Steals,,
Gustavus Adolphus Golden Gusties,2025-11-07,455,H2,07:09 (H2),429.0,Aurora Spartans,Devon Richardson,made_shot,Devon Richardson Makes 2PT Layup,2,22 Devon Richardson > Transition > Right Wing > To Basket > Make 2 Pts Foul > 1 Pts
Gustavus Adolphus Golden Gusties,2025-11-07,456,H2,07:08 (H2),428.0,Aurora Spartans,Isaiah Thompson,sub_out,Isaiah Thompson Subs Out,,
Gustavus Adolphus Golden Gusties,2025-11-07,457,H2,07:08 (H2),428.0,Aurora Spartans,Bryden Gryzmala,sub_in,Bryden Gryzmala Subs In,,
Gustavus Adolphus Golden Gusties,2025-11-07,458,H2,07:08 (H2),428.0,Gustavus Adolphus Golden Gusties,Myles Barnette,sub_out,Myles Barnette Subs Out,,
Gustavus Adolphus Golden Gusties,2025-11-07,459,H2,07:08 (H2),428.0,Gustavus Adolphus Golden Gusties,Eli Ehrke,sub_in,Eli Ehrke Subs In,,
Gustavus Adolphus Golden Gusties,2025-11-07,460,H2,06:31 (H2),391.0,Aurora Spartans,Gevon Grant,sub_out,Gevon Grant Subs Out,,
Gustavus Adolphus Golden Gusties,2025-11-07,461,H2,06:31 (H2),391.0,Aurora Spartans,Robert Hutson,sub_in,Robert Hutson Subs In,,
Gustavus Adolphus Golden Gusties,2025-11-07,462,H2,06:31 (H2),391.0,Gustavus Adolphus Golden Gusties,Myles Barnette,foul,Myles Barnette Commits Personal Foul,,
Gustavus Adolphus Golden Gusties,2025-11-07,463,H2,06:31 (H2),391.0,Aurora Spartans,Devon Richardson,free_throw_made,Devon Richardson Makes Free Throw (1 of 1),,22 Devon Richardson > Non Possession > Free Throw
Gustavus Adolphus Golden Gusties,2025-11-07,464,H2,06:31 (H2),391.0,Gustavus Adolphus Golden Gusties,Jake Schmitt,made_shot,Jake Schmitt Makes 3PT Jump Shot,3,10 Jake Schmitt > Hand Off > From Dribble > Right > No Dribble Jumper > Guarded > Long/3pt > Make 3 Pts
Gustavus Adolphus Golden Gusties,2025-11-07,465,H2,06:31 (H2),391.0,Gustavus Adolphus Golden Gusties,Andrew Quam,assist,Andrew Quam Assists,,
Gustavus Adolphus Golden Gusties,2025-11-07,466,H2,06:23 (H2),383.0,Gustavus Adolphus Golden Gusties,Eli Ehrke,foul,Eli Ehrke Commits Personal Foul,,22 Devon Richardson > Post-Up > Left Block > Post Pin > Defense Commits > Foul
Gustavus Adolphus Golden Gusties,2025-11-07,467,H2,06:23 (H2),383.0,Aurora Spartans,Devon Richardson,free_throw_missed,Devon Richardson Misses Free Throw (1 of 2),,22 Devon Richardson > Non Possession > Free Throw
Gustavus Adolphus Golden Gusties,2025-11-07,468,H2,06:23 (H2),383.0,Aurora Spartans,Aurora,team_deadball_rebound_offensive,Aurora Offensive Deadball Rebound,,
Gustavus Adolphus Golden Gusties,2025-11-07,469,H2,06:23 (H2),383.0,Aurora Spartans,Devon Richardson,free_throw_made,Devon Richardson Makes Free Throw (2 of 2),,22 Devon Richardson > Non Possession > Free Throw
Gustavus Adolphus Golden Gusties,2025-11-07,470,H2,06:04 (H2),364.0,Gustavus Adolphus Golden Gusties,Jake Schmitt,made_shot,Jake Schmitt Makes 2PT Driving Layup,2,10 Jake Schmitt > Hand Off > From Stationary > Top > To Basket > Make 2 Pts
Gustavus Adolphus Golden Gusties,2025-11-07,471,H2,05:50 (H2),350.0,Gustavus Adolphus Golden Gusties,Jake Schmitt,foul,Jake Schmitt Commits Personal Foul,,12 Robert Hutson > Transition > Ballhandler > To Basket > Foul
Gustavus Adolphus Golden Gusties,2025-11-07,472,H2,05:50 (H2),350.0,Aurora Spartans,Robert Hutson,free_throw_made,Robert Hutson Makes Free Throw (1 of 2),,12 Robert Hutson > Non Possession > Free Throw
Gustavus Adolphus Golden Gusties,2025-11-07,473,H2,05:50 (H2),350.0,Aurora Spartans,Robert Hutson,free_throw_made,Robert Hutson Makes Free Throw (2 of 2),,12 Robert Hutson > Non Possession > Free Throw
Gustavus Adolphus Golden Gusties,2025-11-07,474,H2,05:50 (H2),350.0,Aurora Spartans,Bryden Gryzmala,sub_out,Bryden Gryzmala Subs Out,,
Gustavus Adolphus Golden Gusties,2025-11-07,475,H2,05:50 (H2),350.0,Aurora Spartans,Zerrick Johnson,sub_in,Zerrick Johnson Subs In,,
Gustavus Adolphus Golden Gusties,2025-11-07,476,H2,05:44 (H2),344.0,Aurora Spartans,Robert Hutson,foul,Robert Hutson Commits Personal Foul,,5 Obinna Izuora > No Play Type > Foul
Gustavus Adolphus Golden Gusties,2025-11-07,477,H2,05:44 (H2),344.0,Gustavus Adolphus Golden Gusties,Obinna Izuora,free_throw_missed,Obinna Izuora Misses Free Throw (1 of 2),,5 Obinna Izuora > Non Possession > Free Throw
Gustavus Adolphus Golden Gusties,2025-11-07,478,H2,05:44 (H2),344.0,Gustavus Adolphus Golden Gusties,Gustavus Adolphus,team_deadball_rebound_offensive,Gustavus Adolphus Offensive Deadball Rebound,,
Gustavus Adolphus Golden Gusties,2025-11-07,479,H2,05:44 (H2),344.0,Gustavus Adolphus Golden Gusties,Obinna Izuora,free_throw_missed,Obinna Izuora Misses Free Throw (2 of 2),,5 Obinna Izuora > Non Possession > Free Throw
Gustavus Adolphus Golden Gusties,2025-11-07,480,H2,05:44 (H2),344.0,Aurora Spartans,Robert Hutson,sub_out,Robert Hutson Subs Out,,
Gustavus Adolphus Golden Gusties,2025-11-07,481,H2,05:44 (H2),344.0,Aurora Spartans,Devon Richardson,sub_out,Devon Richardson Subs Out,,
Gustavus Adolphus Golden Gusties,2025-11-07,482,H2,05:44 (H2),344.0,Aurora Spartans,Bryden Gryzmala,sub_in,Bryden Gryzmala Subs In,,
Gustavus Adolphus Golden Gusties,2025-11-07,483,H2,05:44 (H2),344.0,Aurora Spartans,Larry Carthan,sub_in,Larry Carthan Subs In,,
Gustavus Adolphus Golden Gusties,2025-11-07,484,H2,05:44 (H2),344.0,Aurora Spartans,Zerrick Johnson,rebound_defensive,Zerrick Johnson Defensive Rebound,,
Gustavus Adolphus Golden Gusties,2025-11-07,485,H2,05:23 (H2),323.0,Aurora Spartans,Zerrick Johnson,made_shot,Zerrick Johnson Makes 2PT Driving Layup,2,13 Zerrick Johnson > ISO > Right > Drives Right > To Basket > Make 2 Pts Foul > 1 Pts
Gustavus Adolphus Golden Gusties,2025-11-07,486,H2,05:23 (H2),323.0,Gustavus Adolphus Golden Gusties,Jake Schmitt,foul,Jake Schmitt Commits Personal Foul,,
Gustavus Adolphus Golden Gusties,2025-11-07,487,H2,05:23 (H2),323.0,Aurora Spartans,Zerrick Johnson,free_throw_made,Zerrick Johnson Makes Free Throw (1 of 1),,13 Zerrick Johnson > Non Possession > Free Throw
Gustavus Adolphus Golden Gusties,2025-11-07,488,H2,05:23 (H2),323.0,Gustavus Adolphus Golden Gusties,Jake Schmitt,sub_out,Jake Schmitt Subs Out,,
Gustavus Adolphus Golden Gusties,2025-11-07,489,H2,05:23 (H2),323.0,Gustavus Adolphus Golden Gusties,Eli Ehrke,sub_out,Eli Ehrke Subs Out,,
Gustavus Adolphus Golden Gusties,2025-11-07,490,H2,05:23 (H2),323.0,Gustavus Adolphus Golden Gusties,Eli Wolff,sub_in,Eli Wolff Subs In,,
Gustavus Adolphus Golden Gusties,2025-11-07,491,H2,05:23 (H2),323.0,Gustavus Adolphus Golden Gusties,Carson Koch,sub_in,Carson Koch Subs In,,
Gustavus Adolphus Golden Gusties,2025-11-07,492,H2,05:16 (H2),316.0,Gustavus Adolphus Golden Gusties,,timeout,Gustavus Adolphus Timeout,,
Gustavus Adolphus Golden Gusties,2025-11-07,493,H2,05:05 (H2),305.0,Gustavus Adolphus Golden Gusties,Eli Wolff,made_shot,Eli Wolff Makes 2PT Layup,2,2 Eli Wolff > Transition > Left Wing > To Basket > Make 2 Pts
Gustavus Adolphus Golden Gusties,2025-11-07,494,H2,04:52 (H2),292.0,Aurora Spartans,Zerrick Johnson,made_shot,Zerrick Johnson Makes 2PT Driving Layup,2,13 Zerrick Johnson > ISO > Top > Drives Left > To Basket > Make 2 Pts
Gustavus Adolphus Golden Gusties,2025-11-07,495,H2,04:32 (H2),272.0,Gustavus Adolphus Golden Gusties,Andrew Quam,made_shot,Andrew Quam Makes 2PT Layup,2,35 Andrew Quam > Spot-Up > Drives Right > To Basket > Make 2 Pts
Gustavus Adolphus Golden Gusties,2025-11-07,496,H2,03:59 (H2),239.0,Aurora Spartans,Jeffery Hillmer,missed_shot,Jeffery Hillmer Misses 2PT Layup,2,3 Jeffery Hillmer > Hand Off > From Dribble > Top > To Basket > Miss 2 Pts
Gustavus Adolphus Golden Gusties,2025-11-07,497,H2,03:59 (H2),239.0,Aurora Spartans,Aurora,team_deadball_rebound_offensive,Aurora Offensive Deadball Rebound,,
Gustavus Adolphus Golden Gusties,2025-11-07,498,H2,03:59 (H2),239.0,Aurora Spartans,,turnover,Turnover,,
Gustavus Adolphus Golden Gusties,2025-11-07,499,H2,03:59 (H2),239.0,Aurora Spartans,,timeout,Official TV Timeout,,
Gustavus Adolphus Golden Gusties,2025-11-07,500,H2,03:59 (H2),239.0,Gustavus Adolphus Golden Gusties,,timeout,Official TV Timeout,,
Gustavus Adolphus Golden Gusties,2025-11-07,501,H2,03:59 (H2),239.0,Aurora Spartans,Bryden Gryzmala,sub_out,Bryden Gryzmala Subs Out,,
Gustavus Adolphus Golden Gusties,2025-11-07,502,H2,03:59 (H2),239.0,Aurora Spartans,Larry Carthan,sub_out,Larry Carthan Subs Out,,
Gustavus Adolphus Golden Gusties,2025-11-07,503,H2,03:59 (H2),239.0,Aurora Spartans,Devon Richardson,sub_in,Devon Richardson Subs In,,
Gustavus Adolphus Golden Gusties,2025-11-07,504,H2,03:59 (H2),239.0,Aurora Spartans,Gevon Grant,sub_in,Gevon Grant Subs In,,
Gustavus Adolphus Golden Gusties,2025-11-07,505,H2,03:42 (H2),222.0,Gustavus Adolphus Golden Gusties,Andrew Quam,missed_shot,Andrew Quam Misses 2PT Layup,2,35 Andrew Quam > Post-Up > Right Block > Right Shoulder > Dribble Move > To Basket > Miss 2 Pts
Gustavus Adolphus Golden Gusties,2025-11-07,506,H2,03:42 (H2),222.0,Gustavus Adolphus Golden Gusties,,team_deadball_rebound_offensive,Offensive Rebound,,
Gustavus Adolphus Golden Gusties,2025-11-07,507,H2,03:42 (H2),222.0,Gustavus Adolphus Golden Gusties,Isaac Matti,sub_out,Isaac Matti Subs Out,,
Gustavus Adolphus Golden Gusties,2025-11-07,508,H2,03:42 (H2),222.0,Gustavus Adolphus Golden Gusties,Myles Barnette,sub_in,Myles Barnette Subs In,,
Gustavus Adolphus Golden Gusties,2025-11-07,509,H2,03:32 (H2),212.0,Aurora Spartans,Devon Richardson,foul,Devon Richardson Commits Personal Foul,,35 Andrew Quam > ISO > Top > Drives Right > Dribble Jumper > Short to < 17' > Foul
Gustavus Adolphus Golden Gusties,2025-11-07,510,H2,03:32 (H2),212.0,Gustavus Adolphus Golden Gusties,Andrew Quam,free_throw_made,Andrew Quam Makes Free Throw (1 of 2),,35 Andrew Quam > Non Possession > Free Throw
Gustavus Adolphus Golden Gusties,2025-11-07,511,H2,03:32 (H2),212.0,Gustavus Adolphus Golden Gusties,Andrew Quam,free_throw_made,Andrew Quam Makes Free Throw (2 of 2),,35 Andrew Quam > Non Possession > Free Throw
Gustavus Adolphus Golden Gusties,2025-11-07,512,H2,03:10 (H2),190.0,Aurora Spartans,Juan Madrigal,missed_shot,Juan Madrigal Misses 2PT Jump Shot,2,2 Juan Madrigal > Spot-Up > Drives Left > Dribble Jumper > Short to < 17' > Miss 2 Pts
Gustavus Adolphus Golden Gusties,2025-11-07,513,H2,03:07 (H2),187.0,Gustavus Adolphus Golden Gusties,Carson Koch,rebound_defensive,Carson Koch Defensive Rebound,,
Gustavus Adolphus Golden Gusties,2025-11-07,514,H2,02:49 (H2),169.0,Gustavus Adolphus Golden Gusties,Andrew Quam,missed_shot,Andrew Quam Misses 3PT Jump Shot,3,35 Andrew Quam > P&R Ball Handler > Left P&R > Baseline > Dribble Off Pick > Dribble Jumper > Long/3pt > Miss 3 Pts
Gustavus Adolphus Golden Gusties,2025-11-07,515,H2,02:43 (H2),163.0,Aurora Spartans,Devon Richardson,rebound_defensive,Devon Richardson Defensive Rebound,,
Gustavus Adolphus Golden Gusties,2025-11-07,516,H2,02:35 (H2),155.0,Aurora Spartans,,timeout,Aurora Timeout,,
Gustavus Adolphus Golden Gusties,2025-11-07,517,H2,02:35 (H2),155.0,Gustavus Adolphus Golden Gusties,Eli Wolff,sub_out,Eli Wolff Subs Out,,
Gustavus Adolphus Golden Gusties,2025-11-07,518,H2,02:35 (H2),155.0,Gustavus Adolphus Golden Gusties,Jake Schmitt,sub_in,Jake Schmitt Subs In,,
Gustavus Adolphus Golden Gusties,2025-11-07,519,H2,02:21 (H2),141.0,Aurora Spartans,Juan Madrigal,missed_shot,Juan Madrigal Misses 2PT Pull Up Jump Shot,2,2 Juan Madrigal > Hand Off > From Dribble > Left > Dribble Jumper > Short to < 17' > Miss 2 Pts
Gustavus Adolphus Golden Gusties,2025-11-07,520,H2,02:18 (H2),138.0,Gustavus Adolphus Golden Gusties,Obinna Izuora,rebound_defensive,Obinna Izuora Defensive Rebound,,
Gustavus Adolphus Golden Gusties,2025-11-07,521,H2,02:08 (H2),128.0,Aurora Spartans,Zerrick Johnson,foul,Zerrick Johnson Commits Personal Foul,,10 Jake Schmitt > P&R Ball Handler > High P&R > Dribble Off Pick > To Basket > Foul
Gustavus Adolphus Golden Gusties,2025-11-07,522,H2,02:08 (H2),128.0,Gustavus Adolphus Golden Gusties,Jake Schmitt,free_throw_made,Jake Schmitt Makes Free Throw (2 of 2),,10 Jake Schmitt > Non Possession > Free Throw
Gustavus Adolphus Golden Gusties,2025-11-07,523,H2,02:08 (H2),128.0,Gustavus Adolphus Golden Gusties,Jake Schmitt,free_throw_made,Jake Schmitt Makes Free Throw (1 of 2),,10 Jake Schmitt > Non Possession > Free Throw
Gustavus Adolphus Golden Gusties,2025-11-07,524,H2,02:08 (H2),128.0,Aurora Spartans,Zerrick Johnson,sub_out,Zerrick Johnson Subs Out,,
Gustavus Adolphus Golden Gusties,2025-11-07,525,H2,02:08 (H2),128.0,Aurora Spartans,Isaiah Thompson,sub_in,Isaiah Thompson Subs In,,
Gustavus Adolphus Golden Gusties,2025-11-07,526,H2,01:41 (H2),101.0,Aurora Spartans,Juan Madrigal,made_shot,Juan Madrigal Makes 2PT Pull Up Jump Shot,2,2 Juan Madrigal > ISO > Top > Drives Left > Dribble Jumper > Short to < 17' > Make 2 Pts
Gustavus Adolphus Golden Gusties,2025-11-07,527,H2,01:19 (H2),79.0,Gustavus Adolphus Golden Gusties,Jake Schmitt,missed_shot,Jake Schmitt Misses 3PT Jump Shot,3,10 Jake Schmitt > Hand Off > From Stationary > Top > No Dribble Jumper > Guarded > Long/3pt > Miss 3 Pts
Gustavus Adolphus Golden Gusties,2025-11-07,528,H2,01:16 (H2),76.0,Gustavus Adolphus Golden Gusties,Carson Koch,rebound_offensive,Carson Koch Offensive Rebound,,
Gustavus Adolphus Golden Gusties,2025-11-07,529,H2,01:16 (H2),76.0,Gustavus Adolphus Golden Gusties,Carson Koch,made_shot,Carson Koch Makes 2PT,2,
Gustavus Adolphus Golden Gusties,2025-11-07,530,H2,01:08 (H2),68.0,Aurora Spartans,Devon Richardson,made_shot,Devon Richardson Makes 2PT Layup,2,22 Devon Richardson > Transition > Left Wing > To Basket > Make 2 Pts
Gustavus Adolphus Golden Gusties,2025-11-07,531,H2,01:08 (H2),68.0,Aurora Spartans,Gevon Grant,assist,Gevon Grant Assists,,
Gustavus Adolphus Golden Gusties,2025-11-07,532,H2,00:57 (H2),57.0,Aurora Spartans,Gevon Grant,foul,Gevon Grant Commits Personal Foul,,11 Carson Koch > No Play Type > Foul
Gustavus Adolphus Golden Gusties,2025-11-07,533,H2,00:57 (H2),57.0,Gustavus Adolphus Golden Gusties,Carson Koch,free_throw_made,Carson Koch Makes Free Throw (1 of 2),,11 Carson Koch > Non Possession > Free Throw
Gustavus Adolphus Golden Gusties,2025-11-07,534,H2,00:57 (H2),57.0,Gustavus Adolphus Golden Gusties,Carson Koch,free_throw_made,Carson Koch Makes Free Throw (2 of 2),,11 Carson Koch > Non Possession > Free Throw
Gustavus Adolphus Golden Gusties,2025-11-07,535,H2,00:35 (H2),35.0,Aurora Spartans,Juan Madrigal,missed_shot,Juan Madrigal Misses 3PT Jump Shot,3,2 Juan Madrigal > Spot-Up > Drives Right > Dribble Jumper > Long/3pt > Miss 3 Pts
Gustavus Adolphus Golden Gusties,2025-11-07,536,H2,00:31 (H2),31.0,Gustavus Adolphus Golden Gusties,Carson Koch,rebound_defensive,Carson Koch Defensive Rebound,,
Gustavus Adolphus Golden Gusties,2025-11-07,537,H2,00:31 (H2),31.0,Aurora Spartans,Devon Richardson,foul,Devon Richardson Commits Personal Foul,,11 Carson Koch > No Play Type > Foul
Gustavus Adolphus Golden Gusties,2025-11-07,538,H2,00:31 (H2),31.0,Gustavus Adolphus Golden Gusties,Carson Koch,free_throw_made,Carson Koch Makes Free Throw (1 of 2),,11 Carson Koch > Non Possession > Free Throw
Gustavus Adolphus Golden Gusties,2025-11-07,539,H2,00:31 (H2),31.0,Gustavus Adolphus Golden Gusties,Carson Koch,free_throw_made,Carson Koch Makes Free Throw (2 of 2),,11 Carson Koch > Non Possession > Free Throw
Gustavus Adolphus Golden Gusties,2025-11-07,540,H2,00:31 (H2),31.0,Aurora Spartans,,timeout,Aurora Timeout,,
Gustavus Adolphus Golden Gusties,2025-11-07,541,H2,00:22 (H2),22.0,Aurora Spartans,Juan Madrigal,turnover,Juan Madrigal Turnover (Bad Pass),,2 Juan Madrigal > Spot-Up > Drives Left > Turnover
Gustavus Adolphus Golden Gusties,2025-11-07,542,H2,00:14 (H2),14.0,Aurora Spartans,Jeffery Hillmer,foul,Jeffery Hillmer Commits Personal Foul,,10 Jake Schmitt > Transition > Right Wing > Foul
Gustavus Adolphus Golden Gusties,2025-11-07,543,H2,00:14 (H2),14.0,Gustavus Adolphus Golden Gusties,Carson Koch,free_throw_made,Carson Koch Makes Free Throw (1 of 2),,
Gustavus Adolphus Golden Gusties,2025-11-07,544,H2,00:14 (H2),14.0,Gustavus Adolphus Golden Gusties,Jake Schmitt,free_throw_made,Jake Schmitt Makes Free Throw (2 of 2),,10 Jake Schmitt > Non Possession > Free Throw
Gustavus Adolphus Golden Gusties,2025-11-07,545,H2,00:14 (H2),14.0,Aurora Spartans,,timeout,Aurora Timeout,,
Gustavus Adolphus Golden Gusties,2025-11-07,546,H2,00:14 (H2),14.0,Aurora Spartans,Juan Madrigal,missed_shot,Juan Madrigal Misses 2PT Layup,2,2 Juan Madrigal > Transition > Ballhandler > To Basket > Miss 2 Pts
Gustavus Adolphus Golden Gusties,2025-11-07,547,H2,00:12 (H2),12.0,Aurora Spartans,Jeffery Hillmer,rebound_offensive,Jeffery Hillmer Offensive Rebound,,
Gustavus Adolphus Golden Gusties,2025-11-07,548,H2,,,,,period_marker,End 2nd Half,,
Bethany Lutheran Vikings,2025-11-08,0,,,,,,period_marker,Start 1st Half,,
Bethany Lutheran Vikings,2025-11-08,1,H1,19:59 (H1),1199.0,Aurora Spartans,Devon Richardson,jump_ball_won,Devon Richardson Wins Jump Ball,,
Bethany Lutheran Vikings,2025-11-08,2,H1,19:59 (H1),1199.0,Bethany Lutheran Vikings,Jack Brockmann,jump_ball_lost,Jack Brockmann Loses Jump Ball,,
Bethany Lutheran Vikings,2025-11-08,3,H1,19:46 (H1),1186.0,Aurora Spartans,Bryden Gryzmala,turnover,Bryden Gryzmala Turnover (Bad Pass),,1 Bryden Gryzmala > No Play Type > Turnover
Bethany Lutheran Vikings,2025-11-08,4,H1,19:46 (H1),1186.0,Bethany Lutheran Vikings,Jack Brockmann,steal,Jack Brockmann Steals,,
Bethany Lutheran Vikings,2025-11-08,5,H1,19:39 (H1),1179.0,Bethany Lutheran Vikings,Blue Smaller,made_shot,Blue Smaller Makes 2PT Layup,2,55 Blue Smaller > Transition > First Middle > To Basket > Make 2 Pts
Bethany Lutheran Vikings,2025-11-08,6,H1,19:39 (H1),1179.0,Bethany Lutheran Vikings,Elliot Whitney,assist,Elliot Whitney Assists,,
Bethany Lutheran Vikings,2025-11-08,7,H1,19:19 (H1),1159.0,Aurora Spartans,Juan Madrigal,missed_shot,Juan Madrigal Misses 3PT Jump Shot,3,3 Jeffery Hillmer > P&R Ball Handler > Left P&R > Side > Dribble Off Pick > Defense Commits > Ball Delivered > 2 Juan Madrigal > P&R Roll Man > Pick and Pops > Drives Left > Dribble Jumper > Long/3pt > Miss 3 Pts
Bethany Lutheran Vikings,2025-11-08,8,H1,19:17 (H1),1157.0,Bethany Lutheran Vikings,Elliot Whitney,rebound_defensive,Elliot Whitney Defensive Rebound,,
Bethany Lutheran Vikings,2025-11-08,9,H1,19:02 (H1),1142.0,Aurora Spartans,Bryden Gryzmala,foul,Bryden Gryzmala Commits Personal Foul,,5 Elliot Whitney > P&R Ball Handler > High P&R > Dribble Off Pick > Dribble Jumper > Short to < 17' > Foul
Bethany Lutheran Vikings,2025-11-08,10,H1,19:02 (H1),1142.0,Bethany Lutheran Vikings,Elliot Whitney,free_throw_missed,Elliot Whitney Misses Free Throw (1 of 2),,5 Elliot Whitney > Non Possession > Free Throw
Bethany Lutheran Vikings,2025-11-08,11,H1,19:02 (H1),1142.0,Bethany Lutheran Vikings,Bethany Lutheran,team_deadball_rebound_offensive,Bethany Lutheran Offensive Deadball Rebound,,
Bethany Lutheran Vikings,2025-11-08,12,H1,19:02 (H1),1142.0,Bethany Lutheran Vikings,Elliot Whitney,free_throw_missed,Elliot Whitney Misses Free Throw (2 of 2),,5 Elliot Whitney > Non Possession > Free Throw
Bethany Lutheran Vikings,2025-11-08,13,H1,19:02 (H1),1142.0,Aurora Spartans,Devon Richardson,rebound_defensive,Devon Richardson Defensive Rebound,,
Bethany Lutheran Vikings,2025-11-08,14,H1,18:47 (H1),1127.0,Aurora Spartans,Jeffery Hillmer,made_shot,Jeffery Hillmer Makes 2PT Layup,2,3 Jeffery Hillmer > Cut > Screen > Make 2 Pts Foul > 1 Pts
Bethany Lutheran Vikings,2025-11-08,15,H1,18:47 (H1),1127.0,Aurora Spartans,Zerrick Johnson,assist,Zerrick Johnson Assists,,
Bethany Lutheran Vikings,2025-11-08,16,H1,18:47 (H1),1127.0,Bethany Lutheran Vikings,Elliot Whitney,foul,Elliot Whitney Commits Personal Foul,,
Bethany Lutheran Vikings,2025-11-08,17,H1,18:47 (H1),1127.0,Aurora Spartans,Jeffery Hillmer,free_throw_made,Jeffery Hillmer Makes Free Throw (1 of 1),,3 Jeffery Hillmer > Cut > Screen > Make 2 Pts Foul > 1 Pts
Bethany Lutheran Vikings,2025-11-08,18,H1,18:36 (H1),1116.0,Bethany Lutheran Vikings,Rysley Borman,turnover,Rysley Borman Turnover (Bad Pass),,22 Rysley Borman > Transition > Right Wing > Turnover
Bethany Lutheran Vikings,2025-11-08,19,H1,18:36 (H1),1116.0,Aurora Spartans,Jeffery Hillmer,steal,Jeffery Hillmer Steals,,
Bethany Lutheran Vikings,2025-11-08,20,H1,18:28 (H1),1108.0,Aurora Spartans,Zerrick Johnson,missed_shot,Zerrick Johnson Misses 2PT Layup (Blocked),2,13 Zerrick Johnson > Transition > Trailer > To Basket > Miss 2 Pts
Bethany Lutheran Vikings,2025-11-08,21,H1,18:28 (H1),1108.0,Bethany Lutheran Vikings,Jack Brockmann,block,Jack Brockmann Blocks,,
Bethany Lutheran Vikings,2025-11-08,22,H1,18:28 (H1),1108.0,Aurora Spartans,,team_deadball_rebound_offensive,Offensive Rebound,,
Bethany Lutheran Vikings,2025-11-08,23,H1,18:10 (H1),1090.0,Aurora Spartans,Juan Madrigal,missed_shot,Juan Madrigal Misses 2PT Jump Shot,2,2 Juan Madrigal > ISO > Right > Drives Right > Dribble Jumper > Short to < 17' > Miss 2 Pts
Bethany Lutheran Vikings,2025-11-08,24,H1,18:04 (H1),1084.0,Bethany Lutheran Vikings,Elliot Whitney,rebound_defensive,Elliot Whitney Defensive Rebound,,
Bethany Lutheran Vikings,2025-11-08,25,H1,18:00 (H1),1080.0,Bethany Lutheran Vikings,Jack Brockmann,made_shot,Jack Brockmann Makes 2PT Layup,2,23 Jack Brockmann > Transition > Leak Outs > To Basket > Make 2 Pts
Bethany Lutheran Vikings,2025-11-08,26,H1,18:00 (H1),1080.0,Bethany Lutheran Vikings,Blue Smaller,assist,Blue Smaller Assists,,
Bethany Lutheran Vikings,2025-11-08,27,H1,17:35 (H1),1055.0,Aurora Spartans,Jeffery Hillmer,missed_shot,Jeffery Hillmer Misses 3PT Jump Shot,3,3 Jeffery Hillmer > Spot-Up > No Dribble Jumper > Open > Long/3pt > Miss 3 Pts
Bethany Lutheran Vikings,2025-11-08,28,H1,17:33 (H1),1053.0,Bethany Lutheran Vikings,Max Briggs,rebound_defensive,Max Briggs Defensive Rebound,,
Bethany Lutheran Vikings,2025-11-08,29,H1,17:22 (H1),1042.0,Bethany Lutheran Vikings,Max Briggs,made_shot,Max Briggs Makes 3PT Jump Shot,3,5 Elliot Whitney > P&R Ball Handler > Left P&R > Baseline > Dribble Off Pick > Defense Commits > Ball Delivered > 3 Max Briggs > Spot-Up > No Dribble Jumper > Open > Long/3pt > Make 3 Pts
Bethany Lutheran Vikings,2025-11-08,30,H1,17:22 (H1),1042.0,Bethany Lutheran Vikings,Elliot Whitney,assist,Elliot Whitney Assists,,
Bethany Lutheran Vikings,2025-11-08,31,H1,16:54 (H1),1014.0,Aurora Spartans,Bryden Gryzmala,sub_out,Bryden Gryzmala Subs Out,,
Bethany Lutheran Vikings,2025-11-08,32,H1,16:54 (H1),1014.0,Aurora Spartans,Juan Madrigal,sub_out,Juan Madrigal Subs Out,,
Bethany Lutheran Vikings,2025-11-08,33,H1,16:54 (H1),1014.0,Aurora Spartans,Devon Richardson,sub_out,Devon Richardson Subs Out,,
Bethany Lutheran Vikings,2025-11-08,34,H1,16:54 (H1),1014.0,Aurora Spartans,Larry Carthan,sub_in,Larry Carthan Subs In,,
Bethany Lutheran Vikings,2025-11-08,35,H1,16:54 (H1),1014.0,Aurora Spartans,Robert Hutson,sub_in,Robert Hutson Subs In,,
Bethany Lutheran Vikings,2025-11-08,36,H1,16:54 (H1),1014.0,Aurora Spartans,Gevon Grant,sub_in,Gevon Grant Subs In,,
Bethany Lutheran Vikings,2025-11-08,37,H1,16:47 (H1),1007.0,Aurora Spartans,Gevon Grant,made_shot,Gevon Grant Makes 2PT Driving Layup,2,24 Gevon Grant > ISO > Top > Drives Right > To Basket > Make 2 Pts
Bethany Lutheran Vikings,2025-11-08,38,H1,16:29 (H1),989.0,Bethany Lutheran Vikings,Rysley Borman,missed_shot,Rysley Borman Misses 3PT Jump Shot,3,22 Rysley Borman > Hand Off > From Dribble > Right > No Dribble Jumper > Open > Long/3pt > Miss 3 Pts
Bethany Lutheran Vikings,2025-11-08,39,H1,16:26 (H1),986.0,Aurora Spartans,,team_deadball_rebound_defensive,Defensive Rebound,,
Bethany Lutheran Vikings,2025-11-08,40,H1,16:10 (H1),970.0,Aurora Spartans,Zerrick Johnson,missed_shot,Zerrick Johnson Misses 2PT Turnaround Jump Shot,2,13 Zerrick Johnson > Spot-Up > Drives Left > Dribble Jumper > Short to < 17' > Miss 2 Pts
Bethany Lutheran Vikings,2025-11-08,41,H1,16:07 (H1),967.0,Bethany Lutheran Vikings,Jack Brockmann,rebound_defensive,Jack Brockmann Defensive Rebound,,
Bethany Lutheran Vikings,2025-11-08,42,H1,16:04 (H1),964.0,Bethany Lutheran Vikings,Rysley Borman,turnover,Rysley Borman Turnover (Bad Pass),,22 Rysley Borman > Transition > Ballhandler > Turnover
Bethany Lutheran Vikings,2025-11-08,43,H1,16:04 (H1),964.0,Bethany Lutheran Vikings,Elliot Whitney,sub_out,Elliot Whitney Subs Out,,
Bethany Lutheran Vikings,2025-11-08,44,H1,16:04 (H1),964.0,Bethany Lutheran Vikings,Rysley Borman,sub_out,Rysley Borman Subs Out,,
Bethany Lutheran Vikings,2025-11-08,45,H1,16:04 (H1),964.0,Bethany Lutheran Vikings,Brady Ingersoll,sub_in,Brady Ingersoll Subs In,,
Bethany Lutheran Vikings,2025-11-08,46,H1,16:04 (H1),964.0,Bethany Lutheran Vikings,Amory Peterson,sub_in,Amory Peterson Subs In,,
Bethany Lutheran Vikings,2025-11-08,47,H1,15:50 (H1),950.0,Aurora Spartans,Robert Hutson,missed_shot,Robert Hutson Misses 2PT Jump Shot,2,12 Robert Hutson > P&R Ball Handler > High P&R > Dribble Off Pick > Dribble Jumper > Medium/17' to <3p > Miss 2 Pts
Bethany Lutheran Vikings,2025-11-08,48,H1,15:47 (H1),947.0,Bethany Lutheran Vikings,Max Briggs,rebound_defensive,Max Briggs Defensive Rebound,,
Bethany Lutheran Vikings,2025-11-08,49,H1,15:41 (H1),941.0,Bethany Lutheran Vikings,Max Briggs,missed_shot,Max Briggs Misses 3PT Jump Shot,3,3 Max Briggs > P&R Ball Handler > High P&R > Dribble Off Pick > Dribble Jumper > Long/3pt > Miss 3 Pts
Bethany Lutheran Vikings,2025-11-08,50,H1,15:39 (H1),939.0,Aurora Spartans,Larry Carthan,rebound_defensive,Larry Carthan Defensive Rebound,,
Bethany Lutheran Vikings,2025-11-08,51,H1,15:18 (H1),918.0,Aurora Spartans,Jeffery Hillmer,made_shot,Jeffery Hillmer Makes 2PT Driving Layup,2,24 Gevon Grant > P&R Ball Handler > High P&R > Dribble Off Pick > Defense Commits > Ball Delivered > 3 Jeffery Hillmer > Spot-Up > Drives Left > To Basket > Make 2 Pts
Bethany Lutheran Vikings,2025-11-08,52,H1,15:18 (H1),918.0,Aurora Spartans,Gevon Grant,assist,Gevon Grant Assists,,
Bethany Lutheran Vikings,2025-11-08,53,H1,15:08 (H1),908.0,Bethany Lutheran Vikings,Jack Brockmann,turnover,Jack Brockmann Turnover (Travel),,23 Jack Brockmann > Transition > Left Wing > Turnover
Bethany Lutheran Vikings,2025-11-08,54,H1,15:08 (H1),908.0,Aurora Spartans,,timeout,Official TV Timeout,,
Bethany Lutheran Vikings,2025-11-08,55,H1,15:08 (H1),908.0,Bethany Lutheran Vikings,,timeout,Official TV Timeout,,
Bethany Lutheran Vikings,2025-11-08,56,H1,15:08 (H1),908.0,Aurora Spartans,Jeffery Hillmer,sub_out,Jeffery Hillmer Subs Out,,
Bethany Lutheran Vikings,2025-11-08,57,H1,15:08 (H1),908.0,Aurora Spartans,Juan Madrigal,sub_in,Juan Madrigal Subs In,,
Bethany Lutheran Vikings,2025-11-08,58,H1,15:08 (H1),908.0,Bethany Lutheran Vikings,Jack Brockmann,sub_out,Jack Brockmann Subs Out,,
Bethany Lutheran Vikings,2025-11-08,59,H1,15:08 (H1),908.0,Bethany Lutheran Vikings,Blue Smaller,sub_out,Blue Smaller Subs Out,,
Bethany Lutheran Vikings,2025-11-08,60,H1,15:08 (H1),908.0,Bethany Lutheran Vikings,Will Walter,sub_in,Will Walter Subs In,,
Bethany Lutheran Vikings,2025-11-08,61,H1,15:08 (H1),908.0,Bethany Lutheran Vikings,Cole Johnson,sub_in,Cole Johnson Subs In,,
Bethany Lutheran Vikings,2025-11-08,62,H1,14:56 (H1),896.0,Aurora Spartans,Zerrick Johnson,turnover,Zerrick Johnson Turnover (Lost Ball),,13 Zerrick Johnson > Hand Off > From Dribble > Top > Turnover
Bethany Lutheran Vikings,2025-11-08,63,H1,14:56 (H1),896.0,Bethany Lutheran Vikings,Max Briggs,steal,Max Briggs Steals,,
Bethany Lutheran Vikings,2025-11-08,64,H1,14:48 (H1),888.0,Bethany Lutheran Vikings,Brady Ingersoll,turnover,Brady Ingersoll Turnover (Travel),,2 Brady Ingersoll > Transition > Right Wing > Turnover
Bethany Lutheran Vikings,2025-11-08,65,H1,14:23 (H1),863.0,Aurora Spartans,Zerrick Johnson,missed_shot,Zerrick Johnson Misses 2PT Driving Layup,2,13 Zerrick Johnson > Spot-Up > Drives Right > To Basket > Miss 2 Pts
Bethany Lutheran Vikings,2025-11-08,66,H1,14:21 (H1),861.0,Bethany Lutheran Vikings,Will Walter,rebound_defensive,Will Walter Defensive Rebound,,
Bethany Lutheran Vikings,2025-11-08,67,H1,14:10 (H1),850.0,Bethany Lutheran Vikings,Will Walter,turnover,Will Walter Turnover (Travel),,1 Will Walter > Spot-Up > Drives Left > Turnover
Bethany Lutheran Vikings,2025-11-08,68,H1,14:10 (H1),850.0,Aurora Spartans,Robert Hutson,sub_out,Robert Hutson Subs Out,,
Bethany Lutheran Vikings,2025-11-08,69,H1,14:10 (H1),850.0,Aurora Spartans,Zerrick Johnson,sub_out,Zerrick Johnson Subs Out,,
Bethany Lutheran Vikings,2025-11-08,70,H1,14:10 (H1),850.0,Aurora Spartans,Jeffery Hillmer,sub_in,Jeffery Hillmer Subs In,,
Bethany Lutheran Vikings,2025-11-08,71,H1,14:10 (H1),850.0,Aurora Spartans,Isaiah Thompson,sub_in,Isaiah Thompson Subs In,,
Bethany Lutheran Vikings,2025-11-08,72,H1,13:53 (H1),833.0,Bethany Lutheran Vikings,Cole Johnson,foul,Cole Johnson Commits Personal Foul,,5 Larry Carthan > Spot-Up > Drives Right > To Basket > Foul
Bethany Lutheran Vikings,2025-11-08,73,H1,13:53 (H1),833.0,Aurora Spartans,Larry Carthan,free_throw_made,Larry Carthan Makes Free Throw (1 of 2),,5 Larry Carthan > Non Possession > Free Throw
Bethany Lutheran Vikings,2025-11-08,74,H1,13:53 (H1),833.0,Aurora Spartans,Larry Carthan,free_throw_missed,Larry Carthan Misses Free Throw (2 of 2),,5 Larry Carthan > Non Possession > Free Throw
Bethany Lutheran Vikings,2025-11-08,75,H1,13:53 (H1),833.0,Bethany Lutheran Vikings,Amory Peterson,rebound_defensive,Amory Peterson Defensive Rebound,,
Bethany Lutheran Vikings,2025-11-08,76,H1,13:26 (H1),806.0,Bethany Lutheran Vikings,Max Briggs,missed_shot,Max Briggs Misses 3PT Jump Shot,3,3 Max Briggs > Spot-Up > No Dribble Jumper > Guarded > Long/3pt > Miss 3 Pts
Bethany Lutheran Vikings,2025-11-08,77,H1,13:23 (H1),803.0,Bethany Lutheran Vikings,Cole Johnson,rebound_offensive,Cole Johnson Offensive Rebound,,
Bethany Lutheran Vikings,2025-11-08,78,H1,13:22 (H1),802.0,Bethany Lutheran Vikings,Amory Peterson,made_shot,Amory Peterson Makes 3PT Jump Shot,3,13 Amory Peterson > Spot-Up > No Dribble Jumper > Open > Long/3pt > Make 3 Pts
Bethany Lutheran Vikings,2025-11-08,79,H1,13:22 (H1),802.0,Bethany Lutheran Vikings,Max Briggs,assist,Max Briggs Assists,,
Bethany Lutheran Vikings,2025-11-08,80,H1,13:07 (H1),787.0,Bethany Lutheran Vikings,Cole Johnson,foul,Cole Johnson Commits Personal Foul,,5 Larry Carthan > Non Possession > Non Shooting Foul
Bethany Lutheran Vikings,2025-11-08,81,H1,13:07 (H1),787.0,Aurora Spartans,Larry Carthan,sub_out,Larry Carthan Subs Out,,
Bethany Lutheran Vikings,2025-11-08,82,H1,13:07 (H1),787.0,Aurora Spartans,Gevon Grant,sub_out,Gevon Grant Subs Out,,
Bethany Lutheran Vikings,2025-11-08,83,H1,13:07 (H1),787.0,Bethany Lutheran Vikings,Brady Ingersoll,sub_out,Brady Ingersoll Subs Out,,
Bethany Lutheran Vikings,2025-11-08,84,H1,13:07 (H1),787.0,Bethany Lutheran Vikings,Max Briggs,sub_out,Max Briggs Subs Out,,
Bethany Lutheran Vikings,2025-11-08,85,H1,13:07 (H1),787.0,Bethany Lutheran Vikings,Cole Johnson,sub_out,Cole Johnson Subs Out,,
Bethany Lutheran Vikings,2025-11-08,86,H1,13:07 (H1),787.0,Aurora Spartans,Devon Richardson,sub_in,Devon Richardson Subs In,,
Bethany Lutheran Vikings,2025-11-08,87,H1,13:07 (H1),787.0,Aurora Spartans,Bryden Gryzmala,sub_in,Bryden Gryzmala Subs In,,
Bethany Lutheran Vikings,2025-11-08,88,H1,13:07 (H1),787.0,Bethany Lutheran Vikings,Jack Brockmann,sub_in,Jack Brockmann Subs In,,
Bethany Lutheran Vikings,2025-11-08,89,H1,13:07 (H1),787.0,Bethany Lutheran Vikings,Ricky Wengert,sub_in,Ricky Wengert Subs In,,
Bethany Lutheran Vikings,2025-11-08,90,H1,13:07 (H1),787.0,Bethany Lutheran Vikings,Blue Smaller,sub_in,Blue Smaller Subs In,,
Bethany Lutheran Vikings,2025-11-08,91,H1,12:52 (H1),772.0,Aurora Spartans,Jeffery Hillmer,made_shot,Jeffery Hillmer Makes 2PT Layup,2,3 Jeffery Hillmer > Cut > Flash > Make 2 Pts
Bethany Lutheran Vikings,2025-11-08,92,H1,12:52 (H1),772.0,Aurora Spartans,Isaiah Thompson,assist,Isaiah Thompson Assists,,
Bethany Lutheran Vikings,2025-11-08,93,H1,12:39 (H1),759.0,Aurora Spartans,Juan Madrigal,foul,Juan Madrigal Commits Personal Foul,,23 Jack Brockmann > Non Possession > Non Shooting Foul
Bethany Lutheran Vikings,2025-11-08,94,H1,12:31 (H1),751.0,Bethany Lutheran Vikings,Blue Smaller,missed_shot,Blue Smaller Misses 2PT Dunk,2,55 Blue Smaller > Cut > Basket > Miss 2 Pts
Bethany Lutheran Vikings,2025-11-08,95,H1,12:28 (H1),748.0,Bethany Lutheran Vikings,Blue Smaller,rebound_offensive,Blue Smaller Offensive Rebound,,
Bethany Lutheran Vikings,2025-11-08,96,H1,12:26 (H1),746.0,Bethany Lutheran Vikings,Amory Peterson,made_shot,Amory Peterson Makes 3PT Jump Shot,3,13 Amory Peterson > Spot-Up > No Dribble Jumper > Open > Long/3pt > Make 3 Pts
Bethany Lutheran Vikings,2025-11-08,97,H1,12:26 (H1),746.0,Bethany Lutheran Vikings,Blue Smaller,assist,Blue Smaller Assists,,
Bethany Lutheran Vikings,2025-11-08,98,H1,12:00 (H1),720.0,Aurora Spartans,Devon Richardson,missed_shot,Devon Richardson Misses 2PT Layup,2,22 Devon Richardson > Post-Up > Right Block > Left Shoulder > Dribble Move > To Basket > Miss 2 Pts
Bethany Lutheran Vikings,2025-11-08,99,H1,11:58 (H1),718.0,Aurora Spartans,,team_deadball_rebound_offensive,Offensive Rebound,,
Bethany Lutheran Vikings,2025-11-08,100,H1,11:58 (H1),718.0,Aurora Spartans,,timeout,Official TV Timeout,,
Bethany Lutheran Vikings,2025-11-08,101,H1,11:58 (H1),718.0,Bethany Lutheran Vikings,,timeout,Official TV Timeout,,
Bethany Lutheran Vikings,2025-11-08,102,H1,11:58 (H1),718.0,Aurora Spartans,Juan Madrigal,sub_out,Juan Madrigal Subs Out,,
Bethany Lutheran Vikings,2025-11-08,103,H1,11:58 (H1),718.0,Aurora Spartans,Zerrick Johnson,sub_in,Zerrick Johnson Subs In,,
Bethany Lutheran Vikings,2025-11-08,104,H1,11:52 (H1),712.0,Aurora Spartans,Devon Richardson,missed_shot,Devon Richardson Misses 2PT Layup,2,22 Devon Richardson > Cut > Flash > Miss 2 Pts
Bethany Lutheran Vikings,2025-11-08,105,H1,11:50 (H1),710.0,Bethany Lutheran Vikings,Jack Brockmann,rebound_defensive,Jack Brockmann Defensive Rebound,,
Bethany Lutheran Vikings,2025-11-08,106,H1,11:40 (H1),700.0,Bethany Lutheran Vikings,Ricky Wengert,turnover,Ricky Wengert Turnover (Travel),,44 Ricky Wengert > Spot-Up > Drives Left > Turnover
Bethany Lutheran Vikings,2025-11-08,107,H1,11:21 (H1),681.0,Aurora Spartans,Zerrick Johnson,turnover,Zerrick Johnson Turnover (Bad Pass),,13 Zerrick Johnson > No Play Type > Turnover
Bethany Lutheran Vikings,2025-11-08,108,H1,11:21 (H1),681.0,Bethany Lutheran Vikings,Blue Smaller,steal,Blue Smaller Steals,,
Bethany Lutheran Vikings,2025-11-08,109,H1,11:04 (H1),664.0,Bethany Lutheran Vikings,Ricky Wengert,missed_shot,Ricky Wengert Misses 3PT Jump Shot,3,44 Ricky Wengert > Spot-Up > No Dribble Jumper > Open > Long/3pt > Miss 3 Pts
Bethany Lutheran Vikings,2025-11-08,110,H1,11:00 (H1),660.0,Aurora Spartans,Devon Richardson,rebound_defensive,Devon Richardson Defensive Rebound,,
Bethany Lutheran Vikings,2025-11-08,111,H1,10:48 (H1),648.0,Aurora Spartans,Bryden Gryzmala,made_shot,Bryden Gryzmala Makes 2PT Pull Up Jump Shot,2,1 Bryden Gryzmala > P&R Ball Handler > Right P&R > Side > Dribble Off Pick > Dribble Jumper > Short to < 17' > Make 2 Pts
Bethany Lutheran Vikings,2025-11-08,112,H1,10:42 (H1),642.0,Bethany Lutheran Vikings,Will Walter,turnover,Will Walter Turnover,,1 Will Walter > No Play Type > Turnover
Bethany Lutheran Vikings,2025-11-08,113,H1,10:42 (H1),642.0,Aurora Spartans,Isaiah Thompson,sub_out,Isaiah Thompson Subs Out,,
Bethany Lutheran Vikings,2025-11-08,114,H1,10:42 (H1),642.0,Aurora Spartans,Robert Hutson,sub_in,Robert Hutson Subs In,,
Bethany Lutheran Vikings,2025-11-08,115,H1,10:29 (H1),629.0,Aurora Spartans,Robert Hutson,missed_shot,Robert Hutson Misses 3PT Jump Shot,3,22 Devon Richardson > Post-Up > Left Block > Left Shoulder > Dribble Move > Defense Commits > Ball Delivered > 12 Robert Hutson > Spot-Up > No Dribble Jumper > Open > Long/3pt > Miss 3 Pts
Bethany Lutheran Vikings,2025-11-08,116,H1,10:27 (H1),627.0,Bethany Lutheran Vikings,Will Walter,rebound_defensive,Will Walter Defensive Rebound,,
Bethany Lutheran Vikings,2025-11-08,117,H1,10:26 (H1),626.0,Bethany Lutheran Vikings,Jack Brockmann,turnover,Jack Brockmann Turnover (Travel),,23 Jack Brockmann > Transition > Ballhandler > Turnover
Bethany Lutheran Vikings,2025-11-08,118,H1,10:26 (H1),626.0,Bethany Lutheran Vikings,Will Walter,sub_out,Will Walter Subs Out,,
Bethany Lutheran Vikings,2025-11-08,119,H1,10:26 (H1),626.0,Bethany Lutheran Vikings,Amory Peterson,sub_out,Amory Peterson Subs Out,,
Bethany Lutheran Vikings,2025-11-08,120,H1,10:26 (H1),626.0,Bethany Lutheran Vikings,Ricky Wengert,sub_out,Ricky Wengert Subs Out,,
Bethany Lutheran Vikings,2025-11-08,121,H1,10:26 (H1),626.0,Bethany Lutheran Vikings,Max Briggs,sub_in,Max Briggs Subs In,,
Bethany Lutheran Vikings,2025-11-08,122,H1,10:26 (H1),626.0,Bethany Lutheran Vikings,Elliot Whitney,sub_in,Elliot Whitney Subs In,,
Bethany Lutheran Vikings,2025-11-08,123,H1,10:26 (H1),626.0,Bethany Lutheran Vikings,Rysley Borman,sub_in,Rysley Borman Subs In,,
Bethany Lutheran Vikings,2025-11-08,124,H1,10:10 (H1),610.0,Aurora Spartans,Robert Hutson,missed_shot,Robert Hutson Misses 2PT Driving Layup,2,12 Robert Hutson > P&R Ball Handler > Right P&R > Baseline > Go Away from Pick > To Basket > Miss 2 Pts
Bethany Lutheran Vikings,2025-11-08,125,H1,10:07 (H1),607.0,Aurora Spartans,Devon Richardson,rebound_offensive,Devon Richardson Offensive Rebound,,
Bethany Lutheran Vikings,2025-11-08,126,H1,10:05 (H1),605.0,Aurora Spartans,Devon Richardson,missed_shot,Devon Richardson Misses 2PT Layup,2,
Bethany Lutheran Vikings,2025-11-08,127,H1,10:01 (H1),601.0,Aurora Spartans,Devon Richardson,rebound_offensive,Devon Richardson Offensive Rebound,,
Bethany Lutheran Vikings,2025-11-08,128,H1,10:01 (H1),601.0,Aurora Spartans,Devon Richardson,made_shot,Devon Richardson Makes 2PT,2,
Bethany Lutheran Vikings,2025-11-08,129,H1,09:53 (H1),593.0,Bethany Lutheran Vikings,,timeout,Bethany Lutheran Timeout,,
Bethany Lutheran Vikings,2025-11-08,130,H1,09:44 (H1),584.0,Bethany Lutheran Vikings,Elliot Whitney,made_shot,Elliot Whitney Makes 2PT Pull Up Jump Shot,2,5 Elliot Whitney > P&R Ball Handler > High P&R > Dribble Off Pick > Dribble Jumper > Short to < 17' > Make 2 Pts
Bethany Lutheran Vikings,2025-11-08,131,H1,09:12 (H1),552.0,Aurora Spartans,Zerrick Johnson,missed_shot,Zerrick Johnson Misses 2PT Pull Up Jump Shot,2,13 Zerrick Johnson > P&R Ball Handler > High P&R > Dribble Off Pick > Dribble Jumper > Short to < 17' > Miss 2 Pts
Bethany Lutheran Vikings,2025-11-08,132,H1,09:08 (H1),548.0,Aurora Spartans,Jeffery Hillmer,rebound_offensive,Jeffery Hillmer Offensive Rebound,,
Bethany Lutheran Vikings,2025-11-08,133,H1,09:07 (H1),547.0,Aurora Spartans,Devon Richardson,made_shot,Devon Richardson Makes 2PT Layup,2,22 Devon Richardson > Cut > Basket > Make 2 Pts
Bethany Lutheran Vikings,2025-11-08,134,H1,09:07 (H1),547.0,Aurora Spartans,Jeffery Hillmer,assist,Jeffery Hillmer Assists,,
Bethany Lutheran Vikings,2025-11-08,135,H1,08:57 (H1),537.0,Bethany Lutheran Vikings,,timeout,Bethany Lutheran Timeout,,
Bethany Lutheran Vikings,2025-11-08,136,H1,08:57 (H1),537.0,Aurora Spartans,Jeffery Hillmer,sub_out,Jeffery Hillmer Subs Out,,
Bethany Lutheran Vikings,2025-11-08,137,H1,08:57 (H1),537.0,Aurora Spartans,Zerrick Johnson,sub_out,Zerrick Johnson Subs Out,,
Bethany Lutheran Vikings,2025-11-08,138,H1,08:57 (H1),537.0,Bethany Lutheran Vikings,Jack Brockmann,sub_out,Jack Brockmann Subs Out,,
Bethany Lutheran Vikings,2025-11-08,139,H1,08:57 (H1),537.0,Aurora Spartans,Gevon Grant,sub_in,Gevon Grant Subs In,,
Bethany Lutheran Vikings,2025-11-08,140,H1,08:57 (H1),537.0,Aurora Spartans,Juan Madrigal,sub_in,Juan Madrigal Subs In,,
Bethany Lutheran Vikings,2025-11-08,141,H1,08:57 (H1),537.0,Bethany Lutheran Vikings,Cooper Mensink,sub_in,Cooper Mensink Subs In,,
Bethany Lutheran Vikings,2025-11-08,142,H1,08:47 (H1),527.0,Bethany Lutheran Vikings,Max Briggs,missed_shot,Max Briggs Misses 2PT Pull Up Jump Shot,2,3 Max Briggs > P&R Ball Handler > Right P&R > Side > Dribble Off Pick > Dribble Jumper > Short to < 17' > Miss 2 Pts
Bethany Lutheran Vikings,2025-11-08,143,H1,08:44 (H1),524.0,Aurora Spartans,Gevon Grant,rebound_defensive,Gevon Grant Defensive Rebound,,
Bethany Lutheran Vikings,2025-11-08,144,H1,08:37 (H1),517.0,Aurora Spartans,Robert Hutson,missed_shot,Robert Hutson Misses 3PT Jump Shot,3,12 Robert Hutson > Spot-Up > No Dribble Jumper > Guarded > Long/3pt > Miss 3 Pts
Bethany Lutheran Vikings,2025-11-08,145,H1,08:35 (H1),515.0,Bethany Lutheran Vikings,Elliot Whitney,rebound_defensive,Elliot Whitney Defensive Rebound,,
Bethany Lutheran Vikings,2025-11-08,146,H1,08:31 (H1),511.0,Bethany Lutheran Vikings,Rysley Borman,made_shot,Rysley Borman Makes 2PT Layup,2,22 Rysley Borman > Transition > Leak Outs > To Basket > Make 2 Pts
Bethany Lutheran Vikings,2025-11-08,147,H1,08:31 (H1),511.0,Bethany Lutheran Vikings,Elliot Whitney,assist,Elliot Whitney Assists,,
Bethany Lutheran Vikings,2025-11-08,148,H1,08:16 (H1),496.0,Aurora Spartans,Gevon Grant,foul,Gevon Grant Commits Offensive Foul,,
Bethany Lutheran Vikings,2025-11-08,149,H1,08:16 (H1),496.0,Aurora Spartans,Gevon Grant,turnover,Gevon Grant Turnover (Offensive Foul),,24 Gevon Grant > Hand Off > From Dribble > Top > To Basket > Turnover
Bethany Lutheran Vikings,2025-11-08,150,H1,08:16 (H1),496.0,Aurora Spartans,Robert Hutson,sub_out,Robert Hutson Subs Out,,
Bethany Lutheran Vikings,2025-11-08,151,H1,08:16 (H1),496.0,Aurora Spartans,Devon Richardson,sub_out,Devon Richardson Subs Out,,
Bethany Lutheran Vikings,2025-11-08,152,H1,08:16 (H1),496.0,Aurora Spartans,Larry Carthan,sub_in,Larry Carthan Subs In,,
Bethany Lutheran Vikings,2025-11-08,153,H1,08:16 (H1),496.0,Aurora Spartans,Alex Ross,sub_in,Alex Ross Subs In,,
Bethany Lutheran Vikings,2025-11-08,154,H1,08:09 (H1),489.0,Bethany Lutheran Vikings,Elliot Whitney,made_shot,Elliot Whitney Makes 2PT Layup,2,5 Elliot Whitney > Transition > Ballhandler > To Basket > Make 2 Pts
Bethany Lutheran Vikings,2025-11-08,155,H1,07:56 (H1),476.0,Aurora Spartans,Bryden Gryzmala,made_shot,Bryden Gryzmala Makes 2PT Pull Up Jump Shot,2,1 Bryden Gryzmala > P&R Ball Handler > Right P&R > Side > Dribble Off Pick > Dribble Jumper > Short to < 17' > Make 2 Pts
Bethany Lutheran Vikings,2025-11-08,156,H1,07:41 (H1),461.0,Bethany Lutheran Vikings,Blue Smaller,foul,Blue Smaller Commits Offensive Foul,,
Bethany Lutheran Vikings,2025-11-08,157,H1,07:41 (H1),461.0,Bethany Lutheran Vikings,Blue Smaller,turnover,Blue Smaller Turnover (Offensive Foul),,55 Blue Smaller > No Play Type > Turnover
Bethany Lutheran Vikings,2025-11-08,158,H1,07:41 (H1),461.0,Aurora Spartans,Gevon Grant,sub_out,Gevon Grant Subs Out,,
Bethany Lutheran Vikings,2025-11-08,159,H1,07:41 (H1),461.0,Aurora Spartans,Jeffery Hillmer,sub_in,Jeffery Hillmer Subs In,,
Bethany Lutheran Vikings,2025-11-08,160,H1,07:41 (H1),461.0,Aurora Spartans,,timeout,Official TV Timeout,,
Bethany Lutheran Vikings,2025-11-08,161,H1,07:41 (H1),461.0,Bethany Lutheran Vikings,,timeout,Official TV Timeout,,
Bethany Lutheran Vikings,2025-11-08,162,H1,07:18 (H1),438.0,Aurora Spartans,Juan Madrigal,turnover,Juan Madrigal Turnover (Lost Ball),,2 Juan Madrigal > Spot-Up > Drives Left > Turnover
Bethany Lutheran Vikings,2025-11-08,163,H1,07:18 (H1),438.0,Bethany Lutheran Vikings,Elliot Whitney,steal,Elliot Whitney Steals,,
Bethany Lutheran Vikings,2025-11-08,164,H1,07:08 (H1),428.0,Bethany Lutheran Vikings,Elliot Whitney,made_shot,Elliot Whitney Makes 3PT Jump Shot,3,5 Elliot Whitney > Transition > Right Wing > Dribble Jumper > Long/3pt > Make 3 Pts
Bethany Lutheran Vikings,2025-11-08,165,H1,06:47 (H1),407.0,Aurora Spartans,Alex Ross,made_shot,Alex Ross Makes 3PT Jump Shot,3,30 Alex Ross > Spot-Up > No Dribble Jumper > Open > Long/3pt > Make 3 Pts
Bethany Lutheran Vikings,2025-11-08,166,H1,06:47 (H1),407.0,Aurora Spartans,Jeffery Hillmer,assist,Jeffery Hillmer Assists,,
Bethany Lutheran Vikings,2025-11-08,167,H1,06:29 (H1),389.0,Bethany Lutheran Vikings,Elliot Whitney,missed_shot,Elliot Whitney Misses 2PT Layup,2,5 Elliot Whitney > P&R Ball Handler > High P&R > Dribble Off Pick > To Basket > Miss 2 Pts
Bethany Lutheran Vikings,2025-11-08,168,H1,06:26 (H1),386.0,Aurora Spartans,Larry Carthan,rebound_defensive,Larry Carthan Defensive Rebound,,
Bethany Lutheran Vikings,2025-11-08,169,H1,06:13 (H1),373.0,Aurora Spartans,Larry Carthan,missed_shot,Larry Carthan Misses 2PT Layup,2,5 Larry Carthan > Post-Up > Left Block > Right Shoulder > Dribble Move > To Drop Step > Miss 2 Pts
Bethany Lutheran Vikings,2025-11-08,170,H1,06:08 (H1),368.0,Aurora Spartans,Jeffery Hillmer,rebound_offensive,Jeffery Hillmer Offensive Rebound,,
Bethany Lutheran Vikings,2025-11-08,171,H1,06:08 (H1),368.0,Aurora Spartans,Jeffery Hillmer,made_shot,Jeffery Hillmer Makes 2PT,2,3 Jeffery Hillmer > Offensive Rebound > Short > Scoring Attempt > At Basket > Make 2 Pts
Bethany Lutheran Vikings,2025-11-08,172,H1,06:04 (H1),364.0,Bethany Lutheran Vikings,Rysley Borman,turnover,Rysley Borman Turnover (Bad Pass),,22 Rysley Borman > No Play Type > Turnover
Bethany Lutheran Vikings,2025-11-08,173,H1,06:04 (H1),364.0,Aurora Spartans,Bryden Gryzmala,steal,Bryden Gryzmala Steals,,
Bethany Lutheran Vikings,2025-11-08,174,H1,05:57 (H1),357.0,Aurora Spartans,Juan Madrigal,made_shot,Juan Madrigal Makes 2PT Layup,2,
Bethany Lutheran Vikings,2025-11-08,175,H1,05:48 (H1),348.0,Bethany Lutheran Vikings,Cooper Mensink,made_shot,Cooper Mensink Makes 3PT Jump Shot,3,31 Cooper Mensink > Transition > Right Wing > No Dribble Jumper > Guarded > Long/3pt > Make 3 Pts
Bethany Lutheran Vikings,2025-11-08,176,H1,05:48 (H1),348.0,Bethany Lutheran Vikings,Rysley Borman,assist,Rysley Borman Assists,,
Bethany Lutheran Vikings,2025-11-08,177,H1,05:27 (H1),327.0,Aurora Spartans,Jeffery Hillmer,made_shot,Jeffery Hillmer Makes 2PT Driving Layup,2,2 Juan Madrigal > ISO > Left > Defense Commits > Ball Delivered > 3 Jeffery Hillmer > Spot-Up > Drives Left > To Basket > Make 2 Pts
Bethany Lutheran Vikings,2025-11-08,178,H1,05:20 (H1),320.0,Aurora Spartans,Bryden Gryzmala,foul,Bryden Gryzmala Commits Personal Foul,,
Bethany Lutheran Vikings,2025-11-08,179,H1,05:20 (H1),320.0,Aurora Spartans,Juan Madrigal,sub_out,Juan Madrigal Subs Out,,
Bethany Lutheran Vikings,2025-11-08,180,H1,05:20 (H1),320.0,Aurora Spartans,Jeffery Hillmer,sub_out,Jeffery Hillmer Subs Out,,
Bethany Lutheran Vikings,2025-11-08,181,H1,05:20 (H1),320.0,Bethany Lutheran Vikings,Max Briggs,sub_out,Max Briggs Subs Out,,
Bethany Lutheran Vikings,2025-11-08,182,H1,05:20 (H1),320.0,Bethany Lutheran Vikings,Rysley Borman,sub_out,Rysley Borman Subs Out,,
Bethany Lutheran Vikings,2025-11-08,183,H1,05:20 (H1),320.0,Bethany Lutheran Vikings,Blue Smaller,sub_out,Blue Smaller Subs Out,,
Bethany Lutheran Vikings,2025-11-08,184,H1,05:20 (H1),320.0,Aurora Spartans,Gevon Grant,sub_in,Gevon Grant Subs In,,
Bethany Lutheran Vikings,2025-11-08,185,H1,05:20 (H1),320.0,Aurora Spartans,Isaiah Thompson,sub_in,Isaiah Thompson Subs In,,
Bethany Lutheran Vikings,2025-11-08,186,H1,05:20 (H1),320.0,Bethany Lutheran Vikings,Will Walter,sub_in,Will Walter Subs In,,
Bethany Lutheran Vikings,2025-11-08,187,H1,05:20 (H1),320.0,Bethany Lutheran Vikings,Amory Peterson,sub_in,Amory Peterson Subs In,,
Bethany Lutheran Vikings,2025-11-08,188,H1,05:20 (H1),320.0,Bethany Lutheran Vikings,Jack Brockmann,sub_in,Jack Brockmann Subs In,,
Bethany Lutheran Vikings,2025-11-08,189,H1,05:12 (H1),312.0,Bethany Lutheran Vikings,Elliot Whitney,missed_shot,Elliot Whitney Misses 3PT Jump Shot,3,5 Elliot Whitney > Transition > Left Wing > No Dribble Jumper > Guarded > Long/3pt > Miss 3 Pts
Bethany Lutheran Vikings,2025-11-08,190,H1,05:08 (H1),308.0,Bethany Lutheran Vikings,,team_deadball_rebound_offensive,Offensive Rebound,,
Bethany Lutheran Vikings,2025-11-08,191,H1,05:08 (H1),308.0,Aurora Spartans,Bryden Gryzmala,sub_out,Bryden Gryzmala Subs Out,,
Bethany Lutheran Vikings,2025-11-08,192,H1,05:08 (H1),308.0,Aurora Spartans,Juan Madrigal,sub_in,Juan Madrigal Subs In,,
Bethany Lutheran Vikings,2025-11-08,193,H1,05:08 (H1),308.0,Bethany Lutheran Vikings,Elliot Whitney,sub_out,Elliot Whitney Subs Out,,
Bethany Lutheran Vikings,2025-11-08,194,H1,05:08 (H1),308.0,Bethany Lutheran Vikings,Ricky Wengert,sub_in,Ricky Wengert Subs In,,
Bethany Lutheran Vikings,2025-11-08,195,H1,05:05 (H1),305.0,Bethany Lutheran Vikings,Jack Brockmann,turnover,Jack Brockmann Turnover (Bad Pass),,23 Jack Brockmann > Off Screen > To Shooter's Right > Straight > Turnover
Bethany Lutheran Vikings,2025-11-08,196,H1,05:05 (H1),305.0,Aurora Spartans,Gevon Grant,steal,Gevon Grant Steals,,
Bethany Lutheran Vikings,2025-11-08,197,H1,04:46 (H1),286.0,Aurora Spartans,Isaiah Thompson,missed_shot,Isaiah Thompson Misses 3PT Jump Shot,3,21 Isaiah Thompson > Spot-Up > No Dribble Jumper > Guarded > Long/3pt > Miss 3 Pts
Bethany Lutheran Vikings,2025-11-08,198,H1,04:44 (H1),284.0,Bethany Lutheran Vikings,Amory Peterson,rebound_defensive,Amory Peterson Defensive Rebound,,
Bethany Lutheran Vikings,2025-11-08,199,H1,04:39 (H1),279.0,Bethany Lutheran Vikings,Jack Brockmann,made_shot,Jack Brockmann Makes 2PT Layup,2,23 Jack Brockmann > Transition > First Middle > To Basket > Make 2 Pts
Bethany Lutheran Vikings,2025-11-08,200,H1,04:39 (H1),279.0,Bethany Lutheran Vikings,Amory Peterson,assist,Amory Peterson Assists,,
Bethany Lutheran Vikings,2025-11-08,201,H1,04:22 (H1),262.0,Aurora Spartans,Juan Madrigal,turnover,Juan Madrigal Turnover (Lost Ball),,2 Juan Madrigal > P&R Ball Handler > Right P&R > Side > Go Away from Pick > Defense Commits > Turnover
Bethany Lutheran Vikings,2025-11-08,202,H1,04:22 (H1),262.0,Bethany Lutheran Vikings,Jack Brockmann,steal,Jack Brockmann Steals,,
Bethany Lutheran Vikings,2025-11-08,203,H1,04:16 (H1),256.0,Bethany Lutheran Vikings,Jack Brockmann,made_shot,Jack Brockmann Makes 2PT Layup,2,23 Jack Brockmann > Transition > Ballhandler > To Basket > Make 2 Pts
Bethany Lutheran Vikings,2025-11-08,204,H1,04:04 (H1),244.0,Aurora Spartans,Juan Madrigal,made_shot,Juan Madrigal Makes 2PT Layup,2,2 Juan Madrigal > Spot-Up > Drives Right > To Basket > Make 2 Pts
Bethany Lutheran Vikings,2025-11-08,205,H1,04:04 (H1),244.0,Aurora Spartans,Alex Ross,assist,Alex Ross Assists,,
Bethany Lutheran Vikings,2025-11-08,206,H1,03:45 (H1),225.0,Bethany Lutheran Vikings,Amory Peterson,turnover,Amory Peterson Turnover (Travel),,13 Amory Peterson > Hand Off > From Dribble > Right > Turnover
Bethany Lutheran Vikings,2025-11-08,207,H1,03:45 (H1),225.0,Aurora Spartans,,timeout,Official TV Timeout,,
Bethany Lutheran Vikings,2025-11-08,208,H1,03:45 (H1),225.0,Bethany Lutheran Vikings,,timeout,Official TV Timeout,,
Bethany Lutheran Vikings,2025-11-08,209,H1,03:45 (H1),225.0,Aurora Spartans,Larry Carthan,sub_out,Larry Carthan Subs Out,,
Bethany Lutheran Vikings,2025-11-08,210,H1,03:45 (H1),225.0,Aurora Spartans,Isaiah Thompson,sub_out,Isaiah Thompson Subs Out,,
Bethany Lutheran Vikings,2025-11-08,211,H1,03:45 (H1),225.0,Aurora Spartans,Alex Ross,sub_out,Alex Ross Subs Out,,
Bethany Lutheran Vikings,2025-11-08,212,H1,03:45 (H1),225.0,Bethany Lutheran Vikings,Will Walter,sub_out,Will Walter Subs Out,,
Bethany Lutheran Vikings,2025-11-08,213,H1,03:45 (H1),225.0,Aurora Spartans,Zerrick Johnson,sub_in,Zerrick Johnson Subs In,,
Bethany Lutheran Vikings,2025-11-08,214,H1,03:45 (H1),225.0,Aurora Spartans,Devon Richardson,sub_in,Devon Richardson Subs In,,
Bethany Lutheran Vikings,2025-11-08,215,H1,03:45 (H1),225.0,Aurora Spartans,Jeffery Hillmer,sub_in,Jeffery Hillmer Subs In,,
Bethany Lutheran Vikings,2025-11-08,216,H1,03:45 (H1),225.0,Bethany Lutheran Vikings,Blue Smaller,sub_in,Blue Smaller Subs In,,
Bethany Lutheran Vikings,2025-11-08,217,H1,03:29 (H1),209.0,Aurora Spartans,Juan Madrigal,made_shot,Juan Madrigal Makes 3PT Jump Shot,3,2 Juan Madrigal > Off Screen > To Shooter's Left > Straight > No Dribble Jumper > Guarded > Long/3pt > Make 3 Pts
Bethany Lutheran Vikings,2025-11-08,218,H1,03:29 (H1),209.0,Aurora Spartans,Gevon Grant,assist,Gevon Grant Assists,,
Bethany Lutheran Vikings,2025-11-08,219,H1,03:13 (H1),193.0,Bethany Lutheran Vikings,Cooper Mensink,missed_shot,Cooper Mensink Misses 3PT Jump Shot,3,44 Ricky Wengert > P&R Ball Handler > High P&R > Dribble Off Pick > Defense Commits > Ball Delivered > 31 Cooper Mensink > Spot-Up > No Dribble Jumper > Guarded > Long/3pt > Miss 3 Pts
Bethany Lutheran Vikings,2025-11-08,220,H1,03:11 (H1),191.0,Aurora Spartans,Devon Richardson,rebound_defensive,Devon Richardson Defensive Rebound,,
Bethany Lutheran Vikings,2025-11-08,221,H1,02:59 (H1),179.0,Aurora Spartans,Gevon Grant,missed_shot,Gevon Grant Misses 2PT Layup,2,24 Gevon Grant > P&R Ball Handler > High P&R > Go Away from Pick > To Basket > Miss 2 Pts
Bethany Lutheran Vikings,2025-11-08,222,H1,02:56 (H1),176.0,Bethany Lutheran Vikings,Blue Smaller,rebound_defensive,Blue Smaller Defensive Rebound,,
Bethany Lutheran Vikings,2025-11-08,223,H1,02:50 (H1),170.0,Bethany Lutheran Vikings,Amory Peterson,missed_shot,Amory Peterson Misses 2PT Layup (Blocked),2,13 Amory Peterson > Transition > Ballhandler > To Basket > Miss 2 Pts
Bethany Lutheran Vikings,2025-11-08,224,H1,02:50 (H1),170.0,Aurora Spartans,Devon Richardson,block,Devon Richardson Blocks,,
Bethany Lutheran Vikings,2025-11-08,225,H1,02:46 (H1),166.0,Aurora Spartans,Jeffery Hillmer,rebound_defensive,Jeffery Hillmer Defensive Rebound,,
Bethany Lutheran Vikings,2025-11-08,226,H1,02:44 (H1),164.0,Aurora Spartans,Juan Madrigal,made_shot,Juan Madrigal Makes 2PT Layup,2,2 Juan Madrigal > Transition > Right Wing > To Basket > Make 2 Pts
Bethany Lutheran Vikings,2025-11-08,227,H1,02:44 (H1),164.0,Aurora Spartans,Jeffery Hillmer,assist,Jeffery Hillmer Assists,,
Bethany Lutheran Vikings,2025-11-08,228,H1,02:26 (H1),146.0,Bethany Lutheran Vikings,Amory Peterson,turnover,Amory Peterson Turnover,,13 Amory Peterson > P&R Ball Handler > High P&R > Dribble Off Pick > Defense Commits > Turnover
Bethany Lutheran Vikings,2025-11-08,229,H1,02:26 (H1),146.0,Bethany Lutheran Vikings,Ricky Wengert,sub_out,Ricky Wengert Subs Out,,
Bethany Lutheran Vikings,2025-11-08,230,H1,02:26 (H1),146.0,Bethany Lutheran Vikings,Elliot Whitney,sub_in,Elliot Whitney Subs In,,
Bethany Lutheran Vikings,2025-11-08,231,H1,02:22 (H1),142.0,Aurora Spartans,Gevon Grant,made_shot,Gevon Grant Makes 2PT Driving Layup,2,24 Gevon Grant > P&R Ball Handler > High P&R > Dribble Off Pick > To Basket > Make 2 Pts
Bethany Lutheran Vikings,2025-11-08,232,H1,02:07 (H1),127.0,Bethany Lutheran Vikings,Blue Smaller,made_shot,Blue Smaller Makes 2PT Layup,2,5 Elliot Whitney > P&R Ball Handler > High P&R > Dribble Off Pick > Defense Commits > Ball Delivered > 55 Blue Smaller > P&R Roll Man > Rolls to Basket > Make 2 Pts
Bethany Lutheran Vikings,2025-11-08,233,H1,02:07 (H1),127.0,Bethany Lutheran Vikings,Elliot Whitney,assist,Elliot Whitney Assists,,
Bethany Lutheran Vikings,2025-11-08,234,H1,01:53 (H1),113.0,Bethany Lutheran Vikings,Amory Peterson,sub_out,Amory Peterson Subs Out,,
Bethany Lutheran Vikings,2025-11-08,235,H1,01:53 (H1),113.0,Bethany Lutheran Vikings,Max Briggs,sub_in,Max Briggs Subs In,,
Bethany Lutheran Vikings,2025-11-08,236,H1,01:40 (H1),100.0,Aurora Spartans,Devon Richardson,made_shot,Devon Richardson Makes 2PT Layup,2,22 Devon Richardson > Post-Up > Right Block > Post Pin > Dribble Move > To Basket > Make 2 Pts
Bethany Lutheran Vikings,2025-11-08,237,H1,01:40 (H1),100.0,Aurora Spartans,Zerrick Johnson,assist,Zerrick Johnson Assists,,
Bethany Lutheran Vikings,2025-11-08,238,H1,01:26 (H1),86.0,Bethany Lutheran Vikings,Elliot Whitney,missed_shot,Elliot Whitney Misses 3PT Jump Shot,3,3 Max Briggs > P&R Ball Handler > Right P&R > Side > Dribble Off Pick > Defense Commits > Ball Delivered > 5 Elliot Whitney > Spot-Up > No Dribble Jumper > Guarded > Long/3pt > Miss 3 Pts
Bethany Lutheran Vikings,2025-11-08,239,H1,01:22 (H1),82.0,Aurora Spartans,Zerrick Johnson,rebound_defensive,Zerrick Johnson Defensive Rebound,,
Bethany Lutheran Vikings,2025-11-08,240,H1,01:16 (H1),76.0,Aurora Spartans,Gevon Grant,made_shot,Gevon Grant Makes 2PT Driving Layup,2,24 Gevon Grant > Hand Off > From Dribble > Right > To Basket > Make 2 Pts
Bethany Lutheran Vikings,2025-11-08,241,H1,01:06 (H1),66.0,Aurora Spartans,,timeout,Aurora Timeout,,
Bethany Lutheran Vikings,2025-11-08,242,H1,00:52 (H1),52.0,Bethany Lutheran Vikings,Cooper Mensink,missed_shot,Cooper Mensink Misses 3PT Jump Shot,3,3 Max Briggs > P&R Ball Handler > High P&R > Dribble Off Pick > Defense Commits > Ball Delivered > 31 Cooper Mensink > Spot-Up > No Dribble Jumper > Guarded > Long/3pt > Miss 3 Pts
Bethany Lutheran Vikings,2025-11-08,243,H1,00:50 (H1),50.0,Aurora Spartans,Juan Madrigal,rebound_defensive,Juan Madrigal Defensive Rebound,,
Bethany Lutheran Vikings,2025-11-08,244,H1,00:46 (H1),46.0,Aurora Spartans,Zerrick Johnson,turnover,Zerrick Johnson Turnover (Travel),,13 Zerrick Johnson > Spot-Up > Drives Straight > Turnover
Bethany Lutheran Vikings,2025-11-08,245,H1,00:33 (H1),33.0,Bethany Lutheran Vikings,Blue Smaller,missed_shot,Blue Smaller Misses 2PT Layup (Blocked),2,5 Elliot Whitney > P&R Ball Handler > High P&R > Dribble Off Pick > Defense Commits > Ball Delivered > 55 Blue Smaller > P&R Roll Man > Rolls to Basket > Miss 2 Pts
Bethany Lutheran Vikings,2025-11-08,246,H1,00:33 (H1),33.0,Aurora Spartans,Devon Richardson,block,Devon Richardson Blocks,,
Bethany Lutheran Vikings,2025-11-08,247,H1,00:30 (H1),30.0,Bethany Lutheran Vikings,Blue Smaller,rebound_offensive,Blue Smaller Offensive Rebound,,
Bethany Lutheran Vikings,2025-11-08,248,H1,00:28 (H1),28.0,Aurora Spartans,Gevon Grant,foul,Gevon Grant Commits Personal Foul,,55 Blue Smaller > Non Possession > Non Shooting Foul
Bethany Lutheran Vikings,2025-11-08,249,H1,00:09 (H1),9.0,Bethany Lutheran Vikings,Elliot Whitney,made_shot,Elliot Whitney Makes 2PT Turnaround Jump Shot,2,5 Elliot Whitney > P&R Ball Handler > High P&R > Dribble Off Pick > Dribble Jumper > Short to < 17' > Make 2 Pts
Bethany Lutheran Vikings,2025-11-08,250,H1,,,,,period_marker,End 1st Half,,
Bethany Lutheran Vikings,2025-11-08,251,H1,,,,,period_marker,Start 2nd Half,,
Bethany Lutheran Vikings,2025-11-08,252,H2,19:47 (H2),1187.0,Bethany Lutheran Vikings,Rysley Borman,made_shot,Rysley Borman Makes 3PT Jump Shot,3,22 Rysley Borman > Spot-Up > No Dribble Jumper > Guarded > Long/3pt > Make 3 Pts
Bethany Lutheran Vikings,2025-11-08,253,H2,19:47 (H2),1187.0,Bethany Lutheran Vikings,Elliot Whitney,assist,Elliot Whitney Assists,,
Bethany Lutheran Vikings,2025-11-08,254,H2,19:16 (H2),1156.0,Aurora Spartans,Devon Richardson,made_shot,Devon Richardson Makes 2PT Driving Layup,2,2 Juan Madrigal > P&R Ball Handler > High P&R > Dribble Off Pick > Defense Commits > Ball Delivered > 22 Devon Richardson > P&R Roll Man > Pick and Pops > Drives Straight > To Basket > Make 2 Pts Foul > 1 Pts
Bethany Lutheran Vikings,2025-11-08,255,H2,19:16 (H2),1156.0,Bethany Lutheran Vikings,Blue Smaller,foul,Blue Smaller Commits Personal Foul,,
Bethany Lutheran Vikings,2025-11-08,256,H2,19:16 (H2),1156.0,Aurora Spartans,Devon Richardson,free_throw_made,Devon Richardson Makes Free Throw (1 of 1),,22 Devon Richardson > Non Possession > Free Throw
Bethany Lutheran Vikings,2025-11-08,257,H2,19:10 (H2),1150.0,Aurora Spartans,Juan Madrigal,foul,Juan Madrigal Commits Personal Foul,,23 Jack Brockmann > Non Possession > Non Shooting Foul
Bethany Lutheran Vikings,2025-11-08,258,H2,18:56 (H2),1136.0,Bethany Lutheran Vikings,Max Briggs,made_shot,Max Briggs Makes 3PT Jump Shot,3,3 Max Briggs > Spot-Up > No Dribble Jumper > Open > Long/3pt > Make 3 Pts
Bethany Lutheran Vikings,2025-11-08,259,H2,18:56 (H2),1136.0,Bethany Lutheran Vikings,Elliot Whitney,assist,Elliot Whitney Assists,,
Bethany Lutheran Vikings,2025-11-08,260,H2,18:32 (H2),1112.0,Aurora Spartans,Jeffery Hillmer,missed_shot,Jeffery Hillmer Misses 2PT Layup,2,2 Juan Madrigal > P&R Ball Handler > High P&R > Go Away from Pick > Defense Commits > Ball Delivered > 3 Jeffery Hillmer > Spot-Up > Drives Left > To Basket > Miss 2 Pts
Bethany Lutheran Vikings,2025-11-08,261,H2,18:28 (H2),1108.0,Bethany Lutheran Vikings,Max Briggs,rebound_defensive,Max Briggs Defensive Rebound,,
Bethany Lutheran Vikings,2025-11-08,262,H2,18:26 (H2),1106.0,Aurora Spartans,Juan Madrigal,sub_out,Juan Madrigal Subs Out,,
Bethany Lutheran Vikings,2025-11-08,263,H2,18:26 (H2),1106.0,Aurora Spartans,Robert Hutson,sub_in,Robert Hutson Subs In,,
Bethany Lutheran Vikings,2025-11-08,264,H2,18:11 (H2),1091.0,Bethany Lutheran Vikings,Elliot Whitney,missed_shot,Elliot Whitney Misses 3PT Jump Shot,3,5 Elliot Whitney > P&R Ball Handler > High P&R > Takes Early Jump Shot > Dribble Jumper > Long/3pt > Miss 3 Pts
Bethany Lutheran Vikings,2025-11-08,265,H2,18:09 (H2),1089.0,Aurora Spartans,Zerrick Johnson,rebound_defensive,Zerrick Johnson Defensive Rebound,,
Bethany Lutheran Vikings,2025-11-08,266,H2,17:53 (H2),1073.0,Aurora Spartans,Robert Hutson,missed_shot,Robert Hutson Misses 2PT Layup,2,12 Robert Hutson > ISO > Top > Drives Left > To Basket > Miss 2 Pts
Bethany Lutheran Vikings,2025-11-08,267,H2,17:47 (H2),1067.0,Aurora Spartans,Devon Richardson,rebound_offensive,Devon Richardson Offensive Rebound,,
Bethany Lutheran Vikings,2025-11-08,268,H2,17:47 (H2),1067.0,Aurora Spartans,Devon Richardson,made_shot,Devon Richardson Makes 2PT,2,22 Devon Richardson > Offensive Rebound > Short > Scoring Attempt > Short to < 17' > Make 2 Pts Foul > 1 Pts
Bethany Lutheran Vikings,2025-11-08,269,H2,17:46 (H2),1066.0,Bethany Lutheran Vikings,Jack Brockmann,foul,Jack Brockmann Commits Personal Foul,,
Bethany Lutheran Vikings,2025-11-08,270,H2,17:19 (H2),1039.0,Aurora Spartans,Devon Richardson,free_throw_made,Devon Richardson Makes Free Throw (1 of 1),,22 Devon Richardson > Non Possession > Free Throw
Bethany Lutheran Vikings,2025-11-08,271,H2,17:18 (H2),1038.0,Bethany Lutheran Vikings,Rysley Borman,made_shot,Rysley Borman Makes 3PT Jump Shot,3,22 Rysley Borman > Transition > Right Wing > No Dribble Jumper > Guarded > Long/3pt > Make 3 Pts
Bethany Lutheran Vikings,2025-11-08,272,H2,17:18 (H2),1038.0,Bethany Lutheran Vikings,Elliot Whitney,assist,Elliot Whitney Assists,,
Bethany Lutheran Vikings,2025-11-08,273,H2,17:17 (H2),1037.0,Aurora Spartans,Zerrick Johnson,made_shot,Zerrick Johnson Makes 2PT Layup,2,22 Devon Richardson > Post-Up > Left Block > Defense Commits > Ball Delivered > 13 Zerrick Johnson > Cut > Basket > Make 2 Pts
Bethany Lutheran Vikings,2025-11-08,274,H2,17:17 (H2),1037.0,Aurora Spartans,Devon Richardson,assist,Devon Richardson Assists,,
Bethany Lutheran Vikings,2025-11-08,275,H2,16:58 (H2),1018.0,Aurora Spartans,Robert Hutson,foul,Robert Hutson Commits Personal Foul,,3 Max Briggs > Spot-Up > Drives Left > To Basket > Foul
Bethany Lutheran Vikings,2025-11-08,276,H2,16:58 (H2),1018.0,Bethany Lutheran Vikings,Max Briggs,free_throw_missed,Max Briggs Misses Free Throw (1 of 2),,3 Max Briggs > Non Possession > Free Throw
Bethany Lutheran Vikings,2025-11-08,277,H2,16:58 (H2),1018.0,Bethany Lutheran Vikings,Bethany Lutheran,team_deadball_rebound_offensive,Bethany Lutheran Offensive Deadball Rebound,,
Bethany Lutheran Vikings,2025-11-08,278,H2,16:58 (H2),1018.0,Bethany Lutheran Vikings,Max Briggs,free_throw_made,Max Briggs Makes Free Throw (2 of 2),,3 Max Briggs > Non Possession > Free Throw
Bethany Lutheran Vikings,2025-11-08,279,H2,16:58 (H2),1018.0,Aurora Spartans,Zerrick Johnson,sub_out,Zerrick Johnson Subs Out,,
Bethany Lutheran Vikings,2025-11-08,280,H2,16:58 (H2),1018.0,Aurora Spartans,Gevon Grant,sub_in,Gevon Grant Subs In,,
Bethany Lutheran Vikings,2025-11-08,281,H2,16:33 (H2),993.0,Aurora Spartans,Jeffery Hillmer,turnover,Jeffery Hillmer Turnover (Lost Ball),,3 Jeffery Hillmer > Spot-Up > Drives Left > To Basket > Turnover
Bethany Lutheran Vikings,2025-11-08,282,H2,16:33 (H2),993.0,Bethany Lutheran Vikings,Blue Smaller,steal,Blue Smaller Steals,,
Bethany Lutheran Vikings,2025-11-08,283,H2,16:27 (H2),987.0,Bethany Lutheran Vikings,Jack Brockmann,made_shot,Jack Brockmann Makes 2PT Layup,2,23 Jack Brockmann > Transition > Leak Outs > To Basket > Make 2 Pts
Bethany Lutheran Vikings,2025-11-08,284,H2,16:27 (H2),987.0,Bethany Lutheran Vikings,Elliot Whitney,assist,Elliot Whitney Assists,,
Bethany Lutheran Vikings,2025-11-08,285,H2,16:03 (H2),963.0,Aurora Spartans,Devon Richardson,missed_shot,Devon Richardson Misses 2PT Layup (Blocked),2,22 Devon Richardson > Cut > Basket > Miss 2 Pts
Bethany Lutheran Vikings,2025-11-08,286,H2,16:03 (H2),963.0,Bethany Lutheran Vikings,Jack Brockmann,block,Jack Brockmann Blocks,,
Bethany Lutheran Vikings,2025-11-08,287,H2,15:57 (H2),957.0,Bethany Lutheran Vikings,Max Briggs,rebound_defensive,Max Briggs Defensive Rebound,,
Bethany Lutheran Vikings,2025-11-08,288,H2,15:56 (H2),956.0,Bethany Lutheran Vikings,Blue Smaller,turnover,Blue Smaller Turnover (Bad Pass),,55 Blue Smaller > Transition > First Middle > Turnover
Bethany Lutheran Vikings,2025-11-08,289,H2,15:56 (H2),956.0,Aurora Spartans,,timeout,Official TV Timeout,,
Bethany Lutheran Vikings,2025-11-08,290,H2,15:56 (H2),956.0,Bethany Lutheran Vikings,,timeout,Official TV Timeout,,
Bethany Lutheran Vikings,2025-11-08,291,H2,15:56 (H2),956.0,Aurora Spartans,Bryden Gryzmala,sub_out,Bryden Gryzmala Subs Out,,
Bethany Lutheran Vikings,2025-11-08,292,H2,15:56 (H2),956.0,Aurora Spartans,Jeffery Hillmer,sub_out,Jeffery Hillmer Subs Out,,
Bethany Lutheran Vikings,2025-11-08,293,H2,15:56 (H2),956.0,Aurora Spartans,Robert Hutson,sub_out,Robert Hutson Subs Out,,
Bethany Lutheran Vikings,2025-11-08,294,H2,15:56 (H2),956.0,Aurora Spartans,Juan Madrigal,sub_in,Juan Madrigal Subs In,,
Bethany Lutheran Vikings,2025-11-08,295,H2,15:56 (H2),956.0,Aurora Spartans,Zerrick Johnson,sub_in,Zerrick Johnson Subs In,,
Bethany Lutheran Vikings,2025-11-08,296,H2,15:56 (H2),956.0,Aurora Spartans,Isaiah Thompson,sub_in,Isaiah Thompson Subs In,,
Bethany Lutheran Vikings,2025-11-08,297,H2,15:45 (H2),945.0,Aurora Spartans,Zerrick Johnson,missed_shot,Zerrick Johnson Misses 2PT Layup (Blocked),2,13 Zerrick Johnson > P&R Ball Handler > Left P&R > Side > Go Away from Pick > To Basket > Miss 2 Pts
Bethany Lutheran Vikings,2025-11-08,298,H2,15:45 (H2),945.0,Bethany Lutheran Vikings,Rysley Borman,block,Rysley Borman Blocks,,
Bethany Lutheran Vikings,2025-11-08,299,H2,15:39 (H2),939.0,Bethany Lutheran Vikings,Max Briggs,rebound_defensive,Max Briggs Defensive Rebound,,
Bethany Lutheran Vikings,2025-11-08,300,H2,15:32 (H2),932.0,Aurora Spartans,Isaiah Thompson,foul,Isaiah Thompson Commits Personal Foul,,3 Max Briggs > Transition > Trailer > To Basket > Foul
Bethany Lutheran Vikings,2025-11-08,301,H2,15:32 (H2),932.0,Bethany Lutheran Vikings,Max Briggs,free_throw_made,Max Briggs Makes Free Throw (1 of 2),,3 Max Briggs > Non Possession > Free Throw
Bethany Lutheran Vikings,2025-11-08,302,H2,15:32 (H2),932.0,Bethany Lutheran Vikings,Max Briggs,free_throw_made,Max Briggs Makes Free Throw (2 of 2),,3 Max Briggs > Non Possession > Free Throw
Bethany Lutheran Vikings,2025-11-08,303,H2,15:15 (H2),915.0,Bethany Lutheran Vikings,Max Briggs,foul,Max Briggs Commits Personal Foul,,24 Gevon Grant > P&R Ball Handler > Left P&R > Side > Dribble Off Pick > Defense Commits > Ball Delivered > 22 Devon Richardson > P&R Roll Man > Rolls to Basket > Foul
Bethany Lutheran Vikings,2025-11-08,304,H2,15:15 (H2),915.0,Aurora Spartans,Devon Richardson,free_throw_made,Devon Richardson Makes Free Throw (1 of 2),,22 Devon Richardson > Non Possession > Free Throw
Bethany Lutheran Vikings,2025-11-08,305,H2,15:15 (H2),915.0,Aurora Spartans,Devon Richardson,free_throw_made,Devon Richardson Makes Free Throw (2 of 2),,22 Devon Richardson > Non Possession > Free Throw
Bethany Lutheran Vikings,2025-11-08,306,H2,15:15 (H2),915.0,Bethany Lutheran Vikings,Elliot Whitney,sub_out,Elliot Whitney Subs Out,,
Bethany Lutheran Vikings,2025-11-08,307,H2,15:15 (H2),915.0,Bethany Lutheran Vikings,Blue Smaller,sub_out,Blue Smaller Subs Out,,
Bethany Lutheran Vikings,2025-11-08,308,H2,15:15 (H2),915.0,Bethany Lutheran Vikings,Cole Johnson,sub_in,Cole Johnson Subs In,,
Bethany Lutheran Vikings,2025-11-08,309,H2,15:15 (H2),915.0,Bethany Lutheran Vikings,Amory Peterson,sub_in,Amory Peterson Subs In,,
Bethany Lutheran Vikings,2025-11-08,310,H2,15:00 (H2),900.0,Bethany Lutheran Vikings,Max Briggs,made_shot,Max Briggs Makes 2PT Driving Layup,2,3 Max Briggs > P&R Ball Handler > High P&R > Dribble Off Pick > To Basket > Make 2 Pts
Bethany Lutheran Vikings,2025-11-08,311,H2,14:31 (H2),871.0,Aurora Spartans,Isaiah Thompson,missed_shot,Isaiah Thompson Misses 3PT Jump Shot,3,21 Isaiah Thompson > Spot-Up > No Dribble Jumper > Guarded > Long/3pt > Miss 3 Pts
Bethany Lutheran Vikings,2025-11-08,312,H2,14:29 (H2),869.0,Bethany Lutheran Vikings,Rysley Borman,rebound_defensive,Rysley Borman Defensive Rebound,,
Bethany Lutheran Vikings,2025-11-08,313,H2,14:23 (H2),863.0,Bethany Lutheran Vikings,Amory Peterson,made_shot,Amory Peterson Makes 2PT Driving Layup,2,13 Amory Peterson > Transition > Right Wing > To Basket > Make 2 Pts
Bethany Lutheran Vikings,2025-11-08,314,H2,13:57 (H2),837.0,Aurora Spartans,Juan Madrigal,turnover,Juan Madrigal Turnover (Lost Ball),,2 Juan Madrigal > P&R Ball Handler > High P&R > Dribble Off Pick > Defense Commits > Turnover
Bethany Lutheran Vikings,2025-11-08,315,H2,13:57 (H2),837.0,Bethany Lutheran Vikings,Max Briggs,steal,Max Briggs Steals,,
Bethany Lutheran Vikings,2025-11-08,316,H2,13:46 (H2),826.0,Bethany Lutheran Vikings,Amory Peterson,made_shot,Amory Peterson Makes 3PT Jump Shot,3,13 Amory Peterson > Transition > Right Wing > No Dribble Jumper > Open > Long/3pt > Make 3 Pts
Bethany Lutheran Vikings,2025-11-08,317,H2,13:46 (H2),826.0,Bethany Lutheran Vikings,Max Briggs,assist,Max Briggs Assists,,
Bethany Lutheran Vikings,2025-11-08,318,H2,13:39 (H2),819.0,Aurora Spartans,,timeout,Aurora Timeout,,
Bethany Lutheran Vikings,2025-11-08,319,H2,13:39 (H2),819.0,Aurora Spartans,,timeout,Official TV Timeout,,
Bethany Lutheran Vikings,2025-11-08,320,H2,13:39 (H2),819.0,Bethany Lutheran Vikings,,timeout,Official TV Timeout,,
Bethany Lutheran Vikings,2025-11-08,321,H2,13:39 (H2),819.0,Bethany Lutheran Vikings,Rysley Borman,sub_out,Rysley Borman Subs Out,,
Bethany Lutheran Vikings,2025-11-08,322,H2,13:39 (H2),819.0,Bethany Lutheran Vikings,Will Walter,sub_in,Will Walter Subs In,,
Bethany Lutheran Vikings,2025-11-08,323,H2,13:39 (H2),819.0,Aurora Spartans,Isaiah Thompson,sub_out,Isaiah Thompson Subs Out,,
Bethany Lutheran Vikings,2025-11-08,324,H2,13:39 (H2),819.0,Aurora Spartans,Devon Richardson,sub_out,Devon Richardson Subs Out,,
Bethany Lutheran Vikings,2025-11-08,325,H2,13:39 (H2),819.0,Aurora Spartans,Gevon Grant,sub_out,Gevon Grant Subs Out,,
Bethany Lutheran Vikings,2025-11-08,326,H2,13:39 (H2),819.0,Bethany Lutheran Vikings,Max Briggs,sub_out,Max Briggs Subs Out,,
Bethany Lutheran Vikings,2025-11-08,327,H2,13:39 (H2),819.0,Aurora Spartans,Jeffery Hillmer,sub_in,Jeffery Hillmer Subs In,,
Bethany Lutheran Vikings,2025-11-08,328,H2,13:39 (H2),819.0,Aurora Spartans,Larry Carthan,sub_in,Larry Carthan Subs In,,
Bethany Lutheran Vikings,2025-11-08,329,H2,13:39 (H2),819.0,Aurora Spartans,Bryden Gryzmala,sub_in,Bryden Gryzmala Subs In,,
Bethany Lutheran Vikings,2025-11-08,330,H2,13:39 (H2),819.0,Bethany Lutheran Vikings,Ricky Wengert,sub_in,Ricky Wengert Subs In,,
Bethany Lutheran Vikings,2025-11-08,331,H2,13:20 (H2),800.0,Aurora Spartans,Bryden Gryzmala,missed_shot,Bryden Gryzmala Misses 2PT,2,1 Bryden Gryzmala > P&R Ball Handler > Right P&R > Side > Dribble Off Pick > To Basket > Miss 2 Pts
Bethany Lutheran Vikings,2025-11-08,332,H2,13:17 (H2),797.0,Bethany Lutheran Vikings,Ricky Wengert,rebound_defensive,Ricky Wengert Defensive Rebound,,
Bethany Lutheran Vikings,2025-11-08,333,H2,13:16 (H2),796.0,Bethany Lutheran Vikings,Ricky Wengert,turnover,Ricky Wengert Turnover (Bad Pass),,44 Ricky Wengert > Transition > Turnover
Bethany Lutheran Vikings,2025-11-08,334,H2,13:16 (H2),796.0,Aurora Spartans,Jeffery Hillmer,steal,Jeffery Hillmer Steals,,
Bethany Lutheran Vikings,2025-11-08,335,H2,13:00 (H2),780.0,Bethany Lutheran Vikings,Ricky Wengert,foul,Ricky Wengert Commits Personal Foul,,1 Bryden Gryzmala > Non Possession > Non Shooting Foul
Bethany Lutheran Vikings,2025-11-08,336,H2,12:44 (H2),764.0,Aurora Spartans,Bryden Gryzmala,turnover,Bryden Gryzmala Turnover (Bad Pass),,1 Bryden Gryzmala > ISO > Top > Drives Left > Defense Commits > Turnover
Bethany Lutheran Vikings,2025-11-08,337,H2,12:44 (H2),764.0,Bethany Lutheran Vikings,Amory Peterson,steal,Amory Peterson Steals,,
Bethany Lutheran Vikings,2025-11-08,338,H2,12:39 (H2),759.0,Bethany Lutheran Vikings,Amory Peterson,made_shot,Amory Peterson Makes 2PT Layup,2,13 Amory Peterson > Transition > Ballhandler > To Basket > Make 2 Pts Foul > 1 Pts
Bethany Lutheran Vikings,2025-11-08,339,H2,12:39 (H2),759.0,Aurora Spartans,Bryden Gryzmala,foul,Bryden Gryzmala Commits Personal Foul,,
Bethany Lutheran Vikings,2025-11-08,340,H2,12:39 (H2),759.0,Bethany Lutheran Vikings,Amory Peterson,free_throw_made,Amory Peterson Makes Free Throw (1 of 1),,13 Amory Peterson > Non Possession > Free Throw
Bethany Lutheran Vikings,2025-11-08,341,H2,12:39 (H2),759.0,Aurora Spartans,Bryden Gryzmala,sub_out,Bryden Gryzmala Subs Out,,
Bethany Lutheran Vikings,2025-11-08,342,H2,12:39 (H2),759.0,Aurora Spartans,Gevon Grant,sub_in,Gevon Grant Subs In,,
Bethany Lutheran Vikings,2025-11-08,343,H2,12:39 (H2),759.0,Bethany Lutheran Vikings,Jack Brockmann,sub_out,Jack Brockmann Subs Out,,
Bethany Lutheran Vikings,2025-11-08,344,H2,12:39 (H2),759.0,Bethany Lutheran Vikings,Eli Rogers,sub_in,Eli Rogers Subs In,,
Bethany Lutheran Vikings,2025-11-08,345,H2,12:33 (H2),753.0,Bethany Lutheran Vikings,Ricky Wengert,foul,Ricky Wengert Commits Personal Foul,,24 Gevon Grant > Non Possession > Non Shooting Foul
Bethany Lutheran Vikings,2025-11-08,346,H2,12:14 (H2),734.0,Bethany Lutheran Vikings,Ricky Wengert,foul,Ricky Wengert Commits Personal Foul,,24 Gevon Grant > ISO > Top > Drives Right > To Basket > Foul
Bethany Lutheran Vikings,2025-11-08,347,H2,12:14 (H2),734.0,Aurora Spartans,Gevon Grant,free_throw_made,Gevon Grant Makes Free Throw (1 of 2),,24 Gevon Grant > Non Possession > Free Throw
Bethany Lutheran Vikings,2025-11-08,348,H2,12:14 (H2),734.0,Aurora Spartans,Gevon Grant,free_throw_missed,Gevon Grant Misses Free Throw (2 of 2),,24 Gevon Grant > Non Possession > Free Throw
Bethany Lutheran Vikings,2025-11-08,349,H2,12:14 (H2),734.0,Aurora Spartans,Zerrick Johnson,sub_out,Zerrick Johnson Subs Out,,
Bethany Lutheran Vikings,2025-11-08,350,H2,12:14 (H2),734.0,Aurora Spartans,Alex Ross,sub_in,Alex Ross Subs In,,
Bethany Lutheran Vikings,2025-11-08,351,H2,12:14 (H2),734.0,Bethany Lutheran Vikings,Ricky Wengert,sub_out,Ricky Wengert Subs Out,,
Bethany Lutheran Vikings,2025-11-08,352,H2,12:14 (H2),734.0,Bethany Lutheran Vikings,Elliot Whitney,sub_in,Elliot Whitney Subs In,,
Bethany Lutheran Vikings,2025-11-08,353,H2,12:14 (H2),734.0,Bethany Lutheran Vikings,Amory Peterson,rebound_defensive,Amory Peterson Defensive Rebound,,
Bethany Lutheran Vikings,2025-11-08,354,H2,12:01 (H2),721.0,Bethany Lutheran Vikings,Will Walter,missed_shot,Will Walter Misses 3PT,3,1 Will Walter > Hand Off > From Dribble > Left > Dribble Jumper > Long/3pt > Miss 3 Pts
Bethany Lutheran Vikings,2025-11-08,355,H2,11:58 (H2),718.0,Bethany Lutheran Vikings,Amory Peterson,rebound_offensive,Amory Peterson Offensive Rebound,,
Bethany Lutheran Vikings,2025-11-08,356,H2,11:49 (H2),709.0,Bethany Lutheran Vikings,Will Walter,missed_shot,Will Walter Misses 3PT Jump Shot,3,1 Will Walter > Spot-Up > No Dribble Jumper > Open > Long/3pt > Miss 3 Pts
Bethany Lutheran Vikings,2025-11-08,357,H2,11:47 (H2),707.0,Aurora Spartans,Juan Madrigal,rebound_defensive,Juan Madrigal Defensive Rebound,,
Bethany Lutheran Vikings,2025-11-08,358,H2,11:42 (H2),702.0,Aurora Spartans,Gevon Grant,made_shot,Gevon Grant Makes 2PT Driving Layup,2,24 Gevon Grant > Transition > Ballhandler > To Basket > Make 2 Pts Foul > 0 Pts
Bethany Lutheran Vikings,2025-11-08,359,H2,11:42 (H2),702.0,Aurora Spartans,Larry Carthan,assist,Larry Carthan Assists,,
Bethany Lutheran Vikings,2025-11-08,360,H2,11:42 (H2),702.0,Bethany Lutheran Vikings,Will Walter,foul,Will Walter Commits Personal Foul,,
Bethany Lutheran Vikings,2025-11-08,361,H2,11:42 (H2),702.0,Aurora Spartans,,timeout,Official TV Timeout,,
Bethany Lutheran Vikings,2025-11-08,362,H2,11:42 (H2),702.0,Bethany Lutheran Vikings,,timeout,Official TV Timeout,,
Bethany Lutheran Vikings,2025-11-08,363,H2,11:42 (H2),702.0,Aurora Spartans,Gevon Grant,free_throw_missed,Gevon Grant Misses Free Throw (1 of 1),,24 Gevon Grant > Non Possession > Free Throw
Bethany Lutheran Vikings,2025-11-08,364,H2,11:42 (H2),702.0,Aurora Spartans,Larry Carthan,rebound_offensive,Larry Carthan Offensive Rebound,,
Bethany Lutheran Vikings,2025-11-08,365,H2,11:41 (H2),701.0,Bethany Lutheran Vikings,Amory Peterson,foul,Amory Peterson Commits Personal Foul,,5 Larry Carthan > Offensive Rebound > Short > Scoring Attempt > At Basket > Foul
Bethany Lutheran Vikings,2025-11-08,366,H2,11:41 (H2),701.0,Aurora Spartans,Larry Carthan,free_throw_made,Larry Carthan Makes Free Throw (1 of 2),,5 Larry Carthan > Non Possession > Free Throw
Bethany Lutheran Vikings,2025-11-08,367,H2,11:41 (H2),701.0,Aurora Spartans,Larry Carthan,free_throw_made,Larry Carthan Makes Free Throw (2 of 2),,5 Larry Carthan > Non Possession > Free Throw
Bethany Lutheran Vikings,2025-11-08,368,H2,11:26 (H2),686.0,Bethany Lutheran Vikings,Eli Rogers,made_shot,Eli Rogers Makes 2PT Driving Layup,2,11 Eli Rogers > Cut > Basket > Make 2 Pts
Bethany Lutheran Vikings,2025-11-08,369,H2,11:26 (H2),686.0,Bethany Lutheran Vikings,Cole Johnson,assist,Cole Johnson Assists,,
Bethany Lutheran Vikings,2025-11-08,370,H2,11:05 (H2),665.0,Aurora Spartans,Alex Ross,made_shot,Alex Ross Makes 3PT Jump Shot,3,2 Juan Madrigal > P&R Ball Handler > High P&R > Dribble Off Pick > Defense Commits > Ball Delivered > 30 Alex Ross > Spot-Up > No Dribble Jumper > Guarded > Long/3pt > Make 3 Pts
Bethany Lutheran Vikings,2025-11-08,371,H2,11:05 (H2),665.0,Aurora Spartans,Juan Madrigal,assist,Juan Madrigal Assists,,
Bethany Lutheran Vikings,2025-11-08,372,H2,10:44 (H2),644.0,Bethany Lutheran Vikings,Eli Rogers,missed_shot,Eli Rogers Misses 2PT Turnaround Jump Shot (Blocked),2,13 Amory Peterson > P&R Ball Handler > Left P&R > Baseline > Dribble Off Pick > Defense Commits > Ball Delivered > 11 Eli Rogers > Spot-Up > Drives Right > Dribble Jumper > Short to < 17' > Miss 2 Pts
Bethany Lutheran Vikings,2025-11-08,373,H2,10:44 (H2),644.0,Aurora Spartans,Jeffery Hillmer,block,Jeffery Hillmer Blocks,,
Bethany Lutheran Vikings,2025-11-08,374,H2,10:40 (H2),640.0,Aurora Spartans,Larry Carthan,rebound_defensive,Larry Carthan Defensive Rebound,,
Bethany Lutheran Vikings,2025-11-08,375,H2,10:37 (H2),637.0,Bethany Lutheran Vikings,Eli Rogers,foul,Eli Rogers Commits Personal Foul,,24 Gevon Grant > P&R Ball Handler > High P&R > Split > To Basket > Foul
Bethany Lutheran Vikings,2025-11-08,376,H2,10:37 (H2),637.0,Aurora Spartans,Gevon Grant,free_throw_made,Gevon Grant Makes Free Throw (2 of 2),,24 Gevon Grant > Non Possession > Free Throw
Bethany Lutheran Vikings,2025-11-08,377,H2,10:37 (H2),637.0,Aurora Spartans,Gevon Grant,free_throw_made,Gevon Grant Makes Free Throw (1 of 2),,24 Gevon Grant > Non Possession > Free Throw
Bethany Lutheran Vikings,2025-11-08,378,H2,10:37 (H2),637.0,Aurora Spartans,Juan Madrigal,sub_out,Juan Madrigal Subs Out,,
Bethany Lutheran Vikings,2025-11-08,379,H2,10:37 (H2),637.0,Aurora Spartans,Larry Carthan,sub_out,Larry Carthan Subs Out,,
Bethany Lutheran Vikings,2025-11-08,380,H2,10:37 (H2),637.0,Bethany Lutheran Vikings,Will Walter,sub_out,Will Walter Subs Out,,
Bethany Lutheran Vikings,2025-11-08,381,H2,10:37 (H2),637.0,Aurora Spartans,Devon Richardson,sub_in,Devon Richardson Subs In,,
Bethany Lutheran Vikings,2025-11-08,382,H2,10:37 (H2),637.0,Aurora Spartans,Zerrick Johnson,sub_in,Zerrick Johnson Subs In,,
Bethany Lutheran Vikings,2025-11-08,383,H2,10:37 (H2),637.0,Bethany Lutheran Vikings,Jack Brockmann,sub_in,Jack Brockmann Subs In,,
Bethany Lutheran Vikings,2025-11-08,384,H2,10:26 (H2),626.0,Bethany Lutheran Vikings,Amory Peterson,turnover,Amory Peterson Turnover,,23 Jack Brockmann > ISO > Left > Drives Left > Defense Commits > Ball Delivered > 13 Amory Peterson > Spot-Up > Turnover
Bethany Lutheran Vikings,2025-11-08,385,H2,10:04 (H2),604.0,Bethany Lutheran Vikings,Cole Johnson,foul,Cole Johnson Commits Personal Foul,,22 Devon Richardson > Post-Up > Left Block > Right Shoulder > Dribble Move > To Drop Step > Foul
Bethany Lutheran Vikings,2025-11-08,386,H2,10:04 (H2),604.0,Aurora Spartans,Devon Richardson,free_throw_made,Devon Richardson Makes Free Throw (1 of 2),,22 Devon Richardson > Non Possession > Free Throw
Bethany Lutheran Vikings,2025-11-08,387,H2,10:04 (H2),604.0,Aurora Spartans,Devon Richardson,free_throw_made,Devon Richardson Makes Free Throw (2 of 2),,22 Devon Richardson > Non Possession > Free Throw
Bethany Lutheran Vikings,2025-11-08,388,H2,09:46 (H2),586.0,Bethany Lutheran Vikings,Amory Peterson,missed_shot,Amory Peterson Misses 3PT Jump Shot,3,13 Amory Peterson > Spot-Up > No Dribble Jumper > Open > Long/3pt > Miss 3 Pts
Bethany Lutheran Vikings,2025-11-08,389,H2,09:43 (H2),583.0,Aurora Spartans,Zerrick Johnson,rebound_defensive,Zerrick Johnson Defensive Rebound,,
Bethany Lutheran Vikings,2025-11-08,390,H2,09:40 (H2),580.0,Aurora Spartans,Zerrick Johnson,made_shot,Zerrick Johnson Makes 2PT Driving Layup,2,13 Zerrick Johnson > Transition > Ballhandler > To Basket > Make 2 Pts Foul > 1 Pts
Bethany Lutheran Vikings,2025-11-08,391,H2,09:40 (H2),580.0,Bethany Lutheran Vikings,Eli Rogers,foul,Eli Rogers Commits Personal Foul,,
Bethany Lutheran Vikings,2025-11-08,392,H2,09:40 (H2),580.0,Aurora Spartans,Zerrick Johnson,free_throw_made,Zerrick Johnson Makes Free Throw (1 of 1),,13 Zerrick Johnson > Non Possession > Free Throw
Bethany Lutheran Vikings,2025-11-08,393,H2,09:25 (H2),565.0,Aurora Spartans,Alex Ross,foul,Alex Ross Commits Personal Foul,,13 Amory Peterson > Non Possession > Non Shooting Foul
Bethany Lutheran Vikings,2025-11-08,394,H2,09:25 (H2),565.0,Bethany Lutheran Vikings,Eli Rogers,sub_out,Eli Rogers Subs Out,,
Bethany Lutheran Vikings,2025-11-08,395,H2,09:25 (H2),565.0,Bethany Lutheran Vikings,Cole Johnson,sub_out,Cole Johnson Subs Out,,
Bethany Lutheran Vikings,2025-11-08,396,H2,09:25 (H2),565.0,Bethany Lutheran Vikings,Amory Peterson,sub_out,Amory Peterson Subs Out,,
Bethany Lutheran Vikings,2025-11-08,397,H2,09:25 (H2),565.0,Bethany Lutheran Vikings,Max Briggs,sub_in,Max Briggs Subs In,,
Bethany Lutheran Vikings,2025-11-08,398,H2,09:25 (H2),565.0,Bethany Lutheran Vikings,Rysley Borman,sub_in,Rysley Borman Subs In,,
Bethany Lutheran Vikings,2025-11-08,399,H2,09:25 (H2),565.0,Bethany Lutheran Vikings,Blue Smaller,sub_in,Blue Smaller Subs In,,
Bethany Lutheran Vikings,2025-11-08,400,H2,09:17 (H2),557.0,Bethany Lutheran Vikings,Elliot Whitney,made_shot,Elliot Whitney Makes 2PT Pull Up Jump Shot,2,5 Elliot Whitney > P&R Ball Handler > High P&R > Dribble Off Pick > Dribble Jumper > Short to < 17' > Make 2 Pts
Bethany Lutheran Vikings,2025-11-08,401,H2,08:51 (H2),531.0,Aurora Spartans,Gevon Grant,missed_shot,Gevon Grant Misses 3PT Jump Shot,3,24 Gevon Grant > Spot-Up > No Dribble Jumper > Guarded > Long/3pt > Miss 3 Pts
Bethany Lutheran Vikings,2025-11-08,402,H2,08:49 (H2),529.0,Bethany Lutheran Vikings,,team_deadball_rebound_defensive,Defensive Rebound,,
Bethany Lutheran Vikings,2025-11-08,403,H2,08:49 (H2),529.0,Aurora Spartans,Gevon Grant,sub_out,Gevon Grant Subs Out,,
Bethany Lutheran Vikings,2025-11-08,404,H2,08:49 (H2),529.0,Aurora Spartans,Alex Ross,sub_out,Alex Ross Subs Out,,
Bethany Lutheran Vikings,2025-11-08,405,H2,08:49 (H2),529.0,Aurora Spartans,Bryden Gryzmala,sub_in,Bryden Gryzmala Subs In,,
Bethany Lutheran Vikings,2025-11-08,406,H2,08:49 (H2),529.0,Aurora Spartans,Juan Madrigal,sub_in,Juan Madrigal Subs In,,
Bethany Lutheran Vikings,2025-11-08,407,H2,08:35 (H2),515.0,Bethany Lutheran Vikings,Elliot Whitney,missed_shot,Elliot Whitney Misses 2PT Step Back Jump Shot,2,5 Elliot Whitney > P&R Ball Handler > High P&R > Dribble Off Pick > Dribble Jumper > Short to < 17' > Miss 2 Pts
Bethany Lutheran Vikings,2025-11-08,408,H2,08:33 (H2),513.0,Bethany Lutheran Vikings,Blue Smaller,rebound_offensive,Blue Smaller Offensive Rebound,,
Bethany Lutheran Vikings,2025-11-08,409,H2,08:15 (H2),495.0,Bethany Lutheran Vikings,Jack Brockmann,missed_shot,Jack Brockmann Misses 3PT Jump Shot,3,23 Jack Brockmann > Hand Off > From Dribble > Right > Dribble Jumper > Long/3pt > Miss 3 Pts
Bethany Lutheran Vikings,2025-11-08,410,H2,08:09 (H2),489.0,Aurora Spartans,Juan Madrigal,rebound_defensive,Juan Madrigal Defensive Rebound,,
Bethany Lutheran Vikings,2025-11-08,411,H2,08:08 (H2),488.0,Aurora Spartans,Zerrick Johnson,made_shot,Zerrick Johnson Makes 2PT Driving Layup,2,13 Zerrick Johnson > Transition > Leak Outs > To Basket > Make 2 Pts
Bethany Lutheran Vikings,2025-11-08,412,H2,08:08 (H2),488.0,Aurora Spartans,Juan Madrigal,assist,Juan Madrigal Assists,,
Bethany Lutheran Vikings,2025-11-08,413,H2,07:55 (H2),475.0,Bethany Lutheran Vikings,Max Briggs,made_shot,Max Briggs Makes 3PT Pull Up Jump Shot,3,3 Max Briggs > P&R Ball Handler > Left P&R > Side > Dribble Off Pick > Dribble Jumper > Long/3pt > Make 3 Pts
Bethany Lutheran Vikings,2025-11-08,414,H2,07:23 (H2),443.0,Aurora Spartans,Zerrick Johnson,made_shot,Zerrick Johnson Makes 3PT Jump Shot,3,13 Zerrick Johnson > Spot-Up > No Dribble Jumper > Guarded > Long/3pt > Make 3 Pts
Bethany Lutheran Vikings,2025-11-08,415,H2,07:23 (H2),443.0,Aurora Spartans,Bryden Gryzmala,assist,Bryden Gryzmala Assists,,
Bethany Lutheran Vikings,2025-11-08,416,H2,07:08 (H2),428.0,Bethany Lutheran Vikings,Max Briggs,missed_shot,Max Briggs Misses 3PT Jump Shot,3,3 Max Briggs > P&R Ball Handler > Left P&R > Side > Takes Early Jump Shot > Dribble Jumper > Long/3pt > Miss 3 Pts
Bethany Lutheran Vikings,2025-11-08,417,H2,07:01 (H2),421.0,Bethany Lutheran Vikings,Jack Brockmann,rebound_offensive,Jack Brockmann Offensive Rebound,,
Bethany Lutheran Vikings,2025-11-08,418,H2,06:59 (H2),419.0,Aurora Spartans,,jump_ball_held,Jump Ball (Held Ball),,
Bethany Lutheran Vikings,2025-11-08,419,H2,06:59 (H2),419.0,Bethany Lutheran Vikings,,jump_ball_held,Jump Ball (Held Ball),,
Bethany Lutheran Vikings,2025-11-08,420,H2,06:59 (H2),419.0,Bethany Lutheran Vikings,Jack Brockmann,turnover,Jack Brockmann Turnover (Lost Ball),,
Bethany Lutheran Vikings,2025-11-08,421,H2,06:59 (H2),419.0,Aurora Spartans,Zerrick Johnson,steal,Zerrick Johnson Steals,,
Bethany Lutheran Vikings,2025-11-08,422,H2,06:59 (H2),419.0,Aurora Spartans,,timeout,Official TV Timeout,,
Bethany Lutheran Vikings,2025-11-08,423,H2,06:59 (H2),419.0,Bethany Lutheran Vikings,,timeout,Official TV Timeout,,
Bethany Lutheran Vikings,2025-11-08,424,H2,06:59 (H2),419.0,Aurora Spartans,Jeffery Hillmer,sub_out,Jeffery Hillmer Subs Out,,
Bethany Lutheran Vikings,2025-11-08,425,H2,06:59 (H2),419.0,Aurora Spartans,Zerrick Johnson,sub_out,Zerrick Johnson Subs Out,,
Bethany Lutheran Vikings,2025-11-08,426,H2,06:59 (H2),419.0,Bethany Lutheran Vikings,Blue Smaller,sub_out,Blue Smaller Subs Out,,
Bethany Lutheran Vikings,2025-11-08,427,H2,06:59 (H2),419.0,Aurora Spartans,Gevon Grant,sub_in,Gevon Grant Subs In,,
Bethany Lutheran Vikings,2025-11-08,428,H2,06:59 (H2),419.0,Aurora Spartans,Robert Hutson,sub_in,Robert Hutson Subs In,,
Bethany Lutheran Vikings,2025-11-08,429,H2,06:59 (H2),419.0,Bethany Lutheran Vikings,Amory Peterson,sub_in,Amory Peterson Subs In,,
Bethany Lutheran Vikings,2025-11-08,430,H2,06:44 (H2),404.0,Aurora Spartans,Bryden Gryzmala,made_shot,Bryden Gryzmala Makes 2PT Turnaround Jump Shot,2,1 Bryden Gryzmala > Spot-Up > Drives Left > Dribble Jumper > Short to < 17' > Make 2 Pts
Bethany Lutheran Vikings,2025-11-08,431,H2,06:35 (H2),395.0,Bethany Lutheran Vikings,Jack Brockmann,foul,Jack Brockmann Commits Offensive Foul,,
Bethany Lutheran Vikings,2025-11-08,432,H2,06:35 (H2),395.0,Bethany Lutheran Vikings,Jack Brockmann,turnover,Jack Brockmann Turnover (Offensive Foul),,23 Jack Brockmann > No Play Type > Turnover
Bethany Lutheran Vikings,2025-11-08,433,H2,06:35 (H2),395.0,Aurora Spartans,Devon Richardson,sub_out,Devon Richardson Subs Out,,
Bethany Lutheran Vikings,2025-11-08,434,H2,06:35 (H2),395.0,Aurora Spartans,Larry Carthan,sub_in,Larry Carthan Subs In,,
Bethany Lutheran Vikings,2025-11-08,435,H2,06:21 (H2),381.0,Aurora Spartans,Bryden Gryzmala,missed_shot,Bryden Gryzmala Misses 2PT,2,24 Gevon Grant > P&R Ball Handler > Right P&R > Side > Dribble Off Pick > Defense Commits > Ball Delivered > 1 Bryden Gryzmala > Spot-Up > Drives Right > To Basket > Miss 2 Pts
Bethany Lutheran Vikings,2025-11-08,436,H2,06:18 (H2),378.0,Bethany Lutheran Vikings,Rysley Borman,rebound_defensive,Rysley Borman Defensive Rebound,,
Bethany Lutheran Vikings,2025-11-08,437,H2,06:09 (H2),369.0,Bethany Lutheran Vikings,Amory Peterson,missed_shot,Amory Peterson Misses 3PT Jump Shot,3,13 Amory Peterson > Transition > Right Wing > No Dribble Jumper > Open > Long/3pt > Miss 3 Pts
Bethany Lutheran Vikings,2025-11-08,438,H2,06:06 (H2),366.0,Aurora Spartans,Gevon Grant,rebound_defensive,Gevon Grant Defensive Rebound,,
Bethany Lutheran Vikings,2025-11-08,439,H2,06:00 (H2),360.0,Bethany Lutheran Vikings,Max Briggs,foul,Max Briggs Commits Personal Foul,,24 Gevon Grant > Transition > Ballhandler > To Basket > Foul
Bethany Lutheran Vikings,2025-11-08,440,H2,06:00 (H2),360.0,Aurora Spartans,Gevon Grant,free_throw_missed,Gevon Grant Misses Free Throw (1 of 2),,24 Gevon Grant > Non Possession > Free Throw
Bethany Lutheran Vikings,2025-11-08,441,H2,06:00 (H2),360.0,Aurora Spartans,Aurora,team_deadball_rebound_offensive,Aurora Offensive Deadball Rebound,,
Bethany Lutheran Vikings,2025-11-08,442,H2,06:00 (H2),360.0,Aurora Spartans,Gevon Grant,free_throw_missed,Gevon Grant Misses Free Throw (2 of 2),,24 Gevon Grant > Non Possession > Free Throw
Bethany Lutheran Vikings,2025-11-08,443,H2,06:00 (H2),360.0,Bethany Lutheran Vikings,Jack Brockmann,rebound_defensive,Jack Brockmann Defensive Rebound,,
Bethany Lutheran Vikings,2025-11-08,444,H2,05:40 (H2),340.0,Bethany Lutheran Vikings,Amory Peterson,turnover,Amory Peterson Turnover,,5 Elliot Whitney > P&R Ball Handler > Left P&R > Side > Dribble Off Pick > Defense Commits > Ball Delivered > 13 Amory Peterson > Spot-Up > Drives Right > Turnover
Bethany Lutheran Vikings,2025-11-08,445,H2,05:24 (H2),324.0,Aurora Spartans,Larry Carthan,missed_shot,Larry Carthan Misses 2PT Layup (Blocked),2,5 Larry Carthan > Cut > Basket > Miss 2 Pts
Bethany Lutheran Vikings,2025-11-08,446,H2,05:24 (H2),324.0,Bethany Lutheran Vikings,Jack Brockmann,block,Jack Brockmann Blocks,,
Bethany Lutheran Vikings,2025-11-08,447,H2,05:19 (H2),319.0,Bethany Lutheran Vikings,,team_deadball_rebound_defensive,Defensive Rebound,,
Bethany Lutheran Vikings,2025-11-08,448,H2,05:19 (H2),319.0,Bethany Lutheran Vikings,Amory Peterson,sub_out,Amory Peterson Subs Out,,
Bethany Lutheran Vikings,2025-11-08,449,H2,05:19 (H2),319.0,Bethany Lutheran Vikings,Cooper Mensink,sub_in,Cooper Mensink Subs In,,
Bethany Lutheran Vikings,2025-11-08,450,H2,05:04 (H2),304.0,Bethany Lutheran Vikings,Rysley Borman,missed_shot,Rysley Borman Misses 3PT Jump Shot,3,31 Cooper Mensink > P&R Ball Handler > Right P&R > Side > Dribble Off Pick > Defense Commits > Ball Delivered > 22 Rysley Borman > P&R Roll Man > Slips the Pick > No Dribble Jumper > Guarded > Long/3pt > Miss 3 Pts
Bethany Lutheran Vikings,2025-11-08,451,H2,05:01 (H2),301.0,Aurora Spartans,Gevon Grant,rebound_defensive,Gevon Grant Defensive Rebound,,
Bethany Lutheran Vikings,2025-11-08,452,H2,04:45 (H2),285.0,Aurora Spartans,Larry Carthan,missed_shot,Larry Carthan Misses 2PT Layup,2,5 Larry Carthan > Post-Up > Left Block > Right Shoulder > Dribble Move > To Basket > Miss 2 Pts
Bethany Lutheran Vikings,2025-11-08,453,H2,04:42 (H2),282.0,Bethany Lutheran Vikings,Cooper Mensink,rebound_defensive,Cooper Mensink Defensive Rebound,,
Bethany Lutheran Vikings,2025-11-08,454,H2,04:39 (H2),279.0,Bethany Lutheran Vikings,Jack Brockmann,made_shot,Jack Brockmann Makes 2PT Layup,2,23 Jack Brockmann > Transition > First Middle > To Basket > Make 2 Pts
Bethany Lutheran Vikings,2025-11-08,455,H2,04:39 (H2),279.0,Bethany Lutheran Vikings,Rysley Borman,assist,Rysley Borman Assists,,
Bethany Lutheran Vikings,2025-11-08,456,H2,04:23 (H2),263.0,Aurora Spartans,Bryden Gryzmala,turnover,Bryden Gryzmala Turnover (Lost Ball),,1 Bryden Gryzmala > P&R Ball Handler > High P&R > Go Away from Pick > To Basket > Turnover
Bethany Lutheran Vikings,2025-11-08,457,H2,04:23 (H2),263.0,Bethany Lutheran Vikings,Max Briggs,steal,Max Briggs Steals,,
Bethany Lutheran Vikings,2025-11-08,458,H2,04:17 (H2),257.0,Bethany Lutheran Vikings,Cooper Mensink,made_shot,Cooper Mensink Makes 3PT Jump Shot,3,31 Cooper Mensink > Transition > Left Wing > No Dribble Jumper > Open > Long/3pt > Make 3 Pts
Bethany Lutheran Vikings,2025-11-08,459,H2,04:17 (H2),257.0,Bethany Lutheran Vikings,Max Briggs,assist,Max Briggs Assists,,
Bethany Lutheran Vikings,2025-11-08,460,H2,03:55 (H2),235.0,Bethany Lutheran Vikings,Jack Brockmann,foul,Jack Brockmann Commits Personal Foul,,12 Robert Hutson > Hand Off > From Dribble > Left > To Basket > Foul
Bethany Lutheran Vikings,2025-11-08,461,H2,03:55 (H2),235.0,Aurora Spartans,,timeout,Official TV Timeout,,
Bethany Lutheran Vikings,2025-11-08,462,H2,03:55 (H2),235.0,Bethany Lutheran Vikings,,timeout,Official TV Timeout,,
Bethany Lutheran Vikings,2025-11-08,463,H2,03:55 (H2),235.0,Aurora Spartans,Robert Hutson,free_throw_missed,Robert Hutson Misses Free Throw (2 of 2),,12 Robert Hutson > Non Possession > Free Throw
Bethany Lutheran Vikings,2025-11-08,464,H2,03:55 (H2),235.0,Aurora Spartans,Robert Hutson,free_throw_made,Robert Hutson Makes Free Throw (1 of 2),,12 Robert Hutson > Non Possession > Free Throw
Bethany Lutheran Vikings,2025-11-08,465,H2,03:55 (H2),235.0,Aurora Spartans,Bryden Gryzmala,sub_out,Bryden Gryzmala Subs Out,,
Bethany Lutheran Vikings,2025-11-08,466,H2,03:55 (H2),235.0,Aurora Spartans,Larry Carthan,sub_out,Larry Carthan Subs Out,,
Bethany Lutheran Vikings,2025-11-08,467,H2,03:55 (H2),235.0,Bethany Lutheran Vikings,Elliot Whitney,sub_out,Elliot Whitney Subs Out,,
Bethany Lutheran Vikings,2025-11-08,468,H2,03:55 (H2),235.0,Aurora Spartans,Devon Richardson,sub_in,Devon Richardson Subs In,,
Bethany Lutheran Vikings,2025-11-08,469,H2,03:55 (H2),235.0,Aurora Spartans,Zerrick Johnson,sub_in,Zerrick Johnson Subs In,,
Bethany Lutheran Vikings,2025-11-08,470,H2,03:55 (H2),235.0,Bethany Lutheran Vikings,Blue Smaller,sub_in,Blue Smaller Subs In,,
Bethany Lutheran Vikings,2025-11-08,471,H2,03:55 (H2),235.0,Bethany Lutheran Vikings,Jack Brockmann,rebound_defensive,Jack Brockmann Defensive Rebound,,
Bethany Lutheran Vikings,2025-11-08,472,H2,03:55 (H2),235.0,Bethany Lutheran Vikings,Jack Brockmann,turnover,Jack Brockmann Turnover,,23 Jack Brockmann > No Play Type > Turnover
Bethany Lutheran Vikings,2025-11-08,473,H2,03:55 (H2),235.0,Aurora Spartans,Robert Hutson,sub_out,Robert Hutson Subs Out,,
Bethany Lutheran Vikings,2025-11-08,474,H2,03:55 (H2),235.0,Aurora Spartans,Jeffery Hillmer,sub_in,Jeffery Hillmer Subs In,,
Bethany Lutheran Vikings,2025-11-08,475,H2,03:51 (H2),231.0,Aurora Spartans,Devon Richardson,made_shot,Devon Richardson Makes 2PT Layup,2,22 Devon Richardson > Cut > Basket > Make 2 Pts
Bethany Lutheran Vikings,2025-11-08,476,H2,03:51 (H2),231.0,Aurora Spartans,Juan Madrigal,assist,Juan Madrigal Assists,,
Bethany Lutheran Vikings,2025-11-08,477,H2,03:29 (H2),209.0,Bethany Lutheran Vikings,Cooper Mensink,made_shot,Cooper Mensink Makes 3PT Jump Shot,3,3 Max Briggs > P&R Ball Handler > High P&R > Dribble Off Pick > Defense Commits > Ball Delivered > 31 Cooper Mensink > P&R Roll Man > Slips the Pick > No Dribble Jumper > Open > Long/3pt > Make 3 Pts
Bethany Lutheran Vikings,2025-11-08,478,H2,03:29 (H2),209.0,Bethany Lutheran Vikings,Max Briggs,assist,Max Briggs Assists,,
Bethany Lutheran Vikings,2025-11-08,479,H2,03:08 (H2),188.0,Aurora Spartans,Zerrick Johnson,made_shot,Zerrick Johnson Makes 2PT Driving Layup,2,13 Zerrick Johnson > ISO > Top > Drives Left > To Basket > Make 2 Pts
Bethany Lutheran Vikings,2025-11-08,480,H2,02:44 (H2),164.0,Aurora Spartans,Zerrick Johnson,foul,Zerrick Johnson Commits Personal Foul,,3 Max Briggs > Non Possession > Non Shooting Foul
Bethany Lutheran Vikings,2025-11-08,481,H2,02:26 (H2),146.0,Bethany Lutheran Vikings,Cooper Mensink,missed_shot,Cooper Mensink Misses 3PT Jump Shot,3,31 Cooper Mensink > P&R Ball Handler > Right P&R > Side > Takes Early Jump Shot > No Dribble Jumper > Guarded > Long/3pt > Miss 3 Pts
Bethany Lutheran Vikings,2025-11-08,482,H2,02:24 (H2),144.0,Aurora Spartans,Zerrick Johnson,rebound_defensive,Zerrick Johnson Defensive Rebound,,
Bethany Lutheran Vikings,2025-11-08,483,H2,02:00 (H2),120.0,Aurora Spartans,Zerrick Johnson,missed_shot,Zerrick Johnson Misses 2PT Layup (Blocked),2,13 Zerrick Johnson > ISO > Right > Drives Right > To Basket > Miss 2 Pts
Bethany Lutheran Vikings,2025-11-08,484,H2,02:00 (H2),120.0,Bethany Lutheran Vikings,Cooper Mensink,block,Cooper Mensink Blocks,,
Bethany Lutheran Vikings,2025-11-08,485,H2,01:58 (H2),118.0,Bethany Lutheran Vikings,Cooper Mensink,rebound_defensive,Cooper Mensink Defensive Rebound,,
Bethany Lutheran Vikings,2025-11-08,486,H2,01:52 (H2),112.0,Aurora Spartans,Jeffery Hillmer,foul,Jeffery Hillmer Commits Personal Foul,,3 Max Briggs > P&R Ball Handler > High P&R > Go Away from Pick > Foul
Bethany Lutheran Vikings,2025-11-08,487,H2,01:52 (H2),112.0,Bethany Lutheran Vikings,Max Briggs,free_throw_made,Max Briggs Makes Free Throw (1 of 2),,3 Max Briggs > Non Possession > Free Throw
Bethany Lutheran Vikings,2025-11-08,488,H2,01:52 (H2),112.0,Bethany Lutheran Vikings,Max Briggs,free_throw_missed,Max Briggs Misses Free Throw (2 of 2),,3 Max Briggs > Non Possession > Free Throw
Bethany Lutheran Vikings,2025-11-08,489,H2,01:52 (H2),112.0,Bethany Lutheran Vikings,Cooper Mensink,sub_out,Cooper Mensink Subs Out,,
Bethany Lutheran Vikings,2025-11-08,490,H2,01:52 (H2),112.0,Bethany Lutheran Vikings,Eli Rogers,sub_in,Eli Rogers Subs In,,
Bethany Lutheran Vikings,2025-11-08,491,H2,01:52 (H2),112.0,Aurora Spartans,Juan Madrigal,rebound_defensive,Juan Madrigal Defensive Rebound,,
Bethany Lutheran Vikings,2025-11-08,492,H2,01:26 (H2),86.0,Aurora Spartans,Devon Richardson,made_shot,Devon Richardson Makes 2PT Layup,2,24 Gevon Grant > ISO > Top > Drives Right > Defense Commits > Ball Delivered > 22 Devon Richardson > Cut > Basket > Make 2 Pts
Bethany Lutheran Vikings,2025-11-08,493,H2,01:26 (H2),86.0,Aurora Spartans,Gevon Grant,assist,Gevon Grant Assists,,
Bethany Lutheran Vikings,2025-11-08,494,H2,01:17 (H2),77.0,Bethany Lutheran Vikings,Max Briggs,made_shot,Max Briggs Makes 3PT Pull Up Jump Shot,3,3 Max Briggs > P&R Ball Handler > Left P&R > Side > Go Away from Pick > Dribble Jumper > Long/3pt > Make 3 Pts
Bethany Lutheran Vikings,2025-11-08,495,H2,01:13 (H2),73.0,Bethany Lutheran Vikings,,timeout,Bethany Lutheran Timeout,,
Bethany Lutheran Vikings,2025-11-08,496,H2,01:13 (H2),73.0,Bethany Lutheran Vikings,Rysley Borman,sub_out,Rysley Borman Subs Out,,
Bethany Lutheran Vikings,2025-11-08,497,H2,01:13 (H2),73.0,Bethany Lutheran Vikings,Amory Peterson,sub_in,Amory Peterson Subs In,,
Bethany Lutheran Vikings,2025-11-08,498,H2,00:40 (H2),40.0,Bethany Lutheran Vikings,Eli Rogers,foul,Eli Rogers Commits Personal Foul,,24 Gevon Grant > P&R Ball Handler > High P&R > Dribble Off Pick > Defense Commits > Ball Delivered > 13 Zerrick Johnson > Spot-Up > Drives Right > Dribble Jumper > Medium/17' to <3p > Foul
Bethany Lutheran Vikings,2025-11-08,499,H2,00:40 (H2),40.0,Aurora Spartans,Zerrick Johnson,free_throw_missed,Zerrick Johnson Misses Free Throw (1 of 2),,13 Zerrick Johnson > Non Possession > Free Throw
Bethany Lutheran Vikings,2025-11-08,500,H2,00:40 (H2),40.0,Aurora Spartans,Aurora,team_deadball_rebound_offensive,Aurora Offensive Deadball Rebound,,
Bethany Lutheran Vikings,2025-11-08,501,H2,00:40 (H2),40.0,Aurora Spartans,Zerrick Johnson,free_throw_made,Zerrick Johnson Makes Free Throw (2 of 2),,13 Zerrick Johnson > Non Possession > Free Throw
Bethany Lutheran Vikings,2025-11-08,502,H2,00:40 (H2),40.0,Bethany Lutheran Vikings,Eli Rogers,sub_out,Eli Rogers Subs Out,,
Bethany Lutheran Vikings,2025-11-08,503,H2,00:40 (H2),40.0,Bethany Lutheran Vikings,Blue Smaller,sub_out,Blue Smaller Subs Out,,
Bethany Lutheran Vikings,2025-11-08,504,H2,00:40 (H2),40.0,Bethany Lutheran Vikings,Rysley Borman,sub_in,Rysley Borman Subs In,,
Bethany Lutheran Vikings,2025-11-08,505,H2,00:40 (H2),40.0,Bethany Lutheran Vikings,Cooper Mensink,sub_in,Cooper Mensink Subs In,,
Bethany Lutheran Vikings,2025-11-08,506,H2,00:34 (H2),34.0,Bethany Lutheran Vikings,Max Briggs,missed_shot,Max Briggs Misses 2PT Jump Shot,2,3 Max Briggs > P&R Ball Handler > Left P&R > Side > Dribble Off Pick > To Basket > Miss 2 Pts
Bethany Lutheran Vikings,2025-11-08,507,H2,00:31 (H2),31.0,Aurora Spartans,Gevon Grant,rebound_defensive,Gevon Grant Defensive Rebound,,
Bethany Lutheran Vikings,2025-11-08,508,H2,00:30 (H2),30.0,Bethany Lutheran Vikings,Jack Brockmann,foul,Jack Brockmann Commits Personal Foul,,24 Gevon Grant > No Play Type > Foul
Bethany Lutheran Vikings,2025-11-08,509,H2,00:30 (H2),30.0,Aurora Spartans,Gevon Grant,free_throw_made,Gevon Grant Makes Free Throw (1 of 2),,24 Gevon Grant > Non Possession > Free Throw
Bethany Lutheran Vikings,2025-11-08,510,H2,00:30 (H2),30.0,Aurora Spartans,Gevon Grant,free_throw_made,Gevon Grant Makes Free Throw (2 of 2),,24 Gevon Grant > Non Possession > Free Throw
Bethany Lutheran Vikings,2025-11-08,511,H2,00:23 (H2),23.0,Bethany Lutheran Vikings,Rysley Borman,made_shot,Rysley Borman Makes 3PT Jump Shot,3,22 Rysley Borman > Off Screen > To Shooter's Left > Flare > No Dribble Jumper > Guarded > Long/3pt > Make 3 Pts
Bethany Lutheran Vikings,2025-11-08,512,H2,00:23 (H2),23.0,Bethany Lutheran Vikings,Max Briggs,assist,Max Briggs Assists,,
Bethany Lutheran Vikings,2025-11-08,513,H2,00:19 (H2),19.0,Bethany Lutheran Vikings,,timeout,Bethany Lutheran Timeout,,
Bethany Lutheran Vikings,2025-11-08,514,H2,00:19 (H2),19.0,Bethany Lutheran Vikings,Rysley Borman,sub_out,Rysley Borman Subs Out,,
Bethany Lutheran Vikings,2025-11-08,515,H2,00:19 (H2),19.0,Bethany Lutheran Vikings,Jack Brockmann,sub_out,Jack Brockmann Subs Out,,
Bethany Lutheran Vikings,2025-11-08,516,H2,00:19 (H2),19.0,Bethany Lutheran Vikings,Elliot Whitney,sub_in,Elliot Whitney Subs In,,
Bethany Lutheran Vikings,2025-11-08,517,H2,00:19 (H2),19.0,Bethany Lutheran Vikings,Eli Rogers,sub_in,Eli Rogers Subs In,,
Bethany Lutheran Vikings,2025-11-08,518,H2,00:16 (H2),16.0,Bethany Lutheran Vikings,Cooper Mensink,foul,Cooper Mensink Commits Personal Foul,,2 Juan Madrigal > No Play Type > Foul
Bethany Lutheran Vikings,2025-11-08,519,H2,00:16 (H2),16.0,Aurora Spartans,Juan Madrigal,free_throw_made,Juan Madrigal Makes Free Throw (1 of 2),,2 Juan Madrigal > Non Possession > Free Throw
Bethany Lutheran Vikings,2025-11-08,520,H2,00:16 (H2),16.0,Aurora Spartans,Juan Madrigal,free_throw_made,Juan Madrigal Makes Free Throw (2 of 2),,2 Juan Madrigal > Non Possession > Free Throw
Bethany Lutheran Vikings,2025-11-08,521,H2,00:16 (H2),16.0,Bethany Lutheran Vikings,Elliot Whitney,sub_out,Elliot Whitney Subs Out,,
Bethany Lutheran Vikings,2025-11-08,522,H2,00:16 (H2),16.0,Bethany Lutheran Vikings,Eli Rogers,sub_out,Eli Rogers Subs Out,,
Bethany Lutheran Vikings,2025-11-08,523,H2,00:16 (H2),16.0,Bethany Lutheran Vikings,Rysley Borman,sub_in,Rysley Borman Subs In,,
Bethany Lutheran Vikings,2025-11-08,524,H2,00:16 (H2),16.0,Bethany Lutheran Vikings,Jack Brockmann,sub_in,Jack Brockmann Subs In,,
Bethany Lutheran Vikings,2025-11-08,525,H2,00:16 (H2),16.0,Aurora Spartans,Devon Richardson,sub_out,Devon Richardson Subs Out,,
Bethany Lutheran Vikings,2025-11-08,526,H2,00:16 (H2),16.0,Aurora Spartans,Bryden Gryzmala,sub_in,Bryden Gryzmala Subs In,,
Bethany Lutheran Vikings,2025-11-08,527,H2,00:08 (H2),8.0,Bethany Lutheran Vikings,Cooper Mensink,missed_shot,Cooper Mensink Misses 3PT Jump Shot,3,31 Cooper Mensink > Hand Off > From Dribble > Right > No Dribble Jumper > Guarded > Long/3pt > Miss 3 Pts
Bethany Lutheran Vikings,2025-11-08,528,H2,00:05 (H2),5.0,Bethany Lutheran Vikings,Jack Brockmann,rebound_offensive,Jack Brockmann Offensive Rebound,,
Bethany Lutheran Vikings,2025-11-08,529,H2,00:04 (H2),4.0,Bethany Lutheran Vikings,Jack Brockmann,missed_shot,Jack Brockmann Misses 3PT Jump Shot,3,
Bethany Lutheran Vikings,2025-11-08,530,H2,00:01 (H2),1.0,Aurora Spartans,,team_deadball_rebound_defensive,Defensive Rebound,,
Bethany Lutheran Vikings,2025-11-08,531,H2,,,,,period_marker,End 2nd Half,,
North Central (IL) Cardinals,2025-11-12,0,,,,,,period_marker,Start 1st Half,,
North Central (IL) Cardinals,2025-11-12,1,H1,19:57 (H1),1197.0,Aurora Spartans,Devon Richardson,jump_ball_won,Devon Richardson Wins Jump Ball,,
North Central (IL) Cardinals,2025-11-12,2,H1,19:57 (H1),1197.0,North Central (IL) Cardinals,Ethan Marlowe,jump_ball_lost,Ethan Marlowe Loses Jump Ball,,
North Central (IL) Cardinals,2025-11-12,3,H1,19:34 (H1),1174.0,Aurora Spartans,Jeffery Hillmer,missed_shot,Jeffery Hillmer Misses 2PT Layup,2,3 Jeffery Hillmer > Cut > Basket > Miss 2 Pts
North Central (IL) Cardinals,2025-11-12,4,H1,19:29 (H1),1169.0,North Central (IL) Cardinals,Ethan Marlowe,rebound_defensive,Ethan Marlowe Defensive Rebound,,
North Central (IL) Cardinals,2025-11-12,5,H1,19:11 (H1),1151.0,North Central (IL) Cardinals,Tyler DiSilvio,missed_shot,Tyler DiSilvio Misses 2PT Layup,2,12 Tyler DiSilvio > Post-Up > Flash Middle > Left Shoulder > Dribble Move > To Hook > Miss 2 Pts
North Central (IL) Cardinals,2025-11-12,6,H1,19:08 (H1),1148.0,Aurora Spartans,Juan Madrigal,rebound_defensive,Juan Madrigal Defensive Rebound,,
North Central (IL) Cardinals,2025-11-12,7,H1,18:56 (H1),1136.0,North Central (IL) Cardinals,Ethan Marlowe,foul,Ethan Marlowe Commits Personal Foul,,22 Devon Richardson > Non Possession > Non Shooting Foul
North Central (IL) Cardinals,2025-11-12,8,H1,18:43 (H1),1123.0,Aurora Spartans,Bryden Gryzmala,missed_shot,Bryden Gryzmala Misses 3PT Jump Shot,3,1 Bryden Gryzmala > Spot-Up > No Dribble Jumper > Guarded > Long/3pt > Miss 3 Pts
North Central (IL) Cardinals,2025-11-12,9,H1,18:40 (H1),1120.0,North Central (IL) Cardinals,Tyler DiSilvio,rebound_defensive,Tyler DiSilvio Defensive Rebound,,
North Central (IL) Cardinals,2025-11-12,10,H1,18:33 (H1),1113.0,North Central (IL) Cardinals,Ethan Marlowe,made_shot,Ethan Marlowe Makes 2PT Turnaround Jump Shot,2,13 Ethan Marlowe > Transition > Ballhandler > Dribble Jumper > Short to < 17' > Make 2 Pts
North Central (IL) Cardinals,2025-11-12,11,H1,18:12 (H1),1092.0,Aurora Spartans,Zerrick Johnson,turnover,Zerrick Johnson Turnover (Bad Pass),,2 Juan Madrigal > P&R Ball Handler > Left P&R > Side > Dribble Off Pick > Defense Commits > Ball Delivered > 13 Zerrick Johnson > Spot-Up > Drives Right > Turnover
North Central (IL) Cardinals,2025-11-12,12,H1,17:55 (H1),1075.0,North Central (IL) Cardinals,Sean Molloy,missed_shot,Sean Molloy Misses 2PT Layup,2,23 Sean Molloy > Spot-Up > Drives Left > To Basket > Miss 2 Pts
North Central (IL) Cardinals,2025-11-12,13,H1,17:52 (H1),1072.0,Aurora Spartans,Devon Richardson,rebound_defensive,Devon Richardson Defensive Rebound,,
North Central (IL) Cardinals,2025-11-12,14,H1,17:36 (H1),1056.0,Aurora Spartans,Juan Madrigal,missed_shot,Juan Madrigal Misses 2PT Jump Shot,2,2 Juan Madrigal > Hand Off > From Dribble > Top > Dribble Jumper > Short to < 17' > Miss 2 Pts
North Central (IL) Cardinals,2025-11-12,15,H1,17:32 (H1),1052.0,North Central (IL) Cardinals,Alejandro Diaz,rebound_defensive,Alejandro Diaz Defensive Rebound,,
North Central (IL) Cardinals,2025-11-12,16,H1,17:15 (H1),1035.0,North Central (IL) Cardinals,Tyler DiSilvio,missed_shot,Tyler DiSilvio Misses 3PT Jump Shot,3,12 Tyler DiSilvio > P&R Ball Handler > Right P&R > Side > Takes Early Jump Shot > No Dribble Jumper > Open > Long/3pt > Miss 3 Pts
North Central (IL) Cardinals,2025-11-12,17,H1,17:10 (H1),1030.0,Aurora Spartans,Juan Madrigal,rebound_defensive,Juan Madrigal Defensive Rebound,,
North Central (IL) Cardinals,2025-11-12,18,H1,16:58 (H1),1018.0,Aurora Spartans,Bryden Gryzmala,missed_shot,Bryden Gryzmala Misses 3PT Jump Shot,3,22 Devon Richardson > Post-Up > Left Block > Right Shoulder > Dribble Move > Defense Commits > Ball Delivered > 1 Bryden Gryzmala > Spot-Up > No Dribble Jumper > Open > Long/3pt > Miss 3 Pts
North Central (IL) Cardinals,2025-11-12,19,H1,16:54 (H1),1014.0,Aurora Spartans,Juan Madrigal,rebound_offensive,Juan Madrigal Offensive Rebound,,
North Central (IL) Cardinals,2025-11-12,20,H1,16:49 (H1),1009.0,Aurora Spartans,Juan Madrigal,missed_shot,Juan Madrigal Misses 2PT Layup,2,
North Central (IL) Cardinals,2025-11-12,21,H1,16:45 (H1),1005.0,North Central (IL) Cardinals,Tyler DiSilvio,rebound_defensive,Tyler DiSilvio Defensive Rebound,,
North Central (IL) Cardinals,2025-11-12,22,H1,16:43 (H1),1003.0,North Central (IL) Cardinals,Ethan Marlowe,sub_out,Ethan Marlowe Subs Out,,
North Central (IL) Cardinals,2025-11-12,23,H1,16:43 (H1),1003.0,North Central (IL) Cardinals,Justin Sveiteris,sub_in,Justin Sveiteris Subs In,,
North Central (IL) Cardinals,2025-11-12,24,H1,16:43 (H1),1003.0,Aurora Spartans,Zerrick Johnson,sub_out,Zerrick Johnson Subs Out,,
North Central (IL) Cardinals,2025-11-12,25,H1,16:43 (H1),1003.0,Aurora Spartans,Gevon Grant,sub_in,Gevon Grant Subs In,,
North Central (IL) Cardinals,2025-11-12,26,H1,16:25 (H1),985.0,North Central (IL) Cardinals,Sean Molloy,missed_shot,Sean Molloy Misses 2PT Layup,2,23 Sean Molloy > ISO > Top > Drives Right > Dribble Jumper > Short to < 17' > Miss 2 Pts
North Central (IL) Cardinals,2025-11-12,27,H1,16:21 (H1),981.0,North Central (IL) Cardinals,Tyler Swierczek,rebound_offensive,Tyler Swierczek Offensive Rebound,,
North Central (IL) Cardinals,2025-11-12,28,H1,16:20 (H1),980.0,North Central (IL) Cardinals,Tyler DiSilvio,missed_shot,Tyler DiSilvio Misses 3PT Jump Shot,3,12 Tyler DiSilvio > Spot-Up > No Dribble Jumper > Guarded > Long/3pt > Miss 3 Pts
North Central (IL) Cardinals,2025-11-12,29,H1,16:17 (H1),977.0,North Central (IL) Cardinals,,team_deadball_rebound_offensive,Offensive Rebound,,
North Central (IL) Cardinals,2025-11-12,30,H1,16:12 (H1),972.0,North Central (IL) Cardinals,Tyler Swierczek,missed_shot,Tyler Swierczek Misses 3PT Jump Shot,3,20 Tyler Swierczek > Off Screen > To Shooter's Right > Straight > No Dribble Jumper > Guarded > Long/3pt > Miss 3 Pts
North Central (IL) Cardinals,2025-11-12,31,H1,16:08 (H1),968.0,North Central (IL) Cardinals,Alejandro Diaz,rebound_offensive,Alejandro Diaz Offensive Rebound,,
North Central (IL) Cardinals,2025-11-12,32,H1,15:53 (H1),953.0,North Central (IL) Cardinals,Alejandro Diaz,turnover,Alejandro Diaz Turnover (Lost Ball),,30 Alejandro Diaz > Spot-Up > Drives Left > Turnover
North Central (IL) Cardinals,2025-11-12,33,H1,15:53 (H1),953.0,Aurora Spartans,Gevon Grant,steal,Gevon Grant Steals,,
North Central (IL) Cardinals,2025-11-12,34,H1,15:49 (H1),949.0,Aurora Spartans,Jeffery Hillmer,turnover,Jeffery Hillmer Turnover (Bad Pass),,
North Central (IL) Cardinals,2025-11-12,35,H1,15:49 (H1),949.0,North Central (IL) Cardinals,Tyler Swierczek,steal,Tyler Swierczek Steals,,
North Central (IL) Cardinals,2025-11-12,36,H1,15:49 (H1),949.0,Aurora Spartans,Bryden Gryzmala,sub_out,Bryden Gryzmala Subs Out,,
North Central (IL) Cardinals,2025-11-12,37,H1,15:49 (H1),949.0,Aurora Spartans,Cullen Rauls,sub_in,Cullen Rauls Subs In,,
North Central (IL) Cardinals,2025-11-12,38,H1,15:39 (H1),939.0,North Central (IL) Cardinals,Alejandro Diaz,made_shot,Alejandro Diaz Makes 2PT Jump Shot,2,30 Alejandro Diaz > Hand Off > From Dribble > Top > Dribble Jumper > Medium/17' to <3p > Make 2 Pts
North Central (IL) Cardinals,2025-11-12,39,H1,15:24 (H1),924.0,Aurora Spartans,Cullen Rauls,missed_shot,Cullen Rauls Misses 3PT Jump Shot,3,0 Cullen Rauls > Spot-Up > No Dribble Jumper > Guarded > Long/3pt > Miss 3 Pts
North Central (IL) Cardinals,2025-11-12,40,H1,15:19 (H1),919.0,North Central (IL) Cardinals,Tyler DiSilvio,rebound_defensive,Tyler DiSilvio Defensive Rebound,,
North Central (IL) Cardinals,2025-11-12,41,H1,15:13 (H1),913.0,North Central (IL) Cardinals,Alejandro Diaz,made_shot,Alejandro Diaz Makes 2PT Jump Shot,2,30 Alejandro Diaz > P&R Ball Handler > High P&R > Dribble Off Pick > Dribble Jumper > Short to < 17' > Make 2 Pts
North Central (IL) Cardinals,2025-11-12,42,H1,14:43 (H1),883.0,Aurora Spartans,Gevon Grant,missed_shot,Gevon Grant Misses 2PT Jump Shot,2,24 Gevon Grant > Hand Off > From Dribble > Right > Dribble Jumper > Medium/17' to <3p > Miss 2 Pts
North Central (IL) Cardinals,2025-11-12,43,H1,14:38 (H1),878.0,North Central (IL) Cardinals,Alejandro Diaz,rebound_defensive,Alejandro Diaz Defensive Rebound,,
North Central (IL) Cardinals,2025-11-12,44,H1,14:17 (H1),857.0,North Central (IL) Cardinals,Tyler Swierczek,missed_shot,Tyler Swierczek Misses 2PT Layup,2,20 Tyler Swierczek > Post-Up > Left Block > Left Shoulder > Dribble Move > To Hook > Miss 2 Pts
North Central (IL) Cardinals,2025-11-12,45,H1,14:12 (H1),852.0,Aurora Spartans,Devon Richardson,rebound_defensive,Devon Richardson Defensive Rebound,,
North Central (IL) Cardinals,2025-11-12,46,H1,14:04 (H1),844.0,Aurora Spartans,Gevon Grant,made_shot,Gevon Grant Makes 3PT Jump Shot,3,2 Juan Madrigal > P&R Ball Handler > High P&R > Dribble Off Pick > Defense Commits > Ball Delivered > 24 Gevon Grant > Spot-Up > No Dribble Jumper > Guarded > Long/3pt > Make 3 Pts
North Central (IL) Cardinals,2025-11-12,47,H1,14:04 (H1),844.0,Aurora Spartans,Juan Madrigal,assist,Juan Madrigal Assists,,
North Central (IL) Cardinals,2025-11-12,48,H1,13:53 (H1),833.0,Aurora Spartans,Cullen Rauls,foul,Cullen Rauls Commits Personal Foul,,12 Tyler DiSilvio > Non Possession > Non Shooting Foul
North Central (IL) Cardinals,2025-11-12,49,H1,13:53 (H1),833.0,North Central (IL) Cardinals,Tyler DiSilvio,sub_out,Tyler DiSilvio Subs Out,,
North Central (IL) Cardinals,2025-11-12,50,H1,13:53 (H1),833.0,North Central (IL) Cardinals,Sean Molloy,sub_out,Sean Molloy Subs Out,,
North Central (IL) Cardinals,2025-11-12,51,H1,13:53 (H1),833.0,Aurora Spartans,Juan Madrigal,sub_out,Juan Madrigal Subs Out,,
North Central (IL) Cardinals,2025-11-12,52,H1,13:53 (H1),833.0,North Central (IL) Cardinals,James Bullock,sub_in,James Bullock Subs In,,
North Central (IL) Cardinals,2025-11-12,53,H1,13:53 (H1),833.0,North Central (IL) Cardinals,Tre Davis,sub_in,Tre Davis Subs In,,
North Central (IL) Cardinals,2025-11-12,54,H1,13:53 (H1),833.0,Aurora Spartans,Larry Carthan,sub_in,Larry Carthan Subs In,,
North Central (IL) Cardinals,2025-11-12,55,H1,13:35 (H1),815.0,North Central (IL) Cardinals,Alejandro Diaz,made_shot,Alejandro Diaz Makes 2PT Jump Shot,2,30 Alejandro Diaz > P&R Ball Handler > Left P&R > Side > Dribble Off Pick > Dribble Jumper > Medium/17' to <3p > Make 2 Pts
North Central (IL) Cardinals,2025-11-12,56,H1,13:08 (H1),788.0,Aurora Spartans,Gevon Grant,missed_shot,Gevon Grant Misses 2PT Jump Shot,2,24 Gevon Grant > Off Screen > To Shooter's Right > Straight > Dribble Jumper > Medium/17' to <3p > Miss 2 Pts
North Central (IL) Cardinals,2025-11-12,57,H1,13:02 (H1),782.0,North Central (IL) Cardinals,James Bullock,rebound_defensive,James Bullock Defensive Rebound,,
North Central (IL) Cardinals,2025-11-12,58,H1,12:57 (H1),777.0,North Central (IL) Cardinals,James Bullock,missed_shot,James Bullock Misses 3PT Jump Shot,3,11 Tre Davis > P&R Ball Handler > High P&R > Dribble Off Pick > Defense Commits > Ball Delivered > 22 James Bullock > P&R Roll Man > Pick and Pops > No Dribble Jumper > Guarded > Long/3pt > Miss 3 Pts
North Central (IL) Cardinals,2025-11-12,59,H1,12:50 (H1),770.0,Aurora Spartans,Gevon Grant,rebound_defensive,Gevon Grant Defensive Rebound,,
North Central (IL) Cardinals,2025-11-12,60,H1,12:40 (H1),760.0,Aurora Spartans,Gevon Grant,missed_shot,Gevon Grant Misses 3PT Jump Shot,3,2 Juan Madrigal > P&R Ball Handler > Left P&R > Side > Dribble Off Pick > Defense Commits > Ball Delivered > 24 Gevon Grant > Spot-Up > No Dribble Jumper > Open > Long/3pt > Miss 3 Pts
North Central (IL) Cardinals,2025-11-12,61,H1,12:37 (H1),757.0,North Central (IL) Cardinals,Tre Davis,rebound_defensive,Tre Davis Defensive Rebound,,
North Central (IL) Cardinals,2025-11-12,62,H1,12:27 (H1),747.0,North Central (IL) Cardinals,Alejandro Diaz,missed_shot,Alejandro Diaz Misses 3PT Jump Shot,3,11 Tre Davis > P&R Ball Handler > Right P&R > Side > Dribble Off Pick > Defense Commits > Ball Delivered > 30 Alejandro Diaz > Spot-Up > No Dribble Jumper > Guarded > Long/3pt > Miss 3 Pts
North Central (IL) Cardinals,2025-11-12,63,H1,12:23 (H1),743.0,North Central (IL) Cardinals,Tre Davis,rebound_offensive,Tre Davis Offensive Rebound,,
North Central (IL) Cardinals,2025-11-12,64,H1,12:13 (H1),733.0,North Central (IL) Cardinals,James Bullock,missed_shot,James Bullock Misses 2PT Layup,2,22 James Bullock > Post-Up > Left Block > Left Shoulder > Dribble Move > To Hook > Miss 2 Pts
North Central (IL) Cardinals,2025-11-12,65,H1,12:08 (H1),728.0,Aurora Spartans,Larry Carthan,rebound_defensive,Larry Carthan Defensive Rebound,,
North Central (IL) Cardinals,2025-11-12,66,H1,11:56 (H1),716.0,Aurora Spartans,Larry Carthan,missed_shot,Larry Carthan Misses 2PT Jump Shot,2,5 Larry Carthan > Hand Off > From Dribble > Top > Dribble Jumper > Short to < 17' > Miss 2 Pts
North Central (IL) Cardinals,2025-11-12,67,H1,11:50 (H1),710.0,North Central (IL) Cardinals,Tyler Swierczek,rebound_defensive,Tyler Swierczek Defensive Rebound,,
North Central (IL) Cardinals,2025-11-12,68,H1,11:30 (H1),690.0,North Central (IL) Cardinals,Tyler Swierczek,made_shot,Tyler Swierczek Makes 3PT Jump Shot,3,20 Tyler Swierczek > Spot-Up > No Dribble Jumper > Open > Long/3pt > Make 3 Pts
North Central (IL) Cardinals,2025-11-12,69,H1,11:30 (H1),690.0,North Central (IL) Cardinals,Tre Davis,assist,Tre Davis Assists,,
North Central (IL) Cardinals,2025-11-12,70,H1,11:20 (H1),680.0,Aurora Spartans,Jeffery Hillmer,made_shot,Jeffery Hillmer Makes 2PT Layup,2,3 Jeffery Hillmer > Transition > Right Wing > To Basket > Make 2 Pts
North Central (IL) Cardinals,2025-11-12,71,H1,10:53 (H1),653.0,North Central (IL) Cardinals,Tyler Swierczek,made_shot,Tyler Swierczek Makes 2PT Jump Shot,2,20 Tyler Swierczek > Spot-Up > No Dribble Jumper > Guarded > Medium/17' to <3p > Make 2 Pts
North Central (IL) Cardinals,2025-11-12,72,H1,10:53 (H1),653.0,North Central (IL) Cardinals,Alejandro Diaz,assist,Alejandro Diaz Assists,,
North Central (IL) Cardinals,2025-11-12,73,H1,10:51 (H1),651.0,North Central (IL) Cardinals,,timeout,North Central (IL) Timeout,,
North Central (IL) Cardinals,2025-11-12,74,H1,10:51 (H1),651.0,North Central (IL) Cardinals,Justin Sveiteris,sub_out,Justin Sveiteris Subs Out,,
North Central (IL) Cardinals,2025-11-12,75,H1,10:51 (H1),651.0,North Central (IL) Cardinals,Ethan Marlowe,sub_in,Ethan Marlowe Subs In,,
North Central (IL) Cardinals,2025-11-12,76,H1,10:51 (H1),651.0,Aurora Spartans,Cullen Rauls,sub_out,Cullen Rauls Subs Out,,
North Central (IL) Cardinals,2025-11-12,77,H1,10:51 (H1),651.0,Aurora Spartans,Jeffery Hillmer,sub_out,Jeffery Hillmer Subs Out,,
North Central (IL) Cardinals,2025-11-12,78,H1,10:51 (H1),651.0,Aurora Spartans,Devon Richardson,sub_out,Devon Richardson Subs Out,,
North Central (IL) Cardinals,2025-11-12,79,H1,10:51 (H1),651.0,Aurora Spartans,Robert Hutson,sub_in,Robert Hutson Subs In,,
North Central (IL) Cardinals,2025-11-12,80,H1,10:51 (H1),651.0,Aurora Spartans,Zerrick Johnson,sub_in,Zerrick Johnson Subs In,,
North Central (IL) Cardinals,2025-11-12,81,H1,10:51 (H1),651.0,Aurora Spartans,Alex Ross,sub_in,Alex Ross Subs In,,
North Central (IL) Cardinals,2025-11-12,82,H1,10:40 (H1),640.0,Aurora Spartans,Gevon Grant,made_shot,Gevon Grant Makes 2PT Layup,2,24 Gevon Grant > P&R Ball Handler > High P&R > Dribble Off Pick > To Basket > Make 2 Pts Foul > 0 Pts
North Central (IL) Cardinals,2025-11-12,83,H1,10:40 (H1),640.0,North Central (IL) Cardinals,James Bullock,foul,James Bullock Commits Personal Foul,,
North Central (IL) Cardinals,2025-11-12,84,H1,10:40 (H1),640.0,Aurora Spartans,Gevon Grant,free_throw_missed,Gevon Grant Misses Free Throw (1 of 1),,24 Gevon Grant > Non Possession > Free Throw
North Central (IL) Cardinals,2025-11-12,85,H1,10:38 (H1),638.0,North Central (IL) Cardinals,Ethan Marlowe,rebound_defensive,Ethan Marlowe Defensive Rebound,,
North Central (IL) Cardinals,2025-11-12,86,H1,10:22 (H1),622.0,Aurora Spartans,Robert Hutson,foul,Robert Hutson Commits Personal Foul,,13 Ethan Marlowe > Non Possession > Non Shooting Foul
North Central (IL) Cardinals,2025-11-12,87,H1,10:11 (H1),611.0,North Central (IL) Cardinals,Ethan Marlowe,missed_shot,Ethan Marlowe Misses 3PT Jump Shot,3,30 Alejandro Diaz > P&R Ball Handler > Left P&R > Baseline > Dribble Off Pick > Defense Commits > Ball Delivered > 13 Ethan Marlowe > P&R Roll Man > Pick and Pops > No Dribble Jumper > Guarded > Long/3pt > Miss 3 Pts
North Central (IL) Cardinals,2025-11-12,88,H1,10:07 (H1),607.0,Aurora Spartans,Gevon Grant,rebound_defensive,Gevon Grant Defensive Rebound,,
North Central (IL) Cardinals,2025-11-12,89,H1,10:04 (H1),604.0,North Central (IL) Cardinals,Tyler Swierczek,foul,Tyler Swierczek Commits Personal Foul,,24 Gevon Grant > Transition > Ballhandler > To Basket > Foul
North Central (IL) Cardinals,2025-11-12,90,H1,10:04 (H1),604.0,Aurora Spartans,Gevon Grant,free_throw_missed,Gevon Grant Misses Free Throw (1 of 2),,24 Gevon Grant > Non Possession > Free Throw
North Central (IL) Cardinals,2025-11-12,91,H1,10:04 (H1),604.0,Aurora Spartans,Aurora,team_deadball_rebound_offensive,Aurora Offensive Deadball Rebound,,
North Central (IL) Cardinals,2025-11-12,92,H1,10:04 (H1),604.0,Aurora Spartans,Gevon Grant,free_throw_made,Gevon Grant Makes Free Throw (2 of 2),,24 Gevon Grant > Non Possession > Free Throw
North Central (IL) Cardinals,2025-11-12,93,H1,10:04 (H1),604.0,North Central (IL) Cardinals,Tyler Swierczek,sub_out,Tyler Swierczek Subs Out,,
North Central (IL) Cardinals,2025-11-12,94,H1,10:04 (H1),604.0,North Central (IL) Cardinals,Alejandro Diaz,sub_out,Alejandro Diaz Subs Out,,
North Central (IL) Cardinals,2025-11-12,95,H1,10:04 (H1),604.0,North Central (IL) Cardinals,Tyler DiSilvio,sub_in,Tyler DiSilvio Subs In,,
North Central (IL) Cardinals,2025-11-12,96,H1,10:04 (H1),604.0,North Central (IL) Cardinals,Sean Molloy,sub_in,Sean Molloy Subs In,,
North Central (IL) Cardinals,2025-11-12,97,H1,09:54 (H1),594.0,North Central (IL) Cardinals,Ethan Marlowe,missed_shot,Ethan Marlowe Misses 3PT Jump Shot,3,11 Tre Davis > P&R Ball Handler > High P&R > Dribble Off Pick > Defense Commits > Ball Delivered > 13 Ethan Marlowe > P&R Roll Man > Pick and Pops > No Dribble Jumper > Open > Long/3pt > Miss 3 Pts
North Central (IL) Cardinals,2025-11-12,98,H1,09:49 (H1),589.0,North Central (IL) Cardinals,Ethan Marlowe,rebound_offensive,Ethan Marlowe Offensive Rebound,,
North Central (IL) Cardinals,2025-11-12,99,H1,09:47 (H1),587.0,North Central (IL) Cardinals,Ethan Marlowe,turnover,Ethan Marlowe Turnover (Lost Ball),,
North Central (IL) Cardinals,2025-11-12,100,H1,09:47 (H1),587.0,Aurora Spartans,Gevon Grant,steal,Gevon Grant Steals,,
North Central (IL) Cardinals,2025-11-12,101,H1,09:46 (H1),586.0,North Central (IL) Cardinals,Ethan Marlowe,foul,Ethan Marlowe Commits Personal Foul,,24 Gevon Grant > Transition > Ballhandler > Foul
North Central (IL) Cardinals,2025-11-12,102,H1,09:46 (H1),586.0,Aurora Spartans,Gevon Grant,free_throw_missed,Gevon Grant Misses Free Throw (1 of 2),,24 Gevon Grant > Non Possession > Free Throw
North Central (IL) Cardinals,2025-11-12,103,H1,09:46 (H1),586.0,Aurora Spartans,Aurora,team_deadball_rebound_offensive,Aurora Offensive Deadball Rebound,,
North Central (IL) Cardinals,2025-11-12,104,H1,09:46 (H1),586.0,Aurora Spartans,Gevon Grant,free_throw_made,Gevon Grant Makes Free Throw (2 of 2),,24 Gevon Grant > Non Possession > Free Throw
North Central (IL) Cardinals,2025-11-12,105,H1,09:46 (H1),586.0,North Central (IL) Cardinals,Ethan Marlowe,sub_out,Ethan Marlowe Subs Out,,
North Central (IL) Cardinals,2025-11-12,106,H1,09:46 (H1),586.0,North Central (IL) Cardinals,Tyler Swierczek,sub_in,Tyler Swierczek Subs In,,
North Central (IL) Cardinals,2025-11-12,107,H1,09:46 (H1),586.0,Aurora Spartans,Larry Carthan,sub_out,Larry Carthan Subs Out,,
North Central (IL) Cardinals,2025-11-12,108,H1,09:46 (H1),586.0,Aurora Spartans,Devon Richardson,sub_in,Devon Richardson Subs In,,
North Central (IL) Cardinals,2025-11-12,109,H1,09:32 (H1),572.0,Aurora Spartans,Zerrick Johnson,made_shot,Zerrick Johnson Makes 3PT Jump Shot,3,24 Gevon Grant > P&R Ball Handler > Left P&R > Side > Dribble Off Pick > Defense Commits > Ball Delivered > 13 Zerrick Johnson > Spot-Up > No Dribble Jumper > Open > Long/3pt > Make 3 Pts
North Central (IL) Cardinals,2025-11-12,110,H1,09:32 (H1),572.0,Aurora Spartans,Gevon Grant,assist,Gevon Grant Assists,,
North Central (IL) Cardinals,2025-11-12,111,H1,08:51 (H1),531.0,North Central (IL) Cardinals,Tyler Swierczek,missed_shot,Tyler Swierczek Misses 3PT Jump Shot,3,11 Tre Davis > P&R Ball Handler > High P&R > Dribble Off Pick > Defense Commits > Ball Delivered > 20 Tyler Swierczek > P&R Roll Man > Slips the Pick > No Dribble Jumper > Open > Long/3pt > Miss 3 Pts
North Central (IL) Cardinals,2025-11-12,112,H1,08:47 (H1),527.0,Aurora Spartans,Devon Richardson,rebound_defensive,Devon Richardson Defensive Rebound,,
North Central (IL) Cardinals,2025-11-12,113,H1,08:47 (H1),527.0,North Central (IL) Cardinals,,foul,Commits Foul,,
North Central (IL) Cardinals,2025-11-12,114,H1,08:47 (H1),527.0,Aurora Spartans,Alex Ross,free_throw_missed,Alex Ross Misses Free Throw (1 of 2),,30 Alex Ross > Non Possession > Free Throw
North Central (IL) Cardinals,2025-11-12,115,H1,08:47 (H1),527.0,Aurora Spartans,Aurora,team_deadball_rebound_offensive,Aurora Offensive Deadball Rebound,,
North Central (IL) Cardinals,2025-11-12,116,H1,08:47 (H1),527.0,Aurora Spartans,Alex Ross,free_throw_made,Alex Ross Makes Free Throw (2 of 2),,30 Alex Ross > Non Possession > Free Throw
North Central (IL) Cardinals,2025-11-12,117,H1,08:31 (H1),511.0,North Central (IL) Cardinals,,jump_ball_held,Jump Ball (Held Ball),,
North Central (IL) Cardinals,2025-11-12,118,H1,08:31 (H1),511.0,Aurora Spartans,,jump_ball_held,Jump Ball (Held Ball),,
North Central (IL) Cardinals,2025-11-12,119,H1,08:31 (H1),511.0,Aurora Spartans,Gevon Grant,turnover,Gevon Grant Turnover (Lost Ball),,24 Gevon Grant > Spot-Up > Drives Right > Turnover
North Central (IL) Cardinals,2025-11-12,120,H1,08:31 (H1),511.0,North Central (IL) Cardinals,Tre Davis,steal,Tre Davis Steals,,
North Central (IL) Cardinals,2025-11-12,121,H1,08:16 (H1),496.0,North Central (IL) Cardinals,Tyler Swierczek,made_shot,Tyler Swierczek Makes 2PT Layup,2,
North Central (IL) Cardinals,2025-11-12,122,H1,08:16 (H1),496.0,North Central (IL) Cardinals,James Bullock,assist,James Bullock Assists,,
North Central (IL) Cardinals,2025-11-12,123,H1,08:16 (H1),496.0,Aurora Spartans,Robert Hutson,foul,Robert Hutson Commits Personal Foul,,
North Central (IL) Cardinals,2025-11-12,124,H1,08:16 (H1),496.0,Aurora Spartans,Robert Hutson,sub_out,Robert Hutson Subs Out,,
North Central (IL) Cardinals,2025-11-12,125,H1,08:16 (H1),496.0,Aurora Spartans,Jeffery Hillmer,sub_in,Jeffery Hillmer Subs In,,
North Central (IL) Cardinals,2025-11-12,126,H1,08:15 (H1),495.0,North Central (IL) Cardinals,Tyler DiSilvio,free_throw_made,Tyler DiSilvio Makes Free Throw (1 of 1),,12 Tyler DiSilvio > Non Possession > Free Throw
North Central (IL) Cardinals,2025-11-12,127,H1,08:05 (H1),485.0,Aurora Spartans,Zerrick Johnson,made_shot,Zerrick Johnson Makes 2PT Layup,2,13 Zerrick Johnson > ISO > Left > Drives Left > To Basket > Make 2 Pts
North Central (IL) Cardinals,2025-11-12,128,H1,07:49 (H1),469.0,North Central (IL) Cardinals,Tyler DiSilvio,missed_shot,Tyler DiSilvio Misses 2PT Jump Shot,2,12 Tyler DiSilvio > P&R Ball Handler > Right P&R > Side > Dribble Off Pick > Dribble Jumper > Short to < 17' > Miss 2 Pts
North Central (IL) Cardinals,2025-11-12,129,H1,07:46 (H1),466.0,Aurora Spartans,Devon Richardson,rebound_defensive,Devon Richardson Defensive Rebound,,
North Central (IL) Cardinals,2025-11-12,130,H1,07:42 (H1),462.0,Aurora Spartans,Gevon Grant,made_shot,Gevon Grant Makes 2PT Layup,2,24 Gevon Grant > Transition > Ballhandler > To Basket > Make 2 Pts
North Central (IL) Cardinals,2025-11-12,131,H1,07:32 (H1),452.0,North Central (IL) Cardinals,Tyler Swierczek,made_shot,Tyler Swierczek Makes 3PT Jump Shot,3,20 Tyler Swierczek > Transition > Left Wing > No Dribble Jumper > Guarded > Long/3pt > Make 3 Pts
North Central (IL) Cardinals,2025-11-12,132,H1,07:32 (H1),452.0,North Central (IL) Cardinals,Sean Molloy,assist,Sean Molloy Assists,,
North Central (IL) Cardinals,2025-11-12,133,H1,07:20 (H1),440.0,Aurora Spartans,Alex Ross,missed_shot,Alex Ross Misses 3PT Jump Shot,3,30 Alex Ross > Spot-Up > No Dribble Jumper > Guarded > Long/3pt > Miss 3 Pts
North Central (IL) Cardinals,2025-11-12,134,H1,07:13 (H1),433.0,North Central (IL) Cardinals,Sean Molloy,rebound_defensive,Sean Molloy Defensive Rebound,,
North Central (IL) Cardinals,2025-11-12,135,H1,07:05 (H1),425.0,North Central (IL) Cardinals,Tyler Swierczek,missed_shot,Tyler Swierczek Misses 3PT Jump Shot,3,20 Tyler Swierczek > Spot-Up > No Dribble Jumper > Guarded > Long/3pt > Miss 3 Pts
North Central (IL) Cardinals,2025-11-12,136,H1,07:01 (H1),421.0,Aurora Spartans,Gevon Grant,rebound_defensive,Gevon Grant Defensive Rebound,,
North Central (IL) Cardinals,2025-11-12,137,H1,06:51 (H1),411.0,Aurora Spartans,Devon Richardson,missed_shot,Devon Richardson Misses 2PT Jump Shot,2,22 Devon Richardson > Post-Up > Flash Middle > Right Shoulder > Dribble Move > To Hook > Miss 2 Pts
North Central (IL) Cardinals,2025-11-12,138,H1,06:48 (H1),408.0,North Central (IL) Cardinals,Sean Molloy,rebound_defensive,Sean Molloy Defensive Rebound,,
North Central (IL) Cardinals,2025-11-12,139,H1,06:31 (H1),391.0,North Central (IL) Cardinals,Tyler Swierczek,missed_shot,Tyler Swierczek Misses 2PT Layup (Blocked),2,23 Sean Molloy > P&R Ball Handler > Left P&R > Side > Dribble Off Pick > Defense Commits > Ball Delivered > 20 Tyler Swierczek > Spot-Up > Drives Left > To Basket > Miss 2 Pts
North Central (IL) Cardinals,2025-11-12,140,H1,06:31 (H1),391.0,Aurora Spartans,Jeffery Hillmer,block,Jeffery Hillmer Blocks,,
North Central (IL) Cardinals,2025-11-12,141,H1,06:26 (H1),386.0,Aurora Spartans,Jeffery Hillmer,rebound_defensive,Jeffery Hillmer Defensive Rebound,,
North Central (IL) Cardinals,2025-11-12,142,H1,06:26 (H1),386.0,Aurora Spartans,Gevon Grant,foul,Gevon Grant Commits Offensive Foul,,
North Central (IL) Cardinals,2025-11-12,143,H1,06:26 (H1),386.0,Aurora Spartans,Gevon Grant,turnover,Gevon Grant Turnover (Offensive Foul),,24 Gevon Grant > Transition > Ballhandler > Turnover
North Central (IL) Cardinals,2025-11-12,144,H1,06:26 (H1),386.0,North Central (IL) Cardinals,Tyler DiSilvio,sub_out,Tyler DiSilvio Subs Out,,
North Central (IL) Cardinals,2025-11-12,145,H1,06:26 (H1),386.0,Aurora Spartans,Gevon Grant,sub_out,Gevon Grant Subs Out,,
North Central (IL) Cardinals,2025-11-12,146,H1,06:26 (H1),386.0,Aurora Spartans,Alex Ross,sub_out,Alex Ross Subs Out,,
North Central (IL) Cardinals,2025-11-12,147,H1,06:26 (H1),386.0,North Central (IL) Cardinals,James Bullock,sub_out,James Bullock Subs Out,,
North Central (IL) Cardinals,2025-11-12,148,H1,06:26 (H1),386.0,Aurora Spartans,Juan Madrigal,sub_in,Juan Madrigal Subs In,,
North Central (IL) Cardinals,2025-11-12,149,H1,06:26 (H1),386.0,Aurora Spartans,Bryden Gryzmala,sub_in,Bryden Gryzmala Subs In,,
North Central (IL) Cardinals,2025-11-12,150,H1,06:26 (H1),386.0,North Central (IL) Cardinals,Alejandro Diaz,sub_in,Alejandro Diaz Subs In,,
North Central (IL) Cardinals,2025-11-12,151,H1,06:26 (H1),386.0,North Central (IL) Cardinals,Justin Sveiteris,sub_in,Justin Sveiteris Subs In,,
North Central (IL) Cardinals,2025-11-12,152,H1,06:09 (H1),369.0,North Central (IL) Cardinals,Tre Davis,missed_shot,Tre Davis Misses 2PT Layup,2,11 Tre Davis > P&R Ball Handler > High P&R > Dribble Off Pick > To Basket > Miss 2 Pts
North Central (IL) Cardinals,2025-11-12,153,H1,06:08 (H1),368.0,North Central (IL) Cardinals,,team_deadball_rebound_offensive,Offensive Rebound,,
North Central (IL) Cardinals,2025-11-12,154,H1,06:08 (H1),368.0,Aurora Spartans,Jeffery Hillmer,sub_out,Jeffery Hillmer Subs Out,,
North Central (IL) Cardinals,2025-11-12,155,H1,06:08 (H1),368.0,Aurora Spartans,Isaiah Thompson,sub_in,Isaiah Thompson Subs In,,
North Central (IL) Cardinals,2025-11-12,156,H1,06:00 (H1),360.0,North Central (IL) Cardinals,Alejandro Diaz,missed_shot,Alejandro Diaz Misses 3PT Jump Shot,3,30 Alejandro Diaz > P&R Ball Handler > Right P&R > Side > Dribble Off Pick > Dribble Jumper > Long/3pt > Miss 3 Pts
North Central (IL) Cardinals,2025-11-12,157,H1,05:56 (H1),356.0,Aurora Spartans,Devon Richardson,rebound_defensive,Devon Richardson Defensive Rebound,,
North Central (IL) Cardinals,2025-11-12,158,H1,05:36 (H1),336.0,Aurora Spartans,Devon Richardson,missed_shot,Devon Richardson Misses 2PT Layup (Blocked),2,22 Devon Richardson > Spot-Up > Drives Left > To Basket > Miss 2 Pts
North Central (IL) Cardinals,2025-11-12,159,H1,05:36 (H1),336.0,North Central (IL) Cardinals,Justin Sveiteris,block,Justin Sveiteris Blocks,,
North Central (IL) Cardinals,2025-11-12,160,H1,05:28 (H1),328.0,North Central (IL) Cardinals,,team_deadball_rebound_defensive,Defensive Rebound,,
North Central (IL) Cardinals,2025-11-12,161,H1,05:19 (H1),319.0,North Central (IL) Cardinals,Tyler Swierczek,missed_shot,Tyler Swierczek Misses 3PT Jump Shot,3,20 Tyler Swierczek > Spot-Up > No Dribble Jumper > Guarded > Long/3pt > Miss 3 Pts
North Central (IL) Cardinals,2025-11-12,162,H1,05:16 (H1),316.0,North Central (IL) Cardinals,Alejandro Diaz,rebound_offensive,Alejandro Diaz Offensive Rebound,,
North Central (IL) Cardinals,2025-11-12,163,H1,05:14 (H1),314.0,North Central (IL) Cardinals,Tyler Swierczek,made_shot,Tyler Swierczek Makes 3PT Jump Shot,3,20 Tyler Swierczek > Spot-Up > No Dribble Jumper > Guarded > Long/3pt > Make 3 Pts
North Central (IL) Cardinals,2025-11-12,164,H1,05:14 (H1),314.0,North Central (IL) Cardinals,Alejandro Diaz,assist,Alejandro Diaz Assists,,
North Central (IL) Cardinals,2025-11-12,165,H1,04:50 (H1),290.0,Aurora Spartans,Bryden Gryzmala,made_shot,Bryden Gryzmala Makes 2PT Layup,2,1 Bryden Gryzmala > Spot-Up > Drives Left > To Basket > Make 2 Pts
North Central (IL) Cardinals,2025-11-12,166,H1,04:29 (H1),269.0,North Central (IL) Cardinals,Alejandro Diaz,missed_shot,Alejandro Diaz Misses 2PT Jump Shot,2,30 Alejandro Diaz > Spot-Up > Drives Right > Dribble Jumper > Short to < 17' > Miss 2 Pts
North Central (IL) Cardinals,2025-11-12,167,H1,04:24 (H1),264.0,Aurora Spartans,Isaiah Thompson,rebound_defensive,Isaiah Thompson Defensive Rebound,,
North Central (IL) Cardinals,2025-11-12,168,H1,04:05 (H1),245.0,Aurora Spartans,Devon Richardson,missed_shot,Devon Richardson Misses 2PT Dunk,2,2 Juan Madrigal > P&R Ball Handler > High P&R > Dribble Off Pick > Defense Commits > Ball Delivered > 22 Devon Richardson > P&R Roll Man > Rolls to Basket > Miss 2 Pts
North Central (IL) Cardinals,2025-11-12,169,H1,04:03 (H1),243.0,Aurora Spartans,,team_deadball_rebound_offensive,Offensive Rebound,,
North Central (IL) Cardinals,2025-11-12,170,H1,04:03 (H1),243.0,North Central (IL) Cardinals,Justin Sveiteris,sub_out,Justin Sveiteris Subs Out,,
North Central (IL) Cardinals,2025-11-12,171,H1,04:03 (H1),243.0,North Central (IL) Cardinals,James Bullock,sub_in,James Bullock Subs In,,
North Central (IL) Cardinals,2025-11-12,172,H1,04:03 (H1),243.0,Aurora Spartans,Bryden Gryzmala,sub_out,Bryden Gryzmala Subs Out,,
North Central (IL) Cardinals,2025-11-12,173,H1,04:03 (H1),243.0,Aurora Spartans,Devon Richardson,sub_out,Devon Richardson Subs Out,,
North Central (IL) Cardinals,2025-11-12,174,H1,04:03 (H1),243.0,Aurora Spartans,Cullen Rauls,sub_in,Cullen Rauls Subs In,,
North Central (IL) Cardinals,2025-11-12,175,H1,04:03 (H1),243.0,Aurora Spartans,Larry Carthan,sub_in,Larry Carthan Subs In,,
North Central (IL) Cardinals,2025-11-12,176,H1,03:56 (H1),236.0,Aurora Spartans,Larry Carthan,missed_shot,Larry Carthan Misses 2PT Layup,2,5 Larry Carthan > Post-Up > Right Block > Right Shoulder > Dribble Move > To Basket > Miss 2 Pts
North Central (IL) Cardinals,2025-11-12,177,H1,03:54 (H1),234.0,Aurora Spartans,,team_deadball_rebound_offensive,Offensive Rebound,,
North Central (IL) Cardinals,2025-11-12,178,H1,03:48 (H1),228.0,Aurora Spartans,Isaiah Thompson,missed_shot,Isaiah Thompson Misses 2PT Layup,2,21 Isaiah Thompson > ISO > Right > Drives Right > To Basket > Miss 2 Pts
North Central (IL) Cardinals,2025-11-12,179,H1,03:47 (H1),227.0,Aurora Spartans,Larry Carthan,rebound_offensive,Larry Carthan Offensive Rebound,,
North Central (IL) Cardinals,2025-11-12,180,H1,03:47 (H1),227.0,North Central (IL) Cardinals,Sean Molloy,foul,Sean Molloy Commits Personal Foul,,5 Larry Carthan > Offensive Rebound > Short > Scoring Attempt > At Basket > Foul
North Central (IL) Cardinals,2025-11-12,181,H1,03:47 (H1),227.0,Aurora Spartans,Larry Carthan,free_throw_made,Larry Carthan Makes Free Throw (1 of 2),,5 Larry Carthan > Non Possession > Free Throw
North Central (IL) Cardinals,2025-11-12,182,H1,03:47 (H1),227.0,Aurora Spartans,Larry Carthan,free_throw_made,Larry Carthan Makes Free Throw (2 of 2),,5 Larry Carthan > Non Possession > Free Throw
North Central (IL) Cardinals,2025-11-12,183,H1,03:47 (H1),227.0,Aurora Spartans,Zerrick Johnson,sub_out,Zerrick Johnson Subs Out,,
North Central (IL) Cardinals,2025-11-12,184,H1,03:47 (H1),227.0,Aurora Spartans,Jeffery Hillmer,sub_in,Jeffery Hillmer Subs In,,
North Central (IL) Cardinals,2025-11-12,185,H1,03:39 (H1),219.0,North Central (IL) Cardinals,Sean Molloy,turnover,Sean Molloy Turnover (Bad Pass),,23 Sean Molloy > Transition > Ballhandler > Turnover
North Central (IL) Cardinals,2025-11-12,186,H1,03:19 (H1),199.0,Aurora Spartans,Juan Madrigal,made_shot,Juan Madrigal Makes 2PT Jump Shot,2,2 Juan Madrigal > Off Screen > To Shooter's Right > Straight > Dribble Jumper > Short to < 17' > Make 2 Pts
North Central (IL) Cardinals,2025-11-12,187,H1,02:54 (H1),174.0,North Central (IL) Cardinals,Tre Davis,made_shot,Tre Davis Makes 2PT Jump Shot,2,11 Tre Davis > P&R Ball Handler > High P&R > Dribble Off Pick > Dribble Jumper > Medium/17' to <3p > Make 2 Pts
North Central (IL) Cardinals,2025-11-12,188,H1,02:47 (H1),167.0,Aurora Spartans,Juan Madrigal,foul,Juan Madrigal Commits Offensive Foul,,
North Central (IL) Cardinals,2025-11-12,189,H1,02:47 (H1),167.0,Aurora Spartans,Juan Madrigal,turnover,Juan Madrigal Turnover (Offensive Foul),,2 Juan Madrigal > Transition > Ballhandler > To Basket > Turnover
North Central (IL) Cardinals,2025-11-12,190,H1,02:47 (H1),167.0,North Central (IL) Cardinals,Alejandro Diaz,sub_out,Alejandro Diaz Subs Out,,
North Central (IL) Cardinals,2025-11-12,191,H1,02:47 (H1),167.0,North Central (IL) Cardinals,Tyler DiSilvio,sub_in,Tyler DiSilvio Subs In,,
North Central (IL) Cardinals,2025-11-12,192,H1,02:47 (H1),167.0,Aurora Spartans,Cullen Rauls,sub_out,Cullen Rauls Subs Out,,
North Central (IL) Cardinals,2025-11-12,193,H1,02:47 (H1),167.0,Aurora Spartans,Gevon Grant,sub_in,Gevon Grant Subs In,,
North Central (IL) Cardinals,2025-11-12,194,H1,02:35 (H1),155.0,North Central (IL) Cardinals,Tyler Swierczek,missed_shot,Tyler Swierczek Misses 3PT Jump Shot,3,20 Tyler Swierczek > Off Screen > To Shooter's Right > Straight > No Dribble Jumper > Guarded > Long/3pt > Miss 3 Pts
North Central (IL) Cardinals,2025-11-12,195,H1,02:30 (H1),150.0,Aurora Spartans,Gevon Grant,rebound_defensive,Gevon Grant Defensive Rebound,,
North Central (IL) Cardinals,2025-11-12,196,H1,02:23 (H1),143.0,Aurora Spartans,Jeffery Hillmer,missed_shot,Jeffery Hillmer Misses 2PT Layup,2,3 Jeffery Hillmer > Transition > Right Wing > To Basket > Miss 2 Pts
North Central (IL) Cardinals,2025-11-12,197,H1,02:21 (H1),141.0,Aurora Spartans,,team_deadball_rebound_offensive,Offensive Rebound,,
North Central (IL) Cardinals,2025-11-12,198,H1,02:16 (H1),136.0,Aurora Spartans,Larry Carthan,made_shot,Larry Carthan Makes 2PT Layup,2,5 Larry Carthan > Post-Up > Flash Middle > Left Shoulder > Dribble Move > To Hook > Make 2 Pts
North Central (IL) Cardinals,2025-11-12,199,H1,02:03 (H1),123.0,North Central (IL) Cardinals,Sean Molloy,sub_out,Sean Molloy Subs Out,,
North Central (IL) Cardinals,2025-11-12,200,H1,02:03 (H1),123.0,North Central (IL) Cardinals,Alejandro Diaz,sub_in,Alejandro Diaz Subs In,,
North Central (IL) Cardinals,2025-11-12,201,H1,02:02 (H1),122.0,North Central (IL) Cardinals,Alejandro Diaz,turnover,Alejandro Diaz Turnover (Bad Pass),,30 Alejandro Diaz > No Play Type > Turnover
North Central (IL) Cardinals,2025-11-12,202,H1,02:02 (H1),122.0,Aurora Spartans,Isaiah Thompson,steal,Isaiah Thompson Steals,,
North Central (IL) Cardinals,2025-11-12,203,H1,01:52 (H1),112.0,North Central (IL) Cardinals,Tre Davis,foul,Tre Davis Commits Personal Foul,,24 Gevon Grant > P&R Ball Handler > High P&R > Dribble Off Pick > To Basket > Foul
North Central (IL) Cardinals,2025-11-12,204,H1,01:52 (H1),112.0,Aurora Spartans,Gevon Grant,free_throw_made,Gevon Grant Makes Free Throw (1 of 2),,24 Gevon Grant > Non Possession > Free Throw
North Central (IL) Cardinals,2025-11-12,205,H1,01:52 (H1),112.0,Aurora Spartans,Gevon Grant,free_throw_made,Gevon Grant Makes Free Throw (2 of 2),,24 Gevon Grant > Non Possession > Free Throw
North Central (IL) Cardinals,2025-11-12,206,H1,01:52 (H1),112.0,North Central (IL) Cardinals,James Bullock,sub_out,James Bullock Subs Out,,
North Central (IL) Cardinals,2025-11-12,207,H1,01:52 (H1),112.0,North Central (IL) Cardinals,Justin Sveiteris,sub_in,Justin Sveiteris Subs In,,
North Central (IL) Cardinals,2025-11-12,208,H1,01:36 (H1),96.0,North Central (IL) Cardinals,Tyler DiSilvio,made_shot,Tyler DiSilvio Makes 2PT Layup,2,12 Tyler DiSilvio > Cut > Screen > Make 2 Pts
North Central (IL) Cardinals,2025-11-12,209,H1,01:36 (H1),96.0,North Central (IL) Cardinals,Justin Sveiteris,assist,Justin Sveiteris Assists,,
North Central (IL) Cardinals,2025-11-12,210,H1,01:17 (H1),77.0,Aurora Spartans,Gevon Grant,missed_shot,Gevon Grant Misses 2PT Layup,2,24 Gevon Grant > ISO > Top > Drives Right > To Basket > Miss 2 Pts
North Central (IL) Cardinals,2025-11-12,211,H1,01:14 (H1),74.0,North Central (IL) Cardinals,Justin Sveiteris,rebound_defensive,Justin Sveiteris Defensive Rebound,,
North Central (IL) Cardinals,2025-11-12,212,H1,01:06 (H1),66.0,North Central (IL) Cardinals,Tre Davis,missed_shot,Tre Davis Misses 2PT Layup,2,11 Tre Davis > Transition > Ballhandler > To Basket > Miss 2 Pts
North Central (IL) Cardinals,2025-11-12,213,H1,01:06 (H1),66.0,North Central (IL) Cardinals,,timeout,North Central (IL) Timeout,,
North Central (IL) Cardinals,2025-11-12,214,H1,01:04 (H1),64.0,North Central (IL) Cardinals,,team_deadball_rebound_offensive,Offensive Rebound,,
North Central (IL) Cardinals,2025-11-12,215,H1,00:51 (H1),51.0,North Central (IL) Cardinals,Tyler DiSilvio,missed_shot,Tyler DiSilvio Misses 2PT Layup (Blocked),2,12 Tyler DiSilvio > Post-Up > Right Block > Left Shoulder > Dribble Move > To Drop Step > Miss 2 Pts
North Central (IL) Cardinals,2025-11-12,216,H1,00:51 (H1),51.0,Aurora Spartans,Jeffery Hillmer,block,Jeffery Hillmer Blocks,,
North Central (IL) Cardinals,2025-11-12,217,H1,00:46 (H1),46.0,Aurora Spartans,Jeffery Hillmer,rebound_defensive,Jeffery Hillmer Defensive Rebound,,
North Central (IL) Cardinals,2025-11-12,218,H1,00:46 (H1),46.0,North Central (IL) Cardinals,Tre Davis,foul,Tre Davis Commits Personal Foul,,24 Gevon Grant > Transition > Ballhandler > To Basket > Foul
North Central (IL) Cardinals,2025-11-12,219,H1,00:46 (H1),46.0,Aurora Spartans,Gevon Grant,free_throw_made,Gevon Grant Makes Free Throw (1 of 2),,24 Gevon Grant > Non Possession > Free Throw
North Central (IL) Cardinals,2025-11-12,220,H1,00:46 (H1),46.0,Aurora Spartans,Gevon Grant,free_throw_missed,Gevon Grant Misses Free Throw (2 of 2),,24 Gevon Grant > Non Possession > Free Throw
North Central (IL) Cardinals,2025-11-12,221,H1,00:46 (H1),46.0,North Central (IL) Cardinals,Justin Sveiteris,sub_out,Justin Sveiteris Subs Out,,
North Central (IL) Cardinals,2025-11-12,222,H1,00:46 (H1),46.0,North Central (IL) Cardinals,Ethan Marlowe,sub_in,Ethan Marlowe Subs In,,
North Central (IL) Cardinals,2025-11-12,223,H1,00:46 (H1),46.0,North Central (IL) Cardinals,Ethan Marlowe,rebound_defensive,Ethan Marlowe Defensive Rebound,,
North Central (IL) Cardinals,2025-11-12,224,H1,00:24 (H1),24.0,North Central (IL) Cardinals,Tyler DiSilvio,turnover,Tyler DiSilvio Turnover,,12 Tyler DiSilvio > Post-Up > Left Block > Left Shoulder > Dribble Move > Turnover
North Central (IL) Cardinals,2025-11-12,225,H1,00:24 (H1),24.0,North Central (IL) Cardinals,Ethan Marlowe,sub_out,Ethan Marlowe Subs Out,,
North Central (IL) Cardinals,2025-11-12,226,H1,00:24 (H1),24.0,North Central (IL) Cardinals,Justin Sveiteris,sub_in,Justin Sveiteris Subs In,,
North Central (IL) Cardinals,2025-11-12,227,H1,00:24 (H1),24.0,Aurora Spartans,Larry Carthan,sub_out,Larry Carthan Subs Out,,
North Central (IL) Cardinals,2025-11-12,228,H1,00:24 (H1),24.0,Aurora Spartans,Devon Richardson,sub_in,Devon Richardson Subs In,,
North Central (IL) Cardinals,2025-11-12,229,H1,00:03 (H1),3.0,Aurora Spartans,Gevon Grant,missed_shot,Gevon Grant Misses 2PT Jump Shot,2,24 Gevon Grant > Post-Up > Left Block > Right Shoulder > Dribble Move > To Jumper > Miss 2 Pts
North Central (IL) Cardinals,2025-11-12,230,H1,00:00 (H1),0.0,North Central (IL) Cardinals,Tyler DiSilvio,rebound_defensive,Tyler DiSilvio Defensive Rebound,,
North Central (IL) Cardinals,2025-11-12,231,H1,,,,,period_marker,End 1st Half,,
North Central (IL) Cardinals,2025-11-12,232,H1,,,,,period_marker,Start 2nd Half,,
North Central (IL) Cardinals,2025-11-12,233,H2,19:30 (H2),1170.0,Aurora Spartans,Jeffery Hillmer,missed_shot,Jeffery Hillmer Misses 3PT Jump Shot,3,2 Juan Madrigal > Post-Up > Left Block > Left Shoulder > Dribble Move > Defense Commits > Ball Delivered > 3 Jeffery Hillmer > Spot-Up > No Dribble Jumper > Guarded > Long/3pt > Miss 3 Pts
North Central (IL) Cardinals,2025-11-12,234,H2,19:26 (H2),1166.0,North Central (IL) Cardinals,Ethan Marlowe,rebound_defensive,Ethan Marlowe Defensive Rebound,,
North Central (IL) Cardinals,2025-11-12,235,H2,19:24 (H2),1164.0,North Central (IL) Cardinals,Tyler Swierczek,made_shot,Tyler Swierczek Makes 2PT Layup,2,20 Tyler Swierczek > Transition > Leak Outs > To Basket > Make 2 Pts
North Central (IL) Cardinals,2025-11-12,236,H2,19:24 (H2),1164.0,North Central (IL) Cardinals,Ethan Marlowe,assist,Ethan Marlowe Assists,,
North Central (IL) Cardinals,2025-11-12,237,H2,18:52 (H2),1132.0,North Central (IL) Cardinals,Ethan Marlowe,foul,Ethan Marlowe Commits Personal Foul,,22 Devon Richardson > Post-Up > Right Block > Face-up > Drive Baseline > Foul
North Central (IL) Cardinals,2025-11-12,238,H2,18:52 (H2),1132.0,Aurora Spartans,Devon Richardson,free_throw_missed,Devon Richardson Misses Free Throw (1 of 2),,22 Devon Richardson > Non Possession > Free Throw
North Central (IL) Cardinals,2025-11-12,239,H2,18:52 (H2),1132.0,Aurora Spartans,Aurora,team_deadball_rebound_offensive,Aurora Offensive Deadball Rebound,,
North Central (IL) Cardinals,2025-11-12,240,H2,18:52 (H2),1132.0,Aurora Spartans,Devon Richardson,free_throw_missed,Devon Richardson Misses Free Throw (2 of 2),,22 Devon Richardson > Non Possession > Free Throw
North Central (IL) Cardinals,2025-11-12,241,H2,18:52 (H2),1132.0,North Central (IL) Cardinals,Tyler Swierczek,rebound_defensive,Tyler Swierczek Defensive Rebound,,
North Central (IL) Cardinals,2025-11-12,242,H2,18:32 (H2),1112.0,North Central (IL) Cardinals,Tyler Swierczek,missed_shot,Tyler Swierczek Misses 2PT Jump Shot,2,20 Tyler Swierczek > Off Screen > To Shooter's Right > Straight > Dribble Jumper > Short to < 17' > Miss 2 Pts
North Central (IL) Cardinals,2025-11-12,243,H2,18:28 (H2),1108.0,Aurora Spartans,Bryden Gryzmala,rebound_defensive,Bryden Gryzmala Defensive Rebound,,
North Central (IL) Cardinals,2025-11-12,244,H2,18:10 (H2),1090.0,Aurora Spartans,Devon Richardson,made_shot,Devon Richardson Makes 2PT Layup,2,22 Devon Richardson > ISO > Top > Drives Right > To Basket > Make 2 Pts Foul > 1 Pts
North Central (IL) Cardinals,2025-11-12,245,H2,18:10 (H2),1090.0,North Central (IL) Cardinals,Ethan Marlowe,foul,Ethan Marlowe Commits Personal Foul,,
North Central (IL) Cardinals,2025-11-12,246,H2,18:10 (H2),1090.0,Aurora Spartans,Devon Richardson,free_throw_made,Devon Richardson Makes Free Throw (1 of 1),,22 Devon Richardson > Non Possession > Free Throw
North Central (IL) Cardinals,2025-11-12,247,H2,18:10 (H2),1090.0,North Central (IL) Cardinals,Ethan Marlowe,sub_out,Ethan Marlowe Subs Out,,
North Central (IL) Cardinals,2025-11-12,248,H2,18:10 (H2),1090.0,North Central (IL) Cardinals,Justin Sveiteris,sub_in,Justin Sveiteris Subs In,,
North Central (IL) Cardinals,2025-11-12,249,H2,18:02 (H2),1082.0,North Central (IL) Cardinals,Tyler Swierczek,missed_shot,Tyler Swierczek Misses 3PT Jump Shot,3,20 Tyler Swierczek > Transition > Right Wing > No Dribble Jumper > Guarded > Long/3pt > Miss 3 Pts
North Central (IL) Cardinals,2025-11-12,250,H2,17:58 (H2),1078.0,North Central (IL) Cardinals,Tyler Swierczek,rebound_offensive,Tyler Swierczek Offensive Rebound,,
North Central (IL) Cardinals,2025-11-12,251,H2,17:45 (H2),1065.0,North Central (IL) Cardinals,Alejandro Diaz,missed_shot,Alejandro Diaz Misses 2PT Jump Shot,2,30 Alejandro Diaz > Post-Up > Left Block > Left Shoulder > Dribble Move > To Jumper > Miss 2 Pts
North Central (IL) Cardinals,2025-11-12,252,H2,17:43 (H2),1063.0,North Central (IL) Cardinals,,team_deadball_rebound_offensive,Offensive Rebound,,
North Central (IL) Cardinals,2025-11-12,253,H2,17:43 (H2),1063.0,Aurora Spartans,Jeffery Hillmer,foul,Jeffery Hillmer Commits Personal Foul,,
North Central (IL) Cardinals,2025-11-12,254,H2,17:43 (H2),1063.0,Aurora Spartans,Juan Madrigal,sub_out,Juan Madrigal Subs Out,,
North Central (IL) Cardinals,2025-11-12,255,H2,17:43 (H2),1063.0,Aurora Spartans,Robert Hutson,sub_in,Robert Hutson Subs In,,
North Central (IL) Cardinals,2025-11-12,256,H2,17:37 (H2),1057.0,North Central (IL) Cardinals,Tyler DiSilvio,made_shot,Tyler DiSilvio Makes 3PT Jump Shot,3,12 Tyler DiSilvio > Spot-Up > No Dribble Jumper > Guarded > Long/3pt > Make 3 Pts
North Central (IL) Cardinals,2025-11-12,257,H2,17:37 (H2),1057.0,North Central (IL) Cardinals,Alejandro Diaz,assist,Alejandro Diaz Assists,,
North Central (IL) Cardinals,2025-11-12,258,H2,17:17 (H2),1037.0,Aurora Spartans,Robert Hutson,made_shot,Robert Hutson Makes 3PT Jump Shot,3,12 Robert Hutson > Spot-Up > No Dribble Jumper > Guarded > Long/3pt > Make 3 Pts
North Central (IL) Cardinals,2025-11-12,259,H2,17:17 (H2),1037.0,Aurora Spartans,Devon Richardson,assist,Devon Richardson Assists,,
North Central (IL) Cardinals,2025-11-12,260,H2,17:05 (H2),1025.0,North Central (IL) Cardinals,Alejandro Diaz,turnover,Alejandro Diaz Turnover (Bad Pass),,30 Alejandro Diaz > No Play Type > Turnover
North Central (IL) Cardinals,2025-11-12,261,H2,16:48 (H2),1008.0,Aurora Spartans,Bryden Gryzmala,made_shot,Bryden Gryzmala Makes 3PT Jump Shot,3,1 Bryden Gryzmala > ISO > Right > Early Jumper > No Dribble Jumper > Guarded > Long/3pt > Make 3 Pts
North Central (IL) Cardinals,2025-11-12,262,H2,16:28 (H2),988.0,North Central (IL) Cardinals,Tyler DiSilvio,missed_shot,Tyler DiSilvio Misses 3PT Jump Shot,3,44 Justin Sveiteris > Post-Up > Right Block > Defense Commits > Ball Delivered > 12 Tyler DiSilvio > Spot-Up > No Dribble Jumper > Open > Long/3pt > Miss 3 Pts
North Central (IL) Cardinals,2025-11-12,263,H2,16:25 (H2),985.0,North Central (IL) Cardinals,Justin Sveiteris,rebound_offensive,Justin Sveiteris Offensive Rebound,,
North Central (IL) Cardinals,2025-11-12,264,H2,16:25 (H2),985.0,Aurora Spartans,Zerrick Johnson,foul,Zerrick Johnson Commits Personal Foul,,44 Justin Sveiteris > Offensive Rebound > Short > Scoring Attempt > At Basket > Foul
North Central (IL) Cardinals,2025-11-12,265,H2,16:25 (H2),985.0,North Central (IL) Cardinals,Justin Sveiteris,free_throw_made,Justin Sveiteris Makes Free Throw (1 of 2),,44 Justin Sveiteris > Non Possession > Free Throw
North Central (IL) Cardinals,2025-11-12,266,H2,16:25 (H2),985.0,North Central (IL) Cardinals,Justin Sveiteris,free_throw_missed,Justin Sveiteris Misses Free Throw (2 of 2),,44 Justin Sveiteris > Non Possession > Free Throw
North Central (IL) Cardinals,2025-11-12,267,H2,16:25 (H2),985.0,North Central (IL) Cardinals,Sean Molloy,sub_out,Sean Molloy Subs Out,,
North Central (IL) Cardinals,2025-11-12,268,H2,16:25 (H2),985.0,North Central (IL) Cardinals,Tre Davis,sub_in,Tre Davis Subs In,,
North Central (IL) Cardinals,2025-11-12,269,H2,16:23 (H2),983.0,Aurora Spartans,Zerrick Johnson,rebound_defensive,Zerrick Johnson Defensive Rebound,,
North Central (IL) Cardinals,2025-11-12,270,H2,16:17 (H2),977.0,North Central (IL) Cardinals,Tyler Swierczek,foul,Tyler Swierczek Commits Personal Foul,,1 Bryden Gryzmala > P&R Ball Handler > High P&R > Dribble Off Pick > To Basket > Foul
North Central (IL) Cardinals,2025-11-12,271,H2,16:17 (H2),977.0,Aurora Spartans,Bryden Gryzmala,free_throw_made,Bryden Gryzmala Makes Free Throw (1 of 2),,1 Bryden Gryzmala > Non Possession > Free Throw
North Central (IL) Cardinals,2025-11-12,272,H2,16:17 (H2),977.0,Aurora Spartans,Bryden Gryzmala,free_throw_made,Bryden Gryzmala Makes Free Throw (2 of 2),,1 Bryden Gryzmala > Non Possession > Free Throw
North Central (IL) Cardinals,2025-11-12,273,H2,15:58 (H2),958.0,North Central (IL) Cardinals,Tyler Swierczek,made_shot,Tyler Swierczek Makes 3PT Jump Shot,3,20 Tyler Swierczek > Off Screen > To Shooter's Right > Straight > No Dribble Jumper > Guarded > Long/3pt > Make 3 Pts
North Central (IL) Cardinals,2025-11-12,274,H2,15:58 (H2),958.0,North Central (IL) Cardinals,Alejandro Diaz,assist,Alejandro Diaz Assists,,
North Central (IL) Cardinals,2025-11-12,275,H2,15:37 (H2),937.0,Aurora Spartans,Bryden Gryzmala,sub_out,Bryden Gryzmala Subs Out,,
North Central (IL) Cardinals,2025-11-12,276,H2,15:37 (H2),937.0,Aurora Spartans,Zerrick Johnson,sub_out,Zerrick Johnson Subs Out,,
North Central (IL) Cardinals,2025-11-12,277,H2,15:37 (H2),937.0,Aurora Spartans,Cullen Rauls,sub_in,Cullen Rauls Subs In,,
North Central (IL) Cardinals,2025-11-12,278,H2,15:37 (H2),937.0,Aurora Spartans,Gevon Grant,sub_in,Gevon Grant Subs In,,
North Central (IL) Cardinals,2025-11-12,279,H2,15:29 (H2),929.0,Aurora Spartans,Gevon Grant,missed_shot,Gevon Grant Misses 3PT Jump Shot,3,24 Gevon Grant > P&R Ball Handler > Right P&R > Side > Takes Early Jump Shot > No Dribble Jumper > Guarded > Long/3pt > Miss 3 Pts
North Central (IL) Cardinals,2025-11-12,280,H2,15:27 (H2),927.0,Aurora Spartans,,team_deadball_rebound_offensive,Offensive Rebound,,
North Central (IL) Cardinals,2025-11-12,281,H2,15:27 (H2),927.0,North Central (IL) Cardinals,Justin Sveiteris,foul,Justin Sveiteris Commits Personal Foul,,
North Central (IL) Cardinals,2025-11-12,282,H2,15:19 (H2),919.0,Aurora Spartans,Devon Richardson,missed_shot,Devon Richardson Misses 2PT Layup,2,22 Devon Richardson > Post-Up > Left Block > Left Shoulder > Dribble Move > To Hook > Miss 2 Pts
North Central (IL) Cardinals,2025-11-12,283,H2,15:18 (H2),918.0,Aurora Spartans,Devon Richardson,rebound_offensive,Devon Richardson Offensive Rebound,,
North Central (IL) Cardinals,2025-11-12,284,H2,15:18 (H2),918.0,North Central (IL) Cardinals,Justin Sveiteris,foul,Justin Sveiteris Commits Personal Foul,,
North Central (IL) Cardinals,2025-11-12,285,H2,15:14 (H2),914.0,Aurora Spartans,Robert Hutson,made_shot,Robert Hutson Makes 2PT Layup,2,12 Robert Hutson > Spot-Up > Drives Right > To Basket > Make 2 Pts
North Central (IL) Cardinals,2025-11-12,286,H2,14:49 (H2),889.0,North Central (IL) Cardinals,Tyler DiSilvio,missed_shot,Tyler DiSilvio Misses 2PT Layup,2,12 Tyler DiSilvio > Hand Off > From Dribble > Left > To Basket > Miss 2 Pts
North Central (IL) Cardinals,2025-11-12,287,H2,14:45 (H2),885.0,Aurora Spartans,Cullen Rauls,rebound_defensive,Cullen Rauls Defensive Rebound,,
North Central (IL) Cardinals,2025-11-12,288,H2,14:40 (H2),880.0,Aurora Spartans,Robert Hutson,missed_shot,Robert Hutson Misses 3PT Jump Shot,3,12 Robert Hutson > Transition > Left Wing > No Dribble Jumper > Open > Long/3pt > Miss 3 Pts
North Central (IL) Cardinals,2025-11-12,289,H2,14:36 (H2),876.0,Aurora Spartans,Jeffery Hillmer,rebound_offensive,Jeffery Hillmer Offensive Rebound,,
North Central (IL) Cardinals,2025-11-12,290,H2,14:29 (H2),869.0,Aurora Spartans,Gevon Grant,missed_shot,Gevon Grant Misses 2PT Layup,2,24 Gevon Grant > ISO > Top > Drives Right > To Basket > Miss 2 Pts
North Central (IL) Cardinals,2025-11-12,291,H2,14:26 (H2),866.0,North Central (IL) Cardinals,Tre Davis,rebound_defensive,Tre Davis Defensive Rebound,,
North Central (IL) Cardinals,2025-11-12,292,H2,14:13 (H2),853.0,Aurora Spartans,Cullen Rauls,foul,Cullen Rauls Commits Personal Foul,,30 Alejandro Diaz > Non Possession > Non Shooting Foul
North Central (IL) Cardinals,2025-11-12,293,H2,14:13 (H2),853.0,North Central (IL) Cardinals,Tyler DiSilvio,sub_out,Tyler DiSilvio Subs Out,,
North Central (IL) Cardinals,2025-11-12,294,H2,14:13 (H2),853.0,North Central (IL) Cardinals,Justin Sveiteris,sub_out,Justin Sveiteris Subs Out,,
North Central (IL) Cardinals,2025-11-12,295,H2,14:13 (H2),853.0,Aurora Spartans,Jeffery Hillmer,sub_out,Jeffery Hillmer Subs Out,,
North Central (IL) Cardinals,2025-11-12,296,H2,14:13 (H2),853.0,Aurora Spartans,Devon Richardson,sub_out,Devon Richardson Subs Out,,
North Central (IL) Cardinals,2025-11-12,297,H2,14:13 (H2),853.0,North Central (IL) Cardinals,Jaydon James,sub_in,Jaydon James Subs In,,
North Central (IL) Cardinals,2025-11-12,298,H2,14:13 (H2),853.0,North Central (IL) Cardinals,Sean Molloy,sub_in,Sean Molloy Subs In,,
North Central (IL) Cardinals,2025-11-12,299,H2,14:13 (H2),853.0,Aurora Spartans,Juan Madrigal,sub_in,Juan Madrigal Subs In,,
North Central (IL) Cardinals,2025-11-12,300,H2,14:13 (H2),853.0,Aurora Spartans,Larry Carthan,sub_in,Larry Carthan Subs In,,
North Central (IL) Cardinals,2025-11-12,301,H2,14:09 (H2),849.0,North Central (IL) Cardinals,Tre Davis,made_shot,Tre Davis Makes 2PT Jump Shot,2,11 Tre Davis > Hand Off > From Dribble > Right > Dribble Jumper > Medium/17' to <3p > Make 2 Pts
North Central (IL) Cardinals,2025-11-12,302,H2,14:09 (H2),849.0,North Central (IL) Cardinals,Sean Molloy,assist,Sean Molloy Assists,,
North Central (IL) Cardinals,2025-11-12,303,H2,13:50 (H2),830.0,North Central (IL) Cardinals,,jump_ball_held,Jump Ball (Held Ball),,
North Central (IL) Cardinals,2025-11-12,304,H2,13:50 (H2),830.0,Aurora Spartans,,jump_ball_held,Jump Ball (Held Ball),,
North Central (IL) Cardinals,2025-11-12,305,H2,13:50 (H2),830.0,Aurora Spartans,Larry Carthan,turnover,Larry Carthan Turnover (Lost Ball),,5 Larry Carthan > Post-Up > Left Block > Right Shoulder > Dribble Move > To Drop Step > Turnover
North Central (IL) Cardinals,2025-11-12,306,H2,13:50 (H2),830.0,North Central (IL) Cardinals,Jaydon James,steal,Jaydon James Steals,,
North Central (IL) Cardinals,2025-11-12,307,H2,13:38 (H2),818.0,North Central (IL) Cardinals,Tyler Swierczek,made_shot,Tyler Swierczek Makes 3PT Jump Shot,3,20 Tyler Swierczek > Transition > Left Wing > No Dribble Jumper > Guarded > Long/3pt > Make 3 Pts
North Central (IL) Cardinals,2025-11-12,308,H2,13:38 (H2),818.0,North Central (IL) Cardinals,Sean Molloy,assist,Sean Molloy Assists,,
North Central (IL) Cardinals,2025-11-12,309,H2,13:15 (H2),795.0,Aurora Spartans,Robert Hutson,made_shot,Robert Hutson Makes 2PT Dunk,2,24 Gevon Grant > ISO > Right > Drives Right > Defense Commits > Ball Delivered > 12 Robert Hutson > Cut > Basket > Make 2 Pts
North Central (IL) Cardinals,2025-11-12,310,H2,13:15 (H2),795.0,Aurora Spartans,Gevon Grant,assist,Gevon Grant Assists,,
North Central (IL) Cardinals,2025-11-12,311,H2,12:54 (H2),774.0,North Central (IL) Cardinals,Alejandro Diaz,turnover,Alejandro Diaz Turnover (Bad Pass),,30 Alejandro Diaz > No Play Type > Turnover
North Central (IL) Cardinals,2025-11-12,312,H2,12:54 (H2),774.0,Aurora Spartans,Gevon Grant,steal,Gevon Grant Steals,,
North Central (IL) Cardinals,2025-11-12,313,H2,12:51 (H2),771.0,North Central (IL) Cardinals,Jaydon James,foul,Jaydon James Commits Personal Foul,,24 Gevon Grant > Transition > Ballhandler > To Basket > Foul
North Central (IL) Cardinals,2025-11-12,314,H2,12:51 (H2),771.0,Aurora Spartans,Gevon Grant,free_throw_made,Gevon Grant Makes Free Throw (1 of 2),,24 Gevon Grant > Non Possession > Free Throw
North Central (IL) Cardinals,2025-11-12,315,H2,12:51 (H2),771.0,Aurora Spartans,Gevon Grant,free_throw_made,Gevon Grant Makes Free Throw (2 of 2),,24 Gevon Grant > Non Possession > Free Throw
North Central (IL) Cardinals,2025-11-12,316,H2,12:51 (H2),771.0,Aurora Spartans,Cullen Rauls,sub_out,Cullen Rauls Subs Out,,
North Central (IL) Cardinals,2025-11-12,317,H2,12:51 (H2),771.0,Aurora Spartans,Bryden Gryzmala,sub_in,Bryden Gryzmala Subs In,,
North Central (IL) Cardinals,2025-11-12,318,H2,12:42 (H2),762.0,North Central (IL) Cardinals,Tyler Swierczek,missed_shot,Tyler Swierczek Misses 3PT Jump Shot,3,20 Tyler Swierczek > Transition > Left Wing > No Dribble Jumper > Guarded > Long/3pt > Miss 3 Pts
North Central (IL) Cardinals,2025-11-12,319,H2,12:39 (H2),759.0,North Central (IL) Cardinals,Jaydon James,rebound_offensive,Jaydon James Offensive Rebound,,
North Central (IL) Cardinals,2025-11-12,320,H2,12:38 (H2),758.0,North Central (IL) Cardinals,Tre Davis,missed_shot,Tre Davis Misses 3PT Jump Shot,3,11 Tre Davis > Spot-Up > No Dribble Jumper > Open > Long/3pt > Miss 3 Pts
North Central (IL) Cardinals,2025-11-12,321,H2,12:34 (H2),754.0,Aurora Spartans,Larry Carthan,rebound_defensive,Larry Carthan Defensive Rebound,,
North Central (IL) Cardinals,2025-11-12,322,H2,12:17 (H2),737.0,Aurora Spartans,Robert Hutson,turnover,Robert Hutson Turnover (Bad Pass),,1 Bryden Gryzmala > ISO > Top > Drives Left > Defense Commits > Ball Delivered > 12 Robert Hutson > Spot-Up > Drives Left > Turnover
North Central (IL) Cardinals,2025-11-12,323,H2,12:17 (H2),737.0,Aurora Spartans,Robert Hutson,sub_out,Robert Hutson Subs Out,,
North Central (IL) Cardinals,2025-11-12,324,H2,12:17 (H2),737.0,Aurora Spartans,Jeffery Hillmer,sub_in,Jeffery Hillmer Subs In,,
North Central (IL) Cardinals,2025-11-12,325,H2,12:01 (H2),721.0,North Central (IL) Cardinals,Sean Molloy,missed_shot,Sean Molloy Misses 2PT Jump Shot,2,23 Sean Molloy > P&R Ball Handler > High P&R > Dribble Off Pick > Dribble Jumper > Short to < 17' > Miss 2 Pts
North Central (IL) Cardinals,2025-11-12,326,H2,11:54 (H2),714.0,Aurora Spartans,Larry Carthan,rebound_defensive,Larry Carthan Defensive Rebound,,
North Central (IL) Cardinals,2025-11-12,327,H2,11:37 (H2),697.0,Aurora Spartans,Bryden Gryzmala,made_shot,Bryden Gryzmala Makes 2PT Layup,2,1 Bryden Gryzmala > ISO > Top > Drives Left > To Basket > Make 2 Pts
North Central (IL) Cardinals,2025-11-12,328,H2,11:21 (H2),681.0,North Central (IL) Cardinals,Tyler Swierczek,foul,Tyler Swierczek Commits Offensive Foul,,
North Central (IL) Cardinals,2025-11-12,329,H2,11:21 (H2),681.0,North Central (IL) Cardinals,Tyler Swierczek,turnover,Tyler Swierczek Turnover (Offensive Foul),,20 Tyler Swierczek > No Play Type > Turnover
North Central (IL) Cardinals,2025-11-12,330,H2,11:21 (H2),681.0,North Central (IL) Cardinals,Tyler Swierczek,sub_out,Tyler Swierczek Subs Out,,
North Central (IL) Cardinals,2025-11-12,331,H2,11:21 (H2),681.0,North Central (IL) Cardinals,James Bullock,sub_in,James Bullock Subs In,,
North Central (IL) Cardinals,2025-11-12,332,H2,11:21 (H2),681.0,Aurora Spartans,Larry Carthan,sub_out,Larry Carthan Subs Out,,
North Central (IL) Cardinals,2025-11-12,333,H2,11:21 (H2),681.0,Aurora Spartans,Devon Richardson,sub_in,Devon Richardson Subs In,,
North Central (IL) Cardinals,2025-11-12,334,H2,11:13 (H2),673.0,North Central (IL) Cardinals,Sean Molloy,foul,Sean Molloy Commits Personal Foul,,24 Gevon Grant > P&R Ball Handler > High P&R > Dribble Off Pick > To Basket > Foul
North Central (IL) Cardinals,2025-11-12,335,H2,11:13 (H2),673.0,North Central (IL) Cardinals,,timeout,North Central (IL) Timeout,,
North Central (IL) Cardinals,2025-11-12,336,H2,11:13 (H2),673.0,Aurora Spartans,Gevon Grant,free_throw_missed,Gevon Grant Misses Free Throw (1 of 2),,24 Gevon Grant > Non Possession > Free Throw
North Central (IL) Cardinals,2025-11-12,337,H2,11:13 (H2),673.0,Aurora Spartans,Aurora,team_deadball_rebound_offensive,Aurora Offensive Deadball Rebound,,
North Central (IL) Cardinals,2025-11-12,338,H2,11:13 (H2),673.0,Aurora Spartans,Gevon Grant,free_throw_made,Gevon Grant Makes Free Throw (2 of 2),,24 Gevon Grant > Non Possession > Free Throw
North Central (IL) Cardinals,2025-11-12,339,H2,11:12 (H2),672.0,Aurora Spartans,Juan Madrigal,foul,Juan Madrigal Commits Personal Foul,,23 Sean Molloy > Transition > Leak Outs > To Basket > Foul
North Central (IL) Cardinals,2025-11-12,340,H2,11:10 (H2),670.0,North Central (IL) Cardinals,Sean Molloy,free_throw_missed,Sean Molloy Misses Free Throw (1 of 2),,23 Sean Molloy > Non Possession > Free Throw
North Central (IL) Cardinals,2025-11-12,341,H2,11:10 (H2),670.0,North Central (IL) Cardinals,North Central (IL),team_deadball_rebound_offensive,North Central (IL) Offensive Deadball Rebound,,
North Central (IL) Cardinals,2025-11-12,342,H2,11:10 (H2),670.0,North Central (IL) Cardinals,Sean Molloy,free_throw_made,Sean Molloy Makes Free Throw (2 of 2),,23 Sean Molloy > Non Possession > Free Throw
North Central (IL) Cardinals,2025-11-12,343,H2,10:45 (H2),645.0,Aurora Spartans,Devon Richardson,made_shot,Devon Richardson Makes 2PT Layup,2,22 Devon Richardson > Post-Up > Left Block > Left Shoulder > Dribble Move > To Basket > Make 2 Pts
North Central (IL) Cardinals,2025-11-12,344,H2,10:35 (H2),635.0,North Central (IL) Cardinals,James Bullock,made_shot,James Bullock Makes 2PT Layup,2,22 James Bullock > Transition > First Middle > To Basket > Make 2 Pts
North Central (IL) Cardinals,2025-11-12,345,H2,10:35 (H2),635.0,North Central (IL) Cardinals,Alejandro Diaz,assist,Alejandro Diaz Assists,,
North Central (IL) Cardinals,2025-11-12,346,H2,10:14 (H2),614.0,Aurora Spartans,Devon Richardson,made_shot,Devon Richardson Makes 2PT Layup,2,22 Devon Richardson > No Play Type > To Basket > Make 2 Pts
North Central (IL) Cardinals,2025-11-12,347,H2,10:06 (H2),606.0,Aurora Spartans,Juan Madrigal,foul,Juan Madrigal Commits Personal Foul,,11 Tre Davis > Non Possession > Non Shooting Foul
North Central (IL) Cardinals,2025-11-12,348,H2,10:06 (H2),606.0,North Central (IL) Cardinals,James Bullock,sub_out,James Bullock Subs Out,,
North Central (IL) Cardinals,2025-11-12,349,H2,10:06 (H2),606.0,North Central (IL) Cardinals,Justin Sveiteris,sub_in,Justin Sveiteris Subs In,,
North Central (IL) Cardinals,2025-11-12,350,H2,10:06 (H2),606.0,Aurora Spartans,Juan Madrigal,sub_out,Juan Madrigal Subs Out,,
North Central (IL) Cardinals,2025-11-12,351,H2,10:06 (H2),606.0,Aurora Spartans,Jeffery Hillmer,sub_out,Jeffery Hillmer Subs Out,,
North Central (IL) Cardinals,2025-11-12,352,H2,10:06 (H2),606.0,Aurora Spartans,Robert Hutson,sub_in,Robert Hutson Subs In,,
North Central (IL) Cardinals,2025-11-12,353,H2,10:06 (H2),606.0,Aurora Spartans,Zerrick Johnson,sub_in,Zerrick Johnson Subs In,,
North Central (IL) Cardinals,2025-11-12,354,H2,09:55 (H2),595.0,North Central (IL) Cardinals,Tre Davis,missed_shot,Tre Davis Misses 3PT Jump Shot,3,11 Tre Davis > P&R Ball Handler > High P&R > Dribble Off Pick > Dribble Jumper > Long/3pt > Miss 3 Pts
North Central (IL) Cardinals,2025-11-12,355,H2,09:50 (H2),590.0,North Central (IL) Cardinals,Jaydon James,rebound_offensive,Jaydon James Offensive Rebound,,
North Central (IL) Cardinals,2025-11-12,356,H2,09:43 (H2),583.0,North Central (IL) Cardinals,Sean Molloy,missed_shot,Sean Molloy Misses 2PT Jump Shot,2,23 Sean Molloy > P&R Ball Handler > Left P&R > Side > Go Away from Pick > To Basket > Miss 2 Pts
North Central (IL) Cardinals,2025-11-12,357,H2,09:40 (H2),580.0,North Central (IL) Cardinals,,jump_ball_held,Jump Ball (Held Ball),,
North Central (IL) Cardinals,2025-11-12,358,H2,09:40 (H2),580.0,Aurora Spartans,,jump_ball_held,Jump Ball (Held Ball),,
North Central (IL) Cardinals,2025-11-12,359,H2,09:40 (H2),580.0,Aurora Spartans,Zerrick Johnson,rebound_defensive,Zerrick Johnson Defensive Rebound,,
North Central (IL) Cardinals,2025-11-12,360,H2,09:40 (H2),580.0,North Central (IL) Cardinals,Jaydon James,sub_out,Jaydon James Subs Out,,
North Central (IL) Cardinals,2025-11-12,361,H2,09:40 (H2),580.0,North Central (IL) Cardinals,Sean Molloy,sub_out,Sean Molloy Subs Out,,
North Central (IL) Cardinals,2025-11-12,362,H2,09:40 (H2),580.0,North Central (IL) Cardinals,Ethan Marlowe,sub_in,Ethan Marlowe Subs In,,
North Central (IL) Cardinals,2025-11-12,363,H2,09:40 (H2),580.0,North Central (IL) Cardinals,Tyler Swierczek,sub_in,Tyler Swierczek Subs In,,
North Central (IL) Cardinals,2025-11-12,364,H2,09:23 (H2),563.0,Aurora Spartans,Zerrick Johnson,missed_shot,Zerrick Johnson Misses 2PT Layup (Blocked),2,13 Zerrick Johnson > ISO > Top > Drives Right > To Basket > Miss 2 Pts
North Central (IL) Cardinals,2025-11-12,365,H2,09:23 (H2),563.0,North Central (IL) Cardinals,Ethan Marlowe,block,Ethan Marlowe Blocks,,
North Central (IL) Cardinals,2025-11-12,366,H2,09:21 (H2),561.0,Aurora Spartans,,team_deadball_rebound_offensive,Offensive Rebound,,
North Central (IL) Cardinals,2025-11-12,367,H2,09:13 (H2),553.0,Aurora Spartans,Devon Richardson,turnover,Devon Richardson Turnover (Bad Pass),,22 Devon Richardson > ISO > Left > Drives Right > Defense Commits > Turnover
North Central (IL) Cardinals,2025-11-12,368,H2,08:50 (H2),530.0,North Central (IL) Cardinals,Tre Davis,turnover,Tre Davis Turnover (Lost Ball),,11 Tre Davis > P&R Ball Handler > High P&R > Dribble Off Pick > Defense Commits > Turnover
North Central (IL) Cardinals,2025-11-12,369,H2,08:50 (H2),530.0,Aurora Spartans,Gevon Grant,steal,Gevon Grant Steals,,
North Central (IL) Cardinals,2025-11-12,370,H2,08:46 (H2),526.0,North Central (IL) Cardinals,Tre Davis,foul,Tre Davis Commits Personal Foul,,24 Gevon Grant > Transition > Ballhandler > To Basket > Foul
North Central (IL) Cardinals,2025-11-12,371,H2,08:46 (H2),526.0,Aurora Spartans,Gevon Grant,free_throw_missed,Gevon Grant Misses Free Throw (1 of 2),,24 Gevon Grant > Non Possession > Free Throw
North Central (IL) Cardinals,2025-11-12,372,H2,08:46 (H2),526.0,Aurora Spartans,Aurora,team_deadball_rebound_offensive,Aurora Offensive Deadball Rebound,,
North Central (IL) Cardinals,2025-11-12,373,H2,08:46 (H2),526.0,Aurora Spartans,Gevon Grant,free_throw_made,Gevon Grant Makes Free Throw (2 of 2),,24 Gevon Grant > Non Possession > Free Throw
North Central (IL) Cardinals,2025-11-12,374,H2,08:39 (H2),519.0,North Central (IL) Cardinals,Justin Sveiteris,made_shot,Justin Sveiteris Makes 2PT Layup,2,44 Justin Sveiteris > Transition > Leak Outs > To Basket > Make 2 Pts
North Central (IL) Cardinals,2025-11-12,375,H2,08:39 (H2),519.0,North Central (IL) Cardinals,Ethan Marlowe,assist,Ethan Marlowe Assists,,
North Central (IL) Cardinals,2025-11-12,376,H2,08:17 (H2),497.0,Aurora Spartans,Gevon Grant,turnover,Gevon Grant Turnover (Lost Ball),,24 Gevon Grant > Hand Off > From Dribble > Top > Turnover
North Central (IL) Cardinals,2025-11-12,377,H2,08:17 (H2),497.0,North Central (IL) Cardinals,Alejandro Diaz,steal,Alejandro Diaz Steals,,
North Central (IL) Cardinals,2025-11-12,378,H2,08:14 (H2),494.0,North Central (IL) Cardinals,Alejandro Diaz,sub_out,Alejandro Diaz Subs Out,,
North Central (IL) Cardinals,2025-11-12,379,H2,08:14 (H2),494.0,North Central (IL) Cardinals,Jaydon James,sub_in,Jaydon James Subs In,,
North Central (IL) Cardinals,2025-11-12,380,H2,08:14 (H2),494.0,Aurora Spartans,Gevon Grant,sub_out,Gevon Grant Subs Out,,
North Central (IL) Cardinals,2025-11-12,381,H2,08:14 (H2),494.0,Aurora Spartans,Juan Madrigal,sub_in,Juan Madrigal Subs In,,
North Central (IL) Cardinals,2025-11-12,382,H2,08:06 (H2),486.0,Aurora Spartans,Robert Hutson,foul,Robert Hutson Commits Personal Foul,,13 Ethan Marlowe > Non Possession > Non Shooting Foul
North Central (IL) Cardinals,2025-11-12,383,H2,08:02 (H2),482.0,North Central (IL) Cardinals,Ethan Marlowe,missed_shot,Ethan Marlowe Misses 3PT Jump Shot,3,13 Ethan Marlowe > Spot-Up > No Dribble Jumper > Guarded > Long/3pt > Miss 3 Pts
North Central (IL) Cardinals,2025-11-12,384,H2,07:58 (H2),478.0,Aurora Spartans,Bryden Gryzmala,rebound_defensive,Bryden Gryzmala Defensive Rebound,,
North Central (IL) Cardinals,2025-11-12,385,H2,07:58 (H2),478.0,North Central (IL) Cardinals,Tre Davis,foul,Tre Davis Commits Personal Foul,,1 Bryden Gryzmala > No Play Type > Foul
North Central (IL) Cardinals,2025-11-12,386,H2,07:58 (H2),478.0,Aurora Spartans,Bryden Gryzmala,free_throw_made,Bryden Gryzmala Makes Free Throw (1 of 2),,1 Bryden Gryzmala > Non Possession > Free Throw
North Central (IL) Cardinals,2025-11-12,387,H2,07:58 (H2),478.0,Aurora Spartans,Bryden Gryzmala,free_throw_made,Bryden Gryzmala Makes Free Throw (2 of 2),,1 Bryden Gryzmala > Non Possession > Free Throw
North Central (IL) Cardinals,2025-11-12,388,H2,07:58 (H2),478.0,North Central (IL) Cardinals,Tre Davis,sub_out,Tre Davis Subs Out,,
North Central (IL) Cardinals,2025-11-12,389,H2,07:58 (H2),478.0,North Central (IL) Cardinals,Tyler DiSilvio,sub_in,Tyler DiSilvio Subs In,,
North Central (IL) Cardinals,2025-11-12,390,H2,07:33 (H2),453.0,North Central (IL) Cardinals,Tyler Swierczek,made_shot,Tyler Swierczek Makes 2PT Layup,2,44 Justin Sveiteris > Post-Up > Right Block > Right Shoulder > Dribble Move > Defense Commits > Ball Delivered > 20 Tyler Swierczek > Spot-Up > Drives Left > To Basket > Make 2 Pts
North Central (IL) Cardinals,2025-11-12,391,H2,07:17 (H2),437.0,Aurora Spartans,Juan Madrigal,missed_shot,Juan Madrigal Misses 3PT Jump Shot,3,2 Juan Madrigal > Hand Off > From Stationary > Top > No Dribble Jumper > Open > Long/3pt > Miss 3 Pts
North Central (IL) Cardinals,2025-11-12,392,H2,07:13 (H2),433.0,North Central (IL) Cardinals,Ethan Marlowe,rebound_defensive,Ethan Marlowe Defensive Rebound,,
North Central (IL) Cardinals,2025-11-12,393,H2,06:55 (H2),415.0,Aurora Spartans,Bryden Gryzmala,foul,Bryden Gryzmala Commits Personal Foul,,20 Tyler Swierczek > P&R Ball Handler > High P&R > Dribble Off Pick > Defense Commits > Ball Delivered > 13 Ethan Marlowe > P&R Roll Man > Pick and Pops > Drives Right > To Basket > Foul
North Central (IL) Cardinals,2025-11-12,394,H2,06:55 (H2),415.0,North Central (IL) Cardinals,Ethan Marlowe,free_throw_missed,Ethan Marlowe Misses Free Throw (1 of 1),,13 Ethan Marlowe > Non Possession > Free Throw
North Central (IL) Cardinals,2025-11-12,395,H2,06:55 (H2),415.0,Aurora Spartans,Bryden Gryzmala,sub_out,Bryden Gryzmala Subs Out,,
North Central (IL) Cardinals,2025-11-12,396,H2,06:55 (H2),415.0,Aurora Spartans,Zerrick Johnson,sub_out,Zerrick Johnson Subs Out,,
North Central (IL) Cardinals,2025-11-12,397,H2,06:55 (H2),415.0,Aurora Spartans,Jeffery Hillmer,sub_in,Jeffery Hillmer Subs In,,
North Central (IL) Cardinals,2025-11-12,398,H2,06:55 (H2),415.0,Aurora Spartans,Gevon Grant,sub_in,Gevon Grant Subs In,,
North Central (IL) Cardinals,2025-11-12,399,H2,06:53 (H2),413.0,Aurora Spartans,Devon Richardson,rebound_defensive,Devon Richardson Defensive Rebound,,
North Central (IL) Cardinals,2025-11-12,400,H2,06:46 (H2),406.0,Aurora Spartans,,timeout,Aurora Timeout,,
North Central (IL) Cardinals,2025-11-12,401,H2,06:22 (H2),382.0,Aurora Spartans,Gevon Grant,missed_shot,Gevon Grant Misses 3PT Jump Shot,3,2 Juan Madrigal > P&R Ball Handler > High P&R > Dribble Off Pick > Defense Commits > Ball Delivered > 24 Gevon Grant > Spot-Up > Drives Right > Dribble Jumper > Long/3pt > Miss 3 Pts
North Central (IL) Cardinals,2025-11-12,402,H2,06:19 (H2),379.0,North Central (IL) Cardinals,Justin Sveiteris,rebound_defensive,Justin Sveiteris Defensive Rebound,,
North Central (IL) Cardinals,2025-11-12,403,H2,05:58 (H2),358.0,North Central (IL) Cardinals,Ethan Marlowe,missed_shot,Ethan Marlowe Misses 3PT Jump Shot,3,13 Ethan Marlowe > Off Screen > To Shooter's Left > Straight > No Dribble Jumper > Open > Long/3pt > Miss 3 Pts
North Central (IL) Cardinals,2025-11-12,404,H2,05:53 (H2),353.0,Aurora Spartans,Robert Hutson,rebound_defensive,Robert Hutson Defensive Rebound,,
North Central (IL) Cardinals,2025-11-12,405,H2,05:35 (H2),335.0,North Central (IL) Cardinals,Tyler DiSilvio,foul,Tyler DiSilvio Commits Personal Foul,,24 Gevon Grant > Hand Off > From Dribble > Top > To Basket > Foul
North Central (IL) Cardinals,2025-11-12,406,H2,05:35 (H2),335.0,Aurora Spartans,Gevon Grant,free_throw_made,Gevon Grant Makes Free Throw (1 of 2),,24 Gevon Grant > Non Possession > Free Throw
North Central (IL) Cardinals,2025-11-12,407,H2,05:35 (H2),335.0,Aurora Spartans,Gevon Grant,free_throw_missed,Gevon Grant Misses Free Throw (2 of 2),,24 Gevon Grant > Non Possession > Free Throw
North Central (IL) Cardinals,2025-11-12,408,H2,05:35 (H2),335.0,North Central (IL) Cardinals,Jaydon James,sub_out,Jaydon James Subs Out,,
North Central (IL) Cardinals,2025-11-12,409,H2,05:35 (H2),335.0,North Central (IL) Cardinals,Alejandro Diaz,sub_in,Alejandro Diaz Subs In,,
North Central (IL) Cardinals,2025-11-12,410,H2,05:35 (H2),335.0,Aurora Spartans,Robert Hutson,sub_out,Robert Hutson Subs Out,,
North Central (IL) Cardinals,2025-11-12,411,H2,05:35 (H2),335.0,Aurora Spartans,Zerrick Johnson,sub_in,Zerrick Johnson Subs In,,
North Central (IL) Cardinals,2025-11-12,412,H2,05:34 (H2),334.0,North Central (IL) Cardinals,Tyler DiSilvio,rebound_defensive,Tyler DiSilvio Defensive Rebound,,
North Central (IL) Cardinals,2025-11-12,413,H2,05:15 (H2),315.0,North Central (IL) Cardinals,Tyler DiSilvio,made_shot,Tyler DiSilvio Makes 2PT Layup,2,12 Tyler DiSilvio > Hand Off > From Stationary > Top > To Basket > Make 2 Pts
North Central (IL) Cardinals,2025-11-12,414,H2,05:08 (H2),308.0,Aurora Spartans,Zerrick Johnson,missed_shot,Zerrick Johnson Misses 2PT Layup (Blocked),2,13 Zerrick Johnson > Transition > Right Wing > To Basket > Miss 2 Pts
North Central (IL) Cardinals,2025-11-12,415,H2,05:08 (H2),308.0,North Central (IL) Cardinals,Alejandro Diaz,block,Alejandro Diaz Blocks,,
North Central (IL) Cardinals,2025-11-12,416,H2,05:02 (H2),302.0,North Central (IL) Cardinals,Tyler DiSilvio,rebound_defensive,Tyler DiSilvio Defensive Rebound,,
North Central (IL) Cardinals,2025-11-12,417,H2,05:00 (H2),300.0,North Central (IL) Cardinals,Alejandro Diaz,made_shot,Alejandro Diaz Makes 2PT Layup,2,30 Alejandro Diaz > Transition > Ballhandler > To Basket > Make 2 Pts
North Central (IL) Cardinals,2025-11-12,418,H2,04:56 (H2),296.0,Aurora Spartans,,timeout,Aurora Timeout,,
North Central (IL) Cardinals,2025-11-12,419,H2,04:41 (H2),281.0,Aurora Spartans,Juan Madrigal,made_shot,Juan Madrigal Makes 2PT Layup,2,2 Juan Madrigal > ISO > Right > Drives Left > To Basket > Make 2 Pts
North Central (IL) Cardinals,2025-11-12,420,H2,04:23 (H2),263.0,North Central (IL) Cardinals,Tyler DiSilvio,turnover,Tyler DiSilvio Turnover (Lost Ball),,12 Tyler DiSilvio > Hand Off > From Stationary > Top > Turnover
North Central (IL) Cardinals,2025-11-12,421,H2,04:23 (H2),263.0,Aurora Spartans,Juan Madrigal,steal,Juan Madrigal Steals,,
North Central (IL) Cardinals,2025-11-12,422,H2,04:01 (H2),241.0,Aurora Spartans,Juan Madrigal,missed_shot,Juan Madrigal Misses 2PT Jump Shot,2,2 Juan Madrigal > Hand Off > From Dribble > Right > Dribble Jumper > Short to < 17' > Miss 2 Pts
North Central (IL) Cardinals,2025-11-12,423,H2,03:58 (H2),238.0,North Central (IL) Cardinals,Alejandro Diaz,rebound_defensive,Alejandro Diaz Defensive Rebound,,
North Central (IL) Cardinals,2025-11-12,424,H2,03:53 (H2),233.0,North Central (IL) Cardinals,Tyler DiSilvio,missed_shot,Tyler DiSilvio Misses 3PT Jump Shot,3,12 Tyler DiSilvio > Transition > Left Wing > No Dribble Jumper > Open > Long/3pt > Miss 3 Pts
North Central (IL) Cardinals,2025-11-12,425,H2,03:50 (H2),230.0,Aurora Spartans,Jeffery Hillmer,rebound_defensive,Jeffery Hillmer Defensive Rebound,,
North Central (IL) Cardinals,2025-11-12,426,H2,03:37 (H2),217.0,Aurora Spartans,Devon Richardson,made_shot,Devon Richardson Makes 2PT Layup,2,22 Devon Richardson > ISO > Right > Drives Right > To Basket > Make 2 Pts
North Central (IL) Cardinals,2025-11-12,427,H2,03:11 (H2),191.0,North Central (IL) Cardinals,Alejandro Diaz,made_shot,Alejandro Diaz Makes 3PT Jump Shot,3,30 Alejandro Diaz > P&R Ball Handler > Left P&R > Side > Dribble Off Pick > Dribble Jumper > Long/3pt > Make 3 Pts
North Central (IL) Cardinals,2025-11-12,428,H2,02:36 (H2),156.0,Aurora Spartans,,turnover,Turnover,,
North Central (IL) Cardinals,2025-11-12,429,H2,02:08 (H2),128.0,North Central (IL) Cardinals,Tyler DiSilvio,missed_shot,Tyler DiSilvio Misses 2PT Layup,2,12 Tyler DiSilvio > Post-Up > Left Block > Left Shoulder > Dribble Move > To Hook > Miss 2 Pts
North Central (IL) Cardinals,2025-11-12,430,H2,02:05 (H2),125.0,Aurora Spartans,Jeffery Hillmer,rebound_defensive,Jeffery Hillmer Defensive Rebound,,
North Central (IL) Cardinals,2025-11-12,431,H2,01:58 (H2),118.0,Aurora Spartans,,timeout,Aurora Timeout,,
North Central (IL) Cardinals,2025-11-12,432,H2,01:41 (H2),101.0,Aurora Spartans,Gevon Grant,made_shot,Gevon Grant Makes 2PT Layup,2,24 Gevon Grant > Hand Off > From Dribble > Top > To Basket > Make 2 Pts
North Central (IL) Cardinals,2025-11-12,433,H2,01:16 (H2),76.0,Aurora Spartans,Devon Richardson,foul,Devon Richardson Commits Personal Foul,,30 Alejandro Diaz > P&R Ball Handler > Right P&R > Side > Go Away from Pick > Defense Commits > Ball Delivered > 13 Ethan Marlowe > Cut > Basket > Foul
North Central (IL) Cardinals,2025-11-12,434,H2,01:15 (H2),75.0,North Central (IL) Cardinals,Ethan Marlowe,free_throw_missed,Ethan Marlowe Misses Free Throw (1 of 2),,13 Ethan Marlowe > Non Possession > Free Throw
North Central (IL) Cardinals,2025-11-12,435,H2,01:15 (H2),75.0,North Central (IL) Cardinals,North Central (IL),team_deadball_rebound_offensive,North Central (IL) Offensive Deadball Rebound,,
North Central (IL) Cardinals,2025-11-12,436,H2,01:15 (H2),75.0,North Central (IL) Cardinals,Ethan Marlowe,free_throw_made,Ethan Marlowe Makes Free Throw (2 of 2),,13 Ethan Marlowe > Non Possession > Free Throw
North Central (IL) Cardinals,2025-11-12,437,H2,01:15 (H2),75.0,North Central (IL) Cardinals,Tyler DiSilvio,sub_out,Tyler DiSilvio Subs Out,,
North Central (IL) Cardinals,2025-11-12,438,H2,01:15 (H2),75.0,North Central (IL) Cardinals,Sean Molloy,sub_in,Sean Molloy Subs In,,
North Central (IL) Cardinals,2025-11-12,439,H2,01:15 (H2),75.0,North Central (IL) Cardinals,Ethan Marlowe,sub_out,Ethan Marlowe Subs Out,,
North Central (IL) Cardinals,2025-11-12,440,H2,01:15 (H2),75.0,North Central (IL) Cardinals,Jaydon James,sub_in,Jaydon James Subs In,,
North Central (IL) Cardinals,2025-11-12,441,H2,00:44 (H2),44.0,Aurora Spartans,Gevon Grant,missed_shot,Gevon Grant Misses 2PT Layup,2,13 Zerrick Johnson > ISO > Top > Drives Left > Defense Commits > Ball Delivered > 24 Gevon Grant > Spot-Up > Drives Right > To Basket > Miss 2 Pts
North Central (IL) Cardinals,2025-11-12,442,H2,00:42 (H2),42.0,Aurora Spartans,Juan Madrigal,rebound_offensive,Juan Madrigal Offensive Rebound,,
North Central (IL) Cardinals,2025-11-12,443,H2,00:36 (H2),36.0,North Central (IL) Cardinals,Jaydon James,foul,Jaydon James Commits Personal Foul,,13 Zerrick Johnson > ISO > Right > Drives Left > Foul
North Central (IL) Cardinals,2025-11-12,444,H2,00:36 (H2),36.0,Aurora Spartans,Zerrick Johnson,free_throw_made,Zerrick Johnson Makes Free Throw (1 of 2),,13 Zerrick Johnson > Non Possession > Free Throw
North Central (IL) Cardinals,2025-11-12,445,H2,00:36 (H2),36.0,Aurora Spartans,Zerrick Johnson,free_throw_made,Zerrick Johnson Makes Free Throw (2 of 2),,13 Zerrick Johnson > Non Possession > Free Throw
North Central (IL) Cardinals,2025-11-12,446,H2,00:36 (H2),36.0,North Central (IL) Cardinals,Jaydon James,sub_out,Jaydon James Subs Out,,
North Central (IL) Cardinals,2025-11-12,447,H2,00:36 (H2),36.0,North Central (IL) Cardinals,Justin Sveiteris,sub_out,Justin Sveiteris Subs Out,,
North Central (IL) Cardinals,2025-11-12,448,H2,00:36 (H2),36.0,North Central (IL) Cardinals,Tyler DiSilvio,sub_in,Tyler DiSilvio Subs In,,
North Central (IL) Cardinals,2025-11-12,449,H2,00:36 (H2),36.0,North Central (IL) Cardinals,Ethan Marlowe,sub_in,Ethan Marlowe Subs In,,
North Central (IL) Cardinals,2025-11-12,450,H2,00:36 (H2),36.0,Aurora Spartans,,timeout,Aurora Timeout,,
North Central (IL) Cardinals,2025-11-12,451,H2,00:26 (H2),26.0,North Central (IL) Cardinals,Tyler Swierczek,turnover,Tyler Swierczek Turnover (Bad Pass),,20 Tyler Swierczek > Off Screen > To Shooter's Right > Straight > Turnover
North Central (IL) Cardinals,2025-11-12,452,H2,00:26 (H2),26.0,Aurora Spartans,Juan Madrigal,steal,Juan Madrigal Steals,,
North Central (IL) Cardinals,2025-11-12,453,H2,00:23 (H2),23.0,North Central (IL) Cardinals,Sean Molloy,foul,Sean Molloy Commits Personal Foul,,2 Juan Madrigal > No Play Type > Foul
North Central (IL) Cardinals,2025-11-12,454,H2,00:23 (H2),23.0,Aurora Spartans,Juan Madrigal,free_throw_missed,Juan Madrigal Misses Free Throw (1 of 2),,2 Juan Madrigal > Non Possession > Free Throw
North Central (IL) Cardinals,2025-11-12,455,H2,00:23 (H2),23.0,Aurora Spartans,Aurora,team_deadball_rebound_offensive,Aurora Offensive Deadball Rebound,,
North Central (IL) Cardinals,2025-11-12,456,H2,00:23 (H2),23.0,Aurora Spartans,Juan Madrigal,free_throw_made,Juan Madrigal Makes Free Throw (2 of 2),,2 Juan Madrigal > Non Possession > Free Throw
North Central (IL) Cardinals,2025-11-12,457,H2,00:17 (H2),17.0,North Central (IL) Cardinals,Alejandro Diaz,missed_shot,Alejandro Diaz Misses 3PT Jump Shot,3,30 Alejandro Diaz > P&R Ball Handler > High P&R > Dribble Off Pick > Dribble Jumper > Long/3pt > Miss 3 Pts
North Central (IL) Cardinals,2025-11-12,458,H2,00:13 (H2),13.0,Aurora Spartans,Zerrick Johnson,rebound_defensive,Zerrick Johnson Defensive Rebound,,
North Central (IL) Cardinals,2025-11-12,459,H2,,,,,period_marker,End 2nd Half,,
Benedictine (IL) Eagles,2025-11-15,0,,,,,,period_marker,Start 1st Half,,
Benedictine (IL) Eagles,2025-11-15,1,H1,19:58 (H1),1198.0,Benedictine (IL) Eagles,Noah Mason,jump_ball_won,Noah Mason Wins Jump Ball,,
Benedictine (IL) Eagles,2025-11-15,2,H1,19:58 (H1),1198.0,Aurora Spartans,Devon Richardson,jump_ball_lost,Devon Richardson Loses Jump Ball,,
Benedictine (IL) Eagles,2025-11-15,3,H1,19:46 (H1),1186.0,Benedictine (IL) Eagles,Jakeem Cole,made_shot,Jakeem Cole Makes 2PT Driving Layup,2,2 Jakeem Cole > Hand Off > From Stationary > Top > To Basket > Make 2 Pts
Benedictine (IL) Eagles,2025-11-15,4,H1,19:17 (H1),1157.0,Aurora Spartans,Juan Madrigal,made_shot,Juan Madrigal Makes 3PT Jump Shot,3,2 Juan Madrigal > Spot-Up > No Dribble Jumper > Guarded > Long/3pt > Make 3 Pts
Benedictine (IL) Eagles,2025-11-15,5,H1,19:17 (H1),1157.0,Aurora Spartans,Bryden Gryzmala,assist,Bryden Gryzmala Assists,,
Benedictine (IL) Eagles,2025-11-15,6,H1,18:46 (H1),1126.0,Benedictine (IL) Eagles,Aidan Werth,missed_shot,Aidan Werth Misses 2PT Hook Shot,2,33 Aidan Werth > Post-Up > Left Block > Left Shoulder > Dribble Move > To Hook > Miss 2 Pts
Benedictine (IL) Eagles,2025-11-15,7,H1,18:40 (H1),1120.0,Aurora Spartans,Jeffery Hillmer,rebound_defensive,Jeffery Hillmer Defensive Rebound,,
Benedictine (IL) Eagles,2025-11-15,8,H1,18:20 (H1),1100.0,Aurora Spartans,Zerrick Johnson,missed_shot,Zerrick Johnson Misses 3PT Jump Shot,3,13 Zerrick Johnson > Spot-Up > No Dribble Jumper > Open > Long/3pt > Miss 3 Pts
Benedictine (IL) Eagles,2025-11-15,9,H1,18:14 (H1),1094.0,Aurora Spartans,Juan Madrigal,rebound_offensive,Juan Madrigal Offensive Rebound,,
Benedictine (IL) Eagles,2025-11-15,10,H1,18:14 (H1),1094.0,Benedictine (IL) Eagles,Jakeem Cole,foul,Jakeem Cole Commits Personal Foul,,22 Devon Richardson > Cut > Flash > Foul
Benedictine (IL) Eagles,2025-11-15,11,H1,18:14 (H1),1094.0,Aurora Spartans,Devon Richardson,free_throw_missed,Devon Richardson Misses Free Throw (1 of 2),,22 Devon Richardson > Non Possession > Free Throw
Benedictine (IL) Eagles,2025-11-15,12,H1,18:14 (H1),1094.0,Aurora Spartans,Aurora,team_deadball_rebound_offensive,Aurora Offensive Deadball Rebound,,
Benedictine (IL) Eagles,2025-11-15,13,H1,18:14 (H1),1094.0,Aurora Spartans,Devon Richardson,free_throw_missed,Devon Richardson Misses Free Throw (2 of 2),,22 Devon Richardson > Non Possession > Free Throw
Benedictine (IL) Eagles,2025-11-15,14,H1,18:14 (H1),1094.0,Benedictine (IL) Eagles,,team_deadball_rebound_defensive,Defensive Rebound,,
Benedictine (IL) Eagles,2025-11-15,15,H1,18:02 (H1),1082.0,Benedictine (IL) Eagles,Aidan Werth,made_shot,Aidan Werth Makes 2PT,2,2 Jakeem Cole > P&R Ball Handler > Left P&R > Side > Dribble Off Pick > Defense Commits > Ball Delivered > 33 Aidan Werth > P&R Roll Man > Pick and Pops > No Dribble Jumper > Open > Short to < 17' > Make 2 Pts
Benedictine (IL) Eagles,2025-11-15,16,H1,18:02 (H1),1082.0,Benedictine (IL) Eagles,Jakeem Cole,assist,Jakeem Cole Assists,,
Benedictine (IL) Eagles,2025-11-15,17,H1,17:42 (H1),1062.0,Aurora Spartans,Juan Madrigal,missed_shot,Juan Madrigal Misses 2PT Jump Shot,2,2 Juan Madrigal > P&R Ball Handler > Right P&R > Baseline > Dribble Off Pick > Dribble Jumper > Medium/17' to <3p > Miss 2 Pts
Benedictine (IL) Eagles,2025-11-15,18,H1,17:38 (H1),1058.0,Benedictine (IL) Eagles,Noah Mason,rebound_defensive,Noah Mason Defensive Rebound,,
Benedictine (IL) Eagles,2025-11-15,19,H1,17:29 (H1),1049.0,Benedictine (IL) Eagles,Ryan Sammons,missed_shot,Ryan Sammons Misses 2PT Hook Shot (Blocked),2,12 Ryan Sammons > Hand Off > From Dribble > Right > To Basket > Miss 2 Pts
Benedictine (IL) Eagles,2025-11-15,20,H1,17:29 (H1),1049.0,Aurora Spartans,Devon Richardson,block,Devon Richardson Blocks,,
Benedictine (IL) Eagles,2025-11-15,21,H1,17:29 (H1),1049.0,Aurora Spartans,,team_deadball_rebound_defensive,Defensive Rebound,,
Benedictine (IL) Eagles,2025-11-15,22,H1,17:14 (H1),1034.0,Aurora Spartans,Bryden Gryzmala,missed_shot,Bryden Gryzmala Misses 2PT Jump Shot,2,1 Bryden Gryzmala > P&R Ball Handler > Left P&R > Side > Dribble Off Pick > Dribble Jumper > Short to < 17' > Miss 2 Pts
Benedictine (IL) Eagles,2025-11-15,23,H1,17:11 (H1),1031.0,Aurora Spartans,Devon Richardson,rebound_offensive,Devon Richardson Offensive Rebound,,
Benedictine (IL) Eagles,2025-11-15,24,H1,17:11 (H1),1031.0,Benedictine (IL) Eagles,Noah Mason,foul,Noah Mason Commits Personal Foul,,22 Devon Richardson > Offensive Rebound > Short > Scoring Attempt > At Basket > Foul
Benedictine (IL) Eagles,2025-11-15,25,H1,17:11 (H1),1031.0,Aurora Spartans,Devon Richardson,free_throw_made,Devon Richardson Makes Free Throw (1 of 2),,22 Devon Richardson > Non Possession > Free Throw
Benedictine (IL) Eagles,2025-11-15,26,H1,17:11 (H1),1031.0,Aurora Spartans,Devon Richardson,free_throw_made,Devon Richardson Makes Free Throw (2 of 2),,22 Devon Richardson > Non Possession > Free Throw
Benedictine (IL) Eagles,2025-11-15,27,H1,17:11 (H1),1031.0,Aurora Spartans,Bryden Gryzmala,sub_out,Bryden Gryzmala Subs Out,,
Benedictine (IL) Eagles,2025-11-15,28,H1,17:11 (H1),1031.0,Aurora Spartans,Juan Madrigal,sub_out,Juan Madrigal Subs Out,,
Benedictine (IL) Eagles,2025-11-15,29,H1,17:11 (H1),1031.0,Aurora Spartans,Zerrick Johnson,sub_out,Zerrick Johnson Subs Out,,
Benedictine (IL) Eagles,2025-11-15,30,H1,17:11 (H1),1031.0,Aurora Spartans,Cullen Rauls,sub_in,Cullen Rauls Subs In,,
Benedictine (IL) Eagles,2025-11-15,31,H1,17:11 (H1),1031.0,Aurora Spartans,Mekhi Doby,sub_in,Mekhi Doby Subs In,,
Benedictine (IL) Eagles,2025-11-15,32,H1,17:11 (H1),1031.0,Aurora Spartans,Gevon Grant,sub_in,Gevon Grant Subs In,,
Benedictine (IL) Eagles,2025-11-15,33,H1,17:08 (H1),1028.0,Aurora Spartans,Devon Richardson,foul,Devon Richardson Commits Personal Foul,,10 Ryan Tucker > Transition > Leak Outs > To Basket > Foul
Benedictine (IL) Eagles,2025-11-15,34,H1,17:08 (H1),1028.0,Benedictine (IL) Eagles,Ryan Tucker,free_throw_made,Ryan Tucker Makes Free Throw (1 of 2),,10 Ryan Tucker > Non Possession > Free Throw
Benedictine (IL) Eagles,2025-11-15,35,H1,17:08 (H1),1028.0,Benedictine (IL) Eagles,Ryan Tucker,free_throw_made,Ryan Tucker Makes Free Throw (2 of 2),,10 Ryan Tucker > Non Possession > Free Throw
Benedictine (IL) Eagles,2025-11-15,36,H1,17:08 (H1),1028.0,Benedictine (IL) Eagles,Ryan Tucker,sub_out,Ryan Tucker Subs Out,,
Benedictine (IL) Eagles,2025-11-15,37,H1,17:08 (H1),1028.0,Benedictine (IL) Eagles,Ryan Sammons,sub_out,Ryan Sammons Subs Out,,
Benedictine (IL) Eagles,2025-11-15,38,H1,17:08 (H1),1028.0,Benedictine (IL) Eagles,Brandon McCoy,sub_in,Brandon McCoy Subs In,,
Benedictine (IL) Eagles,2025-11-15,39,H1,17:08 (H1),1028.0,Benedictine (IL) Eagles,Hudson Parker,sub_in,Hudson Parker Subs In,,
Benedictine (IL) Eagles,2025-11-15,40,H1,16:48 (H1),1008.0,Aurora Spartans,Cullen Rauls,made_shot,Cullen Rauls Makes 3PT Jump Shot,3,0 Cullen Rauls > Spot-Up > No Dribble Jumper > Guarded > Long/3pt > Make 3 Pts
Benedictine (IL) Eagles,2025-11-15,41,H1,16:48 (H1),1008.0,Aurora Spartans,Jeffery Hillmer,assist,Jeffery Hillmer Assists,,
Benedictine (IL) Eagles,2025-11-15,42,H1,16:35 (H1),995.0,Benedictine (IL) Eagles,Hudson Parker,missed_shot,Hudson Parker Misses 2PT Driving Layup (Blocked),2,3 Hudson Parker > P&R Ball Handler > Left P&R > Side > Go Away from Pick > To Basket > Miss 2 Pts
Benedictine (IL) Eagles,2025-11-15,43,H1,16:35 (H1),995.0,Aurora Spartans,Devon Richardson,block,Devon Richardson Blocks,,
Benedictine (IL) Eagles,2025-11-15,44,H1,16:35 (H1),995.0,Benedictine (IL) Eagles,,team_deadball_rebound_offensive,Offensive Rebound,,
Benedictine (IL) Eagles,2025-11-15,45,H1,16:21 (H1),981.0,Benedictine (IL) Eagles,Noah Mason,missed_shot,Noah Mason Misses 3PT Jump Shot,3,11 Noah Mason > P&R Ball Handler > High P&R > Dribble Off Pick > Dribble Jumper > Long/3pt > Miss 3 Pts
Benedictine (IL) Eagles,2025-11-15,46,H1,16:18 (H1),978.0,Aurora Spartans,Devon Richardson,rebound_defensive,Devon Richardson Defensive Rebound,,
Benedictine (IL) Eagles,2025-11-15,47,H1,16:08 (H1),968.0,Aurora Spartans,Cullen Rauls,missed_shot,Cullen Rauls Misses 3PT Jump Shot,3,11 Mekhi Doby > Post-Up > Left Block > Left Shoulder > Dribble Move > Defense Commits > Ball Delivered > 0 Cullen Rauls > Spot-Up > No Dribble Jumper > Open > Long/3pt > Miss 3 Pts
Benedictine (IL) Eagles,2025-11-15,48,H1,16:04 (H1),964.0,Benedictine (IL) Eagles,Noah Mason,rebound_defensive,Noah Mason Defensive Rebound,,
Benedictine (IL) Eagles,2025-11-15,49,H1,16:01 (H1),961.0,Benedictine (IL) Eagles,Noah Mason,turnover,Noah Mason Turnover (Travel),,11 Noah Mason > Transition > Ballhandler > Turnover
Benedictine (IL) Eagles,2025-11-15,50,H1,15:58 (H1),958.0,Benedictine (IL) Eagles,,timeout,Official TV Timeout,,
Benedictine (IL) Eagles,2025-11-15,51,H1,15:58 (H1),958.0,Aurora Spartans,,timeout,Official TV Timeout,,
Benedictine (IL) Eagles,2025-11-15,52,H1,15:58 (H1),958.0,Benedictine (IL) Eagles,Noah Mason,sub_out,Noah Mason Subs Out,,
Benedictine (IL) Eagles,2025-11-15,53,H1,15:58 (H1),958.0,Benedictine (IL) Eagles,Nathan LaPlant,sub_in,Nathan LaPlant Subs In,,
Benedictine (IL) Eagles,2025-11-15,54,H1,15:58 (H1),958.0,Aurora Spartans,Jeffery Hillmer,sub_out,Jeffery Hillmer Subs Out,,
Benedictine (IL) Eagles,2025-11-15,55,H1,15:58 (H1),958.0,Aurora Spartans,Devon Richardson,sub_out,Devon Richardson Subs Out,,
Benedictine (IL) Eagles,2025-11-15,56,H1,15:58 (H1),958.0,Aurora Spartans,Larry Carthan,sub_in,Larry Carthan Subs In,,
Benedictine (IL) Eagles,2025-11-15,57,H1,15:58 (H1),958.0,Aurora Spartans,Robert Hutson,sub_in,Robert Hutson Subs In,,
Benedictine (IL) Eagles,2025-11-15,58,H1,15:57 (H1),957.0,Aurora Spartans,Mekhi Doby,missed_shot,Mekhi Doby Misses 2PT Jump Shot,2,11 Mekhi Doby > P&R Ball Handler > High P&R > Dribble Off Pick > Dribble Jumper > Medium/17' to <3p > Miss 2 Pts
Benedictine (IL) Eagles,2025-11-15,59,H1,15:54 (H1),954.0,Benedictine (IL) Eagles,Nathan LaPlant,rebound_defensive,Nathan LaPlant Defensive Rebound,,
Benedictine (IL) Eagles,2025-11-15,60,H1,15:17 (H1),917.0,Benedictine (IL) Eagles,Aidan Werth,made_shot,Aidan Werth Makes 2PT Hook Shot,2,33 Aidan Werth > Post-Up > Left Block > Left Shoulder > Dribble Move > To Hook > Make 2 Pts
Benedictine (IL) Eagles,2025-11-15,61,H1,14:59 (H1),899.0,Aurora Spartans,Robert Hutson,missed_shot,Robert Hutson Misses 2PT Jump Shot,2,12 Robert Hutson > Cut > Basket > Miss 2 Pts
Benedictine (IL) Eagles,2025-11-15,62,H1,14:59 (H1),899.0,Aurora Spartans,Robert Hutson,rebound_offensive,Robert Hutson Offensive Rebound,,
Benedictine (IL) Eagles,2025-11-15,63,H1,14:59 (H1),899.0,Benedictine (IL) Eagles,Aidan Werth,foul,Aidan Werth Commits Personal Foul,,5 Larry Carthan > Cut > Screen > Foul
Benedictine (IL) Eagles,2025-11-15,64,H1,14:59 (H1),899.0,Benedictine (IL) Eagles,Jakeem Cole,sub_out,Jakeem Cole Subs Out,,
Benedictine (IL) Eagles,2025-11-15,65,H1,14:59 (H1),899.0,Benedictine (IL) Eagles,Aidan Werth,sub_out,Aidan Werth Subs Out,,
Benedictine (IL) Eagles,2025-11-15,66,H1,14:59 (H1),899.0,Benedictine (IL) Eagles,Noah Mason,sub_in,Noah Mason Subs In,,
Benedictine (IL) Eagles,2025-11-15,67,H1,14:59 (H1),899.0,Benedictine (IL) Eagles,Connor Glasgow,sub_in,Connor Glasgow Subs In,,
Benedictine (IL) Eagles,2025-11-15,68,H1,14:50 (H1),890.0,Benedictine (IL) Eagles,Nathan LaPlant,foul,Nathan LaPlant Commits Personal Foul,,
Benedictine (IL) Eagles,2025-11-15,69,H1,14:50 (H1),890.0,Aurora Spartans,Larry Carthan,free_throw_missed,Larry Carthan Misses Free Throw (1 of 2),,5 Larry Carthan > Non Possession > Free Throw
Benedictine (IL) Eagles,2025-11-15,70,H1,14:50 (H1),890.0,Aurora Spartans,Aurora,team_deadball_rebound_offensive,Aurora Offensive Deadball Rebound,,
Benedictine (IL) Eagles,2025-11-15,71,H1,14:50 (H1),890.0,Aurora Spartans,Larry Carthan,free_throw_missed,Larry Carthan Misses Free Throw (2 of 2),,5 Larry Carthan > Non Possession > Free Throw
Benedictine (IL) Eagles,2025-11-15,72,H1,14:49 (H1),889.0,Aurora Spartans,Gevon Grant,rebound_offensive,Gevon Grant Offensive Rebound,,
Benedictine (IL) Eagles,2025-11-15,73,H1,14:35 (H1),875.0,Aurora Spartans,Gevon Grant,made_shot,Gevon Grant Makes 3PT Jump Shot,3,0 Cullen Rauls > P&R Ball Handler > Right P&R > Side > Dribble Off Pick > Defense Commits > Ball Delivered > 24 Gevon Grant > Spot-Up > No Dribble Jumper > Open > Long/3pt > Make 3 Pts
Benedictine (IL) Eagles,2025-11-15,74,H1,14:35 (H1),875.0,Aurora Spartans,Cullen Rauls,assist,Cullen Rauls Assists,,
Benedictine (IL) Eagles,2025-11-15,75,H1,14:30 (H1),870.0,Aurora Spartans,Cullen Rauls,foul,Cullen Rauls Commits Personal Foul,,1 Brandon McCoy > Non Possession > Non Shooting Foul
Benedictine (IL) Eagles,2025-11-15,76,H1,14:30 (H1),870.0,Benedictine (IL) Eagles,Brandon McCoy,sub_out,Brandon McCoy Subs Out,,
Benedictine (IL) Eagles,2025-11-15,77,H1,14:30 (H1),870.0,Benedictine (IL) Eagles,Ryan Tucker,sub_in,Ryan Tucker Subs In,,
Benedictine (IL) Eagles,2025-11-15,78,H1,14:07 (H1),847.0,Benedictine (IL) Eagles,Noah Mason,made_shot,Noah Mason Makes 2PT Alley-Oop,2,3 Hudson Parker > P&R Ball Handler > High P&R > Dribble Off Pick > Defense Commits > Ball Delivered > 11 Noah Mason > Cut > Basket > Make 2 Pts
Benedictine (IL) Eagles,2025-11-15,79,H1,14:07 (H1),847.0,Benedictine (IL) Eagles,Hudson Parker,assist,Hudson Parker Assists,,
Benedictine (IL) Eagles,2025-11-15,80,H1,13:56 (H1),836.0,Benedictine (IL) Eagles,Noah Mason,foul,Noah Mason Commits Personal Foul,,11 Mekhi Doby > Non Possession > Non Shooting Foul
Benedictine (IL) Eagles,2025-11-15,81,H1,13:56 (H1),836.0,Aurora Spartans,Cullen Rauls,sub_out,Cullen Rauls Subs Out,,
Benedictine (IL) Eagles,2025-11-15,82,H1,13:56 (H1),836.0,Aurora Spartans,Larry Carthan,sub_out,Larry Carthan Subs Out,,
Benedictine (IL) Eagles,2025-11-15,83,H1,13:56 (H1),836.0,Aurora Spartans,Juan Madrigal,sub_in,Juan Madrigal Subs In,,
Benedictine (IL) Eagles,2025-11-15,84,H1,13:56 (H1),836.0,Aurora Spartans,Devon Richardson,sub_in,Devon Richardson Subs In,,
Benedictine (IL) Eagles,2025-11-15,85,H1,13:38 (H1),818.0,Aurora Spartans,Mekhi Doby,made_shot,Mekhi Doby Makes 2PT Driving Layup,2,22 Devon Richardson > Post-Up > Left Block > Left Shoulder > Dribble Move > Defense Commits > Ball Delivered > 11 Mekhi Doby > Spot-Up > Drives Left > To Basket > Make 2 Pts
Benedictine (IL) Eagles,2025-11-15,86,H1,13:23 (H1),803.0,Benedictine (IL) Eagles,Hudson Parker,missed_shot,Hudson Parker Misses 2PT Driving Layup,2,3 Hudson Parker > P&R Ball Handler > Left P&R > Side > Dribble Off Pick > To Basket > Miss 2 Pts
Benedictine (IL) Eagles,2025-11-15,87,H1,13:20 (H1),800.0,Aurora Spartans,Devon Richardson,rebound_defensive,Devon Richardson Defensive Rebound,,
Benedictine (IL) Eagles,2025-11-15,88,H1,13:12 (H1),792.0,Aurora Spartans,Mekhi Doby,turnover,Mekhi Doby Turnover (Travel),,24 Gevon Grant > P&R Ball Handler > High P&R > Dribble Off Pick > Defense Commits > Ball Delivered > 11 Mekhi Doby > Spot-Up > Drives Right > Turnover
Benedictine (IL) Eagles,2025-11-15,89,H1,13:12 (H1),792.0,Benedictine (IL) Eagles,Connor Glasgow,sub_out,Connor Glasgow Subs Out,,
Benedictine (IL) Eagles,2025-11-15,90,H1,13:12 (H1),792.0,Benedictine (IL) Eagles,Jakeem Cole,sub_in,Jakeem Cole Subs In,,
Benedictine (IL) Eagles,2025-11-15,91,H1,13:02 (H1),782.0,Benedictine (IL) Eagles,Hudson Parker,missed_shot,Hudson Parker Misses 3PT Jump Shot,3,3 Hudson Parker > P&R Ball Handler > High P&R > Dribble Off Pick > Dribble Jumper > Long/3pt > Miss 3 Pts
Benedictine (IL) Eagles,2025-11-15,92,H1,12:58 (H1),778.0,Aurora Spartans,,team_deadball_rebound_defensive,Defensive Rebound,,
Benedictine (IL) Eagles,2025-11-15,93,H1,12:58 (H1),778.0,Benedictine (IL) Eagles,Hudson Parker,sub_out,Hudson Parker Subs Out,,
Benedictine (IL) Eagles,2025-11-15,94,H1,12:58 (H1),778.0,Benedictine (IL) Eagles,Ryan Sammons,sub_in,Ryan Sammons Subs In,,
Benedictine (IL) Eagles,2025-11-15,95,H1,12:58 (H1),778.0,Aurora Spartans,Mekhi Doby,sub_out,Mekhi Doby Subs Out,,
Benedictine (IL) Eagles,2025-11-15,96,H1,12:58 (H1),778.0,Aurora Spartans,Bryden Gryzmala,sub_in,Bryden Gryzmala Subs In,,
Benedictine (IL) Eagles,2025-11-15,97,H1,12:44 (H1),764.0,Aurora Spartans,Juan Madrigal,missed_shot,Juan Madrigal Misses 3PT Jump Shot,3,2 Juan Madrigal > Spot-Up > No Dribble Jumper > Open > Long/3pt > Miss 3 Pts
Benedictine (IL) Eagles,2025-11-15,98,H1,12:44 (H1),764.0,Benedictine (IL) Eagles,Jakeem Cole,rebound_defensive,Jakeem Cole Defensive Rebound,,
Benedictine (IL) Eagles,2025-11-15,99,H1,12:44 (H1),764.0,Aurora Spartans,Gevon Grant,foul,Gevon Grant Commits Personal Foul,,
Benedictine (IL) Eagles,2025-11-15,100,H1,12:22 (H1),742.0,Benedictine (IL) Eagles,Nathan LaPlant,turnover,Nathan LaPlant Turnover (Lost Ball),,23 Nathan LaPlant > Post-Up > Left Block > Right Shoulder > Dribble Move > Turnover
Benedictine (IL) Eagles,2025-11-15,101,H1,12:22 (H1),742.0,Aurora Spartans,Juan Madrigal,steal,Juan Madrigal Steals,,
Benedictine (IL) Eagles,2025-11-15,102,H1,12:14 (H1),734.0,Aurora Spartans,Juan Madrigal,turnover,Juan Madrigal Turnover (Lost Ball),,2 Juan Madrigal > Transition > Ballhandler > Turnover
Benedictine (IL) Eagles,2025-11-15,103,H1,12:14 (H1),734.0,Benedictine (IL) Eagles,Jakeem Cole,steal,Jakeem Cole Steals,,
Benedictine (IL) Eagles,2025-11-15,104,H1,12:13 (H1),733.0,Benedictine (IL) Eagles,Noah Mason,sub_out,Noah Mason Subs Out,,
Benedictine (IL) Eagles,2025-11-15,105,H1,12:13 (H1),733.0,Benedictine (IL) Eagles,Aidan Werth,sub_in,Aidan Werth Subs In,,
Benedictine (IL) Eagles,2025-11-15,106,H1,12:13 (H1),733.0,Aurora Spartans,Gevon Grant,foul,Gevon Grant Commits Personal Foul,,2 Jakeem Cole > Transition > Ballhandler > To Basket > Foul
Benedictine (IL) Eagles,2025-11-15,107,H1,12:13 (H1),733.0,Benedictine (IL) Eagles,Jakeem Cole,free_throw_made,Jakeem Cole Makes Free Throw (1 of 2),,2 Jakeem Cole > Non Possession > Free Throw
Benedictine (IL) Eagles,2025-11-15,108,H1,12:13 (H1),733.0,Benedictine (IL) Eagles,Jakeem Cole,free_throw_made,Jakeem Cole Makes Free Throw (2 of 2),,2 Jakeem Cole > Non Possession > Free Throw
Benedictine (IL) Eagles,2025-11-15,109,H1,12:13 (H1),733.0,Benedictine (IL) Eagles,Ryan Tucker,sub_out,Ryan Tucker Subs Out,,
Benedictine (IL) Eagles,2025-11-15,110,H1,12:13 (H1),733.0,Benedictine (IL) Eagles,Aidan Werth,sub_out,Aidan Werth Subs Out,,
Benedictine (IL) Eagles,2025-11-15,111,H1,12:13 (H1),733.0,Aurora Spartans,Robert Hutson,sub_out,Robert Hutson Subs Out,,
Benedictine (IL) Eagles,2025-11-15,112,H1,12:13 (H1),733.0,Aurora Spartans,Gevon Grant,sub_out,Gevon Grant Subs Out,,
Benedictine (IL) Eagles,2025-11-15,113,H1,12:13 (H1),733.0,Benedictine (IL) Eagles,Brandon McCoy,sub_in,Brandon McCoy Subs In,,
Benedictine (IL) Eagles,2025-11-15,114,H1,12:13 (H1),733.0,Benedictine (IL) Eagles,Pavle Magazin,sub_in,Pavle Magazin Subs In,,
Benedictine (IL) Eagles,2025-11-15,115,H1,12:13 (H1),733.0,Aurora Spartans,Jeffery Hillmer,sub_in,Jeffery Hillmer Subs In,,
Benedictine (IL) Eagles,2025-11-15,116,H1,12:13 (H1),733.0,Aurora Spartans,Zerrick Johnson,sub_in,Zerrick Johnson Subs In,,
Benedictine (IL) Eagles,2025-11-15,117,H1,11:40 (H1),700.0,Aurora Spartans,Jeffery Hillmer,made_shot,Jeffery Hillmer Makes 2PT,2,1 Bryden Gryzmala > P&R Ball Handler > Left P&R > Baseline > Dribble Off Pick > Defense Commits > Ball Delivered > 3 Jeffery Hillmer > Cut > Flash > Make 2 Pts
Benedictine (IL) Eagles,2025-11-15,118,H1,11:40 (H1),700.0,Aurora Spartans,Bryden Gryzmala,assist,Bryden Gryzmala Assists,,
Benedictine (IL) Eagles,2025-11-15,119,H1,11:25 (H1),685.0,Aurora Spartans,Bryden Gryzmala,foul,Bryden Gryzmala Commits Personal Foul,,12 Ryan Sammons > P&R Ball Handler > High P&R > Dribble Off Pick > To Basket > Foul
Benedictine (IL) Eagles,2025-11-15,120,H1,11:25 (H1),685.0,Benedictine (IL) Eagles,,timeout,Official TV Timeout,,
Benedictine (IL) Eagles,2025-11-15,121,H1,11:25 (H1),685.0,Aurora Spartans,,timeout,Official TV Timeout,,
Benedictine (IL) Eagles,2025-11-15,122,H1,11:25 (H1),685.0,Benedictine (IL) Eagles,Ryan Sammons,free_throw_missed,Ryan Sammons Misses Free Throw (1 of 2),,12 Ryan Sammons > Non Possession > Free Throw
Benedictine (IL) Eagles,2025-11-15,123,H1,11:25 (H1),685.0,Aurora Spartans,Bryden Gryzmala,sub_out,Bryden Gryzmala Subs Out,,
Benedictine (IL) Eagles,2025-11-15,124,H1,11:25 (H1),685.0,Aurora Spartans,Juan Madrigal,sub_out,Juan Madrigal Subs Out,,
Benedictine (IL) Eagles,2025-11-15,125,H1,11:25 (H1),685.0,Aurora Spartans,Cullen Rauls,sub_in,Cullen Rauls Subs In,,
Benedictine (IL) Eagles,2025-11-15,126,H1,11:25 (H1),685.0,Aurora Spartans,Mekhi Doby,sub_in,Mekhi Doby Subs In,,
Benedictine (IL) Eagles,2025-11-15,127,H1,11:25 (H1),685.0,Benedictine (IL) Eagles,Benedictine (IL),team_deadball_rebound_offensive,Benedictine (IL) Offensive Deadball Rebound,,
Benedictine (IL) Eagles,2025-11-15,128,H1,11:25 (H1),685.0,Benedictine (IL) Eagles,Ryan Sammons,free_throw_missed,Ryan Sammons Misses Free Throw (2 of 2),,12 Ryan Sammons > Non Possession > Free Throw
Benedictine (IL) Eagles,2025-11-15,129,H1,11:25 (H1),685.0,Benedictine (IL) Eagles,Pavle Magazin,rebound_offensive,Pavle Magazin Offensive Rebound,,
Benedictine (IL) Eagles,2025-11-15,130,H1,11:21 (H1),681.0,Benedictine (IL) Eagles,Nathan LaPlant,missed_shot,Nathan LaPlant Misses 3PT Jump Shot,3,12 Ryan Sammons > P&R Ball Handler > High P&R > Dribble Off Pick > Defense Commits > Ball Delivered > 23 Nathan LaPlant > Spot-Up > No Dribble Jumper > Open > Long/3pt > Miss 3 Pts
Benedictine (IL) Eagles,2025-11-15,131,H1,11:17 (H1),677.0,Aurora Spartans,Zerrick Johnson,rebound_defensive,Zerrick Johnson Defensive Rebound,,
Benedictine (IL) Eagles,2025-11-15,132,H1,11:15 (H1),675.0,Aurora Spartans,Zerrick Johnson,turnover,Zerrick Johnson Turnover (Lost Ball),,13 Zerrick Johnson > Transition > Ballhandler > Turnover
Benedictine (IL) Eagles,2025-11-15,133,H1,10:52 (H1),652.0,Benedictine (IL) Eagles,Brandon McCoy,turnover,Brandon McCoy Turnover (Lost Ball),,1 Brandon McCoy > Off Screen > To Shooter's Right > Straight > Turnover
Benedictine (IL) Eagles,2025-11-15,134,H1,10:52 (H1),652.0,Aurora Spartans,Cullen Rauls,steal,Cullen Rauls Steals,,
Benedictine (IL) Eagles,2025-11-15,135,H1,10:42 (H1),642.0,Aurora Spartans,Mekhi Doby,missed_shot,Mekhi Doby Misses 2PT Driving Layup,2,11 Mekhi Doby > Transition > Left Wing > To Basket > Miss 2 Pts
Benedictine (IL) Eagles,2025-11-15,136,H1,10:37 (H1),637.0,Aurora Spartans,Jeffery Hillmer,rebound_offensive,Jeffery Hillmer Offensive Rebound,,
Benedictine (IL) Eagles,2025-11-15,137,H1,10:37 (H1),637.0,Aurora Spartans,Jeffery Hillmer,missed_shot,Jeffery Hillmer Misses 2PT,2,
Benedictine (IL) Eagles,2025-11-15,138,H1,10:35 (H1),635.0,Benedictine (IL) Eagles,Nathan LaPlant,rebound_defensive,Nathan LaPlant Defensive Rebound,,
Benedictine (IL) Eagles,2025-11-15,139,H1,10:34 (H1),634.0,Benedictine (IL) Eagles,Jakeem Cole,made_shot,Jakeem Cole Makes 2PT Driving Layup,2,2 Jakeem Cole > Transition > Ballhandler > To Basket > Make 2 Pts
Benedictine (IL) Eagles,2025-11-15,140,H1,10:31 (H1),631.0,Benedictine (IL) Eagles,Ryan Sammons,foul,Ryan Sammons Commits Personal Foul,,11 Mekhi Doby > Transition > Ballhandler > Foul
Benedictine (IL) Eagles,2025-11-15,141,H1,10:31 (H1),631.0,Aurora Spartans,Mekhi Doby,free_throw_missed,Mekhi Doby Misses Free Throw (1 of 2),,11 Mekhi Doby > Non Possession > Free Throw
Benedictine (IL) Eagles,2025-11-15,142,H1,10:31 (H1),631.0,Aurora Spartans,Aurora,team_deadball_rebound_offensive,Aurora Offensive Deadball Rebound,,
Benedictine (IL) Eagles,2025-11-15,143,H1,10:30 (H1),630.0,Aurora Spartans,Mekhi Doby,free_throw_missed,Mekhi Doby Misses Free Throw (2 of 2),,11 Mekhi Doby > Non Possession > Free Throw
Benedictine (IL) Eagles,2025-11-15,144,H1,10:29 (H1),629.0,Benedictine (IL) Eagles,Jakeem Cole,rebound_defensive,Jakeem Cole Defensive Rebound,,
Benedictine (IL) Eagles,2025-11-15,145,H1,10:22 (H1),622.0,Benedictine (IL) Eagles,Jakeem Cole,missed_shot,Jakeem Cole Misses 2PT Driving Layup (Blocked),2,2 Jakeem Cole > Transition > Ballhandler > To Basket > Miss 2 Pts
Benedictine (IL) Eagles,2025-11-15,146,H1,10:22 (H1),622.0,Aurora Spartans,Mekhi Doby,block,Mekhi Doby Blocks,,
Benedictine (IL) Eagles,2025-11-15,147,H1,10:13 (H1),613.0,Benedictine (IL) Eagles,Nathan LaPlant,rebound_offensive,Nathan LaPlant Offensive Rebound,,
Benedictine (IL) Eagles,2025-11-15,148,H1,10:13 (H1),613.0,Benedictine (IL) Eagles,Nathan LaPlant,made_shot,Nathan LaPlant Makes 2PT,2,23 Nathan LaPlant > Offensive Rebound > Short > Scoring Attempt > At Basket > Make 2 Pts
Benedictine (IL) Eagles,2025-11-15,149,H1,09:58 (H1),598.0,Aurora Spartans,Cullen Rauls,missed_shot,Cullen Rauls Misses 2PT Driving Layup (Blocked),2,0 Cullen Rauls > Hand Off > From Stationary > Right > To Basket > Miss 2 Pts
Benedictine (IL) Eagles,2025-11-15,150,H1,09:58 (H1),598.0,Benedictine (IL) Eagles,Pavle Magazin,block,Pavle Magazin Blocks,,
Benedictine (IL) Eagles,2025-11-15,151,H1,09:53 (H1),593.0,Benedictine (IL) Eagles,Brandon McCoy,rebound_defensive,Brandon McCoy Defensive Rebound,,
Benedictine (IL) Eagles,2025-11-15,152,H1,09:51 (H1),591.0,Benedictine (IL) Eagles,Jakeem Cole,turnover,Jakeem Cole Turnover (Travel),,2 Jakeem Cole > Transition > Ballhandler > Turnover
Benedictine (IL) Eagles,2025-11-15,153,H1,09:51 (H1),591.0,Benedictine (IL) Eagles,Brandon McCoy,sub_out,Brandon McCoy Subs Out,,
Benedictine (IL) Eagles,2025-11-15,154,H1,09:51 (H1),591.0,Benedictine (IL) Eagles,Jakeem Cole,sub_out,Jakeem Cole Subs Out,,
Benedictine (IL) Eagles,2025-11-15,155,H1,09:51 (H1),591.0,Benedictine (IL) Eagles,Ryan Sammons,sub_out,Ryan Sammons Subs Out,,
Benedictine (IL) Eagles,2025-11-15,156,H1,09:51 (H1),591.0,Benedictine (IL) Eagles,Pavle Magazin,sub_out,Pavle Magazin Subs Out,,
Benedictine (IL) Eagles,2025-11-15,157,H1,09:51 (H1),591.0,Benedictine (IL) Eagles,Nathan LaPlant,sub_out,Nathan LaPlant Subs Out,,
Benedictine (IL) Eagles,2025-11-15,158,H1,09:51 (H1),591.0,Aurora Spartans,Devon Richardson,sub_out,Devon Richardson Subs Out,,
Benedictine (IL) Eagles,2025-11-15,159,H1,09:51 (H1),591.0,Benedictine (IL) Eagles,Ryan Tucker,sub_in,Ryan Tucker Subs In,,
Benedictine (IL) Eagles,2025-11-15,160,H1,09:51 (H1),591.0,Benedictine (IL) Eagles,Noah Mason,sub_in,Noah Mason Subs In,,
Benedictine (IL) Eagles,2025-11-15,161,H1,09:51 (H1),591.0,Benedictine (IL) Eagles,Connor Glasgow,sub_in,Connor Glasgow Subs In,,
Benedictine (IL) Eagles,2025-11-15,162,H1,09:51 (H1),591.0,Benedictine (IL) Eagles,Aidan Werth,sub_in,Aidan Werth Subs In,,
Benedictine (IL) Eagles,2025-11-15,163,H1,09:51 (H1),591.0,Benedictine (IL) Eagles,Hudson Parker,sub_in,Hudson Parker Subs In,,
Benedictine (IL) Eagles,2025-11-15,164,H1,09:51 (H1),591.0,Aurora Spartans,Larry Carthan,sub_in,Larry Carthan Subs In,,
Benedictine (IL) Eagles,2025-11-15,165,H1,09:31 (H1),571.0,Benedictine (IL) Eagles,,jump_ball_held,Jump Ball (Held Ball),,
Benedictine (IL) Eagles,2025-11-15,166,H1,09:31 (H1),571.0,Aurora Spartans,,jump_ball_held,Jump Ball (Held Ball),,
Benedictine (IL) Eagles,2025-11-15,167,H1,09:20 (H1),560.0,Aurora Spartans,Jeffery Hillmer,missed_shot,Jeffery Hillmer Misses 2PT Jump Shot (Blocked),2,3 Jeffery Hillmer > Spot-Up > Drives Left > Dribble Jumper > Short to < 17' > Miss 2 Pts
Benedictine (IL) Eagles,2025-11-15,168,H1,09:20 (H1),560.0,Benedictine (IL) Eagles,Noah Mason,block,Noah Mason Blocks,,
Benedictine (IL) Eagles,2025-11-15,169,H1,09:13 (H1),553.0,Aurora Spartans,Jeffery Hillmer,rebound_offensive,Jeffery Hillmer Offensive Rebound,,
Benedictine (IL) Eagles,2025-11-15,170,H1,09:09 (H1),549.0,Aurora Spartans,Jeffery Hillmer,sub_out,Jeffery Hillmer Subs Out,,
Benedictine (IL) Eagles,2025-11-15,171,H1,09:09 (H1),549.0,Aurora Spartans,Zerrick Johnson,sub_out,Zerrick Johnson Subs Out,,
Benedictine (IL) Eagles,2025-11-15,172,H1,09:09 (H1),549.0,Aurora Spartans,Juan Madrigal,sub_in,Juan Madrigal Subs In,,
Benedictine (IL) Eagles,2025-11-15,173,H1,09:09 (H1),549.0,Aurora Spartans,Robert Hutson,sub_in,Robert Hutson Subs In,,
Benedictine (IL) Eagles,2025-11-15,174,H1,09:09 (H1),549.0,Aurora Spartans,Cullen Rauls,foul,Cullen Rauls Commits Personal Foul,,3 Hudson Parker > Non Possession > Non Shooting Foul
Benedictine (IL) Eagles,2025-11-15,175,H1,09:09 (H1),549.0,Aurora Spartans,Cullen Rauls,sub_out,Cullen Rauls Subs Out,,
Benedictine (IL) Eagles,2025-11-15,176,H1,09:09 (H1),549.0,Aurora Spartans,Bryden Gryzmala,sub_in,Bryden Gryzmala Subs In,,
Benedictine (IL) Eagles,2025-11-15,177,H1,09:05 (H1),545.0,Benedictine (IL) Eagles,Connor Glasgow,made_shot,Connor Glasgow Makes 2PT Layup,2,32 Connor Glasgow > Cut > Flash > Make 2 Pts
Benedictine (IL) Eagles,2025-11-15,178,H1,09:05 (H1),545.0,Benedictine (IL) Eagles,Hudson Parker,assist,Hudson Parker Assists,,
Benedictine (IL) Eagles,2025-11-15,179,H1,08:44 (H1),524.0,Aurora Spartans,Robert Hutson,missed_shot,Robert Hutson Misses 3PT Jump Shot,3,11 Mekhi Doby > P&R Ball Handler > Left P&R > Side > Dribble Off Pick > Defense Commits > Ball Delivered > 12 Robert Hutson > Spot-Up > No Dribble Jumper > Guarded > Long/3pt > Miss 3 Pts
Benedictine (IL) Eagles,2025-11-15,180,H1,08:44 (H1),524.0,Benedictine (IL) Eagles,Noah Mason,rebound_defensive,Noah Mason Defensive Rebound,,
Benedictine (IL) Eagles,2025-11-15,181,H1,08:44 (H1),524.0,Aurora Spartans,Juan Madrigal,foul,Juan Madrigal Commits Personal Foul,,11 Noah Mason > No Play Type > Foul
Benedictine (IL) Eagles,2025-11-15,182,H1,08:44 (H1),524.0,Benedictine (IL) Eagles,Noah Mason,free_throw_made,Noah Mason Makes Free Throw (1 of 2),,11 Noah Mason > Non Possession > Free Throw
Benedictine (IL) Eagles,2025-11-15,183,H1,08:44 (H1),524.0,Benedictine (IL) Eagles,Noah Mason,free_throw_made,Noah Mason Makes Free Throw (2 of 2),,11 Noah Mason > Non Possession > Free Throw
Benedictine (IL) Eagles,2025-11-15,184,H1,08:44 (H1),524.0,Benedictine (IL) Eagles,Noah Mason,sub_out,Noah Mason Subs Out,,
Benedictine (IL) Eagles,2025-11-15,185,H1,08:44 (H1),524.0,Benedictine (IL) Eagles,Nathan LaPlant,sub_in,Nathan LaPlant Subs In,,
Benedictine (IL) Eagles,2025-11-15,186,H1,08:31 (H1),511.0,Aurora Spartans,Robert Hutson,made_shot,Robert Hutson Makes 2PT Driving Layup,2,12 Robert Hutson > P&R Ball Handler > Left P&R > Side > Go Away from Pick > To Basket > Make 2 Pts
Benedictine (IL) Eagles,2025-11-15,187,H1,08:18 (H1),498.0,Aurora Spartans,Larry Carthan,foul,Larry Carthan Commits Personal Foul,,10 Ryan Tucker > Transition > Right Wing > To Basket > Foul
Benedictine (IL) Eagles,2025-11-15,188,H1,08:18 (H1),498.0,Benedictine (IL) Eagles,Ryan Tucker,free_throw_made,Ryan Tucker Makes Free Throw (1 of 2),,10 Ryan Tucker > Non Possession > Free Throw
Benedictine (IL) Eagles,2025-11-15,189,H1,08:18 (H1),498.0,Benedictine (IL) Eagles,Connor Glasgow,sub_out,Connor Glasgow Subs Out,,
Benedictine (IL) Eagles,2025-11-15,190,H1,08:18 (H1),498.0,Benedictine (IL) Eagles,Aidan Werth,sub_out,Aidan Werth Subs Out,,
Benedictine (IL) Eagles,2025-11-15,191,H1,08:18 (H1),498.0,Benedictine (IL) Eagles,Jakeem Cole,sub_in,Jakeem Cole Subs In,,
Benedictine (IL) Eagles,2025-11-15,192,H1,08:18 (H1),498.0,Benedictine (IL) Eagles,Pavle Magazin,sub_in,Pavle Magazin Subs In,,
Benedictine (IL) Eagles,2025-11-15,193,H1,08:16 (H1),496.0,Benedictine (IL) Eagles,Ryan Tucker,free_throw_missed,Ryan Tucker Misses Free Throw (2 of 2),,10 Ryan Tucker > Non Possession > Free Throw
Benedictine (IL) Eagles,2025-11-15,194,H1,08:15 (H1),495.0,Benedictine (IL) Eagles,Pavle Magazin,rebound_offensive,Pavle Magazin Offensive Rebound,,
Benedictine (IL) Eagles,2025-11-15,195,H1,08:15 (H1),495.0,Benedictine (IL) Eagles,Pavle Magazin,turnover,Pavle Magazin Turnover (Lost Ball),,
Benedictine (IL) Eagles,2025-11-15,196,H1,07:58 (H1),478.0,Aurora Spartans,Juan Madrigal,missed_shot,Juan Madrigal Misses 3PT Jump Shot,3,2 Juan Madrigal > Spot-Up > No Dribble Jumper > Guarded > Long/3pt > Miss 3 Pts
Benedictine (IL) Eagles,2025-11-15,197,H1,07:51 (H1),471.0,Aurora Spartans,Mekhi Doby,rebound_offensive,Mekhi Doby Offensive Rebound,,
Benedictine (IL) Eagles,2025-11-15,198,H1,07:51 (H1),471.0,Aurora Spartans,Mekhi Doby,made_shot,Mekhi Doby Makes 2PT,2,
Benedictine (IL) Eagles,2025-11-15,199,H1,07:51 (H1),471.0,Aurora Spartans,Juan Madrigal,made_shot,Juan Madrigal Makes 2PT Layup,2,
Benedictine (IL) Eagles,2025-11-15,200,H1,07:51 (H1),471.0,Benedictine (IL) Eagles,,timeout,Official TV Timeout,,
Benedictine (IL) Eagles,2025-11-15,201,H1,07:51 (H1),471.0,Aurora Spartans,,timeout,Official TV Timeout,,
Benedictine (IL) Eagles,2025-11-15,202,H1,07:26 (H1),446.0,Benedictine (IL) Eagles,Ryan Tucker,made_shot,Ryan Tucker Makes 2PT Driving Layup,2,10 Ryan Tucker > P&R Ball Handler > High P&R > Dribble Off Pick > To Basket > Make 2 Pts
Benedictine (IL) Eagles,2025-11-15,203,H1,07:14 (H1),434.0,Aurora Spartans,Mekhi Doby,made_shot,Mekhi Doby Makes 2PT Pull Up Jump Shot,2,11 Mekhi Doby > P&R Ball Handler > Left P&R > Side > Dribble Off Pick > Dribble Jumper > Medium/17' to <3p > Make 2 Pts
Benedictine (IL) Eagles,2025-11-15,204,H1,07:08 (H1),428.0,Aurora Spartans,Robert Hutson,foul,Robert Hutson Commits Personal Foul,,3 Hudson Parker > No Play Type > Foul
Benedictine (IL) Eagles,2025-11-15,205,H1,07:08 (H1),428.0,Benedictine (IL) Eagles,Jakeem Cole,sub_out,Jakeem Cole Subs Out,,
Benedictine (IL) Eagles,2025-11-15,206,H1,07:08 (H1),428.0,Benedictine (IL) Eagles,Pavle Magazin,sub_out,Pavle Magazin Subs Out,,
Benedictine (IL) Eagles,2025-11-15,207,H1,07:08 (H1),428.0,Aurora Spartans,Juan Madrigal,sub_out,Juan Madrigal Subs Out,,
Benedictine (IL) Eagles,2025-11-15,208,H1,07:08 (H1),428.0,Aurora Spartans,Larry Carthan,sub_out,Larry Carthan Subs Out,,
Benedictine (IL) Eagles,2025-11-15,209,H1,07:08 (H1),428.0,Benedictine (IL) Eagles,Brandon McCoy,sub_in,Brandon McCoy Subs In,,
Benedictine (IL) Eagles,2025-11-15,210,H1,07:08 (H1),428.0,Benedictine (IL) Eagles,Aidan Werth,sub_in,Aidan Werth Subs In,,
Benedictine (IL) Eagles,2025-11-15,211,H1,07:08 (H1),428.0,Aurora Spartans,Jeffery Hillmer,sub_in,Jeffery Hillmer Subs In,,
Benedictine (IL) Eagles,2025-11-15,212,H1,07:08 (H1),428.0,Aurora Spartans,Devon Richardson,sub_in,Devon Richardson Subs In,,
Benedictine (IL) Eagles,2025-11-15,213,H1,07:05 (H1),425.0,Benedictine (IL) Eagles,Hudson Parker,free_throw_missed,Hudson Parker Misses Free Throw (1 of 1),,3 Hudson Parker > Non Possession > Free Throw
Benedictine (IL) Eagles,2025-11-15,214,H1,07:03 (H1),423.0,Aurora Spartans,Jeffery Hillmer,rebound_defensive,Jeffery Hillmer Defensive Rebound,,
Benedictine (IL) Eagles,2025-11-15,215,H1,06:53 (H1),413.0,Aurora Spartans,Bryden Gryzmala,sub_out,Bryden Gryzmala Subs Out,,
Benedictine (IL) Eagles,2025-11-15,216,H1,06:53 (H1),413.0,Aurora Spartans,Gevon Grant,sub_in,Gevon Grant Subs In,,
Benedictine (IL) Eagles,2025-11-15,217,H1,06:44 (H1),404.0,Benedictine (IL) Eagles,Hudson Parker,foul,Hudson Parker Commits Personal Foul,,11 Mekhi Doby > No Play Type > Foul
Benedictine (IL) Eagles,2025-11-15,218,H1,06:44 (H1),404.0,Aurora Spartans,Mekhi Doby,free_throw_made,Mekhi Doby Makes Free Throw (1 of 2),,11 Mekhi Doby > Non Possession > Free Throw
Benedictine (IL) Eagles,2025-11-15,219,H1,06:44 (H1),404.0,Aurora Spartans,Mekhi Doby,free_throw_missed,Mekhi Doby Misses Free Throw (2 of 2),,11 Mekhi Doby > Non Possession > Free Throw
Benedictine (IL) Eagles,2025-11-15,220,H1,06:42 (H1),402.0,Benedictine (IL) Eagles,Brandon McCoy,rebound_defensive,Brandon McCoy Defensive Rebound,,
Benedictine (IL) Eagles,2025-11-15,221,H1,06:38 (H1),398.0,Benedictine (IL) Eagles,Nathan LaPlant,made_shot,Nathan LaPlant Makes 2PT Driving Layup,2,23 Nathan LaPlant > Transition > Leak Outs > To Basket > Make 2 Pts
Benedictine (IL) Eagles,2025-11-15,222,H1,06:38 (H1),398.0,Benedictine (IL) Eagles,Hudson Parker,assist,Hudson Parker Assists,,
Benedictine (IL) Eagles,2025-11-15,223,H1,06:09 (H1),369.0,Aurora Spartans,Jeffery Hillmer,missed_shot,Jeffery Hillmer Misses 2PT Driving Layup (Blocked),2,3 Jeffery Hillmer > Cut > Basket > Miss 2 Pts
Benedictine (IL) Eagles,2025-11-15,224,H1,06:09 (H1),369.0,Benedictine (IL) Eagles,Aidan Werth,block,Aidan Werth Blocks,,
Benedictine (IL) Eagles,2025-11-15,225,H1,06:05 (H1),365.0,Benedictine (IL) Eagles,Nathan LaPlant,rebound_defensive,Nathan LaPlant Defensive Rebound,,
Benedictine (IL) Eagles,2025-11-15,226,H1,05:53 (H1),353.0,Benedictine (IL) Eagles,Aidan Werth,made_shot,Aidan Werth Makes 3PT Jump Shot,3,3 Hudson Parker > P&R Ball Handler > High P&R > Dribble Off Pick > Defense Commits > Ball Delivered > 33 Aidan Werth > P&R Roll Man > Pick and Pops > No Dribble Jumper > Open > Long/3pt > Make 3 Pts
Benedictine (IL) Eagles,2025-11-15,227,H1,05:53 (H1),353.0,Benedictine (IL) Eagles,Hudson Parker,assist,Hudson Parker Assists,,
Benedictine (IL) Eagles,2025-11-15,228,H1,05:39 (H1),339.0,Aurora Spartans,Mekhi Doby,made_shot,Mekhi Doby Makes 2PT Driving Layup,2,11 Mekhi Doby > P&R Ball Handler > Right P&R > Baseline > Dribble Off Pick > To Basket > Make 2 Pts
Benedictine (IL) Eagles,2025-11-15,229,H1,05:29 (H1),329.0,Benedictine (IL) Eagles,Brandon McCoy,made_shot,Brandon McCoy Makes 2PT Driving Layup,2,1 Brandon McCoy > Transition > First Middle > To Basket > Make 2 Pts
Benedictine (IL) Eagles,2025-11-15,230,H1,05:29 (H1),329.0,Benedictine (IL) Eagles,Ryan Tucker,assist,Ryan Tucker Assists,,
Benedictine (IL) Eagles,2025-11-15,231,H1,05:23 (H1),323.0,Aurora Spartans,Jeffery Hillmer,foul,Jeffery Hillmer Commits Offensive Foul,,
Benedictine (IL) Eagles,2025-11-15,232,H1,05:23 (H1),323.0,Aurora Spartans,Jeffery Hillmer,turnover,Jeffery Hillmer Turnover (Offensive Foul),,3 Jeffery Hillmer > No Play Type > Turnover
Benedictine (IL) Eagles,2025-11-15,233,H1,05:23 (H1),323.0,Aurora Spartans,Mekhi Doby,sub_out,Mekhi Doby Subs Out,,
Benedictine (IL) Eagles,2025-11-15,234,H1,05:23 (H1),323.0,Aurora Spartans,Robert Hutson,sub_out,Robert Hutson Subs Out,,
Benedictine (IL) Eagles,2025-11-15,235,H1,05:23 (H1),323.0,Aurora Spartans,Juan Madrigal,sub_in,Juan Madrigal Subs In,,
Benedictine (IL) Eagles,2025-11-15,236,H1,05:23 (H1),323.0,Aurora Spartans,Zerrick Johnson,sub_in,Zerrick Johnson Subs In,,
Benedictine (IL) Eagles,2025-11-15,237,H1,05:18 (H1),318.0,Benedictine (IL) Eagles,Nathan LaPlant,turnover,Nathan LaPlant Turnover (Bad Pass),,23 Nathan LaPlant > No Play Type > Turnover
Benedictine (IL) Eagles,2025-11-15,238,H1,05:18 (H1),318.0,Aurora Spartans,Zerrick Johnson,steal,Zerrick Johnson Steals,,
Benedictine (IL) Eagles,2025-11-15,239,H1,05:16 (H1),316.0,Aurora Spartans,Zerrick Johnson,made_shot,Zerrick Johnson Makes 2PT Driving Layup,2,13 Zerrick Johnson > No Play Type > To Basket > Make 2 Pts
Benedictine (IL) Eagles,2025-11-15,240,H1,05:16 (H1),316.0,Benedictine (IL) Eagles,,timeout,Benedictine (IL) Timeout,,
Benedictine (IL) Eagles,2025-11-15,241,H1,04:55 (H1),295.0,Benedictine (IL) Eagles,Brandon McCoy,made_shot,Brandon McCoy Makes 2PT Pull Up Jump Shot,2,1 Brandon McCoy > P&R Ball Handler > Left P&R > Side > Dribble Off Pick > Dribble Jumper > Medium/17' to <3p > Make 2 Pts
Benedictine (IL) Eagles,2025-11-15,242,H1,04:33 (H1),273.0,Aurora Spartans,Zerrick Johnson,missed_shot,Zerrick Johnson Misses 2PT Jump Shot,2,22 Devon Richardson > Post-Up > Left Block > Left Shoulder > Dribble Move > Defense Commits > Ball Delivered > 13 Zerrick Johnson > Spot-Up > Drives Straight > Dribble Jumper > Short to < 17' > Miss 2 Pts
Benedictine (IL) Eagles,2025-11-15,243,H1,04:30 (H1),270.0,Benedictine (IL) Eagles,Hudson Parker,rebound_defensive,Hudson Parker Defensive Rebound,,
Benedictine (IL) Eagles,2025-11-15,244,H1,04:17 (H1),257.0,Benedictine (IL) Eagles,Nathan LaPlant,made_shot,Nathan LaPlant Makes 2PT Driving Layup,2,23 Nathan LaPlant > No Play Type > To Basket > Make 2 Pts
Benedictine (IL) Eagles,2025-11-15,245,H1,03:59 (H1),239.0,Aurora Spartans,Gevon Grant,made_shot,Gevon Grant Makes 3PT Jump Shot,3,2 Juan Madrigal > P&R Ball Handler > High P&R > Dribble Off Pick > Defense Commits > Ball Delivered > 24 Gevon Grant > Spot-Up > No Dribble Jumper > Open > Long/3pt > Make 3 Pts
Benedictine (IL) Eagles,2025-11-15,246,H1,03:59 (H1),239.0,Aurora Spartans,Juan Madrigal,assist,Juan Madrigal Assists,,
Benedictine (IL) Eagles,2025-11-15,247,H1,03:44 (H1),224.0,Benedictine (IL) Eagles,Ryan Tucker,missed_shot,Ryan Tucker Misses 2PT Jump Shot (Blocked),2,10 Ryan Tucker > Transition > Left Wing > To Basket > Miss 2 Pts
Benedictine (IL) Eagles,2025-11-15,248,H1,03:44 (H1),224.0,Aurora Spartans,Devon Richardson,block,Devon Richardson Blocks,,
Benedictine (IL) Eagles,2025-11-15,249,H1,03:40 (H1),220.0,Aurora Spartans,Jeffery Hillmer,rebound_defensive,Jeffery Hillmer Defensive Rebound,,
Benedictine (IL) Eagles,2025-11-15,250,H1,03:39 (H1),219.0,Aurora Spartans,Jeffery Hillmer,missed_shot,Jeffery Hillmer Misses 2PT Driving Layup,2,3 Jeffery Hillmer > Transition > First Middle > To Basket > Miss 2 Pts
Benedictine (IL) Eagles,2025-11-15,251,H1,03:36 (H1),216.0,Benedictine (IL) Eagles,Hudson Parker,rebound_defensive,Hudson Parker Defensive Rebound,,
Benedictine (IL) Eagles,2025-11-15,252,H1,03:36 (H1),216.0,Benedictine (IL) Eagles,,timeout,Official TV Timeout,,
Benedictine (IL) Eagles,2025-11-15,253,H1,03:36 (H1),216.0,Aurora Spartans,,timeout,Official TV Timeout,,
Benedictine (IL) Eagles,2025-11-15,254,H1,03:34 (H1),214.0,Benedictine (IL) Eagles,Hudson Parker,sub_out,Hudson Parker Subs Out,,
Benedictine (IL) Eagles,2025-11-15,255,H1,03:34 (H1),214.0,Benedictine (IL) Eagles,Ryan Tucker,sub_out,Ryan Tucker Subs Out,,
Benedictine (IL) Eagles,2025-11-15,256,H1,03:34 (H1),214.0,Benedictine (IL) Eagles,Nathan LaPlant,sub_out,Nathan LaPlant Subs Out,,
Benedictine (IL) Eagles,2025-11-15,257,H1,03:34 (H1),214.0,Benedictine (IL) Eagles,Aidan Werth,sub_out,Aidan Werth Subs Out,,
Benedictine (IL) Eagles,2025-11-15,258,H1,03:34 (H1),214.0,Benedictine (IL) Eagles,Jakeem Cole,sub_in,Jakeem Cole Subs In,,
Benedictine (IL) Eagles,2025-11-15,259,H1,03:34 (H1),214.0,Benedictine (IL) Eagles,Noah Mason,sub_in,Noah Mason Subs In,,
Benedictine (IL) Eagles,2025-11-15,260,H1,03:34 (H1),214.0,Benedictine (IL) Eagles,Ryan Sammons,sub_in,Ryan Sammons Subs In,,
Benedictine (IL) Eagles,2025-11-15,261,H1,03:34 (H1),214.0,Benedictine (IL) Eagles,Pavle Magazin,sub_in,Pavle Magazin Subs In,,
Benedictine (IL) Eagles,2025-11-15,262,H1,03:32 (H1),212.0,Benedictine (IL) Eagles,Brandon McCoy,missed_shot,Brandon McCoy Misses 2PT Jump Shot,2,1 Brandon McCoy > Spot-Up > Drives Left > Dribble Jumper > Short to < 17' > Miss 2 Pts
Benedictine (IL) Eagles,2025-11-15,263,H1,03:30 (H1),210.0,Benedictine (IL) Eagles,Noah Mason,rebound_offensive,Noah Mason Offensive Rebound,,
Benedictine (IL) Eagles,2025-11-15,264,H1,03:30 (H1),210.0,Aurora Spartans,Zerrick Johnson,sub_out,Zerrick Johnson Subs Out,,
Benedictine (IL) Eagles,2025-11-15,265,H1,03:30 (H1),210.0,Aurora Spartans,Mekhi Doby,sub_in,Mekhi Doby Subs In,,
Benedictine (IL) Eagles,2025-11-15,266,H1,03:27 (H1),207.0,Benedictine (IL) Eagles,Jakeem Cole,turnover,Jakeem Cole Turnover (Lost Ball),,2 Jakeem Cole > No Play Type > Turnover
Benedictine (IL) Eagles,2025-11-15,267,H1,03:27 (H1),207.0,Aurora Spartans,Juan Madrigal,steal,Juan Madrigal Steals,,
Benedictine (IL) Eagles,2025-11-15,268,H1,02:55 (H1),175.0,Aurora Spartans,Devon Richardson,turnover,Devon Richardson Turnover (Lost Ball),,22 Devon Richardson > ISO > Right > Drives Right > Turnover
Benedictine (IL) Eagles,2025-11-15,269,H1,02:45 (H1),165.0,Benedictine (IL) Eagles,Brandon McCoy,missed_shot,Brandon McCoy Misses 3PT Jump Shot,3,1 Brandon McCoy > Transition > Left Wing > No Dribble Jumper > Guarded > Long/3pt > Miss 3 Pts
Benedictine (IL) Eagles,2025-11-15,270,H1,02:38 (H1),158.0,Benedictine (IL) Eagles,Noah Mason,rebound_offensive,Noah Mason Offensive Rebound,,
Benedictine (IL) Eagles,2025-11-15,271,H1,02:38 (H1),158.0,Benedictine (IL) Eagles,Noah Mason,missed_shot,Noah Mason Misses 2PT,2,
Benedictine (IL) Eagles,2025-11-15,272,H1,02:34 (H1),154.0,Aurora Spartans,Juan Madrigal,rebound_defensive,Juan Madrigal Defensive Rebound,,
Benedictine (IL) Eagles,2025-11-15,273,H1,02:34 (H1),154.0,Aurora Spartans,Juan Madrigal,turnover,Juan Madrigal Turnover (Lost Ball),,2 Juan Madrigal > No Play Type > Turnover
Benedictine (IL) Eagles,2025-11-15,274,H1,02:34 (H1),154.0,Benedictine (IL) Eagles,Jakeem Cole,steal,Jakeem Cole Steals,,
Benedictine (IL) Eagles,2025-11-15,275,H1,02:28 (H1),148.0,Benedictine (IL) Eagles,Brandon McCoy,missed_shot,Brandon McCoy Misses 2PT Pull Up Jump Shot,2,1 Brandon McCoy > No Play Type > To Basket > Miss 2 Pts
Benedictine (IL) Eagles,2025-11-15,276,H1,02:28 (H1),148.0,Benedictine (IL) Eagles,Noah Mason,rebound_offensive,Noah Mason Offensive Rebound,,
Benedictine (IL) Eagles,2025-11-15,277,H1,02:28 (H1),148.0,Benedictine (IL) Eagles,Noah Mason,missed_shot,Noah Mason Misses 2PT,2,11 Noah Mason > Offensive Rebound > Short > Scoring Attempt > At Basket > Miss 2 Pts
Benedictine (IL) Eagles,2025-11-15,278,H1,02:28 (H1),148.0,Aurora Spartans,,team_deadball_rebound_defensive,Defensive Rebound,,
Benedictine (IL) Eagles,2025-11-15,279,H1,02:28 (H1),148.0,Benedictine (IL) Eagles,Noah Mason,sub_out,Noah Mason Subs Out,,
Benedictine (IL) Eagles,2025-11-15,280,H1,02:28 (H1),148.0,Benedictine (IL) Eagles,Nathan LaPlant,sub_in,Nathan LaPlant Subs In,,
Benedictine (IL) Eagles,2025-11-15,281,H1,02:12 (H1),132.0,Aurora Spartans,Gevon Grant,missed_shot,Gevon Grant Misses 3PT Jump Shot,3,11 Mekhi Doby > ISO > Right > Drives Left > Defense Commits > Ball Delivered > 24 Gevon Grant > Spot-Up > No Dribble Jumper > Open > Long/3pt > Miss 3 Pts
Benedictine (IL) Eagles,2025-11-15,282,H1,02:11 (H1),131.0,Aurora Spartans,,team_deadball_rebound_offensive,Offensive Rebound,,
Benedictine (IL) Eagles,2025-11-15,283,H1,02:01 (H1),121.0,Aurora Spartans,Gevon Grant,turnover,Gevon Grant Turnover (Bad Pass),,24 Gevon Grant > Spot-Up > Drives Left > Turnover
Benedictine (IL) Eagles,2025-11-15,284,H1,01:51 (H1),111.0,Benedictine (IL) Eagles,Pavle Magazin,sub_out,Pavle Magazin Subs Out,,
Benedictine (IL) Eagles,2025-11-15,285,H1,01:51 (H1),111.0,Benedictine (IL) Eagles,Aidan Werth,sub_in,Aidan Werth Subs In,,
Benedictine (IL) Eagles,2025-11-15,286,H1,01:50 (H1),110.0,Benedictine (IL) Eagles,Ryan Sammons,missed_shot,Ryan Sammons Misses 3PT Jump Shot,3,12 Ryan Sammons > P&R Ball Handler > Left P&R > Side > Dribble Off Pick > Dribble Jumper > Long/3pt > Miss 3 Pts
Benedictine (IL) Eagles,2025-11-15,287,H1,01:45 (H1),105.0,Aurora Spartans,Gevon Grant,rebound_defensive,Gevon Grant Defensive Rebound,,
Benedictine (IL) Eagles,2025-11-15,288,H1,01:45 (H1),105.0,Benedictine (IL) Eagles,Nathan LaPlant,foul,Nathan LaPlant Commits Personal Foul,,24 Gevon Grant > No Play Type > Foul
Benedictine (IL) Eagles,2025-11-15,289,H1,01:45 (H1),105.0,Aurora Spartans,Gevon Grant,free_throw_made,Gevon Grant Makes Free Throw (1 of 2),,24 Gevon Grant > Non Possession > Free Throw
Benedictine (IL) Eagles,2025-11-15,290,H1,01:45 (H1),105.0,Benedictine (IL) Eagles,Nathan LaPlant,sub_out,Nathan LaPlant Subs Out,,
Benedictine (IL) Eagles,2025-11-15,291,H1,01:45 (H1),105.0,Benedictine (IL) Eagles,Ryan Tucker,sub_in,Ryan Tucker Subs In,,
Benedictine (IL) Eagles,2025-11-15,292,H1,01:42 (H1),102.0,Aurora Spartans,Gevon Grant,free_throw_missed,Gevon Grant Misses Free Throw (2 of 2),,24 Gevon Grant > Non Possession > Free Throw
Benedictine (IL) Eagles,2025-11-15,293,H1,01:41 (H1),101.0,Benedictine (IL) Eagles,Ryan Tucker,rebound_defensive,Ryan Tucker Defensive Rebound,,
Benedictine (IL) Eagles,2025-11-15,294,H1,01:25 (H1),85.0,Benedictine (IL) Eagles,Aidan Werth,made_shot,Aidan Werth Makes 2PT Layup,2,33 Aidan Werth > Post-Up > Left Block > Right Shoulder > Dribble Move > To Drop Step > Make 2 Pts
Benedictine (IL) Eagles,2025-11-15,295,H1,01:10 (H1),70.0,Aurora Spartans,Devon Richardson,turnover,Devon Richardson Turnover (Lost Ball),,22 Devon Richardson > ISO > Top > Drives Right > Defense Commits > Turnover
Benedictine (IL) Eagles,2025-11-15,296,H1,01:10 (H1),70.0,Benedictine (IL) Eagles,Brandon McCoy,steal,Brandon McCoy Steals,,
Benedictine (IL) Eagles,2025-11-15,297,H1,01:02 (H1),62.0,Benedictine (IL) Eagles,Brandon McCoy,missed_shot,Brandon McCoy Misses 2PT Driving Layup (Blocked),2,1 Brandon McCoy > Transition > Ballhandler > To Basket > Miss 2 Pts
Benedictine (IL) Eagles,2025-11-15,298,H1,01:02 (H1),62.0,Aurora Spartans,Juan Madrigal,block,Juan Madrigal Blocks,,
Benedictine (IL) Eagles,2025-11-15,299,H1,00:51 (H1),51.0,Benedictine (IL) Eagles,Ryan Tucker,rebound_offensive,Ryan Tucker Offensive Rebound,,
Benedictine (IL) Eagles,2025-11-15,300,H1,00:34 (H1),34.0,Aurora Spartans,Jeffery Hillmer,made_shot,Jeffery Hillmer Makes 3PT Jump Shot,3,3 Jeffery Hillmer > Transition > Left Wing > No Dribble Jumper > Open > Long/3pt > Make 3 Pts
Benedictine (IL) Eagles,2025-11-15,301,H1,00:25 (H1),25.0,Benedictine (IL) Eagles,Aidan Werth,made_shot,Aidan Werth Makes 3PT Jump Shot,3,33 Aidan Werth > Spot-Up > No Dribble Jumper > Guarded > Long/3pt > Make 3 Pts
Benedictine (IL) Eagles,2025-11-15,302,H1,00:07 (H1),7.0,Benedictine (IL) Eagles,Ryan Tucker,made_shot,Ryan Tucker Makes 2PT Layup,2,
Benedictine (IL) Eagles,2025-11-15,303,H1,00:04 (H1),4.0,Benedictine (IL) Eagles,Ryan Tucker,foul,Ryan Tucker Commits Personal Foul,,11 Mekhi Doby > P&R Ball Handler > High P&R > Go Away from Pick > Defense Commits > Foul
Benedictine (IL) Eagles,2025-11-15,304,H1,00:04 (H1),4.0,Benedictine (IL) Eagles,Brandon McCoy,sub_out,Brandon McCoy Subs Out,,
Benedictine (IL) Eagles,2025-11-15,305,H1,00:04 (H1),4.0,Benedictine (IL) Eagles,Hudson Parker,sub_in,Hudson Parker Subs In,,
Benedictine (IL) Eagles,2025-11-15,306,H1,00:04 (H1),4.0,Aurora Spartans,Devon Richardson,sub_out,Devon Richardson Subs Out,,
Benedictine (IL) Eagles,2025-11-15,307,H1,00:04 (H1),4.0,Aurora Spartans,Gevon Grant,sub_out,Gevon Grant Subs Out,,
Benedictine (IL) Eagles,2025-11-15,308,H1,00:04 (H1),4.0,Aurora Spartans,Larry Carthan,sub_in,Larry Carthan Subs In,,
Benedictine (IL) Eagles,2025-11-15,309,H1,00:04 (H1),4.0,Aurora Spartans,Zerrick Johnson,sub_in,Zerrick Johnson Subs In,,
Benedictine (IL) Eagles,2025-11-15,310,H1,00:02 (H1),2.0,Aurora Spartans,Mekhi Doby,free_throw_missed,Mekhi Doby Misses Free Throw (1 of 1),,11 Mekhi Doby > Non Possession > Free Throw
Benedictine (IL) Eagles,2025-11-15,311,H1,00:00 (H1),0.0,Benedictine (IL) Eagles,Aidan Werth,rebound_defensive,Aidan Werth Defensive Rebound,,
Benedictine (IL) Eagles,2025-11-15,312,H1,,,,,period_marker,End 1st Half,,
Benedictine (IL) Eagles,2025-11-15,313,H1,,,,,period_marker,Start 2nd Half,,
Benedictine (IL) Eagles,2025-11-15,314,H2,19:31 (H2),1171.0,Aurora Spartans,Zerrick Johnson,foul,Zerrick Johnson Commits Personal Foul,,12 Ryan Sammons > P&R Ball Handler > Right P&R > Side > Dribble Off Pick > Dribble Jumper > Short to < 17' > Foul
Benedictine (IL) Eagles,2025-11-15,315,H2,19:31 (H2),1171.0,Benedictine (IL) Eagles,Ryan Sammons,free_throw_made,Ryan Sammons Makes Free Throw (1 of 2),,12 Ryan Sammons > Non Possession > Free Throw
Benedictine (IL) Eagles,2025-11-15,316,H2,19:31 (H2),1171.0,Benedictine (IL) Eagles,Ryan Sammons,free_throw_made,Ryan Sammons Makes Free Throw (2 of 2),,12 Ryan Sammons > Non Possession > Free Throw
Benedictine (IL) Eagles,2025-11-15,317,H2,19:15 (H2),1155.0,Aurora Spartans,Bryden Gryzmala,missed_shot,Bryden Gryzmala Misses 2PT Pull Up Jump Shot,2,1 Bryden Gryzmala > Spot-Up > Drives Left > Dribble Jumper > Medium/17' to <3p > Miss 2 Pts
Benedictine (IL) Eagles,2025-11-15,318,H2,19:11 (H2),1151.0,Benedictine (IL) Eagles,Ryan Tucker,rebound_defensive,Ryan Tucker Defensive Rebound,,
Benedictine (IL) Eagles,2025-11-15,319,H2,18:52 (H2),1132.0,Benedictine (IL) Eagles,Noah Mason,missed_shot,Noah Mason Misses 2PT,2,11 Noah Mason > P&R Ball Handler > Right P&R > Side > Dribble Off Pick > To Basket > Miss 2 Pts
Benedictine (IL) Eagles,2025-11-15,320,H2,18:51 (H2),1131.0,Benedictine (IL) Eagles,Noah Mason,rebound_offensive,Noah Mason Offensive Rebound,,
Benedictine (IL) Eagles,2025-11-15,321,H2,18:51 (H2),1131.0,Benedictine (IL) Eagles,Noah Mason,made_shot,Noah Mason Makes 2PT,2,11 Noah Mason > Offensive Rebound > Short > Scoring Attempt > At Basket > Make 2 Pts Foul > 0 Pts
Benedictine (IL) Eagles,2025-11-15,322,H2,18:51 (H2),1131.0,Aurora Spartans,Jeffery Hillmer,foul,Jeffery Hillmer Commits Personal Foul,,
Benedictine (IL) Eagles,2025-11-15,323,H2,18:50 (H2),1130.0,Benedictine (IL) Eagles,Noah Mason,free_throw_missed,Noah Mason Misses Free Throw (1 of 1),,11 Noah Mason > Non Possession > Free Throw
Benedictine (IL) Eagles,2025-11-15,324,H2,18:49 (H2),1129.0,Aurora Spartans,Zerrick Johnson,rebound_defensive,Zerrick Johnson Defensive Rebound,,
Benedictine (IL) Eagles,2025-11-15,325,H2,18:33 (H2),1113.0,Aurora Spartans,Bryden Gryzmala,missed_shot,Bryden Gryzmala Misses 3PT Jump Shot,3,2 Juan Madrigal > P&R Ball Handler > High P&R > Dribble Off Pick > Defense Commits > Ball Delivered > 1 Bryden Gryzmala > Spot-Up > No Dribble Jumper > Open > Long/3pt > Miss 3 Pts
Benedictine (IL) Eagles,2025-11-15,326,H2,18:33 (H2),1113.0,Aurora Spartans,,team_deadball_rebound_offensive,Offensive Rebound,,
Benedictine (IL) Eagles,2025-11-15,327,H2,18:13 (H2),1093.0,Aurora Spartans,Zerrick Johnson,missed_shot,Zerrick Johnson Misses 3PT Jump Shot,3,13 Zerrick Johnson > Spot-Up > Drives Right > Dribble Jumper > Long/3pt > Miss 3 Pts
Benedictine (IL) Eagles,2025-11-15,328,H2,18:10 (H2),1090.0,Benedictine (IL) Eagles,,team_deadball_rebound_defensive,Defensive Rebound,,
Benedictine (IL) Eagles,2025-11-15,329,H2,18:10 (H2),1090.0,Aurora Spartans,Bryden Gryzmala,sub_out,Bryden Gryzmala Subs Out,,
Benedictine (IL) Eagles,2025-11-15,330,H2,18:10 (H2),1090.0,Aurora Spartans,Zerrick Johnson,sub_out,Zerrick Johnson Subs Out,,
Benedictine (IL) Eagles,2025-11-15,331,H2,18:10 (H2),1090.0,Aurora Spartans,Cullen Rauls,sub_in,Cullen Rauls Subs In,,
Benedictine (IL) Eagles,2025-11-15,332,H2,18:10 (H2),1090.0,Aurora Spartans,Mekhi Doby,sub_in,Mekhi Doby Subs In,,
Benedictine (IL) Eagles,2025-11-15,333,H2,17:54 (H2),1074.0,Benedictine (IL) Eagles,Ryan Sammons,made_shot,Ryan Sammons Makes 3PT Pull Up Jump Shot,3,12 Ryan Sammons > P&R Ball Handler > Left P&R > Side > Dribble Off Pick > Dribble Jumper > Long/3pt > Make 3 Pts
Benedictine (IL) Eagles,2025-11-15,334,H2,17:41 (H2),1061.0,Benedictine (IL) Eagles,Aidan Werth,foul,Aidan Werth Commits Personal Foul,,22 Devon Richardson > Post-Up > Left Block > Left Shoulder > Dribble Move > To Basket > Foul
Benedictine (IL) Eagles,2025-11-15,335,H2,17:41 (H2),1061.0,Aurora Spartans,Devon Richardson,free_throw_missed,Devon Richardson Misses Free Throw (1 of 2),,22 Devon Richardson > Non Possession > Free Throw
Benedictine (IL) Eagles,2025-11-15,336,H2,17:41 (H2),1061.0,Aurora Spartans,Aurora,team_deadball_rebound_offensive,Aurora Offensive Deadball Rebound,,
Benedictine (IL) Eagles,2025-11-15,337,H2,17:41 (H2),1061.0,Aurora Spartans,Devon Richardson,free_throw_missed,Devon Richardson Misses Free Throw (2 of 2),,22 Devon Richardson > Non Possession > Free Throw
Benedictine (IL) Eagles,2025-11-15,338,H2,17:39 (H2),1059.0,Benedictine (IL) Eagles,Ryan Sammons,rebound_defensive,Ryan Sammons Defensive Rebound,,
Benedictine (IL) Eagles,2025-11-15,339,H2,17:09 (H2),1029.0,Benedictine (IL) Eagles,Noah Mason,missed_shot,Noah Mason Misses 2PT Dunk,2,11 Noah Mason > Post-Up > Right Block > Left Shoulder > Dribble Move > To Basket > Miss 2 Pts
Benedictine (IL) Eagles,2025-11-15,340,H2,17:09 (H2),1029.0,Aurora Spartans,,team_deadball_rebound_defensive,Defensive Rebound,,
Benedictine (IL) Eagles,2025-11-15,341,H2,16:55 (H2),1015.0,Aurora Spartans,Juan Madrigal,turnover,Juan Madrigal Turnover (Bad Pass),,2 Juan Madrigal > P&R Ball Handler > Left P&R > Side > Dribble Off Pick > Defense Commits > Turnover
Benedictine (IL) Eagles,2025-11-15,342,H2,16:55 (H2),1015.0,Benedictine (IL) Eagles,Ryan Tucker,steal,Ryan Tucker Steals,,
Benedictine (IL) Eagles,2025-11-15,343,H2,16:50 (H2),1010.0,Aurora Spartans,Jeffery Hillmer,foul,Jeffery Hillmer Commits Personal Foul,,2 Jakeem Cole > Transition > Right Wing > To Basket > Foul
Benedictine (IL) Eagles,2025-11-15,344,H2,16:50 (H2),1010.0,Benedictine (IL) Eagles,Jakeem Cole,free_throw_made,Jakeem Cole Makes Free Throw (1 of 2),,2 Jakeem Cole > Non Possession > Free Throw
Benedictine (IL) Eagles,2025-11-15,345,H2,16:50 (H2),1010.0,Benedictine (IL) Eagles,Jakeem Cole,free_throw_made,Jakeem Cole Makes Free Throw (2 of 2),,2 Jakeem Cole > Non Possession > Free Throw
Benedictine (IL) Eagles,2025-11-15,346,H2,16:50 (H2),1010.0,Benedictine (IL) Eagles,Noah Mason,sub_out,Noah Mason Subs Out,,
Benedictine (IL) Eagles,2025-11-15,347,H2,16:50 (H2),1010.0,Benedictine (IL) Eagles,Ryan Sammons,sub_out,Ryan Sammons Subs Out,,
Benedictine (IL) Eagles,2025-11-15,348,H2,16:50 (H2),1010.0,Benedictine (IL) Eagles,Aidan Werth,sub_out,Aidan Werth Subs Out,,
Benedictine (IL) Eagles,2025-11-15,349,H2,16:50 (H2),1010.0,Aurora Spartans,Juan Madrigal,sub_out,Juan Madrigal Subs Out,,
Benedictine (IL) Eagles,2025-11-15,350,H2,16:50 (H2),1010.0,Aurora Spartans,Jeffery Hillmer,sub_out,Jeffery Hillmer Subs Out,,
Benedictine (IL) Eagles,2025-11-15,351,H2,16:50 (H2),1010.0,Aurora Spartans,Devon Richardson,sub_out,Devon Richardson Subs Out,,
Benedictine (IL) Eagles,2025-11-15,352,H2,16:50 (H2),1010.0,Benedictine (IL) Eagles,Hudson Parker,sub_in,Hudson Parker Subs In,,
Benedictine (IL) Eagles,2025-11-15,353,H2,16:50 (H2),1010.0,Benedictine (IL) Eagles,Pavle Magazin,sub_in,Pavle Magazin Subs In,,
Benedictine (IL) Eagles,2025-11-15,354,H2,16:50 (H2),1010.0,Benedictine (IL) Eagles,Nathan LaPlant,sub_in,Nathan LaPlant Subs In,,
Benedictine (IL) Eagles,2025-11-15,355,H2,16:50 (H2),1010.0,Aurora Spartans,Larry Carthan,sub_in,Larry Carthan Subs In,,
Benedictine (IL) Eagles,2025-11-15,356,H2,16:50 (H2),1010.0,Aurora Spartans,Robert Hutson,sub_in,Robert Hutson Subs In,,
Benedictine (IL) Eagles,2025-11-15,357,H2,16:50 (H2),1010.0,Aurora Spartans,Gevon Grant,sub_in,Gevon Grant Subs In,,
Benedictine (IL) Eagles,2025-11-15,358,H2,16:23 (H2),983.0,Aurora Spartans,Robert Hutson,missed_shot,Robert Hutson Misses 3PT Jump Shot,3,12 Robert Hutson > Spot-Up > No Dribble Jumper > Guarded > Long/3pt > Miss 3 Pts
Benedictine (IL) Eagles,2025-11-15,359,H2,16:23 (H2),983.0,Aurora Spartans,Gevon Grant,rebound_offensive,Gevon Grant Offensive Rebound,,
Benedictine (IL) Eagles,2025-11-15,360,H2,16:23 (H2),983.0,Benedictine (IL) Eagles,Pavle Magazin,foul,Pavle Magazin Commits Personal Foul,,11 Mekhi Doby > Hand Off > From Dribble > Right > To Basket > Foul
Benedictine (IL) Eagles,2025-11-15,361,H2,16:16 (H2),976.0,Benedictine (IL) Eagles,Pavle Magazin,foul,Pavle Magazin Commits Personal Foul,,
Benedictine (IL) Eagles,2025-11-15,362,H2,16:16 (H2),976.0,Aurora Spartans,Mekhi Doby,free_throw_made,Mekhi Doby Makes Free Throw (1 of 2),,11 Mekhi Doby > Non Possession > Free Throw
Benedictine (IL) Eagles,2025-11-15,363,H2,16:16 (H2),976.0,Aurora Spartans,Mekhi Doby,free_throw_made,Mekhi Doby Makes Free Throw (2 of 2),,11 Mekhi Doby > Non Possession > Free Throw
Benedictine (IL) Eagles,2025-11-15,364,H2,16:10 (H2),970.0,Benedictine (IL) Eagles,Jakeem Cole,missed_shot,Jakeem Cole Misses 2PT Driving Layup (Blocked),2,2 Jakeem Cole > Transition > Ballhandler > To Basket > Miss 2 Pts
Benedictine (IL) Eagles,2025-11-15,365,H2,16:10 (H2),970.0,Aurora Spartans,Larry Carthan,block,Larry Carthan Blocks,,
Benedictine (IL) Eagles,2025-11-15,366,H2,16:10 (H2),970.0,Benedictine (IL) Eagles,Pavle Magazin,rebound_offensive,Pavle Magazin Offensive Rebound,,
Benedictine (IL) Eagles,2025-11-15,367,H2,16:10 (H2),970.0,Benedictine (IL) Eagles,Pavle Magazin,made_shot,Pavle Magazin Makes 2PT,2,21 Pavle Magazin > Offensive Rebound > Short > Scoring Attempt > At Basket > Make 2 Pts Foul > 0 Pts
Benedictine (IL) Eagles,2025-11-15,368,H2,16:10 (H2),970.0,Aurora Spartans,Cullen Rauls,foul,Cullen Rauls Commits Personal Foul,,
Benedictine (IL) Eagles,2025-11-15,369,H2,16:10 (H2),970.0,Benedictine (IL) Eagles,Ryan Tucker,sub_out,Ryan Tucker Subs Out,,
Benedictine (IL) Eagles,2025-11-15,370,H2,16:10 (H2),970.0,Benedictine (IL) Eagles,Connor Glasgow,sub_in,Connor Glasgow Subs In,,
Benedictine (IL) Eagles,2025-11-15,371,H2,16:09 (H2),969.0,Benedictine (IL) Eagles,Pavle Magazin,free_throw_missed,Pavle Magazin Misses Free Throw (1 of 1),,21 Pavle Magazin > Non Possession > Free Throw
Benedictine (IL) Eagles,2025-11-15,372,H2,16:07 (H2),967.0,Aurora Spartans,Larry Carthan,rebound_defensive,Larry Carthan Defensive Rebound,,
Benedictine (IL) Eagles,2025-11-15,373,H2,15:56 (H2),956.0,Aurora Spartans,Mekhi Doby,missed_shot,Mekhi Doby Misses 2PT Jump Shot,2,11 Mekhi Doby > P&R Ball Handler > Right P&R > Side > Dribble Off Pick > Dribble Jumper > Medium/17' to <3p > Miss 2 Pts
Benedictine (IL) Eagles,2025-11-15,374,H2,15:52 (H2),952.0,Aurora Spartans,,team_deadball_rebound_offensive,Offensive Rebound,,
Benedictine (IL) Eagles,2025-11-15,375,H2,15:51 (H2),951.0,Benedictine (IL) Eagles,,timeout,Official TV Timeout,,
Benedictine (IL) Eagles,2025-11-15,376,H2,15:51 (H2),951.0,Aurora Spartans,,timeout,Official TV Timeout,,
Benedictine (IL) Eagles,2025-11-15,377,H2,15:51 (H2),951.0,Benedictine (IL) Eagles,Jakeem Cole,sub_out,Jakeem Cole Subs Out,,
Benedictine (IL) Eagles,2025-11-15,378,H2,15:51 (H2),951.0,Benedictine (IL) Eagles,Pavle Magazin,sub_out,Pavle Magazin Subs Out,,
Benedictine (IL) Eagles,2025-11-15,379,H2,15:51 (H2),951.0,Benedictine (IL) Eagles,Nathan LaPlant,sub_out,Nathan LaPlant Subs Out,,
Benedictine (IL) Eagles,2025-11-15,380,H2,15:51 (H2),951.0,Benedictine (IL) Eagles,Ibrahim Elagha,sub_in,Ibrahim Elagha Subs In,,
Benedictine (IL) Eagles,2025-11-15,381,H2,15:51 (H2),951.0,Benedictine (IL) Eagles,Noah Mason,sub_in,Noah Mason Subs In,,
Benedictine (IL) Eagles,2025-11-15,382,H2,15:51 (H2),951.0,Benedictine (IL) Eagles,Aidan Werth,sub_in,Aidan Werth Subs In,,
Benedictine (IL) Eagles,2025-11-15,383,H2,15:47 (H2),947.0,Aurora Spartans,Larry Carthan,missed_shot,Larry Carthan Misses 2PT Dunk,2,5 Larry Carthan > Cut > Screen > Miss 2 Pts
Benedictine (IL) Eagles,2025-11-15,384,H2,15:43 (H2),943.0,Benedictine (IL) Eagles,Connor Glasgow,rebound_defensive,Connor Glasgow Defensive Rebound,,
Benedictine (IL) Eagles,2025-11-15,385,H2,15:38 (H2),938.0,Benedictine (IL) Eagles,Hudson Parker,turnover,Hudson Parker Turnover (Lost Ball),,3 Hudson Parker > No Play Type > Turnover
Benedictine (IL) Eagles,2025-11-15,386,H2,15:38 (H2),938.0,Aurora Spartans,Cullen Rauls,steal,Cullen Rauls Steals,,
Benedictine (IL) Eagles,2025-11-15,387,H2,15:34 (H2),934.0,Aurora Spartans,Cullen Rauls,missed_shot,Cullen Rauls Misses 2PT Driving Layup,2,0 Cullen Rauls > Transition > Ballhandler > To Basket > Miss 2 Pts
Benedictine (IL) Eagles,2025-11-15,388,H2,15:27 (H2),927.0,Aurora Spartans,Robert Hutson,rebound_offensive,Robert Hutson Offensive Rebound,,
Benedictine (IL) Eagles,2025-11-15,389,H2,15:27 (H2),927.0,Aurora Spartans,Robert Hutson,made_shot,Robert Hutson Makes 2PT,2,12 Robert Hutson > Offensive Rebound > Short > Scoring Attempt > At Basket > Make 2 Pts
Benedictine (IL) Eagles,2025-11-15,390,H2,15:04 (H2),904.0,Benedictine (IL) Eagles,Hudson Parker,turnover,Hudson Parker Turnover (Bad Pass),,3 Hudson Parker > No Play Type > Turnover
Benedictine (IL) Eagles,2025-11-15,391,H2,15:04 (H2),904.0,Aurora Spartans,Mekhi Doby,steal,Mekhi Doby Steals,,
Benedictine (IL) Eagles,2025-11-15,392,H2,14:58 (H2),898.0,Aurora Spartans,Mekhi Doby,missed_shot,Mekhi Doby Misses 2PT Layup,2,11 Mekhi Doby > Transition > Ballhandler > To Basket > Miss 2 Pts
Benedictine (IL) Eagles,2025-11-15,393,H2,14:58 (H2),898.0,Benedictine (IL) Eagles,Noah Mason,rebound_defensive,Noah Mason Defensive Rebound,,
Benedictine (IL) Eagles,2025-11-15,394,H2,14:58 (H2),898.0,Benedictine (IL) Eagles,Hudson Parker,sub_out,Hudson Parker Subs Out,,
Benedictine (IL) Eagles,2025-11-15,395,H2,14:58 (H2),898.0,Benedictine (IL) Eagles,Ibrahim Elagha,sub_out,Ibrahim Elagha Subs Out,,
Benedictine (IL) Eagles,2025-11-15,396,H2,14:58 (H2),898.0,Benedictine (IL) Eagles,Connor Glasgow,sub_out,Connor Glasgow Subs Out,,
Benedictine (IL) Eagles,2025-11-15,397,H2,14:58 (H2),898.0,Benedictine (IL) Eagles,Jakeem Cole,sub_in,Jakeem Cole Subs In,,
Benedictine (IL) Eagles,2025-11-15,398,H2,14:58 (H2),898.0,Benedictine (IL) Eagles,Ryan Tucker,sub_in,Ryan Tucker Subs In,,
Benedictine (IL) Eagles,2025-11-15,399,H2,14:58 (H2),898.0,Benedictine (IL) Eagles,Ryan Sammons,sub_in,Ryan Sammons Subs In,,
Benedictine (IL) Eagles,2025-11-15,400,H2,14:54 (H2),894.0,Benedictine (IL) Eagles,Noah Mason,turnover,Noah Mason Turnover (Bad Pass),,11 Noah Mason > No Play Type > Turnover
Benedictine (IL) Eagles,2025-11-15,401,H2,14:54 (H2),894.0,Aurora Spartans,Mekhi Doby,steal,Mekhi Doby Steals,,
Benedictine (IL) Eagles,2025-11-15,402,H2,14:49 (H2),889.0,Aurora Spartans,Robert Hutson,made_shot,Robert Hutson Makes 2PT Driving Layup,2,12 Robert Hutson > No Play Type > To Basket > Make 2 Pts
Benedictine (IL) Eagles,2025-11-15,403,H2,14:49 (H2),889.0,Aurora Spartans,Mekhi Doby,assist,Mekhi Doby Assists,,
Benedictine (IL) Eagles,2025-11-15,404,H2,14:41 (H2),881.0,Benedictine (IL) Eagles,Ryan Tucker,made_shot,Ryan Tucker Makes 3PT Jump Shot,3,10 Ryan Tucker > Transition > Left Wing > No Dribble Jumper > Guarded > Long/3pt > Make 3 Pts
Benedictine (IL) Eagles,2025-11-15,405,H2,14:41 (H2),881.0,Benedictine (IL) Eagles,Jakeem Cole,assist,Jakeem Cole Assists,,
Benedictine (IL) Eagles,2025-11-15,406,H2,14:25 (H2),865.0,Benedictine (IL) Eagles,Noah Mason,foul,Noah Mason Commits Personal Foul,,0 Cullen Rauls > Spot-Up > No Dribble Jumper > Guarded > Long/3pt > Foul
Benedictine (IL) Eagles,2025-11-15,407,H2,14:25 (H2),865.0,Aurora Spartans,Cullen Rauls,free_throw_missed,Cullen Rauls Misses Free Throw (1 of 3),,0 Cullen Rauls > Non Possession > Free Throw
Benedictine (IL) Eagles,2025-11-15,408,H2,14:25 (H2),865.0,Aurora Spartans,Aurora,team_deadball_rebound_offensive,Aurora Offensive Deadball Rebound,,
Benedictine (IL) Eagles,2025-11-15,409,H2,14:25 (H2),865.0,Aurora Spartans,Cullen Rauls,free_throw_missed,Cullen Rauls Misses Free Throw (2 of 3),,0 Cullen Rauls > Non Possession > Free Throw
Benedictine (IL) Eagles,2025-11-15,410,H2,14:25 (H2),865.0,Aurora Spartans,Aurora,team_deadball_rebound_offensive,Aurora Offensive Deadball Rebound,,
Benedictine (IL) Eagles,2025-11-15,411,H2,14:25 (H2),865.0,Aurora Spartans,Cullen Rauls,free_throw_made,Cullen Rauls Makes Free Throw (3 of 3),,0 Cullen Rauls > Non Possession > Free Throw
Benedictine (IL) Eagles,2025-11-15,412,H2,14:25 (H2),865.0,Benedictine (IL) Eagles,Noah Mason,sub_out,Noah Mason Subs Out,,
Benedictine (IL) Eagles,2025-11-15,413,H2,14:25 (H2),865.0,Benedictine (IL) Eagles,Nathan LaPlant,sub_in,Nathan LaPlant Subs In,,
Benedictine (IL) Eagles,2025-11-15,414,H2,14:21 (H2),861.0,Benedictine (IL) Eagles,Ryan Tucker,turnover,Ryan Tucker Turnover (Lost Ball),,10 Ryan Tucker > No Play Type > Turnover
Benedictine (IL) Eagles,2025-11-15,415,H2,14:21 (H2),861.0,Aurora Spartans,Cullen Rauls,steal,Cullen Rauls Steals,,
Benedictine (IL) Eagles,2025-11-15,416,H2,14:15 (H2),855.0,Aurora Spartans,Mekhi Doby,missed_shot,Mekhi Doby Misses 3PT Jump Shot,3,11 Mekhi Doby > No Play Type > No Dribble Jumper > Open > Long/3pt > Miss 3 Pts
Benedictine (IL) Eagles,2025-11-15,417,H2,14:11 (H2),851.0,Benedictine (IL) Eagles,Ryan Sammons,rebound_defensive,Ryan Sammons Defensive Rebound,,
Benedictine (IL) Eagles,2025-11-15,418,H2,14:03 (H2),843.0,Benedictine (IL) Eagles,Ryan Tucker,missed_shot,Ryan Tucker Misses 3PT Jump Shot,3,10 Ryan Tucker > Transition > Left Wing > No Dribble Jumper > Guarded > Long/3pt > Miss 3 Pts
Benedictine (IL) Eagles,2025-11-15,419,H2,13:59 (H2),839.0,Benedictine (IL) Eagles,Aidan Werth,rebound_offensive,Aidan Werth Offensive Rebound,,
Benedictine (IL) Eagles,2025-11-15,420,H2,13:59 (H2),839.0,Benedictine (IL) Eagles,Aidan Werth,made_shot,Aidan Werth Makes 2PT,2,
Benedictine (IL) Eagles,2025-11-15,421,H2,13:49 (H2),829.0,Aurora Spartans,Cullen Rauls,missed_shot,Cullen Rauls Misses 3PT Jump Shot,3,0 Cullen Rauls > Spot-Up > No Dribble Jumper > Open > Long/3pt > Miss 3 Pts
Benedictine (IL) Eagles,2025-11-15,422,H2,13:43 (H2),823.0,Aurora Spartans,Robert Hutson,rebound_offensive,Robert Hutson Offensive Rebound,,
Benedictine (IL) Eagles,2025-11-15,423,H2,13:33 (H2),813.0,Aurora Spartans,Mekhi Doby,missed_shot,Mekhi Doby Misses 2PT,2,11 Mekhi Doby > ISO > Top > Drives Right > To Basket > Miss 2 Pts
Benedictine (IL) Eagles,2025-11-15,424,H2,13:27 (H2),807.0,Aurora Spartans,Larry Carthan,rebound_offensive,Larry Carthan Offensive Rebound,,
Benedictine (IL) Eagles,2025-11-15,425,H2,13:27 (H2),807.0,Aurora Spartans,Larry Carthan,made_shot,Larry Carthan Makes 2PT,2,
Benedictine (IL) Eagles,2025-11-15,426,H2,13:15 (H2),795.0,Benedictine (IL) Eagles,Ryan Tucker,missed_shot,Ryan Tucker Misses 3PT Jump Shot,3,10 Ryan Tucker > Transition > Right Wing > No Dribble Jumper > Guarded > Long/3pt > Miss 3 Pts
Benedictine (IL) Eagles,2025-11-15,427,H2,13:15 (H2),795.0,Aurora Spartans,Mekhi Doby,block,Mekhi Doby Blocks,,
Benedictine (IL) Eagles,2025-11-15,428,H2,13:10 (H2),790.0,Benedictine (IL) Eagles,Jakeem Cole,rebound_offensive,Jakeem Cole Offensive Rebound,,
Benedictine (IL) Eagles,2025-11-15,429,H2,13:10 (H2),790.0,Benedictine (IL) Eagles,Jakeem Cole,missed_shot,Jakeem Cole Misses 2PT Jump Shot,2,
Benedictine (IL) Eagles,2025-11-15,430,H2,13:10 (H2),790.0,Benedictine (IL) Eagles,Ryan Tucker,rebound_offensive,Ryan Tucker Offensive Rebound,,
Benedictine (IL) Eagles,2025-11-15,431,H2,13:10 (H2),790.0,Aurora Spartans,Cullen Rauls,foul,Cullen Rauls Commits Personal Foul,,10 Ryan Tucker > Offensive Rebound > Short > Scoring Attempt > Short to < 17' > Foul
Benedictine (IL) Eagles,2025-11-15,432,H2,13:10 (H2),790.0,Benedictine (IL) Eagles,Ryan Tucker,free_throw_missed,Ryan Tucker Misses Free Throw (1 of 2),,10 Ryan Tucker > Non Possession > Free Throw
Benedictine (IL) Eagles,2025-11-15,433,H2,13:10 (H2),790.0,Benedictine (IL) Eagles,Benedictine (IL),team_deadball_rebound_offensive,Benedictine (IL) Offensive Deadball Rebound,,
Benedictine (IL) Eagles,2025-11-15,434,H2,13:10 (H2),790.0,Benedictine (IL) Eagles,Ryan Tucker,free_throw_made,Ryan Tucker Makes Free Throw (2 of 2),,10 Ryan Tucker > Non Possession > Free Throw
Benedictine (IL) Eagles,2025-11-15,435,H2,13:10 (H2),790.0,Benedictine (IL) Eagles,Ryan Sammons,sub_out,Ryan Sammons Subs Out,,
Benedictine (IL) Eagles,2025-11-15,436,H2,13:10 (H2),790.0,Benedictine (IL) Eagles,Hudson Parker,sub_in,Hudson Parker Subs In,,
Benedictine (IL) Eagles,2025-11-15,437,H2,13:10 (H2),790.0,Aurora Spartans,Cullen Rauls,sub_out,Cullen Rauls Subs Out,,
Benedictine (IL) Eagles,2025-11-15,438,H2,13:10 (H2),790.0,Aurora Spartans,Mekhi Doby,sub_out,Mekhi Doby Subs Out,,
Benedictine (IL) Eagles,2025-11-15,439,H2,13:10 (H2),790.0,Aurora Spartans,Juan Madrigal,sub_in,Juan Madrigal Subs In,,
Benedictine (IL) Eagles,2025-11-15,440,H2,13:10 (H2),790.0,Aurora Spartans,Alex Ross,sub_in,Alex Ross Subs In,,
Benedictine (IL) Eagles,2025-11-15,441,H2,12:49 (H2),769.0,Aurora Spartans,Gevon Grant,turnover,Gevon Grant Turnover (Lost Ball),,2 Juan Madrigal > P&R Ball Handler > Left P&R > Side > Go Away from Pick > Defense Commits > Ball Delivered > 24 Gevon Grant > Cut > Basket > Turnover
Benedictine (IL) Eagles,2025-11-15,442,H2,12:49 (H2),769.0,Benedictine (IL) Eagles,Hudson Parker,steal,Hudson Parker Steals,,
Benedictine (IL) Eagles,2025-11-15,443,H2,12:48 (H2),768.0,Aurora Spartans,Alex Ross,foul,Alex Ross Commits Personal Foul,,2 Jakeem Cole > Transition > Leak Outs > To Basket > Foul
Benedictine (IL) Eagles,2025-11-15,444,H2,12:48 (H2),768.0,Benedictine (IL) Eagles,Jakeem Cole,free_throw_missed,Jakeem Cole Misses Free Throw (1 of 2),,2 Jakeem Cole > Non Possession > Free Throw
Benedictine (IL) Eagles,2025-11-15,445,H2,12:48 (H2),768.0,Benedictine (IL) Eagles,Benedictine (IL),team_deadball_rebound_offensive,Benedictine (IL) Offensive Deadball Rebound,,
Benedictine (IL) Eagles,2025-11-15,446,H2,12:48 (H2),768.0,Aurora Spartans,Gevon Grant,sub_out,Gevon Grant Subs Out,,
Benedictine (IL) Eagles,2025-11-15,447,H2,12:48 (H2),768.0,Aurora Spartans,Zerrick Johnson,sub_in,Zerrick Johnson Subs In,,
Benedictine (IL) Eagles,2025-11-15,448,H2,12:47 (H2),767.0,Benedictine (IL) Eagles,Jakeem Cole,free_throw_missed,Jakeem Cole Misses Free Throw (2 of 2),,2 Jakeem Cole > Non Possession > Free Throw
Benedictine (IL) Eagles,2025-11-15,449,H2,12:46 (H2),766.0,Aurora Spartans,Larry Carthan,rebound_defensive,Larry Carthan Defensive Rebound,,
Benedictine (IL) Eagles,2025-11-15,450,H2,12:43 (H2),763.0,Aurora Spartans,Zerrick Johnson,missed_shot,Zerrick Johnson Misses 2PT Driving Layup,2,13 Zerrick Johnson > Transition > Leak Outs > To Basket > Miss 2 Pts
Benedictine (IL) Eagles,2025-11-15,451,H2,12:40 (H2),760.0,Benedictine (IL) Eagles,Ryan Tucker,rebound_defensive,Ryan Tucker Defensive Rebound,,
Benedictine (IL) Eagles,2025-11-15,452,H2,12:17 (H2),737.0,Aurora Spartans,Larry Carthan,foul,Larry Carthan Commits Personal Foul,,33 Aidan Werth > Post-Up > Left Block > Left Shoulder > Dribble Move > To Basket > Foul
Benedictine (IL) Eagles,2025-11-15,453,H2,12:17 (H2),737.0,Benedictine (IL) Eagles,Aidan Werth,free_throw_made,Aidan Werth Makes Free Throw (1 of 2),,33 Aidan Werth > Non Possession > Free Throw
Benedictine (IL) Eagles,2025-11-15,454,H2,12:17 (H2),737.0,Benedictine (IL) Eagles,Aidan Werth,free_throw_made,Aidan Werth Makes Free Throw (2 of 2),,33 Aidan Werth > Non Possession > Free Throw
Benedictine (IL) Eagles,2025-11-15,455,H2,12:17 (H2),737.0,Benedictine (IL) Eagles,Aidan Werth,sub_out,Aidan Werth Subs Out,,
Benedictine (IL) Eagles,2025-11-15,456,H2,12:17 (H2),737.0,Benedictine (IL) Eagles,Pavle Magazin,sub_in,Pavle Magazin Subs In,,
Benedictine (IL) Eagles,2025-11-15,457,H2,12:02 (H2),722.0,Benedictine (IL) Eagles,Pavle Magazin,foul,Pavle Magazin Commits Personal Foul,,13 Zerrick Johnson > P&R Ball Handler > Left P&R > Side > Dribble Off Pick > To Basket > Foul
Benedictine (IL) Eagles,2025-11-15,458,H2,12:02 (H2),722.0,Aurora Spartans,Zerrick Johnson,free_throw_made,Zerrick Johnson Makes Free Throw (1 of 2),,13 Zerrick Johnson > Non Possession > Free Throw
Benedictine (IL) Eagles,2025-11-15,459,H2,12:02 (H2),722.0,Benedictine (IL) Eagles,Jakeem Cole,sub_out,Jakeem Cole Subs Out,,
Benedictine (IL) Eagles,2025-11-15,460,H2,12:02 (H2),722.0,Benedictine (IL) Eagles,Ibrahim Elagha,sub_in,Ibrahim Elagha Subs In,,
Benedictine (IL) Eagles,2025-11-15,461,H2,12:00 (H2),720.0,Aurora Spartans,Zerrick Johnson,free_throw_missed,Zerrick Johnson Misses Free Throw (2 of 2),,13 Zerrick Johnson > Non Possession > Free Throw
Benedictine (IL) Eagles,2025-11-15,462,H2,12:00 (H2),720.0,Aurora Spartans,,team_deadball_rebound_offensive,Offensive Rebound,,
Benedictine (IL) Eagles,2025-11-15,463,H2,12:00 (H2),720.0,Benedictine (IL) Eagles,Pavle Magazin,foul,Pavle Magazin Commits Personal Foul,,
Benedictine (IL) Eagles,2025-11-15,464,H2,12:00 (H2),720.0,Benedictine (IL) Eagles,Pavle Magazin,foul,Pavle Magazin Commits Technical Foul,,
Benedictine (IL) Eagles,2025-11-15,465,H2,12:00 (H2),720.0,Aurora Spartans,Larry Carthan,foul,Larry Carthan Commits Technical Foul,,3 Hudson Parker > P&R Ball Handler > High P&R > Go Away from Pick > To Basket > Foul
Benedictine (IL) Eagles,2025-11-15,466,H2,12:00 (H2),720.0,Aurora Spartans,Larry Carthan,turnover,Larry Carthan Turnover (Offensive Foul),,
Benedictine (IL) Eagles,2025-11-15,467,H2,12:00 (H2),720.0,Benedictine (IL) Eagles,Pavle Magazin,sub_out,Pavle Magazin Subs Out,,
Benedictine (IL) Eagles,2025-11-15,468,H2,12:00 (H2),720.0,Benedictine (IL) Eagles,Aidan Werth,sub_in,Aidan Werth Subs In,,
Benedictine (IL) Eagles,2025-11-15,469,H2,11:49 (H2),709.0,Aurora Spartans,Alex Ross,foul,Alex Ross Commits Personal Foul,,
Benedictine (IL) Eagles,2025-11-15,470,H2,11:49 (H2),709.0,Benedictine (IL) Eagles,Hudson Parker,free_throw_missed,Hudson Parker Misses Free Throw (1 of 2),,3 Hudson Parker > Non Possession > Free Throw
Benedictine (IL) Eagles,2025-11-15,471,H2,11:49 (H2),709.0,Benedictine (IL) Eagles,Benedictine (IL),team_deadball_rebound_offensive,Benedictine (IL) Offensive Deadball Rebound,,
Benedictine (IL) Eagles,2025-11-15,472,H2,11:49 (H2),709.0,Benedictine (IL) Eagles,Hudson Parker,free_throw_made,Hudson Parker Makes Free Throw (2 of 2),,3 Hudson Parker > Non Possession > Free Throw
Benedictine (IL) Eagles,2025-11-15,473,H2,11:34 (H2),694.0,Aurora Spartans,Alex Ross,missed_shot,Alex Ross Misses 3PT Jump Shot,3,13 Zerrick Johnson > P&R Ball Handler > High P&R > Dribble Off Pick > Defense Commits > Ball Delivered > 30 Alex Ross > Spot-Up > No Dribble Jumper > Guarded > Long/3pt > Miss 3 Pts
Benedictine (IL) Eagles,2025-11-15,474,H2,11:31 (H2),691.0,Aurora Spartans,Robert Hutson,rebound_offensive,Robert Hutson Offensive Rebound,,
Benedictine (IL) Eagles,2025-11-15,475,H2,11:26 (H2),686.0,Aurora Spartans,Robert Hutson,missed_shot,Robert Hutson Misses 3PT Jump Shot,3,12 Robert Hutson > Spot-Up > No Dribble Jumper > Open > Long/3pt > Miss 3 Pts
Benedictine (IL) Eagles,2025-11-15,476,H2,11:26 (H2),686.0,Benedictine (IL) Eagles,,team_deadball_rebound_defensive,Defensive Rebound,,
Benedictine (IL) Eagles,2025-11-15,477,H2,11:26 (H2),686.0,Benedictine (IL) Eagles,Nathan LaPlant,sub_out,Nathan LaPlant Subs Out,,
Benedictine (IL) Eagles,2025-11-15,478,H2,11:26 (H2),686.0,Benedictine (IL) Eagles,Noah Mason,sub_in,Noah Mason Subs In,,
Benedictine (IL) Eagles,2025-11-15,479,H2,11:24 (H2),684.0,Aurora Spartans,Robert Hutson,foul,Robert Hutson Commits Personal Foul,,10 Ryan Tucker > No Play Type > Foul
Benedictine (IL) Eagles,2025-11-15,480,H2,11:24 (H2),684.0,Benedictine (IL) Eagles,Ryan Tucker,free_throw_made,Ryan Tucker Makes Free Throw (1 of 2),,10 Ryan Tucker > Non Possession > Free Throw
Benedictine (IL) Eagles,2025-11-15,481,H2,11:24 (H2),684.0,Benedictine (IL) Eagles,Ryan Tucker,free_throw_made,Ryan Tucker Makes Free Throw (2 of 2),,10 Ryan Tucker > Non Possession > Free Throw
Benedictine (IL) Eagles,2025-11-15,482,H2,11:24 (H2),684.0,Aurora Spartans,Larry Carthan,sub_out,Larry Carthan Subs Out,,
Benedictine (IL) Eagles,2025-11-15,483,H2,11:24 (H2),684.0,Aurora Spartans,Zerrick Johnson,sub_out,Zerrick Johnson Subs Out,,
Benedictine (IL) Eagles,2025-11-15,484,H2,11:24 (H2),684.0,Aurora Spartans,Alex Ross,sub_out,Alex Ross Subs Out,,
Benedictine (IL) Eagles,2025-11-15,485,H2,11:24 (H2),684.0,Aurora Spartans,Jeffery Hillmer,sub_in,Jeffery Hillmer Subs In,,
Benedictine (IL) Eagles,2025-11-15,486,H2,11:24 (H2),684.0,Aurora Spartans,Mekhi Doby,sub_in,Mekhi Doby Subs In,,
Benedictine (IL) Eagles,2025-11-15,487,H2,11:24 (H2),684.0,Aurora Spartans,Gevon Grant,sub_in,Gevon Grant Subs In,,
Benedictine (IL) Eagles,2025-11-15,488,H2,11:24 (H2),684.0,Benedictine (IL) Eagles,Aidan Werth,sub_out,Aidan Werth Subs Out,,
Benedictine (IL) Eagles,2025-11-15,489,H2,11:24 (H2),684.0,Benedictine (IL) Eagles,Nathan LaPlant,sub_in,Nathan LaPlant Subs In,,
Benedictine (IL) Eagles,2025-11-15,490,H2,11:14 (H2),674.0,Aurora Spartans,Jeffery Hillmer,made_shot,Jeffery Hillmer Makes 2PT Driving Layup,2,24 Gevon Grant > P&R Ball Handler > High P&R > Dribble Off Pick > Defense Commits > Ball Delivered > 3 Jeffery Hillmer > P&R Roll Man > Pick and Pops > Drives Left > To Basket > Make 2 Pts
Benedictine (IL) Eagles,2025-11-15,491,H2,11:04 (H2),664.0,Benedictine (IL) Eagles,Ryan Tucker,made_shot,Ryan Tucker Makes 2PT Driving Layup,2,10 Ryan Tucker > Transition > Right Wing > To Basket > Make 2 Pts
Benedictine (IL) Eagles,2025-11-15,492,H2,10:54 (H2),654.0,Benedictine (IL) Eagles,Hudson Parker,foul,Hudson Parker Commits Personal Foul,,11 Mekhi Doby > No Play Type > Foul
Benedictine (IL) Eagles,2025-11-15,493,H2,10:54 (H2),654.0,Aurora Spartans,Mekhi Doby,free_throw_made,Mekhi Doby Makes Free Throw (1 of 2),,11 Mekhi Doby > Non Possession > Free Throw
Benedictine (IL) Eagles,2025-11-15,494,H2,10:52 (H2),652.0,Aurora Spartans,Mekhi Doby,free_throw_missed,Mekhi Doby Misses Free Throw (2 of 2),,11 Mekhi Doby > Non Possession > Free Throw
Benedictine (IL) Eagles,2025-11-15,495,H2,10:51 (H2),651.0,Benedictine (IL) Eagles,Noah Mason,rebound_defensive,Noah Mason Defensive Rebound,,
Benedictine (IL) Eagles,2025-11-15,496,H2,10:30 (H2),630.0,Benedictine (IL) Eagles,Ryan Tucker,made_shot,Ryan Tucker Makes 2PT Layup,2,11 Noah Mason > ISO > Left > Drives Right > Defense Commits > Ball Delivered > 10 Ryan Tucker > Cut > Basket > Make 2 Pts
Benedictine (IL) Eagles,2025-11-15,497,H2,10:30 (H2),630.0,Benedictine (IL) Eagles,Noah Mason,assist,Noah Mason Assists,,
Benedictine (IL) Eagles,2025-11-15,498,H2,10:17 (H2),617.0,Aurora Spartans,Juan Madrigal,missed_shot,Juan Madrigal Misses 3PT Jump Shot,3,2 Juan Madrigal > Hand Off > From Dribble > Left > No Dribble Jumper > Guarded > Long/3pt > Miss 3 Pts
Benedictine (IL) Eagles,2025-11-15,499,H2,10:12 (H2),612.0,Aurora Spartans,Robert Hutson,rebound_offensive,Robert Hutson Offensive Rebound,,
Benedictine (IL) Eagles,2025-11-15,500,H2,10:11 (H2),611.0,Aurora Spartans,Robert Hutson,missed_shot,Robert Hutson Misses 2PT Layup,2,12 Robert Hutson > Cut > Flash > Miss 2 Pts
Benedictine (IL) Eagles,2025-11-15,501,H2,10:10 (H2),610.0,Benedictine (IL) Eagles,,team_deadball_rebound_defensive,Defensive Rebound,,
Benedictine (IL) Eagles,2025-11-15,502,H2,10:10 (H2),610.0,Aurora Spartans,Gevon Grant,sub_out,Gevon Grant Subs Out,,
Benedictine (IL) Eagles,2025-11-15,503,H2,10:10 (H2),610.0,Aurora Spartans,Bryden Gryzmala,sub_in,Bryden Gryzmala Subs In,,
Benedictine (IL) Eagles,2025-11-15,504,H2,10:03 (H2),603.0,Benedictine (IL) Eagles,Nathan LaPlant,missed_shot,Nathan LaPlant Misses 3PT Jump Shot,3,23 Nathan LaPlant > Transition > Right Wing > No Dribble Jumper > Guarded > Long/3pt > Miss 3 Pts
Benedictine (IL) Eagles,2025-11-15,505,H2,09:59 (H2),599.0,Aurora Spartans,Jeffery Hillmer,rebound_defensive,Jeffery Hillmer Defensive Rebound,,
Benedictine (IL) Eagles,2025-11-15,506,H2,09:54 (H2),594.0,Aurora Spartans,Robert Hutson,missed_shot,Robert Hutson Misses 2PT Driving Layup,2,12 Robert Hutson > Transition > Right Wing > To Basket > Miss 2 Pts
Benedictine (IL) Eagles,2025-11-15,507,H2,09:50 (H2),590.0,Aurora Spartans,Jeffery Hillmer,rebound_offensive,Jeffery Hillmer Offensive Rebound,,
Benedictine (IL) Eagles,2025-11-15,508,H2,09:50 (H2),590.0,Aurora Spartans,Jeffery Hillmer,made_shot,Jeffery Hillmer Makes 2PT,2,3 Jeffery Hillmer > Offensive Rebound > Short > Scoring Attempt > At Basket > Make 2 Pts
Benedictine (IL) Eagles,2025-11-15,509,H2,09:38 (H2),578.0,Benedictine (IL) Eagles,Ibrahim Elagha,missed_shot,Ibrahim Elagha Misses 3PT Jump Shot,3,4 Ibrahim Elagha > Transition > Left Wing > No Dribble Jumper > Guarded > Long/3pt > Miss 3 Pts
Benedictine (IL) Eagles,2025-11-15,510,H2,09:34 (H2),574.0,Aurora Spartans,Juan Madrigal,rebound_defensive,Juan Madrigal Defensive Rebound,,
Benedictine (IL) Eagles,2025-11-15,511,H2,09:24 (H2),564.0,Benedictine (IL) Eagles,,jump_ball_held,Jump Ball (Held Ball),,
Benedictine (IL) Eagles,2025-11-15,512,H2,09:24 (H2),564.0,Aurora Spartans,,jump_ball_held,Jump Ball (Held Ball),,
Benedictine (IL) Eagles,2025-11-15,513,H2,09:24 (H2),564.0,Benedictine (IL) Eagles,Hudson Parker,sub_out,Hudson Parker Subs Out,,
Benedictine (IL) Eagles,2025-11-15,514,H2,09:24 (H2),564.0,Benedictine (IL) Eagles,Ibrahim Elagha,sub_out,Ibrahim Elagha Subs Out,,
Benedictine (IL) Eagles,2025-11-15,515,H2,09:24 (H2),564.0,Benedictine (IL) Eagles,Noah Mason,sub_out,Noah Mason Subs Out,,
Benedictine (IL) Eagles,2025-11-15,516,H2,09:24 (H2),564.0,Aurora Spartans,Juan Madrigal,sub_out,Juan Madrigal Subs Out,,
Benedictine (IL) Eagles,2025-11-15,517,H2,09:24 (H2),564.0,Aurora Spartans,Robert Hutson,sub_out,Robert Hutson Subs Out,,
Benedictine (IL) Eagles,2025-11-15,518,H2,09:24 (H2),564.0,Benedictine (IL) Eagles,Aidan Werth,sub_in,Aidan Werth Subs In,,
Benedictine (IL) Eagles,2025-11-15,519,H2,09:24 (H2),564.0,Benedictine (IL) Eagles,Jakeem Cole,sub_in,Jakeem Cole Subs In,,
Benedictine (IL) Eagles,2025-11-15,520,H2,09:24 (H2),564.0,Benedictine (IL) Eagles,Ryan Sammons,sub_in,Ryan Sammons Subs In,,
Benedictine (IL) Eagles,2025-11-15,521,H2,09:24 (H2),564.0,Aurora Spartans,Zerrick Johnson,sub_in,Zerrick Johnson Subs In,,
Benedictine (IL) Eagles,2025-11-15,522,H2,09:24 (H2),564.0,Aurora Spartans,Isaiah Thompson,sub_in,Isaiah Thompson Subs In,,
Benedictine (IL) Eagles,2025-11-15,523,H2,09:17 (H2),557.0,Aurora Spartans,Isaiah Thompson,missed_shot,Isaiah Thompson Misses 3PT Jump Shot,3,3 Jeffery Hillmer > Post-Up > Left Block > Right Shoulder > Dribble Move > Defense Commits > Ball Delivered > 21 Isaiah Thompson > Spot-Up > No Dribble Jumper > Open > Long/3pt > Miss 3 Pts
Benedictine (IL) Eagles,2025-11-15,524,H2,09:15 (H2),555.0,Benedictine (IL) Eagles,,team_deadball_rebound_defensive,Defensive Rebound,,
Benedictine (IL) Eagles,2025-11-15,525,H2,08:51 (H2),531.0,Benedictine (IL) Eagles,Aidan Werth,missed_shot,Aidan Werth Misses 2PT Hook Shot,2,33 Aidan Werth > Post-Up > Left Block > Left Shoulder > Dribble Move > To Hook > Miss 2 Pts
Benedictine (IL) Eagles,2025-11-15,526,H2,08:48 (H2),528.0,Aurora Spartans,Mekhi Doby,rebound_defensive,Mekhi Doby Defensive Rebound,,
Benedictine (IL) Eagles,2025-11-15,527,H2,08:46 (H2),526.0,Benedictine (IL) Eagles,Jakeem Cole,foul,Jakeem Cole Commits Personal Foul,,11 Mekhi Doby > Transition > Ballhandler > To Basket > Foul
Benedictine (IL) Eagles,2025-11-15,528,H2,08:46 (H2),526.0,Aurora Spartans,Mekhi Doby,free_throw_made,Mekhi Doby Makes Free Throw (1 of 2),,11 Mekhi Doby > Non Possession > Free Throw
Benedictine (IL) Eagles,2025-11-15,529,H2,08:46 (H2),526.0,Aurora Spartans,Mekhi Doby,free_throw_made,Mekhi Doby Makes Free Throw (2 of 2),,11 Mekhi Doby > Non Possession > Free Throw
Benedictine (IL) Eagles,2025-11-15,530,H2,08:22 (H2),502.0,Benedictine (IL) Eagles,Jakeem Cole,made_shot,Jakeem Cole Makes 2PT Driving Layup,2,2 Jakeem Cole > P&R Ball Handler > High P&R > Dribble Off Pick > To Basket > Make 2 Pts
Benedictine (IL) Eagles,2025-11-15,531,H2,07:59 (H2),479.0,Aurora Spartans,Zerrick Johnson,turnover,Zerrick Johnson Turnover (Bad Pass),,13 Zerrick Johnson > Hand Off > From Dribble > Left > Turnover
Benedictine (IL) Eagles,2025-11-15,532,H2,07:59 (H2),479.0,Benedictine (IL) Eagles,Ryan Tucker,steal,Ryan Tucker Steals,,
Benedictine (IL) Eagles,2025-11-15,533,H2,07:51 (H2),471.0,Benedictine (IL) Eagles,Aidan Werth,made_shot,Aidan Werth Makes 2PT Driving Layup,2,33 Aidan Werth > Transition > Leak Outs > To Basket > Make 2 Pts
Benedictine (IL) Eagles,2025-11-15,534,H2,07:51 (H2),471.0,Benedictine (IL) Eagles,Ryan Tucker,assist,Ryan Tucker Assists,,
Benedictine (IL) Eagles,2025-11-15,535,H2,07:38 (H2),458.0,Aurora Spartans,Mekhi Doby,missed_shot,Mekhi Doby Misses 3PT Jump Shot,3,21 Isaiah Thompson > ISO > Left > Drives Right > Defense Commits > Ball Delivered > 11 Mekhi Doby > Spot-Up > No Dribble Jumper > Open > Long/3pt > Miss 3 Pts
Benedictine (IL) Eagles,2025-11-15,536,H2,07:28 (H2),448.0,Aurora Spartans,Zerrick Johnson,rebound_offensive,Zerrick Johnson Offensive Rebound,,
Benedictine (IL) Eagles,2025-11-15,537,H2,07:28 (H2),448.0,Aurora Spartans,Zerrick Johnson,made_shot,Zerrick Johnson Makes 2PT,2,
Benedictine (IL) Eagles,2025-11-15,538,H2,07:07 (H2),427.0,Benedictine (IL) Eagles,Jakeem Cole,turnover,Jakeem Cole Turnover (Lost Ball),,23 Nathan LaPlant > P&R Ball Handler > Right P&R > Side > Dribble Off Pick > Defense Commits > Ball Delivered > 2 Jakeem Cole > Spot-Up > Turnover
Benedictine (IL) Eagles,2025-11-15,539,H2,07:07 (H2),427.0,Benedictine (IL) Eagles,,timeout,Official TV Timeout,,
Benedictine (IL) Eagles,2025-11-15,540,H2,07:07 (H2),427.0,Aurora Spartans,,timeout,Official TV Timeout,,
Benedictine (IL) Eagles,2025-11-15,541,H2,07:07 (H2),427.0,Benedictine (IL) Eagles,Aidan Werth,sub_out,Aidan Werth Subs Out,,
Benedictine (IL) Eagles,2025-11-15,542,H2,07:07 (H2),427.0,Benedictine (IL) Eagles,Noah Mason,sub_in,Noah Mason Subs In,,
Benedictine (IL) Eagles,2025-11-15,543,H2,07:07 (H2),427.0,Aurora Spartans,Jeffery Hillmer,sub_out,Jeffery Hillmer Subs Out,,
Benedictine (IL) Eagles,2025-11-15,544,H2,07:07 (H2),427.0,Aurora Spartans,Isaiah Thompson,sub_out,Isaiah Thompson Subs Out,,
Benedictine (IL) Eagles,2025-11-15,545,H2,07:07 (H2),427.0,Aurora Spartans,Larry Carthan,sub_in,Larry Carthan Subs In,,
Benedictine (IL) Eagles,2025-11-15,546,H2,07:07 (H2),427.0,Aurora Spartans,Gevon Grant,sub_in,Gevon Grant Subs In,,
Benedictine (IL) Eagles,2025-11-15,547,H2,06:58 (H2),418.0,Aurora Spartans,Mekhi Doby,turnover,Mekhi Doby Turnover (Travel),,11 Mekhi Doby > Hand Off > From Dribble > Right > Turnover
Benedictine (IL) Eagles,2025-11-15,548,H2,06:39 (H2),399.0,Benedictine (IL) Eagles,Nathan LaPlant,made_shot,Nathan LaPlant Makes 2PT Driving Layup,2,11 Noah Mason > Post-Up > Left Block > Defense Commits > Ball Delivered > 23 Nathan LaPlant > Cut > Basket > Make 2 Pts
Benedictine (IL) Eagles,2025-11-15,549,H2,06:39 (H2),399.0,Benedictine (IL) Eagles,Noah Mason,assist,Noah Mason Assists,,
Benedictine (IL) Eagles,2025-11-15,550,H2,06:31 (H2),391.0,Benedictine (IL) Eagles,Ryan Sammons,foul,Ryan Sammons Commits Personal Foul,,1 Bryden Gryzmala > Transition > Left Wing > To Basket > Foul
Benedictine (IL) Eagles,2025-11-15,551,H2,06:31 (H2),391.0,Aurora Spartans,Bryden Gryzmala,free_throw_made,Bryden Gryzmala Makes Free Throw (1 of 2),,1 Bryden Gryzmala > Non Possession > Free Throw
Benedictine (IL) Eagles,2025-11-15,552,H2,06:31 (H2),391.0,Aurora Spartans,Bryden Gryzmala,free_throw_made,Bryden Gryzmala Makes Free Throw (2 of 2),,1 Bryden Gryzmala > Non Possession > Free Throw
Benedictine (IL) Eagles,2025-11-15,553,H2,06:21 (H2),381.0,Benedictine (IL) Eagles,,timeout,Benedictine (IL) Timeout,,
Benedictine (IL) Eagles,2025-11-15,554,H2,06:00 (H2),360.0,Benedictine (IL) Eagles,Ryan Sammons,missed_shot,Ryan Sammons Misses 2PT Driving Layup (Blocked),2,12 Ryan Sammons > No Play Type > To Basket > Miss 2 Pts
Benedictine (IL) Eagles,2025-11-15,555,H2,06:00 (H2),360.0,Aurora Spartans,Mekhi Doby,block,Mekhi Doby Blocks,,
Benedictine (IL) Eagles,2025-11-15,556,H2,05:56 (H2),356.0,Aurora Spartans,Zerrick Johnson,rebound_defensive,Zerrick Johnson Defensive Rebound,,
Benedictine (IL) Eagles,2025-11-15,557,H2,05:56 (H2),356.0,Benedictine (IL) Eagles,Jakeem Cole,foul,Jakeem Cole Commits Personal Foul,,13 Zerrick Johnson > Transition > Left Wing > To Basket > Foul
Benedictine (IL) Eagles,2025-11-15,558,H2,05:56 (H2),356.0,Aurora Spartans,Zerrick Johnson,free_throw_made,Zerrick Johnson Makes Free Throw (1 of 2),,13 Zerrick Johnson > Non Possession > Free Throw
Benedictine (IL) Eagles,2025-11-15,559,H2,05:56 (H2),356.0,Aurora Spartans,Zerrick Johnson,free_throw_made,Zerrick Johnson Makes Free Throw (2 of 2),,13 Zerrick Johnson > Non Possession > Free Throw
Benedictine (IL) Eagles,2025-11-15,560,H2,05:56 (H2),356.0,Aurora Spartans,Bryden Gryzmala,sub_out,Bryden Gryzmala Subs Out,,
Benedictine (IL) Eagles,2025-11-15,561,H2,05:56 (H2),356.0,Aurora Spartans,Mekhi Doby,sub_out,Mekhi Doby Subs Out,,
Benedictine (IL) Eagles,2025-11-15,562,H2,05:56 (H2),356.0,Aurora Spartans,Juan Madrigal,sub_in,Juan Madrigal Subs In,,
Benedictine (IL) Eagles,2025-11-15,563,H2,05:56 (H2),356.0,Aurora Spartans,Jeffery Hillmer,sub_in,Jeffery Hillmer Subs In,,
Benedictine (IL) Eagles,2025-11-15,564,H2,05:33 (H2),333.0,Benedictine (IL) Eagles,Nathan LaPlant,turnover,Nathan LaPlant Turnover (Lost Ball),,23 Nathan LaPlant > Spot-Up > Drives Right > To Basket > Turnover
Benedictine (IL) Eagles,2025-11-15,565,H2,05:25 (H2),325.0,Aurora Spartans,Juan Madrigal,missed_shot,Juan Madrigal Misses 3PT Jump Shot,3,24 Gevon Grant > P&R Ball Handler > High P&R > Dribble Off Pick > Defense Commits > Ball Delivered > 2 Juan Madrigal > Spot-Up > No Dribble Jumper > Open > Long/3pt > Miss 3 Pts
Benedictine (IL) Eagles,2025-11-15,566,H2,05:20 (H2),320.0,Aurora Spartans,Gevon Grant,rebound_offensive,Gevon Grant Offensive Rebound,,
Benedictine (IL) Eagles,2025-11-15,567,H2,05:15 (H2),315.0,Aurora Spartans,Gevon Grant,missed_shot,Gevon Grant Misses 3PT Jump Shot,3,24 Gevon Grant > Spot-Up > No Dribble Jumper > Open > Long/3pt > Miss 3 Pts
Benedictine (IL) Eagles,2025-11-15,568,H2,05:12 (H2),312.0,Benedictine (IL) Eagles,Noah Mason,rebound_defensive,Noah Mason Defensive Rebound,,
Benedictine (IL) Eagles,2025-11-15,569,H2,04:47 (H2),287.0,Benedictine (IL) Eagles,Noah Mason,missed_shot,Noah Mason Misses 2PT Driving Layup,2,11 Noah Mason > ISO > Top > Drives Right > To Basket > Miss 2 Pts
Benedictine (IL) Eagles,2025-11-15,570,H2,04:44 (H2),284.0,Aurora Spartans,Gevon Grant,rebound_defensive,Gevon Grant Defensive Rebound,,
Benedictine (IL) Eagles,2025-11-15,571,H2,04:43 (H2),283.0,Aurora Spartans,Gevon Grant,made_shot,Gevon Grant Makes 2PT Driving Layup,2,24 Gevon Grant > Transition > Ballhandler > To Basket > Make 2 Pts
Benedictine (IL) Eagles,2025-11-15,572,H2,04:37 (H2),277.0,Benedictine (IL) Eagles,Ryan Sammons,sub_out,Ryan Sammons Subs Out,,
Benedictine (IL) Eagles,2025-11-15,573,H2,04:37 (H2),277.0,Benedictine (IL) Eagles,Nathan LaPlant,sub_out,Nathan LaPlant Subs Out,,
Benedictine (IL) Eagles,2025-11-15,574,H2,04:37 (H2),277.0,Benedictine (IL) Eagles,Hudson Parker,sub_in,Hudson Parker Subs In,,
Benedictine (IL) Eagles,2025-11-15,575,H2,04:37 (H2),277.0,Benedictine (IL) Eagles,Aidan Werth,sub_in,Aidan Werth Subs In,,
Benedictine (IL) Eagles,2025-11-15,576,H2,04:33 (H2),273.0,Aurora Spartans,Zerrick Johnson,foul,Zerrick Johnson Commits Personal Foul,,3 Hudson Parker > No Play Type > Foul
Benedictine (IL) Eagles,2025-11-15,577,H2,04:33 (H2),273.0,Benedictine (IL) Eagles,Hudson Parker,free_throw_made,Hudson Parker Makes Free Throw (1 of 2),,3 Hudson Parker > Non Possession > Free Throw
Benedictine (IL) Eagles,2025-11-15,578,H2,04:33 (H2),273.0,Benedictine (IL) Eagles,Hudson Parker,free_throw_made,Hudson Parker Makes Free Throw (2 of 2),,3 Hudson Parker > Non Possession > Free Throw
Benedictine (IL) Eagles,2025-11-15,579,H2,04:25 (H2),265.0,Benedictine (IL) Eagles,Hudson Parker,foul,Hudson Parker Commits Personal Foul,,13 Zerrick Johnson > Hand Off > From Dribble > Right > To Basket > Foul
Benedictine (IL) Eagles,2025-11-15,580,H2,04:25 (H2),265.0,Aurora Spartans,Zerrick Johnson,free_throw_made,Zerrick Johnson Makes Free Throw (1 of 2),,13 Zerrick Johnson > Non Possession > Free Throw
Benedictine (IL) Eagles,2025-11-15,581,H2,04:25 (H2),265.0,Aurora Spartans,Zerrick Johnson,free_throw_made,Zerrick Johnson Makes Free Throw (2 of 2),,13 Zerrick Johnson > Non Possession > Free Throw
Benedictine (IL) Eagles,2025-11-15,582,H2,04:25 (H2),265.0,Aurora Spartans,Zerrick Johnson,sub_out,Zerrick Johnson Subs Out,,
Benedictine (IL) Eagles,2025-11-15,583,H2,04:25 (H2),265.0,Aurora Spartans,Mekhi Doby,sub_in,Mekhi Doby Subs In,,
Benedictine (IL) Eagles,2025-11-15,584,H2,03:59 (H2),239.0,Benedictine (IL) Eagles,Aidan Werth,missed_shot,Aidan Werth Misses 2PT Hook Shot,2,33 Aidan Werth > Post-Up > Right Block > Left Shoulder > Dribble Move > To Hook > Miss 2 Pts
Benedictine (IL) Eagles,2025-11-15,585,H2,03:59 (H2),239.0,Benedictine (IL) Eagles,,timeout,Official TV Timeout,,
Benedictine (IL) Eagles,2025-11-15,586,H2,03:59 (H2),239.0,Aurora Spartans,,timeout,Official TV Timeout,,
Benedictine (IL) Eagles,2025-11-15,587,H2,03:58 (H2),238.0,Aurora Spartans,,team_deadball_rebound_defensive,Defensive Rebound,,
Benedictine (IL) Eagles,2025-11-15,588,H2,03:47 (H2),227.0,Aurora Spartans,Mekhi Doby,missed_shot,Mekhi Doby Misses 2PT Jump Shot,2,24 Gevon Grant > P&R Ball Handler > High P&R > Dribble Off Pick > Defense Commits > Ball Delivered > 11 Mekhi Doby > Spot-Up > Drives Right > Dribble Jumper > Medium/17' to <3p > Miss 2 Pts
Benedictine (IL) Eagles,2025-11-15,589,H2,03:43 (H2),223.0,Benedictine (IL) Eagles,Noah Mason,rebound_defensive,Noah Mason Defensive Rebound,,
Benedictine (IL) Eagles,2025-11-15,590,H2,03:39 (H2),219.0,Aurora Spartans,Gevon Grant,sub_out,Gevon Grant Subs Out,,
Benedictine (IL) Eagles,2025-11-15,591,H2,03:39 (H2),219.0,Aurora Spartans,Cullen Rauls,sub_in,Cullen Rauls Subs In,,
Benedictine (IL) Eagles,2025-11-15,592,H2,03:32 (H2),212.0,Benedictine (IL) Eagles,Hudson Parker,turnover,Hudson Parker Turnover (Bad Pass),,3 Hudson Parker > Transition > Ballhandler > Turnover
Benedictine (IL) Eagles,2025-11-15,593,H2,03:32 (H2),212.0,Aurora Spartans,Cullen Rauls,steal,Cullen Rauls Steals,,
Benedictine (IL) Eagles,2025-11-15,594,H2,03:16 (H2),196.0,Aurora Spartans,Juan Madrigal,missed_shot,Juan Madrigal Misses 3PT Jump Shot,3,2 Juan Madrigal > Spot-Up > No Dribble Jumper > Guarded > Long/3pt > Miss 3 Pts
Benedictine (IL) Eagles,2025-11-15,595,H2,03:12 (H2),192.0,Aurora Spartans,Cullen Rauls,rebound_offensive,Cullen Rauls Offensive Rebound,,
Benedictine (IL) Eagles,2025-11-15,596,H2,03:05 (H2),185.0,Aurora Spartans,Mekhi Doby,missed_shot,Mekhi Doby Misses 3PT Jump Shot,3,11 Mekhi Doby > Spot-Up > No Dribble Jumper > Guarded > Long/3pt > Miss 3 Pts
Benedictine (IL) Eagles,2025-11-15,597,H2,03:03 (H2),183.0,Benedictine (IL) Eagles,Noah Mason,rebound_defensive,Noah Mason Defensive Rebound,,
Benedictine (IL) Eagles,2025-11-15,598,H2,03:02 (H2),182.0,Benedictine (IL) Eagles,Hudson Parker,turnover,Hudson Parker Turnover (Bad Pass),,3 Hudson Parker > No Play Type > Turnover
Benedictine (IL) Eagles,2025-11-15,599,H2,03:02 (H2),182.0,Aurora Spartans,Larry Carthan,steal,Larry Carthan Steals,,
Benedictine (IL) Eagles,2025-11-15,600,H2,02:57 (H2),177.0,Aurora Spartans,Juan Madrigal,made_shot,Juan Madrigal Makes 3PT Jump Shot,3,2 Juan Madrigal > Transition > Left Wing > No Dribble Jumper > Guarded > Long/3pt > Make 3 Pts
Benedictine (IL) Eagles,2025-11-15,601,H2,02:57 (H2),177.0,Aurora Spartans,Larry Carthan,assist,Larry Carthan Assists,,
Benedictine (IL) Eagles,2025-11-15,602,H2,02:57 (H2),177.0,Aurora Spartans,,timeout,Aurora Timeout,,
Benedictine (IL) Eagles,2025-11-15,603,H2,02:57 (H2),177.0,Benedictine (IL) Eagles,Hudson Parker,sub_out,Hudson Parker Subs Out,,
Benedictine (IL) Eagles,2025-11-15,604,H2,02:57 (H2),177.0,Benedictine (IL) Eagles,Ryan Sammons,sub_in,Ryan Sammons Subs In,,
Benedictine (IL) Eagles,2025-11-15,605,H2,02:53 (H2),173.0,Benedictine (IL) Eagles,Ryan Tucker,made_shot,Ryan Tucker Makes 2PT Layup,2,10 Ryan Tucker > Transition > Leak Outs > To Basket > Make 2 Pts
Benedictine (IL) Eagles,2025-11-15,606,H2,02:53 (H2),173.0,Benedictine (IL) Eagles,Noah Mason,assist,Noah Mason Assists,,
Benedictine (IL) Eagles,2025-11-15,607,H2,02:36 (H2),156.0,Benedictine (IL) Eagles,Noah Mason,foul,Noah Mason Commits Personal Foul,,2 Juan Madrigal > Spot-Up > Drives Right > Foul
Benedictine (IL) Eagles,2025-11-15,608,H2,02:36 (H2),156.0,Aurora Spartans,Juan Madrigal,free_throw_missed,Juan Madrigal Misses Free Throw (1 of 2),,2 Juan Madrigal > Non Possession > Free Throw
Benedictine (IL) Eagles,2025-11-15,609,H2,02:36 (H2),156.0,Aurora Spartans,Aurora,team_deadball_rebound_offensive,Aurora Offensive Deadball Rebound,,
Benedictine (IL) Eagles,2025-11-15,610,H2,02:36 (H2),156.0,Aurora Spartans,Juan Madrigal,free_throw_made,Juan Madrigal Makes Free Throw (2 of 2),,2 Juan Madrigal > Non Possession > Free Throw
Benedictine (IL) Eagles,2025-11-15,611,H2,02:22 (H2),142.0,Benedictine (IL) Eagles,Ryan Sammons,turnover,Ryan Sammons Turnover (Lost Ball),,12 Ryan Sammons > No Play Type > Turnover
Benedictine (IL) Eagles,2025-11-15,612,H2,02:22 (H2),142.0,Aurora Spartans,Mekhi Doby,steal,Mekhi Doby Steals,,
Benedictine (IL) Eagles,2025-11-15,613,H2,02:07 (H2),127.0,Aurora Spartans,Cullen Rauls,missed_shot,Cullen Rauls Misses 3PT Jump Shot,3,0 Cullen Rauls > Spot-Up > No Dribble Jumper > Guarded > Long/3pt > Miss 3 Pts
Benedictine (IL) Eagles,2025-11-15,614,H2,02:03 (H2),123.0,Benedictine (IL) Eagles,Jakeem Cole,rebound_defensive,Jakeem Cole Defensive Rebound,,
Benedictine (IL) Eagles,2025-11-15,615,H2,02:03 (H2),123.0,Aurora Spartans,Cullen Rauls,foul,Cullen Rauls Commits Personal Foul,,12 Ryan Sammons > No Play Type > Foul
Benedictine (IL) Eagles,2025-11-15,616,H2,02:03 (H2),123.0,Benedictine (IL) Eagles,Ryan Sammons,free_throw_made,Ryan Sammons Makes Free Throw (2 of 2),,12 Ryan Sammons > Non Possession > Free Throw
Benedictine (IL) Eagles,2025-11-15,617,H2,02:03 (H2),123.0,Benedictine (IL) Eagles,Ryan Sammons,free_throw_made,Ryan Sammons Makes Free Throw (1 of 2),,12 Ryan Sammons > Non Possession > Free Throw
Benedictine (IL) Eagles,2025-11-15,618,H2,02:03 (H2),123.0,Aurora Spartans,Cullen Rauls,sub_out,Cullen Rauls Subs Out,,
Benedictine (IL) Eagles,2025-11-15,619,H2,02:03 (H2),123.0,Aurora Spartans,Larry Carthan,sub_out,Larry Carthan Subs Out,,
Benedictine (IL) Eagles,2025-11-15,620,H2,02:03 (H2),123.0,Aurora Spartans,Zerrick Johnson,sub_in,Zerrick Johnson Subs In,,
Benedictine (IL) Eagles,2025-11-15,621,H2,02:03 (H2),123.0,Aurora Spartans,Gevon Grant,sub_in,Gevon Grant Subs In,,
Benedictine (IL) Eagles,2025-11-15,622,H2,02:03 (H2),123.0,Benedictine (IL) Eagles,Ryan Sammons,sub_out,Ryan Sammons Subs Out,,
Benedictine (IL) Eagles,2025-11-15,623,H2,02:03 (H2),123.0,Benedictine (IL) Eagles,Nathan LaPlant,sub_in,Nathan LaPlant Subs In,,
Benedictine (IL) Eagles,2025-11-15,624,H2,01:52 (H2),112.0,Aurora Spartans,Gevon Grant,missed_shot,Gevon Grant Misses 3PT Jump Shot,3,24 Gevon Grant > Spot-Up > No Dribble Jumper > Open > Long/3pt > Miss 3 Pts
Benedictine (IL) Eagles,2025-11-15,625,H2,01:48 (H2),108.0,Aurora Spartans,Mekhi Doby,rebound_offensive,Mekhi Doby Offensive Rebound,,
Benedictine (IL) Eagles,2025-11-15,626,H2,01:48 (H2),108.0,Benedictine (IL) Eagles,Aidan Werth,foul,Aidan Werth Commits Personal Foul,,11 Mekhi Doby > Offensive Rebound > Long > Scoring Attempt > At Basket > Foul
Benedictine (IL) Eagles,2025-11-15,627,H2,01:48 (H2),108.0,Aurora Spartans,Mekhi Doby,free_throw_made,Mekhi Doby Makes Free Throw (1 of 2),,11 Mekhi Doby > Non Possession > Free Throw
Benedictine (IL) Eagles,2025-11-15,628,H2,01:48 (H2),108.0,Benedictine (IL) Eagles,Nathan LaPlant,sub_out,Nathan LaPlant Subs Out,,
Benedictine (IL) Eagles,2025-11-15,629,H2,01:48 (H2),108.0,Benedictine (IL) Eagles,Ryan Sammons,sub_in,Ryan Sammons Subs In,,
Benedictine (IL) Eagles,2025-11-15,630,H2,01:43 (H2),103.0,Aurora Spartans,Mekhi Doby,free_throw_missed,Mekhi Doby Misses Free Throw (2 of 2),,11 Mekhi Doby > Non Possession > Free Throw
Benedictine (IL) Eagles,2025-11-15,631,H2,01:42 (H2),102.0,Benedictine (IL) Eagles,Ryan Sammons,rebound_defensive,Ryan Sammons Defensive Rebound,,
Benedictine (IL) Eagles,2025-11-15,632,H2,01:34 (H2),94.0,Benedictine (IL) Eagles,Noah Mason,made_shot,Noah Mason Makes 2PT Dunk,2,11 Noah Mason > Transition > Right Wing > To Basket > Make 2 Pts
Benedictine (IL) Eagles,2025-11-15,633,H2,01:34 (H2),94.0,Benedictine (IL) Eagles,Jakeem Cole,assist,Jakeem Cole Assists,,
Benedictine (IL) Eagles,2025-11-15,634,H2,01:29 (H2),89.0,Benedictine (IL) Eagles,Ryan Sammons,foul,Ryan Sammons Commits Personal Foul,,13 Zerrick Johnson > Transition > Ballhandler > To Basket > Foul
Benedictine (IL) Eagles,2025-11-15,635,H2,01:29 (H2),89.0,Aurora Spartans,Zerrick Johnson,free_throw_made,Zerrick Johnson Makes Free Throw (1 of 2),,13 Zerrick Johnson > Non Possession > Free Throw
Benedictine (IL) Eagles,2025-11-15,636,H2,01:29 (H2),89.0,Aurora Spartans,Zerrick Johnson,free_throw_made,Zerrick Johnson Makes Free Throw (2 of 2),,13 Zerrick Johnson > Non Possession > Free Throw
Benedictine (IL) Eagles,2025-11-15,637,H2,01:29 (H2),89.0,Benedictine (IL) Eagles,,timeout,Benedictine (IL) Timeout,,
Benedictine (IL) Eagles,2025-11-15,638,H2,01:08 (H2),68.0,Aurora Spartans,Juan Madrigal,foul,Juan Madrigal Commits Personal Foul,,33 Aidan Werth > Post-Up > Right Block > Right Shoulder > Dribble Move > Foul
Benedictine (IL) Eagles,2025-11-15,639,H2,01:08 (H2),68.0,Benedictine (IL) Eagles,Aidan Werth,free_throw_missed,Aidan Werth Misses Free Throw (1 of 2),,33 Aidan Werth > Non Possession > Free Throw
Benedictine (IL) Eagles,2025-11-15,640,H2,01:08 (H2),68.0,Benedictine (IL) Eagles,Benedictine (IL),team_deadball_rebound_offensive,Benedictine (IL) Offensive Deadball Rebound,,
Benedictine (IL) Eagles,2025-11-15,641,H2,01:08 (H2),68.0,Benedictine (IL) Eagles,Aidan Werth,free_throw_made,Aidan Werth Makes Free Throw (2 of 2),,33 Aidan Werth > Non Possession > Free Throw
Benedictine (IL) Eagles,2025-11-15,642,H2,01:08 (H2),68.0,Benedictine (IL) Eagles,Ryan Sammons,sub_out,Ryan Sammons Subs Out,,
Benedictine (IL) Eagles,2025-11-15,643,H2,01:08 (H2),68.0,Benedictine (IL) Eagles,Nathan LaPlant,sub_in,Nathan LaPlant Subs In,,
Benedictine (IL) Eagles,2025-11-15,644,H2,00:53 (H2),53.0,Benedictine (IL) Eagles,Aidan Werth,foul,Aidan Werth Commits Personal Foul,,13 Zerrick Johnson > Spot-Up > Drives Left > To Basket > Foul
Benedictine (IL) Eagles,2025-11-15,645,H2,00:53 (H2),53.0,Aurora Spartans,Zerrick Johnson,free_throw_made,Zerrick Johnson Makes Free Throw (1 of 2),,13 Zerrick Johnson > Non Possession > Free Throw
Benedictine (IL) Eagles,2025-11-15,646,H2,00:53 (H2),53.0,Aurora Spartans,Zerrick Johnson,free_throw_made,Zerrick Johnson Makes Free Throw (2 of 2),,13 Zerrick Johnson > Non Possession > Free Throw
Benedictine (IL) Eagles,2025-11-15,647,H2,00:53 (H2),53.0,Benedictine (IL) Eagles,Aidan Werth,sub_out,Aidan Werth Subs Out,,
Benedictine (IL) Eagles,2025-11-15,648,H2,00:53 (H2),53.0,Benedictine (IL) Eagles,Ryan Sammons,sub_in,Ryan Sammons Subs In,,
Benedictine (IL) Eagles,2025-11-15,649,H2,00:46 (H2),46.0,Aurora Spartans,Juan Madrigal,foul,Juan Madrigal Commits Personal Foul,,12 Ryan Sammons > No Play Type > Foul
Benedictine (IL) Eagles,2025-11-15,650,H2,00:46 (H2),46.0,Benedictine (IL) Eagles,Ryan Sammons,free_throw_missed,Ryan Sammons Misses Free Throw (1 of 2),,12 Ryan Sammons > Non Possession > Free Throw
Benedictine (IL) Eagles,2025-11-15,651,H2,00:46 (H2),46.0,Benedictine (IL) Eagles,Benedictine (IL),team_deadball_rebound_offensive,Benedictine (IL) Offensive Deadball Rebound,,
Benedictine (IL) Eagles,2025-11-15,652,H2,00:46 (H2),46.0,Benedictine (IL) Eagles,Ryan Sammons,free_throw_made,Ryan Sammons Makes Free Throw (2 of 2),,12 Ryan Sammons > Non Possession > Free Throw
Benedictine (IL) Eagles,2025-11-15,653,H2,00:46 (H2),46.0,Benedictine (IL) Eagles,Ryan Sammons,sub_out,Ryan Sammons Subs Out,,
Benedictine (IL) Eagles,2025-11-15,654,H2,00:46 (H2),46.0,Benedictine (IL) Eagles,Aidan Werth,sub_in,Aidan Werth Subs In,,
Benedictine (IL) Eagles,2025-11-15,655,H2,00:34 (H2),34.0,Aurora Spartans,Zerrick Johnson,missed_shot,Zerrick Johnson Misses 3PT Jump Shot,3,13 Zerrick Johnson > Spot-Up > No Dribble Jumper > Guarded > Long/3pt > Miss 3 Pts
Benedictine (IL) Eagles,2025-11-15,656,H2,00:31 (H2),31.0,Benedictine (IL) Eagles,Nathan LaPlant,rebound_defensive,Nathan LaPlant Defensive Rebound,,
Benedictine (IL) Eagles,2025-11-15,657,H2,00:31 (H2),31.0,Aurora Spartans,Gevon Grant,foul,Gevon Grant Commits Personal Foul,,11 Noah Mason > Transition > Ballhandler > To Basket > Foul
Benedictine (IL) Eagles,2025-11-15,658,H2,00:31 (H2),31.0,Benedictine (IL) Eagles,Noah Mason,free_throw_made,Noah Mason Makes Free Throw (1 of 2),,11 Noah Mason > Non Possession > Free Throw
Benedictine (IL) Eagles,2025-11-15,659,H2,00:31 (H2),31.0,Benedictine (IL) Eagles,Noah Mason,free_throw_made,Noah Mason Makes Free Throw (2 of 2),,11 Noah Mason > Non Possession > Free Throw
Benedictine (IL) Eagles,2025-11-15,660,H2,00:26 (H2),26.0,Aurora Spartans,Juan Madrigal,made_shot,Juan Madrigal Makes 2PT,2,2 Juan Madrigal > Transition > Trailer > To Basket > Make 2 Pts
Benedictine (IL) Eagles,2025-11-15,661,H2,00:19 (H2),19.0,Aurora Spartans,Jeffery Hillmer,foul,Jeffery Hillmer Commits Personal Foul,,33 Aidan Werth > Transition > Right Wing > Foul
Benedictine (IL) Eagles,2025-11-15,662,H2,00:19 (H2),19.0,Benedictine (IL) Eagles,Aidan Werth,free_throw_made,Aidan Werth Makes Free Throw (1 of 2),,33 Aidan Werth > Non Possession > Free Throw
Benedictine (IL) Eagles,2025-11-15,663,H2,00:17 (H2),17.0,Benedictine (IL) Eagles,Aidan Werth,free_throw_missed,Aidan Werth Misses Free Throw (2 of 2),,33 Aidan Werth > Non Possession > Free Throw
Benedictine (IL) Eagles,2025-11-15,664,H2,00:16 (H2),16.0,Aurora Spartans,Zerrick Johnson,rebound_defensive,Zerrick Johnson Defensive Rebound,,
Benedictine (IL) Eagles,2025-11-15,665,H2,00:12 (H2),12.0,Aurora Spartans,Juan Madrigal,made_shot,Juan Madrigal Makes 3PT Jump Shot,3,2 Juan Madrigal > Transition > Trailer > Dribble Jumper > Long/3pt > Make 3 Pts
Benedictine (IL) Eagles,2025-11-15,666,H2,00:12 (H2),12.0,Aurora Spartans,Zerrick Johnson,assist,Zerrick Johnson Assists,,
Benedictine (IL) Eagles,2025-11-15,667,H2,00:07 (H2),7.0,Aurora Spartans,Gevon Grant,foul,Gevon Grant Commits Personal Foul,,2 Jakeem Cole > No Play Type > Foul
Benedictine (IL) Eagles,2025-11-15,668,H2,00:07 (H2),7.0,Benedictine (IL) Eagles,Jakeem Cole,free_throw_missed,Jakeem Cole Misses Free Throw (1 of 2),,2 Jakeem Cole > Non Possession > Free Throw
Benedictine (IL) Eagles,2025-11-15,669,H2,00:07 (H2),7.0,Benedictine (IL) Eagles,Benedictine (IL),team_deadball_rebound_offensive,Benedictine (IL) Offensive Deadball Rebound,,
Benedictine (IL) Eagles,2025-11-15,670,H2,00:07 (H2),7.0,Benedictine (IL) Eagles,Jakeem Cole,free_throw_made,Jakeem Cole Makes Free Throw (2 of 2),,2 Jakeem Cole > Non Possession > Free Throw
Benedictine (IL) Eagles,2025-11-15,671,H2,00:00 (H2),0.0,Aurora Spartans,Gevon Grant,missed_shot,Gevon Grant Misses 3PT Jump Shot,3,24 Gevon Grant > Transition > Ballhandler > Dribble Jumper > Long/3pt > Miss 3 Pts
Benedictine (IL) Eagles,2025-11-15,672,H2,00:00 (H2),0.0,Aurora Spartans,Juan Madrigal,rebound_offensive,Juan Madrigal Offensive Rebound,,
Benedictine (IL) Eagles,2025-11-15,673,H2,,,,,period_marker,End 2nd Half,,
