team,player,defensive_role,role_basis,why,position,height_in,credited_actions,on_ball,chasing,help,mobile_coverages,drop_coverages,steals_blocks_per_game,games
Alma Scots,Alma,Low Activity,play-by-play only,guard; on-ball 0 · chasing 0 · help 0 · switch/hedge 0 · drop 0 · 0.0 steals+blocks a game (1 games),,,0.0,0.0,0.0,0,0,0,0.0,1
Alma Scots,Donovan Collins,Low Activity,play-by-play only,guard; on-ball 0 · chasing 0 · help 0 · switch/hedge 0 · drop 0 · 0.0 steals+blocks a game (1 games) · offensive role Off Screen Shooter,G,,0.0,0.0,0.0,0,0,0,0.0,1
Alma Scots,Elijah Sykes,Point of Attack,play-by-play only,guard; on-ball 0 · chasing 0 · help 0 · switch/hedge 0 · drop 0 · 1.0 steals+blocks a game (1 games) · offensive role Primary Ball Handler,G,,0.0,0.0,0.0,0,0,0,1.0,1
Alma Scots,Josh Elliott,Point of Attack,play-by-play only,guard; on-ball 0 · chasing 0 · help 0 · switch/hedge 0 · drop 0 · 1.0 steals+blocks a game (1 games) · offensive role Off Screen Shooter,G,,0.0,0.0,0.0,0,0,0,1.0,1
Alma Scots,Joss Bradley,Point of Attack,play-by-play only,guard; on-ball 0 · chasing 0 · help 0 · switch/hedge 0 · drop 0 · 1.0 steals+blocks a game (1 games) · offensive role Slasher,G,,0.0,0.0,0.0,0,0,0,1.0,1
Alma Scots,Korbin Heitzman,Wing Stopper,play-by-play only,wing; on-ball 0 · chasing 0 · help 0 · switch/hedge 0 · drop 0 · 1.0 steals+blocks a game (1 games) · offensive role Slasher,F,,0.0,0.0,0.0,0,0,0,1.0,1
Alma Scots,Logan St. Martin,Anchor Big,play-by-play only,big; on-ball 0 · chasing 0 · help 0 · switch/hedge 0 · drop 0 · 1.0 steals+blocks a game (1 games) · offensive role Stretch Big,F/C,,0.0,0.0,0.0,0,0,0,1.0,1
Alma Scots,Luciano Guerrazzi,Helper,play-by-play only,wing; on-ball 0 · chasing 0 · help 0 · switch/hedge 0 · drop 0 · 2.0 steals+blocks a game (1 games) · offensive role Stationary Shooter,F,,0.0,0.0,0.0,0,0,0,2.0,1
Alma Scots,Preston Malpass,Wing Stopper,play-by-play only,wing; on-ball 0 · chasing 0 · help 0 · switch/hedge 0 · drop 0 · 1.0 steals+blocks a game (1 games) · offensive role Stationary Shooter,F,,0.0,0.0,0.0,0,0,0,1.0,1
Alma Scots,Raine Rodich,Point of Attack,play-by-play only,guard; on-ball 0 · chasing 0 · help 0 · switch/hedge 0 · drop 0 · 1.0 steals+blocks a game (1 games) · offensive role Slasher,G,,0.0,0.0,0.0,0,0,0,1.0,1
Alma Scots,RASHAD SMITH,Point of Attack,position only,guard; on-ball 0 · chasing 0 · help 0 · switch/hedge 0 · drop 0 · offensive role Secondary Ball Handler,G,,0.0,0.0,0.0,0,0,0,,0
Alma Scots,GRANT MOSSBURG,Point of Attack,position only,guard; on-ball 0 · chasing 0 · help 0 · switch/hedge 0 · drop 0 · offensive role Secondary Ball Handler,G,,0.0,0.0,0.0,0,0,0,,0
Alma Scots,KYLER CHOVANEC,Point of Attack,position only,guard; on-ball 0 · chasing 0 · help 0 · switch/hedge 0 · drop 0 · offensive role Secondary Ball Handler,G,,0.0,0.0,0.0,0,0,0,,0
Alma Scots,BRIGHTON GAVIN,Point of Attack,position only,guard; on-ball 0 · chasing 0 · help 0 · switch/hedge 0 · drop 0 · offensive role Secondary Ball Handler,G,,0.0,0.0,0.0,0,0,0,,0
Alma Scots,TYRAN GRIFFIN,Point of Attack,position only,guard; on-ball 0 · chasing 0 · help 0 · switch/hedge 0 · drop 0 · offensive role Secondary Ball Handler,G,,0.0,0.0,0.0,0,0,0,,0
Alma Scots,DARRION SARDO,Point of Attack,position only,guard; on-ball 0 · chasing 0 · help 0 · switch/hedge 0 · drop 0 · offensive role Secondary Ball Handler,G,,0.0,0.0,0.0,0,0,0,,0
Alma Scots,CARLOS WILLIAMS,Point of Attack,position only,guard; on-ball 0 · chasing 0 · help 0 · switch/hedge 0 · drop 0 · offensive role Secondary Ball Handler,G,,0.0,0.0,0.0,0,0,0,,0
Alma Scots,JAMES DYMEK,Wing Stopper,position only,wing; on-ball 0 · chasing 0 · help 0 · switch/hedge 0 · drop 0 · offensive role Stationary Shooter,G/F,,0.0,0.0,0.0,0,0,0,,0
Alma Scots,JAXON JURMU,Point of Attack,position only,guard; on-ball 0 · chasing 0 · help 0 · switch/hedge 0 · drop 0 · offensive role Secondary Ball Handler,G,,0.0,0.0,0.0,0,0,0,,0
Alma Scots,LIAM ADAMS,Wing Stopper,position only,wing; on-ball 0 · chasing 0 · help 0 · switch/hedge 0 · drop 0 · offensive role Stationary Shooter,G/F,,0.0,0.0,0.0,0,0,0,,0
Alma Scots,LANCE ATKINSON,Anchor Big,position only,big; on-ball 0 · chasing 0 · help 0 · switch/hedge 0 · drop 0 · offensive role Roll & Cut Big,C,,0.0,0.0,0.0,0,0,0,,0
Alma Scots,WAYLON SALES,Anchor Big,position only,big; on-ball 0 · chasing 0 · help 0 · switch/hedge 0 · drop 0 · offensive role Roll & Cut Big,F/C,,0.0,0.0,0.0,0,0,0,,0
Alma Scots,JAYDEN HANSON,Wing Stopper,position only,wing; on-ball 0 · chasing 0 · help 0 · switch/hedge 0 · drop 0 · offensive role Stationary Shooter,G/F,,0.0,0.0,0.0,0,0,0,,0
Alma Scots,RYAN MOSSBURG,Point of Attack,position only,guard; on-ball 0 · chasing 0 · help 0 · switch/hedge 0 · drop 0 · offensive role Secondary Ball Handler,G,,0.0,0.0,0.0,0,0,0,,0
Alma Scots,MAXX LADD,Point of Attack,position only,guard; on-ball 0 · chasing 0 · help 0 · switch/hedge 0 · drop 0 · offensive role Secondary Ball Handler,G,,0.0,0.0,0.0,0,0,0,,0
Alma Scots,TAMARION KINDLE,Mobile Big,position only,big; on-ball 0 · chasing 0 · help 0 · switch/hedge 0 · drop 0 · offensive role Roll & Cut Big,F,,0.0,0.0,0.0,0,0,0,,0
Alma Scots,BEN BEETHAM,Point of Attack,position only,guard; on-ball 0 · chasing 0 · help 0 · switch/hedge 0 · drop 0 · offensive role Secondary Ball Handler,G,,0.0,0.0,0.0,0,0,0,,0
Alma Scots,ISAAC OYET,Wing Stopper,position only,wing; on-ball 0 · chasing 0 · help 0 · switch/hedge 0 · drop 0 · offensive role Stationary Shooter,G/F,,0.0,0.0,0.0,0,0,0,,0
Alma Scots,JOSHUA OZIWELE,Wing Stopper,position only,wing; on-ball 0 · chasing 0 · help 0 · switch/hedge 0 · drop 0 · offensive role Stationary Shooter,G/F,,0.0,0.0,0.0,0,0,0,,0
Alma Scots,JOHNNY WIGGINS,Point of Attack,position only,guard; on-ball 0 · chasing 0 · help 0 · switch/hedge 0 · drop 0 · offensive role Secondary Ball Handler,G,,0.0,0.0,0.0,0,0,0,,0
Aurora Spartans,Aurora,Low Activity,play-by-play only,guard; on-ball 0 · chasing 0 · help 0 · switch/hedge 0 · drop 0 · 0.0 steals+blocks a game (1 games),,,0.0,0.0,0.0,0,0,0,0.0,1
Aurora Spartans,Bryden Gryzmala,Low Activity,play-by-play only,guard; on-ball 0 · chasing 0 · help 0 · switch/hedge 0 · drop 0 · 0.0 steals+blocks a game (1 games) · offensive role Slasher,G,,0.0,0.0,0.0,0,0,0,0.0,1
Aurora Spartans,Cullen Rauls,Point of Attack,play-by-play only,guard; on-ball 0 · chasing 0 · help 0 · switch/hedge 0 · drop 0 · 1.0 steals+blocks a game (1 games) · offensive role Primary Ball Handler,G,,0.0,0.0,0.0,0,0,0,1.0,1
Aurora Spartans,Devon Richardson,Anchor Big,play-by-play only,big; on-ball 0 · chasing 0 · help 0 · switch/hedge 0 · drop 0 · 1.0 steals+blocks a game (1 games) · offensive role Post Scorer,C,,0.0,0.0,0.0,0,0,0,1.0,1
Aurora Spartans,Gevon Grant,Low Activity,play-by-play only,guard; on-ball 0 · chasing 0 · help 0 · switch/hedge 0 · drop 0 · 0.0 steals+blocks a game (1 games) · offensive role Secondary Ball Handler,G,,0.0,0.0,0.0,0,0,0,0.0,1
Aurora Spartans,Isaiah Thompson,Wing Stopper,play-by-play only,wing; on-ball 0 · chasing 0 · help 0 · switch/hedge 0 · drop 0 · 1.0 steals+blocks a game (1 games) · offensive role Stationary Shooter,F,,0.0,0.0,0.0,0,0,0,1.0,1
Aurora Spartans,Jeffery Hillmer,Low Activity,play-by-play only,guard; on-ball 0 · chasing 0 · help 0 · switch/hedge 0 · drop 0 · 0.0 steals+blocks a game (1 games) · offensive role Athletic Finisher,G,,0.0,0.0,0.0,0,0,0,0.0,1
Aurora Spartans,Juan Madrigal,Low Activity,play-by-play only,guard; on-ball 0 · chasing 0 · help 0 · switch/hedge 0 · drop 0 · 0.0 steals+blocks a game (1 games) · offensive role Off Screen Shooter,G,,0.0,0.0,0.0,0,0,0,0.0,1
Aurora Spartans,Larry Carthan,Anchor Big,play-by-play only,big; on-ball 0 · chasing 0 · help 0 · switch/hedge 0 · drop 0 · 3.0 steals+blocks a game (1 games) · offensive role Roll & Cut Big,F,,0.0,0.0,0.0,0,0,0,3.0,1
Aurora Spartans,Mekhi Doby,Point of Attack,play-by-play only,guard; on-ball 0 · chasing 0 · help 0 · switch/hedge 0 · drop 0 · 1.0 steals+blocks a game (1 games) · offensive role Primary Ball Handler,G,,0.0,0.0,0.0,0,0,0,1.0,1
Aurora Spartans,Robert Hutson,Low Activity,play-by-play only,guard; on-ball 0 · chasing 0 · help 0 · switch/hedge 0 · drop 0 · 0.0 steals+blocks a game (1 games) · offensive role Athletic Finisher,G,,0.0,0.0,0.0,0,0,0,0.0,1
Aurora Spartans,Zerrick Johnson,Low Activity,play-by-play only,guard; on-ball 0 · chasing 0 · help 0 · switch/hedge 0 · drop 0 · 0.0 steals+blocks a game (1 games) · offensive role Slasher,G,,0.0,0.0,0.0,0,0,0,0.0,1
Aurora Spartans,ADAM AWENDER,Point of Attack,position only,guard; on-ball 0 · chasing 0 · help 0 · switch/hedge 0 · drop 0 · offensive role Secondary Ball Handler,G,,0.0,0.0,0.0,0,0,0,,0
Aurora Spartans,JOSH TINNEY,Point of Attack,position only,guard; on-ball 0 · chasing 0 · help 0 · switch/hedge 0 · drop 0 · offensive role Secondary Ball Handler,G,,0.0,0.0,0.0,0,0,0,,0
Aurora Spartans,GAVIN ESCOBEDO,Point of Attack,position only,guard; on-ball 0 · chasing 0 · help 0 · switch/hedge 0 · drop 0 · offensive role Secondary Ball Handler,G,,0.0,0.0,0.0,0,0,0,,0
Aurora Spartans,DEVON WHITE,Point of Attack,position only,guard; on-ball 0 · chasing 0 · help 0 · switch/hedge 0 · drop 0 · offensive role Secondary Ball Handler,G,,0.0,0.0,0.0,0,0,0,,0
Aurora Spartans,MATT ANDERSON,Point of Attack,position only,guard; on-ball 0 · chasing 0 · help 0 · switch/hedge 0 · drop 0 · offensive role Secondary Ball Handler,G,,0.0,0.0,0.0,0,0,0,,0
Aurora Spartans,ARAMIS CURRIN,Point of Attack,position only,guard; on-ball 0 · chasing 0 · help 0 · switch/hedge 0 · drop 0 · offensive role Secondary Ball Handler,G,,0.0,0.0,0.0,0,0,0,,0
Aurora Spartans,ALEX ROSS,Point of Attack,position only,guard; on-ball 0 · chasing 0 · help 0 · switch/hedge 0 · drop 0 · offensive role Secondary Ball Handler,G,,0.0,0.0,0.0,0,0,0,,0
Aurora Spartans,JORDAN SCHROEDER,Point of Attack,position only,guard; on-ball 0 · chasing 0 · help 0 · switch/hedge 0 · drop 0 · offensive role Secondary Ball Handler,G,,0.0,0.0,0.0,0,0,0,,0
Aurora Spartans,ISAAC ROSS,Point of Attack,position only,guard; on-ball 0 · chasing 0 · help 0 · switch/hedge 0 · drop 0 · offensive role Secondary Ball Handler,G,,0.0,0.0,0.0,0,0,0,,0
Aurora Spartans,CONNOR FITZGERALD,Point of Attack,position only,guard; on-ball 0 · chasing 0 · help 0 · switch/hedge 0 · drop 0 · offensive role Secondary Ball Handler,G,,0.0,0.0,0.0,0,0,0,,0
Aurora Spartans,CALEB BURGINS,Point of Attack,position only,guard; on-ball 0 · chasing 0 · help 0 · switch/hedge 0 · drop 0 · offensive role Secondary Ball Handler,G,,0.0,0.0,0.0,0,0,0,,0
Aurora Spartans,LUIS MUR MARTIN,Anchor Big,position only,big; on-ball 0 · chasing 0 · help 0 · switch/hedge 0 · drop 0 · offensive role Roll & Cut Big,C,,0.0,0.0,0.0,0,0,0,,0
Aurora Spartans,KENNY ROSARIO,Point of Attack,position only,guard; on-ball 0 · chasing 0 · help 0 · switch/hedge 0 · drop 0 · offensive role Secondary Ball Handler,G,,0.0,0.0,0.0,0,0,0,,0
Aurora Spartans,WIFI CHIN,Point of Attack,position only,guard; on-ball 0 · chasing 0 · help 0 · switch/hedge 0 · drop 0 · offensive role Secondary Ball Handler,G,,0.0,0.0,0.0,0,0,0,,0
Aurora Spartans,BRYCE MOORE,Point of Attack,position only,guard; on-ball 0 · chasing 0 · help 0 · switch/hedge 0 · drop 0 · offensive role Secondary Ball Handler,G,,0.0,0.0,0.0,0,0,0,,0
Aurora Spartans,SEBASTIAN DEERING,Mobile Big,position only,big; on-ball 0 · chasing 0 · help 0 · switch/hedge 0 · drop 0 · offensive role Roll & Cut Big,F,,0.0,0.0,0.0,0,0,0,,0
Bethany Lutheran Vikings,Amory Peterson,Helper,play-by-play only,guard; on-ball 0 · chasing 0 · help 0 · switch/hedge 0 · drop 0 · 2.0 steals+blocks a game (1 games) · offensive role Athletic Finisher,,,0.0,0.0,0.0,0,0,0,2.0,1
Bethany Lutheran Vikings,Bethany Lutheran,Low Activity,play-by-play only,guard; on-ball 0 · chasing 0 · help 0 · switch/hedge 0 · drop 0 · 0.0 steals+blocks a game (1 games),,,0.0,0.0,0.0,0,0,0,0.0,1
Bethany Lutheran Vikings,Blue Smaller,Low Activity,play-by-play only,guard; on-ball 0 · chasing 0 · help 0 · switch/hedge 0 · drop 0 · 0.0 steals+blocks a game (1 games) · offensive role Slasher,,,0.0,0.0,0.0,0,0,0,0.0,1
Bethany Lutheran Vikings,Brady Ingersoll,Low Activity,play-by-play only,guard; on-ball 0 · chasing 0 · help 0 · switch/hedge 0 · drop 0 · 0.0 steals+blocks a game (1 games) · offensive role Slasher,,,0.0,0.0,0.0,0,0,0,0.0,1
Bethany Lutheran Vikings,Cole Johnson,Mobile Big,play-by-play only,big; on-ball 0 · chasing 0 · help 0 · switch/hedge 0 · drop 0 · 1.0 steals+blocks a game (1 games) · offensive role Roll & Cut Big,,,0.0,0.0,0.0,0,0,0,1.0,1
Bethany Lutheran Vikings,Cooper Mensink,Low Activity,play-by-play only,guard; on-ball 0 · chasing 0 · help 0 · switch/hedge 0 · drop 0 · 0.0 steals+blocks a game (1 games) · offensive role Stationary Shooter,,,0.0,0.0,0.0,0,0,0,0.0,1
Bethany Lutheran Vikings,Eli Rogers,Low Activity,play-by-play only,guard; on-ball 0 · chasing 0 · help 0 · switch/hedge 0 · drop 0 · 0.0 steals+blocks a game (1 games),,,0.0,0.0,0.0,0,0,0,0.0,1
Bethany Lutheran Vikings,Elliot Whitney,Point of Attack,play-by-play only,guard; on-ball 0 · chasing 0 · help 0 · switch/hedge 0 · drop 0 · 1.0 steals+blocks a game (1 games) · offensive role Primary Ball Handler,,,0.0,0.0,0.0,0,0,0,1.0,1
Bethany Lutheran Vikings,Jack Brockmann,Point of Attack,play-by-play only,guard; on-ball 0 · chasing 0 · help 0 · switch/hedge 0 · drop 0 · 1.0 steals+blocks a game (1 games) · offensive role Slasher,,,0.0,0.0,0.0,0,0,0,1.0,1
Bethany Lutheran Vikings,Max Briggs,Helper,play-by-play only,guard; on-ball 0 · chasing 0 · help 0 · switch/hedge 0 · drop 0 · 2.0 steals+blocks a game (1 games) · offensive role Stationary Shooter,,,0.0,0.0,0.0,0,0,0,2.0,1
Bethany Lutheran Vikings,Rysley Borman,Low Activity,play-by-play only,guard; on-ball 0 · chasing 0 · help 0 · switch/hedge 0 · drop 0 · 0.0 steals+blocks a game (1 games) · offensive role Stationary Shooter,,,0.0,0.0,0.0,0,0,0,0.0,1
Bethany Lutheran Vikings,Will Walter,Point of Attack,play-by-play only,guard; on-ball 0 · chasing 0 · help 0 · switch/hedge 0 · drop 0 · 1.0 steals+blocks a game (1 games) · offensive role Movement Shooter,,,0.0,0.0,0.0,0,0,0,1.0,1
Carroll (WI) Pioneers,Cai Joseph,Low Activity,play-by-play only,wing; on-ball 0 · chasing 0 · help 0 · switch/hedge 0 · drop 0 · 0.0 steals+blocks a game (1 games) · offensive role Athletic Finisher,G/F,,0.0,0.0,0.0,0,0,0,0.0,1
Carroll (WI) Pioneers,Carroll (WI),Low Activity,play-by-play only,guard; on-ball 0 · chasing 0 · help 0 · switch/hedge 0 · drop 0 · 0.0 steals+blocks a game (1 games),,,0.0,0.0,0.0,0,0,0,0.0,1
Carroll (WI) Pioneers,Dennis Estepp,Helper,play-by-play only,guard; on-ball 0 · chasing 0 · help 0 · switch/hedge 0 · drop 0 · 2.0 steals+blocks a game (1 games) · offensive role Movement Shooter,G,,0.0,0.0,0.0,0,0,0,2.0,1
Carroll (WI) Pioneers,Evan Bland,Point of Attack,play-by-play only,guard; on-ball 0 · chasing 0 · help 0 · switch/hedge 0 · drop 0 · 1.0 steals+blocks a game (1 games) · offensive role Slasher,G,,0.0,0.0,0.0,0,0,0,1.0,1
Carroll (WI) Pioneers,Greg Smith,Low Activity,play-by-play only,wing; on-ball 0 · chasing 0 · help 0 · switch/hedge 0 · drop 0 · 0.0 steals+blocks a game (1 games) · offensive role Slasher,F,,0.0,0.0,0.0,0,0,0,0.0,1
Carroll (WI) Pioneers,Jacob Naber,Wing Stopper,play-by-play only,wing; on-ball 0 · chasing 0 · help 0 · switch/hedge 0 · drop 0 · 1.0 steals+blocks a game (1 games) · offensive role Slasher,F,,0.0,0.0,0.0,0,0,0,1.0,1
Carroll (WI) Pioneers,Jimmy Tarjan,Wing Stopper,play-by-play only,wing; on-ball 0 · chasing 0 · help 0 · switch/hedge 0 · drop 0 · 1.0 steals+blocks a game (1 games) · offensive role Slasher,G/F,,0.0,0.0,0.0,0,0,0,1.0,1
Carroll (WI) Pioneers,Lamar Smith,Wing Stopper,play-by-play only,wing; on-ball 0 · chasing 0 · help 0 · switch/hedge 0 · drop 0 · 1.0 steals+blocks a game (1 games) · offensive role Slasher,F,,0.0,0.0,0.0,0,0,0,1.0,1
Carroll (WI) Pioneers,Michael McNabb,Helper,play-by-play only,guard; on-ball 0 · chasing 0 · help 0 · switch/hedge 0 · drop 0 · 2.0 steals+blocks a game (1 games) · offensive role Slasher,G,,0.0,0.0,0.0,0,0,0,2.0,1
Carroll (WI) Pioneers,Peyton McKenna,Helper,play-by-play only,guard; on-ball 0 · chasing 0 · help 0 · switch/hedge 0 · drop 0 · 4.0 steals+blocks a game (1 games) · offensive role Stationary Shooter,G,,0.0,0.0,0.0,0,0,0,4.0,1
Carroll (WI) Pioneers,LUCAS PARKER,Point of Attack,position only,guard; on-ball 0 · chasing 0 · help 0 · switch/hedge 0 · drop 0 · offensive role Secondary Ball Handler,G,,0.0,0.0,0.0,0,0,0,,0
Carroll (WI) Pioneers,EVAN OLESON,Point of Attack,position only,guard; on-ball 0 · chasing 0 · help 0 · switch/hedge 0 · drop 0 · offensive role Secondary Ball Handler,G,,0.0,0.0,0.0,0,0,0,,0
Carroll (WI) Pioneers,GRAY DINGWALL,Point of Attack,position only,guard; on-ball 0 · chasing 0 · help 0 · switch/hedge 0 · drop 0 · offensive role Secondary Ball Handler,G,,0.0,0.0,0.0,0,0,0,,0
Carroll (WI) Pioneers,ANDREW HOLLERICH,Point of Attack,position only,guard; on-ball 0 · chasing 0 · help 0 · switch/hedge 0 · drop 0 · offensive role Secondary Ball Handler,G,,0.0,0.0,0.0,0,0,0,,0
Carroll (WI) Pioneers,CALE BUBOLTZ,Point of Attack,position only,guard; on-ball 0 · chasing 0 · help 0 · switch/hedge 0 · drop 0 · offensive role Secondary Ball Handler,G,,0.0,0.0,0.0,0,0,0,,0
Carroll (WI) Pioneers,AUGGIE HOFFMAN,Point of Attack,position only,guard; on-ball 0 · chasing 0 · help 0 · switch/hedge 0 · drop 0 · offensive role Secondary Ball Handler,G,,0.0,0.0,0.0,0,0,0,,0
Carroll (WI) Pioneers,HAYDEN STEBBINS,Point of Attack,position only,guard; on-ball 0 · chasing 0 · help 0 · switch/hedge 0 · drop 0 · offensive role Secondary Ball Handler,G,,0.0,0.0,0.0,0,0,0,,0
Carroll (WI) Pioneers,BRANDON KEATON,Mobile Big,position only,big; on-ball 0 · chasing 0 · help 0 · switch/hedge 0 · drop 0 · offensive role Roll & Cut Big,F,,0.0,0.0,0.0,0,0,0,,0
Carroll (WI) Pioneers,MATT LEONHARD,Mobile Big,position only,big; on-ball 0 · chasing 0 · help 0 · switch/hedge 0 · drop 0 · offensive role Roll & Cut Big,F,,0.0,0.0,0.0,0,0,0,,0
Coe Kohawks,Aaron Foote,Mobile Big,play-by-play only,big; on-ball 0 · chasing 0 · help 0 · switch/hedge 0 · drop 0 · 0.0 steals+blocks a game (1 games) · offensive role Roll & Cut Big,F,,0.0,0.0,0.0,0,0,0,0.0,1
Coe Kohawks,Aleks Jajic,Low Activity,play-by-play only,wing; on-ball 0 · chasing 0 · help 0 · switch/hedge 0 · drop 0 · 0.0 steals+blocks a game (1 games) · offensive role Slasher,F,,0.0,0.0,0.0,0,0,0,0.0,1
Coe Kohawks,Austin Beeson,Low Activity,play-by-play only,guard; on-ball 0 · chasing 0 · help 0 · switch/hedge 0 · drop 0 · 0.0 steals+blocks a game (1 games) · offensive role Stationary Shooter,G,,0.0,0.0,0.0,0,0,0,0.0,1
Coe Kohawks,C. Reece Breitenbach,Low Activity,play-by-play only,guard; on-ball 0 · chasing 0 · help 0 · switch/hedge 0 · drop 0 · 0.0 steals+blocks a game (1 games) · offensive role Stationary Shooter,G,,0.0,0.0,0.0,0,0,0,0.0,1
Coe Kohawks,Coe,Low Activity,play-by-play only,guard; on-ball 0 · chasing 0 · help 0 · switch/hedge 0 · drop 0 · 0.0 steals+blocks a game (1 games),,,0.0,0.0,0.0,0,0,0,0.0,1
Coe Kohawks,Cooper Nailor,Helper,play-by-play only,guard; on-ball 0 · chasing 0 · help 0 · switch/hedge 0 · drop 0 · 2.0 steals+blocks a game (1 games) · offensive role Off Screen Shooter,G,,0.0,0.0,0.0,0,0,0,2.0,1
Coe Kohawks,Deuce Walters,Helper,play-by-play only,guard; on-ball 0 · chasing 0 · help 0 · switch/hedge 0 · drop 0 · 2.0 steals+blocks a game (1 games) · offensive role Primary Ball Handler,G,,0.0,0.0,0.0,0,0,0,2.0,1
Coe Kohawks,Jackson Bowman,Mobile Big,play-by-play only,big; on-ball 0 · chasing 0 · help 0 · switch/hedge 0 · drop 0 · 0.0 steals+blocks a game (1 games) · offensive role Roll & Cut Big,F,,0.0,0.0,0.0,0,0,0,0.0,1
Coe Kohawks,Jackson Newell,Anchor Big,play-by-play only,big; on-ball 0 · chasing 0 · help 0 · switch/hedge 0 · drop 0 · 2.0 steals+blocks a game (1 games) · offensive role Roll & Cut Big,F,,0.0,0.0,0.0,0,0,0,2.0,1
Coe Kohawks,Jay Akin,Low Activity,play-by-play only,guard; on-ball 0 · chasing 0 · help 0 · switch/hedge 0 · drop 0 · 0.0 steals+blocks a game (1 games) · offensive role Athletic Finisher,G,,0.0,0.0,0.0,0,0,0,0.0,1
Coe Kohawks,Kanyon Bryte,Anchor Big,play-by-play only,big; on-ball 0 · chasing 0 · help 0 · switch/hedge 0 · drop 0 · 3.0 steals+blocks a game (1 games) · offensive role Roll & Cut Big,F,,0.0,0.0,0.0,0,0,0,3.0,1
Coe Kohawks,Ryan Dolphin,Point of Attack,play-by-play only,guard; on-ball 0 · chasing 0 · help 0 · switch/hedge 0 · drop 0 · 1.0 steals+blocks a game (1 games) · offensive role Movement Shooter,G,,0.0,0.0,0.0,0,0,0,1.0,1
Coe Kohawks,Zach Strauss,Point of Attack,play-by-play only,guard; on-ball 0 · chasing 0 · help 0 · switch/hedge 0 · drop 0 · 1.0 steals+blocks a game (1 games) · offensive role Secondary Ball Handler,G,,0.0,0.0,0.0,0,0,0,1.0,1
Coe Kohawks,COLE HRUBES,Point of Attack,position only,guard; on-ball 0 · chasing 0 · help 0 · switch/hedge 0 · drop 0 · offensive role Secondary Ball Handler,G,,0.0,0.0,0.0,0,0,0,,0
Coe Kohawks,BENNO COOPER,Point of Attack,position only,guard; on-ball 0 · chasing 0 · help 0 · switch/hedge 0 · drop 0 · offensive role Secondary Ball Handler,G,,0.0,0.0,0.0,0,0,0,,0
Coe Kohawks,BRANDON STONE,Point of Attack,position only,guard; on-ball 0 · chasing 0 · help 0 · switch/hedge 0 · drop 0 · offensive role Secondary Ball Handler,G,,0.0,0.0,0.0,0,0,0,,0
Coe Kohawks,KALEB WILGENBUSCH,Point of Attack,position only,guard; on-ball 0 · chasing 0 · help 0 · switch/hedge 0 · drop 0 · offensive role Secondary Ball Handler,G,,0.0,0.0,0.0,0,0,0,,0
Coe Kohawks,WYATT SRSEN,Point of Attack,position only,guard; on-ball 0 · chasing 0 · help 0 · switch/hedge 0 · drop 0 · offensive role Secondary Ball Handler,G,,0.0,0.0,0.0,0,0,0,,0
Coe Kohawks,JORDAN CATON,Point of Attack,position only,guard; on-ball 0 · chasing 0 · help 0 · switch/hedge 0 · drop 0 · offensive role Secondary Ball Handler,G,,0.0,0.0,0.0,0,0,0,,0
Coe Kohawks,RYLEN STIEGELMEYER,Point of Attack,position only,guard; on-ball 0 · chasing 0 · help 0 · switch/hedge 0 · drop 0 · offensive role Secondary Ball Handler,G,,0.0,0.0,0.0,0,0,0,,0
Coe Kohawks,LUKAS STERN,Point of Attack,position only,guard; on-ball 0 · chasing 0 · help 0 · switch/hedge 0 · drop 0 · offensive role Secondary Ball Handler,G,,0.0,0.0,0.0,0,0,0,,0
Coe Kohawks,BLAKE COLVIN,Point of Attack,position only,guard; on-ball 0 · chasing 0 · help 0 · switch/hedge 0 · drop 0 · offensive role Secondary Ball Handler,G,,0.0,0.0,0.0,0,0,0,,0
Coe Kohawks,ROMAN ELLIOTT,Point of Attack,position only,guard; on-ball 0 · chasing 0 · help 0 · switch/hedge 0 · drop 0 · offensive role Secondary Ball Handler,G,,0.0,0.0,0.0,0,0,0,,0
Coe Kohawks,LEVI RUBIN,Point of Attack,position only,guard; on-ball 0 · chasing 0 · help 0 · switch/hedge 0 · drop 0 · offensive role Secondary Ball Handler,G,,0.0,0.0,0.0,0,0,0,,0
Edgewood Eagles,AC Strok,Low Activity,play-by-play only,guard; on-ball 0 · chasing 0 · help 0 · switch/hedge 0 · drop 0 · 0.0 steals+blocks a game (1 games) · offensive role Stationary Shooter,,,0.0,0.0,0.0,0,0,0,0.0,1
Edgewood Eagles,Edgewood,Low Activity,play-by-play only,guard; on-ball 0 · chasing 0 · help 0 · switch/hedge 0 · drop 0 · 0.0 steals+blocks a game (1 games),,,0.0,0.0,0.0,0,0,0,0.0,1
Edgewood Eagles,Hunter Hardyman,Point of Attack,play-by-play only,guard; on-ball 0 · chasing 0 · help 0 · switch/hedge 0 · drop 0 · 1.0 steals+blocks a game (1 games) · offensive role Stationary Shooter,,,0.0,0.0,0.0,0,0,0,1.0,1
Edgewood Eagles,Isaiah Hubanks,Low Activity,play-by-play only,guard; on-ball 0 · chasing 0 · help 0 · switch/hedge 0 · drop 0 · 0.0 steals+blocks a game (1 games) · offensive role Stationary Shooter,,,0.0,0.0,0.0,0,0,0,0.0,1
Edgewood Eagles,Jonah Anderson,Mobile Big,play-by-play only,big; on-ball 0 · chasing 0 · help 0 · switch/hedge 0 · drop 0 · 0.0 steals+blocks a game (1 games) · offensive role Roll & Cut Big,,,0.0,0.0,0.0,0,0,0,0.0,1
Edgewood Eagles,Kaleb Walter,Point of Attack,play-by-play only,guard; on-ball 0 · chasing 0 · help 0 · switch/hedge 0 · drop 0 · 1.0 steals+blocks a game (1 games) · offensive role Athletic Finisher,,,0.0,0.0,0.0,0,0,0,1.0,1
Edgewood Eagles,Logan Steffensmeier,Low Activity,play-by-play only,guard; on-ball 0 · chasing 0 · help 0 · switch/hedge 0 · drop 0 · 0.0 steals+blocks a game (1 games) · offensive role Slasher,,,0.0,0.0,0.0,0,0,0,0.0,1
Edgewood Eagles,Matt Kirk,Point of Attack,play-by-play only,guard; on-ball 0 · chasing 0 · help 0 · switch/hedge 0 · drop 0 · 1.0 steals+blocks a game (1 games) · offensive role Primary Ball Handler,,,0.0,0.0,0.0,0,0,0,1.0,1
Edgewood Eagles,Payton Bowser,Low Activity,play-by-play only,guard; on-ball 0 · chasing 0 · help 0 · switch/hedge 0 · drop 0 · 0.0 steals+blocks a game (1 games) · offensive role Off Screen Shooter,,,0.0,0.0,0.0,0,0,0,0.0,1
Edgewood Eagles,Trent Tousana,Low Activity,play-by-play only,guard; on-ball 0 · chasing 0 · help 0 · switch/hedge 0 · drop 0 · 0.0 steals+blocks a game (1 games) · offensive role Primary Ball Handler,,,0.0,0.0,0.0,0,0,0,0.0,1
Edgewood Eagles,Zane Willadsen,Low Activity,play-by-play only,guard; on-ball 0 · chasing 0 · help 0 · switch/hedge 0 · drop 0 · 0.0 steals+blocks a game (1 games),,,0.0,0.0,0.0,0,0,0,0.0,1
Elmhurst Bluejays,Aidyn Boone,Helper,play-by-play only,wing; on-ball 0 · chasing 0 · help 0 · switch/hedge 0 · drop 0 · 2.0 steals+blocks a game (1 games) · offensive role Stationary Shooter,F,,0.0,0.0,0.0,0,0,0,2.0,1
Elmhurst Bluejays,Dominic Trelenberg,Mobile Big,play-by-play only,big; on-ball 0 · chasing 0 · help 0 · switch/hedge 0 · drop 0 · 0.0 steals+blocks a game (1 games) · offensive role Stretch Big,F,,0.0,0.0,0.0,0,0,0,0.0,1
Elmhurst Bluejays,EJ Marshall,Low Activity,play-by-play only,guard; on-ball 0 · chasing 0 · help 0 · switch/hedge 0 · drop 0 · 0.0 steals+blocks a game (1 games) · offensive role Stationary Shooter,G,,0.0,0.0,0.0,0,0,0,0.0,1
Elmhurst Bluejays,Elmhurst,Low Activity,play-by-play only,guard; on-ball 0 · chasing 0 · help 0 · switch/hedge 0 · drop 0 · 0.0 steals+blocks a game (1 games),,,0.0,0.0,0.0,0,0,0,0.0,1
Elmhurst Bluejays,Jack Cherry,Helper,play-by-play only,guard; on-ball 0 · chasing 0 · help 0 · switch/hedge 0 · drop 0 · 2.0 steals+blocks a game (1 games) · offensive role Slasher,G,,0.0,0.0,0.0,0,0,0,2.0,1
Elmhurst Bluejays,Jeffrey Williams,Wing Stopper,play-by-play only,wing; on-ball 0 · chasing 0 · help 0 · switch/hedge 0 · drop 0 · 1.0 steals+blocks a game (1 games) · offensive role Stationary Shooter,F,,0.0,0.0,0.0,0,0,0,1.0,1
Elmhurst Bluejays,Luke Smith,Low Activity,play-by-play only,guard; on-ball 0 · chasing 0 · help 0 · switch/hedge 0 · drop 0 · 0.0 steals+blocks a game (1 games) · offensive role Stationary Shooter,G,,0.0,0.0,0.0,0,0,0,0.0,1
Elmhurst Bluejays,Sebastian Blachut,Low Activity,play-by-play only,guard; on-ball 0 · chasing 0 · help 0 · switch/hedge 0 · drop 0 · 0.0 steals+blocks a game (1 games) · offensive role Primary Ball Handler,G,,0.0,0.0,0.0,0,0,0,0.0,1
Elmhurst Bluejays,Talen Pearson,Low Activity,play-by-play only,guard; on-ball 0 · chasing 0 · help 0 · switch/hedge 0 · drop 0 · 0.0 steals+blocks a game (1 games) · offensive role Stationary Shooter,G,,0.0,0.0,0.0,0,0,0,0.0,1
Elmhurst Bluejays,Vinnie Adjahoungbeta,Helper,play-by-play only,wing; on-ball 0 · chasing 0 · help 0 · switch/hedge 0 · drop 0 · 2.0 steals+blocks a game (1 games) · offensive role Stationary Shooter,F,,0.0,0.0,0.0,0,0,0,2.0,1
Elmhurst Bluejays,STEFAN SOH,Point of Attack,position only,guard; on-ball 0 · chasing 0 · help 0 · switch/hedge 0 · drop 0 · offensive role Secondary Ball Handler,G,,0.0,0.0,0.0,0,0,0,,0
Elmhurst Bluejays,EVAN SALVADOR,Point of Attack,position only,guard; on-ball 0 · chasing 0 · help 0 · switch/hedge 0 · drop 0 · offensive role Secondary Ball Handler,G,,0.0,0.0,0.0,0,0,0,,0
Elmhurst Bluejays,STEVEN TIERNEY,Point of Attack,position only,guard; on-ball 0 · chasing 0 · help 0 · switch/hedge 0 · drop 0 · offensive role Secondary Ball Handler,G,,0.0,0.0,0.0,0,0,0,,0
Elmhurst Bluejays,JOHN WITCHER,Point of Attack,position only,guard; on-ball 0 · chasing 0 · help 0 · switch/hedge 0 · drop 0 · offensive role Secondary Ball Handler,G,,0.0,0.0,0.0,0,0,0,,0
Elmhurst Bluejays,DJ JERVIER,Point of Attack,position only,guard; on-ball 0 · chasing 0 · help 0 · switch/hedge 0 · drop 0 · offensive role Secondary Ball Handler,G,,0.0,0.0,0.0,0,0,0,,0
Elmhurst Bluejays,ANDY COLVIN,Mobile Big,position only,big; on-ball 0 · chasing 0 · help 0 · switch/hedge 0 · drop 0 · offensive role Roll & Cut Big,F,,0.0,0.0,0.0,0,0,0,,0
Elmhurst Bluejays,COOPER HASZ,Mobile Big,position only,big; on-ball 0 · chasing 0 · help 0 · switch/hedge 0 · drop 0 · offensive role Roll & Cut Big,F,,0.0,0.0,0.0,0,0,0,,0
Elmhurst Bluejays,BRENT COLLAR,Mobile Big,position only,big; on-ball 0 · chasing 0 · help 0 · switch/hedge 0 · drop 0 · offensive role Roll & Cut Big,F,,0.0,0.0,0.0,0,0,0,,0
Elmhurst Bluejays,SIMON WEISSERMAN,Mobile Big,position only,big; on-ball 0 · chasing 0 · help 0 · switch/hedge 0 · drop 0 · offensive role Roll & Cut Big,F,,0.0,0.0,0.0,0,0,0,,0
Elmhurst Bluejays,JAEDEN WARRENER,Point of Attack,position only,guard; on-ball 0 · chasing 0 · help 0 · switch/hedge 0 · drop 0 · offensive role Secondary Ball Handler,G,,0.0,0.0,0.0,0,0,0,,0
Elmhurst Bluejays,CHARALAMPOS VASILOPOULOS,Point of Attack,position only,guard; on-ball 0 · chasing 0 · help 0 · switch/hedge 0 · drop 0 · offensive role Secondary Ball Handler,G,,0.0,0.0,0.0,0,0,0,,0
Elmhurst Bluejays,STANTON TURNER,Anchor Big,position only,big; on-ball 0 · chasing 0 · help 0 · switch/hedge 0 · drop 0 · offensive role Roll & Cut Big,C,,0.0,0.0,0.0,0,0,0,,0
Elmhurst Bluejays,QUINTIN WIENCEK,Mobile Big,position only,big; on-ball 0 · chasing 0 · help 0 · switch/hedge 0 · drop 0 · offensive role Roll & Cut Big,F,,0.0,0.0,0.0,0,0,0,,0
Elmhurst Bluejays,VAGGELIS MITROPOULOS,Point of Attack,position only,guard; on-ball 0 · chasing 0 · help 0 · switch/hedge 0 · drop 0 · offensive role Secondary Ball Handler,G,,0.0,0.0,0.0,0,0,0,,0
Elmhurst Bluejays,OLIVER ADAMS,Anchor Big,position only,big; on-ball 0 · chasing 0 · help 0 · switch/hedge 0 · drop 0 · offensive role Roll & Cut Big,C,,0.0,0.0,0.0,0,0,0,,0
Elmhurst Bluejays,JAIDEN MALICHI,Mobile Big,position only,big; on-ball 0 · chasing 0 · help 0 · switch/hedge 0 · drop 0 · offensive role Roll & Cut Big,F,,0.0,0.0,0.0,0,0,0,,0
Eureka Red Devils,Amare Brokemond,Low Activity,play-by-play only,guard; on-ball 0 · chasing 0 · help 0 · switch/hedge 0 · drop 0 · 0.0 steals+blocks a game (1 games) · offensive role Athletic Finisher,G,,0.0,0.0,0.0,0,0,0,0.0,1
Eureka Red Devils,Andrew Coker,Low Activity,play-by-play only,wing; on-ball 0 · chasing 0 · help 0 · switch/hedge 0 · drop 0 · 0.0 steals+blocks a game (1 games) · offensive role Athletic Finisher,F,,0.0,0.0,0.0,0,0,0,0.0,1
Eureka Red Devils,Andrew Wells,Anchor Big,play-by-play only,big; on-ball 0 · chasing 0 · help 0 · switch/hedge 0 · drop 0 · 0.0 steals+blocks a game (1 games) · offensive role Roll & Cut Big,C,,0.0,0.0,0.0,0,0,0,0.0,1
Eureka Red Devils,Ben Carter,Helper,play-by-play only,wing; on-ball 0 · chasing 0 · help 0 · switch/hedge 0 · drop 0 · 2.0 steals+blocks a game (1 games) · offensive role Stationary Shooter,G/F,,0.0,0.0,0.0,0,0,0,2.0,1
Eureka Red Devils,Blake Logsdon,Low Activity,play-by-play only,guard; on-ball 0 · chasing 0 · help 0 · switch/hedge 0 · drop 0 · 0.0 steals+blocks a game (1 games) · offensive role Stationary Shooter,G,,0.0,0.0,0.0,0,0,0,0.0,1
Eureka Red Devils,Colin DeLaere,Low Activity,play-by-play only,wing; on-ball 0 · chasing 0 · help 0 · switch/hedge 0 · drop 0 · 0.0 steals+blocks a game (1 games) · offensive role Stationary Shooter,F,,0.0,0.0,0.0,0,0,0,0.0,1
Eureka Red Devils,Damuzha Moore,Mobile Big,play-by-play only,big; on-ball 0 · chasing 0 · help 0 · switch/hedge 0 · drop 0 · 0.0 steals+blocks a game (1 games) · offensive role Roll & Cut Big,F,,0.0,0.0,0.0,0,0,0,0.0,1
Eureka Red Devils,Dylan Logsdon,Low Activity,play-by-play only,wing; on-ball 0 · chasing 0 · help 0 · switch/hedge 0 · drop 0 · 0.0 steals+blocks a game (1 games) · offensive role Stationary Shooter,G/F,,0.0,0.0,0.0,0,0,0,0.0,1
Eureka Red Devils,Eureka,Low Activity,play-by-play only,guard; on-ball 0 · chasing 0 · help 0 · switch/hedge 0 · drop 0 · 0.0 steals+blocks a game (1 games),,,0.0,0.0,0.0,0,0,0,0.0,1
Eureka Red Devils,Jacob Gonzalez,Point of Attack,play-by-play only,guard; on-ball 0 · chasing 0 · help 0 · switch/hedge 0 · drop 0 · 1.0 steals+blocks a game (1 games) · offensive role Primary Ball Handler,G,,0.0,0.0,0.0,0,0,0,1.0,1
Eureka Red Devils,Jaxson Provost,Point of Attack,play-by-play only,guard; on-ball 0 · chasing 0 · help 0 · switch/hedge 0 · drop 0 · 1.0 steals+blocks a game (1 games) · offensive role Movement Shooter,G,,0.0,0.0,0.0,0,0,0,1.0,1
Eureka Red Devils,Joel Ewald,Low Activity,play-by-play only,guard; on-ball 0 · chasing 0 · help 0 · switch/hedge 0 · drop 0 · 0.0 steals+blocks a game (1 games) · offensive role Stationary Shooter,G,,0.0,0.0,0.0,0,0,0,0.0,1
Eureka Red Devils,Jonah Lauff,Low Activity,play-by-play only,wing; on-ball 0 · chasing 0 · help 0 · switch/hedge 0 · drop 0 · 0.0 steals+blocks a game (1 games) · offensive role Stationary Shooter,F,,0.0,0.0,0.0,0,0,0,0.0,1
Eureka Red Devils,Max Richardson,Low Activity,play-by-play only,wing; on-ball 0 · chasing 0 · help 0 · switch/hedge 0 · drop 0 · 0.0 steals+blocks a game (1 games) · offensive role Stationary Shooter,F,,0.0,0.0,0.0,0,0,0,0.0,1
Eureka Red Devils,Micah Bruer,Helper,play-by-play only,guard; on-ball 0 · chasing 0 · help 0 · switch/hedge 0 · drop 0 · 2.0 steals+blocks a game (1 games) · offensive role Primary Ball Handler,G,,0.0,0.0,0.0,0,0,0,2.0,1
Eureka Red Devils,Mussie Hayelom,Low Activity,play-by-play only,wing; on-ball 0 · chasing 0 · help 0 · switch/hedge 0 · drop 0 · 0.0 steals+blocks a game (1 games) · offensive role Stationary Shooter,G/F,,0.0,0.0,0.0,0,0,0,0.0,1
Eureka Red Devils,Nicholaus Harris-Huntley,Low Activity,play-by-play only,wing; on-ball 0 · chasing 0 · help 0 · switch/hedge 0 · drop 0 · 0.0 steals+blocks a game (1 games) · offensive role Stationary Shooter,F,,0.0,0.0,0.0,0,0,0,0.0,1
Eureka Red Devils,Nolan Kerr,Mobile Big,play-by-play only,big; on-ball 0 · chasing 0 · help 0 · switch/hedge 0 · drop 0 · 0.0 steals+blocks a game (1 games) · offensive role Roll & Cut Big,,,0.0,0.0,0.0,0,0,0,0.0,1
Eureka Red Devils,Zachy Qader,Low Activity,play-by-play only,guard; on-ball 0 · chasing 0 · help 0 · switch/hedge 0 · drop 0 · 0.0 steals+blocks a game (1 games) · offensive role Slasher,G,,0.0,0.0,0.0,0,0,0,0.0,1
Eureka Red Devils,AJ WELLS,Anchor Big,position only,big; on-ball 0 · chasing 0 · help 0 · switch/hedge 0 · drop 0 · offensive role Roll & Cut Big,C,,0.0,0.0,0.0,0,0,0,,0
Eureka Red Devils,ANDRE LEWIS,Point of Attack,position only,guard; on-ball 0 · chasing 0 · help 0 · switch/hedge 0 · drop 0 · offensive role Secondary Ball Handler,G,,0.0,0.0,0.0,0,0,0,,0
Eureka Red Devils,CADEN LATTA,Mobile Big,position only,big; on-ball 0 · chasing 0 · help 0 · switch/hedge 0 · drop 0 · offensive role Roll & Cut Big,F,,0.0,0.0,0.0,0,0,0,,0
Eureka Red Devils,BRANDON WEISS,Point of Attack,position only,guard; on-ball 0 · chasing 0 · help 0 · switch/hedge 0 · drop 0 · offensive role Secondary Ball Handler,G,,0.0,0.0,0.0,0,0,0,,0
Eureka Red Devils,SANTINO RUMA,Mobile Big,position only,big; on-ball 0 · chasing 0 · help 0 · switch/hedge 0 · drop 0 · offensive role Roll & Cut Big,F,,0.0,0.0,0.0,0,0,0,,0
Eureka Red Devils,NOLAN THIER,Point of Attack,position only,guard; on-ball 0 · chasing 0 · help 0 · switch/hedge 0 · drop 0 · offensive role Secondary Ball Handler,G,,0.0,0.0,0.0,0,0,0,,0
Eureka Red Devils,TONY MABON,Mobile Big,position only,big; on-ball 0 · chasing 0 · help 0 · switch/hedge 0 · drop 0 · offensive role Roll & Cut Big,F,,0.0,0.0,0.0,0,0,0,,0
Eureka Red Devils,UNDRELL ALEXANDER,Point of Attack,position only,guard; on-ball 0 · chasing 0 · help 0 · switch/hedge 0 · drop 0 · offensive role Secondary Ball Handler,G,,0.0,0.0,0.0,0,0,0,,0
Eureka Red Devils,TRAVIS COREY,Point of Attack,position only,guard; on-ball 0 · chasing 0 · help 0 · switch/hedge 0 · drop 0 · offensive role Secondary Ball Handler,G,,0.0,0.0,0.0,0,0,0,,0
Eureka Red Devils,BRENNAN EDENS,Point of Attack,position only,guard; on-ball 0 · chasing 0 · help 0 · switch/hedge 0 · drop 0 · offensive role Secondary Ball Handler,G,,0.0,0.0,0.0,0,0,0,,0
Eureka Red Devils,BRADY JUNK,Anchor Big,position only,big; on-ball 0 · chasing 0 · help 0 · switch/hedge 0 · drop 0 · offensive role Roll & Cut Big,C,,0.0,0.0,0.0,0,0,0,,0
Eureka Red Devils,KRISTOFFER COLLINS-BROWN,Point of Attack,position only,guard; on-ball 0 · chasing 0 · help 0 · switch/hedge 0 · drop 0 · offensive role Secondary Ball Handler,G,,0.0,0.0,0.0,0,0,0,,0
Eureka Red Devils,TUCKER RAHN,Point of Attack,position only,guard; on-ball 0 · chasing 0 · help 0 · switch/hedge 0 · drop 0 · offensive role Secondary Ball Handler,G,,0.0,0.0,0.0,0,0,0,,0
Eureka Red Devils,KYLE ROBISON,Point of Attack,position only,guard; on-ball 0 · chasing 0 · help 0 · switch/hedge 0 · drop 0 · offensive role Secondary Ball Handler,G,,0.0,0.0,0.0,0,0,0,,0
Hardin-Simmons Cowboys,Andrew Messenger,Low Activity,play-by-play only,guard; on-ball 0 · chasing 0 · help 0 · switch/hedge 0 · drop 0 · 0.0 steals+blocks a game (1 games) · offensive role Slasher,,,0.0,0.0,0.0,0,0,0,0.0,1
Hardin-Simmons Cowboys,Asher Fleming,Anchor Big,play-by-play only,big; on-ball 0 · chasing 0 · help 0 · switch/hedge 0 · drop 0 · 1.0 steals+blocks a game (1 games) · offensive role Post Scorer,,,0.0,0.0,0.0,0,0,0,1.0,1
Hardin-Simmons Cowboys,Chris Bryant,Anchor Big,play-by-play only,big; on-ball 0 · chasing 0 · help 0 · switch/hedge 0 · drop 0 · 2.0 steals+blocks a game (1 games) · offensive role Roll & Cut Big,,,0.0,0.0,0.0,0,0,0,2.0,1
Hardin-Simmons Cowboys,DJ Jones,Low Activity,play-by-play only,guard; on-ball 0 · chasing 0 · help 0 · switch/hedge 0 · drop 0 · 0.0 steals+blocks a game (1 games) · offensive role Stationary Shooter,,,0.0,0.0,0.0,0,0,0,0.0,1
Hardin-Simmons Cowboys,Gavin Davis,Low Activity,play-by-play only,guard; on-ball 0 · chasing 0 · help 0 · switch/hedge 0 · drop 0 · 0.0 steals+blocks a game (1 games) · offensive role Stationary Shooter,,,0.0,0.0,0.0,0,0,0,0.0,1
Hardin-Simmons Cowboys,Hardin-Simmons,Low Activity,play-by-play only,guard; on-ball 0 · chasing 0 · help 0 · switch/hedge 0 · drop 0 · 0.0 steals+blocks a game (1 games),,,0.0,0.0,0.0,0,0,0,0.0,1
Hardin-Simmons Cowboys,Jamar Ingram,Low Activity,play-by-play only,guard; on-ball 0 · chasing 0 · help 0 · switch/hedge 0 · drop 0 · 0.0 steals+blocks a game (1 games) · offensive role Slasher,,,0.0,0.0,0.0,0,0,0,0.0,1
Hardin-Simmons Cowboys,Jared Cox,Low Activity,play-by-play only,guard; on-ball 0 · chasing 0 · help 0 · switch/hedge 0 · drop 0 · 0.0 steals+blocks a game (1 games),,,0.0,0.0,0.0,0,0,0,0.0,1
Hardin-Simmons Cowboys,Matthew Alexander,Point of Attack,play-by-play only,guard; on-ball 0 · chasing 0 · help 0 · switch/hedge 0 · drop 0 · 1.0 steals+blocks a game (1 games) · offensive role Primary Ball Handler,,,0.0,0.0,0.0,0,0,0,1.0,1
Hardin-Simmons Cowboys,Myles Amason,Anchor Big,play-by-play only,big; on-ball 0 · chasing 0 · help 0 · switch/hedge 0 · drop 0 · 1.0 steals+blocks a game (1 games) · offensive role Roll & Cut Big,,,0.0,0.0,0.0,0,0,0,1.0,1
Hardin-Simmons Cowboys,Noah Lamey,Low Activity,play-by-play only,guard; on-ball 0 · chasing 0 · help 0 · switch/hedge 0 · drop 0 · 0.0 steals+blocks a game (1 games),,,0.0,0.0,0.0,0,0,0,0.0,1
Hardin-Simmons Cowboys,Trevion Howell,Low Activity,play-by-play only,guard; on-ball 0 · chasing 0 · help 0 · switch/hedge 0 · drop 0 · 0.0 steals+blocks a game (1 games) · offensive role Stationary Shooter,,,0.0,0.0,0.0,0,0,0,0.0,1
Hardin-Simmons Cowboys,Tyler Williams,Point of Attack,play-by-play only,guard; on-ball 0 · chasing 0 · help 0 · switch/hedge 0 · drop 0 · 1.0 steals+blocks a game (1 games) · offensive role Slasher,,,0.0,0.0,0.0,0,0,0,1.0,1
Hope Flying Dutchmen,Avery Sanchez,Low Activity,play-by-play only,guard; on-ball 0 · chasing 0 · help 0 · switch/hedge 0 · drop 0 · 0.0 steals+blocks a game (1 games) · offensive role Athletic Finisher,G,,0.0,0.0,0.0,0,0,0,0.0,1
Hope Flying Dutchmen,Brady Miller,Low Activity,play-by-play only,guard; on-ball 0 · chasing 0 · help 0 · switch/hedge 0 · drop 0 · 0.0 steals+blocks a game (1 games) · offensive role Athletic Finisher,G,,0.0,0.0,0.0,0,0,0,0.0,1
Hope Flying Dutchmen,Brendan Cargill,Point of Attack,play-by-play only,guard; on-ball 0 · chasing 0 · help 0 · switch/hedge 0 · drop 0 · 1.0 steals+blocks a game (1 games) · offensive role Movement Shooter,G,,0.0,0.0,0.0,0,0,0,1.0,1
Hope Flying Dutchmen,Carter Bishop,Low Activity,play-by-play only,guard; on-ball 0 · chasing 0 · help 0 · switch/hedge 0 · drop 0 · 0.0 steals+blocks a game (1 games) · offensive role Athletic Finisher,G,,0.0,0.0,0.0,0,0,0,0.0,1
Hope Flying Dutchmen,Charles Howell,Anchor Big,play-by-play only,big; on-ball 0 · chasing 0 · help 0 · switch/hedge 0 · drop 0 · 1.0 steals+blocks a game (1 games) · offensive role Roll & Cut Big,F,,0.0,0.0,0.0,0,0,0,1.0,1
Hope Flying Dutchmen,Hope,Low Activity,play-by-play only,guard; on-ball 0 · chasing 0 · help 0 · switch/hedge 0 · drop 0 · 0.0 steals+blocks a game (1 games),,,0.0,0.0,0.0,0,0,0,0.0,1
Hope Flying Dutchmen,Jared Ryg,Point of Attack,play-by-play only,guard; on-ball 0 · chasing 0 · help 0 · switch/hedge 0 · drop 0 · 1.0 steals+blocks a game (1 games) · offensive role Slasher,G,,0.0,0.0,0.0,0,0,0,1.0,1
Hope Flying Dutchmen,Justice Mims,Low Activity,play-by-play only,guard; on-ball 0 · chasing 0 · help 0 · switch/hedge 0 · drop 0 · 0.0 steals+blocks a game (1 games) · offensive role Athletic Finisher,G,,0.0,0.0,0.0,0,0,0,0.0,1
Hope Flying Dutchmen,Kyle Blauch,Mobile Big,play-by-play only,big; on-ball 0 · chasing 0 · help 0 · switch/hedge 0 · drop 0 · 0.0 steals+blocks a game (1 games) · offensive role Roll & Cut Big,F,,0.0,0.0,0.0,0,0,0,0.0,1
Hope Flying Dutchmen,Marcus Wourman,Point of Attack,play-by-play only,guard; on-ball 0 · chasing 0 · help 0 · switch/hedge 0 · drop 0 · 1.0 steals+blocks a game (1 games) · offensive role Primary Ball Handler,G,,0.0,0.0,0.0,0,0,0,1.0,1
Hope Flying Dutchmen,Orion Yant,Helper,play-by-play only,wing; on-ball 0 · chasing 0 · help 0 · switch/hedge 0 · drop 0 · 6.0 steals+blocks a game (1 games) · offensive role Slasher,F,,0.0,0.0,0.0,0,0,0,6.0,1
Hope Flying Dutchmen,Parker Hovey,Helper,play-by-play only,wing; on-ball 0 · chasing 0 · help 0 · switch/hedge 0 · drop 0 · 3.0 steals+blocks a game (1 games) · offensive role Stationary Shooter,F,,0.0,0.0,0.0,0,0,0,3.0,1
Hope Flying Dutchmen,Simon Neuhaus,Wing Stopper,play-by-play only,wing; on-ball 0 · chasing 0 · help 0 · switch/hedge 0 · drop 0 · 1.0 steals+blocks a game (1 games) · offensive role Stationary Shooter,F,,0.0,0.0,0.0,0,0,0,1.0,1
Hope Flying Dutchmen,JUSTIN FISHER,Point of Attack,position only,guard; on-ball 0 · chasing 0 · help 0 · switch/hedge 0 · drop 0 · offensive role Secondary Ball Handler,G,,0.0,0.0,0.0,0,0,0,,0
Hope Flying Dutchmen,BRETT BULTSMA,Mobile Big,position only,big; on-ball 0 · chasing 0 · help 0 · switch/hedge 0 · drop 0 · offensive role Roll & Cut Big,F,,0.0,0.0,0.0,0,0,0,,0
Hope Flying Dutchmen,SAM CARLSON,Point of Attack,position only,guard; on-ball 0 · chasing 0 · help 0 · switch/hedge 0 · drop 0 · offensive role Secondary Ball Handler,G,,0.0,0.0,0.0,0,0,0,,0
Hope Flying Dutchmen,DEVEN MARATHE,Point of Attack,position only,guard; on-ball 0 · chasing 0 · help 0 · switch/hedge 0 · drop 0 · offensive role Secondary Ball Handler,G,,0.0,0.0,0.0,0,0,0,,0
Hope Flying Dutchmen,NEIL IHME,Mobile Big,position only,big; on-ball 0 · chasing 0 · help 0 · switch/hedge 0 · drop 0 · offensive role Roll & Cut Big,F,,0.0,0.0,0.0,0,0,0,,0
Hope Flying Dutchmen,CARSON SANDERS,Point of Attack,position only,guard; on-ball 0 · chasing 0 · help 0 · switch/hedge 0 · drop 0 · offensive role Secondary Ball Handler,G,,0.0,0.0,0.0,0,0,0,,0
Hope Flying Dutchmen,SEAN WESOLEK,Anchor Big,position only,big; on-ball 0 · chasing 0 · help 0 · switch/hedge 0 · drop 0 · offensive role Roll & Cut Big,F/C,,0.0,0.0,0.0,0,0,0,,0
Lakeland Muskies,Adison Mittelstadt,Low Activity,play-by-play only,guard; on-ball 0 · chasing 0 · help 0 · switch/hedge 0 · drop 0 · 0.0 steals+blocks a game (1 games) · offensive role Stationary Shooter,,,0.0,0.0,0.0,0,0,0,0.0,1
Lakeland Muskies,Asanjai Hunter,Low Activity,play-by-play only,guard; on-ball 0 · chasing 0 · help 0 · switch/hedge 0 · drop 0 · 0.0 steals+blocks a game (1 games) · offensive role Primary Ball Handler,,,0.0,0.0,0.0,0,0,0,0.0,1
Lakeland Muskies,Austin Hohn,Low Activity,play-by-play only,guard; on-ball 0 · chasing 0 · help 0 · switch/hedge 0 · drop 0 · 0.0 steals+blocks a game (1 games),,,0.0,0.0,0.0,0,0,0,0.0,1
Lakeland Muskies,Camden Schurk,Low Activity,play-by-play only,guard; on-ball 0 · chasing 0 · help 0 · switch/hedge 0 · drop 0 · 0.0 steals+blocks a game (1 games),,,0.0,0.0,0.0,0,0,0,0.0,1
Lakeland Muskies,Delon Zollicoffer-White,Helper,play-by-play only,guard; on-ball 0 · chasing 0 · help 0 · switch/hedge 0 · drop 0 · 3.0 steals+blocks a game (1 games) · offensive role Athletic Finisher,,,0.0,0.0,0.0,0,0,0,3.0,1
Lakeland Muskies,Emmitt Konieczny,Low Activity,play-by-play only,guard; on-ball 0 · chasing 0 · help 0 · switch/hedge 0 · drop 0 · 0.0 steals+blocks a game (1 games) · offensive role Stationary Shooter,,,0.0,0.0,0.0,0,0,0,0.0,1
Lakeland Muskies,Gage Cornell,Low Activity,play-by-play only,guard; on-ball 0 · chasing 0 · help 0 · switch/hedge 0 · drop 0 · 0.0 steals+blocks a game (1 games) · offensive role Stationary Shooter,,,0.0,0.0,0.0,0,0,0,0.0,1
Lakeland Muskies,Jamar Lampley Jr.,Low Activity,play-by-play only,guard; on-ball 0 · chasing 0 · help 0 · switch/hedge 0 · drop 0 · 0.0 steals+blocks a game (1 games),,,0.0,0.0,0.0,0,0,0,0.0,1
Lakeland Muskies,Jaxson Dillon,Point of Attack,play-by-play only,guard; on-ball 0 · chasing 0 · help 0 · switch/hedge 0 · drop 0 · 1.0 steals+blocks a game (1 games) · offensive role Off Screen Shooter,,,0.0,0.0,0.0,0,0,0,1.0,1
Lakeland Muskies,Lakeland,Low Activity,play-by-play only,guard; on-ball 0 · chasing 0 · help 0 · switch/hedge 0 · drop 0 · 0.0 steals+blocks a game (1 games),,,0.0,0.0,0.0,0,0,0,0.0,1
Lakeland Muskies,Max Justic,Point of Attack,play-by-play only,guard; on-ball 0 · chasing 0 · help 0 · switch/hedge 0 · drop 0 · 1.0 steals+blocks a game (1 games) · offensive role Stationary Shooter,,,0.0,0.0,0.0,0,0,0,1.0,1
Lakeland Muskies,Parker Braun,Helper,play-by-play only,guard; on-ball 0 · chasing 0 · help 0 · switch/hedge 0 · drop 0 · 4.0 steals+blocks a game (1 games) · offensive role Stationary Shooter,,,0.0,0.0,0.0,0,0,0,4.0,1
Lakeland Muskies,Peyton Mrotek,Point of Attack,play-by-play only,guard; on-ball 0 · chasing 0 · help 0 · switch/hedge 0 · drop 0 · 1.0 steals+blocks a game (1 games) · offensive role Stationary Shooter,,,0.0,0.0,0.0,0,0,0,1.0,1
Lakeland Muskies,RJ Hines Jr.,Low Activity,play-by-play only,guard; on-ball 0 · chasing 0 · help 0 · switch/hedge 0 · drop 0 · 0.0 steals+blocks a game (1 games) · offensive role Slasher,,,0.0,0.0,0.0,0,0,0,0.0,1
Lawrence Vikings,CJ Campbell,Wing Stopper,play-by-play only,wing; on-ball 0 · chasing 0 · help 0 · switch/hedge 0 · drop 0 · 1.0 steals+blocks a game (1 games) · offensive role Movement Shooter,F,,0.0,0.0,0.0,0,0,0,1.0,1
Lawrence Vikings,Caleb Nash,Low Activity,play-by-play only,guard; on-ball 0 · chasing 0 · help 0 · switch/hedge 0 · drop 0 · 0.0 steals+blocks a game (1 games) · offensive role Athletic Finisher,G,,0.0,0.0,0.0,0,0,0,0.0,1
Lawrence Vikings,Cameron Nash,Low Activity,play-by-play only,guard; on-ball 0 · chasing 0 · help 0 · switch/hedge 0 · drop 0 · 0.0 steals+blocks a game (1 games) · offensive role Stationary Shooter,G,,0.0,0.0,0.0,0,0,0,0.0,1
Lawrence Vikings,Casey Schoenecker,Anchor Big,play-by-play only,big; on-ball 0 · chasing 0 · help 0 · switch/hedge 0 · drop 0 · 3.0 steals+blocks a game (1 games) · offensive role Post Scorer,F,,0.0,0.0,0.0,0,0,0,3.0,1
Lawrence Vikings,Damian Cejka,Low Activity,play-by-play only,guard; on-ball 0 · chasing 0 · help 0 · switch/hedge 0 · drop 0 · 0.0 steals+blocks a game (1 games) · offensive role Athletic Finisher,G,,0.0,0.0,0.0,0,0,0,0.0,1
Lawrence Vikings,Hogan Demovsky,Low Activity,play-by-play only,guard; on-ball 0 · chasing 0 · help 0 · switch/hedge 0 · drop 0 · 0.0 steals+blocks a game (1 games) · offensive role Stationary Shooter,G,,0.0,0.0,0.0,0,0,0,0.0,1
Lawrence Vikings,Jackson Weber,Low Activity,play-by-play only,guard; on-ball 0 · chasing 0 · help 0 · switch/hedge 0 · drop 0 · 0.0 steals+blocks a game (1 games) · offensive role Athletic Finisher,G,,0.0,0.0,0.0,0,0,0,0.0,1
Lawrence Vikings,Joe Whitfill,Low Activity,play-by-play only,guard; on-ball 0 · chasing 0 · help 0 · switch/hedge 0 · drop 0 · 0.0 steals+blocks a game (1 games) · offensive role Secondary Ball Handler,G,,0.0,0.0,0.0,0,0,0,0.0,1
Lawrence Vikings,Landon Key,Low Activity,play-by-play only,wing; on-ball 0 · chasing 0 · help 0 · switch/hedge 0 · drop 0 · 0.0 steals+blocks a game (1 games) · offensive role Slasher,F,,0.0,0.0,0.0,0,0,0,0.0,1
Lawrence Vikings,Lawrence,Low Activity,play-by-play only,guard; on-ball 0 · chasing 0 · help 0 · switch/hedge 0 · drop 0 · 0.0 steals+blocks a game (1 games),,,0.0,0.0,0.0,0,0,0,0.0,1
Lawrence Vikings,Matai Edgecombe,Wing Stopper,play-by-play only,wing; on-ball 0 · chasing 0 · help 0 · switch/hedge 0 · drop 0 · 1.0 steals+blocks a game (1 games) · offensive role Stationary Shooter,F,,0.0,0.0,0.0,0,0,0,1.0,1
Lawrence Vikings,Nathan Valentine,Low Activity,play-by-play only,guard; on-ball 0 · chasing 0 · help 0 · switch/hedge 0 · drop 0 · 0.0 steals+blocks a game (1 games) · offensive role Stationary Shooter,G,,0.0,0.0,0.0,0,0,0,0.0,1
Lawrence Vikings,Nicholas Gouriotis,Anchor Big,play-by-play only,big; on-ball 0 · chasing 0 · help 0 · switch/hedge 0 · drop 0 · 3.0 steals+blocks a game (1 games) · offensive role Versatile Big,F,,0.0,0.0,0.0,0,0,0,3.0,1
Lawrence Vikings,Nicolas Manzanera,Low Activity,play-by-play only,guard; on-ball 0 · chasing 0 · help 0 · switch/hedge 0 · drop 0 · 0.0 steals+blocks a game (1 games) · offensive role Slasher,G,,0.0,0.0,0.0,0,0,0,0.0,1
Lawrence Vikings,Noah Portalatin,Low Activity,play-by-play only,guard; on-ball 0 · chasing 0 · help 0 · switch/hedge 0 · drop 0 · 0.0 steals+blocks a game (1 games) · offensive role Secondary Ball Handler,G,,0.0,0.0,0.0,0,0,0,0.0,1
Lawrence Vikings,Nolan Koch,Mobile Big,play-by-play only,big; on-ball 0 · chasing 0 · help 0 · switch/hedge 0 · drop 0 · 1.0 steals+blocks a game (1 games) · offensive role Roll & Cut Big,F,,0.0,0.0,0.0,0,0,0,1.0,1
Lawrence Vikings,Robert Olive,Low Activity,play-by-play only,wing; on-ball 0 · chasing 0 · help 0 · switch/hedge 0 · drop 0 · 0.0 steals+blocks a game (1 games) · offensive role Stationary Shooter,F,,0.0,0.0,0.0,0,0,0,0.0,1
Lawrence Vikings,JULIAN MARTINEZ,Point of Attack,position only,guard; on-ball 0 · chasing 0 · help 0 · switch/hedge 0 · drop 0 · offensive role Secondary Ball Handler,G,,0.0,0.0,0.0,0,0,0,,0
Lawrence Vikings,ANDREW HINTERSTOCKER,Point of Attack,position only,guard; on-ball 0 · chasing 0 · help 0 · switch/hedge 0 · drop 0 · offensive role Secondary Ball Handler,G,,0.0,0.0,0.0,0,0,0,,0
Lawrence Vikings,MANU REDAH,Point of Attack,position only,guard; on-ball 0 · chasing 0 · help 0 · switch/hedge 0 · drop 0 · offensive role Secondary Ball Handler,G,,0.0,0.0,0.0,0,0,0,,0
Lawrence Vikings,HENRY JENSEN,Mobile Big,position only,big; on-ball 0 · chasing 0 · help 0 · switch/hedge 0 · drop 0 · offensive role Roll & Cut Big,F,,0.0,0.0,0.0,0,0,0,,0
MSOE Raiders,Brady Gregg,Low Activity,play-by-play only,guard; on-ball 0 · chasing 0 · help 0 · switch/hedge 0 · drop 0 · 0.0 steals+blocks a game (1 games) · offensive role Slasher,,,0.0,0.0,0.0,0,0,0,0.0,1
MSOE Raiders,Brock Adams,Low Activity,play-by-play only,guard; on-ball 0 · chasing 0 · help 0 · switch/hedge 0 · drop 0 · 0.0 steals+blocks a game (1 games),,,0.0,0.0,0.0,0,0,0,0.0,1
MSOE Raiders,CJ Valente,Mobile Big,play-by-play only,big; on-ball 0 · chasing 0 · help 0 · switch/hedge 0 · drop 0 · 0.0 steals+blocks a game (1 games) · offensive role Post Scorer,,,0.0,0.0,0.0,0,0,0,0.0,1
MSOE Raiders,Carson Cordelli,Point of Attack,play-by-play only,guard; on-ball 0 · chasing 0 · help 0 · switch/hedge 0 · drop 0 · 1.0 steals+blocks a game (1 games) · offensive role Athletic Finisher,,,0.0,0.0,0.0,0,0,0,1.0,1
MSOE Raiders,Chad Coplin,Low Activity,play-by-play only,guard; on-ball 0 · chasing 0 · help 0 · switch/hedge 0 · drop 0 · 0.0 steals+blocks a game (1 games) · offensive role Slasher,,,0.0,0.0,0.0,0,0,0,0.0,1
MSOE Raiders,Chase Cummings,Low Activity,play-by-play only,guard; on-ball 0 · chasing 0 · help 0 · switch/hedge 0 · drop 0 · 0.0 steals+blocks a game (1 games) · offensive role Stationary Shooter,,,0.0,0.0,0.0,0,0,0,0.0,1
MSOE Raiders,Daniel Franklin IV,Low Activity,play-by-play only,guard; on-ball 0 · chasing 0 · help 0 · switch/hedge 0 · drop 0 · 0.0 steals+blocks a game (1 games) · offensive role Stationary Shooter,,,0.0,0.0,0.0,0,0,0,0.0,1
MSOE Raiders,Dubem Igwilo,Low Activity,play-by-play only,guard; on-ball 0 · chasing 0 · help 0 · switch/hedge 0 · drop 0 · 0.0 steals+blocks a game (1 games),,,0.0,0.0,0.0,0,0,0,0.0,1
MSOE Raiders,Isaac Wit,Low Activity,play-by-play only,guard; on-ball 0 · chasing 0 · help 0 · switch/hedge 0 · drop 0 · 0.0 steals+blocks a game (1 games) · offensive role Stationary Shooter,,,0.0,0.0,0.0,0,0,0,0.0,1
MSOE Raiders,Jace Paul,Low Activity,play-by-play only,guard; on-ball 0 · chasing 0 · help 0 · switch/hedge 0 · drop 0 · 0.0 steals+blocks a game (1 games),,,0.0,0.0,0.0,0,0,0,0.0,1
MSOE Raiders,Joey Jendusa,Helper,play-by-play only,guard; on-ball 0 · chasing 0 · help 0 · switch/hedge 0 · drop 0 · 2.0 steals+blocks a game (1 games) · offensive role Slasher,,,0.0,0.0,0.0,0,0,0,2.0,1
MSOE Raiders,Jonathan Burroughs,Point of Attack,play-by-play only,guard; on-ball 0 · chasing 0 · help 0 · switch/hedge 0 · drop 0 · 1.0 steals+blocks a game (1 games) · offensive role Primary Ball Handler,,,0.0,0.0,0.0,0,0,0,1.0,1
MSOE Raiders,Kolby Henderlong,Point of Attack,play-by-play only,guard; on-ball 0 · chasing 0 · help 0 · switch/hedge 0 · drop 0 · 1.0 steals+blocks a game (1 games) · offensive role Stationary Shooter,,,0.0,0.0,0.0,0,0,0,1.0,1
MSOE Raiders,MSOE,Low Activity,play-by-play only,guard; on-ball 0 · chasing 0 · help 0 · switch/hedge 0 · drop 0 · 0.0 steals+blocks a game (1 games),,,0.0,0.0,0.0,0,0,0,0.0,1
MSOE Raiders,Mason Accidentale,Low Activity,play-by-play only,guard; on-ball 0 · chasing 0 · help 0 · switch/hedge 0 · drop 0 · 0.0 steals+blocks a game (1 games),,,0.0,0.0,0.0,0,0,0,0.0,1
MSOE Raiders,Matus Dopirak,Low Activity,play-by-play only,guard; on-ball 0 · chasing 0 · help 0 · switch/hedge 0 · drop 0 · 0.0 steals+blocks a game (1 games) · offensive role Slasher,,,0.0,0.0,0.0,0,0,0,0.0,1
MSOE Raiders,Quinn Rosenberg,Low Activity,play-by-play only,guard; on-ball 0 · chasing 0 · help 0 · switch/hedge 0 · drop 0 · 0.0 steals+blocks a game (1 games) · offensive role Stationary Shooter,,,0.0,0.0,0.0,0,0,0,0.0,1
Millikin Big Blue,Caden Nichols,Low Activity,play-by-play only,guard; on-ball 0 · chasing 0 · help 0 · switch/hedge 0 · drop 0 · 0.0 steals+blocks a game (1 games) · offensive role Stationary Shooter,,,0.0,0.0,0.0,0,0,0,0.0,1
Millikin Big Blue,Chris Ketchum,Mobile Big,play-by-play only,big; on-ball 0 · chasing 0 · help 0 · switch/hedge 0 · drop 0 · 1.0 steals+blocks a game (1 games) · offensive role Roll & Cut Big,,,0.0,0.0,0.0,0,0,0,1.0,1
Millikin Big Blue,Eli Stipp,Mobile Big,play-by-play only,big; on-ball 0 · chasing 0 · help 0 · switch/hedge 0 · drop 0 · 0.0 steals+blocks a game (1 games) · offensive role Roll & Cut Big,,,0.0,0.0,0.0,0,0,0,0.0,1
Millikin Big Blue,Ian Winkler,Point of Attack,play-by-play only,guard; on-ball 0 · chasing 0 · help 0 · switch/hedge 0 · drop 0 · 1.0 steals+blocks a game (1 games) · offensive role Primary Ball Handler,,,0.0,0.0,0.0,0,0,0,1.0,1
Millikin Big Blue,Jacob Bullock,Low Activity,play-by-play only,guard; on-ball 0 · chasing 0 · help 0 · switch/hedge 0 · drop 0 · 0.0 steals+blocks a game (1 games),,,0.0,0.0,0.0,0,0,0,0.0,1
Millikin Big Blue,Kobe Anderson,Point of Attack,play-by-play only,guard; on-ball 0 · chasing 0 · help 0 · switch/hedge 0 · drop 0 · 1.0 steals+blocks a game (1 games) · offensive role Slasher,,,0.0,0.0,0.0,0,0,0,1.0,1
Millikin Big Blue,Lane Thomann,Point of Attack,play-by-play only,guard; on-ball 0 · chasing 0 · help 0 · switch/hedge 0 · drop 0 · 1.0 steals+blocks a game (1 games) · offensive role Off Screen Shooter,,,0.0,0.0,0.0,0,0,0,1.0,1
Millikin Big Blue,McGrady Noyes,Helper,play-by-play only,guard; on-ball 0 · chasing 0 · help 0 · switch/hedge 0 · drop 0 · 2.0 steals+blocks a game (1 games) · offensive role Athletic Finisher,,,0.0,0.0,0.0,0,0,0,2.0,1
Millikin Big Blue,Millikin,Low Activity,play-by-play only,guard; on-ball 0 · chasing 0 · help 0 · switch/hedge 0 · drop 0 · 0.0 steals+blocks a game (1 games),,,0.0,0.0,0.0,0,0,0,0.0,1
Millikin Big Blue,Nate Straughter,Low Activity,play-by-play only,guard; on-ball 0 · chasing 0 · help 0 · switch/hedge 0 · drop 0 · 0.0 steals+blocks a game (1 games) · offensive role Off Screen Shooter,,,0.0,0.0,0.0,0,0,0,0.0,1
Millikin Big Blue,Pat Origliasso,Low Activity,play-by-play only,guard; on-ball 0 · chasing 0 · help 0 · switch/hedge 0 · drop 0 · 0.0 steals+blocks a game (1 games),,,0.0,0.0,0.0,0,0,0,0.0,1
Millikin Big Blue,Tionne Spates,Mobile Big,play-by-play only,big; on-ball 0 · chasing 0 · help 0 · switch/hedge 0 · drop 0 · 1.0 steals+blocks a game (1 games) · offensive role Roll & Cut Big,,,0.0,0.0,0.0,0,0,0,1.0,1
North Central (MN) Rams,Carmello McNeal,Helper,play-by-play only,guard; on-ball 0 · chasing 0 · help 0 · switch/hedge 0 · drop 0 · 6.0 steals+blocks a game (1 games) · offensive role Slasher,,,0.0,0.0,0.0,0,0,0,6.0,1
North Central (MN) Rams,Carrington McNeal,Helper,play-by-play only,guard; on-ball 0 · chasing 0 · help 0 · switch/hedge 0 · drop 0 · 6.0 steals+blocks a game (1 games) · offensive role Stationary Shooter,,,0.0,0.0,0.0,0,0,0,6.0,1
North Central (MN) Rams,Connor Yslas,Mobile Big,play-by-play only,big; on-ball 0 · chasing 0 · help 0 · switch/hedge 0 · drop 0 · 0.0 steals+blocks a game (1 games) · offensive role Roll & Cut Big,,,0.0,0.0,0.0,0,0,0,0.0,1
North Central (MN) Rams,Elijah Smith,Mobile Big,play-by-play only,big; on-ball 0 · chasing 0 · help 0 · switch/hedge 0 · drop 0 · 0.0 steals+blocks a game (1 games) · offensive role Roll & Cut Big,,,0.0,0.0,0.0,0,0,0,0.0,1
North Central (MN) Rams,Jacob Becher,Low Activity,play-by-play only,guard; on-ball 0 · chasing 0 · help 0 · switch/hedge 0 · drop 0 · 0.0 steals+blocks a game (1 games),,,0.0,0.0,0.0,0,0,0,0.0,1
North Central (MN) Rams,Jamisen Young,Low Activity,play-by-play only,guard; on-ball 0 · chasing 0 · help 0 · switch/hedge 0 · drop 0 · 0.0 steals+blocks a game (1 games) · offensive role Athletic Finisher,,,0.0,0.0,0.0,0,0,0,0.0,1
North Central (MN) Rams,Jaquan Adams,Low Activity,play-by-play only,guard; on-ball 0 · chasing 0 · help 0 · switch/hedge 0 · drop 0 · 0.0 steals+blocks a game (1 games) · offensive role Off Screen Shooter,,,0.0,0.0,0.0,0,0,0,0.0,1
North Central (MN) Rams,Jax Effertz,Low Activity,play-by-play only,guard; on-ball 0 · chasing 0 · help 0 · switch/hedge 0 · drop 0 · 0.0 steals+blocks a game (1 games) · offensive role Stationary Shooter,,,0.0,0.0,0.0,0,0,0,0.0,1
North Central (MN) Rams,Jayden Livingston,Low Activity,play-by-play only,guard; on-ball 0 · chasing 0 · help 0 · switch/hedge 0 · drop 0 · 0.0 steals+blocks a game (1 games) · offensive role Stationary Shooter,,,0.0,0.0,0.0,0,0,0,0.0,1
North Central (MN) Rams,Josh Hoffman,Low Activity,play-by-play only,guard; on-ball 0 · chasing 0 · help 0 · switch/hedge 0 · drop 0 · 0.0 steals+blocks a game (1 games) · offensive role Stationary Shooter,,,0.0,0.0,0.0,0,0,0,0.0,1
North Central (MN) Rams,North Central (MN),Low Activity,play-by-play only,guard; on-ball 0 · chasing 0 · help 0 · switch/hedge 0 · drop 0 · 0.0 steals+blocks a game (1 games),,,0.0,0.0,0.0,0,0,0,0.0,1
North Central (MN) Rams,Remy Wedgeworth-Brown,Low Activity,play-by-play only,guard; on-ball 0 · chasing 0 · help 0 · switch/hedge 0 · drop 0 · 0.0 steals+blocks a game (1 games) · offensive role Slasher,,,0.0,0.0,0.0,0,0,0,0.0,1
North Park Vikings,Dylan Fuzak,Low Activity,play-by-play only,guard; on-ball 0 · chasing 0 · help 0 · switch/hedge 0 · drop 0 · 0.0 steals+blocks a game (1 games),,,0.0,0.0,0.0,0,0,0,0.0,1
North Park Vikings,Harrison Long,Low Activity,play-by-play only,guard; on-ball 0 · chasing 0 · help 0 · switch/hedge 0 · drop 0 · 0.0 steals+blocks a game (1 games) · offensive role Stationary Shooter,,,0.0,0.0,0.0,0,0,0,0.0,1
North Park Vikings,Jalen Houston,Low Activity,play-by-play only,guard; on-ball 0 · chasing 0 · help 0 · switch/hedge 0 · drop 0 · 0.0 steals+blocks a game (1 games) · offensive role Off Screen Shooter,,,0.0,0.0,0.0,0,0,0,0.0,1
North Park Vikings,"Jerome Smith, Jr.",Low Activity,play-by-play only,guard; on-ball 0 · chasing 0 · help 0 · switch/hedge 0 · drop 0 · 0.0 steals+blocks a game (1 games) · offensive role Stationary Shooter,,,0.0,0.0,0.0,0,0,0,0.0,1
North Park Vikings,Julian Campbell,Anchor Big,play-by-play only,big; on-ball 0 · chasing 0 · help 0 · switch/hedge 0 · drop 0 · 1.0 steals+blocks a game (1 games) · offensive role Versatile Big,,,0.0,0.0,0.0,0,0,0,1.0,1
North Park Vikings,Kolden Vanlandingham,Helper,play-by-play only,guard; on-ball 0 · chasing 0 · help 0 · switch/hedge 0 · drop 0 · 2.0 steals+blocks a game (1 games) · offensive role Primary Ball Handler,,,0.0,0.0,0.0,0,0,0,2.0,1
North Park Vikings,Lazario Cornish,Helper,play-by-play only,guard; on-ball 0 · chasing 0 · help 0 · switch/hedge 0 · drop 0 · 2.0 steals+blocks a game (1 games) · offensive role Athletic Finisher,,,0.0,0.0,0.0,0,0,0,2.0,1
North Park Vikings,Marquis Vance,Low Activity,play-by-play only,guard; on-ball 0 · chasing 0 · help 0 · switch/hedge 0 · drop 0 · 0.0 steals+blocks a game (1 games) · offensive role Stationary Shooter,,,0.0,0.0,0.0,0,0,0,0.0,1
North Park Vikings,Mike Vuckovic,Point of Attack,play-by-play only,guard; on-ball 0 · chasing 0 · help 0 · switch/hedge 0 · drop 0 · 1.0 steals+blocks a game (1 games) · offensive role Stationary Shooter,,,0.0,0.0,0.0,0,0,0,1.0,1
North Park Vikings,North Park,Low Activity,play-by-play only,guard; on-ball 0 · chasing 0 · help 0 · switch/hedge 0 · drop 0 · 0.0 steals+blocks a game (1 games),,,0.0,0.0,0.0,0,0,0,0.0,1
North Park Vikings,William Bates,Helper,play-by-play only,guard; on-ball 0 · chasing 0 · help 0 · switch/hedge 0 · drop 0 · 2.0 steals+blocks a game (1 games) · offensive role Stationary Shooter,,,0.0,0.0,0.0,0,0,0,2.0,1
Northern Michigan Wildcats EXH,Aidan Bellisle,Point of Attack,play-by-play only,guard; on-ball 0 · chasing 0 · help 0 · switch/hedge 0 · drop 0 · 1.0 steals+blocks a game (1 games) · offensive role Stationary Shooter,,,0.0,0.0,0.0,0,0,0,1.0,1
Northern Michigan Wildcats EXH,Bennett Basich,Point of Attack,play-by-play only,guard; on-ball 0 · chasing 0 · help 0 · switch/hedge 0 · drop 0 · 1.0 steals+blocks a game (1 games) · offensive role Stationary Shooter,,,0.0,0.0,0.0,0,0,0,1.0,1
Northern Michigan Wildcats EXH,Brooks Hinson,Point of Attack,play-by-play only,guard; on-ball 0 · chasing 0 · help 0 · switch/hedge 0 · drop 0 · 1.0 steals+blocks a game (1 games) · offensive role Stationary Shooter,,,0.0,0.0,0.0,0,0,0,1.0,1
Northern Michigan Wildcats EXH,Cal Klesmit,Low Activity,play-by-play only,guard; on-ball 0 · chasing 0 · help 0 · switch/hedge 0 · drop 0 · 0.0 steals+blocks a game (1 games) · offensive role Athletic Finisher,,,0.0,0.0,0.0,0,0,0,0.0,1
Northern Michigan Wildcats EXH,Cody Schmitz,Low Activity,play-by-play only,guard; on-ball 0 · chasing 0 · help 0 · switch/hedge 0 · drop 0 · 0.0 steals+blocks a game (1 games) · offensive role Slasher,,,0.0,0.0,0.0,0,0,0,0.0,1
Northern Michigan Wildcats EXH,Dylan Kuehl,Low Activity,play-by-play only,guard; on-ball 0 · chasing 0 · help 0 · switch/hedge 0 · drop 0 · 0.0 steals+blocks a game (1 games) · offensive role Stationary Shooter,,,0.0,0.0,0.0,0,0,0,0.0,1
Northern Michigan Wildcats EXH,Isaiah Allen,Low Activity,play-by-play only,guard; on-ball 0 · chasing 0 · help 0 · switch/hedge 0 · drop 0 · 0.0 steals+blocks a game (1 games) · offensive role Stationary Shooter,,,0.0,0.0,0.0,0,0,0,0.0,1
Northern Michigan Wildcats EXH,Jonny Ingalls,Low Activity,play-by-play only,guard; on-ball 0 · chasing 0 · help 0 · switch/hedge 0 · drop 0 · 0.0 steals+blocks a game (1 games),,,0.0,0.0,0.0,0,0,0,0.0,1
Northern Michigan Wildcats EXH,Keller Hanson,Low Activity,play-by-play only,guard; on-ball 0 · chasing 0 · help 0 · switch/hedge 0 · drop 0 · 0.0 steals+blocks a game (1 games) · offensive role Stationary Shooter,,,0.0,0.0,0.0,0,0,0,0.0,1
Northern Michigan Wildcats EXH,Nathan Fife,Low Activity,play-by-play only,guard; on-ball 0 · chasing 0 · help 0 · switch/hedge 0 · drop 0 · 0.0 steals+blocks a game (1 games) · offensive role Stationary Shooter,,,0.0,0.0,0.0,0,0,0,0.0,1
Northern Michigan Wildcats EXH,Northern Mich.,Low Activity,play-by-play only,guard; on-ball 0 · chasing 0 · help 0 · switch/hedge 0 · drop 0 · 0.0 steals+blocks a game (1 games),,,0.0,0.0,0.0,0,0,0,0.0,1
Northern Michigan Wildcats EXH,Pryce Gregoire,Mobile Big,play-by-play only,big; on-ball 0 · chasing 0 · help 0 · switch/hedge 0 · drop 0 · 0.0 steals+blocks a game (1 games) · offensive role Roll & Cut Big,,,0.0,0.0,0.0,0,0,0,0.0,1
Northern Michigan Wildcats EXH,Ross Robertson,Point of Attack,play-by-play only,guard; on-ball 0 · chasing 0 · help 0 · switch/hedge 0 · drop 0 · 1.0 steals+blocks a game (1 games) · offensive role Athletic Finisher,,,0.0,0.0,0.0,0,0,0,1.0,1
Northern Michigan Wildcats EXH,Sam Privet,Helper,play-by-play only,guard; on-ball 0 · chasing 0 · help 0 · switch/hedge 0 · drop 0 · 2.0 steals+blocks a game (1 games) · offensive role Athletic Finisher,,,0.0,0.0,0.0,0,0,0,2.0,1
Northern Michigan Wildcats EXH,Trevor Polite,Low Activity,play-by-play only,guard; on-ball 0 · chasing 0 · help 0 · switch/hedge 0 · drop 0 · 0.0 steals+blocks a game (1 games) · offensive role Stationary Shooter,,,0.0,0.0,0.0,0,0,0,0.0,1
Olivet Comets,Alex Genuise,Low Activity,play-by-play only,guard; on-ball 0 · chasing 0 · help 0 · switch/hedge 0 · drop 0 · 0.0 steals+blocks a game (1 games) · offensive role Stationary Shooter,,,0.0,0.0,0.0,0,0,0,0.0,1
Olivet Comets,Conner Schipper,Anchor Big,play-by-play only,big; on-ball 0 · chasing 0 · help 0 · switch/hedge 0 · drop 0 · 4.0 steals+blocks a game (1 games) · offensive role Post Scorer,,,0.0,0.0,0.0,0,0,0,4.0,1
Olivet Comets,Evan Honnen,Low Activity,play-by-play only,guard; on-ball 0 · chasing 0 · help 0 · switch/hedge 0 · drop 0 · 0.0 steals+blocks a game (1 games) · offensive role Stationary Shooter,,,0.0,0.0,0.0,0,0,0,0.0,1
Olivet Comets,Lee Hardy,Helper,play-by-play only,guard; on-ball 0 · chasing 0 · help 0 · switch/hedge 0 · drop 0 · 3.0 steals+blocks a game (1 games) · offensive role Athletic Finisher,,,0.0,0.0,0.0,0,0,0,3.0,1
Olivet Comets,Mike Okello,Point of Attack,play-by-play only,guard; on-ball 0 · chasing 0 · help 0 · switch/hedge 0 · drop 0 · 1.0 steals+blocks a game (1 games) · offensive role Athletic Finisher,,,0.0,0.0,0.0,0,0,0,1.0,1
Olivet Comets,Nathan Richardson,Helper,play-by-play only,guard; on-ball 0 · chasing 0 · help 0 · switch/hedge 0 · drop 0 · 2.0 steals+blocks a game (1 games) · offensive role Primary Ball Handler,,,0.0,0.0,0.0,0,0,0,2.0,1
Olivet Comets,Porter Kretschman,Helper,play-by-play only,guard; on-ball 0 · chasing 0 · help 0 · switch/hedge 0 · drop 0 · 2.0 steals+blocks a game (1 games) · offensive role Slasher,,,0.0,0.0,0.0,0,0,0,2.0,1
Olivet Comets,Sam Howard,Low Activity,play-by-play only,guard; on-ball 0 · chasing 0 · help 0 · switch/hedge 0 · drop 0 · 0.0 steals+blocks a game (1 games),,,0.0,0.0,0.0,0,0,0,0.0,1
Olivet Comets,Sean Shenker,Helper,play-by-play only,guard; on-ball 0 · chasing 0 · help 0 · switch/hedge 0 · drop 0 · 2.0 steals+blocks a game (1 games) · offensive role Primary Ball Handler,,,0.0,0.0,0.0,0,0,0,2.0,1
Ripon Red Hawks,Anton Kilde,Low Activity,play-by-play only,wing; on-ball 0 · chasing 0 · help 0 · switch/hedge 0 · drop 0 · 0.0 steals+blocks a game (1 games) · offensive role Slasher,F,,0.0,0.0,0.0,0,0,0,0.0,1
Ripon Red Hawks,CJ Brown,Helper,play-by-play only,guard; on-ball 0 · chasing 0 · help 0 · switch/hedge 0 · drop 0 · 2.0 steals+blocks a game (1 games) · offensive role Stationary Shooter,G,,0.0,0.0,0.0,0,0,0,2.0,1
Ripon Red Hawks,Christian Wilson,Low Activity,play-by-play only,guard; on-ball 0 · chasing 0 · help 0 · switch/hedge 0 · drop 0 · 0.0 steals+blocks a game (1 games) · offensive role Secondary Ball Handler,G,,0.0,0.0,0.0,0,0,0,0.0,1
Ripon Red Hawks,Isaac Knoll,Low Activity,play-by-play only,guard; on-ball 0 · chasing 0 · help 0 · switch/hedge 0 · drop 0 · 0.0 steals+blocks a game (1 games) · offensive role Secondary Ball Handler,G,,0.0,0.0,0.0,0,0,0,0.0,1
Ripon Red Hawks,Jack Field,Low Activity,play-by-play only,wing; on-ball 0 · chasing 0 · help 0 · switch/hedge 0 · drop 0 · 0.0 steals+blocks a game (1 games) · offensive role Stationary Shooter,F,,0.0,0.0,0.0,0,0,0,0.0,1
Ripon Red Hawks,Jackson Flowers,Mobile Big,play-by-play only,big; on-ball 0 · chasing 0 · help 0 · switch/hedge 0 · drop 0 · 0.0 steals+blocks a game (1 games) · offensive role Roll & Cut Big,F,,0.0,0.0,0.0,0,0,0,0.0,1
Ripon Red Hawks,Jake Thomsen,Point of Attack,play-by-play only,guard; on-ball 0 · chasing 0 · help 0 · switch/hedge 0 · drop 0 · 1.0 steals+blocks a game (1 games) · offensive role Stationary Shooter,G,,0.0,0.0,0.0,0,0,0,1.0,1
Ripon Red Hawks,Jarton Davis,Low Activity,play-by-play only,guard; on-ball 0 · chasing 0 · help 0 · switch/hedge 0 · drop 0 · 0.0 steals+blocks a game (1 games) · offensive role Stationary Shooter,G,,0.0,0.0,0.0,0,0,0,0.0,1
Ripon Red Hawks,Joey Daun,Low Activity,play-by-play only,guard; on-ball 0 · chasing 0 · help 0 · switch/hedge 0 · drop 0 · 0.0 steals+blocks a game (1 games) · offensive role Stationary Shooter,G,,0.0,0.0,0.0,0,0,0,0.0,1
Ripon Red Hawks,Keenan Rahn,Low Activity,play-by-play only,guard; on-ball 0 · chasing 0 · help 0 · switch/hedge 0 · drop 0 · 0.0 steals+blocks a game (1 games) · offensive role Secondary Ball Handler,G,,0.0,0.0,0.0,0,0,0,0.0,1
Ripon Red Hawks,Kolby Williams,Anchor Big,play-by-play only,big; on-ball 0 · chasing 0 · help 0 · switch/hedge 0 · drop 0 · 2.0 steals+blocks a game (1 games) · offensive role Post Scorer,F,,0.0,0.0,0.0,0,0,0,2.0,1
Ripon Red Hawks,Landon Lee,Low Activity,play-by-play only,guard; on-ball 0 · chasing 0 · help 0 · switch/hedge 0 · drop 0 · 0.0 steals+blocks a game (1 games) · offensive role Secondary Ball Handler,G,,0.0,0.0,0.0,0,0,0,0.0,1
Ripon Red Hawks,Michael Asman,Helper,play-by-play only,wing; on-ball 0 · chasing 0 · help 0 · switch/hedge 0 · drop 0 · 4.0 steals+blocks a game (1 games) · offensive role Stationary Shooter,F,,0.0,0.0,0.0,0,0,0,4.0,1
Ripon Red Hawks,Ripon,Low Activity,play-by-play only,guard; on-ball 0 · chasing 0 · help 0 · switch/hedge 0 · drop 0 · 0.0 steals+blocks a game (1 games),,,0.0,0.0,0.0,0,0,0,0.0,1
Ripon Red Hawks,Sam Leoni,Low Activity,play-by-play only,guard; on-ball 0 · chasing 0 · help 0 · switch/hedge 0 · drop 0 · 0.0 steals+blocks a game (1 games) · offensive role Stationary Shooter,G,,0.0,0.0,0.0,0,0,0,0.0,1
Ripon Red Hawks,Seth Bunders,Point of Attack,play-by-play only,guard; on-ball 0 · chasing 0 · help 0 · switch/hedge 0 · drop 0 · 1.0 steals+blocks a game (1 games) · offensive role Primary Ball Handler,G,,0.0,0.0,0.0,0,0,0,1.0,1
Ripon Red Hawks,HOUSTON MCKENZIE,Point of Attack,position only,guard; on-ball 0 · chasing 0 · help 0 · switch/hedge 0 · drop 0 · offensive role Secondary Ball Handler,G,,0.0,0.0,0.0,0,0,0,,0
Ripon Red Hawks,CAEDEN HOLLY,Point of Attack,position only,guard; on-ball 0 · chasing 0 · help 0 · switch/hedge 0 · drop 0 · offensive role Secondary Ball Handler,G,,0.0,0.0,0.0,0,0,0,,0
Ripon Red Hawks,JOSE GONZALES,Point of Attack,position only,guard; on-ball 0 · chasing 0 · help 0 · switch/hedge 0 · drop 0 · offensive role Secondary Ball Handler,G,,0.0,0.0,0.0,0,0,0,,0
Ripon Red Hawks,OLIN ZELLMER,Point of Attack,position only,guard; on-ball 0 · chasing 0 · help 0 · switch/hedge 0 · drop 0 · offensive role Secondary Ball Handler,G,,0.0,0.0,0.0,0,0,0,,0
Ripon Red Hawks,FISHER MACKENZIE,Point of Attack,position only,guard; on-ball 0 · chasing 0 · help 0 · switch/hedge 0 · drop 0 · offensive role Secondary Ball Handler,G,,0.0,0.0,0.0,0,0,0,,0
Ripon Red Hawks,ABE DYKSTRA,Point of Attack,position only,guard; on-ball 0 · chasing 0 · help 0 · switch/hedge 0 · drop 0 · offensive role Secondary Ball Handler,G,,0.0,0.0,0.0,0,0,0,,0
Ripon Red Hawks,NICK AHLQUIST,Mobile Big,position only,big; on-ball 0 · chasing 0 · help 0 · switch/hedge 0 · drop 0 · offensive role Roll & Cut Big,F,,0.0,0.0,0.0,0,0,0,,0
Ripon Red Hawks,JACK ELLICKSON,Point of Attack,position only,guard; on-ball 0 · chasing 0 · help 0 · switch/hedge 0 · drop 0 · offensive role Secondary Ball Handler,G,,0.0,0.0,0.0,0,0,0,,0
Ripon Red Hawks,MARSHAWN ROBINSON,Point of Attack,position only,guard; on-ball 0 · chasing 0 · help 0 · switch/hedge 0 · drop 0 · offensive role Secondary Ball Handler,G,,0.0,0.0,0.0,0,0,0,,0
Ripon Red Hawks,BIRCH GUNJA,Mobile Big,position only,big; on-ball 0 · chasing 0 · help 0 · switch/hedge 0 · drop 0 · offensive role Roll & Cut Big,F,,0.0,0.0,0.0,0,0,0,,0
Ripon Red Hawks,TUCKER HAYES,Mobile Big,position only,big; on-ball 0 · chasing 0 · help 0 · switch/hedge 0 · drop 0 · offensive role Roll & Cut Big,F,,0.0,0.0,0.0,0,0,0,,0
Simpson Storm,Bo Huston,Low Activity,play-by-play only,guard; on-ball 0 · chasing 0 · help 0 · switch/hedge 0 · drop 0 · 0.0 steals+blocks a game (1 games) · offensive role Primary Ball Handler,G,,0.0,0.0,0.0,0,0,0,0.0,1
Simpson Storm,Brogan Fuller,Low Activity,play-by-play only,guard; on-ball 0 · chasing 0 · help 0 · switch/hedge 0 · drop 0 · 0.0 steals+blocks a game (1 games) · offensive role Athletic Finisher,G,,0.0,0.0,0.0,0,0,0,0.0,1
Simpson Storm,Caleb Dyvig,Low Activity,play-by-play only,guard; on-ball 0 · chasing 0 · help 0 · switch/hedge 0 · drop 0 · 0.0 steals+blocks a game (1 games) · offensive role Stationary Shooter,G,,0.0,0.0,0.0,0,0,0,0.0,1
Simpson Storm,Cam Henderson,Low Activity,play-by-play only,guard; on-ball 0 · chasing 0 · help 0 · switch/hedge 0 · drop 0 · 0.0 steals+blocks a game (1 games) · offensive role Primary Ball Handler,G,,0.0,0.0,0.0,0,0,0,0.0,1
Simpson Storm,Colton Rasmussen,Low Activity,play-by-play only,guard; on-ball 0 · chasing 0 · help 0 · switch/hedge 0 · drop 0 · 0.0 steals+blocks a game (1 games) · offensive role Stationary Shooter,G,,0.0,0.0,0.0,0,0,0,0.0,1
Simpson Storm,Jachin Mertes,Low Activity,play-by-play only,guard; on-ball 0 · chasing 0 · help 0 · switch/hedge 0 · drop 0 · 0.0 steals+blocks a game (1 games) · offensive role Athletic Finisher,G,,0.0,0.0,0.0,0,0,0,0.0,1
Simpson Storm,Levi Gurwell,Point of Attack,play-by-play only,guard; on-ball 0 · chasing 0 · help 0 · switch/hedge 0 · drop 0 · 1.0 steals+blocks a game (1 games) · offensive role Primary Ball Handler,G,,0.0,0.0,0.0,0,0,0,1.0,1
Simpson Storm,Logan Kowalski,Anchor Big,play-by-play only,big; on-ball 0 · chasing 0 · help 0 · switch/hedge 0 · drop 0 · 0.0 steals+blocks a game (1 games) · offensive role Roll & Cut Big,F/C,,0.0,0.0,0.0,0,0,0,0.0,1
Simpson Storm,Marcus Haupert,Anchor Big,play-by-play only,big; on-ball 0 · chasing 0 · help 0 · switch/hedge 0 · drop 0 · 3.0 steals+blocks a game (1 games) · offensive role Post Scorer,F,,0.0,0.0,0.0,0,0,0,3.0,1
Simpson Storm,Mateo Dzolota,Point of Attack,play-by-play only,guard; on-ball 0 · chasing 0 · help 0 · switch/hedge 0 · drop 0 · 1.0 steals+blocks a game (1 games) · offensive role Slasher,G,,0.0,0.0,0.0,0,0,0,1.0,1
Simpson Storm,Michael Kasperbauer,Low Activity,play-by-play only,guard; on-ball 0 · chasing 0 · help 0 · switch/hedge 0 · drop 0 · 0.0 steals+blocks a game (1 games) · offensive role Stationary Shooter,G,,0.0,0.0,0.0,0,0,0,0.0,1
Simpson Storm,Seth Gipple,Low Activity,play-by-play only,wing; on-ball 0 · chasing 0 · help 0 · switch/hedge 0 · drop 0 · 0.0 steals+blocks a game (1 games) · offensive role Stationary Shooter,F,,0.0,0.0,0.0,0,0,0,0.0,1
Simpson Storm,Simpson,Low Activity,play-by-play only,guard; on-ball 0 · chasing 0 · help 0 · switch/hedge 0 · drop 0 · 0.0 steals+blocks a game (1 games),,,0.0,0.0,0.0,0,0,0,0.0,1
Simpson Storm,Spencer Holley,Low Activity,play-by-play only,guard; on-ball 0 · chasing 0 · help 0 · switch/hedge 0 · drop 0 · 0.0 steals+blocks a game (1 games) · offensive role Stationary Shooter,G,,0.0,0.0,0.0,0,0,0,0.0,1
Simpson Storm,ISAAC AVERILL,Point of Attack,position only,guard; on-ball 0 · chasing 0 · help 0 · switch/hedge 0 · drop 0 · offensive role Secondary Ball Handler,G,,0.0,0.0,0.0,0,0,0,,0
Simpson Storm,CAMDEN SEUFERER,Mobile Big,position only,big; on-ball 0 · chasing 0 · help 0 · switch/hedge 0 · drop 0 · offensive role Roll & Cut Big,F,,0.0,0.0,0.0,0,0,0,,0
Simpson Storm,CALIX CAHILL,Mobile Big,position only,big; on-ball 0 · chasing 0 · help 0 · switch/hedge 0 · drop 0 · offensive role Roll & Cut Big,F,,0.0,0.0,0.0,0,0,0,,0
Simpson Storm,PRESTON DAEDLOW,Point of Attack,position only,guard; on-ball 0 · chasing 0 · help 0 · switch/hedge 0 · drop 0 · offensive role Secondary Ball Handler,G,,0.0,0.0,0.0,0,0,0,,0
Simpson Storm,NOLAN MCDONALD,Wing Stopper,position only,wing; on-ball 0 · chasing 0 · help 0 · switch/hedge 0 · drop 0 · offensive role Stationary Shooter,G/F,,0.0,0.0,0.0,0,0,0,,0
Simpson Storm,HUNTER HUGHES,Point of Attack,position only,guard; on-ball 0 · chasing 0 · help 0 · switch/hedge 0 · drop 0 · offensive role Secondary Ball Handler,G,,0.0,0.0,0.0,0,0,0,,0
Simpson Storm,BRADY CONNOR,Mobile Big,position only,big; on-ball 0 · chasing 0 · help 0 · switch/hedge 0 · drop 0 · offensive role Roll & Cut Big,F,,0.0,0.0,0.0,0,0,0,,0
Simpson Storm,NATHANIEL WINTER,Point of Attack,position only,guard; on-ball 0 · chasing 0 · help 0 · switch/hedge 0 · drop 0 · offensive role Secondary Ball Handler,G,,0.0,0.0,0.0,0,0,0,,0
St. Olaf Oles,AJ Uhl,Helper,play-by-play only,guard; on-ball 0 · chasing 0 · help 0 · switch/hedge 0 · drop 0 · 2.0 steals+blocks a game (1 games) · offensive role Primary Ball Handler,,,0.0,0.0,0.0,0,0,0,2.0,1
St. Olaf Oles,Chris Willis,Point of Attack,play-by-play only,guard; on-ball 0 · chasing 0 · help 0 · switch/hedge 0 · drop 0 · 1.0 steals+blocks a game (1 games) · offensive role Stationary Shooter,,,0.0,0.0,0.0,0,0,0,1.0,1
St. Olaf Oles,Cooper Carlson,Point of Attack,play-by-play only,guard; on-ball 0 · chasing 0 · help 0 · switch/hedge 0 · drop 0 · 1.0 steals+blocks a game (1 games) · offensive role Athletic Finisher,,,0.0,0.0,0.0,0,0,0,1.0,1
St. Olaf Oles,Jaxon Strinmoen,Low Activity,play-by-play only,guard; on-ball 0 · chasing 0 · help 0 · switch/hedge 0 · drop 0 · 0.0 steals+blocks a game (1 games) · offensive role Stationary Shooter,,,0.0,0.0,0.0,0,0,0,0.0,1
St. Olaf Oles,Kobe Kirk,Helper,play-by-play only,guard; on-ball 0 · chasing 0 · help 0 · switch/hedge 0 · drop 0 · 2.0 steals+blocks a game (1 games) · offensive role Primary Ball Handler,,,0.0,0.0,0.0,0,0,0,2.0,1
St. Olaf Oles,Liam Madigan,Helper,play-by-play only,guard; on-ball 0 · chasing 0 · help 0 · switch/hedge 0 · drop 0 · 4.0 steals+blocks a game (1 games) · offensive role Off Screen Shooter,,,0.0,0.0,0.0,0,0,0,4.0,1
St. Olaf Oles,Liam Roche,Mobile Big,play-by-play only,big; on-ball 0 · chasing 0 · help 0 · switch/hedge 0 · drop 0 · 0.0 steals+blocks a game (1 games) · offensive role Post Scorer,,,0.0,0.0,0.0,0,0,0,0.0,1
St. Olaf Oles,Luther Tostrud,Low Activity,play-by-play only,guard; on-ball 0 · chasing 0 · help 0 · switch/hedge 0 · drop 0 · 0.0 steals+blocks a game (1 games) · offensive role Stationary Shooter,,,0.0,0.0,0.0,0,0,0,0.0,1
St. Olaf Oles,Max Kraay,Low Activity,play-by-play only,guard; on-ball 0 · chasing 0 · help 0 · switch/hedge 0 · drop 0 · 0.0 steals+blocks a game (1 games) · offensive role Stationary Shooter,,,0.0,0.0,0.0,0,0,0,0.0,1
St. Olaf Oles,Rex Lamb,Low Activity,play-by-play only,guard; on-ball 0 · chasing 0 · help 0 · switch/hedge 0 · drop 0 · 0.0 steals+blocks a game (1 games) · offensive role Stationary Shooter,,,0.0,0.0,0.0,0,0,0,0.0,1
St. Olaf Oles,St. Olaf,Low Activity,play-by-play only,guard; on-ball 0 · chasing 0 · help 0 · switch/hedge 0 · drop 0 · 0.0 steals+blocks a game (1 games),,,0.0,0.0,0.0,0,0,0,0.0,1
St. Thomas (TX) Celts,Angel Johnson,Helper,play-by-play only,guard; on-ball 0 · chasing 0 · help 0 · switch/hedge 0 · drop 0 · 3.0 steals+blocks a game (1 games) · offensive role Shot Creator,G,,0.0,0.0,0.0,0,0,0,3.0,1
St. Thomas (TX) Celts,Brennan Webb,Low Activity,play-by-play only,guard; on-ball 0 · chasing 0 · help 0 · switch/hedge 0 · drop 0 · 0.0 steals+blocks a game (1 games) · offensive role Secondary Ball Handler,G,,0.0,0.0,0.0,0,0,0,0.0,1
St. Thomas (TX) Celts,Charles Gitonga,Low Activity,play-by-play only,wing; on-ball 0 · chasing 0 · help 0 · switch/hedge 0 · drop 0 · 0.0 steals+blocks a game (1 games) · offensive role Stationary Shooter,F,,0.0,0.0,0.0,0,0,0,0.0,1
St. Thomas (TX) Celts,Corey Thompson,Helper,play-by-play only,guard; on-ball 0 · chasing 0 · help 0 · switch/hedge 0 · drop 0 · 3.0 steals+blocks a game (1 games) · offensive role Shot Creator,G,,0.0,0.0,0.0,0,0,0,3.0,1
St. Thomas (TX) Celts,Garrett Rodgers,Mobile Big,play-by-play only,big; on-ball 0 · chasing 0 · help 0 · switch/hedge 0 · drop 0 · 0.0 steals+blocks a game (1 games) · offensive role Post Scorer,,,0.0,0.0,0.0,0,0,0,0.0,1
St. Thomas (TX) Celts,Jaden Ross,Low Activity,play-by-play only,wing; on-ball 0 · chasing 0 · help 0 · switch/hedge 0 · drop 0 · 0.0 steals+blocks a game (1 games) · offensive role Slasher,F,,0.0,0.0,0.0,0,0,0,0.0,1
St. Thomas (TX) Celts,Nathan Kongolo,Wing Stopper,play-by-play only,wing; on-ball 0 · chasing 0 · help 0 · switch/hedge 0 · drop 0 · 1.0 steals+blocks a game (1 games) · offensive role Shot Creator,G/F,,0.0,0.0,0.0,0,0,0,1.0,1
St. Thomas (TX) Celts,Nicholas Buffalo,Mobile Big,play-by-play only,big; on-ball 0 · chasing 0 · help 0 · switch/hedge 0 · drop 0 · 0.0 steals+blocks a game (1 games) · offensive role Roll & Cut Big,F,,0.0,0.0,0.0,0,0,0,0.0,1
St. Thomas (TX) Celts,Omar Gayle,Low Activity,play-by-play only,guard; on-ball 0 · chasing 0 · help 0 · switch/hedge 0 · drop 0 · 0.0 steals+blocks a game (1 games) · offensive role Slasher,G,,0.0,0.0,0.0,0,0,0,0.0,1
St. Thomas (TX) Celts,Reyce Allen,Low Activity,play-by-play only,wing; on-ball 0 · chasing 0 · help 0 · switch/hedge 0 · drop 0 · 0.0 steals+blocks a game (1 games) · offensive role Athletic Finisher,F,,0.0,0.0,0.0,0,0,0,0.0,1
St. Thomas (TX) Celts,St. Thomas (TX),Low Activity,play-by-play only,guard; on-ball 0 · chasing 0 · help 0 · switch/hedge 0 · drop 0 · 0.0 steals+blocks a game (1 games),,,0.0,0.0,0.0,0,0,0,0.0,1
St. Thomas (TX) Celts,Tamarcus Butler,Low Activity,play-by-play only,guard; on-ball 0 · chasing 0 · help 0 · switch/hedge 0 · drop 0 · 0.0 steals+blocks a game (1 games) · offensive role Stationary Shooter,G,,0.0,0.0,0.0,0,0,0,0.0,1
St. Thomas (TX) Celts,LEGBORSI MATO,Point of Attack,position only,guard; on-ball 0 · chasing 0 · help 0 · switch/hedge 0 · drop 0 · offensive role Secondary Ball Handler,G,,0.0,0.0,0.0,0,0,0,,0
St. Thomas (TX) Celts,CHRIS GITONGA,Mobile Big,position only,big; on-ball 0 · chasing 0 · help 0 · switch/hedge 0 · drop 0 · offensive role Roll & Cut Big,F,,0.0,0.0,0.0,0,0,0,,0
St. Thomas (TX) Celts,LUKE MARTINEZ,Point of Attack,position only,guard; on-ball 0 · chasing 0 · help 0 · switch/hedge 0 · drop 0 · offensive role Secondary Ball Handler,G,,0.0,0.0,0.0,0,0,0,,0
St. Thomas (TX) Celts,ZACH CONSOULIN,Point of Attack,position only,guard; on-ball 0 · chasing 0 · help 0 · switch/hedge 0 · drop 0 · offensive role Secondary Ball Handler,G,,0.0,0.0,0.0,0,0,0,,0
St. Thomas (TX) Celts,DANNY CANUL,Mobile Big,position only,big; on-ball 0 · chasing 0 · help 0 · switch/hedge 0 · drop 0 · offensive role Roll & Cut Big,F,,0.0,0.0,0.0,0,0,0,,0
St. Thomas (TX) Celts,LUKE COUGHRAN,Mobile Big,position only,big; on-ball 0 · chasing 0 · help 0 · switch/hedge 0 · drop 0 · offensive role Roll & Cut Big,F,,0.0,0.0,0.0,0,0,0,,0
St. Thomas (TX) Celts,GARRET RODGERS,Mobile Big,position only,big; on-ball 0 · chasing 0 · help 0 · switch/hedge 0 · drop 0 · offensive role Roll & Cut Big,F,,0.0,0.0,0.0,0,0,0,,0
St. Thomas (TX) Celts,CHASE CAIN,Mobile Big,position only,big; on-ball 0 · chasing 0 · help 0 · switch/hedge 0 · drop 0 · offensive role Roll & Cut Big,F,,0.0,0.0,0.0,0,0,0,,0
St. Thomas (TX) Celts,J.P OLIVAREZ,Point of Attack,position only,guard; on-ball 0 · chasing 0 · help 0 · switch/hedge 0 · drop 0 · offensive role Secondary Ball Handler,G,,0.0,0.0,0.0,0,0,0,,0
St. Thomas (TX) Celts,ISAIAH WALKER,Point of Attack,position only,guard; on-ball 0 · chasing 0 · help 0 · switch/hedge 0 · drop 0 · offensive role Secondary Ball Handler,G,,0.0,0.0,0.0,0,0,0,,0
St. Thomas (TX) Celts,MAKSAT HOJABERDIYEV,Mobile Big,position only,big; on-ball 0 · chasing 0 · help 0 · switch/hedge 0 · drop 0 · offensive role Roll & Cut Big,F,,0.0,0.0,0.0,0,0,0,,0
Trinity (TX) Tigers,Ben Estis,Low Activity,play-by-play only,guard; on-ball 0 · chasing 0 · help 0 · switch/hedge 0 · drop 0 · 0.0 steals+blocks a game (1 games) · offensive role Stationary Shooter,,,0.0,0.0,0.0,0,0,0,0.0,1
Trinity (TX) Tigers,Benjamin Wagner,Low Activity,play-by-play only,guard; on-ball 0 · chasing 0 · help 0 · switch/hedge 0 · drop 0 · 0.0 steals+blocks a game (1 games),,,0.0,0.0,0.0,0,0,0,0.0,1
Trinity (TX) Tigers,Carter Ruck,Point of Attack,play-by-play only,guard; on-ball 0 · chasing 0 · help 0 · switch/hedge 0 · drop 0 · 1.0 steals+blocks a game (1 games) · offensive role Stationary Shooter,,,0.0,0.0,0.0,0,0,0,1.0,1
Trinity (TX) Tigers,Dean Balo,Low Activity,play-by-play only,guard; on-ball 0 · chasing 0 · help 0 · switch/hedge 0 · drop 0 · 0.0 steals+blocks a game (1 games) · offensive role Primary Ball Handler,,,0.0,0.0,0.0,0,0,0,0.0,1
Trinity (TX) Tigers,Elias DeMent,Point of Attack,play-by-play only,guard; on-ball 0 · chasing 0 · help 0 · switch/hedge 0 · drop 0 · 1.0 steals+blocks a game (1 games) · offensive role Slasher,,,0.0,0.0,0.0,0,0,0,1.0,1
Trinity (TX) Tigers,Gabe Parr,Anchor Big,play-by-play only,big; on-ball 0 · chasing 0 · help 0 · switch/hedge 0 · drop 0 · 1.0 steals+blocks a game (1 games) · offensive role Roll & Cut Big,,,0.0,0.0,0.0,0,0,0,1.0,1
Trinity (TX) Tigers,Jackson Lawson,Low Activity,play-by-play only,guard; on-ball 0 · chasing 0 · help 0 · switch/hedge 0 · drop 0 · 0.0 steals+blocks a game (1 games) · offensive role Stationary Shooter,,,0.0,0.0,0.0,0,0,0,0.0,1
Trinity (TX) Tigers,Jake Miller,Low Activity,play-by-play only,guard; on-ball 0 · chasing 0 · help 0 · switch/hedge 0 · drop 0 · 0.0 steals+blocks a game (1 games),,,0.0,0.0,0.0,0,0,0,0.0,1
Trinity (TX) Tigers,Javon Toliver,Low Activity,play-by-play only,guard; on-ball 0 · chasing 0 · help 0 · switch/hedge 0 · drop 0 · 0.0 steals+blocks a game (1 games),,,0.0,0.0,0.0,0,0,0,0.0,1
Trinity (TX) Tigers,Joshua Chesney,Low Activity,play-by-play only,guard; on-ball 0 · chasing 0 · help 0 · switch/hedge 0 · drop 0 · 0.0 steals+blocks a game (1 games) · offensive role Stationary Shooter,,,0.0,0.0,0.0,0,0,0,0.0,1
Trinity (TX) Tigers,Luke Bledsoe,Low Activity,play-by-play only,guard; on-ball 0 · chasing 0 · help 0 · switch/hedge 0 · drop 0 · 0.0 steals+blocks a game (1 games),,,0.0,0.0,0.0,0,0,0,0.0,1
Trinity (TX) Tigers,Max Sprott,Low Activity,play-by-play only,guard; on-ball 0 · chasing 0 · help 0 · switch/hedge 0 · drop 0 · 0.0 steals+blocks a game (1 games),,,0.0,0.0,0.0,0,0,0,0.0,1
Trinity (TX) Tigers,Trent Medearis,Low Activity,play-by-play only,guard; on-ball 0 · chasing 0 · help 0 · switch/hedge 0 · drop 0 · 0.0 steals+blocks a game (1 games) · offensive role Primary Ball Handler,,,0.0,0.0,0.0,0,0,0,0.0,1
Trinity (TX) Tigers,Trinity (TX),Low Activity,play-by-play only,guard; on-ball 0 · chasing 0 · help 0 · switch/hedge 0 · drop 0 · 0.0 steals+blocks a game (1 games),,,0.0,0.0,0.0,0,0,0,0.0,1
Trinity (TX) Tigers,Will Bronson,Anchor Big,play-by-play only,big; on-ball 0 · chasing 0 · help 0 · switch/hedge 0 · drop 0 · 4.0 steals+blocks a game (1 games) · offensive role Roll & Cut Big,,,0.0,0.0,0.0,0,0,0,4.0,1
Trinity (TX) Tigers,Zach Fenn,Point of Attack,play-by-play only,guard; on-ball 0 · chasing 0 · help 0 · switch/hedge 0 · drop 0 · 1.0 steals+blocks a game (1 games) · offensive role Stationary Shooter,,,0.0,0.0,0.0,0,0,0,1.0,1
UW-Eau Claire Blugolds,Cal Krohn,Anchor Big,coach tags,big; on-ball 24 · chasing 7 · help 0 · switch/hedge 9 · drop 10 · 0.8 steals+blocks a game (13 games) · offensive role Post Scorer,F,,31.0,24.0,7.0,0,9,10,0.77,13
UW-Eau Claire Blugolds,Xavier Lewis,Point of Attack,coach tags,guard; on-ball 14 · chasing 1 · help 0 · switch/hedge 0 · drop 11 · 1.0 steals+blocks a game (1 games) · offensive role Athletic Finisher,,,15.0,14.0,1.0,0,0,11,1.0,1
UW-Eau Claire Blugolds,Darius Chestnut,Helper,coach tags + film,guard; on-ball 2 · chasing 3 · help 8 · switch/hedge 0 · drop 2 · 0.5 steals+blocks a game (12 games) · offensive role Stationary Shooter,G,,13.74,2.5,2.7,8,0,2,0.5,12
UW-Eau Claire Blugolds,Carter Lichtsinn,Point of Attack,coach tags,guard; on-ball 7 · chasing 2 · help 0 · switch/hedge 0 · drop 2 · 0.0 steals+blocks a game (1 games) · offensive role Stationary Shooter,,,9.0,7.0,2.0,0,0,2,0.0,1
UW-Eau Claire Blugolds,Kenji Scales,Chaser,coach tags,guard; on-ball 3 · chasing 5 · help 0 · switch/hedge 0 · drop 0 · 0.0 steals+blocks a game (1 games) · offensive role Stationary Shooter,,,8.0,3.0,5.0,0,0,0,0.0,1
UW-Eau Claire Blugolds,Will Boser,Chaser,coach tags,guard; on-ball 2 · chasing 4 · help 0 · switch/hedge 0 · drop 1 · 0.0 steals+blocks a game (1 games) · offensive role Stationary Shooter,,,6.0,2.0,4.0,0,0,1,0.0,1
UW-Eau Claire Blugolds,Andre Renta,Chaser,coach tags,guard; on-ball 2 · chasing 3 · help 0 · switch/hedge 0 · drop 0 · 0.0 steals+blocks a game (1 games) · offensive role Primary Ball Handler,,,5.0,2.0,3.0,0,0,0,0.0,1
UW-Eau Claire Blugolds,Roan Demovsky,Anchor Big,coach tags (low sample),big; on-ball 2 · chasing 1 · help 0 · switch/hedge 0 · drop 0 · 1.0 steals+blocks a game (1 games) · offensive role Roll & Cut Big,,,3.0,2.0,1.0,0,0,0,1.0,1
UW-Eau Claire Blugolds,Tyler Haney,Point of Attack,coach tags (low sample),guard; on-ball 2 · chasing 0 · help 0 · switch/hedge 0 · drop 2 · 1.0 steals+blocks a game (1 games) · offensive role Stationary Shooter,,,2.0,2.0,0.0,0,0,2,1.0,1
UW-Eau Claire Blugolds,Joey Butz,Low Activity,play-by-play only,guard; on-ball 0 · chasing 0 · help 0 · switch/hedge 0 · drop 0 · 0.0 steals+blocks a game (1 games),,,0.0,0.0,0.0,0,0,0,0.0,1
UW-Eau Claire Blugolds,Roman Richards,Low Activity,play-by-play only,guard; on-ball 0 · chasing 0 · help 0 · switch/hedge 0 · drop 0 · 0.0 steals+blocks a game (1 games),,,0.0,0.0,0.0,0,0,0,0.0,1
UW-Eau Claire Blugolds,Wis.-Eau Claire,Low Activity,play-by-play only,guard; on-ball 0 · chasing 0 · help 0 · switch/hedge 0 · drop 0 · 0.0 steals+blocks a game (1 games),,,0.0,0.0,0.0,0,0,0,0.0,1
UW-Oshkosh Titans,Joey LaChapell,Point of Attack,film tracking,guard; on-ball 9 · chasing 5 · help 37 · switch/hedge 0 · drop 0 · 0.0 steals+blocks a game (1 games) · offensive role Slasher,G,,64.56,8.9,5.2,37,0,0,0.0,1
UW-Oshkosh Titans,Michael Metcalf-Grassman,Helper,film tracking,guard; on-ball 4 · chasing 2 · help 47 · switch/hedge 0 · drop 0 · 2.0 steals+blocks a game (1 games) · offensive role Slasher,G,,56.4,3.5,2.0,47,0,0,2.0,1
UW-Oshkosh Titans,Nate Nazos,Chaser,film tracking,guard; on-ball 2 · chasing 4 · help 38 · switch/hedge 0 · drop 0 · 1.0 steals+blocks a game (1 games) · offensive role Stationary Shooter,G,,50.51,2.3,4.1,38,0,0,1.0,1
UW-Oshkosh Titans,Brandon Beck,Chaser,film tracking,wing; on-ball 4 · chasing 6 · help 31 · switch/hedge 0 · drop 0 · 1.0 steals+blocks a game (1 games) · offensive role Stationary Shooter,F,,45.07,4.0,5.8,31,0,0,1.0,1
UW-Oshkosh Titans,Aiden Hawkinson,Helper,film tracking,guard; on-ball 1 · chasing 3 · help 6 · switch/hedge 0 · drop 0 · 1.0 steals+blocks a game (1 games) · offensive role Stationary Shooter,G,,17.16,0.7,3.2,6,0,0,1.0,1
UW-Oshkosh Titans,Matt Imig,Helper,film tracking,guard; on-ball 3 · chasing 2 · help 7 · switch/hedge 0 · drop 0 · 1.0 steals+blocks a game (1 games) · offensive role Stationary Shooter,G,,15.65,2.8,1.7,7,0,0,1.0,1
UW-Oshkosh Titans,Oskar Kangas,Chaser,film tracking,wing; on-ball 2 · chasing 7 · help 3 · switch/hedge 0 · drop 0 · 2.0 steals+blocks a game (1 games) · offensive role Stationary Shooter,F,,13.78,1.5,6.5,3,0,0,2.0,1
UW-Oshkosh Titans,Carter Thomas,Helper,film tracking,guard; on-ball 3 · chasing 2 · help 5 · switch/hedge 0 · drop 0 · 0.0 steals+blocks a game (1 games) · offensive role Stationary Shooter,G,,12.07,3.2,2.3,5,0,0,0.0,1
UW-Oshkosh Titans,Vitorio Dante,Helper,film tracking,wing; on-ball 0 · chasing 1 · help 6 · switch/hedge 0 · drop 0 · 0.0 steals+blocks a game (1 games) · offensive role Slasher,F,,8.73,0.0,1.3,6,0,0,0.0,1
UW-Oshkosh Titans,Jonah Rindfleisch,Anchor Big,film tracking,big; on-ball 0 · chasing 1 · help 2 · switch/hedge 0 · drop 0 · 2.0 steals+blocks a game (1 games) · offensive role Roll & Cut Big,F,,6.66,0.4,0.6,2,0,0,2.0,1
UW-Oshkosh Titans,Jay Dalton,Chaser,film tracking,guard; on-ball 0 · chasing 1 · help 1 · switch/hedge 0 · drop 0 · 1.0 steals+blocks a game (1 games) · offensive role Slasher,G,,5.0600000000000005,0.5,0.9,1,0,0,1.0,1
UW-Oshkosh Titans,Logan Rindfleisch,Low Activity,film tracking (low sample),guard; on-ball 0 · chasing 0 · help 0 · switch/hedge 0 · drop 0 · 0.0 steals+blocks a game (1 games) · offensive role Slasher,G,,0.83,0.0,0.0,0,0,0,0.0,1
UW-Oshkosh Titans,Wis.-Oshkosh,Low Activity,play-by-play only,guard; on-ball 0 · chasing 0 · help 0 · switch/hedge 0 · drop 0 · 0.0 steals+blocks a game (1 games),,,0.0,0.0,0.0,0,0,0,0.0,1
UW-Oshkosh Titans,ANDREW NIEMI,Point of Attack,position only,guard; on-ball 0 · chasing 0 · help 0 · switch/hedge 0 · drop 0 · offensive role Secondary Ball Handler,G,,0.0,0.0,0.0,0,0,0,,0
UW-Oshkosh Titans,JACK AMBROSE,Point of Attack,position only,guard; on-ball 0 · chasing 0 · help 0 · switch/hedge 0 · drop 0 · offensive role Secondary Ball Handler,G,,0.0,0.0,0.0,0,0,0,,0
UW-Oshkosh Titans,REED SECKAR,Point of Attack,position only,guard; on-ball 0 · chasing 0 · help 0 · switch/hedge 0 · drop 0 · offensive role Secondary Ball Handler,G,,0.0,0.0,0.0,0,0,0,,0
UW-Oshkosh Titans,MAX TUTAS,Point of Attack,position only,guard; on-ball 0 · chasing 0 · help 0 · switch/hedge 0 · drop 0 · offensive role Secondary Ball Handler,G,,0.0,0.0,0.0,0,0,0,,0
UW-Oshkosh Titans,ISAIAH LOMAX,Mobile Big,position only,big; on-ball 0 · chasing 0 · help 0 · switch/hedge 0 · drop 0 · offensive role Roll & Cut Big,F,,0.0,0.0,0.0,0,0,0,,0
UW-Oshkosh Titans,ADAM GUYETTE,Point of Attack,position only,guard; on-ball 0 · chasing 0 · help 0 · switch/hedge 0 · drop 0 · offensive role Secondary Ball Handler,G,,0.0,0.0,0.0,0,0,0,,0
UW-Oshkosh Titans,RILEY RINDFLEISCH,Mobile Big,position only,big; on-ball 0 · chasing 0 · help 0 · switch/hedge 0 · drop 0 · offensive role Roll & Cut Big,F,,0.0,0.0,0.0,0,0,0,,0
UW-Oshkosh Titans,AJ OHRMUNDT,Mobile Big,position only,big; on-ball 0 · chasing 0 · help 0 · switch/hedge 0 · drop 0 · offensive role Roll & Cut Big,F,,0.0,0.0,0.0,0,0,0,,0
UW-Oshkosh Titans,BEN GRABNER,Mobile Big,position only,big; on-ball 0 · chasing 0 · help 0 · switch/hedge 0 · drop 0 · offensive role Roll & Cut Big,F,,0.0,0.0,0.0,0,0,0,,0
UW-Oshkosh Titans,TRISTAN JOHANKNECHT,Mobile Big,position only,big; on-ball 0 · chasing 0 · help 0 · switch/hedge 0 · drop 0 · offensive role Roll & Cut Big,F,,0.0,0.0,0.0,0,0,0,,0
UW-Stevens Point Pointers,Josh Bocher,Mobile Big,coach tags,big; on-ball 14 · chasing 6 · help 0 · switch/hedge 7 · drop 1 · 2.0 steals+blocks a game (6 games) · offensive role Roll & Cut Big,,,20.0,14.0,6.0,0,7,1,2.0,6
UW-Stevens Point Pointers,Carter Combs,Point of Attack,coach tags,guard; on-ball 11 · chasing 6 · help 0 · switch/hedge 0 · drop 2 · 1.5 steals+blocks a game (13 games) · offensive role Stationary Shooter,G,,17.0,11.0,6.0,0,0,2,1.46,13
UW-Stevens Point Pointers,Logan Baumgartner,Wing Stopper,coach tags,wing; on-ball 7 · chasing 2 · help 0 · switch/hedge 3 · drop 1 · 1.2 steals+blocks a game (13 games) · offensive role Stationary Shooter,G/F,,9.0,7.0,2.0,0,3,1,1.23,13
UW-Stevens Point Pointers,Seth Miron,Wing Stopper,coach tags,wing; on-ball 7 · chasing 1 · help 0 · switch/hedge 2 · drop 3 · 1.5 steals+blocks a game (13 games) · offensive role Stationary Shooter,G/F,,9.0,7.0,1.0,0,2,3,1.54,13
UW-Stevens Point Pointers,Josiah Butler,Point of Attack,coach tags,guard; on-ball 6 · chasing 2 · help 0 · switch/hedge 1 · drop 2 · 0.9 steals+blocks a game (13 games) · offensive role Movement Shooter,G,,8.0,6.0,2.0,0,1,2,0.92,13
UW-Stevens Point Pointers,Max Raimer,Point of Attack,coach tags,guard; on-ball 4 · chasing 3 · help 0 · switch/hedge 0 · drop 0 · 0.7 steals+blocks a game (13 games) · offensive role Movement Shooter,G,,7.0,4.0,3.0,0,0,0,0.69,13
UW-Stevens Point Pointers,Tyler Orr,Chaser,coach tags,guard; on-ball 2 · chasing 5 · help 0 · switch/hedge 0 · drop 0 · 0.0 steals+blocks a game (9 games) · offensive role Stationary Shooter,G,,7.0,2.0,5.0,0,0,0,0.0,9
UW-Stevens Point Pointers,Luke Reder,Mobile Big,coach tags (low sample),big; on-ball 3 · chasing 0 · help 0 · switch/hedge 0 · drop 0 · 0.0 steals+blocks a game (1 games) · offensive role Roll & Cut Big,,,3.0,3.0,0.0,0,0,0,0.0,1
UW-Stevens Point Pointers,Isaiah Moore,Wing Stopper,coach tags (low sample),wing; on-ball 2 · chasing 0 · help 0 · switch/hedge 0 · drop 2 · 1.3 steals+blocks a game (10 games) · offensive role Stationary Shooter,G/F,,2.0,2.0,0.0,0,0,2,1.3,10
UW-Stevens Point Pointers,Grant Manz,Mobile Big,coach tags (low sample),big; on-ball 2 · chasing 0 · help 0 · switch/hedge 1 · drop 1 · 0.2 steals+blocks a game (13 games) · offensive role Roll & Cut Big,F,,2.0,2.0,0.0,0,1,1,0.23,13
UW-Stevens Point Pointers,Austin Schaumburg,Low Activity,play-by-play only,wing; on-ball 0 · chasing 0 · help 0 · switch/hedge 0 · drop 0 · 0.0 steals+blocks a game (3 games) · offensive role Athletic Finisher,G/F,,0.0,0.0,0.0,0,0,0,0.0,3
UW-Stevens Point Pointers,Brandon Tilley,Low Activity,play-by-play only,guard; on-ball 0 · chasing 0 · help 0 · switch/hedge 0 · drop 0 · 0.0 steals+blocks a game (1 games) · offensive role Athletic Finisher,,,0.0,0.0,0.0,0,0,0,0.0,1
UW-Stevens Point Pointers,Drew Daoust,Low Activity,play-by-play only,guard; on-ball 0 · chasing 0 · help 0 · switch/hedge 0 · drop 0 · 0.4 steals+blocks a game (8 games) · offensive role Stationary Shooter,G,,0.0,0.0,0.0,0,0,0,0.38,8
UW-Stevens Point Pointers,Dylan Taylor,Low Activity,play-by-play only,guard; on-ball 0 · chasing 0 · help 0 · switch/hedge 0 · drop 0 · 0.0 steals+blocks a game (2 games) · offensive role Secondary Ball Handler,G,,0.0,0.0,0.0,0,0,0,0.0,2
UW-Stevens Point Pointers,Emmitt Huhn,Mobile Big,play-by-play only,big; on-ball 0 · chasing 0 · help 0 · switch/hedge 0 · drop 0 · 0.0 steals+blocks a game (1 games) · offensive role Roll & Cut Big,F,,0.0,0.0,0.0,0,0,0,0.0,1
UW-Stevens Point Pointers,James Jacobs,Low Activity,play-by-play only,guard; on-ball 0 · chasing 0 · help 0 · switch/hedge 0 · drop 0 · 0.2 steals+blocks a game (5 games) · offensive role Stationary Shooter,G,,0.0,0.0,0.0,0,0,0,0.2,5
UW-Stevens Point Pointers,Nick Fox,Mobile Big,play-by-play only,big; on-ball 0 · chasing 0 · help 0 · switch/hedge 0 · drop 0 · 0.0 steals+blocks a game (1 games) · offensive role Roll & Cut Big,F,,0.0,0.0,0.0,0,0,0,0.0,1
UW-Stevens Point Pointers,Shane Tarjan,Low Activity,play-by-play only,guard; on-ball 0 · chasing 0 · help 0 · switch/hedge 0 · drop 0 · 0.1 steals+blocks a game (8 games) · offensive role Slasher,G,,0.0,0.0,0.0,0,0,0,0.12,8
UW-Stevens Point Pointers,Wis.-Stevens Point,Low Activity,play-by-play only,guard; on-ball 0 · chasing 0 · help 0 · switch/hedge 0 · drop 0 · 0.0 steals+blocks a game (11 games),,,0.0,0.0,0.0,0,0,0,0.0,11
UW-Stevens Point Pointers,Zach Orr,Low Activity,play-by-play only,guard; on-ball 0 · chasing 0 · help 0 · switch/hedge 0 · drop 0 · 0.0 steals+blocks a game (1 games) · offensive role Slasher,G,,0.0,0.0,0.0,0,0,0,0.0,1
UW-Stevens Point Pointers,JOSHUA BOCHER,Mobile Big,position only,big; on-ball 0 · chasing 0 · help 0 · switch/hedge 0 · drop 0 · offensive role Roll & Cut Big,F,,0.0,0.0,0.0,0,0,0,,0
UW-Stevens Point Pointers,BRANDON SPRAY,Mobile Big,position only,big; on-ball 0 · chasing 0 · help 0 · switch/hedge 0 · drop 0 · offensive role Roll & Cut Big,F,,0.0,0.0,0.0,0,0,0,,0
UW-Stevens Point Pointers,BOBBY GRGANTO,Mobile Big,position only,big; on-ball 0 · chasing 0 · help 0 · switch/hedge 0 · drop 0 · offensive role Roll & Cut Big,F,,0.0,0.0,0.0,0,0,0,,0
UW-Whitewater,JR Lukenbill,Wing Stopper,film tracking,wing; on-ball 9 · chasing 9 · help 40 · switch/hedge 0 · drop 0 · 1.2 steals+blocks a game (10 games) · offensive role Stationary Shooter,F,,61.25,9.5,8.7,40,0,0,1.2,10
UW-Whitewater,Collin Madson,Chaser,film tracking,guard; on-ball 3 · chasing 10 · help 28 · switch/hedge 0 · drop 0 · 1.7 steals+blocks a game (12 games) · offensive role Primary Ball Handler,G,,43.81,3.3,9.5,28,0,0,1.67,12
UW-Whitewater,Richie Warren,Mobile Big,film tracking,big; on-ball 3 · chasing 5 · help 25 · switch/hedge 0 · drop 0 · 1.5 steals+blocks a game (12 games) · offensive role Roll & Cut Big,F,,41.26,3.2,5.3,25,0,0,1.5,12
UW-Whitewater,Luke Bara,Chaser,film tracking,guard; on-ball 0 · chasing 7 · help 33 · switch/hedge 0 · drop 0 · 0.3 steals+blocks a game (12 games) · offensive role Secondary Ball Handler,G,,40.43,0.5,6.5,33,0,0,0.33,12
UW-Whitewater,Joey Berezowitz,Helper,film tracking,guard; on-ball 3 · chasing 2 · help 26 · switch/hedge 0 · drop 0 · 1.3 steals+blocks a game (12 games) · offensive role Movement Shooter,G,,33.37,2.6,1.8,26,0,0,1.33,12
UW-Whitewater,Brock Marino,Mobile Big,film tracking,big; on-ball 2 · chasing 3 · help 6 · switch/hedge 0 · drop 0 · 1.2 steals+blocks a game (11 games) · offensive role Post Scorer,F,,13.6,2.2,2.7,6,0,0,1.18,11
UW-Whitewater,Jake Quast,Chaser,film tracking (low sample),guard; on-ball 0 · chasing 1 · help 1 · switch/hedge 0 · drop 0 · 1.3 steals+blocks a game (12 games) · offensive role Slasher,G,,2.0,0.0,1.0,1,0,0,1.33,12
UW-Whitewater,Tyshawn Teague-Johnson,Low Activity,film tracking (low sample),wing; on-ball 0 · chasing 0 · help 1 · switch/hedge 0 · drop 0 · 0.2 steals+blocks a game (4 games) · offensive role Slasher,F,,1.42,0.0,0.4,1,0,0,0.25,4
UW-Whitewater,Agape Keyes Jr.,Low Activity,play-by-play only,guard; on-ball 0 · chasing 0 · help 0 · switch/hedge 0 · drop 0 · 0.2 steals+blocks a game (6 games) · offensive role Movement Shooter,G,,0.0,0.0,0.0,0,0,0,0.17,6
UW-Whitewater,Austin Ambrose,Mobile Big,play-by-play only,big; on-ball 0 · chasing 0 · help 0 · switch/hedge 0 · drop 0 · 0.4 steals+blocks a game (5 games) · offensive role Versatile Big,F,,0.0,0.0,0.0,0,0,0,0.4,5
UW-Whitewater,Isaac Verges,Point of Attack,play-by-play only,guard; on-ball 0 · chasing 0 · help 0 · switch/hedge 0 · drop 0 · 1.2 steals+blocks a game (10 games) · offensive role Secondary Ball Handler,G,,0.0,0.0,0.0,0,0,0,1.2,10
UW-Whitewater,Isaiah Robinson,Point of Attack,play-by-play only,guard; on-ball 0 · chasing 0 · help 0 · switch/hedge 0 · drop 0 · 1.3 steals+blocks a game (6 games) · offensive role Secondary Ball Handler,G,,0.0,0.0,0.0,0,0,0,1.33,6
UW-Whitewater,Kelton McEwen,Low Activity,play-by-play only,guard; on-ball 0 · chasing 0 · help 0 · switch/hedge 0 · drop 0 · 0.6 steals+blocks a game (12 games) · offensive role Off Screen Shooter,G,,0.0,0.0,0.0,0,0,0,0.58,12
UW-Whitewater,Matthew McKay,Mobile Big,play-by-play only,big; on-ball 0 · chasing 0 · help 0 · switch/hedge 0 · drop 0 · 0.5 steals+blocks a game (2 games) · offensive role Roll & Cut Big,F,,0.0,0.0,0.0,0,0,0,0.5,2
UW-Whitewater,Mauryon Turner,Mobile Big,play-by-play only,big; on-ball 0 · chasing 0 · help 0 · switch/hedge 0 · drop 0 · 0.3 steals+blocks a game (3 games) · offensive role Roll & Cut Big,,,0.0,0.0,0.0,0,0,0,0.33,3
UW-Whitewater,Mikey Wildes,Low Activity,play-by-play only,guard; on-ball 0 · chasing 0 · help 0 · switch/hedge 0 · drop 0 · 0.0 steals+blocks a game (3 games) · offensive role Athletic Finisher,G,,0.0,0.0,0.0,0,0,0,0.0,3
UW-Whitewater,Rashad Rogers,Mobile Big,play-by-play only,big; on-ball 0 · chasing 0 · help 0 · switch/hedge 0 · drop 0 · 1.0 steals+blocks a game (11 games) · offensive role Post Scorer,F,,0.0,0.0,0.0,0,0,0,1.0,11
UW-Whitewater,Trent Grunewald,Low Activity,play-by-play only,guard; on-ball 0 · chasing 0 · help 0 · switch/hedge 0 · drop 0 · 0.0 steals+blocks a game (5 games) · offensive role Off Screen Shooter,G,,0.0,0.0,0.0,0,0,0,0.0,5
UW-Whitewater,Tristian Lynch,Low Activity,play-by-play only,wing; on-ball 0 · chasing 0 · help 0 · switch/hedge 0 · drop 0 · 0.0 steals+blocks a game (2 games) · offensive role Stationary Shooter,F,,0.0,0.0,0.0,0,0,0,0.0,2
UW-Whitewater,Wis.-Whitewater,Low Activity,play-by-play only,guard; on-ball 0 · chasing 0 · help 0 · switch/hedge 0 · drop 0 · 0.0 steals+blocks a game (12 games),,,0.0,0.0,0.0,0,0,0,0.0,12
UW-Whitewater,Zay Howard,Low Activity,play-by-play only,guard; on-ball 0 · chasing 0 · help 0 · switch/hedge 0 · drop 0 · 0.5 steals+blocks a game (2 games) · offensive role Stationary Shooter,G,,0.0,0.0,0.0,0,0,0,0.5,2
UW-Whitewater Warhawks,MAURQUIS TURNER,Point of Attack,position only,guard; on-ball 0 · chasing 0 · help 0 · switch/hedge 0 · drop 0 · offensive role Secondary Ball Handler,G,,0.0,0.0,0.0,0,0,0,,0
