side,scouted_opponent,offense_team,defense_team,opponent,game_date,game_code,period,time_remaining_seconds,player,result,points,points_source,matched_event,matched_by,play_title,play_call,play_series,play_situation,play_formation,play_set,play_actions,primary_action,play_location,finish_spot,featured_player,decode_quality,decode_note,synergy_play_type,synergy_string,on_court_lineup,personnel_grouping_type,game_situation,shot_clock_used,shot_clock_max,shot_clock_situation
UWW,Aurora Spartans,UW-Whitewater,Ripon Red Hawks,Ripon Red Hawks,2025-11-07,WWW@RIP,H1,1158.0,Isaac Verges,Miss 3 Pts,0,play-by-play,True,synergy string,DHO RS-Madson RICKY,Ricky,Motion / no set,Half court,,,DHO | Ricky,Ricky,Right Side,,Collin Madson,Clean,,P&R Ball Handler,15 Collin Madson > P&R Ball Handler > High P&R > Dribble Off Pick > Defense Commits > Ball Delivered > 0 Isaac Verges > Spot-Up > No Dribble Jumper > Open > Long/3pt > Miss 3 Pts,"Brock Marino, Collin Madson, Isaac Verges, JR Lukenbill, Luke Bara",Base five (one big),,0.0,30,Early clock (0-9 sec used)
UWW,Aurora Spartans,UW-Whitewater,Ripon Red Hawks,Ripon Red Hawks,2025-11-07,WWW@RIP,H1,1110.0,Collin Madson,Turnover,0,play-by-play,True,synergy string,Cheetah,Cheetah,Cheetah,Half court,,Cheetah,,,,,,Clean,,Spot-Up,15 Collin Madson > Spot-Up > Drives Left > Turnover,"Brock Marino, Collin Madson, Isaac Verges, JR Lukenbill, Luke Bara",Base five (one big),,14.0,30,Organized offense (10-19 sec used)
UWW,Aurora Spartans,UW-Whitewater,Ripon Red Hawks,Ripon Red Hawks,2025-11-07,WWW@RIP,H1,1071.0,Isaac Verges,Miss 2 Pts,0,play-by-play,True,synergy string,5 Out- DS- Reject,5 Out Down Screen,5 Out,Half court,5 Out,,Down Screen | Reject,Down Screen,,,,Clean,,Spot-Up,0 Isaac Verges > Spot-Up > Drives Right > To Basket > Miss 2 Pts,"Brock Marino, Collin Madson, Isaac Verges, JR Lukenbill, Luke Bara",Base five (one big),,0.0,30,Early clock (0-9 sec used)
UWW,Aurora Spartans,UW-Whitewater,Ripon Red Hawks,Ripon Red Hawks,2025-11-07,WWW@RIP,H1,1044.0,Luke Bara,Miss 3 Pts,0,play-by-play,True,synergy string,Blob- LIne,BLOB Line,BLOB,BLOB,Line,,,,,,,Clean,,Off Screen,32 Luke Bara > Off Screen > To Shooter's Left > Straight > No Dribble Jumper > Guarded > Long/3pt > Miss 3 Pts,"Brock Marino, Collin Madson, Isaac Verges, JR Lukenbill, Luke Bara",Base five (one big),,18.0,20,Organized offense (10-19 sec used)
UWW,Aurora Spartans,UW-Whitewater,Ripon Red Hawks,Ripon Red Hawks,2025-11-07,WWW@RIP,H1,1032.0,Luke Bara,Miss 2 Pts,0,play-by-play,True,synergy string,5 Out-DHO-ZOOM,5 Out Zoom,5 Out,Half court,5 Out,,DHO | Zoom,Zoom,,,,Clean,,P&R Ball Handler,32 Luke Bara > P&R Ball Handler > High P&R > Go Away from Pick > To Basket > Miss 2 Pts,"Brock Marino, Collin Madson, Isaac Verges, JR Lukenbill, Luke Bara",Base five (one big),,0.0,30,Early clock (0-9 sec used)
UWW,Aurora Spartans,UW-Whitewater,Ripon Red Hawks,Ripon Red Hawks,2025-11-07,WWW@RIP,H1,952.0,Brock Marino,Make 2 Pts,2,play-by-play,True,synergy string,Panther,Panther,Panther,Half court,,Panther,,,,,,Clean,,Post-Up,21 Brock Marino > Post-Up > Left Block > Right Shoulder > Dribble Move > To Drop Step > Make 2 Pts,"Brock Marino, Collin Madson, Isaac Verges, JR Lukenbill, Luke Bara",Base five (one big),,0.0,30,Early clock (0-9 sec used)
UWW,Aurora Spartans,UW-Whitewater,Ripon Red Hawks,Ripon Red Hawks,2025-11-07,WWW@RIP,H1,903.0,Brock Marino,Miss 2 Pts,0,play-by-play,True,synergy string,Panther,Panther,Panther,Half court,,Panther,,,,,,Clean,,Post-Up,21 Brock Marino > Post-Up > Left Block > Left Shoulder > Dribble Move > To Basket > Miss 2 Pts,"Brock Marino, Collin Madson, Isaac Verges, JR Lukenbill, Luke Bara",Base five (one big),Trailing by 10+,0.0,30,Early clock (0-9 sec used)
UWW,Aurora Spartans,UW-Whitewater,Ripon Red Hawks,Ripon Red Hawks,2025-11-07,WWW@RIP,H1,810.0,Jake Quast,Foul,1,play-by-play,True,player + clock,5 out zoom,5 Out Zoom,5 Out,Half court,5 Out,,Zoom,Zoom,,,,Clean,,Hand Off,12 Jake Quast > Hand Off > From Dribble > Top > To Basket > Foul,"Brock Marino, Collin Madson, Darius Chestnut, Jake Quast, Joey Berezowitz",Base five (one big),,0.0,30,Early clock (0-9 sec used)
UWW,Aurora Spartans,UW-Whitewater,Ripon Red Hawks,Ripon Red Hawks,2025-11-07,WWW@RIP,H1,751.0,Jake Quast,Turnover,0,play-by-play,True,synergy string,Blob- Line,BLOB Line,BLOB,BLOB,Line,,,,,,,Clean,,No Play Type,12 Jake Quast > No Play Type > Turnover,"Austin Ambrose, Darius Chestnut, JR Lukenbill, Jake Quast, Joey Berezowitz",Small / shooting five (no true big),,0.0,30,Early clock (0-9 sec used)
UWW,Aurora Spartans,UW-Whitewater,Ripon Red Hawks,Ripon Red Hawks,2025-11-07,WWW@RIP,H1,685.0,Jr Lukenbill,Make 2 Pts,2,play-by-play,True,synergy string,5 out zoom- BS Scree,5 Out Zoom,5 Out,Half court,5 Out,,Zoom | Ball Screen,Zoom,,,,Clean,,P&R Ball Handler,10 Darius Chestnut > P&R Ball Handler > Left P&R > Side > Dribble Off Pick > Defense Commits > Ball Delivered > 11 Jr Lukenbill > Cut > Screen > Make 2 Pts,"Austin Ambrose, Darius Chestnut, JR Lukenbill, Jake Quast, Joey Berezowitz",Small / shooting five (no true big),,0.0,30,Early clock (0-9 sec used)
UWW,Aurora Spartans,UW-Whitewater,Ripon Red Hawks,Ripon Red Hawks,2025-11-07,WWW@RIP,H1,634.0,Jr Lukenbill,Miss 3 Pts,0,play-by-play,True,synergy string,5 out zoom-Up screen,5 Out Zoom,5 Out,Half court,5 Out,,Zoom | Up Screen,Zoom,,,,Clean,,Spot-Up,11 Jr Lukenbill > Spot-Up > No Dribble Jumper > Guarded > Long/3pt > Miss 3 Pts,"Austin Ambrose, Darius Chestnut, JR Lukenbill, Jake Quast, Joey Berezowitz",Small / shooting five (no true big),,0.0,30,Early clock (0-9 sec used)
UWW,Aurora Spartans,UW-Whitewater,Ripon Red Hawks,Ripon Red Hawks,2025-11-07,WWW@RIP,H1,584.0,Collin Madson,Make 3 Pts,3,play-by-play,True,synergy string,5 out- stagger- bs,5 Out Stagger,5 Out,Half court,5 Out,,Stagger | Ball Screen,Stagger,,,,Clean,,P&R Ball Handler,15 Collin Madson > P&R Ball Handler > High P&R > Dribble Off Pick > Dribble Jumper > Long/3pt > Make 3 Pts,"Austin Ambrose, Collin Madson, Darius Chestnut, Joey Berezowitz, Richie Warren",Small / shooting five (no true big),,0.0,30,Early clock (0-9 sec used)
UWW,Aurora Spartans,UW-Whitewater,Ripon Red Hawks,Ripon Red Hawks,2025-11-07,WWW@RIP,H1,476.0,Collin Madson,Make 2 Pts,2,play-by-play,True,synergy string,Blob-line,BLOB Line,BLOB,BLOB,Line,,,,,,,Clean,,Post-Up,15 Collin Madson > Post-Up > Left Block > Left Shoulder > Dribble Move > To Hook > Make 2 Pts,"Brock Marino, Collin Madson, Darius Chestnut, Isaac Verges, Richie Warren",Base five (one big),,0.0,30,Early clock (0-9 sec used)
UWW,Aurora Spartans,UW-Whitewater,Ripon Red Hawks,Ripon Red Hawks,2025-11-07,WWW@RIP,H1,447.0,Collin Madson,Miss 3 Pts,0,play-by-play,True,synergy string,Dho-pass 5- ric,Ricky,Motion / no set,Half court,,,DHO | Pass | Ricky,Ricky,,,,Clean,,Off Screen,15 Collin Madson > Off Screen > To Shooter's Left > Straight > No Dribble Jumper > Open > Long/3pt > Miss 3 Pts,"Brock Marino, Collin Madson, Darius Chestnut, Isaac Verges, Richie Warren",Base five (one big),,12.0,30,Organized offense (10-19 sec used)
UWW,Aurora Spartans,UW-Whitewater,Ripon Red Hawks,Ripon Red Hawks,2025-11-07,WWW@RIP,H1,413.0,Collin Madson,Make 2 Pts,2,play-by-play,True,synergy string,Panther,Panther,Panther,Half court,,Panther,,,,,,Clean,,P&R Ball Handler,0 Isaac Verges > P&R Ball Handler > High P&R > Dribble Off Pick > Defense Commits > Ball Delivered > 15 Collin Madson > Spot-Up > Drives Left > To Basket > Make 2 Pts,"Brock Marino, Collin Madson, Isaac Verges, Luke Bara, Richie Warren",Base five (one big),,0.0,30,Early clock (0-9 sec used)
UWW,Aurora Spartans,UW-Whitewater,Ripon Red Hawks,Ripon Red Hawks,2025-11-07,WWW@RIP,H1,370.0,Brock Marino,Foul,0,play-by-play,True,player + clock,Blob-line,BLOB Line,BLOB,BLOB,Line,,,,,,,Clean,,Hand Off,21 Brock Marino > Hand Off > From Dribble > Right > To Basket > Foul,"Brock Marino, Collin Madson, Isaac Verges, Luke Bara, Richie Warren",Base five (one big),,0.0,30,Early clock (0-9 sec used)
UWW,Aurora Spartans,UW-Whitewater,Ripon Red Hawks,Ripon Red Hawks,2025-11-07,WWW@RIP,H1,,Brock Marino,Run Offense,,,False,,Brock Marino,,,Half court,,,,,,,Brock Marino,No call,"title is a player name, not a play",Offensive Rebound,21 Brock Marino > Offensive Rebound > Short > Run Offense,,,,,,
UWW,Aurora Spartans,UW-Whitewater,Ripon Red Hawks,Ripon Red Hawks,2025-11-07,WWW@RIP,H1,361.0,Collin Madson,Make 3 Pts,3,play-by-play,True,synergy string,blob-line,BLOB Line,BLOB,BLOB,Line,,,,,,,Clean,,Off Screen,15 Collin Madson > Off Screen > To Shooter's Right > Straight > No Dribble Jumper > Guarded > Long/3pt > Make 3 Pts,"Brock Marino, Collin Madson, Isaac Verges, Luke Bara, Richie Warren",Base five (one big),,2.0,30,Early clock (0-9 sec used)
UWW,Aurora Spartans,UW-Whitewater,Ripon Red Hawks,Ripon Red Hawks,2025-11-07,WWW@RIP,H1,273.0,Brock Marino,Make 2 Pts,2,play-by-play,True,synergy string,Panther,Panther,Panther,Half court,,Panther,,,,,,Clean,,Post-Up,21 Brock Marino > Post-Up > Left Block > Right Shoulder > Dribble Move > To Hook > Make 2 Pts,"Brock Marino, Collin Madson, Isaac Verges, Luke Bara, Richie Warren",Base five (one big),,0.0,30,Early clock (0-9 sec used)
UWW,Aurora Spartans,UW-Whitewater,Ripon Red Hawks,Ripon Red Hawks,2025-11-07,WWW@RIP,H1,231.0,Isaac Verges,Turnover,0,play-by-play,True,synergy string,Dho-pass 5- flair,DHO,Motion / no set,Half court,,,DHO | Pass | Flare,DHO,,,,Clean,,P&R Ball Handler,0 Isaac Verges > P&R Ball Handler > Right P&R > Side > Dribble Off Pick > Defense Commits > Turnover,"Brock Marino, Collin Madson, Isaac Verges, Luke Bara, Richie Warren",Base five (one big),,0.0,30,Early clock (0-9 sec used)
UWW,Aurora Spartans,UW-Whitewater,Ripon Red Hawks,Ripon Red Hawks,2025-11-07,WWW@RIP,H1,191.0,Richie Warren,Miss 2 Pts,0,play-by-play,True,synergy string,swing-swing-stagger,Stagger,Motion / no set,Half court,,,Swing | Stagger,Stagger,,,,Clean,,P&R Ball Handler,32 Luke Bara > P&R Ball Handler > High P&R > Dribble Off Pick > Defense Commits > Ball Delivered > 24 Richie Warren > Spot-Up > No Dribble Jumper > Open > Medium/17' to <3p > Miss 2 Pts,"Brock Marino, Collin Madson, Isaac Verges, Luke Bara, Richie Warren",Base five (one big),,0.0,30,Early clock (0-9 sec used)
UWW,Aurora Spartans,UW-Whitewater,Ripon Red Hawks,Ripon Red Hawks,2025-11-07,WWW@RIP,H1,,Isaac Verges,Kicked Ball,0,result tag,False,,blob-line,BLOB Line,BLOB,BLOB,Line,,,,,,,Clean,,Non Possession,0 Isaac Verges > Non Possession > Kicked Ball,,,,,,
UWW,Aurora Spartans,UW-Whitewater,Ripon Red Hawks,Ripon Red Hawks,2025-11-07,WWW@RIP,H1,,Brock Marino,No Violation,,,False,,slob,SLOB,SLOB,SLOB,,,,,,,,Clean,,Non Possession,21 Brock Marino > Non Possession > No Violation,,,,,,
UWW,Aurora Spartans,UW-Whitewater,Ripon Red Hawks,Ripon Red Hawks,2025-11-07,WWW@RIP,H1,72.0,Luke Bara,Turnover,0,play-by-play,True,synergy string,blob-line,BLOB Line,BLOB,BLOB,Line,,,,,,,Clean,,Off Screen,32 Luke Bara > Off Screen > To Shooter's Right > Straight > Turnover,"Brock Marino, Collin Madson, Isaac Verges, JR Lukenbill, Luke Bara",Base five (one big),,0.0,30,Early clock (0-9 sec used)
UWW,Aurora Spartans,UW-Whitewater,Ripon Red Hawks,Ripon Red Hawks,2025-11-07,WWW@RIP,H1,2.0,Collin Madson,Miss 3 Pts,0,play-by-play,True,synergy string,pass-swing-collin,Pass,Motion / no set,Half court,,,Pass | Swing,Pass,,,Collin Madson,Clean,,P&R Ball Handler,15 Collin Madson > P&R Ball Handler > High P&R > Dribble Off Pick > Dribble Jumper > Long/3pt > Miss 3 Pts,"Brock Marino, Collin Madson, Darius Chestnut, Isaac Verges, JR Lukenbill",Base five (one big),,0.0,30,Early clock (0-9 sec used)
UWW,Aurora Spartans,UW-Whitewater,Ripon Red Hawks,Ripon Red Hawks,2025-11-07,WWW@RIP,H2,1172.0,Brock Marino,Make 2 Pts,2,play-by-play,True,synergy string,5 out- pass- zoom-rip,5 Out Zoom,5 Out,Half court,5 Out,,Pass | Zoom | Rip,Zoom,,,,Clean,,Spot-Up,21 Brock Marino > Spot-Up > Drives Right > To Basket > Make 2 Pts,"Brock Marino, Collin Madson, Isaac Verges, JR Lukenbill, Luke Bara",Base five (one big),,0.0,30,Early clock (0-9 sec used)
UWW,Aurora Spartans,UW-Whitewater,Ripon Red Hawks,Ripon Red Hawks,2025-11-07,WWW@RIP,H2,1137.0,Brock Marino,Make 2 Pts,2,play-by-play,True,synergy string,5 out-stagger-curl-curl,5 Out Stagger,5 Out,Half court,5 Out,,Stagger | Curl,Stagger,,,,Clean,,Cut,21 Brock Marino > Cut > Basket > Make 2 Pts,"Brock Marino, Collin Madson, Isaac Verges, JR Lukenbill, Luke Bara",Base five (one big),,14.0,30,Organized offense (10-19 sec used)
UWW,Aurora Spartans,UW-Whitewater,Ripon Red Hawks,Ripon Red Hawks,2025-11-07,WWW@RIP,H2,1105.0,Isaac Verges,Make 2 Pts,2,play-by-play,True,synergy string,Flop- pass top-follow-ricky- spain,Flop Ricky,Flop,Half court,,Flop,Pass | Follow | Ricky | Spain,Ricky,Top,,,Clean,,P&R Ball Handler,0 Isaac Verges > P&R Ball Handler > High P&R > Dribble Off Pick > To Basket > Make 2 Pts,"Brock Marino, Collin Madson, Isaac Verges, JR Lukenbill, Luke Bara",Base five (one big),,9.0,30,Early clock (0-9 sec used)
UWW,Aurora Spartans,UW-Whitewater,Ripon Red Hawks,Ripon Red Hawks,2025-11-07,WWW@RIP,H2,,Brock Marino,Non Shooting Foul,,,False,,Panther,Panther,Panther,Half court,,Panther,,,,,,Clean,,Non Possession,21 Brock Marino > Non Possession > Non Shooting Foul,,,,,,
UWW,Aurora Spartans,UW-Whitewater,Ripon Red Hawks,Ripon Red Hawks,2025-11-07,WWW@RIP,H2,1053.0,Collin Madson,Miss 3 Pts,0,play-by-play,True,synergy string,Blob-line,BLOB Line,BLOB,BLOB,Line,,,,,,,Clean,,Spot-Up,15 Collin Madson > Spot-Up > No Dribble Jumper > Guarded > Long/3pt > Miss 3 Pts,"Brock Marino, Collin Madson, Isaac Verges, JR Lukenbill, Luke Bara",Base five (one big),,0.0,30,Early clock (0-9 sec used)
UWW,Aurora Spartans,UW-Whitewater,Ripon Red Hawks,Ripon Red Hawks,2025-11-07,WWW@RIP,H2,1002.0,Brock Marino,Make 2 Pts,2,play-by-play,True,synergy string,5 out- pass-pass- zoom-up screen,5 Out Zoom,5 Out,Half court,5 Out,,Pass | Zoom | Up Screen,Zoom,,,,Clean,,Post-Up,21 Brock Marino > Post-Up > Right Block > Right Shoulder > Dribble Move > To Basket > Make 2 Pts,"Brock Marino, Collin Madson, Isaac Verges, JR Lukenbill, Luke Bara",Base five (one big),,0.0,30,Early clock (0-9 sec used)
UWW,Aurora Spartans,UW-Whitewater,Ripon Red Hawks,Ripon Red Hawks,2025-11-07,WWW@RIP,H2,965.0,Brock Marino,Foul,1,play-by-play,True,player + clock,Panther,Panther,Panther,Half court,,Panther,,,,,,Clean,,Post-Up,21 Brock Marino > Post-Up > Left Block > Post Pin > No Dribble Move > To Basket > Foul,"Brock Marino, Collin Madson, Isaac Verges, JR Lukenbill, Luke Bara",Base five (one big),,12.0,30,Organized offense (10-19 sec used)
UWW,Aurora Spartans,UW-Whitewater,Ripon Red Hawks,Ripon Red Hawks,2025-11-07,WWW@RIP,H2,812.0,Jake Quast,Make 3 Pts,3,play-by-play,True,synergy string,slob,SLOB,SLOB,SLOB,,,,,,,,Clean,,P&R Ball Handler,22 Joey Berezowitz > P&R Ball Handler > High P&R > Go Away from Pick > Defense Commits > Ball Delivered > 12 Jake Quast > Spot-Up > No Dribble Jumper > Guarded > Long/3pt > Make 3 Pts,"Austin Ambrose, Collin Madson, Darius Chestnut, Jake Quast, Joey Berezowitz",Small / shooting five (no true big),,6.0,30,Early clock (0-9 sec used)
UWW,Aurora Spartans,UW-Whitewater,Ripon Red Hawks,Ripon Red Hawks,2025-11-07,WWW@RIP,H2,770.0,Collin Madson,Turnover,0,play-by-play,True,synergy string,Pass- follow- give-ricky,Ricky,Motion / no set,Half court,,,Pass | Follow | Give | Ricky,Ricky,,,,Clean,,Post-Up,15 Collin Madson > Post-Up > Right Block > Right Shoulder > Dribble Move > Defense Commits > Turnover,"Austin Ambrose, Collin Madson, Darius Chestnut, Jake Quast, Joey Berezowitz",Small / shooting five (no true big),,0.0,30,Early clock (0-9 sec used)
UWW,Aurora Spartans,UW-Whitewater,Ripon Red Hawks,Ripon Red Hawks,2025-11-07,WWW@RIP,H2,692.0,Jake Quast,Miss 2 Pts,0,play-by-play,True,synergy string,cheetah,Cheetah,Cheetah,Half court,,Cheetah,,,,,,Clean,,P&R Ball Handler,12 Jake Quast > P&R Ball Handler > Right P&R > Side > Dribble Off Pick > To Basket > Miss 2 Pts,"Austin Ambrose, Darius Chestnut, Jake Quast, Joey Berezowitz, Richie Warren",Small / shooting five (no true big),,0.0,30,Early clock (0-9 sec used)
UWW,Aurora Spartans,UW-Whitewater,Ripon Red Hawks,Ripon Red Hawks,2025-11-07,WWW@RIP,H2,477.0,Jake Quast,Foul,2,play-by-play,True,player + clock,5 out-swing-swing-stagger,5 Out Stagger,5 Out,Half court,5 Out,,Swing | Stagger,Stagger,,,,Clean,,Spot-Up,12 Jake Quast > Spot-Up > Drives Left > To Basket > Foul,"Brock Marino, Darius Chestnut, Jake Quast, Joey Berezowitz, Richie Warren",Base five (one big),,0.0,30,Early clock (0-9 sec used)
UWW,Aurora Spartans,UW-Whitewater,Ripon Red Hawks,Ripon Red Hawks,2025-11-07,WWW@RIP,H2,444.0,Isaac Verges,Miss 2 Pts,0,play-by-play,True,synergy string,panther,Panther,Panther,Half court,,Panther,,,,,,Clean,,P&R Ball Handler,0 Isaac Verges > P&R Ball Handler > High P&R > Dribble Off Pick > To Basket > Miss 2 Pts,"Brock Marino, Collin Madson, Darius Chestnut, Isaac Verges, JR Lukenbill",Base five (one big),,0.0,30,Early clock (0-9 sec used)
UWW,Aurora Spartans,UW-Whitewater,Ripon Red Hawks,Ripon Red Hawks,2025-11-07,WWW@RIP,H2,374.0,Brock Marino,Make 2 Pts,2,play-by-play,True,synergy string,TBD,,,Half court,,,,,,,,Needs review,tagger flagged it (rewatch/TBD/?/mess up),P&R Ball Handler,15 Collin Madson > P&R Ball Handler > Right P&R > Side > Dribble Off Pick > Defense Commits > Ball Delivered > 21 Brock Marino > P&R Roll Man > Slips the Pick > To Basket > Make 2 Pts,"Brock Marino, Collin Madson, Darius Chestnut, Isaac Verges, JR Lukenbill",Base five (one big),Leading by 10+,16.0,30,Organized offense (10-19 sec used)
UWW,Aurora Spartans,UW-Whitewater,Ripon Red Hawks,Ripon Red Hawks,2025-11-07,WWW@RIP,H2,324.0,Darius Chestnut,Make 2 Pts,2,play-by-play,True,synergy string,5 out-bs,5 Out Ball Screen,5 Out,Half court,5 Out,,Ball Screen,Ball Screen,,,,Clean,,P&R Ball Handler,10 Darius Chestnut > P&R Ball Handler > Right P&R > Side > Dribble Off Pick > To Basket > Make 2 Pts,"Brock Marino, Collin Madson, Darius Chestnut, Isaac Verges, JR Lukenbill",Base five (one big),Leading by 10+,17.0,30,Organized offense (10-19 sec used)
UWW,Aurora Spartans,UW-Whitewater,Ripon Red Hawks,Ripon Red Hawks,2025-11-07,WWW@RIP,H2,245.0,Brock Marino,Make 2 Pts,2,play-by-play,True,synergy string,ATO-,ATO (unspecified),ATO,ATO,,,,,,,,Partial,,ISO,21 Brock Marino > ISO > Top > Drives Right > To Basket > Make 2 Pts,"Brock Marino, Collin Madson, Darius Chestnut, Isaac Verges, JR Lukenbill",Base five (one big),Leading by 10+,9.0,30,Early clock (0-9 sec used)
UWW,Aurora Spartans,UW-Whitewater,Ripon Red Hawks,Ripon Red Hawks,2025-11-07,WWW@RIP,H2,167.0,Jr Lukenbill,Miss 3 Pts,0,play-by-play,True,synergy string,CHeetah,Cheetah,Cheetah,Half court,,Cheetah,,,,,,Clean,,ISO,21 Brock Marino > ISO > Top > Drives Left > Defense Commits > Ball Delivered > 11 Jr Lukenbill > Spot-Up > No Dribble Jumper > Guarded > Long/3pt > Miss 3 Pts,"Brock Marino, Collin Madson, Darius Chestnut, Isaac Verges, JR Lukenbill",Base five (one big),Leading by 10+,27.0,30,Late clock (20+ sec used)
UWW,Aurora Spartans,UW-Whitewater,Ripon Red Hawks,Ripon Red Hawks,2025-11-07,WWW@RIP,H2,159.0,Isaac Verges,Miss 2 Pts,0,play-by-play,True,synergy string,Blob-line,BLOB Line,BLOB,BLOB,Line,,,,,,,Clean,,Hand Off,0 Isaac Verges > Hand Off > From Dribble > Left > To Basket > Miss 2 Pts,"Brock Marino, Collin Madson, Darius Chestnut, Isaac Verges, JR Lukenbill",Base five (one big),Leading by 10+,7.0,20,Early clock (0-9 sec used)
UWW,Aurora Spartans,UW-Whitewater,Ripon Red Hawks,Ripon Red Hawks,2025-11-07,WWW@RIP,H2,80.0,Isaac Verges,Miss 3 Pts,0,play-by-play,True,synergy string,5out,5 Out,5 Out,Half court,5 Out,,,,,,,Clean,,P&R Ball Handler,22 Joey Berezowitz > P&R Ball Handler > High P&R > Go Away from Pick > Defense Commits > Ball Delivered > 0 Isaac Verges > Spot-Up > No Dribble Jumper > Open > Long/3pt > Miss 3 Pts,"Brock Marino, Collin Madson, Isaac Verges, JR Lukenbill, Joey Berezowitz",Base five (one big),Leading by 10+,16.0,30,Organized offense (10-19 sec used)
UWW,Aurora Spartans,UW-Whitewater,St. Thomas (TX) Celts,St. Thomas (TX) Celts,2025-11-14,WWW@STC,H1,1162.0,Isaac Verges,Turnover,0,play-by-play,True,synergy string,5 out-stagger,5 Out Stagger,5 Out,Half court,5 Out,,Stagger,Stagger,,,,Clean,,No Play Type,0 Isaac Verges > No Play Type > Turnover,"Brock Marino, Collin Madson, Isaac Verges, JR Lukenbill, Luke Bara",Base five (one big),,0.0,30,Early clock (0-9 sec used)
UWW,Aurora Spartans,UW-Whitewater,St. Thomas (TX) Celts,St. Thomas (TX) Celts,2025-11-14,WWW@STC,H1,1084.0,Collin Madson,Make 2 Pts,2,play-by-play,True,synergy string,5 out- pass 5 -flair,5 Out Flare,5 Out,Half court,5 Out,,Pass | Flare,Flare,,,,Clean,,Cut,15 Collin Madson > Cut > Basket > Make 2 Pts,"Brock Marino, Collin Madson, Isaac Verges, JR Lukenbill, Luke Bara",Base five (one big),,0.0,30,Early clock (0-9 sec used)
UWW,Aurora Spartans,UW-Whitewater,St. Thomas (TX) Celts,St. Thomas (TX) Celts,2025-11-14,WWW@STC,H1,1039.0,Jr Lukenbill,Make 3 Pts,3,play-by-play,True,synergy string,5 out motion,5 Out Motion,5 Out,Half court,5 Out,,Motion,Motion,,,,Clean,,Spot-Up,11 Jr Lukenbill > Spot-Up > No Dribble Jumper > Guarded > Long/3pt > Make 3 Pts,"Brock Marino, Collin Madson, Isaac Verges, JR Lukenbill, Luke Bara",Base five (one big),,0.0,30,Early clock (0-9 sec used)
UWW,Aurora Spartans,UW-Whitewater,St. Thomas (TX) Celts,St. Thomas (TX) Celts,2025-11-14,WWW@STC,H1,997.0,Luke Bara,Miss 3 Pts,0,play-by-play,True,synergy string,SLob,SLOB,SLOB,SLOB,,,,,,,,Clean,,Spot-Up,32 Luke Bara > Spot-Up > No Dribble Jumper > Guarded > Long/3pt > Miss 3 Pts,"Brock Marino, Collin Madson, Isaac Verges, JR Lukenbill, Luke Bara",Base five (one big),,0.0,30,Early clock (0-9 sec used)
UWW,Aurora Spartans,UW-Whitewater,St. Thomas (TX) Celts,St. Thomas (TX) Celts,2025-11-14,WWW@STC,H1,962.0,Brock Marino,Make 3 Pts,3,play-by-play,True,synergy string,5 out- top key 3,5 Out,5 Out,Half court,5 Out,,,,Top,Top 3,,Clean,,ISO,0 Isaac Verges > ISO > Top > Drives Right > Defense Commits > Ball Delivered > 21 Brock Marino > Spot-Up > No Dribble Jumper > Guarded > Long/3pt > Make 3 Pts,"Brock Marino, Collin Madson, Isaac Verges, JR Lukenbill, Luke Bara",Base five (one big),,9.0,30,Early clock (0-9 sec used)
UWW,Aurora Spartans,UW-Whitewater,St. Thomas (TX) Celts,St. Thomas (TX) Celts,2025-11-14,WWW@STC,H1,,Luke Bara,Non Shooting Foul,,,False,,5 out- pass 5- down screen,5 Out Down Screen,5 Out,Half court,5 Out,,Pass | Down Screen,Down Screen,,,,Clean,,Non Possession,32 Luke Bara > Non Possession > Non Shooting Foul,,,,,,
UWW,Aurora Spartans,UW-Whitewater,St. Thomas (TX) Celts,St. Thomas (TX) Celts,2025-11-14,WWW@STC,H1,904.0,Brock Marino,Miss 2 Pts,0,play-by-play,True,synergy string,slob-stagger,SLOB Stagger,SLOB,SLOB,,,Stagger,Stagger,,,,Clean,,P&R Ball Handler,32 Luke Bara > P&R Ball Handler > High P&R > Dribble Off Pick > Defense Commits > Ball Delivered > 21 Brock Marino > P&R Roll Man > Rolls to Basket > Miss 2 Pts,"Brock Marino, Collin Madson, Isaac Verges, JR Lukenbill, Luke Bara",Base five (one big),,9.0,30,Early clock (0-9 sec used)
UWW,Aurora Spartans,UW-Whitewater,St. Thomas (TX) Celts,St. Thomas (TX) Celts,2025-11-14,WWW@STC,H1,840.0,Jr Lukenbill,Make 3 Pts,3,play-by-play,True,synergy string,5 out- down screens,5 Out Down Screen,5 Out,Half court,5 Out,,Down Screen,Down Screen,,,,Clean,,Spot-Up,11 Jr Lukenbill > Spot-Up > No Dribble Jumper > Guarded > Long/3pt > Make 3 Pts,"Brock Marino, Collin Madson, Isaac Verges, JR Lukenbill, Luke Bara",Base five (one big),,26.0,30,Late clock (20+ sec used)
UWW,Aurora Spartans,UW-Whitewater,St. Thomas (TX) Celts,St. Thomas (TX) Celts,2025-11-14,WWW@STC,H1,809.0,Jr Lukenbill,Miss 3 Pts,0,play-by-play,True,synergy string,blob-lline,BLOB Line,BLOB,BLOB,Line,,,,,,,Clean,,P&R Ball Handler,22 Joey Berezowitz > P&R Ball Handler > Left P&R > Side > Dribble Off Pick > Defense Commits > Ball Delivered > 11 Jr Lukenbill > Spot-Up > No Dribble Jumper > Guarded > Long/3pt > Miss 3 Pts,"Brock Marino, Collin Madson, Darius Chestnut, JR Lukenbill, Joey Berezowitz",Base five (one big),,5.0,30,Early clock (0-9 sec used)
UWW,Aurora Spartans,UW-Whitewater,St. Thomas (TX) Celts,St. Thomas (TX) Celts,2025-11-14,WWW@STC,H1,768.0,Darius Chestnut,Miss 3 Pts,0,play-by-play,True,synergy string,5 out stagger- pass- bs,5 Out Stagger,5 Out,Half court,5 Out,,Stagger | Pass | Ball Screen,Stagger,,,,Clean,,P&R Ball Handler,15 Collin Madson > P&R Ball Handler > High P&R > Dribble Off Pick > Defense Commits > Ball Delivered > 10 Darius Chestnut > Spot-Up > No Dribble Jumper > Guarded > Long/3pt > Miss 3 Pts,"Brock Marino, Collin Madson, Darius Chestnut, JR Lukenbill, Joey Berezowitz",Base five (one big),,0.0,30,Early clock (0-9 sec used)
UWW,Aurora Spartans,UW-Whitewater,St. Thomas (TX) Celts,St. Thomas (TX) Celts,2025-11-14,WWW@STC,H1,759.0,Collin Madson,Make 3 Pts,3,play-by-play,True,synergy string,blob-L,BLOB Line,BLOB,BLOB,Line,,,,,,,Clean,,Off Screen,15 Collin Madson > Off Screen > To Shooter's Left > Straight > No Dribble Jumper > Guarded > Long/3pt > Make 3 Pts,"Collin Madson, Darius Chestnut, Jake Quast, Joey Berezowitz, Richie Warren",Small / shooting five (no true big),,5.0,30,Early clock (0-9 sec used)
UWW,Aurora Spartans,UW-Whitewater,St. Thomas (TX) Celts,St. Thomas (TX) Celts,2025-11-14,WWW@STC,H1,701.0,Richie Warren,0 Pts,2,play-by-play,True,synergy string,5 out-flairs,5 Out Flare,5 Out,Half court,5 Out,,Flare,Flare,,,,Clean,,Cut,24 Richie Warren > Cut > Flash > Make 2 Pts Foul > 0 Pts,"Collin Madson, Darius Chestnut, Jake Quast, Joey Berezowitz, Richie Warren",Small / shooting five (no true big),,0.0,30,Early clock (0-9 sec used)
UWW,Aurora Spartans,UW-Whitewater,St. Thomas (TX) Celts,St. Thomas (TX) Celts,2025-11-14,WWW@STC,H1,625.0,Collin Madson,Make 3 Pts,3,play-by-play,True,synergy string,5 out-flair,5 Out Flare,5 Out,Half court,5 Out,,Flare,Flare,,,,Clean,,Spot-Up,15 Collin Madson > Spot-Up > No Dribble Jumper > Open > Long/3pt > Make 3 Pts,"Collin Madson, Jake Quast, Joey Berezowitz, Kelton McEwen, Richie Warren",Small / shooting five (no true big),,12.0,30,Organized offense (10-19 sec used)
UWW,Aurora Spartans,UW-Whitewater,St. Thomas (TX) Celts,St. Thomas (TX) Celts,2025-11-14,WWW@STC,H1,546.0,Collin Madson,Foul,2,play-by-play,True,player + clock,5 out-cheetah,Cheetah,Cheetah,Half court,5 Out,Cheetah,,,,,,Clean,,ISO,24 Richie Warren > ISO > Top > Drives Left > Defense Commits > Ball Delivered > 15 Collin Madson > Cut > Basket > Foul,"Collin Madson, Jake Quast, Joey Berezowitz, Kelton McEwen, Richie Warren",Small / shooting five (no true big),,0.0,30,Early clock (0-9 sec used)
UWW,Aurora Spartans,UW-Whitewater,St. Thomas (TX) Celts,St. Thomas (TX) Celts,2025-11-14,WWW@STC,H1,422.0,Jr Lukenbill,Miss 2 Pts,0,play-by-play,True,synergy string,5 out- down screens,5 Out Down Screen,5 Out,Half court,5 Out,,Down Screen,Down Screen,,,,Clean,,Spot-Up,11 Jr Lukenbill > Spot-Up > Drives Right > Dribble Jumper > Short to < 17' > Miss 2 Pts,"Brock Marino, Isaac Verges, JR Lukenbill, Kelton McEwen, Richie Warren",Base five (one big),,26.0,30,Late clock (20+ sec used)
UWW,Aurora Spartans,UW-Whitewater,St. Thomas (TX) Celts,St. Thomas (TX) Celts,2025-11-14,WWW@STC,H1,307.0,Brock Marino,Make 3 Pts,3,play-by-play,True,synergy string,5 out-stand,5 Out,5 Out,Half court,5 Out,,Stand,Stand,,,,Clean,,P&R Ball Handler,2 Kelton Mcewen > P&R Ball Handler > High P&R > Dribble Off Pick > Defense Commits > Ball Delivered > 21 Brock Marino > P&R Roll Man > Pick and Pops > No Dribble Jumper > Guarded > Long/3pt > Make 3 Pts,"Brock Marino, Isaac Verges, JR Lukenbill, Kelton McEwen, Richie Warren",Base five (one big),Leading by 10+,0.0,30,Early clock (0-9 sec used)
UWW,Aurora Spartans,UW-Whitewater,St. Thomas (TX) Celts,St. Thomas (TX) Celts,2025-11-14,WWW@STC,H1,203.0,Luke Bara,Miss 3 Pts,0,play-by-play,True,synergy string,5 out-dho,5 Out DHO,5 Out,Half court,5 Out,,DHO,DHO,,,,Clean,,Off Screen,32 Luke Bara > Off Screen > To Shooter's Right > Straight > Dribble Jumper > Long/3pt > Miss 3 Pts,"Brock Marino, Collin Madson, Isaac Verges, Jake Quast, Luke Bara",Base five (one big),,0.0,30,Early clock (0-9 sec used)
UWW,Aurora Spartans,UW-Whitewater,St. Thomas (TX) Celts,St. Thomas (TX) Celts,2025-11-14,WWW@STC,H1,156.0,Jake Quast,Miss 2 Pts,0,play-by-play,True,synergy string,5 out-twirl,5 Out Twirl,5 Out,Half court,5 Out,,Twirl,Twirl,,,,Clean,,P&R Ball Handler,15 Collin Madson > P&R Ball Handler > High P&R > Go Away from Pick > Defense Commits > Ball Delivered > 12 Jake Quast > Cut > Basket > Miss 2 Pts,"Brock Marino, Collin Madson, Isaac Verges, Jake Quast, Luke Bara",Base five (one big),,0.0,30,Early clock (0-9 sec used)
UWW,Aurora Spartans,UW-Whitewater,St. Thomas (TX) Celts,St. Thomas (TX) Celts,2025-11-14,WWW@STC,H1,105.0,Collin Madson,Miss 3 Pts,0,play-by-play,True,synergy string,panther,Panther,Panther,Half court,,Panther,,,,,,Clean,,Spot-Up,15 Collin Madson > Spot-Up > Drives Left > Dribble Jumper > Long/3pt > Miss 3 Pts,"Brock Marino, Collin Madson, Isaac Verges, Jake Quast, Luke Bara",Base five (one big),,22.0,30,Late clock (20+ sec used)
UWW,Aurora Spartans,UW-Whitewater,St. Thomas (TX) Celts,St. Thomas (TX) Celts,2025-11-14,WWW@STC,H1,90.0,Brock Marino,Turnover,0,play-by-play,True,synergy string,blob-line,BLOB Line,BLOB,BLOB,Line,,,,,,,Clean,,Spot-Up,21 Brock Marino > Spot-Up > Drives Left > To Basket > Turnover,"Brock Marino, Collin Madson, Isaac Verges, Jake Quast, Luke Bara",Base five (one big),,13.0,30,Organized offense (10-19 sec used)
UWW,Aurora Spartans,UW-Whitewater,St. Thomas (TX) Celts,St. Thomas (TX) Celts,2025-11-14,WWW@STC,H1,46.0,Jake Quast,Turnover,0,play-by-play,True,synergy string,5 out-ds-reject,5 Out Down Screen,5 Out,Half court,5 Out,,Down Screen | Reject,Down Screen,,,,Clean,,Hand Off,12 Jake Quast > Hand Off > From Dribble > Top > Turnover,"Collin Madson, Isaac Verges, Jake Quast, Luke Bara, Richie Warren",Small / shooting five (no true big),,0.0,30,Early clock (0-9 sec used)
UWW,Aurora Spartans,UW-Whitewater,St. Thomas (TX) Celts,St. Thomas (TX) Celts,2025-11-14,WWW@STC,H1,25.0,Isaac Verges,Foul,2,play-by-play,True,player + clock,5 out- pass- BC Cut,5 Out Backcut,5 Out,Half court,5 Out,,Pass | Backcut,Backcut,,,,Clean,,Spot-Up,0 Isaac Verges > Spot-Up > Drives Left > To Basket > Foul,"Collin Madson, Isaac Verges, Jake Quast, Luke Bara, Richie Warren",Small / shooting five (no true big),,0.0,30,Early clock (0-9 sec used)
UWW,Aurora Spartans,UW-Whitewater,St. Thomas (TX) Celts,St. Thomas (TX) Celts,2025-11-14,WWW@STC,H2,1188.0,Collin Madson,Foul,2,play-by-play,True,player + clock,Opener- madson play,Opening set (unspecified),Opening set,Opening set,,,,,,,Collin Madson,Partial,,P&R Ball Handler,15 Collin Madson > P&R Ball Handler > High P&R > Dribble Off Pick > To Basket > Foul,"Brock Marino, Collin Madson, Isaac Verges, JR Lukenbill, Luke Bara",Base five (one big),,0.0,30,Early clock (0-9 sec used)
UWW,Aurora Spartans,UW-Whitewater,St. Thomas (TX) Celts,St. Thomas (TX) Celts,2025-11-14,WWW@STC,H2,1148.0,Luke Bara,Miss 3 Pts,0,play-by-play,True,synergy string,blob-line,BLOB Line,BLOB,BLOB,Line,,,,,,,Clean,,P&R Ball Handler,32 Luke Bara > P&R Ball Handler > Right P&R > Side > Dribble Off Pick > Dribble Jumper > Long/3pt > Miss 3 Pts,"Brock Marino, Collin Madson, Isaac Verges, JR Lukenbill, Luke Bara",Base five (one big),,0.0,30,Early clock (0-9 sec used)
UWW,Aurora Spartans,UW-Whitewater,St. Thomas (TX) Celts,St. Thomas (TX) Celts,2025-11-14,WWW@STC,H2,1088.0,Luke Bara,Turnover,0,play-by-play,True,synergy string,5 out stagger,5 Out Stagger,5 Out,Half court,5 Out,,Stagger,Stagger,,,,Clean,,No Play Type,32 Luke Bara > No Play Type > Turnover,"Brock Marino, Collin Madson, Isaac Verges, JR Lukenbill, Luke Bara",Base five (one big),,0.0,30,Early clock (0-9 sec used)
UWW,Aurora Spartans,UW-Whitewater,St. Thomas (TX) Celts,St. Thomas (TX) Celts,2025-11-14,WWW@STC,H2,1042.0,Luke Bara,Make 3 Pts,3,play-by-play,True,synergy string,blob-line-ricky,BLOB Line Ricky,BLOB,BLOB,Line,,Ricky,Ricky,,,,Clean,,ISO,0 Isaac Verges > ISO > Right > Drives Right > Defense Commits > Ball Delivered > 32 Luke Bara > Spot-Up > Drives Right > Dribble Jumper > Long/3pt > Make 3 Pts,"Collin Madson, Isaac Verges, JR Lukenbill, Luke Bara, Richie Warren",Small / shooting five (no true big),,13.0,30,Organized offense (10-19 sec used)
UWW,Aurora Spartans,UW-Whitewater,St. Thomas (TX) Celts,St. Thomas (TX) Celts,2025-11-14,WWW@STC,H2,987.0,Richie Warren,Miss 2 Pts,0,play-by-play,True,synergy string,5 out-pass- cut,5 Out,5 Out,Half court,5 Out,,Pass | Cut,Pass,,,,Clean,,ISO,24 Richie Warren > ISO > Top > Drives Right > To Basket > Miss 2 Pts,"Collin Madson, Isaac Verges, JR Lukenbill, Luke Bara, Richie Warren",Small / shooting five (no true big),,14.0,30,Organized offense (10-19 sec used)
UWW,Aurora Spartans,UW-Whitewater,St. Thomas (TX) Celts,St. Thomas (TX) Celts,2025-11-14,WWW@STC,H2,975.0,Jr Lukenbill,Turnover,0,play-by-play,True,synergy string,5 out-cheetah- slip,Cheetah,Cheetah,Half court,5 Out,Cheetah,Slip,Slip,,,,Clean,,Cut,11 Jr Lukenbill > Cut > Basket > Turnover,"Collin Madson, Isaac Verges, JR Lukenbill, Luke Bara, Richie Warren",Small / shooting five (no true big),,0.0,30,Early clock (0-9 sec used)
UWW,Aurora Spartans,UW-Whitewater,St. Thomas (TX) Celts,St. Thomas (TX) Celts,2025-11-14,WWW@STC,H2,944.0,Jr Lukenbill,Miss 2 Pts,0,play-by-play,True,synergy string,5 out-pass-dho,5 Out DHO,5 Out,Half court,5 Out,,Pass | DHO,DHO,,,,Clean,,Hand Off,11 Jr Lukenbill > Hand Off > From Dribble > Top > To Basket > Miss 2 Pts,"Collin Madson, Isaac Verges, JR Lukenbill, Luke Bara, Richie Warren",Small / shooting five (no true big),,0.0,30,Early clock (0-9 sec used)
UWW,Aurora Spartans,UW-Whitewater,St. Thomas (TX) Celts,St. Thomas (TX) Celts,2025-11-14,WWW@STC,H2,889.0,Luke Bara,Turnover,0,play-by-play,True,synergy string,5 out-pass 5-flair,5 Out Flare,5 Out,Half court,5 Out,,Pass | Flare,Flare,,,,Clean,,P&R Ball Handler,32 Luke Bara > P&R Ball Handler > High P&R > Dribble Off Pick > Defense Commits > Turnover,"Collin Madson, Jake Quast, Joey Berezowitz, Luke Bara, Richie Warren",Small / shooting five (no true big),,0.0,30,Early clock (0-9 sec used)
UWW,Aurora Spartans,UW-Whitewater,St. Thomas (TX) Celts,St. Thomas (TX) Celts,2025-11-14,WWW@STC,H2,810.0,Collin Madson,Turnover,0,play-by-play,True,synergy string,TBD,,,Half court,,,,,,,,Needs review,tagger flagged it (rewatch/TBD/?/mess up),Spot-Up,15 Collin Madson > Spot-Up > Drives Right > Turnover,"Collin Madson, JR Lukenbill, Jake Quast, Joey Berezowitz, Richie Warren",Small / shooting five (no true big),,24.0,30,Late clock (20+ sec used)
UWW,Aurora Spartans,UW-Whitewater,St. Thomas (TX) Celts,St. Thomas (TX) Celts,2025-11-14,WWW@STC,H2,739.0,Jake Quast,Foul,2,play-by-play,True,player + clock,5 out- pass 5 -flair,5 Out Flare,5 Out,Half court,5 Out,,Pass | Flare,Flare,,,,Clean,,Spot-Up,12 Jake Quast > Spot-Up > Drives Right > Foul,"Austin Ambrose, JR Lukenbill, Jake Quast, Joey Berezowitz, Richie Warren",Small / shooting five (no true big),,0.0,30,Early clock (0-9 sec used)
UWW,Aurora Spartans,UW-Whitewater,St. Thomas (TX) Celts,St. Thomas (TX) Celts,2025-11-14,WWW@STC,H2,696.0,Jake Quast,Miss 2 Pts,0,play-by-play,True,synergy string,5 out-motion,5 Out Motion,5 Out,Half court,5 Out,,Motion,Motion,,,,Clean,,P&R Ball Handler,22 Joey Berezowitz > P&R Ball Handler > High P&R > Dribble Off Pick > Defense Commits > Ball Delivered > 12 Jake Quast > Spot-Up > Drives Left > To Basket > Miss 2 Pts,"Austin Ambrose, JR Lukenbill, Jake Quast, Joey Berezowitz, Richie Warren",Small / shooting five (no true big),,0.0,30,Early clock (0-9 sec used)
UWW,Aurora Spartans,UW-Whitewater,St. Thomas (TX) Celts,St. Thomas (TX) Celts,2025-11-14,WWW@STC,H2,680.0,Richie Warren,Foul,2,play-by-play,True,player + clock,5 out- big on big - HIlo,5 Out Big-on-Big,5 Out,Half court,5 Out,,Big-on-Big,Big-on-Big,,,,Clean,,Post-Up,24 Richie Warren > Post-Up > Flash Middle > Left Shoulder > Dribble Move > To Hook > Foul,"Austin Ambrose, JR Lukenbill, Jake Quast, Joey Berezowitz, Richie Warren",Small / shooting five (no true big),,0.0,30,Early clock (0-9 sec used)
UWW,Aurora Spartans,UW-Whitewater,St. Thomas (TX) Celts,St. Thomas (TX) Celts,2025-11-14,WWW@STC,H2,636.0,Jake Quast,Miss 2 Pts,0,play-by-play,True,synergy string,5 out- mess up,5 Out,5 Out,Half court,5 Out,,,,,,,Needs review,tagger flagged it (rewatch/TBD/?/mess up),Spot-Up,12 Jake Quast > Spot-Up > Drives Left > To Basket > Miss 2 Pts,"Austin Ambrose, JR Lukenbill, Jake Quast, Joey Berezowitz, Richie Warren",Small / shooting five (no true big),,0.0,30,Early clock (0-9 sec used)
UWW,Aurora Spartans,UW-Whitewater,St. Thomas (TX) Celts,St. Thomas (TX) Celts,2025-11-14,WWW@STC,H2,476.0,Collin Madson,Miss 2 Pts,1,play-by-play,True,synergy string,ATO,ATO (unspecified),ATO,ATO,,,,,,,,Partial,,P&R Ball Handler,15 Collin Madson > P&R Ball Handler > High P&R > Go Away from Pick > To Basket > Miss 2 Pts,"Brock Marino, Collin Madson, Jake Quast, Kelton McEwen, Richie Warren",Base five (one big),Trailing by 10+,19.0,30,Organized offense (10-19 sec used)
UWW,Aurora Spartans,UW-Whitewater,St. Thomas (TX) Celts,St. Thomas (TX) Celts,2025-11-14,WWW@STC,H2,247.0,Richie Warren,Miss 2 Pts,2,play-by-play,True,synergy string,5 out-DS,5 Out Down Screen,5 Out,Half court,5 Out,,Down Screen,Down Screen,,,,Clean,,ISO,24 Richie Warren > ISO > Top > Drives Right > To Basket > Miss 2 Pts,"Collin Madson, Darius Chestnut, JR Lukenbill, Kelton McEwen, Richie Warren",Small / shooting five (no true big),Trailing by 10+,10.0,30,Organized offense (10-19 sec used)
UWW,Aurora Spartans,UW-Whitewater,St. Thomas (TX) Celts,St. Thomas (TX) Celts,2025-11-14,WWW@STC,H2,197.0,Kelton Mcewen,Make 2 Pts,2,play-by-play,True,synergy string,5 out-bs,5 Out Ball Screen,5 Out,Half court,5 Out,,Ball Screen,Ball Screen,,,,Clean,,P&R Ball Handler,2 Kelton Mcewen > P&R Ball Handler > Right P&R > Side > Dribble Off Pick > To Basket > Make 2 Pts,"Collin Madson, Darius Chestnut, JR Lukenbill, Kelton McEwen, Richie Warren",Small / shooting five (no true big),,0.0,30,Early clock (0-9 sec used)
UWW,Aurora Spartans,UW-Whitewater,St. Thomas (TX) Celts,St. Thomas (TX) Celts,2025-11-14,WWW@STC,H2,115.0,Collin Madson,Make 2 Pts,2,play-by-play,True,synergy string,5 out-bs,5 Out Ball Screen,5 Out,Half court,5 Out,,Ball Screen,Ball Screen,,,,Clean,,ISO,15 Collin Madson > ISO > Top > Drives Left > To Basket > Make 2 Pts,"Collin Madson, JR Lukenbill, Kelton McEwen, Luke Bara, Richie Warren",Small / shooting five (no true big),,0.0,30,Early clock (0-9 sec used)
UWW,Aurora Spartans,UW-Whitewater,Eureka Red Devils,Eureka Red Devils,2025-11-15,EC@WWW,H1,1184.0,Brock Marino,Make 2 Pts,2,play-by-play,True,synergy string,Panther,Panther,Panther,Half court,,Panther,,,,,,Clean,,Post-Up,21 Brock Marino > Post-Up > Left Block > Right Shoulder > Dribble Move > To Up and Under > Make 2 Pts,"Brock Marino, Collin Madson, Isaac Verges, JR Lukenbill, Luke Bara",Base five (one big),,0.0,30,Early clock (0-9 sec used)
UWW,Aurora Spartans,UW-Whitewater,Eureka Red Devils,Eureka Red Devils,2025-11-15,EC@WWW,H1,1130.0,Luke Bara,Miss 3 Pts,0,play-by-play,True,synergy string,Panther,Panther,Panther,Half court,,Panther,,,,,,Clean,,Post-Up,21 Brock Marino > Post-Up > Left Block > Face-up > Defense Commits > Ball Delivered > 32 Luke Bara > Spot-Up > No Dribble Jumper > Open > Long/3pt > Miss 3 Pts,"Brock Marino, Collin Madson, Isaac Verges, JR Lukenbill, Luke Bara",Base five (one big),,0.0,30,Early clock (0-9 sec used)
UWW,Aurora Spartans,UW-Whitewater,Eureka Red Devils,Eureka Red Devils,2025-11-15,EC@WWW,H1,1076.0,Collin Madson,Turnover,0,play-by-play,True,synergy string,5 out- pass-cut- PT BROCK,5 Out Post Touch,5 Out,Half court,5 Out,,Pass | Cut | Post Touch,Post Touch,,,Brock Marino,Clean,,Off Screen,15 Collin Madson > Off Screen > To Shooter's Right > Flare > To Basket > Turnover,"Brock Marino, Collin Madson, Isaac Verges, JR Lukenbill, Luke Bara",Base five (one big),,0.0,30,Early clock (0-9 sec used)
UWW,Aurora Spartans,UW-Whitewater,Eureka Red Devils,Eureka Red Devils,2025-11-15,EC@WWW,H1,1053.0,Isaac Verges,Make 3 Pts,3,play-by-play,True,synergy string,5 out-ds-curl-pass bs,5 Out Down Screen,5 Out,Half court,5 Out,,Down Screen | Curl | Pass | Ball Screen,Down Screen,,,,Clean,,P&R Ball Handler,0 Isaac Verges > P&R Ball Handler > Right P&R > Side > Dribble Off Pick > Dribble Jumper > Long/3pt > Make 3 Pts,"Brock Marino, Collin Madson, Isaac Verges, JR Lukenbill, Luke Bara",Base five (one big),,0.0,30,Early clock (0-9 sec used)
UWW,Aurora Spartans,UW-Whitewater,Eureka Red Devils,Eureka Red Devils,2025-11-15,EC@WWW,H1,972.0,Brock Marino,Miss 2 Pts,0,play-by-play,True,synergy string,blob-line,BLOB Line,BLOB,BLOB,Line,,,,,,,Clean,,Post-Up,21 Brock Marino > Post-Up > Flash Middle > Left Shoulder > Dribble Move > To Drop Step > Miss 2 Pts,"Brock Marino, Collin Madson, Isaac Verges, Jake Quast, Luke Bara",Base five (one big),,22.0,30,Late clock (20+ sec used)
UWW,Aurora Spartans,UW-Whitewater,Eureka Red Devils,Eureka Red Devils,2025-11-15,EC@WWW,H1,,Darius Chestnut,Non Shooting Foul,,,False,,5 out-ds- bs,5 Out Down Screen,5 Out,Half court,5 Out,,Down Screen | Ball Screen,Down Screen,,,,Clean,,Non Possession,10 Darius Chestnut > Non Possession > Non Shooting Foul,,,,,,
UWW,Aurora Spartans,UW-Whitewater,Eureka Red Devils,Eureka Red Devils,2025-11-15,EC@WWW,H1,,Rashad Rogers,Miss 2 Pts,0,result tag,False,,slob-ds-bs,SLOB Down Screen,SLOB,SLOB,,,Down Screen | Ball Screen,Down Screen,,,,Clean,,Post-Up,35 Rashad Rogers > Post-Up > Right Block > Left Shoulder > Dribble Move > To Basket > Miss 2 Pts,,,,,,
UWW,Aurora Spartans,UW-Whitewater,Eureka Red Devils,Eureka Red Devils,2025-11-15,EC@WWW,H1,863.0,Rashad Rogers,Miss 3 Pts,0,play-by-play,True,synergy string,5 out-ds,5 Out Down Screen,5 Out,Half court,5 Out,,Down Screen,Down Screen,,,,Clean,,P&R Ball Handler,15 Collin Madson > P&R Ball Handler > Right P&R > Side > Go Away from Pick > Defense Commits > Ball Delivered > 35 Rashad Rogers > P&R Roll Man > Pick and Pops > No Dribble Jumper > Guarded > Long/3pt > Miss 3 Pts,"Collin Madson, Darius Chestnut, Jake Quast, Joey Berezowitz, Rashad Rogers",Small / shooting five (no true big),,0.0,30,Early clock (0-9 sec used)
UWW,Aurora Spartans,UW-Whitewater,Eureka Red Devils,Eureka Red Devils,2025-11-15,EC@WWW,H1,800.0,Joey Berezowitz,Make 3 Pts,3,play-by-play,True,synergy string,pass 5-ds- get-pass BS,Down Screen,Motion / no set,Half court,,,Pass | Down Screen | Get | Ball Screen,Down Screen,,,,Clean,,Spot-Up,22 Joey Berezowitz > Spot-Up > No Dribble Jumper > Open > Long/3pt > Make 3 Pts,"Darius Chestnut, JR Lukenbill, Jake Quast, Joey Berezowitz, Rashad Rogers",Small / shooting five (no true big),,0.0,30,Early clock (0-9 sec used)
UWW,Aurora Spartans,UW-Whitewater,Eureka Red Devils,Eureka Red Devils,2025-11-15,EC@WWW,H1,775.0,Jake Quast,1 Pts,3,play-by-play,True,synergy string,5 out- pass 5 -cut rip,5 Out Rip,5 Out,Half court,5 Out,,Pass | Cut | Rip,Rip,,,,Clean,,ISO,12 Jake Quast > ISO > Right > Drives Left > To Basket > Make 2 Pts Foul > 1 Pts,"Darius Chestnut, JR Lukenbill, Jake Quast, Joey Berezowitz, Rashad Rogers",Small / shooting five (no true big),,0.0,30,Early clock (0-9 sec used)
UWW,Aurora Spartans,UW-Whitewater,Eureka Red Devils,Eureka Red Devils,2025-11-15,EC@WWW,H1,705.0,Richie Warren,Make 2 Pts,2,play-by-play,True,synergy string,5 out- SET,5 Out,5 Out,Half court,5 Out,,,,,,,Clean,,Cut,24 Richie Warren > Cut > Screen > Make 2 Pts,"Darius Chestnut, Jake Quast, Joey Berezowitz, Rashad Rogers, Richie Warren",Small / shooting five (no true big),Leading by 10+,17.0,30,Organized offense (10-19 sec used)
UWW,Aurora Spartans,UW-Whitewater,Eureka Red Devils,Eureka Red Devils,2025-11-15,EC@WWW,H1,603.0,Darius Chestnut,Miss 3 Pts,0,play-by-play,True,synergy string,5 out- pass 5- exhacnge,5 Out Exchange,5 Out,Half court,5 Out,,Pass | Exchange,Exchange,,,,Clean,,P&R Ball Handler,12 Jake Quast > P&R Ball Handler > Right P&R > Baseline > Dribble Off Pick > Defense Commits > Ball Delivered > 10 Darius Chestnut > Spot-Up > No Dribble Jumper > Open > Long/3pt > Miss 3 Pts,"Darius Chestnut, Jake Quast, Joey Berezowitz, Rashad Rogers, Richie Warren",Small / shooting five (no true big),Leading by 10+,16.0,30,Organized offense (10-19 sec used)
UWW,Aurora Spartans,UW-Whitewater,Eureka Red Devils,Eureka Red Devils,2025-11-15,EC@WWW,H1,563.0,Brock Marino,Make 2 Pts,2,play-by-play,True,synergy string,5 out- pass 5- ds,5 Out Down Screen,5 Out,Half court,5 Out,,Pass | Down Screen,Down Screen,,,,Clean,,ISO,21 Brock Marino > ISO > Top > Drives Right > To Basket > Make 2 Pts,"Brock Marino, Darius Chestnut, Kelton McEwen, Mauryon Turner, Richie Warren",Base five (one big),Leading by 10+,0.0,30,Early clock (0-9 sec used)
UWW,Aurora Spartans,UW-Whitewater,Eureka Red Devils,Eureka Red Devils,2025-11-15,EC@WWW,H1,,Darius Chestnut,Non Shooting Foul,,,False,,5 out-pass 5- zoom,5 Out Zoom,5 Out,Half court,5 Out,,Pass | Zoom,Zoom,,,,Clean,,Non Possession,10 Darius Chestnut > Non Possession > Non Shooting Foul,,,,,,
UWW,Aurora Spartans,UW-Whitewater,Eureka Red Devils,Eureka Red Devils,2025-11-15,EC@WWW,H1,494.0,Mauryon Turner,Miss 2 Pts,0,play-by-play,True,synergy string,blob-line,BLOB Line,BLOB,BLOB,Line,,,,,,,Clean,,P&R Ball Handler,23 Mauryon Turner > P&R Ball Handler > Left P&R > Baseline > Dribble Off Pick > To Basket > Miss 2 Pts,"Brock Marino, Collin Madson, Kelton McEwen, Mauryon Turner, Richie Warren",Base five (one big),Leading by 10+,11.0,30,Organized offense (10-19 sec used)
UWW,Aurora Spartans,UW-Whitewater,Eureka Red Devils,Eureka Red Devils,2025-11-15,EC@WWW,H1,441.0,Collin Madson,Foul,2,play-by-play,True,player + clock,5 out-zoom,5 Out Zoom,5 Out,Half court,5 Out,,Zoom,Zoom,,,,Clean,,Off Screen,15 Collin Madson > Off Screen > To Shooter's Left > Flare > To Basket > Foul,"Brock Marino, Collin Madson, Kelton McEwen, Mauryon Turner, Richie Warren",Base five (one big),Leading by 10+,0.0,30,Early clock (0-9 sec used)
UWW,Aurora Spartans,UW-Whitewater,Eureka Red Devils,Eureka Red Devils,2025-11-15,EC@WWW,H1,,Trent Grunewald,No Violation,,,False,,5 out-zoom,5 Out Zoom,5 Out,Half court,5 Out,,Zoom,Zoom,,,,Clean,,Non Possession,33 Trent Grunewald > Non Possession > No Violation,,,,,,
UWW,Aurora Spartans,UW-Whitewater,Eureka Red Devils,Eureka Red Devils,2025-11-15,EC@WWW,H1,408.0,Brock Marino,Miss 2 Pts,0,play-by-play,True,synergy string,blob-line,BLOB Line,BLOB,BLOB,Line,,,,,,,Clean,,No Play Type,21 Brock Marino > No Play Type > To Basket > Miss 2 Pts,"Brock Marino, Collin Madson, Kelton McEwen, Mauryon Turner, Richie Warren",Base five (one big),Leading by 10+,9.0,30,Early clock (0-9 sec used)
UWW,Aurora Spartans,UW-Whitewater,Eureka Red Devils,Eureka Red Devils,2025-11-15,EC@WWW,H1,286.0,Brock Marino,Foul,0,play-by-play,True,player + clock,panther,Panther,Panther,Half court,,Panther,,,,,,Clean,,Post-Up,21 Brock Marino > Post-Up > Left Block > Left Shoulder > Dribble Move > To Hook > Foul,"Brock Marino, Darius Chestnut, Isaac Verges, JR Lukenbill, Kelton McEwen",Base five (one big),Leading by 10+,0.0,30,Early clock (0-9 sec used)
UWW,Aurora Spartans,UW-Whitewater,Eureka Red Devils,Eureka Red Devils,2025-11-15,EC@WWW,H1,178.0,Luke Bara,Make 2 Pts,2,play-by-play,True,synergy string,5 out-cheetah,Cheetah,Cheetah,Half court,5 Out,Cheetah,,,,,,Clean,,Hand Off,32 Luke Bara > Hand Off > From Dribble > Top > Dribble Jumper > Short to < 17' > Make 2 Pts,"Brock Marino, Darius Chestnut, Isaac Verges, JR Lukenbill, Luke Bara",Base five (one big),Leading by 10+,0.0,30,Early clock (0-9 sec used)
UWW,Aurora Spartans,UW-Whitewater,Eureka Red Devils,Eureka Red Devils,2025-11-15,EC@WWW,H1,98.0,Isaac Verges,Make 2 Pts,2,play-by-play,True,synergy string,5 out- down screens,5 Out Down Screen,5 Out,Half court,5 Out,,Down Screen,Down Screen,,,,Clean,,P&R Ball Handler,0 Isaac Verges > P&R Ball Handler > Right P&R > Side > Go Away from Pick > To Basket > Make 2 Pts,"Brock Marino, Darius Chestnut, Isaac Verges, JR Lukenbill, Luke Bara",Base five (one big),Leading by 10+,0.0,30,Early clock (0-9 sec used)
UWW,Aurora Spartans,UW-Whitewater,Eureka Red Devils,Eureka Red Devils,2025-11-15,EC@WWW,H1,3.0,Luke Bara,Make 2 Pts,2,play-by-play,True,synergy string,5 out- cheetah,Cheetah,Cheetah,Half court,5 Out,Cheetah,,,,,,Clean,,Hand Off,32 Luke Bara > Hand Off > From Dribble > Top > To Basket > Make 2 Pts,"Brock Marino, Darius Chestnut, Isaac Verges, Luke Bara, Mauryon Turner",Base five (one big),Leading by 10+,0.0,30,Early clock (0-9 sec used)
UWW,Aurora Spartans,UW-Whitewater,Eureka Red Devils,Eureka Red Devils,2025-11-15,EC@WWW,H2,1175.0,Luke Bara,Make 3 Pts,3,play-by-play,True,synergy string,blob- line,BLOB Line,BLOB,BLOB,Line,,,,,,,Clean,,Spot-Up,32 Luke Bara > Spot-Up > No Dribble Jumper > Open > Long/3pt > Make 3 Pts,"Brock Marino, Collin Madson, Isaac Verges, JR Lukenbill, Luke Bara",Base five (one big),Leading by 10+,18.0,30,Organized offense (10-19 sec used)
UWW,Aurora Spartans,UW-Whitewater,Eureka Red Devils,Eureka Red Devils,2025-11-15,EC@WWW,H2,,Isaac Verges,Non Shooting Foul,,,False,,5 out- swing-swing- rip,5 Out Rip,5 Out,Half court,5 Out,,Swing | Rip,Rip,,,,Clean,,Non Possession,0 Isaac Verges > Non Possession > Non Shooting Foul,,,,,,
UWW,Aurora Spartans,UW-Whitewater,Eureka Red Devils,Eureka Red Devils,2025-11-15,EC@WWW,H2,1127.0,Isaac Verges,Turnover,0,play-by-play,True,synergy string,blob- line,BLOB Line,BLOB,BLOB,Line,,,,,,,Clean,,No Play Type,0 Isaac Verges > No Play Type > Turnover,"Brock Marino, Collin Madson, Isaac Verges, JR Lukenbill, Luke Bara",Base five (one big),Leading by 10+,0.0,30,Early clock (0-9 sec used)
UWW,Aurora Spartans,UW-Whitewater,Eureka Red Devils,Eureka Red Devils,2025-11-15,EC@WWW,H2,1090.0,Luke Bara,Make 3 Pts,3,play-by-play,True,synergy string,5 out- bs,5 Out Ball Screen,5 Out,Half court,5 Out,,Ball Screen,Ball Screen,,,,Clean,,P&R Ball Handler,11 Jr Lukenbill > P&R Ball Handler > High P&R > Dribble Off Pick > Defense Commits > Ball Delivered > 32 Luke Bara > Spot-Up > No Dribble Jumper > Guarded > Long/3pt > Make 3 Pts,"Brock Marino, Collin Madson, Isaac Verges, JR Lukenbill, Luke Bara",Base five (one big),Leading by 10+,0.0,30,Early clock (0-9 sec used)
UWW,Aurora Spartans,UW-Whitewater,Eureka Red Devils,Eureka Red Devils,2025-11-15,EC@WWW,H2,1046.0,Jr Lukenbill,Make 2 Pts,2,play-by-play,True,synergy string,blob-line,BLOB Line,BLOB,BLOB,Line,,,,,,,Clean,,Cut,11 Jr Lukenbill > Cut > Basket > Make 2 Pts,"Brock Marino, JR Lukenbill, Jake Quast, Joey Berezowitz, Luke Bara",Base five (one big),Leading by 10+,6.0,30,Early clock (0-9 sec used)
UWW,Aurora Spartans,UW-Whitewater,Eureka Red Devils,Eureka Red Devils,2025-11-15,EC@WWW,H2,1013.0,Luke Bara,Make 3 Pts,3,play-by-play,True,synergy string,blob-line,BLOB Line,BLOB,BLOB,Line,,,,,,,Clean,,Spot-Up,32 Luke Bara > Spot-Up > No Dribble Jumper > Guarded > Long/3pt > Make 3 Pts,"Brock Marino, JR Lukenbill, Jake Quast, Joey Berezowitz, Luke Bara",Base five (one big),Leading by 10+,3.0,30,Early clock (0-9 sec used)
UWW,Aurora Spartans,UW-Whitewater,Eureka Red Devils,Eureka Red Devils,2025-11-15,EC@WWW,H2,982.0,Brock Marino,Make 2 Pts,2,play-by-play,True,synergy string,5 out- bs- ricky,5 Out Ricky,5 Out,Half court,5 Out,,Ball Screen | Ricky,Ricky,,,,Clean,,P&R Ball Handler,22 Joey Berezowitz > P&R Ball Handler > High P&R > Dribble Off Pick > Defense Commits > Ball Delivered > 21 Brock Marino > P&R Roll Man > Rolls to Basket > Make 2 Pts,"Brock Marino, JR Lukenbill, Jake Quast, Joey Berezowitz, Luke Bara",Base five (one big),Leading by 10+,0.0,30,Early clock (0-9 sec used)
UWW,Aurora Spartans,UW-Whitewater,Eureka Red Devils,Eureka Red Devils,2025-11-15,EC@WWW,H2,956.0,Joey Berezowitz,Make 2 Pts,2,play-by-play,True,synergy string,blob-line,BLOB Line,BLOB,BLOB,Line,,,,,,,Clean,,Cut,22 Joey Berezowitz > Cut > Flash > Make 2 Pts,"Brock Marino, JR Lukenbill, Jake Quast, Joey Berezowitz, Luke Bara",Base five (one big),Leading by 10+,4.0,30,Early clock (0-9 sec used)
UWW,Aurora Spartans,UW-Whitewater,Eureka Red Devils,Eureka Red Devils,2025-11-15,EC@WWW,H2,597.0,Isaiah Robinson,Miss 3 Pts,0,play-by-play,True,synergy string,Horns?,Horns,Horns,Half court,Horns,,,,,,,Needs review,tagger flagged it (rewatch/TBD/?/mess up),P&R Ball Handler,5 Isaiah Robinson > P&R Ball Handler > Right P&R > Baseline > Dribble Off Pick > Dribble Jumper > Long/3pt > Miss 3 Pts,"Isaiah Robinson, Kelton McEwen, Rashad Rogers, Richie Warren, Trent Grunewald",Small / shooting five (no true big),Leading by 10+,20.0,30,Late clock (20+ sec used)
UWW,Aurora Spartans,UW-Whitewater,Eureka Red Devils,Eureka Red Devils,2025-11-15,EC@WWW,H2,476.0,Austin Ambrose,Miss 2 Pts,0,play-by-play,True,synergy string,panther,Panther,Panther,Half court,,Panther,,,,,,Clean,,Post-Up,20 Austin Ambrose > Post-Up > Left Block > Right Shoulder > Dribble Move > To Basket > Miss 2 Pts,"Austin Ambrose, Isaiah Robinson, Kelton McEwen, Trent Grunewald, Tristian Lynch",Small / shooting five (no true big),Leading by 10+,15.0,30,Organized offense (10-19 sec used)
UWW,Aurora Spartans,UW-Whitewater,Eureka Red Devils,Eureka Red Devils,2025-11-15,EC@WWW,H2,420.0,Austin Ambrose,Miss 3 Pts,0,play-by-play,True,synergy string,Stagger,Stagger,Motion / no set,Half court,,,Stagger,Stagger,,,,Clean,,No Play Type,20 Austin Ambrose > No Play Type > Dribble Jumper > Long/3pt > Miss 3 Pts,"Austin Ambrose, Isaiah Robinson, Kelton McEwen, Trent Grunewald, Tristian Lynch",Small / shooting five (no true big),Leading by 10+,0.0,30,Early clock (0-9 sec used)
Opponent,Aurora Spartans,Aurora Spartans,Benedictine (IL) Eagles,Benedictine (IL) Eagles,2025-11-15,AU@BEN,H1,1157.0,Juan Madrigal,Make 3 Pts,3,play-by-play,True,synergy string,3-2- Shoulder Screen-Stagger- BS- LW 3,3-2 Shoulder Screen,3-2,Half court,3-2,,Shoulder Screen | Stagger | Ball Screen,Shoulder Screen,Left Wing,Left Wing 3,,Clean,,Spot-Up,2 Juan Madrigal > Spot-Up > No Dribble Jumper > Guarded > Long/3pt > Make 3 Pts,"Bryden Gryzmala, Devon Richardson, Jeffery Hillmer, Juan Madrigal, Zerrick Johnson",Base five (one big),,0.0,30,Early clock (0-9 sec used)
Opponent,Aurora Spartans,Aurora Spartans,Benedictine (IL) Eagles,Benedictine (IL) Eagles,2025-11-15,AU@BEN,H1,1062.0,Juan Madrigal,Miss 2 Pts,0,play-by-play,True,synergy string,HiLO- RS DHO- STS- Stagger- RW 3,Hi-Lo DHO,Hi-Lo,Half court,Hi-Lo,,DHO | Screen the Screener | Stagger,DHO,Right Side,Right Wing 3,,Clean,,P&R Ball Handler,2 Juan Madrigal > P&R Ball Handler > Right P&R > Baseline > Dribble Off Pick > Dribble Jumper > Medium/17' to <3p > Miss 2 Pts,"Bryden Gryzmala, Devon Richardson, Jeffery Hillmer, Juan Madrigal, Zerrick Johnson",Base five (one big),,0.0,30,Early clock (0-9 sec used)
Opponent,Aurora Spartans,Aurora Spartans,Benedictine (IL) Eagles,Benedictine (IL) Eagles,2025-11-15,AU@BEN,H1,1008.0,Cullen Rauls,Make 3 Pts,3,play-by-play,True,synergy string,HiLo- DHO-DHO-BS- LC,Hi-Lo DHO,Hi-Lo,Half court,Hi-Lo,,DHO | Ball Screen,DHO,Left Corner,Left Corner,,Clean,,Spot-Up,0 Cullen Rauls > Spot-Up > No Dribble Jumper > Guarded > Long/3pt > Make 3 Pts,"Cullen Rauls, Devon Richardson, Gevon Grant, Jeffery Hillmer, Mekhi Doby",Base five (one big),,0.0,30,Early clock (0-9 sec used)
Opponent,Aurora Spartans,Aurora Spartans,Benedictine (IL) Eagles,Benedictine (IL) Eagles,2025-11-15,AU@BEN,H1,957.0,Mekhi Doby,Miss 2 Pts,0,play-by-play,True,synergy string,OK State- DHO RS- Sci Sc- STS -RE,OK State,OK State,Half court,,OK State,DHO | Scissors | Screen the Screener,DHO,Right Side,Right Elbow,,Clean,,P&R Ball Handler,11 Mekhi Doby > P&R Ball Handler > High P&R > Dribble Off Pick > Dribble Jumper > Medium/17' to <3p > Miss 2 Pts,"Cullen Rauls, Gevon Grant, Larry Carthan, Mekhi Doby, Robert Hutson",Small / shooting five (no true big),,1.0,30,Early clock (0-9 sec used)
Opponent,Aurora Spartans,Aurora Spartans,Benedictine (IL) Eagles,Benedictine (IL) Eagles,2025-11-15,AU@BEN,H1,899.0,Robert Hutson,Miss 2 Pts,0,play-by-play,True,synergy string,4-1- BS left side,4-1 Ball Screen,4-1,Half court,4-1,,Ball Screen,Ball Screen,Left Side,,,Clean,,Cut,12 Robert Hutson > Cut > Basket > Miss 2 Pts,"Cullen Rauls, Gevon Grant, Larry Carthan, Mekhi Doby, Robert Hutson",Small / shooting five (no true big),,0.0,30,Early clock (0-9 sec used)
Opponent,Aurora Spartans,Aurora Spartans,Benedictine (IL) Eagles,Benedictine (IL) Eagles,2025-11-15,AU@BEN,H1,890.0,Larry Carthan,Foul,0,play-by-play,True,player + clock,BLOB- 2-1-1- STS- RB,BLOB 2-1-1 Screen the Screener,BLOB,BLOB,2-1-1,,Screen the Screener,Screen the Screener,Right Block,Right Block,,Clean,,Cut,5 Larry Carthan > Cut > Screen > Foul,"Cullen Rauls, Gevon Grant, Larry Carthan, Mekhi Doby, Robert Hutson",Small / shooting five (no true big),,0.0,30,Early clock (0-9 sec used)
Opponent,Aurora Spartans,Aurora Spartans,Benedictine (IL) Eagles,Benedictine (IL) Eagles,2025-11-15,AU@BEN,H1,875.0,Gevon Grant,Make 3 Pts,3,play-by-play,True,synergy string,4-1- BS RS- LC,4-1 Ball Screen,4-1,Half court,4-1,,Ball Screen,Ball Screen,Right Side,Left Corner,,Clean,,P&R Ball Handler,0 Cullen Rauls > P&R Ball Handler > Right P&R > Side > Dribble Off Pick > Defense Commits > Ball Delivered > 24 Gevon Grant > Spot-Up > No Dribble Jumper > Open > Long/3pt > Make 3 Pts,"Cullen Rauls, Gevon Grant, Larry Carthan, Mekhi Doby, Robert Hutson",Small / shooting five (no true big),,14.0,20,Organized offense (10-19 sec used)
Opponent,Aurora Spartans,Aurora Spartans,Benedictine (IL) Eagles,Benedictine (IL) Eagles,2025-11-15,AU@BEN,H1,818.0,Mekhi Doby,Make 2 Pts,2,play-by-play,True,synergy string,Slob- Box- DS- Flair- RIC,SLOB Box Ricky,SLOB,SLOB,Box,,Down Screen | Flare | Ricky,Ricky,,,,Clean,,Post-Up,22 Devon Richardson > Post-Up > Left Block > Left Shoulder > Dribble Move > Defense Commits > Ball Delivered > 11 Mekhi Doby > Spot-Up > Drives Left > To Basket > Make 2 Pts,"Devon Richardson, Gevon Grant, Juan Madrigal, Mekhi Doby, Robert Hutson",Base five (one big),,18.0,30,Organized offense (10-19 sec used)
Opponent,Aurora Spartans,Aurora Spartans,Benedictine (IL) Eagles,Benedictine (IL) Eagles,2025-11-15,AU@BEN,H1,764.0,Juan Madrigal,Miss 3 Pts,0,play-by-play,True,synergy string,4-1- DD- DHO- RW,4-1 Double Drag,4-1,Half court,4-1,,Double Drag | DHO,Double Drag,Right Wing,Right Wing,,Clean,,Spot-Up,2 Juan Madrigal > Spot-Up > No Dribble Jumper > Open > Long/3pt > Miss 3 Pts,"Bryden Gryzmala, Devon Richardson, Gevon Grant, Juan Madrigal, Robert Hutson",Base five (one big),,14.0,30,Organized offense (10-19 sec used)
Opponent,Aurora Spartans,Aurora Spartans,Benedictine (IL) Eagles,Benedictine (IL) Eagles,2025-11-15,AU@BEN,H1,,Juan Madrigal,No Violation,,,False,,HiLo-Pass 5- Clear - DHO 4- LS,Hi-Lo DHO,Hi-Lo,Half court,Hi-Lo,,Pass | Clear | DHO,DHO,Left Side,Left Side,,Clean,,Non Possession,2 Juan Madrigal > Non Possession > No Violation,,,,,,
Opponent,Aurora Spartans,Aurora Spartans,Benedictine (IL) Eagles,Benedictine (IL) Eagles,2025-11-15,AU@BEN,H1,700.0,Jeffery Hillmer,Make 2 Pts,2,play-by-play,True,synergy string,SLOB- Other side- DS- Flair- RIC- BS,SLOB Ricky,SLOB,SLOB,,,Down Screen | Flare | Ricky | Ball Screen,Ricky,Opposite Side,,,Clean,,P&R Ball Handler,1 Bryden Gryzmala > P&R Ball Handler > Left P&R > Baseline > Dribble Off Pick > Defense Commits > Ball Delivered > 3 Jeffery Hillmer > Cut > Flash > Make 2 Pts,"Bryden Gryzmala, Devon Richardson, Jeffery Hillmer, Juan Madrigal, Zerrick Johnson",Base five (one big),,30,30,Late clock (20+ sec used)
Opponent,Aurora Spartans,Aurora Spartans,Benedictine (IL) Eagles,Benedictine (IL) Eagles,2025-11-15,AU@BEN,H1,598.0,Cullen Rauls,Miss 2 Pts,0,play-by-play,True,synergy string,5 out- Pass LW- Follow- GRENADE,5 Out Grenade,5 Out,Half court,5 Out,,Pass | Follow | Grenade,Grenade,Left Wing,,,Clean,,Hand Off,0 Cullen Rauls > Hand Off > From Stationary > Right > To Basket > Miss 2 Pts,"Cullen Rauls, Devon Richardson, Jeffery Hillmer, Mekhi Doby, Zerrick Johnson",Base five (one big),,0.0,30,Early clock (0-9 sec used)
Opponent,Aurora Spartans,Aurora Spartans,Benedictine (IL) Eagles,Benedictine (IL) Eagles,2025-11-15,AU@BEN,H1,560.0,Jeffery Hillmer,Miss 2 Pts,0,play-by-play,True,synergy string,BLOB- Box- STS,BLOB Box Screen the Screener,BLOB,BLOB,Box,,Screen the Screener,Screen the Screener,,,,Clean,,Spot-Up,3 Jeffery Hillmer > Spot-Up > Drives Left > Dribble Jumper > Short to < 17' > Miss 2 Pts,"Cullen Rauls, Jeffery Hillmer, Larry Carthan, Mekhi Doby, Zerrick Johnson",Small / shooting five (no true big),,11.0,30,Organized offense (10-19 sec used)
Opponent,Aurora Spartans,Aurora Spartans,Benedictine (IL) Eagles,Benedictine (IL) Eagles,2025-11-15,AU@BEN,H1,524.0,Robert Hutson,Miss 3 Pts,0,play-by-play,True,synergy string,4-1- LW BS,4-1 Ball Screen,4-1,Half court,4-1,,Ball Screen,Ball Screen,Left Wing,,,Clean,,P&R Ball Handler,11 Mekhi Doby > P&R Ball Handler > Left P&R > Side > Dribble Off Pick > Defense Commits > Ball Delivered > 12 Robert Hutson > Spot-Up > No Dribble Jumper > Guarded > Long/3pt > Miss 3 Pts,"Bryden Gryzmala, Juan Madrigal, Larry Carthan, Mekhi Doby, Robert Hutson",Small / shooting five (no true big),,0.0,30,Early clock (0-9 sec used)
Opponent,Aurora Spartans,Aurora Spartans,Benedictine (IL) Eagles,Benedictine (IL) Eagles,2025-11-15,AU@BEN,H1,511.0,Robert Hutson,Make 2 Pts,2,play-by-play,True,synergy string,33- Pass wing- 5 BS- reject,33 Ball Screen,33,Half court,33,,Pass | Ball Screen | Reject,Ball Screen,Wing,,,Clean,,P&R Ball Handler,12 Robert Hutson > P&R Ball Handler > Left P&R > Side > Go Away from Pick > To Basket > Make 2 Pts,"Bryden Gryzmala, Juan Madrigal, Larry Carthan, Mekhi Doby, Robert Hutson",Small / shooting five (no true big),,0.0,30,Early clock (0-9 sec used)
Opponent,Aurora Spartans,Aurora Spartans,Benedictine (IL) Eagles,Benedictine (IL) Eagles,2025-11-15,AU@BEN,H1,478.0,Juan Madrigal,Miss 3 Pts,0,play-by-play,True,synergy string,Horns- IVO- 4 Pop- Pass- RIC- LC,Horns IVO,Horns,Half court,Horns,,IVO | Pop | Pass | Ricky,IVO,Left Corner,Left Corner,,Clean,,Spot-Up,2 Juan Madrigal > Spot-Up > No Dribble Jumper > Guarded > Long/3pt > Miss 3 Pts,"Bryden Gryzmala, Juan Madrigal, Larry Carthan, Mekhi Doby, Robert Hutson",Small / shooting five (no true big),,0.0,30,Early clock (0-9 sec used)
Opponent,Aurora Spartans,Aurora Spartans,Benedictine (IL) Eagles,Benedictine (IL) Eagles,2025-11-15,AU@BEN,H1,434.0,Mekhi Doby,Make 2 Pts,2,play-by-play,True,synergy string,5 Out- Pass 5- Twirl-DHO,5 Out Twirl,5 Out,Half court,5 Out,,Pass | Twirl | DHO,Twirl,,,,Clean,,P&R Ball Handler,11 Mekhi Doby > P&R Ball Handler > Left P&R > Side > Dribble Off Pick > Dribble Jumper > Medium/17' to <3p > Make 2 Pts,"Bryden Gryzmala, Juan Madrigal, Larry Carthan, Mekhi Doby, Robert Hutson",Small / shooting five (no true big),,0.0,30,Early clock (0-9 sec used)
Opponent,Aurora Spartans,Aurora Spartans,Benedictine (IL) Eagles,Benedictine (IL) Eagles,2025-11-15,AU@BEN,H1,404.0,Mekhi Doby,Foul,1,play-by-play,True,player + clock,Blob-Box- Curl around 5- Give,BLOB Box Curl,BLOB,BLOB,Box,,Curl | Give,Curl,,,,Clean,,No Play Type,11 Mekhi Doby > No Play Type > Foul,"Devon Richardson, Gevon Grant, Jeffery Hillmer, Mekhi Doby, Robert Hutson",Base five (one big),,0.0,30,Early clock (0-9 sec used)
Opponent,Aurora Spartans,Aurora Spartans,Benedictine (IL) Eagles,Benedictine (IL) Eagles,2025-11-15,AU@BEN,H1,369.0,Jeffery Hillmer,Miss 2 Pts,0,play-by-play,True,synergy string,5 Out- BS RW- GL-,5 Out Ball Screen,5 Out,Half court,5 Out,,Ball Screen,Ball Screen,Right Wing,,,Clean,,Cut,3 Jeffery Hillmer > Cut > Basket > Miss 2 Pts,"Devon Richardson, Gevon Grant, Jeffery Hillmer, Mekhi Doby, Robert Hutson",Base five (one big),,0.0,30,Early clock (0-9 sec used)
Opponent,Aurora Spartans,Aurora Spartans,Benedictine (IL) Eagles,Benedictine (IL) Eagles,2025-11-15,AU@BEN,H1,339.0,Mekhi Doby,Make 2 Pts,2,play-by-play,True,synergy string,4-1- pistol,Pistol,Pistol,Half court,4-1,Pistol,,,,,,Clean,,P&R Ball Handler,11 Mekhi Doby > P&R Ball Handler > Right P&R > Baseline > Dribble Off Pick > To Basket > Make 2 Pts,"Devon Richardson, Gevon Grant, Jeffery Hillmer, Mekhi Doby, Robert Hutson",Base five (one big),,0.0,30,Early clock (0-9 sec used)
Opponent,Aurora Spartans,Aurora Spartans,Benedictine (IL) Eagles,Benedictine (IL) Eagles,2025-11-15,AU@BEN,H1,273.0,Zerrick Johnson,Miss 2 Pts,0,play-by-play,True,synergy string,23- Post,2-3 Post Touch,2-3,Half court,2-3,,Post Touch,Post Touch,,,,Clean,,Post-Up,22 Devon Richardson > Post-Up > Left Block > Left Shoulder > Dribble Move > Defense Commits > Ball Delivered > 13 Zerrick Johnson > Spot-Up > Drives Straight > Dribble Jumper > Short to < 17' > Miss 2 Pts,"Devon Richardson, Gevon Grant, Jeffery Hillmer, Juan Madrigal, Zerrick Johnson",Base five (one big),,0.0,30,Early clock (0-9 sec used)
Opponent,Aurora Spartans,Aurora Spartans,Benedictine (IL) Eagles,Benedictine (IL) Eagles,2025-11-15,AU@BEN,H1,239.0,Gevon Grant,Make 3 Pts,3,play-by-play,True,synergy string,41- DHO- BS RW- GL,4-1 DHO,4-1,Half court,4-1,,DHO | Ball Screen,DHO,Right Wing,,,Clean,,P&R Ball Handler,2 Juan Madrigal > P&R Ball Handler > High P&R > Dribble Off Pick > Defense Commits > Ball Delivered > 24 Gevon Grant > Spot-Up > No Dribble Jumper > Open > Long/3pt > Make 3 Pts,"Devon Richardson, Gevon Grant, Jeffery Hillmer, Juan Madrigal, Zerrick Johnson",Base five (one big),,0.0,30,Early clock (0-9 sec used)
Opponent,Aurora Spartans,Aurora Spartans,Benedictine (IL) Eagles,Benedictine (IL) Eagles,2025-11-15,AU@BEN,H1,121.0,Gevon Grant,Turnover,0,play-by-play,True,synergy string,BLOB- Stairs,BLOB Stairs,BLOB,BLOB,,Stairs,,,,,,Clean,,Spot-Up,24 Gevon Grant > Spot-Up > Drives Left > Turnover,"Devon Richardson, Gevon Grant, Jeffery Hillmer, Juan Madrigal, Mekhi Doby",Base five (one big),,10.0,20,Organized offense (10-19 sec used)
Opponent,Aurora Spartans,Aurora Spartans,Benedictine (IL) Eagles,Benedictine (IL) Eagles,2025-11-15,AU@BEN,H1,70.0,Devon Richardson,Turnover,0,play-by-play,True,synergy string,hi-low- pass-follow-follow,Hi-Lo,Hi-Lo,Half court,Hi-Lo,,Pass | Follow,Pass,,,,Clean,,ISO,22 Devon Richardson > ISO > Top > Drives Right > Defense Commits > Turnover,"Devon Richardson, Gevon Grant, Jeffery Hillmer, Juan Madrigal, Mekhi Doby",Base five (one big),,0.0,30,Early clock (0-9 sec used)
Opponent,Aurora Spartans,Aurora Spartans,Benedictine (IL) Eagles,Benedictine (IL) Eagles,2025-11-15,AU@BEN,H2,1155.0,Bryden Gryzmala,Miss 2 Pts,0,play-by-play,True,synergy string,Horns- DHO LS- DHO RS- BIG SCI,Horns DHO,Horns,Half court,Horns,,DHO | Scissors,DHO,Left Side,,,Clean,,Spot-Up,1 Bryden Gryzmala > Spot-Up > Drives Left > Dribble Jumper > Medium/17' to <3p > Miss 2 Pts,"Bryden Gryzmala, Devon Richardson, Jeffery Hillmer, Juan Madrigal, Zerrick Johnson",Base five (one big),,0.0,30,Early clock (0-9 sec used)
Opponent,Aurora Spartans,Aurora Spartans,Benedictine (IL) Eagles,Benedictine (IL) Eagles,2025-11-15,AU@BEN,H2,1113.0,Bryden Gryzmala,Miss 3 Pts,0,play-by-play,True,synergy string,OK State- DHO RS- Sci Sc- STS -RE,OK State,OK State,Half court,,OK State,DHO | Scissors | Screen the Screener,DHO,Right Side,Right Elbow,,Clean,,P&R Ball Handler,2 Juan Madrigal > P&R Ball Handler > High P&R > Dribble Off Pick > Defense Commits > Ball Delivered > 1 Bryden Gryzmala > Spot-Up > No Dribble Jumper > Open > Long/3pt > Miss 3 Pts,"Bryden Gryzmala, Devon Richardson, Jeffery Hillmer, Juan Madrigal, Zerrick Johnson",Base five (one big),Trailing by 10+,16.0,30,Organized offense (10-19 sec used)
Opponent,Aurora Spartans,Aurora Spartans,Benedictine (IL) Eagles,Benedictine (IL) Eagles,2025-11-15,AU@BEN,H2,1093.0,Zerrick Johnson,Miss 3 Pts,0,play-by-play,True,synergy string,blob- stairs,BLOB Stairs,BLOB,BLOB,,Stairs,,,,,,Clean,,Spot-Up,13 Zerrick Johnson > Spot-Up > Drives Right > Dribble Jumper > Long/3pt > Miss 3 Pts,"Bryden Gryzmala, Devon Richardson, Jeffery Hillmer, Juan Madrigal, Zerrick Johnson",Base five (one big),Trailing by 10+,20.0,20,Late clock (20+ sec used)
Opponent,Aurora Spartans,Aurora Spartans,Benedictine (IL) Eagles,Benedictine (IL) Eagles,2025-11-15,AU@BEN,H2,1015.0,Juan Madrigal,Turnover,0,play-by-play,True,synergy string,23- Xaiver Screen- BS,2-3 Xavier Screen,2-3,Half court,2-3,,Xavier Screen | Ball Screen,Xavier Screen,,,,Clean,,P&R Ball Handler,2 Juan Madrigal > P&R Ball Handler > Left P&R > Side > Dribble Off Pick > Defense Commits > Turnover,"Cullen Rauls, Devon Richardson, Jeffery Hillmer, Juan Madrigal, Mekhi Doby",Base five (one big),Trailing by 10+,14.0,30,Organized offense (10-19 sec used)
Opponent,Aurora Spartans,Aurora Spartans,Benedictine (IL) Eagles,Benedictine (IL) Eagles,2025-11-15,AU@BEN,H2,976.0,Mekhi Doby,Foul,2,play-by-play,True,player + clock,Blob-Stairs,BLOB Stairs,BLOB,BLOB,,Stairs,,,,,,Clean,,Hand Off,11 Mekhi Doby > Hand Off > From Dribble > Right > To Basket > Foul,"Cullen Rauls, Gevon Grant, Larry Carthan, Mekhi Doby, Robert Hutson",Small / shooting five (no true big),Trailing by 10+,7.0,30,Early clock (0-9 sec used)
Opponent,Aurora Spartans,Aurora Spartans,Benedictine (IL) Eagles,Benedictine (IL) Eagles,2025-11-15,AU@BEN,H2,947.0,Larry Carthan,Miss 2 Pts,0,play-by-play,True,synergy string,Blob- LOB,BLOB Lob,BLOB,BLOB,,,Lob,Lob,,,,Clean,,Cut,5 Larry Carthan > Cut > Screen > Miss 2 Pts,"Cullen Rauls, Gevon Grant, Larry Carthan, Mekhi Doby, Robert Hutson",Small / shooting five (no true big),Trailing by 10+,0.0,30,Early clock (0-9 sec used)
Opponent,Aurora Spartans,Aurora Spartans,Benedictine (IL) Eagles,Benedictine (IL) Eagles,2025-11-15,AU@BEN,H2,722.0,Zerrick Johnson,Foul,1,play-by-play,True,player + clock,Horns-DHO- DHO- SCI,Horns DHO,Horns,Half court,Horns,,DHO | Scissors,DHO,,,,Clean,,P&R Ball Handler,13 Zerrick Johnson > P&R Ball Handler > Left P&R > Side > Dribble Off Pick > To Basket > Foul,"Alex Ross, Juan Madrigal, Larry Carthan, Robert Hutson, Zerrick Johnson",Small / shooting five (no true big),Trailing by 10+,15.0,30,Organized offense (10-19 sec used)
Opponent,Aurora Spartans,Aurora Spartans,Benedictine (IL) Eagles,Benedictine (IL) Eagles,2025-11-15,AU@BEN,H2,,Juan Madrigal,Miss 2 Pts,0,result tag,False,,BLOB- Breddy,BLOB Breddy,BLOB,BLOB,,,Breddy,Breddy,,,,Clean,,Off Screen,2 Juan Madrigal > Off Screen > To Shooter's Right > Straight > No Dribble Jumper > Open > Medium/17' to <3p > Miss 2 Pts,,,,,,
Opponent,Aurora Spartans,Aurora Spartans,Benedictine (IL) Eagles,Benedictine (IL) Eagles,2025-11-15,AU@BEN,H2,557.0,Isaiah Thompson,Miss 3 Pts,0,play-by-play,True,synergy string,Blob- Box Curl,BLOB Box Curl,BLOB,BLOB,Box,,Curl,Curl,,,,Clean,,Post-Up,3 Jeffery Hillmer > Post-Up > Left Block > Right Shoulder > Dribble Move > Defense Commits > Ball Delivered > 21 Isaiah Thompson > Spot-Up > No Dribble Jumper > Open > Long/3pt > Miss 3 Pts,"Bryden Gryzmala, Isaiah Thompson, Jeffery Hillmer, Mekhi Doby, Zerrick Johnson",Small / shooting five (no true big),Trailing by 10+,7.0,30,Early clock (0-9 sec used)
Opponent,Aurora Spartans,Aurora Spartans,North Central (IL) Cardinals,North Central (IL) Cardinals,2025-11-12,AU@NCC,H1,883.0,Gevon Grant,Miss 2 Pts,0,play-by-play,True,synergy string,OK State- Pass RS- Follow- Pat Miller,OK State Pat Miller,OK State,Half court,,OK State,Pass | Follow | Pat Miller,Pat Miller,Right Side,,,Clean,,Hand Off,24 Gevon Grant > Hand Off > From Dribble > Right > Dribble Jumper > Medium/17' to <3p > Miss 2 Pts,"Cullen Rauls, Devon Richardson, Gevon Grant, Jeffery Hillmer, Juan Madrigal",Base five (one big),,0.0,30,Early clock (0-9 sec used)
Opponent,Aurora Spartans,Aurora Spartans,North Central (IL) Cardinals,North Central (IL) Cardinals,2025-11-12,AU@NCC,H1,788.0,Gevon Grant,Miss 2 Pts,0,play-by-play,True,synergy string,32- DHO RS- STS,3-2 DHO,3-2,Half court,3-2,,DHO | Screen the Screener,DHO,Right Side,,,Clean,,Off Screen,24 Gevon Grant > Off Screen > To Shooter's Right > Straight > Dribble Jumper > Medium/17' to <3p > Miss 2 Pts,"Cullen Rauls, Devon Richardson, Gevon Grant, Jeffery Hillmer, Larry Carthan",Base five (one big),,0.0,30,Early clock (0-9 sec used)
Opponent,Aurora Spartans,Aurora Spartans,North Central (IL) Cardinals,North Central (IL) Cardinals,2025-11-12,AU@NCC,H1,572.0,Zerrick Johnson,Make 3 Pts,3,play-by-play,True,synergy string,hi-low- Pass LS-Follow- BS,Hi-Lo Ball Screen,Hi-Lo,Half court,Hi-Lo,,Pass | Follow | Ball Screen,Ball Screen,Left Side,,,Clean,,P&R Ball Handler,24 Gevon Grant > P&R Ball Handler > Left P&R > Side > Dribble Off Pick > Defense Commits > Ball Delivered > 13 Zerrick Johnson > Spot-Up > No Dribble Jumper > Open > Long/3pt > Make 3 Pts,"Alex Ross, Devon Richardson, Gevon Grant, Robert Hutson, Zerrick Johnson",Base five (one big),,14.0,30,Organized offense (10-19 sec used)
Opponent,Aurora Spartans,Aurora Spartans,North Central (IL) Cardinals,North Central (IL) Cardinals,2025-11-12,AU@NCC,H1,511.0,Gevon Grant,Turnover,0,play-by-play,True,synergy string,Diamond- DS- HiLO,Diamond Down Screen,Diamond,Half court,Diamond,,Down Screen,Down Screen,,,,Clean,,Spot-Up,24 Gevon Grant > Spot-Up > Drives Right > Turnover,"Alex Ross, Devon Richardson, Gevon Grant, Robert Hutson, Zerrick Johnson",Base five (one big),,0.0,30,Early clock (0-9 sec used)
Opponent,Aurora Spartans,Aurora Spartans,North Central (IL) Cardinals,North Central (IL) Cardinals,2025-11-12,AU@NCC,H1,485.0,Zerrick Johnson,Make 2 Pts,2,play-by-play,True,synergy string,33- 5 BS LW- Flair,33 Ball Screen,33,Half court,33,,Ball Screen | Flare,Ball Screen,Left Wing,,,Clean,,ISO,13 Zerrick Johnson > ISO > Left > Drives Left > To Basket > Make 2 Pts,"Alex Ross, Devon Richardson, Gevon Grant, Jeffery Hillmer, Zerrick Johnson",Base five (one big),,0.0,30,Early clock (0-9 sec used)
Opponent,Aurora Spartans,Aurora Spartans,North Central (IL) Cardinals,North Central (IL) Cardinals,2025-11-12,AU@NCC,H1,245.0,Devon Richardson,Miss 2 Pts,0,play-by-play,True,synergy string,41- BS,4-1 Ball Screen,4-1,Half court,4-1,,Ball Screen,Ball Screen,,,,Clean,,P&R Ball Handler,2 Juan Madrigal > P&R Ball Handler > High P&R > Dribble Off Pick > Defense Commits > Ball Delivered > 22 Devon Richardson > P&R Roll Man > Rolls to Basket > Miss 2 Pts,"Bryden Gryzmala, Devon Richardson, Isaiah Thompson, Juan Madrigal, Zerrick Johnson",Base five (one big),,19.0,30,Organized offense (10-19 sec used)
Opponent,Aurora Spartans,Aurora Spartans,North Central (IL) Cardinals,North Central (IL) Cardinals,2025-11-12,AU@NCC,H1,236.0,Larry Carthan,Miss 2 Pts,0,play-by-play,True,synergy string,BLOB- BOX- CURL,BLOB Box Curl,BLOB,BLOB,Box,,Curl,Curl,,,,Clean,,Post-Up,5 Larry Carthan > Post-Up > Right Block > Right Shoulder > Dribble Move > To Basket > Miss 2 Pts,"Cullen Rauls, Isaiah Thompson, Juan Madrigal, Larry Carthan, Zerrick Johnson",Small / shooting five (no true big),,7.0,30,Early clock (0-9 sec used)
Opponent,Aurora Spartans,Aurora Spartans,North Central (IL) Cardinals,North Central (IL) Cardinals,2025-11-12,AU@NCC,H1,228.0,Isaiah Thompson,Miss 2 Pts,0,play-by-play,True,synergy string,BLOB-BOX-Breddy,BLOB Box Breddy,BLOB,BLOB,Box,,Breddy,Breddy,,,,Clean,,ISO,21 Isaiah Thompson > ISO > Right > Drives Right > To Basket > Miss 2 Pts,"Cullen Rauls, Isaiah Thompson, Juan Madrigal, Larry Carthan, Zerrick Johnson",Small / shooting five (no true big),,6.0,20,Early clock (0-9 sec used)
Opponent,Aurora Spartans,Aurora Spartans,North Central (IL) Cardinals,North Central (IL) Cardinals,2025-11-12,AU@NCC,H1,199.0,Juan Madrigal,Make 2 Pts,2,play-by-play,True,synergy string,HiLo-DH RS-DS-STS,Hi-Lo DHO,Hi-Lo,Half court,Hi-Lo,,DHO | Down Screen | Screen the Screener,DHO,Right Side,,,Clean,,Off Screen,2 Juan Madrigal > Off Screen > To Shooter's Right > Straight > Dribble Jumper > Short to < 17' > Make 2 Pts,"Cullen Rauls, Isaiah Thompson, Jeffery Hillmer, Juan Madrigal, Larry Carthan",Small / shooting five (no true big),,0.0,30,Early clock (0-9 sec used)
Opponent,Aurora Spartans,Aurora Spartans,North Central (IL) Cardinals,North Central (IL) Cardinals,2025-11-12,AU@NCC,H1,136.0,Larry Carthan,Make 2 Pts,2,play-by-play,True,synergy string,Blob-Box-Curl,BLOB Box Curl,BLOB,BLOB,Box,,Curl,Curl,,,,Clean,,Post-Up,5 Larry Carthan > Post-Up > Flash Middle > Left Shoulder > Dribble Move > To Hook > Make 2 Pts,"Gevon Grant, Isaiah Thompson, Jeffery Hillmer, Juan Madrigal, Larry Carthan",Small / shooting five (no true big),,5.0,20,Early clock (0-9 sec used)
Opponent,Aurora Spartans,Aurora Spartans,North Central (IL) Cardinals,North Central (IL) Cardinals,2025-11-12,AU@NCC,H1,112.0,Gevon Grant,Foul,2,play-by-play,True,player + clock,Slob-DS-BS,SLOB Down Screen,SLOB,SLOB,,,Down Screen | Ball Screen,Down Screen,,,,Clean,,P&R Ball Handler,24 Gevon Grant > P&R Ball Handler > High P&R > Dribble Off Pick > To Basket > Foul,"Gevon Grant, Isaiah Thompson, Jeffery Hillmer, Juan Madrigal, Larry Carthan",Small / shooting five (no true big),,0.0,30,Early clock (0-9 sec used)
Opponent,Aurora Spartans,Aurora Spartans,North Central (IL) Cardinals,North Central (IL) Cardinals,2025-11-12,AU@NCC,H1,3.0,Gevon Grant,Miss 2 Pts,0,play-by-play,True,synergy string,33- BS LW,33 Ball Screen,33,Half court,33,,Ball Screen,Ball Screen,Left Wing,,,Clean,,Post-Up,24 Gevon Grant > Post-Up > Left Block > Right Shoulder > Dribble Move > To Jumper > Miss 2 Pts,"Devon Richardson, Gevon Grant, Isaiah Thompson, Jeffery Hillmer, Juan Madrigal",Base five (one big),,21.0,30,Late clock (20+ sec used)
Opponent,Aurora Spartans,Aurora Spartans,North Central (IL) Cardinals,North Central (IL) Cardinals,2025-11-12,AU@NCC,H2,1170.0,Jeffery Hillmer,Miss 3 Pts,0,play-by-play,True,synergy string,Half- 5 out ttwirl,5 Out Twirl,5 Out,Half court,5 Out,,Twirl,Twirl,,,,Clean,,Post-Up,2 Juan Madrigal > Post-Up > Left Block > Left Shoulder > Dribble Move > Defense Commits > Ball Delivered > 3 Jeffery Hillmer > Spot-Up > No Dribble Jumper > Guarded > Long/3pt > Miss 3 Pts,"Bryden Gryzmala, Devon Richardson, Jeffery Hillmer, Juan Madrigal, Zerrick Johnson",Base five (one big),,0.0,30,Early clock (0-9 sec used)
Opponent,Aurora Spartans,Aurora Spartans,North Central (IL) Cardinals,North Central (IL) Cardinals,2025-11-12,AU@NCC,H2,1132.0,Devon Richardson,Foul,0,play-by-play,True,player + clock,OK St- DHO RS- Pat Miller,OK State Pat Miller,OK State,Half court,,OK State,DHO | Pat Miller,Pat Miller,Right Side,,,Clean,,Post-Up,22 Devon Richardson > Post-Up > Right Block > Face-up > Drive Baseline > Foul,"Bryden Gryzmala, Devon Richardson, Jeffery Hillmer, Juan Madrigal, Zerrick Johnson",Base five (one big),,0.0,30,Early clock (0-9 sec used)
Opponent,Aurora Spartans,Aurora Spartans,North Central (IL) Cardinals,North Central (IL) Cardinals,2025-11-12,AU@NCC,H2,1090.0,Devon Richardson,1 Pts,3,play-by-play,True,synergy string,HiLo- Pass 5- Follow LS- Follow 4,Hi-Lo,Hi-Lo,Half court,Hi-Lo,,Pass | Follow,Pass,Left Side,,,Clean,,ISO,22 Devon Richardson > ISO > Top > Drives Right > To Basket > Make 2 Pts Foul > 1 Pts,"Bryden Gryzmala, Devon Richardson, Jeffery Hillmer, Juan Madrigal, Zerrick Johnson",Base five (one big),,18.0,30,Organized offense (10-19 sec used)
Opponent,Aurora Spartans,Aurora Spartans,North Central (IL) Cardinals,North Central (IL) Cardinals,2025-11-12,AU@NCC,H2,1008.0,Bryden Gryzmala,Make 3 Pts,3,play-by-play,True,synergy string,Horns- Pass LS- Follow- Grendae,Horns Grenade,Horns,Half court,Horns,,Pass | Follow | Grenade,Grenade,Left Side,,,Clean,,ISO,1 Bryden Gryzmala > ISO > Right > Early Jumper > No Dribble Jumper > Guarded > Long/3pt > Make 3 Pts,"Bryden Gryzmala, Devon Richardson, Jeffery Hillmer, Robert Hutson, Zerrick Johnson",Base five (one big),,0.0,30,Early clock (0-9 sec used)
Opponent,Aurora Spartans,Aurora Spartans,North Central (IL) Cardinals,North Central (IL) Cardinals,2025-11-12,AU@NCC,H2,977.0,Bryden Gryzmala,Foul,2,play-by-play,True,player + clock,Highway,Highway,Highway,Half court,,Highway,,,,,,Clean,,P&R Ball Handler,1 Bryden Gryzmala > P&R Ball Handler > High P&R > Dribble Off Pick > To Basket > Foul,"Bryden Gryzmala, Devon Richardson, Jeffery Hillmer, Robert Hutson, Zerrick Johnson",Base five (one big),,0.0,30,Early clock (0-9 sec used)
Opponent,Aurora Spartans,Aurora Spartans,North Central (IL) Cardinals,North Central (IL) Cardinals,2025-11-12,AU@NCC,H2,,Robert Hutson,No Violation,,,False,,Diamond- HiLo,Diamond,Diamond,Half court,Diamond,,,,,,,Clean,,Non Possession,12 Robert Hutson > Non Possession > No Violation,,,,,,
Opponent,Aurora Spartans,Aurora Spartans,North Central (IL) Cardinals,North Central (IL) Cardinals,2025-11-12,AU@NCC,H2,919.0,Devon Richardson,Miss 2 Pts,0,play-by-play,True,synergy string,Blob- Box -Curl,BLOB Box Curl,BLOB,BLOB,Box,,Curl,Curl,,,,Clean,,Post-Up,22 Devon Richardson > Post-Up > Left Block > Left Shoulder > Dribble Move > To Hook > Miss 2 Pts,"Cullen Rauls, Devon Richardson, Gevon Grant, Jeffery Hillmer, Robert Hutson",Base five (one big),,0.0,30,Early clock (0-9 sec used)
Opponent,Aurora Spartans,Aurora Spartans,North Central (IL) Cardinals,North Central (IL) Cardinals,2025-11-12,AU@NCC,H2,914.0,Robert Hutson,Make 2 Pts,2,play-by-play,True,synergy string,Blob-Box-Breddy,BLOB Box Breddy,BLOB,BLOB,Box,,Breddy,Breddy,,,,Clean,,Spot-Up,12 Robert Hutson > Spot-Up > Drives Right > To Basket > Make 2 Pts,"Cullen Rauls, Devon Richardson, Gevon Grant, Jeffery Hillmer, Robert Hutson",Base five (one big),,0.0,30,Early clock (0-9 sec used)
Opponent,Aurora Spartans,Aurora Spartans,North Central (IL) Cardinals,North Central (IL) Cardinals,2025-11-12,AU@NCC,H2,673.0,Gevon Grant,Foul,1,play-by-play,True,player + clock,Highway,Highway,Highway,Half court,,Highway,,,,,,Clean,,P&R Ball Handler,24 Gevon Grant > P&R Ball Handler > High P&R > Dribble Off Pick > To Basket > Foul,"Bryden Gryzmala, Devon Richardson, Gevon Grant, Jeffery Hillmer, Juan Madrigal",Base five (one big),,0.0,30,Early clock (0-9 sec used)
Opponent,Aurora Spartans,Aurora Spartans,North Central (IL) Cardinals,North Central (IL) Cardinals,2025-11-12,AU@NCC,H2,645.0,Devon Richardson,Make 2 Pts,2,play-by-play,True,synergy string,Horns-Ivo-Pass RS- RIC,Horns IVO,Horns,Half court,Horns,,IVO | Pass | Ricky,IVO,Right Side,,,Clean,,Post-Up,22 Devon Richardson > Post-Up > Left Block > Left Shoulder > Dribble Move > To Basket > Make 2 Pts,"Bryden Gryzmala, Devon Richardson, Gevon Grant, Jeffery Hillmer, Juan Madrigal",Base five (one big),,0.0,30,Early clock (0-9 sec used)
Opponent,Aurora Spartans,Aurora Spartans,North Central (IL) Cardinals,North Central (IL) Cardinals,2025-11-12,AU@NCC,H2,614.0,Devon Richardson,Make 2 Pts,2,play-by-play,True,synergy string,5 out- Pass RS- Twirl,5 Out Twirl,5 Out,Half court,5 Out,,Pass | Twirl,Twirl,Right Side,,,Clean,,No Play Type,22 Devon Richardson > No Play Type > To Basket > Make 2 Pts,"Bryden Gryzmala, Devon Richardson, Gevon Grant, Jeffery Hillmer, Juan Madrigal",Base five (one big),,0.0,30,Early clock (0-9 sec used)
Opponent,Aurora Spartans,Aurora Spartans,North Central (IL) Cardinals,North Central (IL) Cardinals,2025-11-12,AU@NCC,H2,553.0,Devon Richardson,Turnover,0,play-by-play,True,synergy string,Blob-box-curl,BLOB Box Curl,BLOB,BLOB,Box,,Curl,Curl,,,,Clean,,ISO,22 Devon Richardson > ISO > Left > Drives Right > Defense Commits > Turnover,"Bryden Gryzmala, Devon Richardson, Gevon Grant, Robert Hutson, Zerrick Johnson",Base five (one big),,8.0,20,Early clock (0-9 sec used)
Opponent,Aurora Spartans,Aurora Spartans,North Central (IL) Cardinals,North Central (IL) Cardinals,2025-11-12,AU@NCC,H2,497.0,Gevon Grant,Turnover,0,play-by-play,True,synergy string,Horns-DHO Left- Sci,Horns DHO,Horns,Half court,Horns,,DHO | Scissors,DHO,Left Side,,,Clean,,Hand Off,24 Gevon Grant > Hand Off > From Dribble > Top > Turnover,"Bryden Gryzmala, Devon Richardson, Gevon Grant, Robert Hutson, Zerrick Johnson",Base five (one big),,0.0,30,Early clock (0-9 sec used)
Opponent,Aurora Spartans,Aurora Spartans,North Central (IL) Cardinals,North Central (IL) Cardinals,2025-11-12,AU@NCC,H2,437.0,Juan Madrigal,Miss 3 Pts,0,play-by-play,True,synergy string,HiLo-Pass 5 follow- 4 follow- pass 4,Hi-Lo,Hi-Lo,Half court,Hi-Lo,,Pass | Follow,Pass,,,,Clean,,Hand Off,2 Juan Madrigal > Hand Off > From Stationary > Top > No Dribble Jumper > Open > Long/3pt > Miss 3 Pts,"Bryden Gryzmala, Devon Richardson, Juan Madrigal, Robert Hutson, Zerrick Johnson",Base five (one big),,0.0,30,Early clock (0-9 sec used)
Opponent,Aurora Spartans,Aurora Spartans,North Central (IL) Cardinals,North Central (IL) Cardinals,2025-11-12,AU@NCC,H2,382.0,Gevon Grant,Miss 3 Pts,0,play-by-play,True,synergy string,Ok St- Pass RS - Follow-Pat Miller,OK State Pat Miller,OK State,Half court,,OK State,Pass | Follow | Pat Miller,Pat Miller,Right Side,,,Clean,,P&R Ball Handler,2 Juan Madrigal > P&R Ball Handler > High P&R > Dribble Off Pick > Defense Commits > Ball Delivered > 24 Gevon Grant > Spot-Up > Drives Right > Dribble Jumper > Long/3pt > Miss 3 Pts,"Devon Richardson, Gevon Grant, Jeffery Hillmer, Juan Madrigal, Robert Hutson",Base five (one big),,30,30,Late clock (20+ sec used)
Opponent,Aurora Spartans,Aurora Spartans,North Central (IL) Cardinals,North Central (IL) Cardinals,2025-11-12,AU@NCC,H2,281.0,Juan Madrigal,Make 2 Pts,2,play-by-play,True,synergy string,41- Pass RS- 1 screen 5,4-1 Screen,4-1,Half court,4-1,,Pass | Screen,Screen,Right Side,,,Clean,,ISO,2 Juan Madrigal > ISO > Right > Drives Left > To Basket > Make 2 Pts,"Devon Richardson, Gevon Grant, Jeffery Hillmer, Juan Madrigal, Zerrick Johnson",Base five (one big),"Clutch (last 5 min, margin ≤ 8)",15.0,30,Organized offense (10-19 sec used)
Opponent,Aurora Spartans,Aurora Spartans,North Central (IL) Cardinals,North Central (IL) Cardinals,2025-11-12,AU@NCC,H2,,Juan Madrigal,No Violation,,,False,,23- PT,2-3 Post Touch,2-3,Half court,2-3,,Post Touch,Post Touch,,,,Clean,,Non Possession,2 Juan Madrigal > Non Possession > No Violation,,,,,,
Opponent,Aurora Spartans,Aurora Spartans,North Central (IL) Cardinals,North Central (IL) Cardinals,2025-11-12,AU@NCC,H2,101.0,Gevon Grant,Make 2 Pts,2,play-by-play,True,synergy string,ATO- Hi low- Bs LS- Hammer,Hi-Lo Hammer,Hi-Lo,ATO,Hi-Lo,,Ball Screen | Hammer,Hammer,Left Side,,,Clean,,Hand Off,24 Gevon Grant > Hand Off > From Dribble > Top > To Basket > Make 2 Pts,"Devon Richardson, Gevon Grant, Jeffery Hillmer, Juan Madrigal, Zerrick Johnson",Base five (one big),"Clutch (last 5 min, margin ≤ 8)",24.0,30,Late clock (20+ sec used)
Opponent,Aurora Spartans,Aurora Spartans,North Central (IL) Cardinals,North Central (IL) Cardinals,2025-11-12,AU@NCC,H2,44.0,Gevon Grant,Miss 2 Pts,0,play-by-play,True,synergy string,23- Dho-ISO,2-3 DHO,2-3,Half court,2-3,,DHO | ISO,DHO,,,,Clean,,ISO,13 Zerrick Johnson > ISO > Top > Drives Left > Defense Commits > Ball Delivered > 24 Gevon Grant > Spot-Up > Drives Right > To Basket > Miss 2 Pts,"Devon Richardson, Gevon Grant, Jeffery Hillmer, Juan Madrigal, Zerrick Johnson",Base five (one big),"Clutch (last 5 min, margin ≤ 8)",0.0,30,Early clock (0-9 sec used)
Opponent,Aurora Spartans,Aurora Spartans,Bethany Lutheran Vikings,Bethany Lutheran Vikings,2025-11-08,BLC@AU,H1,1186.0,Bryden Gryzmala,Turnover,0,play-by-play,True,synergy string,23- Dribble LC out- PT,2-3 Post Touch,2-3,Half court,2-3,,Dribble Entry | Post Touch,Post Touch,Left Corner,,,Clean,,No Play Type,1 Bryden Gryzmala > No Play Type > Turnover,"Bryden Gryzmala, Devon Richardson, Jeffery Hillmer, Juan Madrigal, Zerrick Johnson",Base five (one big),,0.0,30,Early clock (0-9 sec used)
Opponent,Aurora Spartans,Aurora Spartans,Bethany Lutheran Vikings,Bethany Lutheran Vikings,2025-11-08,BLC@AU,H1,1159.0,Juan Madrigal,Miss 3 Pts,0,play-by-play,True,synergy string,41- LS BS,4-1 Ball Screen,4-1,Half court,4-1,,Ball Screen,Ball Screen,Left Side,,,Clean,,P&R Ball Handler,3 Jeffery Hillmer > P&R Ball Handler > Left P&R > Side > Dribble Off Pick > Defense Commits > Ball Delivered > 2 Juan Madrigal > P&R Roll Man > Pick and Pops > Drives Left > Dribble Jumper > Long/3pt > Miss 3 Pts,"Bryden Gryzmala, Devon Richardson, Jeffery Hillmer, Juan Madrigal, Zerrick Johnson",Base five (one big),,0.0,30,Early clock (0-9 sec used)
Opponent,Aurora Spartans,Aurora Spartans,Bethany Lutheran Vikings,Bethany Lutheran Vikings,2025-11-08,BLC@AU,H1,1127.0,Jeffery Hillmer,1 Pts,3,play-by-play,True,synergy string,OK ST- Dho RS- Pat Miller,OK State Pat Miller,OK State,Half court,,OK State,DHO | Pat Miller,Pat Miller,Right Side,,,Clean,,Cut,3 Jeffery Hillmer > Cut > Screen > Make 2 Pts Foul > 1 Pts,"Bryden Gryzmala, Devon Richardson, Jeffery Hillmer, Juan Madrigal, Zerrick Johnson",Base five (one big),,15.0,30,Organized offense (10-19 sec used)
Opponent,Aurora Spartans,Aurora Spartans,Bethany Lutheran Vikings,Bethany Lutheran Vikings,2025-11-08,BLC@AU,H1,1090.0,Juan Madrigal,Miss 2 Pts,0,play-by-play,True,synergy string,Blob-box-breddy,BLOB Box Breddy,BLOB,BLOB,Box,,Breddy,Breddy,,,,Clean,,ISO,2 Juan Madrigal > ISO > Right > Drives Right > Dribble Jumper > Short to < 17' > Miss 2 Pts,"Bryden Gryzmala, Devon Richardson, Jeffery Hillmer, Juan Madrigal, Zerrick Johnson",Base five (one big),,18.0,20,Organized offense (10-19 sec used)
Opponent,Aurora Spartans,Aurora Spartans,Bethany Lutheran Vikings,Bethany Lutheran Vikings,2025-11-08,BLC@AU,H1,1055.0,Jeffery Hillmer,Miss 3 Pts,0,play-by-play,True,synergy string,41-BS LS,4-1 Ball Screen,4-1,Half court,4-1,,Ball Screen,Ball Screen,Left Side,,,Clean,,Spot-Up,3 Jeffery Hillmer > Spot-Up > No Dribble Jumper > Open > Long/3pt > Miss 3 Pts,"Bryden Gryzmala, Devon Richardson, Jeffery Hillmer, Juan Madrigal, Zerrick Johnson",Base five (one big),,0.0,30,Early clock (0-9 sec used)
Opponent,Aurora Spartans,Aurora Spartans,Bethany Lutheran Vikings,Bethany Lutheran Vikings,2025-11-08,BLC@AU,H1,950.0,Robert Hutson,Miss 2 Pts,0,play-by-play,True,synergy string,HiLo- Follow-Follow,Hi-Lo,Hi-Lo,Half court,Hi-Lo,,Follow,Follow,,,,Clean,,P&R Ball Handler,12 Robert Hutson > P&R Ball Handler > High P&R > Dribble Off Pick > Dribble Jumper > Medium/17' to <3p > Miss 2 Pts,"Gevon Grant, Jeffery Hillmer, Larry Carthan, Robert Hutson, Zerrick Johnson",Small / shooting five (no true big),,0.0,30,Early clock (0-9 sec used)
Opponent,Aurora Spartans,Aurora Spartans,Bethany Lutheran Vikings,Bethany Lutheran Vikings,2025-11-08,BLC@AU,H1,833.0,Larry Carthan,Foul,1,play-by-play,True,player + clock,33- Pass Rw- BS-HAMMER,33 Hammer,33,Half court,33,,Pass | Ball Screen | Hammer,Hammer,Right Wing,,,Clean,,Spot-Up,5 Larry Carthan > Spot-Up > Drives Right > To Basket > Foul,"Gevon Grant, Isaiah Thompson, Jeffery Hillmer, Juan Madrigal, Larry Carthan",Small / shooting five (no true big),,0.0,30,Early clock (0-9 sec used)
Opponent,Aurora Spartans,Aurora Spartans,Bethany Lutheran Vikings,Bethany Lutheran Vikings,2025-11-08,BLC@AU,H1,772.0,Jeffery Hillmer,Make 2 Pts,2,play-by-play,True,synergy string,Blob- 2-1-1,BLOB 2-1-1,BLOB,BLOB,2-1-1,,,,,,,Clean,,Cut,3 Jeffery Hillmer > Cut > Flash > Make 2 Pts,"Bryden Gryzmala, Devon Richardson, Isaiah Thompson, Jeffery Hillmer, Juan Madrigal",Base five (one big),,0.0,30,Early clock (0-9 sec used)
Opponent,Aurora Spartans,Aurora Spartans,Bethany Lutheran Vikings,Bethany Lutheran Vikings,2025-11-08,BLC@AU,H1,720.0,Devon Richardson,Miss 2 Pts,0,play-by-play,True,synergy string,5 out- twirl-zoom,5 Out Twirl,5 Out,Half court,5 Out,,Twirl | Zoom,Twirl,,,,Clean,,Post-Up,22 Devon Richardson > Post-Up > Right Block > Left Shoulder > Dribble Move > To Basket > Miss 2 Pts,"Bryden Gryzmala, Devon Richardson, Isaiah Thompson, Jeffery Hillmer, Juan Madrigal",Base five (one big),,0.0,30,Early clock (0-9 sec used)
Opponent,Aurora Spartans,Aurora Spartans,Bethany Lutheran Vikings,Bethany Lutheran Vikings,2025-11-08,BLC@AU,H1,712.0,Devon Richardson,Miss 2 Pts,0,play-by-play,True,synergy string,Blob-Box-Curl,BLOB Box Curl,BLOB,BLOB,Box,,Curl,Curl,,,,Clean,,Cut,22 Devon Richardson > Cut > Flash > Miss 2 Pts,"Bryden Gryzmala, Devon Richardson, Isaiah Thompson, Jeffery Hillmer, Zerrick Johnson",Base five (one big),,6.0,30,Early clock (0-9 sec used)
Opponent,Aurora Spartans,Aurora Spartans,Bethany Lutheran Vikings,Bethany Lutheran Vikings,2025-11-08,BLC@AU,H1,681.0,Zerrick Johnson,Turnover,0,play-by-play,True,synergy string,Ok St-DHO Rs- Pat Miller,OK State Pat Miller,OK State,Half court,,OK State,DHO | Pat Miller,Pat Miller,Right Side,,,Clean,,No Play Type,13 Zerrick Johnson > No Play Type > Turnover,"Bryden Gryzmala, Devon Richardson, Isaiah Thompson, Jeffery Hillmer, Zerrick Johnson",Base five (one big),,0.0,30,Early clock (0-9 sec used)
Opponent,Aurora Spartans,Aurora Spartans,Bethany Lutheran Vikings,Bethany Lutheran Vikings,2025-11-08,BLC@AU,H1,648.0,Bryden Gryzmala,Make 2 Pts,2,play-by-play,True,synergy string,41- BS RW,4-1 Ball Screen,4-1,Half court,4-1,,Ball Screen,Ball Screen,Right Wing,,,Clean,,P&R Ball Handler,1 Bryden Gryzmala > P&R Ball Handler > Right P&R > Side > Dribble Off Pick > Dribble Jumper > Short to < 17' > Make 2 Pts,"Bryden Gryzmala, Devon Richardson, Isaiah Thompson, Jeffery Hillmer, Zerrick Johnson",Base five (one big),,12.0,30,Organized offense (10-19 sec used)
Opponent,Aurora Spartans,Aurora Spartans,Bethany Lutheran Vikings,Bethany Lutheran Vikings,2025-11-08,BLC@AU,H1,438.0,Juan Madrigal,Turnover,0,play-by-play,True,synergy string,Horns-IVO-pass-RIC,Horns IVO,Horns,Half court,Horns,,IVO | Pass | Ricky,IVO,,,,Clean,,Spot-Up,2 Juan Madrigal > Spot-Up > Drives Left > Turnover,"Alex Ross, Bryden Gryzmala, Jeffery Hillmer, Juan Madrigal, Larry Carthan",Small / shooting five (no true big),,0.0,30,Early clock (0-9 sec used)
Opponent,Aurora Spartans,Aurora Spartans,Bethany Lutheran Vikings,Bethany Lutheran Vikings,2025-11-08,BLC@AU,H1,209.0,Juan Madrigal,Make 3 Pts,3,play-by-play,True,synergy string,Hi-lo- DHO RS- DS- STS,Hi-Lo DHO,Hi-Lo,Half court,Hi-Lo,,DHO | Down Screen | Screen the Screener,DHO,Right Side,,,Clean,,Off Screen,2 Juan Madrigal > Off Screen > To Shooter's Left > Straight > No Dribble Jumper > Guarded > Long/3pt > Make 3 Pts,"Devon Richardson, Gevon Grant, Jeffery Hillmer, Juan Madrigal, Zerrick Johnson",Base five (one big),,0.0,30,Early clock (0-9 sec used)
Opponent,Aurora Spartans,Aurora Spartans,Bethany Lutheran Vikings,Bethany Lutheran Vikings,2025-11-08,BLC@AU,H1,142.0,Gevon Grant,Make 2 Pts,2,play-by-play,True,synergy string,Highway,Highway,Highway,Half court,,Highway,,,,,,Clean,,P&R Ball Handler,24 Gevon Grant > P&R Ball Handler > High P&R > Dribble Off Pick > To Basket > Make 2 Pts,"Devon Richardson, Gevon Grant, Jeffery Hillmer, Juan Madrigal, Zerrick Johnson",Base five (one big),,0.0,30,Early clock (0-9 sec used)
Opponent,Aurora Spartans,Aurora Spartans,Bethany Lutheran Vikings,Bethany Lutheran Vikings,2025-11-08,BLC@AU,H1,100.0,Devon Richardson,Make 2 Pts,2,play-by-play,True,synergy string,Slob- Horns- IVO-pass RS-RIC,SLOB Horns IVO,SLOB,SLOB,Horns,,IVO | Pass | Ricky,IVO,Right Side,,,Clean,,Post-Up,22 Devon Richardson > Post-Up > Right Block > Post Pin > Dribble Move > To Basket > Make 2 Pts,"Devon Richardson, Gevon Grant, Jeffery Hillmer, Juan Madrigal, Zerrick Johnson",Base five (one big),,0.0,30,Early clock (0-9 sec used)
Opponent,Aurora Spartans,Aurora Spartans,Bethany Lutheran Vikings,Bethany Lutheran Vikings,2025-11-08,BLC@AU,H2,1156.0,Devon Richardson,1 Pts,3,play-by-play,True,synergy string,Horns-DHO RS- DS-,Horns DHO,Horns,Half court,Horns,,DHO | Down Screen,DHO,Right Side,,,Clean,,P&R Ball Handler,2 Juan Madrigal > P&R Ball Handler > High P&R > Dribble Off Pick > Defense Commits > Ball Delivered > 22 Devon Richardson > P&R Roll Man > Pick and Pops > Drives Straight > To Basket > Make 2 Pts Foul > 1 Pts,"Bryden Gryzmala, Devon Richardson, Jeffery Hillmer, Juan Madrigal, Zerrick Johnson",Base five (one big),,0.0,30,Early clock (0-9 sec used)
Opponent,Aurora Spartans,Aurora Spartans,Bethany Lutheran Vikings,Bethany Lutheran Vikings,2025-11-08,BLC@AU,H2,963.0,Devon Richardson,Miss 2 Pts,0,play-by-play,True,synergy string,5 out- pass top-twirl-zoom,5 Out Twirl,5 Out,Half court,5 Out,,Pass | Twirl | Zoom,Twirl,Top,,,Clean,,Cut,22 Devon Richardson > Cut > Basket > Miss 2 Pts,"Bryden Gryzmala, Devon Richardson, Gevon Grant, Jeffery Hillmer, Robert Hutson",Base five (one big),,0.0,30,Early clock (0-9 sec used)
Opponent,Aurora Spartans,Aurora Spartans,Bethany Lutheran Vikings,Bethany Lutheran Vikings,2025-11-08,BLC@AU,H2,945.0,Zerrick Johnson,Miss 2 Pts,0,play-by-play,True,synergy string,33- pass left-bs- hammer,33 Hammer,33,Half court,33,,Pass | Ball Screen | Hammer,Hammer,Left Side,,,Clean,,P&R Ball Handler,13 Zerrick Johnson > P&R Ball Handler > Left P&R > Side > Go Away from Pick > To Basket > Miss 2 Pts,"Devon Richardson, Gevon Grant, Isaiah Thompson, Juan Madrigal, Zerrick Johnson",Base five (one big),,11.0,30,Organized offense (10-19 sec used)
Opponent,Aurora Spartans,Aurora Spartans,Bethany Lutheran Vikings,Bethany Lutheran Vikings,2025-11-08,BLC@AU,H2,837.0,Juan Madrigal,Turnover,0,play-by-play,True,synergy string,OK ST-DHO RS- Pat Miller,OK State Pat Miller,OK State,Half court,,OK State,DHO | Pat Miller,Pat Miller,Right Side,,,Clean,,P&R Ball Handler,2 Juan Madrigal > P&R Ball Handler > High P&R > Dribble Off Pick > Defense Commits > Turnover,"Devon Richardson, Gevon Grant, Isaiah Thompson, Juan Madrigal, Zerrick Johnson",Base five (one big),,0.0,30,Early clock (0-9 sec used)
Opponent,Aurora Spartans,Aurora Spartans,Bethany Lutheran Vikings,Bethany Lutheran Vikings,2025-11-08,BLC@AU,H2,,Juan Madrigal,No Violation,,,False,,5 out- pass LW- flash pass- handoff,5 Out DHO,5 Out,Half court,5 Out,,Pass | Flash | DHO,DHO,Left Wing,,,Clean,,Non Possession,2 Juan Madrigal > Non Possession > No Violation,,,,,,
Opponent,Aurora Spartans,Aurora Spartans,Bethany Lutheran Vikings,Bethany Lutheran Vikings,2025-11-08,BLC@AU,H2,800.0,Bryden Gryzmala,Miss 2 Pts,0,play-by-play,True,synergy string,slob- ball screen,SLOB Ball Screen,SLOB,SLOB,,,Ball Screen,Ball Screen,,,,Clean,,P&R Ball Handler,1 Bryden Gryzmala > P&R Ball Handler > Right P&R > Side > Dribble Off Pick > To Basket > Miss 2 Pts,"Bryden Gryzmala, Jeffery Hillmer, Juan Madrigal, Larry Carthan, Zerrick Johnson",Small / shooting five (no true big),,0.0,30,Early clock (0-9 sec used)
Opponent,Aurora Spartans,Aurora Spartans,Bethany Lutheran Vikings,Bethany Lutheran Vikings,2025-11-08,BLC@AU,H2,734.0,Gevon Grant,Foul,1,play-by-play,True,player + clock,slob-ISO,SLOB ISO,SLOB,SLOB,,,ISO,ISO,,,,Clean,,ISO,24 Gevon Grant > ISO > Top > Drives Right > To Basket > Foul,"Gevon Grant, Jeffery Hillmer, Juan Madrigal, Larry Carthan, Zerrick Johnson",Small / shooting five (no true big),,25.0,30,Late clock (20+ sec used)
Opponent,Aurora Spartans,Aurora Spartans,Bethany Lutheran Vikings,Bethany Lutheran Vikings,2025-11-08,BLC@AU,H2,404.0,Bryden Gryzmala,Make 2 Pts,2,play-by-play,True,synergy string,Horns-Ivo-pass-RIC,Horns IVO,Horns,Half court,Horns,,IVO | Pass | Ricky,IVO,,,,Clean,,Spot-Up,1 Bryden Gryzmala > Spot-Up > Drives Left > Dribble Jumper > Short to < 17' > Make 2 Pts,"Bryden Gryzmala, Devon Richardson, Gevon Grant, Juan Madrigal, Robert Hutson",Base five (one big),,0.0,30,Early clock (0-9 sec used)
Opponent,Aurora Spartans,Aurora Spartans,Bethany Lutheran Vikings,Bethany Lutheran Vikings,2025-11-08,BLC@AU,H2,381.0,Bryden Gryzmala,Miss 2 Pts,0,play-by-play,True,synergy string,41-dho-bs,4-1 DHO,4-1,Half court,4-1,,DHO | Ball Screen,DHO,,,,Clean,,P&R Ball Handler,24 Gevon Grant > P&R Ball Handler > Right P&R > Side > Dribble Off Pick > Defense Commits > Ball Delivered > 1 Bryden Gryzmala > Spot-Up > Drives Right > To Basket > Miss 2 Pts,"Bryden Gryzmala, Gevon Grant, Juan Madrigal, Larry Carthan, Robert Hutson",Small / shooting five (no true big),,14.0,30,Organized offense (10-19 sec used)
Opponent,Aurora Spartans,Aurora Spartans,Bethany Lutheran Vikings,Bethany Lutheran Vikings,2025-11-08,BLC@AU,H2,263.0,Bryden Gryzmala,Turnover,0,play-by-play,True,synergy string,41- BS LS,4-1 Ball Screen,4-1,Half court,4-1,,Ball Screen,Ball Screen,Left Side,,,Clean,,P&R Ball Handler,1 Bryden Gryzmala > P&R Ball Handler > High P&R > Go Away from Pick > To Basket > Turnover,"Bryden Gryzmala, Gevon Grant, Juan Madrigal, Larry Carthan, Robert Hutson",Small / shooting five (no true big),"Clutch (last 5 min, margin ≤ 8)",0.0,30,Early clock (0-9 sec used)
Opponent,Aurora Spartans,Aurora Spartans,Bethany Lutheran Vikings,Bethany Lutheran Vikings,2025-11-08,BLC@AU,H2,235.0,Robert Hutson,Foul,1,play-by-play,True,player + clock,41-DHO-BS,4-1 DHO,4-1,Half court,4-1,,DHO | Ball Screen,DHO,,,,Clean,,Hand Off,12 Robert Hutson > Hand Off > From Dribble > Left > To Basket > Foul,"Bryden Gryzmala, Gevon Grant, Juan Madrigal, Larry Carthan, Robert Hutson",Small / shooting five (no true big),"Clutch (last 5 min, margin ≤ 8)",0.0,30,Early clock (0-9 sec used)
Opponent,Aurora Spartans,Aurora Spartans,Bethany Lutheran Vikings,Bethany Lutheran Vikings,2025-11-08,BLC@AU,H2,231.0,Devon Richardson,Make 2 Pts,2,play-by-play,True,synergy string,BLOB-Box-Curl,BLOB Box Curl,BLOB,BLOB,Box,,Curl,Curl,,,,Clean,,Cut,22 Devon Richardson > Cut > Basket > Make 2 Pts,"Devon Richardson, Gevon Grant, Jeffery Hillmer, Juan Madrigal, Zerrick Johnson",Base five (one big),"Clutch (last 5 min, margin ≤ 8)",4.0,30,Early clock (0-9 sec used)
Opponent,Aurora Spartans,Aurora Spartans,Bethany Lutheran Vikings,Bethany Lutheran Vikings,2025-11-08,BLC@AU,H2,86.0,Devon Richardson,Make 2 Pts,2,play-by-play,True,synergy string,DD,Double Drag,Motion / no set,Half court,,,Double Drag,Double Drag,,,,Clean,,ISO,24 Gevon Grant > ISO > Top > Drives Right > Defense Commits > Ball Delivered > 22 Devon Richardson > Cut > Basket > Make 2 Pts,"Devon Richardson, Gevon Grant, Jeffery Hillmer, Juan Madrigal, Zerrick Johnson",Base five (one big),"Clutch (last 5 min, margin ≤ 8)",26.0,30,Late clock (20+ sec used)
Opponent,Aurora Spartans,Aurora Spartans,Gustavus Adolphus Golden Gusties,Gustavus Adolphus Golden Gusties,2025-11-07,GUS@AU,H1,1173.0,Devon Richardson,Make 2 Pts,2,play-by-play,True,synergy string,Opener- 41- Dribble left push thru-PT,4-1 Post Touch,4-1,Opening set,4-1,,Dribble Entry | Post Touch,Post Touch,Left Side,,,Clean,,Cut,22 Devon Richardson > Cut > Flash > Make 2 Pts,"Devon Richardson, Gevon Grant, Jeffery Hillmer, Juan Madrigal, Zerrick Johnson",Base five (one big),,0.0,30,Early clock (0-9 sec used)
Opponent,Aurora Spartans,Gustavus Adolphus Golden Gusties,Aurora Spartans,Gustavus Adolphus Golden Gusties,2025-11-07,GUS@AU,H1,1098.0,Eli Wolff,Miss 3 Pts,0,play-by-play,True,synergy string,Highway,Highway,Highway,Half court,,Highway,,,,,,Clean,,Transition,2 Eli Wolff > Transition > Right Wing > No Dribble Jumper > Open > Long/3pt > Miss 3 Pts,"Devon Richardson, Gevon Grant, Jeffery Hillmer, Juan Madrigal, Zerrick Johnson",Base five (one big),,4.0,30,Early clock (0-9 sec used)
Opponent,Aurora Spartans,Aurora Spartans,Gustavus Adolphus Golden Gusties,Gustavus Adolphus Golden Gusties,2025-11-07,GUS@AU,H1,850.0,Larry Carthan,Miss 2 Pts,0,play-by-play,True,synergy string,41- BS LS- Reject,4-1 Ball Screen,4-1,Half court,4-1,,Ball Screen | Reject,Ball Screen,Left Side,,,Clean,,Offensive Rebound,5 Larry Carthan > Offensive Rebound > Short > Scoring Attempt > At Basket > Miss 2 Pts,"Bryden Gryzmala, Jeffery Hillmer, Larry Carthan, Robert Hutson, Zerrick Johnson",Small / shooting five (no true big),,1.0,20,Early clock (0-9 sec used)
Opponent,Aurora Spartans,Aurora Spartans,Gustavus Adolphus Golden Gusties,Gustavus Adolphus Golden Gusties,2025-11-07,GUS@AU,H1,685.0,Gevon Grant,Miss 3 Pts,0,play-by-play,True,synergy string,41- BS LW-RJ,4-1 Ball Screen,4-1,Half court,4-1,,Ball Screen | Reject,Ball Screen,Left Wing,,,Clean,,Spot-Up,24 Gevon Grant > Spot-Up > No Dribble Jumper > Guarded > Long/3pt > Miss 3 Pts,"Gevon Grant, Jeffery Hillmer, Juan Madrigal, Larry Carthan, Zerrick Johnson",Small / shooting five (no true big),,0.0,30,Early clock (0-9 sec used)
Opponent,Aurora Spartans,Aurora Spartans,Gustavus Adolphus Golden Gusties,Gustavus Adolphus Golden Gusties,2025-11-07,GUS@AU,H1,625.0,Juan Madrigal,Foul,3,play-by-play,True,player + clock,Slob-Horns- IVO,SLOB Horns IVO,SLOB,SLOB,Horns,,IVO,IVO,,,,Clean,,Spot-Up,2 Juan Madrigal > Spot-Up > Drives Left > Dribble Jumper > Long/3pt > Foul,"Devon Richardson, Gevon Grant, Isaiah Thompson, Jeffery Hillmer, Juan Madrigal",Base five (one big),,24.0,30,Late clock (20+ sec used)
Opponent,Aurora Spartans,Aurora Spartans,Gustavus Adolphus Golden Gusties,Gustavus Adolphus Golden Gusties,2025-11-07,GUS@AU,H1,541.0,Zerrick Johnson,Foul,2,play-by-play,True,player + clock,5 Out- Zoom,5 Out Zoom,5 Out,Half court,5 Out,,Zoom,Zoom,,,,Clean,,P&R Ball Handler,12 Robert Hutson > P&R Ball Handler > High P&R > Dribble Off Pick > Defense Commits > Ball Delivered > 13 Zerrick Johnson > Spot-Up > Drives Right > To Basket > Foul,"Devon Richardson, Isaiah Thompson, Juan Madrigal, Robert Hutson, Zerrick Johnson",Base five (one big),,23.0,30,Late clock (20+ sec used)
Opponent,Aurora Spartans,Aurora Spartans,Gustavus Adolphus Golden Gusties,Gustavus Adolphus Golden Gusties,2025-11-07,GUS@AU,H1,532.0,Robert Hutson,Miss 3 Pts,0,play-by-play,True,synergy string,Blob- 2-1-1,BLOB 2-1-1,BLOB,BLOB,2-1-1,,,,,,,Clean,,Spot-Up,12 Robert Hutson > Spot-Up > No Dribble Jumper > Open > Long/3pt > Miss 3 Pts,"Devon Richardson, Isaiah Thompson, Juan Madrigal, Robert Hutson, Zerrick Johnson",Base five (one big),,0.0,30,Early clock (0-9 sec used)
Opponent,Aurora Spartans,Aurora Spartans,Gustavus Adolphus Golden Gusties,Gustavus Adolphus Golden Gusties,2025-11-07,GUS@AU,H1,437.0,Gevon Grant,Turnover,0,play-by-play,True,synergy string,Ok ST-Dho LS- Pat Miller,OK State Pat Miller,OK State,Half court,,OK State,DHO | Pat Miller,Pat Miller,Left Side,,,Clean,,P&R Ball Handler,3 Jeffery Hillmer > P&R Ball Handler > Right P&R > Side > Dribble Off Pick > Defense Commits > Ball Delivered > 24 Gevon Grant > Cut > Basket > Turnover,"Adam Awender, Alex Ross, Bryden Gryzmala, Gevon Grant, Jeffery Hillmer",Small / shooting five (no true big),,30.0,30,Late clock (20+ sec used)
Opponent,Aurora Spartans,Aurora Spartans,Gustavus Adolphus Golden Gusties,Gustavus Adolphus Golden Gusties,2025-11-07,GUS@AU,H1,330.0,Juan Madrigal,Turnover,0,play-by-play,True,player + clock,33- Pass LW- Follow-BS-Hammer,33 Hammer,33,Half court,33,,Pass | Follow | Ball Screen | Hammer,Hammer,Left Wing,,,Clean,,P&R Ball Handler,2 Juan Madrigal > P&R Ball Handler > Left P&R > Side > Go Away from Pick > Turnover,"Bryden Gryzmala, Jeffery Hillmer, Juan Madrigal, Larry Carthan, Zerrick Johnson",Small / shooting five (no true big),,0.0,30,Early clock (0-9 sec used)
Opponent,Aurora Spartans,Aurora Spartans,Gustavus Adolphus Golden Gusties,Gustavus Adolphus Golden Gusties,2025-11-07,GUS@AU,H1,43.0,Devon Richardson,Make 2 Pts,2,play-by-play,True,synergy string,Blob-Box-Curl,BLOB Box Curl,BLOB,BLOB,Box,,Curl,Curl,,,,Clean,,Post-Up,22 Devon Richardson > Post-Up > Right Block > Left Shoulder > Dribble Move > To Basket > Make 2 Pts,"Bryden Gryzmala, Devon Richardson, Isaiah Thompson, Jeffery Hillmer, Juan Madrigal",Base five (one big),,2.0,20,Early clock (0-9 sec used)
Opponent,Aurora Spartans,Aurora Spartans,Gustavus Adolphus Golden Gusties,Gustavus Adolphus Golden Gusties,2025-11-07,GUS@AU,H2,,Devon Richardson,No Violation,,,False,,Blob-Box-Curl,BLOB Box Curl,BLOB,BLOB,Box,,Curl,Curl,,,,Clean,,Non Possession,22 Devon Richardson > Non Possession > No Violation,,,,,,
Opponent,Aurora Spartans,Aurora Spartans,Gustavus Adolphus Golden Gusties,Gustavus Adolphus Golden Gusties,2025-11-07,GUS@AU,H2,1036.0,Devon Richardson,Miss 2 Pts,0,play-by-play,True,synergy string,Blob-2-1-1,BLOB 2-1-1,BLOB,BLOB,2-1-1,,,,,,,Clean,,Post-Up,22 Devon Richardson > Post-Up > Left Block > Right Shoulder > Dribble Move > To Basket > Miss 2 Pts,"Bryden Gryzmala, Devon Richardson, Gevon Grant, Isaiah Thompson, Juan Madrigal",Base five (one big),,6.0,30,Early clock (0-9 sec used)
Opponent,Aurora Spartans,Aurora Spartans,Gustavus Adolphus Golden Gusties,Gustavus Adolphus Golden Gusties,2025-11-07,GUS@AU,H2,,Devon Richardson,No Violation,,,False,,Blob-Box-Breddy,BLOB Box Breddy,BLOB,BLOB,Box,,Breddy,Breddy,,,,Clean,,Non Possession,22 Devon Richardson > Non Possession > No Violation,,,,,,
Opponent,Aurora Spartans,Aurora Spartans,Gustavus Adolphus Golden Gusties,Gustavus Adolphus Golden Gusties,2025-11-07,GUS@AU,H2,959.0,Larry Carthan,Foul,2,play-by-play,True,player + clock,Hi Lo- DHO RS-DS-STS,Hi-Lo DHO,Hi-Lo,Half court,Hi-Lo,,DHO | Down Screen | Screen the Screener,DHO,Right Side,,,Clean,,Cut,5 Larry Carthan > Cut > Basket > Foul,"Bryden Gryzmala, Isaiah Thompson, Jeffery Hillmer, Juan Madrigal, Larry Carthan",Small / shooting five (no true big),,1.0,30,Early clock (0-9 sec used)
Opponent,Aurora Spartans,Aurora Spartans,Benedictine (IL) Eagles,Benedictine (IL) Eagles,2025-11-15,AU@BEN,H1,175.0,Devon Richardson,Turnover,0,play-by-play,True,synergy string,REWATCH,,,Half court,,,,,,,,Needs review,tagger flagged it (rewatch/TBD/?/mess up),ISO,22 Devon Richardson > ISO > Right > Drives Right > Turnover,"Devon Richardson, Gevon Grant, Jeffery Hillmer, Juan Madrigal, Mekhi Doby",Base five (one big),,30,30,Late clock (20+ sec used)
Opponent,Aurora Spartans,Aurora Spartans,Gustavus Adolphus Golden Gusties,Gustavus Adolphus Golden Gusties,2025-11-07,GUS@AU,H2,918.0,Bryden Gryzmala,Turnover,0,play-by-play,True,synergy string,Blob-Stairs-lob,BLOB Stairs Lob,BLOB,BLOB,,Stairs,Lob,Lob,,,,Clean,,No Play Type,1 Bryden Gryzmala > No Play Type > Turnover,"Bryden Gryzmala, Jeffery Hillmer, Juan Madrigal, Larry Carthan, Robert Hutson",Small / shooting five (no true big),,0.0,30,Early clock (0-9 sec used)
Opponent,Aurora Spartans,Aurora Spartans,Gustavus Adolphus Golden Gusties,Gustavus Adolphus Golden Gusties,2025-11-07,GUS@AU,H2,823.0,Jeffery Hillmer,Miss 2 Pts,0,play-by-play,True,synergy string,Slob-Monty,SLOB Monty,SLOB,SLOB,,Monty,,,,,,Clean,,Post-Up,3 Jeffery Hillmer > Post-Up > Flash Middle > Left Shoulder > Dribble Move > To Basket > Miss 2 Pts,"Devon Richardson, Gevon Grant, Jeffery Hillmer, Juan Madrigal, Robert Hutson",Base five (one big),,15.0,30,Organized offense (10-19 sec used)
Opponent,Aurora Spartans,Aurora Spartans,Gustavus Adolphus Golden Gusties,Gustavus Adolphus Golden Gusties,2025-11-07,GUS@AU,H2,,Devon Richardson,Shot Clock Violation,0,result tag,False,,Devon Richardson,,,Half court,,,,,,,Devon Richardson,No call,"title is a player name, not a play",Non Possession,22 Devon Richardson > Non Possession > Shot Clock Violation,,,,,,
Opponent,Aurora Spartans,Aurora Spartans,Gustavus Adolphus Golden Gusties,Gustavus Adolphus Golden Gusties,2025-11-07,GUS@AU,H2,670.0,Devon Richardson,Turnover,0,play-by-play,True,synergy string,Ok ST-DHO RS- PAT MILLER,OK State Pat Miller,OK State,Half court,,OK State,DHO | Pat Miller,Pat Miller,Right Side,,,Clean,,Post-Up,22 Devon Richardson > Post-Up > Left Block > Turnover,"Bryden Gryzmala, Devon Richardson, Isaiah Thompson, Jeffery Hillmer, Zerrick Johnson",Base five (one big),,21.0,30,Late clock (20+ sec used)
Opponent,Aurora Spartans,Aurora Spartans,Gustavus Adolphus Golden Gusties,Gustavus Adolphus Golden Gusties,2025-11-07,GUS@AU,H2,632.0,Zerrick Johnson,Turnover,0,play-by-play,True,synergy string,Horns-Zoom,Horns Zoom,Horns,Half court,Horns,,Zoom,Zoom,,,,Clean,,Hand Off,13 Zerrick Johnson > Hand Off > From Dribble > Left > Turnover,"Bryden Gryzmala, Devon Richardson, Isaiah Thompson, Jeffery Hillmer, Zerrick Johnson",Base five (one big),,0.0,30,Early clock (0-9 sec used)
Opponent,Aurora Spartans,Aurora Spartans,Gustavus Adolphus Golden Gusties,Gustavus Adolphus Golden Gusties,2025-11-07,GUS@AU,H2,527.0,Robert Hutson,Turnover,0,play-by-play,True,synergy string,Ok St-DHO RS-DS-Pat Miller,OK State Pat Miller,OK State,Half court,,OK State,DHO | Down Screen | Pat Miller,Pat Miller,Right Side,,,Clean,,Spot-Up,12 Robert Hutson > Spot-Up > Drives Left > To Basket > Turnover,"Gevon Grant, Jeffery Hillmer, Juan Madrigal, Larry Carthan, Robert Hutson",Small / shooting five (no true big),,0.0,30,Early clock (0-9 sec used)
Opponent,Aurora Spartans,Aurora Spartans,Gustavus Adolphus Golden Gusties,Gustavus Adolphus Golden Gusties,2025-11-07,GUS@AU,H2,495.0,Devon Richardson,Foul,0,play-by-play,True,player + clock,Blob-Box-curl,BLOB Box Curl,BLOB,BLOB,Box,,Curl,Curl,,,,Clean,,Post-Up,22 Devon Richardson > Post-Up > Right Block > Foul,"Devon Richardson, Gevon Grant, Isaiah Thompson, Jeffery Hillmer, Juan Madrigal",Base five (one big),,0.0,30,Early clock (0-9 sec used)
Opponent,Aurora Spartans,Aurora Spartans,Gustavus Adolphus Golden Gusties,Gustavus Adolphus Golden Gusties,2025-11-07,GUS@AU,H2,141.0,Juan Madrigal,Miss 2 Pts,0,play-by-play,True,synergy string,ATO- Slob-DS-Flair- RIC,SLOB Ricky,SLOB,SLOB (ATO),,,Down Screen | Flare | Ricky,Ricky,,,,Clean,,Hand Off,2 Juan Madrigal > Hand Off > From Dribble > Left > Dribble Jumper > Short to < 17' > Miss 2 Pts,"Devon Richardson, Gevon Grant, Jeffery Hillmer, Juan Madrigal, Zerrick Johnson",Base five (one big),"Clutch (last 5 min, margin ≤ 8)",0.0,30,Early clock (0-9 sec used)
Opponent,Aurora Spartans,Aurora Spartans,Gustavus Adolphus Golden Gusties,Gustavus Adolphus Golden Gusties,2025-11-07,GUS@AU,H2,,Gevon Grant,No Violation,,,False,,Hi Lo- DH- DS- STS,Hi-Lo DHO,Hi-Lo,Half court,Hi-Lo,,DHO | Down Screen | Screen the Screener,DHO,,,,Clean,,Non Possession,24 Gevon Grant > Non Possession > No Violation,,,,,,
Opponent,Aurora Spartans,Aurora Spartans,Gustavus Adolphus Golden Gusties,Gustavus Adolphus Golden Gusties,2025-11-07,GUS@AU,H2,,Devon Richardson,No Violation,,,False,,blob-box-curl,BLOB Box Curl,BLOB,BLOB,Box,,Curl,Curl,,,,Clean,,Non Possession,22 Devon Richardson > Non Possession > No Violation,,,,,,
Opponent,Aurora Spartans,Aurora Spartans,Gustavus Adolphus Golden Gusties,Gustavus Adolphus Golden Gusties,2025-11-07,GUS@AU,H2,22.0,Juan Madrigal,Turnover,0,play-by-play,True,synergy string,Hi Lo- DHo-DS-STS,Hi-Lo DHO,Hi-Lo,Half court,Hi-Lo,,DHO | Down Screen | Screen the Screener,DHO,,,,Clean,,Spot-Up,2 Juan Madrigal > Spot-Up > Drives Left > Turnover,"Devon Richardson, Gevon Grant, Isaiah Thompson, Jeffery Hillmer, Juan Madrigal",Base five (one big),"Clutch (last 5 min, margin ≤ 8)",9.0,30,Early clock (0-9 sec used)
Opponent,Aurora Spartans,Aurora Spartans,Gustavus Adolphus Golden Gusties,Gustavus Adolphus Golden Gusties,2025-11-07,GUS@AU,H2,449.0,Isaiah Thompson,Turnover,0,play-by-play,True,synergy string,Horns-Rewatch,Horns,Horns,Half court,Horns,,,,,,,Needs review,tagger flagged it (rewatch/TBD/?/mess up),No Play Type,21 Isaiah Thompson > No Play Type > Turnover,"Devon Richardson, Gevon Grant, Isaiah Thompson, Jeffery Hillmer, Juan Madrigal",Base five (one big),,0.0,30,Early clock (0-9 sec used)
Opponent,Aurora Spartans,Aurora Spartans,Bethany Lutheran Vikings,Bethany Lutheran Vikings,2025-11-08,BLC@AU,H1,610.0,Robert Hutson,Miss 2 Pts,0,play-by-play,True,synergy string,Rewatch,,,Half court,,,,,,,,Needs review,tagger flagged it (rewatch/TBD/?/mess up),P&R Ball Handler,12 Robert Hutson > P&R Ball Handler > Right P&R > Baseline > Go Away from Pick > To Basket > Miss 2 Pts,"Bryden Gryzmala, Devon Richardson, Jeffery Hillmer, Robert Hutson, Zerrick Johnson",Base five (one big),,0.0,30,Early clock (0-9 sec used)
Opponent,Aurora Spartans,Aurora Spartans,Bethany Lutheran Vikings,Bethany Lutheran Vikings,2025-11-08,BLC@AU,H2,40.0,Zerrick Johnson,Foul,1,play-by-play,True,player + clock,Rewatch,,,Half court,,,,,,,,Needs review,tagger flagged it (rewatch/TBD/?/mess up),P&R Ball Handler,24 Gevon Grant > P&R Ball Handler > High P&R > Dribble Off Pick > Defense Commits > Ball Delivered > 13 Zerrick Johnson > Spot-Up > Drives Right > Dribble Jumper > Medium/17' to <3p > Foul,"Devon Richardson, Gevon Grant, Jeffery Hillmer, Juan Madrigal, Zerrick Johnson",Base five (one big),"Clutch (last 5 min, margin ≤ 8)",0.0,30,Early clock (0-9 sec used)
Opponent,Aurora Spartans,Aurora Spartans,Bethany Lutheran Vikings,Bethany Lutheran Vikings,2025-11-08,BLC@AU,H2,915.0,Devon Richardson,Foul,2,play-by-play,True,player + clock,Rewatch,,,Half court,,,,,,,,Needs review,tagger flagged it (rewatch/TBD/?/mess up),P&R Ball Handler,24 Gevon Grant > P&R Ball Handler > Left P&R > Side > Dribble Off Pick > Defense Commits > Ball Delivered > 22 Devon Richardson > P&R Roll Man > Rolls to Basket > Foul,"Devon Richardson, Gevon Grant, Isaiah Thompson, Juan Madrigal, Zerrick Johnson",Base five (one big),,0.0,30,Early clock (0-9 sec used)
Opponent,Aurora Spartans,Aurora Spartans,Gustavus Adolphus Golden Gusties,Gustavus Adolphus Golden Gusties,2025-11-07,GUS@AU,H1,99.0,Isaiah Thompson,Miss 3 Pts,0,play-by-play,True,synergy string,Rewatch,,,Half court,,,,,,,,Needs review,tagger flagged it (rewatch/TBD/?/mess up),Spot-Up,21 Isaiah Thompson > Spot-Up > No Dribble Jumper > Open > Long/3pt > Miss 3 Pts,"Bryden Gryzmala, Devon Richardson, Isaiah Thompson, Jeffery Hillmer, Juan Madrigal",Base five (one big),,21.0,30,Late clock (20+ sec used)
