clip_key,clip_number,game_date,team,side,player,lineup_source,located,tracks,seconds_seen,how,confidence
2025-12-20|1|3 Donovan Collins > Non Possession > No Violation,1,2025-12-20,Alma Scots,offense,Donovan Collins,clips before/after (no clock),False,,0.0,not located,
2025-12-20|1|3 Donovan Collins > Non Possession > No Violation,1,2025-12-20,Alma Scots,offense,Josh Elliott,clips before/after (no clock),False,,0.0,not located,
2025-12-20|1|3 Donovan Collins > Non Possession > No Violation,1,2025-12-20,Alma Scots,offense,Korbin Heitzman,clips before/after (no clock),False,,0.0,not located,
2025-12-20|1|3 Donovan Collins > Non Possession > No Violation,1,2025-12-20,Alma Scots,offense,Logan St. Martin,clips before/after (no clock),False,,0.0,not located,
2025-12-20|1|3 Donovan Collins > Non Possession > No Violation,1,2025-12-20,Alma Scots,offense,Raine Rodich,clips before/after (no clock),False,,0.0,not located,
2025-12-20|1|3 Donovan Collins > Non Possession > No Violation,1,2025-12-20,UW-Whitewater,defense,Brock Marino,clips before/after (no clock),False,,0.0,not located,
2025-12-20|1|3 Donovan Collins > Non Possession > No Violation,1,2025-12-20,UW-Whitewater,defense,Collin Madson,clips before/after (no clock),False,,0.0,not located,
2025-12-20|1|3 Donovan Collins > Non Possession > No Violation,1,2025-12-20,UW-Whitewater,defense,Isaac Verges,clips before/after (no clock),False,,0.0,not located,
2025-12-20|1|3 Donovan Collins > Non Possession > No Violation,1,2025-12-20,UW-Whitewater,defense,Luke Bara,clips before/after (no clock),False,,0.0,not located,
2025-12-20|1|3 Donovan Collins > Non Possession > No Violation,1,2025-12-20,UW-Whitewater,defense,Richie Warren,clips before/after (no clock),False,,0.0,not located,
2025-12-20|2|3 Donovan Collins > Spot-Up > No Dribble Jumper > Guarded > Long/3pt > Make 3 Pts,2,2025-12-20,Alma Scots,offense,Donovan Collins,play-by-play,False,,0.0,not located,
2025-12-20|2|3 Donovan Collins > Spot-Up > No Dribble Jumper > Guarded > Long/3pt > Make 3 Pts,2,2025-12-20,Alma Scots,offense,Josh Elliott,play-by-play,False,,0.0,not located,
2025-12-20|2|3 Donovan Collins > Spot-Up > No Dribble Jumper > Guarded > Long/3pt > Make 3 Pts,2,2025-12-20,Alma Scots,offense,Korbin Heitzman,play-by-play,False,,0.0,not located,
2025-12-20|2|3 Donovan Collins > Spot-Up > No Dribble Jumper > Guarded > Long/3pt > Make 3 Pts,2,2025-12-20,Alma Scots,offense,Logan St. Martin,play-by-play,False,,0.0,not located,
2025-12-20|2|3 Donovan Collins > Spot-Up > No Dribble Jumper > Guarded > Long/3pt > Make 3 Pts,2,2025-12-20,Alma Scots,offense,Raine Rodich,play-by-play,False,,0.0,not located,
2025-12-20|2|3 Donovan Collins > Spot-Up > No Dribble Jumper > Guarded > Long/3pt > Make 3 Pts,2,2025-12-20,UW-Whitewater,defense,Brock Marino,play-by-play,False,,0.0,not located,
2025-12-20|2|3 Donovan Collins > Spot-Up > No Dribble Jumper > Guarded > Long/3pt > Make 3 Pts,2,2025-12-20,UW-Whitewater,defense,Collin Madson,play-by-play,False,,0.0,not located,
2025-12-20|2|3 Donovan Collins > Spot-Up > No Dribble Jumper > Guarded > Long/3pt > Make 3 Pts,2,2025-12-20,UW-Whitewater,defense,Isaac Verges,play-by-play,False,,0.0,not located,
2025-12-20|2|3 Donovan Collins > Spot-Up > No Dribble Jumper > Guarded > Long/3pt > Make 3 Pts,2,2025-12-20,UW-Whitewater,defense,Luke Bara,play-by-play,False,,0.0,not located,
2025-12-20|2|3 Donovan Collins > Spot-Up > No Dribble Jumper > Guarded > Long/3pt > Make 3 Pts,2,2025-12-20,UW-Whitewater,defense,Richie Warren,play-by-play,False,,0.0,not located,
2025-12-20|3|21 Brock Marino > Cut > Basket > Miss 2 Pts,3,2025-12-20,UW-Whitewater,offense,Brock Marino,play-by-play,False,,0.0,not located,
2025-12-20|3|21 Brock Marino > Cut > Basket > Miss 2 Pts,3,2025-12-20,UW-Whitewater,offense,Collin Madson,play-by-play,False,,0.0,not located,
2025-12-20|3|21 Brock Marino > Cut > Basket > Miss 2 Pts,3,2025-12-20,UW-Whitewater,offense,Isaac Verges,play-by-play,False,,0.0,not located,
2025-12-20|3|21 Brock Marino > Cut > Basket > Miss 2 Pts,3,2025-12-20,UW-Whitewater,offense,Luke Bara,play-by-play,False,,0.0,not located,
2025-12-20|3|21 Brock Marino > Cut > Basket > Miss 2 Pts,3,2025-12-20,UW-Whitewater,offense,Richie Warren,play-by-play,False,,0.0,not located,
2025-12-20|3|21 Brock Marino > Cut > Basket > Miss 2 Pts,3,2025-12-20,Alma Scots,defense,Donovan Collins,play-by-play,False,,0.0,not located,
2025-12-20|3|21 Brock Marino > Cut > Basket > Miss 2 Pts,3,2025-12-20,Alma Scots,defense,Josh Elliott,play-by-play,False,,0.0,not located,
2025-12-20|3|21 Brock Marino > Cut > Basket > Miss 2 Pts,3,2025-12-20,Alma Scots,defense,Korbin Heitzman,play-by-play,False,,0.0,not located,
2025-12-20|3|21 Brock Marino > Cut > Basket > Miss 2 Pts,3,2025-12-20,Alma Scots,defense,Logan St. Martin,play-by-play,False,,0.0,not located,
2025-12-20|3|21 Brock Marino > Cut > Basket > Miss 2 Pts,3,2025-12-20,Alma Scots,defense,Raine Rodich,play-by-play,False,,0.0,not located,
2025-12-20|4|21 Brock Marino > Post-Up > Left Block > Right Shoulder > Dribble Move > To Drop Step > Miss 2 Pts,4,2025-12-20,UW-Whitewater,offense,Brock Marino,clips before/after (no clock),False,,0.0,not located,
2025-12-20|4|21 Brock Marino > Post-Up > Left Block > Right Shoulder > Dribble Move > To Drop Step > Miss 2 Pts,4,2025-12-20,UW-Whitewater,offense,Collin Madson,clips before/after (no clock),False,,0.0,not located,
2025-12-20|4|21 Brock Marino > Post-Up > Left Block > Right Shoulder > Dribble Move > To Drop Step > Miss 2 Pts,4,2025-12-20,UW-Whitewater,offense,Isaac Verges,clips before/after (no clock),False,,0.0,not located,
2025-12-20|4|21 Brock Marino > Post-Up > Left Block > Right Shoulder > Dribble Move > To Drop Step > Miss 2 Pts,4,2025-12-20,UW-Whitewater,offense,Luke Bara,clips before/after (no clock),False,,0.0,not located,
2025-12-20|4|21 Brock Marino > Post-Up > Left Block > Right Shoulder > Dribble Move > To Drop Step > Miss 2 Pts,4,2025-12-20,UW-Whitewater,offense,Richie Warren,clips before/after (no clock),False,,0.0,not located,
2025-12-20|4|21 Brock Marino > Post-Up > Left Block > Right Shoulder > Dribble Move > To Drop Step > Miss 2 Pts,4,2025-12-20,Alma Scots,defense,Donovan Collins,clips before/after (no clock),False,,0.0,not located,
2025-12-20|4|21 Brock Marino > Post-Up > Left Block > Right Shoulder > Dribble Move > To Drop Step > Miss 2 Pts,4,2025-12-20,Alma Scots,defense,Josh Elliott,clips before/after (no clock),False,,0.0,not located,
2025-12-20|4|21 Brock Marino > Post-Up > Left Block > Right Shoulder > Dribble Move > To Drop Step > Miss 2 Pts,4,2025-12-20,Alma Scots,defense,Korbin Heitzman,clips before/after (no clock),False,,0.0,not located,
2025-12-20|4|21 Brock Marino > Post-Up > Left Block > Right Shoulder > Dribble Move > To Drop Step > Miss 2 Pts,4,2025-12-20,Alma Scots,defense,Logan St. Martin,clips before/after (no clock),False,,0.0,not located,
2025-12-20|4|21 Brock Marino > Post-Up > Left Block > Right Shoulder > Dribble Move > To Drop Step > Miss 2 Pts,4,2025-12-20,Alma Scots,defense,Raine Rodich,clips before/after (no clock),False,,0.0,not located,
2025-12-20|5|11 Korbin Heitzman > ISO > Left > Drives Left > Defense Commits > Turnover,5,2025-12-20,Alma Scots,offense,Donovan Collins,play-by-play,False,,0.0,not located,
2025-12-20|5|11 Korbin Heitzman > ISO > Left > Drives Left > Defense Commits > Turnover,5,2025-12-20,Alma Scots,offense,Josh Elliott,play-by-play,False,,0.0,not located,
2025-12-20|5|11 Korbin Heitzman > ISO > Left > Drives Left > Defense Commits > Turnover,5,2025-12-20,Alma Scots,offense,Korbin Heitzman,play-by-play,True,3,4.5,Synergy,0.95
2025-12-20|5|11 Korbin Heitzman > ISO > Left > Drives Left > Defense Commits > Turnover,5,2025-12-20,Alma Scots,offense,Logan St. Martin,play-by-play,False,,0.0,not located,
2025-12-20|5|11 Korbin Heitzman > ISO > Left > Drives Left > Defense Commits > Turnover,5,2025-12-20,Alma Scots,offense,Raine Rodich,play-by-play,False,,0.0,not located,
2025-12-20|5|11 Korbin Heitzman > ISO > Left > Drives Left > Defense Commits > Turnover,5,2025-12-20,UW-Whitewater,defense,Brock Marino,play-by-play,False,,0.0,not located,
2025-12-20|5|11 Korbin Heitzman > ISO > Left > Drives Left > Defense Commits > Turnover,5,2025-12-20,UW-Whitewater,defense,Collin Madson,play-by-play,False,,0.0,not located,
2025-12-20|5|11 Korbin Heitzman > ISO > Left > Drives Left > Defense Commits > Turnover,5,2025-12-20,UW-Whitewater,defense,Isaac Verges,play-by-play,False,,0.0,not located,
2025-12-20|5|11 Korbin Heitzman > ISO > Left > Drives Left > Defense Commits > Turnover,5,2025-12-20,UW-Whitewater,defense,Luke Bara,play-by-play,False,,0.0,not located,
2025-12-20|5|11 Korbin Heitzman > ISO > Left > Drives Left > Defense Commits > Turnover,5,2025-12-20,UW-Whitewater,defense,Richie Warren,play-by-play,False,,0.0,not located,
2025-12-20|6|15 Collin Madson > Non Possession > No Violation,6,2025-12-20,UW-Whitewater,offense,Brock Marino,clips before/after (no clock),False,,0.0,not located,
2025-12-20|6|15 Collin Madson > Non Possession > No Violation,6,2025-12-20,UW-Whitewater,offense,Collin Madson,clips before/after (no clock),False,,0.0,not located,
2025-12-20|6|15 Collin Madson > Non Possession > No Violation,6,2025-12-20,UW-Whitewater,offense,Isaac Verges,clips before/after (no clock),False,,0.0,not located,
2025-12-20|6|15 Collin Madson > Non Possession > No Violation,6,2025-12-20,UW-Whitewater,offense,Luke Bara,clips before/after (no clock),False,,0.0,not located,
2025-12-20|6|15 Collin Madson > Non Possession > No Violation,6,2025-12-20,UW-Whitewater,offense,Richie Warren,clips before/after (no clock),False,,0.0,not located,
2025-12-20|6|15 Collin Madson > Non Possession > No Violation,6,2025-12-20,Alma Scots,defense,Donovan Collins,clips before/after (no clock),False,,0.0,not located,
2025-12-20|6|15 Collin Madson > Non Possession > No Violation,6,2025-12-20,Alma Scots,defense,Josh Elliott,clips before/after (no clock),False,,0.0,not located,
2025-12-20|6|15 Collin Madson > Non Possession > No Violation,6,2025-12-20,Alma Scots,defense,Korbin Heitzman,clips before/after (no clock),False,,0.0,not located,
2025-12-20|6|15 Collin Madson > Non Possession > No Violation,6,2025-12-20,Alma Scots,defense,Logan St. Martin,clips before/after (no clock),False,,0.0,not located,
2025-12-20|6|15 Collin Madson > Non Possession > No Violation,6,2025-12-20,Alma Scots,defense,Raine Rodich,clips before/after (no clock),False,,0.0,not located,
2025-12-20|7|32 Luke Bara > Off Screen > To Shooter's Left > Straight > Dribble Jumper > Medium/17' to <3p > Miss 2 Pts,7,2025-12-20,UW-Whitewater,offense,Brock Marino,play-by-play,False,,0.0,not located,
2025-12-20|7|32 Luke Bara > Off Screen > To Shooter's Left > Straight > Dribble Jumper > Medium/17' to <3p > Miss 2 Pts,7,2025-12-20,UW-Whitewater,offense,Collin Madson,play-by-play,False,,0.0,not located,
2025-12-20|7|32 Luke Bara > Off Screen > To Shooter's Left > Straight > Dribble Jumper > Medium/17' to <3p > Miss 2 Pts,7,2025-12-20,UW-Whitewater,offense,Isaac Verges,play-by-play,False,,0.0,not located,
2025-12-20|7|32 Luke Bara > Off Screen > To Shooter's Left > Straight > Dribble Jumper > Medium/17' to <3p > Miss 2 Pts,7,2025-12-20,UW-Whitewater,offense,Luke Bara,play-by-play,False,,0.0,not located,
2025-12-20|7|32 Luke Bara > Off Screen > To Shooter's Left > Straight > Dribble Jumper > Medium/17' to <3p > Miss 2 Pts,7,2025-12-20,UW-Whitewater,offense,Richie Warren,play-by-play,False,,0.0,not located,
2025-12-20|7|32 Luke Bara > Off Screen > To Shooter's Left > Straight > Dribble Jumper > Medium/17' to <3p > Miss 2 Pts,7,2025-12-20,Alma Scots,defense,Donovan Collins,play-by-play,False,,0.0,not located,
2025-12-20|7|32 Luke Bara > Off Screen > To Shooter's Left > Straight > Dribble Jumper > Medium/17' to <3p > Miss 2 Pts,7,2025-12-20,Alma Scots,defense,Josh Elliott,play-by-play,False,,0.0,not located,
2025-12-20|7|32 Luke Bara > Off Screen > To Shooter's Left > Straight > Dribble Jumper > Medium/17' to <3p > Miss 2 Pts,7,2025-12-20,Alma Scots,defense,Korbin Heitzman,play-by-play,False,,0.0,not located,
2025-12-20|7|32 Luke Bara > Off Screen > To Shooter's Left > Straight > Dribble Jumper > Medium/17' to <3p > Miss 2 Pts,7,2025-12-20,Alma Scots,defense,Logan St. Martin,play-by-play,False,,0.0,not located,
2025-12-20|7|32 Luke Bara > Off Screen > To Shooter's Left > Straight > Dribble Jumper > Medium/17' to <3p > Miss 2 Pts,7,2025-12-20,Alma Scots,defense,Raine Rodich,play-by-play,False,,0.0,not located,
2025-12-20|8|24 Richie Warren > Offensive Rebound > Short > Scoring Attempt > At Basket > Make 2 Pts Foul > 1 Pts,8,2025-12-20,UW-Whitewater,offense,Brock Marino,play-by-play,False,,0.0,not located,
2025-12-20|8|24 Richie Warren > Offensive Rebound > Short > Scoring Attempt > At Basket > Make 2 Pts Foul > 1 Pts,8,2025-12-20,UW-Whitewater,offense,Collin Madson,play-by-play,False,,0.0,not located,
2025-12-20|8|24 Richie Warren > Offensive Rebound > Short > Scoring Attempt > At Basket > Make 2 Pts Foul > 1 Pts,8,2025-12-20,UW-Whitewater,offense,Isaac Verges,play-by-play,False,,0.0,not located,
2025-12-20|8|24 Richie Warren > Offensive Rebound > Short > Scoring Attempt > At Basket > Make 2 Pts Foul > 1 Pts,8,2025-12-20,UW-Whitewater,offense,Luke Bara,play-by-play,False,,0.0,not located,
2025-12-20|8|24 Richie Warren > Offensive Rebound > Short > Scoring Attempt > At Basket > Make 2 Pts Foul > 1 Pts,8,2025-12-20,UW-Whitewater,offense,Richie Warren,play-by-play,False,,0.0,not located,
2025-12-20|8|24 Richie Warren > Offensive Rebound > Short > Scoring Attempt > At Basket > Make 2 Pts Foul > 1 Pts,8,2025-12-20,Alma Scots,defense,Donovan Collins,play-by-play,False,,0.0,not located,
2025-12-20|8|24 Richie Warren > Offensive Rebound > Short > Scoring Attempt > At Basket > Make 2 Pts Foul > 1 Pts,8,2025-12-20,Alma Scots,defense,Josh Elliott,play-by-play,False,,0.0,not located,
2025-12-20|8|24 Richie Warren > Offensive Rebound > Short > Scoring Attempt > At Basket > Make 2 Pts Foul > 1 Pts,8,2025-12-20,Alma Scots,defense,Korbin Heitzman,play-by-play,False,,0.0,not located,
2025-12-20|8|24 Richie Warren > Offensive Rebound > Short > Scoring Attempt > At Basket > Make 2 Pts Foul > 1 Pts,8,2025-12-20,Alma Scots,defense,Logan St. Martin,play-by-play,False,,0.0,not located,
2025-12-20|8|24 Richie Warren > Offensive Rebound > Short > Scoring Attempt > At Basket > Make 2 Pts Foul > 1 Pts,8,2025-12-20,Alma Scots,defense,Raine Rodich,play-by-play,False,,0.0,not located,
2025-12-20|10|14 Raine Rodich > P&R Ball Handler > High P&R > Dribble Off Pick > To Basket > Miss 2 Pts,10,2025-12-20,Alma Scots,offense,Donovan Collins,play-by-play,False,,0.0,not located,
2025-12-20|10|14 Raine Rodich > P&R Ball Handler > High P&R > Dribble Off Pick > To Basket > Miss 2 Pts,10,2025-12-20,Alma Scots,offense,Josh Elliott,play-by-play,False,,0.0,not located,
2025-12-20|10|14 Raine Rodich > P&R Ball Handler > High P&R > Dribble Off Pick > To Basket > Miss 2 Pts,10,2025-12-20,Alma Scots,offense,Korbin Heitzman,play-by-play,False,,0.0,not located,
2025-12-20|10|14 Raine Rodich > P&R Ball Handler > High P&R > Dribble Off Pick > To Basket > Miss 2 Pts,10,2025-12-20,Alma Scots,offense,Logan St. Martin,play-by-play,False,,0.0,not located,
2025-12-20|10|14 Raine Rodich > P&R Ball Handler > High P&R > Dribble Off Pick > To Basket > Miss 2 Pts,10,2025-12-20,Alma Scots,offense,Raine Rodich,play-by-play,False,,0.0,not located,
2025-12-20|10|14 Raine Rodich > P&R Ball Handler > High P&R > Dribble Off Pick > To Basket > Miss 2 Pts,10,2025-12-20,UW-Whitewater,defense,Brock Marino,play-by-play,False,,0.0,not located,
2025-12-20|10|14 Raine Rodich > P&R Ball Handler > High P&R > Dribble Off Pick > To Basket > Miss 2 Pts,10,2025-12-20,UW-Whitewater,defense,Collin Madson,play-by-play,False,,0.0,not located,
2025-12-20|10|14 Raine Rodich > P&R Ball Handler > High P&R > Dribble Off Pick > To Basket > Miss 2 Pts,10,2025-12-20,UW-Whitewater,defense,Isaac Verges,play-by-play,False,,0.0,not located,
2025-12-20|10|14 Raine Rodich > P&R Ball Handler > High P&R > Dribble Off Pick > To Basket > Miss 2 Pts,10,2025-12-20,UW-Whitewater,defense,Luke Bara,play-by-play,False,,0.0,not located,
2025-12-20|10|14 Raine Rodich > P&R Ball Handler > High P&R > Dribble Off Pick > To Basket > Miss 2 Pts,10,2025-12-20,UW-Whitewater,defense,Richie Warren,play-by-play,False,,0.0,not located,
2025-12-20|11|0 Isaac Verges > Transition > Ballhandler > To Basket > Miss 2 Pts,11,2025-12-20,UW-Whitewater,offense,Brock Marino,play-by-play,False,,0.0,not located,
2025-12-20|11|0 Isaac Verges > Transition > Ballhandler > To Basket > Miss 2 Pts,11,2025-12-20,UW-Whitewater,offense,Collin Madson,play-by-play,False,,0.0,not located,
2025-12-20|11|0 Isaac Verges > Transition > Ballhandler > To Basket > Miss 2 Pts,11,2025-12-20,UW-Whitewater,offense,Isaac Verges,play-by-play,False,,0.0,not located,
2025-12-20|11|0 Isaac Verges > Transition > Ballhandler > To Basket > Miss 2 Pts,11,2025-12-20,UW-Whitewater,offense,Luke Bara,play-by-play,False,,0.0,not located,
2025-12-20|11|0 Isaac Verges > Transition > Ballhandler > To Basket > Miss 2 Pts,11,2025-12-20,UW-Whitewater,offense,Richie Warren,play-by-play,False,,0.0,not located,
2025-12-20|11|0 Isaac Verges > Transition > Ballhandler > To Basket > Miss 2 Pts,11,2025-12-20,Alma Scots,defense,Donovan Collins,play-by-play,False,,0.0,not located,
2025-12-20|11|0 Isaac Verges > Transition > Ballhandler > To Basket > Miss 2 Pts,11,2025-12-20,Alma Scots,defense,Josh Elliott,play-by-play,False,,0.0,not located,
2025-12-20|11|0 Isaac Verges > Transition > Ballhandler > To Basket > Miss 2 Pts,11,2025-12-20,Alma Scots,defense,Korbin Heitzman,play-by-play,False,,0.0,not located,
2025-12-20|11|0 Isaac Verges > Transition > Ballhandler > To Basket > Miss 2 Pts,11,2025-12-20,Alma Scots,defense,Logan St. Martin,play-by-play,False,,0.0,not located,
2025-12-20|11|0 Isaac Verges > Transition > Ballhandler > To Basket > Miss 2 Pts,11,2025-12-20,Alma Scots,defense,Raine Rodich,play-by-play,False,,0.0,not located,
2025-12-20|12|24 Richie Warren > Cut > Flash > Miss 2 Pts,12,2025-12-20,UW-Whitewater,offense,Brock Marino,play-by-play,False,,0.0,not located,
2025-12-20|12|24 Richie Warren > Cut > Flash > Miss 2 Pts,12,2025-12-20,UW-Whitewater,offense,Collin Madson,play-by-play,False,,0.0,not located,
2025-12-20|12|24 Richie Warren > Cut > Flash > Miss 2 Pts,12,2025-12-20,UW-Whitewater,offense,Isaac Verges,play-by-play,False,,0.0,not located,
2025-12-20|12|24 Richie Warren > Cut > Flash > Miss 2 Pts,12,2025-12-20,UW-Whitewater,offense,Luke Bara,play-by-play,False,,0.0,not located,
2025-12-20|12|24 Richie Warren > Cut > Flash > Miss 2 Pts,12,2025-12-20,UW-Whitewater,offense,Richie Warren,play-by-play,False,,0.0,not located,
2025-12-20|12|24 Richie Warren > Cut > Flash > Miss 2 Pts,12,2025-12-20,Alma Scots,defense,Donovan Collins,play-by-play,False,,0.0,not located,
2025-12-20|12|24 Richie Warren > Cut > Flash > Miss 2 Pts,12,2025-12-20,Alma Scots,defense,Josh Elliott,play-by-play,False,,0.0,not located,
2025-12-20|12|24 Richie Warren > Cut > Flash > Miss 2 Pts,12,2025-12-20,Alma Scots,defense,Korbin Heitzman,play-by-play,False,,0.0,not located,
2025-12-20|12|24 Richie Warren > Cut > Flash > Miss 2 Pts,12,2025-12-20,Alma Scots,defense,Logan St. Martin,play-by-play,False,,0.0,not located,
2025-12-20|12|24 Richie Warren > Cut > Flash > Miss 2 Pts,12,2025-12-20,Alma Scots,defense,Raine Rodich,play-by-play,False,,0.0,not located,
2025-12-20|13|20 Josh Elliott > Off Screen > To Shooter's Left > Straight > No Dribble Jumper > Open > Long/3pt > Miss 3 Pts,13,2025-12-20,Alma Scots,offense,Donovan Collins,play-by-play,False,,0.0,not located,
2025-12-20|13|20 Josh Elliott > Off Screen > To Shooter's Left > Straight > No Dribble Jumper > Open > Long/3pt > Miss 3 Pts,13,2025-12-20,Alma Scots,offense,Josh Elliott,play-by-play,False,,0.0,not located,
2025-12-20|13|20 Josh Elliott > Off Screen > To Shooter's Left > Straight > No Dribble Jumper > Open > Long/3pt > Miss 3 Pts,13,2025-12-20,Alma Scots,offense,Korbin Heitzman,play-by-play,False,,0.0,not located,
2025-12-20|13|20 Josh Elliott > Off Screen > To Shooter's Left > Straight > No Dribble Jumper > Open > Long/3pt > Miss 3 Pts,13,2025-12-20,Alma Scots,offense,Logan St. Martin,play-by-play,False,,0.0,not located,
2025-12-20|13|20 Josh Elliott > Off Screen > To Shooter's Left > Straight > No Dribble Jumper > Open > Long/3pt > Miss 3 Pts,13,2025-12-20,Alma Scots,offense,Raine Rodich,play-by-play,False,,0.0,not located,
2025-12-20|13|20 Josh Elliott > Off Screen > To Shooter's Left > Straight > No Dribble Jumper > Open > Long/3pt > Miss 3 Pts,13,2025-12-20,UW-Whitewater,defense,Brock Marino,play-by-play,False,,0.0,not located,
2025-12-20|13|20 Josh Elliott > Off Screen > To Shooter's Left > Straight > No Dribble Jumper > Open > Long/3pt > Miss 3 Pts,13,2025-12-20,UW-Whitewater,defense,Collin Madson,play-by-play,False,,0.0,not located,
2025-12-20|13|20 Josh Elliott > Off Screen > To Shooter's Left > Straight > No Dribble Jumper > Open > Long/3pt > Miss 3 Pts,13,2025-12-20,UW-Whitewater,defense,Isaac Verges,play-by-play,False,,0.0,not located,
2025-12-20|13|20 Josh Elliott > Off Screen > To Shooter's Left > Straight > No Dribble Jumper > Open > Long/3pt > Miss 3 Pts,13,2025-12-20,UW-Whitewater,defense,Luke Bara,play-by-play,False,,0.0,not located,
2025-12-20|13|20 Josh Elliott > Off Screen > To Shooter's Left > Straight > No Dribble Jumper > Open > Long/3pt > Miss 3 Pts,13,2025-12-20,UW-Whitewater,defense,Richie Warren,play-by-play,False,,0.0,not located,
2025-12-20|14|20 Josh Elliott > Off Screen > To Shooter's Right > Fade > Turnover,14,2025-12-20,Alma Scots,offense,Donovan Collins,play-by-play,False,,0.0,not located,
2025-12-20|14|20 Josh Elliott > Off Screen > To Shooter's Right > Fade > Turnover,14,2025-12-20,Alma Scots,offense,Josh Elliott,play-by-play,True,12,10.2,Synergy,0.95
2025-12-20|14|20 Josh Elliott > Off Screen > To Shooter's Right > Fade > Turnover,14,2025-12-20,Alma Scots,offense,Korbin Heitzman,play-by-play,False,,0.0,not located,
2025-12-20|14|20 Josh Elliott > Off Screen > To Shooter's Right > Fade > Turnover,14,2025-12-20,Alma Scots,offense,Logan St. Martin,play-by-play,False,,0.0,not located,
2025-12-20|14|20 Josh Elliott > Off Screen > To Shooter's Right > Fade > Turnover,14,2025-12-20,Alma Scots,offense,Raine Rodich,play-by-play,False,,0.0,not located,
2025-12-20|14|20 Josh Elliott > Off Screen > To Shooter's Right > Fade > Turnover,14,2025-12-20,UW-Whitewater,defense,Brock Marino,play-by-play,False,,0.0,not located,
2025-12-20|14|20 Josh Elliott > Off Screen > To Shooter's Right > Fade > Turnover,14,2025-12-20,UW-Whitewater,defense,Collin Madson,play-by-play,False,,0.0,not located,
2025-12-20|14|20 Josh Elliott > Off Screen > To Shooter's Right > Fade > Turnover,14,2025-12-20,UW-Whitewater,defense,Isaac Verges,play-by-play,False,,0.0,not located,
2025-12-20|14|20 Josh Elliott > Off Screen > To Shooter's Right > Fade > Turnover,14,2025-12-20,UW-Whitewater,defense,Luke Bara,play-by-play,False,,0.0,not located,
2025-12-20|14|20 Josh Elliott > Off Screen > To Shooter's Right > Fade > Turnover,14,2025-12-20,UW-Whitewater,defense,Richie Warren,play-by-play,False,,0.0,not located,
2025-12-20|15|21 Brock Marino > Cut > Basket > Foul,15,2025-12-20,UW-Whitewater,offense,Brock Marino,play-by-play,True,24,13.8,Synergy,0.95
2025-12-20|15|21 Brock Marino > Cut > Basket > Foul,15,2025-12-20,UW-Whitewater,offense,Collin Madson,play-by-play,False,,0.0,not located,
2025-12-20|15|21 Brock Marino > Cut > Basket > Foul,15,2025-12-20,UW-Whitewater,offense,Isaac Verges,play-by-play,False,,0.0,not located,
2025-12-20|15|21 Brock Marino > Cut > Basket > Foul,15,2025-12-20,UW-Whitewater,offense,Luke Bara,play-by-play,False,,0.0,not located,
2025-12-20|15|21 Brock Marino > Cut > Basket > Foul,15,2025-12-20,UW-Whitewater,offense,Richie Warren,play-by-play,False,,0.0,not located,
2025-12-20|15|21 Brock Marino > Cut > Basket > Foul,15,2025-12-20,Alma Scots,defense,Donovan Collins,play-by-play,False,,0.0,not located,
2025-12-20|15|21 Brock Marino > Cut > Basket > Foul,15,2025-12-20,Alma Scots,defense,Josh Elliott,play-by-play,False,,0.0,not located,
2025-12-20|15|21 Brock Marino > Cut > Basket > Foul,15,2025-12-20,Alma Scots,defense,Korbin Heitzman,play-by-play,False,,0.0,not located,
2025-12-20|15|21 Brock Marino > Cut > Basket > Foul,15,2025-12-20,Alma Scots,defense,Logan St. Martin,play-by-play,False,,0.0,not located,
2025-12-20|15|21 Brock Marino > Cut > Basket > Foul,15,2025-12-20,Alma Scots,defense,Raine Rodich,play-by-play,False,,0.0,not located,
2025-12-20|18|14 Raine Rodich > P&R Ball Handler > Left P&R > Baseline > Dribble Off Pick > Defense Commits > Turnover,18,2025-12-20,Alma Scots,offense,Donovan Collins,play-by-play,False,,0.0,not located,
2025-12-20|18|14 Raine Rodich > P&R Ball Handler > Left P&R > Baseline > Dribble Off Pick > Defense Commits > Turnover,18,2025-12-20,Alma Scots,offense,Josh Elliott,play-by-play,False,,0.0,not located,
2025-12-20|18|14 Raine Rodich > P&R Ball Handler > Left P&R > Baseline > Dribble Off Pick > Defense Commits > Turnover,18,2025-12-20,Alma Scots,offense,Korbin Heitzman,play-by-play,False,,0.0,not located,
2025-12-20|18|14 Raine Rodich > P&R Ball Handler > Left P&R > Baseline > Dribble Off Pick > Defense Commits > Turnover,18,2025-12-20,Alma Scots,offense,Logan St. Martin,play-by-play,False,,0.0,not located,
2025-12-20|18|14 Raine Rodich > P&R Ball Handler > Left P&R > Baseline > Dribble Off Pick > Defense Commits > Turnover,18,2025-12-20,Alma Scots,offense,Raine Rodich,play-by-play,False,,0.0,not located,
2025-12-20|18|14 Raine Rodich > P&R Ball Handler > Left P&R > Baseline > Dribble Off Pick > Defense Commits > Turnover,18,2025-12-20,UW-Whitewater,defense,Brock Marino,play-by-play,False,,0.0,not located,
2025-12-20|18|14 Raine Rodich > P&R Ball Handler > Left P&R > Baseline > Dribble Off Pick > Defense Commits > Turnover,18,2025-12-20,UW-Whitewater,defense,Collin Madson,play-by-play,False,,0.0,not located,
2025-12-20|18|14 Raine Rodich > P&R Ball Handler > Left P&R > Baseline > Dribble Off Pick > Defense Commits > Turnover,18,2025-12-20,UW-Whitewater,defense,Isaac Verges,play-by-play,False,,0.0,not located,
2025-12-20|18|14 Raine Rodich > P&R Ball Handler > Left P&R > Baseline > Dribble Off Pick > Defense Commits > Turnover,18,2025-12-20,UW-Whitewater,defense,Luke Bara,play-by-play,False,,0.0,not located,
2025-12-20|18|14 Raine Rodich > P&R Ball Handler > Left P&R > Baseline > Dribble Off Pick > Defense Commits > Turnover,18,2025-12-20,UW-Whitewater,defense,Richie Warren,play-by-play,False,,0.0,not located,
2025-12-20|19|0 Isaac Verges > Spot-Up > No Dribble Jumper > Open > Long/3pt > Miss 3 Pts,19,2025-12-20,UW-Whitewater,offense,Brock Marino,play-by-play,False,,0.0,not located,
2025-12-20|19|0 Isaac Verges > Spot-Up > No Dribble Jumper > Open > Long/3pt > Miss 3 Pts,19,2025-12-20,UW-Whitewater,offense,Collin Madson,play-by-play,False,,0.0,not located,
2025-12-20|19|0 Isaac Verges > Spot-Up > No Dribble Jumper > Open > Long/3pt > Miss 3 Pts,19,2025-12-20,UW-Whitewater,offense,Isaac Verges,play-by-play,False,,0.0,not located,
2025-12-20|19|0 Isaac Verges > Spot-Up > No Dribble Jumper > Open > Long/3pt > Miss 3 Pts,19,2025-12-20,UW-Whitewater,offense,Luke Bara,play-by-play,False,,0.0,not located,
2025-12-20|19|0 Isaac Verges > Spot-Up > No Dribble Jumper > Open > Long/3pt > Miss 3 Pts,19,2025-12-20,UW-Whitewater,offense,Richie Warren,play-by-play,False,,0.0,not located,
2025-12-20|19|0 Isaac Verges > Spot-Up > No Dribble Jumper > Open > Long/3pt > Miss 3 Pts,19,2025-12-20,Alma Scots,defense,Donovan Collins,play-by-play,False,,0.0,not located,
2025-12-20|19|0 Isaac Verges > Spot-Up > No Dribble Jumper > Open > Long/3pt > Miss 3 Pts,19,2025-12-20,Alma Scots,defense,Josh Elliott,play-by-play,False,,0.0,not located,
2025-12-20|19|0 Isaac Verges > Spot-Up > No Dribble Jumper > Open > Long/3pt > Miss 3 Pts,19,2025-12-20,Alma Scots,defense,Korbin Heitzman,play-by-play,False,,0.0,not located,
2025-12-20|19|0 Isaac Verges > Spot-Up > No Dribble Jumper > Open > Long/3pt > Miss 3 Pts,19,2025-12-20,Alma Scots,defense,Logan St. Martin,play-by-play,False,,0.0,not located,
2025-12-20|19|0 Isaac Verges > Spot-Up > No Dribble Jumper > Open > Long/3pt > Miss 3 Pts,19,2025-12-20,Alma Scots,defense,Raine Rodich,play-by-play,False,,0.0,not located,
2025-12-20|20|24 Logan St. Martin > Post-Up > Left Block > Left Shoulder > Dribble Move > To Hook > Miss 2 Pts,20,2025-12-20,Alma Scots,offense,Donovan Collins,play-by-play,False,,0.0,not located,
2025-12-20|20|24 Logan St. Martin > Post-Up > Left Block > Left Shoulder > Dribble Move > To Hook > Miss 2 Pts,20,2025-12-20,Alma Scots,offense,Josh Elliott,play-by-play,False,,0.0,not located,
2025-12-20|20|24 Logan St. Martin > Post-Up > Left Block > Left Shoulder > Dribble Move > To Hook > Miss 2 Pts,20,2025-12-20,Alma Scots,offense,Korbin Heitzman,play-by-play,False,,0.0,not located,
2025-12-20|20|24 Logan St. Martin > Post-Up > Left Block > Left Shoulder > Dribble Move > To Hook > Miss 2 Pts,20,2025-12-20,Alma Scots,offense,Logan St. Martin,play-by-play,False,,0.0,not located,
2025-12-20|20|24 Logan St. Martin > Post-Up > Left Block > Left Shoulder > Dribble Move > To Hook > Miss 2 Pts,20,2025-12-20,Alma Scots,offense,Raine Rodich,play-by-play,False,,0.0,not located,
2025-12-20|20|24 Logan St. Martin > Post-Up > Left Block > Left Shoulder > Dribble Move > To Hook > Miss 2 Pts,20,2025-12-20,UW-Whitewater,defense,Brock Marino,play-by-play,False,,0.0,not located,
2025-12-20|20|24 Logan St. Martin > Post-Up > Left Block > Left Shoulder > Dribble Move > To Hook > Miss 2 Pts,20,2025-12-20,UW-Whitewater,defense,Collin Madson,play-by-play,False,,0.0,not located,
2025-12-20|20|24 Logan St. Martin > Post-Up > Left Block > Left Shoulder > Dribble Move > To Hook > Miss 2 Pts,20,2025-12-20,UW-Whitewater,defense,Isaac Verges,play-by-play,False,,0.0,not located,
2025-12-20|20|24 Logan St. Martin > Post-Up > Left Block > Left Shoulder > Dribble Move > To Hook > Miss 2 Pts,20,2025-12-20,UW-Whitewater,defense,Luke Bara,play-by-play,False,,0.0,not located,
2025-12-20|20|24 Logan St. Martin > Post-Up > Left Block > Left Shoulder > Dribble Move > To Hook > Miss 2 Pts,20,2025-12-20,UW-Whitewater,defense,Richie Warren,play-by-play,False,,0.0,not located,
2025-12-20|21|24 Richie Warren > Spot-Up > No Dribble Jumper > Open > Long/3pt > Miss 3 Pts,21,2025-12-20,UW-Whitewater,offense,Brock Marino,play-by-play,False,,0.0,not located,
2025-12-20|21|24 Richie Warren > Spot-Up > No Dribble Jumper > Open > Long/3pt > Miss 3 Pts,21,2025-12-20,UW-Whitewater,offense,Collin Madson,play-by-play,False,,0.0,not located,
2025-12-20|21|24 Richie Warren > Spot-Up > No Dribble Jumper > Open > Long/3pt > Miss 3 Pts,21,2025-12-20,UW-Whitewater,offense,Isaac Verges,play-by-play,False,,0.0,not located,
2025-12-20|21|24 Richie Warren > Spot-Up > No Dribble Jumper > Open > Long/3pt > Miss 3 Pts,21,2025-12-20,UW-Whitewater,offense,Luke Bara,play-by-play,False,,0.0,not located,
2025-12-20|21|24 Richie Warren > Spot-Up > No Dribble Jumper > Open > Long/3pt > Miss 3 Pts,21,2025-12-20,UW-Whitewater,offense,Richie Warren,play-by-play,False,,0.0,not located,
2025-12-20|21|24 Richie Warren > Spot-Up > No Dribble Jumper > Open > Long/3pt > Miss 3 Pts,21,2025-12-20,Alma Scots,defense,Donovan Collins,play-by-play,False,,0.0,not located,
2025-12-20|21|24 Richie Warren > Spot-Up > No Dribble Jumper > Open > Long/3pt > Miss 3 Pts,21,2025-12-20,Alma Scots,defense,Josh Elliott,play-by-play,False,,0.0,not located,
2025-12-20|21|24 Richie Warren > Spot-Up > No Dribble Jumper > Open > Long/3pt > Miss 3 Pts,21,2025-12-20,Alma Scots,defense,Korbin Heitzman,play-by-play,False,,0.0,not located,
2025-12-20|21|24 Richie Warren > Spot-Up > No Dribble Jumper > Open > Long/3pt > Miss 3 Pts,21,2025-12-20,Alma Scots,defense,Logan St. Martin,play-by-play,False,,0.0,not located,
2025-12-20|21|24 Richie Warren > Spot-Up > No Dribble Jumper > Open > Long/3pt > Miss 3 Pts,21,2025-12-20,Alma Scots,defense,Raine Rodich,play-by-play,False,,0.0,not located,
2025-12-20|22|11 Korbin Heitzman > Non Possession > Shot Clock Violation,22,2025-12-20,Alma Scots,offense,Donovan Collins,clips before/after (no clock),False,,0.0,not located,
2025-12-20|22|11 Korbin Heitzman > Non Possession > Shot Clock Violation,22,2025-12-20,Alma Scots,offense,Josh Elliott,clips before/after (no clock),False,,0.0,not located,
2025-12-20|22|11 Korbin Heitzman > Non Possession > Shot Clock Violation,22,2025-12-20,Alma Scots,offense,Korbin Heitzman,clips before/after (no clock),False,,0.0,not located,
2025-12-20|22|11 Korbin Heitzman > Non Possession > Shot Clock Violation,22,2025-12-20,Alma Scots,offense,Logan St. Martin,clips before/after (no clock),False,,0.0,not located,
2025-12-20|22|11 Korbin Heitzman > Non Possession > Shot Clock Violation,22,2025-12-20,Alma Scots,offense,Raine Rodich,clips before/after (no clock),False,,0.0,not located,
2025-12-20|22|11 Korbin Heitzman > Non Possession > Shot Clock Violation,22,2025-12-20,UW-Whitewater,defense,Brock Marino,clips before/after (no clock),False,,0.0,not located,
2025-12-20|22|11 Korbin Heitzman > Non Possession > Shot Clock Violation,22,2025-12-20,UW-Whitewater,defense,Collin Madson,clips before/after (no clock),False,,0.0,not located,
2025-12-20|22|11 Korbin Heitzman > Non Possession > Shot Clock Violation,22,2025-12-20,UW-Whitewater,defense,Isaac Verges,clips before/after (no clock),False,,0.0,not located,
2025-12-20|22|11 Korbin Heitzman > Non Possession > Shot Clock Violation,22,2025-12-20,UW-Whitewater,defense,Luke Bara,clips before/after (no clock),False,,0.0,not located,
2025-12-20|22|11 Korbin Heitzman > Non Possession > Shot Clock Violation,22,2025-12-20,UW-Whitewater,defense,Richie Warren,clips before/after (no clock),False,,0.0,not located,
2025-12-20|23|24 Richie Warren > No Play Type > Turnover,23,2025-12-20,UW-Whitewater,offense,Brock Marino,play-by-play,False,,0.0,not located,
2025-12-20|23|24 Richie Warren > No Play Type > Turnover,23,2025-12-20,UW-Whitewater,offense,Collin Madson,play-by-play,False,,0.0,not located,
2025-12-20|23|24 Richie Warren > No Play Type > Turnover,23,2025-12-20,UW-Whitewater,offense,Isaac Verges,play-by-play,False,,0.0,not located,
2025-12-20|23|24 Richie Warren > No Play Type > Turnover,23,2025-12-20,UW-Whitewater,offense,Luke Bara,play-by-play,False,,0.0,not located,
2025-12-20|23|24 Richie Warren > No Play Type > Turnover,23,2025-12-20,UW-Whitewater,offense,Richie Warren,play-by-play,False,,0.0,not located,
2025-12-20|23|24 Richie Warren > No Play Type > Turnover,23,2025-12-20,Alma Scots,defense,Donovan Collins,play-by-play,False,,0.0,not located,
2025-12-20|23|24 Richie Warren > No Play Type > Turnover,23,2025-12-20,Alma Scots,defense,Josh Elliott,play-by-play,False,,0.0,not located,
2025-12-20|23|24 Richie Warren > No Play Type > Turnover,23,2025-12-20,Alma Scots,defense,Korbin Heitzman,play-by-play,False,,0.0,not located,
2025-12-20|23|24 Richie Warren > No Play Type > Turnover,23,2025-12-20,Alma Scots,defense,Logan St. Martin,play-by-play,False,,0.0,not located,
2025-12-20|23|24 Richie Warren > No Play Type > Turnover,23,2025-12-20,Alma Scots,defense,Raine Rodich,play-by-play,False,,0.0,not located,
2025-12-20|24|14 Raine Rodich > P&R Ball Handler > High P&R > Dribble Off Pick > Turnover,24,2025-12-20,Alma Scots,offense,Donovan Collins,play-by-play,False,,0.0,not located,
2025-12-20|24|14 Raine Rodich > P&R Ball Handler > High P&R > Dribble Off Pick > Turnover,24,2025-12-20,Alma Scots,offense,Josh Elliott,play-by-play,False,,0.0,not located,
2025-12-20|24|14 Raine Rodich > P&R Ball Handler > High P&R > Dribble Off Pick > Turnover,24,2025-12-20,Alma Scots,offense,Korbin Heitzman,play-by-play,False,,0.0,not located,
2025-12-20|24|14 Raine Rodich > P&R Ball Handler > High P&R > Dribble Off Pick > Turnover,24,2025-12-20,Alma Scots,offense,Logan St. Martin,play-by-play,False,,0.0,not located,
2025-12-20|24|14 Raine Rodich > P&R Ball Handler > High P&R > Dribble Off Pick > Turnover,24,2025-12-20,Alma Scots,offense,Raine Rodich,play-by-play,True,13,8.8,Synergy,0.95
2025-12-20|24|14 Raine Rodich > P&R Ball Handler > High P&R > Dribble Off Pick > Turnover,24,2025-12-20,UW-Whitewater,defense,Brock Marino,play-by-play,False,,0.0,not located,
2025-12-20|24|14 Raine Rodich > P&R Ball Handler > High P&R > Dribble Off Pick > Turnover,24,2025-12-20,UW-Whitewater,defense,Collin Madson,play-by-play,False,,0.0,not located,
2025-12-20|24|14 Raine Rodich > P&R Ball Handler > High P&R > Dribble Off Pick > Turnover,24,2025-12-20,UW-Whitewater,defense,Isaac Verges,play-by-play,False,,0.0,not located,
2025-12-20|24|14 Raine Rodich > P&R Ball Handler > High P&R > Dribble Off Pick > Turnover,24,2025-12-20,UW-Whitewater,defense,Luke Bara,play-by-play,False,,0.0,not located,
2025-12-20|24|14 Raine Rodich > P&R Ball Handler > High P&R > Dribble Off Pick > Turnover,24,2025-12-20,UW-Whitewater,defense,Richie Warren,play-by-play,False,,0.0,not located,
2025-12-20|25|24 Richie Warren > P&R Ball Handler > High P&R > Dribble Off Pick > Defense Commits > Ball Delivered > 22 Joey Berezowitz > P&R Roll Man > Pick and Pops > No Dribble Jumper > Open > Long/3pt > Make 3 Pts,25,2025-12-20,UW-Whitewater,offense,Brock Marino,play-by-play,False,,0.0,not located,
2025-12-20|25|24 Richie Warren > P&R Ball Handler > High P&R > Dribble Off Pick > Defense Commits > Ball Delivered > 22 Joey Berezowitz > P&R Roll Man > Pick and Pops > No Dribble Jumper > Open > Long/3pt > Make 3 Pts,25,2025-12-20,UW-Whitewater,offense,Collin Madson,play-by-play,False,,0.0,not located,
2025-12-20|25|24 Richie Warren > P&R Ball Handler > High P&R > Dribble Off Pick > Defense Commits > Ball Delivered > 22 Joey Berezowitz > P&R Roll Man > Pick and Pops > No Dribble Jumper > Open > Long/3pt > Make 3 Pts,25,2025-12-20,UW-Whitewater,offense,Joey Berezowitz,play-by-play,False,,0.0,not located,
2025-12-20|25|24 Richie Warren > P&R Ball Handler > High P&R > Dribble Off Pick > Defense Commits > Ball Delivered > 22 Joey Berezowitz > P&R Roll Man > Pick and Pops > No Dribble Jumper > Open > Long/3pt > Make 3 Pts,25,2025-12-20,UW-Whitewater,offense,Luke Bara,play-by-play,False,,0.0,not located,
2025-12-20|25|24 Richie Warren > P&R Ball Handler > High P&R > Dribble Off Pick > Defense Commits > Ball Delivered > 22 Joey Berezowitz > P&R Roll Man > Pick and Pops > No Dribble Jumper > Open > Long/3pt > Make 3 Pts,25,2025-12-20,UW-Whitewater,offense,Richie Warren,play-by-play,False,,0.0,not located,
2025-12-20|25|24 Richie Warren > P&R Ball Handler > High P&R > Dribble Off Pick > Defense Commits > Ball Delivered > 22 Joey Berezowitz > P&R Roll Man > Pick and Pops > No Dribble Jumper > Open > Long/3pt > Make 3 Pts,25,2025-12-20,Alma Scots,defense,Donovan Collins,play-by-play,False,,0.0,not located,
2025-12-20|25|24 Richie Warren > P&R Ball Handler > High P&R > Dribble Off Pick > Defense Commits > Ball Delivered > 22 Joey Berezowitz > P&R Roll Man > Pick and Pops > No Dribble Jumper > Open > Long/3pt > Make 3 Pts,25,2025-12-20,Alma Scots,defense,Josh Elliott,play-by-play,False,,0.0,not located,
2025-12-20|25|24 Richie Warren > P&R Ball Handler > High P&R > Dribble Off Pick > Defense Commits > Ball Delivered > 22 Joey Berezowitz > P&R Roll Man > Pick and Pops > No Dribble Jumper > Open > Long/3pt > Make 3 Pts,25,2025-12-20,Alma Scots,defense,Korbin Heitzman,play-by-play,False,,0.0,not located,
2025-12-20|25|24 Richie Warren > P&R Ball Handler > High P&R > Dribble Off Pick > Defense Commits > Ball Delivered > 22 Joey Berezowitz > P&R Roll Man > Pick and Pops > No Dribble Jumper > Open > Long/3pt > Make 3 Pts,25,2025-12-20,Alma Scots,defense,Logan St. Martin,play-by-play,False,,0.0,not located,
2025-12-20|25|24 Richie Warren > P&R Ball Handler > High P&R > Dribble Off Pick > Defense Commits > Ball Delivered > 22 Joey Berezowitz > P&R Roll Man > Pick and Pops > No Dribble Jumper > Open > Long/3pt > Make 3 Pts,25,2025-12-20,Alma Scots,defense,Raine Rodich,play-by-play,False,,0.0,not located,
2025-12-20|26|3 Donovan Collins > Hand Off > From Stationary > Right > No Dribble Jumper > Guarded > Long/3pt > Miss 3 Pts,26,2025-12-20,Alma Scots,offense,Donovan Collins,play-by-play,False,,0.0,not located,
2025-12-20|26|3 Donovan Collins > Hand Off > From Stationary > Right > No Dribble Jumper > Guarded > Long/3pt > Miss 3 Pts,26,2025-12-20,Alma Scots,offense,Josh Elliott,play-by-play,False,,0.0,not located,
2025-12-20|26|3 Donovan Collins > Hand Off > From Stationary > Right > No Dribble Jumper > Guarded > Long/3pt > Miss 3 Pts,26,2025-12-20,Alma Scots,offense,Korbin Heitzman,play-by-play,False,,0.0,not located,
2025-12-20|26|3 Donovan Collins > Hand Off > From Stationary > Right > No Dribble Jumper > Guarded > Long/3pt > Miss 3 Pts,26,2025-12-20,Alma Scots,offense,Logan St. Martin,play-by-play,False,,0.0,not located,
2025-12-20|26|3 Donovan Collins > Hand Off > From Stationary > Right > No Dribble Jumper > Guarded > Long/3pt > Miss 3 Pts,26,2025-12-20,Alma Scots,offense,Raine Rodich,play-by-play,False,,0.0,not located,
2025-12-20|26|3 Donovan Collins > Hand Off > From Stationary > Right > No Dribble Jumper > Guarded > Long/3pt > Miss 3 Pts,26,2025-12-20,UW-Whitewater,defense,Brock Marino,play-by-play,False,,0.0,not located,
2025-12-20|26|3 Donovan Collins > Hand Off > From Stationary > Right > No Dribble Jumper > Guarded > Long/3pt > Miss 3 Pts,26,2025-12-20,UW-Whitewater,defense,Collin Madson,play-by-play,False,,0.0,not located,
2025-12-20|26|3 Donovan Collins > Hand Off > From Stationary > Right > No Dribble Jumper > Guarded > Long/3pt > Miss 3 Pts,26,2025-12-20,UW-Whitewater,defense,Joey Berezowitz,play-by-play,False,,0.0,not located,
2025-12-20|26|3 Donovan Collins > Hand Off > From Stationary > Right > No Dribble Jumper > Guarded > Long/3pt > Miss 3 Pts,26,2025-12-20,UW-Whitewater,defense,Luke Bara,play-by-play,False,,0.0,not located,
2025-12-20|26|3 Donovan Collins > Hand Off > From Stationary > Right > No Dribble Jumper > Guarded > Long/3pt > Miss 3 Pts,26,2025-12-20,UW-Whitewater,defense,Richie Warren,play-by-play,False,,0.0,not located,
2025-12-20|27|21 Brock Marino > Post-Up > Left Block > Left Shoulder > Dribble Move > To Hook > Miss 2 Pts,27,2025-12-20,UW-Whitewater,offense,Brock Marino,play-by-play,False,,0.0,not located,
2025-12-20|27|21 Brock Marino > Post-Up > Left Block > Left Shoulder > Dribble Move > To Hook > Miss 2 Pts,27,2025-12-20,UW-Whitewater,offense,Collin Madson,play-by-play,False,,0.0,not located,
2025-12-20|27|21 Brock Marino > Post-Up > Left Block > Left Shoulder > Dribble Move > To Hook > Miss 2 Pts,27,2025-12-20,UW-Whitewater,offense,Joey Berezowitz,play-by-play,False,,0.0,not located,
2025-12-20|27|21 Brock Marino > Post-Up > Left Block > Left Shoulder > Dribble Move > To Hook > Miss 2 Pts,27,2025-12-20,UW-Whitewater,offense,Luke Bara,play-by-play,False,,0.0,not located,
2025-12-20|27|21 Brock Marino > Post-Up > Left Block > Left Shoulder > Dribble Move > To Hook > Miss 2 Pts,27,2025-12-20,UW-Whitewater,offense,Richie Warren,play-by-play,False,,0.0,not located,
2025-12-20|27|21 Brock Marino > Post-Up > Left Block > Left Shoulder > Dribble Move > To Hook > Miss 2 Pts,27,2025-12-20,Alma Scots,defense,Donovan Collins,play-by-play,False,,0.0,not located,
2025-12-20|27|21 Brock Marino > Post-Up > Left Block > Left Shoulder > Dribble Move > To Hook > Miss 2 Pts,27,2025-12-20,Alma Scots,defense,Josh Elliott,play-by-play,False,,0.0,not located,
2025-12-20|27|21 Brock Marino > Post-Up > Left Block > Left Shoulder > Dribble Move > To Hook > Miss 2 Pts,27,2025-12-20,Alma Scots,defense,Korbin Heitzman,play-by-play,False,,0.0,not located,
2025-12-20|27|21 Brock Marino > Post-Up > Left Block > Left Shoulder > Dribble Move > To Hook > Miss 2 Pts,27,2025-12-20,Alma Scots,defense,Logan St. Martin,play-by-play,False,,0.0,not located,
2025-12-20|27|21 Brock Marino > Post-Up > Left Block > Left Shoulder > Dribble Move > To Hook > Miss 2 Pts,27,2025-12-20,Alma Scots,defense,Raine Rodich,play-by-play,False,,0.0,not located,
2025-12-20|28|11 Korbin Heitzman > Hand Off > From Dribble > Right > To Basket > Foul,28,2025-12-20,Alma Scots,offense,Donovan Collins,play-by-play,False,,0.0,not located,
2025-12-20|28|11 Korbin Heitzman > Hand Off > From Dribble > Right > To Basket > Foul,28,2025-12-20,Alma Scots,offense,Josh Elliott,play-by-play,False,,0.0,not located,
2025-12-20|28|11 Korbin Heitzman > Hand Off > From Dribble > Right > To Basket > Foul,28,2025-12-20,Alma Scots,offense,Korbin Heitzman,play-by-play,True,14,13.8,Synergy,0.95
2025-12-20|28|11 Korbin Heitzman > Hand Off > From Dribble > Right > To Basket > Foul,28,2025-12-20,Alma Scots,offense,Logan St. Martin,play-by-play,False,,0.0,not located,
2025-12-20|28|11 Korbin Heitzman > Hand Off > From Dribble > Right > To Basket > Foul,28,2025-12-20,Alma Scots,offense,Raine Rodich,play-by-play,False,,0.0,not located,
2025-12-20|28|11 Korbin Heitzman > Hand Off > From Dribble > Right > To Basket > Foul,28,2025-12-20,UW-Whitewater,defense,Brock Marino,play-by-play,False,,0.0,not located,
2025-12-20|28|11 Korbin Heitzman > Hand Off > From Dribble > Right > To Basket > Foul,28,2025-12-20,UW-Whitewater,defense,Collin Madson,play-by-play,False,,0.0,not located,
2025-12-20|28|11 Korbin Heitzman > Hand Off > From Dribble > Right > To Basket > Foul,28,2025-12-20,UW-Whitewater,defense,Joey Berezowitz,play-by-play,False,,0.0,not located,
2025-12-20|28|11 Korbin Heitzman > Hand Off > From Dribble > Right > To Basket > Foul,28,2025-12-20,UW-Whitewater,defense,Luke Bara,play-by-play,False,,0.0,not located,
2025-12-20|28|11 Korbin Heitzman > Hand Off > From Dribble > Right > To Basket > Foul,28,2025-12-20,UW-Whitewater,defense,Richie Warren,play-by-play,False,,0.0,not located,
2025-12-20|31|15 Collin Madson > P&R Ball Handler > High P&R > Dribble Off Pick > Dribble Jumper > Medium/17' to <3p > Miss 2 Pts,31,2025-12-20,UW-Whitewater,offense,Brock Marino,play-by-play,False,,0.0,not located,
2025-12-20|31|15 Collin Madson > P&R Ball Handler > High P&R > Dribble Off Pick > Dribble Jumper > Medium/17' to <3p > Miss 2 Pts,31,2025-12-20,UW-Whitewater,offense,Collin Madson,play-by-play,False,,0.0,not located,
2025-12-20|31|15 Collin Madson > P&R Ball Handler > High P&R > Dribble Off Pick > Dribble Jumper > Medium/17' to <3p > Miss 2 Pts,31,2025-12-20,UW-Whitewater,offense,Jake Quast,play-by-play,False,,0.0,not located,
2025-12-20|31|15 Collin Madson > P&R Ball Handler > High P&R > Dribble Off Pick > Dribble Jumper > Medium/17' to <3p > Miss 2 Pts,31,2025-12-20,UW-Whitewater,offense,Joey Berezowitz,play-by-play,False,,0.0,not located,
2025-12-20|31|15 Collin Madson > P&R Ball Handler > High P&R > Dribble Off Pick > Dribble Jumper > Medium/17' to <3p > Miss 2 Pts,31,2025-12-20,UW-Whitewater,offense,Kelton McEwen,play-by-play,False,,0.0,not located,
2025-12-20|31|15 Collin Madson > P&R Ball Handler > High P&R > Dribble Off Pick > Dribble Jumper > Medium/17' to <3p > Miss 2 Pts,31,2025-12-20,Alma Scots,defense,Elijah Sykes,play-by-play,False,,0.0,not located,
2025-12-20|31|15 Collin Madson > P&R Ball Handler > High P&R > Dribble Off Pick > Dribble Jumper > Medium/17' to <3p > Miss 2 Pts,31,2025-12-20,Alma Scots,defense,Josh Elliott,play-by-play,False,,0.0,not located,
2025-12-20|31|15 Collin Madson > P&R Ball Handler > High P&R > Dribble Off Pick > Dribble Jumper > Medium/17' to <3p > Miss 2 Pts,31,2025-12-20,Alma Scots,defense,Joss Bradley,play-by-play,False,,0.0,not located,
2025-12-20|31|15 Collin Madson > P&R Ball Handler > High P&R > Dribble Off Pick > Dribble Jumper > Medium/17' to <3p > Miss 2 Pts,31,2025-12-20,Alma Scots,defense,Korbin Heitzman,play-by-play,False,,0.0,not located,
2025-12-20|31|15 Collin Madson > P&R Ball Handler > High P&R > Dribble Off Pick > Dribble Jumper > Medium/17' to <3p > Miss 2 Pts,31,2025-12-20,Alma Scots,defense,Logan St. Martin,play-by-play,False,,0.0,not located,
2025-12-20|32|1 Elijah Sykes > Transition > Ballhandler > Turnover,32,2025-12-20,Alma Scots,offense,Elijah Sykes,play-by-play,False,,0.0,not located,
2025-12-20|32|1 Elijah Sykes > Transition > Ballhandler > Turnover,32,2025-12-20,Alma Scots,offense,Josh Elliott,play-by-play,False,,0.0,not located,
2025-12-20|32|1 Elijah Sykes > Transition > Ballhandler > Turnover,32,2025-12-20,Alma Scots,offense,Joss Bradley,play-by-play,False,,0.0,not located,
2025-12-20|32|1 Elijah Sykes > Transition > Ballhandler > Turnover,32,2025-12-20,Alma Scots,offense,Korbin Heitzman,play-by-play,False,,0.0,not located,
2025-12-20|32|1 Elijah Sykes > Transition > Ballhandler > Turnover,32,2025-12-20,Alma Scots,offense,Logan St. Martin,play-by-play,False,,0.0,not located,
2025-12-20|32|1 Elijah Sykes > Transition > Ballhandler > Turnover,32,2025-12-20,UW-Whitewater,defense,Brock Marino,play-by-play,False,,0.0,not located,
2025-12-20|32|1 Elijah Sykes > Transition > Ballhandler > Turnover,32,2025-12-20,UW-Whitewater,defense,Collin Madson,play-by-play,False,,0.0,not located,
2025-12-20|32|1 Elijah Sykes > Transition > Ballhandler > Turnover,32,2025-12-20,UW-Whitewater,defense,Jake Quast,play-by-play,False,,0.0,not located,
2025-12-20|32|1 Elijah Sykes > Transition > Ballhandler > Turnover,32,2025-12-20,UW-Whitewater,defense,Joey Berezowitz,play-by-play,False,,0.0,not located,
2025-12-20|32|1 Elijah Sykes > Transition > Ballhandler > Turnover,32,2025-12-20,UW-Whitewater,defense,Kelton McEwen,play-by-play,False,,0.0,not located,
2025-12-20|33|15 Collin Madson > Transition > Left Wing > To Basket > Miss 2 Pts,33,2025-12-20,UW-Whitewater,offense,Brock Marino,play-by-play,False,,0.0,not located,
2025-12-20|33|15 Collin Madson > Transition > Left Wing > To Basket > Miss 2 Pts,33,2025-12-20,UW-Whitewater,offense,Collin Madson,play-by-play,False,,0.0,not located,
2025-12-20|33|15 Collin Madson > Transition > Left Wing > To Basket > Miss 2 Pts,33,2025-12-20,UW-Whitewater,offense,Jake Quast,play-by-play,False,,0.0,not located,
2025-12-20|33|15 Collin Madson > Transition > Left Wing > To Basket > Miss 2 Pts,33,2025-12-20,UW-Whitewater,offense,Joey Berezowitz,play-by-play,False,,0.0,not located,
2025-12-20|33|15 Collin Madson > Transition > Left Wing > To Basket > Miss 2 Pts,33,2025-12-20,UW-Whitewater,offense,Kelton McEwen,play-by-play,False,,0.0,not located,
2025-12-20|33|15 Collin Madson > Transition > Left Wing > To Basket > Miss 2 Pts,33,2025-12-20,Alma Scots,defense,Elijah Sykes,play-by-play,False,,0.0,not located,
2025-12-20|33|15 Collin Madson > Transition > Left Wing > To Basket > Miss 2 Pts,33,2025-12-20,Alma Scots,defense,Josh Elliott,play-by-play,False,,0.0,not located,
2025-12-20|33|15 Collin Madson > Transition > Left Wing > To Basket > Miss 2 Pts,33,2025-12-20,Alma Scots,defense,Joss Bradley,play-by-play,False,,0.0,not located,
2025-12-20|33|15 Collin Madson > Transition > Left Wing > To Basket > Miss 2 Pts,33,2025-12-20,Alma Scots,defense,Korbin Heitzman,play-by-play,False,,0.0,not located,
2025-12-20|33|15 Collin Madson > Transition > Left Wing > To Basket > Miss 2 Pts,33,2025-12-20,Alma Scots,defense,Logan St. Martin,play-by-play,False,,0.0,not located,
2025-12-20|34|21 Brock Marino > Post-Up > Left Block > Right Shoulder > Dribble Move > To Drop Step > Make 2 Pts,34,2025-12-20,UW-Whitewater,offense,Brock Marino,play-by-play,False,,0.0,not located,
2025-12-20|34|21 Brock Marino > Post-Up > Left Block > Right Shoulder > Dribble Move > To Drop Step > Make 2 Pts,34,2025-12-20,UW-Whitewater,offense,Collin Madson,play-by-play,False,,0.0,not located,
2025-12-20|34|21 Brock Marino > Post-Up > Left Block > Right Shoulder > Dribble Move > To Drop Step > Make 2 Pts,34,2025-12-20,UW-Whitewater,offense,Jake Quast,play-by-play,False,,0.0,not located,
2025-12-20|34|21 Brock Marino > Post-Up > Left Block > Right Shoulder > Dribble Move > To Drop Step > Make 2 Pts,34,2025-12-20,UW-Whitewater,offense,Joey Berezowitz,play-by-play,False,,0.0,not located,
2025-12-20|34|21 Brock Marino > Post-Up > Left Block > Right Shoulder > Dribble Move > To Drop Step > Make 2 Pts,34,2025-12-20,UW-Whitewater,offense,Kelton McEwen,play-by-play,False,,0.0,not located,
2025-12-20|34|21 Brock Marino > Post-Up > Left Block > Right Shoulder > Dribble Move > To Drop Step > Make 2 Pts,34,2025-12-20,Alma Scots,defense,Elijah Sykes,play-by-play,False,,0.0,not located,
2025-12-20|34|21 Brock Marino > Post-Up > Left Block > Right Shoulder > Dribble Move > To Drop Step > Make 2 Pts,34,2025-12-20,Alma Scots,defense,Josh Elliott,play-by-play,False,,0.0,not located,
2025-12-20|34|21 Brock Marino > Post-Up > Left Block > Right Shoulder > Dribble Move > To Drop Step > Make 2 Pts,34,2025-12-20,Alma Scots,defense,Joss Bradley,play-by-play,False,,0.0,not located,
2025-12-20|34|21 Brock Marino > Post-Up > Left Block > Right Shoulder > Dribble Move > To Drop Step > Make 2 Pts,34,2025-12-20,Alma Scots,defense,Korbin Heitzman,play-by-play,False,,0.0,not located,
2025-12-20|34|21 Brock Marino > Post-Up > Left Block > Right Shoulder > Dribble Move > To Drop Step > Make 2 Pts,34,2025-12-20,Alma Scots,defense,Logan St. Martin,play-by-play,False,,0.0,not located,
2025-12-20|35|24 Logan St. Martin > Post-Up > Flash Middle > Post Pin > No Dribble Move > To Basket > Make 2 Pts,35,2025-12-20,Alma Scots,offense,Elijah Sykes,play-by-play,False,,0.0,not located,
2025-12-20|35|24 Logan St. Martin > Post-Up > Flash Middle > Post Pin > No Dribble Move > To Basket > Make 2 Pts,35,2025-12-20,Alma Scots,offense,Josh Elliott,play-by-play,False,,0.0,not located,
2025-12-20|35|24 Logan St. Martin > Post-Up > Flash Middle > Post Pin > No Dribble Move > To Basket > Make 2 Pts,35,2025-12-20,Alma Scots,offense,Joss Bradley,play-by-play,False,,0.0,not located,
2025-12-20|35|24 Logan St. Martin > Post-Up > Flash Middle > Post Pin > No Dribble Move > To Basket > Make 2 Pts,35,2025-12-20,Alma Scots,offense,Korbin Heitzman,play-by-play,False,,0.0,not located,
2025-12-20|35|24 Logan St. Martin > Post-Up > Flash Middle > Post Pin > No Dribble Move > To Basket > Make 2 Pts,35,2025-12-20,Alma Scots,offense,Logan St. Martin,play-by-play,False,,0.0,not located,
2025-12-20|35|24 Logan St. Martin > Post-Up > Flash Middle > Post Pin > No Dribble Move > To Basket > Make 2 Pts,35,2025-12-20,UW-Whitewater,defense,Brock Marino,play-by-play,False,,0.0,not located,
2025-12-20|35|24 Logan St. Martin > Post-Up > Flash Middle > Post Pin > No Dribble Move > To Basket > Make 2 Pts,35,2025-12-20,UW-Whitewater,defense,Collin Madson,play-by-play,False,,0.0,not located,
2025-12-20|35|24 Logan St. Martin > Post-Up > Flash Middle > Post Pin > No Dribble Move > To Basket > Make 2 Pts,35,2025-12-20,UW-Whitewater,defense,Jake Quast,play-by-play,False,,0.0,not located,
2025-12-20|35|24 Logan St. Martin > Post-Up > Flash Middle > Post Pin > No Dribble Move > To Basket > Make 2 Pts,35,2025-12-20,UW-Whitewater,defense,Joey Berezowitz,play-by-play,False,,0.0,not located,
2025-12-20|35|24 Logan St. Martin > Post-Up > Flash Middle > Post Pin > No Dribble Move > To Basket > Make 2 Pts,35,2025-12-20,UW-Whitewater,defense,Kelton McEwen,play-by-play,False,,0.0,not located,
2025-12-20|36|21 Brock Marino > Post-Up > Left Block > Left Shoulder > Dribble Move > Defense Commits > Ball Delivered > 12 Jake Quast > Spot-Up > Drives Left > To Basket > Make 2 Pts,36,2025-12-20,UW-Whitewater,offense,Brock Marino,play-by-play,True,14,8.8,Synergy,0.95
2025-12-20|36|21 Brock Marino > Post-Up > Left Block > Left Shoulder > Dribble Move > Defense Commits > Ball Delivered > 12 Jake Quast > Spot-Up > Drives Left > To Basket > Make 2 Pts,36,2025-12-20,UW-Whitewater,offense,Collin Madson,play-by-play,False,,0.0,not located,
2025-12-20|36|21 Brock Marino > Post-Up > Left Block > Left Shoulder > Dribble Move > Defense Commits > Ball Delivered > 12 Jake Quast > Spot-Up > Drives Left > To Basket > Make 2 Pts,36,2025-12-20,UW-Whitewater,offense,Jake Quast,play-by-play,False,,0.0,not located,
2025-12-20|36|21 Brock Marino > Post-Up > Left Block > Left Shoulder > Dribble Move > Defense Commits > Ball Delivered > 12 Jake Quast > Spot-Up > Drives Left > To Basket > Make 2 Pts,36,2025-12-20,UW-Whitewater,offense,Joey Berezowitz,play-by-play,False,,0.0,not located,
2025-12-20|36|21 Brock Marino > Post-Up > Left Block > Left Shoulder > Dribble Move > Defense Commits > Ball Delivered > 12 Jake Quast > Spot-Up > Drives Left > To Basket > Make 2 Pts,36,2025-12-20,UW-Whitewater,offense,Kelton McEwen,play-by-play,False,,0.0,not located,
2025-12-20|36|21 Brock Marino > Post-Up > Left Block > Left Shoulder > Dribble Move > Defense Commits > Ball Delivered > 12 Jake Quast > Spot-Up > Drives Left > To Basket > Make 2 Pts,36,2025-12-20,Alma Scots,defense,Elijah Sykes,play-by-play,False,,0.0,not located,
2025-12-20|36|21 Brock Marino > Post-Up > Left Block > Left Shoulder > Dribble Move > Defense Commits > Ball Delivered > 12 Jake Quast > Spot-Up > Drives Left > To Basket > Make 2 Pts,36,2025-12-20,Alma Scots,defense,Josh Elliott,play-by-play,False,,0.0,not located,
2025-12-20|36|21 Brock Marino > Post-Up > Left Block > Left Shoulder > Dribble Move > Defense Commits > Ball Delivered > 12 Jake Quast > Spot-Up > Drives Left > To Basket > Make 2 Pts,36,2025-12-20,Alma Scots,defense,Joss Bradley,play-by-play,False,,0.0,not located,
2025-12-20|36|21 Brock Marino > Post-Up > Left Block > Left Shoulder > Dribble Move > Defense Commits > Ball Delivered > 12 Jake Quast > Spot-Up > Drives Left > To Basket > Make 2 Pts,36,2025-12-20,Alma Scots,defense,Korbin Heitzman,play-by-play,False,,0.0,not located,
2025-12-20|36|21 Brock Marino > Post-Up > Left Block > Left Shoulder > Dribble Move > Defense Commits > Ball Delivered > 12 Jake Quast > Spot-Up > Drives Left > To Basket > Make 2 Pts,36,2025-12-20,Alma Scots,defense,Logan St. Martin,play-by-play,False,,0.0,not located,
2025-12-20|37|20 Josh Elliott > Off Screen > To Shooter's Right > Straight > Turnover,37,2025-12-20,Alma Scots,offense,Elijah Sykes,play-by-play,False,,0.0,not located,
2025-12-20|37|20 Josh Elliott > Off Screen > To Shooter's Right > Straight > Turnover,37,2025-12-20,Alma Scots,offense,Josh Elliott,play-by-play,True,22,22.2,Synergy,0.95
2025-12-20|37|20 Josh Elliott > Off Screen > To Shooter's Right > Straight > Turnover,37,2025-12-20,Alma Scots,offense,Joss Bradley,play-by-play,False,,0.0,not located,
2025-12-20|37|20 Josh Elliott > Off Screen > To Shooter's Right > Straight > Turnover,37,2025-12-20,Alma Scots,offense,Korbin Heitzman,play-by-play,False,,0.0,not located,
2025-12-20|37|20 Josh Elliott > Off Screen > To Shooter's Right > Straight > Turnover,37,2025-12-20,Alma Scots,offense,Logan St. Martin,play-by-play,False,,0.0,not located,
2025-12-20|37|20 Josh Elliott > Off Screen > To Shooter's Right > Straight > Turnover,37,2025-12-20,UW-Whitewater,defense,Brock Marino,play-by-play,False,,0.0,not located,
2025-12-20|37|20 Josh Elliott > Off Screen > To Shooter's Right > Straight > Turnover,37,2025-12-20,UW-Whitewater,defense,Collin Madson,play-by-play,False,,0.0,not located,
2025-12-20|37|20 Josh Elliott > Off Screen > To Shooter's Right > Straight > Turnover,37,2025-12-20,UW-Whitewater,defense,Jake Quast,play-by-play,False,,0.0,not located,
2025-12-20|37|20 Josh Elliott > Off Screen > To Shooter's Right > Straight > Turnover,37,2025-12-20,UW-Whitewater,defense,Joey Berezowitz,play-by-play,False,,0.0,not located,
2025-12-20|37|20 Josh Elliott > Off Screen > To Shooter's Right > Straight > Turnover,37,2025-12-20,UW-Whitewater,defense,Kelton McEwen,play-by-play,False,,0.0,not located,
2025-12-20|38|15 Collin Madson > Post-Up > Right Block > Right Shoulder > Dribble Move > Defense Commits > Ball Delivered > 12 Jake Quast > Spot-Up > No Dribble Jumper > Open > Long/3pt > Make 3 Pts,38,2025-12-20,UW-Whitewater,offense,Brock Marino,play-by-play,False,,0.0,not located,
2025-12-20|38|15 Collin Madson > Post-Up > Right Block > Right Shoulder > Dribble Move > Defense Commits > Ball Delivered > 12 Jake Quast > Spot-Up > No Dribble Jumper > Open > Long/3pt > Make 3 Pts,38,2025-12-20,UW-Whitewater,offense,Collin Madson,play-by-play,True,7,15.0,Synergy,0.95
2025-12-20|38|15 Collin Madson > Post-Up > Right Block > Right Shoulder > Dribble Move > Defense Commits > Ball Delivered > 12 Jake Quast > Spot-Up > No Dribble Jumper > Open > Long/3pt > Make 3 Pts,38,2025-12-20,UW-Whitewater,offense,Jake Quast,play-by-play,False,,0.0,not located,
2025-12-20|38|15 Collin Madson > Post-Up > Right Block > Right Shoulder > Dribble Move > Defense Commits > Ball Delivered > 12 Jake Quast > Spot-Up > No Dribble Jumper > Open > Long/3pt > Make 3 Pts,38,2025-12-20,UW-Whitewater,offense,Joey Berezowitz,play-by-play,False,,0.0,not located,
2025-12-20|38|15 Collin Madson > Post-Up > Right Block > Right Shoulder > Dribble Move > Defense Commits > Ball Delivered > 12 Jake Quast > Spot-Up > No Dribble Jumper > Open > Long/3pt > Make 3 Pts,38,2025-12-20,UW-Whitewater,offense,Kelton McEwen,play-by-play,False,,0.0,not located,
2025-12-20|38|15 Collin Madson > Post-Up > Right Block > Right Shoulder > Dribble Move > Defense Commits > Ball Delivered > 12 Jake Quast > Spot-Up > No Dribble Jumper > Open > Long/3pt > Make 3 Pts,38,2025-12-20,Alma Scots,defense,Elijah Sykes,play-by-play,False,,0.0,not located,
2025-12-20|38|15 Collin Madson > Post-Up > Right Block > Right Shoulder > Dribble Move > Defense Commits > Ball Delivered > 12 Jake Quast > Spot-Up > No Dribble Jumper > Open > Long/3pt > Make 3 Pts,38,2025-12-20,Alma Scots,defense,Josh Elliott,play-by-play,False,,0.0,not located,
2025-12-20|38|15 Collin Madson > Post-Up > Right Block > Right Shoulder > Dribble Move > Defense Commits > Ball Delivered > 12 Jake Quast > Spot-Up > No Dribble Jumper > Open > Long/3pt > Make 3 Pts,38,2025-12-20,Alma Scots,defense,Joss Bradley,play-by-play,False,,0.0,not located,
2025-12-20|38|15 Collin Madson > Post-Up > Right Block > Right Shoulder > Dribble Move > Defense Commits > Ball Delivered > 12 Jake Quast > Spot-Up > No Dribble Jumper > Open > Long/3pt > Make 3 Pts,38,2025-12-20,Alma Scots,defense,Korbin Heitzman,play-by-play,False,,0.0,not located,
2025-12-20|38|15 Collin Madson > Post-Up > Right Block > Right Shoulder > Dribble Move > Defense Commits > Ball Delivered > 12 Jake Quast > Spot-Up > No Dribble Jumper > Open > Long/3pt > Make 3 Pts,38,2025-12-20,Alma Scots,defense,Luciano Guerrazzi,play-by-play,False,,0.0,not located,
2025-12-20|39|10 Joss Bradley > Non Possession > Kicked Ball,39,2025-12-20,UW-Whitewater,defense,Brock Marino,clips before/after (no clock),False,,0.0,not located,
2025-12-20|39|10 Joss Bradley > Non Possession > Kicked Ball,39,2025-12-20,UW-Whitewater,defense,Collin Madson,clips before/after (no clock),False,,0.0,not located,
2025-12-20|39|10 Joss Bradley > Non Possession > Kicked Ball,39,2025-12-20,UW-Whitewater,defense,Jake Quast,clips before/after (no clock),False,,0.0,not located,
2025-12-20|39|10 Joss Bradley > Non Possession > Kicked Ball,39,2025-12-20,UW-Whitewater,defense,Joey Berezowitz,clips before/after (no clock),False,,0.0,not located,
2025-12-20|39|10 Joss Bradley > Non Possession > Kicked Ball,39,2025-12-20,UW-Whitewater,defense,Kelton McEwen,clips before/after (no clock),False,,0.0,not located,
2025-12-20|40|1 Elijah Sykes > P&R Ball Handler > Left P&R > Baseline > Dribble Off Pick > Dribble Jumper > Medium/17' to <3p > Make 2 Pts,40,2025-12-20,Alma Scots,offense,Donovan Collins,play-by-play,False,,0.0,not located,
2025-12-20|40|1 Elijah Sykes > P&R Ball Handler > Left P&R > Baseline > Dribble Off Pick > Dribble Jumper > Medium/17' to <3p > Make 2 Pts,40,2025-12-20,Alma Scots,offense,Elijah Sykes,play-by-play,False,,0.0,not located,
2025-12-20|40|1 Elijah Sykes > P&R Ball Handler > Left P&R > Baseline > Dribble Off Pick > Dribble Jumper > Medium/17' to <3p > Make 2 Pts,40,2025-12-20,Alma Scots,offense,Joss Bradley,play-by-play,False,,0.0,not located,
2025-12-20|40|1 Elijah Sykes > P&R Ball Handler > Left P&R > Baseline > Dribble Off Pick > Dribble Jumper > Medium/17' to <3p > Make 2 Pts,40,2025-12-20,Alma Scots,offense,Korbin Heitzman,play-by-play,False,,0.0,not located,
2025-12-20|40|1 Elijah Sykes > P&R Ball Handler > Left P&R > Baseline > Dribble Off Pick > Dribble Jumper > Medium/17' to <3p > Make 2 Pts,40,2025-12-20,Alma Scots,offense,Luciano Guerrazzi,play-by-play,False,,0.0,not located,
2025-12-20|40|1 Elijah Sykes > P&R Ball Handler > Left P&R > Baseline > Dribble Off Pick > Dribble Jumper > Medium/17' to <3p > Make 2 Pts,40,2025-12-20,UW-Whitewater,defense,Brock Marino,play-by-play,False,,0.0,not located,
2025-12-20|40|1 Elijah Sykes > P&R Ball Handler > Left P&R > Baseline > Dribble Off Pick > Dribble Jumper > Medium/17' to <3p > Make 2 Pts,40,2025-12-20,UW-Whitewater,defense,Collin Madson,play-by-play,False,,0.0,not located,
2025-12-20|40|1 Elijah Sykes > P&R Ball Handler > Left P&R > Baseline > Dribble Off Pick > Dribble Jumper > Medium/17' to <3p > Make 2 Pts,40,2025-12-20,UW-Whitewater,defense,Jake Quast,play-by-play,False,,0.0,not located,
2025-12-20|40|1 Elijah Sykes > P&R Ball Handler > Left P&R > Baseline > Dribble Off Pick > Dribble Jumper > Medium/17' to <3p > Make 2 Pts,40,2025-12-20,UW-Whitewater,defense,Joey Berezowitz,play-by-play,False,,0.0,not located,
2025-12-20|40|1 Elijah Sykes > P&R Ball Handler > Left P&R > Baseline > Dribble Off Pick > Dribble Jumper > Medium/17' to <3p > Make 2 Pts,40,2025-12-20,UW-Whitewater,defense,Kelton McEwen,play-by-play,False,,0.0,not located,
2025-12-20|41|21 Brock Marino > Post-Up > Left Block > Left Shoulder > Dribble Move > To Basket > Miss 2 Pts,41,2025-12-20,UW-Whitewater,offense,Brock Marino,play-by-play,False,,0.0,not located,
2025-12-20|41|21 Brock Marino > Post-Up > Left Block > Left Shoulder > Dribble Move > To Basket > Miss 2 Pts,41,2025-12-20,UW-Whitewater,offense,Collin Madson,play-by-play,False,,0.0,not located,
2025-12-20|41|21 Brock Marino > Post-Up > Left Block > Left Shoulder > Dribble Move > To Basket > Miss 2 Pts,41,2025-12-20,UW-Whitewater,offense,Jake Quast,play-by-play,False,,0.0,not located,
2025-12-20|41|21 Brock Marino > Post-Up > Left Block > Left Shoulder > Dribble Move > To Basket > Miss 2 Pts,41,2025-12-20,UW-Whitewater,offense,Joey Berezowitz,play-by-play,False,,0.0,not located,
2025-12-20|41|21 Brock Marino > Post-Up > Left Block > Left Shoulder > Dribble Move > To Basket > Miss 2 Pts,41,2025-12-20,UW-Whitewater,offense,Kelton McEwen,play-by-play,False,,0.0,not located,
2025-12-20|41|21 Brock Marino > Post-Up > Left Block > Left Shoulder > Dribble Move > To Basket > Miss 2 Pts,41,2025-12-20,Alma Scots,defense,Donovan Collins,play-by-play,False,,0.0,not located,
2025-12-20|41|21 Brock Marino > Post-Up > Left Block > Left Shoulder > Dribble Move > To Basket > Miss 2 Pts,41,2025-12-20,Alma Scots,defense,Elijah Sykes,play-by-play,False,,0.0,not located,
2025-12-20|41|21 Brock Marino > Post-Up > Left Block > Left Shoulder > Dribble Move > To Basket > Miss 2 Pts,41,2025-12-20,Alma Scots,defense,Joss Bradley,play-by-play,False,,0.0,not located,
2025-12-20|41|21 Brock Marino > Post-Up > Left Block > Left Shoulder > Dribble Move > To Basket > Miss 2 Pts,41,2025-12-20,Alma Scots,defense,Korbin Heitzman,play-by-play,False,,0.0,not located,
2025-12-20|41|21 Brock Marino > Post-Up > Left Block > Left Shoulder > Dribble Move > To Basket > Miss 2 Pts,41,2025-12-20,Alma Scots,defense,Luciano Guerrazzi,play-by-play,False,,0.0,not located,
2025-12-20|42|11 Korbin Heitzman > Post-Up > Flash Middle > Post Pin > No Dribble Move > To Basket > Make 2 Pts,42,2025-12-20,Alma Scots,offense,Donovan Collins,play-by-play,False,,0.0,not located,
2025-12-20|42|11 Korbin Heitzman > Post-Up > Flash Middle > Post Pin > No Dribble Move > To Basket > Make 2 Pts,42,2025-12-20,Alma Scots,offense,Elijah Sykes,play-by-play,False,,0.0,not located,
2025-12-20|42|11 Korbin Heitzman > Post-Up > Flash Middle > Post Pin > No Dribble Move > To Basket > Make 2 Pts,42,2025-12-20,Alma Scots,offense,Joss Bradley,play-by-play,False,,0.0,not located,
2025-12-20|42|11 Korbin Heitzman > Post-Up > Flash Middle > Post Pin > No Dribble Move > To Basket > Make 2 Pts,42,2025-12-20,Alma Scots,offense,Korbin Heitzman,play-by-play,False,,0.0,not located,
2025-12-20|42|11 Korbin Heitzman > Post-Up > Flash Middle > Post Pin > No Dribble Move > To Basket > Make 2 Pts,42,2025-12-20,Alma Scots,offense,Luciano Guerrazzi,play-by-play,False,,0.0,not located,
2025-12-20|42|11 Korbin Heitzman > Post-Up > Flash Middle > Post Pin > No Dribble Move > To Basket > Make 2 Pts,42,2025-12-20,UW-Whitewater,defense,Brock Marino,play-by-play,False,,0.0,not located,
2025-12-20|42|11 Korbin Heitzman > Post-Up > Flash Middle > Post Pin > No Dribble Move > To Basket > Make 2 Pts,42,2025-12-20,UW-Whitewater,defense,Collin Madson,play-by-play,False,,0.0,not located,
2025-12-20|42|11 Korbin Heitzman > Post-Up > Flash Middle > Post Pin > No Dribble Move > To Basket > Make 2 Pts,42,2025-12-20,UW-Whitewater,defense,Jake Quast,play-by-play,False,,0.0,not located,
2025-12-20|42|11 Korbin Heitzman > Post-Up > Flash Middle > Post Pin > No Dribble Move > To Basket > Make 2 Pts,42,2025-12-20,UW-Whitewater,defense,Joey Berezowitz,play-by-play,False,,0.0,not located,
2025-12-20|42|11 Korbin Heitzman > Post-Up > Flash Middle > Post Pin > No Dribble Move > To Basket > Make 2 Pts,42,2025-12-20,UW-Whitewater,defense,Kelton McEwen,play-by-play,False,,0.0,not located,
2025-12-20|43|12 Jake Quast > P&R Ball Handler > High P&R > Dribble Off Pick > Defense Commits > Turnover,43,2025-12-20,UW-Whitewater,offense,Brock Marino,play-by-play,False,,0.0,not located,
2025-12-20|43|12 Jake Quast > P&R Ball Handler > High P&R > Dribble Off Pick > Defense Commits > Turnover,43,2025-12-20,UW-Whitewater,offense,Collin Madson,play-by-play,False,,0.0,not located,
2025-12-20|43|12 Jake Quast > P&R Ball Handler > High P&R > Dribble Off Pick > Defense Commits > Turnover,43,2025-12-20,UW-Whitewater,offense,Jake Quast,play-by-play,False,,0.0,not located,
2025-12-20|43|12 Jake Quast > P&R Ball Handler > High P&R > Dribble Off Pick > Defense Commits > Turnover,43,2025-12-20,UW-Whitewater,offense,Joey Berezowitz,play-by-play,False,,0.0,not located,
2025-12-20|43|12 Jake Quast > P&R Ball Handler > High P&R > Dribble Off Pick > Defense Commits > Turnover,43,2025-12-20,UW-Whitewater,offense,Kelton McEwen,play-by-play,False,,0.0,not located,
2025-12-20|43|12 Jake Quast > P&R Ball Handler > High P&R > Dribble Off Pick > Defense Commits > Turnover,43,2025-12-20,Alma Scots,defense,Donovan Collins,play-by-play,False,,0.0,not located,
2025-12-20|43|12 Jake Quast > P&R Ball Handler > High P&R > Dribble Off Pick > Defense Commits > Turnover,43,2025-12-20,Alma Scots,defense,Elijah Sykes,play-by-play,False,,0.0,not located,
2025-12-20|43|12 Jake Quast > P&R Ball Handler > High P&R > Dribble Off Pick > Defense Commits > Turnover,43,2025-12-20,Alma Scots,defense,Joss Bradley,play-by-play,False,,0.0,not located,
2025-12-20|43|12 Jake Quast > P&R Ball Handler > High P&R > Dribble Off Pick > Defense Commits > Turnover,43,2025-12-20,Alma Scots,defense,Korbin Heitzman,play-by-play,False,,0.0,not located,
2025-12-20|43|12 Jake Quast > P&R Ball Handler > High P&R > Dribble Off Pick > Defense Commits > Turnover,43,2025-12-20,Alma Scots,defense,Luciano Guerrazzi,play-by-play,False,,0.0,not located,
2025-12-20|44|10 Joss Bradley > ISO > Left > Drives Right > To Basket > Miss 2 Pts,44,2025-12-20,Alma Scots,offense,Donovan Collins,play-by-play,False,,0.0,not located,
2025-12-20|44|10 Joss Bradley > ISO > Left > Drives Right > To Basket > Miss 2 Pts,44,2025-12-20,Alma Scots,offense,Elijah Sykes,play-by-play,False,,0.0,not located,
2025-12-20|44|10 Joss Bradley > ISO > Left > Drives Right > To Basket > Miss 2 Pts,44,2025-12-20,Alma Scots,offense,Joss Bradley,play-by-play,False,,0.0,not located,
2025-12-20|44|10 Joss Bradley > ISO > Left > Drives Right > To Basket > Miss 2 Pts,44,2025-12-20,Alma Scots,offense,Korbin Heitzman,play-by-play,False,,0.0,not located,
2025-12-20|44|10 Joss Bradley > ISO > Left > Drives Right > To Basket > Miss 2 Pts,44,2025-12-20,Alma Scots,offense,Luciano Guerrazzi,play-by-play,False,,0.0,not located,
2025-12-20|44|10 Joss Bradley > ISO > Left > Drives Right > To Basket > Miss 2 Pts,44,2025-12-20,UW-Whitewater,defense,Jake Quast,play-by-play,False,,0.0,not located,
2025-12-20|44|10 Joss Bradley > ISO > Left > Drives Right > To Basket > Miss 2 Pts,44,2025-12-20,UW-Whitewater,defense,Joey Berezowitz,play-by-play,False,,0.0,not located,
2025-12-20|44|10 Joss Bradley > ISO > Left > Drives Right > To Basket > Miss 2 Pts,44,2025-12-20,UW-Whitewater,defense,Kelton McEwen,play-by-play,False,,0.0,not located,
2025-12-20|44|10 Joss Bradley > ISO > Left > Drives Right > To Basket > Miss 2 Pts,44,2025-12-20,UW-Whitewater,defense,Rashad Rogers,play-by-play,False,,0.0,not located,
2025-12-20|44|10 Joss Bradley > ISO > Left > Drives Right > To Basket > Miss 2 Pts,44,2025-12-20,UW-Whitewater,defense,Tyshawn Teague-Johnson,play-by-play,False,,0.0,not located,
2025-12-20|45|12 Jake Quast > Transition > Trailer > To Basket > Make 2 Pts,45,2025-12-20,UW-Whitewater,offense,Jake Quast,play-by-play,False,,0.0,not located,
2025-12-20|45|12 Jake Quast > Transition > Trailer > To Basket > Make 2 Pts,45,2025-12-20,UW-Whitewater,offense,Joey Berezowitz,play-by-play,False,,0.0,not located,
2025-12-20|45|12 Jake Quast > Transition > Trailer > To Basket > Make 2 Pts,45,2025-12-20,UW-Whitewater,offense,Kelton McEwen,play-by-play,False,,0.0,not located,
2025-12-20|45|12 Jake Quast > Transition > Trailer > To Basket > Make 2 Pts,45,2025-12-20,UW-Whitewater,offense,Rashad Rogers,play-by-play,False,,0.0,not located,
2025-12-20|45|12 Jake Quast > Transition > Trailer > To Basket > Make 2 Pts,45,2025-12-20,UW-Whitewater,offense,Tyshawn Teague-Johnson,play-by-play,False,,0.0,not located,
2025-12-20|45|12 Jake Quast > Transition > Trailer > To Basket > Make 2 Pts,45,2025-12-20,Alma Scots,defense,Donovan Collins,play-by-play,False,,0.0,not located,
2025-12-20|45|12 Jake Quast > Transition > Trailer > To Basket > Make 2 Pts,45,2025-12-20,Alma Scots,defense,Elijah Sykes,play-by-play,False,,0.0,not located,
2025-12-20|45|12 Jake Quast > Transition > Trailer > To Basket > Make 2 Pts,45,2025-12-20,Alma Scots,defense,Joss Bradley,play-by-play,False,,0.0,not located,
2025-12-20|45|12 Jake Quast > Transition > Trailer > To Basket > Make 2 Pts,45,2025-12-20,Alma Scots,defense,Korbin Heitzman,play-by-play,False,,0.0,not located,
2025-12-20|45|12 Jake Quast > Transition > Trailer > To Basket > Make 2 Pts,45,2025-12-20,Alma Scots,defense,Luciano Guerrazzi,play-by-play,False,,0.0,not located,
2025-12-20|46|1 Elijah Sykes > Hand Off > From Dribble > Right > Dribble Jumper > Medium/17' to <3p > Miss 2 Pts,46,2025-12-20,Alma Scots,offense,Donovan Collins,play-by-play,False,,0.0,not located,
2025-12-20|46|1 Elijah Sykes > Hand Off > From Dribble > Right > Dribble Jumper > Medium/17' to <3p > Miss 2 Pts,46,2025-12-20,Alma Scots,offense,Elijah Sykes,play-by-play,False,,0.0,not located,
2025-12-20|46|1 Elijah Sykes > Hand Off > From Dribble > Right > Dribble Jumper > Medium/17' to <3p > Miss 2 Pts,46,2025-12-20,Alma Scots,offense,Joss Bradley,play-by-play,False,,0.0,not located,
2025-12-20|46|1 Elijah Sykes > Hand Off > From Dribble > Right > Dribble Jumper > Medium/17' to <3p > Miss 2 Pts,46,2025-12-20,Alma Scots,offense,Korbin Heitzman,play-by-play,False,,0.0,not located,
2025-12-20|46|1 Elijah Sykes > Hand Off > From Dribble > Right > Dribble Jumper > Medium/17' to <3p > Miss 2 Pts,46,2025-12-20,Alma Scots,offense,Luciano Guerrazzi,play-by-play,False,,0.0,not located,
2025-12-20|46|1 Elijah Sykes > Hand Off > From Dribble > Right > Dribble Jumper > Medium/17' to <3p > Miss 2 Pts,46,2025-12-20,UW-Whitewater,defense,Jake Quast,play-by-play,False,,0.0,not located,
2025-12-20|46|1 Elijah Sykes > Hand Off > From Dribble > Right > Dribble Jumper > Medium/17' to <3p > Miss 2 Pts,46,2025-12-20,UW-Whitewater,defense,Joey Berezowitz,play-by-play,False,,0.0,not located,
2025-12-20|46|1 Elijah Sykes > Hand Off > From Dribble > Right > Dribble Jumper > Medium/17' to <3p > Miss 2 Pts,46,2025-12-20,UW-Whitewater,defense,Kelton McEwen,play-by-play,False,,0.0,not located,
2025-12-20|46|1 Elijah Sykes > Hand Off > From Dribble > Right > Dribble Jumper > Medium/17' to <3p > Miss 2 Pts,46,2025-12-20,UW-Whitewater,defense,Rashad Rogers,play-by-play,False,,0.0,not located,
2025-12-20|46|1 Elijah Sykes > Hand Off > From Dribble > Right > Dribble Jumper > Medium/17' to <3p > Miss 2 Pts,46,2025-12-20,UW-Whitewater,defense,Tyshawn Teague-Johnson,play-by-play,False,,0.0,not located,
2025-12-20|47|35 Rashad Rogers > No Play Type > Turnover,47,2025-12-20,UW-Whitewater,offense,Jake Quast,play-by-play,False,,0.0,not located,
2025-12-20|47|35 Rashad Rogers > No Play Type > Turnover,47,2025-12-20,UW-Whitewater,offense,Joey Berezowitz,play-by-play,False,,0.0,not located,
2025-12-20|47|35 Rashad Rogers > No Play Type > Turnover,47,2025-12-20,UW-Whitewater,offense,Kelton McEwen,play-by-play,False,,0.0,not located,
2025-12-20|47|35 Rashad Rogers > No Play Type > Turnover,47,2025-12-20,UW-Whitewater,offense,Rashad Rogers,play-by-play,True,7,9.5,Synergy,0.95
2025-12-20|47|35 Rashad Rogers > No Play Type > Turnover,47,2025-12-20,UW-Whitewater,offense,Tyshawn Teague-Johnson,play-by-play,False,,0.0,not located,
2025-12-20|47|35 Rashad Rogers > No Play Type > Turnover,47,2025-12-20,Alma Scots,defense,Donovan Collins,play-by-play,False,,0.0,not located,
2025-12-20|47|35 Rashad Rogers > No Play Type > Turnover,47,2025-12-20,Alma Scots,defense,Elijah Sykes,play-by-play,False,,0.0,not located,
2025-12-20|47|35 Rashad Rogers > No Play Type > Turnover,47,2025-12-20,Alma Scots,defense,Luciano Guerrazzi,play-by-play,False,,0.0,not located,
2025-12-20|47|35 Rashad Rogers > No Play Type > Turnover,47,2025-12-20,Alma Scots,defense,Preston Malpass,play-by-play,False,,0.0,not located,
2025-12-20|47|35 Rashad Rogers > No Play Type > Turnover,47,2025-12-20,Alma Scots,defense,Raine Rodich,play-by-play,False,,0.0,not located,
2025-12-20|48|3 Donovan Collins > Transition > Right Wing > No Dribble Jumper > Open > Long/3pt > Make 3 Pts,48,2025-12-20,Alma Scots,offense,Donovan Collins,play-by-play,False,,0.0,not located,
2025-12-20|48|3 Donovan Collins > Transition > Right Wing > No Dribble Jumper > Open > Long/3pt > Make 3 Pts,48,2025-12-20,Alma Scots,offense,Elijah Sykes,play-by-play,False,,0.0,not located,
2025-12-20|48|3 Donovan Collins > Transition > Right Wing > No Dribble Jumper > Open > Long/3pt > Make 3 Pts,48,2025-12-20,Alma Scots,offense,Luciano Guerrazzi,play-by-play,False,,0.0,not located,
2025-12-20|48|3 Donovan Collins > Transition > Right Wing > No Dribble Jumper > Open > Long/3pt > Make 3 Pts,48,2025-12-20,Alma Scots,offense,Preston Malpass,play-by-play,False,,0.0,not located,
2025-12-20|48|3 Donovan Collins > Transition > Right Wing > No Dribble Jumper > Open > Long/3pt > Make 3 Pts,48,2025-12-20,Alma Scots,offense,Raine Rodich,play-by-play,False,,0.0,not located,
2025-12-20|48|3 Donovan Collins > Transition > Right Wing > No Dribble Jumper > Open > Long/3pt > Make 3 Pts,48,2025-12-20,UW-Whitewater,defense,Jake Quast,play-by-play,False,,0.0,not located,
2025-12-20|48|3 Donovan Collins > Transition > Right Wing > No Dribble Jumper > Open > Long/3pt > Make 3 Pts,48,2025-12-20,UW-Whitewater,defense,Joey Berezowitz,play-by-play,False,,0.0,not located,
2025-12-20|48|3 Donovan Collins > Transition > Right Wing > No Dribble Jumper > Open > Long/3pt > Make 3 Pts,48,2025-12-20,UW-Whitewater,defense,Kelton McEwen,play-by-play,False,,0.0,not located,
2025-12-20|48|3 Donovan Collins > Transition > Right Wing > No Dribble Jumper > Open > Long/3pt > Make 3 Pts,48,2025-12-20,UW-Whitewater,defense,Rashad Rogers,play-by-play,False,,0.0,not located,
2025-12-20|48|3 Donovan Collins > Transition > Right Wing > No Dribble Jumper > Open > Long/3pt > Make 3 Pts,48,2025-12-20,UW-Whitewater,defense,Tyshawn Teague-Johnson,play-by-play,False,,0.0,not located,
2025-12-20|49|35 Rashad Rogers > Cut > Basket > Miss 2 Pts,49,2025-12-20,UW-Whitewater,offense,Jake Quast,clips before/after (no clock),False,,0.0,not located,
2025-12-20|49|35 Rashad Rogers > Cut > Basket > Miss 2 Pts,49,2025-12-20,UW-Whitewater,offense,Joey Berezowitz,clips before/after (no clock),False,,0.0,not located,
2025-12-20|49|35 Rashad Rogers > Cut > Basket > Miss 2 Pts,49,2025-12-20,UW-Whitewater,offense,Kelton McEwen,clips before/after (no clock),False,,0.0,not located,
2025-12-20|49|35 Rashad Rogers > Cut > Basket > Miss 2 Pts,49,2025-12-20,UW-Whitewater,offense,Rashad Rogers,clips before/after (no clock),False,,0.0,not located,
2025-12-20|49|35 Rashad Rogers > Cut > Basket > Miss 2 Pts,49,2025-12-20,UW-Whitewater,offense,Tyshawn Teague-Johnson,clips before/after (no clock),False,,0.0,not located,
2025-12-20|49|35 Rashad Rogers > Cut > Basket > Miss 2 Pts,49,2025-12-20,Alma Scots,defense,Donovan Collins,clips before/after (no clock),False,,0.0,not located,
2025-12-20|49|35 Rashad Rogers > Cut > Basket > Miss 2 Pts,49,2025-12-20,Alma Scots,defense,Elijah Sykes,clips before/after (no clock),False,,0.0,not located,
2025-12-20|49|35 Rashad Rogers > Cut > Basket > Miss 2 Pts,49,2025-12-20,Alma Scots,defense,Luciano Guerrazzi,clips before/after (no clock),False,,0.0,not located,
2025-12-20|49|35 Rashad Rogers > Cut > Basket > Miss 2 Pts,49,2025-12-20,Alma Scots,defense,Preston Malpass,clips before/after (no clock),False,,0.0,not located,
2025-12-20|49|35 Rashad Rogers > Cut > Basket > Miss 2 Pts,49,2025-12-20,Alma Scots,defense,Raine Rodich,clips before/after (no clock),False,,0.0,not located,
2025-12-20|50|2 Kelton Mcewen > Off Screen > To Shooter's Left > Straight > No Dribble Jumper > Guarded > Long/3pt > Miss 3 Pts,50,2025-12-20,UW-Whitewater,offense,Jake Quast,play-by-play,False,,0.0,not located,
2025-12-20|50|2 Kelton Mcewen > Off Screen > To Shooter's Left > Straight > No Dribble Jumper > Guarded > Long/3pt > Miss 3 Pts,50,2025-12-20,UW-Whitewater,offense,Joey Berezowitz,play-by-play,False,,0.0,not located,
2025-12-20|50|2 Kelton Mcewen > Off Screen > To Shooter's Left > Straight > No Dribble Jumper > Guarded > Long/3pt > Miss 3 Pts,50,2025-12-20,UW-Whitewater,offense,Kelton McEwen,play-by-play,False,,0.0,not located,
2025-12-20|50|2 Kelton Mcewen > Off Screen > To Shooter's Left > Straight > No Dribble Jumper > Guarded > Long/3pt > Miss 3 Pts,50,2025-12-20,UW-Whitewater,offense,Rashad Rogers,play-by-play,False,,0.0,not located,
2025-12-20|50|2 Kelton Mcewen > Off Screen > To Shooter's Left > Straight > No Dribble Jumper > Guarded > Long/3pt > Miss 3 Pts,50,2025-12-20,UW-Whitewater,offense,Tyshawn Teague-Johnson,play-by-play,False,,0.0,not located,
2025-12-20|50|2 Kelton Mcewen > Off Screen > To Shooter's Left > Straight > No Dribble Jumper > Guarded > Long/3pt > Miss 3 Pts,50,2025-12-20,Alma Scots,defense,Donovan Collins,play-by-play,False,,0.0,not located,
2025-12-20|50|2 Kelton Mcewen > Off Screen > To Shooter's Left > Straight > No Dribble Jumper > Guarded > Long/3pt > Miss 3 Pts,50,2025-12-20,Alma Scots,defense,Elijah Sykes,play-by-play,False,,0.0,not located,
2025-12-20|50|2 Kelton Mcewen > Off Screen > To Shooter's Left > Straight > No Dribble Jumper > Guarded > Long/3pt > Miss 3 Pts,50,2025-12-20,Alma Scots,defense,Luciano Guerrazzi,play-by-play,False,,0.0,not located,
2025-12-20|50|2 Kelton Mcewen > Off Screen > To Shooter's Left > Straight > No Dribble Jumper > Guarded > Long/3pt > Miss 3 Pts,50,2025-12-20,Alma Scots,defense,Preston Malpass,play-by-play,False,,0.0,not located,
2025-12-20|50|2 Kelton Mcewen > Off Screen > To Shooter's Left > Straight > No Dribble Jumper > Guarded > Long/3pt > Miss 3 Pts,50,2025-12-20,Alma Scots,defense,Raine Rodich,play-by-play,False,,0.0,not located,
2025-12-20|51|40 Tyshawn Teague-Johnson > Non Possession > Non Shooting Foul,51,2025-12-20,UW-Whitewater,offense,Jake Quast,play-by-play,False,,0.0,not located,
2025-12-20|51|40 Tyshawn Teague-Johnson > Non Possession > Non Shooting Foul,51,2025-12-20,UW-Whitewater,offense,Joey Berezowitz,play-by-play,False,,0.0,not located,
2025-12-20|51|40 Tyshawn Teague-Johnson > Non Possession > Non Shooting Foul,51,2025-12-20,UW-Whitewater,offense,Kelton McEwen,play-by-play,False,,0.0,not located,
2025-12-20|51|40 Tyshawn Teague-Johnson > Non Possession > Non Shooting Foul,51,2025-12-20,UW-Whitewater,offense,Rashad Rogers,play-by-play,False,,0.0,not located,
2025-12-20|51|40 Tyshawn Teague-Johnson > Non Possession > Non Shooting Foul,51,2025-12-20,UW-Whitewater,offense,Tyshawn Teague-Johnson,play-by-play,False,,0.0,not located,
2025-12-20|51|40 Tyshawn Teague-Johnson > Non Possession > Non Shooting Foul,51,2025-12-20,Alma Scots,defense,Donovan Collins,play-by-play,False,,0.0,not located,
2025-12-20|51|40 Tyshawn Teague-Johnson > Non Possession > Non Shooting Foul,51,2025-12-20,Alma Scots,defense,Elijah Sykes,play-by-play,False,,0.0,not located,
2025-12-20|51|40 Tyshawn Teague-Johnson > Non Possession > Non Shooting Foul,51,2025-12-20,Alma Scots,defense,Luciano Guerrazzi,play-by-play,False,,0.0,not located,
2025-12-20|51|40 Tyshawn Teague-Johnson > Non Possession > Non Shooting Foul,51,2025-12-20,Alma Scots,defense,Preston Malpass,play-by-play,False,,0.0,not located,
2025-12-20|51|40 Tyshawn Teague-Johnson > Non Possession > Non Shooting Foul,51,2025-12-20,Alma Scots,defense,Raine Rodich,play-by-play,False,,0.0,not located,
2025-12-20|52|22 Joey Berezowitz > P&R Ball Handler > High P&R > Dribble Off Pick > Defense Commits > Ball Delivered > 40 Tyshawn Teague-Johnson > Spot-Up > Drives Right > Turnover,52,2025-12-20,UW-Whitewater,offense,Jake Quast,play-by-play,False,,0.0,not located,
2025-12-20|52|22 Joey Berezowitz > P&R Ball Handler > High P&R > Dribble Off Pick > Defense Commits > Ball Delivered > 40 Tyshawn Teague-Johnson > Spot-Up > Drives Right > Turnover,52,2025-12-20,UW-Whitewater,offense,Joey Berezowitz,play-by-play,False,,0.0,not located,
2025-12-20|52|22 Joey Berezowitz > P&R Ball Handler > High P&R > Dribble Off Pick > Defense Commits > Ball Delivered > 40 Tyshawn Teague-Johnson > Spot-Up > Drives Right > Turnover,52,2025-12-20,UW-Whitewater,offense,Kelton McEwen,play-by-play,False,,0.0,not located,
2025-12-20|52|22 Joey Berezowitz > P&R Ball Handler > High P&R > Dribble Off Pick > Defense Commits > Ball Delivered > 40 Tyshawn Teague-Johnson > Spot-Up > Drives Right > Turnover,52,2025-12-20,UW-Whitewater,offense,Rashad Rogers,play-by-play,False,,0.0,not located,
2025-12-20|52|22 Joey Berezowitz > P&R Ball Handler > High P&R > Dribble Off Pick > Defense Commits > Ball Delivered > 40 Tyshawn Teague-Johnson > Spot-Up > Drives Right > Turnover,52,2025-12-20,UW-Whitewater,offense,Tyshawn Teague-Johnson,play-by-play,True,6,34.5,Synergy,0.95
2025-12-20|52|22 Joey Berezowitz > P&R Ball Handler > High P&R > Dribble Off Pick > Defense Commits > Ball Delivered > 40 Tyshawn Teague-Johnson > Spot-Up > Drives Right > Turnover,52,2025-12-20,Alma Scots,defense,Donovan Collins,play-by-play,False,,0.0,not located,
2025-12-20|52|22 Joey Berezowitz > P&R Ball Handler > High P&R > Dribble Off Pick > Defense Commits > Ball Delivered > 40 Tyshawn Teague-Johnson > Spot-Up > Drives Right > Turnover,52,2025-12-20,Alma Scots,defense,Elijah Sykes,play-by-play,False,,0.0,not located,
2025-12-20|52|22 Joey Berezowitz > P&R Ball Handler > High P&R > Dribble Off Pick > Defense Commits > Ball Delivered > 40 Tyshawn Teague-Johnson > Spot-Up > Drives Right > Turnover,52,2025-12-20,Alma Scots,defense,Luciano Guerrazzi,play-by-play,False,,0.0,not located,
2025-12-20|52|22 Joey Berezowitz > P&R Ball Handler > High P&R > Dribble Off Pick > Defense Commits > Ball Delivered > 40 Tyshawn Teague-Johnson > Spot-Up > Drives Right > Turnover,52,2025-12-20,Alma Scots,defense,Preston Malpass,play-by-play,False,,0.0,not located,
2025-12-20|52|22 Joey Berezowitz > P&R Ball Handler > High P&R > Dribble Off Pick > Defense Commits > Ball Delivered > 40 Tyshawn Teague-Johnson > Spot-Up > Drives Right > Turnover,52,2025-12-20,Alma Scots,defense,Raine Rodich,play-by-play,False,,0.0,not located,
2025-12-20|53|1 Elijah Sykes > Spot-Up > No Dribble Jumper > Guarded > Long/3pt > Miss 3 Pts,53,2025-12-20,Alma Scots,offense,Donovan Collins,play-by-play,False,,0.0,not located,
2025-12-20|53|1 Elijah Sykes > Spot-Up > No Dribble Jumper > Guarded > Long/3pt > Miss 3 Pts,53,2025-12-20,Alma Scots,offense,Elijah Sykes,play-by-play,False,,0.0,not located,
2025-12-20|53|1 Elijah Sykes > Spot-Up > No Dribble Jumper > Guarded > Long/3pt > Miss 3 Pts,53,2025-12-20,Alma Scots,offense,Luciano Guerrazzi,play-by-play,False,,0.0,not located,
2025-12-20|53|1 Elijah Sykes > Spot-Up > No Dribble Jumper > Guarded > Long/3pt > Miss 3 Pts,53,2025-12-20,Alma Scots,offense,Preston Malpass,play-by-play,False,,0.0,not located,
2025-12-20|53|1 Elijah Sykes > Spot-Up > No Dribble Jumper > Guarded > Long/3pt > Miss 3 Pts,53,2025-12-20,Alma Scots,offense,Raine Rodich,play-by-play,False,,0.0,not located,
2025-12-20|53|1 Elijah Sykes > Spot-Up > No Dribble Jumper > Guarded > Long/3pt > Miss 3 Pts,53,2025-12-20,UW-Whitewater,defense,Isaac Verges,play-by-play,False,,0.0,not located,
2025-12-20|53|1 Elijah Sykes > Spot-Up > No Dribble Jumper > Guarded > Long/3pt > Miss 3 Pts,53,2025-12-20,UW-Whitewater,defense,Jake Quast,play-by-play,False,,0.0,not located,
2025-12-20|53|1 Elijah Sykes > Spot-Up > No Dribble Jumper > Guarded > Long/3pt > Miss 3 Pts,53,2025-12-20,UW-Whitewater,defense,Joey Berezowitz,play-by-play,False,,0.0,not located,
2025-12-20|53|1 Elijah Sykes > Spot-Up > No Dribble Jumper > Guarded > Long/3pt > Miss 3 Pts,53,2025-12-20,UW-Whitewater,defense,Rashad Rogers,play-by-play,False,,0.0,not located,
2025-12-20|53|1 Elijah Sykes > Spot-Up > No Dribble Jumper > Guarded > Long/3pt > Miss 3 Pts,53,2025-12-20,UW-Whitewater,defense,Tyshawn Teague-Johnson,play-by-play,False,,0.0,not located,
2025-12-20|54|35 Rashad Rogers > Transition > Trailer > Turnover,54,2025-12-20,UW-Whitewater,offense,Isaac Verges,play-by-play,False,,0.0,not located,
2025-12-20|54|35 Rashad Rogers > Transition > Trailer > Turnover,54,2025-12-20,UW-Whitewater,offense,Jake Quast,play-by-play,False,,0.0,not located,
2025-12-20|54|35 Rashad Rogers > Transition > Trailer > Turnover,54,2025-12-20,UW-Whitewater,offense,Joey Berezowitz,play-by-play,False,,0.0,not located,
2025-12-20|54|35 Rashad Rogers > Transition > Trailer > Turnover,54,2025-12-20,UW-Whitewater,offense,Rashad Rogers,play-by-play,False,,0.0,not located,
2025-12-20|54|35 Rashad Rogers > Transition > Trailer > Turnover,54,2025-12-20,UW-Whitewater,offense,Tyshawn Teague-Johnson,play-by-play,False,,0.0,not located,
2025-12-20|54|35 Rashad Rogers > Transition > Trailer > Turnover,54,2025-12-20,Alma Scots,defense,Donovan Collins,play-by-play,False,,0.0,not located,
2025-12-20|54|35 Rashad Rogers > Transition > Trailer > Turnover,54,2025-12-20,Alma Scots,defense,Elijah Sykes,play-by-play,False,,0.0,not located,
2025-12-20|54|35 Rashad Rogers > Transition > Trailer > Turnover,54,2025-12-20,Alma Scots,defense,Luciano Guerrazzi,play-by-play,False,,0.0,not located,
2025-12-20|54|35 Rashad Rogers > Transition > Trailer > Turnover,54,2025-12-20,Alma Scots,defense,Preston Malpass,play-by-play,False,,0.0,not located,
2025-12-20|54|35 Rashad Rogers > Transition > Trailer > Turnover,54,2025-12-20,Alma Scots,defense,Raine Rodich,play-by-play,False,,0.0,not located,
2025-12-20|55|1 Elijah Sykes > Transition > Ballhandler > To Basket > Miss 2 Pts,55,2025-12-20,Alma Scots,offense,Donovan Collins,play-by-play,False,,0.0,not located,
2025-12-20|55|1 Elijah Sykes > Transition > Ballhandler > To Basket > Miss 2 Pts,55,2025-12-20,Alma Scots,offense,Elijah Sykes,play-by-play,False,,0.0,not located,
2025-12-20|55|1 Elijah Sykes > Transition > Ballhandler > To Basket > Miss 2 Pts,55,2025-12-20,Alma Scots,offense,Luciano Guerrazzi,play-by-play,False,,0.0,not located,
2025-12-20|55|1 Elijah Sykes > Transition > Ballhandler > To Basket > Miss 2 Pts,55,2025-12-20,Alma Scots,offense,Preston Malpass,play-by-play,False,,0.0,not located,
2025-12-20|55|1 Elijah Sykes > Transition > Ballhandler > To Basket > Miss 2 Pts,55,2025-12-20,Alma Scots,offense,Raine Rodich,play-by-play,False,,0.0,not located,
2025-12-20|55|1 Elijah Sykes > Transition > Ballhandler > To Basket > Miss 2 Pts,55,2025-12-20,UW-Whitewater,defense,Isaac Verges,play-by-play,False,,0.0,not located,
2025-12-20|55|1 Elijah Sykes > Transition > Ballhandler > To Basket > Miss 2 Pts,55,2025-12-20,UW-Whitewater,defense,Jake Quast,play-by-play,False,,0.0,not located,
2025-12-20|55|1 Elijah Sykes > Transition > Ballhandler > To Basket > Miss 2 Pts,55,2025-12-20,UW-Whitewater,defense,Joey Berezowitz,play-by-play,False,,0.0,not located,
2025-12-20|55|1 Elijah Sykes > Transition > Ballhandler > To Basket > Miss 2 Pts,55,2025-12-20,UW-Whitewater,defense,Rashad Rogers,play-by-play,False,,0.0,not located,
2025-12-20|55|1 Elijah Sykes > Transition > Ballhandler > To Basket > Miss 2 Pts,55,2025-12-20,UW-Whitewater,defense,Tyshawn Teague-Johnson,play-by-play,False,,0.0,not located,
2025-12-20|56|14 Raine Rodich > No Play Type > Turnover,56,2025-12-20,Alma Scots,offense,Donovan Collins,play-by-play,False,,0.0,not located,
2025-12-20|56|14 Raine Rodich > No Play Type > Turnover,56,2025-12-20,Alma Scots,offense,Elijah Sykes,play-by-play,False,,0.0,not located,
2025-12-20|56|14 Raine Rodich > No Play Type > Turnover,56,2025-12-20,Alma Scots,offense,Luciano Guerrazzi,play-by-play,False,,0.0,not located,
2025-12-20|56|14 Raine Rodich > No Play Type > Turnover,56,2025-12-20,Alma Scots,offense,Preston Malpass,play-by-play,False,,0.0,not located,
2025-12-20|56|14 Raine Rodich > No Play Type > Turnover,56,2025-12-20,Alma Scots,offense,Raine Rodich,play-by-play,False,,0.0,not located,
2025-12-20|56|14 Raine Rodich > No Play Type > Turnover,56,2025-12-20,UW-Whitewater,defense,Isaac Verges,play-by-play,False,,0.0,not located,
2025-12-20|56|14 Raine Rodich > No Play Type > Turnover,56,2025-12-20,UW-Whitewater,defense,Jake Quast,play-by-play,False,,0.0,not located,
2025-12-20|56|14 Raine Rodich > No Play Type > Turnover,56,2025-12-20,UW-Whitewater,defense,Joey Berezowitz,play-by-play,False,,0.0,not located,
2025-12-20|56|14 Raine Rodich > No Play Type > Turnover,56,2025-12-20,UW-Whitewater,defense,Rashad Rogers,play-by-play,False,,0.0,not located,
2025-12-20|56|14 Raine Rodich > No Play Type > Turnover,56,2025-12-20,UW-Whitewater,defense,Tyshawn Teague-Johnson,play-by-play,False,,0.0,not located,
2025-12-20|57|0 Isaac Verges > Spot-Up > Drives Right > To Basket > Turnover,57,2025-12-20,UW-Whitewater,offense,Isaac Verges,play-by-play,True,11,13.8,Synergy,0.95
2025-12-20|57|0 Isaac Verges > Spot-Up > Drives Right > To Basket > Turnover,57,2025-12-20,UW-Whitewater,offense,Jake Quast,play-by-play,False,,0.0,not located,
2025-12-20|57|0 Isaac Verges > Spot-Up > Drives Right > To Basket > Turnover,57,2025-12-20,UW-Whitewater,offense,Joey Berezowitz,play-by-play,False,,0.0,not located,
2025-12-20|57|0 Isaac Verges > Spot-Up > Drives Right > To Basket > Turnover,57,2025-12-20,UW-Whitewater,offense,Rashad Rogers,play-by-play,False,,0.0,not located,
2025-12-20|57|0 Isaac Verges > Spot-Up > Drives Right > To Basket > Turnover,57,2025-12-20,UW-Whitewater,offense,Tyshawn Teague-Johnson,play-by-play,False,,0.0,not located,
2025-12-20|57|0 Isaac Verges > Spot-Up > Drives Right > To Basket > Turnover,57,2025-12-20,Alma Scots,defense,Donovan Collins,play-by-play,False,,0.0,not located,
2025-12-20|57|0 Isaac Verges > Spot-Up > Drives Right > To Basket > Turnover,57,2025-12-20,Alma Scots,defense,Elijah Sykes,play-by-play,False,,0.0,not located,
2025-12-20|57|0 Isaac Verges > Spot-Up > Drives Right > To Basket > Turnover,57,2025-12-20,Alma Scots,defense,Luciano Guerrazzi,play-by-play,False,,0.0,not located,
2025-12-20|57|0 Isaac Verges > Spot-Up > Drives Right > To Basket > Turnover,57,2025-12-20,Alma Scots,defense,Preston Malpass,play-by-play,False,,0.0,not located,
2025-12-20|57|0 Isaac Verges > Spot-Up > Drives Right > To Basket > Turnover,57,2025-12-20,Alma Scots,defense,Raine Rodich,play-by-play,False,,0.0,not located,
2025-12-20|58|1 Elijah Sykes > Off Screen > To Shooter's Left > Straight > No Dribble Jumper > Open > Long/3pt > Make 3 Pts,58,2025-12-20,Alma Scots,offense,Donovan Collins,play-by-play,False,,0.0,not located,
2025-12-20|58|1 Elijah Sykes > Off Screen > To Shooter's Left > Straight > No Dribble Jumper > Open > Long/3pt > Make 3 Pts,58,2025-12-20,Alma Scots,offense,Elijah Sykes,play-by-play,False,,0.0,not located,
2025-12-20|58|1 Elijah Sykes > Off Screen > To Shooter's Left > Straight > No Dribble Jumper > Open > Long/3pt > Make 3 Pts,58,2025-12-20,Alma Scots,offense,Luciano Guerrazzi,play-by-play,False,,0.0,not located,
2025-12-20|58|1 Elijah Sykes > Off Screen > To Shooter's Left > Straight > No Dribble Jumper > Open > Long/3pt > Make 3 Pts,58,2025-12-20,Alma Scots,offense,Preston Malpass,play-by-play,False,,0.0,not located,
2025-12-20|58|1 Elijah Sykes > Off Screen > To Shooter's Left > Straight > No Dribble Jumper > Open > Long/3pt > Make 3 Pts,58,2025-12-20,Alma Scots,offense,Raine Rodich,play-by-play,False,,0.0,not located,
2025-12-20|58|1 Elijah Sykes > Off Screen > To Shooter's Left > Straight > No Dribble Jumper > Open > Long/3pt > Make 3 Pts,58,2025-12-20,UW-Whitewater,defense,Collin Madson,play-by-play,False,,0.0,not located,
2025-12-20|58|1 Elijah Sykes > Off Screen > To Shooter's Left > Straight > No Dribble Jumper > Open > Long/3pt > Make 3 Pts,58,2025-12-20,UW-Whitewater,defense,Joey Berezowitz,play-by-play,False,,0.0,not located,
2025-12-20|58|1 Elijah Sykes > Off Screen > To Shooter's Left > Straight > No Dribble Jumper > Open > Long/3pt > Make 3 Pts,58,2025-12-20,UW-Whitewater,defense,Luke Bara,play-by-play,False,,0.0,not located,
2025-12-20|58|1 Elijah Sykes > Off Screen > To Shooter's Left > Straight > No Dribble Jumper > Open > Long/3pt > Make 3 Pts,58,2025-12-20,UW-Whitewater,defense,Richie Warren,play-by-play,False,,0.0,not located,
2025-12-20|58|1 Elijah Sykes > Off Screen > To Shooter's Left > Straight > No Dribble Jumper > Open > Long/3pt > Make 3 Pts,58,2025-12-20,UW-Whitewater,defense,Tyshawn Teague-Johnson,play-by-play,False,,0.0,not located,
2025-12-20|59|24 Richie Warren > Spot-Up > Drives Right > To Basket > Miss 2 Pts,59,2025-12-20,UW-Whitewater,offense,Collin Madson,play-by-play,False,,0.0,not located,
2025-12-20|59|24 Richie Warren > Spot-Up > Drives Right > To Basket > Miss 2 Pts,59,2025-12-20,UW-Whitewater,offense,Joey Berezowitz,play-by-play,False,,0.0,not located,
2025-12-20|59|24 Richie Warren > Spot-Up > Drives Right > To Basket > Miss 2 Pts,59,2025-12-20,UW-Whitewater,offense,Luke Bara,play-by-play,False,,0.0,not located,
2025-12-20|59|24 Richie Warren > Spot-Up > Drives Right > To Basket > Miss 2 Pts,59,2025-12-20,UW-Whitewater,offense,Richie Warren,play-by-play,False,,0.0,not located,
2025-12-20|59|24 Richie Warren > Spot-Up > Drives Right > To Basket > Miss 2 Pts,59,2025-12-20,UW-Whitewater,offense,Tyshawn Teague-Johnson,play-by-play,False,,0.0,not located,
2025-12-20|59|24 Richie Warren > Spot-Up > Drives Right > To Basket > Miss 2 Pts,59,2025-12-20,Alma Scots,defense,Donovan Collins,play-by-play,False,,0.0,not located,
2025-12-20|59|24 Richie Warren > Spot-Up > Drives Right > To Basket > Miss 2 Pts,59,2025-12-20,Alma Scots,defense,Elijah Sykes,play-by-play,False,,0.0,not located,
2025-12-20|59|24 Richie Warren > Spot-Up > Drives Right > To Basket > Miss 2 Pts,59,2025-12-20,Alma Scots,defense,Luciano Guerrazzi,play-by-play,False,,0.0,not located,
2025-12-20|59|24 Richie Warren > Spot-Up > Drives Right > To Basket > Miss 2 Pts,59,2025-12-20,Alma Scots,defense,Preston Malpass,play-by-play,False,,0.0,not located,
2025-12-20|59|24 Richie Warren > Spot-Up > Drives Right > To Basket > Miss 2 Pts,59,2025-12-20,Alma Scots,defense,Raine Rodich,play-by-play,False,,0.0,not located,
2025-12-20|60|21 Luciano Guerrazzi > Transition > First Middle > To Basket > Make 2 Pts,60,2025-12-20,Alma Scots,offense,Donovan Collins,play-by-play,False,,0.0,not located,
2025-12-20|60|21 Luciano Guerrazzi > Transition > First Middle > To Basket > Make 2 Pts,60,2025-12-20,Alma Scots,offense,Elijah Sykes,play-by-play,False,,0.0,not located,
2025-12-20|60|21 Luciano Guerrazzi > Transition > First Middle > To Basket > Make 2 Pts,60,2025-12-20,Alma Scots,offense,Luciano Guerrazzi,play-by-play,False,,0.0,not located,
2025-12-20|60|21 Luciano Guerrazzi > Transition > First Middle > To Basket > Make 2 Pts,60,2025-12-20,Alma Scots,offense,Preston Malpass,play-by-play,False,,0.0,not located,
2025-12-20|60|21 Luciano Guerrazzi > Transition > First Middle > To Basket > Make 2 Pts,60,2025-12-20,Alma Scots,offense,Raine Rodich,play-by-play,False,,0.0,not located,
2025-12-20|60|21 Luciano Guerrazzi > Transition > First Middle > To Basket > Make 2 Pts,60,2025-12-20,UW-Whitewater,defense,Collin Madson,play-by-play,False,,0.0,not located,
2025-12-20|60|21 Luciano Guerrazzi > Transition > First Middle > To Basket > Make 2 Pts,60,2025-12-20,UW-Whitewater,defense,Joey Berezowitz,play-by-play,False,,0.0,not located,
2025-12-20|60|21 Luciano Guerrazzi > Transition > First Middle > To Basket > Make 2 Pts,60,2025-12-20,UW-Whitewater,defense,Luke Bara,play-by-play,False,,0.0,not located,
2025-12-20|60|21 Luciano Guerrazzi > Transition > First Middle > To Basket > Make 2 Pts,60,2025-12-20,UW-Whitewater,defense,Richie Warren,play-by-play,False,,0.0,not located,
2025-12-20|60|21 Luciano Guerrazzi > Transition > First Middle > To Basket > Make 2 Pts,60,2025-12-20,UW-Whitewater,defense,Tyshawn Teague-Johnson,play-by-play,False,,0.0,not located,
2025-12-20|61|22 Joey Berezowitz > Transition > Trailer > No Dribble Jumper > Open > Long/3pt > Make 3 Pts,61,2025-12-20,UW-Whitewater,offense,Collin Madson,play-by-play,False,,0.0,not located,
2025-12-20|61|22 Joey Berezowitz > Transition > Trailer > No Dribble Jumper > Open > Long/3pt > Make 3 Pts,61,2025-12-20,UW-Whitewater,offense,Joey Berezowitz,play-by-play,False,,0.0,not located,
2025-12-20|61|22 Joey Berezowitz > Transition > Trailer > No Dribble Jumper > Open > Long/3pt > Make 3 Pts,61,2025-12-20,UW-Whitewater,offense,Luke Bara,play-by-play,False,,0.0,not located,
2025-12-20|61|22 Joey Berezowitz > Transition > Trailer > No Dribble Jumper > Open > Long/3pt > Make 3 Pts,61,2025-12-20,UW-Whitewater,offense,Richie Warren,play-by-play,False,,0.0,not located,
2025-12-20|61|22 Joey Berezowitz > Transition > Trailer > No Dribble Jumper > Open > Long/3pt > Make 3 Pts,61,2025-12-20,UW-Whitewater,offense,Tyshawn Teague-Johnson,play-by-play,False,,0.0,not located,
2025-12-20|61|22 Joey Berezowitz > Transition > Trailer > No Dribble Jumper > Open > Long/3pt > Make 3 Pts,61,2025-12-20,Alma Scots,defense,Donovan Collins,play-by-play,False,,0.0,not located,
2025-12-20|61|22 Joey Berezowitz > Transition > Trailer > No Dribble Jumper > Open > Long/3pt > Make 3 Pts,61,2025-12-20,Alma Scots,defense,Elijah Sykes,play-by-play,False,,0.0,not located,
2025-12-20|61|22 Joey Berezowitz > Transition > Trailer > No Dribble Jumper > Open > Long/3pt > Make 3 Pts,61,2025-12-20,Alma Scots,defense,Luciano Guerrazzi,play-by-play,False,,0.0,not located,
2025-12-20|61|22 Joey Berezowitz > Transition > Trailer > No Dribble Jumper > Open > Long/3pt > Make 3 Pts,61,2025-12-20,Alma Scots,defense,Preston Malpass,play-by-play,False,,0.0,not located,
2025-12-20|61|22 Joey Berezowitz > Transition > Trailer > No Dribble Jumper > Open > Long/3pt > Make 3 Pts,61,2025-12-20,Alma Scots,defense,Raine Rodich,play-by-play,False,,0.0,not located,
2025-12-20|62|1 Elijah Sykes > Spot-Up > No Dribble Jumper > Open > Long/3pt > Miss 3 Pts,62,2025-12-20,Alma Scots,offense,Donovan Collins,play-by-play,False,,0.0,not located,
2025-12-20|62|1 Elijah Sykes > Spot-Up > No Dribble Jumper > Open > Long/3pt > Miss 3 Pts,62,2025-12-20,Alma Scots,offense,Elijah Sykes,play-by-play,False,,0.0,not located,
2025-12-20|62|1 Elijah Sykes > Spot-Up > No Dribble Jumper > Open > Long/3pt > Miss 3 Pts,62,2025-12-20,Alma Scots,offense,Luciano Guerrazzi,play-by-play,False,,0.0,not located,
2025-12-20|62|1 Elijah Sykes > Spot-Up > No Dribble Jumper > Open > Long/3pt > Miss 3 Pts,62,2025-12-20,Alma Scots,offense,Preston Malpass,play-by-play,False,,0.0,not located,
2025-12-20|62|1 Elijah Sykes > Spot-Up > No Dribble Jumper > Open > Long/3pt > Miss 3 Pts,62,2025-12-20,Alma Scots,offense,Raine Rodich,play-by-play,False,,0.0,not located,
2025-12-20|62|1 Elijah Sykes > Spot-Up > No Dribble Jumper > Open > Long/3pt > Miss 3 Pts,62,2025-12-20,UW-Whitewater,defense,Collin Madson,play-by-play,False,,0.0,not located,
2025-12-20|62|1 Elijah Sykes > Spot-Up > No Dribble Jumper > Open > Long/3pt > Miss 3 Pts,62,2025-12-20,UW-Whitewater,defense,Joey Berezowitz,play-by-play,False,,0.0,not located,
2025-12-20|62|1 Elijah Sykes > Spot-Up > No Dribble Jumper > Open > Long/3pt > Miss 3 Pts,62,2025-12-20,UW-Whitewater,defense,Luke Bara,play-by-play,False,,0.0,not located,
2025-12-20|62|1 Elijah Sykes > Spot-Up > No Dribble Jumper > Open > Long/3pt > Miss 3 Pts,62,2025-12-20,UW-Whitewater,defense,Richie Warren,play-by-play,False,,0.0,not located,
2025-12-20|62|1 Elijah Sykes > Spot-Up > No Dribble Jumper > Open > Long/3pt > Miss 3 Pts,62,2025-12-20,UW-Whitewater,defense,Tyshawn Teague-Johnson,play-by-play,False,,0.0,not located,
2025-12-20|63|22 Joey Berezowitz > P&R Ball Handler > High P&R > Dribble Off Pick > Dribble Jumper > Long/3pt > Make 3 Pts,63,2025-12-20,UW-Whitewater,offense,Collin Madson,play-by-play,False,,0.0,not located,
2025-12-20|63|22 Joey Berezowitz > P&R Ball Handler > High P&R > Dribble Off Pick > Dribble Jumper > Long/3pt > Make 3 Pts,63,2025-12-20,UW-Whitewater,offense,Joey Berezowitz,play-by-play,False,,0.0,not located,
2025-12-20|63|22 Joey Berezowitz > P&R Ball Handler > High P&R > Dribble Off Pick > Dribble Jumper > Long/3pt > Make 3 Pts,63,2025-12-20,UW-Whitewater,offense,Luke Bara,play-by-play,False,,0.0,not located,
2025-12-20|63|22 Joey Berezowitz > P&R Ball Handler > High P&R > Dribble Off Pick > Dribble Jumper > Long/3pt > Make 3 Pts,63,2025-12-20,UW-Whitewater,offense,Richie Warren,play-by-play,False,,0.0,not located,
2025-12-20|63|22 Joey Berezowitz > P&R Ball Handler > High P&R > Dribble Off Pick > Dribble Jumper > Long/3pt > Make 3 Pts,63,2025-12-20,UW-Whitewater,offense,Tyshawn Teague-Johnson,play-by-play,False,,0.0,not located,
2025-12-20|63|22 Joey Berezowitz > P&R Ball Handler > High P&R > Dribble Off Pick > Dribble Jumper > Long/3pt > Make 3 Pts,63,2025-12-20,Alma Scots,defense,Donovan Collins,play-by-play,False,,0.0,not located,
2025-12-20|63|22 Joey Berezowitz > P&R Ball Handler > High P&R > Dribble Off Pick > Dribble Jumper > Long/3pt > Make 3 Pts,63,2025-12-20,Alma Scots,defense,Elijah Sykes,play-by-play,False,,0.0,not located,
2025-12-20|63|22 Joey Berezowitz > P&R Ball Handler > High P&R > Dribble Off Pick > Dribble Jumper > Long/3pt > Make 3 Pts,63,2025-12-20,Alma Scots,defense,Luciano Guerrazzi,play-by-play,False,,0.0,not located,
2025-12-20|63|22 Joey Berezowitz > P&R Ball Handler > High P&R > Dribble Off Pick > Dribble Jumper > Long/3pt > Make 3 Pts,63,2025-12-20,Alma Scots,defense,Preston Malpass,play-by-play,False,,0.0,not located,
2025-12-20|63|22 Joey Berezowitz > P&R Ball Handler > High P&R > Dribble Off Pick > Dribble Jumper > Long/3pt > Make 3 Pts,63,2025-12-20,Alma Scots,defense,Raine Rodich,play-by-play,False,,0.0,not located,
2025-12-20|64|14 Raine Rodich > Spot-Up > Drives Right > Turnover,64,2025-12-20,Alma Scots,offense,Donovan Collins,play-by-play,False,,0.0,not located,
2025-12-20|64|14 Raine Rodich > Spot-Up > Drives Right > Turnover,64,2025-12-20,Alma Scots,offense,Elijah Sykes,play-by-play,False,,0.0,not located,
2025-12-20|64|14 Raine Rodich > Spot-Up > Drives Right > Turnover,64,2025-12-20,Alma Scots,offense,Luciano Guerrazzi,play-by-play,False,,0.0,not located,
2025-12-20|64|14 Raine Rodich > Spot-Up > Drives Right > Turnover,64,2025-12-20,Alma Scots,offense,Preston Malpass,play-by-play,False,,0.0,not located,
2025-12-20|64|14 Raine Rodich > Spot-Up > Drives Right > Turnover,64,2025-12-20,Alma Scots,offense,Raine Rodich,play-by-play,False,,0.0,not located,
2025-12-20|64|14 Raine Rodich > Spot-Up > Drives Right > Turnover,64,2025-12-20,UW-Whitewater,defense,Collin Madson,play-by-play,False,,0.0,not located,
2025-12-20|64|14 Raine Rodich > Spot-Up > Drives Right > Turnover,64,2025-12-20,UW-Whitewater,defense,Joey Berezowitz,play-by-play,False,,0.0,not located,
2025-12-20|64|14 Raine Rodich > Spot-Up > Drives Right > Turnover,64,2025-12-20,UW-Whitewater,defense,Luke Bara,play-by-play,False,,0.0,not located,
2025-12-20|64|14 Raine Rodich > Spot-Up > Drives Right > Turnover,64,2025-12-20,UW-Whitewater,defense,Richie Warren,play-by-play,False,,0.0,not located,
2025-12-20|64|14 Raine Rodich > Spot-Up > Drives Right > Turnover,64,2025-12-20,UW-Whitewater,defense,Tyshawn Teague-Johnson,play-by-play,False,,0.0,not located,
2025-12-20|65|22 Joey Berezowitz > Transition > Ballhandler > To Basket > Make 2 Pts,65,2025-12-20,UW-Whitewater,offense,Collin Madson,play-by-play,False,,0.0,not located,
2025-12-20|65|22 Joey Berezowitz > Transition > Ballhandler > To Basket > Make 2 Pts,65,2025-12-20,UW-Whitewater,offense,Joey Berezowitz,play-by-play,False,,0.0,not located,
2025-12-20|65|22 Joey Berezowitz > Transition > Ballhandler > To Basket > Make 2 Pts,65,2025-12-20,UW-Whitewater,offense,Luke Bara,play-by-play,False,,0.0,not located,
2025-12-20|65|22 Joey Berezowitz > Transition > Ballhandler > To Basket > Make 2 Pts,65,2025-12-20,UW-Whitewater,offense,Richie Warren,play-by-play,False,,0.0,not located,
2025-12-20|65|22 Joey Berezowitz > Transition > Ballhandler > To Basket > Make 2 Pts,65,2025-12-20,UW-Whitewater,offense,Tyshawn Teague-Johnson,play-by-play,False,,0.0,not located,
2025-12-20|65|22 Joey Berezowitz > Transition > Ballhandler > To Basket > Make 2 Pts,65,2025-12-20,Alma Scots,defense,Donovan Collins,play-by-play,False,,0.0,not located,
2025-12-20|65|22 Joey Berezowitz > Transition > Ballhandler > To Basket > Make 2 Pts,65,2025-12-20,Alma Scots,defense,Elijah Sykes,play-by-play,False,,0.0,not located,
2025-12-20|65|22 Joey Berezowitz > Transition > Ballhandler > To Basket > Make 2 Pts,65,2025-12-20,Alma Scots,defense,Luciano Guerrazzi,play-by-play,False,,0.0,not located,
2025-12-20|65|22 Joey Berezowitz > Transition > Ballhandler > To Basket > Make 2 Pts,65,2025-12-20,Alma Scots,defense,Preston Malpass,play-by-play,False,,0.0,not located,
2025-12-20|65|22 Joey Berezowitz > Transition > Ballhandler > To Basket > Make 2 Pts,65,2025-12-20,Alma Scots,defense,Raine Rodich,play-by-play,False,,0.0,not located,
2025-12-20|66|11 Korbin Heitzman > P&R Ball Handler > High P&R > Split > To Basket > Miss 2 Pts,66,2025-12-20,Alma Scots,offense,Donovan Collins,play-by-play,False,,0.0,not located,
2025-12-20|66|11 Korbin Heitzman > P&R Ball Handler > High P&R > Split > To Basket > Miss 2 Pts,66,2025-12-20,Alma Scots,offense,Josh Elliott,play-by-play,False,,0.0,not located,
2025-12-20|66|11 Korbin Heitzman > P&R Ball Handler > High P&R > Split > To Basket > Miss 2 Pts,66,2025-12-20,Alma Scots,offense,Korbin Heitzman,play-by-play,False,,0.0,not located,
2025-12-20|66|11 Korbin Heitzman > P&R Ball Handler > High P&R > Split > To Basket > Miss 2 Pts,66,2025-12-20,Alma Scots,offense,Preston Malpass,play-by-play,False,,0.0,not located,
2025-12-20|66|11 Korbin Heitzman > P&R Ball Handler > High P&R > Split > To Basket > Miss 2 Pts,66,2025-12-20,Alma Scots,offense,Raine Rodich,play-by-play,False,,0.0,not located,
2025-12-20|66|11 Korbin Heitzman > P&R Ball Handler > High P&R > Split > To Basket > Miss 2 Pts,66,2025-12-20,UW-Whitewater,defense,Collin Madson,play-by-play,False,,0.0,not located,
2025-12-20|66|11 Korbin Heitzman > P&R Ball Handler > High P&R > Split > To Basket > Miss 2 Pts,66,2025-12-20,UW-Whitewater,defense,Darius Chestnut,play-by-play,False,,0.0,not located,
2025-12-20|66|11 Korbin Heitzman > P&R Ball Handler > High P&R > Split > To Basket > Miss 2 Pts,66,2025-12-20,UW-Whitewater,defense,Joey Berezowitz,play-by-play,False,,0.0,not located,
2025-12-20|66|11 Korbin Heitzman > P&R Ball Handler > High P&R > Split > To Basket > Miss 2 Pts,66,2025-12-20,UW-Whitewater,defense,Luke Bara,play-by-play,False,,0.0,not located,
2025-12-20|66|11 Korbin Heitzman > P&R Ball Handler > High P&R > Split > To Basket > Miss 2 Pts,66,2025-12-20,UW-Whitewater,defense,Richie Warren,play-by-play,False,,0.0,not located,
2025-12-20|67|15 Preston Malpass > Offensive Rebound > Short > Scoring Attempt > At Basket > Make 2 Pts,67,2025-12-20,Alma Scots,offense,Donovan Collins,play-by-play,False,,0.0,not located,
2025-12-20|67|15 Preston Malpass > Offensive Rebound > Short > Scoring Attempt > At Basket > Make 2 Pts,67,2025-12-20,Alma Scots,offense,Josh Elliott,play-by-play,False,,0.0,not located,
2025-12-20|67|15 Preston Malpass > Offensive Rebound > Short > Scoring Attempt > At Basket > Make 2 Pts,67,2025-12-20,Alma Scots,offense,Korbin Heitzman,play-by-play,False,,0.0,not located,
2025-12-20|67|15 Preston Malpass > Offensive Rebound > Short > Scoring Attempt > At Basket > Make 2 Pts,67,2025-12-20,Alma Scots,offense,Preston Malpass,play-by-play,False,,0.0,not located,
2025-12-20|67|15 Preston Malpass > Offensive Rebound > Short > Scoring Attempt > At Basket > Make 2 Pts,67,2025-12-20,Alma Scots,offense,Raine Rodich,play-by-play,False,,0.0,not located,
2025-12-20|67|15 Preston Malpass > Offensive Rebound > Short > Scoring Attempt > At Basket > Make 2 Pts,67,2025-12-20,UW-Whitewater,defense,Collin Madson,play-by-play,False,,0.0,not located,
2025-12-20|67|15 Preston Malpass > Offensive Rebound > Short > Scoring Attempt > At Basket > Make 2 Pts,67,2025-12-20,UW-Whitewater,defense,Darius Chestnut,play-by-play,False,,0.0,not located,
2025-12-20|67|15 Preston Malpass > Offensive Rebound > Short > Scoring Attempt > At Basket > Make 2 Pts,67,2025-12-20,UW-Whitewater,defense,Joey Berezowitz,play-by-play,False,,0.0,not located,
2025-12-20|67|15 Preston Malpass > Offensive Rebound > Short > Scoring Attempt > At Basket > Make 2 Pts,67,2025-12-20,UW-Whitewater,defense,Luke Bara,play-by-play,False,,0.0,not located,
2025-12-20|67|15 Preston Malpass > Offensive Rebound > Short > Scoring Attempt > At Basket > Make 2 Pts,67,2025-12-20,UW-Whitewater,defense,Richie Warren,play-by-play,False,,0.0,not located,
2025-12-20|68|15 Collin Madson > P&R Ball Handler > Left P&R > Side > Go Away from Pick > Defense Commits > Ball Delivered > 24 Richie Warren > P&R Roll Man > Rolls to Basket > Miss 2 Pts,68,2025-12-20,UW-Whitewater,offense,Collin Madson,play-by-play,False,,0.0,not located,
2025-12-20|68|15 Collin Madson > P&R Ball Handler > Left P&R > Side > Go Away from Pick > Defense Commits > Ball Delivered > 24 Richie Warren > P&R Roll Man > Rolls to Basket > Miss 2 Pts,68,2025-12-20,UW-Whitewater,offense,Darius Chestnut,play-by-play,False,,0.0,not located,
2025-12-20|68|15 Collin Madson > P&R Ball Handler > Left P&R > Side > Go Away from Pick > Defense Commits > Ball Delivered > 24 Richie Warren > P&R Roll Man > Rolls to Basket > Miss 2 Pts,68,2025-12-20,UW-Whitewater,offense,Joey Berezowitz,play-by-play,False,,0.0,not located,
2025-12-20|68|15 Collin Madson > P&R Ball Handler > Left P&R > Side > Go Away from Pick > Defense Commits > Ball Delivered > 24 Richie Warren > P&R Roll Man > Rolls to Basket > Miss 2 Pts,68,2025-12-20,UW-Whitewater,offense,Luke Bara,play-by-play,False,,0.0,not located,
2025-12-20|68|15 Collin Madson > P&R Ball Handler > Left P&R > Side > Go Away from Pick > Defense Commits > Ball Delivered > 24 Richie Warren > P&R Roll Man > Rolls to Basket > Miss 2 Pts,68,2025-12-20,UW-Whitewater,offense,Richie Warren,play-by-play,False,,0.0,not located,
2025-12-20|68|15 Collin Madson > P&R Ball Handler > Left P&R > Side > Go Away from Pick > Defense Commits > Ball Delivered > 24 Richie Warren > P&R Roll Man > Rolls to Basket > Miss 2 Pts,68,2025-12-20,Alma Scots,defense,Donovan Collins,play-by-play,False,,0.0,not located,
2025-12-20|68|15 Collin Madson > P&R Ball Handler > Left P&R > Side > Go Away from Pick > Defense Commits > Ball Delivered > 24 Richie Warren > P&R Roll Man > Rolls to Basket > Miss 2 Pts,68,2025-12-20,Alma Scots,defense,Josh Elliott,play-by-play,False,,0.0,not located,
2025-12-20|68|15 Collin Madson > P&R Ball Handler > Left P&R > Side > Go Away from Pick > Defense Commits > Ball Delivered > 24 Richie Warren > P&R Roll Man > Rolls to Basket > Miss 2 Pts,68,2025-12-20,Alma Scots,defense,Korbin Heitzman,play-by-play,False,,0.0,not located,
2025-12-20|68|15 Collin Madson > P&R Ball Handler > Left P&R > Side > Go Away from Pick > Defense Commits > Ball Delivered > 24 Richie Warren > P&R Roll Man > Rolls to Basket > Miss 2 Pts,68,2025-12-20,Alma Scots,defense,Preston Malpass,play-by-play,False,,0.0,not located,
2025-12-20|68|15 Collin Madson > P&R Ball Handler > Left P&R > Side > Go Away from Pick > Defense Commits > Ball Delivered > 24 Richie Warren > P&R Roll Man > Rolls to Basket > Miss 2 Pts,68,2025-12-20,Alma Scots,defense,Raine Rodich,play-by-play,False,,0.0,not located,
2025-12-20|69|14 Raine Rodich > P&R Ball Handler > Left P&R > Side > Dribble Off Pick > Defense Commits > Ball Delivered > 15 Preston Malpass > Spot-Up > No Dribble Jumper > Open > Long/3pt > Miss 3 Pts,69,2025-12-20,Alma Scots,offense,Donovan Collins,play-by-play,False,,0.0,not located,
2025-12-20|69|14 Raine Rodich > P&R Ball Handler > Left P&R > Side > Dribble Off Pick > Defense Commits > Ball Delivered > 15 Preston Malpass > Spot-Up > No Dribble Jumper > Open > Long/3pt > Miss 3 Pts,69,2025-12-20,Alma Scots,offense,Josh Elliott,play-by-play,False,,0.0,not located,
2025-12-20|69|14 Raine Rodich > P&R Ball Handler > Left P&R > Side > Dribble Off Pick > Defense Commits > Ball Delivered > 15 Preston Malpass > Spot-Up > No Dribble Jumper > Open > Long/3pt > Miss 3 Pts,69,2025-12-20,Alma Scots,offense,Korbin Heitzman,play-by-play,False,,0.0,not located,
2025-12-20|69|14 Raine Rodich > P&R Ball Handler > Left P&R > Side > Dribble Off Pick > Defense Commits > Ball Delivered > 15 Preston Malpass > Spot-Up > No Dribble Jumper > Open > Long/3pt > Miss 3 Pts,69,2025-12-20,Alma Scots,offense,Preston Malpass,play-by-play,False,,0.0,not located,
2025-12-20|69|14 Raine Rodich > P&R Ball Handler > Left P&R > Side > Dribble Off Pick > Defense Commits > Ball Delivered > 15 Preston Malpass > Spot-Up > No Dribble Jumper > Open > Long/3pt > Miss 3 Pts,69,2025-12-20,Alma Scots,offense,Raine Rodich,play-by-play,True,16,2.5,Synergy,0.95
2025-12-20|69|14 Raine Rodich > P&R Ball Handler > Left P&R > Side > Dribble Off Pick > Defense Commits > Ball Delivered > 15 Preston Malpass > Spot-Up > No Dribble Jumper > Open > Long/3pt > Miss 3 Pts,69,2025-12-20,UW-Whitewater,defense,Collin Madson,play-by-play,False,,0.0,not located,
2025-12-20|69|14 Raine Rodich > P&R Ball Handler > Left P&R > Side > Dribble Off Pick > Defense Commits > Ball Delivered > 15 Preston Malpass > Spot-Up > No Dribble Jumper > Open > Long/3pt > Miss 3 Pts,69,2025-12-20,UW-Whitewater,defense,Darius Chestnut,play-by-play,False,,0.0,not located,
2025-12-20|69|14 Raine Rodich > P&R Ball Handler > Left P&R > Side > Dribble Off Pick > Defense Commits > Ball Delivered > 15 Preston Malpass > Spot-Up > No Dribble Jumper > Open > Long/3pt > Miss 3 Pts,69,2025-12-20,UW-Whitewater,defense,Joey Berezowitz,play-by-play,False,,0.0,not located,
2025-12-20|69|14 Raine Rodich > P&R Ball Handler > Left P&R > Side > Dribble Off Pick > Defense Commits > Ball Delivered > 15 Preston Malpass > Spot-Up > No Dribble Jumper > Open > Long/3pt > Miss 3 Pts,69,2025-12-20,UW-Whitewater,defense,Luke Bara,play-by-play,False,,0.0,not located,
2025-12-20|69|14 Raine Rodich > P&R Ball Handler > Left P&R > Side > Dribble Off Pick > Defense Commits > Ball Delivered > 15 Preston Malpass > Spot-Up > No Dribble Jumper > Open > Long/3pt > Miss 3 Pts,69,2025-12-20,UW-Whitewater,defense,Richie Warren,play-by-play,False,,0.0,not located,
2025-12-20|70|10 Darius Chestnut > Transition > Right Wing > No Dribble Jumper > Open > Long/3pt > Make 3 Pts,70,2025-12-20,UW-Whitewater,offense,Collin Madson,play-by-play,False,,0.0,not located,
2025-12-20|70|10 Darius Chestnut > Transition > Right Wing > No Dribble Jumper > Open > Long/3pt > Make 3 Pts,70,2025-12-20,UW-Whitewater,offense,Darius Chestnut,play-by-play,False,,0.0,not located,
2025-12-20|70|10 Darius Chestnut > Transition > Right Wing > No Dribble Jumper > Open > Long/3pt > Make 3 Pts,70,2025-12-20,UW-Whitewater,offense,Joey Berezowitz,play-by-play,False,,0.0,not located,
2025-12-20|70|10 Darius Chestnut > Transition > Right Wing > No Dribble Jumper > Open > Long/3pt > Make 3 Pts,70,2025-12-20,UW-Whitewater,offense,Luke Bara,play-by-play,False,,0.0,not located,
2025-12-20|70|10 Darius Chestnut > Transition > Right Wing > No Dribble Jumper > Open > Long/3pt > Make 3 Pts,70,2025-12-20,UW-Whitewater,offense,Richie Warren,play-by-play,False,,0.0,not located,
2025-12-20|70|10 Darius Chestnut > Transition > Right Wing > No Dribble Jumper > Open > Long/3pt > Make 3 Pts,70,2025-12-20,Alma Scots,defense,Donovan Collins,play-by-play,False,,0.0,not located,
2025-12-20|70|10 Darius Chestnut > Transition > Right Wing > No Dribble Jumper > Open > Long/3pt > Make 3 Pts,70,2025-12-20,Alma Scots,defense,Josh Elliott,play-by-play,False,,0.0,not located,
2025-12-20|70|10 Darius Chestnut > Transition > Right Wing > No Dribble Jumper > Open > Long/3pt > Make 3 Pts,70,2025-12-20,Alma Scots,defense,Korbin Heitzman,play-by-play,False,,0.0,not located,
2025-12-20|70|10 Darius Chestnut > Transition > Right Wing > No Dribble Jumper > Open > Long/3pt > Make 3 Pts,70,2025-12-20,Alma Scots,defense,Preston Malpass,play-by-play,False,,0.0,not located,
2025-12-20|70|10 Darius Chestnut > Transition > Right Wing > No Dribble Jumper > Open > Long/3pt > Make 3 Pts,70,2025-12-20,Alma Scots,defense,Raine Rodich,play-by-play,False,,0.0,not located,
2025-12-20|71|20 Josh Elliott > Off Screen > To Shooter's Left > Straight > No Dribble Jumper > Open > Long/3pt > Make 3 Pts,71,2025-12-20,Alma Scots,offense,Donovan Collins,play-by-play,False,,0.0,not located,
2025-12-20|71|20 Josh Elliott > Off Screen > To Shooter's Left > Straight > No Dribble Jumper > Open > Long/3pt > Make 3 Pts,71,2025-12-20,Alma Scots,offense,Josh Elliott,play-by-play,False,,0.0,not located,
2025-12-20|71|20 Josh Elliott > Off Screen > To Shooter's Left > Straight > No Dribble Jumper > Open > Long/3pt > Make 3 Pts,71,2025-12-20,Alma Scots,offense,Korbin Heitzman,play-by-play,False,,0.0,not located,
2025-12-20|71|20 Josh Elliott > Off Screen > To Shooter's Left > Straight > No Dribble Jumper > Open > Long/3pt > Make 3 Pts,71,2025-12-20,Alma Scots,offense,Preston Malpass,play-by-play,False,,0.0,not located,
2025-12-20|71|20 Josh Elliott > Off Screen > To Shooter's Left > Straight > No Dribble Jumper > Open > Long/3pt > Make 3 Pts,71,2025-12-20,Alma Scots,offense,Raine Rodich,play-by-play,False,,0.0,not located,
2025-12-20|71|20 Josh Elliott > Off Screen > To Shooter's Left > Straight > No Dribble Jumper > Open > Long/3pt > Make 3 Pts,71,2025-12-20,UW-Whitewater,defense,Collin Madson,play-by-play,False,,0.0,not located,
2025-12-20|71|20 Josh Elliott > Off Screen > To Shooter's Left > Straight > No Dribble Jumper > Open > Long/3pt > Make 3 Pts,71,2025-12-20,UW-Whitewater,defense,Darius Chestnut,play-by-play,False,,0.0,not located,
2025-12-20|71|20 Josh Elliott > Off Screen > To Shooter's Left > Straight > No Dribble Jumper > Open > Long/3pt > Make 3 Pts,71,2025-12-20,UW-Whitewater,defense,Joey Berezowitz,play-by-play,False,,0.0,not located,
2025-12-20|71|20 Josh Elliott > Off Screen > To Shooter's Left > Straight > No Dribble Jumper > Open > Long/3pt > Make 3 Pts,71,2025-12-20,UW-Whitewater,defense,Luke Bara,play-by-play,False,,0.0,not located,
2025-12-20|71|20 Josh Elliott > Off Screen > To Shooter's Left > Straight > No Dribble Jumper > Open > Long/3pt > Make 3 Pts,71,2025-12-20,UW-Whitewater,defense,Richie Warren,play-by-play,False,,0.0,not located,
2025-12-20|72|32 Luke Bara > Non Possession > Non Shooting Foul,72,2025-12-20,UW-Whitewater,offense,Collin Madson,clips before/after (no clock),False,,0.0,not located,
2025-12-20|72|32 Luke Bara > Non Possession > Non Shooting Foul,72,2025-12-20,UW-Whitewater,offense,Darius Chestnut,clips before/after (no clock),False,,0.0,not located,
2025-12-20|72|32 Luke Bara > Non Possession > Non Shooting Foul,72,2025-12-20,UW-Whitewater,offense,Joey Berezowitz,clips before/after (no clock),False,,0.0,not located,
2025-12-20|72|32 Luke Bara > Non Possession > Non Shooting Foul,72,2025-12-20,UW-Whitewater,offense,Luke Bara,clips before/after (no clock),False,,0.0,not located,
2025-12-20|72|32 Luke Bara > Non Possession > Non Shooting Foul,72,2025-12-20,UW-Whitewater,offense,Richie Warren,clips before/after (no clock),False,,0.0,not located,
2025-12-20|73|32 Luke Bara > P&R Ball Handler > High P&R > Dribble Off Pick > Defense Commits > Ball Delivered > 15 Collin Madson > Spot-Up > No Dribble Jumper > Guarded > Long/3pt > Foul,73,2025-12-20,UW-Whitewater,offense,Collin Madson,play-by-play,True,8,20.8,Synergy,0.95
2025-12-20|73|32 Luke Bara > P&R Ball Handler > High P&R > Dribble Off Pick > Defense Commits > Ball Delivered > 15 Collin Madson > Spot-Up > No Dribble Jumper > Guarded > Long/3pt > Foul,73,2025-12-20,UW-Whitewater,offense,Darius Chestnut,play-by-play,True,14,11.0,best guess,0.31
2025-12-20|73|32 Luke Bara > P&R Ball Handler > High P&R > Dribble Off Pick > Defense Commits > Ball Delivered > 15 Collin Madson > Spot-Up > No Dribble Jumper > Guarded > Long/3pt > Foul,73,2025-12-20,UW-Whitewater,offense,Joey Berezowitz,play-by-play,True,4,11.8,best guess,0.31
2025-12-20|73|32 Luke Bara > P&R Ball Handler > High P&R > Dribble Off Pick > Defense Commits > Ball Delivered > 15 Collin Madson > Spot-Up > No Dribble Jumper > Guarded > Long/3pt > Foul,73,2025-12-20,UW-Whitewater,offense,Luke Bara,play-by-play,True,25,1.2,Synergy,0.95
2025-12-20|73|32 Luke Bara > P&R Ball Handler > High P&R > Dribble Off Pick > Defense Commits > Ball Delivered > 15 Collin Madson > Spot-Up > No Dribble Jumper > Guarded > Long/3pt > Foul,73,2025-12-20,UW-Whitewater,offense,Richie Warren,play-by-play,True,0,7.0,best guess,0.31
2025-12-20|73|32 Luke Bara > P&R Ball Handler > High P&R > Dribble Off Pick > Defense Commits > Ball Delivered > 15 Collin Madson > Spot-Up > No Dribble Jumper > Guarded > Long/3pt > Foul,73,2025-12-20,Alma Scots,defense,Donovan Collins,play-by-play,False,,0.0,not located,
2025-12-20|73|32 Luke Bara > P&R Ball Handler > High P&R > Dribble Off Pick > Defense Commits > Ball Delivered > 15 Collin Madson > Spot-Up > No Dribble Jumper > Guarded > Long/3pt > Foul,73,2025-12-20,Alma Scots,defense,Josh Elliott,play-by-play,False,,0.0,not located,
2025-12-20|73|32 Luke Bara > P&R Ball Handler > High P&R > Dribble Off Pick > Defense Commits > Ball Delivered > 15 Collin Madson > Spot-Up > No Dribble Jumper > Guarded > Long/3pt > Foul,73,2025-12-20,Alma Scots,defense,Joss Bradley,play-by-play,False,,0.0,not located,
2025-12-20|73|32 Luke Bara > P&R Ball Handler > High P&R > Dribble Off Pick > Defense Commits > Ball Delivered > 15 Collin Madson > Spot-Up > No Dribble Jumper > Guarded > Long/3pt > Foul,73,2025-12-20,Alma Scots,defense,Korbin Heitzman,play-by-play,False,,0.0,not located,
2025-12-20|73|32 Luke Bara > P&R Ball Handler > High P&R > Dribble Off Pick > Defense Commits > Ball Delivered > 15 Collin Madson > Spot-Up > No Dribble Jumper > Guarded > Long/3pt > Foul,73,2025-12-20,Alma Scots,defense,Logan St. Martin,play-by-play,False,,0.0,not located,
2025-12-20|77|11 Korbin Heitzman > Non Possession > Non Shooting Foul,77,2025-12-20,Alma Scots,offense,Donovan Collins,clips before/after (no clock),False,,0.0,not located,
2025-12-20|77|11 Korbin Heitzman > Non Possession > Non Shooting Foul,77,2025-12-20,Alma Scots,offense,Josh Elliott,clips before/after (no clock),False,,0.0,not located,
2025-12-20|77|11 Korbin Heitzman > Non Possession > Non Shooting Foul,77,2025-12-20,Alma Scots,offense,Joss Bradley,clips before/after (no clock),False,,0.0,not located,
2025-12-20|77|11 Korbin Heitzman > Non Possession > Non Shooting Foul,77,2025-12-20,Alma Scots,offense,Korbin Heitzman,clips before/after (no clock),False,,0.0,not located,
2025-12-20|77|11 Korbin Heitzman > Non Possession > Non Shooting Foul,77,2025-12-20,Alma Scots,offense,Logan St. Martin,clips before/after (no clock),False,,0.0,not located,
2025-12-20|77|11 Korbin Heitzman > Non Possession > Non Shooting Foul,77,2025-12-20,UW-Whitewater,defense,Collin Madson,clips before/after (no clock),False,,0.0,not located,
2025-12-20|77|11 Korbin Heitzman > Non Possession > Non Shooting Foul,77,2025-12-20,UW-Whitewater,defense,Darius Chestnut,clips before/after (no clock),False,,0.0,not located,
2025-12-20|77|11 Korbin Heitzman > Non Possession > Non Shooting Foul,77,2025-12-20,UW-Whitewater,defense,Joey Berezowitz,clips before/after (no clock),False,,0.0,not located,
2025-12-20|77|11 Korbin Heitzman > Non Possession > Non Shooting Foul,77,2025-12-20,UW-Whitewater,defense,Luke Bara,clips before/after (no clock),False,,0.0,not located,
2025-12-20|77|11 Korbin Heitzman > Non Possession > Non Shooting Foul,77,2025-12-20,UW-Whitewater,defense,Richie Warren,clips before/after (no clock),False,,0.0,not located,
2025-12-20|78|10 Joss Bradley > P&R Ball Handler > High P&R > Dribble Off Pick > To Basket > Miss 2 Pts,78,2025-12-20,Alma Scots,offense,Donovan Collins,play-by-play,False,,0.0,not located,
2025-12-20|78|10 Joss Bradley > P&R Ball Handler > High P&R > Dribble Off Pick > To Basket > Miss 2 Pts,78,2025-12-20,Alma Scots,offense,Josh Elliott,play-by-play,False,,0.0,not located,
2025-12-20|78|10 Joss Bradley > P&R Ball Handler > High P&R > Dribble Off Pick > To Basket > Miss 2 Pts,78,2025-12-20,Alma Scots,offense,Joss Bradley,play-by-play,False,,0.0,not located,
2025-12-20|78|10 Joss Bradley > P&R Ball Handler > High P&R > Dribble Off Pick > To Basket > Miss 2 Pts,78,2025-12-20,Alma Scots,offense,Korbin Heitzman,play-by-play,False,,0.0,not located,
2025-12-20|78|10 Joss Bradley > P&R Ball Handler > High P&R > Dribble Off Pick > To Basket > Miss 2 Pts,78,2025-12-20,Alma Scots,offense,Logan St. Martin,play-by-play,False,,0.0,not located,
2025-12-20|78|10 Joss Bradley > P&R Ball Handler > High P&R > Dribble Off Pick > To Basket > Miss 2 Pts,78,2025-12-20,UW-Whitewater,defense,Collin Madson,play-by-play,False,,0.0,not located,
2025-12-20|78|10 Joss Bradley > P&R Ball Handler > High P&R > Dribble Off Pick > To Basket > Miss 2 Pts,78,2025-12-20,UW-Whitewater,defense,Darius Chestnut,play-by-play,False,,0.0,not located,
2025-12-20|78|10 Joss Bradley > P&R Ball Handler > High P&R > Dribble Off Pick > To Basket > Miss 2 Pts,78,2025-12-20,UW-Whitewater,defense,Joey Berezowitz,play-by-play,False,,0.0,not located,
2025-12-20|78|10 Joss Bradley > P&R Ball Handler > High P&R > Dribble Off Pick > To Basket > Miss 2 Pts,78,2025-12-20,UW-Whitewater,defense,Luke Bara,play-by-play,False,,0.0,not located,
2025-12-20|78|10 Joss Bradley > P&R Ball Handler > High P&R > Dribble Off Pick > To Basket > Miss 2 Pts,78,2025-12-20,UW-Whitewater,defense,Richie Warren,play-by-play,False,,0.0,not located,
2025-12-20|79|22 Joey Berezowitz > Transition > First Middle > To Basket > Miss 2 Pts,79,2025-12-20,UW-Whitewater,offense,Collin Madson,play-by-play,False,,0.0,not located,
2025-12-20|79|22 Joey Berezowitz > Transition > First Middle > To Basket > Miss 2 Pts,79,2025-12-20,UW-Whitewater,offense,Darius Chestnut,play-by-play,False,,0.0,not located,
2025-12-20|79|22 Joey Berezowitz > Transition > First Middle > To Basket > Miss 2 Pts,79,2025-12-20,UW-Whitewater,offense,Joey Berezowitz,play-by-play,False,,0.0,not located,
2025-12-20|79|22 Joey Berezowitz > Transition > First Middle > To Basket > Miss 2 Pts,79,2025-12-20,UW-Whitewater,offense,Luke Bara,play-by-play,False,,0.0,not located,
2025-12-20|79|22 Joey Berezowitz > Transition > First Middle > To Basket > Miss 2 Pts,79,2025-12-20,UW-Whitewater,offense,Richie Warren,play-by-play,False,,0.0,not located,
2025-12-20|79|22 Joey Berezowitz > Transition > First Middle > To Basket > Miss 2 Pts,79,2025-12-20,Alma Scots,defense,Donovan Collins,play-by-play,False,,0.0,not located,
2025-12-20|79|22 Joey Berezowitz > Transition > First Middle > To Basket > Miss 2 Pts,79,2025-12-20,Alma Scots,defense,Josh Elliott,play-by-play,False,,0.0,not located,
2025-12-20|79|22 Joey Berezowitz > Transition > First Middle > To Basket > Miss 2 Pts,79,2025-12-20,Alma Scots,defense,Joss Bradley,play-by-play,False,,0.0,not located,
2025-12-20|79|22 Joey Berezowitz > Transition > First Middle > To Basket > Miss 2 Pts,79,2025-12-20,Alma Scots,defense,Korbin Heitzman,play-by-play,False,,0.0,not located,
2025-12-20|79|22 Joey Berezowitz > Transition > First Middle > To Basket > Miss 2 Pts,79,2025-12-20,Alma Scots,defense,Logan St. Martin,play-by-play,False,,0.0,not located,
2025-12-20|80|32 Luke Bara > ISO > Top > Drives Left > Dribble Jumper > Short to < 17' > Miss 2 Pts,80,2025-12-20,UW-Whitewater,offense,Collin Madson,play-by-play,False,,0.0,not located,
2025-12-20|80|32 Luke Bara > ISO > Top > Drives Left > Dribble Jumper > Short to < 17' > Miss 2 Pts,80,2025-12-20,UW-Whitewater,offense,Darius Chestnut,play-by-play,False,,0.0,not located,
2025-12-20|80|32 Luke Bara > ISO > Top > Drives Left > Dribble Jumper > Short to < 17' > Miss 2 Pts,80,2025-12-20,UW-Whitewater,offense,Joey Berezowitz,play-by-play,False,,0.0,not located,
2025-12-20|80|32 Luke Bara > ISO > Top > Drives Left > Dribble Jumper > Short to < 17' > Miss 2 Pts,80,2025-12-20,UW-Whitewater,offense,Luke Bara,play-by-play,False,,0.0,not located,
2025-12-20|80|32 Luke Bara > ISO > Top > Drives Left > Dribble Jumper > Short to < 17' > Miss 2 Pts,80,2025-12-20,UW-Whitewater,offense,Richie Warren,play-by-play,False,,0.0,not located,
2025-12-20|80|32 Luke Bara > ISO > Top > Drives Left > Dribble Jumper > Short to < 17' > Miss 2 Pts,80,2025-12-20,Alma Scots,defense,Donovan Collins,play-by-play,False,,0.0,not located,
2025-12-20|80|32 Luke Bara > ISO > Top > Drives Left > Dribble Jumper > Short to < 17' > Miss 2 Pts,80,2025-12-20,Alma Scots,defense,Josh Elliott,play-by-play,False,,0.0,not located,
2025-12-20|80|32 Luke Bara > ISO > Top > Drives Left > Dribble Jumper > Short to < 17' > Miss 2 Pts,80,2025-12-20,Alma Scots,defense,Joss Bradley,play-by-play,False,,0.0,not located,
2025-12-20|80|32 Luke Bara > ISO > Top > Drives Left > Dribble Jumper > Short to < 17' > Miss 2 Pts,80,2025-12-20,Alma Scots,defense,Korbin Heitzman,play-by-play,False,,0.0,not located,
2025-12-20|80|32 Luke Bara > ISO > Top > Drives Left > Dribble Jumper > Short to < 17' > Miss 2 Pts,80,2025-12-20,Alma Scots,defense,Logan St. Martin,play-by-play,False,,0.0,not located,
2025-12-20|81|11 Korbin Heitzman > Hand Off > From Dribble > Top > To Basket > Make 2 Pts,81,2025-12-20,Alma Scots,offense,Donovan Collins,play-by-play,False,,0.0,not located,
2025-12-20|81|11 Korbin Heitzman > Hand Off > From Dribble > Top > To Basket > Make 2 Pts,81,2025-12-20,Alma Scots,offense,Josh Elliott,play-by-play,False,,0.0,not located,
2025-12-20|81|11 Korbin Heitzman > Hand Off > From Dribble > Top > To Basket > Make 2 Pts,81,2025-12-20,Alma Scots,offense,Joss Bradley,play-by-play,False,,0.0,not located,
2025-12-20|81|11 Korbin Heitzman > Hand Off > From Dribble > Top > To Basket > Make 2 Pts,81,2025-12-20,Alma Scots,offense,Korbin Heitzman,play-by-play,False,,0.0,not located,
2025-12-20|81|11 Korbin Heitzman > Hand Off > From Dribble > Top > To Basket > Make 2 Pts,81,2025-12-20,Alma Scots,offense,Logan St. Martin,play-by-play,False,,0.0,not located,
2025-12-20|81|11 Korbin Heitzman > Hand Off > From Dribble > Top > To Basket > Make 2 Pts,81,2025-12-20,UW-Whitewater,defense,Collin Madson,play-by-play,False,,0.0,not located,
2025-12-20|81|11 Korbin Heitzman > Hand Off > From Dribble > Top > To Basket > Make 2 Pts,81,2025-12-20,UW-Whitewater,defense,Darius Chestnut,play-by-play,False,,0.0,not located,
2025-12-20|81|11 Korbin Heitzman > Hand Off > From Dribble > Top > To Basket > Make 2 Pts,81,2025-12-20,UW-Whitewater,defense,Joey Berezowitz,play-by-play,False,,0.0,not located,
2025-12-20|81|11 Korbin Heitzman > Hand Off > From Dribble > Top > To Basket > Make 2 Pts,81,2025-12-20,UW-Whitewater,defense,Luke Bara,play-by-play,False,,0.0,not located,
2025-12-20|81|11 Korbin Heitzman > Hand Off > From Dribble > Top > To Basket > Make 2 Pts,81,2025-12-20,UW-Whitewater,defense,Richie Warren,play-by-play,False,,0.0,not located,
2025-12-20|82|15 Collin Madson > Post-Up > Left Block > Right Shoulder > Dribble Move > To Basket > Make 2 Pts Foul > 1 Pts,82,2025-12-20,UW-Whitewater,offense,Collin Madson,play-by-play,True,17,12.2,Synergy,0.95
2025-12-20|82|15 Collin Madson > Post-Up > Left Block > Right Shoulder > Dribble Move > To Basket > Make 2 Pts Foul > 1 Pts,82,2025-12-20,UW-Whitewater,offense,Darius Chestnut,play-by-play,False,,0.0,not located,
2025-12-20|82|15 Collin Madson > Post-Up > Left Block > Right Shoulder > Dribble Move > To Basket > Make 2 Pts Foul > 1 Pts,82,2025-12-20,UW-Whitewater,offense,Joey Berezowitz,play-by-play,False,,0.0,not located,
2025-12-20|82|15 Collin Madson > Post-Up > Left Block > Right Shoulder > Dribble Move > To Basket > Make 2 Pts Foul > 1 Pts,82,2025-12-20,UW-Whitewater,offense,Luke Bara,play-by-play,False,,0.0,not located,
2025-12-20|82|15 Collin Madson > Post-Up > Left Block > Right Shoulder > Dribble Move > To Basket > Make 2 Pts Foul > 1 Pts,82,2025-12-20,UW-Whitewater,offense,Richie Warren,play-by-play,False,,0.0,not located,
2025-12-20|82|15 Collin Madson > Post-Up > Left Block > Right Shoulder > Dribble Move > To Basket > Make 2 Pts Foul > 1 Pts,82,2025-12-20,Alma Scots,defense,Donovan Collins,play-by-play,False,,0.0,not located,
2025-12-20|82|15 Collin Madson > Post-Up > Left Block > Right Shoulder > Dribble Move > To Basket > Make 2 Pts Foul > 1 Pts,82,2025-12-20,Alma Scots,defense,Josh Elliott,play-by-play,False,,0.0,not located,
2025-12-20|82|15 Collin Madson > Post-Up > Left Block > Right Shoulder > Dribble Move > To Basket > Make 2 Pts Foul > 1 Pts,82,2025-12-20,Alma Scots,defense,Joss Bradley,play-by-play,False,,0.0,not located,
2025-12-20|82|15 Collin Madson > Post-Up > Left Block > Right Shoulder > Dribble Move > To Basket > Make 2 Pts Foul > 1 Pts,82,2025-12-20,Alma Scots,defense,Korbin Heitzman,play-by-play,False,,0.0,not located,
2025-12-20|82|15 Collin Madson > Post-Up > Left Block > Right Shoulder > Dribble Move > To Basket > Make 2 Pts Foul > 1 Pts,82,2025-12-20,Alma Scots,defense,Logan St. Martin,play-by-play,False,,0.0,not located,
2025-12-20|84|20 Josh Elliott > Hand Off > From Stationary > Top > No Dribble Jumper > Open > Long/3pt > Make 3 Pts,84,2025-12-20,Alma Scots,offense,Elijah Sykes,play-by-play,False,,0.0,not located,
2025-12-20|84|20 Josh Elliott > Hand Off > From Stationary > Top > No Dribble Jumper > Open > Long/3pt > Make 3 Pts,84,2025-12-20,Alma Scots,offense,Josh Elliott,play-by-play,False,,0.0,not located,
2025-12-20|84|20 Josh Elliott > Hand Off > From Stationary > Top > No Dribble Jumper > Open > Long/3pt > Make 3 Pts,84,2025-12-20,Alma Scots,offense,Joss Bradley,play-by-play,False,,0.0,not located,
2025-12-20|84|20 Josh Elliott > Hand Off > From Stationary > Top > No Dribble Jumper > Open > Long/3pt > Make 3 Pts,84,2025-12-20,Alma Scots,offense,Korbin Heitzman,play-by-play,False,,0.0,not located,
2025-12-20|84|20 Josh Elliott > Hand Off > From Stationary > Top > No Dribble Jumper > Open > Long/3pt > Make 3 Pts,84,2025-12-20,Alma Scots,offense,Logan St. Martin,play-by-play,False,,0.0,not located,
2025-12-20|84|20 Josh Elliott > Hand Off > From Stationary > Top > No Dribble Jumper > Open > Long/3pt > Make 3 Pts,84,2025-12-20,UW-Whitewater,defense,Brock Marino,play-by-play,False,,0.0,not located,
2025-12-20|84|20 Josh Elliott > Hand Off > From Stationary > Top > No Dribble Jumper > Open > Long/3pt > Make 3 Pts,84,2025-12-20,UW-Whitewater,defense,Collin Madson,play-by-play,False,,0.0,not located,
2025-12-20|84|20 Josh Elliott > Hand Off > From Stationary > Top > No Dribble Jumper > Open > Long/3pt > Make 3 Pts,84,2025-12-20,UW-Whitewater,defense,Darius Chestnut,play-by-play,False,,0.0,not located,
2025-12-20|84|20 Josh Elliott > Hand Off > From Stationary > Top > No Dribble Jumper > Open > Long/3pt > Make 3 Pts,84,2025-12-20,UW-Whitewater,defense,Luke Bara,play-by-play,False,,0.0,not located,
2025-12-20|84|20 Josh Elliott > Hand Off > From Stationary > Top > No Dribble Jumper > Open > Long/3pt > Make 3 Pts,84,2025-12-20,UW-Whitewater,defense,Richie Warren,play-by-play,False,,0.0,not located,
2025-12-20|85|15 Collin Madson > Off Screen > To Shooter's Left > Curl > To Basket > Foul,85,2025-12-20,UW-Whitewater,offense,Brock Marino,play-by-play,False,,0.0,not located,
2025-12-20|85|15 Collin Madson > Off Screen > To Shooter's Left > Curl > To Basket > Foul,85,2025-12-20,UW-Whitewater,offense,Collin Madson,play-by-play,False,,0.0,not located,
2025-12-20|85|15 Collin Madson > Off Screen > To Shooter's Left > Curl > To Basket > Foul,85,2025-12-20,UW-Whitewater,offense,Darius Chestnut,play-by-play,False,,0.0,not located,
2025-12-20|85|15 Collin Madson > Off Screen > To Shooter's Left > Curl > To Basket > Foul,85,2025-12-20,UW-Whitewater,offense,Luke Bara,play-by-play,False,,0.0,not located,
2025-12-20|85|15 Collin Madson > Off Screen > To Shooter's Left > Curl > To Basket > Foul,85,2025-12-20,UW-Whitewater,offense,Richie Warren,play-by-play,False,,0.0,not located,
2025-12-20|85|15 Collin Madson > Off Screen > To Shooter's Left > Curl > To Basket > Foul,85,2025-12-20,Alma Scots,defense,Elijah Sykes,play-by-play,False,,0.0,not located,
2025-12-20|85|15 Collin Madson > Off Screen > To Shooter's Left > Curl > To Basket > Foul,85,2025-12-20,Alma Scots,defense,Josh Elliott,play-by-play,False,,0.0,not located,
2025-12-20|85|15 Collin Madson > Off Screen > To Shooter's Left > Curl > To Basket > Foul,85,2025-12-20,Alma Scots,defense,Joss Bradley,play-by-play,False,,0.0,not located,
2025-12-20|85|15 Collin Madson > Off Screen > To Shooter's Left > Curl > To Basket > Foul,85,2025-12-20,Alma Scots,defense,Korbin Heitzman,play-by-play,False,,0.0,not located,
2025-12-20|85|15 Collin Madson > Off Screen > To Shooter's Left > Curl > To Basket > Foul,85,2025-12-20,Alma Scots,defense,Logan St. Martin,play-by-play,False,,0.0,not located,
2025-12-20|88|24 Logan St. Martin > Non Possession > Non Shooting Foul,88,2025-12-20,Alma Scots,offense,Elijah Sykes,play-by-play,False,,0.0,not located,
2025-12-20|88|24 Logan St. Martin > Non Possession > Non Shooting Foul,88,2025-12-20,Alma Scots,offense,Josh Elliott,play-by-play,False,,0.0,not located,
2025-12-20|88|24 Logan St. Martin > Non Possession > Non Shooting Foul,88,2025-12-20,Alma Scots,offense,Joss Bradley,play-by-play,False,,0.0,not located,
2025-12-20|88|24 Logan St. Martin > Non Possession > Non Shooting Foul,88,2025-12-20,Alma Scots,offense,Korbin Heitzman,play-by-play,False,,0.0,not located,
2025-12-20|88|24 Logan St. Martin > Non Possession > Non Shooting Foul,88,2025-12-20,Alma Scots,offense,Logan St. Martin,play-by-play,False,,0.0,not located,
2025-12-20|88|24 Logan St. Martin > Non Possession > Non Shooting Foul,88,2025-12-20,UW-Whitewater,defense,Brock Marino,play-by-play,False,,0.0,not located,
2025-12-20|88|24 Logan St. Martin > Non Possession > Non Shooting Foul,88,2025-12-20,UW-Whitewater,defense,Collin Madson,play-by-play,False,,0.0,not located,
2025-12-20|88|24 Logan St. Martin > Non Possession > Non Shooting Foul,88,2025-12-20,UW-Whitewater,defense,Darius Chestnut,play-by-play,False,,0.0,not located,
2025-12-20|88|24 Logan St. Martin > Non Possession > Non Shooting Foul,88,2025-12-20,UW-Whitewater,defense,Luke Bara,play-by-play,False,,0.0,not located,
2025-12-20|88|24 Logan St. Martin > Non Possession > Non Shooting Foul,88,2025-12-20,UW-Whitewater,defense,Richie Warren,play-by-play,False,,0.0,not located,
2025-12-20|89|10 Joss Bradley > P&R Ball Handler > High P&R > Dribble Off Pick > Defense Commits > Ball Delivered > 24 Logan St. Martin > P&R Roll Man > Pick and Pops > No Dribble Jumper > Guarded > Long/3pt > Miss 3 Pts,89,2025-12-20,Alma Scots,offense,Elijah Sykes,play-by-play,False,,0.0,not located,
2025-12-20|89|10 Joss Bradley > P&R Ball Handler > High P&R > Dribble Off Pick > Defense Commits > Ball Delivered > 24 Logan St. Martin > P&R Roll Man > Pick and Pops > No Dribble Jumper > Guarded > Long/3pt > Miss 3 Pts,89,2025-12-20,Alma Scots,offense,Josh Elliott,play-by-play,False,,0.0,not located,
2025-12-20|89|10 Joss Bradley > P&R Ball Handler > High P&R > Dribble Off Pick > Defense Commits > Ball Delivered > 24 Logan St. Martin > P&R Roll Man > Pick and Pops > No Dribble Jumper > Guarded > Long/3pt > Miss 3 Pts,89,2025-12-20,Alma Scots,offense,Joss Bradley,play-by-play,False,,0.0,not located,
2025-12-20|89|10 Joss Bradley > P&R Ball Handler > High P&R > Dribble Off Pick > Defense Commits > Ball Delivered > 24 Logan St. Martin > P&R Roll Man > Pick and Pops > No Dribble Jumper > Guarded > Long/3pt > Miss 3 Pts,89,2025-12-20,Alma Scots,offense,Korbin Heitzman,play-by-play,False,,0.0,not located,
2025-12-20|89|10 Joss Bradley > P&R Ball Handler > High P&R > Dribble Off Pick > Defense Commits > Ball Delivered > 24 Logan St. Martin > P&R Roll Man > Pick and Pops > No Dribble Jumper > Guarded > Long/3pt > Miss 3 Pts,89,2025-12-20,Alma Scots,offense,Logan St. Martin,play-by-play,False,,0.0,not located,
2025-12-20|89|10 Joss Bradley > P&R Ball Handler > High P&R > Dribble Off Pick > Defense Commits > Ball Delivered > 24 Logan St. Martin > P&R Roll Man > Pick and Pops > No Dribble Jumper > Guarded > Long/3pt > Miss 3 Pts,89,2025-12-20,UW-Whitewater,defense,Brock Marino,play-by-play,False,,0.0,not located,
2025-12-20|89|10 Joss Bradley > P&R Ball Handler > High P&R > Dribble Off Pick > Defense Commits > Ball Delivered > 24 Logan St. Martin > P&R Roll Man > Pick and Pops > No Dribble Jumper > Guarded > Long/3pt > Miss 3 Pts,89,2025-12-20,UW-Whitewater,defense,Collin Madson,play-by-play,False,,0.0,not located,
2025-12-20|89|10 Joss Bradley > P&R Ball Handler > High P&R > Dribble Off Pick > Defense Commits > Ball Delivered > 24 Logan St. Martin > P&R Roll Man > Pick and Pops > No Dribble Jumper > Guarded > Long/3pt > Miss 3 Pts,89,2025-12-20,UW-Whitewater,defense,Darius Chestnut,play-by-play,False,,0.0,not located,
2025-12-20|89|10 Joss Bradley > P&R Ball Handler > High P&R > Dribble Off Pick > Defense Commits > Ball Delivered > 24 Logan St. Martin > P&R Roll Man > Pick and Pops > No Dribble Jumper > Guarded > Long/3pt > Miss 3 Pts,89,2025-12-20,UW-Whitewater,defense,Luke Bara,play-by-play,False,,0.0,not located,
2025-12-20|89|10 Joss Bradley > P&R Ball Handler > High P&R > Dribble Off Pick > Defense Commits > Ball Delivered > 24 Logan St. Martin > P&R Roll Man > Pick and Pops > No Dribble Jumper > Guarded > Long/3pt > Miss 3 Pts,89,2025-12-20,UW-Whitewater,defense,Richie Warren,play-by-play,False,,0.0,not located,
2025-12-20|90|32 Luke Bara > P&R Ball Handler > Right P&R > Side > Dribble Off Pick > Defense Commits > Ball Delivered > 21 Brock Marino > P&R Roll Man > Rolls to Basket > Foul,90,2025-12-20,UW-Whitewater,offense,Brock Marino,play-by-play,False,,0.0,not located,
2025-12-20|90|32 Luke Bara > P&R Ball Handler > Right P&R > Side > Dribble Off Pick > Defense Commits > Ball Delivered > 21 Brock Marino > P&R Roll Man > Rolls to Basket > Foul,90,2025-12-20,UW-Whitewater,offense,Collin Madson,play-by-play,False,,0.0,not located,
2025-12-20|90|32 Luke Bara > P&R Ball Handler > Right P&R > Side > Dribble Off Pick > Defense Commits > Ball Delivered > 21 Brock Marino > P&R Roll Man > Rolls to Basket > Foul,90,2025-12-20,UW-Whitewater,offense,Darius Chestnut,play-by-play,False,,0.0,not located,
2025-12-20|90|32 Luke Bara > P&R Ball Handler > Right P&R > Side > Dribble Off Pick > Defense Commits > Ball Delivered > 21 Brock Marino > P&R Roll Man > Rolls to Basket > Foul,90,2025-12-20,UW-Whitewater,offense,Luke Bara,play-by-play,False,,0.0,not located,
2025-12-20|90|32 Luke Bara > P&R Ball Handler > Right P&R > Side > Dribble Off Pick > Defense Commits > Ball Delivered > 21 Brock Marino > P&R Roll Man > Rolls to Basket > Foul,90,2025-12-20,UW-Whitewater,offense,Richie Warren,play-by-play,False,,0.0,not located,
2025-12-20|90|32 Luke Bara > P&R Ball Handler > Right P&R > Side > Dribble Off Pick > Defense Commits > Ball Delivered > 21 Brock Marino > P&R Roll Man > Rolls to Basket > Foul,90,2025-12-20,Alma Scots,defense,Elijah Sykes,play-by-play,False,,0.0,not located,
2025-12-20|90|32 Luke Bara > P&R Ball Handler > Right P&R > Side > Dribble Off Pick > Defense Commits > Ball Delivered > 21 Brock Marino > P&R Roll Man > Rolls to Basket > Foul,90,2025-12-20,Alma Scots,defense,Josh Elliott,play-by-play,False,,0.0,not located,
2025-12-20|90|32 Luke Bara > P&R Ball Handler > Right P&R > Side > Dribble Off Pick > Defense Commits > Ball Delivered > 21 Brock Marino > P&R Roll Man > Rolls to Basket > Foul,90,2025-12-20,Alma Scots,defense,Joss Bradley,play-by-play,False,,0.0,not located,
2025-12-20|90|32 Luke Bara > P&R Ball Handler > Right P&R > Side > Dribble Off Pick > Defense Commits > Ball Delivered > 21 Brock Marino > P&R Roll Man > Rolls to Basket > Foul,90,2025-12-20,Alma Scots,defense,Korbin Heitzman,play-by-play,False,,0.0,not located,
2025-12-20|90|32 Luke Bara > P&R Ball Handler > Right P&R > Side > Dribble Off Pick > Defense Commits > Ball Delivered > 21 Brock Marino > P&R Roll Man > Rolls to Basket > Foul,90,2025-12-20,Alma Scots,defense,Logan St. Martin,play-by-play,False,,0.0,not located,
2025-12-20|93|1 Elijah Sykes > P&R Ball Handler > High P&R > Dribble Off Pick > Defense Commits > Ball Delivered > 11 Korbin Heitzman > Cut > Basket > Turnover,93,2025-12-20,Alma Scots,offense,Elijah Sykes,play-by-play,True,32,3.2,Synergy,0.95
2025-12-20|93|1 Elijah Sykes > P&R Ball Handler > High P&R > Dribble Off Pick > Defense Commits > Ball Delivered > 11 Korbin Heitzman > Cut > Basket > Turnover,93,2025-12-20,Alma Scots,offense,Josh Elliott,play-by-play,True,8;40,20.8,best guess,0.31
2025-12-20|93|1 Elijah Sykes > P&R Ball Handler > High P&R > Dribble Off Pick > Defense Commits > Ball Delivered > 11 Korbin Heitzman > Cut > Basket > Turnover,93,2025-12-20,Alma Scots,offense,Joss Bradley,play-by-play,True,4,11.5,best guess,0.31
2025-12-20|93|1 Elijah Sykes > P&R Ball Handler > High P&R > Dribble Off Pick > Defense Commits > Ball Delivered > 11 Korbin Heitzman > Cut > Basket > Turnover,93,2025-12-20,Alma Scots,offense,Korbin Heitzman,play-by-play,True,6,18.2,Synergy,0.95
2025-12-20|93|1 Elijah Sykes > P&R Ball Handler > High P&R > Dribble Off Pick > Defense Commits > Ball Delivered > 11 Korbin Heitzman > Cut > Basket > Turnover,93,2025-12-20,Alma Scots,offense,Logan St. Martin,play-by-play,True,34;42,17.0,best guess,0.31
2025-12-20|93|1 Elijah Sykes > P&R Ball Handler > High P&R > Dribble Off Pick > Defense Commits > Ball Delivered > 11 Korbin Heitzman > Cut > Basket > Turnover,93,2025-12-20,UW-Whitewater,defense,Brock Marino,play-by-play,False,,0.0,not located,
2025-12-20|93|1 Elijah Sykes > P&R Ball Handler > High P&R > Dribble Off Pick > Defense Commits > Ball Delivered > 11 Korbin Heitzman > Cut > Basket > Turnover,93,2025-12-20,UW-Whitewater,defense,Collin Madson,play-by-play,False,,0.0,not located,
2025-12-20|93|1 Elijah Sykes > P&R Ball Handler > High P&R > Dribble Off Pick > Defense Commits > Ball Delivered > 11 Korbin Heitzman > Cut > Basket > Turnover,93,2025-12-20,UW-Whitewater,defense,Darius Chestnut,play-by-play,False,,0.0,not located,
2025-12-20|93|1 Elijah Sykes > P&R Ball Handler > High P&R > Dribble Off Pick > Defense Commits > Ball Delivered > 11 Korbin Heitzman > Cut > Basket > Turnover,93,2025-12-20,UW-Whitewater,defense,Luke Bara,play-by-play,False,,0.0,not located,
2025-12-20|93|1 Elijah Sykes > P&R Ball Handler > High P&R > Dribble Off Pick > Defense Commits > Ball Delivered > 11 Korbin Heitzman > Cut > Basket > Turnover,93,2025-12-20,UW-Whitewater,defense,Richie Warren,play-by-play,False,,0.0,not located,
2025-12-20|94|32 Luke Bara > Transition > Ballhandler > To Basket > Miss 2 Pts,94,2025-12-20,UW-Whitewater,offense,Brock Marino,play-by-play,False,,0.0,not located,
2025-12-20|94|32 Luke Bara > Transition > Ballhandler > To Basket > Miss 2 Pts,94,2025-12-20,UW-Whitewater,offense,Collin Madson,play-by-play,False,,0.0,not located,
2025-12-20|94|32 Luke Bara > Transition > Ballhandler > To Basket > Miss 2 Pts,94,2025-12-20,UW-Whitewater,offense,Darius Chestnut,play-by-play,False,,0.0,not located,
2025-12-20|94|32 Luke Bara > Transition > Ballhandler > To Basket > Miss 2 Pts,94,2025-12-20,UW-Whitewater,offense,Luke Bara,play-by-play,False,,0.0,not located,
2025-12-20|94|32 Luke Bara > Transition > Ballhandler > To Basket > Miss 2 Pts,94,2025-12-20,UW-Whitewater,offense,Richie Warren,play-by-play,False,,0.0,not located,
2025-12-20|94|32 Luke Bara > Transition > Ballhandler > To Basket > Miss 2 Pts,94,2025-12-20,Alma Scots,defense,Elijah Sykes,play-by-play,False,,0.0,not located,
2025-12-20|94|32 Luke Bara > Transition > Ballhandler > To Basket > Miss 2 Pts,94,2025-12-20,Alma Scots,defense,Josh Elliott,play-by-play,False,,0.0,not located,
2025-12-20|94|32 Luke Bara > Transition > Ballhandler > To Basket > Miss 2 Pts,94,2025-12-20,Alma Scots,defense,Joss Bradley,play-by-play,False,,0.0,not located,
2025-12-20|94|32 Luke Bara > Transition > Ballhandler > To Basket > Miss 2 Pts,94,2025-12-20,Alma Scots,defense,Korbin Heitzman,play-by-play,False,,0.0,not located,
2025-12-20|94|32 Luke Bara > Transition > Ballhandler > To Basket > Miss 2 Pts,94,2025-12-20,Alma Scots,defense,Logan St. Martin,play-by-play,False,,0.0,not located,
2025-12-20|95|20 Josh Elliott > Transition > Right Wing > To Basket > Make 2 Pts Foul > 1 Pts,95,2025-12-20,Alma Scots,offense,Elijah Sykes,play-by-play,False,,0.0,not located,
2025-12-20|95|20 Josh Elliott > Transition > Right Wing > To Basket > Make 2 Pts Foul > 1 Pts,95,2025-12-20,Alma Scots,offense,Josh Elliott,play-by-play,True,2,15.2,Synergy,0.95
2025-12-20|95|20 Josh Elliott > Transition > Right Wing > To Basket > Make 2 Pts Foul > 1 Pts,95,2025-12-20,Alma Scots,offense,Joss Bradley,play-by-play,False,,0.0,not located,
2025-12-20|95|20 Josh Elliott > Transition > Right Wing > To Basket > Make 2 Pts Foul > 1 Pts,95,2025-12-20,Alma Scots,offense,Korbin Heitzman,play-by-play,False,,0.0,not located,
2025-12-20|95|20 Josh Elliott > Transition > Right Wing > To Basket > Make 2 Pts Foul > 1 Pts,95,2025-12-20,Alma Scots,offense,Logan St. Martin,play-by-play,False,,0.0,not located,
2025-12-20|95|20 Josh Elliott > Transition > Right Wing > To Basket > Make 2 Pts Foul > 1 Pts,95,2025-12-20,UW-Whitewater,defense,Brock Marino,play-by-play,False,,0.0,not located,
2025-12-20|95|20 Josh Elliott > Transition > Right Wing > To Basket > Make 2 Pts Foul > 1 Pts,95,2025-12-20,UW-Whitewater,defense,Collin Madson,play-by-play,False,,0.0,not located,
2025-12-20|95|20 Josh Elliott > Transition > Right Wing > To Basket > Make 2 Pts Foul > 1 Pts,95,2025-12-20,UW-Whitewater,defense,Darius Chestnut,play-by-play,False,,0.0,not located,
2025-12-20|95|20 Josh Elliott > Transition > Right Wing > To Basket > Make 2 Pts Foul > 1 Pts,95,2025-12-20,UW-Whitewater,defense,Luke Bara,play-by-play,False,,0.0,not located,
2025-12-20|95|20 Josh Elliott > Transition > Right Wing > To Basket > Make 2 Pts Foul > 1 Pts,95,2025-12-20,UW-Whitewater,defense,Richie Warren,play-by-play,False,,0.0,not located,
2025-12-20|97|32 Luke Bara > P&R Ball Handler > Right P&R > Side > Dribble Off Pick > Defense Commits > Ball Delivered > 24 Richie Warren > P&R Roll Man > Slips the Pick > To Basket > Miss 2 Pts,97,2025-12-20,UW-Whitewater,offense,Collin Madson,play-by-play,False,,0.0,not located,
2025-12-20|97|32 Luke Bara > P&R Ball Handler > Right P&R > Side > Dribble Off Pick > Defense Commits > Ball Delivered > 24 Richie Warren > P&R Roll Man > Slips the Pick > To Basket > Miss 2 Pts,97,2025-12-20,UW-Whitewater,offense,Darius Chestnut,play-by-play,False,,0.0,not located,
2025-12-20|97|32 Luke Bara > P&R Ball Handler > Right P&R > Side > Dribble Off Pick > Defense Commits > Ball Delivered > 24 Richie Warren > P&R Roll Man > Slips the Pick > To Basket > Miss 2 Pts,97,2025-12-20,UW-Whitewater,offense,Luke Bara,play-by-play,False,,0.0,not located,
2025-12-20|97|32 Luke Bara > P&R Ball Handler > Right P&R > Side > Dribble Off Pick > Defense Commits > Ball Delivered > 24 Richie Warren > P&R Roll Man > Slips the Pick > To Basket > Miss 2 Pts,97,2025-12-20,UW-Whitewater,offense,Richie Warren,play-by-play,False,,0.0,not located,
2025-12-20|97|32 Luke Bara > P&R Ball Handler > Right P&R > Side > Dribble Off Pick > Defense Commits > Ball Delivered > 24 Richie Warren > P&R Roll Man > Slips the Pick > To Basket > Miss 2 Pts,97,2025-12-20,UW-Whitewater,offense,Tyshawn Teague-Johnson,play-by-play,False,,0.0,not located,
2025-12-20|97|32 Luke Bara > P&R Ball Handler > Right P&R > Side > Dribble Off Pick > Defense Commits > Ball Delivered > 24 Richie Warren > P&R Roll Man > Slips the Pick > To Basket > Miss 2 Pts,97,2025-12-20,Alma Scots,defense,Elijah Sykes,play-by-play,False,,0.0,not located,
2025-12-20|97|32 Luke Bara > P&R Ball Handler > Right P&R > Side > Dribble Off Pick > Defense Commits > Ball Delivered > 24 Richie Warren > P&R Roll Man > Slips the Pick > To Basket > Miss 2 Pts,97,2025-12-20,Alma Scots,defense,Josh Elliott,play-by-play,False,,0.0,not located,
2025-12-20|97|32 Luke Bara > P&R Ball Handler > Right P&R > Side > Dribble Off Pick > Defense Commits > Ball Delivered > 24 Richie Warren > P&R Roll Man > Slips the Pick > To Basket > Miss 2 Pts,97,2025-12-20,Alma Scots,defense,Korbin Heitzman,play-by-play,False,,0.0,not located,
2025-12-20|97|32 Luke Bara > P&R Ball Handler > Right P&R > Side > Dribble Off Pick > Defense Commits > Ball Delivered > 24 Richie Warren > P&R Roll Man > Slips the Pick > To Basket > Miss 2 Pts,97,2025-12-20,Alma Scots,defense,Preston Malpass,play-by-play,False,,0.0,not located,
2025-12-20|97|32 Luke Bara > P&R Ball Handler > Right P&R > Side > Dribble Off Pick > Defense Commits > Ball Delivered > 24 Richie Warren > P&R Roll Man > Slips the Pick > To Basket > Miss 2 Pts,97,2025-12-20,Alma Scots,defense,Raine Rodich,play-by-play,False,,0.0,not located,
2025-12-20|98|20 Josh Elliott > Hand Off > From Dribble > Top > No Dribble Jumper > Open > Long/3pt > Miss 3 Pts,98,2025-12-20,Alma Scots,offense,Elijah Sykes,play-by-play,False,,0.0,not located,
2025-12-20|98|20 Josh Elliott > Hand Off > From Dribble > Top > No Dribble Jumper > Open > Long/3pt > Miss 3 Pts,98,2025-12-20,Alma Scots,offense,Josh Elliott,play-by-play,False,,0.0,not located,
2025-12-20|98|20 Josh Elliott > Hand Off > From Dribble > Top > No Dribble Jumper > Open > Long/3pt > Miss 3 Pts,98,2025-12-20,Alma Scots,offense,Korbin Heitzman,play-by-play,False,,0.0,not located,
2025-12-20|98|20 Josh Elliott > Hand Off > From Dribble > Top > No Dribble Jumper > Open > Long/3pt > Miss 3 Pts,98,2025-12-20,Alma Scots,offense,Preston Malpass,play-by-play,False,,0.0,not located,
2025-12-20|98|20 Josh Elliott > Hand Off > From Dribble > Top > No Dribble Jumper > Open > Long/3pt > Miss 3 Pts,98,2025-12-20,Alma Scots,offense,Raine Rodich,play-by-play,False,,0.0,not located,
2025-12-20|98|20 Josh Elliott > Hand Off > From Dribble > Top > No Dribble Jumper > Open > Long/3pt > Miss 3 Pts,98,2025-12-20,UW-Whitewater,defense,Collin Madson,play-by-play,False,,0.0,not located,
2025-12-20|98|20 Josh Elliott > Hand Off > From Dribble > Top > No Dribble Jumper > Open > Long/3pt > Miss 3 Pts,98,2025-12-20,UW-Whitewater,defense,Darius Chestnut,play-by-play,False,,0.0,not located,
2025-12-20|98|20 Josh Elliott > Hand Off > From Dribble > Top > No Dribble Jumper > Open > Long/3pt > Miss 3 Pts,98,2025-12-20,UW-Whitewater,defense,Luke Bara,play-by-play,False,,0.0,not located,
2025-12-20|98|20 Josh Elliott > Hand Off > From Dribble > Top > No Dribble Jumper > Open > Long/3pt > Miss 3 Pts,98,2025-12-20,UW-Whitewater,defense,Richie Warren,play-by-play,False,,0.0,not located,
2025-12-20|98|20 Josh Elliott > Hand Off > From Dribble > Top > No Dribble Jumper > Open > Long/3pt > Miss 3 Pts,98,2025-12-20,UW-Whitewater,defense,Tyshawn Teague-Johnson,play-by-play,False,,0.0,not located,
2025-12-20|99|10 Darius Chestnut > Transition > Left Wing > No Dribble Jumper > Open > Long/3pt > Make 3 Pts,99,2025-12-20,UW-Whitewater,offense,Collin Madson,play-by-play,False,,0.0,not located,
2025-12-20|99|10 Darius Chestnut > Transition > Left Wing > No Dribble Jumper > Open > Long/3pt > Make 3 Pts,99,2025-12-20,UW-Whitewater,offense,Darius Chestnut,play-by-play,False,,0.0,not located,
2025-12-20|99|10 Darius Chestnut > Transition > Left Wing > No Dribble Jumper > Open > Long/3pt > Make 3 Pts,99,2025-12-20,UW-Whitewater,offense,Luke Bara,play-by-play,False,,0.0,not located,
2025-12-20|99|10 Darius Chestnut > Transition > Left Wing > No Dribble Jumper > Open > Long/3pt > Make 3 Pts,99,2025-12-20,UW-Whitewater,offense,Richie Warren,play-by-play,False,,0.0,not located,
2025-12-20|99|10 Darius Chestnut > Transition > Left Wing > No Dribble Jumper > Open > Long/3pt > Make 3 Pts,99,2025-12-20,UW-Whitewater,offense,Tyshawn Teague-Johnson,play-by-play,False,,0.0,not located,
2025-12-20|99|10 Darius Chestnut > Transition > Left Wing > No Dribble Jumper > Open > Long/3pt > Make 3 Pts,99,2025-12-20,Alma Scots,defense,Elijah Sykes,play-by-play,False,,0.0,not located,
2025-12-20|99|10 Darius Chestnut > Transition > Left Wing > No Dribble Jumper > Open > Long/3pt > Make 3 Pts,99,2025-12-20,Alma Scots,defense,Josh Elliott,play-by-play,False,,0.0,not located,
2025-12-20|99|10 Darius Chestnut > Transition > Left Wing > No Dribble Jumper > Open > Long/3pt > Make 3 Pts,99,2025-12-20,Alma Scots,defense,Korbin Heitzman,play-by-play,False,,0.0,not located,
2025-12-20|99|10 Darius Chestnut > Transition > Left Wing > No Dribble Jumper > Open > Long/3pt > Make 3 Pts,99,2025-12-20,Alma Scots,defense,Preston Malpass,play-by-play,False,,0.0,not located,
2025-12-20|99|10 Darius Chestnut > Transition > Left Wing > No Dribble Jumper > Open > Long/3pt > Make 3 Pts,99,2025-12-20,Alma Scots,defense,Raine Rodich,play-by-play,False,,0.0,not located,
2025-12-20|100|1 Elijah Sykes > P&R Ball Handler > High P&R > Dribble Off Pick > Dribble Jumper > Long/3pt > Miss 3 Pts,100,2025-12-20,Alma Scots,offense,Elijah Sykes,play-by-play,False,,0.0,not located,
2025-12-20|100|1 Elijah Sykes > P&R Ball Handler > High P&R > Dribble Off Pick > Dribble Jumper > Long/3pt > Miss 3 Pts,100,2025-12-20,Alma Scots,offense,Josh Elliott,play-by-play,False,,0.0,not located,
2025-12-20|100|1 Elijah Sykes > P&R Ball Handler > High P&R > Dribble Off Pick > Dribble Jumper > Long/3pt > Miss 3 Pts,100,2025-12-20,Alma Scots,offense,Korbin Heitzman,play-by-play,False,,0.0,not located,
2025-12-20|100|1 Elijah Sykes > P&R Ball Handler > High P&R > Dribble Off Pick > Dribble Jumper > Long/3pt > Miss 3 Pts,100,2025-12-20,Alma Scots,offense,Preston Malpass,play-by-play,False,,0.0,not located,
2025-12-20|100|1 Elijah Sykes > P&R Ball Handler > High P&R > Dribble Off Pick > Dribble Jumper > Long/3pt > Miss 3 Pts,100,2025-12-20,Alma Scots,offense,Raine Rodich,play-by-play,False,,0.0,not located,
2025-12-20|100|1 Elijah Sykes > P&R Ball Handler > High P&R > Dribble Off Pick > Dribble Jumper > Long/3pt > Miss 3 Pts,100,2025-12-20,UW-Whitewater,defense,Collin Madson,play-by-play,False,,0.0,not located,
2025-12-20|100|1 Elijah Sykes > P&R Ball Handler > High P&R > Dribble Off Pick > Dribble Jumper > Long/3pt > Miss 3 Pts,100,2025-12-20,UW-Whitewater,defense,Darius Chestnut,play-by-play,False,,0.0,not located,
2025-12-20|100|1 Elijah Sykes > P&R Ball Handler > High P&R > Dribble Off Pick > Dribble Jumper > Long/3pt > Miss 3 Pts,100,2025-12-20,UW-Whitewater,defense,Luke Bara,play-by-play,False,,0.0,not located,
2025-12-20|100|1 Elijah Sykes > P&R Ball Handler > High P&R > Dribble Off Pick > Dribble Jumper > Long/3pt > Miss 3 Pts,100,2025-12-20,UW-Whitewater,defense,Richie Warren,play-by-play,False,,0.0,not located,
2025-12-20|100|1 Elijah Sykes > P&R Ball Handler > High P&R > Dribble Off Pick > Dribble Jumper > Long/3pt > Miss 3 Pts,100,2025-12-20,UW-Whitewater,defense,Tyshawn Teague-Johnson,play-by-play,False,,0.0,not located,
2025-12-20|101|0 Isaac Verges > Spot-Up > No Dribble Jumper > Open > Long/3pt > Make 3 Pts,101,2025-12-20,UW-Whitewater,offense,Brock Marino,play-by-play,False,,0.0,not located,
2025-12-20|101|0 Isaac Verges > Spot-Up > No Dribble Jumper > Open > Long/3pt > Make 3 Pts,101,2025-12-20,UW-Whitewater,offense,Collin Madson,play-by-play,False,,0.0,not located,
2025-12-20|101|0 Isaac Verges > Spot-Up > No Dribble Jumper > Open > Long/3pt > Make 3 Pts,101,2025-12-20,UW-Whitewater,offense,Isaac Verges,play-by-play,False,,0.0,not located,
2025-12-20|101|0 Isaac Verges > Spot-Up > No Dribble Jumper > Open > Long/3pt > Make 3 Pts,101,2025-12-20,UW-Whitewater,offense,Luke Bara,play-by-play,False,,0.0,not located,
2025-12-20|101|0 Isaac Verges > Spot-Up > No Dribble Jumper > Open > Long/3pt > Make 3 Pts,101,2025-12-20,UW-Whitewater,offense,Richie Warren,play-by-play,False,,0.0,not located,
2025-12-20|101|0 Isaac Verges > Spot-Up > No Dribble Jumper > Open > Long/3pt > Make 3 Pts,101,2025-12-20,Alma Scots,defense,Donovan Collins,play-by-play,False,,0.0,not located,
2025-12-20|101|0 Isaac Verges > Spot-Up > No Dribble Jumper > Open > Long/3pt > Make 3 Pts,101,2025-12-20,Alma Scots,defense,Josh Elliott,play-by-play,False,,0.0,not located,
2025-12-20|101|0 Isaac Verges > Spot-Up > No Dribble Jumper > Open > Long/3pt > Make 3 Pts,101,2025-12-20,Alma Scots,defense,Korbin Heitzman,play-by-play,False,,0.0,not located,
2025-12-20|101|0 Isaac Verges > Spot-Up > No Dribble Jumper > Open > Long/3pt > Make 3 Pts,101,2025-12-20,Alma Scots,defense,Logan St. Martin,play-by-play,False,,0.0,not located,
2025-12-20|101|0 Isaac Verges > Spot-Up > No Dribble Jumper > Open > Long/3pt > Make 3 Pts,101,2025-12-20,Alma Scots,defense,Raine Rodich,play-by-play,False,,0.0,not located,
2025-12-20|102|3 Donovan Collins > Hand Off > From Dribble > Top > Dribble Jumper > Long/3pt > Make 3 Pts,102,2025-12-20,Alma Scots,offense,Donovan Collins,play-by-play,False,,0.0,not located,
2025-12-20|102|3 Donovan Collins > Hand Off > From Dribble > Top > Dribble Jumper > Long/3pt > Make 3 Pts,102,2025-12-20,Alma Scots,offense,Josh Elliott,play-by-play,False,,0.0,not located,
2025-12-20|102|3 Donovan Collins > Hand Off > From Dribble > Top > Dribble Jumper > Long/3pt > Make 3 Pts,102,2025-12-20,Alma Scots,offense,Korbin Heitzman,play-by-play,False,,0.0,not located,
2025-12-20|102|3 Donovan Collins > Hand Off > From Dribble > Top > Dribble Jumper > Long/3pt > Make 3 Pts,102,2025-12-20,Alma Scots,offense,Logan St. Martin,play-by-play,False,,0.0,not located,
2025-12-20|102|3 Donovan Collins > Hand Off > From Dribble > Top > Dribble Jumper > Long/3pt > Make 3 Pts,102,2025-12-20,Alma Scots,offense,Raine Rodich,play-by-play,False,,0.0,not located,
2025-12-20|102|3 Donovan Collins > Hand Off > From Dribble > Top > Dribble Jumper > Long/3pt > Make 3 Pts,102,2025-12-20,UW-Whitewater,defense,Brock Marino,play-by-play,False,,0.0,not located,
2025-12-20|102|3 Donovan Collins > Hand Off > From Dribble > Top > Dribble Jumper > Long/3pt > Make 3 Pts,102,2025-12-20,UW-Whitewater,defense,Collin Madson,play-by-play,False,,0.0,not located,
2025-12-20|102|3 Donovan Collins > Hand Off > From Dribble > Top > Dribble Jumper > Long/3pt > Make 3 Pts,102,2025-12-20,UW-Whitewater,defense,Isaac Verges,play-by-play,False,,0.0,not located,
2025-12-20|102|3 Donovan Collins > Hand Off > From Dribble > Top > Dribble Jumper > Long/3pt > Make 3 Pts,102,2025-12-20,UW-Whitewater,defense,Luke Bara,play-by-play,False,,0.0,not located,
2025-12-20|102|3 Donovan Collins > Hand Off > From Dribble > Top > Dribble Jumper > Long/3pt > Make 3 Pts,102,2025-12-20,UW-Whitewater,defense,Richie Warren,play-by-play,False,,0.0,not located,
2025-12-20|103|21 Brock Marino > Post-Up > Left Block > Left Shoulder > Dribble Move > To Basket > Foul,103,2025-12-20,UW-Whitewater,offense,Brock Marino,play-by-play,True,22,10.0,Synergy,0.95
2025-12-20|103|21 Brock Marino > Post-Up > Left Block > Left Shoulder > Dribble Move > To Basket > Foul,103,2025-12-20,UW-Whitewater,offense,Collin Madson,play-by-play,False,,0.0,not located,
2025-12-20|103|21 Brock Marino > Post-Up > Left Block > Left Shoulder > Dribble Move > To Basket > Foul,103,2025-12-20,UW-Whitewater,offense,Isaac Verges,play-by-play,False,,0.0,not located,
2025-12-20|103|21 Brock Marino > Post-Up > Left Block > Left Shoulder > Dribble Move > To Basket > Foul,103,2025-12-20,UW-Whitewater,offense,Luke Bara,play-by-play,False,,0.0,not located,
2025-12-20|103|21 Brock Marino > Post-Up > Left Block > Left Shoulder > Dribble Move > To Basket > Foul,103,2025-12-20,UW-Whitewater,offense,Richie Warren,play-by-play,False,,0.0,not located,
2025-12-20|103|21 Brock Marino > Post-Up > Left Block > Left Shoulder > Dribble Move > To Basket > Foul,103,2025-12-20,Alma Scots,defense,Donovan Collins,play-by-play,False,,0.0,not located,
2025-12-20|103|21 Brock Marino > Post-Up > Left Block > Left Shoulder > Dribble Move > To Basket > Foul,103,2025-12-20,Alma Scots,defense,Josh Elliott,play-by-play,False,,0.0,not located,
2025-12-20|103|21 Brock Marino > Post-Up > Left Block > Left Shoulder > Dribble Move > To Basket > Foul,103,2025-12-20,Alma Scots,defense,Korbin Heitzman,play-by-play,False,,0.0,not located,
2025-12-20|103|21 Brock Marino > Post-Up > Left Block > Left Shoulder > Dribble Move > To Basket > Foul,103,2025-12-20,Alma Scots,defense,Logan St. Martin,play-by-play,False,,0.0,not located,
2025-12-20|103|21 Brock Marino > Post-Up > Left Block > Left Shoulder > Dribble Move > To Basket > Foul,103,2025-12-20,Alma Scots,defense,Raine Rodich,play-by-play,False,,0.0,not located,
2025-12-20|106|24 Logan St. Martin > Non Possession > No Violation,106,2025-12-20,Alma Scots,offense,Donovan Collins,clips before/after (no clock),False,,0.0,not located,
2025-12-20|106|24 Logan St. Martin > Non Possession > No Violation,106,2025-12-20,Alma Scots,offense,Josh Elliott,clips before/after (no clock),False,,0.0,not located,
2025-12-20|106|24 Logan St. Martin > Non Possession > No Violation,106,2025-12-20,Alma Scots,offense,Korbin Heitzman,clips before/after (no clock),False,,0.0,not located,
2025-12-20|106|24 Logan St. Martin > Non Possession > No Violation,106,2025-12-20,Alma Scots,offense,Logan St. Martin,clips before/after (no clock),False,,0.0,not located,
2025-12-20|106|24 Logan St. Martin > Non Possession > No Violation,106,2025-12-20,Alma Scots,offense,Raine Rodich,clips before/after (no clock),False,,0.0,not located,
2025-12-20|106|24 Logan St. Martin > Non Possession > No Violation,106,2025-12-20,UW-Whitewater,defense,Brock Marino,clips before/after (no clock),False,,0.0,not located,
2025-12-20|106|24 Logan St. Martin > Non Possession > No Violation,106,2025-12-20,UW-Whitewater,defense,Collin Madson,clips before/after (no clock),False,,0.0,not located,
2025-12-20|106|24 Logan St. Martin > Non Possession > No Violation,106,2025-12-20,UW-Whitewater,defense,Isaac Verges,clips before/after (no clock),False,,0.0,not located,
2025-12-20|106|24 Logan St. Martin > Non Possession > No Violation,106,2025-12-20,UW-Whitewater,defense,Luke Bara,clips before/after (no clock),False,,0.0,not located,
2025-12-20|106|24 Logan St. Martin > Non Possession > No Violation,106,2025-12-20,UW-Whitewater,defense,Richie Warren,clips before/after (no clock),False,,0.0,not located,
2025-12-20|107|14 Raine Rodich > P&R Ball Handler > High P&R > Go Away from Pick > Defense Commits > Ball Delivered > 11 Korbin Heitzman > Spot-Up > No Dribble Jumper > Guarded > Long/3pt > Miss 3 Pts,107,2025-12-20,Alma Scots,offense,Donovan Collins,play-by-play,False,,0.0,not located,
2025-12-20|107|14 Raine Rodich > P&R Ball Handler > High P&R > Go Away from Pick > Defense Commits > Ball Delivered > 11 Korbin Heitzman > Spot-Up > No Dribble Jumper > Guarded > Long/3pt > Miss 3 Pts,107,2025-12-20,Alma Scots,offense,Josh Elliott,play-by-play,False,,0.0,not located,
2025-12-20|107|14 Raine Rodich > P&R Ball Handler > High P&R > Go Away from Pick > Defense Commits > Ball Delivered > 11 Korbin Heitzman > Spot-Up > No Dribble Jumper > Guarded > Long/3pt > Miss 3 Pts,107,2025-12-20,Alma Scots,offense,Korbin Heitzman,play-by-play,False,,0.0,not located,
2025-12-20|107|14 Raine Rodich > P&R Ball Handler > High P&R > Go Away from Pick > Defense Commits > Ball Delivered > 11 Korbin Heitzman > Spot-Up > No Dribble Jumper > Guarded > Long/3pt > Miss 3 Pts,107,2025-12-20,Alma Scots,offense,Logan St. Martin,play-by-play,False,,0.0,not located,
2025-12-20|107|14 Raine Rodich > P&R Ball Handler > High P&R > Go Away from Pick > Defense Commits > Ball Delivered > 11 Korbin Heitzman > Spot-Up > No Dribble Jumper > Guarded > Long/3pt > Miss 3 Pts,107,2025-12-20,Alma Scots,offense,Raine Rodich,play-by-play,True,3,16.0,Synergy,0.95
2025-12-20|107|14 Raine Rodich > P&R Ball Handler > High P&R > Go Away from Pick > Defense Commits > Ball Delivered > 11 Korbin Heitzman > Spot-Up > No Dribble Jumper > Guarded > Long/3pt > Miss 3 Pts,107,2025-12-20,UW-Whitewater,defense,Brock Marino,play-by-play,False,,0.0,not located,
2025-12-20|107|14 Raine Rodich > P&R Ball Handler > High P&R > Go Away from Pick > Defense Commits > Ball Delivered > 11 Korbin Heitzman > Spot-Up > No Dribble Jumper > Guarded > Long/3pt > Miss 3 Pts,107,2025-12-20,UW-Whitewater,defense,Collin Madson,play-by-play,False,,0.0,not located,
2025-12-20|107|14 Raine Rodich > P&R Ball Handler > High P&R > Go Away from Pick > Defense Commits > Ball Delivered > 11 Korbin Heitzman > Spot-Up > No Dribble Jumper > Guarded > Long/3pt > Miss 3 Pts,107,2025-12-20,UW-Whitewater,defense,Isaac Verges,play-by-play,False,,0.0,not located,
2025-12-20|107|14 Raine Rodich > P&R Ball Handler > High P&R > Go Away from Pick > Defense Commits > Ball Delivered > 11 Korbin Heitzman > Spot-Up > No Dribble Jumper > Guarded > Long/3pt > Miss 3 Pts,107,2025-12-20,UW-Whitewater,defense,Luke Bara,play-by-play,False,,0.0,not located,
2025-12-20|107|14 Raine Rodich > P&R Ball Handler > High P&R > Go Away from Pick > Defense Commits > Ball Delivered > 11 Korbin Heitzman > Spot-Up > No Dribble Jumper > Guarded > Long/3pt > Miss 3 Pts,107,2025-12-20,UW-Whitewater,defense,Richie Warren,play-by-play,False,,0.0,not located,
2025-12-20|108|15 Collin Madson > Post-Up > Right Block > Right Shoulder > Dribble Move > To Basket > Make 2 Pts,108,2025-12-20,UW-Whitewater,offense,Brock Marino,play-by-play,False,,0.0,not located,
2025-12-20|108|15 Collin Madson > Post-Up > Right Block > Right Shoulder > Dribble Move > To Basket > Make 2 Pts,108,2025-12-20,UW-Whitewater,offense,Collin Madson,play-by-play,False,,0.0,not located,
2025-12-20|108|15 Collin Madson > Post-Up > Right Block > Right Shoulder > Dribble Move > To Basket > Make 2 Pts,108,2025-12-20,UW-Whitewater,offense,Isaac Verges,play-by-play,False,,0.0,not located,
2025-12-20|108|15 Collin Madson > Post-Up > Right Block > Right Shoulder > Dribble Move > To Basket > Make 2 Pts,108,2025-12-20,UW-Whitewater,offense,Luke Bara,play-by-play,False,,0.0,not located,
2025-12-20|108|15 Collin Madson > Post-Up > Right Block > Right Shoulder > Dribble Move > To Basket > Make 2 Pts,108,2025-12-20,UW-Whitewater,offense,Richie Warren,play-by-play,False,,0.0,not located,
2025-12-20|108|15 Collin Madson > Post-Up > Right Block > Right Shoulder > Dribble Move > To Basket > Make 2 Pts,108,2025-12-20,Alma Scots,defense,Donovan Collins,play-by-play,False,,0.0,not located,
2025-12-20|108|15 Collin Madson > Post-Up > Right Block > Right Shoulder > Dribble Move > To Basket > Make 2 Pts,108,2025-12-20,Alma Scots,defense,Josh Elliott,play-by-play,False,,0.0,not located,
2025-12-20|108|15 Collin Madson > Post-Up > Right Block > Right Shoulder > Dribble Move > To Basket > Make 2 Pts,108,2025-12-20,Alma Scots,defense,Korbin Heitzman,play-by-play,False,,0.0,not located,
2025-12-20|108|15 Collin Madson > Post-Up > Right Block > Right Shoulder > Dribble Move > To Basket > Make 2 Pts,108,2025-12-20,Alma Scots,defense,Logan St. Martin,play-by-play,False,,0.0,not located,
2025-12-20|108|15 Collin Madson > Post-Up > Right Block > Right Shoulder > Dribble Move > To Basket > Make 2 Pts,108,2025-12-20,Alma Scots,defense,Raine Rodich,play-by-play,False,,0.0,not located,
2025-12-20|109|3 Donovan Collins > Spot-Up > Drives Straight > Dribble Jumper > Medium/17' to <3p > Miss 2 Pts,109,2025-12-20,Alma Scots,offense,Donovan Collins,play-by-play,False,,0.0,not located,
2025-12-20|109|3 Donovan Collins > Spot-Up > Drives Straight > Dribble Jumper > Medium/17' to <3p > Miss 2 Pts,109,2025-12-20,Alma Scots,offense,Josh Elliott,play-by-play,False,,0.0,not located,
2025-12-20|109|3 Donovan Collins > Spot-Up > Drives Straight > Dribble Jumper > Medium/17' to <3p > Miss 2 Pts,109,2025-12-20,Alma Scots,offense,Korbin Heitzman,play-by-play,False,,0.0,not located,
2025-12-20|109|3 Donovan Collins > Spot-Up > Drives Straight > Dribble Jumper > Medium/17' to <3p > Miss 2 Pts,109,2025-12-20,Alma Scots,offense,Logan St. Martin,play-by-play,False,,0.0,not located,
2025-12-20|109|3 Donovan Collins > Spot-Up > Drives Straight > Dribble Jumper > Medium/17' to <3p > Miss 2 Pts,109,2025-12-20,Alma Scots,offense,Raine Rodich,play-by-play,False,,0.0,not located,
2025-12-20|109|3 Donovan Collins > Spot-Up > Drives Straight > Dribble Jumper > Medium/17' to <3p > Miss 2 Pts,109,2025-12-20,UW-Whitewater,defense,Brock Marino,play-by-play,False,,0.0,not located,
2025-12-20|109|3 Donovan Collins > Spot-Up > Drives Straight > Dribble Jumper > Medium/17' to <3p > Miss 2 Pts,109,2025-12-20,UW-Whitewater,defense,Collin Madson,play-by-play,False,,0.0,not located,
2025-12-20|109|3 Donovan Collins > Spot-Up > Drives Straight > Dribble Jumper > Medium/17' to <3p > Miss 2 Pts,109,2025-12-20,UW-Whitewater,defense,Isaac Verges,play-by-play,False,,0.0,not located,
2025-12-20|109|3 Donovan Collins > Spot-Up > Drives Straight > Dribble Jumper > Medium/17' to <3p > Miss 2 Pts,109,2025-12-20,UW-Whitewater,defense,Luke Bara,play-by-play,False,,0.0,not located,
2025-12-20|109|3 Donovan Collins > Spot-Up > Drives Straight > Dribble Jumper > Medium/17' to <3p > Miss 2 Pts,109,2025-12-20,UW-Whitewater,defense,Richie Warren,play-by-play,False,,0.0,not located,
2025-12-20|110|15 Collin Madson > Transition > Right Wing > To Basket > Make 2 Pts,110,2025-12-20,UW-Whitewater,offense,Brock Marino,play-by-play,False,,0.0,not located,
2025-12-20|110|15 Collin Madson > Transition > Right Wing > To Basket > Make 2 Pts,110,2025-12-20,UW-Whitewater,offense,Collin Madson,play-by-play,False,,0.0,not located,
2025-12-20|110|15 Collin Madson > Transition > Right Wing > To Basket > Make 2 Pts,110,2025-12-20,UW-Whitewater,offense,Isaac Verges,play-by-play,False,,0.0,not located,
2025-12-20|110|15 Collin Madson > Transition > Right Wing > To Basket > Make 2 Pts,110,2025-12-20,UW-Whitewater,offense,Luke Bara,play-by-play,False,,0.0,not located,
2025-12-20|110|15 Collin Madson > Transition > Right Wing > To Basket > Make 2 Pts,110,2025-12-20,UW-Whitewater,offense,Richie Warren,play-by-play,False,,0.0,not located,
2025-12-20|110|15 Collin Madson > Transition > Right Wing > To Basket > Make 2 Pts,110,2025-12-20,Alma Scots,defense,Donovan Collins,play-by-play,False,,0.0,not located,
2025-12-20|110|15 Collin Madson > Transition > Right Wing > To Basket > Make 2 Pts,110,2025-12-20,Alma Scots,defense,Josh Elliott,play-by-play,False,,0.0,not located,
2025-12-20|110|15 Collin Madson > Transition > Right Wing > To Basket > Make 2 Pts,110,2025-12-20,Alma Scots,defense,Korbin Heitzman,play-by-play,False,,0.0,not located,
2025-12-20|110|15 Collin Madson > Transition > Right Wing > To Basket > Make 2 Pts,110,2025-12-20,Alma Scots,defense,Logan St. Martin,play-by-play,False,,0.0,not located,
2025-12-20|110|15 Collin Madson > Transition > Right Wing > To Basket > Make 2 Pts,110,2025-12-20,Alma Scots,defense,Raine Rodich,play-by-play,False,,0.0,not located,
2025-12-20|111|20 Josh Elliott > P&R Ball Handler > High P&R > Dribble Off Pick > Defense Commits > Ball Delivered > 11 Korbin Heitzman > Spot-Up > Drives Left > To Basket > Miss 2 Pts,111,2025-12-20,Alma Scots,offense,Donovan Collins,play-by-play,False,,0.0,not located,
2025-12-20|111|20 Josh Elliott > P&R Ball Handler > High P&R > Dribble Off Pick > Defense Commits > Ball Delivered > 11 Korbin Heitzman > Spot-Up > Drives Left > To Basket > Miss 2 Pts,111,2025-12-20,Alma Scots,offense,Josh Elliott,play-by-play,True,5,8.8,Synergy,0.95
2025-12-20|111|20 Josh Elliott > P&R Ball Handler > High P&R > Dribble Off Pick > Defense Commits > Ball Delivered > 11 Korbin Heitzman > Spot-Up > Drives Left > To Basket > Miss 2 Pts,111,2025-12-20,Alma Scots,offense,Korbin Heitzman,play-by-play,False,,0.0,not located,
2025-12-20|111|20 Josh Elliott > P&R Ball Handler > High P&R > Dribble Off Pick > Defense Commits > Ball Delivered > 11 Korbin Heitzman > Spot-Up > Drives Left > To Basket > Miss 2 Pts,111,2025-12-20,Alma Scots,offense,Logan St. Martin,play-by-play,False,,0.0,not located,
2025-12-20|111|20 Josh Elliott > P&R Ball Handler > High P&R > Dribble Off Pick > Defense Commits > Ball Delivered > 11 Korbin Heitzman > Spot-Up > Drives Left > To Basket > Miss 2 Pts,111,2025-12-20,Alma Scots,offense,Raine Rodich,play-by-play,False,,0.0,not located,
2025-12-20|111|20 Josh Elliott > P&R Ball Handler > High P&R > Dribble Off Pick > Defense Commits > Ball Delivered > 11 Korbin Heitzman > Spot-Up > Drives Left > To Basket > Miss 2 Pts,111,2025-12-20,UW-Whitewater,defense,Brock Marino,play-by-play,False,,0.0,not located,
2025-12-20|111|20 Josh Elliott > P&R Ball Handler > High P&R > Dribble Off Pick > Defense Commits > Ball Delivered > 11 Korbin Heitzman > Spot-Up > Drives Left > To Basket > Miss 2 Pts,111,2025-12-20,UW-Whitewater,defense,Collin Madson,play-by-play,False,,0.0,not located,
2025-12-20|111|20 Josh Elliott > P&R Ball Handler > High P&R > Dribble Off Pick > Defense Commits > Ball Delivered > 11 Korbin Heitzman > Spot-Up > Drives Left > To Basket > Miss 2 Pts,111,2025-12-20,UW-Whitewater,defense,Isaac Verges,play-by-play,False,,0.0,not located,
2025-12-20|111|20 Josh Elliott > P&R Ball Handler > High P&R > Dribble Off Pick > Defense Commits > Ball Delivered > 11 Korbin Heitzman > Spot-Up > Drives Left > To Basket > Miss 2 Pts,111,2025-12-20,UW-Whitewater,defense,Luke Bara,play-by-play,False,,0.0,not located,
2025-12-20|111|20 Josh Elliott > P&R Ball Handler > High P&R > Dribble Off Pick > Defense Commits > Ball Delivered > 11 Korbin Heitzman > Spot-Up > Drives Left > To Basket > Miss 2 Pts,111,2025-12-20,UW-Whitewater,defense,Richie Warren,play-by-play,False,,0.0,not located,
2025-12-20|112|0 Isaac Verges > Transition > Ballhandler > To Basket > Miss 2 Pts,112,2025-12-20,UW-Whitewater,offense,Brock Marino,play-by-play,False,,0.0,not located,
2025-12-20|112|0 Isaac Verges > Transition > Ballhandler > To Basket > Miss 2 Pts,112,2025-12-20,UW-Whitewater,offense,Collin Madson,play-by-play,False,,0.0,not located,
2025-12-20|112|0 Isaac Verges > Transition > Ballhandler > To Basket > Miss 2 Pts,112,2025-12-20,UW-Whitewater,offense,Isaac Verges,play-by-play,False,,0.0,not located,
2025-12-20|112|0 Isaac Verges > Transition > Ballhandler > To Basket > Miss 2 Pts,112,2025-12-20,UW-Whitewater,offense,Luke Bara,play-by-play,False,,0.0,not located,
2025-12-20|112|0 Isaac Verges > Transition > Ballhandler > To Basket > Miss 2 Pts,112,2025-12-20,UW-Whitewater,offense,Richie Warren,play-by-play,False,,0.0,not located,
2025-12-20|112|0 Isaac Verges > Transition > Ballhandler > To Basket > Miss 2 Pts,112,2025-12-20,Alma Scots,defense,Donovan Collins,play-by-play,False,,0.0,not located,
2025-12-20|112|0 Isaac Verges > Transition > Ballhandler > To Basket > Miss 2 Pts,112,2025-12-20,Alma Scots,defense,Josh Elliott,play-by-play,False,,0.0,not located,
2025-12-20|112|0 Isaac Verges > Transition > Ballhandler > To Basket > Miss 2 Pts,112,2025-12-20,Alma Scots,defense,Korbin Heitzman,play-by-play,False,,0.0,not located,
2025-12-20|112|0 Isaac Verges > Transition > Ballhandler > To Basket > Miss 2 Pts,112,2025-12-20,Alma Scots,defense,Logan St. Martin,play-by-play,False,,0.0,not located,
2025-12-20|112|0 Isaac Verges > Transition > Ballhandler > To Basket > Miss 2 Pts,112,2025-12-20,Alma Scots,defense,Raine Rodich,play-by-play,False,,0.0,not located,
2025-12-20|113|14 Raine Rodich > Non Possession > Non Shooting Foul,113,2025-12-20,Alma Scots,offense,Donovan Collins,play-by-play,False,,0.0,not located,
2025-12-20|113|14 Raine Rodich > Non Possession > Non Shooting Foul,113,2025-12-20,Alma Scots,offense,Josh Elliott,play-by-play,False,,0.0,not located,
2025-12-20|113|14 Raine Rodich > Non Possession > Non Shooting Foul,113,2025-12-20,Alma Scots,offense,Korbin Heitzman,play-by-play,False,,0.0,not located,
2025-12-20|113|14 Raine Rodich > Non Possession > Non Shooting Foul,113,2025-12-20,Alma Scots,offense,Logan St. Martin,play-by-play,False,,0.0,not located,
2025-12-20|113|14 Raine Rodich > Non Possession > Non Shooting Foul,113,2025-12-20,Alma Scots,offense,Raine Rodich,play-by-play,False,,0.0,not located,
2025-12-20|113|14 Raine Rodich > Non Possession > Non Shooting Foul,113,2025-12-20,UW-Whitewater,defense,Brock Marino,play-by-play,False,,0.0,not located,
2025-12-20|113|14 Raine Rodich > Non Possession > Non Shooting Foul,113,2025-12-20,UW-Whitewater,defense,Collin Madson,play-by-play,False,,0.0,not located,
2025-12-20|113|14 Raine Rodich > Non Possession > Non Shooting Foul,113,2025-12-20,UW-Whitewater,defense,Isaac Verges,play-by-play,False,,0.0,not located,
2025-12-20|113|14 Raine Rodich > Non Possession > Non Shooting Foul,113,2025-12-20,UW-Whitewater,defense,Luke Bara,play-by-play,False,,0.0,not located,
2025-12-20|113|14 Raine Rodich > Non Possession > Non Shooting Foul,113,2025-12-20,UW-Whitewater,defense,Richie Warren,play-by-play,False,,0.0,not located,
2025-12-20|114|11 Korbin Heitzman > No Play Type > Turnover,114,2025-12-20,Alma Scots,offense,Donovan Collins,play-by-play,False,,0.0,not located,
2025-12-20|114|11 Korbin Heitzman > No Play Type > Turnover,114,2025-12-20,Alma Scots,offense,Josh Elliott,play-by-play,False,,0.0,not located,
2025-12-20|114|11 Korbin Heitzman > No Play Type > Turnover,114,2025-12-20,Alma Scots,offense,Korbin Heitzman,play-by-play,False,,0.0,not located,
2025-12-20|114|11 Korbin Heitzman > No Play Type > Turnover,114,2025-12-20,Alma Scots,offense,Logan St. Martin,play-by-play,False,,0.0,not located,
2025-12-20|114|11 Korbin Heitzman > No Play Type > Turnover,114,2025-12-20,Alma Scots,offense,Raine Rodich,play-by-play,False,,0.0,not located,
2025-12-20|114|11 Korbin Heitzman > No Play Type > Turnover,114,2025-12-20,UW-Whitewater,defense,Brock Marino,play-by-play,False,,0.0,not located,
2025-12-20|114|11 Korbin Heitzman > No Play Type > Turnover,114,2025-12-20,UW-Whitewater,defense,Collin Madson,play-by-play,False,,0.0,not located,
2025-12-20|114|11 Korbin Heitzman > No Play Type > Turnover,114,2025-12-20,UW-Whitewater,defense,Isaac Verges,play-by-play,False,,0.0,not located,
2025-12-20|114|11 Korbin Heitzman > No Play Type > Turnover,114,2025-12-20,UW-Whitewater,defense,Luke Bara,play-by-play,False,,0.0,not located,
2025-12-20|114|11 Korbin Heitzman > No Play Type > Turnover,114,2025-12-20,UW-Whitewater,defense,Richie Warren,play-by-play,False,,0.0,not located,
2025-12-20|115|15 Collin Madson > Post-Up > Left Block > Right Shoulder > Dribble Move > To Basket > Miss 2 Pts,115,2025-12-20,UW-Whitewater,offense,Brock Marino,play-by-play,False,,0.0,not located,
2025-12-20|115|15 Collin Madson > Post-Up > Left Block > Right Shoulder > Dribble Move > To Basket > Miss 2 Pts,115,2025-12-20,UW-Whitewater,offense,Collin Madson,play-by-play,False,,0.0,not located,
2025-12-20|115|15 Collin Madson > Post-Up > Left Block > Right Shoulder > Dribble Move > To Basket > Miss 2 Pts,115,2025-12-20,UW-Whitewater,offense,Isaac Verges,play-by-play,False,,0.0,not located,
2025-12-20|115|15 Collin Madson > Post-Up > Left Block > Right Shoulder > Dribble Move > To Basket > Miss 2 Pts,115,2025-12-20,UW-Whitewater,offense,Luke Bara,play-by-play,False,,0.0,not located,
2025-12-20|115|15 Collin Madson > Post-Up > Left Block > Right Shoulder > Dribble Move > To Basket > Miss 2 Pts,115,2025-12-20,UW-Whitewater,offense,Richie Warren,play-by-play,False,,0.0,not located,
2025-12-20|115|15 Collin Madson > Post-Up > Left Block > Right Shoulder > Dribble Move > To Basket > Miss 2 Pts,115,2025-12-20,Alma Scots,defense,Donovan Collins,play-by-play,False,,0.0,not located,
2025-12-20|115|15 Collin Madson > Post-Up > Left Block > Right Shoulder > Dribble Move > To Basket > Miss 2 Pts,115,2025-12-20,Alma Scots,defense,Josh Elliott,play-by-play,False,,0.0,not located,
2025-12-20|115|15 Collin Madson > Post-Up > Left Block > Right Shoulder > Dribble Move > To Basket > Miss 2 Pts,115,2025-12-20,Alma Scots,defense,Korbin Heitzman,play-by-play,False,,0.0,not located,
2025-12-20|115|15 Collin Madson > Post-Up > Left Block > Right Shoulder > Dribble Move > To Basket > Miss 2 Pts,115,2025-12-20,Alma Scots,defense,Logan St. Martin,play-by-play,False,,0.0,not located,
2025-12-20|115|15 Collin Madson > Post-Up > Left Block > Right Shoulder > Dribble Move > To Basket > Miss 2 Pts,115,2025-12-20,Alma Scots,defense,Raine Rodich,play-by-play,False,,0.0,not located,
2025-12-20|116|20 Josh Elliott > Non Possession > Non Shooting Foul,116,2025-12-20,Alma Scots,offense,Donovan Collins,play-by-play,False,,0.0,not located,
2025-12-20|116|20 Josh Elliott > Non Possession > Non Shooting Foul,116,2025-12-20,Alma Scots,offense,Josh Elliott,play-by-play,False,,0.0,not located,
2025-12-20|116|20 Josh Elliott > Non Possession > Non Shooting Foul,116,2025-12-20,Alma Scots,offense,Korbin Heitzman,play-by-play,False,,0.0,not located,
2025-12-20|116|20 Josh Elliott > Non Possession > Non Shooting Foul,116,2025-12-20,Alma Scots,offense,Logan St. Martin,play-by-play,False,,0.0,not located,
2025-12-20|116|20 Josh Elliott > Non Possession > Non Shooting Foul,116,2025-12-20,Alma Scots,offense,Raine Rodich,play-by-play,False,,0.0,not located,
2025-12-20|116|20 Josh Elliott > Non Possession > Non Shooting Foul,116,2025-12-20,UW-Whitewater,defense,Brock Marino,play-by-play,False,,0.0,not located,
2025-12-20|116|20 Josh Elliott > Non Possession > Non Shooting Foul,116,2025-12-20,UW-Whitewater,defense,Collin Madson,play-by-play,False,,0.0,not located,
2025-12-20|116|20 Josh Elliott > Non Possession > Non Shooting Foul,116,2025-12-20,UW-Whitewater,defense,Isaac Verges,play-by-play,False,,0.0,not located,
2025-12-20|116|20 Josh Elliott > Non Possession > Non Shooting Foul,116,2025-12-20,UW-Whitewater,defense,Luke Bara,play-by-play,False,,0.0,not located,
2025-12-20|116|20 Josh Elliott > Non Possession > Non Shooting Foul,116,2025-12-20,UW-Whitewater,defense,Richie Warren,play-by-play,False,,0.0,not located,
2025-12-20|117|3 Donovan Collins > Spot-Up > No Dribble Jumper > Open > Long/3pt > Miss 3 Pts,117,2025-12-20,Alma Scots,offense,Donovan Collins,play-by-play,False,,0.0,not located,
2025-12-20|117|3 Donovan Collins > Spot-Up > No Dribble Jumper > Open > Long/3pt > Miss 3 Pts,117,2025-12-20,Alma Scots,offense,Josh Elliott,play-by-play,False,,0.0,not located,
2025-12-20|117|3 Donovan Collins > Spot-Up > No Dribble Jumper > Open > Long/3pt > Miss 3 Pts,117,2025-12-20,Alma Scots,offense,Korbin Heitzman,play-by-play,False,,0.0,not located,
2025-12-20|117|3 Donovan Collins > Spot-Up > No Dribble Jumper > Open > Long/3pt > Miss 3 Pts,117,2025-12-20,Alma Scots,offense,Logan St. Martin,play-by-play,False,,0.0,not located,
2025-12-20|117|3 Donovan Collins > Spot-Up > No Dribble Jumper > Open > Long/3pt > Miss 3 Pts,117,2025-12-20,Alma Scots,offense,Raine Rodich,play-by-play,False,,0.0,not located,
2025-12-20|117|3 Donovan Collins > Spot-Up > No Dribble Jumper > Open > Long/3pt > Miss 3 Pts,117,2025-12-20,UW-Whitewater,defense,Brock Marino,play-by-play,False,,0.0,not located,
2025-12-20|117|3 Donovan Collins > Spot-Up > No Dribble Jumper > Open > Long/3pt > Miss 3 Pts,117,2025-12-20,UW-Whitewater,defense,Collin Madson,play-by-play,False,,0.0,not located,
2025-12-20|117|3 Donovan Collins > Spot-Up > No Dribble Jumper > Open > Long/3pt > Miss 3 Pts,117,2025-12-20,UW-Whitewater,defense,Isaac Verges,play-by-play,False,,0.0,not located,
2025-12-20|117|3 Donovan Collins > Spot-Up > No Dribble Jumper > Open > Long/3pt > Miss 3 Pts,117,2025-12-20,UW-Whitewater,defense,Luke Bara,play-by-play,False,,0.0,not located,
2025-12-20|117|3 Donovan Collins > Spot-Up > No Dribble Jumper > Open > Long/3pt > Miss 3 Pts,117,2025-12-20,UW-Whitewater,defense,Richie Warren,play-by-play,False,,0.0,not located,
2025-12-20|118|0 Isaac Verges > Transition > Ballhandler > To Basket > Make 2 Pts,118,2025-12-20,UW-Whitewater,offense,Brock Marino,play-by-play,False,,0.0,not located,
2025-12-20|118|0 Isaac Verges > Transition > Ballhandler > To Basket > Make 2 Pts,118,2025-12-20,UW-Whitewater,offense,Collin Madson,play-by-play,False,,0.0,not located,
2025-12-20|118|0 Isaac Verges > Transition > Ballhandler > To Basket > Make 2 Pts,118,2025-12-20,UW-Whitewater,offense,Isaac Verges,play-by-play,False,,0.0,not located,
2025-12-20|118|0 Isaac Verges > Transition > Ballhandler > To Basket > Make 2 Pts,118,2025-12-20,UW-Whitewater,offense,Luke Bara,play-by-play,False,,0.0,not located,
2025-12-20|118|0 Isaac Verges > Transition > Ballhandler > To Basket > Make 2 Pts,118,2025-12-20,UW-Whitewater,offense,Richie Warren,play-by-play,False,,0.0,not located,
2025-12-20|118|0 Isaac Verges > Transition > Ballhandler > To Basket > Make 2 Pts,118,2025-12-20,Alma Scots,defense,Donovan Collins,play-by-play,False,,0.0,not located,
2025-12-20|118|0 Isaac Verges > Transition > Ballhandler > To Basket > Make 2 Pts,118,2025-12-20,Alma Scots,defense,Josh Elliott,play-by-play,False,,0.0,not located,
2025-12-20|118|0 Isaac Verges > Transition > Ballhandler > To Basket > Make 2 Pts,118,2025-12-20,Alma Scots,defense,Korbin Heitzman,play-by-play,False,,0.0,not located,
2025-12-20|118|0 Isaac Verges > Transition > Ballhandler > To Basket > Make 2 Pts,118,2025-12-20,Alma Scots,defense,Logan St. Martin,play-by-play,False,,0.0,not located,
2025-12-20|118|0 Isaac Verges > Transition > Ballhandler > To Basket > Make 2 Pts,118,2025-12-20,Alma Scots,defense,Raine Rodich,play-by-play,False,,0.0,not located,
2025-12-20|119|11 Korbin Heitzman > Hand Off > From Stationary > Right > To Basket > Foul,119,2025-12-20,Alma Scots,offense,Donovan Collins,play-by-play,False,,0.0,not located,
2025-12-20|119|11 Korbin Heitzman > Hand Off > From Stationary > Right > To Basket > Foul,119,2025-12-20,Alma Scots,offense,Josh Elliott,play-by-play,False,,0.0,not located,
2025-12-20|119|11 Korbin Heitzman > Hand Off > From Stationary > Right > To Basket > Foul,119,2025-12-20,Alma Scots,offense,Korbin Heitzman,play-by-play,True,51,3.0,Synergy,0.95
2025-12-20|119|11 Korbin Heitzman > Hand Off > From Stationary > Right > To Basket > Foul,119,2025-12-20,Alma Scots,offense,Logan St. Martin,play-by-play,False,,0.0,not located,
2025-12-20|119|11 Korbin Heitzman > Hand Off > From Stationary > Right > To Basket > Foul,119,2025-12-20,Alma Scots,offense,Raine Rodich,play-by-play,False,,0.0,not located,
2025-12-20|119|11 Korbin Heitzman > Hand Off > From Stationary > Right > To Basket > Foul,119,2025-12-20,UW-Whitewater,defense,Brock Marino,play-by-play,False,,0.0,not located,
2025-12-20|119|11 Korbin Heitzman > Hand Off > From Stationary > Right > To Basket > Foul,119,2025-12-20,UW-Whitewater,defense,Collin Madson,play-by-play,False,,0.0,not located,
2025-12-20|119|11 Korbin Heitzman > Hand Off > From Stationary > Right > To Basket > Foul,119,2025-12-20,UW-Whitewater,defense,Isaac Verges,play-by-play,False,,0.0,not located,
2025-12-20|119|11 Korbin Heitzman > Hand Off > From Stationary > Right > To Basket > Foul,119,2025-12-20,UW-Whitewater,defense,Luke Bara,play-by-play,False,,0.0,not located,
2025-12-20|119|11 Korbin Heitzman > Hand Off > From Stationary > Right > To Basket > Foul,119,2025-12-20,UW-Whitewater,defense,Richie Warren,play-by-play,False,,0.0,not located,
2025-12-20|122|21 Brock Marino > Cut > Basket > Miss 2 Pts,122,2025-12-20,UW-Whitewater,offense,Brock Marino,play-by-play,False,,0.0,not located,
2025-12-20|122|21 Brock Marino > Cut > Basket > Miss 2 Pts,122,2025-12-20,UW-Whitewater,offense,Collin Madson,play-by-play,False,,0.0,not located,
2025-12-20|122|21 Brock Marino > Cut > Basket > Miss 2 Pts,122,2025-12-20,UW-Whitewater,offense,Isaac Verges,play-by-play,False,,0.0,not located,
2025-12-20|122|21 Brock Marino > Cut > Basket > Miss 2 Pts,122,2025-12-20,UW-Whitewater,offense,Luke Bara,play-by-play,False,,0.0,not located,
2025-12-20|122|21 Brock Marino > Cut > Basket > Miss 2 Pts,122,2025-12-20,UW-Whitewater,offense,Richie Warren,play-by-play,False,,0.0,not located,
2025-12-20|122|21 Brock Marino > Cut > Basket > Miss 2 Pts,122,2025-12-20,Alma Scots,defense,Donovan Collins,play-by-play,False,,0.0,not located,
2025-12-20|122|21 Brock Marino > Cut > Basket > Miss 2 Pts,122,2025-12-20,Alma Scots,defense,Josh Elliott,play-by-play,False,,0.0,not located,
2025-12-20|122|21 Brock Marino > Cut > Basket > Miss 2 Pts,122,2025-12-20,Alma Scots,defense,Joss Bradley,play-by-play,False,,0.0,not located,
2025-12-20|122|21 Brock Marino > Cut > Basket > Miss 2 Pts,122,2025-12-20,Alma Scots,defense,Korbin Heitzman,play-by-play,False,,0.0,not located,
2025-12-20|122|21 Brock Marino > Cut > Basket > Miss 2 Pts,122,2025-12-20,Alma Scots,defense,Logan St. Martin,play-by-play,False,,0.0,not located,
2025-12-20|123|11 Korbin Heitzman > Cut > Basket > Make 2 Pts,123,2025-12-20,Alma Scots,offense,Donovan Collins,play-by-play,False,,0.0,not located,
2025-12-20|123|11 Korbin Heitzman > Cut > Basket > Make 2 Pts,123,2025-12-20,Alma Scots,offense,Josh Elliott,play-by-play,False,,0.0,not located,
2025-12-20|123|11 Korbin Heitzman > Cut > Basket > Make 2 Pts,123,2025-12-20,Alma Scots,offense,Joss Bradley,play-by-play,False,,0.0,not located,
2025-12-20|123|11 Korbin Heitzman > Cut > Basket > Make 2 Pts,123,2025-12-20,Alma Scots,offense,Korbin Heitzman,play-by-play,False,,0.0,not located,
2025-12-20|123|11 Korbin Heitzman > Cut > Basket > Make 2 Pts,123,2025-12-20,Alma Scots,offense,Logan St. Martin,play-by-play,False,,0.0,not located,
2025-12-20|123|11 Korbin Heitzman > Cut > Basket > Make 2 Pts,123,2025-12-20,UW-Whitewater,defense,Brock Marino,play-by-play,False,,0.0,not located,
2025-12-20|123|11 Korbin Heitzman > Cut > Basket > Make 2 Pts,123,2025-12-20,UW-Whitewater,defense,Collin Madson,play-by-play,False,,0.0,not located,
2025-12-20|123|11 Korbin Heitzman > Cut > Basket > Make 2 Pts,123,2025-12-20,UW-Whitewater,defense,Isaac Verges,play-by-play,False,,0.0,not located,
2025-12-20|123|11 Korbin Heitzman > Cut > Basket > Make 2 Pts,123,2025-12-20,UW-Whitewater,defense,Luke Bara,play-by-play,False,,0.0,not located,
2025-12-20|123|11 Korbin Heitzman > Cut > Basket > Make 2 Pts,123,2025-12-20,UW-Whitewater,defense,Richie Warren,play-by-play,False,,0.0,not located,
2025-12-20|124|32 Luke Bara > ISO > Top > Drives Right > Defense Commits > Ball Delivered > 21 Brock Marino > Cut > Basket > Miss 2 Pts,124,2025-12-20,UW-Whitewater,offense,Brock Marino,play-by-play,False,,0.0,not located,
2025-12-20|124|32 Luke Bara > ISO > Top > Drives Right > Defense Commits > Ball Delivered > 21 Brock Marino > Cut > Basket > Miss 2 Pts,124,2025-12-20,UW-Whitewater,offense,Collin Madson,play-by-play,False,,0.0,not located,
2025-12-20|124|32 Luke Bara > ISO > Top > Drives Right > Defense Commits > Ball Delivered > 21 Brock Marino > Cut > Basket > Miss 2 Pts,124,2025-12-20,UW-Whitewater,offense,Isaac Verges,play-by-play,False,,0.0,not located,
2025-12-20|124|32 Luke Bara > ISO > Top > Drives Right > Defense Commits > Ball Delivered > 21 Brock Marino > Cut > Basket > Miss 2 Pts,124,2025-12-20,UW-Whitewater,offense,Luke Bara,play-by-play,True,20,10.2,Synergy,0.95
2025-12-20|124|32 Luke Bara > ISO > Top > Drives Right > Defense Commits > Ball Delivered > 21 Brock Marino > Cut > Basket > Miss 2 Pts,124,2025-12-20,UW-Whitewater,offense,Richie Warren,play-by-play,False,,0.0,not located,
2025-12-20|124|32 Luke Bara > ISO > Top > Drives Right > Defense Commits > Ball Delivered > 21 Brock Marino > Cut > Basket > Miss 2 Pts,124,2025-12-20,Alma Scots,defense,Donovan Collins,play-by-play,False,,0.0,not located,
2025-12-20|124|32 Luke Bara > ISO > Top > Drives Right > Defense Commits > Ball Delivered > 21 Brock Marino > Cut > Basket > Miss 2 Pts,124,2025-12-20,Alma Scots,defense,Josh Elliott,play-by-play,False,,0.0,not located,
2025-12-20|124|32 Luke Bara > ISO > Top > Drives Right > Defense Commits > Ball Delivered > 21 Brock Marino > Cut > Basket > Miss 2 Pts,124,2025-12-20,Alma Scots,defense,Joss Bradley,play-by-play,False,,0.0,not located,
2025-12-20|124|32 Luke Bara > ISO > Top > Drives Right > Defense Commits > Ball Delivered > 21 Brock Marino > Cut > Basket > Miss 2 Pts,124,2025-12-20,Alma Scots,defense,Korbin Heitzman,play-by-play,False,,0.0,not located,
2025-12-20|124|32 Luke Bara > ISO > Top > Drives Right > Defense Commits > Ball Delivered > 21 Brock Marino > Cut > Basket > Miss 2 Pts,124,2025-12-20,Alma Scots,defense,Logan St. Martin,play-by-play,False,,0.0,not located,
2025-12-20|125|24 Richie Warren > Offensive Rebound > Short > Scoring Attempt > At Basket > Foul,125,2025-12-20,UW-Whitewater,offense,Brock Marino,play-by-play,False,,0.0,not located,
2025-12-20|125|24 Richie Warren > Offensive Rebound > Short > Scoring Attempt > At Basket > Foul,125,2025-12-20,UW-Whitewater,offense,Collin Madson,play-by-play,False,,0.0,not located,
2025-12-20|125|24 Richie Warren > Offensive Rebound > Short > Scoring Attempt > At Basket > Foul,125,2025-12-20,UW-Whitewater,offense,Isaac Verges,play-by-play,False,,0.0,not located,
2025-12-20|125|24 Richie Warren > Offensive Rebound > Short > Scoring Attempt > At Basket > Foul,125,2025-12-20,UW-Whitewater,offense,Luke Bara,play-by-play,False,,0.0,not located,
2025-12-20|125|24 Richie Warren > Offensive Rebound > Short > Scoring Attempt > At Basket > Foul,125,2025-12-20,UW-Whitewater,offense,Richie Warren,play-by-play,False,,0.0,not located,
2025-12-20|125|24 Richie Warren > Offensive Rebound > Short > Scoring Attempt > At Basket > Foul,125,2025-12-20,Alma Scots,defense,Donovan Collins,play-by-play,False,,0.0,not located,
2025-12-20|125|24 Richie Warren > Offensive Rebound > Short > Scoring Attempt > At Basket > Foul,125,2025-12-20,Alma Scots,defense,Josh Elliott,play-by-play,False,,0.0,not located,
2025-12-20|125|24 Richie Warren > Offensive Rebound > Short > Scoring Attempt > At Basket > Foul,125,2025-12-20,Alma Scots,defense,Joss Bradley,play-by-play,False,,0.0,not located,
2025-12-20|125|24 Richie Warren > Offensive Rebound > Short > Scoring Attempt > At Basket > Foul,125,2025-12-20,Alma Scots,defense,Korbin Heitzman,play-by-play,False,,0.0,not located,
2025-12-20|125|24 Richie Warren > Offensive Rebound > Short > Scoring Attempt > At Basket > Foul,125,2025-12-20,Alma Scots,defense,Logan St. Martin,play-by-play,False,,0.0,not located,
2025-12-20|128|11 Korbin Heitzman > Off Screen > To Shooter's Left > Straight > Turnover,128,2025-12-20,Alma Scots,offense,Elijah Sykes,play-by-play,False,,0.0,not located,
2025-12-20|128|11 Korbin Heitzman > Off Screen > To Shooter's Left > Straight > Turnover,128,2025-12-20,Alma Scots,offense,Josh Elliott,play-by-play,False,,0.0,not located,
2025-12-20|128|11 Korbin Heitzman > Off Screen > To Shooter's Left > Straight > Turnover,128,2025-12-20,Alma Scots,offense,Joss Bradley,play-by-play,False,,0.0,not located,
2025-12-20|128|11 Korbin Heitzman > Off Screen > To Shooter's Left > Straight > Turnover,128,2025-12-20,Alma Scots,offense,Korbin Heitzman,play-by-play,True,6,13.5,Synergy,0.95
2025-12-20|128|11 Korbin Heitzman > Off Screen > To Shooter's Left > Straight > Turnover,128,2025-12-20,Alma Scots,offense,Luciano Guerrazzi,play-by-play,False,,0.0,not located,
2025-12-20|128|11 Korbin Heitzman > Off Screen > To Shooter's Left > Straight > Turnover,128,2025-12-20,UW-Whitewater,defense,Brock Marino,play-by-play,False,,0.0,not located,
2025-12-20|128|11 Korbin Heitzman > Off Screen > To Shooter's Left > Straight > Turnover,128,2025-12-20,UW-Whitewater,defense,Collin Madson,play-by-play,False,,0.0,not located,
2025-12-20|128|11 Korbin Heitzman > Off Screen > To Shooter's Left > Straight > Turnover,128,2025-12-20,UW-Whitewater,defense,Isaac Verges,play-by-play,False,,0.0,not located,
2025-12-20|128|11 Korbin Heitzman > Off Screen > To Shooter's Left > Straight > Turnover,128,2025-12-20,UW-Whitewater,defense,Luke Bara,play-by-play,False,,0.0,not located,
2025-12-20|128|11 Korbin Heitzman > Off Screen > To Shooter's Left > Straight > Turnover,128,2025-12-20,UW-Whitewater,defense,Richie Warren,play-by-play,False,,0.0,not located,
2025-12-20|129|0 Isaac Verges > Cut > Basket > Make 2 Pts,129,2025-12-20,UW-Whitewater,offense,Brock Marino,play-by-play,False,,0.0,not located,
2025-12-20|129|0 Isaac Verges > Cut > Basket > Make 2 Pts,129,2025-12-20,UW-Whitewater,offense,Collin Madson,play-by-play,False,,0.0,not located,
2025-12-20|129|0 Isaac Verges > Cut > Basket > Make 2 Pts,129,2025-12-20,UW-Whitewater,offense,Isaac Verges,play-by-play,False,,0.0,not located,
2025-12-20|129|0 Isaac Verges > Cut > Basket > Make 2 Pts,129,2025-12-20,UW-Whitewater,offense,Luke Bara,play-by-play,False,,0.0,not located,
2025-12-20|129|0 Isaac Verges > Cut > Basket > Make 2 Pts,129,2025-12-20,UW-Whitewater,offense,Richie Warren,play-by-play,False,,0.0,not located,
2025-12-20|129|0 Isaac Verges > Cut > Basket > Make 2 Pts,129,2025-12-20,Alma Scots,defense,Elijah Sykes,play-by-play,False,,0.0,not located,
2025-12-20|129|0 Isaac Verges > Cut > Basket > Make 2 Pts,129,2025-12-20,Alma Scots,defense,Josh Elliott,play-by-play,False,,0.0,not located,
2025-12-20|129|0 Isaac Verges > Cut > Basket > Make 2 Pts,129,2025-12-20,Alma Scots,defense,Joss Bradley,play-by-play,False,,0.0,not located,
2025-12-20|129|0 Isaac Verges > Cut > Basket > Make 2 Pts,129,2025-12-20,Alma Scots,defense,Korbin Heitzman,play-by-play,False,,0.0,not located,
2025-12-20|129|0 Isaac Verges > Cut > Basket > Make 2 Pts,129,2025-12-20,Alma Scots,defense,Luciano Guerrazzi,play-by-play,False,,0.0,not located,
2025-12-20|130|20 Josh Elliott > Hand Off > From Dribble > Left > No Dribble Jumper > Open > Long/3pt > Miss 3 Pts,130,2025-12-20,Alma Scots,offense,Elijah Sykes,play-by-play,False,,0.0,not located,
2025-12-20|130|20 Josh Elliott > Hand Off > From Dribble > Left > No Dribble Jumper > Open > Long/3pt > Miss 3 Pts,130,2025-12-20,Alma Scots,offense,Josh Elliott,play-by-play,False,,0.0,not located,
2025-12-20|130|20 Josh Elliott > Hand Off > From Dribble > Left > No Dribble Jumper > Open > Long/3pt > Miss 3 Pts,130,2025-12-20,Alma Scots,offense,Joss Bradley,play-by-play,False,,0.0,not located,
2025-12-20|130|20 Josh Elliott > Hand Off > From Dribble > Left > No Dribble Jumper > Open > Long/3pt > Miss 3 Pts,130,2025-12-20,Alma Scots,offense,Korbin Heitzman,play-by-play,False,,0.0,not located,
2025-12-20|130|20 Josh Elliott > Hand Off > From Dribble > Left > No Dribble Jumper > Open > Long/3pt > Miss 3 Pts,130,2025-12-20,Alma Scots,offense,Luciano Guerrazzi,play-by-play,False,,0.0,not located,
2025-12-20|130|20 Josh Elliott > Hand Off > From Dribble > Left > No Dribble Jumper > Open > Long/3pt > Miss 3 Pts,130,2025-12-20,UW-Whitewater,defense,Brock Marino,play-by-play,False,,0.0,not located,
2025-12-20|130|20 Josh Elliott > Hand Off > From Dribble > Left > No Dribble Jumper > Open > Long/3pt > Miss 3 Pts,130,2025-12-20,UW-Whitewater,defense,Collin Madson,play-by-play,False,,0.0,not located,
2025-12-20|130|20 Josh Elliott > Hand Off > From Dribble > Left > No Dribble Jumper > Open > Long/3pt > Miss 3 Pts,130,2025-12-20,UW-Whitewater,defense,Isaac Verges,play-by-play,False,,0.0,not located,
2025-12-20|130|20 Josh Elliott > Hand Off > From Dribble > Left > No Dribble Jumper > Open > Long/3pt > Miss 3 Pts,130,2025-12-20,UW-Whitewater,defense,Luke Bara,play-by-play,False,,0.0,not located,
2025-12-20|130|20 Josh Elliott > Hand Off > From Dribble > Left > No Dribble Jumper > Open > Long/3pt > Miss 3 Pts,130,2025-12-20,UW-Whitewater,defense,Richie Warren,play-by-play,False,,0.0,not located,
2025-12-20|131|10 Joss Bradley > Spot-Up > Drives Right > To Basket > Foul,131,2025-12-20,Alma Scots,offense,Elijah Sykes,play-by-play,False,,0.0,not located,
2025-12-20|131|10 Joss Bradley > Spot-Up > Drives Right > To Basket > Foul,131,2025-12-20,Alma Scots,offense,Josh Elliott,play-by-play,False,,0.0,not located,
2025-12-20|131|10 Joss Bradley > Spot-Up > Drives Right > To Basket > Foul,131,2025-12-20,Alma Scots,offense,Joss Bradley,play-by-play,False,,0.0,not located,
2025-12-20|131|10 Joss Bradley > Spot-Up > Drives Right > To Basket > Foul,131,2025-12-20,Alma Scots,offense,Korbin Heitzman,play-by-play,False,,0.0,not located,
2025-12-20|131|10 Joss Bradley > Spot-Up > Drives Right > To Basket > Foul,131,2025-12-20,Alma Scots,offense,Luciano Guerrazzi,play-by-play,False,,0.0,not located,
2025-12-20|131|10 Joss Bradley > Spot-Up > Drives Right > To Basket > Foul,131,2025-12-20,UW-Whitewater,defense,Brock Marino,play-by-play,False,,0.0,not located,
2025-12-20|131|10 Joss Bradley > Spot-Up > Drives Right > To Basket > Foul,131,2025-12-20,UW-Whitewater,defense,Collin Madson,play-by-play,False,,0.0,not located,
2025-12-20|131|10 Joss Bradley > Spot-Up > Drives Right > To Basket > Foul,131,2025-12-20,UW-Whitewater,defense,Isaac Verges,play-by-play,False,,0.0,not located,
2025-12-20|131|10 Joss Bradley > Spot-Up > Drives Right > To Basket > Foul,131,2025-12-20,UW-Whitewater,defense,Luke Bara,play-by-play,False,,0.0,not located,
2025-12-20|131|10 Joss Bradley > Spot-Up > Drives Right > To Basket > Foul,131,2025-12-20,UW-Whitewater,defense,Richie Warren,play-by-play,False,,0.0,not located,
2025-12-20|134|0 Isaac Verges > P&R Ball Handler > Left P&R > Side > Dribble Off Pick > To Basket > Make 2 Pts,134,2025-12-20,UW-Whitewater,offense,Brock Marino,play-by-play,False,,0.0,not located,
2025-12-20|134|0 Isaac Verges > P&R Ball Handler > Left P&R > Side > Dribble Off Pick > To Basket > Make 2 Pts,134,2025-12-20,UW-Whitewater,offense,Collin Madson,play-by-play,False,,0.0,not located,
2025-12-20|134|0 Isaac Verges > P&R Ball Handler > Left P&R > Side > Dribble Off Pick > To Basket > Make 2 Pts,134,2025-12-20,UW-Whitewater,offense,Isaac Verges,play-by-play,False,,0.0,not located,
2025-12-20|134|0 Isaac Verges > P&R Ball Handler > Left P&R > Side > Dribble Off Pick > To Basket > Make 2 Pts,134,2025-12-20,UW-Whitewater,offense,Luke Bara,play-by-play,False,,0.0,not located,
2025-12-20|134|0 Isaac Verges > P&R Ball Handler > Left P&R > Side > Dribble Off Pick > To Basket > Make 2 Pts,134,2025-12-20,UW-Whitewater,offense,Richie Warren,play-by-play,False,,0.0,not located,
2025-12-20|134|0 Isaac Verges > P&R Ball Handler > Left P&R > Side > Dribble Off Pick > To Basket > Make 2 Pts,134,2025-12-20,Alma Scots,defense,Elijah Sykes,play-by-play,False,,0.0,not located,
2025-12-20|134|0 Isaac Verges > P&R Ball Handler > Left P&R > Side > Dribble Off Pick > To Basket > Make 2 Pts,134,2025-12-20,Alma Scots,defense,Josh Elliott,play-by-play,False,,0.0,not located,
2025-12-20|134|0 Isaac Verges > P&R Ball Handler > Left P&R > Side > Dribble Off Pick > To Basket > Make 2 Pts,134,2025-12-20,Alma Scots,defense,Joss Bradley,play-by-play,False,,0.0,not located,
2025-12-20|134|0 Isaac Verges > P&R Ball Handler > Left P&R > Side > Dribble Off Pick > To Basket > Make 2 Pts,134,2025-12-20,Alma Scots,defense,Korbin Heitzman,play-by-play,False,,0.0,not located,
2025-12-20|134|0 Isaac Verges > P&R Ball Handler > Left P&R > Side > Dribble Off Pick > To Basket > Make 2 Pts,134,2025-12-20,Alma Scots,defense,Luciano Guerrazzi,play-by-play,False,,0.0,not located,
2025-12-20|135|1 Elijah Sykes > Hand Off > From Dribble > Left > To Basket > Make 2 Pts,135,2025-12-20,Alma Scots,offense,Elijah Sykes,play-by-play,False,,0.0,not located,
2025-12-20|135|1 Elijah Sykes > Hand Off > From Dribble > Left > To Basket > Make 2 Pts,135,2025-12-20,Alma Scots,offense,Josh Elliott,play-by-play,False,,0.0,not located,
2025-12-20|135|1 Elijah Sykes > Hand Off > From Dribble > Left > To Basket > Make 2 Pts,135,2025-12-20,Alma Scots,offense,Joss Bradley,play-by-play,False,,0.0,not located,
2025-12-20|135|1 Elijah Sykes > Hand Off > From Dribble > Left > To Basket > Make 2 Pts,135,2025-12-20,Alma Scots,offense,Korbin Heitzman,play-by-play,False,,0.0,not located,
2025-12-20|135|1 Elijah Sykes > Hand Off > From Dribble > Left > To Basket > Make 2 Pts,135,2025-12-20,Alma Scots,offense,Luciano Guerrazzi,play-by-play,False,,0.0,not located,
2025-12-20|135|1 Elijah Sykes > Hand Off > From Dribble > Left > To Basket > Make 2 Pts,135,2025-12-20,UW-Whitewater,defense,Brock Marino,play-by-play,False,,0.0,not located,
2025-12-20|135|1 Elijah Sykes > Hand Off > From Dribble > Left > To Basket > Make 2 Pts,135,2025-12-20,UW-Whitewater,defense,Collin Madson,play-by-play,False,,0.0,not located,
2025-12-20|135|1 Elijah Sykes > Hand Off > From Dribble > Left > To Basket > Make 2 Pts,135,2025-12-20,UW-Whitewater,defense,Isaac Verges,play-by-play,False,,0.0,not located,
2025-12-20|135|1 Elijah Sykes > Hand Off > From Dribble > Left > To Basket > Make 2 Pts,135,2025-12-20,UW-Whitewater,defense,Luke Bara,play-by-play,False,,0.0,not located,
2025-12-20|135|1 Elijah Sykes > Hand Off > From Dribble > Left > To Basket > Make 2 Pts,135,2025-12-20,UW-Whitewater,defense,Richie Warren,play-by-play,False,,0.0,not located,
2025-12-20|136|21 Brock Marino > No Play Type > Turnover,136,2025-12-20,UW-Whitewater,offense,Brock Marino,play-by-play,False,,0.0,not located,
2025-12-20|136|21 Brock Marino > No Play Type > Turnover,136,2025-12-20,UW-Whitewater,offense,Collin Madson,play-by-play,False,,0.0,not located,
2025-12-20|136|21 Brock Marino > No Play Type > Turnover,136,2025-12-20,UW-Whitewater,offense,Isaac Verges,play-by-play,False,,0.0,not located,
2025-12-20|136|21 Brock Marino > No Play Type > Turnover,136,2025-12-20,UW-Whitewater,offense,Luke Bara,play-by-play,False,,0.0,not located,
2025-12-20|136|21 Brock Marino > No Play Type > Turnover,136,2025-12-20,UW-Whitewater,offense,Richie Warren,play-by-play,False,,0.0,not located,
2025-12-20|136|21 Brock Marino > No Play Type > Turnover,136,2025-12-20,Alma Scots,defense,Elijah Sykes,play-by-play,False,,0.0,not located,
2025-12-20|136|21 Brock Marino > No Play Type > Turnover,136,2025-12-20,Alma Scots,defense,Joss Bradley,play-by-play,False,,0.0,not located,
2025-12-20|136|21 Brock Marino > No Play Type > Turnover,136,2025-12-20,Alma Scots,defense,Korbin Heitzman,play-by-play,False,,0.0,not located,
2025-12-20|136|21 Brock Marino > No Play Type > Turnover,136,2025-12-20,Alma Scots,defense,Luciano Guerrazzi,play-by-play,False,,0.0,not located,
2025-12-20|136|21 Brock Marino > No Play Type > Turnover,136,2025-12-20,Alma Scots,defense,Preston Malpass,play-by-play,False,,0.0,not located,
2025-12-20|137|15 Preston Malpass > No Play Type > Turnover,137,2025-12-20,Alma Scots,offense,Elijah Sykes,play-by-play,False,,0.0,not located,
2025-12-20|137|15 Preston Malpass > No Play Type > Turnover,137,2025-12-20,Alma Scots,offense,Joss Bradley,play-by-play,False,,0.0,not located,
2025-12-20|137|15 Preston Malpass > No Play Type > Turnover,137,2025-12-20,Alma Scots,offense,Korbin Heitzman,play-by-play,False,,0.0,not located,
2025-12-20|137|15 Preston Malpass > No Play Type > Turnover,137,2025-12-20,Alma Scots,offense,Luciano Guerrazzi,play-by-play,False,,0.0,not located,
2025-12-20|137|15 Preston Malpass > No Play Type > Turnover,137,2025-12-20,Alma Scots,offense,Preston Malpass,play-by-play,True,32,26.2,Synergy,0.95
2025-12-20|137|15 Preston Malpass > No Play Type > Turnover,137,2025-12-20,UW-Whitewater,defense,Brock Marino,play-by-play,False,,0.0,not located,
2025-12-20|137|15 Preston Malpass > No Play Type > Turnover,137,2025-12-20,UW-Whitewater,defense,Collin Madson,play-by-play,False,,0.0,not located,
2025-12-20|137|15 Preston Malpass > No Play Type > Turnover,137,2025-12-20,UW-Whitewater,defense,Isaac Verges,play-by-play,False,,0.0,not located,
2025-12-20|137|15 Preston Malpass > No Play Type > Turnover,137,2025-12-20,UW-Whitewater,defense,Luke Bara,play-by-play,False,,0.0,not located,
2025-12-20|137|15 Preston Malpass > No Play Type > Turnover,137,2025-12-20,UW-Whitewater,defense,Richie Warren,play-by-play,False,,0.0,not located,
2025-12-20|138|32 Luke Bara > Spot-Up > No Dribble Jumper > Guarded > Long/3pt > Make 3 Pts,138,2025-12-20,UW-Whitewater,offense,Collin Madson,play-by-play,False,,0.0,not located,
2025-12-20|138|32 Luke Bara > Spot-Up > No Dribble Jumper > Guarded > Long/3pt > Make 3 Pts,138,2025-12-20,UW-Whitewater,offense,Joey Berezowitz,play-by-play,False,,0.0,not located,
2025-12-20|138|32 Luke Bara > Spot-Up > No Dribble Jumper > Guarded > Long/3pt > Make 3 Pts,138,2025-12-20,UW-Whitewater,offense,Luke Bara,play-by-play,False,,0.0,not located,
2025-12-20|138|32 Luke Bara > Spot-Up > No Dribble Jumper > Guarded > Long/3pt > Make 3 Pts,138,2025-12-20,UW-Whitewater,offense,Richie Warren,play-by-play,False,,0.0,not located,
2025-12-20|138|32 Luke Bara > Spot-Up > No Dribble Jumper > Guarded > Long/3pt > Make 3 Pts,138,2025-12-20,UW-Whitewater,offense,Tyshawn Teague-Johnson,play-by-play,False,,0.0,not located,
2025-12-20|138|32 Luke Bara > Spot-Up > No Dribble Jumper > Guarded > Long/3pt > Make 3 Pts,138,2025-12-20,Alma Scots,defense,Elijah Sykes,play-by-play,False,,0.0,not located,
2025-12-20|138|32 Luke Bara > Spot-Up > No Dribble Jumper > Guarded > Long/3pt > Make 3 Pts,138,2025-12-20,Alma Scots,defense,Joss Bradley,play-by-play,False,,0.0,not located,
2025-12-20|138|32 Luke Bara > Spot-Up > No Dribble Jumper > Guarded > Long/3pt > Make 3 Pts,138,2025-12-20,Alma Scots,defense,Korbin Heitzman,play-by-play,False,,0.0,not located,
2025-12-20|138|32 Luke Bara > Spot-Up > No Dribble Jumper > Guarded > Long/3pt > Make 3 Pts,138,2025-12-20,Alma Scots,defense,Luciano Guerrazzi,play-by-play,False,,0.0,not located,
2025-12-20|138|32 Luke Bara > Spot-Up > No Dribble Jumper > Guarded > Long/3pt > Make 3 Pts,138,2025-12-20,Alma Scots,defense,Preston Malpass,play-by-play,False,,0.0,not located,
2025-12-20|139|21 Luciano Guerrazzi > Post-Up > Left Block > Left Shoulder > Dribble Move > Defense Commits > Turnover,139,2025-12-20,Alma Scots,offense,Elijah Sykes,play-by-play,False,,0.0,not located,
2025-12-20|139|21 Luciano Guerrazzi > Post-Up > Left Block > Left Shoulder > Dribble Move > Defense Commits > Turnover,139,2025-12-20,Alma Scots,offense,Joss Bradley,play-by-play,False,,0.0,not located,
2025-12-20|139|21 Luciano Guerrazzi > Post-Up > Left Block > Left Shoulder > Dribble Move > Defense Commits > Turnover,139,2025-12-20,Alma Scots,offense,Korbin Heitzman,play-by-play,False,,0.0,not located,
2025-12-20|139|21 Luciano Guerrazzi > Post-Up > Left Block > Left Shoulder > Dribble Move > Defense Commits > Turnover,139,2025-12-20,Alma Scots,offense,Luciano Guerrazzi,play-by-play,True,34,16.5,Synergy,0.95
2025-12-20|139|21 Luciano Guerrazzi > Post-Up > Left Block > Left Shoulder > Dribble Move > Defense Commits > Turnover,139,2025-12-20,Alma Scots,offense,Preston Malpass,play-by-play,False,,0.0,not located,
2025-12-20|139|21 Luciano Guerrazzi > Post-Up > Left Block > Left Shoulder > Dribble Move > Defense Commits > Turnover,139,2025-12-20,UW-Whitewater,defense,Collin Madson,play-by-play,False,,0.0,not located,
2025-12-20|139|21 Luciano Guerrazzi > Post-Up > Left Block > Left Shoulder > Dribble Move > Defense Commits > Turnover,139,2025-12-20,UW-Whitewater,defense,Joey Berezowitz,play-by-play,False,,0.0,not located,
2025-12-20|139|21 Luciano Guerrazzi > Post-Up > Left Block > Left Shoulder > Dribble Move > Defense Commits > Turnover,139,2025-12-20,UW-Whitewater,defense,Luke Bara,play-by-play,False,,0.0,not located,
2025-12-20|139|21 Luciano Guerrazzi > Post-Up > Left Block > Left Shoulder > Dribble Move > Defense Commits > Turnover,139,2025-12-20,UW-Whitewater,defense,Richie Warren,play-by-play,False,,0.0,not located,
2025-12-20|139|21 Luciano Guerrazzi > Post-Up > Left Block > Left Shoulder > Dribble Move > Defense Commits > Turnover,139,2025-12-20,UW-Whitewater,defense,Tyshawn Teague-Johnson,play-by-play,False,,0.0,not located,
2025-12-20|140|40 Tyshawn Teague-Johnson > P&R Ball Handler > Left P&R > Side > Dribble Off Pick > To Basket > Miss 2 Pts,140,2025-12-20,UW-Whitewater,offense,Collin Madson,play-by-play,False,,0.0,not located,
2025-12-20|140|40 Tyshawn Teague-Johnson > P&R Ball Handler > Left P&R > Side > Dribble Off Pick > To Basket > Miss 2 Pts,140,2025-12-20,UW-Whitewater,offense,Joey Berezowitz,play-by-play,False,,0.0,not located,
2025-12-20|140|40 Tyshawn Teague-Johnson > P&R Ball Handler > Left P&R > Side > Dribble Off Pick > To Basket > Miss 2 Pts,140,2025-12-20,UW-Whitewater,offense,Luke Bara,play-by-play,False,,0.0,not located,
2025-12-20|140|40 Tyshawn Teague-Johnson > P&R Ball Handler > Left P&R > Side > Dribble Off Pick > To Basket > Miss 2 Pts,140,2025-12-20,UW-Whitewater,offense,Richie Warren,play-by-play,False,,0.0,not located,
2025-12-20|140|40 Tyshawn Teague-Johnson > P&R Ball Handler > Left P&R > Side > Dribble Off Pick > To Basket > Miss 2 Pts,140,2025-12-20,UW-Whitewater,offense,Tyshawn Teague-Johnson,play-by-play,False,,0.0,not located,
2025-12-20|140|40 Tyshawn Teague-Johnson > P&R Ball Handler > Left P&R > Side > Dribble Off Pick > To Basket > Miss 2 Pts,140,2025-12-20,Alma Scots,defense,Donovan Collins,play-by-play,False,,0.0,not located,
2025-12-20|140|40 Tyshawn Teague-Johnson > P&R Ball Handler > Left P&R > Side > Dribble Off Pick > To Basket > Miss 2 Pts,140,2025-12-20,Alma Scots,defense,Elijah Sykes,play-by-play,False,,0.0,not located,
2025-12-20|140|40 Tyshawn Teague-Johnson > P&R Ball Handler > Left P&R > Side > Dribble Off Pick > To Basket > Miss 2 Pts,140,2025-12-20,Alma Scots,defense,Joss Bradley,play-by-play,False,,0.0,not located,
2025-12-20|140|40 Tyshawn Teague-Johnson > P&R Ball Handler > Left P&R > Side > Dribble Off Pick > To Basket > Miss 2 Pts,140,2025-12-20,Alma Scots,defense,Luciano Guerrazzi,play-by-play,False,,0.0,not located,
2025-12-20|140|40 Tyshawn Teague-Johnson > P&R Ball Handler > Left P&R > Side > Dribble Off Pick > To Basket > Miss 2 Pts,140,2025-12-20,Alma Scots,defense,Preston Malpass,play-by-play,False,,0.0,not located,
2025-12-20|141|3 Donovan Collins > Transition > Right Wing > No Dribble Jumper > Open > Long/3pt > Make 3 Pts,141,2025-12-20,Alma Scots,offense,Donovan Collins,play-by-play,False,,0.0,not located,
2025-12-20|141|3 Donovan Collins > Transition > Right Wing > No Dribble Jumper > Open > Long/3pt > Make 3 Pts,141,2025-12-20,Alma Scots,offense,Elijah Sykes,play-by-play,False,,0.0,not located,
2025-12-20|141|3 Donovan Collins > Transition > Right Wing > No Dribble Jumper > Open > Long/3pt > Make 3 Pts,141,2025-12-20,Alma Scots,offense,Joss Bradley,play-by-play,False,,0.0,not located,
2025-12-20|141|3 Donovan Collins > Transition > Right Wing > No Dribble Jumper > Open > Long/3pt > Make 3 Pts,141,2025-12-20,Alma Scots,offense,Luciano Guerrazzi,play-by-play,False,,0.0,not located,
2025-12-20|141|3 Donovan Collins > Transition > Right Wing > No Dribble Jumper > Open > Long/3pt > Make 3 Pts,141,2025-12-20,Alma Scots,offense,Preston Malpass,play-by-play,False,,0.0,not located,
2025-12-20|141|3 Donovan Collins > Transition > Right Wing > No Dribble Jumper > Open > Long/3pt > Make 3 Pts,141,2025-12-20,UW-Whitewater,defense,Collin Madson,play-by-play,False,,0.0,not located,
2025-12-20|141|3 Donovan Collins > Transition > Right Wing > No Dribble Jumper > Open > Long/3pt > Make 3 Pts,141,2025-12-20,UW-Whitewater,defense,Joey Berezowitz,play-by-play,False,,0.0,not located,
2025-12-20|141|3 Donovan Collins > Transition > Right Wing > No Dribble Jumper > Open > Long/3pt > Make 3 Pts,141,2025-12-20,UW-Whitewater,defense,Luke Bara,play-by-play,False,,0.0,not located,
2025-12-20|141|3 Donovan Collins > Transition > Right Wing > No Dribble Jumper > Open > Long/3pt > Make 3 Pts,141,2025-12-20,UW-Whitewater,defense,Richie Warren,play-by-play,False,,0.0,not located,
2025-12-20|141|3 Donovan Collins > Transition > Right Wing > No Dribble Jumper > Open > Long/3pt > Make 3 Pts,141,2025-12-20,UW-Whitewater,defense,Tyshawn Teague-Johnson,play-by-play,False,,0.0,not located,
2025-12-20|142|15 Collin Madson > Post-Up > Right Block > Right Shoulder > Dribble Move > Defense Commits > Ball Delivered > 22 Joey Berezowitz > Spot-Up > No Dribble Jumper > Open > Long/3pt > Miss 3 Pts,142,2025-12-20,UW-Whitewater,offense,Collin Madson,play-by-play,False,,0.0,not located,
2025-12-20|142|15 Collin Madson > Post-Up > Right Block > Right Shoulder > Dribble Move > Defense Commits > Ball Delivered > 22 Joey Berezowitz > Spot-Up > No Dribble Jumper > Open > Long/3pt > Miss 3 Pts,142,2025-12-20,UW-Whitewater,offense,Joey Berezowitz,play-by-play,False,,0.0,not located,
2025-12-20|142|15 Collin Madson > Post-Up > Right Block > Right Shoulder > Dribble Move > Defense Commits > Ball Delivered > 22 Joey Berezowitz > Spot-Up > No Dribble Jumper > Open > Long/3pt > Miss 3 Pts,142,2025-12-20,UW-Whitewater,offense,Luke Bara,play-by-play,False,,0.0,not located,
2025-12-20|142|15 Collin Madson > Post-Up > Right Block > Right Shoulder > Dribble Move > Defense Commits > Ball Delivered > 22 Joey Berezowitz > Spot-Up > No Dribble Jumper > Open > Long/3pt > Miss 3 Pts,142,2025-12-20,UW-Whitewater,offense,Richie Warren,play-by-play,False,,0.0,not located,
2025-12-20|142|15 Collin Madson > Post-Up > Right Block > Right Shoulder > Dribble Move > Defense Commits > Ball Delivered > 22 Joey Berezowitz > Spot-Up > No Dribble Jumper > Open > Long/3pt > Miss 3 Pts,142,2025-12-20,UW-Whitewater,offense,Tyshawn Teague-Johnson,play-by-play,False,,0.0,not located,
2025-12-20|142|15 Collin Madson > Post-Up > Right Block > Right Shoulder > Dribble Move > Defense Commits > Ball Delivered > 22 Joey Berezowitz > Spot-Up > No Dribble Jumper > Open > Long/3pt > Miss 3 Pts,142,2025-12-20,Alma Scots,defense,Donovan Collins,play-by-play,False,,0.0,not located,
2025-12-20|142|15 Collin Madson > Post-Up > Right Block > Right Shoulder > Dribble Move > Defense Commits > Ball Delivered > 22 Joey Berezowitz > Spot-Up > No Dribble Jumper > Open > Long/3pt > Miss 3 Pts,142,2025-12-20,Alma Scots,defense,Elijah Sykes,play-by-play,False,,0.0,not located,
2025-12-20|142|15 Collin Madson > Post-Up > Right Block > Right Shoulder > Dribble Move > Defense Commits > Ball Delivered > 22 Joey Berezowitz > Spot-Up > No Dribble Jumper > Open > Long/3pt > Miss 3 Pts,142,2025-12-20,Alma Scots,defense,Joss Bradley,play-by-play,False,,0.0,not located,
2025-12-20|142|15 Collin Madson > Post-Up > Right Block > Right Shoulder > Dribble Move > Defense Commits > Ball Delivered > 22 Joey Berezowitz > Spot-Up > No Dribble Jumper > Open > Long/3pt > Miss 3 Pts,142,2025-12-20,Alma Scots,defense,Luciano Guerrazzi,play-by-play,False,,0.0,not located,
2025-12-20|142|15 Collin Madson > Post-Up > Right Block > Right Shoulder > Dribble Move > Defense Commits > Ball Delivered > 22 Joey Berezowitz > Spot-Up > No Dribble Jumper > Open > Long/3pt > Miss 3 Pts,142,2025-12-20,Alma Scots,defense,Preston Malpass,play-by-play,False,,0.0,not located,
2025-12-20|143|1 Elijah Sykes > P&R Ball Handler > High P&R > Dribble Off Pick > Dribble Jumper > Short to < 17' > Miss 2 Pts,143,2025-12-20,Alma Scots,offense,Donovan Collins,play-by-play,False,,0.0,not located,
2025-12-20|143|1 Elijah Sykes > P&R Ball Handler > High P&R > Dribble Off Pick > Dribble Jumper > Short to < 17' > Miss 2 Pts,143,2025-12-20,Alma Scots,offense,Elijah Sykes,play-by-play,False,,0.0,not located,
2025-12-20|143|1 Elijah Sykes > P&R Ball Handler > High P&R > Dribble Off Pick > Dribble Jumper > Short to < 17' > Miss 2 Pts,143,2025-12-20,Alma Scots,offense,Joss Bradley,play-by-play,False,,0.0,not located,
2025-12-20|143|1 Elijah Sykes > P&R Ball Handler > High P&R > Dribble Off Pick > Dribble Jumper > Short to < 17' > Miss 2 Pts,143,2025-12-20,Alma Scots,offense,Luciano Guerrazzi,play-by-play,False,,0.0,not located,
2025-12-20|143|1 Elijah Sykes > P&R Ball Handler > High P&R > Dribble Off Pick > Dribble Jumper > Short to < 17' > Miss 2 Pts,143,2025-12-20,Alma Scots,offense,Preston Malpass,play-by-play,False,,0.0,not located,
2025-12-20|143|1 Elijah Sykes > P&R Ball Handler > High P&R > Dribble Off Pick > Dribble Jumper > Short to < 17' > Miss 2 Pts,143,2025-12-20,UW-Whitewater,defense,Collin Madson,play-by-play,False,,0.0,not located,
2025-12-20|143|1 Elijah Sykes > P&R Ball Handler > High P&R > Dribble Off Pick > Dribble Jumper > Short to < 17' > Miss 2 Pts,143,2025-12-20,UW-Whitewater,defense,Joey Berezowitz,play-by-play,False,,0.0,not located,
2025-12-20|143|1 Elijah Sykes > P&R Ball Handler > High P&R > Dribble Off Pick > Dribble Jumper > Short to < 17' > Miss 2 Pts,143,2025-12-20,UW-Whitewater,defense,Luke Bara,play-by-play,False,,0.0,not located,
2025-12-20|143|1 Elijah Sykes > P&R Ball Handler > High P&R > Dribble Off Pick > Dribble Jumper > Short to < 17' > Miss 2 Pts,143,2025-12-20,UW-Whitewater,defense,Richie Warren,play-by-play,False,,0.0,not located,
2025-12-20|143|1 Elijah Sykes > P&R Ball Handler > High P&R > Dribble Off Pick > Dribble Jumper > Short to < 17' > Miss 2 Pts,143,2025-12-20,UW-Whitewater,defense,Tyshawn Teague-Johnson,play-by-play,False,,0.0,not located,
2025-12-20|144|32 Luke Bara > Off Screen > To Shooter's Right > Straight > No Dribble Jumper > Guarded > Long/3pt > Miss 3 Pts,144,2025-12-20,UW-Whitewater,offense,Darius Chestnut,play-by-play,False,,0.0,not located,
2025-12-20|144|32 Luke Bara > Off Screen > To Shooter's Right > Straight > No Dribble Jumper > Guarded > Long/3pt > Miss 3 Pts,144,2025-12-20,UW-Whitewater,offense,Jake Quast,play-by-play,False,,0.0,not located,
2025-12-20|144|32 Luke Bara > Off Screen > To Shooter's Right > Straight > No Dribble Jumper > Guarded > Long/3pt > Miss 3 Pts,144,2025-12-20,UW-Whitewater,offense,Joey Berezowitz,play-by-play,False,,0.0,not located,
2025-12-20|144|32 Luke Bara > Off Screen > To Shooter's Right > Straight > No Dribble Jumper > Guarded > Long/3pt > Miss 3 Pts,144,2025-12-20,UW-Whitewater,offense,Luke Bara,play-by-play,False,,0.0,not located,
2025-12-20|144|32 Luke Bara > Off Screen > To Shooter's Right > Straight > No Dribble Jumper > Guarded > Long/3pt > Miss 3 Pts,144,2025-12-20,UW-Whitewater,offense,Tyshawn Teague-Johnson,play-by-play,False,,0.0,not located,
2025-12-20|144|32 Luke Bara > Off Screen > To Shooter's Right > Straight > No Dribble Jumper > Guarded > Long/3pt > Miss 3 Pts,144,2025-12-20,Alma Scots,defense,Donovan Collins,play-by-play,False,,0.0,not located,
2025-12-20|144|32 Luke Bara > Off Screen > To Shooter's Right > Straight > No Dribble Jumper > Guarded > Long/3pt > Miss 3 Pts,144,2025-12-20,Alma Scots,defense,Elijah Sykes,play-by-play,False,,0.0,not located,
2025-12-20|144|32 Luke Bara > Off Screen > To Shooter's Right > Straight > No Dribble Jumper > Guarded > Long/3pt > Miss 3 Pts,144,2025-12-20,Alma Scots,defense,Joss Bradley,play-by-play,False,,0.0,not located,
2025-12-20|144|32 Luke Bara > Off Screen > To Shooter's Right > Straight > No Dribble Jumper > Guarded > Long/3pt > Miss 3 Pts,144,2025-12-20,Alma Scots,defense,Luciano Guerrazzi,play-by-play,False,,0.0,not located,
2025-12-20|144|32 Luke Bara > Off Screen > To Shooter's Right > Straight > No Dribble Jumper > Guarded > Long/3pt > Miss 3 Pts,144,2025-12-20,Alma Scots,defense,Preston Malpass,play-by-play,False,,0.0,not located,
2025-12-20|145|12 Jake Quast > Spot-Up > Drives Right > To Basket > Miss 2 Pts,145,2025-12-20,UW-Whitewater,offense,Darius Chestnut,play-by-play,False,,0.0,not located,
2025-12-20|145|12 Jake Quast > Spot-Up > Drives Right > To Basket > Miss 2 Pts,145,2025-12-20,UW-Whitewater,offense,Jake Quast,play-by-play,False,,0.0,not located,
2025-12-20|145|12 Jake Quast > Spot-Up > Drives Right > To Basket > Miss 2 Pts,145,2025-12-20,UW-Whitewater,offense,Joey Berezowitz,play-by-play,False,,0.0,not located,
2025-12-20|145|12 Jake Quast > Spot-Up > Drives Right > To Basket > Miss 2 Pts,145,2025-12-20,UW-Whitewater,offense,Luke Bara,play-by-play,False,,0.0,not located,
2025-12-20|145|12 Jake Quast > Spot-Up > Drives Right > To Basket > Miss 2 Pts,145,2025-12-20,UW-Whitewater,offense,Tyshawn Teague-Johnson,play-by-play,False,,0.0,not located,
2025-12-20|145|12 Jake Quast > Spot-Up > Drives Right > To Basket > Miss 2 Pts,145,2025-12-20,Alma Scots,defense,Donovan Collins,play-by-play,False,,0.0,not located,
2025-12-20|145|12 Jake Quast > Spot-Up > Drives Right > To Basket > Miss 2 Pts,145,2025-12-20,Alma Scots,defense,Elijah Sykes,play-by-play,False,,0.0,not located,
2025-12-20|145|12 Jake Quast > Spot-Up > Drives Right > To Basket > Miss 2 Pts,145,2025-12-20,Alma Scots,defense,Joss Bradley,play-by-play,False,,0.0,not located,
2025-12-20|145|12 Jake Quast > Spot-Up > Drives Right > To Basket > Miss 2 Pts,145,2025-12-20,Alma Scots,defense,Luciano Guerrazzi,play-by-play,False,,0.0,not located,
2025-12-20|145|12 Jake Quast > Spot-Up > Drives Right > To Basket > Miss 2 Pts,145,2025-12-20,Alma Scots,defense,Preston Malpass,play-by-play,False,,0.0,not located,
2025-12-20|146|21 Luciano Guerrazzi > No Play Type > Turnover,146,2025-12-20,Alma Scots,offense,Donovan Collins,play-by-play,False,,0.0,not located,
2025-12-20|146|21 Luciano Guerrazzi > No Play Type > Turnover,146,2025-12-20,Alma Scots,offense,Elijah Sykes,play-by-play,False,,0.0,not located,
2025-12-20|146|21 Luciano Guerrazzi > No Play Type > Turnover,146,2025-12-20,Alma Scots,offense,Joss Bradley,play-by-play,False,,0.0,not located,
2025-12-20|146|21 Luciano Guerrazzi > No Play Type > Turnover,146,2025-12-20,Alma Scots,offense,Luciano Guerrazzi,play-by-play,True,0,34.2,Synergy,0.95
2025-12-20|146|21 Luciano Guerrazzi > No Play Type > Turnover,146,2025-12-20,Alma Scots,offense,Preston Malpass,play-by-play,False,,0.0,not located,
2025-12-20|146|21 Luciano Guerrazzi > No Play Type > Turnover,146,2025-12-20,UW-Whitewater,defense,Darius Chestnut,play-by-play,False,,0.0,not located,
2025-12-20|146|21 Luciano Guerrazzi > No Play Type > Turnover,146,2025-12-20,UW-Whitewater,defense,Jake Quast,play-by-play,False,,0.0,not located,
2025-12-20|146|21 Luciano Guerrazzi > No Play Type > Turnover,146,2025-12-20,UW-Whitewater,defense,Joey Berezowitz,play-by-play,False,,0.0,not located,
2025-12-20|146|21 Luciano Guerrazzi > No Play Type > Turnover,146,2025-12-20,UW-Whitewater,defense,Luke Bara,play-by-play,False,,0.0,not located,
2025-12-20|146|21 Luciano Guerrazzi > No Play Type > Turnover,146,2025-12-20,UW-Whitewater,defense,Tyshawn Teague-Johnson,play-by-play,False,,0.0,not located,
2025-12-20|147|40 Tyshawn Teague-Johnson > ISO > Left > Drives Right > To Basket > Miss 2 Pts,147,2025-12-20,UW-Whitewater,offense,Darius Chestnut,play-by-play,False,,0.0,not located,
2025-12-20|147|40 Tyshawn Teague-Johnson > ISO > Left > Drives Right > To Basket > Miss 2 Pts,147,2025-12-20,UW-Whitewater,offense,Jake Quast,play-by-play,False,,0.0,not located,
2025-12-20|147|40 Tyshawn Teague-Johnson > ISO > Left > Drives Right > To Basket > Miss 2 Pts,147,2025-12-20,UW-Whitewater,offense,Joey Berezowitz,play-by-play,False,,0.0,not located,
2025-12-20|147|40 Tyshawn Teague-Johnson > ISO > Left > Drives Right > To Basket > Miss 2 Pts,147,2025-12-20,UW-Whitewater,offense,Luke Bara,play-by-play,False,,0.0,not located,
2025-12-20|147|40 Tyshawn Teague-Johnson > ISO > Left > Drives Right > To Basket > Miss 2 Pts,147,2025-12-20,UW-Whitewater,offense,Tyshawn Teague-Johnson,play-by-play,False,,0.0,not located,
2025-12-20|147|40 Tyshawn Teague-Johnson > ISO > Left > Drives Right > To Basket > Miss 2 Pts,147,2025-12-20,Alma Scots,defense,Donovan Collins,play-by-play,False,,0.0,not located,
2025-12-20|147|40 Tyshawn Teague-Johnson > ISO > Left > Drives Right > To Basket > Miss 2 Pts,147,2025-12-20,Alma Scots,defense,Josh Elliott,play-by-play,False,,0.0,not located,
2025-12-20|147|40 Tyshawn Teague-Johnson > ISO > Left > Drives Right > To Basket > Miss 2 Pts,147,2025-12-20,Alma Scots,defense,Joss Bradley,play-by-play,False,,0.0,not located,
2025-12-20|147|40 Tyshawn Teague-Johnson > ISO > Left > Drives Right > To Basket > Miss 2 Pts,147,2025-12-20,Alma Scots,defense,Luciano Guerrazzi,play-by-play,False,,0.0,not located,
2025-12-20|147|40 Tyshawn Teague-Johnson > ISO > Left > Drives Right > To Basket > Miss 2 Pts,147,2025-12-20,Alma Scots,defense,Preston Malpass,play-by-play,False,,0.0,not located,
2025-12-20|148|15 Preston Malpass > Spot-Up > No Dribble Jumper > Guarded > Long/3pt > Miss 3 Pts,148,2025-12-20,Alma Scots,offense,Donovan Collins,play-by-play,False,,0.0,not located,
2025-12-20|148|15 Preston Malpass > Spot-Up > No Dribble Jumper > Guarded > Long/3pt > Miss 3 Pts,148,2025-12-20,Alma Scots,offense,Josh Elliott,play-by-play,False,,0.0,not located,
2025-12-20|148|15 Preston Malpass > Spot-Up > No Dribble Jumper > Guarded > Long/3pt > Miss 3 Pts,148,2025-12-20,Alma Scots,offense,Joss Bradley,play-by-play,False,,0.0,not located,
2025-12-20|148|15 Preston Malpass > Spot-Up > No Dribble Jumper > Guarded > Long/3pt > Miss 3 Pts,148,2025-12-20,Alma Scots,offense,Luciano Guerrazzi,play-by-play,False,,0.0,not located,
2025-12-20|148|15 Preston Malpass > Spot-Up > No Dribble Jumper > Guarded > Long/3pt > Miss 3 Pts,148,2025-12-20,Alma Scots,offense,Preston Malpass,play-by-play,False,,0.0,not located,
2025-12-20|148|15 Preston Malpass > Spot-Up > No Dribble Jumper > Guarded > Long/3pt > Miss 3 Pts,148,2025-12-20,UW-Whitewater,defense,Darius Chestnut,play-by-play,False,,0.0,not located,
2025-12-20|148|15 Preston Malpass > Spot-Up > No Dribble Jumper > Guarded > Long/3pt > Miss 3 Pts,148,2025-12-20,UW-Whitewater,defense,Jake Quast,play-by-play,False,,0.0,not located,
2025-12-20|148|15 Preston Malpass > Spot-Up > No Dribble Jumper > Guarded > Long/3pt > Miss 3 Pts,148,2025-12-20,UW-Whitewater,defense,Joey Berezowitz,play-by-play,False,,0.0,not located,
2025-12-20|148|15 Preston Malpass > Spot-Up > No Dribble Jumper > Guarded > Long/3pt > Miss 3 Pts,148,2025-12-20,UW-Whitewater,defense,Luke Bara,play-by-play,False,,0.0,not located,
2025-12-20|148|15 Preston Malpass > Spot-Up > No Dribble Jumper > Guarded > Long/3pt > Miss 3 Pts,148,2025-12-20,UW-Whitewater,defense,Tyshawn Teague-Johnson,play-by-play,False,,0.0,not located,
2025-12-20|149|21 Luciano Guerrazzi > Spot-Up > No Dribble Jumper > Open > Long/3pt > Make 3 Pts,149,2025-12-20,Alma Scots,offense,Donovan Collins,play-by-play,False,,0.0,not located,
2025-12-20|149|21 Luciano Guerrazzi > Spot-Up > No Dribble Jumper > Open > Long/3pt > Make 3 Pts,149,2025-12-20,Alma Scots,offense,Josh Elliott,play-by-play,False,,0.0,not located,
2025-12-20|149|21 Luciano Guerrazzi > Spot-Up > No Dribble Jumper > Open > Long/3pt > Make 3 Pts,149,2025-12-20,Alma Scots,offense,Joss Bradley,play-by-play,False,,0.0,not located,
2025-12-20|149|21 Luciano Guerrazzi > Spot-Up > No Dribble Jumper > Open > Long/3pt > Make 3 Pts,149,2025-12-20,Alma Scots,offense,Luciano Guerrazzi,play-by-play,False,,0.0,not located,
2025-12-20|149|21 Luciano Guerrazzi > Spot-Up > No Dribble Jumper > Open > Long/3pt > Make 3 Pts,149,2025-12-20,Alma Scots,offense,Preston Malpass,play-by-play,False,,0.0,not located,
2025-12-20|149|21 Luciano Guerrazzi > Spot-Up > No Dribble Jumper > Open > Long/3pt > Make 3 Pts,149,2025-12-20,UW-Whitewater,defense,Darius Chestnut,play-by-play,False,,0.0,not located,
2025-12-20|149|21 Luciano Guerrazzi > Spot-Up > No Dribble Jumper > Open > Long/3pt > Make 3 Pts,149,2025-12-20,UW-Whitewater,defense,Jake Quast,play-by-play,False,,0.0,not located,
2025-12-20|149|21 Luciano Guerrazzi > Spot-Up > No Dribble Jumper > Open > Long/3pt > Make 3 Pts,149,2025-12-20,UW-Whitewater,defense,Joey Berezowitz,play-by-play,False,,0.0,not located,
2025-12-20|149|21 Luciano Guerrazzi > Spot-Up > No Dribble Jumper > Open > Long/3pt > Make 3 Pts,149,2025-12-20,UW-Whitewater,defense,Luke Bara,play-by-play,False,,0.0,not located,
2025-12-20|149|21 Luciano Guerrazzi > Spot-Up > No Dribble Jumper > Open > Long/3pt > Make 3 Pts,149,2025-12-20,UW-Whitewater,defense,Tyshawn Teague-Johnson,play-by-play,False,,0.0,not located,
2025-12-20|150|12 Jake Quast > Transition > Left Wing > No Dribble Jumper > Open > Long/3pt > Miss 3 Pts,150,2025-12-20,UW-Whitewater,offense,Darius Chestnut,play-by-play,False,,0.0,not located,
2025-12-20|150|12 Jake Quast > Transition > Left Wing > No Dribble Jumper > Open > Long/3pt > Miss 3 Pts,150,2025-12-20,UW-Whitewater,offense,Jake Quast,play-by-play,False,,0.0,not located,
2025-12-20|150|12 Jake Quast > Transition > Left Wing > No Dribble Jumper > Open > Long/3pt > Miss 3 Pts,150,2025-12-20,UW-Whitewater,offense,Joey Berezowitz,play-by-play,False,,0.0,not located,
2025-12-20|150|12 Jake Quast > Transition > Left Wing > No Dribble Jumper > Open > Long/3pt > Miss 3 Pts,150,2025-12-20,UW-Whitewater,offense,Luke Bara,play-by-play,False,,0.0,not located,
2025-12-20|150|12 Jake Quast > Transition > Left Wing > No Dribble Jumper > Open > Long/3pt > Miss 3 Pts,150,2025-12-20,UW-Whitewater,offense,Tyshawn Teague-Johnson,play-by-play,False,,0.0,not located,
2025-12-20|150|12 Jake Quast > Transition > Left Wing > No Dribble Jumper > Open > Long/3pt > Miss 3 Pts,150,2025-12-20,Alma Scots,defense,Donovan Collins,play-by-play,False,,0.0,not located,
2025-12-20|150|12 Jake Quast > Transition > Left Wing > No Dribble Jumper > Open > Long/3pt > Miss 3 Pts,150,2025-12-20,Alma Scots,defense,Josh Elliott,play-by-play,False,,0.0,not located,
2025-12-20|150|12 Jake Quast > Transition > Left Wing > No Dribble Jumper > Open > Long/3pt > Miss 3 Pts,150,2025-12-20,Alma Scots,defense,Joss Bradley,play-by-play,False,,0.0,not located,
2025-12-20|150|12 Jake Quast > Transition > Left Wing > No Dribble Jumper > Open > Long/3pt > Miss 3 Pts,150,2025-12-20,Alma Scots,defense,Luciano Guerrazzi,play-by-play,False,,0.0,not located,
2025-12-20|150|12 Jake Quast > Transition > Left Wing > No Dribble Jumper > Open > Long/3pt > Miss 3 Pts,150,2025-12-20,Alma Scots,defense,Preston Malpass,play-by-play,False,,0.0,not located,
2025-12-20|151|21 Luciano Guerrazzi > No Play Type > Turnover,151,2025-12-20,Alma Scots,offense,Donovan Collins,play-by-play,False,,0.0,not located,
2025-12-20|151|21 Luciano Guerrazzi > No Play Type > Turnover,151,2025-12-20,Alma Scots,offense,Josh Elliott,play-by-play,False,,0.0,not located,
2025-12-20|151|21 Luciano Guerrazzi > No Play Type > Turnover,151,2025-12-20,Alma Scots,offense,Joss Bradley,play-by-play,False,,0.0,not located,
2025-12-20|151|21 Luciano Guerrazzi > No Play Type > Turnover,151,2025-12-20,Alma Scots,offense,Luciano Guerrazzi,play-by-play,True,5,2.0,Synergy,0.95
2025-12-20|151|21 Luciano Guerrazzi > No Play Type > Turnover,151,2025-12-20,Alma Scots,offense,Preston Malpass,play-by-play,False,,0.0,not located,
2025-12-20|151|21 Luciano Guerrazzi > No Play Type > Turnover,151,2025-12-20,UW-Whitewater,defense,Darius Chestnut,play-by-play,False,,0.0,not located,
2025-12-20|151|21 Luciano Guerrazzi > No Play Type > Turnover,151,2025-12-20,UW-Whitewater,defense,Jake Quast,play-by-play,False,,0.0,not located,
2025-12-20|151|21 Luciano Guerrazzi > No Play Type > Turnover,151,2025-12-20,UW-Whitewater,defense,Joey Berezowitz,play-by-play,False,,0.0,not located,
2025-12-20|151|21 Luciano Guerrazzi > No Play Type > Turnover,151,2025-12-20,UW-Whitewater,defense,Luke Bara,play-by-play,False,,0.0,not located,
2025-12-20|151|21 Luciano Guerrazzi > No Play Type > Turnover,151,2025-12-20,UW-Whitewater,defense,Tyshawn Teague-Johnson,play-by-play,False,,0.0,not located,
2025-12-20|152|12 Jake Quast > Transition > Trailer > To Basket > Make 2 Pts Foul > 0 Pts,152,2025-12-20,UW-Whitewater,offense,Darius Chestnut,play-by-play,False,,0.0,not located,
2025-12-20|152|12 Jake Quast > Transition > Trailer > To Basket > Make 2 Pts Foul > 0 Pts,152,2025-12-20,UW-Whitewater,offense,Jake Quast,play-by-play,True,27,7.8,Synergy,0.95
2025-12-20|152|12 Jake Quast > Transition > Trailer > To Basket > Make 2 Pts Foul > 0 Pts,152,2025-12-20,UW-Whitewater,offense,Joey Berezowitz,play-by-play,False,,0.0,not located,
2025-12-20|152|12 Jake Quast > Transition > Trailer > To Basket > Make 2 Pts Foul > 0 Pts,152,2025-12-20,UW-Whitewater,offense,Luke Bara,play-by-play,False,,0.0,not located,
2025-12-20|152|12 Jake Quast > Transition > Trailer > To Basket > Make 2 Pts Foul > 0 Pts,152,2025-12-20,UW-Whitewater,offense,Tyshawn Teague-Johnson,play-by-play,False,,0.0,not located,
2025-12-20|152|12 Jake Quast > Transition > Trailer > To Basket > Make 2 Pts Foul > 0 Pts,152,2025-12-20,Alma Scots,defense,Donovan Collins,play-by-play,False,,0.0,not located,
2025-12-20|152|12 Jake Quast > Transition > Trailer > To Basket > Make 2 Pts Foul > 0 Pts,152,2025-12-20,Alma Scots,defense,Josh Elliott,play-by-play,False,,0.0,not located,
2025-12-20|152|12 Jake Quast > Transition > Trailer > To Basket > Make 2 Pts Foul > 0 Pts,152,2025-12-20,Alma Scots,defense,Joss Bradley,play-by-play,False,,0.0,not located,
2025-12-20|152|12 Jake Quast > Transition > Trailer > To Basket > Make 2 Pts Foul > 0 Pts,152,2025-12-20,Alma Scots,defense,Luciano Guerrazzi,play-by-play,False,,0.0,not located,
2025-12-20|152|12 Jake Quast > Transition > Trailer > To Basket > Make 2 Pts Foul > 0 Pts,152,2025-12-20,Alma Scots,defense,Preston Malpass,play-by-play,False,,0.0,not located,
2025-12-20|154|15 Preston Malpass > No Play Type > Foul,154,2025-12-20,Alma Scots,offense,Donovan Collins,play-by-play,False,,0.0,not located,
2025-12-20|154|15 Preston Malpass > No Play Type > Foul,154,2025-12-20,Alma Scots,offense,Josh Elliott,play-by-play,False,,0.0,not located,
2025-12-20|154|15 Preston Malpass > No Play Type > Foul,154,2025-12-20,Alma Scots,offense,Korbin Heitzman,play-by-play,False,,0.0,not located,
2025-12-20|154|15 Preston Malpass > No Play Type > Foul,154,2025-12-20,Alma Scots,offense,Preston Malpass,play-by-play,True,1,32.8,Synergy,0.95
2025-12-20|154|15 Preston Malpass > No Play Type > Foul,154,2025-12-20,Alma Scots,offense,Raine Rodich,play-by-play,False,,0.0,not located,
2025-12-20|154|15 Preston Malpass > No Play Type > Foul,154,2025-12-20,UW-Whitewater,defense,Darius Chestnut,play-by-play,False,,0.0,not located,
2025-12-20|154|15 Preston Malpass > No Play Type > Foul,154,2025-12-20,UW-Whitewater,defense,Jake Quast,play-by-play,False,,0.0,not located,
2025-12-20|154|15 Preston Malpass > No Play Type > Foul,154,2025-12-20,UW-Whitewater,defense,Joey Berezowitz,play-by-play,False,,0.0,not located,
2025-12-20|154|15 Preston Malpass > No Play Type > Foul,154,2025-12-20,UW-Whitewater,defense,Luke Bara,play-by-play,False,,0.0,not located,
2025-12-20|154|15 Preston Malpass > No Play Type > Foul,154,2025-12-20,UW-Whitewater,defense,Tyshawn Teague-Johnson,play-by-play,False,,0.0,not located,
2025-12-20|156|10 Darius Chestnut > Transition > Right Wing > To Basket > Make 2 Pts,156,2025-12-20,UW-Whitewater,offense,Darius Chestnut,play-by-play,False,,0.0,not located,
2025-12-20|156|10 Darius Chestnut > Transition > Right Wing > To Basket > Make 2 Pts,156,2025-12-20,UW-Whitewater,offense,Jake Quast,play-by-play,False,,0.0,not located,
2025-12-20|156|10 Darius Chestnut > Transition > Right Wing > To Basket > Make 2 Pts,156,2025-12-20,UW-Whitewater,offense,Joey Berezowitz,play-by-play,False,,0.0,not located,
2025-12-20|156|10 Darius Chestnut > Transition > Right Wing > To Basket > Make 2 Pts,156,2025-12-20,UW-Whitewater,offense,Luke Bara,play-by-play,False,,0.0,not located,
2025-12-20|156|10 Darius Chestnut > Transition > Right Wing > To Basket > Make 2 Pts,156,2025-12-20,UW-Whitewater,offense,Tyshawn Teague-Johnson,play-by-play,False,,0.0,not located,
2025-12-20|156|10 Darius Chestnut > Transition > Right Wing > To Basket > Make 2 Pts,156,2025-12-20,Alma Scots,defense,Donovan Collins,play-by-play,False,,0.0,not located,
2025-12-20|156|10 Darius Chestnut > Transition > Right Wing > To Basket > Make 2 Pts,156,2025-12-20,Alma Scots,defense,Josh Elliott,play-by-play,False,,0.0,not located,
2025-12-20|156|10 Darius Chestnut > Transition > Right Wing > To Basket > Make 2 Pts,156,2025-12-20,Alma Scots,defense,Korbin Heitzman,play-by-play,False,,0.0,not located,
2025-12-20|156|10 Darius Chestnut > Transition > Right Wing > To Basket > Make 2 Pts,156,2025-12-20,Alma Scots,defense,Preston Malpass,play-by-play,False,,0.0,not located,
2025-12-20|156|10 Darius Chestnut > Transition > Right Wing > To Basket > Make 2 Pts,156,2025-12-20,Alma Scots,defense,Raine Rodich,play-by-play,False,,0.0,not located,
2025-12-20|157|11 Korbin Heitzman > No Play Type > To Basket > Make 2 Pts,157,2025-12-20,Alma Scots,offense,Donovan Collins,play-by-play,False,,0.0,not located,
2025-12-20|157|11 Korbin Heitzman > No Play Type > To Basket > Make 2 Pts,157,2025-12-20,Alma Scots,offense,Josh Elliott,play-by-play,False,,0.0,not located,
2025-12-20|157|11 Korbin Heitzman > No Play Type > To Basket > Make 2 Pts,157,2025-12-20,Alma Scots,offense,Korbin Heitzman,play-by-play,False,,0.0,not located,
2025-12-20|157|11 Korbin Heitzman > No Play Type > To Basket > Make 2 Pts,157,2025-12-20,Alma Scots,offense,Preston Malpass,play-by-play,False,,0.0,not located,
2025-12-20|157|11 Korbin Heitzman > No Play Type > To Basket > Make 2 Pts,157,2025-12-20,Alma Scots,offense,Raine Rodich,play-by-play,False,,0.0,not located,
2025-12-20|157|11 Korbin Heitzman > No Play Type > To Basket > Make 2 Pts,157,2025-12-20,UW-Whitewater,defense,Darius Chestnut,play-by-play,False,,0.0,not located,
2025-12-20|157|11 Korbin Heitzman > No Play Type > To Basket > Make 2 Pts,157,2025-12-20,UW-Whitewater,defense,Jake Quast,play-by-play,False,,0.0,not located,
2025-12-20|157|11 Korbin Heitzman > No Play Type > To Basket > Make 2 Pts,157,2025-12-20,UW-Whitewater,defense,Joey Berezowitz,play-by-play,False,,0.0,not located,
2025-12-20|157|11 Korbin Heitzman > No Play Type > To Basket > Make 2 Pts,157,2025-12-20,UW-Whitewater,defense,Kelton McEwen,play-by-play,False,,0.0,not located,
2025-12-20|157|11 Korbin Heitzman > No Play Type > To Basket > Make 2 Pts,157,2025-12-20,UW-Whitewater,defense,Tyshawn Teague-Johnson,play-by-play,False,,0.0,not located,
2025-12-20|158|22 Joey Berezowitz > P&R Ball Handler > High P&R > Dribble Off Pick > Defense Commits > Ball Delivered > 40 Tyshawn Teague-Johnson > Spot-Up > Drives Right > To Basket > Make 2 Pts,158,2025-12-20,UW-Whitewater,offense,Darius Chestnut,play-by-play,False,,0.0,not located,
2025-12-20|158|22 Joey Berezowitz > P&R Ball Handler > High P&R > Dribble Off Pick > Defense Commits > Ball Delivered > 40 Tyshawn Teague-Johnson > Spot-Up > Drives Right > To Basket > Make 2 Pts,158,2025-12-20,UW-Whitewater,offense,Jake Quast,play-by-play,False,,0.0,not located,
2025-12-20|158|22 Joey Berezowitz > P&R Ball Handler > High P&R > Dribble Off Pick > Defense Commits > Ball Delivered > 40 Tyshawn Teague-Johnson > Spot-Up > Drives Right > To Basket > Make 2 Pts,158,2025-12-20,UW-Whitewater,offense,Joey Berezowitz,play-by-play,True,38,7.2,Synergy,0.95
2025-12-20|158|22 Joey Berezowitz > P&R Ball Handler > High P&R > Dribble Off Pick > Defense Commits > Ball Delivered > 40 Tyshawn Teague-Johnson > Spot-Up > Drives Right > To Basket > Make 2 Pts,158,2025-12-20,UW-Whitewater,offense,Kelton McEwen,play-by-play,False,,0.0,not located,
2025-12-20|158|22 Joey Berezowitz > P&R Ball Handler > High P&R > Dribble Off Pick > Defense Commits > Ball Delivered > 40 Tyshawn Teague-Johnson > Spot-Up > Drives Right > To Basket > Make 2 Pts,158,2025-12-20,UW-Whitewater,offense,Tyshawn Teague-Johnson,play-by-play,False,,0.0,not located,
2025-12-20|158|22 Joey Berezowitz > P&R Ball Handler > High P&R > Dribble Off Pick > Defense Commits > Ball Delivered > 40 Tyshawn Teague-Johnson > Spot-Up > Drives Right > To Basket > Make 2 Pts,158,2025-12-20,Alma Scots,defense,Donovan Collins,play-by-play,False,,0.0,not located,
2025-12-20|158|22 Joey Berezowitz > P&R Ball Handler > High P&R > Dribble Off Pick > Defense Commits > Ball Delivered > 40 Tyshawn Teague-Johnson > Spot-Up > Drives Right > To Basket > Make 2 Pts,158,2025-12-20,Alma Scots,defense,Josh Elliott,play-by-play,False,,0.0,not located,
2025-12-20|158|22 Joey Berezowitz > P&R Ball Handler > High P&R > Dribble Off Pick > Defense Commits > Ball Delivered > 40 Tyshawn Teague-Johnson > Spot-Up > Drives Right > To Basket > Make 2 Pts,158,2025-12-20,Alma Scots,defense,Korbin Heitzman,play-by-play,False,,0.0,not located,
2025-12-20|158|22 Joey Berezowitz > P&R Ball Handler > High P&R > Dribble Off Pick > Defense Commits > Ball Delivered > 40 Tyshawn Teague-Johnson > Spot-Up > Drives Right > To Basket > Make 2 Pts,158,2025-12-20,Alma Scots,defense,Preston Malpass,play-by-play,False,,0.0,not located,
2025-12-20|158|22 Joey Berezowitz > P&R Ball Handler > High P&R > Dribble Off Pick > Defense Commits > Ball Delivered > 40 Tyshawn Teague-Johnson > Spot-Up > Drives Right > To Basket > Make 2 Pts,158,2025-12-20,Alma Scots,defense,Raine Rodich,play-by-play,False,,0.0,not located,
2025-12-20|159|15 Preston Malpass > No Play Type > Turnover,159,2025-12-20,Alma Scots,offense,Donovan Collins,play-by-play,False,,0.0,not located,
2025-12-20|159|15 Preston Malpass > No Play Type > Turnover,159,2025-12-20,Alma Scots,offense,Josh Elliott,play-by-play,False,,0.0,not located,
2025-12-20|159|15 Preston Malpass > No Play Type > Turnover,159,2025-12-20,Alma Scots,offense,Korbin Heitzman,play-by-play,False,,0.0,not located,
2025-12-20|159|15 Preston Malpass > No Play Type > Turnover,159,2025-12-20,Alma Scots,offense,Preston Malpass,play-by-play,False,,0.0,not located,
2025-12-20|159|15 Preston Malpass > No Play Type > Turnover,159,2025-12-20,Alma Scots,offense,Raine Rodich,play-by-play,False,,0.0,not located,
2025-12-20|159|15 Preston Malpass > No Play Type > Turnover,159,2025-12-20,UW-Whitewater,defense,Darius Chestnut,play-by-play,False,,0.0,not located,
2025-12-20|159|15 Preston Malpass > No Play Type > Turnover,159,2025-12-20,UW-Whitewater,defense,Jake Quast,play-by-play,False,,0.0,not located,
2025-12-20|159|15 Preston Malpass > No Play Type > Turnover,159,2025-12-20,UW-Whitewater,defense,Joey Berezowitz,play-by-play,False,,0.0,not located,
2025-12-20|159|15 Preston Malpass > No Play Type > Turnover,159,2025-12-20,UW-Whitewater,defense,Kelton McEwen,play-by-play,False,,0.0,not located,
2025-12-20|159|15 Preston Malpass > No Play Type > Turnover,159,2025-12-20,UW-Whitewater,defense,Tyshawn Teague-Johnson,play-by-play,False,,0.0,not located,
2025-12-20|160|12 Jake Quast > Transition > Ballhandler > To Basket > Make 2 Pts,160,2025-12-20,UW-Whitewater,offense,Darius Chestnut,play-by-play,False,,0.0,not located,
2025-12-20|160|12 Jake Quast > Transition > Ballhandler > To Basket > Make 2 Pts,160,2025-12-20,UW-Whitewater,offense,Jake Quast,play-by-play,False,,0.0,not located,
2025-12-20|160|12 Jake Quast > Transition > Ballhandler > To Basket > Make 2 Pts,160,2025-12-20,UW-Whitewater,offense,Joey Berezowitz,play-by-play,False,,0.0,not located,
2025-12-20|160|12 Jake Quast > Transition > Ballhandler > To Basket > Make 2 Pts,160,2025-12-20,UW-Whitewater,offense,Kelton McEwen,play-by-play,False,,0.0,not located,
2025-12-20|160|12 Jake Quast > Transition > Ballhandler > To Basket > Make 2 Pts,160,2025-12-20,UW-Whitewater,offense,Tyshawn Teague-Johnson,play-by-play,False,,0.0,not located,
2025-12-20|160|12 Jake Quast > Transition > Ballhandler > To Basket > Make 2 Pts,160,2025-12-20,Alma Scots,defense,Donovan Collins,play-by-play,False,,0.0,not located,
2025-12-20|160|12 Jake Quast > Transition > Ballhandler > To Basket > Make 2 Pts,160,2025-12-20,Alma Scots,defense,Josh Elliott,play-by-play,False,,0.0,not located,
2025-12-20|160|12 Jake Quast > Transition > Ballhandler > To Basket > Make 2 Pts,160,2025-12-20,Alma Scots,defense,Korbin Heitzman,play-by-play,False,,0.0,not located,
2025-12-20|160|12 Jake Quast > Transition > Ballhandler > To Basket > Make 2 Pts,160,2025-12-20,Alma Scots,defense,Preston Malpass,play-by-play,False,,0.0,not located,
2025-12-20|160|12 Jake Quast > Transition > Ballhandler > To Basket > Make 2 Pts,160,2025-12-20,Alma Scots,defense,Raine Rodich,play-by-play,False,,0.0,not located,
2025-12-20|161|14 Raine Rodich > Cut > Screen > Make 2 Pts,161,2025-12-20,Alma Scots,offense,Donovan Collins,play-by-play,False,,0.0,not located,
2025-12-20|161|14 Raine Rodich > Cut > Screen > Make 2 Pts,161,2025-12-20,Alma Scots,offense,Josh Elliott,play-by-play,False,,0.0,not located,
2025-12-20|161|14 Raine Rodich > Cut > Screen > Make 2 Pts,161,2025-12-20,Alma Scots,offense,Korbin Heitzman,play-by-play,False,,0.0,not located,
2025-12-20|161|14 Raine Rodich > Cut > Screen > Make 2 Pts,161,2025-12-20,Alma Scots,offense,Preston Malpass,play-by-play,False,,0.0,not located,
2025-12-20|161|14 Raine Rodich > Cut > Screen > Make 2 Pts,161,2025-12-20,Alma Scots,offense,Raine Rodich,play-by-play,False,,0.0,not located,
2025-12-20|161|14 Raine Rodich > Cut > Screen > Make 2 Pts,161,2025-12-20,UW-Whitewater,defense,Darius Chestnut,play-by-play,False,,0.0,not located,
2025-12-20|161|14 Raine Rodich > Cut > Screen > Make 2 Pts,161,2025-12-20,UW-Whitewater,defense,Jake Quast,play-by-play,False,,0.0,not located,
2025-12-20|161|14 Raine Rodich > Cut > Screen > Make 2 Pts,161,2025-12-20,UW-Whitewater,defense,Joey Berezowitz,play-by-play,False,,0.0,not located,
2025-12-20|161|14 Raine Rodich > Cut > Screen > Make 2 Pts,161,2025-12-20,UW-Whitewater,defense,Kelton McEwen,play-by-play,False,,0.0,not located,
2025-12-20|161|14 Raine Rodich > Cut > Screen > Make 2 Pts,161,2025-12-20,UW-Whitewater,defense,Tyshawn Teague-Johnson,play-by-play,False,,0.0,not located,
2025-12-20|162|40 Tyshawn Teague-Johnson > Non Possession > 8 Sec Violation,162,2025-12-20,UW-Whitewater,offense,Darius Chestnut,clips before/after (no clock),False,,0.0,not located,
2025-12-20|162|40 Tyshawn Teague-Johnson > Non Possession > 8 Sec Violation,162,2025-12-20,UW-Whitewater,offense,Jake Quast,clips before/after (no clock),False,,0.0,not located,
2025-12-20|162|40 Tyshawn Teague-Johnson > Non Possession > 8 Sec Violation,162,2025-12-20,UW-Whitewater,offense,Joey Berezowitz,clips before/after (no clock),False,,0.0,not located,
2025-12-20|162|40 Tyshawn Teague-Johnson > Non Possession > 8 Sec Violation,162,2025-12-20,UW-Whitewater,offense,Kelton McEwen,clips before/after (no clock),False,,0.0,not located,
2025-12-20|162|40 Tyshawn Teague-Johnson > Non Possession > 8 Sec Violation,162,2025-12-20,UW-Whitewater,offense,Tyshawn Teague-Johnson,clips before/after (no clock),False,,0.0,not located,
2025-12-20|163|20 Josh Elliott > No Play Type > Turnover,163,2025-12-20,Alma Scots,offense,Donovan Collins,play-by-play,False,,0.0,not located,
2025-12-20|163|20 Josh Elliott > No Play Type > Turnover,163,2025-12-20,Alma Scots,offense,Josh Elliott,play-by-play,False,,0.0,not located,
2025-12-20|163|20 Josh Elliott > No Play Type > Turnover,163,2025-12-20,Alma Scots,offense,Korbin Heitzman,play-by-play,False,,0.0,not located,
2025-12-20|163|20 Josh Elliott > No Play Type > Turnover,163,2025-12-20,Alma Scots,offense,Logan St. Martin,play-by-play,False,,0.0,not located,
2025-12-20|163|20 Josh Elliott > No Play Type > Turnover,163,2025-12-20,Alma Scots,offense,Raine Rodich,play-by-play,False,,0.0,not located,
2025-12-20|163|20 Josh Elliott > No Play Type > Turnover,163,2025-12-20,UW-Whitewater,defense,Darius Chestnut,play-by-play,False,,0.0,not located,
2025-12-20|163|20 Josh Elliott > No Play Type > Turnover,163,2025-12-20,UW-Whitewater,defense,Jake Quast,play-by-play,False,,0.0,not located,
2025-12-20|163|20 Josh Elliott > No Play Type > Turnover,163,2025-12-20,UW-Whitewater,defense,Joey Berezowitz,play-by-play,False,,0.0,not located,
2025-12-20|163|20 Josh Elliott > No Play Type > Turnover,163,2025-12-20,UW-Whitewater,defense,Kelton McEwen,play-by-play,False,,0.0,not located,
2025-12-20|163|20 Josh Elliott > No Play Type > Turnover,163,2025-12-20,UW-Whitewater,defense,Tyshawn Teague-Johnson,play-by-play,False,,0.0,not located,
2025-12-20|164|40 Tyshawn Teague-Johnson > Hand Off > From Dribble > Left > Turnover,164,2025-12-20,UW-Whitewater,offense,Darius Chestnut,play-by-play,False,,0.0,not located,
2025-12-20|164|40 Tyshawn Teague-Johnson > Hand Off > From Dribble > Left > Turnover,164,2025-12-20,UW-Whitewater,offense,Jake Quast,play-by-play,False,,0.0,not located,
2025-12-20|164|40 Tyshawn Teague-Johnson > Hand Off > From Dribble > Left > Turnover,164,2025-12-20,UW-Whitewater,offense,Joey Berezowitz,play-by-play,False,,0.0,not located,
2025-12-20|164|40 Tyshawn Teague-Johnson > Hand Off > From Dribble > Left > Turnover,164,2025-12-20,UW-Whitewater,offense,Kelton McEwen,play-by-play,False,,0.0,not located,
2025-12-20|164|40 Tyshawn Teague-Johnson > Hand Off > From Dribble > Left > Turnover,164,2025-12-20,UW-Whitewater,offense,Tyshawn Teague-Johnson,play-by-play,False,,0.0,not located,
2025-12-20|164|40 Tyshawn Teague-Johnson > Hand Off > From Dribble > Left > Turnover,164,2025-12-20,Alma Scots,defense,Donovan Collins,play-by-play,False,,0.0,not located,
2025-12-20|164|40 Tyshawn Teague-Johnson > Hand Off > From Dribble > Left > Turnover,164,2025-12-20,Alma Scots,defense,Josh Elliott,play-by-play,False,,0.0,not located,
2025-12-20|164|40 Tyshawn Teague-Johnson > Hand Off > From Dribble > Left > Turnover,164,2025-12-20,Alma Scots,defense,Korbin Heitzman,play-by-play,False,,0.0,not located,
2025-12-20|164|40 Tyshawn Teague-Johnson > Hand Off > From Dribble > Left > Turnover,164,2025-12-20,Alma Scots,defense,Logan St. Martin,play-by-play,False,,0.0,not located,
2025-12-20|164|40 Tyshawn Teague-Johnson > Hand Off > From Dribble > Left > Turnover,164,2025-12-20,Alma Scots,defense,Raine Rodich,play-by-play,False,,0.0,not located,
2025-12-20|165|24 Logan St. Martin > Cut > Screen > Miss 2 Pts,165,2025-12-20,Alma Scots,offense,Donovan Collins,play-by-play,False,,0.0,not located,
2025-12-20|165|24 Logan St. Martin > Cut > Screen > Miss 2 Pts,165,2025-12-20,Alma Scots,offense,Josh Elliott,play-by-play,False,,0.0,not located,
2025-12-20|165|24 Logan St. Martin > Cut > Screen > Miss 2 Pts,165,2025-12-20,Alma Scots,offense,Korbin Heitzman,play-by-play,False,,0.0,not located,
2025-12-20|165|24 Logan St. Martin > Cut > Screen > Miss 2 Pts,165,2025-12-20,Alma Scots,offense,Logan St. Martin,play-by-play,False,,0.0,not located,
2025-12-20|165|24 Logan St. Martin > Cut > Screen > Miss 2 Pts,165,2025-12-20,Alma Scots,offense,Raine Rodich,play-by-play,False,,0.0,not located,
2025-12-20|165|24 Logan St. Martin > Cut > Screen > Miss 2 Pts,165,2025-12-20,UW-Whitewater,defense,Darius Chestnut,play-by-play,False,,0.0,not located,
2025-12-20|165|24 Logan St. Martin > Cut > Screen > Miss 2 Pts,165,2025-12-20,UW-Whitewater,defense,Jake Quast,play-by-play,False,,0.0,not located,
2025-12-20|165|24 Logan St. Martin > Cut > Screen > Miss 2 Pts,165,2025-12-20,UW-Whitewater,defense,Joey Berezowitz,play-by-play,False,,0.0,not located,
2025-12-20|165|24 Logan St. Martin > Cut > Screen > Miss 2 Pts,165,2025-12-20,UW-Whitewater,defense,Kelton McEwen,play-by-play,False,,0.0,not located,
2025-12-20|165|24 Logan St. Martin > Cut > Screen > Miss 2 Pts,165,2025-12-20,UW-Whitewater,defense,Tyshawn Teague-Johnson,play-by-play,False,,0.0,not located,
2025-12-20|166|40 Tyshawn Teague-Johnson > Spot-Up > Drives Right > To Basket > Make 2 Pts,166,2025-12-20,UW-Whitewater,offense,Darius Chestnut,play-by-play,False,,0.0,not located,
2025-12-20|166|40 Tyshawn Teague-Johnson > Spot-Up > Drives Right > To Basket > Make 2 Pts,166,2025-12-20,UW-Whitewater,offense,Jake Quast,play-by-play,False,,0.0,not located,
2025-12-20|166|40 Tyshawn Teague-Johnson > Spot-Up > Drives Right > To Basket > Make 2 Pts,166,2025-12-20,UW-Whitewater,offense,Joey Berezowitz,play-by-play,False,,0.0,not located,
2025-12-20|166|40 Tyshawn Teague-Johnson > Spot-Up > Drives Right > To Basket > Make 2 Pts,166,2025-12-20,UW-Whitewater,offense,Kelton McEwen,play-by-play,False,,0.0,not located,
2025-12-20|166|40 Tyshawn Teague-Johnson > Spot-Up > Drives Right > To Basket > Make 2 Pts,166,2025-12-20,UW-Whitewater,offense,Tyshawn Teague-Johnson,play-by-play,False,,0.0,not located,
2025-12-20|166|40 Tyshawn Teague-Johnson > Spot-Up > Drives Right > To Basket > Make 2 Pts,166,2025-12-20,Alma Scots,defense,Donovan Collins,play-by-play,False,,0.0,not located,
2025-12-20|166|40 Tyshawn Teague-Johnson > Spot-Up > Drives Right > To Basket > Make 2 Pts,166,2025-12-20,Alma Scots,defense,Josh Elliott,play-by-play,False,,0.0,not located,
2025-12-20|166|40 Tyshawn Teague-Johnson > Spot-Up > Drives Right > To Basket > Make 2 Pts,166,2025-12-20,Alma Scots,defense,Korbin Heitzman,play-by-play,False,,0.0,not located,
2025-12-20|166|40 Tyshawn Teague-Johnson > Spot-Up > Drives Right > To Basket > Make 2 Pts,166,2025-12-20,Alma Scots,defense,Logan St. Martin,play-by-play,False,,0.0,not located,
2025-12-20|166|40 Tyshawn Teague-Johnson > Spot-Up > Drives Right > To Basket > Make 2 Pts,166,2025-12-20,Alma Scots,defense,Raine Rodich,play-by-play,False,,0.0,not located,
2025-12-20|167|14 Raine Rodich > P&R Ball Handler > High P&R > Dribble Off Pick > Defense Commits > Ball Delivered > 3 Donovan Collins > Spot-Up > No Dribble Jumper > Guarded > Long/3pt > Foul,167,2025-12-20,Alma Scots,offense,Donovan Collins,play-by-play,True,44,23.0,Synergy,0.95
2025-12-20|167|14 Raine Rodich > P&R Ball Handler > High P&R > Dribble Off Pick > Defense Commits > Ball Delivered > 3 Donovan Collins > Spot-Up > No Dribble Jumper > Guarded > Long/3pt > Foul,167,2025-12-20,Alma Scots,offense,Josh Elliott,play-by-play,True,36,13.0,best guess,0.31
2025-12-20|167|14 Raine Rodich > P&R Ball Handler > High P&R > Dribble Off Pick > Defense Commits > Ball Delivered > 3 Donovan Collins > Spot-Up > No Dribble Jumper > Guarded > Long/3pt > Foul,167,2025-12-20,Alma Scots,offense,Korbin Heitzman,play-by-play,True,50,19.8,best guess,0.31
2025-12-20|167|14 Raine Rodich > P&R Ball Handler > High P&R > Dribble Off Pick > Defense Commits > Ball Delivered > 3 Donovan Collins > Spot-Up > No Dribble Jumper > Guarded > Long/3pt > Foul,167,2025-12-20,Alma Scots,offense,Logan St. Martin,play-by-play,True,16,11.5,best guess,0.31
2025-12-20|167|14 Raine Rodich > P&R Ball Handler > High P&R > Dribble Off Pick > Defense Commits > Ball Delivered > 3 Donovan Collins > Spot-Up > No Dribble Jumper > Guarded > Long/3pt > Foul,167,2025-12-20,Alma Scots,offense,Raine Rodich,play-by-play,True,41,6.2,Synergy,0.95
2025-12-20|167|14 Raine Rodich > P&R Ball Handler > High P&R > Dribble Off Pick > Defense Commits > Ball Delivered > 3 Donovan Collins > Spot-Up > No Dribble Jumper > Guarded > Long/3pt > Foul,167,2025-12-20,UW-Whitewater,defense,Darius Chestnut,play-by-play,False,,0.0,not located,
2025-12-20|167|14 Raine Rodich > P&R Ball Handler > High P&R > Dribble Off Pick > Defense Commits > Ball Delivered > 3 Donovan Collins > Spot-Up > No Dribble Jumper > Guarded > Long/3pt > Foul,167,2025-12-20,UW-Whitewater,defense,Jake Quast,play-by-play,False,,0.0,not located,
2025-12-20|167|14 Raine Rodich > P&R Ball Handler > High P&R > Dribble Off Pick > Defense Commits > Ball Delivered > 3 Donovan Collins > Spot-Up > No Dribble Jumper > Guarded > Long/3pt > Foul,167,2025-12-20,UW-Whitewater,defense,Joey Berezowitz,play-by-play,False,,0.0,not located,
2025-12-20|167|14 Raine Rodich > P&R Ball Handler > High P&R > Dribble Off Pick > Defense Commits > Ball Delivered > 3 Donovan Collins > Spot-Up > No Dribble Jumper > Guarded > Long/3pt > Foul,167,2025-12-20,UW-Whitewater,defense,Kelton McEwen,play-by-play,False,,0.0,not located,
2025-12-20|167|14 Raine Rodich > P&R Ball Handler > High P&R > Dribble Off Pick > Defense Commits > Ball Delivered > 3 Donovan Collins > Spot-Up > No Dribble Jumper > Guarded > Long/3pt > Foul,167,2025-12-20,UW-Whitewater,defense,Tyshawn Teague-Johnson,play-by-play,False,,0.0,not located,
2025-12-20|171|10 Darius Chestnut > Transition > Ballhandler > To Basket > Make 2 Pts,171,2025-12-20,UW-Whitewater,offense,Darius Chestnut,play-by-play,False,,0.0,not located,
2025-12-20|171|10 Darius Chestnut > Transition > Ballhandler > To Basket > Make 2 Pts,171,2025-12-20,UW-Whitewater,offense,Jake Quast,play-by-play,False,,0.0,not located,
2025-12-20|171|10 Darius Chestnut > Transition > Ballhandler > To Basket > Make 2 Pts,171,2025-12-20,UW-Whitewater,offense,Joey Berezowitz,play-by-play,False,,0.0,not located,
2025-12-20|171|10 Darius Chestnut > Transition > Ballhandler > To Basket > Make 2 Pts,171,2025-12-20,UW-Whitewater,offense,Kelton McEwen,play-by-play,False,,0.0,not located,
2025-12-20|171|10 Darius Chestnut > Transition > Ballhandler > To Basket > Make 2 Pts,171,2025-12-20,UW-Whitewater,offense,Tyshawn Teague-Johnson,play-by-play,False,,0.0,not located,
2025-12-20|171|10 Darius Chestnut > Transition > Ballhandler > To Basket > Make 2 Pts,171,2025-12-20,Alma Scots,defense,Donovan Collins,play-by-play,False,,0.0,not located,
2025-12-20|171|10 Darius Chestnut > Transition > Ballhandler > To Basket > Make 2 Pts,171,2025-12-20,Alma Scots,defense,Josh Elliott,play-by-play,False,,0.0,not located,
2025-12-20|171|10 Darius Chestnut > Transition > Ballhandler > To Basket > Make 2 Pts,171,2025-12-20,Alma Scots,defense,Korbin Heitzman,play-by-play,False,,0.0,not located,
2025-12-20|171|10 Darius Chestnut > Transition > Ballhandler > To Basket > Make 2 Pts,171,2025-12-20,Alma Scots,defense,Logan St. Martin,play-by-play,False,,0.0,not located,
2025-12-20|171|10 Darius Chestnut > Transition > Ballhandler > To Basket > Make 2 Pts,171,2025-12-20,Alma Scots,defense,Raine Rodich,play-by-play,False,,0.0,not located,
2025-12-20|172|14 Raine Rodich > P&R Ball Handler > Right P&R > Side > Dribble Off Pick > Defense Commits > Ball Delivered > 11 Korbin Heitzman > P&R Roll Man > Rolls to Basket > Miss 2 Pts,172,2025-12-20,Alma Scots,offense,Donovan Collins,play-by-play,False,,0.0,not located,
2025-12-20|172|14 Raine Rodich > P&R Ball Handler > Right P&R > Side > Dribble Off Pick > Defense Commits > Ball Delivered > 11 Korbin Heitzman > P&R Roll Man > Rolls to Basket > Miss 2 Pts,172,2025-12-20,Alma Scots,offense,Josh Elliott,play-by-play,False,,0.0,not located,
2025-12-20|172|14 Raine Rodich > P&R Ball Handler > Right P&R > Side > Dribble Off Pick > Defense Commits > Ball Delivered > 11 Korbin Heitzman > P&R Roll Man > Rolls to Basket > Miss 2 Pts,172,2025-12-20,Alma Scots,offense,Korbin Heitzman,play-by-play,False,,0.0,not located,
2025-12-20|172|14 Raine Rodich > P&R Ball Handler > Right P&R > Side > Dribble Off Pick > Defense Commits > Ball Delivered > 11 Korbin Heitzman > P&R Roll Man > Rolls to Basket > Miss 2 Pts,172,2025-12-20,Alma Scots,offense,Logan St. Martin,play-by-play,False,,0.0,not located,
2025-12-20|172|14 Raine Rodich > P&R Ball Handler > Right P&R > Side > Dribble Off Pick > Defense Commits > Ball Delivered > 11 Korbin Heitzman > P&R Roll Man > Rolls to Basket > Miss 2 Pts,172,2025-12-20,Alma Scots,offense,Raine Rodich,play-by-play,True,24,18.0,Synergy,0.95
2025-12-20|172|14 Raine Rodich > P&R Ball Handler > Right P&R > Side > Dribble Off Pick > Defense Commits > Ball Delivered > 11 Korbin Heitzman > P&R Roll Man > Rolls to Basket > Miss 2 Pts,172,2025-12-20,UW-Whitewater,defense,Darius Chestnut,play-by-play,False,,0.0,not located,
2025-12-20|172|14 Raine Rodich > P&R Ball Handler > Right P&R > Side > Dribble Off Pick > Defense Commits > Ball Delivered > 11 Korbin Heitzman > P&R Roll Man > Rolls to Basket > Miss 2 Pts,172,2025-12-20,UW-Whitewater,defense,Jake Quast,play-by-play,False,,0.0,not located,
2025-12-20|172|14 Raine Rodich > P&R Ball Handler > Right P&R > Side > Dribble Off Pick > Defense Commits > Ball Delivered > 11 Korbin Heitzman > P&R Roll Man > Rolls to Basket > Miss 2 Pts,172,2025-12-20,UW-Whitewater,defense,Joey Berezowitz,play-by-play,False,,0.0,not located,
2025-12-20|172|14 Raine Rodich > P&R Ball Handler > Right P&R > Side > Dribble Off Pick > Defense Commits > Ball Delivered > 11 Korbin Heitzman > P&R Roll Man > Rolls to Basket > Miss 2 Pts,172,2025-12-20,UW-Whitewater,defense,Kelton McEwen,play-by-play,False,,0.0,not located,
2025-12-20|172|14 Raine Rodich > P&R Ball Handler > Right P&R > Side > Dribble Off Pick > Defense Commits > Ball Delivered > 11 Korbin Heitzman > P&R Roll Man > Rolls to Basket > Miss 2 Pts,172,2025-12-20,UW-Whitewater,defense,Tyshawn Teague-Johnson,play-by-play,False,,0.0,not located,
2025-12-20|173|11 Korbin Heitzman > Offensive Rebound > Short > Scoring Attempt > At Basket > Miss 2 Pts,173,2025-12-20,Alma Scots,offense,Donovan Collins,play-by-play,False,,0.0,not located,
2025-12-20|173|11 Korbin Heitzman > Offensive Rebound > Short > Scoring Attempt > At Basket > Miss 2 Pts,173,2025-12-20,Alma Scots,offense,Josh Elliott,play-by-play,False,,0.0,not located,
2025-12-20|173|11 Korbin Heitzman > Offensive Rebound > Short > Scoring Attempt > At Basket > Miss 2 Pts,173,2025-12-20,Alma Scots,offense,Korbin Heitzman,play-by-play,False,,0.0,not located,
2025-12-20|173|11 Korbin Heitzman > Offensive Rebound > Short > Scoring Attempt > At Basket > Miss 2 Pts,173,2025-12-20,Alma Scots,offense,Logan St. Martin,play-by-play,False,,0.0,not located,
2025-12-20|173|11 Korbin Heitzman > Offensive Rebound > Short > Scoring Attempt > At Basket > Miss 2 Pts,173,2025-12-20,Alma Scots,offense,Raine Rodich,play-by-play,False,,0.0,not located,
2025-12-20|173|11 Korbin Heitzman > Offensive Rebound > Short > Scoring Attempt > At Basket > Miss 2 Pts,173,2025-12-20,UW-Whitewater,defense,Darius Chestnut,play-by-play,False,,0.0,not located,
2025-12-20|173|11 Korbin Heitzman > Offensive Rebound > Short > Scoring Attempt > At Basket > Miss 2 Pts,173,2025-12-20,UW-Whitewater,defense,Jake Quast,play-by-play,False,,0.0,not located,
2025-12-20|173|11 Korbin Heitzman > Offensive Rebound > Short > Scoring Attempt > At Basket > Miss 2 Pts,173,2025-12-20,UW-Whitewater,defense,Joey Berezowitz,play-by-play,False,,0.0,not located,
2025-12-20|173|11 Korbin Heitzman > Offensive Rebound > Short > Scoring Attempt > At Basket > Miss 2 Pts,173,2025-12-20,UW-Whitewater,defense,Kelton McEwen,play-by-play,False,,0.0,not located,
2025-12-20|173|11 Korbin Heitzman > Offensive Rebound > Short > Scoring Attempt > At Basket > Miss 2 Pts,173,2025-12-20,UW-Whitewater,defense,Tyshawn Teague-Johnson,play-by-play,False,,0.0,not located,
2025-12-20|174|22 Joey Berezowitz > Non Possession > No Violation,174,2025-12-20,UW-Whitewater,offense,Darius Chestnut,clips before/after (no clock),False,,0.0,not located,
2025-12-20|174|22 Joey Berezowitz > Non Possession > No Violation,174,2025-12-20,UW-Whitewater,offense,Jake Quast,clips before/after (no clock),False,,0.0,not located,
2025-12-20|174|22 Joey Berezowitz > Non Possession > No Violation,174,2025-12-20,UW-Whitewater,offense,Joey Berezowitz,clips before/after (no clock),False,,0.0,not located,
2025-12-20|174|22 Joey Berezowitz > Non Possession > No Violation,174,2025-12-20,UW-Whitewater,offense,Kelton McEwen,clips before/after (no clock),False,,0.0,not located,
2025-12-20|174|22 Joey Berezowitz > Non Possession > No Violation,174,2025-12-20,UW-Whitewater,offense,Tyshawn Teague-Johnson,clips before/after (no clock),False,,0.0,not located,
2025-12-20|174|22 Joey Berezowitz > Non Possession > No Violation,174,2025-12-20,Alma Scots,defense,Donovan Collins,clips before/after (no clock),False,,0.0,not located,
2025-12-20|174|22 Joey Berezowitz > Non Possession > No Violation,174,2025-12-20,Alma Scots,defense,Josh Elliott,clips before/after (no clock),False,,0.0,not located,
2025-12-20|174|22 Joey Berezowitz > Non Possession > No Violation,174,2025-12-20,Alma Scots,defense,Korbin Heitzman,clips before/after (no clock),False,,0.0,not located,
2025-12-20|174|22 Joey Berezowitz > Non Possession > No Violation,174,2025-12-20,Alma Scots,defense,Logan St. Martin,clips before/after (no clock),False,,0.0,not located,
2025-12-20|174|22 Joey Berezowitz > Non Possession > No Violation,174,2025-12-20,Alma Scots,defense,Raine Rodich,clips before/after (no clock),False,,0.0,not located,
2025-12-20|175|40 Tyshawn Teague-Johnson > Post-Up > Right Block > Right Shoulder > Dribble Move > Defense Commits > Ball Delivered > 22 Joey Berezowitz > Spot-Up > No Dribble Jumper > Open > Long/3pt > Make 3 Pts,175,2025-12-20,UW-Whitewater,offense,Darius Chestnut,play-by-play,False,,0.0,not located,
2025-12-20|175|40 Tyshawn Teague-Johnson > Post-Up > Right Block > Right Shoulder > Dribble Move > Defense Commits > Ball Delivered > 22 Joey Berezowitz > Spot-Up > No Dribble Jumper > Open > Long/3pt > Make 3 Pts,175,2025-12-20,UW-Whitewater,offense,Jake Quast,play-by-play,False,,0.0,not located,
2025-12-20|175|40 Tyshawn Teague-Johnson > Post-Up > Right Block > Right Shoulder > Dribble Move > Defense Commits > Ball Delivered > 22 Joey Berezowitz > Spot-Up > No Dribble Jumper > Open > Long/3pt > Make 3 Pts,175,2025-12-20,UW-Whitewater,offense,Joey Berezowitz,play-by-play,False,,0.0,not located,
2025-12-20|175|40 Tyshawn Teague-Johnson > Post-Up > Right Block > Right Shoulder > Dribble Move > Defense Commits > Ball Delivered > 22 Joey Berezowitz > Spot-Up > No Dribble Jumper > Open > Long/3pt > Make 3 Pts,175,2025-12-20,UW-Whitewater,offense,Kelton McEwen,play-by-play,False,,0.0,not located,
2025-12-20|175|40 Tyshawn Teague-Johnson > Post-Up > Right Block > Right Shoulder > Dribble Move > Defense Commits > Ball Delivered > 22 Joey Berezowitz > Spot-Up > No Dribble Jumper > Open > Long/3pt > Make 3 Pts,175,2025-12-20,UW-Whitewater,offense,Tyshawn Teague-Johnson,play-by-play,False,,0.0,not located,
2025-12-20|175|40 Tyshawn Teague-Johnson > Post-Up > Right Block > Right Shoulder > Dribble Move > Defense Commits > Ball Delivered > 22 Joey Berezowitz > Spot-Up > No Dribble Jumper > Open > Long/3pt > Make 3 Pts,175,2025-12-20,Alma Scots,defense,Donovan Collins,play-by-play,False,,0.0,not located,
2025-12-20|175|40 Tyshawn Teague-Johnson > Post-Up > Right Block > Right Shoulder > Dribble Move > Defense Commits > Ball Delivered > 22 Joey Berezowitz > Spot-Up > No Dribble Jumper > Open > Long/3pt > Make 3 Pts,175,2025-12-20,Alma Scots,defense,Josh Elliott,play-by-play,False,,0.0,not located,
2025-12-20|175|40 Tyshawn Teague-Johnson > Post-Up > Right Block > Right Shoulder > Dribble Move > Defense Commits > Ball Delivered > 22 Joey Berezowitz > Spot-Up > No Dribble Jumper > Open > Long/3pt > Make 3 Pts,175,2025-12-20,Alma Scots,defense,Korbin Heitzman,play-by-play,False,,0.0,not located,
2025-12-20|175|40 Tyshawn Teague-Johnson > Post-Up > Right Block > Right Shoulder > Dribble Move > Defense Commits > Ball Delivered > 22 Joey Berezowitz > Spot-Up > No Dribble Jumper > Open > Long/3pt > Make 3 Pts,175,2025-12-20,Alma Scots,defense,Logan St. Martin,play-by-play,False,,0.0,not located,
2025-12-20|175|40 Tyshawn Teague-Johnson > Post-Up > Right Block > Right Shoulder > Dribble Move > Defense Commits > Ball Delivered > 22 Joey Berezowitz > Spot-Up > No Dribble Jumper > Open > Long/3pt > Make 3 Pts,175,2025-12-20,Alma Scots,defense,Raine Rodich,play-by-play,False,,0.0,not located,
2025-12-20|176|14 Raine Rodich > No Play Type > Turnover,176,2025-12-20,Alma Scots,offense,Donovan Collins,play-by-play,False,,0.0,not located,
2025-12-20|176|14 Raine Rodich > No Play Type > Turnover,176,2025-12-20,Alma Scots,offense,Josh Elliott,play-by-play,False,,0.0,not located,
2025-12-20|176|14 Raine Rodich > No Play Type > Turnover,176,2025-12-20,Alma Scots,offense,Korbin Heitzman,play-by-play,False,,0.0,not located,
2025-12-20|176|14 Raine Rodich > No Play Type > Turnover,176,2025-12-20,Alma Scots,offense,Logan St. Martin,play-by-play,False,,0.0,not located,
2025-12-20|176|14 Raine Rodich > No Play Type > Turnover,176,2025-12-20,Alma Scots,offense,Raine Rodich,play-by-play,False,,0.0,not located,
2025-12-20|176|14 Raine Rodich > No Play Type > Turnover,176,2025-12-20,UW-Whitewater,defense,Darius Chestnut,play-by-play,False,,0.0,not located,
2025-12-20|176|14 Raine Rodich > No Play Type > Turnover,176,2025-12-20,UW-Whitewater,defense,Jake Quast,play-by-play,False,,0.0,not located,
2025-12-20|176|14 Raine Rodich > No Play Type > Turnover,176,2025-12-20,UW-Whitewater,defense,Joey Berezowitz,play-by-play,False,,0.0,not located,
2025-12-20|176|14 Raine Rodich > No Play Type > Turnover,176,2025-12-20,UW-Whitewater,defense,Kelton McEwen,play-by-play,False,,0.0,not located,
2025-12-20|176|14 Raine Rodich > No Play Type > Turnover,176,2025-12-20,UW-Whitewater,defense,Tyshawn Teague-Johnson,play-by-play,False,,0.0,not located,
2025-12-20|177|12 Jake Quast > Transition > Ballhandler > To Basket > Turnover,177,2025-12-20,UW-Whitewater,offense,Darius Chestnut,play-by-play,False,,0.0,not located,
2025-12-20|177|12 Jake Quast > Transition > Ballhandler > To Basket > Turnover,177,2025-12-20,UW-Whitewater,offense,Jake Quast,play-by-play,False,,0.0,not located,
2025-12-20|177|12 Jake Quast > Transition > Ballhandler > To Basket > Turnover,177,2025-12-20,UW-Whitewater,offense,Joey Berezowitz,play-by-play,False,,0.0,not located,
2025-12-20|177|12 Jake Quast > Transition > Ballhandler > To Basket > Turnover,177,2025-12-20,UW-Whitewater,offense,Kelton McEwen,play-by-play,False,,0.0,not located,
2025-12-20|177|12 Jake Quast > Transition > Ballhandler > To Basket > Turnover,177,2025-12-20,UW-Whitewater,offense,Tyshawn Teague-Johnson,play-by-play,False,,0.0,not located,
2025-12-20|177|12 Jake Quast > Transition > Ballhandler > To Basket > Turnover,177,2025-12-20,Alma Scots,defense,Donovan Collins,play-by-play,False,,0.0,not located,
2025-12-20|177|12 Jake Quast > Transition > Ballhandler > To Basket > Turnover,177,2025-12-20,Alma Scots,defense,Josh Elliott,play-by-play,False,,0.0,not located,
2025-12-20|177|12 Jake Quast > Transition > Ballhandler > To Basket > Turnover,177,2025-12-20,Alma Scots,defense,Korbin Heitzman,play-by-play,False,,0.0,not located,
2025-12-20|177|12 Jake Quast > Transition > Ballhandler > To Basket > Turnover,177,2025-12-20,Alma Scots,defense,Logan St. Martin,play-by-play,False,,0.0,not located,
2025-12-20|177|12 Jake Quast > Transition > Ballhandler > To Basket > Turnover,177,2025-12-20,Alma Scots,defense,Raine Rodich,play-by-play,False,,0.0,not located,
2025-12-20|178|11 Korbin Heitzman > No Play Type > Turnover,178,2025-12-20,Alma Scots,offense,Donovan Collins,play-by-play,False,,0.0,not located,
2025-12-20|178|11 Korbin Heitzman > No Play Type > Turnover,178,2025-12-20,Alma Scots,offense,Josh Elliott,play-by-play,False,,0.0,not located,
2025-12-20|178|11 Korbin Heitzman > No Play Type > Turnover,178,2025-12-20,Alma Scots,offense,Joss Bradley,play-by-play,False,,0.0,not located,
2025-12-20|178|11 Korbin Heitzman > No Play Type > Turnover,178,2025-12-20,Alma Scots,offense,Korbin Heitzman,play-by-play,False,,0.0,not located,
2025-12-20|178|11 Korbin Heitzman > No Play Type > Turnover,178,2025-12-20,Alma Scots,offense,Logan St. Martin,play-by-play,False,,0.0,not located,
2025-12-20|178|11 Korbin Heitzman > No Play Type > Turnover,178,2025-12-20,UW-Whitewater,defense,Darius Chestnut,play-by-play,False,,0.0,not located,
2025-12-20|178|11 Korbin Heitzman > No Play Type > Turnover,178,2025-12-20,UW-Whitewater,defense,Isaiah Robinson,play-by-play,False,,0.0,not located,
2025-12-20|178|11 Korbin Heitzman > No Play Type > Turnover,178,2025-12-20,UW-Whitewater,defense,Jake Quast,play-by-play,False,,0.0,not located,
2025-12-20|178|11 Korbin Heitzman > No Play Type > Turnover,178,2025-12-20,UW-Whitewater,defense,Kelton McEwen,play-by-play,False,,0.0,not located,
2025-12-20|178|11 Korbin Heitzman > No Play Type > Turnover,178,2025-12-20,UW-Whitewater,defense,Tyshawn Teague-Johnson,play-by-play,False,,0.0,not located,
2025-12-20|179|2 Kelton Mcewen > Transition > Ballhandler > Dribble Jumper > Long/3pt > Miss 3 Pts,179,2025-12-20,UW-Whitewater,offense,Darius Chestnut,play-by-play,False,,0.0,not located,
2025-12-20|179|2 Kelton Mcewen > Transition > Ballhandler > Dribble Jumper > Long/3pt > Miss 3 Pts,179,2025-12-20,UW-Whitewater,offense,Isaiah Robinson,play-by-play,False,,0.0,not located,
2025-12-20|179|2 Kelton Mcewen > Transition > Ballhandler > Dribble Jumper > Long/3pt > Miss 3 Pts,179,2025-12-20,UW-Whitewater,offense,Jake Quast,play-by-play,False,,0.0,not located,
2025-12-20|179|2 Kelton Mcewen > Transition > Ballhandler > Dribble Jumper > Long/3pt > Miss 3 Pts,179,2025-12-20,UW-Whitewater,offense,Kelton McEwen,play-by-play,False,,0.0,not located,
2025-12-20|179|2 Kelton Mcewen > Transition > Ballhandler > Dribble Jumper > Long/3pt > Miss 3 Pts,179,2025-12-20,UW-Whitewater,offense,Tyshawn Teague-Johnson,play-by-play,False,,0.0,not located,
2025-12-20|179|2 Kelton Mcewen > Transition > Ballhandler > Dribble Jumper > Long/3pt > Miss 3 Pts,179,2025-12-20,Alma Scots,defense,Donovan Collins,play-by-play,False,,0.0,not located,
2025-12-20|179|2 Kelton Mcewen > Transition > Ballhandler > Dribble Jumper > Long/3pt > Miss 3 Pts,179,2025-12-20,Alma Scots,defense,Josh Elliott,play-by-play,False,,0.0,not located,
2025-12-20|179|2 Kelton Mcewen > Transition > Ballhandler > Dribble Jumper > Long/3pt > Miss 3 Pts,179,2025-12-20,Alma Scots,defense,Joss Bradley,play-by-play,False,,0.0,not located,
2025-12-20|179|2 Kelton Mcewen > Transition > Ballhandler > Dribble Jumper > Long/3pt > Miss 3 Pts,179,2025-12-20,Alma Scots,defense,Korbin Heitzman,play-by-play,False,,0.0,not located,
2025-12-20|179|2 Kelton Mcewen > Transition > Ballhandler > Dribble Jumper > Long/3pt > Miss 3 Pts,179,2025-12-20,Alma Scots,defense,Logan St. Martin,play-by-play,False,,0.0,not located,
2025-12-20|180|5 Isaiah Robinson > Offensive Rebound > Long > Run Offense,180,2025-12-20,UW-Whitewater,offense,Darius Chestnut,clips before/after (no clock),False,,0.0,not located,
2025-12-20|180|5 Isaiah Robinson > Offensive Rebound > Long > Run Offense,180,2025-12-20,UW-Whitewater,offense,Isaiah Robinson,clips before/after (no clock),False,,0.0,not located,
2025-12-20|180|5 Isaiah Robinson > Offensive Rebound > Long > Run Offense,180,2025-12-20,UW-Whitewater,offense,Jake Quast,clips before/after (no clock),False,,0.0,not located,
2025-12-20|180|5 Isaiah Robinson > Offensive Rebound > Long > Run Offense,180,2025-12-20,UW-Whitewater,offense,Kelton McEwen,clips before/after (no clock),False,,0.0,not located,
2025-12-20|180|5 Isaiah Robinson > Offensive Rebound > Long > Run Offense,180,2025-12-20,UW-Whitewater,offense,Tyshawn Teague-Johnson,clips before/after (no clock),False,,0.0,not located,
2025-12-20|180|5 Isaiah Robinson > Offensive Rebound > Long > Run Offense,180,2025-12-20,Alma Scots,defense,Donovan Collins,clips before/after (no clock),False,,0.0,not located,
2025-12-20|180|5 Isaiah Robinson > Offensive Rebound > Long > Run Offense,180,2025-12-20,Alma Scots,defense,Josh Elliott,clips before/after (no clock),False,,0.0,not located,
2025-12-20|180|5 Isaiah Robinson > Offensive Rebound > Long > Run Offense,180,2025-12-20,Alma Scots,defense,Joss Bradley,clips before/after (no clock),False,,0.0,not located,
2025-12-20|180|5 Isaiah Robinson > Offensive Rebound > Long > Run Offense,180,2025-12-20,Alma Scots,defense,Korbin Heitzman,clips before/after (no clock),False,,0.0,not located,
2025-12-20|180|5 Isaiah Robinson > Offensive Rebound > Long > Run Offense,180,2025-12-20,Alma Scots,defense,Logan St. Martin,clips before/after (no clock),False,,0.0,not located,
2025-12-20|181|40 Tyshawn Teague-Johnson > P&R Ball Handler > Right P&R > Baseline > Dribble Off Pick > To Basket > Miss 2 Pts,181,2025-12-20,UW-Whitewater,offense,Darius Chestnut,play-by-play,False,,0.0,not located,
2025-12-20|181|40 Tyshawn Teague-Johnson > P&R Ball Handler > Right P&R > Baseline > Dribble Off Pick > To Basket > Miss 2 Pts,181,2025-12-20,UW-Whitewater,offense,Isaiah Robinson,play-by-play,False,,0.0,not located,
2025-12-20|181|40 Tyshawn Teague-Johnson > P&R Ball Handler > Right P&R > Baseline > Dribble Off Pick > To Basket > Miss 2 Pts,181,2025-12-20,UW-Whitewater,offense,Jake Quast,play-by-play,False,,0.0,not located,
2025-12-20|181|40 Tyshawn Teague-Johnson > P&R Ball Handler > Right P&R > Baseline > Dribble Off Pick > To Basket > Miss 2 Pts,181,2025-12-20,UW-Whitewater,offense,Kelton McEwen,play-by-play,False,,0.0,not located,
2025-12-20|181|40 Tyshawn Teague-Johnson > P&R Ball Handler > Right P&R > Baseline > Dribble Off Pick > To Basket > Miss 2 Pts,181,2025-12-20,UW-Whitewater,offense,Tyshawn Teague-Johnson,play-by-play,False,,0.0,not located,
2025-12-20|181|40 Tyshawn Teague-Johnson > P&R Ball Handler > Right P&R > Baseline > Dribble Off Pick > To Basket > Miss 2 Pts,181,2025-12-20,Alma Scots,defense,Donovan Collins,play-by-play,False,,0.0,not located,
2025-12-20|181|40 Tyshawn Teague-Johnson > P&R Ball Handler > Right P&R > Baseline > Dribble Off Pick > To Basket > Miss 2 Pts,181,2025-12-20,Alma Scots,defense,Josh Elliott,play-by-play,False,,0.0,not located,
2025-12-20|181|40 Tyshawn Teague-Johnson > P&R Ball Handler > Right P&R > Baseline > Dribble Off Pick > To Basket > Miss 2 Pts,181,2025-12-20,Alma Scots,defense,Joss Bradley,play-by-play,False,,0.0,not located,
2025-12-20|181|40 Tyshawn Teague-Johnson > P&R Ball Handler > Right P&R > Baseline > Dribble Off Pick > To Basket > Miss 2 Pts,181,2025-12-20,Alma Scots,defense,Korbin Heitzman,play-by-play,False,,0.0,not located,
2025-12-20|181|40 Tyshawn Teague-Johnson > P&R Ball Handler > Right P&R > Baseline > Dribble Off Pick > To Basket > Miss 2 Pts,181,2025-12-20,Alma Scots,defense,Logan St. Martin,play-by-play,False,,0.0,not located,
2025-12-20|182|11 Korbin Heitzman > Post-Up > Left Block > Right Shoulder > Dribble Move > Foul,182,2025-12-20,Alma Scots,offense,Donovan Collins,play-by-play,False,,0.0,not located,
2025-12-20|182|11 Korbin Heitzman > Post-Up > Left Block > Right Shoulder > Dribble Move > Foul,182,2025-12-20,Alma Scots,offense,Josh Elliott,play-by-play,False,,0.0,not located,
2025-12-20|182|11 Korbin Heitzman > Post-Up > Left Block > Right Shoulder > Dribble Move > Foul,182,2025-12-20,Alma Scots,offense,Joss Bradley,play-by-play,False,,0.0,not located,
2025-12-20|182|11 Korbin Heitzman > Post-Up > Left Block > Right Shoulder > Dribble Move > Foul,182,2025-12-20,Alma Scots,offense,Korbin Heitzman,play-by-play,True,1,14.8,Synergy,0.95
2025-12-20|182|11 Korbin Heitzman > Post-Up > Left Block > Right Shoulder > Dribble Move > Foul,182,2025-12-20,Alma Scots,offense,Logan St. Martin,play-by-play,False,,0.0,not located,
2025-12-20|182|11 Korbin Heitzman > Post-Up > Left Block > Right Shoulder > Dribble Move > Foul,182,2025-12-20,UW-Whitewater,defense,Darius Chestnut,play-by-play,False,,0.0,not located,
2025-12-20|182|11 Korbin Heitzman > Post-Up > Left Block > Right Shoulder > Dribble Move > Foul,182,2025-12-20,UW-Whitewater,defense,Isaiah Robinson,play-by-play,False,,0.0,not located,
2025-12-20|182|11 Korbin Heitzman > Post-Up > Left Block > Right Shoulder > Dribble Move > Foul,182,2025-12-20,UW-Whitewater,defense,Jake Quast,play-by-play,False,,0.0,not located,
2025-12-20|182|11 Korbin Heitzman > Post-Up > Left Block > Right Shoulder > Dribble Move > Foul,182,2025-12-20,UW-Whitewater,defense,Kelton McEwen,play-by-play,False,,0.0,not located,
2025-12-20|182|11 Korbin Heitzman > Post-Up > Left Block > Right Shoulder > Dribble Move > Foul,182,2025-12-20,UW-Whitewater,defense,Tyshawn Teague-Johnson,play-by-play,False,,0.0,not located,
2025-12-20|185|40 Tyshawn Teague-Johnson > Post-Up > Flash Middle > Left Shoulder > Dribble Move > To Basket > Make 2 Pts Foul > 0 Pts,185,2025-12-20,UW-Whitewater,offense,Agape Keyes Jr.,play-by-play,False,,0.0,not located,
2025-12-20|185|40 Tyshawn Teague-Johnson > Post-Up > Flash Middle > Left Shoulder > Dribble Move > To Basket > Make 2 Pts Foul > 0 Pts,185,2025-12-20,UW-Whitewater,offense,Darius Chestnut,play-by-play,False,,0.0,not located,
2025-12-20|185|40 Tyshawn Teague-Johnson > Post-Up > Flash Middle > Left Shoulder > Dribble Move > To Basket > Make 2 Pts Foul > 0 Pts,185,2025-12-20,UW-Whitewater,offense,Isaiah Robinson,play-by-play,False,,0.0,not located,
2025-12-20|185|40 Tyshawn Teague-Johnson > Post-Up > Flash Middle > Left Shoulder > Dribble Move > To Basket > Make 2 Pts Foul > 0 Pts,185,2025-12-20,UW-Whitewater,offense,Rashad Rogers,play-by-play,False,,0.0,not located,
2025-12-20|185|40 Tyshawn Teague-Johnson > Post-Up > Flash Middle > Left Shoulder > Dribble Move > To Basket > Make 2 Pts Foul > 0 Pts,185,2025-12-20,UW-Whitewater,offense,Tyshawn Teague-Johnson,play-by-play,True,7,7.8,Synergy,0.95
2025-12-20|185|40 Tyshawn Teague-Johnson > Post-Up > Flash Middle > Left Shoulder > Dribble Move > To Basket > Make 2 Pts Foul > 0 Pts,185,2025-12-20,Alma Scots,defense,Donovan Collins,play-by-play,False,,0.0,not located,
2025-12-20|185|40 Tyshawn Teague-Johnson > Post-Up > Flash Middle > Left Shoulder > Dribble Move > To Basket > Make 2 Pts Foul > 0 Pts,185,2025-12-20,Alma Scots,defense,Josh Elliott,play-by-play,False,,0.0,not located,
2025-12-20|185|40 Tyshawn Teague-Johnson > Post-Up > Flash Middle > Left Shoulder > Dribble Move > To Basket > Make 2 Pts Foul > 0 Pts,185,2025-12-20,Alma Scots,defense,Joss Bradley,play-by-play,False,,0.0,not located,
2025-12-20|185|40 Tyshawn Teague-Johnson > Post-Up > Flash Middle > Left Shoulder > Dribble Move > To Basket > Make 2 Pts Foul > 0 Pts,185,2025-12-20,Alma Scots,defense,Korbin Heitzman,play-by-play,False,,0.0,not located,
2025-12-20|185|40 Tyshawn Teague-Johnson > Post-Up > Flash Middle > Left Shoulder > Dribble Move > To Basket > Make 2 Pts Foul > 0 Pts,185,2025-12-20,Alma Scots,defense,Luciano Guerrazzi,play-by-play,False,,0.0,not located,
2025-12-20|187|40 Tyshawn Teague-Johnson > Spot-Up > No Dribble Jumper > Open > Long/3pt > Make 3 Pts,187,2025-12-20,UW-Whitewater,offense,Agape Keyes Jr.,play-by-play,False,,0.0,not located,
2025-12-20|187|40 Tyshawn Teague-Johnson > Spot-Up > No Dribble Jumper > Open > Long/3pt > Make 3 Pts,187,2025-12-20,UW-Whitewater,offense,Isaiah Robinson,play-by-play,False,,0.0,not located,
2025-12-20|187|40 Tyshawn Teague-Johnson > Spot-Up > No Dribble Jumper > Open > Long/3pt > Make 3 Pts,187,2025-12-20,UW-Whitewater,offense,Rashad Rogers,play-by-play,False,,0.0,not located,
2025-12-20|187|40 Tyshawn Teague-Johnson > Spot-Up > No Dribble Jumper > Open > Long/3pt > Make 3 Pts,187,2025-12-20,UW-Whitewater,offense,Trent Grunewald,play-by-play,False,,0.0,not located,
2025-12-20|187|40 Tyshawn Teague-Johnson > Spot-Up > No Dribble Jumper > Open > Long/3pt > Make 3 Pts,187,2025-12-20,UW-Whitewater,offense,Tyshawn Teague-Johnson,play-by-play,False,,0.0,not located,
2025-12-20|187|40 Tyshawn Teague-Johnson > Spot-Up > No Dribble Jumper > Open > Long/3pt > Make 3 Pts,187,2025-12-20,Alma Scots,defense,Donovan Collins,play-by-play,False,,0.0,not located,
2025-12-20|187|40 Tyshawn Teague-Johnson > Spot-Up > No Dribble Jumper > Open > Long/3pt > Make 3 Pts,187,2025-12-20,Alma Scots,defense,Josh Elliott,play-by-play,False,,0.0,not located,
2025-12-20|187|40 Tyshawn Teague-Johnson > Spot-Up > No Dribble Jumper > Open > Long/3pt > Make 3 Pts,187,2025-12-20,Alma Scots,defense,Joss Bradley,play-by-play,False,,0.0,not located,
2025-12-20|187|40 Tyshawn Teague-Johnson > Spot-Up > No Dribble Jumper > Open > Long/3pt > Make 3 Pts,187,2025-12-20,Alma Scots,defense,Korbin Heitzman,play-by-play,False,,0.0,not located,
2025-12-20|187|40 Tyshawn Teague-Johnson > Spot-Up > No Dribble Jumper > Open > Long/3pt > Make 3 Pts,187,2025-12-20,Alma Scots,defense,Luciano Guerrazzi,play-by-play,False,,0.0,not located,
2025-12-20|188|3 Donovan Collins > Hand Off > From Dribble > Top > No Dribble Jumper > Open > Long/3pt > Make 3 Pts,188,2025-12-20,Alma Scots,offense,Donovan Collins,play-by-play,False,,0.0,not located,
2025-12-20|188|3 Donovan Collins > Hand Off > From Dribble > Top > No Dribble Jumper > Open > Long/3pt > Make 3 Pts,188,2025-12-20,Alma Scots,offense,Josh Elliott,play-by-play,False,,0.0,not located,
2025-12-20|188|3 Donovan Collins > Hand Off > From Dribble > Top > No Dribble Jumper > Open > Long/3pt > Make 3 Pts,188,2025-12-20,Alma Scots,offense,Joss Bradley,play-by-play,False,,0.0,not located,
2025-12-20|188|3 Donovan Collins > Hand Off > From Dribble > Top > No Dribble Jumper > Open > Long/3pt > Make 3 Pts,188,2025-12-20,Alma Scots,offense,Korbin Heitzman,play-by-play,False,,0.0,not located,
2025-12-20|188|3 Donovan Collins > Hand Off > From Dribble > Top > No Dribble Jumper > Open > Long/3pt > Make 3 Pts,188,2025-12-20,Alma Scots,offense,Luciano Guerrazzi,play-by-play,False,,0.0,not located,
2025-12-20|188|3 Donovan Collins > Hand Off > From Dribble > Top > No Dribble Jumper > Open > Long/3pt > Make 3 Pts,188,2025-12-20,UW-Whitewater,defense,Agape Keyes Jr.,play-by-play,False,,0.0,not located,
2025-12-20|188|3 Donovan Collins > Hand Off > From Dribble > Top > No Dribble Jumper > Open > Long/3pt > Make 3 Pts,188,2025-12-20,UW-Whitewater,defense,Isaiah Robinson,play-by-play,False,,0.0,not located,
2025-12-20|188|3 Donovan Collins > Hand Off > From Dribble > Top > No Dribble Jumper > Open > Long/3pt > Make 3 Pts,188,2025-12-20,UW-Whitewater,defense,Mauryon Turner,play-by-play,False,,0.0,not located,
2025-12-20|188|3 Donovan Collins > Hand Off > From Dribble > Top > No Dribble Jumper > Open > Long/3pt > Make 3 Pts,188,2025-12-20,UW-Whitewater,defense,Rashad Rogers,play-by-play,False,,0.0,not located,
2025-12-20|188|3 Donovan Collins > Hand Off > From Dribble > Top > No Dribble Jumper > Open > Long/3pt > Make 3 Pts,188,2025-12-20,UW-Whitewater,defense,Trent Grunewald,play-by-play,False,,0.0,not located,
2025-12-20|189|33 Trent Grunewald > Post-Up > Left Block > Right Shoulder > Dribble Move > To Drop Step > Miss 2 Pts,189,2025-12-20,UW-Whitewater,offense,Agape Keyes Jr.,play-by-play,False,,0.0,not located,
2025-12-20|189|33 Trent Grunewald > Post-Up > Left Block > Right Shoulder > Dribble Move > To Drop Step > Miss 2 Pts,189,2025-12-20,UW-Whitewater,offense,Isaiah Robinson,play-by-play,False,,0.0,not located,
2025-12-20|189|33 Trent Grunewald > Post-Up > Left Block > Right Shoulder > Dribble Move > To Drop Step > Miss 2 Pts,189,2025-12-20,UW-Whitewater,offense,Mauryon Turner,play-by-play,False,,0.0,not located,
2025-12-20|189|33 Trent Grunewald > Post-Up > Left Block > Right Shoulder > Dribble Move > To Drop Step > Miss 2 Pts,189,2025-12-20,UW-Whitewater,offense,Rashad Rogers,play-by-play,False,,0.0,not located,
2025-12-20|189|33 Trent Grunewald > Post-Up > Left Block > Right Shoulder > Dribble Move > To Drop Step > Miss 2 Pts,189,2025-12-20,UW-Whitewater,offense,Trent Grunewald,play-by-play,False,,0.0,not located,
2025-12-20|189|33 Trent Grunewald > Post-Up > Left Block > Right Shoulder > Dribble Move > To Drop Step > Miss 2 Pts,189,2025-12-20,Alma Scots,defense,Donovan Collins,play-by-play,False,,0.0,not located,
2025-12-20|189|33 Trent Grunewald > Post-Up > Left Block > Right Shoulder > Dribble Move > To Drop Step > Miss 2 Pts,189,2025-12-20,Alma Scots,defense,Josh Elliott,play-by-play,False,,0.0,not located,
2025-12-20|189|33 Trent Grunewald > Post-Up > Left Block > Right Shoulder > Dribble Move > To Drop Step > Miss 2 Pts,189,2025-12-20,Alma Scots,defense,Joss Bradley,play-by-play,False,,0.0,not located,
2025-12-20|189|33 Trent Grunewald > Post-Up > Left Block > Right Shoulder > Dribble Move > To Drop Step > Miss 2 Pts,189,2025-12-20,Alma Scots,defense,Korbin Heitzman,play-by-play,False,,0.0,not located,
2025-12-20|189|33 Trent Grunewald > Post-Up > Left Block > Right Shoulder > Dribble Move > To Drop Step > Miss 2 Pts,189,2025-12-20,Alma Scots,defense,Luciano Guerrazzi,play-by-play,False,,0.0,not located,
2025-12-20|190|3 Donovan Collins > Spot-Up > No Dribble Jumper > Open > Long/3pt > Miss 3 Pts,190,2025-12-20,Alma Scots,offense,Donovan Collins,play-by-play,False,,0.0,not located,
2025-12-20|190|3 Donovan Collins > Spot-Up > No Dribble Jumper > Open > Long/3pt > Miss 3 Pts,190,2025-12-20,Alma Scots,offense,Josh Elliott,play-by-play,False,,0.0,not located,
2025-12-20|190|3 Donovan Collins > Spot-Up > No Dribble Jumper > Open > Long/3pt > Miss 3 Pts,190,2025-12-20,Alma Scots,offense,Joss Bradley,play-by-play,False,,0.0,not located,
2025-12-20|190|3 Donovan Collins > Spot-Up > No Dribble Jumper > Open > Long/3pt > Miss 3 Pts,190,2025-12-20,Alma Scots,offense,Korbin Heitzman,play-by-play,False,,0.0,not located,
2025-12-20|190|3 Donovan Collins > Spot-Up > No Dribble Jumper > Open > Long/3pt > Miss 3 Pts,190,2025-12-20,Alma Scots,offense,Luciano Guerrazzi,play-by-play,False,,0.0,not located,
2025-12-20|190|3 Donovan Collins > Spot-Up > No Dribble Jumper > Open > Long/3pt > Miss 3 Pts,190,2025-12-20,UW-Whitewater,defense,Agape Keyes Jr.,play-by-play,False,,0.0,not located,
2025-12-20|190|3 Donovan Collins > Spot-Up > No Dribble Jumper > Open > Long/3pt > Miss 3 Pts,190,2025-12-20,UW-Whitewater,defense,Isaiah Robinson,play-by-play,False,,0.0,not located,
2025-12-20|190|3 Donovan Collins > Spot-Up > No Dribble Jumper > Open > Long/3pt > Miss 3 Pts,190,2025-12-20,UW-Whitewater,defense,Mauryon Turner,play-by-play,False,,0.0,not located,
2025-12-20|190|3 Donovan Collins > Spot-Up > No Dribble Jumper > Open > Long/3pt > Miss 3 Pts,190,2025-12-20,UW-Whitewater,defense,Rashad Rogers,play-by-play,False,,0.0,not located,
2025-12-20|190|3 Donovan Collins > Spot-Up > No Dribble Jumper > Open > Long/3pt > Miss 3 Pts,190,2025-12-20,UW-Whitewater,defense,Trent Grunewald,play-by-play,False,,0.0,not located,
2025-12-20|191|11 Korbin Heitzman > Offensive Rebound > Short > Foul,191,2025-12-20,Alma Scots,offense,Donovan Collins,play-by-play,False,,0.0,not located,
2025-12-20|191|11 Korbin Heitzman > Offensive Rebound > Short > Foul,191,2025-12-20,Alma Scots,offense,Josh Elliott,play-by-play,False,,0.0,not located,
2025-12-20|191|11 Korbin Heitzman > Offensive Rebound > Short > Foul,191,2025-12-20,Alma Scots,offense,Joss Bradley,play-by-play,False,,0.0,not located,
2025-12-20|191|11 Korbin Heitzman > Offensive Rebound > Short > Foul,191,2025-12-20,Alma Scots,offense,Korbin Heitzman,play-by-play,True,4,7.2,Synergy,0.95
2025-12-20|191|11 Korbin Heitzman > Offensive Rebound > Short > Foul,191,2025-12-20,Alma Scots,offense,Luciano Guerrazzi,play-by-play,False,,0.0,not located,
2025-12-20|191|11 Korbin Heitzman > Offensive Rebound > Short > Foul,191,2025-12-20,UW-Whitewater,defense,Agape Keyes Jr.,play-by-play,False,,0.0,not located,
2025-12-20|191|11 Korbin Heitzman > Offensive Rebound > Short > Foul,191,2025-12-20,UW-Whitewater,defense,Isaiah Robinson,play-by-play,False,,0.0,not located,
2025-12-20|191|11 Korbin Heitzman > Offensive Rebound > Short > Foul,191,2025-12-20,UW-Whitewater,defense,Mauryon Turner,play-by-play,False,,0.0,not located,
2025-12-20|191|11 Korbin Heitzman > Offensive Rebound > Short > Foul,191,2025-12-20,UW-Whitewater,defense,Rashad Rogers,play-by-play,False,,0.0,not located,
2025-12-20|191|11 Korbin Heitzman > Offensive Rebound > Short > Foul,191,2025-12-20,UW-Whitewater,defense,Trent Grunewald,play-by-play,False,,0.0,not located,
2025-12-20|194|35 Rashad Rogers > Post-Up > Left Block > Right Shoulder > Dribble Move > To Drop Step > Miss 2 Pts,194,2025-12-20,UW-Whitewater,offense,Agape Keyes Jr.,play-by-play,False,,0.0,not located,
2025-12-20|194|35 Rashad Rogers > Post-Up > Left Block > Right Shoulder > Dribble Move > To Drop Step > Miss 2 Pts,194,2025-12-20,UW-Whitewater,offense,Isaiah Robinson,play-by-play,False,,0.0,not located,
2025-12-20|194|35 Rashad Rogers > Post-Up > Left Block > Right Shoulder > Dribble Move > To Drop Step > Miss 2 Pts,194,2025-12-20,UW-Whitewater,offense,Mauryon Turner,play-by-play,False,,0.0,not located,
2025-12-20|194|35 Rashad Rogers > Post-Up > Left Block > Right Shoulder > Dribble Move > To Drop Step > Miss 2 Pts,194,2025-12-20,UW-Whitewater,offense,Rashad Rogers,play-by-play,False,,0.0,not located,
2025-12-20|194|35 Rashad Rogers > Post-Up > Left Block > Right Shoulder > Dribble Move > To Drop Step > Miss 2 Pts,194,2025-12-20,UW-Whitewater,offense,Trent Grunewald,play-by-play,False,,0.0,not located,
2025-12-20|194|35 Rashad Rogers > Post-Up > Left Block > Right Shoulder > Dribble Move > To Drop Step > Miss 2 Pts,194,2025-12-20,Alma Scots,defense,Donovan Collins,play-by-play,False,,0.0,not located,
2025-12-20|194|35 Rashad Rogers > Post-Up > Left Block > Right Shoulder > Dribble Move > To Drop Step > Miss 2 Pts,194,2025-12-20,Alma Scots,defense,Josh Elliott,play-by-play,False,,0.0,not located,
2025-12-20|194|35 Rashad Rogers > Post-Up > Left Block > Right Shoulder > Dribble Move > To Drop Step > Miss 2 Pts,194,2025-12-20,Alma Scots,defense,Joss Bradley,play-by-play,False,,0.0,not located,
2025-12-20|194|35 Rashad Rogers > Post-Up > Left Block > Right Shoulder > Dribble Move > To Drop Step > Miss 2 Pts,194,2025-12-20,Alma Scots,defense,Korbin Heitzman,play-by-play,False,,0.0,not located,
2025-12-20|194|35 Rashad Rogers > Post-Up > Left Block > Right Shoulder > Dribble Move > To Drop Step > Miss 2 Pts,194,2025-12-20,Alma Scots,defense,Luciano Guerrazzi,play-by-play,False,,0.0,not located,
2025-12-20|195|21 Luciano Guerrazzi > No Play Type > Turnover,195,2025-12-20,Alma Scots,offense,Donovan Collins,play-by-play,False,,0.0,not located,
2025-12-20|195|21 Luciano Guerrazzi > No Play Type > Turnover,195,2025-12-20,Alma Scots,offense,Josh Elliott,play-by-play,False,,0.0,not located,
2025-12-20|195|21 Luciano Guerrazzi > No Play Type > Turnover,195,2025-12-20,Alma Scots,offense,Joss Bradley,play-by-play,False,,0.0,not located,
2025-12-20|195|21 Luciano Guerrazzi > No Play Type > Turnover,195,2025-12-20,Alma Scots,offense,Korbin Heitzman,play-by-play,False,,0.0,not located,
2025-12-20|195|21 Luciano Guerrazzi > No Play Type > Turnover,195,2025-12-20,Alma Scots,offense,Luciano Guerrazzi,play-by-play,False,,0.0,not located,
2025-12-20|195|21 Luciano Guerrazzi > No Play Type > Turnover,195,2025-12-20,UW-Whitewater,defense,Agape Keyes Jr.,play-by-play,False,,0.0,not located,
2025-12-20|195|21 Luciano Guerrazzi > No Play Type > Turnover,195,2025-12-20,UW-Whitewater,defense,Isaiah Robinson,play-by-play,False,,0.0,not located,
2025-12-20|195|21 Luciano Guerrazzi > No Play Type > Turnover,195,2025-12-20,UW-Whitewater,defense,Mauryon Turner,play-by-play,False,,0.0,not located,
2025-12-20|195|21 Luciano Guerrazzi > No Play Type > Turnover,195,2025-12-20,UW-Whitewater,defense,Rashad Rogers,play-by-play,False,,0.0,not located,
2025-12-20|195|21 Luciano Guerrazzi > No Play Type > Turnover,195,2025-12-20,UW-Whitewater,defense,Trent Grunewald,play-by-play,False,,0.0,not located,
2025-12-20|196|35 Rashad Rogers > Transition > Right Wing > To Basket > Make 2 Pts,196,2025-12-20,UW-Whitewater,offense,Agape Keyes Jr.,play-by-play,False,,0.0,not located,
2025-12-20|196|35 Rashad Rogers > Transition > Right Wing > To Basket > Make 2 Pts,196,2025-12-20,UW-Whitewater,offense,Isaiah Robinson,play-by-play,False,,0.0,not located,
2025-12-20|196|35 Rashad Rogers > Transition > Right Wing > To Basket > Make 2 Pts,196,2025-12-20,UW-Whitewater,offense,Mauryon Turner,play-by-play,False,,0.0,not located,
2025-12-20|196|35 Rashad Rogers > Transition > Right Wing > To Basket > Make 2 Pts,196,2025-12-20,UW-Whitewater,offense,Rashad Rogers,play-by-play,False,,0.0,not located,
2025-12-20|196|35 Rashad Rogers > Transition > Right Wing > To Basket > Make 2 Pts,196,2025-12-20,UW-Whitewater,offense,Trent Grunewald,play-by-play,False,,0.0,not located,
2025-12-20|196|35 Rashad Rogers > Transition > Right Wing > To Basket > Make 2 Pts,196,2025-12-20,Alma Scots,defense,Donovan Collins,play-by-play,False,,0.0,not located,
2025-12-20|196|35 Rashad Rogers > Transition > Right Wing > To Basket > Make 2 Pts,196,2025-12-20,Alma Scots,defense,Josh Elliott,play-by-play,False,,0.0,not located,
2025-12-20|196|35 Rashad Rogers > Transition > Right Wing > To Basket > Make 2 Pts,196,2025-12-20,Alma Scots,defense,Joss Bradley,play-by-play,False,,0.0,not located,
2025-12-20|196|35 Rashad Rogers > Transition > Right Wing > To Basket > Make 2 Pts,196,2025-12-20,Alma Scots,defense,Korbin Heitzman,play-by-play,False,,0.0,not located,
2025-12-20|196|35 Rashad Rogers > Transition > Right Wing > To Basket > Make 2 Pts,196,2025-12-20,Alma Scots,defense,Luciano Guerrazzi,play-by-play,False,,0.0,not located,
2025-12-20|197|3 Donovan Collins > Spot-Up > No Dribble Jumper > Guarded > Long/3pt > Miss 3 Pts,197,2025-12-20,Alma Scots,offense,Donovan Collins,play-by-play,False,,0.0,not located,
2025-12-20|197|3 Donovan Collins > Spot-Up > No Dribble Jumper > Guarded > Long/3pt > Miss 3 Pts,197,2025-12-20,Alma Scots,offense,Josh Elliott,play-by-play,False,,0.0,not located,
2025-12-20|197|3 Donovan Collins > Spot-Up > No Dribble Jumper > Guarded > Long/3pt > Miss 3 Pts,197,2025-12-20,Alma Scots,offense,Joss Bradley,play-by-play,False,,0.0,not located,
2025-12-20|197|3 Donovan Collins > Spot-Up > No Dribble Jumper > Guarded > Long/3pt > Miss 3 Pts,197,2025-12-20,Alma Scots,offense,Korbin Heitzman,play-by-play,False,,0.0,not located,
2025-12-20|197|3 Donovan Collins > Spot-Up > No Dribble Jumper > Guarded > Long/3pt > Miss 3 Pts,197,2025-12-20,Alma Scots,offense,Luciano Guerrazzi,play-by-play,False,,0.0,not located,
2025-12-20|197|3 Donovan Collins > Spot-Up > No Dribble Jumper > Guarded > Long/3pt > Miss 3 Pts,197,2025-12-20,UW-Whitewater,defense,Agape Keyes Jr.,play-by-play,False,,0.0,not located,
2025-12-20|197|3 Donovan Collins > Spot-Up > No Dribble Jumper > Guarded > Long/3pt > Miss 3 Pts,197,2025-12-20,UW-Whitewater,defense,Isaiah Robinson,play-by-play,False,,0.0,not located,
2025-12-20|197|3 Donovan Collins > Spot-Up > No Dribble Jumper > Guarded > Long/3pt > Miss 3 Pts,197,2025-12-20,UW-Whitewater,defense,Mauryon Turner,play-by-play,False,,0.0,not located,
2025-12-20|197|3 Donovan Collins > Spot-Up > No Dribble Jumper > Guarded > Long/3pt > Miss 3 Pts,197,2025-12-20,UW-Whitewater,defense,Rashad Rogers,play-by-play,False,,0.0,not located,
2025-12-20|197|3 Donovan Collins > Spot-Up > No Dribble Jumper > Guarded > Long/3pt > Miss 3 Pts,197,2025-12-20,UW-Whitewater,defense,Trent Grunewald,play-by-play,False,,0.0,not located,
2025-12-20|198|35 Rashad Rogers > Post-Up > Flash Middle > Defense Commits > Ball Delivered > 5 Isaiah Robinson > Spot-Up > No Dribble Jumper > Open > Long/3pt > Miss 3 Pts,198,2025-12-20,UW-Whitewater,offense,Agape Keyes Jr.,play-by-play,False,,0.0,not located,
2025-12-20|198|35 Rashad Rogers > Post-Up > Flash Middle > Defense Commits > Ball Delivered > 5 Isaiah Robinson > Spot-Up > No Dribble Jumper > Open > Long/3pt > Miss 3 Pts,198,2025-12-20,UW-Whitewater,offense,Isaiah Robinson,play-by-play,False,,0.0,not located,
2025-12-20|198|35 Rashad Rogers > Post-Up > Flash Middle > Defense Commits > Ball Delivered > 5 Isaiah Robinson > Spot-Up > No Dribble Jumper > Open > Long/3pt > Miss 3 Pts,198,2025-12-20,UW-Whitewater,offense,Mauryon Turner,play-by-play,False,,0.0,not located,
2025-12-20|198|35 Rashad Rogers > Post-Up > Flash Middle > Defense Commits > Ball Delivered > 5 Isaiah Robinson > Spot-Up > No Dribble Jumper > Open > Long/3pt > Miss 3 Pts,198,2025-12-20,UW-Whitewater,offense,Rashad Rogers,play-by-play,True,25,10.5,Synergy,0.95
2025-12-20|198|35 Rashad Rogers > Post-Up > Flash Middle > Defense Commits > Ball Delivered > 5 Isaiah Robinson > Spot-Up > No Dribble Jumper > Open > Long/3pt > Miss 3 Pts,198,2025-12-20,UW-Whitewater,offense,Trent Grunewald,play-by-play,False,,0.0,not located,
2025-12-20|198|35 Rashad Rogers > Post-Up > Flash Middle > Defense Commits > Ball Delivered > 5 Isaiah Robinson > Spot-Up > No Dribble Jumper > Open > Long/3pt > Miss 3 Pts,198,2025-12-20,Alma Scots,defense,Donovan Collins,play-by-play,False,,0.0,not located,
2025-12-20|198|35 Rashad Rogers > Post-Up > Flash Middle > Defense Commits > Ball Delivered > 5 Isaiah Robinson > Spot-Up > No Dribble Jumper > Open > Long/3pt > Miss 3 Pts,198,2025-12-20,Alma Scots,defense,Josh Elliott,play-by-play,False,,0.0,not located,
2025-12-20|198|35 Rashad Rogers > Post-Up > Flash Middle > Defense Commits > Ball Delivered > 5 Isaiah Robinson > Spot-Up > No Dribble Jumper > Open > Long/3pt > Miss 3 Pts,198,2025-12-20,Alma Scots,defense,Joss Bradley,play-by-play,False,,0.0,not located,
2025-12-20|198|35 Rashad Rogers > Post-Up > Flash Middle > Defense Commits > Ball Delivered > 5 Isaiah Robinson > Spot-Up > No Dribble Jumper > Open > Long/3pt > Miss 3 Pts,198,2025-12-20,Alma Scots,defense,Korbin Heitzman,play-by-play,False,,0.0,not located,
2025-12-20|198|35 Rashad Rogers > Post-Up > Flash Middle > Defense Commits > Ball Delivered > 5 Isaiah Robinson > Spot-Up > No Dribble Jumper > Open > Long/3pt > Miss 3 Pts,198,2025-12-20,Alma Scots,defense,Luciano Guerrazzi,play-by-play,False,,0.0,not located,
2025-12-20|199|20 Josh Elliott > Transition > Left Wing > No Dribble Jumper > Open > Long/3pt > Miss 3 Pts,199,2025-12-20,Alma Scots,offense,Donovan Collins,play-by-play,False,,0.0,not located,
2025-12-20|199|20 Josh Elliott > Transition > Left Wing > No Dribble Jumper > Open > Long/3pt > Miss 3 Pts,199,2025-12-20,Alma Scots,offense,Josh Elliott,play-by-play,False,,0.0,not located,
2025-12-20|199|20 Josh Elliott > Transition > Left Wing > No Dribble Jumper > Open > Long/3pt > Miss 3 Pts,199,2025-12-20,Alma Scots,offense,Joss Bradley,play-by-play,False,,0.0,not located,
2025-12-20|199|20 Josh Elliott > Transition > Left Wing > No Dribble Jumper > Open > Long/3pt > Miss 3 Pts,199,2025-12-20,Alma Scots,offense,Korbin Heitzman,play-by-play,False,,0.0,not located,
2025-12-20|199|20 Josh Elliott > Transition > Left Wing > No Dribble Jumper > Open > Long/3pt > Miss 3 Pts,199,2025-12-20,Alma Scots,offense,Luciano Guerrazzi,play-by-play,False,,0.0,not located,
2025-12-20|199|20 Josh Elliott > Transition > Left Wing > No Dribble Jumper > Open > Long/3pt > Miss 3 Pts,199,2025-12-20,UW-Whitewater,defense,Agape Keyes Jr.,play-by-play,False,,0.0,not located,
2025-12-20|199|20 Josh Elliott > Transition > Left Wing > No Dribble Jumper > Open > Long/3pt > Miss 3 Pts,199,2025-12-20,UW-Whitewater,defense,Isaiah Robinson,play-by-play,False,,0.0,not located,
2025-12-20|199|20 Josh Elliott > Transition > Left Wing > No Dribble Jumper > Open > Long/3pt > Miss 3 Pts,199,2025-12-20,UW-Whitewater,defense,Mauryon Turner,play-by-play,False,,0.0,not located,
2025-12-20|199|20 Josh Elliott > Transition > Left Wing > No Dribble Jumper > Open > Long/3pt > Miss 3 Pts,199,2025-12-20,UW-Whitewater,defense,Rashad Rogers,play-by-play,False,,0.0,not located,
2025-12-20|199|20 Josh Elliott > Transition > Left Wing > No Dribble Jumper > Open > Long/3pt > Miss 3 Pts,199,2025-12-20,UW-Whitewater,defense,Trent Grunewald,play-by-play,False,,0.0,not located,
2025-12-20|200|23 Mauryon Turner > Transition > Left Wing > To Basket > Make 2 Pts,200,2025-12-20,UW-Whitewater,offense,Agape Keyes Jr.,play-by-play,False,,0.0,not located,
2025-12-20|200|23 Mauryon Turner > Transition > Left Wing > To Basket > Make 2 Pts,200,2025-12-20,UW-Whitewater,offense,Isaiah Robinson,play-by-play,False,,0.0,not located,
2025-12-20|200|23 Mauryon Turner > Transition > Left Wing > To Basket > Make 2 Pts,200,2025-12-20,UW-Whitewater,offense,Mauryon Turner,play-by-play,False,,0.0,not located,
2025-12-20|200|23 Mauryon Turner > Transition > Left Wing > To Basket > Make 2 Pts,200,2025-12-20,UW-Whitewater,offense,Rashad Rogers,play-by-play,False,,0.0,not located,
2025-12-20|200|23 Mauryon Turner > Transition > Left Wing > To Basket > Make 2 Pts,200,2025-12-20,UW-Whitewater,offense,Trent Grunewald,play-by-play,False,,0.0,not located,
2025-12-20|200|23 Mauryon Turner > Transition > Left Wing > To Basket > Make 2 Pts,200,2025-12-20,Alma Scots,defense,Donovan Collins,play-by-play,False,,0.0,not located,
2025-12-20|200|23 Mauryon Turner > Transition > Left Wing > To Basket > Make 2 Pts,200,2025-12-20,Alma Scots,defense,Josh Elliott,play-by-play,False,,0.0,not located,
2025-12-20|200|23 Mauryon Turner > Transition > Left Wing > To Basket > Make 2 Pts,200,2025-12-20,Alma Scots,defense,Joss Bradley,play-by-play,False,,0.0,not located,
2025-12-20|200|23 Mauryon Turner > Transition > Left Wing > To Basket > Make 2 Pts,200,2025-12-20,Alma Scots,defense,Korbin Heitzman,play-by-play,False,,0.0,not located,
2025-12-20|200|23 Mauryon Turner > Transition > Left Wing > To Basket > Make 2 Pts,200,2025-12-20,Alma Scots,defense,Luciano Guerrazzi,play-by-play,False,,0.0,not located,
2025-12-20|201|10 Joss Bradley > P&R Ball Handler > High P&R > Dribble Off Pick > To Basket > Foul,201,2025-12-20,Alma Scots,offense,Donovan Collins,play-by-play,False,,0.0,not located,
2025-12-20|201|10 Joss Bradley > P&R Ball Handler > High P&R > Dribble Off Pick > To Basket > Foul,201,2025-12-20,Alma Scots,offense,Josh Elliott,play-by-play,False,,0.0,not located,
2025-12-20|201|10 Joss Bradley > P&R Ball Handler > High P&R > Dribble Off Pick > To Basket > Foul,201,2025-12-20,Alma Scots,offense,Joss Bradley,play-by-play,True,46,4.5,Synergy,0.95
2025-12-20|201|10 Joss Bradley > P&R Ball Handler > High P&R > Dribble Off Pick > To Basket > Foul,201,2025-12-20,Alma Scots,offense,Korbin Heitzman,play-by-play,False,,0.0,not located,
2025-12-20|201|10 Joss Bradley > P&R Ball Handler > High P&R > Dribble Off Pick > To Basket > Foul,201,2025-12-20,Alma Scots,offense,Luciano Guerrazzi,play-by-play,False,,0.0,not located,
2025-12-20|201|10 Joss Bradley > P&R Ball Handler > High P&R > Dribble Off Pick > To Basket > Foul,201,2025-12-20,UW-Whitewater,defense,Agape Keyes Jr.,play-by-play,False,,0.0,not located,
2025-12-20|201|10 Joss Bradley > P&R Ball Handler > High P&R > Dribble Off Pick > To Basket > Foul,201,2025-12-20,UW-Whitewater,defense,Isaiah Robinson,play-by-play,False,,0.0,not located,
2025-12-20|201|10 Joss Bradley > P&R Ball Handler > High P&R > Dribble Off Pick > To Basket > Foul,201,2025-12-20,UW-Whitewater,defense,Mauryon Turner,play-by-play,False,,0.0,not located,
2025-12-20|201|10 Joss Bradley > P&R Ball Handler > High P&R > Dribble Off Pick > To Basket > Foul,201,2025-12-20,UW-Whitewater,defense,Rashad Rogers,play-by-play,False,,0.0,not located,
2025-12-20|201|10 Joss Bradley > P&R Ball Handler > High P&R > Dribble Off Pick > To Basket > Foul,201,2025-12-20,UW-Whitewater,defense,Trent Grunewald,play-by-play,False,,0.0,not located,
2025-12-20|204|23 Mauryon Turner > Non Possession > No Violation,204,2025-12-20,UW-Whitewater,offense,Agape Keyes Jr.,clips before/after (no clock),False,,0.0,not located,
2025-12-20|204|23 Mauryon Turner > Non Possession > No Violation,204,2025-12-20,UW-Whitewater,offense,Isaiah Robinson,clips before/after (no clock),False,,0.0,not located,
2025-12-20|204|23 Mauryon Turner > Non Possession > No Violation,204,2025-12-20,UW-Whitewater,offense,Mauryon Turner,clips before/after (no clock),False,,0.0,not located,
2025-12-20|204|23 Mauryon Turner > Non Possession > No Violation,204,2025-12-20,UW-Whitewater,offense,Rashad Rogers,clips before/after (no clock),False,,0.0,not located,
2025-12-20|204|23 Mauryon Turner > Non Possession > No Violation,204,2025-12-20,UW-Whitewater,offense,Trent Grunewald,clips before/after (no clock),False,,0.0,not located,
2025-12-20|204|23 Mauryon Turner > Non Possession > No Violation,204,2025-12-20,Alma Scots,defense,Donovan Collins,clips before/after (no clock),False,,0.0,not located,
2025-12-20|204|23 Mauryon Turner > Non Possession > No Violation,204,2025-12-20,Alma Scots,defense,Josh Elliott,clips before/after (no clock),False,,0.0,not located,
2025-12-20|204|23 Mauryon Turner > Non Possession > No Violation,204,2025-12-20,Alma Scots,defense,Joss Bradley,clips before/after (no clock),False,,0.0,not located,
2025-12-20|204|23 Mauryon Turner > Non Possession > No Violation,204,2025-12-20,Alma Scots,defense,Korbin Heitzman,clips before/after (no clock),False,,0.0,not located,
2025-12-20|204|23 Mauryon Turner > Non Possession > No Violation,204,2025-12-20,Alma Scots,defense,Luciano Guerrazzi,clips before/after (no clock),False,,0.0,not located,
2025-12-20|205|33 Trent Grunewald > Off Screen > To Shooter's Left > Straight > Turnover,205,2025-12-20,UW-Whitewater,offense,Agape Keyes Jr.,play-by-play,False,,0.0,not located,
2025-12-20|205|33 Trent Grunewald > Off Screen > To Shooter's Left > Straight > Turnover,205,2025-12-20,UW-Whitewater,offense,Isaiah Robinson,play-by-play,False,,0.0,not located,
2025-12-20|205|33 Trent Grunewald > Off Screen > To Shooter's Left > Straight > Turnover,205,2025-12-20,UW-Whitewater,offense,Mauryon Turner,play-by-play,False,,0.0,not located,
2025-12-20|205|33 Trent Grunewald > Off Screen > To Shooter's Left > Straight > Turnover,205,2025-12-20,UW-Whitewater,offense,Rashad Rogers,play-by-play,False,,0.0,not located,
2025-12-20|205|33 Trent Grunewald > Off Screen > To Shooter's Left > Straight > Turnover,205,2025-12-20,UW-Whitewater,offense,Trent Grunewald,play-by-play,False,,0.0,not located,
2025-12-20|205|33 Trent Grunewald > Off Screen > To Shooter's Left > Straight > Turnover,205,2025-12-20,Alma Scots,defense,Donovan Collins,play-by-play,False,,0.0,not located,
2025-12-20|205|33 Trent Grunewald > Off Screen > To Shooter's Left > Straight > Turnover,205,2025-12-20,Alma Scots,defense,Josh Elliott,play-by-play,False,,0.0,not located,
2025-12-20|205|33 Trent Grunewald > Off Screen > To Shooter's Left > Straight > Turnover,205,2025-12-20,Alma Scots,defense,Joss Bradley,play-by-play,False,,0.0,not located,
2025-12-20|205|33 Trent Grunewald > Off Screen > To Shooter's Left > Straight > Turnover,205,2025-12-20,Alma Scots,defense,Korbin Heitzman,play-by-play,False,,0.0,not located,
2025-12-20|205|33 Trent Grunewald > Off Screen > To Shooter's Left > Straight > Turnover,205,2025-12-20,Alma Scots,defense,Luciano Guerrazzi,play-by-play,False,,0.0,not located,
2025-12-20|206|21 Luciano Guerrazzi > No Play Type > Turnover,206,2025-12-20,Alma Scots,offense,Donovan Collins,play-by-play,False,,0.0,not located,
2025-12-20|206|21 Luciano Guerrazzi > No Play Type > Turnover,206,2025-12-20,Alma Scots,offense,Josh Elliott,play-by-play,False,,0.0,not located,
2025-12-20|206|21 Luciano Guerrazzi > No Play Type > Turnover,206,2025-12-20,Alma Scots,offense,Joss Bradley,play-by-play,False,,0.0,not located,
2025-12-20|206|21 Luciano Guerrazzi > No Play Type > Turnover,206,2025-12-20,Alma Scots,offense,Korbin Heitzman,play-by-play,False,,0.0,not located,
2025-12-20|206|21 Luciano Guerrazzi > No Play Type > Turnover,206,2025-12-20,Alma Scots,offense,Luciano Guerrazzi,play-by-play,False,,0.0,not located,
2025-12-20|206|21 Luciano Guerrazzi > No Play Type > Turnover,206,2025-12-20,UW-Whitewater,defense,Agape Keyes Jr.,play-by-play,False,,0.0,not located,
2025-12-20|206|21 Luciano Guerrazzi > No Play Type > Turnover,206,2025-12-20,UW-Whitewater,defense,Isaiah Robinson,play-by-play,False,,0.0,not located,
2025-12-20|206|21 Luciano Guerrazzi > No Play Type > Turnover,206,2025-12-20,UW-Whitewater,defense,Mauryon Turner,play-by-play,False,,0.0,not located,
2025-12-20|206|21 Luciano Guerrazzi > No Play Type > Turnover,206,2025-12-20,UW-Whitewater,defense,Rashad Rogers,play-by-play,False,,0.0,not located,
2025-12-20|206|21 Luciano Guerrazzi > No Play Type > Turnover,206,2025-12-20,UW-Whitewater,defense,Trent Grunewald,play-by-play,False,,0.0,not located,
2025-12-20|207|1 Agape Keyes Jr. > No Play Type > Dribble Jumper > Long/3pt > Make 3 Pts,207,2025-12-20,UW-Whitewater,offense,Agape Keyes Jr.,play-by-play,False,,0.0,not located,
2025-12-20|207|1 Agape Keyes Jr. > No Play Type > Dribble Jumper > Long/3pt > Make 3 Pts,207,2025-12-20,UW-Whitewater,offense,Isaiah Robinson,play-by-play,False,,0.0,not located,
2025-12-20|207|1 Agape Keyes Jr. > No Play Type > Dribble Jumper > Long/3pt > Make 3 Pts,207,2025-12-20,UW-Whitewater,offense,Mauryon Turner,play-by-play,False,,0.0,not located,
2025-12-20|207|1 Agape Keyes Jr. > No Play Type > Dribble Jumper > Long/3pt > Make 3 Pts,207,2025-12-20,UW-Whitewater,offense,Rashad Rogers,play-by-play,False,,0.0,not located,
2025-12-20|207|1 Agape Keyes Jr. > No Play Type > Dribble Jumper > Long/3pt > Make 3 Pts,207,2025-12-20,UW-Whitewater,offense,Trent Grunewald,play-by-play,False,,0.0,not located,
2025-12-20|207|1 Agape Keyes Jr. > No Play Type > Dribble Jumper > Long/3pt > Make 3 Pts,207,2025-12-20,Alma Scots,defense,Donovan Collins,play-by-play,False,,0.0,not located,
2025-12-20|207|1 Agape Keyes Jr. > No Play Type > Dribble Jumper > Long/3pt > Make 3 Pts,207,2025-12-20,Alma Scots,defense,Josh Elliott,play-by-play,False,,0.0,not located,
2025-12-20|207|1 Agape Keyes Jr. > No Play Type > Dribble Jumper > Long/3pt > Make 3 Pts,207,2025-12-20,Alma Scots,defense,Joss Bradley,play-by-play,False,,0.0,not located,
2025-12-20|207|1 Agape Keyes Jr. > No Play Type > Dribble Jumper > Long/3pt > Make 3 Pts,207,2025-12-20,Alma Scots,defense,Korbin Heitzman,play-by-play,False,,0.0,not located,
2025-12-20|207|1 Agape Keyes Jr. > No Play Type > Dribble Jumper > Long/3pt > Make 3 Pts,207,2025-12-20,Alma Scots,defense,Luciano Guerrazzi,play-by-play,False,,0.0,not located,
2025-12-20|208|10 Joss Bradley > Non Possession > No Violation,208,2025-12-20,Alma Scots,offense,Donovan Collins,clips before/after (no clock),False,,0.0,not located,
2025-12-20|208|10 Joss Bradley > Non Possession > No Violation,208,2025-12-20,Alma Scots,offense,Josh Elliott,clips before/after (no clock),False,,0.0,not located,
2025-12-20|208|10 Joss Bradley > Non Possession > No Violation,208,2025-12-20,Alma Scots,offense,Joss Bradley,clips before/after (no clock),False,,0.0,not located,
2025-12-20|208|10 Joss Bradley > Non Possession > No Violation,208,2025-12-20,Alma Scots,offense,Korbin Heitzman,clips before/after (no clock),False,,0.0,not located,
2025-12-20|208|10 Joss Bradley > Non Possession > No Violation,208,2025-12-20,Alma Scots,offense,Luciano Guerrazzi,clips before/after (no clock),False,,0.0,not located,
2025-12-20|208|10 Joss Bradley > Non Possession > No Violation,208,2025-12-20,UW-Whitewater,defense,Agape Keyes Jr.,clips before/after (no clock),False,,0.0,not located,
2025-12-20|208|10 Joss Bradley > Non Possession > No Violation,208,2025-12-20,UW-Whitewater,defense,Isaiah Robinson,clips before/after (no clock),False,,0.0,not located,
2025-12-20|208|10 Joss Bradley > Non Possession > No Violation,208,2025-12-20,UW-Whitewater,defense,Mauryon Turner,clips before/after (no clock),False,,0.0,not located,
2025-12-20|208|10 Joss Bradley > Non Possession > No Violation,208,2025-12-20,UW-Whitewater,defense,Rashad Rogers,clips before/after (no clock),False,,0.0,not located,
2025-12-20|208|10 Joss Bradley > Non Possession > No Violation,208,2025-12-20,UW-Whitewater,defense,Trent Grunewald,clips before/after (no clock),False,,0.0,not located,
2026-01-03|1|21 Carter Thomas > No Play Type > Turnover,1,2026-01-03,UW-Oshkosh Titans,offense,Brandon Beck,play-by-play,True,13;44,12.0,best guess;coach checked,0.99
2026-01-03|1|21 Carter Thomas > No Play Type > Turnover,1,2026-01-03,UW-Oshkosh Titans,offense,Carter Thomas,play-by-play,True,3;17,11.8,best guess,0.92
2026-01-03|1|21 Carter Thomas > No Play Type > Turnover,1,2026-01-03,UW-Oshkosh Titans,offense,Joey LaChapell,play-by-play,True,7;40,10.0,coach checked;followed player,0.99
2026-01-03|1|21 Carter Thomas > No Play Type > Turnover,1,2026-01-03,UW-Oshkosh Titans,offense,Michael Metcalf-Grassman,play-by-play,True,1;39,12.5,best guess;coach checked,0.99
2026-01-03|1|21 Carter Thomas > No Play Type > Turnover,1,2026-01-03,UW-Oshkosh Titans,offense,Nate Nazos,play-by-play,True,16;38,7.5,coach checked;followed player,0.99
2026-01-03|1|21 Carter Thomas > No Play Type > Turnover,1,2026-01-03,UW-Whitewater,defense,Brock Marino,play-by-play,True,11,15.0,best guess,0.92
2026-01-03|1|21 Carter Thomas > No Play Type > Turnover,1,2026-01-03,UW-Whitewater,defense,Collin Madson,play-by-play,True,5;32;33;43,8.8,best guess;coach checked;followed player,0.99
2026-01-03|1|21 Carter Thomas > No Play Type > Turnover,1,2026-01-03,UW-Whitewater,defense,JR Lukenbill,play-by-play,True,0;48,12.2,best guess;coach checked,0.99
2026-01-03|1|21 Carter Thomas > No Play Type > Turnover,1,2026-01-03,UW-Whitewater,defense,Luke Bara,play-by-play,True,15;25,12.0,best guess;coach checked,0.99
2026-01-03|1|21 Carter Thomas > No Play Type > Turnover,1,2026-01-03,UW-Whitewater,defense,Richie Warren,play-by-play,True,14;29,12.0,best guess;coach checked,0.99
2026-01-03|2|15 Collin Madson > Non Possession > Non Shooting Foul,2,2026-01-03,UW-Whitewater,offense,Brock Marino,play-by-play,True,10;27;29;35,20.0,best guess;linked possession,0.6
2026-01-03|2|15 Collin Madson > Non Possession > Non Shooting Foul,2,2026-01-03,UW-Whitewater,offense,Collin Madson,play-by-play,True,24,14.0,coach checked,0.99
2026-01-03|2|15 Collin Madson > Non Possession > Non Shooting Foul,2,2026-01-03,UW-Whitewater,offense,JR Lukenbill,play-by-play,True,17,19.2,best guess,0.46
2026-01-03|2|15 Collin Madson > Non Possession > Non Shooting Foul,2,2026-01-03,UW-Whitewater,offense,Luke Bara,play-by-play,True,12;40,22.8,best guess,0.46
2026-01-03|2|15 Collin Madson > Non Possession > Non Shooting Foul,2,2026-01-03,UW-Whitewater,offense,Richie Warren,play-by-play,True,22;34;43,10.0,best guess;coach checked;followed player,0.99
2026-01-03|2|15 Collin Madson > Non Possession > Non Shooting Foul,2,2026-01-03,UW-Oshkosh Titans,defense,Brandon Beck,play-by-play,True,19;48,19.8,best guess;coach checked,0.99
2026-01-03|2|15 Collin Madson > Non Possession > Non Shooting Foul,2,2026-01-03,UW-Oshkosh Titans,defense,Carter Thomas,play-by-play,True,2;37,18.2,best guess;linked possession,0.95
2026-01-03|2|15 Collin Madson > Non Possession > Non Shooting Foul,2,2026-01-03,UW-Oshkosh Titans,defense,Joey LaChapell,play-by-play,True,21;23;42;44,11.5,best guess;coach checked,0.99
2026-01-03|2|15 Collin Madson > Non Possession > Non Shooting Foul,2,2026-01-03,UW-Oshkosh Titans,defense,Michael Metcalf-Grassman,play-by-play,True,8,23.8,best guess,0.92
2026-01-03|2|15 Collin Madson > Non Possession > Non Shooting Foul,2,2026-01-03,UW-Oshkosh Titans,defense,Nate Nazos,play-by-play,True,5;38,20.8,best guess;coach checked,0.95
2026-01-03|3|24 Richie Warren > Cut > Basket > Make 2 Pts,3,2026-01-03,UW-Whitewater,offense,Brock Marino,play-by-play,True,2;20,7.5,best guess;coach checked,0.95
2026-01-03|3|24 Richie Warren > Cut > Basket > Make 2 Pts,3,2026-01-03,UW-Whitewater,offense,Collin Madson,play-by-play,True,1,6.8,coach checked,0.95
2026-01-03|3|24 Richie Warren > Cut > Basket > Make 2 Pts,3,2026-01-03,UW-Whitewater,offense,JR Lukenbill,play-by-play,True,10;14,8.2,best guess;coach checked,0.95
2026-01-03|3|24 Richie Warren > Cut > Basket > Make 2 Pts,3,2026-01-03,UW-Whitewater,offense,Luke Bara,play-by-play,True,5;16,6.5,best guess,0.92
2026-01-03|3|24 Richie Warren > Cut > Basket > Make 2 Pts,3,2026-01-03,UW-Whitewater,offense,Richie Warren,play-by-play,True,4;21,5.5,coach checked;linked possession,0.95
2026-01-03|3|24 Richie Warren > Cut > Basket > Make 2 Pts,3,2026-01-03,UW-Oshkosh Titans,defense,Brandon Beck,play-by-play,True,8;19,7.2,best guess,0.46
2026-01-03|3|24 Richie Warren > Cut > Basket > Make 2 Pts,3,2026-01-03,UW-Oshkosh Titans,defense,Carter Thomas,play-by-play,True,3,7.2,coach checked,0.95
2026-01-03|3|24 Richie Warren > Cut > Basket > Make 2 Pts,3,2026-01-03,UW-Oshkosh Titans,defense,Joey LaChapell,play-by-play,True,9,5.2,coach checked,0.99
2026-01-03|3|24 Richie Warren > Cut > Basket > Make 2 Pts,3,2026-01-03,UW-Oshkosh Titans,defense,Michael Metcalf-Grassman,play-by-play,True,7,8.5,best guess,0.46
2026-01-03|3|24 Richie Warren > Cut > Basket > Make 2 Pts,3,2026-01-03,UW-Oshkosh Titans,defense,Nate Nazos,play-by-play,True,0,6.2,linked possession,0.95
2026-01-03|4|0 Brandon Beck > Spot-Up > No Dribble Jumper > Open > Long/3pt > Make 3 Pts,4,2026-01-03,UW-Oshkosh Titans,offense,Brandon Beck,play-by-play,True,17;30,9.0,coach checked;followed player,0.95
2026-01-03|4|0 Brandon Beck > Spot-Up > No Dribble Jumper > Open > Long/3pt > Make 3 Pts,4,2026-01-03,UW-Oshkosh Titans,offense,Carter Thomas,play-by-play,True,6;9,9.0,best guess,0.31
2026-01-03|4|0 Brandon Beck > Spot-Up > No Dribble Jumper > Open > Long/3pt > Make 3 Pts,4,2026-01-03,UW-Oshkosh Titans,offense,Joey LaChapell,play-by-play,True,8;20;37,8.5,best guess,0.31
2026-01-03|4|0 Brandon Beck > Spot-Up > No Dribble Jumper > Open > Long/3pt > Make 3 Pts,4,2026-01-03,UW-Oshkosh Titans,offense,Michael Metcalf-Grassman,play-by-play,True,4;24;41,8.5,best guess,0.31
2026-01-03|4|0 Brandon Beck > Spot-Up > No Dribble Jumper > Open > Long/3pt > Make 3 Pts,4,2026-01-03,UW-Oshkosh Titans,offense,Nate Nazos,play-by-play,True,1,9.2,coach checked,0.95
2026-01-03|4|0 Brandon Beck > Spot-Up > No Dribble Jumper > Open > Long/3pt > Make 3 Pts,4,2026-01-03,UW-Whitewater,defense,Brock Marino,play-by-play,True,14,8.2,best guess,0.46
2026-01-03|4|0 Brandon Beck > Spot-Up > No Dribble Jumper > Open > Long/3pt > Make 3 Pts,4,2026-01-03,UW-Whitewater,defense,Collin Madson,play-by-play,True,19,8.8,best guess,0.46
2026-01-03|4|0 Brandon Beck > Spot-Up > No Dribble Jumper > Open > Long/3pt > Make 3 Pts,4,2026-01-03,UW-Whitewater,defense,JR Lukenbill,play-by-play,True,2,11.8,coach checked,0.95
2026-01-03|4|0 Brandon Beck > Spot-Up > No Dribble Jumper > Open > Long/3pt > Make 3 Pts,4,2026-01-03,UW-Whitewater,defense,Luke Bara,play-by-play,True,5;22;35,9.0,best guess;coach checked,0.99
2026-01-03|4|0 Brandon Beck > Spot-Up > No Dribble Jumper > Open > Long/3pt > Make 3 Pts,4,2026-01-03,UW-Whitewater,defense,Richie Warren,play-by-play,True,3,6.2,coach checked,0.95
2026-01-03|5|24 Richie Warren > P&R Ball Handler > Right P&R > Side > Go Away from Pick > Defense Commits > Ball Delivered > 32 Luke Bara > Spot-Up > Drives Left > To Basket > Foul,5,2026-01-03,UW-Whitewater,offense,Brock Marino,play-by-play,True,48;77,27.2,coach checked;followed player,0.95
2026-01-03|5|24 Richie Warren > P&R Ball Handler > Right P&R > Side > Go Away from Pick > Defense Commits > Ball Delivered > 32 Luke Bara > Spot-Up > Drives Left > To Basket > Foul,5,2026-01-03,UW-Whitewater,offense,Collin Madson,play-by-play,True,42,28.8,coach checked,0.99
2026-01-03|5|24 Richie Warren > P&R Ball Handler > Right P&R > Side > Go Away from Pick > Defense Commits > Ball Delivered > 32 Luke Bara > Spot-Up > Drives Left > To Basket > Foul,5,2026-01-03,UW-Whitewater,offense,JR Lukenbill,play-by-play,True,21;36;54;56;79,26.2,best guess;coach checked;followed player,0.99
2026-01-03|5|24 Richie Warren > P&R Ball Handler > Right P&R > Side > Go Away from Pick > Defense Commits > Ball Delivered > 32 Luke Bara > Spot-Up > Drives Left > To Basket > Foul,5,2026-01-03,UW-Whitewater,offense,Luke Bara,play-by-play,True,35;51;73;83,22.0,best guess;coach checked,0.99
2026-01-03|5|24 Richie Warren > P&R Ball Handler > Right P&R > Side > Go Away from Pick > Defense Commits > Ball Delivered > 32 Luke Bara > Spot-Up > Drives Left > To Basket > Foul,5,2026-01-03,UW-Whitewater,offense,Richie Warren,play-by-play,True,28;71,26.0,best guess;coach checked,0.99
2026-01-03|5|24 Richie Warren > P&R Ball Handler > Right P&R > Side > Go Away from Pick > Defense Commits > Ball Delivered > 32 Luke Bara > Spot-Up > Drives Left > To Basket > Foul,5,2026-01-03,UW-Oshkosh Titans,defense,Brandon Beck,play-by-play,True,3;27;34;59,33.0,best guess;linked possession,0.6
2026-01-03|5|24 Richie Warren > P&R Ball Handler > Right P&R > Side > Go Away from Pick > Defense Commits > Ball Delivered > 32 Luke Bara > Spot-Up > Drives Left > To Basket > Foul,5,2026-01-03,UW-Oshkosh Titans,defense,Carter Thomas,play-by-play,True,14;49;68,32.8,best guess,0.92
2026-01-03|5|24 Richie Warren > P&R Ball Handler > Right P&R > Side > Go Away from Pick > Defense Commits > Ball Delivered > 32 Luke Bara > Spot-Up > Drives Left > To Basket > Foul,5,2026-01-03,UW-Oshkosh Titans,defense,Joey LaChapell,play-by-play,True,13;20;23;24;72,17.0,best guess;coach checked;followed player,0.99
2026-01-03|5|24 Richie Warren > P&R Ball Handler > Right P&R > Side > Go Away from Pick > Defense Commits > Ball Delivered > 32 Luke Bara > Spot-Up > Drives Left > To Basket > Foul,5,2026-01-03,UW-Oshkosh Titans,defense,Michael Metcalf-Grassman,play-by-play,True,2;30;43;57,31.2,best guess;coach checked;followed player,0.99
2026-01-03|5|24 Richie Warren > P&R Ball Handler > Right P&R > Side > Go Away from Pick > Defense Commits > Ball Delivered > 32 Luke Bara > Spot-Up > Drives Left > To Basket > Foul,5,2026-01-03,UW-Oshkosh Titans,defense,Nate Nazos,play-by-play,True,9;50;61;81;87,28.8,best guess;coach checked;followed player,0.99
2026-01-03|6|23 Oskar Kangas > Spot-Up > No Dribble Jumper > Guarded > Long/3pt > Make 3 Pts,6,2026-01-03,UW-Oshkosh Titans,offense,Aiden Hawkinson,play-by-play,True,17;36;42,10.5,best guess;coach checked,0.99
2026-01-03|6|23 Oskar Kangas > Spot-Up > No Dribble Jumper > Guarded > Long/3pt > Make 3 Pts,6,2026-01-03,UW-Oshkosh Titans,offense,Jonah Rindfleisch,play-by-play,True,13;32;38,5.8,best guess;coach checked,0.99
2026-01-03|6|23 Oskar Kangas > Spot-Up > No Dribble Jumper > Guarded > Long/3pt > Make 3 Pts,6,2026-01-03,UW-Oshkosh Titans,offense,Logan Rindfleisch,play-by-play,True,1,11.2,best guess,0.92
2026-01-03|6|23 Oskar Kangas > Spot-Up > No Dribble Jumper > Guarded > Long/3pt > Make 3 Pts,6,2026-01-03,UW-Oshkosh Titans,offense,Matt Imig,play-by-play,True,3;28,11.5,best guess;coach checked,0.99
2026-01-03|6|23 Oskar Kangas > Spot-Up > No Dribble Jumper > Guarded > Long/3pt > Make 3 Pts,6,2026-01-03,UW-Oshkosh Titans,offense,Oskar Kangas,play-by-play,True,21;30;33;43,8.5,best guess;coach checked;followed player,0.99
2026-01-03|6|23 Oskar Kangas > Spot-Up > No Dribble Jumper > Guarded > Long/3pt > Make 3 Pts,6,2026-01-03,UW-Whitewater,defense,Brock Marino,play-by-play,True,6;39,8.0,best guess,0.92
2026-01-03|6|23 Oskar Kangas > Spot-Up > No Dribble Jumper > Guarded > Long/3pt > Make 3 Pts,6,2026-01-03,UW-Whitewater,defense,Collin Madson,play-by-play,True,0;29,9.8,coach checked,0.99
2026-01-03|6|23 Oskar Kangas > Spot-Up > No Dribble Jumper > Guarded > Long/3pt > Make 3 Pts,6,2026-01-03,UW-Whitewater,defense,JR Lukenbill,play-by-play,True,7,13.8,coach checked,0.99
2026-01-03|6|23 Oskar Kangas > Spot-Up > No Dribble Jumper > Guarded > Long/3pt > Make 3 Pts,6,2026-01-03,UW-Whitewater,defense,Luke Bara,play-by-play,True,24,7.8,coach checked,0.99
2026-01-03|6|23 Oskar Kangas > Spot-Up > No Dribble Jumper > Guarded > Long/3pt > Make 3 Pts,6,2026-01-03,UW-Whitewater,defense,Richie Warren,play-by-play,True,20;34,6.5,best guess;coach checked,0.99
2026-01-03|7|32 Luke Bara > Transition > Ballhandler > Turnover,7,2026-01-03,UW-Whitewater,offense,Brock Marino,play-by-play,True,5;16,2.0,best guess,0.31
2026-01-03|7|32 Luke Bara > Transition > Ballhandler > Turnover,7,2026-01-03,UW-Whitewater,offense,Collin Madson,play-by-play,True,9,3.2,best guess,0.31
2026-01-03|7|32 Luke Bara > Transition > Ballhandler > Turnover,7,2026-01-03,UW-Whitewater,offense,JR Lukenbill,play-by-play,True,14,2.2,coach checked,0.99
2026-01-03|7|32 Luke Bara > Transition > Ballhandler > Turnover,7,2026-01-03,UW-Whitewater,offense,Luke Bara,play-by-play,True,10,8.5,coach checked,0.99
2026-01-03|7|32 Luke Bara > Transition > Ballhandler > Turnover,7,2026-01-03,UW-Whitewater,offense,Richie Warren,play-by-play,True,0,3.0,best guess,0.31
2026-01-03|7|32 Luke Bara > Transition > Ballhandler > Turnover,7,2026-01-03,UW-Oshkosh Titans,defense,Aiden Hawkinson,play-by-play,True,6,3.2,coach checked,0.99
2026-01-03|7|32 Luke Bara > Transition > Ballhandler > Turnover,7,2026-01-03,UW-Oshkosh Titans,defense,Jonah Rindfleisch,play-by-play,True,3,5.2,coach checked,0.99
2026-01-03|7|32 Luke Bara > Transition > Ballhandler > Turnover,7,2026-01-03,UW-Oshkosh Titans,defense,Logan Rindfleisch,play-by-play,True,4,2.8,coach checked,0.99
2026-01-03|7|32 Luke Bara > Transition > Ballhandler > Turnover,7,2026-01-03,UW-Oshkosh Titans,defense,Matt Imig,play-by-play,True,15,2.8,coach checked,0.99
2026-01-03|7|32 Luke Bara > Transition > Ballhandler > Turnover,7,2026-01-03,UW-Oshkosh Titans,defense,Oskar Kangas,play-by-play,True,2,8.8,best guess,0.92
2026-01-03|8|5 Matt Imig > P&R Ball Handler > High P&R > Dribble Off Pick > Defense Commits > Ball Delivered > 13 Logan Rindfleisch > Spot-Up > Drives Left > To Basket > Miss 2 Pts,8,2026-01-03,UW-Oshkosh Titans,offense,Aiden Hawkinson,play-by-play,True,2,1.5,coach checked,0.99
2026-01-03|8|5 Matt Imig > P&R Ball Handler > High P&R > Dribble Off Pick > Defense Commits > Ball Delivered > 13 Logan Rindfleisch > Spot-Up > Drives Left > To Basket > Miss 2 Pts,8,2026-01-03,UW-Oshkosh Titans,offense,Jonah Rindfleisch,play-by-play,True,9;17,7.5,best guess,0.31
2026-01-03|8|5 Matt Imig > P&R Ball Handler > High P&R > Dribble Off Pick > Defense Commits > Ball Delivered > 13 Logan Rindfleisch > Spot-Up > Drives Left > To Basket > Miss 2 Pts,8,2026-01-03,UW-Oshkosh Titans,offense,Logan Rindfleisch,play-by-play,True,14,4.0,best guess,0.31
2026-01-03|8|5 Matt Imig > P&R Ball Handler > High P&R > Dribble Off Pick > Defense Commits > Ball Delivered > 13 Logan Rindfleisch > Spot-Up > Drives Left > To Basket > Miss 2 Pts,8,2026-01-03,UW-Oshkosh Titans,offense,Matt Imig,play-by-play,True,16,4.5,best guess,0.31
2026-01-03|8|5 Matt Imig > P&R Ball Handler > High P&R > Dribble Off Pick > Defense Commits > Ball Delivered > 13 Logan Rindfleisch > Spot-Up > Drives Left > To Basket > Miss 2 Pts,8,2026-01-03,UW-Oshkosh Titans,offense,Oskar Kangas,play-by-play,True,27;48,13.0,coach checked;followed player,0.99
2026-01-03|8|5 Matt Imig > P&R Ball Handler > High P&R > Dribble Off Pick > Defense Commits > Ball Delivered > 13 Logan Rindfleisch > Spot-Up > Drives Left > To Basket > Miss 2 Pts,8,2026-01-03,UW-Whitewater,defense,Brock Marino,play-by-play,True,1;24;57,21.2,best guess,0.31
2026-01-03|8|5 Matt Imig > P&R Ball Handler > High P&R > Dribble Off Pick > Defense Commits > Ball Delivered > 13 Logan Rindfleisch > Spot-Up > Drives Left > To Basket > Miss 2 Pts,8,2026-01-03,UW-Whitewater,defense,Collin Madson,play-by-play,True,6;46,15.0,best guess,0.31
2026-01-03|8|5 Matt Imig > P&R Ball Handler > High P&R > Dribble Off Pick > Defense Commits > Ball Delivered > 13 Logan Rindfleisch > Spot-Up > Drives Left > To Basket > Miss 2 Pts,8,2026-01-03,UW-Whitewater,defense,JR Lukenbill,play-by-play,True,15,24.5,coach checked,0.95
2026-01-03|8|5 Matt Imig > P&R Ball Handler > High P&R > Dribble Off Pick > Defense Commits > Ball Delivered > 13 Logan Rindfleisch > Spot-Up > Drives Left > To Basket > Miss 2 Pts,8,2026-01-03,UW-Whitewater,defense,Luke Bara,play-by-play,True,3;53,15.0,best guess,0.31
2026-01-03|8|5 Matt Imig > P&R Ball Handler > High P&R > Dribble Off Pick > Defense Commits > Ball Delivered > 13 Logan Rindfleisch > Spot-Up > Drives Left > To Basket > Miss 2 Pts,8,2026-01-03,UW-Whitewater,defense,Richie Warren,play-by-play,True,13,14.0,coach checked,0.99
2026-01-03|9|21 Brock Marino > Post-Up > Right Block > Post Pin > No Dribble Move > To Basket > Make 2 Pts,9,2026-01-03,UW-Whitewater,offense,Brock Marino,play-by-play,True,1;44,14.0,best guess,0.46
2026-01-03|9|21 Brock Marino > Post-Up > Right Block > Post Pin > No Dribble Move > To Basket > Make 2 Pts,9,2026-01-03,UW-Whitewater,offense,Collin Madson,play-by-play,True,18;19;35,12.2,best guess;linked possession,0.95
2026-01-03|9|21 Brock Marino > Post-Up > Right Block > Post Pin > No Dribble Move > To Basket > Make 2 Pts,9,2026-01-03,UW-Whitewater,offense,JR Lukenbill,play-by-play,True,8;28;37;51,6.2,followed player;linked possession,0.95
2026-01-03|9|21 Brock Marino > Post-Up > Right Block > Post Pin > No Dribble Move > To Basket > Make 2 Pts,9,2026-01-03,UW-Whitewater,offense,Luke Bara,play-by-play,True,17;33;46,7.5,best guess,0.46
2026-01-03|9|21 Brock Marino > Post-Up > Right Block > Post Pin > No Dribble Move > To Basket > Make 2 Pts,9,2026-01-03,UW-Whitewater,offense,Richie Warren,play-by-play,True,3,19.0,linked possession,0.95
2026-01-03|9|21 Brock Marino > Post-Up > Right Block > Post Pin > No Dribble Move > To Basket > Make 2 Pts,9,2026-01-03,UW-Oshkosh Titans,defense,Brandon Beck,play-by-play,True,30,5.5,best guess,0.31
2026-01-03|9|21 Brock Marino > Post-Up > Right Block > Post Pin > No Dribble Move > To Basket > Make 2 Pts,9,2026-01-03,UW-Oshkosh Titans,defense,Carter Thomas,play-by-play,True,48,3.5,linked possession,0.95
2026-01-03|9|21 Brock Marino > Post-Up > Right Block > Post Pin > No Dribble Move > To Basket > Make 2 Pts,9,2026-01-03,UW-Oshkosh Titans,defense,Joey LaChapell,play-by-play,True,23,11.0,linked possession,0.95
2026-01-03|9|21 Brock Marino > Post-Up > Right Block > Post Pin > No Dribble Move > To Basket > Make 2 Pts,9,2026-01-03,UW-Oshkosh Titans,defense,Michael Metcalf-Grassman,play-by-play,True,40,5.0,best guess,0.31
2026-01-03|9|21 Brock Marino > Post-Up > Right Block > Post Pin > No Dribble Move > To Basket > Make 2 Pts,9,2026-01-03,UW-Oshkosh Titans,defense,Nate Nazos,play-by-play,True,43;47,2.5,best guess,0.31
2026-01-03|10|10 Nate Nazos > Transition > Left Wing > Turnover,10,2026-01-03,UW-Oshkosh Titans,offense,Brandon Beck,play-by-play,True,5;37,9.8,best guess;coach checked,0.99
2026-01-03|10|10 Nate Nazos > Transition > Left Wing > Turnover,10,2026-01-03,UW-Oshkosh Titans,offense,Carter Thomas,play-by-play,True,1;27;39,9.8,best guess;coach checked;followed player,0.95
2026-01-03|10|10 Nate Nazos > Transition > Left Wing > Turnover,10,2026-01-03,UW-Oshkosh Titans,offense,Joey LaChapell,play-by-play,True,2;41;47,8.8,best guess;coach checked;followed player,0.95
2026-01-03|10|10 Nate Nazos > Transition > Left Wing > Turnover,10,2026-01-03,UW-Oshkosh Titans,offense,Michael Metcalf-Grassman,play-by-play,True,11;15;43,8.8,best guess;coach checked;followed player,0.99
2026-01-03|10|10 Nate Nazos > Transition > Left Wing > Turnover,10,2026-01-03,UW-Oshkosh Titans,offense,Nate Nazos,play-by-play,True,10;45,6.5,best guess,0.92
2026-01-03|10|10 Nate Nazos > Transition > Left Wing > Turnover,10,2026-01-03,UW-Whitewater,defense,Brock Marino,play-by-play,True,9;19;51,10.2,best guess;coach checked,0.99
2026-01-03|10|10 Nate Nazos > Transition > Left Wing > Turnover,10,2026-01-03,UW-Whitewater,defense,Collin Madson,play-by-play,True,4;29;38;44,8.2,best guess;coach checked,0.95
2026-01-03|10|10 Nate Nazos > Transition > Left Wing > Turnover,10,2026-01-03,UW-Whitewater,defense,JR Lukenbill,play-by-play,True,28;48;50,4.0,best guess;coach checked;followed player,0.99
2026-01-03|10|10 Nate Nazos > Transition > Left Wing > Turnover,10,2026-01-03,UW-Whitewater,defense,Luke Bara,play-by-play,True,17,7.5,coach checked,0.99
2026-01-03|10|10 Nate Nazos > Transition > Left Wing > Turnover,10,2026-01-03,UW-Whitewater,defense,Richie Warren,play-by-play,True,6;34;42,8.2,coach checked;followed player,0.95
2026-01-03|11|21 Brock Marino > Non Possession > Non Shooting Foul,11,2026-01-03,UW-Whitewater,offense,Brock Marino,play-by-play,True,15;16,9.8,best guess,0.31
2026-01-03|11|21 Brock Marino > Non Possession > Non Shooting Foul,11,2026-01-03,UW-Whitewater,offense,Collin Madson,play-by-play,True,9;22;42,13.5,coach checked;followed player,0.99
2026-01-03|11|21 Brock Marino > Non Possession > Non Shooting Foul,11,2026-01-03,UW-Whitewater,offense,JR Lukenbill,play-by-play,True,1,7.2,best guess,0.31
2026-01-03|11|21 Brock Marino > Non Possession > Non Shooting Foul,11,2026-01-03,UW-Whitewater,offense,Luke Bara,play-by-play,True,6,3.8,coach checked,0.99
2026-01-03|11|21 Brock Marino > Non Possession > Non Shooting Foul,11,2026-01-03,UW-Whitewater,offense,Richie Warren,play-by-play,True,7;17,16.5,best guess,0.31
2026-01-03|11|21 Brock Marino > Non Possession > Non Shooting Foul,11,2026-01-03,UW-Oshkosh Titans,defense,Brandon Beck,play-by-play,True,5,16.0,coach checked,0.99
2026-01-03|11|21 Brock Marino > Non Possession > Non Shooting Foul,11,2026-01-03,UW-Oshkosh Titans,defense,Carter Thomas,play-by-play,False,,0.0,not located,
2026-01-03|11|21 Brock Marino > Non Possession > Non Shooting Foul,11,2026-01-03,UW-Oshkosh Titans,defense,Joey LaChapell,play-by-play,True,3,1.8,coach checked,0.99
2026-01-03|11|21 Brock Marino > Non Possession > Non Shooting Foul,11,2026-01-03,UW-Oshkosh Titans,defense,Michael Metcalf-Grassman,play-by-play,True,8;12,5.0,best guess;coach checked,0.99
2026-01-03|11|21 Brock Marino > Non Possession > Non Shooting Foul,11,2026-01-03,UW-Oshkosh Titans,defense,Nate Nazos,play-by-play,False,,0.0,not located,
2026-01-03|12|21 Brock Marino > Post-Up > Right Block > Left Shoulder > Dribble Move > To Drop Step > Miss 2 Pts,12,2026-01-03,UW-Whitewater,offense,Brock Marino,play-by-play,True,40,22.8,linked possession,0.95
2026-01-03|12|21 Brock Marino > Post-Up > Right Block > Left Shoulder > Dribble Move > To Drop Step > Miss 2 Pts,12,2026-01-03,UW-Whitewater,offense,Collin Madson,play-by-play,True,83,6.5,linked possession,0.95
2026-01-03|12|21 Brock Marino > Post-Up > Right Block > Left Shoulder > Dribble Move > To Drop Step > Miss 2 Pts,12,2026-01-03,UW-Whitewater,offense,JR Lukenbill,play-by-play,False,,0.0,not located,
2026-01-03|12|21 Brock Marino > Post-Up > Right Block > Left Shoulder > Dribble Move > To Drop Step > Miss 2 Pts,12,2026-01-03,UW-Whitewater,offense,Luke Bara,play-by-play,True,11;88,26.2,best guess;linked possession,0.95
2026-01-03|12|21 Brock Marino > Post-Up > Right Block > Left Shoulder > Dribble Move > To Drop Step > Miss 2 Pts,12,2026-01-03,UW-Whitewater,offense,Richie Warren,play-by-play,True,82,8.5,best guess,0.46
2026-01-03|12|21 Brock Marino > Post-Up > Right Block > Left Shoulder > Dribble Move > To Drop Step > Miss 2 Pts,12,2026-01-03,UW-Oshkosh Titans,defense,Brandon Beck,play-by-play,False,,0.0,not located,
2026-01-03|12|21 Brock Marino > Post-Up > Right Block > Left Shoulder > Dribble Move > To Drop Step > Miss 2 Pts,12,2026-01-03,UW-Oshkosh Titans,defense,Carter Thomas,play-by-play,False,,0.0,not located,
2026-01-03|12|21 Brock Marino > Post-Up > Right Block > Left Shoulder > Dribble Move > To Drop Step > Miss 2 Pts,12,2026-01-03,UW-Oshkosh Titans,defense,Joey LaChapell,play-by-play,False,,0.0,not located,
2026-01-03|12|21 Brock Marino > Post-Up > Right Block > Left Shoulder > Dribble Move > To Drop Step > Miss 2 Pts,12,2026-01-03,UW-Oshkosh Titans,defense,Michael Metcalf-Grassman,play-by-play,False,,0.0,not located,
2026-01-03|12|21 Brock Marino > Post-Up > Right Block > Left Shoulder > Dribble Move > To Drop Step > Miss 2 Pts,12,2026-01-03,UW-Oshkosh Titans,defense,Nate Nazos,play-by-play,False,,0.0,not located,
2026-01-03|13|1 Aiden Hawkinson > Spot-Up > No Dribble Jumper > Guarded > Long/3pt > Miss 3 Pts,13,2026-01-03,UW-Whitewater,defense,Brock Marino,clips before/after (no clock),True,9,13.8,coach checked,0.95
2026-01-03|13|1 Aiden Hawkinson > Spot-Up > No Dribble Jumper > Guarded > Long/3pt > Miss 3 Pts,13,2026-01-03,UW-Whitewater,defense,Collin Madson,clips before/after (no clock),True,17;44,17.2,best guess;coach checked,0.99
2026-01-03|13|1 Aiden Hawkinson > Spot-Up > No Dribble Jumper > Guarded > Long/3pt > Miss 3 Pts,13,2026-01-03,UW-Whitewater,defense,JR Lukenbill,clips before/after (no clock),True,19;37;39,24.8,best guess;coach checked;followed player,0.99
2026-01-03|13|1 Aiden Hawkinson > Spot-Up > No Dribble Jumper > Guarded > Long/3pt > Miss 3 Pts,13,2026-01-03,UW-Whitewater,defense,Luke Bara,clips before/after (no clock),True,2;28;45,24.8,best guess;coach checked;followed player,0.99
2026-01-03|13|1 Aiden Hawkinson > Spot-Up > No Dribble Jumper > Guarded > Long/3pt > Miss 3 Pts,13,2026-01-03,UW-Whitewater,defense,Richie Warren,clips before/after (no clock),True,13,22.0,best guess,0.92
2026-01-03|14|32 Luke Bara > Off Screen > To Shooter's Left > Straight > No Dribble Jumper > Open > Long/3pt > Make 3 Pts,14,2026-01-03,UW-Whitewater,offense,Brock Marino,play-by-play,False,,0.0,not located,
2026-01-03|14|32 Luke Bara > Off Screen > To Shooter's Left > Straight > No Dribble Jumper > Open > Long/3pt > Make 3 Pts,14,2026-01-03,UW-Whitewater,offense,Collin Madson,play-by-play,False,,0.0,not located,
2026-01-03|14|32 Luke Bara > Off Screen > To Shooter's Left > Straight > No Dribble Jumper > Open > Long/3pt > Make 3 Pts,14,2026-01-03,UW-Whitewater,offense,JR Lukenbill,play-by-play,False,,0.0,not located,
2026-01-03|14|32 Luke Bara > Off Screen > To Shooter's Left > Straight > No Dribble Jumper > Open > Long/3pt > Make 3 Pts,14,2026-01-03,UW-Whitewater,offense,Luke Bara,play-by-play,False,,0.0,not located,
2026-01-03|14|32 Luke Bara > Off Screen > To Shooter's Left > Straight > No Dribble Jumper > Open > Long/3pt > Make 3 Pts,14,2026-01-03,UW-Whitewater,offense,Richie Warren,play-by-play,False,,0.0,not located,
2026-01-03|14|32 Luke Bara > Off Screen > To Shooter's Left > Straight > No Dribble Jumper > Open > Long/3pt > Make 3 Pts,14,2026-01-03,UW-Oshkosh Titans,defense,Aiden Hawkinson,play-by-play,False,,0.0,not located,
2026-01-03|14|32 Luke Bara > Off Screen > To Shooter's Left > Straight > No Dribble Jumper > Open > Long/3pt > Make 3 Pts,14,2026-01-03,UW-Oshkosh Titans,defense,Jay Dalton,play-by-play,False,,0.0,not located,
2026-01-03|14|32 Luke Bara > Off Screen > To Shooter's Left > Straight > No Dribble Jumper > Open > Long/3pt > Make 3 Pts,14,2026-01-03,UW-Oshkosh Titans,defense,Logan Rindfleisch,play-by-play,False,,0.0,not located,
2026-01-03|14|32 Luke Bara > Off Screen > To Shooter's Left > Straight > No Dribble Jumper > Open > Long/3pt > Make 3 Pts,14,2026-01-03,UW-Oshkosh Titans,defense,Oskar Kangas,play-by-play,False,,0.0,not located,
2026-01-03|14|32 Luke Bara > Off Screen > To Shooter's Left > Straight > No Dribble Jumper > Open > Long/3pt > Make 3 Pts,14,2026-01-03,UW-Oshkosh Titans,defense,Vitorio Dante,play-by-play,False,,0.0,not located,
2026-01-03|15|11 Jay Dalton > P&R Ball Handler > High P&R > Dribble Off Pick > Defense Commits > Ball Delivered > 23 Oskar Kangas > Spot-Up > No Dribble Jumper > Guarded > Long/3pt > Miss 3 Pts,15,2026-01-03,UW-Oshkosh Titans,offense,Aiden Hawkinson,play-by-play,True,4;29;47,11.2,best guess,0.31
2026-01-03|15|11 Jay Dalton > P&R Ball Handler > High P&R > Dribble Off Pick > Defense Commits > Ball Delivered > 23 Oskar Kangas > Spot-Up > No Dribble Jumper > Guarded > Long/3pt > Miss 3 Pts,15,2026-01-03,UW-Oshkosh Titans,offense,Jay Dalton,play-by-play,True,20;22;42,9.5,best guess,0.31
2026-01-03|15|11 Jay Dalton > P&R Ball Handler > High P&R > Dribble Off Pick > Defense Commits > Ball Delivered > 23 Oskar Kangas > Spot-Up > No Dribble Jumper > Guarded > Long/3pt > Miss 3 Pts,15,2026-01-03,UW-Oshkosh Titans,offense,Logan Rindfleisch,play-by-play,True,9;37;41,7.2,coach checked;followed player,0.99
2026-01-03|15|11 Jay Dalton > P&R Ball Handler > High P&R > Dribble Off Pick > Defense Commits > Ball Delivered > 23 Oskar Kangas > Spot-Up > No Dribble Jumper > Guarded > Long/3pt > Miss 3 Pts,15,2026-01-03,UW-Oshkosh Titans,offense,Oskar Kangas,play-by-play,True,12;34;40,12.0,best guess,0.31
2026-01-03|15|11 Jay Dalton > P&R Ball Handler > High P&R > Dribble Off Pick > Defense Commits > Ball Delivered > 23 Oskar Kangas > Spot-Up > No Dribble Jumper > Guarded > Long/3pt > Miss 3 Pts,15,2026-01-03,UW-Oshkosh Titans,offense,Vitorio Dante,play-by-play,True,25;36;39,15.8,coach checked;followed player,0.99
2026-01-03|15|11 Jay Dalton > P&R Ball Handler > High P&R > Dribble Off Pick > Defense Commits > Ball Delivered > 23 Oskar Kangas > Spot-Up > No Dribble Jumper > Guarded > Long/3pt > Miss 3 Pts,15,2026-01-03,UW-Whitewater,defense,Brock Marino,play-by-play,True,27,15.2,coach checked,0.99
2026-01-03|15|11 Jay Dalton > P&R Ball Handler > High P&R > Dribble Off Pick > Defense Commits > Ball Delivered > 23 Oskar Kangas > Spot-Up > No Dribble Jumper > Guarded > Long/3pt > Miss 3 Pts,15,2026-01-03,UW-Whitewater,defense,Collin Madson,play-by-play,True,19;43;51,11.2,best guess,0.46
2026-01-03|15|11 Jay Dalton > P&R Ball Handler > High P&R > Dribble Off Pick > Defense Commits > Ball Delivered > 23 Oskar Kangas > Spot-Up > No Dribble Jumper > Guarded > Long/3pt > Miss 3 Pts,15,2026-01-03,UW-Whitewater,defense,JR Lukenbill,play-by-play,True,18,12.5,coach checked,0.99
2026-01-03|15|11 Jay Dalton > P&R Ball Handler > High P&R > Dribble Off Pick > Defense Commits > Ball Delivered > 23 Oskar Kangas > Spot-Up > No Dribble Jumper > Guarded > Long/3pt > Miss 3 Pts,15,2026-01-03,UW-Whitewater,defense,Luke Bara,play-by-play,True,16;38,12.8,best guess,0.46
2026-01-03|15|11 Jay Dalton > P&R Ball Handler > High P&R > Dribble Off Pick > Defense Commits > Ball Delivered > 23 Oskar Kangas > Spot-Up > No Dribble Jumper > Guarded > Long/3pt > Miss 3 Pts,15,2026-01-03,UW-Whitewater,defense,Richie Warren,play-by-play,True,17;45,13.5,best guess;coach checked,0.99
2026-01-03|16|15 Collin Madson > Non Possession > Non Shooting Foul,16,2026-01-03,UW-Whitewater,offense,Brock Marino,play-by-play,False,,0.0,not located,
2026-01-03|16|15 Collin Madson > Non Possession > Non Shooting Foul,16,2026-01-03,UW-Whitewater,offense,Collin Madson,play-by-play,False,,0.0,not located,
2026-01-03|16|15 Collin Madson > Non Possession > Non Shooting Foul,16,2026-01-03,UW-Whitewater,offense,JR Lukenbill,play-by-play,False,,0.0,not located,
2026-01-03|16|15 Collin Madson > Non Possession > Non Shooting Foul,16,2026-01-03,UW-Whitewater,offense,Luke Bara,play-by-play,False,,0.0,not located,
2026-01-03|16|15 Collin Madson > Non Possession > Non Shooting Foul,16,2026-01-03,UW-Whitewater,offense,Richie Warren,play-by-play,False,,0.0,not located,
2026-01-03|16|15 Collin Madson > Non Possession > Non Shooting Foul,16,2026-01-03,UW-Oshkosh Titans,defense,Aiden Hawkinson,play-by-play,False,,0.0,not located,
2026-01-03|16|15 Collin Madson > Non Possession > Non Shooting Foul,16,2026-01-03,UW-Oshkosh Titans,defense,Jay Dalton,play-by-play,False,,0.0,not located,
2026-01-03|16|15 Collin Madson > Non Possession > Non Shooting Foul,16,2026-01-03,UW-Oshkosh Titans,defense,Logan Rindfleisch,play-by-play,False,,0.0,not located,
2026-01-03|16|15 Collin Madson > Non Possession > Non Shooting Foul,16,2026-01-03,UW-Oshkosh Titans,defense,Oskar Kangas,play-by-play,False,,0.0,not located,
2026-01-03|16|15 Collin Madson > Non Possession > Non Shooting Foul,16,2026-01-03,UW-Oshkosh Titans,defense,Vitorio Dante,play-by-play,False,,0.0,not located,
2026-01-03|17|24 Richie Warren > Spot-Up > Drives Left > Dribble Jumper > Short to < 17' > Miss 2 Pts,17,2026-01-03,UW-Whitewater,offense,Brock Marino,play-by-play,False,,0.0,not located,
2026-01-03|17|24 Richie Warren > Spot-Up > Drives Left > Dribble Jumper > Short to < 17' > Miss 2 Pts,17,2026-01-03,UW-Whitewater,offense,Collin Madson,play-by-play,False,,0.0,not located,
2026-01-03|17|24 Richie Warren > Spot-Up > Drives Left > Dribble Jumper > Short to < 17' > Miss 2 Pts,17,2026-01-03,UW-Whitewater,offense,JR Lukenbill,play-by-play,False,,0.0,not located,
2026-01-03|17|24 Richie Warren > Spot-Up > Drives Left > Dribble Jumper > Short to < 17' > Miss 2 Pts,17,2026-01-03,UW-Whitewater,offense,Luke Bara,play-by-play,False,,0.0,not located,
2026-01-03|17|24 Richie Warren > Spot-Up > Drives Left > Dribble Jumper > Short to < 17' > Miss 2 Pts,17,2026-01-03,UW-Whitewater,offense,Richie Warren,play-by-play,True,17,3.8,coach checked,0.99
2026-01-03|17|24 Richie Warren > Spot-Up > Drives Left > Dribble Jumper > Short to < 17' > Miss 2 Pts,17,2026-01-03,UW-Oshkosh Titans,defense,Brandon Beck,play-by-play,False,,0.0,not located,
2026-01-03|17|24 Richie Warren > Spot-Up > Drives Left > Dribble Jumper > Short to < 17' > Miss 2 Pts,17,2026-01-03,UW-Oshkosh Titans,defense,Carter Thomas,play-by-play,False,,0.0,not located,
2026-01-03|17|24 Richie Warren > Spot-Up > Drives Left > Dribble Jumper > Short to < 17' > Miss 2 Pts,17,2026-01-03,UW-Oshkosh Titans,defense,Joey LaChapell,play-by-play,False,,0.0,not located,
2026-01-03|17|24 Richie Warren > Spot-Up > Drives Left > Dribble Jumper > Short to < 17' > Miss 2 Pts,17,2026-01-03,UW-Oshkosh Titans,defense,Michael Metcalf-Grassman,play-by-play,True,13,3.8,coach checked,0.99
2026-01-03|17|24 Richie Warren > Spot-Up > Drives Left > Dribble Jumper > Short to < 17' > Miss 2 Pts,17,2026-01-03,UW-Oshkosh Titans,defense,Nate Nazos,play-by-play,False,,0.0,not located,
2026-01-03|18|0 Brandon Beck > Spot-Up > Drives Left > To Basket > Turnover,18,2026-01-03,UW-Oshkosh Titans,offense,Brandon Beck,play-by-play,True,13;31;41;67;69,23.2,best guess,0.46
2026-01-03|18|0 Brandon Beck > Spot-Up > Drives Left > To Basket > Turnover,18,2026-01-03,UW-Oshkosh Titans,offense,Carter Thomas,play-by-play,True,20;65,22.5,coach checked;followed player,0.99
2026-01-03|18|0 Brandon Beck > Spot-Up > Drives Left > To Basket > Turnover,18,2026-01-03,UW-Oshkosh Titans,offense,Joey LaChapell,play-by-play,True,16;52;62,26.0,coach checked;followed player,0.99
2026-01-03|18|0 Brandon Beck > Spot-Up > Drives Left > To Basket > Turnover,18,2026-01-03,UW-Oshkosh Titans,offense,Michael Metcalf-Grassman,play-by-play,True,7;26;30;40;60,20.0,best guess,0.46
2026-01-03|18|0 Brandon Beck > Spot-Up > Drives Left > To Basket > Turnover,18,2026-01-03,UW-Oshkosh Titans,offense,Nate Nazos,play-by-play,True,18;42;57,13.8,best guess;coach checked;followed player,0.99
2026-01-03|18|0 Brandon Beck > Spot-Up > Drives Left > To Basket > Turnover,18,2026-01-03,UW-Whitewater,defense,Brock Marino,play-by-play,True,5,25.2,best guess,0.46
2026-01-03|18|0 Brandon Beck > Spot-Up > Drives Left > To Basket > Turnover,18,2026-01-03,UW-Whitewater,defense,Collin Madson,play-by-play,True,10;38,6.5,best guess;coach checked,0.99
2026-01-03|18|0 Brandon Beck > Spot-Up > Drives Left > To Basket > Turnover,18,2026-01-03,UW-Whitewater,defense,JR Lukenbill,play-by-play,True,15,24.5,coach checked,0.99
2026-01-03|18|0 Brandon Beck > Spot-Up > Drives Left > To Basket > Turnover,18,2026-01-03,UW-Whitewater,defense,Luke Bara,play-by-play,True,17,8.5,coach checked,0.99
2026-01-03|18|0 Brandon Beck > Spot-Up > Drives Left > To Basket > Turnover,18,2026-01-03,UW-Whitewater,defense,Richie Warren,play-by-play,True,2,20.5,best guess,0.46
2026-01-03|19|15 Collin Madson > Transition > Ballhandler > To Basket > Make 2 Pts,19,2026-01-03,UW-Whitewater,offense,Brock Marino,play-by-play,False,,0.0,not located,
2026-01-03|19|15 Collin Madson > Transition > Ballhandler > To Basket > Make 2 Pts,19,2026-01-03,UW-Whitewater,offense,Collin Madson,play-by-play,False,,0.0,not located,
2026-01-03|19|15 Collin Madson > Transition > Ballhandler > To Basket > Make 2 Pts,19,2026-01-03,UW-Whitewater,offense,JR Lukenbill,play-by-play,False,,0.0,not located,
2026-01-03|19|15 Collin Madson > Transition > Ballhandler > To Basket > Make 2 Pts,19,2026-01-03,UW-Whitewater,offense,Luke Bara,play-by-play,False,,0.0,not located,
2026-01-03|19|15 Collin Madson > Transition > Ballhandler > To Basket > Make 2 Pts,19,2026-01-03,UW-Whitewater,offense,Richie Warren,play-by-play,False,,0.0,not located,
2026-01-03|19|15 Collin Madson > Transition > Ballhandler > To Basket > Make 2 Pts,19,2026-01-03,UW-Oshkosh Titans,defense,Brandon Beck,play-by-play,True,2,8.5,best guess,0.31
2026-01-03|19|15 Collin Madson > Transition > Ballhandler > To Basket > Make 2 Pts,19,2026-01-03,UW-Oshkosh Titans,defense,Carter Thomas,play-by-play,True,4,4.5,linked possession,0.95
2026-01-03|19|15 Collin Madson > Transition > Ballhandler > To Basket > Make 2 Pts,19,2026-01-03,UW-Oshkosh Titans,defense,Joey LaChapell,play-by-play,True,12;19,4.2,followed player;linked possession,0.95
2026-01-03|19|15 Collin Madson > Transition > Ballhandler > To Basket > Make 2 Pts,19,2026-01-03,UW-Oshkosh Titans,defense,Michael Metcalf-Grassman,play-by-play,True,0,6.2,best guess,0.31
2026-01-03|19|15 Collin Madson > Transition > Ballhandler > To Basket > Make 2 Pts,19,2026-01-03,UW-Oshkosh Titans,defense,Nate Nazos,play-by-play,True,16,4.5,best guess,0.31
2026-01-03|20|4 Michael Metcalf-Grassman > Non Possession > Non Shooting Foul,20,2026-01-03,UW-Oshkosh Titans,offense,Brandon Beck,play-by-play,False,,0.0,not located,
2026-01-03|20|4 Michael Metcalf-Grassman > Non Possession > Non Shooting Foul,20,2026-01-03,UW-Oshkosh Titans,offense,Carter Thomas,play-by-play,False,,0.0,not located,
2026-01-03|20|4 Michael Metcalf-Grassman > Non Possession > Non Shooting Foul,20,2026-01-03,UW-Oshkosh Titans,offense,Joey LaChapell,play-by-play,False,,0.0,not located,
2026-01-03|20|4 Michael Metcalf-Grassman > Non Possession > Non Shooting Foul,20,2026-01-03,UW-Oshkosh Titans,offense,Michael Metcalf-Grassman,play-by-play,False,,0.0,not located,
2026-01-03|20|4 Michael Metcalf-Grassman > Non Possession > Non Shooting Foul,20,2026-01-03,UW-Oshkosh Titans,offense,Nate Nazos,play-by-play,False,,0.0,not located,
2026-01-03|20|4 Michael Metcalf-Grassman > Non Possession > Non Shooting Foul,20,2026-01-03,UW-Whitewater,defense,Brock Marino,play-by-play,False,,0.0,not located,
2026-01-03|20|4 Michael Metcalf-Grassman > Non Possession > Non Shooting Foul,20,2026-01-03,UW-Whitewater,defense,Collin Madson,play-by-play,False,,0.0,not located,
2026-01-03|20|4 Michael Metcalf-Grassman > Non Possession > Non Shooting Foul,20,2026-01-03,UW-Whitewater,defense,JR Lukenbill,play-by-play,False,,0.0,not located,
2026-01-03|20|4 Michael Metcalf-Grassman > Non Possession > Non Shooting Foul,20,2026-01-03,UW-Whitewater,defense,Luke Bara,play-by-play,False,,0.0,not located,
2026-01-03|20|4 Michael Metcalf-Grassman > Non Possession > Non Shooting Foul,20,2026-01-03,UW-Whitewater,defense,Richie Warren,play-by-play,False,,0.0,not located,
2026-01-03|22|5 Matt Imig > Spot-Up > Drives Straight > Dribble Jumper > Long/3pt > Miss 3 Pts,22,2026-01-03,UW-Oshkosh Titans,offense,Aiden Hawkinson,play-by-play,False,,0.0,not located,
2026-01-03|22|5 Matt Imig > Spot-Up > Drives Straight > Dribble Jumper > Long/3pt > Miss 3 Pts,22,2026-01-03,UW-Oshkosh Titans,offense,Jonah Rindfleisch,play-by-play,False,,0.0,not located,
2026-01-03|22|5 Matt Imig > Spot-Up > Drives Straight > Dribble Jumper > Long/3pt > Miss 3 Pts,22,2026-01-03,UW-Oshkosh Titans,offense,Matt Imig,play-by-play,False,,0.0,not located,
2026-01-03|22|5 Matt Imig > Spot-Up > Drives Straight > Dribble Jumper > Long/3pt > Miss 3 Pts,22,2026-01-03,UW-Oshkosh Titans,offense,Oskar Kangas,play-by-play,False,,0.0,not located,
2026-01-03|22|5 Matt Imig > Spot-Up > Drives Straight > Dribble Jumper > Long/3pt > Miss 3 Pts,22,2026-01-03,UW-Oshkosh Titans,offense,Vitorio Dante,play-by-play,False,,0.0,not located,
2026-01-03|22|5 Matt Imig > Spot-Up > Drives Straight > Dribble Jumper > Long/3pt > Miss 3 Pts,22,2026-01-03,UW-Whitewater,defense,Brock Marino,play-by-play,False,,0.0,not located,
2026-01-03|22|5 Matt Imig > Spot-Up > Drives Straight > Dribble Jumper > Long/3pt > Miss 3 Pts,22,2026-01-03,UW-Whitewater,defense,Collin Madson,play-by-play,False,,0.0,not located,
2026-01-03|22|5 Matt Imig > Spot-Up > Drives Straight > Dribble Jumper > Long/3pt > Miss 3 Pts,22,2026-01-03,UW-Whitewater,defense,Darius Chestnut,play-by-play,False,,0.0,not located,
2026-01-03|22|5 Matt Imig > Spot-Up > Drives Straight > Dribble Jumper > Long/3pt > Miss 3 Pts,22,2026-01-03,UW-Whitewater,defense,Luke Bara,play-by-play,False,,0.0,not located,
2026-01-03|22|5 Matt Imig > Spot-Up > Drives Straight > Dribble Jumper > Long/3pt > Miss 3 Pts,22,2026-01-03,UW-Whitewater,defense,Richie Warren,play-by-play,False,,0.0,not located,
2026-01-03|23|20 Vitorio Dante > Non Possession > Shot Clock Violation,23,2026-01-03,UW-Oshkosh Titans,offense,Aiden Hawkinson,clips before/after (no clock),True,9,13.2,coach checked,0.99
2026-01-03|23|20 Vitorio Dante > Non Possession > Shot Clock Violation,23,2026-01-03,UW-Oshkosh Titans,offense,Jonah Rindfleisch,clips before/after (no clock),True,11,6.5,best guess,0.46
2026-01-03|23|20 Vitorio Dante > Non Possession > Shot Clock Violation,23,2026-01-03,UW-Oshkosh Titans,offense,Matt Imig,clips before/after (no clock),True,2;30,10.5,coach checked;followed player,0.99
2026-01-03|23|20 Vitorio Dante > Non Possession > Shot Clock Violation,23,2026-01-03,UW-Oshkosh Titans,offense,Oskar Kangas,clips before/after (no clock),True,6,7.0,coach checked,0.46
2026-01-03|23|20 Vitorio Dante > Non Possession > Shot Clock Violation,23,2026-01-03,UW-Oshkosh Titans,offense,Vitorio Dante,clips before/after (no clock),True,19,11.2,coach checked,0.99
2026-01-03|23|20 Vitorio Dante > Non Possession > Shot Clock Violation,23,2026-01-03,UW-Whitewater,defense,Brock Marino,clips before/after (no clock),True,23,8.5,coach checked,0.99
2026-01-03|23|20 Vitorio Dante > Non Possession > Shot Clock Violation,23,2026-01-03,UW-Whitewater,defense,Collin Madson,clips before/after (no clock),True,10;22;33,6.0,best guess;coach checked,0.99
2026-01-03|23|20 Vitorio Dante > Non Possession > Shot Clock Violation,23,2026-01-03,UW-Whitewater,defense,Darius Chestnut,clips before/after (no clock),True,18;36,11.0,coach checked;followed player,0.99
2026-01-03|23|20 Vitorio Dante > Non Possession > Shot Clock Violation,23,2026-01-03,UW-Whitewater,defense,Luke Bara,clips before/after (no clock),True,12;32,9.2,best guess,0.46
2026-01-03|23|20 Vitorio Dante > Non Possession > Shot Clock Violation,23,2026-01-03,UW-Whitewater,defense,Richie Warren,clips before/after (no clock),True,16;26,10.5,best guess,0.46
2026-01-03|24|32 Luke Bara > Non Possession > No Violation,24,2026-01-03,UW-Whitewater,offense,Brock Marino,clips before/after (no clock),False,,0.0,not located,
2026-01-03|24|32 Luke Bara > Non Possession > No Violation,24,2026-01-03,UW-Whitewater,offense,Collin Madson,clips before/after (no clock),False,,0.0,not located,
2026-01-03|24|32 Luke Bara > Non Possession > No Violation,24,2026-01-03,UW-Whitewater,offense,Darius Chestnut,clips before/after (no clock),False,,0.0,not located,
2026-01-03|24|32 Luke Bara > Non Possession > No Violation,24,2026-01-03,UW-Whitewater,offense,Luke Bara,clips before/after (no clock),False,,0.0,not located,
2026-01-03|24|32 Luke Bara > Non Possession > No Violation,24,2026-01-03,UW-Whitewater,offense,Richie Warren,clips before/after (no clock),False,,0.0,not located,
2026-01-03|24|32 Luke Bara > Non Possession > No Violation,24,2026-01-03,UW-Oshkosh Titans,defense,Aiden Hawkinson,clips before/after (no clock),False,,0.0,not located,
2026-01-03|24|32 Luke Bara > Non Possession > No Violation,24,2026-01-03,UW-Oshkosh Titans,defense,Jonah Rindfleisch,clips before/after (no clock),False,,0.0,not located,
2026-01-03|24|32 Luke Bara > Non Possession > No Violation,24,2026-01-03,UW-Oshkosh Titans,defense,Matt Imig,clips before/after (no clock),False,,0.0,not located,
2026-01-03|24|32 Luke Bara > Non Possession > No Violation,24,2026-01-03,UW-Oshkosh Titans,defense,Oskar Kangas,clips before/after (no clock),False,,0.0,not located,
2026-01-03|24|32 Luke Bara > Non Possession > No Violation,24,2026-01-03,UW-Oshkosh Titans,defense,Vitorio Dante,clips before/after (no clock),False,,0.0,not located,
2026-01-03|25|21 Brock Marino > Post-Up > Flash Middle > Post Pin > Dribble Move > To Basket > Miss 2 Pts,25,2026-01-03,UW-Whitewater,offense,Brock Marino,play-by-play,False,,0.0,not located,
2026-01-03|25|21 Brock Marino > Post-Up > Flash Middle > Post Pin > Dribble Move > To Basket > Miss 2 Pts,25,2026-01-03,UW-Whitewater,offense,Collin Madson,play-by-play,False,,0.0,not located,
2026-01-03|25|21 Brock Marino > Post-Up > Flash Middle > Post Pin > Dribble Move > To Basket > Miss 2 Pts,25,2026-01-03,UW-Whitewater,offense,Darius Chestnut,play-by-play,False,,0.0,not located,
2026-01-03|25|21 Brock Marino > Post-Up > Flash Middle > Post Pin > Dribble Move > To Basket > Miss 2 Pts,25,2026-01-03,UW-Whitewater,offense,Luke Bara,play-by-play,False,,0.0,not located,
2026-01-03|25|21 Brock Marino > Post-Up > Flash Middle > Post Pin > Dribble Move > To Basket > Miss 2 Pts,25,2026-01-03,UW-Whitewater,offense,Richie Warren,play-by-play,False,,0.0,not located,
2026-01-03|25|21 Brock Marino > Post-Up > Flash Middle > Post Pin > Dribble Move > To Basket > Miss 2 Pts,25,2026-01-03,UW-Oshkosh Titans,defense,Aiden Hawkinson,play-by-play,False,,0.0,not located,
2026-01-03|25|21 Brock Marino > Post-Up > Flash Middle > Post Pin > Dribble Move > To Basket > Miss 2 Pts,25,2026-01-03,UW-Oshkosh Titans,defense,Jonah Rindfleisch,play-by-play,False,,0.0,not located,
2026-01-03|25|21 Brock Marino > Post-Up > Flash Middle > Post Pin > Dribble Move > To Basket > Miss 2 Pts,25,2026-01-03,UW-Oshkosh Titans,defense,Matt Imig,play-by-play,False,,0.0,not located,
2026-01-03|25|21 Brock Marino > Post-Up > Flash Middle > Post Pin > Dribble Move > To Basket > Miss 2 Pts,25,2026-01-03,UW-Oshkosh Titans,defense,Oskar Kangas,play-by-play,False,,0.0,not located,
2026-01-03|25|21 Brock Marino > Post-Up > Flash Middle > Post Pin > Dribble Move > To Basket > Miss 2 Pts,25,2026-01-03,UW-Oshkosh Titans,defense,Vitorio Dante,play-by-play,False,,0.0,not located,
2026-01-03|26|23 Oskar Kangas > P&R Ball Handler > High P&R > Dribble Off Pick > Defense Commits > Ball Delivered > 5 Matt Imig > Spot-Up > No Dribble Jumper > Guarded > Long/3pt > Make 3 Pts,26,2026-01-03,UW-Oshkosh Titans,offense,Aiden Hawkinson,play-by-play,False,,0.0,not located,
2026-01-03|26|23 Oskar Kangas > P&R Ball Handler > High P&R > Dribble Off Pick > Defense Commits > Ball Delivered > 5 Matt Imig > Spot-Up > No Dribble Jumper > Guarded > Long/3pt > Make 3 Pts,26,2026-01-03,UW-Oshkosh Titans,offense,Jonah Rindfleisch,play-by-play,False,,0.0,not located,
2026-01-03|26|23 Oskar Kangas > P&R Ball Handler > High P&R > Dribble Off Pick > Defense Commits > Ball Delivered > 5 Matt Imig > Spot-Up > No Dribble Jumper > Guarded > Long/3pt > Make 3 Pts,26,2026-01-03,UW-Oshkosh Titans,offense,Matt Imig,play-by-play,True,25,1.2,coach checked,0.99
2026-01-03|26|23 Oskar Kangas > P&R Ball Handler > High P&R > Dribble Off Pick > Defense Commits > Ball Delivered > 5 Matt Imig > Spot-Up > No Dribble Jumper > Guarded > Long/3pt > Make 3 Pts,26,2026-01-03,UW-Oshkosh Titans,offense,Oskar Kangas,play-by-play,False,,0.0,not located,
2026-01-03|26|23 Oskar Kangas > P&R Ball Handler > High P&R > Dribble Off Pick > Defense Commits > Ball Delivered > 5 Matt Imig > Spot-Up > No Dribble Jumper > Guarded > Long/3pt > Make 3 Pts,26,2026-01-03,UW-Oshkosh Titans,offense,Vitorio Dante,play-by-play,False,,0.0,not located,
2026-01-03|26|23 Oskar Kangas > P&R Ball Handler > High P&R > Dribble Off Pick > Defense Commits > Ball Delivered > 5 Matt Imig > Spot-Up > No Dribble Jumper > Guarded > Long/3pt > Make 3 Pts,26,2026-01-03,UW-Whitewater,defense,Brock Marino,play-by-play,True,10,11.2,coach checked,0.99
2026-01-03|26|23 Oskar Kangas > P&R Ball Handler > High P&R > Dribble Off Pick > Defense Commits > Ball Delivered > 5 Matt Imig > Spot-Up > No Dribble Jumper > Guarded > Long/3pt > Make 3 Pts,26,2026-01-03,UW-Whitewater,defense,Collin Madson,play-by-play,True,15,14.8,coach checked,0.99
2026-01-03|26|23 Oskar Kangas > P&R Ball Handler > High P&R > Dribble Off Pick > Defense Commits > Ball Delivered > 5 Matt Imig > Spot-Up > No Dribble Jumper > Guarded > Long/3pt > Make 3 Pts,26,2026-01-03,UW-Whitewater,defense,Darius Chestnut,play-by-play,True,5;19,12.5,best guess,0.92
2026-01-03|26|23 Oskar Kangas > P&R Ball Handler > High P&R > Dribble Off Pick > Defense Commits > Ball Delivered > 5 Matt Imig > Spot-Up > No Dribble Jumper > Guarded > Long/3pt > Make 3 Pts,26,2026-01-03,UW-Whitewater,defense,Luke Bara,play-by-play,True,2;36;40,11.2,best guess;coach checked,0.99
2026-01-03|26|23 Oskar Kangas > P&R Ball Handler > High P&R > Dribble Off Pick > Defense Commits > Ball Delivered > 5 Matt Imig > Spot-Up > No Dribble Jumper > Guarded > Long/3pt > Make 3 Pts,26,2026-01-03,UW-Whitewater,defense,Richie Warren,play-by-play,True,9;31,11.2,best guess;coach checked,0.99
2026-01-03|27|15 Collin Madson > Post-Up > Left Block > Right Shoulder > Dribble Move > To Basket > Miss 2 Pts,27,2026-01-03,UW-Whitewater,offense,Brock Marino,play-by-play,False,,0.0,not located,
2026-01-03|27|15 Collin Madson > Post-Up > Left Block > Right Shoulder > Dribble Move > To Basket > Miss 2 Pts,27,2026-01-03,UW-Whitewater,offense,Collin Madson,play-by-play,False,,0.0,not located,
2026-01-03|27|15 Collin Madson > Post-Up > Left Block > Right Shoulder > Dribble Move > To Basket > Miss 2 Pts,27,2026-01-03,UW-Whitewater,offense,Darius Chestnut,play-by-play,False,,0.0,not located,
2026-01-03|27|15 Collin Madson > Post-Up > Left Block > Right Shoulder > Dribble Move > To Basket > Miss 2 Pts,27,2026-01-03,UW-Whitewater,offense,Luke Bara,play-by-play,False,,0.0,not located,
2026-01-03|27|15 Collin Madson > Post-Up > Left Block > Right Shoulder > Dribble Move > To Basket > Miss 2 Pts,27,2026-01-03,UW-Whitewater,offense,Richie Warren,play-by-play,False,,0.0,not located,
2026-01-03|27|15 Collin Madson > Post-Up > Left Block > Right Shoulder > Dribble Move > To Basket > Miss 2 Pts,27,2026-01-03,UW-Oshkosh Titans,defense,Aiden Hawkinson,play-by-play,False,,0.0,not located,
2026-01-03|27|15 Collin Madson > Post-Up > Left Block > Right Shoulder > Dribble Move > To Basket > Miss 2 Pts,27,2026-01-03,UW-Oshkosh Titans,defense,Jonah Rindfleisch,play-by-play,False,,0.0,not located,
2026-01-03|27|15 Collin Madson > Post-Up > Left Block > Right Shoulder > Dribble Move > To Basket > Miss 2 Pts,27,2026-01-03,UW-Oshkosh Titans,defense,Matt Imig,play-by-play,False,,0.0,not located,
2026-01-03|27|15 Collin Madson > Post-Up > Left Block > Right Shoulder > Dribble Move > To Basket > Miss 2 Pts,27,2026-01-03,UW-Oshkosh Titans,defense,Oskar Kangas,play-by-play,False,,0.0,not located,
2026-01-03|27|15 Collin Madson > Post-Up > Left Block > Right Shoulder > Dribble Move > To Basket > Miss 2 Pts,27,2026-01-03,UW-Oshkosh Titans,defense,Vitorio Dante,play-by-play,False,,0.0,not located,
2026-01-03|28|5 Matt Imig > Transition > Left Wing > No Dribble Jumper > Open > Long/3pt > Make 3 Pts,28,2026-01-03,UW-Oshkosh Titans,offense,Aiden Hawkinson,play-by-play,True,10;25,3.5,best guess,0.46
2026-01-03|28|5 Matt Imig > Transition > Left Wing > No Dribble Jumper > Open > Long/3pt > Make 3 Pts,28,2026-01-03,UW-Oshkosh Titans,offense,Jonah Rindfleisch,play-by-play,True,8,5.8,linked possession,0.95
2026-01-03|28|5 Matt Imig > Transition > Left Wing > No Dribble Jumper > Open > Long/3pt > Make 3 Pts,28,2026-01-03,UW-Oshkosh Titans,offense,Matt Imig,play-by-play,True,0,3.5,linked possession,0.95
2026-01-03|28|5 Matt Imig > Transition > Left Wing > No Dribble Jumper > Open > Long/3pt > Make 3 Pts,28,2026-01-03,UW-Oshkosh Titans,offense,Oskar Kangas,play-by-play,True,3,5.2,coach checked,0.99
2026-01-03|28|5 Matt Imig > Transition > Left Wing > No Dribble Jumper > Open > Long/3pt > Make 3 Pts,28,2026-01-03,UW-Oshkosh Titans,offense,Vitorio Dante,play-by-play,True,13;27,3.2,best guess,0.46
2026-01-03|28|5 Matt Imig > Transition > Left Wing > No Dribble Jumper > Open > Long/3pt > Make 3 Pts,28,2026-01-03,UW-Whitewater,defense,Brock Marino,play-by-play,True,4;28,3.8,best guess,0.31
2026-01-03|28|5 Matt Imig > Transition > Left Wing > No Dribble Jumper > Open > Long/3pt > Make 3 Pts,28,2026-01-03,UW-Whitewater,defense,Collin Madson,play-by-play,True,7,4.2,linked possession,0.95
2026-01-03|28|5 Matt Imig > Transition > Left Wing > No Dribble Jumper > Open > Long/3pt > Make 3 Pts,28,2026-01-03,UW-Whitewater,defense,Darius Chestnut,play-by-play,True,2,4.5,best guess,0.31
2026-01-03|28|5 Matt Imig > Transition > Left Wing > No Dribble Jumper > Open > Long/3pt > Make 3 Pts,28,2026-01-03,UW-Whitewater,defense,Luke Bara,play-by-play,True,5;19;29,4.0,best guess,0.31
2026-01-03|28|5 Matt Imig > Transition > Left Wing > No Dribble Jumper > Open > Long/3pt > Make 3 Pts,28,2026-01-03,UW-Whitewater,defense,Richie Warren,play-by-play,True,1,5.0,coach checked,0.95
2026-01-03|29|32 Luke Bara > No Play Type > Turnover,29,2026-01-03,UW-Whitewater,offense,Brock Marino,play-by-play,True,13;33,6.8,coach checked;followed player,0.99
2026-01-03|29|32 Luke Bara > No Play Type > Turnover,29,2026-01-03,UW-Whitewater,offense,Collin Madson,play-by-play,True,1;25,19.5,best guess;coach checked,0.95
2026-01-03|29|32 Luke Bara > No Play Type > Turnover,29,2026-01-03,UW-Whitewater,offense,Darius Chestnut,play-by-play,True,10;16;27,21.8,best guess;coach checked,0.99
2026-01-03|29|32 Luke Bara > No Play Type > Turnover,29,2026-01-03,UW-Whitewater,offense,Luke Bara,play-by-play,True,20;36,15.5,best guess,0.92
2026-01-03|29|32 Luke Bara > No Play Type > Turnover,29,2026-01-03,UW-Whitewater,offense,Richie Warren,play-by-play,True,19;30;35,17.2,coach checked;followed player;linked possession,0.99
2026-01-03|29|32 Luke Bara > No Play Type > Turnover,29,2026-01-03,UW-Oshkosh Titans,defense,Aiden Hawkinson,play-by-play,True,6;22;29,7.2,best guess;coach checked,0.99
2026-01-03|29|32 Luke Bara > No Play Type > Turnover,29,2026-01-03,UW-Oshkosh Titans,defense,Jonah Rindfleisch,play-by-play,True,5;28,7.8,coach checked;followed player,0.95
2026-01-03|29|32 Luke Bara > No Play Type > Turnover,29,2026-01-03,UW-Oshkosh Titans,defense,Matt Imig,play-by-play,True,11,3.0,coach checked,0.95
2026-01-03|29|32 Luke Bara > No Play Type > Turnover,29,2026-01-03,UW-Oshkosh Titans,defense,Oskar Kangas,play-by-play,True,9;24;32,9.0,best guess;coach checked;followed player,0.99
2026-01-03|29|32 Luke Bara > No Play Type > Turnover,29,2026-01-03,UW-Oshkosh Titans,defense,Vitorio Dante,play-by-play,True,12,19.5,best guess,0.92
2026-01-03|30|2 Joey LaChapell > P&R Ball Handler > High P&R > Dribble Off Pick > Defense Commits > Ball Delivered > 0 Brandon Beck > Spot-Up > No Dribble Jumper > Open > Long/3pt > Make 3 Pts,30,2026-01-03,UW-Oshkosh Titans,offense,Brandon Beck,play-by-play,True,0;28;30,7.2,best guess;coach checked,0.95
2026-01-03|30|2 Joey LaChapell > P&R Ball Handler > High P&R > Dribble Off Pick > Defense Commits > Ball Delivered > 0 Brandon Beck > Spot-Up > No Dribble Jumper > Open > Long/3pt > Make 3 Pts,30,2026-01-03,UW-Oshkosh Titans,offense,Carter Thomas,play-by-play,True,5,12.0,elimination,0.6
2026-01-03|30|2 Joey LaChapell > P&R Ball Handler > High P&R > Dribble Off Pick > Defense Commits > Ball Delivered > 0 Brandon Beck > Spot-Up > No Dribble Jumper > Open > Long/3pt > Make 3 Pts,30,2026-01-03,UW-Oshkosh Titans,offense,Joey LaChapell,play-by-play,True,6,9.8,coach checked,0.95
2026-01-03|30|2 Joey LaChapell > P&R Ball Handler > High P&R > Dribble Off Pick > Defense Commits > Ball Delivered > 0 Brandon Beck > Spot-Up > No Dribble Jumper > Open > Long/3pt > Make 3 Pts,30,2026-01-03,UW-Oshkosh Titans,offense,Michael Metcalf-Grassman,play-by-play,True,7;36,4.5,best guess;coach checked,0.95
2026-01-03|30|2 Joey LaChapell > P&R Ball Handler > High P&R > Dribble Off Pick > Defense Commits > Ball Delivered > 0 Brandon Beck > Spot-Up > No Dribble Jumper > Open > Long/3pt > Make 3 Pts,30,2026-01-03,UW-Oshkosh Titans,offense,Nate Nazos,play-by-play,True,12;23;32,6.8,best guess;coach checked;followed player,0.95
2026-01-03|30|2 Joey LaChapell > P&R Ball Handler > High P&R > Dribble Off Pick > Defense Commits > Ball Delivered > 0 Brandon Beck > Spot-Up > No Dribble Jumper > Open > Long/3pt > Make 3 Pts,30,2026-01-03,UW-Whitewater,defense,Brock Marino,play-by-play,True,1;16;27;34,10.2,best guess,0.31
2026-01-03|30|2 Joey LaChapell > P&R Ball Handler > High P&R > Dribble Off Pick > Defense Commits > Ball Delivered > 0 Brandon Beck > Spot-Up > No Dribble Jumper > Open > Long/3pt > Make 3 Pts,30,2026-01-03,UW-Whitewater,defense,Collin Madson,play-by-play,True,11;24,6.5,best guess,0.31
2026-01-03|30|2 Joey LaChapell > P&R Ball Handler > High P&R > Dribble Off Pick > Defense Commits > Ball Delivered > 0 Brandon Beck > Spot-Up > No Dribble Jumper > Open > Long/3pt > Make 3 Pts,30,2026-01-03,UW-Whitewater,defense,Darius Chestnut,play-by-play,True,15,12.5,coach checked,0.95
2026-01-03|30|2 Joey LaChapell > P&R Ball Handler > High P&R > Dribble Off Pick > Defense Commits > Ball Delivered > 0 Brandon Beck > Spot-Up > No Dribble Jumper > Open > Long/3pt > Make 3 Pts,30,2026-01-03,UW-Whitewater,defense,Luke Bara,play-by-play,True,14,9.0,best guess,0.31
2026-01-03|30|2 Joey LaChapell > P&R Ball Handler > High P&R > Dribble Off Pick > Defense Commits > Ball Delivered > 0 Brandon Beck > Spot-Up > No Dribble Jumper > Open > Long/3pt > Make 3 Pts,30,2026-01-03,UW-Whitewater,defense,Richie Warren,play-by-play,True,8;29,8.8,coach checked;followed player,0.95
2026-01-03|33|5 Matt Imig > P&R Ball Handler > High P&R > Dribble Off Pick > Defense Commits > Ball Delivered > 13 Logan Rindfleisch > Spot-Up > No Dribble Jumper > Guarded > Long/3pt > Make 3 Pts,33,2026-01-03,UW-Oshkosh Titans,offense,Aiden Hawkinson,play-by-play,False,,0.0,not located,
2026-01-03|33|5 Matt Imig > P&R Ball Handler > High P&R > Dribble Off Pick > Defense Commits > Ball Delivered > 13 Logan Rindfleisch > Spot-Up > No Dribble Jumper > Guarded > Long/3pt > Make 3 Pts,33,2026-01-03,UW-Oshkosh Titans,offense,Jonah Rindfleisch,play-by-play,False,,0.0,not located,
2026-01-03|33|5 Matt Imig > P&R Ball Handler > High P&R > Dribble Off Pick > Defense Commits > Ball Delivered > 13 Logan Rindfleisch > Spot-Up > No Dribble Jumper > Guarded > Long/3pt > Make 3 Pts,33,2026-01-03,UW-Oshkosh Titans,offense,Logan Rindfleisch,play-by-play,False,,0.0,not located,
2026-01-03|33|5 Matt Imig > P&R Ball Handler > High P&R > Dribble Off Pick > Defense Commits > Ball Delivered > 13 Logan Rindfleisch > Spot-Up > No Dribble Jumper > Guarded > Long/3pt > Make 3 Pts,33,2026-01-03,UW-Oshkosh Titans,offense,Matt Imig,play-by-play,False,,0.0,not located,
2026-01-03|33|5 Matt Imig > P&R Ball Handler > High P&R > Dribble Off Pick > Defense Commits > Ball Delivered > 13 Logan Rindfleisch > Spot-Up > No Dribble Jumper > Guarded > Long/3pt > Make 3 Pts,33,2026-01-03,UW-Oshkosh Titans,offense,Oskar Kangas,play-by-play,False,,0.0,not located,
2026-01-03|33|5 Matt Imig > P&R Ball Handler > High P&R > Dribble Off Pick > Defense Commits > Ball Delivered > 13 Logan Rindfleisch > Spot-Up > No Dribble Jumper > Guarded > Long/3pt > Make 3 Pts,33,2026-01-03,UW-Whitewater,defense,Collin Madson,play-by-play,False,,0.0,not located,
2026-01-03|33|5 Matt Imig > P&R Ball Handler > High P&R > Dribble Off Pick > Defense Commits > Ball Delivered > 13 Logan Rindfleisch > Spot-Up > No Dribble Jumper > Guarded > Long/3pt > Make 3 Pts,33,2026-01-03,UW-Whitewater,defense,Darius Chestnut,play-by-play,False,,0.0,not located,
2026-01-03|33|5 Matt Imig > P&R Ball Handler > High P&R > Dribble Off Pick > Defense Commits > Ball Delivered > 13 Logan Rindfleisch > Spot-Up > No Dribble Jumper > Guarded > Long/3pt > Make 3 Pts,33,2026-01-03,UW-Whitewater,defense,JR Lukenbill,play-by-play,False,,0.0,not located,
2026-01-03|33|5 Matt Imig > P&R Ball Handler > High P&R > Dribble Off Pick > Defense Commits > Ball Delivered > 13 Logan Rindfleisch > Spot-Up > No Dribble Jumper > Guarded > Long/3pt > Make 3 Pts,33,2026-01-03,UW-Whitewater,defense,Jake Quast,play-by-play,False,,0.0,not located,
2026-01-03|33|5 Matt Imig > P&R Ball Handler > High P&R > Dribble Off Pick > Defense Commits > Ball Delivered > 13 Logan Rindfleisch > Spot-Up > No Dribble Jumper > Guarded > Long/3pt > Make 3 Pts,33,2026-01-03,UW-Whitewater,defense,Joey Berezowitz,play-by-play,False,,0.0,not located,
2026-01-03|34|15 Collin Madson > Transition > Left Wing > To Basket > Miss 2 Pts,34,2026-01-03,UW-Whitewater,offense,Collin Madson,play-by-play,False,,0.0,not located,
2026-01-03|34|15 Collin Madson > Transition > Left Wing > To Basket > Miss 2 Pts,34,2026-01-03,UW-Whitewater,offense,Darius Chestnut,play-by-play,False,,0.0,not located,
2026-01-03|34|15 Collin Madson > Transition > Left Wing > To Basket > Miss 2 Pts,34,2026-01-03,UW-Whitewater,offense,JR Lukenbill,play-by-play,False,,0.0,not located,
2026-01-03|34|15 Collin Madson > Transition > Left Wing > To Basket > Miss 2 Pts,34,2026-01-03,UW-Whitewater,offense,Jake Quast,play-by-play,False,,0.0,not located,
2026-01-03|34|15 Collin Madson > Transition > Left Wing > To Basket > Miss 2 Pts,34,2026-01-03,UW-Whitewater,offense,Joey Berezowitz,play-by-play,False,,0.0,not located,
2026-01-03|34|15 Collin Madson > Transition > Left Wing > To Basket > Miss 2 Pts,34,2026-01-03,UW-Oshkosh Titans,defense,Aiden Hawkinson,play-by-play,False,,0.0,not located,
2026-01-03|34|15 Collin Madson > Transition > Left Wing > To Basket > Miss 2 Pts,34,2026-01-03,UW-Oshkosh Titans,defense,Jonah Rindfleisch,play-by-play,False,,0.0,not located,
2026-01-03|34|15 Collin Madson > Transition > Left Wing > To Basket > Miss 2 Pts,34,2026-01-03,UW-Oshkosh Titans,defense,Logan Rindfleisch,play-by-play,False,,0.0,not located,
2026-01-03|34|15 Collin Madson > Transition > Left Wing > To Basket > Miss 2 Pts,34,2026-01-03,UW-Oshkosh Titans,defense,Matt Imig,play-by-play,False,,0.0,not located,
2026-01-03|34|15 Collin Madson > Transition > Left Wing > To Basket > Miss 2 Pts,34,2026-01-03,UW-Oshkosh Titans,defense,Oskar Kangas,play-by-play,False,,0.0,not located,
2026-01-03|35|12 Jake Quast > Cut > Basket > Miss 2 Pts,35,2026-01-03,UW-Whitewater,offense,Collin Madson,play-by-play,True,9;13;24,8.0,best guess,0.31
2026-01-03|35|12 Jake Quast > Cut > Basket > Miss 2 Pts,35,2026-01-03,UW-Whitewater,offense,Darius Chestnut,play-by-play,True,4;16,11.5,coach checked,0.99
2026-01-03|35|12 Jake Quast > Cut > Basket > Miss 2 Pts,35,2026-01-03,UW-Whitewater,offense,JR Lukenbill,play-by-play,True,1;29,10.5,coach checked;followed player,0.99
2026-01-03|35|12 Jake Quast > Cut > Basket > Miss 2 Pts,35,2026-01-03,UW-Whitewater,offense,Jake Quast,play-by-play,True,17,6.2,best guess,0.31
2026-01-03|35|12 Jake Quast > Cut > Basket > Miss 2 Pts,35,2026-01-03,UW-Whitewater,offense,Joey Berezowitz,play-by-play,True,7;20,7.2,best guess,0.31
2026-01-03|35|12 Jake Quast > Cut > Basket > Miss 2 Pts,35,2026-01-03,UW-Oshkosh Titans,defense,Brandon Beck,play-by-play,False,,0.0,not located,
2026-01-03|35|12 Jake Quast > Cut > Basket > Miss 2 Pts,35,2026-01-03,UW-Oshkosh Titans,defense,Carter Thomas,play-by-play,False,,0.0,not located,
2026-01-03|35|12 Jake Quast > Cut > Basket > Miss 2 Pts,35,2026-01-03,UW-Oshkosh Titans,defense,Joey LaChapell,play-by-play,True,8;19,7.2,coach checked;followed player,0.99
2026-01-03|35|12 Jake Quast > Cut > Basket > Miss 2 Pts,35,2026-01-03,UW-Oshkosh Titans,defense,Michael Metcalf-Grassman,play-by-play,False,,0.0,not located,
2026-01-03|35|12 Jake Quast > Cut > Basket > Miss 2 Pts,35,2026-01-03,UW-Oshkosh Titans,defense,Nate Nazos,play-by-play,False,,0.0,not located,
2026-01-03|36|21 Carter Thomas > Transition > Trailer > No Dribble Jumper > Guarded > Long/3pt > Make 3 Pts,36,2026-01-03,UW-Oshkosh Titans,offense,Brandon Beck,play-by-play,True,16,4.2,best guess,0.31
2026-01-03|36|21 Carter Thomas > Transition > Trailer > No Dribble Jumper > Guarded > Long/3pt > Make 3 Pts,36,2026-01-03,UW-Oshkosh Titans,offense,Carter Thomas,play-by-play,True,12,3.5,best guess,0.31
2026-01-03|36|21 Carter Thomas > Transition > Trailer > No Dribble Jumper > Guarded > Long/3pt > Make 3 Pts,36,2026-01-03,UW-Oshkosh Titans,offense,Joey LaChapell,play-by-play,True,5;27,4.0,coach checked;followed player,0.99
2026-01-03|36|21 Carter Thomas > Transition > Trailer > No Dribble Jumper > Guarded > Long/3pt > Make 3 Pts,36,2026-01-03,UW-Oshkosh Titans,offense,Michael Metcalf-Grassman,play-by-play,True,2;24,5.5,best guess,0.31
2026-01-03|36|21 Carter Thomas > Transition > Trailer > No Dribble Jumper > Guarded > Long/3pt > Make 3 Pts,36,2026-01-03,UW-Oshkosh Titans,offense,Nate Nazos,play-by-play,True,19,3.8,coach checked,0.99
2026-01-03|36|21 Carter Thomas > Transition > Trailer > No Dribble Jumper > Guarded > Long/3pt > Make 3 Pts,36,2026-01-03,UW-Whitewater,defense,Collin Madson,play-by-play,True,6,3.2,coach checked,0.99
2026-01-03|36|21 Carter Thomas > Transition > Trailer > No Dribble Jumper > Guarded > Long/3pt > Make 3 Pts,36,2026-01-03,UW-Whitewater,defense,Darius Chestnut,play-by-play,True,10,5.2,coach checked,0.99
2026-01-03|36|21 Carter Thomas > Transition > Trailer > No Dribble Jumper > Guarded > Long/3pt > Make 3 Pts,36,2026-01-03,UW-Whitewater,defense,JR Lukenbill,play-by-play,True,14,6.8,coach checked,0.99
2026-01-03|36|21 Carter Thomas > Transition > Trailer > No Dribble Jumper > Guarded > Long/3pt > Make 3 Pts,36,2026-01-03,UW-Whitewater,defense,Jake Quast,play-by-play,True,4,6.0,best guess,0.92
2026-01-03|36|21 Carter Thomas > Transition > Trailer > No Dribble Jumper > Guarded > Long/3pt > Make 3 Pts,36,2026-01-03,UW-Whitewater,defense,Joey Berezowitz,play-by-play,True,13;21,5.2,best guess;coach checked,0.99
2026-01-03|37|10 Darius Chestnut > Spot-Up > No Dribble Jumper > Guarded > Long/3pt > Make 3 Pts,37,2026-01-03,UW-Whitewater,offense,Collin Madson,play-by-play,True,5;36,9.0,best guess,0.92
2026-01-03|37|10 Darius Chestnut > Spot-Up > No Dribble Jumper > Guarded > Long/3pt > Make 3 Pts,37,2026-01-03,UW-Whitewater,offense,Darius Chestnut,play-by-play,True,11;28,11.0,best guess;coach checked,0.99
2026-01-03|37|10 Darius Chestnut > Spot-Up > No Dribble Jumper > Guarded > Long/3pt > Make 3 Pts,37,2026-01-03,UW-Whitewater,offense,JR Lukenbill,play-by-play,True,15;18;21;25,11.0,best guess;coach checked;followed player,0.99
2026-01-03|37|10 Darius Chestnut > Spot-Up > No Dribble Jumper > Guarded > Long/3pt > Make 3 Pts,37,2026-01-03,UW-Whitewater,offense,Jake Quast,play-by-play,True,8;33,11.5,best guess;coach checked,0.99
2026-01-03|37|10 Darius Chestnut > Spot-Up > No Dribble Jumper > Guarded > Long/3pt > Make 3 Pts,37,2026-01-03,UW-Whitewater,offense,Joey Berezowitz,play-by-play,True,19;39,11.0,coach checked;followed player,0.99
2026-01-03|37|10 Darius Chestnut > Spot-Up > No Dribble Jumper > Guarded > Long/3pt > Make 3 Pts,37,2026-01-03,UW-Oshkosh Titans,defense,Brandon Beck,play-by-play,True,7,16.0,best guess,0.31
2026-01-03|37|10 Darius Chestnut > Spot-Up > No Dribble Jumper > Guarded > Long/3pt > Make 3 Pts,37,2026-01-03,UW-Oshkosh Titans,defense,Carter Thomas,play-by-play,True,2;31,12.0,coach checked;followed player,0.99
2026-01-03|37|10 Darius Chestnut > Spot-Up > No Dribble Jumper > Guarded > Long/3pt > Make 3 Pts,37,2026-01-03,UW-Oshkosh Titans,defense,Joey LaChapell,play-by-play,True,14,5.8,best guess,0.31
2026-01-03|37|10 Darius Chestnut > Spot-Up > No Dribble Jumper > Guarded > Long/3pt > Make 3 Pts,37,2026-01-03,UW-Oshkosh Titans,defense,Michael Metcalf-Grassman,play-by-play,True,1;16,4.2,best guess,0.31
2026-01-03|37|10 Darius Chestnut > Spot-Up > No Dribble Jumper > Guarded > Long/3pt > Make 3 Pts,37,2026-01-03,UW-Oshkosh Titans,defense,Nate Nazos,play-by-play,True,4,5.0,coach checked,0.99
2026-01-03|38|4 Michael Metcalf-Grassman > Off Screen > To Shooter's Right > Straight > No Dribble Jumper > Open > Long/3pt > Miss 3 Pts,38,2026-01-03,UW-Oshkosh Titans,offense,Brandon Beck,play-by-play,False,,0.0,not located,
2026-01-03|38|4 Michael Metcalf-Grassman > Off Screen > To Shooter's Right > Straight > No Dribble Jumper > Open > Long/3pt > Miss 3 Pts,38,2026-01-03,UW-Oshkosh Titans,offense,Carter Thomas,play-by-play,False,,0.0,not located,
2026-01-03|38|4 Michael Metcalf-Grassman > Off Screen > To Shooter's Right > Straight > No Dribble Jumper > Open > Long/3pt > Miss 3 Pts,38,2026-01-03,UW-Oshkosh Titans,offense,Joey LaChapell,play-by-play,False,,0.0,not located,
2026-01-03|38|4 Michael Metcalf-Grassman > Off Screen > To Shooter's Right > Straight > No Dribble Jumper > Open > Long/3pt > Miss 3 Pts,38,2026-01-03,UW-Oshkosh Titans,offense,Michael Metcalf-Grassman,play-by-play,False,,0.0,not located,
2026-01-03|38|4 Michael Metcalf-Grassman > Off Screen > To Shooter's Right > Straight > No Dribble Jumper > Open > Long/3pt > Miss 3 Pts,38,2026-01-03,UW-Oshkosh Titans,offense,Nate Nazos,play-by-play,False,,0.0,not located,
2026-01-03|38|4 Michael Metcalf-Grassman > Off Screen > To Shooter's Right > Straight > No Dribble Jumper > Open > Long/3pt > Miss 3 Pts,38,2026-01-03,UW-Whitewater,defense,Collin Madson,play-by-play,False,,0.0,not located,
2026-01-03|38|4 Michael Metcalf-Grassman > Off Screen > To Shooter's Right > Straight > No Dribble Jumper > Open > Long/3pt > Miss 3 Pts,38,2026-01-03,UW-Whitewater,defense,Darius Chestnut,play-by-play,False,,0.0,not located,
2026-01-03|38|4 Michael Metcalf-Grassman > Off Screen > To Shooter's Right > Straight > No Dribble Jumper > Open > Long/3pt > Miss 3 Pts,38,2026-01-03,UW-Whitewater,defense,JR Lukenbill,play-by-play,False,,0.0,not located,
2026-01-03|38|4 Michael Metcalf-Grassman > Off Screen > To Shooter's Right > Straight > No Dribble Jumper > Open > Long/3pt > Miss 3 Pts,38,2026-01-03,UW-Whitewater,defense,Jake Quast,play-by-play,False,,0.0,not located,
2026-01-03|38|4 Michael Metcalf-Grassman > Off Screen > To Shooter's Right > Straight > No Dribble Jumper > Open > Long/3pt > Miss 3 Pts,38,2026-01-03,UW-Whitewater,defense,Joey Berezowitz,play-by-play,False,,0.0,not located,
2026-01-03|39|15 Collin Madson > Transition > Ballhandler > To Basket > Make 2 Pts,39,2026-01-03,UW-Whitewater,offense,Collin Madson,play-by-play,False,,0.0,not located,
2026-01-03|39|15 Collin Madson > Transition > Ballhandler > To Basket > Make 2 Pts,39,2026-01-03,UW-Whitewater,offense,Darius Chestnut,play-by-play,False,,0.0,not located,
2026-01-03|39|15 Collin Madson > Transition > Ballhandler > To Basket > Make 2 Pts,39,2026-01-03,UW-Whitewater,offense,JR Lukenbill,play-by-play,False,,0.0,not located,
2026-01-03|39|15 Collin Madson > Transition > Ballhandler > To Basket > Make 2 Pts,39,2026-01-03,UW-Whitewater,offense,Jake Quast,play-by-play,False,,0.0,not located,
2026-01-03|39|15 Collin Madson > Transition > Ballhandler > To Basket > Make 2 Pts,39,2026-01-03,UW-Whitewater,offense,Joey Berezowitz,play-by-play,False,,0.0,not located,
2026-01-03|39|15 Collin Madson > Transition > Ballhandler > To Basket > Make 2 Pts,39,2026-01-03,UW-Oshkosh Titans,defense,Brandon Beck,play-by-play,False,,0.0,not located,
2026-01-03|39|15 Collin Madson > Transition > Ballhandler > To Basket > Make 2 Pts,39,2026-01-03,UW-Oshkosh Titans,defense,Carter Thomas,play-by-play,False,,0.0,not located,
2026-01-03|39|15 Collin Madson > Transition > Ballhandler > To Basket > Make 2 Pts,39,2026-01-03,UW-Oshkosh Titans,defense,Joey LaChapell,play-by-play,False,,0.0,not located,
2026-01-03|39|15 Collin Madson > Transition > Ballhandler > To Basket > Make 2 Pts,39,2026-01-03,UW-Oshkosh Titans,defense,Michael Metcalf-Grassman,play-by-play,False,,0.0,not located,
2026-01-03|39|15 Collin Madson > Transition > Ballhandler > To Basket > Make 2 Pts,39,2026-01-03,UW-Oshkosh Titans,defense,Nate Nazos,play-by-play,False,,0.0,not located,
2026-01-03|40|21 Carter Thomas > Spot-Up > No Dribble Jumper > Guarded > Long/3pt > Miss 3 Pts,40,2026-01-03,UW-Oshkosh Titans,offense,Brandon Beck,play-by-play,False,,0.0,not located,
2026-01-03|40|21 Carter Thomas > Spot-Up > No Dribble Jumper > Guarded > Long/3pt > Miss 3 Pts,40,2026-01-03,UW-Oshkosh Titans,offense,Carter Thomas,play-by-play,False,,0.0,not located,
2026-01-03|40|21 Carter Thomas > Spot-Up > No Dribble Jumper > Guarded > Long/3pt > Miss 3 Pts,40,2026-01-03,UW-Oshkosh Titans,offense,Joey LaChapell,play-by-play,True,13,16.8,coach checked,0.99
2026-01-03|40|21 Carter Thomas > Spot-Up > No Dribble Jumper > Guarded > Long/3pt > Miss 3 Pts,40,2026-01-03,UW-Oshkosh Titans,offense,Michael Metcalf-Grassman,play-by-play,False,,0.0,not located,
2026-01-03|40|21 Carter Thomas > Spot-Up > No Dribble Jumper > Guarded > Long/3pt > Miss 3 Pts,40,2026-01-03,UW-Oshkosh Titans,offense,Nate Nazos,play-by-play,False,,0.0,not located,
2026-01-03|40|21 Carter Thomas > Spot-Up > No Dribble Jumper > Guarded > Long/3pt > Miss 3 Pts,40,2026-01-03,UW-Whitewater,defense,Collin Madson,play-by-play,True,21,11.8,best guess,0.31
2026-01-03|40|21 Carter Thomas > Spot-Up > No Dribble Jumper > Guarded > Long/3pt > Miss 3 Pts,40,2026-01-03,UW-Whitewater,defense,Darius Chestnut,play-by-play,True,16,9.8,coach checked,0.99
2026-01-03|40|21 Carter Thomas > Spot-Up > No Dribble Jumper > Guarded > Long/3pt > Miss 3 Pts,40,2026-01-03,UW-Whitewater,defense,JR Lukenbill,play-by-play,True,6;32,15.0,best guess,0.31
2026-01-03|40|21 Carter Thomas > Spot-Up > No Dribble Jumper > Guarded > Long/3pt > Miss 3 Pts,40,2026-01-03,UW-Whitewater,defense,Jake Quast,play-by-play,True,20,12.5,coach checked,0.99
2026-01-03|40|21 Carter Thomas > Spot-Up > No Dribble Jumper > Guarded > Long/3pt > Miss 3 Pts,40,2026-01-03,UW-Whitewater,defense,Joey Berezowitz,play-by-play,True,4;41;46;55,15.2,best guess,0.31
2026-01-03|41|15 Collin Madson > Non Possession > No Violation,41,2026-01-03,UW-Whitewater,offense,Collin Madson,clips before/after (no clock),True,16;45;52;54;58,18.0,best guess;coach checked,0.99
2026-01-03|41|15 Collin Madson > Non Possession > No Violation,41,2026-01-03,UW-Whitewater,offense,Darius Chestnut,clips before/after (no clock),True,12;31;57;62,23.2,best guess;coach checked,0.99
2026-01-03|41|15 Collin Madson > Non Possession > No Violation,41,2026-01-03,UW-Whitewater,offense,JR Lukenbill,clips before/after (no clock),True,3;27;29,35.0,best guess;coach checked,0.99
2026-01-03|41|15 Collin Madson > Non Possession > No Violation,41,2026-01-03,UW-Whitewater,offense,Jake Quast,clips before/after (no clock),True,8;17;24;44;65;71,18.8,best guess;coach checked;followed player,0.99
2026-01-03|41|15 Collin Madson > Non Possession > No Violation,41,2026-01-03,UW-Whitewater,offense,Joey Berezowitz,clips before/after (no clock),True,0,26.5,coach checked,0.99
2026-01-03|42|12 Jake Quast > Post-Up > Left Block > Left Shoulder > Dribble Move > Defense Commits > Ball Delivered > 10 Darius Chestnut > Spot-Up > Drives Straight > Dribble Jumper > Medium/17' to <3p > Miss 2 Pts,42,2026-01-03,UW-Whitewater,offense,Collin Madson,play-by-play,False,,0.0,not located,
2026-01-03|42|12 Jake Quast > Post-Up > Left Block > Left Shoulder > Dribble Move > Defense Commits > Ball Delivered > 10 Darius Chestnut > Spot-Up > Drives Straight > Dribble Jumper > Medium/17' to <3p > Miss 2 Pts,42,2026-01-03,UW-Whitewater,offense,Darius Chestnut,play-by-play,False,,0.0,not located,
2026-01-03|42|12 Jake Quast > Post-Up > Left Block > Left Shoulder > Dribble Move > Defense Commits > Ball Delivered > 10 Darius Chestnut > Spot-Up > Drives Straight > Dribble Jumper > Medium/17' to <3p > Miss 2 Pts,42,2026-01-03,UW-Whitewater,offense,JR Lukenbill,play-by-play,False,,0.0,not located,
2026-01-03|42|12 Jake Quast > Post-Up > Left Block > Left Shoulder > Dribble Move > Defense Commits > Ball Delivered > 10 Darius Chestnut > Spot-Up > Drives Straight > Dribble Jumper > Medium/17' to <3p > Miss 2 Pts,42,2026-01-03,UW-Whitewater,offense,Jake Quast,play-by-play,True,6,5.2,Synergy,0.95
2026-01-03|42|12 Jake Quast > Post-Up > Left Block > Left Shoulder > Dribble Move > Defense Commits > Ball Delivered > 10 Darius Chestnut > Spot-Up > Drives Straight > Dribble Jumper > Medium/17' to <3p > Miss 2 Pts,42,2026-01-03,UW-Whitewater,offense,Joey Berezowitz,play-by-play,False,,0.0,not located,
2026-01-03|42|12 Jake Quast > Post-Up > Left Block > Left Shoulder > Dribble Move > Defense Commits > Ball Delivered > 10 Darius Chestnut > Spot-Up > Drives Straight > Dribble Jumper > Medium/17' to <3p > Miss 2 Pts,42,2026-01-03,UW-Oshkosh Titans,defense,Aiden Hawkinson,play-by-play,False,,0.0,not located,
2026-01-03|42|12 Jake Quast > Post-Up > Left Block > Left Shoulder > Dribble Move > Defense Commits > Ball Delivered > 10 Darius Chestnut > Spot-Up > Drives Straight > Dribble Jumper > Medium/17' to <3p > Miss 2 Pts,42,2026-01-03,UW-Oshkosh Titans,defense,Jay Dalton,play-by-play,False,,0.0,not located,
2026-01-03|42|12 Jake Quast > Post-Up > Left Block > Left Shoulder > Dribble Move > Defense Commits > Ball Delivered > 10 Darius Chestnut > Spot-Up > Drives Straight > Dribble Jumper > Medium/17' to <3p > Miss 2 Pts,42,2026-01-03,UW-Oshkosh Titans,defense,Logan Rindfleisch,play-by-play,False,,0.0,not located,
2026-01-03|42|12 Jake Quast > Post-Up > Left Block > Left Shoulder > Dribble Move > Defense Commits > Ball Delivered > 10 Darius Chestnut > Spot-Up > Drives Straight > Dribble Jumper > Medium/17' to <3p > Miss 2 Pts,42,2026-01-03,UW-Oshkosh Titans,defense,Oskar Kangas,play-by-play,False,,0.0,not located,
2026-01-03|42|12 Jake Quast > Post-Up > Left Block > Left Shoulder > Dribble Move > Defense Commits > Ball Delivered > 10 Darius Chestnut > Spot-Up > Drives Straight > Dribble Jumper > Medium/17' to <3p > Miss 2 Pts,42,2026-01-03,UW-Oshkosh Titans,defense,Vitorio Dante,play-by-play,False,,0.0,not located,
2026-01-03|43|13 Logan Rindfleisch > No Play Type > Turnover,43,2026-01-03,UW-Oshkosh Titans,offense,Aiden Hawkinson,play-by-play,True,13;40,12.2,best guess,0.46
2026-01-03|43|13 Logan Rindfleisch > No Play Type > Turnover,43,2026-01-03,UW-Oshkosh Titans,offense,Jay Dalton,play-by-play,True,26;46,8.5,best guess;linked possession,0.95
2026-01-03|43|13 Logan Rindfleisch > No Play Type > Turnover,43,2026-01-03,UW-Oshkosh Titans,offense,Logan Rindfleisch,play-by-play,True,8,17.8,Synergy,0.95
2026-01-03|43|13 Logan Rindfleisch > No Play Type > Turnover,43,2026-01-03,UW-Oshkosh Titans,offense,Oskar Kangas,play-by-play,True,2;39,14.2,best guess,0.46
2026-01-03|43|13 Logan Rindfleisch > No Play Type > Turnover,43,2026-01-03,UW-Oshkosh Titans,offense,Vitorio Dante,play-by-play,True,31,13.2,linked possession,0.95
2026-01-03|43|13 Logan Rindfleisch > No Play Type > Turnover,43,2026-01-03,UW-Whitewater,defense,Collin Madson,play-by-play,False,,0.0,not located,
2026-01-03|43|13 Logan Rindfleisch > No Play Type > Turnover,43,2026-01-03,UW-Whitewater,defense,Darius Chestnut,play-by-play,False,,0.0,not located,
2026-01-03|43|13 Logan Rindfleisch > No Play Type > Turnover,43,2026-01-03,UW-Whitewater,defense,JR Lukenbill,play-by-play,True,37,6.5,linked possession,0.95
2026-01-03|43|13 Logan Rindfleisch > No Play Type > Turnover,43,2026-01-03,UW-Whitewater,defense,Jake Quast,play-by-play,True,44,4.0,best guess,0.31
2026-01-03|43|13 Logan Rindfleisch > No Play Type > Turnover,43,2026-01-03,UW-Whitewater,defense,Joey Berezowitz,play-by-play,True,47,0.8,linked possession,0.95
2026-01-03|44|12 Jake Quast > Transition > Right Wing > Dribble Jumper > Long/3pt > Miss 3 Pts,44,2026-01-03,UW-Whitewater,offense,Collin Madson,play-by-play,True,6;12;16;30,10.8,best guess;coach checked,0.99
2026-01-03|44|12 Jake Quast > Transition > Right Wing > Dribble Jumper > Long/3pt > Miss 3 Pts,44,2026-01-03,UW-Whitewater,offense,Darius Chestnut,play-by-play,True,11;25,10.5,best guess,0.46
2026-01-03|44|12 Jake Quast > Transition > Right Wing > Dribble Jumper > Long/3pt > Miss 3 Pts,44,2026-01-03,UW-Whitewater,offense,JR Lukenbill,play-by-play,True,2;44,12.8,coach checked;followed player,0.95
2026-01-03|44|12 Jake Quast > Transition > Right Wing > Dribble Jumper > Long/3pt > Miss 3 Pts,44,2026-01-03,UW-Whitewater,offense,Jake Quast,play-by-play,True,13;37,6.8,best guess,0.46
2026-01-03|44|12 Jake Quast > Transition > Right Wing > Dribble Jumper > Long/3pt > Miss 3 Pts,44,2026-01-03,UW-Whitewater,offense,Joey Berezowitz,play-by-play,True,4,10.0,coach checked,0.95
2026-01-03|44|12 Jake Quast > Transition > Right Wing > Dribble Jumper > Long/3pt > Miss 3 Pts,44,2026-01-03,UW-Oshkosh Titans,defense,Aiden Hawkinson,play-by-play,True,15,6.2,best guess,0.46
2026-01-03|44|12 Jake Quast > Transition > Right Wing > Dribble Jumper > Long/3pt > Miss 3 Pts,44,2026-01-03,UW-Oshkosh Titans,defense,Jay Dalton,play-by-play,True,1;42,7.8,best guess;coach checked,0.95
2026-01-03|44|12 Jake Quast > Transition > Right Wing > Dribble Jumper > Long/3pt > Miss 3 Pts,44,2026-01-03,UW-Oshkosh Titans,defense,Logan Rindfleisch,play-by-play,True,14;20;29,7.2,best guess,0.46
2026-01-03|44|12 Jake Quast > Transition > Right Wing > Dribble Jumper > Long/3pt > Miss 3 Pts,44,2026-01-03,UW-Oshkosh Titans,defense,Oskar Kangas,play-by-play,True,8;32,9.8,coach checked;followed player,0.99
2026-01-03|44|12 Jake Quast > Transition > Right Wing > Dribble Jumper > Long/3pt > Miss 3 Pts,44,2026-01-03,UW-Oshkosh Titans,defense,Vitorio Dante,play-by-play,True,0;38,10.2,coach checked;followed player,0.95
2026-01-03|45|11 Jr Lukenbill > Spot-Up > No Dribble Jumper > Guarded > Long/3pt > Miss 3 Pts,45,2026-01-03,UW-Whitewater,offense,Collin Madson,play-by-play,False,,0.0,not located,
2026-01-03|45|11 Jr Lukenbill > Spot-Up > No Dribble Jumper > Guarded > Long/3pt > Miss 3 Pts,45,2026-01-03,UW-Whitewater,offense,Darius Chestnut,play-by-play,False,,0.0,not located,
2026-01-03|45|11 Jr Lukenbill > Spot-Up > No Dribble Jumper > Guarded > Long/3pt > Miss 3 Pts,45,2026-01-03,UW-Whitewater,offense,JR Lukenbill,play-by-play,True,0;27,28.0,followed player;linked possession,0.95
2026-01-03|45|11 Jr Lukenbill > Spot-Up > No Dribble Jumper > Guarded > Long/3pt > Miss 3 Pts,45,2026-01-03,UW-Whitewater,offense,Jake Quast,play-by-play,False,,0.0,not located,
2026-01-03|45|11 Jr Lukenbill > Spot-Up > No Dribble Jumper > Guarded > Long/3pt > Miss 3 Pts,45,2026-01-03,UW-Whitewater,offense,Joey Berezowitz,play-by-play,False,,0.0,not located,
2026-01-03|45|11 Jr Lukenbill > Spot-Up > No Dribble Jumper > Guarded > Long/3pt > Miss 3 Pts,45,2026-01-03,UW-Oshkosh Titans,defense,Aiden Hawkinson,play-by-play,False,,0.0,not located,
2026-01-03|45|11 Jr Lukenbill > Spot-Up > No Dribble Jumper > Guarded > Long/3pt > Miss 3 Pts,45,2026-01-03,UW-Oshkosh Titans,defense,Jay Dalton,play-by-play,False,,0.0,not located,
2026-01-03|45|11 Jr Lukenbill > Spot-Up > No Dribble Jumper > Guarded > Long/3pt > Miss 3 Pts,45,2026-01-03,UW-Oshkosh Titans,defense,Logan Rindfleisch,play-by-play,False,,0.0,not located,
2026-01-03|45|11 Jr Lukenbill > Spot-Up > No Dribble Jumper > Guarded > Long/3pt > Miss 3 Pts,45,2026-01-03,UW-Oshkosh Titans,defense,Oskar Kangas,play-by-play,False,,0.0,not located,
2026-01-03|45|11 Jr Lukenbill > Spot-Up > No Dribble Jumper > Guarded > Long/3pt > Miss 3 Pts,45,2026-01-03,UW-Oshkosh Titans,defense,Vitorio Dante,play-by-play,False,,0.0,not located,
2026-01-03|46|2 Joey LaChapell > P&R Ball Handler > High P&R > Dribble Off Pick > Defense Commits > Ball Delivered > 0 Brandon Beck > Spot-Up > Drives Right > To Basket > Miss 2 Pts,46,2026-01-03,UW-Oshkosh Titans,offense,Brandon Beck,play-by-play,False,,0.0,not located,
2026-01-03|46|2 Joey LaChapell > P&R Ball Handler > High P&R > Dribble Off Pick > Defense Commits > Ball Delivered > 0 Brandon Beck > Spot-Up > Drives Right > To Basket > Miss 2 Pts,46,2026-01-03,UW-Oshkosh Titans,offense,Carter Thomas,play-by-play,False,,0.0,not located,
2026-01-03|46|2 Joey LaChapell > P&R Ball Handler > High P&R > Dribble Off Pick > Defense Commits > Ball Delivered > 0 Brandon Beck > Spot-Up > Drives Right > To Basket > Miss 2 Pts,46,2026-01-03,UW-Oshkosh Titans,offense,Joey LaChapell,play-by-play,True,6,3.5,Synergy,0.95
2026-01-03|46|2 Joey LaChapell > P&R Ball Handler > High P&R > Dribble Off Pick > Defense Commits > Ball Delivered > 0 Brandon Beck > Spot-Up > Drives Right > To Basket > Miss 2 Pts,46,2026-01-03,UW-Oshkosh Titans,offense,Michael Metcalf-Grassman,play-by-play,False,,0.0,not located,
2026-01-03|46|2 Joey LaChapell > P&R Ball Handler > High P&R > Dribble Off Pick > Defense Commits > Ball Delivered > 0 Brandon Beck > Spot-Up > Drives Right > To Basket > Miss 2 Pts,46,2026-01-03,UW-Oshkosh Titans,offense,Nate Nazos,play-by-play,False,,0.0,not located,
2026-01-03|46|2 Joey LaChapell > P&R Ball Handler > High P&R > Dribble Off Pick > Defense Commits > Ball Delivered > 0 Brandon Beck > Spot-Up > Drives Right > To Basket > Miss 2 Pts,46,2026-01-03,UW-Whitewater,defense,Collin Madson,play-by-play,False,,0.0,not located,
2026-01-03|46|2 Joey LaChapell > P&R Ball Handler > High P&R > Dribble Off Pick > Defense Commits > Ball Delivered > 0 Brandon Beck > Spot-Up > Drives Right > To Basket > Miss 2 Pts,46,2026-01-03,UW-Whitewater,defense,Darius Chestnut,play-by-play,False,,0.0,not located,
2026-01-03|46|2 Joey LaChapell > P&R Ball Handler > High P&R > Dribble Off Pick > Defense Commits > Ball Delivered > 0 Brandon Beck > Spot-Up > Drives Right > To Basket > Miss 2 Pts,46,2026-01-03,UW-Whitewater,defense,JR Lukenbill,play-by-play,False,,0.0,not located,
2026-01-03|46|2 Joey LaChapell > P&R Ball Handler > High P&R > Dribble Off Pick > Defense Commits > Ball Delivered > 0 Brandon Beck > Spot-Up > Drives Right > To Basket > Miss 2 Pts,46,2026-01-03,UW-Whitewater,defense,Jake Quast,play-by-play,False,,0.0,not located,
2026-01-03|46|2 Joey LaChapell > P&R Ball Handler > High P&R > Dribble Off Pick > Defense Commits > Ball Delivered > 0 Brandon Beck > Spot-Up > Drives Right > To Basket > Miss 2 Pts,46,2026-01-03,UW-Whitewater,defense,Joey Berezowitz,play-by-play,False,,0.0,not located,
2026-01-03|47|0 Brandon Beck > Offensive Rebound > Short > Scoring Attempt > At Basket > Make 2 Pts,47,2026-01-03,UW-Oshkosh Titans,offense,Brandon Beck,play-by-play,False,,0.0,not located,
2026-01-03|47|0 Brandon Beck > Offensive Rebound > Short > Scoring Attempt > At Basket > Make 2 Pts,47,2026-01-03,UW-Oshkosh Titans,offense,Carter Thomas,play-by-play,False,,0.0,not located,
2026-01-03|47|0 Brandon Beck > Offensive Rebound > Short > Scoring Attempt > At Basket > Make 2 Pts,47,2026-01-03,UW-Oshkosh Titans,offense,Joey LaChapell,play-by-play,False,,0.0,not located,
2026-01-03|47|0 Brandon Beck > Offensive Rebound > Short > Scoring Attempt > At Basket > Make 2 Pts,47,2026-01-03,UW-Oshkosh Titans,offense,Michael Metcalf-Grassman,play-by-play,False,,0.0,not located,
2026-01-03|47|0 Brandon Beck > Offensive Rebound > Short > Scoring Attempt > At Basket > Make 2 Pts,47,2026-01-03,UW-Oshkosh Titans,offense,Nate Nazos,play-by-play,False,,0.0,not located,
2026-01-03|47|0 Brandon Beck > Offensive Rebound > Short > Scoring Attempt > At Basket > Make 2 Pts,47,2026-01-03,UW-Whitewater,defense,Collin Madson,play-by-play,False,,0.0,not located,
2026-01-03|47|0 Brandon Beck > Offensive Rebound > Short > Scoring Attempt > At Basket > Make 2 Pts,47,2026-01-03,UW-Whitewater,defense,Darius Chestnut,play-by-play,False,,0.0,not located,
2026-01-03|47|0 Brandon Beck > Offensive Rebound > Short > Scoring Attempt > At Basket > Make 2 Pts,47,2026-01-03,UW-Whitewater,defense,JR Lukenbill,play-by-play,False,,0.0,not located,
2026-01-03|47|0 Brandon Beck > Offensive Rebound > Short > Scoring Attempt > At Basket > Make 2 Pts,47,2026-01-03,UW-Whitewater,defense,Jake Quast,play-by-play,False,,0.0,not located,
2026-01-03|47|0 Brandon Beck > Offensive Rebound > Short > Scoring Attempt > At Basket > Make 2 Pts,47,2026-01-03,UW-Whitewater,defense,Joey Berezowitz,play-by-play,False,,0.0,not located,
2026-01-03|48|15 Collin Madson > P&R Ball Handler > High P&R > Dribble Off Pick > Dribble Jumper > Long/3pt > Make 3 Pts,48,2026-01-03,UW-Whitewater,offense,Collin Madson,play-by-play,True,32;33,11.2,best guess;linked possession,0.95
2026-01-03|48|15 Collin Madson > P&R Ball Handler > High P&R > Dribble Off Pick > Dribble Jumper > Long/3pt > Make 3 Pts,48,2026-01-03,UW-Whitewater,offense,Darius Chestnut,play-by-play,True,5,17.8,linked possession,0.95
2026-01-03|48|15 Collin Madson > P&R Ball Handler > High P&R > Dribble Off Pick > Dribble Jumper > Long/3pt > Make 3 Pts,48,2026-01-03,UW-Whitewater,offense,JR Lukenbill,play-by-play,True,20;43,12.5,best guess,0.46
2026-01-03|48|15 Collin Madson > P&R Ball Handler > High P&R > Dribble Off Pick > Dribble Jumper > Long/3pt > Make 3 Pts,48,2026-01-03,UW-Whitewater,offense,Jake Quast,play-by-play,True,19;41,11.5,best guess,0.46
2026-01-03|48|15 Collin Madson > P&R Ball Handler > High P&R > Dribble Off Pick > Dribble Jumper > Long/3pt > Make 3 Pts,48,2026-01-03,UW-Whitewater,offense,Joey Berezowitz,play-by-play,True,37,10.8,linked possession,0.95
2026-01-03|48|15 Collin Madson > P&R Ball Handler > High P&R > Dribble Off Pick > Dribble Jumper > Long/3pt > Make 3 Pts,48,2026-01-03,UW-Oshkosh Titans,defense,Brandon Beck,play-by-play,False,,0.0,not located,
2026-01-03|48|15 Collin Madson > P&R Ball Handler > High P&R > Dribble Off Pick > Dribble Jumper > Long/3pt > Make 3 Pts,48,2026-01-03,UW-Oshkosh Titans,defense,Carter Thomas,play-by-play,False,,0.0,not located,
2026-01-03|48|15 Collin Madson > P&R Ball Handler > High P&R > Dribble Off Pick > Dribble Jumper > Long/3pt > Make 3 Pts,48,2026-01-03,UW-Oshkosh Titans,defense,Joey LaChapell,play-by-play,False,,0.0,not located,
2026-01-03|48|15 Collin Madson > P&R Ball Handler > High P&R > Dribble Off Pick > Dribble Jumper > Long/3pt > Make 3 Pts,48,2026-01-03,UW-Oshkosh Titans,defense,Michael Metcalf-Grassman,play-by-play,False,,0.0,not located,
2026-01-03|48|15 Collin Madson > P&R Ball Handler > High P&R > Dribble Off Pick > Dribble Jumper > Long/3pt > Make 3 Pts,48,2026-01-03,UW-Oshkosh Titans,defense,Nate Nazos,play-by-play,False,,0.0,not located,
2026-01-03|49|4 Michael Metcalf-Grassman > Transition > Left Wing > No Dribble Jumper > Guarded > Long/3pt > Make 3 Pts,49,2026-01-03,UW-Oshkosh Titans,offense,Brandon Beck,play-by-play,False,,0.0,not located,
2026-01-03|49|4 Michael Metcalf-Grassman > Transition > Left Wing > No Dribble Jumper > Guarded > Long/3pt > Make 3 Pts,49,2026-01-03,UW-Oshkosh Titans,offense,Carter Thomas,play-by-play,False,,0.0,not located,
2026-01-03|49|4 Michael Metcalf-Grassman > Transition > Left Wing > No Dribble Jumper > Guarded > Long/3pt > Make 3 Pts,49,2026-01-03,UW-Oshkosh Titans,offense,Joey LaChapell,play-by-play,False,,0.0,not located,
2026-01-03|49|4 Michael Metcalf-Grassman > Transition > Left Wing > No Dribble Jumper > Guarded > Long/3pt > Make 3 Pts,49,2026-01-03,UW-Oshkosh Titans,offense,Michael Metcalf-Grassman,play-by-play,False,,0.0,not located,
2026-01-03|49|4 Michael Metcalf-Grassman > Transition > Left Wing > No Dribble Jumper > Guarded > Long/3pt > Make 3 Pts,49,2026-01-03,UW-Oshkosh Titans,offense,Nate Nazos,play-by-play,False,,0.0,not located,
2026-01-03|49|4 Michael Metcalf-Grassman > Transition > Left Wing > No Dribble Jumper > Guarded > Long/3pt > Make 3 Pts,49,2026-01-03,UW-Whitewater,defense,Collin Madson,play-by-play,True,0,6.5,coach checked,0.95
2026-01-03|49|4 Michael Metcalf-Grassman > Transition > Left Wing > No Dribble Jumper > Guarded > Long/3pt > Make 3 Pts,49,2026-01-03,UW-Whitewater,defense,Darius Chestnut,play-by-play,True,11,6.0,coach checked,0.99
2026-01-03|49|4 Michael Metcalf-Grassman > Transition > Left Wing > No Dribble Jumper > Guarded > Long/3pt > Make 3 Pts,49,2026-01-03,UW-Whitewater,defense,JR Lukenbill,play-by-play,True,2,4.5,coach checked,0.99
2026-01-03|49|4 Michael Metcalf-Grassman > Transition > Left Wing > No Dribble Jumper > Guarded > Long/3pt > Make 3 Pts,49,2026-01-03,UW-Whitewater,defense,Jake Quast,play-by-play,True,10;19,4.8,best guess;coach checked,0.99
2026-01-03|49|4 Michael Metcalf-Grassman > Transition > Left Wing > No Dribble Jumper > Guarded > Long/3pt > Make 3 Pts,49,2026-01-03,UW-Whitewater,defense,Joey Berezowitz,play-by-play,True,5;28,7.2,best guess;coach checked,0.95
2026-01-03|50|15 Collin Madson > ISO > Right > Early Jumper > Dribble Jumper > Long/3pt > Miss 3 Pts,50,2026-01-03,UW-Whitewater,offense,Collin Madson,play-by-play,True,25;51,12.2,best guess;coach checked,0.99
2026-01-03|50|15 Collin Madson > ISO > Right > Early Jumper > Dribble Jumper > Long/3pt > Miss 3 Pts,50,2026-01-03,UW-Whitewater,offense,Darius Chestnut,play-by-play,True,9;34;39;49;55,10.8,best guess;coach checked,0.99
2026-01-03|50|15 Collin Madson > ISO > Right > Early Jumper > Dribble Jumper > Long/3pt > Miss 3 Pts,50,2026-01-03,UW-Whitewater,offense,JR Lukenbill,play-by-play,True,11;60,13.0,coach checked;followed player,0.95
2026-01-03|50|15 Collin Madson > ISO > Right > Early Jumper > Dribble Jumper > Long/3pt > Miss 3 Pts,50,2026-01-03,UW-Whitewater,offense,Jake Quast,play-by-play,True,5;40;46,13.8,best guess,0.92
2026-01-03|50|15 Collin Madson > ISO > Right > Early Jumper > Dribble Jumper > Long/3pt > Miss 3 Pts,50,2026-01-03,UW-Whitewater,offense,Joey Berezowitz,play-by-play,True,20;36,12.8,best guess;coach checked,0.99
2026-01-03|50|15 Collin Madson > ISO > Right > Early Jumper > Dribble Jumper > Long/3pt > Miss 3 Pts,50,2026-01-03,UW-Oshkosh Titans,defense,Brandon Beck,play-by-play,True,31,10.0,coach checked,0.99
2026-01-03|50|15 Collin Madson > ISO > Right > Early Jumper > Dribble Jumper > Long/3pt > Miss 3 Pts,50,2026-01-03,UW-Oshkosh Titans,defense,Carter Thomas,play-by-play,True,23;33;56,13.5,best guess,0.31
2026-01-03|50|15 Collin Madson > ISO > Right > Early Jumper > Dribble Jumper > Long/3pt > Miss 3 Pts,50,2026-01-03,UW-Oshkosh Titans,defense,Joey LaChapell,play-by-play,True,12;28;52,12.0,coach checked;followed player,0.99
2026-01-03|50|15 Collin Madson > ISO > Right > Early Jumper > Dribble Jumper > Long/3pt > Miss 3 Pts,50,2026-01-03,UW-Oshkosh Titans,defense,Michael Metcalf-Grassman,play-by-play,True,4;35;42;47,16.2,best guess,0.31
2026-01-03|50|15 Collin Madson > ISO > Right > Early Jumper > Dribble Jumper > Long/3pt > Miss 3 Pts,50,2026-01-03,UW-Oshkosh Titans,defense,Nate Nazos,play-by-play,True,6;54,13.8,best guess,0.31
2026-01-03|51|2 Joey LaChapell > Non Possession > No Violation,51,2026-01-03,UW-Oshkosh Titans,offense,Brandon Beck,clips before/after (no clock),False,,0.0,not located,
2026-01-03|51|2 Joey LaChapell > Non Possession > No Violation,51,2026-01-03,UW-Oshkosh Titans,offense,Carter Thomas,clips before/after (no clock),False,,0.0,not located,
2026-01-03|51|2 Joey LaChapell > Non Possession > No Violation,51,2026-01-03,UW-Oshkosh Titans,offense,Joey LaChapell,clips before/after (no clock),False,,0.0,not located,
2026-01-03|51|2 Joey LaChapell > Non Possession > No Violation,51,2026-01-03,UW-Oshkosh Titans,offense,Michael Metcalf-Grassman,clips before/after (no clock),False,,0.0,not located,
2026-01-03|51|2 Joey LaChapell > Non Possession > No Violation,51,2026-01-03,UW-Oshkosh Titans,offense,Nate Nazos,clips before/after (no clock),False,,0.0,not located,
2026-01-03|52|2 Joey LaChapell > P&R Ball Handler > High P&R > Dribble Off Pick > Defense Commits > Turnover,52,2026-01-03,UW-Oshkosh Titans,offense,Brandon Beck,play-by-play,False,,0.0,not located,
2026-01-03|52|2 Joey LaChapell > P&R Ball Handler > High P&R > Dribble Off Pick > Defense Commits > Turnover,52,2026-01-03,UW-Oshkosh Titans,offense,Carter Thomas,play-by-play,False,,0.0,not located,
2026-01-03|52|2 Joey LaChapell > P&R Ball Handler > High P&R > Dribble Off Pick > Defense Commits > Turnover,52,2026-01-03,UW-Oshkosh Titans,offense,Joey LaChapell,play-by-play,True,3,2.8,Synergy,0.95
2026-01-03|52|2 Joey LaChapell > P&R Ball Handler > High P&R > Dribble Off Pick > Defense Commits > Turnover,52,2026-01-03,UW-Oshkosh Titans,offense,Michael Metcalf-Grassman,play-by-play,False,,0.0,not located,
2026-01-03|52|2 Joey LaChapell > P&R Ball Handler > High P&R > Dribble Off Pick > Defense Commits > Turnover,52,2026-01-03,UW-Oshkosh Titans,offense,Nate Nazos,play-by-play,False,,0.0,not located,
2026-01-03|52|2 Joey LaChapell > P&R Ball Handler > High P&R > Dribble Off Pick > Defense Commits > Turnover,52,2026-01-03,UW-Whitewater,defense,Collin Madson,play-by-play,False,,0.0,not located,
2026-01-03|52|2 Joey LaChapell > P&R Ball Handler > High P&R > Dribble Off Pick > Defense Commits > Turnover,52,2026-01-03,UW-Whitewater,defense,Darius Chestnut,play-by-play,False,,0.0,not located,
2026-01-03|52|2 Joey LaChapell > P&R Ball Handler > High P&R > Dribble Off Pick > Defense Commits > Turnover,52,2026-01-03,UW-Whitewater,defense,Joey Berezowitz,play-by-play,False,,0.0,not located,
2026-01-03|52|2 Joey LaChapell > P&R Ball Handler > High P&R > Dribble Off Pick > Defense Commits > Turnover,52,2026-01-03,UW-Whitewater,defense,Richie Warren,play-by-play,False,,0.0,not located,
2026-01-03|52|2 Joey LaChapell > P&R Ball Handler > High P&R > Dribble Off Pick > Defense Commits > Turnover,52,2026-01-03,UW-Whitewater,defense,Tyshawn Teague-Johnson,play-by-play,False,,0.0,not located,
2026-01-03|53|24 Richie Warren > Spot-Up > Drives Right > To Basket > Make 2 Pts,53,2026-01-03,UW-Whitewater,offense,Collin Madson,play-by-play,True,16;26,12.5,best guess;coach checked,0.99
2026-01-03|53|24 Richie Warren > Spot-Up > Drives Right > To Basket > Make 2 Pts,53,2026-01-03,UW-Whitewater,offense,Darius Chestnut,play-by-play,True,11;15;22,13.5,best guess;coach checked,0.99
2026-01-03|53|24 Richie Warren > Spot-Up > Drives Right > To Basket > Make 2 Pts,53,2026-01-03,UW-Whitewater,offense,Joey Berezowitz,play-by-play,True,10;30;37,11.2,best guess;coach checked;followed player,0.99
2026-01-03|53|24 Richie Warren > Spot-Up > Drives Right > To Basket > Make 2 Pts,53,2026-01-03,UW-Whitewater,offense,Richie Warren,play-by-play,True,1;23;31;43,8.0,best guess;coach checked;followed player,0.99
2026-01-03|53|24 Richie Warren > Spot-Up > Drives Right > To Basket > Make 2 Pts,53,2026-01-03,UW-Whitewater,offense,Tyshawn Teague-Johnson,play-by-play,True,13;18,12.2,coach checked;followed player,0.99
2026-01-03|53|24 Richie Warren > Spot-Up > Drives Right > To Basket > Make 2 Pts,53,2026-01-03,UW-Oshkosh Titans,defense,Aiden Hawkinson,play-by-play,True,4,14.5,best guess,0.92
2026-01-03|53|24 Richie Warren > Spot-Up > Drives Right > To Basket > Make 2 Pts,53,2026-01-03,UW-Oshkosh Titans,defense,Jonah Rindfleisch,play-by-play,True,2;25,10.0,best guess;coach checked,0.99
2026-01-03|53|24 Richie Warren > Spot-Up > Drives Right > To Basket > Make 2 Pts,53,2026-01-03,UW-Oshkosh Titans,defense,Matt Imig,play-by-play,True,0;20,9.2,coach checked;followed player,0.99
2026-01-03|53|24 Richie Warren > Spot-Up > Drives Right > To Basket > Make 2 Pts,53,2026-01-03,UW-Oshkosh Titans,defense,Oskar Kangas,play-by-play,True,12;35,11.2,best guess;coach checked,0.99
2026-01-03|53|24 Richie Warren > Spot-Up > Drives Right > To Basket > Make 2 Pts,53,2026-01-03,UW-Oshkosh Titans,defense,Vitorio Dante,play-by-play,True,6,8.2,coach checked,0.99
2026-01-03|54|20 Vitorio Dante > Non Possession > No Violation,54,2026-01-03,UW-Oshkosh Titans,offense,Aiden Hawkinson,clips before/after (no clock),False,,0.0,not located,
2026-01-03|54|20 Vitorio Dante > Non Possession > No Violation,54,2026-01-03,UW-Oshkosh Titans,offense,Jonah Rindfleisch,clips before/after (no clock),False,,0.0,not located,
2026-01-03|54|20 Vitorio Dante > Non Possession > No Violation,54,2026-01-03,UW-Oshkosh Titans,offense,Matt Imig,clips before/after (no clock),False,,0.0,not located,
2026-01-03|54|20 Vitorio Dante > Non Possession > No Violation,54,2026-01-03,UW-Oshkosh Titans,offense,Oskar Kangas,clips before/after (no clock),False,,0.0,not located,
2026-01-03|54|20 Vitorio Dante > Non Possession > No Violation,54,2026-01-03,UW-Oshkosh Titans,offense,Vitorio Dante,clips before/after (no clock),True,3,2.0,coach checked,0.99
2026-01-03|54|20 Vitorio Dante > Non Possession > No Violation,54,2026-01-03,UW-Whitewater,defense,Collin Madson,clips before/after (no clock),True,5;46,9.0,coach checked,0.99
2026-01-03|54|20 Vitorio Dante > Non Possession > No Violation,54,2026-01-03,UW-Whitewater,defense,Darius Chestnut,clips before/after (no clock),True,10;30;44,11.0,best guess;coach checked,0.99
2026-01-03|54|20 Vitorio Dante > Non Possession > No Violation,54,2026-01-03,UW-Whitewater,defense,Joey Berezowitz,clips before/after (no clock),True,16;51;55,17.5,best guess,0.46
2026-01-03|54|20 Vitorio Dante > Non Possession > No Violation,54,2026-01-03,UW-Whitewater,defense,Richie Warren,clips before/after (no clock),True,7;22;32;49,10.5,best guess,0.46
2026-01-03|54|20 Vitorio Dante > Non Possession > No Violation,54,2026-01-03,UW-Whitewater,defense,Tyshawn Teague-Johnson,clips before/after (no clock),True,9,15.2,coach checked,0.95
2026-01-03|55|1 Aiden Hawkinson > Spot-Up > Drives Left > Dribble Jumper > Long/3pt > Miss 3 Pts,55,2026-01-03,UW-Oshkosh Titans,offense,Aiden Hawkinson,play-by-play,False,,0.0,not located,
2026-01-03|55|1 Aiden Hawkinson > Spot-Up > Drives Left > Dribble Jumper > Long/3pt > Miss 3 Pts,55,2026-01-03,UW-Oshkosh Titans,offense,Jonah Rindfleisch,play-by-play,False,,0.0,not located,
2026-01-03|55|1 Aiden Hawkinson > Spot-Up > Drives Left > Dribble Jumper > Long/3pt > Miss 3 Pts,55,2026-01-03,UW-Oshkosh Titans,offense,Matt Imig,play-by-play,False,,0.0,not located,
2026-01-03|55|1 Aiden Hawkinson > Spot-Up > Drives Left > Dribble Jumper > Long/3pt > Miss 3 Pts,55,2026-01-03,UW-Oshkosh Titans,offense,Oskar Kangas,play-by-play,False,,0.0,not located,
2026-01-03|55|1 Aiden Hawkinson > Spot-Up > Drives Left > Dribble Jumper > Long/3pt > Miss 3 Pts,55,2026-01-03,UW-Oshkosh Titans,offense,Vitorio Dante,play-by-play,False,,0.0,not located,
2026-01-03|55|1 Aiden Hawkinson > Spot-Up > Drives Left > Dribble Jumper > Long/3pt > Miss 3 Pts,55,2026-01-03,UW-Whitewater,defense,Collin Madson,play-by-play,True,5,14.8,linked possession,0.95
2026-01-03|55|1 Aiden Hawkinson > Spot-Up > Drives Left > Dribble Jumper > Long/3pt > Miss 3 Pts,55,2026-01-03,UW-Whitewater,defense,Darius Chestnut,play-by-play,True,13,12.5,best guess,0.31
2026-01-03|55|1 Aiden Hawkinson > Spot-Up > Drives Left > Dribble Jumper > Long/3pt > Miss 3 Pts,55,2026-01-03,UW-Whitewater,defense,Joey Berezowitz,play-by-play,True,0,16.2,best guess,0.31
2026-01-03|55|1 Aiden Hawkinson > Spot-Up > Drives Left > Dribble Jumper > Long/3pt > Miss 3 Pts,55,2026-01-03,UW-Whitewater,defense,Richie Warren,play-by-play,True,17,15.0,best guess,0.31
2026-01-03|55|1 Aiden Hawkinson > Spot-Up > Drives Left > Dribble Jumper > Long/3pt > Miss 3 Pts,55,2026-01-03,UW-Whitewater,defense,Tyshawn Teague-Johnson,play-by-play,True,3;44;46,21.8,followed player;linked possession,0.95
2026-01-03|56|24 Richie Warren > Post-Up > Right Block > Left Shoulder > Dribble Move > To Jumper > Make 2 Pts,56,2026-01-03,UW-Whitewater,offense,Collin Madson,play-by-play,True,20;32,8.5,best guess;coach checked,0.99
2026-01-03|56|24 Richie Warren > Post-Up > Right Block > Left Shoulder > Dribble Move > To Jumper > Make 2 Pts,56,2026-01-03,UW-Whitewater,offense,Darius Chestnut,play-by-play,True,6;25,10.0,best guess;coach checked,0.99
2026-01-03|56|24 Richie Warren > Post-Up > Right Block > Left Shoulder > Dribble Move > To Jumper > Make 2 Pts,56,2026-01-03,UW-Whitewater,offense,Joey Berezowitz,play-by-play,True,22;31;36,10.5,best guess;coach checked;followed player,0.99
2026-01-03|56|24 Richie Warren > Post-Up > Right Block > Left Shoulder > Dribble Move > To Jumper > Make 2 Pts,56,2026-01-03,UW-Whitewater,offense,Richie Warren,play-by-play,True,0,12.0,best guess,0.92
2026-01-03|56|24 Richie Warren > Post-Up > Right Block > Left Shoulder > Dribble Move > To Jumper > Make 2 Pts,56,2026-01-03,UW-Whitewater,offense,Tyshawn Teague-Johnson,play-by-play,True,21;27;35,5.8,best guess;coach checked,0.99
2026-01-03|56|24 Richie Warren > Post-Up > Right Block > Left Shoulder > Dribble Move > To Jumper > Make 2 Pts,56,2026-01-03,UW-Oshkosh Titans,defense,Aiden Hawkinson,play-by-play,True,19;34,8.2,best guess,0.31
2026-01-03|56|24 Richie Warren > Post-Up > Right Block > Left Shoulder > Dribble Move > To Jumper > Make 2 Pts,56,2026-01-03,UW-Oshkosh Titans,defense,Jonah Rindfleisch,play-by-play,True,12,8.2,best guess,0.31
2026-01-03|56|24 Richie Warren > Post-Up > Right Block > Left Shoulder > Dribble Move > To Jumper > Make 2 Pts,56,2026-01-03,UW-Oshkosh Titans,defense,Matt Imig,play-by-play,True,17,9.2,coach checked,0.99
2026-01-03|56|24 Richie Warren > Post-Up > Right Block > Left Shoulder > Dribble Move > To Jumper > Make 2 Pts,56,2026-01-03,UW-Oshkosh Titans,defense,Oskar Kangas,play-by-play,True,3;28,8.5,best guess,0.31
2026-01-03|56|24 Richie Warren > Post-Up > Right Block > Left Shoulder > Dribble Move > To Jumper > Make 2 Pts,56,2026-01-03,UW-Oshkosh Titans,defense,Vitorio Dante,play-by-play,True,18,10.5,coach checked,0.99
2026-01-03|57|5 Matt Imig > P&R Ball Handler > High P&R > Dribble Off Pick > To Basket > Miss 2 Pts,57,2026-01-03,UW-Oshkosh Titans,offense,Aiden Hawkinson,play-by-play,False,,0.0,not located,
2026-01-03|57|5 Matt Imig > P&R Ball Handler > High P&R > Dribble Off Pick > To Basket > Miss 2 Pts,57,2026-01-03,UW-Oshkosh Titans,offense,Jonah Rindfleisch,play-by-play,False,,0.0,not located,
2026-01-03|57|5 Matt Imig > P&R Ball Handler > High P&R > Dribble Off Pick > To Basket > Miss 2 Pts,57,2026-01-03,UW-Oshkosh Titans,offense,Matt Imig,play-by-play,False,,0.0,not located,
2026-01-03|57|5 Matt Imig > P&R Ball Handler > High P&R > Dribble Off Pick > To Basket > Miss 2 Pts,57,2026-01-03,UW-Oshkosh Titans,offense,Oskar Kangas,play-by-play,False,,0.0,not located,
2026-01-03|57|5 Matt Imig > P&R Ball Handler > High P&R > Dribble Off Pick > To Basket > Miss 2 Pts,57,2026-01-03,UW-Oshkosh Titans,offense,Vitorio Dante,play-by-play,False,,0.0,not located,
2026-01-03|57|5 Matt Imig > P&R Ball Handler > High P&R > Dribble Off Pick > To Basket > Miss 2 Pts,57,2026-01-03,UW-Whitewater,defense,Collin Madson,play-by-play,False,,0.0,not located,
2026-01-03|57|5 Matt Imig > P&R Ball Handler > High P&R > Dribble Off Pick > To Basket > Miss 2 Pts,57,2026-01-03,UW-Whitewater,defense,Darius Chestnut,play-by-play,False,,0.0,not located,
2026-01-03|57|5 Matt Imig > P&R Ball Handler > High P&R > Dribble Off Pick > To Basket > Miss 2 Pts,57,2026-01-03,UW-Whitewater,defense,Joey Berezowitz,play-by-play,False,,0.0,not located,
2026-01-03|57|5 Matt Imig > P&R Ball Handler > High P&R > Dribble Off Pick > To Basket > Miss 2 Pts,57,2026-01-03,UW-Whitewater,defense,Richie Warren,play-by-play,False,,0.0,not located,
2026-01-03|57|5 Matt Imig > P&R Ball Handler > High P&R > Dribble Off Pick > To Basket > Miss 2 Pts,57,2026-01-03,UW-Whitewater,defense,Tyshawn Teague-Johnson,play-by-play,False,,0.0,not located,
2026-01-03|58|2 Joey LaChapell > Hand Off > From Dribble > Top > To Basket > Make 2 Pts,58,2026-01-03,UW-Oshkosh Titans,offense,Brandon Beck,play-by-play,False,,0.0,not located,
2026-01-03|58|2 Joey LaChapell > Hand Off > From Dribble > Top > To Basket > Make 2 Pts,58,2026-01-03,UW-Oshkosh Titans,offense,Carter Thomas,play-by-play,False,,0.0,not located,
2026-01-03|58|2 Joey LaChapell > Hand Off > From Dribble > Top > To Basket > Make 2 Pts,58,2026-01-03,UW-Oshkosh Titans,offense,Joey LaChapell,play-by-play,True,5;21;25,8.5,coach checked;followed player,0.99
2026-01-03|58|2 Joey LaChapell > Hand Off > From Dribble > Top > To Basket > Make 2 Pts,58,2026-01-03,UW-Oshkosh Titans,offense,Michael Metcalf-Grassman,play-by-play,False,,0.0,not located,
2026-01-03|58|2 Joey LaChapell > Hand Off > From Dribble > Top > To Basket > Make 2 Pts,58,2026-01-03,UW-Oshkosh Titans,offense,Nate Nazos,play-by-play,False,,0.0,not located,
2026-01-03|58|2 Joey LaChapell > Hand Off > From Dribble > Top > To Basket > Make 2 Pts,58,2026-01-03,UW-Whitewater,defense,Collin Madson,play-by-play,False,,0.0,not located,
2026-01-03|58|2 Joey LaChapell > Hand Off > From Dribble > Top > To Basket > Make 2 Pts,58,2026-01-03,UW-Whitewater,defense,Joey Berezowitz,play-by-play,False,,0.0,not located,
2026-01-03|58|2 Joey LaChapell > Hand Off > From Dribble > Top > To Basket > Make 2 Pts,58,2026-01-03,UW-Whitewater,defense,Luke Bara,play-by-play,False,,0.0,not located,
2026-01-03|58|2 Joey LaChapell > Hand Off > From Dribble > Top > To Basket > Make 2 Pts,58,2026-01-03,UW-Whitewater,defense,Richie Warren,play-by-play,True,11;17,6.0,coach checked;followed player,0.99
2026-01-03|58|2 Joey LaChapell > Hand Off > From Dribble > Top > To Basket > Make 2 Pts,58,2026-01-03,UW-Whitewater,defense,Tyshawn Teague-Johnson,play-by-play,False,,0.0,not located,
2026-01-03|59|24 Richie Warren > ISO > Top > Drives Right > To Basket > Make 2 Pts,59,2026-01-03,UW-Whitewater,offense,Collin Madson,play-by-play,False,,0.0,not located,
2026-01-03|59|24 Richie Warren > ISO > Top > Drives Right > To Basket > Make 2 Pts,59,2026-01-03,UW-Whitewater,offense,Joey Berezowitz,play-by-play,False,,0.0,not located,
2026-01-03|59|24 Richie Warren > ISO > Top > Drives Right > To Basket > Make 2 Pts,59,2026-01-03,UW-Whitewater,offense,Luke Bara,play-by-play,False,,0.0,not located,
2026-01-03|59|24 Richie Warren > ISO > Top > Drives Right > To Basket > Make 2 Pts,59,2026-01-03,UW-Whitewater,offense,Richie Warren,play-by-play,False,,0.0,not located,
2026-01-03|59|24 Richie Warren > ISO > Top > Drives Right > To Basket > Make 2 Pts,59,2026-01-03,UW-Whitewater,offense,Tyshawn Teague-Johnson,play-by-play,False,,0.0,not located,
2026-01-03|59|24 Richie Warren > ISO > Top > Drives Right > To Basket > Make 2 Pts,59,2026-01-03,UW-Oshkosh Titans,defense,Brandon Beck,play-by-play,False,,0.0,not located,
2026-01-03|59|24 Richie Warren > ISO > Top > Drives Right > To Basket > Make 2 Pts,59,2026-01-03,UW-Oshkosh Titans,defense,Carter Thomas,play-by-play,False,,0.0,not located,
2026-01-03|59|24 Richie Warren > ISO > Top > Drives Right > To Basket > Make 2 Pts,59,2026-01-03,UW-Oshkosh Titans,defense,Joey LaChapell,play-by-play,False,,0.0,not located,
2026-01-03|59|24 Richie Warren > ISO > Top > Drives Right > To Basket > Make 2 Pts,59,2026-01-03,UW-Oshkosh Titans,defense,Michael Metcalf-Grassman,play-by-play,False,,0.0,not located,
2026-01-03|59|24 Richie Warren > ISO > Top > Drives Right > To Basket > Make 2 Pts,59,2026-01-03,UW-Oshkosh Titans,defense,Nate Nazos,play-by-play,False,,0.0,not located,
2026-01-03|60|21 Carter Thomas > Spot-Up > Drives Right > To Basket > Foul,60,2026-01-03,UW-Oshkosh Titans,offense,Brandon Beck,play-by-play,False,,0.0,not located,
2026-01-03|60|21 Carter Thomas > Spot-Up > Drives Right > To Basket > Foul,60,2026-01-03,UW-Oshkosh Titans,offense,Carter Thomas,play-by-play,True,2,11.2,Synergy,0.95
2026-01-03|60|21 Carter Thomas > Spot-Up > Drives Right > To Basket > Foul,60,2026-01-03,UW-Oshkosh Titans,offense,Joey LaChapell,play-by-play,False,,0.0,not located,
2026-01-03|60|21 Carter Thomas > Spot-Up > Drives Right > To Basket > Foul,60,2026-01-03,UW-Oshkosh Titans,offense,Michael Metcalf-Grassman,play-by-play,False,,0.0,not located,
2026-01-03|60|21 Carter Thomas > Spot-Up > Drives Right > To Basket > Foul,60,2026-01-03,UW-Oshkosh Titans,offense,Nate Nazos,play-by-play,False,,0.0,not located,
2026-01-03|60|21 Carter Thomas > Spot-Up > Drives Right > To Basket > Foul,60,2026-01-03,UW-Whitewater,defense,Collin Madson,play-by-play,False,,0.0,not located,
2026-01-03|60|21 Carter Thomas > Spot-Up > Drives Right > To Basket > Foul,60,2026-01-03,UW-Whitewater,defense,Joey Berezowitz,play-by-play,False,,0.0,not located,
2026-01-03|60|21 Carter Thomas > Spot-Up > Drives Right > To Basket > Foul,60,2026-01-03,UW-Whitewater,defense,Luke Bara,play-by-play,False,,0.0,not located,
2026-01-03|60|21 Carter Thomas > Spot-Up > Drives Right > To Basket > Foul,60,2026-01-03,UW-Whitewater,defense,Richie Warren,play-by-play,False,,0.0,not located,
2026-01-03|60|21 Carter Thomas > Spot-Up > Drives Right > To Basket > Foul,60,2026-01-03,UW-Whitewater,defense,Tyshawn Teague-Johnson,play-by-play,False,,0.0,not located,
2026-01-03|61|24 Richie Warren > Spot-Up > Drives Right > Turnover,61,2026-01-03,UW-Whitewater,offense,Collin Madson,play-by-play,False,,0.0,not located,
2026-01-03|61|24 Richie Warren > Spot-Up > Drives Right > Turnover,61,2026-01-03,UW-Whitewater,offense,Joey Berezowitz,play-by-play,False,,0.0,not located,
2026-01-03|61|24 Richie Warren > Spot-Up > Drives Right > Turnover,61,2026-01-03,UW-Whitewater,offense,Luke Bara,play-by-play,False,,0.0,not located,
2026-01-03|61|24 Richie Warren > Spot-Up > Drives Right > Turnover,61,2026-01-03,UW-Whitewater,offense,Richie Warren,play-by-play,True,1;43,14.0,coach checked;linked possession,0.95
2026-01-03|61|24 Richie Warren > Spot-Up > Drives Right > Turnover,61,2026-01-03,UW-Whitewater,offense,Tyshawn Teague-Johnson,play-by-play,False,,0.0,not located,
2026-01-03|61|24 Richie Warren > Spot-Up > Drives Right > Turnover,61,2026-01-03,UW-Oshkosh Titans,defense,Brandon Beck,play-by-play,True,14,3.5,coach checked,0.99
2026-01-03|61|24 Richie Warren > Spot-Up > Drives Right > Turnover,61,2026-01-03,UW-Oshkosh Titans,defense,Carter Thomas,play-by-play,True,3,6.2,best guess,0.46
2026-01-03|61|24 Richie Warren > Spot-Up > Drives Right > Turnover,61,2026-01-03,UW-Oshkosh Titans,defense,Joey LaChapell,play-by-play,True,5;36;50;55,13.0,best guess;followed player;linked possession,0.95
2026-01-03|61|24 Richie Warren > Spot-Up > Drives Right > Turnover,61,2026-01-03,UW-Oshkosh Titans,defense,Michael Metcalf-Grassman,play-by-play,True,15;22,13.0,best guess,0.46
2026-01-03|61|24 Richie Warren > Spot-Up > Drives Right > Turnover,61,2026-01-03,UW-Oshkosh Titans,defense,Nate Nazos,play-by-play,True,2,6.8,coach checked,0.99
2026-01-03|62|4 Michael Metcalf-Grassman > Transition > Right Wing > To Basket > Make 2 Pts,62,2026-01-03,UW-Oshkosh Titans,offense,Brandon Beck,play-by-play,True,17,1.5,best guess,0.31
2026-01-03|62|4 Michael Metcalf-Grassman > Transition > Right Wing > To Basket > Make 2 Pts,62,2026-01-03,UW-Oshkosh Titans,offense,Carter Thomas,play-by-play,True,14,1.2,best guess,0.31
2026-01-03|62|4 Michael Metcalf-Grassman > Transition > Right Wing > To Basket > Make 2 Pts,62,2026-01-03,UW-Oshkosh Titans,offense,Joey LaChapell,play-by-play,True,13,2.8,coach checked,0.95
2026-01-03|62|4 Michael Metcalf-Grassman > Transition > Right Wing > To Basket > Make 2 Pts,62,2026-01-03,UW-Oshkosh Titans,offense,Michael Metcalf-Grassman,play-by-play,True,1,1.5,coach checked,0.99
2026-01-03|62|4 Michael Metcalf-Grassman > Transition > Right Wing > To Basket > Make 2 Pts,62,2026-01-03,UW-Oshkosh Titans,offense,Nate Nazos,play-by-play,True,11;16,3.0,best guess,0.31
2026-01-03|62|4 Michael Metcalf-Grassman > Transition > Right Wing > To Basket > Make 2 Pts,62,2026-01-03,UW-Whitewater,defense,Collin Madson,play-by-play,False,,0.0,not located,
2026-01-03|62|4 Michael Metcalf-Grassman > Transition > Right Wing > To Basket > Make 2 Pts,62,2026-01-03,UW-Whitewater,defense,Joey Berezowitz,play-by-play,False,,0.0,not located,
2026-01-03|62|4 Michael Metcalf-Grassman > Transition > Right Wing > To Basket > Make 2 Pts,62,2026-01-03,UW-Whitewater,defense,Luke Bara,play-by-play,False,,0.0,not located,
2026-01-03|62|4 Michael Metcalf-Grassman > Transition > Right Wing > To Basket > Make 2 Pts,62,2026-01-03,UW-Whitewater,defense,Richie Warren,play-by-play,True,4,2.0,coach checked,0.95
2026-01-03|62|4 Michael Metcalf-Grassman > Transition > Right Wing > To Basket > Make 2 Pts,62,2026-01-03,UW-Whitewater,defense,Tyshawn Teague-Johnson,play-by-play,False,,0.0,not located,
2026-01-03|63|32 Luke Bara > Transition > Ballhandler > To Basket > Miss 2 Pts,63,2026-01-03,UW-Whitewater,offense,Brock Marino,play-by-play,False,,0.0,not located,
2026-01-03|63|32 Luke Bara > Transition > Ballhandler > To Basket > Miss 2 Pts,63,2026-01-03,UW-Whitewater,offense,Collin Madson,play-by-play,False,,0.0,not located,
2026-01-03|63|32 Luke Bara > Transition > Ballhandler > To Basket > Miss 2 Pts,63,2026-01-03,UW-Whitewater,offense,Luke Bara,play-by-play,False,,0.0,not located,
2026-01-03|63|32 Luke Bara > Transition > Ballhandler > To Basket > Miss 2 Pts,63,2026-01-03,UW-Whitewater,offense,Richie Warren,play-by-play,False,,0.0,not located,
2026-01-03|63|32 Luke Bara > Transition > Ballhandler > To Basket > Miss 2 Pts,63,2026-01-03,UW-Whitewater,offense,Tyshawn Teague-Johnson,play-by-play,False,,0.0,not located,
2026-01-03|63|32 Luke Bara > Transition > Ballhandler > To Basket > Miss 2 Pts,63,2026-01-03,UW-Oshkosh Titans,defense,Aiden Hawkinson,play-by-play,False,,0.0,not located,
2026-01-03|63|32 Luke Bara > Transition > Ballhandler > To Basket > Miss 2 Pts,63,2026-01-03,UW-Oshkosh Titans,defense,Jay Dalton,play-by-play,False,,0.0,not located,
2026-01-03|63|32 Luke Bara > Transition > Ballhandler > To Basket > Miss 2 Pts,63,2026-01-03,UW-Oshkosh Titans,defense,Jonah Rindfleisch,play-by-play,False,,0.0,not located,
2026-01-03|63|32 Luke Bara > Transition > Ballhandler > To Basket > Miss 2 Pts,63,2026-01-03,UW-Oshkosh Titans,defense,Logan Rindfleisch,play-by-play,False,,0.0,not located,
2026-01-03|63|32 Luke Bara > Transition > Ballhandler > To Basket > Miss 2 Pts,63,2026-01-03,UW-Oshkosh Titans,defense,Oskar Kangas,play-by-play,False,,0.0,not located,
2026-01-03|64|32 Luke Bara > Spot-Up > No Dribble Jumper > Guarded > Long/3pt > Make 3 Pts,64,2026-01-03,UW-Whitewater,offense,Brock Marino,play-by-play,False,,0.0,not located,
2026-01-03|64|32 Luke Bara > Spot-Up > No Dribble Jumper > Guarded > Long/3pt > Make 3 Pts,64,2026-01-03,UW-Whitewater,offense,Collin Madson,play-by-play,False,,0.0,not located,
2026-01-03|64|32 Luke Bara > Spot-Up > No Dribble Jumper > Guarded > Long/3pt > Make 3 Pts,64,2026-01-03,UW-Whitewater,offense,JR Lukenbill,play-by-play,False,,0.0,not located,
2026-01-03|64|32 Luke Bara > Spot-Up > No Dribble Jumper > Guarded > Long/3pt > Make 3 Pts,64,2026-01-03,UW-Whitewater,offense,Luke Bara,play-by-play,False,,0.0,not located,
2026-01-03|64|32 Luke Bara > Spot-Up > No Dribble Jumper > Guarded > Long/3pt > Make 3 Pts,64,2026-01-03,UW-Whitewater,offense,Richie Warren,play-by-play,False,,0.0,not located,
2026-01-03|64|32 Luke Bara > Spot-Up > No Dribble Jumper > Guarded > Long/3pt > Make 3 Pts,64,2026-01-03,UW-Oshkosh Titans,defense,Aiden Hawkinson,play-by-play,False,,0.0,not located,
2026-01-03|64|32 Luke Bara > Spot-Up > No Dribble Jumper > Guarded > Long/3pt > Make 3 Pts,64,2026-01-03,UW-Oshkosh Titans,defense,Jay Dalton,play-by-play,False,,0.0,not located,
2026-01-03|64|32 Luke Bara > Spot-Up > No Dribble Jumper > Guarded > Long/3pt > Make 3 Pts,64,2026-01-03,UW-Oshkosh Titans,defense,Jonah Rindfleisch,play-by-play,False,,0.0,not located,
2026-01-03|64|32 Luke Bara > Spot-Up > No Dribble Jumper > Guarded > Long/3pt > Make 3 Pts,64,2026-01-03,UW-Oshkosh Titans,defense,Logan Rindfleisch,play-by-play,False,,0.0,not located,
2026-01-03|64|32 Luke Bara > Spot-Up > No Dribble Jumper > Guarded > Long/3pt > Make 3 Pts,64,2026-01-03,UW-Oshkosh Titans,defense,Oskar Kangas,play-by-play,False,,0.0,not located,
2026-01-03|65|13 Logan Rindfleisch > Transition > Left Wing > To Basket > Miss 2 Pts,65,2026-01-03,UW-Oshkosh Titans,offense,Aiden Hawkinson,play-by-play,True,11,5.2,best guess,0.31
2026-01-03|65|13 Logan Rindfleisch > Transition > Left Wing > To Basket > Miss 2 Pts,65,2026-01-03,UW-Oshkosh Titans,offense,Jay Dalton,play-by-play,True,39,1.0,linked possession,0.95
2026-01-03|65|13 Logan Rindfleisch > Transition > Left Wing > To Basket > Miss 2 Pts,65,2026-01-03,UW-Oshkosh Titans,offense,Jonah Rindfleisch,play-by-play,True,24,3.8,best guess,0.31
2026-01-03|65|13 Logan Rindfleisch > Transition > Left Wing > To Basket > Miss 2 Pts,65,2026-01-03,UW-Oshkosh Titans,offense,Logan Rindfleisch,play-by-play,True,28,3.0,linked possession,0.95
2026-01-03|65|13 Logan Rindfleisch > Transition > Left Wing > To Basket > Miss 2 Pts,65,2026-01-03,UW-Oshkosh Titans,offense,Oskar Kangas,play-by-play,True,4,5.5,best guess,0.31
2026-01-03|65|13 Logan Rindfleisch > Transition > Left Wing > To Basket > Miss 2 Pts,65,2026-01-03,UW-Whitewater,defense,Brock Marino,play-by-play,True,20,3.8,linked possession,0.95
2026-01-03|65|13 Logan Rindfleisch > Transition > Left Wing > To Basket > Miss 2 Pts,65,2026-01-03,UW-Whitewater,defense,Collin Madson,play-by-play,False,,0.0,not located,
2026-01-03|65|13 Logan Rindfleisch > Transition > Left Wing > To Basket > Miss 2 Pts,65,2026-01-03,UW-Whitewater,defense,JR Lukenbill,play-by-play,False,,0.0,not located,
2026-01-03|65|13 Logan Rindfleisch > Transition > Left Wing > To Basket > Miss 2 Pts,65,2026-01-03,UW-Whitewater,defense,Luke Bara,play-by-play,False,,0.0,not located,
2026-01-03|65|13 Logan Rindfleisch > Transition > Left Wing > To Basket > Miss 2 Pts,65,2026-01-03,UW-Whitewater,defense,Richie Warren,play-by-play,False,,0.0,not located,
2026-01-03|66|32 Luke Bara > P&R Ball Handler > High P&R > Go Away from Pick > Defense Commits > Ball Delivered > 24 Richie Warren > Spot-Up > No Dribble Jumper > Open > Long/3pt > Miss 3 Pts,66,2026-01-03,UW-Whitewater,offense,Brock Marino,play-by-play,True,10;29;38,8.8,best guess;coach checked,0.95
2026-01-03|66|32 Luke Bara > P&R Ball Handler > High P&R > Go Away from Pick > Defense Commits > Ball Delivered > 24 Richie Warren > Spot-Up > No Dribble Jumper > Open > Long/3pt > Miss 3 Pts,66,2026-01-03,UW-Whitewater,offense,Collin Madson,play-by-play,True,6;24,13.0,best guess;coach checked,0.95
2026-01-03|66|32 Luke Bara > P&R Ball Handler > High P&R > Go Away from Pick > Defense Commits > Ball Delivered > 24 Richie Warren > Spot-Up > No Dribble Jumper > Open > Long/3pt > Miss 3 Pts,66,2026-01-03,UW-Whitewater,offense,JR Lukenbill,play-by-play,True,3;23;30,7.0,best guess;coach checked,0.99
2026-01-03|66|32 Luke Bara > P&R Ball Handler > High P&R > Go Away from Pick > Defense Commits > Ball Delivered > 24 Richie Warren > Spot-Up > No Dribble Jumper > Open > Long/3pt > Miss 3 Pts,66,2026-01-03,UW-Whitewater,offense,Luke Bara,play-by-play,True,15,10.8,best guess,0.92
2026-01-03|66|32 Luke Bara > P&R Ball Handler > High P&R > Go Away from Pick > Defense Commits > Ball Delivered > 24 Richie Warren > Spot-Up > No Dribble Jumper > Open > Long/3pt > Miss 3 Pts,66,2026-01-03,UW-Whitewater,offense,Richie Warren,play-by-play,True,11,15.5,coach checked,0.99
2026-01-03|66|32 Luke Bara > P&R Ball Handler > High P&R > Go Away from Pick > Defense Commits > Ball Delivered > 24 Richie Warren > Spot-Up > No Dribble Jumper > Open > Long/3pt > Miss 3 Pts,66,2026-01-03,UW-Oshkosh Titans,defense,Aiden Hawkinson,play-by-play,True,16;25,11.5,best guess,0.46
2026-01-03|66|32 Luke Bara > P&R Ball Handler > High P&R > Go Away from Pick > Defense Commits > Ball Delivered > 24 Richie Warren > Spot-Up > No Dribble Jumper > Open > Long/3pt > Miss 3 Pts,66,2026-01-03,UW-Oshkosh Titans,defense,Jay Dalton,play-by-play,True,1,12.2,coach checked,0.95
2026-01-03|66|32 Luke Bara > P&R Ball Handler > High P&R > Go Away from Pick > Defense Commits > Ball Delivered > 24 Richie Warren > Spot-Up > No Dribble Jumper > Open > Long/3pt > Miss 3 Pts,66,2026-01-03,UW-Oshkosh Titans,defense,Jonah Rindfleisch,play-by-play,True,7;22,7.5,best guess,0.46
2026-01-03|66|32 Luke Bara > P&R Ball Handler > High P&R > Go Away from Pick > Defense Commits > Ball Delivered > 24 Richie Warren > Spot-Up > No Dribble Jumper > Open > Long/3pt > Miss 3 Pts,66,2026-01-03,UW-Oshkosh Titans,defense,Logan Rindfleisch,play-by-play,True,5;26,12.5,best guess;coach checked,0.95
2026-01-03|66|32 Luke Bara > P&R Ball Handler > High P&R > Go Away from Pick > Defense Commits > Ball Delivered > 24 Richie Warren > Spot-Up > No Dribble Jumper > Open > Long/3pt > Miss 3 Pts,66,2026-01-03,UW-Oshkosh Titans,defense,Oskar Kangas,play-by-play,True,9;32,4.0,coach checked,0.99
2026-01-03|67|32 Luke Bara > Spot-Up > Drives Left > Dribble Jumper > Long/3pt > Miss 3 Pts,67,2026-01-03,UW-Whitewater,offense,Brock Marino,play-by-play,False,,0.0,not located,
2026-01-03|67|32 Luke Bara > Spot-Up > Drives Left > Dribble Jumper > Long/3pt > Miss 3 Pts,67,2026-01-03,UW-Whitewater,offense,Collin Madson,play-by-play,True,3;29,4.2,followed player;linked possession,0.95
2026-01-03|67|32 Luke Bara > Spot-Up > Drives Left > Dribble Jumper > Long/3pt > Miss 3 Pts,67,2026-01-03,UW-Whitewater,offense,JR Lukenbill,play-by-play,False,,0.0,not located,
2026-01-03|67|32 Luke Bara > Spot-Up > Drives Left > Dribble Jumper > Long/3pt > Miss 3 Pts,67,2026-01-03,UW-Whitewater,offense,Luke Bara,play-by-play,False,,0.0,not located,
2026-01-03|67|32 Luke Bara > Spot-Up > Drives Left > Dribble Jumper > Long/3pt > Miss 3 Pts,67,2026-01-03,UW-Whitewater,offense,Richie Warren,play-by-play,False,,0.0,not located,
2026-01-03|67|32 Luke Bara > Spot-Up > Drives Left > Dribble Jumper > Long/3pt > Miss 3 Pts,67,2026-01-03,UW-Oshkosh Titans,defense,Aiden Hawkinson,play-by-play,False,,0.0,not located,
2026-01-03|67|32 Luke Bara > Spot-Up > Drives Left > Dribble Jumper > Long/3pt > Miss 3 Pts,67,2026-01-03,UW-Oshkosh Titans,defense,Jay Dalton,play-by-play,True,0;22;44,11.5,followed player;linked possession,0.95
2026-01-03|67|32 Luke Bara > Spot-Up > Drives Left > Dribble Jumper > Long/3pt > Miss 3 Pts,67,2026-01-03,UW-Oshkosh Titans,defense,Jonah Rindfleisch,play-by-play,False,,0.0,not located,
2026-01-03|67|32 Luke Bara > Spot-Up > Drives Left > Dribble Jumper > Long/3pt > Miss 3 Pts,67,2026-01-03,UW-Oshkosh Titans,defense,Logan Rindfleisch,play-by-play,False,,0.0,not located,
2026-01-03|67|32 Luke Bara > Spot-Up > Drives Left > Dribble Jumper > Long/3pt > Miss 3 Pts,67,2026-01-03,UW-Oshkosh Titans,defense,Oskar Kangas,play-by-play,False,,0.0,not located,
2026-01-03|68|2 Joey LaChapell > P&R Ball Handler > High P&R > Dribble Off Pick > Defense Commits > Ball Delivered > 21 Carter Thomas > Spot-Up > No Dribble Jumper > Guarded > Long/3pt > Miss 3 Pts,68,2026-01-03,UW-Oshkosh Titans,offense,Brandon Beck,play-by-play,False,,0.0,not located,
2026-01-03|68|2 Joey LaChapell > P&R Ball Handler > High P&R > Dribble Off Pick > Defense Commits > Ball Delivered > 21 Carter Thomas > Spot-Up > No Dribble Jumper > Guarded > Long/3pt > Miss 3 Pts,68,2026-01-03,UW-Oshkosh Titans,offense,Carter Thomas,play-by-play,False,,0.0,not located,
2026-01-03|68|2 Joey LaChapell > P&R Ball Handler > High P&R > Dribble Off Pick > Defense Commits > Ball Delivered > 21 Carter Thomas > Spot-Up > No Dribble Jumper > Guarded > Long/3pt > Miss 3 Pts,68,2026-01-03,UW-Oshkosh Titans,offense,Joey LaChapell,play-by-play,False,,0.0,not located,
2026-01-03|68|2 Joey LaChapell > P&R Ball Handler > High P&R > Dribble Off Pick > Defense Commits > Ball Delivered > 21 Carter Thomas > Spot-Up > No Dribble Jumper > Guarded > Long/3pt > Miss 3 Pts,68,2026-01-03,UW-Oshkosh Titans,offense,Michael Metcalf-Grassman,play-by-play,False,,0.0,not located,
2026-01-03|68|2 Joey LaChapell > P&R Ball Handler > High P&R > Dribble Off Pick > Defense Commits > Ball Delivered > 21 Carter Thomas > Spot-Up > No Dribble Jumper > Guarded > Long/3pt > Miss 3 Pts,68,2026-01-03,UW-Oshkosh Titans,offense,Nate Nazos,play-by-play,False,,0.0,not located,
2026-01-03|68|2 Joey LaChapell > P&R Ball Handler > High P&R > Dribble Off Pick > Defense Commits > Ball Delivered > 21 Carter Thomas > Spot-Up > No Dribble Jumper > Guarded > Long/3pt > Miss 3 Pts,68,2026-01-03,UW-Whitewater,defense,Brock Marino,play-by-play,False,,0.0,not located,
2026-01-03|68|2 Joey LaChapell > P&R Ball Handler > High P&R > Dribble Off Pick > Defense Commits > Ball Delivered > 21 Carter Thomas > Spot-Up > No Dribble Jumper > Guarded > Long/3pt > Miss 3 Pts,68,2026-01-03,UW-Whitewater,defense,Collin Madson,play-by-play,False,,0.0,not located,
2026-01-03|68|2 Joey LaChapell > P&R Ball Handler > High P&R > Dribble Off Pick > Defense Commits > Ball Delivered > 21 Carter Thomas > Spot-Up > No Dribble Jumper > Guarded > Long/3pt > Miss 3 Pts,68,2026-01-03,UW-Whitewater,defense,JR Lukenbill,play-by-play,False,,0.0,not located,
2026-01-03|68|2 Joey LaChapell > P&R Ball Handler > High P&R > Dribble Off Pick > Defense Commits > Ball Delivered > 21 Carter Thomas > Spot-Up > No Dribble Jumper > Guarded > Long/3pt > Miss 3 Pts,68,2026-01-03,UW-Whitewater,defense,Luke Bara,play-by-play,False,,0.0,not located,
2026-01-03|68|2 Joey LaChapell > P&R Ball Handler > High P&R > Dribble Off Pick > Defense Commits > Ball Delivered > 21 Carter Thomas > Spot-Up > No Dribble Jumper > Guarded > Long/3pt > Miss 3 Pts,68,2026-01-03,UW-Whitewater,defense,Tyshawn Teague-Johnson,play-by-play,False,,0.0,not located,
2026-01-03|69|32 Luke Bara > ISO > Right > Drives Left > To Basket > Miss 2 Pts,69,2026-01-03,UW-Whitewater,offense,Brock Marino,clips before/after (no clock),True,25,12.0,best guess,0.31
2026-01-03|69|32 Luke Bara > ISO > Right > Drives Left > To Basket > Miss 2 Pts,69,2026-01-03,UW-Whitewater,offense,Collin Madson,clips before/after (no clock),True,37,16.2,best guess,0.31
2026-01-03|69|32 Luke Bara > ISO > Right > Drives Left > To Basket > Miss 2 Pts,69,2026-01-03,UW-Whitewater,offense,JR Lukenbill,clips before/after (no clock),True,49,8.5,linked possession,0.95
2026-01-03|69|32 Luke Bara > ISO > Right > Drives Left > To Basket > Miss 2 Pts,69,2026-01-03,UW-Whitewater,offense,Luke Bara,clips before/after (no clock),True,39,13.5,best guess,0.31
2026-01-03|69|32 Luke Bara > ISO > Right > Drives Left > To Basket > Miss 2 Pts,69,2026-01-03,UW-Whitewater,offense,Tyshawn Teague-Johnson,clips before/after (no clock),True,3;24,32.2,followed player;linked possession,0.95
2026-01-03|69|32 Luke Bara > ISO > Right > Drives Left > To Basket > Miss 2 Pts,69,2026-01-03,UW-Oshkosh Titans,defense,Brandon Beck,clips before/after (no clock),False,,0.0,not located,
2026-01-03|69|32 Luke Bara > ISO > Right > Drives Left > To Basket > Miss 2 Pts,69,2026-01-03,UW-Oshkosh Titans,defense,Carter Thomas,clips before/after (no clock),False,,0.0,not located,
2026-01-03|69|32 Luke Bara > ISO > Right > Drives Left > To Basket > Miss 2 Pts,69,2026-01-03,UW-Oshkosh Titans,defense,Joey LaChapell,clips before/after (no clock),False,,0.0,not located,
2026-01-03|69|32 Luke Bara > ISO > Right > Drives Left > To Basket > Miss 2 Pts,69,2026-01-03,UW-Oshkosh Titans,defense,Michael Metcalf-Grassman,clips before/after (no clock),False,,0.0,not located,
2026-01-03|69|32 Luke Bara > ISO > Right > Drives Left > To Basket > Miss 2 Pts,69,2026-01-03,UW-Oshkosh Titans,defense,Nate Nazos,clips before/after (no clock),False,,0.0,not located,
2026-01-03|70|15 Collin Madson > Off Screen > To Shooter's Right > Straight > No Dribble Jumper > Guarded > Long/3pt > Miss 3 Pts,70,2026-01-03,UW-Whitewater,offense,Brock Marino,play-by-play,True,12,5.5,best guess,0.31
2026-01-03|70|15 Collin Madson > Off Screen > To Shooter's Right > Straight > No Dribble Jumper > Guarded > Long/3pt > Miss 3 Pts,70,2026-01-03,UW-Whitewater,offense,Collin Madson,play-by-play,True,5,5.5,best guess,0.31
2026-01-03|70|15 Collin Madson > Off Screen > To Shooter's Right > Straight > No Dribble Jumper > Guarded > Long/3pt > Miss 3 Pts,70,2026-01-03,UW-Whitewater,offense,JR Lukenbill,play-by-play,True,0,6.8,coach checked,0.95
2026-01-03|70|15 Collin Madson > Off Screen > To Shooter's Right > Straight > No Dribble Jumper > Guarded > Long/3pt > Miss 3 Pts,70,2026-01-03,UW-Whitewater,offense,Luke Bara,play-by-play,True,1;16,6.2,best guess,0.31
2026-01-03|70|15 Collin Madson > Off Screen > To Shooter's Right > Straight > No Dribble Jumper > Guarded > Long/3pt > Miss 3 Pts,70,2026-01-03,UW-Whitewater,offense,Tyshawn Teague-Johnson,play-by-play,True,2;20,9.2,coach checked;followed player,0.95
2026-01-03|70|15 Collin Madson > Off Screen > To Shooter's Right > Straight > No Dribble Jumper > Guarded > Long/3pt > Miss 3 Pts,70,2026-01-03,UW-Oshkosh Titans,defense,Brandon Beck,play-by-play,False,,0.0,not located,
2026-01-03|70|15 Collin Madson > Off Screen > To Shooter's Right > Straight > No Dribble Jumper > Guarded > Long/3pt > Miss 3 Pts,70,2026-01-03,UW-Oshkosh Titans,defense,Carter Thomas,play-by-play,False,,0.0,not located,
2026-01-03|70|15 Collin Madson > Off Screen > To Shooter's Right > Straight > No Dribble Jumper > Guarded > Long/3pt > Miss 3 Pts,70,2026-01-03,UW-Oshkosh Titans,defense,Joey LaChapell,play-by-play,False,,0.0,not located,
2026-01-03|70|15 Collin Madson > Off Screen > To Shooter's Right > Straight > No Dribble Jumper > Guarded > Long/3pt > Miss 3 Pts,70,2026-01-03,UW-Oshkosh Titans,defense,Michael Metcalf-Grassman,play-by-play,False,,0.0,not located,
2026-01-03|70|15 Collin Madson > Off Screen > To Shooter's Right > Straight > No Dribble Jumper > Guarded > Long/3pt > Miss 3 Pts,70,2026-01-03,UW-Oshkosh Titans,defense,Nate Nazos,play-by-play,False,,0.0,not located,
2026-01-03|71|4 Michael Metcalf-Grassman > Non Possession > No Violation,71,2026-01-03,UW-Whitewater,defense,Brock Marino,clips before/after (no clock),False,,0.0,not located,
2026-01-03|71|4 Michael Metcalf-Grassman > Non Possession > No Violation,71,2026-01-03,UW-Whitewater,defense,Collin Madson,clips before/after (no clock),False,,0.0,not located,
2026-01-03|71|4 Michael Metcalf-Grassman > Non Possession > No Violation,71,2026-01-03,UW-Whitewater,defense,JR Lukenbill,clips before/after (no clock),False,,0.0,not located,
2026-01-03|71|4 Michael Metcalf-Grassman > Non Possession > No Violation,71,2026-01-03,UW-Whitewater,defense,Luke Bara,clips before/after (no clock),False,,0.0,not located,
2026-01-03|71|4 Michael Metcalf-Grassman > Non Possession > No Violation,71,2026-01-03,UW-Whitewater,defense,Tyshawn Teague-Johnson,clips before/after (no clock),True,3,1.0,linked possession,0.95
2026-01-03|72|13 Logan Rindfleisch > Spot-Up > Drives Left > To Basket > Miss 2 Pts,72,2026-01-03,UW-Oshkosh Titans,offense,Aiden Hawkinson,play-by-play,False,,0.0,not located,
2026-01-03|72|13 Logan Rindfleisch > Spot-Up > Drives Left > To Basket > Miss 2 Pts,72,2026-01-03,UW-Oshkosh Titans,offense,Logan Rindfleisch,play-by-play,False,,0.0,not located,
2026-01-03|72|13 Logan Rindfleisch > Spot-Up > Drives Left > To Basket > Miss 2 Pts,72,2026-01-03,UW-Oshkosh Titans,offense,Matt Imig,play-by-play,False,,0.0,not located,
2026-01-03|72|13 Logan Rindfleisch > Spot-Up > Drives Left > To Basket > Miss 2 Pts,72,2026-01-03,UW-Oshkosh Titans,offense,Oskar Kangas,play-by-play,False,,0.0,not located,
2026-01-03|72|13 Logan Rindfleisch > Spot-Up > Drives Left > To Basket > Miss 2 Pts,72,2026-01-03,UW-Oshkosh Titans,offense,Vitorio Dante,play-by-play,False,,0.0,not located,
2026-01-03|72|13 Logan Rindfleisch > Spot-Up > Drives Left > To Basket > Miss 2 Pts,72,2026-01-03,UW-Whitewater,defense,Brock Marino,play-by-play,False,,0.0,not located,
2026-01-03|72|13 Logan Rindfleisch > Spot-Up > Drives Left > To Basket > Miss 2 Pts,72,2026-01-03,UW-Whitewater,defense,Collin Madson,play-by-play,False,,0.0,not located,
2026-01-03|72|13 Logan Rindfleisch > Spot-Up > Drives Left > To Basket > Miss 2 Pts,72,2026-01-03,UW-Whitewater,defense,JR Lukenbill,play-by-play,False,,0.0,not located,
2026-01-03|72|13 Logan Rindfleisch > Spot-Up > Drives Left > To Basket > Miss 2 Pts,72,2026-01-03,UW-Whitewater,defense,Luke Bara,play-by-play,False,,0.0,not located,
2026-01-03|72|13 Logan Rindfleisch > Spot-Up > Drives Left > To Basket > Miss 2 Pts,72,2026-01-03,UW-Whitewater,defense,Tyshawn Teague-Johnson,play-by-play,False,,0.0,not located,
2026-01-03|73|11 Jr Lukenbill > Transition > Left Wing > No Dribble Jumper > Open > Long/3pt > Miss 3 Pts,73,2026-01-03,UW-Whitewater,offense,Brock Marino,play-by-play,False,,0.0,not located,
2026-01-03|73|11 Jr Lukenbill > Transition > Left Wing > No Dribble Jumper > Open > Long/3pt > Miss 3 Pts,73,2026-01-03,UW-Whitewater,offense,Collin Madson,play-by-play,False,,0.0,not located,
2026-01-03|73|11 Jr Lukenbill > Transition > Left Wing > No Dribble Jumper > Open > Long/3pt > Miss 3 Pts,73,2026-01-03,UW-Whitewater,offense,JR Lukenbill,play-by-play,False,,0.0,not located,
2026-01-03|73|11 Jr Lukenbill > Transition > Left Wing > No Dribble Jumper > Open > Long/3pt > Miss 3 Pts,73,2026-01-03,UW-Whitewater,offense,Luke Bara,play-by-play,False,,0.0,not located,
2026-01-03|73|11 Jr Lukenbill > Transition > Left Wing > No Dribble Jumper > Open > Long/3pt > Miss 3 Pts,73,2026-01-03,UW-Whitewater,offense,Tyshawn Teague-Johnson,play-by-play,False,,0.0,not located,
2026-01-03|73|11 Jr Lukenbill > Transition > Left Wing > No Dribble Jumper > Open > Long/3pt > Miss 3 Pts,73,2026-01-03,UW-Oshkosh Titans,defense,Aiden Hawkinson,play-by-play,False,,0.0,not located,
2026-01-03|73|11 Jr Lukenbill > Transition > Left Wing > No Dribble Jumper > Open > Long/3pt > Miss 3 Pts,73,2026-01-03,UW-Oshkosh Titans,defense,Logan Rindfleisch,play-by-play,False,,0.0,not located,
2026-01-03|73|11 Jr Lukenbill > Transition > Left Wing > No Dribble Jumper > Open > Long/3pt > Miss 3 Pts,73,2026-01-03,UW-Oshkosh Titans,defense,Matt Imig,play-by-play,False,,0.0,not located,
2026-01-03|73|11 Jr Lukenbill > Transition > Left Wing > No Dribble Jumper > Open > Long/3pt > Miss 3 Pts,73,2026-01-03,UW-Oshkosh Titans,defense,Oskar Kangas,play-by-play,False,,0.0,not located,
2026-01-03|73|11 Jr Lukenbill > Transition > Left Wing > No Dribble Jumper > Open > Long/3pt > Miss 3 Pts,73,2026-01-03,UW-Oshkosh Titans,defense,Vitorio Dante,play-by-play,False,,0.0,not located,
2026-01-03|74|21 Brock Marino > Offensive Rebound > Short > Scoring Attempt > At Basket > Foul,74,2026-01-03,UW-Whitewater,offense,Brock Marino,play-by-play,False,,0.0,not located,
2026-01-03|74|21 Brock Marino > Offensive Rebound > Short > Scoring Attempt > At Basket > Foul,74,2026-01-03,UW-Whitewater,offense,Collin Madson,play-by-play,False,,0.0,not located,
2026-01-03|74|21 Brock Marino > Offensive Rebound > Short > Scoring Attempt > At Basket > Foul,74,2026-01-03,UW-Whitewater,offense,JR Lukenbill,play-by-play,False,,0.0,not located,
2026-01-03|74|21 Brock Marino > Offensive Rebound > Short > Scoring Attempt > At Basket > Foul,74,2026-01-03,UW-Whitewater,offense,Luke Bara,play-by-play,False,,0.0,not located,
2026-01-03|74|21 Brock Marino > Offensive Rebound > Short > Scoring Attempt > At Basket > Foul,74,2026-01-03,UW-Whitewater,offense,Tyshawn Teague-Johnson,play-by-play,False,,0.0,not located,
2026-01-03|74|21 Brock Marino > Offensive Rebound > Short > Scoring Attempt > At Basket > Foul,74,2026-01-03,UW-Oshkosh Titans,defense,Aiden Hawkinson,play-by-play,False,,0.0,not located,
2026-01-03|74|21 Brock Marino > Offensive Rebound > Short > Scoring Attempt > At Basket > Foul,74,2026-01-03,UW-Oshkosh Titans,defense,Logan Rindfleisch,play-by-play,False,,0.0,not located,
2026-01-03|74|21 Brock Marino > Offensive Rebound > Short > Scoring Attempt > At Basket > Foul,74,2026-01-03,UW-Oshkosh Titans,defense,Matt Imig,play-by-play,False,,0.0,not located,
2026-01-03|74|21 Brock Marino > Offensive Rebound > Short > Scoring Attempt > At Basket > Foul,74,2026-01-03,UW-Oshkosh Titans,defense,Oskar Kangas,play-by-play,False,,0.0,not located,
2026-01-03|74|21 Brock Marino > Offensive Rebound > Short > Scoring Attempt > At Basket > Foul,74,2026-01-03,UW-Oshkosh Titans,defense,Vitorio Dante,play-by-play,False,,0.0,not located,
2026-01-03|75|23 Oskar Kangas > Non Possession > No Violation,75,2026-01-03,UW-Whitewater,defense,Brock Marino,clips before/after (no clock),False,,0.0,not located,
2026-01-03|75|23 Oskar Kangas > Non Possession > No Violation,75,2026-01-03,UW-Whitewater,defense,Collin Madson,clips before/after (no clock),False,,0.0,not located,
2026-01-03|75|23 Oskar Kangas > Non Possession > No Violation,75,2026-01-03,UW-Whitewater,defense,JR Lukenbill,clips before/after (no clock),False,,0.0,not located,
2026-01-03|75|23 Oskar Kangas > Non Possession > No Violation,75,2026-01-03,UW-Whitewater,defense,Luke Bara,clips before/after (no clock),False,,0.0,not located,
2026-01-03|75|23 Oskar Kangas > Non Possession > No Violation,75,2026-01-03,UW-Whitewater,defense,Tyshawn Teague-Johnson,clips before/after (no clock),False,,0.0,not located,
2026-01-03|76|0 Brandon Beck > Cut > Flash > Make 2 Pts,76,2026-01-03,UW-Oshkosh Titans,offense,Brandon Beck,play-by-play,False,,0.0,not located,
2026-01-03|76|0 Brandon Beck > Cut > Flash > Make 2 Pts,76,2026-01-03,UW-Oshkosh Titans,offense,Carter Thomas,play-by-play,False,,0.0,not located,
2026-01-03|76|0 Brandon Beck > Cut > Flash > Make 2 Pts,76,2026-01-03,UW-Oshkosh Titans,offense,Joey LaChapell,play-by-play,False,,0.0,not located,
2026-01-03|76|0 Brandon Beck > Cut > Flash > Make 2 Pts,76,2026-01-03,UW-Oshkosh Titans,offense,Michael Metcalf-Grassman,play-by-play,False,,0.0,not located,
2026-01-03|76|0 Brandon Beck > Cut > Flash > Make 2 Pts,76,2026-01-03,UW-Oshkosh Titans,offense,Nate Nazos,play-by-play,False,,0.0,not located,
2026-01-03|76|0 Brandon Beck > Cut > Flash > Make 2 Pts,76,2026-01-03,UW-Whitewater,defense,Brock Marino,play-by-play,False,,0.0,not located,
2026-01-03|76|0 Brandon Beck > Cut > Flash > Make 2 Pts,76,2026-01-03,UW-Whitewater,defense,Collin Madson,play-by-play,False,,0.0,not located,
2026-01-03|76|0 Brandon Beck > Cut > Flash > Make 2 Pts,76,2026-01-03,UW-Whitewater,defense,JR Lukenbill,play-by-play,False,,0.0,not located,
2026-01-03|76|0 Brandon Beck > Cut > Flash > Make 2 Pts,76,2026-01-03,UW-Whitewater,defense,Luke Bara,play-by-play,False,,0.0,not located,
2026-01-03|76|0 Brandon Beck > Cut > Flash > Make 2 Pts,76,2026-01-03,UW-Whitewater,defense,Tyshawn Teague-Johnson,play-by-play,False,,0.0,not located,
2026-01-03|77|32 Luke Bara > P&R Ball Handler > High P&R > Go Away from Pick > Defense Commits > Ball Delivered > 21 Brock Marino > P&R Roll Man > Rolls to Basket > Make 2 Pts,77,2026-01-03,UW-Whitewater,offense,Brock Marino,play-by-play,False,,0.0,not located,
2026-01-03|77|32 Luke Bara > P&R Ball Handler > High P&R > Go Away from Pick > Defense Commits > Ball Delivered > 21 Brock Marino > P&R Roll Man > Rolls to Basket > Make 2 Pts,77,2026-01-03,UW-Whitewater,offense,Collin Madson,play-by-play,False,,0.0,not located,
2026-01-03|77|32 Luke Bara > P&R Ball Handler > High P&R > Go Away from Pick > Defense Commits > Ball Delivered > 21 Brock Marino > P&R Roll Man > Rolls to Basket > Make 2 Pts,77,2026-01-03,UW-Whitewater,offense,JR Lukenbill,play-by-play,False,,0.0,not located,
2026-01-03|77|32 Luke Bara > P&R Ball Handler > High P&R > Go Away from Pick > Defense Commits > Ball Delivered > 21 Brock Marino > P&R Roll Man > Rolls to Basket > Make 2 Pts,77,2026-01-03,UW-Whitewater,offense,Luke Bara,play-by-play,False,,0.0,not located,
2026-01-03|77|32 Luke Bara > P&R Ball Handler > High P&R > Go Away from Pick > Defense Commits > Ball Delivered > 21 Brock Marino > P&R Roll Man > Rolls to Basket > Make 2 Pts,77,2026-01-03,UW-Whitewater,offense,Tyshawn Teague-Johnson,play-by-play,False,,0.0,not located,
2026-01-03|77|32 Luke Bara > P&R Ball Handler > High P&R > Go Away from Pick > Defense Commits > Ball Delivered > 21 Brock Marino > P&R Roll Man > Rolls to Basket > Make 2 Pts,77,2026-01-03,UW-Oshkosh Titans,defense,Brandon Beck,play-by-play,False,,0.0,not located,
2026-01-03|77|32 Luke Bara > P&R Ball Handler > High P&R > Go Away from Pick > Defense Commits > Ball Delivered > 21 Brock Marino > P&R Roll Man > Rolls to Basket > Make 2 Pts,77,2026-01-03,UW-Oshkosh Titans,defense,Carter Thomas,play-by-play,False,,0.0,not located,
2026-01-03|77|32 Luke Bara > P&R Ball Handler > High P&R > Go Away from Pick > Defense Commits > Ball Delivered > 21 Brock Marino > P&R Roll Man > Rolls to Basket > Make 2 Pts,77,2026-01-03,UW-Oshkosh Titans,defense,Joey LaChapell,play-by-play,False,,0.0,not located,
2026-01-03|77|32 Luke Bara > P&R Ball Handler > High P&R > Go Away from Pick > Defense Commits > Ball Delivered > 21 Brock Marino > P&R Roll Man > Rolls to Basket > Make 2 Pts,77,2026-01-03,UW-Oshkosh Titans,defense,Michael Metcalf-Grassman,play-by-play,False,,0.0,not located,
2026-01-03|77|32 Luke Bara > P&R Ball Handler > High P&R > Go Away from Pick > Defense Commits > Ball Delivered > 21 Brock Marino > P&R Roll Man > Rolls to Basket > Make 2 Pts,77,2026-01-03,UW-Oshkosh Titans,defense,Nate Nazos,play-by-play,False,,0.0,not located,
2026-01-03|78|4 Michael Metcalf-Grassman > Transition > Trailer > No Dribble Jumper > Guarded > Long/3pt > Make 3 Pts,78,2026-01-03,UW-Oshkosh Titans,offense,Brandon Beck,play-by-play,False,,0.0,not located,
2026-01-03|78|4 Michael Metcalf-Grassman > Transition > Trailer > No Dribble Jumper > Guarded > Long/3pt > Make 3 Pts,78,2026-01-03,UW-Oshkosh Titans,offense,Carter Thomas,play-by-play,False,,0.0,not located,
2026-01-03|78|4 Michael Metcalf-Grassman > Transition > Trailer > No Dribble Jumper > Guarded > Long/3pt > Make 3 Pts,78,2026-01-03,UW-Oshkosh Titans,offense,Joey LaChapell,play-by-play,False,,0.0,not located,
2026-01-03|78|4 Michael Metcalf-Grassman > Transition > Trailer > No Dribble Jumper > Guarded > Long/3pt > Make 3 Pts,78,2026-01-03,UW-Oshkosh Titans,offense,Michael Metcalf-Grassman,play-by-play,False,,0.0,not located,
2026-01-03|78|4 Michael Metcalf-Grassman > Transition > Trailer > No Dribble Jumper > Guarded > Long/3pt > Make 3 Pts,78,2026-01-03,UW-Oshkosh Titans,offense,Nate Nazos,play-by-play,False,,0.0,not located,
2026-01-03|78|4 Michael Metcalf-Grassman > Transition > Trailer > No Dribble Jumper > Guarded > Long/3pt > Make 3 Pts,78,2026-01-03,UW-Whitewater,defense,Brock Marino,play-by-play,False,,0.0,not located,
2026-01-03|78|4 Michael Metcalf-Grassman > Transition > Trailer > No Dribble Jumper > Guarded > Long/3pt > Make 3 Pts,78,2026-01-03,UW-Whitewater,defense,Collin Madson,play-by-play,False,,0.0,not located,
2026-01-03|78|4 Michael Metcalf-Grassman > Transition > Trailer > No Dribble Jumper > Guarded > Long/3pt > Make 3 Pts,78,2026-01-03,UW-Whitewater,defense,JR Lukenbill,play-by-play,False,,0.0,not located,
2026-01-03|78|4 Michael Metcalf-Grassman > Transition > Trailer > No Dribble Jumper > Guarded > Long/3pt > Make 3 Pts,78,2026-01-03,UW-Whitewater,defense,Luke Bara,play-by-play,False,,0.0,not located,
2026-01-03|78|4 Michael Metcalf-Grassman > Transition > Trailer > No Dribble Jumper > Guarded > Long/3pt > Make 3 Pts,78,2026-01-03,UW-Whitewater,defense,Tyshawn Teague-Johnson,play-by-play,False,,0.0,not located,
2026-01-03|80|21 Brock Marino > Post-Up > Right Block > Right Shoulder > Dribble Move > Defense Commits > Ball Delivered > 12 Jake Quast > Cut > Basket > Make 2 Pts,80,2026-01-03,UW-Whitewater,offense,Brock Marino,play-by-play,False,,0.0,not located,
2026-01-03|80|21 Brock Marino > Post-Up > Right Block > Right Shoulder > Dribble Move > Defense Commits > Ball Delivered > 12 Jake Quast > Cut > Basket > Make 2 Pts,80,2026-01-03,UW-Whitewater,offense,Collin Madson,play-by-play,False,,0.0,not located,
2026-01-03|80|21 Brock Marino > Post-Up > Right Block > Right Shoulder > Dribble Move > Defense Commits > Ball Delivered > 12 Jake Quast > Cut > Basket > Make 2 Pts,80,2026-01-03,UW-Whitewater,offense,JR Lukenbill,play-by-play,False,,0.0,not located,
2026-01-03|80|21 Brock Marino > Post-Up > Right Block > Right Shoulder > Dribble Move > Defense Commits > Ball Delivered > 12 Jake Quast > Cut > Basket > Make 2 Pts,80,2026-01-03,UW-Whitewater,offense,Jake Quast,play-by-play,False,,0.0,not located,
2026-01-03|80|21 Brock Marino > Post-Up > Right Block > Right Shoulder > Dribble Move > Defense Commits > Ball Delivered > 12 Jake Quast > Cut > Basket > Make 2 Pts,80,2026-01-03,UW-Whitewater,offense,Luke Bara,play-by-play,False,,0.0,not located,
2026-01-03|80|21 Brock Marino > Post-Up > Right Block > Right Shoulder > Dribble Move > Defense Commits > Ball Delivered > 12 Jake Quast > Cut > Basket > Make 2 Pts,80,2026-01-03,UW-Oshkosh Titans,defense,Aiden Hawkinson,play-by-play,False,,0.0,not located,
2026-01-03|80|21 Brock Marino > Post-Up > Right Block > Right Shoulder > Dribble Move > Defense Commits > Ball Delivered > 12 Jake Quast > Cut > Basket > Make 2 Pts,80,2026-01-03,UW-Oshkosh Titans,defense,Jay Dalton,play-by-play,False,,0.0,not located,
2026-01-03|80|21 Brock Marino > Post-Up > Right Block > Right Shoulder > Dribble Move > Defense Commits > Ball Delivered > 12 Jake Quast > Cut > Basket > Make 2 Pts,80,2026-01-03,UW-Oshkosh Titans,defense,Logan Rindfleisch,play-by-play,False,,0.0,not located,
2026-01-03|80|21 Brock Marino > Post-Up > Right Block > Right Shoulder > Dribble Move > Defense Commits > Ball Delivered > 12 Jake Quast > Cut > Basket > Make 2 Pts,80,2026-01-03,UW-Oshkosh Titans,defense,Oskar Kangas,play-by-play,False,,0.0,not located,
2026-01-03|80|21 Brock Marino > Post-Up > Right Block > Right Shoulder > Dribble Move > Defense Commits > Ball Delivered > 12 Jake Quast > Cut > Basket > Make 2 Pts,80,2026-01-03,UW-Oshkosh Titans,defense,Vitorio Dante,play-by-play,False,,0.0,not located,
2026-01-03|81|11 Jay Dalton > No Play Type > Turnover,81,2026-01-03,UW-Oshkosh Titans,offense,Aiden Hawkinson,play-by-play,False,,0.0,not located,
2026-01-03|81|11 Jay Dalton > No Play Type > Turnover,81,2026-01-03,UW-Oshkosh Titans,offense,Jay Dalton,play-by-play,False,,0.0,not located,
2026-01-03|81|11 Jay Dalton > No Play Type > Turnover,81,2026-01-03,UW-Oshkosh Titans,offense,Logan Rindfleisch,play-by-play,False,,0.0,not located,
2026-01-03|81|11 Jay Dalton > No Play Type > Turnover,81,2026-01-03,UW-Oshkosh Titans,offense,Oskar Kangas,play-by-play,False,,0.0,not located,
2026-01-03|81|11 Jay Dalton > No Play Type > Turnover,81,2026-01-03,UW-Oshkosh Titans,offense,Vitorio Dante,play-by-play,False,,0.0,not located,
2026-01-03|81|11 Jay Dalton > No Play Type > Turnover,81,2026-01-03,UW-Whitewater,defense,Brock Marino,play-by-play,False,,0.0,not located,
2026-01-03|81|11 Jay Dalton > No Play Type > Turnover,81,2026-01-03,UW-Whitewater,defense,Collin Madson,play-by-play,False,,0.0,not located,
2026-01-03|81|11 Jay Dalton > No Play Type > Turnover,81,2026-01-03,UW-Whitewater,defense,JR Lukenbill,play-by-play,False,,0.0,not located,
2026-01-03|81|11 Jay Dalton > No Play Type > Turnover,81,2026-01-03,UW-Whitewater,defense,Jake Quast,play-by-play,False,,0.0,not located,
2026-01-03|81|11 Jay Dalton > No Play Type > Turnover,81,2026-01-03,UW-Whitewater,defense,Luke Bara,play-by-play,False,,0.0,not located,
2026-01-03|82|2 Joey LaChapell > P&R Ball Handler > High P&R > Dribble Off Pick > Defense Commits > Ball Delivered > 0 Brandon Beck > P&R Roll Man > Pick and Pops > No Dribble Jumper > Guarded > Long/3pt > Miss 3 Pts,82,2026-01-03,UW-Oshkosh Titans,offense,Brandon Beck,play-by-play,False,,0.0,not located,
2026-01-03|82|2 Joey LaChapell > P&R Ball Handler > High P&R > Dribble Off Pick > Defense Commits > Ball Delivered > 0 Brandon Beck > P&R Roll Man > Pick and Pops > No Dribble Jumper > Guarded > Long/3pt > Miss 3 Pts,82,2026-01-03,UW-Oshkosh Titans,offense,Carter Thomas,play-by-play,False,,0.0,not located,
2026-01-03|82|2 Joey LaChapell > P&R Ball Handler > High P&R > Dribble Off Pick > Defense Commits > Ball Delivered > 0 Brandon Beck > P&R Roll Man > Pick and Pops > No Dribble Jumper > Guarded > Long/3pt > Miss 3 Pts,82,2026-01-03,UW-Oshkosh Titans,offense,Joey LaChapell,play-by-play,True,34,4.8,Synergy,0.95
2026-01-03|82|2 Joey LaChapell > P&R Ball Handler > High P&R > Dribble Off Pick > Defense Commits > Ball Delivered > 0 Brandon Beck > P&R Roll Man > Pick and Pops > No Dribble Jumper > Guarded > Long/3pt > Miss 3 Pts,82,2026-01-03,UW-Oshkosh Titans,offense,Michael Metcalf-Grassman,play-by-play,False,,0.0,not located,
2026-01-03|82|2 Joey LaChapell > P&R Ball Handler > High P&R > Dribble Off Pick > Defense Commits > Ball Delivered > 0 Brandon Beck > P&R Roll Man > Pick and Pops > No Dribble Jumper > Guarded > Long/3pt > Miss 3 Pts,82,2026-01-03,UW-Oshkosh Titans,offense,Nate Nazos,play-by-play,False,,0.0,not located,
2026-01-03|82|2 Joey LaChapell > P&R Ball Handler > High P&R > Dribble Off Pick > Defense Commits > Ball Delivered > 0 Brandon Beck > P&R Roll Man > Pick and Pops > No Dribble Jumper > Guarded > Long/3pt > Miss 3 Pts,82,2026-01-03,UW-Whitewater,defense,Brock Marino,play-by-play,False,,0.0,not located,
2026-01-03|82|2 Joey LaChapell > P&R Ball Handler > High P&R > Dribble Off Pick > Defense Commits > Ball Delivered > 0 Brandon Beck > P&R Roll Man > Pick and Pops > No Dribble Jumper > Guarded > Long/3pt > Miss 3 Pts,82,2026-01-03,UW-Whitewater,defense,Collin Madson,play-by-play,False,,0.0,not located,
2026-01-03|82|2 Joey LaChapell > P&R Ball Handler > High P&R > Dribble Off Pick > Defense Commits > Ball Delivered > 0 Brandon Beck > P&R Roll Man > Pick and Pops > No Dribble Jumper > Guarded > Long/3pt > Miss 3 Pts,82,2026-01-03,UW-Whitewater,defense,JR Lukenbill,play-by-play,False,,0.0,not located,
2026-01-03|82|2 Joey LaChapell > P&R Ball Handler > High P&R > Dribble Off Pick > Defense Commits > Ball Delivered > 0 Brandon Beck > P&R Roll Man > Pick and Pops > No Dribble Jumper > Guarded > Long/3pt > Miss 3 Pts,82,2026-01-03,UW-Whitewater,defense,Jake Quast,play-by-play,False,,0.0,not located,
2026-01-03|82|2 Joey LaChapell > P&R Ball Handler > High P&R > Dribble Off Pick > Defense Commits > Ball Delivered > 0 Brandon Beck > P&R Roll Man > Pick and Pops > No Dribble Jumper > Guarded > Long/3pt > Miss 3 Pts,82,2026-01-03,UW-Whitewater,defense,Luke Bara,play-by-play,False,,0.0,not located,
2026-01-03|83|32 Luke Bara > P&R Ball Handler > High P&R > Dribble Off Pick > Defense Commits > Ball Delivered > 15 Collin Madson > Spot-Up > No Dribble Jumper > Guarded > Long/3pt > Miss 3 Pts,83,2026-01-03,UW-Whitewater,offense,Brock Marino,play-by-play,False,,0.0,not located,
2026-01-03|83|32 Luke Bara > P&R Ball Handler > High P&R > Dribble Off Pick > Defense Commits > Ball Delivered > 15 Collin Madson > Spot-Up > No Dribble Jumper > Guarded > Long/3pt > Miss 3 Pts,83,2026-01-03,UW-Whitewater,offense,Collin Madson,play-by-play,False,,0.0,not located,
2026-01-03|83|32 Luke Bara > P&R Ball Handler > High P&R > Dribble Off Pick > Defense Commits > Ball Delivered > 15 Collin Madson > Spot-Up > No Dribble Jumper > Guarded > Long/3pt > Miss 3 Pts,83,2026-01-03,UW-Whitewater,offense,JR Lukenbill,play-by-play,False,,0.0,not located,
2026-01-03|83|32 Luke Bara > P&R Ball Handler > High P&R > Dribble Off Pick > Defense Commits > Ball Delivered > 15 Collin Madson > Spot-Up > No Dribble Jumper > Guarded > Long/3pt > Miss 3 Pts,83,2026-01-03,UW-Whitewater,offense,Jake Quast,play-by-play,False,,0.0,not located,
2026-01-03|83|32 Luke Bara > P&R Ball Handler > High P&R > Dribble Off Pick > Defense Commits > Ball Delivered > 15 Collin Madson > Spot-Up > No Dribble Jumper > Guarded > Long/3pt > Miss 3 Pts,83,2026-01-03,UW-Whitewater,offense,Luke Bara,play-by-play,True,24,7.5,Synergy,0.95
2026-01-03|83|32 Luke Bara > P&R Ball Handler > High P&R > Dribble Off Pick > Defense Commits > Ball Delivered > 15 Collin Madson > Spot-Up > No Dribble Jumper > Guarded > Long/3pt > Miss 3 Pts,83,2026-01-03,UW-Oshkosh Titans,defense,Brandon Beck,play-by-play,False,,0.0,not located,
2026-01-03|83|32 Luke Bara > P&R Ball Handler > High P&R > Dribble Off Pick > Defense Commits > Ball Delivered > 15 Collin Madson > Spot-Up > No Dribble Jumper > Guarded > Long/3pt > Miss 3 Pts,83,2026-01-03,UW-Oshkosh Titans,defense,Carter Thomas,play-by-play,False,,0.0,not located,
2026-01-03|83|32 Luke Bara > P&R Ball Handler > High P&R > Dribble Off Pick > Defense Commits > Ball Delivered > 15 Collin Madson > Spot-Up > No Dribble Jumper > Guarded > Long/3pt > Miss 3 Pts,83,2026-01-03,UW-Oshkosh Titans,defense,Joey LaChapell,play-by-play,False,,0.0,not located,
2026-01-03|83|32 Luke Bara > P&R Ball Handler > High P&R > Dribble Off Pick > Defense Commits > Ball Delivered > 15 Collin Madson > Spot-Up > No Dribble Jumper > Guarded > Long/3pt > Miss 3 Pts,83,2026-01-03,UW-Oshkosh Titans,defense,Michael Metcalf-Grassman,play-by-play,False,,0.0,not located,
2026-01-03|83|32 Luke Bara > P&R Ball Handler > High P&R > Dribble Off Pick > Defense Commits > Ball Delivered > 15 Collin Madson > Spot-Up > No Dribble Jumper > Guarded > Long/3pt > Miss 3 Pts,83,2026-01-03,UW-Oshkosh Titans,defense,Nate Nazos,play-by-play,False,,0.0,not located,
2026-01-03|84|2 Joey LaChapell > ISO > Top > Drives Right > Dribble Jumper > Short to < 17' > Miss 2 Pts,84,2026-01-03,UW-Oshkosh Titans,offense,Brandon Beck,play-by-play,False,,0.0,not located,
2026-01-03|84|2 Joey LaChapell > ISO > Top > Drives Right > Dribble Jumper > Short to < 17' > Miss 2 Pts,84,2026-01-03,UW-Oshkosh Titans,offense,Carter Thomas,play-by-play,False,,0.0,not located,
2026-01-03|84|2 Joey LaChapell > ISO > Top > Drives Right > Dribble Jumper > Short to < 17' > Miss 2 Pts,84,2026-01-03,UW-Oshkosh Titans,offense,Joey LaChapell,play-by-play,False,,0.0,not located,
2026-01-03|84|2 Joey LaChapell > ISO > Top > Drives Right > Dribble Jumper > Short to < 17' > Miss 2 Pts,84,2026-01-03,UW-Oshkosh Titans,offense,Michael Metcalf-Grassman,play-by-play,False,,0.0,not located,
2026-01-03|84|2 Joey LaChapell > ISO > Top > Drives Right > Dribble Jumper > Short to < 17' > Miss 2 Pts,84,2026-01-03,UW-Oshkosh Titans,offense,Nate Nazos,play-by-play,True,49,0.8,linked possession,0.95
2026-01-03|84|2 Joey LaChapell > ISO > Top > Drives Right > Dribble Jumper > Short to < 17' > Miss 2 Pts,84,2026-01-03,UW-Whitewater,defense,Brock Marino,play-by-play,False,,0.0,not located,
2026-01-03|84|2 Joey LaChapell > ISO > Top > Drives Right > Dribble Jumper > Short to < 17' > Miss 2 Pts,84,2026-01-03,UW-Whitewater,defense,Collin Madson,play-by-play,True,18;46,9.8,followed player;linked possession,0.95
2026-01-03|84|2 Joey LaChapell > ISO > Top > Drives Right > Dribble Jumper > Short to < 17' > Miss 2 Pts,84,2026-01-03,UW-Whitewater,defense,JR Lukenbill,play-by-play,True,47,1.5,linked possession,0.95
2026-01-03|84|2 Joey LaChapell > ISO > Top > Drives Right > Dribble Jumper > Short to < 17' > Miss 2 Pts,84,2026-01-03,UW-Whitewater,defense,Jake Quast,play-by-play,False,,0.0,not located,
2026-01-03|84|2 Joey LaChapell > ISO > Top > Drives Right > Dribble Jumper > Short to < 17' > Miss 2 Pts,84,2026-01-03,UW-Whitewater,defense,Luke Bara,play-by-play,True,45,1.5,linked possession,0.95
2026-01-03|85|2 Joey LaChapell > Spot-Up > Drives Right > Turnover,85,2026-01-03,UW-Oshkosh Titans,offense,Brandon Beck,play-by-play,True,14,2.8,best guess,0.31
2026-01-03|85|2 Joey LaChapell > Spot-Up > Drives Right > Turnover,85,2026-01-03,UW-Oshkosh Titans,offense,Carter Thomas,play-by-play,True,4;23,5.5,best guess,0.31
2026-01-03|85|2 Joey LaChapell > Spot-Up > Drives Right > Turnover,85,2026-01-03,UW-Oshkosh Titans,offense,Joey LaChapell,play-by-play,True,9;25,2.0,coach checked;followed player,0.99
2026-01-03|85|2 Joey LaChapell > Spot-Up > Drives Right > Turnover,85,2026-01-03,UW-Oshkosh Titans,offense,Michael Metcalf-Grassman,play-by-play,True,8;22,6.2,best guess,0.31
2026-01-03|85|2 Joey LaChapell > Spot-Up > Drives Right > Turnover,85,2026-01-03,UW-Oshkosh Titans,offense,Nate Nazos,play-by-play,True,0,7.2,coach checked,0.95
2026-01-03|85|2 Joey LaChapell > Spot-Up > Drives Right > Turnover,85,2026-01-03,UW-Whitewater,defense,Brock Marino,play-by-play,True,13;53,6.2,best guess;coach checked,0.99
2026-01-03|85|2 Joey LaChapell > Spot-Up > Drives Right > Turnover,85,2026-01-03,UW-Whitewater,defense,Collin Madson,play-by-play,True,3;18;28,9.0,best guess;coach checked;followed player,0.95
2026-01-03|85|2 Joey LaChapell > Spot-Up > Drives Right > Turnover,85,2026-01-03,UW-Whitewater,defense,JR Lukenbill,play-by-play,True,5;26,9.5,coach checked;followed player,0.95
2026-01-03|85|2 Joey LaChapell > Spot-Up > Drives Right > Turnover,85,2026-01-03,UW-Whitewater,defense,Luke Bara,play-by-play,True,1,12.2,coach checked,0.95
2026-01-03|85|2 Joey LaChapell > Spot-Up > Drives Right > Turnover,85,2026-01-03,UW-Whitewater,defense,Richie Warren,play-by-play,True,12;52,7.0,best guess;coach checked,0.99
2026-01-03|86|32 Luke Bara > Non Possession > No Violation,86,2026-01-03,UW-Whitewater,offense,Brock Marino,clips before/after (no clock),True,6,5.0,best guess,0.31
2026-01-03|86|32 Luke Bara > Non Possession > No Violation,86,2026-01-03,UW-Whitewater,offense,Collin Madson,clips before/after (no clock),True,11;19,12.0,best guess,0.31
2026-01-03|86|32 Luke Bara > Non Possession > No Violation,86,2026-01-03,UW-Whitewater,offense,JR Lukenbill,clips before/after (no clock),True,1,2.2,linked possession,0.95
2026-01-03|86|32 Luke Bara > Non Possession > No Violation,86,2026-01-03,UW-Whitewater,offense,Luke Bara,clips before/after (no clock),True,4,5.2,linked possession,0.95
2026-01-03|86|32 Luke Bara > Non Possession > No Violation,86,2026-01-03,UW-Whitewater,offense,Richie Warren,clips before/after (no clock),True,8,2.2,best guess,0.31
2026-01-03|86|32 Luke Bara > Non Possession > No Violation,86,2026-01-03,UW-Oshkosh Titans,defense,Brandon Beck,clips before/after (no clock),False,,0.0,not located,
2026-01-03|86|32 Luke Bara > Non Possession > No Violation,86,2026-01-03,UW-Oshkosh Titans,defense,Carter Thomas,clips before/after (no clock),False,,0.0,not located,
2026-01-03|86|32 Luke Bara > Non Possession > No Violation,86,2026-01-03,UW-Oshkosh Titans,defense,Joey LaChapell,clips before/after (no clock),False,,0.0,not located,
2026-01-03|86|32 Luke Bara > Non Possession > No Violation,86,2026-01-03,UW-Oshkosh Titans,defense,Michael Metcalf-Grassman,clips before/after (no clock),False,,0.0,not located,
2026-01-03|86|32 Luke Bara > Non Possession > No Violation,86,2026-01-03,UW-Oshkosh Titans,defense,Nate Nazos,clips before/after (no clock),False,,0.0,not located,
2026-01-03|87|32 Luke Bara > Non Possession > Non Shooting Foul,87,2026-01-03,UW-Whitewater,offense,Brock Marino,play-by-play,False,,0.0,not located,
2026-01-03|87|32 Luke Bara > Non Possession > Non Shooting Foul,87,2026-01-03,UW-Whitewater,offense,Collin Madson,play-by-play,False,,0.0,not located,
2026-01-03|87|32 Luke Bara > Non Possession > Non Shooting Foul,87,2026-01-03,UW-Whitewater,offense,JR Lukenbill,play-by-play,False,,0.0,not located,
2026-01-03|87|32 Luke Bara > Non Possession > Non Shooting Foul,87,2026-01-03,UW-Whitewater,offense,Luke Bara,play-by-play,False,,0.0,not located,
2026-01-03|87|32 Luke Bara > Non Possession > Non Shooting Foul,87,2026-01-03,UW-Whitewater,offense,Richie Warren,play-by-play,False,,0.0,not located,
2026-01-03|87|32 Luke Bara > Non Possession > Non Shooting Foul,87,2026-01-03,UW-Oshkosh Titans,defense,Brandon Beck,play-by-play,False,,0.0,not located,
2026-01-03|87|32 Luke Bara > Non Possession > Non Shooting Foul,87,2026-01-03,UW-Oshkosh Titans,defense,Carter Thomas,play-by-play,False,,0.0,not located,
2026-01-03|87|32 Luke Bara > Non Possession > Non Shooting Foul,87,2026-01-03,UW-Oshkosh Titans,defense,Joey LaChapell,play-by-play,False,,0.0,not located,
2026-01-03|87|32 Luke Bara > Non Possession > Non Shooting Foul,87,2026-01-03,UW-Oshkosh Titans,defense,Michael Metcalf-Grassman,play-by-play,False,,0.0,not located,
2026-01-03|87|32 Luke Bara > Non Possession > Non Shooting Foul,87,2026-01-03,UW-Oshkosh Titans,defense,Nate Nazos,play-by-play,False,,0.0,not located,
2026-01-03|88|21 Brock Marino > Cut > Basket > Make 2 Pts,88,2026-01-03,UW-Whitewater,offense,Brock Marino,play-by-play,False,,0.0,not located,
2026-01-03|88|21 Brock Marino > Cut > Basket > Make 2 Pts,88,2026-01-03,UW-Whitewater,offense,Collin Madson,play-by-play,False,,0.0,not located,
2026-01-03|88|21 Brock Marino > Cut > Basket > Make 2 Pts,88,2026-01-03,UW-Whitewater,offense,JR Lukenbill,play-by-play,False,,0.0,not located,
2026-01-03|88|21 Brock Marino > Cut > Basket > Make 2 Pts,88,2026-01-03,UW-Whitewater,offense,Luke Bara,play-by-play,False,,0.0,not located,
2026-01-03|88|21 Brock Marino > Cut > Basket > Make 2 Pts,88,2026-01-03,UW-Whitewater,offense,Richie Warren,play-by-play,False,,0.0,not located,
2026-01-03|88|21 Brock Marino > Cut > Basket > Make 2 Pts,88,2026-01-03,UW-Oshkosh Titans,defense,Brandon Beck,play-by-play,False,,0.0,not located,
2026-01-03|88|21 Brock Marino > Cut > Basket > Make 2 Pts,88,2026-01-03,UW-Oshkosh Titans,defense,Carter Thomas,play-by-play,False,,0.0,not located,
2026-01-03|88|21 Brock Marino > Cut > Basket > Make 2 Pts,88,2026-01-03,UW-Oshkosh Titans,defense,Joey LaChapell,play-by-play,False,,0.0,not located,
2026-01-03|88|21 Brock Marino > Cut > Basket > Make 2 Pts,88,2026-01-03,UW-Oshkosh Titans,defense,Michael Metcalf-Grassman,play-by-play,False,,0.0,not located,
2026-01-03|88|21 Brock Marino > Cut > Basket > Make 2 Pts,88,2026-01-03,UW-Oshkosh Titans,defense,Nate Nazos,play-by-play,False,,0.0,not located,
2026-01-03|89|4 Michael Metcalf-Grassman > Spot-Up > Drives Right > To Basket > Make 2 Pts,89,2026-01-03,UW-Oshkosh Titans,offense,Brandon Beck,play-by-play,False,,0.0,not located,
2026-01-03|89|4 Michael Metcalf-Grassman > Spot-Up > Drives Right > To Basket > Make 2 Pts,89,2026-01-03,UW-Oshkosh Titans,offense,Carter Thomas,play-by-play,False,,0.0,not located,
2026-01-03|89|4 Michael Metcalf-Grassman > Spot-Up > Drives Right > To Basket > Make 2 Pts,89,2026-01-03,UW-Oshkosh Titans,offense,Joey LaChapell,play-by-play,False,,0.0,not located,
2026-01-03|89|4 Michael Metcalf-Grassman > Spot-Up > Drives Right > To Basket > Make 2 Pts,89,2026-01-03,UW-Oshkosh Titans,offense,Michael Metcalf-Grassman,play-by-play,False,,0.0,not located,
2026-01-03|89|4 Michael Metcalf-Grassman > Spot-Up > Drives Right > To Basket > Make 2 Pts,89,2026-01-03,UW-Oshkosh Titans,offense,Nate Nazos,play-by-play,False,,0.0,not located,
2026-01-03|89|4 Michael Metcalf-Grassman > Spot-Up > Drives Right > To Basket > Make 2 Pts,89,2026-01-03,UW-Whitewater,defense,Brock Marino,play-by-play,False,,0.0,not located,
2026-01-03|89|4 Michael Metcalf-Grassman > Spot-Up > Drives Right > To Basket > Make 2 Pts,89,2026-01-03,UW-Whitewater,defense,Collin Madson,play-by-play,False,,0.0,not located,
2026-01-03|89|4 Michael Metcalf-Grassman > Spot-Up > Drives Right > To Basket > Make 2 Pts,89,2026-01-03,UW-Whitewater,defense,JR Lukenbill,play-by-play,False,,0.0,not located,
2026-01-03|89|4 Michael Metcalf-Grassman > Spot-Up > Drives Right > To Basket > Make 2 Pts,89,2026-01-03,UW-Whitewater,defense,Luke Bara,play-by-play,False,,0.0,not located,
2026-01-03|89|4 Michael Metcalf-Grassman > Spot-Up > Drives Right > To Basket > Make 2 Pts,89,2026-01-03,UW-Whitewater,defense,Richie Warren,play-by-play,False,,0.0,not located,
2026-01-03|90|21 Brock Marino > No Play Type > Turnover,90,2026-01-03,UW-Whitewater,offense,Brock Marino,play-by-play,False,,0.0,not located,
2026-01-03|90|21 Brock Marino > No Play Type > Turnover,90,2026-01-03,UW-Whitewater,offense,Collin Madson,play-by-play,False,,0.0,not located,
2026-01-03|90|21 Brock Marino > No Play Type > Turnover,90,2026-01-03,UW-Whitewater,offense,JR Lukenbill,play-by-play,False,,0.0,not located,
2026-01-03|90|21 Brock Marino > No Play Type > Turnover,90,2026-01-03,UW-Whitewater,offense,Luke Bara,play-by-play,False,,0.0,not located,
2026-01-03|90|21 Brock Marino > No Play Type > Turnover,90,2026-01-03,UW-Whitewater,offense,Richie Warren,play-by-play,False,,0.0,not located,
2026-01-03|90|21 Brock Marino > No Play Type > Turnover,90,2026-01-03,UW-Oshkosh Titans,defense,Brandon Beck,play-by-play,False,,0.0,not located,
2026-01-03|90|21 Brock Marino > No Play Type > Turnover,90,2026-01-03,UW-Oshkosh Titans,defense,Carter Thomas,play-by-play,False,,0.0,not located,
2026-01-03|90|21 Brock Marino > No Play Type > Turnover,90,2026-01-03,UW-Oshkosh Titans,defense,Joey LaChapell,play-by-play,False,,0.0,not located,
2026-01-03|90|21 Brock Marino > No Play Type > Turnover,90,2026-01-03,UW-Oshkosh Titans,defense,Michael Metcalf-Grassman,play-by-play,False,,0.0,not located,
2026-01-03|90|21 Brock Marino > No Play Type > Turnover,90,2026-01-03,UW-Oshkosh Titans,defense,Nate Nazos,play-by-play,False,,0.0,not located,
2026-01-03|91|4 Michael Metcalf-Grassman > Transition > Ballhandler > To Basket > Miss 2 Pts,91,2026-01-03,UW-Oshkosh Titans,offense,Brandon Beck,play-by-play,False,,0.0,not located,
2026-01-03|91|4 Michael Metcalf-Grassman > Transition > Ballhandler > To Basket > Miss 2 Pts,91,2026-01-03,UW-Oshkosh Titans,offense,Carter Thomas,play-by-play,False,,0.0,not located,
2026-01-03|91|4 Michael Metcalf-Grassman > Transition > Ballhandler > To Basket > Miss 2 Pts,91,2026-01-03,UW-Oshkosh Titans,offense,Joey LaChapell,play-by-play,False,,0.0,not located,
2026-01-03|91|4 Michael Metcalf-Grassman > Transition > Ballhandler > To Basket > Miss 2 Pts,91,2026-01-03,UW-Oshkosh Titans,offense,Michael Metcalf-Grassman,play-by-play,False,,0.0,not located,
2026-01-03|91|4 Michael Metcalf-Grassman > Transition > Ballhandler > To Basket > Miss 2 Pts,91,2026-01-03,UW-Oshkosh Titans,offense,Nate Nazos,play-by-play,False,,0.0,not located,
2026-01-03|91|4 Michael Metcalf-Grassman > Transition > Ballhandler > To Basket > Miss 2 Pts,91,2026-01-03,UW-Whitewater,defense,Brock Marino,play-by-play,True,22;34,3.5,coach checked;followed player,0.99
2026-01-03|91|4 Michael Metcalf-Grassman > Transition > Ballhandler > To Basket > Miss 2 Pts,91,2026-01-03,UW-Whitewater,defense,Collin Madson,play-by-play,True,7,6.2,best guess,0.92
2026-01-03|91|4 Michael Metcalf-Grassman > Transition > Ballhandler > To Basket > Miss 2 Pts,91,2026-01-03,UW-Whitewater,defense,JR Lukenbill,play-by-play,True,25,4.0,coach checked,0.99
2026-01-03|91|4 Michael Metcalf-Grassman > Transition > Ballhandler > To Basket > Miss 2 Pts,91,2026-01-03,UW-Whitewater,defense,Luke Bara,play-by-play,True,13;35,3.0,coach checked;followed player,0.99
2026-01-03|91|4 Michael Metcalf-Grassman > Transition > Ballhandler > To Basket > Miss 2 Pts,91,2026-01-03,UW-Whitewater,defense,Richie Warren,play-by-play,True,20,5.5,coach checked,0.99
2026-01-03|92|10 Nate Nazos > Offensive Rebound > Long > Run Offense,92,2026-01-03,UW-Oshkosh Titans,offense,Brandon Beck,clips before/after (no clock),False,,0.0,not located,
2026-01-03|92|10 Nate Nazos > Offensive Rebound > Long > Run Offense,92,2026-01-03,UW-Oshkosh Titans,offense,Carter Thomas,clips before/after (no clock),False,,0.0,not located,
2026-01-03|92|10 Nate Nazos > Offensive Rebound > Long > Run Offense,92,2026-01-03,UW-Oshkosh Titans,offense,Joey LaChapell,clips before/after (no clock),False,,0.0,not located,
2026-01-03|92|10 Nate Nazos > Offensive Rebound > Long > Run Offense,92,2026-01-03,UW-Oshkosh Titans,offense,Michael Metcalf-Grassman,clips before/after (no clock),False,,0.0,not located,
2026-01-03|92|10 Nate Nazos > Offensive Rebound > Long > Run Offense,92,2026-01-03,UW-Oshkosh Titans,offense,Nate Nazos,clips before/after (no clock),False,,0.0,not located,
2026-01-03|92|10 Nate Nazos > Offensive Rebound > Long > Run Offense,92,2026-01-03,UW-Whitewater,defense,Brock Marino,clips before/after (no clock),False,,0.0,not located,
2026-01-03|92|10 Nate Nazos > Offensive Rebound > Long > Run Offense,92,2026-01-03,UW-Whitewater,defense,Collin Madson,clips before/after (no clock),False,,0.0,not located,
2026-01-03|92|10 Nate Nazos > Offensive Rebound > Long > Run Offense,92,2026-01-03,UW-Whitewater,defense,JR Lukenbill,clips before/after (no clock),False,,0.0,not located,
2026-01-03|92|10 Nate Nazos > Offensive Rebound > Long > Run Offense,92,2026-01-03,UW-Whitewater,defense,Luke Bara,clips before/after (no clock),False,,0.0,not located,
2026-01-03|92|10 Nate Nazos > Offensive Rebound > Long > Run Offense,92,2026-01-03,UW-Whitewater,defense,Richie Warren,clips before/after (no clock),False,,0.0,not located,
2026-01-03|93|21 Carter Thomas > Spot-Up > No Dribble Jumper > Guarded > Long/3pt > Make 3 Pts,93,2026-01-03,UW-Oshkosh Titans,offense,Brandon Beck,play-by-play,False,,0.0,not located,
2026-01-03|93|21 Carter Thomas > Spot-Up > No Dribble Jumper > Guarded > Long/3pt > Make 3 Pts,93,2026-01-03,UW-Oshkosh Titans,offense,Carter Thomas,play-by-play,False,,0.0,not located,
2026-01-03|93|21 Carter Thomas > Spot-Up > No Dribble Jumper > Guarded > Long/3pt > Make 3 Pts,93,2026-01-03,UW-Oshkosh Titans,offense,Joey LaChapell,play-by-play,False,,0.0,not located,
2026-01-03|93|21 Carter Thomas > Spot-Up > No Dribble Jumper > Guarded > Long/3pt > Make 3 Pts,93,2026-01-03,UW-Oshkosh Titans,offense,Michael Metcalf-Grassman,play-by-play,False,,0.0,not located,
2026-01-03|93|21 Carter Thomas > Spot-Up > No Dribble Jumper > Guarded > Long/3pt > Make 3 Pts,93,2026-01-03,UW-Oshkosh Titans,offense,Nate Nazos,play-by-play,False,,0.0,not located,
2026-01-03|93|21 Carter Thomas > Spot-Up > No Dribble Jumper > Guarded > Long/3pt > Make 3 Pts,93,2026-01-03,UW-Whitewater,defense,Brock Marino,play-by-play,False,,0.0,not located,
2026-01-03|93|21 Carter Thomas > Spot-Up > No Dribble Jumper > Guarded > Long/3pt > Make 3 Pts,93,2026-01-03,UW-Whitewater,defense,Collin Madson,play-by-play,False,,0.0,not located,
2026-01-03|93|21 Carter Thomas > Spot-Up > No Dribble Jumper > Guarded > Long/3pt > Make 3 Pts,93,2026-01-03,UW-Whitewater,defense,JR Lukenbill,play-by-play,False,,0.0,not located,
2026-01-03|93|21 Carter Thomas > Spot-Up > No Dribble Jumper > Guarded > Long/3pt > Make 3 Pts,93,2026-01-03,UW-Whitewater,defense,Luke Bara,play-by-play,False,,0.0,not located,
2026-01-03|93|21 Carter Thomas > Spot-Up > No Dribble Jumper > Guarded > Long/3pt > Make 3 Pts,93,2026-01-03,UW-Whitewater,defense,Richie Warren,play-by-play,False,,0.0,not located,
2026-01-03|94|11 Jr Lukenbill > Non Possession > No Violation,94,2026-01-03,UW-Whitewater,offense,Brock Marino,clips before/after (no clock),False,,0.0,not located,
2026-01-03|94|11 Jr Lukenbill > Non Possession > No Violation,94,2026-01-03,UW-Whitewater,offense,Collin Madson,clips before/after (no clock),False,,0.0,not located,
2026-01-03|94|11 Jr Lukenbill > Non Possession > No Violation,94,2026-01-03,UW-Whitewater,offense,JR Lukenbill,clips before/after (no clock),False,,0.0,not located,
2026-01-03|94|11 Jr Lukenbill > Non Possession > No Violation,94,2026-01-03,UW-Whitewater,offense,Luke Bara,clips before/after (no clock),False,,0.0,not located,
2026-01-03|94|11 Jr Lukenbill > Non Possession > No Violation,94,2026-01-03,UW-Whitewater,offense,Richie Warren,clips before/after (no clock),False,,0.0,not located,
2026-01-03|95|24 Richie Warren > Cut > Basket > Miss 2 Pts,95,2026-01-03,UW-Whitewater,offense,Brock Marino,play-by-play,False,,0.0,not located,
2026-01-03|95|24 Richie Warren > Cut > Basket > Miss 2 Pts,95,2026-01-03,UW-Whitewater,offense,Collin Madson,play-by-play,False,,0.0,not located,
2026-01-03|95|24 Richie Warren > Cut > Basket > Miss 2 Pts,95,2026-01-03,UW-Whitewater,offense,JR Lukenbill,play-by-play,False,,0.0,not located,
2026-01-03|95|24 Richie Warren > Cut > Basket > Miss 2 Pts,95,2026-01-03,UW-Whitewater,offense,Luke Bara,play-by-play,False,,0.0,not located,
2026-01-03|95|24 Richie Warren > Cut > Basket > Miss 2 Pts,95,2026-01-03,UW-Whitewater,offense,Richie Warren,play-by-play,False,,0.0,not located,
2026-01-03|95|24 Richie Warren > Cut > Basket > Miss 2 Pts,95,2026-01-03,UW-Oshkosh Titans,defense,Aiden Hawkinson,play-by-play,False,,0.0,not located,
2026-01-03|95|24 Richie Warren > Cut > Basket > Miss 2 Pts,95,2026-01-03,UW-Oshkosh Titans,defense,Jonah Rindfleisch,play-by-play,False,,0.0,not located,
2026-01-03|95|24 Richie Warren > Cut > Basket > Miss 2 Pts,95,2026-01-03,UW-Oshkosh Titans,defense,Matt Imig,play-by-play,False,,0.0,not located,
2026-01-03|95|24 Richie Warren > Cut > Basket > Miss 2 Pts,95,2026-01-03,UW-Oshkosh Titans,defense,Oskar Kangas,play-by-play,False,,0.0,not located,
2026-01-03|95|24 Richie Warren > Cut > Basket > Miss 2 Pts,95,2026-01-03,UW-Oshkosh Titans,defense,Vitorio Dante,play-by-play,False,,0.0,not located,
2026-01-03|96|23 Oskar Kangas > P&R Ball Handler > Right P&R > Baseline > Dribble Off Pick > Defense Commits > Ball Delivered > 5 Matt Imig > Cut > Basket > Turnover,96,2026-01-03,UW-Oshkosh Titans,offense,Aiden Hawkinson,play-by-play,False,,0.0,not located,
2026-01-03|96|23 Oskar Kangas > P&R Ball Handler > Right P&R > Baseline > Dribble Off Pick > Defense Commits > Ball Delivered > 5 Matt Imig > Cut > Basket > Turnover,96,2026-01-03,UW-Oshkosh Titans,offense,Jonah Rindfleisch,play-by-play,False,,0.0,not located,
2026-01-03|96|23 Oskar Kangas > P&R Ball Handler > Right P&R > Baseline > Dribble Off Pick > Defense Commits > Ball Delivered > 5 Matt Imig > Cut > Basket > Turnover,96,2026-01-03,UW-Oshkosh Titans,offense,Matt Imig,play-by-play,False,,0.0,not located,
2026-01-03|96|23 Oskar Kangas > P&R Ball Handler > Right P&R > Baseline > Dribble Off Pick > Defense Commits > Ball Delivered > 5 Matt Imig > Cut > Basket > Turnover,96,2026-01-03,UW-Oshkosh Titans,offense,Oskar Kangas,play-by-play,False,,0.0,not located,
2026-01-03|96|23 Oskar Kangas > P&R Ball Handler > Right P&R > Baseline > Dribble Off Pick > Defense Commits > Ball Delivered > 5 Matt Imig > Cut > Basket > Turnover,96,2026-01-03,UW-Oshkosh Titans,offense,Vitorio Dante,play-by-play,False,,0.0,not located,
2026-01-03|96|23 Oskar Kangas > P&R Ball Handler > Right P&R > Baseline > Dribble Off Pick > Defense Commits > Ball Delivered > 5 Matt Imig > Cut > Basket > Turnover,96,2026-01-03,UW-Whitewater,defense,Brock Marino,play-by-play,False,,0.0,not located,
2026-01-03|96|23 Oskar Kangas > P&R Ball Handler > Right P&R > Baseline > Dribble Off Pick > Defense Commits > Ball Delivered > 5 Matt Imig > Cut > Basket > Turnover,96,2026-01-03,UW-Whitewater,defense,Collin Madson,play-by-play,False,,0.0,not located,
2026-01-03|96|23 Oskar Kangas > P&R Ball Handler > Right P&R > Baseline > Dribble Off Pick > Defense Commits > Ball Delivered > 5 Matt Imig > Cut > Basket > Turnover,96,2026-01-03,UW-Whitewater,defense,JR Lukenbill,play-by-play,False,,0.0,not located,
2026-01-03|96|23 Oskar Kangas > P&R Ball Handler > Right P&R > Baseline > Dribble Off Pick > Defense Commits > Ball Delivered > 5 Matt Imig > Cut > Basket > Turnover,96,2026-01-03,UW-Whitewater,defense,Luke Bara,play-by-play,False,,0.0,not located,
2026-01-03|96|23 Oskar Kangas > P&R Ball Handler > Right P&R > Baseline > Dribble Off Pick > Defense Commits > Ball Delivered > 5 Matt Imig > Cut > Basket > Turnover,96,2026-01-03,UW-Whitewater,defense,Richie Warren,play-by-play,False,,0.0,not located,
2026-01-03|97|15 Collin Madson > ISO > Right > Drives Right > To Basket > Miss 2 Pts,97,2026-01-03,UW-Whitewater,offense,Brock Marino,play-by-play,False,,0.0,not located,
2026-01-03|97|15 Collin Madson > ISO > Right > Drives Right > To Basket > Miss 2 Pts,97,2026-01-03,UW-Whitewater,offense,Collin Madson,play-by-play,False,,0.0,not located,
2026-01-03|97|15 Collin Madson > ISO > Right > Drives Right > To Basket > Miss 2 Pts,97,2026-01-03,UW-Whitewater,offense,JR Lukenbill,play-by-play,False,,0.0,not located,
2026-01-03|97|15 Collin Madson > ISO > Right > Drives Right > To Basket > Miss 2 Pts,97,2026-01-03,UW-Whitewater,offense,Luke Bara,play-by-play,False,,0.0,not located,
2026-01-03|97|15 Collin Madson > ISO > Right > Drives Right > To Basket > Miss 2 Pts,97,2026-01-03,UW-Whitewater,offense,Richie Warren,play-by-play,False,,0.0,not located,
2026-01-03|97|15 Collin Madson > ISO > Right > Drives Right > To Basket > Miss 2 Pts,97,2026-01-03,UW-Oshkosh Titans,defense,Aiden Hawkinson,play-by-play,False,,0.0,not located,
2026-01-03|97|15 Collin Madson > ISO > Right > Drives Right > To Basket > Miss 2 Pts,97,2026-01-03,UW-Oshkosh Titans,defense,Jonah Rindfleisch,play-by-play,False,,0.0,not located,
2026-01-03|97|15 Collin Madson > ISO > Right > Drives Right > To Basket > Miss 2 Pts,97,2026-01-03,UW-Oshkosh Titans,defense,Matt Imig,play-by-play,False,,0.0,not located,
2026-01-03|97|15 Collin Madson > ISO > Right > Drives Right > To Basket > Miss 2 Pts,97,2026-01-03,UW-Oshkosh Titans,defense,Oskar Kangas,play-by-play,False,,0.0,not located,
2026-01-03|97|15 Collin Madson > ISO > Right > Drives Right > To Basket > Miss 2 Pts,97,2026-01-03,UW-Oshkosh Titans,defense,Vitorio Dante,play-by-play,False,,0.0,not located,
2026-01-03|98|32 Luke Bara > No Play Type > Turnover,98,2026-01-03,UW-Whitewater,offense,Brock Marino,play-by-play,False,,0.0,not located,
2026-01-03|98|32 Luke Bara > No Play Type > Turnover,98,2026-01-03,UW-Whitewater,offense,Collin Madson,play-by-play,False,,0.0,not located,
2026-01-03|98|32 Luke Bara > No Play Type > Turnover,98,2026-01-03,UW-Whitewater,offense,JR Lukenbill,play-by-play,False,,0.0,not located,
2026-01-03|98|32 Luke Bara > No Play Type > Turnover,98,2026-01-03,UW-Whitewater,offense,Luke Bara,play-by-play,False,,0.0,not located,
2026-01-03|98|32 Luke Bara > No Play Type > Turnover,98,2026-01-03,UW-Whitewater,offense,Richie Warren,play-by-play,False,,0.0,not located,
2026-01-03|98|32 Luke Bara > No Play Type > Turnover,98,2026-01-03,UW-Oshkosh Titans,defense,Brandon Beck,play-by-play,False,,0.0,not located,
2026-01-03|98|32 Luke Bara > No Play Type > Turnover,98,2026-01-03,UW-Oshkosh Titans,defense,Carter Thomas,play-by-play,False,,0.0,not located,
2026-01-03|98|32 Luke Bara > No Play Type > Turnover,98,2026-01-03,UW-Oshkosh Titans,defense,Joey LaChapell,play-by-play,False,,0.0,not located,
2026-01-03|98|32 Luke Bara > No Play Type > Turnover,98,2026-01-03,UW-Oshkosh Titans,defense,Michael Metcalf-Grassman,play-by-play,False,,0.0,not located,
2026-01-03|98|32 Luke Bara > No Play Type > Turnover,98,2026-01-03,UW-Oshkosh Titans,defense,Nate Nazos,play-by-play,False,,0.0,not located,
2026-01-03|99|4 Michael Metcalf-Grassman > Spot-Up > Drives Right > To Basket > Miss 2 Pts,99,2026-01-03,UW-Oshkosh Titans,offense,Brandon Beck,play-by-play,False,,0.0,not located,
2026-01-03|99|4 Michael Metcalf-Grassman > Spot-Up > Drives Right > To Basket > Miss 2 Pts,99,2026-01-03,UW-Oshkosh Titans,offense,Carter Thomas,play-by-play,False,,0.0,not located,
2026-01-03|99|4 Michael Metcalf-Grassman > Spot-Up > Drives Right > To Basket > Miss 2 Pts,99,2026-01-03,UW-Oshkosh Titans,offense,Joey LaChapell,play-by-play,False,,0.0,not located,
2026-01-03|99|4 Michael Metcalf-Grassman > Spot-Up > Drives Right > To Basket > Miss 2 Pts,99,2026-01-03,UW-Oshkosh Titans,offense,Michael Metcalf-Grassman,play-by-play,False,,0.0,not located,
2026-01-03|99|4 Michael Metcalf-Grassman > Spot-Up > Drives Right > To Basket > Miss 2 Pts,99,2026-01-03,UW-Oshkosh Titans,offense,Nate Nazos,play-by-play,False,,0.0,not located,
2026-01-03|99|4 Michael Metcalf-Grassman > Spot-Up > Drives Right > To Basket > Miss 2 Pts,99,2026-01-03,UW-Whitewater,defense,Brock Marino,play-by-play,False,,0.0,not located,
2026-01-03|99|4 Michael Metcalf-Grassman > Spot-Up > Drives Right > To Basket > Miss 2 Pts,99,2026-01-03,UW-Whitewater,defense,Collin Madson,play-by-play,False,,0.0,not located,
2026-01-03|99|4 Michael Metcalf-Grassman > Spot-Up > Drives Right > To Basket > Miss 2 Pts,99,2026-01-03,UW-Whitewater,defense,JR Lukenbill,play-by-play,False,,0.0,not located,
2026-01-03|99|4 Michael Metcalf-Grassman > Spot-Up > Drives Right > To Basket > Miss 2 Pts,99,2026-01-03,UW-Whitewater,defense,Luke Bara,play-by-play,False,,0.0,not located,
2026-01-03|99|4 Michael Metcalf-Grassman > Spot-Up > Drives Right > To Basket > Miss 2 Pts,99,2026-01-03,UW-Whitewater,defense,Richie Warren,play-by-play,False,,0.0,not located,
2026-01-03|100|32 Luke Bara > P&R Ball Handler > High P&R > Dribble Off Pick > Defense Commits > Ball Delivered > 21 Brock Marino > P&R Roll Man > Pick and Pops > Drives Left > To Basket > Make 2 Pts Foul > 1 Pts,100,2026-01-03,UW-Whitewater,offense,Brock Marino,play-by-play,False,,0.0,not located,
2026-01-03|100|32 Luke Bara > P&R Ball Handler > High P&R > Dribble Off Pick > Defense Commits > Ball Delivered > 21 Brock Marino > P&R Roll Man > Pick and Pops > Drives Left > To Basket > Make 2 Pts Foul > 1 Pts,100,2026-01-03,UW-Whitewater,offense,Collin Madson,play-by-play,False,,0.0,not located,
2026-01-03|100|32 Luke Bara > P&R Ball Handler > High P&R > Dribble Off Pick > Defense Commits > Ball Delivered > 21 Brock Marino > P&R Roll Man > Pick and Pops > Drives Left > To Basket > Make 2 Pts Foul > 1 Pts,100,2026-01-03,UW-Whitewater,offense,JR Lukenbill,play-by-play,False,,0.0,not located,
2026-01-03|100|32 Luke Bara > P&R Ball Handler > High P&R > Dribble Off Pick > Defense Commits > Ball Delivered > 21 Brock Marino > P&R Roll Man > Pick and Pops > Drives Left > To Basket > Make 2 Pts Foul > 1 Pts,100,2026-01-03,UW-Whitewater,offense,Luke Bara,play-by-play,True,3,3.5,Synergy,0.95
2026-01-03|100|32 Luke Bara > P&R Ball Handler > High P&R > Dribble Off Pick > Defense Commits > Ball Delivered > 21 Brock Marino > P&R Roll Man > Pick and Pops > Drives Left > To Basket > Make 2 Pts Foul > 1 Pts,100,2026-01-03,UW-Whitewater,offense,Richie Warren,play-by-play,False,,0.0,not located,
2026-01-03|100|32 Luke Bara > P&R Ball Handler > High P&R > Dribble Off Pick > Defense Commits > Ball Delivered > 21 Brock Marino > P&R Roll Man > Pick and Pops > Drives Left > To Basket > Make 2 Pts Foul > 1 Pts,100,2026-01-03,UW-Oshkosh Titans,defense,Brandon Beck,play-by-play,False,,0.0,not located,
2026-01-03|100|32 Luke Bara > P&R Ball Handler > High P&R > Dribble Off Pick > Defense Commits > Ball Delivered > 21 Brock Marino > P&R Roll Man > Pick and Pops > Drives Left > To Basket > Make 2 Pts Foul > 1 Pts,100,2026-01-03,UW-Oshkosh Titans,defense,Carter Thomas,play-by-play,False,,0.0,not located,
2026-01-03|100|32 Luke Bara > P&R Ball Handler > High P&R > Dribble Off Pick > Defense Commits > Ball Delivered > 21 Brock Marino > P&R Roll Man > Pick and Pops > Drives Left > To Basket > Make 2 Pts Foul > 1 Pts,100,2026-01-03,UW-Oshkosh Titans,defense,Joey LaChapell,play-by-play,False,,0.0,not located,
2026-01-03|100|32 Luke Bara > P&R Ball Handler > High P&R > Dribble Off Pick > Defense Commits > Ball Delivered > 21 Brock Marino > P&R Roll Man > Pick and Pops > Drives Left > To Basket > Make 2 Pts Foul > 1 Pts,100,2026-01-03,UW-Oshkosh Titans,defense,Michael Metcalf-Grassman,play-by-play,False,,0.0,not located,
2026-01-03|100|32 Luke Bara > P&R Ball Handler > High P&R > Dribble Off Pick > Defense Commits > Ball Delivered > 21 Brock Marino > P&R Roll Man > Pick and Pops > Drives Left > To Basket > Make 2 Pts Foul > 1 Pts,100,2026-01-03,UW-Oshkosh Titans,defense,Nate Nazos,play-by-play,False,,0.0,not located,
2026-01-03|101|4 Michael Metcalf-Grassman > Cut > Basket > Make 2 Pts Foul > 1 Pts,101,2026-01-03,UW-Oshkosh Titans,offense,Brandon Beck,play-by-play,False,,0.0,not located,
2026-01-03|101|4 Michael Metcalf-Grassman > Cut > Basket > Make 2 Pts Foul > 1 Pts,101,2026-01-03,UW-Oshkosh Titans,offense,Carter Thomas,play-by-play,False,,0.0,not located,
2026-01-03|101|4 Michael Metcalf-Grassman > Cut > Basket > Make 2 Pts Foul > 1 Pts,101,2026-01-03,UW-Oshkosh Titans,offense,Joey LaChapell,play-by-play,False,,0.0,not located,
2026-01-03|101|4 Michael Metcalf-Grassman > Cut > Basket > Make 2 Pts Foul > 1 Pts,101,2026-01-03,UW-Oshkosh Titans,offense,Michael Metcalf-Grassman,play-by-play,True,15,10.8,Synergy,0.95
2026-01-03|101|4 Michael Metcalf-Grassman > Cut > Basket > Make 2 Pts Foul > 1 Pts,101,2026-01-03,UW-Oshkosh Titans,offense,Nate Nazos,play-by-play,False,,0.0,not located,
2026-01-03|101|4 Michael Metcalf-Grassman > Cut > Basket > Make 2 Pts Foul > 1 Pts,101,2026-01-03,UW-Whitewater,defense,Brock Marino,play-by-play,True,13;22,21.2,best guess,0.46
2026-01-03|101|4 Michael Metcalf-Grassman > Cut > Basket > Make 2 Pts Foul > 1 Pts,101,2026-01-03,UW-Whitewater,defense,Collin Madson,play-by-play,True,12,26.0,coach checked,0.99
2026-01-03|101|4 Michael Metcalf-Grassman > Cut > Basket > Make 2 Pts Foul > 1 Pts,101,2026-01-03,UW-Whitewater,defense,JR Lukenbill,play-by-play,True,1;66,22.2,best guess;coach checked,0.99
2026-01-03|101|4 Michael Metcalf-Grassman > Cut > Basket > Make 2 Pts Foul > 1 Pts,101,2026-01-03,UW-Whitewater,defense,Luke Bara,play-by-play,True,3,25.5,coach checked,0.99
2026-01-03|101|4 Michael Metcalf-Grassman > Cut > Basket > Make 2 Pts Foul > 1 Pts,101,2026-01-03,UW-Whitewater,defense,Richie Warren,play-by-play,True,9;52;68;73,20.5,best guess,0.46
2026-01-03|102|15 Collin Madson > P&R Ball Handler > Right P&R > Side > Go Away from Pick > Dribble Jumper > Short to < 17' > Make 2 Pts,102,2026-01-03,UW-Whitewater,offense,Brock Marino,play-by-play,False,,0.0,not located,
2026-01-03|102|15 Collin Madson > P&R Ball Handler > Right P&R > Side > Go Away from Pick > Dribble Jumper > Short to < 17' > Make 2 Pts,102,2026-01-03,UW-Whitewater,offense,Collin Madson,play-by-play,False,,0.0,not located,
2026-01-03|102|15 Collin Madson > P&R Ball Handler > Right P&R > Side > Go Away from Pick > Dribble Jumper > Short to < 17' > Make 2 Pts,102,2026-01-03,UW-Whitewater,offense,JR Lukenbill,play-by-play,False,,0.0,not located,
2026-01-03|102|15 Collin Madson > P&R Ball Handler > Right P&R > Side > Go Away from Pick > Dribble Jumper > Short to < 17' > Make 2 Pts,102,2026-01-03,UW-Whitewater,offense,Luke Bara,play-by-play,False,,0.0,not located,
2026-01-03|102|15 Collin Madson > P&R Ball Handler > Right P&R > Side > Go Away from Pick > Dribble Jumper > Short to < 17' > Make 2 Pts,102,2026-01-03,UW-Whitewater,offense,Richie Warren,play-by-play,False,,0.0,not located,
2026-01-03|102|15 Collin Madson > P&R Ball Handler > Right P&R > Side > Go Away from Pick > Dribble Jumper > Short to < 17' > Make 2 Pts,102,2026-01-03,UW-Oshkosh Titans,defense,Brandon Beck,play-by-play,False,,0.0,not located,
2026-01-03|102|15 Collin Madson > P&R Ball Handler > Right P&R > Side > Go Away from Pick > Dribble Jumper > Short to < 17' > Make 2 Pts,102,2026-01-03,UW-Oshkosh Titans,defense,Carter Thomas,play-by-play,False,,0.0,not located,
2026-01-03|102|15 Collin Madson > P&R Ball Handler > Right P&R > Side > Go Away from Pick > Dribble Jumper > Short to < 17' > Make 2 Pts,102,2026-01-03,UW-Oshkosh Titans,defense,Joey LaChapell,play-by-play,True,55;64,2.5,followed player;linked possession,0.95
2026-01-03|102|15 Collin Madson > P&R Ball Handler > Right P&R > Side > Go Away from Pick > Dribble Jumper > Short to < 17' > Make 2 Pts,102,2026-01-03,UW-Oshkosh Titans,defense,Michael Metcalf-Grassman,play-by-play,True,16,0.8,coach checked,0.99
2026-01-03|102|15 Collin Madson > P&R Ball Handler > Right P&R > Side > Go Away from Pick > Dribble Jumper > Short to < 17' > Make 2 Pts,102,2026-01-03,UW-Oshkosh Titans,defense,Nate Nazos,play-by-play,False,,0.0,not located,
2026-01-03|103|4 Michael Metcalf-Grassman > Transition > Ballhandler > To Basket > Foul,103,2026-01-03,UW-Oshkosh Titans,offense,Brandon Beck,play-by-play,True,36,13.5,best guess,0.31
2026-01-03|103|4 Michael Metcalf-Grassman > Transition > Ballhandler > To Basket > Foul,103,2026-01-03,UW-Oshkosh Titans,offense,Carter Thomas,play-by-play,True,6,15.0,best guess,0.31
2026-01-03|103|4 Michael Metcalf-Grassman > Transition > Ballhandler > To Basket > Foul,103,2026-01-03,UW-Oshkosh Titans,offense,Joey LaChapell,play-by-play,True,7;24,4.2,coach checked;followed player,0.95
2026-01-03|103|4 Michael Metcalf-Grassman > Transition > Ballhandler > To Basket > Foul,103,2026-01-03,UW-Oshkosh Titans,offense,Michael Metcalf-Grassman,play-by-play,True,32,15.2,Synergy,0.95
2026-01-03|103|4 Michael Metcalf-Grassman > Transition > Ballhandler > To Basket > Foul,103,2026-01-03,UW-Oshkosh Titans,offense,Nate Nazos,play-by-play,True,17,4.5,best guess,0.31
2026-01-03|103|4 Michael Metcalf-Grassman > Transition > Ballhandler > To Basket > Foul,103,2026-01-03,UW-Whitewater,defense,Brock Marino,play-by-play,False,,0.0,not located,
2026-01-03|103|4 Michael Metcalf-Grassman > Transition > Ballhandler > To Basket > Foul,103,2026-01-03,UW-Whitewater,defense,Collin Madson,play-by-play,False,,0.0,not located,
2026-01-03|103|4 Michael Metcalf-Grassman > Transition > Ballhandler > To Basket > Foul,103,2026-01-03,UW-Whitewater,defense,JR Lukenbill,play-by-play,False,,0.0,not located,
2026-01-03|103|4 Michael Metcalf-Grassman > Transition > Ballhandler > To Basket > Foul,103,2026-01-03,UW-Whitewater,defense,Luke Bara,play-by-play,False,,0.0,not located,
2026-01-03|103|4 Michael Metcalf-Grassman > Transition > Ballhandler > To Basket > Foul,103,2026-01-03,UW-Whitewater,defense,Richie Warren,play-by-play,False,,0.0,not located,
2026-01-03|104|24 Richie Warren > No Play Type > Turnover,104,2026-01-03,UW-Whitewater,offense,Brock Marino,play-by-play,False,,0.0,not located,
2026-01-03|104|24 Richie Warren > No Play Type > Turnover,104,2026-01-03,UW-Whitewater,offense,Collin Madson,play-by-play,False,,0.0,not located,
2026-01-03|104|24 Richie Warren > No Play Type > Turnover,104,2026-01-03,UW-Whitewater,offense,JR Lukenbill,play-by-play,False,,0.0,not located,
2026-01-03|104|24 Richie Warren > No Play Type > Turnover,104,2026-01-03,UW-Whitewater,offense,Luke Bara,play-by-play,False,,0.0,not located,
2026-01-03|104|24 Richie Warren > No Play Type > Turnover,104,2026-01-03,UW-Whitewater,offense,Richie Warren,play-by-play,False,,0.0,not located,
2026-01-03|104|24 Richie Warren > No Play Type > Turnover,104,2026-01-03,UW-Oshkosh Titans,defense,Aiden Hawkinson,play-by-play,False,,0.0,not located,
2026-01-03|104|24 Richie Warren > No Play Type > Turnover,104,2026-01-03,UW-Oshkosh Titans,defense,Jay Dalton,play-by-play,False,,0.0,not located,
2026-01-03|104|24 Richie Warren > No Play Type > Turnover,104,2026-01-03,UW-Oshkosh Titans,defense,Jonah Rindfleisch,play-by-play,False,,0.0,not located,
2026-01-03|104|24 Richie Warren > No Play Type > Turnover,104,2026-01-03,UW-Oshkosh Titans,defense,Logan Rindfleisch,play-by-play,False,,0.0,not located,
2026-01-03|104|24 Richie Warren > No Play Type > Turnover,104,2026-01-03,UW-Oshkosh Titans,defense,Oskar Kangas,play-by-play,False,,0.0,not located,
2026-01-03|105|13 Logan Rindfleisch > P&R Ball Handler > Left P&R > Side > Go Away from Pick > Dribble Jumper > Short to < 17' > Miss 2 Pts,105,2026-01-03,UW-Oshkosh Titans,offense,Aiden Hawkinson,play-by-play,False,,0.0,not located,
2026-01-03|105|13 Logan Rindfleisch > P&R Ball Handler > Left P&R > Side > Go Away from Pick > Dribble Jumper > Short to < 17' > Miss 2 Pts,105,2026-01-03,UW-Oshkosh Titans,offense,Jay Dalton,play-by-play,False,,0.0,not located,
2026-01-03|105|13 Logan Rindfleisch > P&R Ball Handler > Left P&R > Side > Go Away from Pick > Dribble Jumper > Short to < 17' > Miss 2 Pts,105,2026-01-03,UW-Oshkosh Titans,offense,Jonah Rindfleisch,play-by-play,False,,0.0,not located,
2026-01-03|105|13 Logan Rindfleisch > P&R Ball Handler > Left P&R > Side > Go Away from Pick > Dribble Jumper > Short to < 17' > Miss 2 Pts,105,2026-01-03,UW-Oshkosh Titans,offense,Logan Rindfleisch,play-by-play,False,,0.0,not located,
2026-01-03|105|13 Logan Rindfleisch > P&R Ball Handler > Left P&R > Side > Go Away from Pick > Dribble Jumper > Short to < 17' > Miss 2 Pts,105,2026-01-03,UW-Oshkosh Titans,offense,Oskar Kangas,play-by-play,False,,0.0,not located,
2026-01-03|105|13 Logan Rindfleisch > P&R Ball Handler > Left P&R > Side > Go Away from Pick > Dribble Jumper > Short to < 17' > Miss 2 Pts,105,2026-01-03,UW-Whitewater,defense,Brock Marino,play-by-play,False,,0.0,not located,
2026-01-03|105|13 Logan Rindfleisch > P&R Ball Handler > Left P&R > Side > Go Away from Pick > Dribble Jumper > Short to < 17' > Miss 2 Pts,105,2026-01-03,UW-Whitewater,defense,Collin Madson,play-by-play,False,,0.0,not located,
2026-01-03|105|13 Logan Rindfleisch > P&R Ball Handler > Left P&R > Side > Go Away from Pick > Dribble Jumper > Short to < 17' > Miss 2 Pts,105,2026-01-03,UW-Whitewater,defense,JR Lukenbill,play-by-play,False,,0.0,not located,
2026-01-03|105|13 Logan Rindfleisch > P&R Ball Handler > Left P&R > Side > Go Away from Pick > Dribble Jumper > Short to < 17' > Miss 2 Pts,105,2026-01-03,UW-Whitewater,defense,Luke Bara,play-by-play,False,,0.0,not located,
2026-01-03|105|13 Logan Rindfleisch > P&R Ball Handler > Left P&R > Side > Go Away from Pick > Dribble Jumper > Short to < 17' > Miss 2 Pts,105,2026-01-03,UW-Whitewater,defense,Richie Warren,play-by-play,False,,0.0,not located,
2026-01-03|106|32 Luke Bara > Non Possession > Non Shooting Foul,106,2026-01-03,UW-Whitewater,offense,Brock Marino,play-by-play,False,,0.0,not located,
2026-01-03|106|32 Luke Bara > Non Possession > Non Shooting Foul,106,2026-01-03,UW-Whitewater,offense,Collin Madson,play-by-play,False,,0.0,not located,
2026-01-03|106|32 Luke Bara > Non Possession > Non Shooting Foul,106,2026-01-03,UW-Whitewater,offense,JR Lukenbill,play-by-play,False,,0.0,not located,
2026-01-03|106|32 Luke Bara > Non Possession > Non Shooting Foul,106,2026-01-03,UW-Whitewater,offense,Luke Bara,play-by-play,False,,0.0,not located,
2026-01-03|106|32 Luke Bara > Non Possession > Non Shooting Foul,106,2026-01-03,UW-Whitewater,offense,Richie Warren,play-by-play,False,,0.0,not located,
2026-01-03|106|32 Luke Bara > Non Possession > Non Shooting Foul,106,2026-01-03,UW-Oshkosh Titans,defense,Aiden Hawkinson,play-by-play,False,,0.0,not located,
2026-01-03|106|32 Luke Bara > Non Possession > Non Shooting Foul,106,2026-01-03,UW-Oshkosh Titans,defense,Jay Dalton,play-by-play,False,,0.0,not located,
2026-01-03|106|32 Luke Bara > Non Possession > Non Shooting Foul,106,2026-01-03,UW-Oshkosh Titans,defense,Jonah Rindfleisch,play-by-play,False,,0.0,not located,
2026-01-03|106|32 Luke Bara > Non Possession > Non Shooting Foul,106,2026-01-03,UW-Oshkosh Titans,defense,Logan Rindfleisch,play-by-play,False,,0.0,not located,
2026-01-03|106|32 Luke Bara > Non Possession > Non Shooting Foul,106,2026-01-03,UW-Oshkosh Titans,defense,Oskar Kangas,play-by-play,False,,0.0,not located,
2026-01-03|107|24 Richie Warren > No Play Type > Turnover,107,2026-01-03,UW-Whitewater,offense,Collin Madson,play-by-play,False,,0.0,not located,
2026-01-03|107|24 Richie Warren > No Play Type > Turnover,107,2026-01-03,UW-Whitewater,offense,JR Lukenbill,play-by-play,False,,0.0,not located,
2026-01-03|107|24 Richie Warren > No Play Type > Turnover,107,2026-01-03,UW-Whitewater,offense,Jake Quast,play-by-play,False,,0.0,not located,
2026-01-03|107|24 Richie Warren > No Play Type > Turnover,107,2026-01-03,UW-Whitewater,offense,Luke Bara,play-by-play,False,,0.0,not located,
2026-01-03|107|24 Richie Warren > No Play Type > Turnover,107,2026-01-03,UW-Whitewater,offense,Richie Warren,play-by-play,False,,0.0,not located,
2026-01-03|107|24 Richie Warren > No Play Type > Turnover,107,2026-01-03,UW-Oshkosh Titans,defense,Brandon Beck,play-by-play,False,,0.0,not located,
2026-01-03|107|24 Richie Warren > No Play Type > Turnover,107,2026-01-03,UW-Oshkosh Titans,defense,Carter Thomas,play-by-play,False,,0.0,not located,
2026-01-03|107|24 Richie Warren > No Play Type > Turnover,107,2026-01-03,UW-Oshkosh Titans,defense,Joey LaChapell,play-by-play,False,,0.0,not located,
2026-01-03|107|24 Richie Warren > No Play Type > Turnover,107,2026-01-03,UW-Oshkosh Titans,defense,Michael Metcalf-Grassman,play-by-play,False,,0.0,not located,
2026-01-03|107|24 Richie Warren > No Play Type > Turnover,107,2026-01-03,UW-Oshkosh Titans,defense,Nate Nazos,play-by-play,False,,0.0,not located,
2026-01-03|108|4 Michael Metcalf-Grassman > Transition > Right Wing > To Basket > Make 2 Pts,108,2026-01-03,UW-Oshkosh Titans,offense,Brandon Beck,play-by-play,False,,0.0,not located,
2026-01-03|108|4 Michael Metcalf-Grassman > Transition > Right Wing > To Basket > Make 2 Pts,108,2026-01-03,UW-Oshkosh Titans,offense,Carter Thomas,play-by-play,False,,0.0,not located,
2026-01-03|108|4 Michael Metcalf-Grassman > Transition > Right Wing > To Basket > Make 2 Pts,108,2026-01-03,UW-Oshkosh Titans,offense,Joey LaChapell,play-by-play,False,,0.0,not located,
2026-01-03|108|4 Michael Metcalf-Grassman > Transition > Right Wing > To Basket > Make 2 Pts,108,2026-01-03,UW-Oshkosh Titans,offense,Michael Metcalf-Grassman,play-by-play,False,,0.0,not located,
2026-01-03|108|4 Michael Metcalf-Grassman > Transition > Right Wing > To Basket > Make 2 Pts,108,2026-01-03,UW-Oshkosh Titans,offense,Nate Nazos,play-by-play,False,,0.0,not located,
2026-01-03|108|4 Michael Metcalf-Grassman > Transition > Right Wing > To Basket > Make 2 Pts,108,2026-01-03,UW-Whitewater,defense,Collin Madson,play-by-play,False,,0.0,not located,
2026-01-03|108|4 Michael Metcalf-Grassman > Transition > Right Wing > To Basket > Make 2 Pts,108,2026-01-03,UW-Whitewater,defense,JR Lukenbill,play-by-play,False,,0.0,not located,
2026-01-03|108|4 Michael Metcalf-Grassman > Transition > Right Wing > To Basket > Make 2 Pts,108,2026-01-03,UW-Whitewater,defense,Jake Quast,play-by-play,False,,0.0,not located,
2026-01-03|108|4 Michael Metcalf-Grassman > Transition > Right Wing > To Basket > Make 2 Pts,108,2026-01-03,UW-Whitewater,defense,Luke Bara,play-by-play,False,,0.0,not located,
2026-01-03|108|4 Michael Metcalf-Grassman > Transition > Right Wing > To Basket > Make 2 Pts,108,2026-01-03,UW-Whitewater,defense,Richie Warren,play-by-play,False,,0.0,not located,
2026-01-03|109|11 Jr Lukenbill > No Play Type > Turnover,109,2026-01-03,UW-Whitewater,offense,Collin Madson,play-by-play,False,,0.0,not located,
2026-01-03|109|11 Jr Lukenbill > No Play Type > Turnover,109,2026-01-03,UW-Whitewater,offense,JR Lukenbill,play-by-play,False,,0.0,not located,
2026-01-03|109|11 Jr Lukenbill > No Play Type > Turnover,109,2026-01-03,UW-Whitewater,offense,Jake Quast,play-by-play,False,,0.0,not located,
2026-01-03|109|11 Jr Lukenbill > No Play Type > Turnover,109,2026-01-03,UW-Whitewater,offense,Luke Bara,play-by-play,False,,0.0,not located,
2026-01-03|109|11 Jr Lukenbill > No Play Type > Turnover,109,2026-01-03,UW-Whitewater,offense,Richie Warren,play-by-play,False,,0.0,not located,
2026-01-03|109|11 Jr Lukenbill > No Play Type > Turnover,109,2026-01-03,UW-Oshkosh Titans,defense,Brandon Beck,play-by-play,False,,0.0,not located,
2026-01-03|109|11 Jr Lukenbill > No Play Type > Turnover,109,2026-01-03,UW-Oshkosh Titans,defense,Carter Thomas,play-by-play,False,,0.0,not located,
2026-01-03|109|11 Jr Lukenbill > No Play Type > Turnover,109,2026-01-03,UW-Oshkosh Titans,defense,Joey LaChapell,play-by-play,False,,0.0,not located,
2026-01-03|109|11 Jr Lukenbill > No Play Type > Turnover,109,2026-01-03,UW-Oshkosh Titans,defense,Michael Metcalf-Grassman,play-by-play,False,,0.0,not located,
2026-01-03|109|11 Jr Lukenbill > No Play Type > Turnover,109,2026-01-03,UW-Oshkosh Titans,defense,Nate Nazos,play-by-play,False,,0.0,not located,
2026-01-03|110|21 Carter Thomas > No Play Type > To Basket > Foul,110,2026-01-03,UW-Oshkosh Titans,offense,Brandon Beck,play-by-play,False,,0.0,not located,
2026-01-03|110|21 Carter Thomas > No Play Type > To Basket > Foul,110,2026-01-03,UW-Oshkosh Titans,offense,Carter Thomas,play-by-play,False,,0.0,not located,
2026-01-03|110|21 Carter Thomas > No Play Type > To Basket > Foul,110,2026-01-03,UW-Oshkosh Titans,offense,Joey LaChapell,play-by-play,False,,0.0,not located,
2026-01-03|110|21 Carter Thomas > No Play Type > To Basket > Foul,110,2026-01-03,UW-Oshkosh Titans,offense,Michael Metcalf-Grassman,play-by-play,False,,0.0,not located,
2026-01-03|110|21 Carter Thomas > No Play Type > To Basket > Foul,110,2026-01-03,UW-Oshkosh Titans,offense,Nate Nazos,play-by-play,False,,0.0,not located,
2026-01-03|110|21 Carter Thomas > No Play Type > To Basket > Foul,110,2026-01-03,UW-Whitewater,defense,Collin Madson,play-by-play,False,,0.0,not located,
2026-01-03|110|21 Carter Thomas > No Play Type > To Basket > Foul,110,2026-01-03,UW-Whitewater,defense,JR Lukenbill,play-by-play,False,,0.0,not located,
2026-01-03|110|21 Carter Thomas > No Play Type > To Basket > Foul,110,2026-01-03,UW-Whitewater,defense,Jake Quast,play-by-play,False,,0.0,not located,
2026-01-03|110|21 Carter Thomas > No Play Type > To Basket > Foul,110,2026-01-03,UW-Whitewater,defense,Luke Bara,play-by-play,False,,0.0,not located,
2026-01-03|110|21 Carter Thomas > No Play Type > To Basket > Foul,110,2026-01-03,UW-Whitewater,defense,Richie Warren,play-by-play,False,,0.0,not located,
2026-01-03|111|24 Richie Warren > Non Possession > No Violation,111,2026-01-03,UW-Whitewater,offense,Collin Madson,clips before/after (no clock),False,,0.0,not located,
2026-01-03|111|24 Richie Warren > Non Possession > No Violation,111,2026-01-03,UW-Whitewater,offense,JR Lukenbill,clips before/after (no clock),False,,0.0,not located,
2026-01-03|111|24 Richie Warren > Non Possession > No Violation,111,2026-01-03,UW-Whitewater,offense,Jake Quast,clips before/after (no clock),False,,0.0,not located,
2026-01-03|111|24 Richie Warren > Non Possession > No Violation,111,2026-01-03,UW-Whitewater,offense,Luke Bara,clips before/after (no clock),False,,0.0,not located,
2026-01-03|111|24 Richie Warren > Non Possession > No Violation,111,2026-01-03,UW-Whitewater,offense,Richie Warren,clips before/after (no clock),False,,0.0,not located,
2026-01-03|111|24 Richie Warren > Non Possession > No Violation,111,2026-01-03,UW-Oshkosh Titans,defense,Brandon Beck,clips before/after (no clock),False,,0.0,not located,
2026-01-03|111|24 Richie Warren > Non Possession > No Violation,111,2026-01-03,UW-Oshkosh Titans,defense,Carter Thomas,clips before/after (no clock),False,,0.0,not located,
2026-01-03|111|24 Richie Warren > Non Possession > No Violation,111,2026-01-03,UW-Oshkosh Titans,defense,Joey LaChapell,clips before/after (no clock),False,,0.0,not located,
2026-01-03|111|24 Richie Warren > Non Possession > No Violation,111,2026-01-03,UW-Oshkosh Titans,defense,Michael Metcalf-Grassman,clips before/after (no clock),False,,0.0,not located,
2026-01-03|111|24 Richie Warren > Non Possession > No Violation,111,2026-01-03,UW-Oshkosh Titans,defense,Nate Nazos,clips before/after (no clock),False,,0.0,not located,
2026-01-03|112|15 Collin Madson > ISO > Right > Drives Right > To Basket > Foul,112,2026-01-03,UW-Whitewater,offense,Collin Madson,play-by-play,True,44,13.0,Synergy,0.95
2026-01-03|112|15 Collin Madson > ISO > Right > Drives Right > To Basket > Foul,112,2026-01-03,UW-Whitewater,offense,JR Lukenbill,play-by-play,False,,0.0,not located,
2026-01-03|112|15 Collin Madson > ISO > Right > Drives Right > To Basket > Foul,112,2026-01-03,UW-Whitewater,offense,Jake Quast,play-by-play,False,,0.0,not located,
2026-01-03|112|15 Collin Madson > ISO > Right > Drives Right > To Basket > Foul,112,2026-01-03,UW-Whitewater,offense,Luke Bara,play-by-play,False,,0.0,not located,
2026-01-03|112|15 Collin Madson > ISO > Right > Drives Right > To Basket > Foul,112,2026-01-03,UW-Whitewater,offense,Richie Warren,play-by-play,False,,0.0,not located,
2026-01-03|112|15 Collin Madson > ISO > Right > Drives Right > To Basket > Foul,112,2026-01-03,UW-Oshkosh Titans,defense,Brandon Beck,play-by-play,False,,0.0,not located,
2026-01-03|112|15 Collin Madson > ISO > Right > Drives Right > To Basket > Foul,112,2026-01-03,UW-Oshkosh Titans,defense,Carter Thomas,play-by-play,False,,0.0,not located,
2026-01-03|112|15 Collin Madson > ISO > Right > Drives Right > To Basket > Foul,112,2026-01-03,UW-Oshkosh Titans,defense,Joey LaChapell,play-by-play,False,,0.0,not located,
2026-01-03|112|15 Collin Madson > ISO > Right > Drives Right > To Basket > Foul,112,2026-01-03,UW-Oshkosh Titans,defense,Michael Metcalf-Grassman,play-by-play,False,,0.0,not located,
2026-01-03|112|15 Collin Madson > ISO > Right > Drives Right > To Basket > Foul,112,2026-01-03,UW-Oshkosh Titans,defense,Nate Nazos,play-by-play,False,,0.0,not located,
2026-01-03|113|0 Brandon Beck > Non Possession > Non Shooting Foul,113,2026-01-03,UW-Oshkosh Titans,offense,Brandon Beck,play-by-play,False,,0.0,not located,
2026-01-03|113|0 Brandon Beck > Non Possession > Non Shooting Foul,113,2026-01-03,UW-Oshkosh Titans,offense,Carter Thomas,play-by-play,False,,0.0,not located,
2026-01-03|113|0 Brandon Beck > Non Possession > Non Shooting Foul,113,2026-01-03,UW-Oshkosh Titans,offense,Joey LaChapell,play-by-play,False,,0.0,not located,
2026-01-03|113|0 Brandon Beck > Non Possession > Non Shooting Foul,113,2026-01-03,UW-Oshkosh Titans,offense,Michael Metcalf-Grassman,play-by-play,False,,0.0,not located,
2026-01-03|113|0 Brandon Beck > Non Possession > Non Shooting Foul,113,2026-01-03,UW-Oshkosh Titans,offense,Nate Nazos,play-by-play,False,,0.0,not located,
2026-01-03|113|0 Brandon Beck > Non Possession > Non Shooting Foul,113,2026-01-03,UW-Whitewater,defense,Collin Madson,play-by-play,False,,0.0,not located,
2026-01-03|113|0 Brandon Beck > Non Possession > Non Shooting Foul,113,2026-01-03,UW-Whitewater,defense,JR Lukenbill,play-by-play,False,,0.0,not located,
2026-01-03|113|0 Brandon Beck > Non Possession > Non Shooting Foul,113,2026-01-03,UW-Whitewater,defense,Jake Quast,play-by-play,False,,0.0,not located,
2026-01-03|113|0 Brandon Beck > Non Possession > Non Shooting Foul,113,2026-01-03,UW-Whitewater,defense,Luke Bara,play-by-play,False,,0.0,not located,
2026-01-03|113|0 Brandon Beck > Non Possession > Non Shooting Foul,113,2026-01-03,UW-Whitewater,defense,Richie Warren,play-by-play,False,,0.0,not located,
2026-01-03|114|5 Matt Imig > P&R Ball Handler > High P&R > Dribble Off Pick > Defense Commits > Ball Delivered > 23 Oskar Kangas > P&R Roll Man > Rolls to Basket > Miss 2 Pts,114,2026-01-03,UW-Oshkosh Titans,offense,Aiden Hawkinson,play-by-play,False,,0.0,not located,
2026-01-03|114|5 Matt Imig > P&R Ball Handler > High P&R > Dribble Off Pick > Defense Commits > Ball Delivered > 23 Oskar Kangas > P&R Roll Man > Rolls to Basket > Miss 2 Pts,114,2026-01-03,UW-Oshkosh Titans,offense,Jonah Rindfleisch,play-by-play,False,,0.0,not located,
2026-01-03|114|5 Matt Imig > P&R Ball Handler > High P&R > Dribble Off Pick > Defense Commits > Ball Delivered > 23 Oskar Kangas > P&R Roll Man > Rolls to Basket > Miss 2 Pts,114,2026-01-03,UW-Oshkosh Titans,offense,Matt Imig,play-by-play,True,2,6.8,Synergy,0.95
2026-01-03|114|5 Matt Imig > P&R Ball Handler > High P&R > Dribble Off Pick > Defense Commits > Ball Delivered > 23 Oskar Kangas > P&R Roll Man > Rolls to Basket > Miss 2 Pts,114,2026-01-03,UW-Oshkosh Titans,offense,Oskar Kangas,play-by-play,False,,0.0,not located,
2026-01-03|114|5 Matt Imig > P&R Ball Handler > High P&R > Dribble Off Pick > Defense Commits > Ball Delivered > 23 Oskar Kangas > P&R Roll Man > Rolls to Basket > Miss 2 Pts,114,2026-01-03,UW-Oshkosh Titans,offense,Vitorio Dante,play-by-play,False,,0.0,not located,
2026-01-03|114|5 Matt Imig > P&R Ball Handler > High P&R > Dribble Off Pick > Defense Commits > Ball Delivered > 23 Oskar Kangas > P&R Roll Man > Rolls to Basket > Miss 2 Pts,114,2026-01-03,UW-Whitewater,defense,Brock Marino,play-by-play,False,,0.0,not located,
2026-01-03|114|5 Matt Imig > P&R Ball Handler > High P&R > Dribble Off Pick > Defense Commits > Ball Delivered > 23 Oskar Kangas > P&R Roll Man > Rolls to Basket > Miss 2 Pts,114,2026-01-03,UW-Whitewater,defense,Collin Madson,play-by-play,False,,0.0,not located,
2026-01-03|114|5 Matt Imig > P&R Ball Handler > High P&R > Dribble Off Pick > Defense Commits > Ball Delivered > 23 Oskar Kangas > P&R Roll Man > Rolls to Basket > Miss 2 Pts,114,2026-01-03,UW-Whitewater,defense,Jake Quast,play-by-play,False,,0.0,not located,
2026-01-03|114|5 Matt Imig > P&R Ball Handler > High P&R > Dribble Off Pick > Defense Commits > Ball Delivered > 23 Oskar Kangas > P&R Roll Man > Rolls to Basket > Miss 2 Pts,114,2026-01-03,UW-Whitewater,defense,Luke Bara,play-by-play,False,,0.0,not located,
2026-01-03|114|5 Matt Imig > P&R Ball Handler > High P&R > Dribble Off Pick > Defense Commits > Ball Delivered > 23 Oskar Kangas > P&R Roll Man > Rolls to Basket > Miss 2 Pts,114,2026-01-03,UW-Whitewater,defense,Richie Warren,play-by-play,False,,0.0,not located,
2026-01-03|115|32 Luke Bara > ISO > Right > Drives Left > To Basket > Foul,115,2026-01-03,UW-Whitewater,offense,Brock Marino,play-by-play,False,,0.0,not located,
2026-01-03|115|32 Luke Bara > ISO > Right > Drives Left > To Basket > Foul,115,2026-01-03,UW-Whitewater,offense,Collin Madson,play-by-play,False,,0.0,not located,
2026-01-03|115|32 Luke Bara > ISO > Right > Drives Left > To Basket > Foul,115,2026-01-03,UW-Whitewater,offense,Jake Quast,play-by-play,False,,0.0,not located,
2026-01-03|115|32 Luke Bara > ISO > Right > Drives Left > To Basket > Foul,115,2026-01-03,UW-Whitewater,offense,Luke Bara,play-by-play,False,,0.0,not located,
2026-01-03|115|32 Luke Bara > ISO > Right > Drives Left > To Basket > Foul,115,2026-01-03,UW-Whitewater,offense,Richie Warren,play-by-play,False,,0.0,not located,
2026-01-03|115|32 Luke Bara > ISO > Right > Drives Left > To Basket > Foul,115,2026-01-03,UW-Oshkosh Titans,defense,Aiden Hawkinson,play-by-play,False,,0.0,not located,
2026-01-03|115|32 Luke Bara > ISO > Right > Drives Left > To Basket > Foul,115,2026-01-03,UW-Oshkosh Titans,defense,Jonah Rindfleisch,play-by-play,False,,0.0,not located,
2026-01-03|115|32 Luke Bara > ISO > Right > Drives Left > To Basket > Foul,115,2026-01-03,UW-Oshkosh Titans,defense,Matt Imig,play-by-play,False,,0.0,not located,
2026-01-03|115|32 Luke Bara > ISO > Right > Drives Left > To Basket > Foul,115,2026-01-03,UW-Oshkosh Titans,defense,Oskar Kangas,play-by-play,False,,0.0,not located,
2026-01-03|115|32 Luke Bara > ISO > Right > Drives Left > To Basket > Foul,115,2026-01-03,UW-Oshkosh Titans,defense,Vitorio Dante,play-by-play,False,,0.0,not located,
2026-01-03|116|2 Joey LaChapell > P&R Ball Handler > High P&R > Dribble Off Pick > Defense Commits > Ball Delivered > 10 Nate Nazos > Spot-Up > No Dribble Jumper > Open > Long/3pt > Make 3 Pts,116,2026-01-03,UW-Oshkosh Titans,offense,Brandon Beck,play-by-play,False,,0.0,not located,
2026-01-03|116|2 Joey LaChapell > P&R Ball Handler > High P&R > Dribble Off Pick > Defense Commits > Ball Delivered > 10 Nate Nazos > Spot-Up > No Dribble Jumper > Open > Long/3pt > Make 3 Pts,116,2026-01-03,UW-Oshkosh Titans,offense,Carter Thomas,play-by-play,False,,0.0,not located,
2026-01-03|116|2 Joey LaChapell > P&R Ball Handler > High P&R > Dribble Off Pick > Defense Commits > Ball Delivered > 10 Nate Nazos > Spot-Up > No Dribble Jumper > Open > Long/3pt > Make 3 Pts,116,2026-01-03,UW-Oshkosh Titans,offense,Joey LaChapell,play-by-play,False,,0.0,not located,
2026-01-03|116|2 Joey LaChapell > P&R Ball Handler > High P&R > Dribble Off Pick > Defense Commits > Ball Delivered > 10 Nate Nazos > Spot-Up > No Dribble Jumper > Open > Long/3pt > Make 3 Pts,116,2026-01-03,UW-Oshkosh Titans,offense,Michael Metcalf-Grassman,play-by-play,False,,0.0,not located,
2026-01-03|116|2 Joey LaChapell > P&R Ball Handler > High P&R > Dribble Off Pick > Defense Commits > Ball Delivered > 10 Nate Nazos > Spot-Up > No Dribble Jumper > Open > Long/3pt > Make 3 Pts,116,2026-01-03,UW-Oshkosh Titans,offense,Nate Nazos,play-by-play,False,,0.0,not located,
2026-01-03|116|2 Joey LaChapell > P&R Ball Handler > High P&R > Dribble Off Pick > Defense Commits > Ball Delivered > 10 Nate Nazos > Spot-Up > No Dribble Jumper > Open > Long/3pt > Make 3 Pts,116,2026-01-03,UW-Whitewater,defense,Brock Marino,play-by-play,False,,0.0,not located,
2026-01-03|116|2 Joey LaChapell > P&R Ball Handler > High P&R > Dribble Off Pick > Defense Commits > Ball Delivered > 10 Nate Nazos > Spot-Up > No Dribble Jumper > Open > Long/3pt > Make 3 Pts,116,2026-01-03,UW-Whitewater,defense,Collin Madson,play-by-play,False,,0.0,not located,
2026-01-03|116|2 Joey LaChapell > P&R Ball Handler > High P&R > Dribble Off Pick > Defense Commits > Ball Delivered > 10 Nate Nazos > Spot-Up > No Dribble Jumper > Open > Long/3pt > Make 3 Pts,116,2026-01-03,UW-Whitewater,defense,Jake Quast,play-by-play,False,,0.0,not located,
2026-01-03|116|2 Joey LaChapell > P&R Ball Handler > High P&R > Dribble Off Pick > Defense Commits > Ball Delivered > 10 Nate Nazos > Spot-Up > No Dribble Jumper > Open > Long/3pt > Make 3 Pts,116,2026-01-03,UW-Whitewater,defense,Luke Bara,play-by-play,False,,0.0,not located,
2026-01-03|116|2 Joey LaChapell > P&R Ball Handler > High P&R > Dribble Off Pick > Defense Commits > Ball Delivered > 10 Nate Nazos > Spot-Up > No Dribble Jumper > Open > Long/3pt > Make 3 Pts,116,2026-01-03,UW-Whitewater,defense,Richie Warren,play-by-play,False,,0.0,not located,
2026-01-03|117|21 Brock Marino > Non Possession > Non Shooting Foul,117,2026-01-03,UW-Whitewater,offense,Brock Marino,clips before/after (no clock),False,,0.0,not located,
2026-01-03|117|21 Brock Marino > Non Possession > Non Shooting Foul,117,2026-01-03,UW-Whitewater,offense,Collin Madson,clips before/after (no clock),False,,0.0,not located,
2026-01-03|117|21 Brock Marino > Non Possession > Non Shooting Foul,117,2026-01-03,UW-Whitewater,offense,Jake Quast,clips before/after (no clock),False,,0.0,not located,
2026-01-03|117|21 Brock Marino > Non Possession > Non Shooting Foul,117,2026-01-03,UW-Whitewater,offense,Luke Bara,clips before/after (no clock),False,,0.0,not located,
2026-01-03|117|21 Brock Marino > Non Possession > Non Shooting Foul,117,2026-01-03,UW-Whitewater,offense,Richie Warren,clips before/after (no clock),False,,0.0,not located,
2026-01-03|117|21 Brock Marino > Non Possession > Non Shooting Foul,117,2026-01-03,UW-Oshkosh Titans,defense,Brandon Beck,clips before/after (no clock),False,,0.0,not located,
2026-01-03|117|21 Brock Marino > Non Possession > Non Shooting Foul,117,2026-01-03,UW-Oshkosh Titans,defense,Carter Thomas,clips before/after (no clock),False,,0.0,not located,
2026-01-03|117|21 Brock Marino > Non Possession > Non Shooting Foul,117,2026-01-03,UW-Oshkosh Titans,defense,Joey LaChapell,clips before/after (no clock),False,,0.0,not located,
2026-01-03|117|21 Brock Marino > Non Possession > Non Shooting Foul,117,2026-01-03,UW-Oshkosh Titans,defense,Michael Metcalf-Grassman,clips before/after (no clock),False,,0.0,not located,
2026-01-03|117|21 Brock Marino > Non Possession > Non Shooting Foul,117,2026-01-03,UW-Oshkosh Titans,defense,Nate Nazos,clips before/after (no clock),False,,0.0,not located,
2026-01-03|118|12 Jake Quast > No Play Type > Foul,118,2026-01-03,UW-Whitewater,offense,Brock Marino,play-by-play,False,,0.0,not located,
2026-01-03|118|12 Jake Quast > No Play Type > Foul,118,2026-01-03,UW-Whitewater,offense,Collin Madson,play-by-play,False,,0.0,not located,
2026-01-03|118|12 Jake Quast > No Play Type > Foul,118,2026-01-03,UW-Whitewater,offense,Jake Quast,play-by-play,False,,0.0,not located,
2026-01-03|118|12 Jake Quast > No Play Type > Foul,118,2026-01-03,UW-Whitewater,offense,Luke Bara,play-by-play,False,,0.0,not located,
2026-01-03|118|12 Jake Quast > No Play Type > Foul,118,2026-01-03,UW-Whitewater,offense,Richie Warren,play-by-play,False,,0.0,not located,
2026-01-03|118|12 Jake Quast > No Play Type > Foul,118,2026-01-03,UW-Oshkosh Titans,defense,Brandon Beck,play-by-play,False,,0.0,not located,
2026-01-03|118|12 Jake Quast > No Play Type > Foul,118,2026-01-03,UW-Oshkosh Titans,defense,Carter Thomas,play-by-play,False,,0.0,not located,
2026-01-03|118|12 Jake Quast > No Play Type > Foul,118,2026-01-03,UW-Oshkosh Titans,defense,Joey LaChapell,play-by-play,False,,0.0,not located,
2026-01-03|118|12 Jake Quast > No Play Type > Foul,118,2026-01-03,UW-Oshkosh Titans,defense,Michael Metcalf-Grassman,play-by-play,False,,0.0,not located,
2026-01-03|118|12 Jake Quast > No Play Type > Foul,118,2026-01-03,UW-Oshkosh Titans,defense,Nate Nazos,play-by-play,False,,0.0,not located,
2026-01-03|119|0 Brandon Beck > Cut > Basket > Make 2 Pts,119,2026-01-03,UW-Oshkosh Titans,offense,Brandon Beck,play-by-play,False,,0.0,not located,
2026-01-03|119|0 Brandon Beck > Cut > Basket > Make 2 Pts,119,2026-01-03,UW-Oshkosh Titans,offense,Carter Thomas,play-by-play,False,,0.0,not located,
2026-01-03|119|0 Brandon Beck > Cut > Basket > Make 2 Pts,119,2026-01-03,UW-Oshkosh Titans,offense,Joey LaChapell,play-by-play,False,,0.0,not located,
2026-01-03|119|0 Brandon Beck > Cut > Basket > Make 2 Pts,119,2026-01-03,UW-Oshkosh Titans,offense,Michael Metcalf-Grassman,play-by-play,False,,0.0,not located,
2026-01-03|119|0 Brandon Beck > Cut > Basket > Make 2 Pts,119,2026-01-03,UW-Oshkosh Titans,offense,Nate Nazos,play-by-play,False,,0.0,not located,
2026-01-03|119|0 Brandon Beck > Cut > Basket > Make 2 Pts,119,2026-01-03,UW-Whitewater,defense,Brock Marino,play-by-play,False,,0.0,not located,
2026-01-03|119|0 Brandon Beck > Cut > Basket > Make 2 Pts,119,2026-01-03,UW-Whitewater,defense,Collin Madson,play-by-play,False,,0.0,not located,
2026-01-03|119|0 Brandon Beck > Cut > Basket > Make 2 Pts,119,2026-01-03,UW-Whitewater,defense,Jake Quast,play-by-play,False,,0.0,not located,
2026-01-03|119|0 Brandon Beck > Cut > Basket > Make 2 Pts,119,2026-01-03,UW-Whitewater,defense,Luke Bara,play-by-play,False,,0.0,not located,
2026-01-03|119|0 Brandon Beck > Cut > Basket > Make 2 Pts,119,2026-01-03,UW-Whitewater,defense,Richie Warren,play-by-play,False,,0.0,not located,
2026-01-03|120|24 Richie Warren > Non Possession > Out of Bound 5 Sec Violation,120,2026-01-03,UW-Whitewater,offense,Brock Marino,clips before/after (no clock),False,,0.0,not located,
2026-01-03|120|24 Richie Warren > Non Possession > Out of Bound 5 Sec Violation,120,2026-01-03,UW-Whitewater,offense,Collin Madson,clips before/after (no clock),False,,0.0,not located,
2026-01-03|120|24 Richie Warren > Non Possession > Out of Bound 5 Sec Violation,120,2026-01-03,UW-Whitewater,offense,Jake Quast,clips before/after (no clock),False,,0.0,not located,
2026-01-03|120|24 Richie Warren > Non Possession > Out of Bound 5 Sec Violation,120,2026-01-03,UW-Whitewater,offense,Luke Bara,clips before/after (no clock),False,,0.0,not located,
2026-01-03|120|24 Richie Warren > Non Possession > Out of Bound 5 Sec Violation,120,2026-01-03,UW-Whitewater,offense,Richie Warren,clips before/after (no clock),False,,0.0,not located,
2026-01-03|121|13 Logan Rindfleisch > P&R Ball Handler > High P&R > Dribble Off Pick > Dribble Jumper > Short to < 17' > Miss 2 Pts,121,2026-01-03,UW-Oshkosh Titans,offense,Aiden Hawkinson,play-by-play,False,,0.0,not located,
2026-01-03|121|13 Logan Rindfleisch > P&R Ball Handler > High P&R > Dribble Off Pick > Dribble Jumper > Short to < 17' > Miss 2 Pts,121,2026-01-03,UW-Oshkosh Titans,offense,Jay Dalton,play-by-play,False,,0.0,not located,
2026-01-03|121|13 Logan Rindfleisch > P&R Ball Handler > High P&R > Dribble Off Pick > Dribble Jumper > Short to < 17' > Miss 2 Pts,121,2026-01-03,UW-Oshkosh Titans,offense,Jonah Rindfleisch,play-by-play,False,,0.0,not located,
2026-01-03|121|13 Logan Rindfleisch > P&R Ball Handler > High P&R > Dribble Off Pick > Dribble Jumper > Short to < 17' > Miss 2 Pts,121,2026-01-03,UW-Oshkosh Titans,offense,Logan Rindfleisch,play-by-play,False,,0.0,not located,
2026-01-03|121|13 Logan Rindfleisch > P&R Ball Handler > High P&R > Dribble Off Pick > Dribble Jumper > Short to < 17' > Miss 2 Pts,121,2026-01-03,UW-Oshkosh Titans,offense,Oskar Kangas,play-by-play,False,,0.0,not located,
2026-01-03|121|13 Logan Rindfleisch > P&R Ball Handler > High P&R > Dribble Off Pick > Dribble Jumper > Short to < 17' > Miss 2 Pts,121,2026-01-03,UW-Whitewater,defense,Brock Marino,play-by-play,False,,0.0,not located,
2026-01-03|121|13 Logan Rindfleisch > P&R Ball Handler > High P&R > Dribble Off Pick > Dribble Jumper > Short to < 17' > Miss 2 Pts,121,2026-01-03,UW-Whitewater,defense,Collin Madson,play-by-play,False,,0.0,not located,
2026-01-03|121|13 Logan Rindfleisch > P&R Ball Handler > High P&R > Dribble Off Pick > Dribble Jumper > Short to < 17' > Miss 2 Pts,121,2026-01-03,UW-Whitewater,defense,Jake Quast,play-by-play,False,,0.0,not located,
2026-01-03|121|13 Logan Rindfleisch > P&R Ball Handler > High P&R > Dribble Off Pick > Dribble Jumper > Short to < 17' > Miss 2 Pts,121,2026-01-03,UW-Whitewater,defense,Luke Bara,play-by-play,False,,0.0,not located,
2026-01-03|121|13 Logan Rindfleisch > P&R Ball Handler > High P&R > Dribble Off Pick > Dribble Jumper > Short to < 17' > Miss 2 Pts,121,2026-01-03,UW-Whitewater,defense,Richie Warren,play-by-play,False,,0.0,not located,
2026-01-03|122|32 Luke Bara > No Play Type > Foul,122,2026-01-03,UW-Whitewater,offense,Brock Marino,play-by-play,False,,0.0,not located,
2026-01-03|122|32 Luke Bara > No Play Type > Foul,122,2026-01-03,UW-Whitewater,offense,Collin Madson,play-by-play,False,,0.0,not located,
2026-01-03|122|32 Luke Bara > No Play Type > Foul,122,2026-01-03,UW-Whitewater,offense,Jake Quast,play-by-play,False,,0.0,not located,
2026-01-03|122|32 Luke Bara > No Play Type > Foul,122,2026-01-03,UW-Whitewater,offense,Luke Bara,play-by-play,True,44,21.2,Synergy,0.95
2026-01-03|122|32 Luke Bara > No Play Type > Foul,122,2026-01-03,UW-Whitewater,offense,Richie Warren,play-by-play,False,,0.0,not located,
2026-01-03|122|32 Luke Bara > No Play Type > Foul,122,2026-01-03,UW-Oshkosh Titans,defense,Aiden Hawkinson,play-by-play,False,,0.0,not located,
2026-01-03|122|32 Luke Bara > No Play Type > Foul,122,2026-01-03,UW-Oshkosh Titans,defense,Jay Dalton,play-by-play,False,,0.0,not located,
2026-01-03|122|32 Luke Bara > No Play Type > Foul,122,2026-01-03,UW-Oshkosh Titans,defense,Jonah Rindfleisch,play-by-play,False,,0.0,not located,
2026-01-03|122|32 Luke Bara > No Play Type > Foul,122,2026-01-03,UW-Oshkosh Titans,defense,Logan Rindfleisch,play-by-play,False,,0.0,not located,
2026-01-03|122|32 Luke Bara > No Play Type > Foul,122,2026-01-03,UW-Oshkosh Titans,defense,Oskar Kangas,play-by-play,False,,0.0,not located,
2026-01-03|123|2 Joey LaChapell > P&R Ball Handler > High P&R > Dribble Off Pick > Dribble Jumper > Long/3pt > Make 3 Pts,123,2026-01-03,UW-Oshkosh Titans,offense,Brandon Beck,play-by-play,False,,0.0,not located,
2026-01-03|123|2 Joey LaChapell > P&R Ball Handler > High P&R > Dribble Off Pick > Dribble Jumper > Long/3pt > Make 3 Pts,123,2026-01-03,UW-Oshkosh Titans,offense,Carter Thomas,play-by-play,False,,0.0,not located,
2026-01-03|123|2 Joey LaChapell > P&R Ball Handler > High P&R > Dribble Off Pick > Dribble Jumper > Long/3pt > Make 3 Pts,123,2026-01-03,UW-Oshkosh Titans,offense,Joey LaChapell,play-by-play,False,,0.0,not located,
2026-01-03|123|2 Joey LaChapell > P&R Ball Handler > High P&R > Dribble Off Pick > Dribble Jumper > Long/3pt > Make 3 Pts,123,2026-01-03,UW-Oshkosh Titans,offense,Michael Metcalf-Grassman,play-by-play,False,,0.0,not located,
2026-01-03|123|2 Joey LaChapell > P&R Ball Handler > High P&R > Dribble Off Pick > Dribble Jumper > Long/3pt > Make 3 Pts,123,2026-01-03,UW-Oshkosh Titans,offense,Nate Nazos,play-by-play,False,,0.0,not located,
2026-01-03|123|2 Joey LaChapell > P&R Ball Handler > High P&R > Dribble Off Pick > Dribble Jumper > Long/3pt > Make 3 Pts,123,2026-01-03,UW-Whitewater,defense,Brock Marino,play-by-play,False,,0.0,not located,
2026-01-03|123|2 Joey LaChapell > P&R Ball Handler > High P&R > Dribble Off Pick > Dribble Jumper > Long/3pt > Make 3 Pts,123,2026-01-03,UW-Whitewater,defense,Collin Madson,play-by-play,False,,0.0,not located,
2026-01-03|123|2 Joey LaChapell > P&R Ball Handler > High P&R > Dribble Off Pick > Dribble Jumper > Long/3pt > Make 3 Pts,123,2026-01-03,UW-Whitewater,defense,Jake Quast,play-by-play,False,,0.0,not located,
2026-01-03|123|2 Joey LaChapell > P&R Ball Handler > High P&R > Dribble Off Pick > Dribble Jumper > Long/3pt > Make 3 Pts,123,2026-01-03,UW-Whitewater,defense,Luke Bara,play-by-play,False,,0.0,not located,
2026-01-03|123|2 Joey LaChapell > P&R Ball Handler > High P&R > Dribble Off Pick > Dribble Jumper > Long/3pt > Make 3 Pts,123,2026-01-03,UW-Whitewater,defense,Richie Warren,play-by-play,False,,0.0,not located,
2026-01-03|124|32 Luke Bara > P&R Ball Handler > High P&R > Dribble Off Pick > To Basket > Miss 2 Pts,124,2026-01-03,UW-Whitewater,offense,Brock Marino,play-by-play,False,,0.0,not located,
2026-01-03|124|32 Luke Bara > P&R Ball Handler > High P&R > Dribble Off Pick > To Basket > Miss 2 Pts,124,2026-01-03,UW-Whitewater,offense,Collin Madson,play-by-play,False,,0.0,not located,
2026-01-03|124|32 Luke Bara > P&R Ball Handler > High P&R > Dribble Off Pick > To Basket > Miss 2 Pts,124,2026-01-03,UW-Whitewater,offense,Jake Quast,play-by-play,False,,0.0,not located,
2026-01-03|124|32 Luke Bara > P&R Ball Handler > High P&R > Dribble Off Pick > To Basket > Miss 2 Pts,124,2026-01-03,UW-Whitewater,offense,Luke Bara,play-by-play,False,,0.0,not located,
2026-01-03|124|32 Luke Bara > P&R Ball Handler > High P&R > Dribble Off Pick > To Basket > Miss 2 Pts,124,2026-01-03,UW-Whitewater,offense,Richie Warren,play-by-play,False,,0.0,not located,
2026-01-03|124|32 Luke Bara > P&R Ball Handler > High P&R > Dribble Off Pick > To Basket > Miss 2 Pts,124,2026-01-03,UW-Oshkosh Titans,defense,Brandon Beck,play-by-play,False,,0.0,not located,
2026-01-03|124|32 Luke Bara > P&R Ball Handler > High P&R > Dribble Off Pick > To Basket > Miss 2 Pts,124,2026-01-03,UW-Oshkosh Titans,defense,Carter Thomas,play-by-play,False,,0.0,not located,
2026-01-03|124|32 Luke Bara > P&R Ball Handler > High P&R > Dribble Off Pick > To Basket > Miss 2 Pts,124,2026-01-03,UW-Oshkosh Titans,defense,Joey LaChapell,play-by-play,False,,0.0,not located,
2026-01-03|124|32 Luke Bara > P&R Ball Handler > High P&R > Dribble Off Pick > To Basket > Miss 2 Pts,124,2026-01-03,UW-Oshkosh Titans,defense,Michael Metcalf-Grassman,play-by-play,False,,0.0,not located,
2026-01-03|124|32 Luke Bara > P&R Ball Handler > High P&R > Dribble Off Pick > To Basket > Miss 2 Pts,124,2026-01-03,UW-Oshkosh Titans,defense,Nate Nazos,play-by-play,False,,0.0,not located,
2026-01-03|125|21 Brock Marino > Offensive Rebound > Short > Scoring Attempt > At Basket > Foul,125,2026-01-03,UW-Whitewater,offense,Brock Marino,play-by-play,False,,0.0,not located,
2026-01-03|125|21 Brock Marino > Offensive Rebound > Short > Scoring Attempt > At Basket > Foul,125,2026-01-03,UW-Whitewater,offense,Collin Madson,play-by-play,False,,0.0,not located,
2026-01-03|125|21 Brock Marino > Offensive Rebound > Short > Scoring Attempt > At Basket > Foul,125,2026-01-03,UW-Whitewater,offense,Jake Quast,play-by-play,False,,0.0,not located,
2026-01-03|125|21 Brock Marino > Offensive Rebound > Short > Scoring Attempt > At Basket > Foul,125,2026-01-03,UW-Whitewater,offense,Luke Bara,play-by-play,False,,0.0,not located,
2026-01-03|125|21 Brock Marino > Offensive Rebound > Short > Scoring Attempt > At Basket > Foul,125,2026-01-03,UW-Whitewater,offense,Richie Warren,play-by-play,False,,0.0,not located,
2026-01-03|125|21 Brock Marino > Offensive Rebound > Short > Scoring Attempt > At Basket > Foul,125,2026-01-03,UW-Oshkosh Titans,defense,Brandon Beck,play-by-play,False,,0.0,not located,
2026-01-03|125|21 Brock Marino > Offensive Rebound > Short > Scoring Attempt > At Basket > Foul,125,2026-01-03,UW-Oshkosh Titans,defense,Carter Thomas,play-by-play,False,,0.0,not located,
2026-01-03|125|21 Brock Marino > Offensive Rebound > Short > Scoring Attempt > At Basket > Foul,125,2026-01-03,UW-Oshkosh Titans,defense,Joey LaChapell,play-by-play,False,,0.0,not located,
2026-01-03|125|21 Brock Marino > Offensive Rebound > Short > Scoring Attempt > At Basket > Foul,125,2026-01-03,UW-Oshkosh Titans,defense,Michael Metcalf-Grassman,play-by-play,False,,0.0,not located,
2026-01-03|125|21 Brock Marino > Offensive Rebound > Short > Scoring Attempt > At Basket > Foul,125,2026-01-03,UW-Oshkosh Titans,defense,Nate Nazos,play-by-play,False,,0.0,not located,
2026-01-03|126|0 Brandon Beck > No Play Type > Turnover,126,2026-01-03,UW-Oshkosh Titans,offense,Brandon Beck,play-by-play,True,27,4.0,Synergy,0.95
2026-01-03|126|0 Brandon Beck > No Play Type > Turnover,126,2026-01-03,UW-Oshkosh Titans,offense,Carter Thomas,play-by-play,False,,0.0,not located,
2026-01-03|126|0 Brandon Beck > No Play Type > Turnover,126,2026-01-03,UW-Oshkosh Titans,offense,Joey LaChapell,play-by-play,False,,0.0,not located,
2026-01-03|126|0 Brandon Beck > No Play Type > Turnover,126,2026-01-03,UW-Oshkosh Titans,offense,Michael Metcalf-Grassman,play-by-play,False,,0.0,not located,
2026-01-03|126|0 Brandon Beck > No Play Type > Turnover,126,2026-01-03,UW-Oshkosh Titans,offense,Nate Nazos,play-by-play,False,,0.0,not located,
2026-01-03|126|0 Brandon Beck > No Play Type > Turnover,126,2026-01-03,UW-Whitewater,defense,Collin Madson,play-by-play,False,,0.0,not located,
2026-01-03|126|0 Brandon Beck > No Play Type > Turnover,126,2026-01-03,UW-Whitewater,defense,JR Lukenbill,play-by-play,False,,0.0,not located,
2026-01-03|126|0 Brandon Beck > No Play Type > Turnover,126,2026-01-03,UW-Whitewater,defense,Jake Quast,play-by-play,False,,0.0,not located,
2026-01-03|126|0 Brandon Beck > No Play Type > Turnover,126,2026-01-03,UW-Whitewater,defense,Luke Bara,play-by-play,False,,0.0,not located,
2026-01-03|126|0 Brandon Beck > No Play Type > Turnover,126,2026-01-03,UW-Whitewater,defense,Richie Warren,play-by-play,False,,0.0,not located,
2026-01-03|127|11 Jr Lukenbill > Transition > Left Wing > To Basket > Miss 2 Pts,127,2026-01-03,UW-Whitewater,offense,Collin Madson,play-by-play,False,,0.0,not located,
2026-01-03|127|11 Jr Lukenbill > Transition > Left Wing > To Basket > Miss 2 Pts,127,2026-01-03,UW-Whitewater,offense,JR Lukenbill,play-by-play,False,,0.0,not located,
2026-01-03|127|11 Jr Lukenbill > Transition > Left Wing > To Basket > Miss 2 Pts,127,2026-01-03,UW-Whitewater,offense,Jake Quast,play-by-play,False,,0.0,not located,
2026-01-03|127|11 Jr Lukenbill > Transition > Left Wing > To Basket > Miss 2 Pts,127,2026-01-03,UW-Whitewater,offense,Luke Bara,play-by-play,False,,0.0,not located,
2026-01-03|127|11 Jr Lukenbill > Transition > Left Wing > To Basket > Miss 2 Pts,127,2026-01-03,UW-Whitewater,offense,Richie Warren,play-by-play,False,,0.0,not located,
2026-01-03|127|11 Jr Lukenbill > Transition > Left Wing > To Basket > Miss 2 Pts,127,2026-01-03,UW-Oshkosh Titans,defense,Brandon Beck,play-by-play,False,,0.0,not located,
2026-01-03|127|11 Jr Lukenbill > Transition > Left Wing > To Basket > Miss 2 Pts,127,2026-01-03,UW-Oshkosh Titans,defense,Carter Thomas,play-by-play,False,,0.0,not located,
2026-01-03|127|11 Jr Lukenbill > Transition > Left Wing > To Basket > Miss 2 Pts,127,2026-01-03,UW-Oshkosh Titans,defense,Joey LaChapell,play-by-play,False,,0.0,not located,
2026-01-03|127|11 Jr Lukenbill > Transition > Left Wing > To Basket > Miss 2 Pts,127,2026-01-03,UW-Oshkosh Titans,defense,Michael Metcalf-Grassman,play-by-play,False,,0.0,not located,
2026-01-03|127|11 Jr Lukenbill > Transition > Left Wing > To Basket > Miss 2 Pts,127,2026-01-03,UW-Oshkosh Titans,defense,Nate Nazos,play-by-play,False,,0.0,not located,
2026-01-03|128|21 Carter Thomas > Transition > Ballhandler > To Basket > Foul,128,2026-01-03,UW-Oshkosh Titans,offense,Brandon Beck,play-by-play,False,,0.0,not located,
2026-01-03|128|21 Carter Thomas > Transition > Ballhandler > To Basket > Foul,128,2026-01-03,UW-Oshkosh Titans,offense,Carter Thomas,play-by-play,True,28,19.0,Synergy,0.95
2026-01-03|128|21 Carter Thomas > Transition > Ballhandler > To Basket > Foul,128,2026-01-03,UW-Oshkosh Titans,offense,Joey LaChapell,play-by-play,False,,0.0,not located,
2026-01-03|128|21 Carter Thomas > Transition > Ballhandler > To Basket > Foul,128,2026-01-03,UW-Oshkosh Titans,offense,Michael Metcalf-Grassman,play-by-play,False,,0.0,not located,
2026-01-03|128|21 Carter Thomas > Transition > Ballhandler > To Basket > Foul,128,2026-01-03,UW-Oshkosh Titans,offense,Nate Nazos,play-by-play,False,,0.0,not located,
2026-01-03|128|21 Carter Thomas > Transition > Ballhandler > To Basket > Foul,128,2026-01-03,UW-Whitewater,defense,Collin Madson,play-by-play,False,,0.0,not located,
2026-01-03|128|21 Carter Thomas > Transition > Ballhandler > To Basket > Foul,128,2026-01-03,UW-Whitewater,defense,JR Lukenbill,play-by-play,False,,0.0,not located,
2026-01-03|128|21 Carter Thomas > Transition > Ballhandler > To Basket > Foul,128,2026-01-03,UW-Whitewater,defense,Jake Quast,play-by-play,False,,0.0,not located,
2026-01-03|128|21 Carter Thomas > Transition > Ballhandler > To Basket > Foul,128,2026-01-03,UW-Whitewater,defense,Luke Bara,play-by-play,False,,0.0,not located,
2026-01-03|128|21 Carter Thomas > Transition > Ballhandler > To Basket > Foul,128,2026-01-03,UW-Whitewater,defense,Richie Warren,play-by-play,False,,0.0,not located,
2026-01-03|129|0 Collin Madson > Transition > Right Wing > To Basket > Miss 2 Pts,129,2026-01-03,UW-Whitewater,offense,Brock Marino,play-by-play,False,,0.0,not located,
2026-01-03|129|0 Collin Madson > Transition > Right Wing > To Basket > Miss 2 Pts,129,2026-01-03,UW-Whitewater,offense,Collin Madson,play-by-play,False,,0.0,not located,
2026-01-03|129|0 Collin Madson > Transition > Right Wing > To Basket > Miss 2 Pts,129,2026-01-03,UW-Whitewater,offense,JR Lukenbill,play-by-play,False,,0.0,not located,
2026-01-03|129|0 Collin Madson > Transition > Right Wing > To Basket > Miss 2 Pts,129,2026-01-03,UW-Whitewater,offense,Luke Bara,play-by-play,False,,0.0,not located,
2026-01-03|129|0 Collin Madson > Transition > Right Wing > To Basket > Miss 2 Pts,129,2026-01-03,UW-Whitewater,offense,Richie Warren,play-by-play,False,,0.0,not located,
2026-01-03|129|0 Collin Madson > Transition > Right Wing > To Basket > Miss 2 Pts,129,2026-01-03,UW-Oshkosh Titans,defense,Aiden Hawkinson,play-by-play,False,,0.0,not located,
2026-01-03|129|0 Collin Madson > Transition > Right Wing > To Basket > Miss 2 Pts,129,2026-01-03,UW-Oshkosh Titans,defense,Jonah Rindfleisch,play-by-play,False,,0.0,not located,
2026-01-03|129|0 Collin Madson > Transition > Right Wing > To Basket > Miss 2 Pts,129,2026-01-03,UW-Oshkosh Titans,defense,Matt Imig,play-by-play,False,,0.0,not located,
2026-01-03|129|0 Collin Madson > Transition > Right Wing > To Basket > Miss 2 Pts,129,2026-01-03,UW-Oshkosh Titans,defense,Oskar Kangas,play-by-play,False,,0.0,not located,
2026-01-03|129|0 Collin Madson > Transition > Right Wing > To Basket > Miss 2 Pts,129,2026-01-03,UW-Oshkosh Titans,defense,Vitorio Dante,play-by-play,False,,0.0,not located,
2026-01-03|130|12 Jonah Rindfleisch > No Play Type > Foul,130,2026-01-03,UW-Oshkosh Titans,offense,Aiden Hawkinson,play-by-play,False,,0.0,not located,
2026-01-03|130|12 Jonah Rindfleisch > No Play Type > Foul,130,2026-01-03,UW-Oshkosh Titans,offense,Jonah Rindfleisch,play-by-play,True,8,13.2,Synergy,0.95
2026-01-03|130|12 Jonah Rindfleisch > No Play Type > Foul,130,2026-01-03,UW-Oshkosh Titans,offense,Matt Imig,play-by-play,False,,0.0,not located,
2026-01-03|130|12 Jonah Rindfleisch > No Play Type > Foul,130,2026-01-03,UW-Oshkosh Titans,offense,Oskar Kangas,play-by-play,False,,0.0,not located,
2026-01-03|130|12 Jonah Rindfleisch > No Play Type > Foul,130,2026-01-03,UW-Oshkosh Titans,offense,Vitorio Dante,play-by-play,False,,0.0,not located,
2026-01-03|130|12 Jonah Rindfleisch > No Play Type > Foul,130,2026-01-03,UW-Whitewater,defense,Brock Marino,play-by-play,False,,0.0,not located,
2026-01-03|130|12 Jonah Rindfleisch > No Play Type > Foul,130,2026-01-03,UW-Whitewater,defense,Collin Madson,play-by-play,False,,0.0,not located,
2026-01-03|130|12 Jonah Rindfleisch > No Play Type > Foul,130,2026-01-03,UW-Whitewater,defense,JR Lukenbill,play-by-play,False,,0.0,not located,
2026-01-03|130|12 Jonah Rindfleisch > No Play Type > Foul,130,2026-01-03,UW-Whitewater,defense,Luke Bara,play-by-play,False,,0.0,not located,
2026-01-03|130|12 Jonah Rindfleisch > No Play Type > Foul,130,2026-01-03,UW-Whitewater,defense,Richie Warren,play-by-play,False,,0.0,not located,
2026-01-03|131|0 Collin Madson > Hand Off > From Dribble > Right > To Basket > Miss 2 Pts,131,2026-01-03,UW-Whitewater,offense,Brock Marino,play-by-play,False,,0.0,not located,
2026-01-03|131|0 Collin Madson > Hand Off > From Dribble > Right > To Basket > Miss 2 Pts,131,2026-01-03,UW-Whitewater,offense,Collin Madson,play-by-play,False,,0.0,not located,
2026-01-03|131|0 Collin Madson > Hand Off > From Dribble > Right > To Basket > Miss 2 Pts,131,2026-01-03,UW-Whitewater,offense,JR Lukenbill,play-by-play,False,,0.0,not located,
2026-01-03|131|0 Collin Madson > Hand Off > From Dribble > Right > To Basket > Miss 2 Pts,131,2026-01-03,UW-Whitewater,offense,Luke Bara,play-by-play,False,,0.0,not located,
2026-01-03|131|0 Collin Madson > Hand Off > From Dribble > Right > To Basket > Miss 2 Pts,131,2026-01-03,UW-Whitewater,offense,Richie Warren,play-by-play,False,,0.0,not located,
2026-01-03|131|0 Collin Madson > Hand Off > From Dribble > Right > To Basket > Miss 2 Pts,131,2026-01-03,UW-Oshkosh Titans,defense,Aiden Hawkinson,play-by-play,False,,0.0,not located,
2026-01-03|131|0 Collin Madson > Hand Off > From Dribble > Right > To Basket > Miss 2 Pts,131,2026-01-03,UW-Oshkosh Titans,defense,Jonah Rindfleisch,play-by-play,False,,0.0,not located,
2026-01-03|131|0 Collin Madson > Hand Off > From Dribble > Right > To Basket > Miss 2 Pts,131,2026-01-03,UW-Oshkosh Titans,defense,Matt Imig,play-by-play,False,,0.0,not located,
2026-01-03|131|0 Collin Madson > Hand Off > From Dribble > Right > To Basket > Miss 2 Pts,131,2026-01-03,UW-Oshkosh Titans,defense,Oskar Kangas,play-by-play,False,,0.0,not located,
2026-01-03|131|0 Collin Madson > Hand Off > From Dribble > Right > To Basket > Miss 2 Pts,131,2026-01-03,UW-Oshkosh Titans,defense,Vitorio Dante,play-by-play,False,,0.0,not located,
2026-01-03|132|20 Vitorio Dante > Transition > Left Wing > No Dribble Jumper > Open > Long/3pt > Miss 3 Pts,132,2026-01-03,UW-Oshkosh Titans,offense,Aiden Hawkinson,play-by-play,False,,0.0,not located,
2026-01-03|132|20 Vitorio Dante > Transition > Left Wing > No Dribble Jumper > Open > Long/3pt > Miss 3 Pts,132,2026-01-03,UW-Oshkosh Titans,offense,Jonah Rindfleisch,play-by-play,False,,0.0,not located,
2026-01-03|132|20 Vitorio Dante > Transition > Left Wing > No Dribble Jumper > Open > Long/3pt > Miss 3 Pts,132,2026-01-03,UW-Oshkosh Titans,offense,Matt Imig,play-by-play,False,,0.0,not located,
2026-01-03|132|20 Vitorio Dante > Transition > Left Wing > No Dribble Jumper > Open > Long/3pt > Miss 3 Pts,132,2026-01-03,UW-Oshkosh Titans,offense,Oskar Kangas,play-by-play,False,,0.0,not located,
2026-01-03|132|20 Vitorio Dante > Transition > Left Wing > No Dribble Jumper > Open > Long/3pt > Miss 3 Pts,132,2026-01-03,UW-Oshkosh Titans,offense,Vitorio Dante,play-by-play,False,,0.0,not located,
2026-01-03|132|20 Vitorio Dante > Transition > Left Wing > No Dribble Jumper > Open > Long/3pt > Miss 3 Pts,132,2026-01-03,UW-Whitewater,defense,Brock Marino,play-by-play,False,,0.0,not located,
2026-01-03|132|20 Vitorio Dante > Transition > Left Wing > No Dribble Jumper > Open > Long/3pt > Miss 3 Pts,132,2026-01-03,UW-Whitewater,defense,Collin Madson,play-by-play,False,,0.0,not located,
2026-01-03|132|20 Vitorio Dante > Transition > Left Wing > No Dribble Jumper > Open > Long/3pt > Miss 3 Pts,132,2026-01-03,UW-Whitewater,defense,JR Lukenbill,play-by-play,False,,0.0,not located,
2026-01-03|132|20 Vitorio Dante > Transition > Left Wing > No Dribble Jumper > Open > Long/3pt > Miss 3 Pts,132,2026-01-03,UW-Whitewater,defense,Luke Bara,play-by-play,False,,0.0,not located,
2026-01-03|132|20 Vitorio Dante > Transition > Left Wing > No Dribble Jumper > Open > Long/3pt > Miss 3 Pts,132,2026-01-03,UW-Whitewater,defense,Richie Warren,play-by-play,False,,0.0,not located,
2026-01-03|133|32 Luke Bara > ISO > Top > Drives Left > Defense Commits > Turnover,133,2026-01-03,UW-Whitewater,offense,Brock Marino,play-by-play,False,,0.0,not located,
2026-01-03|133|32 Luke Bara > ISO > Top > Drives Left > Defense Commits > Turnover,133,2026-01-03,UW-Whitewater,offense,Collin Madson,play-by-play,False,,0.0,not located,
2026-01-03|133|32 Luke Bara > ISO > Top > Drives Left > Defense Commits > Turnover,133,2026-01-03,UW-Whitewater,offense,JR Lukenbill,play-by-play,False,,0.0,not located,
2026-01-03|133|32 Luke Bara > ISO > Top > Drives Left > Defense Commits > Turnover,133,2026-01-03,UW-Whitewater,offense,Luke Bara,play-by-play,False,,0.0,not located,
2026-01-03|133|32 Luke Bara > ISO > Top > Drives Left > Defense Commits > Turnover,133,2026-01-03,UW-Whitewater,offense,Richie Warren,play-by-play,False,,0.0,not located,
2026-01-03|133|32 Luke Bara > ISO > Top > Drives Left > Defense Commits > Turnover,133,2026-01-03,UW-Oshkosh Titans,defense,Aiden Hawkinson,play-by-play,False,,0.0,not located,
2026-01-03|133|32 Luke Bara > ISO > Top > Drives Left > Defense Commits > Turnover,133,2026-01-03,UW-Oshkosh Titans,defense,Jonah Rindfleisch,play-by-play,False,,0.0,not located,
2026-01-03|133|32 Luke Bara > ISO > Top > Drives Left > Defense Commits > Turnover,133,2026-01-03,UW-Oshkosh Titans,defense,Matt Imig,play-by-play,False,,0.0,not located,
2026-01-03|133|32 Luke Bara > ISO > Top > Drives Left > Defense Commits > Turnover,133,2026-01-03,UW-Oshkosh Titans,defense,Oskar Kangas,play-by-play,False,,0.0,not located,
2026-01-03|133|32 Luke Bara > ISO > Top > Drives Left > Defense Commits > Turnover,133,2026-01-03,UW-Oshkosh Titans,defense,Vitorio Dante,play-by-play,False,,0.0,not located,
2026-01-03|134|1 Aiden Hawkinson > Transition > First Middle > To Basket > Make 2 Pts,134,2026-01-03,UW-Oshkosh Titans,offense,Aiden Hawkinson,play-by-play,False,,0.0,not located,
2026-01-03|134|1 Aiden Hawkinson > Transition > First Middle > To Basket > Make 2 Pts,134,2026-01-03,UW-Oshkosh Titans,offense,Jonah Rindfleisch,play-by-play,False,,0.0,not located,
2026-01-03|134|1 Aiden Hawkinson > Transition > First Middle > To Basket > Make 2 Pts,134,2026-01-03,UW-Oshkosh Titans,offense,Matt Imig,play-by-play,False,,0.0,not located,
2026-01-03|134|1 Aiden Hawkinson > Transition > First Middle > To Basket > Make 2 Pts,134,2026-01-03,UW-Oshkosh Titans,offense,Oskar Kangas,play-by-play,False,,0.0,not located,
2026-01-03|134|1 Aiden Hawkinson > Transition > First Middle > To Basket > Make 2 Pts,134,2026-01-03,UW-Oshkosh Titans,offense,Vitorio Dante,play-by-play,False,,0.0,not located,
2026-01-03|134|1 Aiden Hawkinson > Transition > First Middle > To Basket > Make 2 Pts,134,2026-01-03,UW-Whitewater,defense,Brock Marino,play-by-play,False,,0.0,not located,
2026-01-03|134|1 Aiden Hawkinson > Transition > First Middle > To Basket > Make 2 Pts,134,2026-01-03,UW-Whitewater,defense,Collin Madson,play-by-play,False,,0.0,not located,
2026-01-03|134|1 Aiden Hawkinson > Transition > First Middle > To Basket > Make 2 Pts,134,2026-01-03,UW-Whitewater,defense,JR Lukenbill,play-by-play,False,,0.0,not located,
2026-01-03|134|1 Aiden Hawkinson > Transition > First Middle > To Basket > Make 2 Pts,134,2026-01-03,UW-Whitewater,defense,Luke Bara,play-by-play,False,,0.0,not located,
2026-01-03|134|1 Aiden Hawkinson > Transition > First Middle > To Basket > Make 2 Pts,134,2026-01-03,UW-Whitewater,defense,Richie Warren,play-by-play,False,,0.0,not located,
2026-01-03|135|21 Brock Marino > ISO > Top > Drives Left > To Basket > Foul,135,2026-01-03,UW-Whitewater,offense,Brock Marino,play-by-play,True,35,23.2,Synergy,0.95
2026-01-03|135|21 Brock Marino > ISO > Top > Drives Left > To Basket > Foul,135,2026-01-03,UW-Whitewater,offense,Collin Madson,play-by-play,False,,0.0,not located,
2026-01-03|135|21 Brock Marino > ISO > Top > Drives Left > To Basket > Foul,135,2026-01-03,UW-Whitewater,offense,JR Lukenbill,play-by-play,False,,0.0,not located,
2026-01-03|135|21 Brock Marino > ISO > Top > Drives Left > To Basket > Foul,135,2026-01-03,UW-Whitewater,offense,Luke Bara,play-by-play,False,,0.0,not located,
2026-01-03|135|21 Brock Marino > ISO > Top > Drives Left > To Basket > Foul,135,2026-01-03,UW-Whitewater,offense,Richie Warren,play-by-play,False,,0.0,not located,
2026-01-03|135|21 Brock Marino > ISO > Top > Drives Left > To Basket > Foul,135,2026-01-03,UW-Oshkosh Titans,defense,Aiden Hawkinson,play-by-play,False,,0.0,not located,
2026-01-03|135|21 Brock Marino > ISO > Top > Drives Left > To Basket > Foul,135,2026-01-03,UW-Oshkosh Titans,defense,Jonah Rindfleisch,play-by-play,False,,0.0,not located,
2026-01-03|135|21 Brock Marino > ISO > Top > Drives Left > To Basket > Foul,135,2026-01-03,UW-Oshkosh Titans,defense,Matt Imig,play-by-play,False,,0.0,not located,
2026-01-03|135|21 Brock Marino > ISO > Top > Drives Left > To Basket > Foul,135,2026-01-03,UW-Oshkosh Titans,defense,Oskar Kangas,play-by-play,False,,0.0,not located,
2026-01-03|135|21 Brock Marino > ISO > Top > Drives Left > To Basket > Foul,135,2026-01-03,UW-Oshkosh Titans,defense,Vitorio Dante,play-by-play,False,,0.0,not located,
2026-01-03|136|21 Carter Thomas > P&R Ball Handler > High P&R > Dribble Off Pick > Defense Commits > Turnover,136,2026-01-03,UW-Oshkosh Titans,offense,Carter Thomas,play-by-play,True,23,4.8,Synergy,0.95
2026-01-03|136|21 Carter Thomas > P&R Ball Handler > High P&R > Dribble Off Pick > Defense Commits > Turnover,136,2026-01-03,UW-Oshkosh Titans,offense,Joey LaChapell,play-by-play,False,,0.0,not located,
2026-01-03|136|21 Carter Thomas > P&R Ball Handler > High P&R > Dribble Off Pick > Defense Commits > Turnover,136,2026-01-03,UW-Oshkosh Titans,offense,Logan Rindfleisch,play-by-play,False,,0.0,not located,
2026-01-03|136|21 Carter Thomas > P&R Ball Handler > High P&R > Dribble Off Pick > Defense Commits > Turnover,136,2026-01-03,UW-Oshkosh Titans,offense,Michael Metcalf-Grassman,play-by-play,False,,0.0,not located,
2026-01-03|136|21 Carter Thomas > P&R Ball Handler > High P&R > Dribble Off Pick > Defense Commits > Turnover,136,2026-01-03,UW-Oshkosh Titans,offense,Nate Nazos,play-by-play,False,,0.0,not located,
2026-01-03|136|21 Carter Thomas > P&R Ball Handler > High P&R > Dribble Off Pick > Defense Commits > Turnover,136,2026-01-03,UW-Whitewater,defense,Brock Marino,play-by-play,False,,0.0,not located,
2026-01-03|136|21 Carter Thomas > P&R Ball Handler > High P&R > Dribble Off Pick > Defense Commits > Turnover,136,2026-01-03,UW-Whitewater,defense,Collin Madson,play-by-play,False,,0.0,not located,
2026-01-03|136|21 Carter Thomas > P&R Ball Handler > High P&R > Dribble Off Pick > Defense Commits > Turnover,136,2026-01-03,UW-Whitewater,defense,Jake Quast,play-by-play,False,,0.0,not located,
2026-01-03|136|21 Carter Thomas > P&R Ball Handler > High P&R > Dribble Off Pick > Defense Commits > Turnover,136,2026-01-03,UW-Whitewater,defense,Joey Berezowitz,play-by-play,False,,0.0,not located,
2026-01-03|136|21 Carter Thomas > P&R Ball Handler > High P&R > Dribble Off Pick > Defense Commits > Turnover,136,2026-01-03,UW-Whitewater,defense,Kelton McEwen,play-by-play,False,,0.0,not located,
2026-01-03|137|0 Collin Madson > Transition > Ballhandler > To Basket > Make 2 Pts,137,2026-01-03,UW-Whitewater,offense,Brock Marino,play-by-play,False,,0.0,not located,
2026-01-03|137|0 Collin Madson > Transition > Ballhandler > To Basket > Make 2 Pts,137,2026-01-03,UW-Whitewater,offense,Collin Madson,play-by-play,False,,0.0,not located,
2026-01-03|137|0 Collin Madson > Transition > Ballhandler > To Basket > Make 2 Pts,137,2026-01-03,UW-Whitewater,offense,Jake Quast,play-by-play,False,,0.0,not located,
2026-01-03|137|0 Collin Madson > Transition > Ballhandler > To Basket > Make 2 Pts,137,2026-01-03,UW-Whitewater,offense,Joey Berezowitz,play-by-play,False,,0.0,not located,
2026-01-03|137|0 Collin Madson > Transition > Ballhandler > To Basket > Make 2 Pts,137,2026-01-03,UW-Whitewater,offense,Kelton McEwen,play-by-play,False,,0.0,not located,
2026-01-03|137|0 Collin Madson > Transition > Ballhandler > To Basket > Make 2 Pts,137,2026-01-03,UW-Oshkosh Titans,defense,Carter Thomas,play-by-play,False,,0.0,not located,
2026-01-03|137|0 Collin Madson > Transition > Ballhandler > To Basket > Make 2 Pts,137,2026-01-03,UW-Oshkosh Titans,defense,Joey LaChapell,play-by-play,False,,0.0,not located,
2026-01-03|137|0 Collin Madson > Transition > Ballhandler > To Basket > Make 2 Pts,137,2026-01-03,UW-Oshkosh Titans,defense,Logan Rindfleisch,play-by-play,False,,0.0,not located,
2026-01-03|137|0 Collin Madson > Transition > Ballhandler > To Basket > Make 2 Pts,137,2026-01-03,UW-Oshkosh Titans,defense,Michael Metcalf-Grassman,play-by-play,False,,0.0,not located,
2026-01-03|137|0 Collin Madson > Transition > Ballhandler > To Basket > Make 2 Pts,137,2026-01-03,UW-Oshkosh Titans,defense,Nate Nazos,play-by-play,False,,0.0,not located,
2026-01-03|138|4 Michael Metcalf-Grassman > Spot-Up > Drives Left > To Basket > Foul,138,2026-01-03,UW-Oshkosh Titans,offense,Carter Thomas,play-by-play,False,,0.0,not located,
2026-01-03|138|4 Michael Metcalf-Grassman > Spot-Up > Drives Left > To Basket > Foul,138,2026-01-03,UW-Oshkosh Titans,offense,Joey LaChapell,play-by-play,False,,0.0,not located,
2026-01-03|138|4 Michael Metcalf-Grassman > Spot-Up > Drives Left > To Basket > Foul,138,2026-01-03,UW-Oshkosh Titans,offense,Logan Rindfleisch,play-by-play,False,,0.0,not located,
2026-01-03|138|4 Michael Metcalf-Grassman > Spot-Up > Drives Left > To Basket > Foul,138,2026-01-03,UW-Oshkosh Titans,offense,Michael Metcalf-Grassman,play-by-play,True,32,6.2,Synergy,0.95
2026-01-03|138|4 Michael Metcalf-Grassman > Spot-Up > Drives Left > To Basket > Foul,138,2026-01-03,UW-Oshkosh Titans,offense,Nate Nazos,play-by-play,False,,0.0,not located,
2026-01-03|138|4 Michael Metcalf-Grassman > Spot-Up > Drives Left > To Basket > Foul,138,2026-01-03,UW-Whitewater,defense,Brock Marino,play-by-play,False,,0.0,not located,
2026-01-03|138|4 Michael Metcalf-Grassman > Spot-Up > Drives Left > To Basket > Foul,138,2026-01-03,UW-Whitewater,defense,Collin Madson,play-by-play,False,,0.0,not located,
2026-01-03|138|4 Michael Metcalf-Grassman > Spot-Up > Drives Left > To Basket > Foul,138,2026-01-03,UW-Whitewater,defense,Jake Quast,play-by-play,False,,0.0,not located,
2026-01-03|138|4 Michael Metcalf-Grassman > Spot-Up > Drives Left > To Basket > Foul,138,2026-01-03,UW-Whitewater,defense,Joey Berezowitz,play-by-play,False,,0.0,not located,
2026-01-03|138|4 Michael Metcalf-Grassman > Spot-Up > Drives Left > To Basket > Foul,138,2026-01-03,UW-Whitewater,defense,Kelton McEwen,play-by-play,False,,0.0,not located,
2026-01-03|140|12 Jake Quast > Offensive Rebound > Short > Scoring Attempt > At Basket > Make 2 Pts,140,2026-01-03,UW-Whitewater,offense,Brock Marino,play-by-play,False,,0.0,not located,
2026-01-03|140|12 Jake Quast > Offensive Rebound > Short > Scoring Attempt > At Basket > Make 2 Pts,140,2026-01-03,UW-Whitewater,offense,Collin Madson,play-by-play,False,,0.0,not located,
2026-01-03|140|12 Jake Quast > Offensive Rebound > Short > Scoring Attempt > At Basket > Make 2 Pts,140,2026-01-03,UW-Whitewater,offense,Jake Quast,play-by-play,False,,0.0,not located,
2026-01-03|140|12 Jake Quast > Offensive Rebound > Short > Scoring Attempt > At Basket > Make 2 Pts,140,2026-01-03,UW-Whitewater,offense,Joey Berezowitz,play-by-play,False,,0.0,not located,
2026-01-03|140|12 Jake Quast > Offensive Rebound > Short > Scoring Attempt > At Basket > Make 2 Pts,140,2026-01-03,UW-Whitewater,offense,Kelton McEwen,play-by-play,False,,0.0,not located,
2026-01-03|140|12 Jake Quast > Offensive Rebound > Short > Scoring Attempt > At Basket > Make 2 Pts,140,2026-01-03,UW-Oshkosh Titans,defense,Carter Thomas,play-by-play,False,,0.0,not located,
2026-01-03|140|12 Jake Quast > Offensive Rebound > Short > Scoring Attempt > At Basket > Make 2 Pts,140,2026-01-03,UW-Oshkosh Titans,defense,Joey LaChapell,play-by-play,False,,0.0,not located,
2026-01-03|140|12 Jake Quast > Offensive Rebound > Short > Scoring Attempt > At Basket > Make 2 Pts,140,2026-01-03,UW-Oshkosh Titans,defense,Logan Rindfleisch,play-by-play,False,,0.0,not located,
2026-01-03|140|12 Jake Quast > Offensive Rebound > Short > Scoring Attempt > At Basket > Make 2 Pts,140,2026-01-03,UW-Oshkosh Titans,defense,Michael Metcalf-Grassman,play-by-play,False,,0.0,not located,
2026-01-03|140|12 Jake Quast > Offensive Rebound > Short > Scoring Attempt > At Basket > Make 2 Pts,140,2026-01-03,UW-Oshkosh Titans,defense,Nate Nazos,play-by-play,False,,0.0,not located,
2026-01-03|141|4 Michael Metcalf-Grassman > Post-Up > Left Block > Right Shoulder > Dribble Move > To Basket > Make 2 Pts,141,2026-01-03,UW-Oshkosh Titans,offense,Carter Thomas,play-by-play,False,,0.0,not located,
2026-01-03|141|4 Michael Metcalf-Grassman > Post-Up > Left Block > Right Shoulder > Dribble Move > To Basket > Make 2 Pts,141,2026-01-03,UW-Oshkosh Titans,offense,Joey LaChapell,play-by-play,False,,0.0,not located,
2026-01-03|141|4 Michael Metcalf-Grassman > Post-Up > Left Block > Right Shoulder > Dribble Move > To Basket > Make 2 Pts,141,2026-01-03,UW-Oshkosh Titans,offense,Logan Rindfleisch,play-by-play,False,,0.0,not located,
2026-01-03|141|4 Michael Metcalf-Grassman > Post-Up > Left Block > Right Shoulder > Dribble Move > To Basket > Make 2 Pts,141,2026-01-03,UW-Oshkosh Titans,offense,Michael Metcalf-Grassman,play-by-play,False,,0.0,not located,
2026-01-03|141|4 Michael Metcalf-Grassman > Post-Up > Left Block > Right Shoulder > Dribble Move > To Basket > Make 2 Pts,141,2026-01-03,UW-Oshkosh Titans,offense,Nate Nazos,play-by-play,False,,0.0,not located,
2026-01-03|141|4 Michael Metcalf-Grassman > Post-Up > Left Block > Right Shoulder > Dribble Move > To Basket > Make 2 Pts,141,2026-01-03,UW-Whitewater,defense,Brock Marino,play-by-play,False,,0.0,not located,
2026-01-03|141|4 Michael Metcalf-Grassman > Post-Up > Left Block > Right Shoulder > Dribble Move > To Basket > Make 2 Pts,141,2026-01-03,UW-Whitewater,defense,Collin Madson,play-by-play,False,,0.0,not located,
2026-01-03|141|4 Michael Metcalf-Grassman > Post-Up > Left Block > Right Shoulder > Dribble Move > To Basket > Make 2 Pts,141,2026-01-03,UW-Whitewater,defense,Jake Quast,play-by-play,False,,0.0,not located,
2026-01-03|141|4 Michael Metcalf-Grassman > Post-Up > Left Block > Right Shoulder > Dribble Move > To Basket > Make 2 Pts,141,2026-01-03,UW-Whitewater,defense,Joey Berezowitz,play-by-play,False,,0.0,not located,
2026-01-03|141|4 Michael Metcalf-Grassman > Post-Up > Left Block > Right Shoulder > Dribble Move > To Basket > Make 2 Pts,141,2026-01-03,UW-Whitewater,defense,Kelton McEwen,play-by-play,False,,0.0,not located,
2026-01-03|142|22 Joey Berezowitz > P&R Ball Handler > High P&R > Dribble Off Pick > Defense Commits > Ball Delivered > 12 Jake Quast > Spot-Up > Drives Right > To Basket > Miss 2 Pts,142,2026-01-03,UW-Whitewater,offense,Brock Marino,play-by-play,False,,0.0,not located,
2026-01-03|142|22 Joey Berezowitz > P&R Ball Handler > High P&R > Dribble Off Pick > Defense Commits > Ball Delivered > 12 Jake Quast > Spot-Up > Drives Right > To Basket > Miss 2 Pts,142,2026-01-03,UW-Whitewater,offense,Collin Madson,play-by-play,False,,0.0,not located,
2026-01-03|142|22 Joey Berezowitz > P&R Ball Handler > High P&R > Dribble Off Pick > Defense Commits > Ball Delivered > 12 Jake Quast > Spot-Up > Drives Right > To Basket > Miss 2 Pts,142,2026-01-03,UW-Whitewater,offense,Jake Quast,play-by-play,False,,0.0,not located,
2026-01-03|142|22 Joey Berezowitz > P&R Ball Handler > High P&R > Dribble Off Pick > Defense Commits > Ball Delivered > 12 Jake Quast > Spot-Up > Drives Right > To Basket > Miss 2 Pts,142,2026-01-03,UW-Whitewater,offense,Joey Berezowitz,play-by-play,False,,0.0,not located,
2026-01-03|142|22 Joey Berezowitz > P&R Ball Handler > High P&R > Dribble Off Pick > Defense Commits > Ball Delivered > 12 Jake Quast > Spot-Up > Drives Right > To Basket > Miss 2 Pts,142,2026-01-03,UW-Whitewater,offense,Kelton McEwen,play-by-play,False,,0.0,not located,
2026-01-03|142|22 Joey Berezowitz > P&R Ball Handler > High P&R > Dribble Off Pick > Defense Commits > Ball Delivered > 12 Jake Quast > Spot-Up > Drives Right > To Basket > Miss 2 Pts,142,2026-01-03,UW-Oshkosh Titans,defense,Aiden Hawkinson,play-by-play,False,,0.0,not located,
2026-01-03|142|22 Joey Berezowitz > P&R Ball Handler > High P&R > Dribble Off Pick > Defense Commits > Ball Delivered > 12 Jake Quast > Spot-Up > Drives Right > To Basket > Miss 2 Pts,142,2026-01-03,UW-Oshkosh Titans,defense,Jonah Rindfleisch,play-by-play,False,,0.0,not located,
2026-01-03|142|22 Joey Berezowitz > P&R Ball Handler > High P&R > Dribble Off Pick > Defense Commits > Ball Delivered > 12 Jake Quast > Spot-Up > Drives Right > To Basket > Miss 2 Pts,142,2026-01-03,UW-Oshkosh Titans,defense,Matt Imig,play-by-play,False,,0.0,not located,
2026-01-03|142|22 Joey Berezowitz > P&R Ball Handler > High P&R > Dribble Off Pick > Defense Commits > Ball Delivered > 12 Jake Quast > Spot-Up > Drives Right > To Basket > Miss 2 Pts,142,2026-01-03,UW-Oshkosh Titans,defense,Oskar Kangas,play-by-play,False,,0.0,not located,
2026-01-03|142|22 Joey Berezowitz > P&R Ball Handler > High P&R > Dribble Off Pick > Defense Commits > Ball Delivered > 12 Jake Quast > Spot-Up > Drives Right > To Basket > Miss 2 Pts,142,2026-01-03,UW-Oshkosh Titans,defense,Vitorio Dante,play-by-play,False,,0.0,not located,
2026-01-03|143|2 Kelton Mcewen > P&R Ball Handler > Left P&R > Baseline > Go Away from Pick > To Basket > Miss 2 Pts,143,2026-01-03,UW-Whitewater,offense,Brock Marino,play-by-play,False,,0.0,not located,
2026-01-03|143|2 Kelton Mcewen > P&R Ball Handler > Left P&R > Baseline > Go Away from Pick > To Basket > Miss 2 Pts,143,2026-01-03,UW-Whitewater,offense,Collin Madson,play-by-play,False,,0.0,not located,
2026-01-03|143|2 Kelton Mcewen > P&R Ball Handler > Left P&R > Baseline > Go Away from Pick > To Basket > Miss 2 Pts,143,2026-01-03,UW-Whitewater,offense,Jake Quast,play-by-play,False,,0.0,not located,
2026-01-03|143|2 Kelton Mcewen > P&R Ball Handler > Left P&R > Baseline > Go Away from Pick > To Basket > Miss 2 Pts,143,2026-01-03,UW-Whitewater,offense,Joey Berezowitz,play-by-play,False,,0.0,not located,
2026-01-03|143|2 Kelton Mcewen > P&R Ball Handler > Left P&R > Baseline > Go Away from Pick > To Basket > Miss 2 Pts,143,2026-01-03,UW-Whitewater,offense,Kelton McEwen,play-by-play,False,,0.0,not located,
2026-01-03|143|2 Kelton Mcewen > P&R Ball Handler > Left P&R > Baseline > Go Away from Pick > To Basket > Miss 2 Pts,143,2026-01-03,UW-Oshkosh Titans,defense,Aiden Hawkinson,play-by-play,False,,0.0,not located,
2026-01-03|143|2 Kelton Mcewen > P&R Ball Handler > Left P&R > Baseline > Go Away from Pick > To Basket > Miss 2 Pts,143,2026-01-03,UW-Oshkosh Titans,defense,Jonah Rindfleisch,play-by-play,False,,0.0,not located,
2026-01-03|143|2 Kelton Mcewen > P&R Ball Handler > Left P&R > Baseline > Go Away from Pick > To Basket > Miss 2 Pts,143,2026-01-03,UW-Oshkosh Titans,defense,Matt Imig,play-by-play,False,,0.0,not located,
2026-01-03|143|2 Kelton Mcewen > P&R Ball Handler > Left P&R > Baseline > Go Away from Pick > To Basket > Miss 2 Pts,143,2026-01-03,UW-Oshkosh Titans,defense,Oskar Kangas,play-by-play,False,,0.0,not located,
2026-01-03|143|2 Kelton Mcewen > P&R Ball Handler > Left P&R > Baseline > Go Away from Pick > To Basket > Miss 2 Pts,143,2026-01-03,UW-Oshkosh Titans,defense,Vitorio Dante,play-by-play,False,,0.0,not located,
2026-01-03|144|23 Oskar Kangas > Spot-Up > No Dribble Jumper > Guarded > Long/3pt > Miss 3 Pts,144,2026-01-03,UW-Oshkosh Titans,offense,Aiden Hawkinson,play-by-play,False,,0.0,not located,
2026-01-03|144|23 Oskar Kangas > Spot-Up > No Dribble Jumper > Guarded > Long/3pt > Miss 3 Pts,144,2026-01-03,UW-Oshkosh Titans,offense,Jonah Rindfleisch,play-by-play,False,,0.0,not located,
2026-01-03|144|23 Oskar Kangas > Spot-Up > No Dribble Jumper > Guarded > Long/3pt > Miss 3 Pts,144,2026-01-03,UW-Oshkosh Titans,offense,Matt Imig,play-by-play,False,,0.0,not located,
2026-01-03|144|23 Oskar Kangas > Spot-Up > No Dribble Jumper > Guarded > Long/3pt > Miss 3 Pts,144,2026-01-03,UW-Oshkosh Titans,offense,Oskar Kangas,play-by-play,False,,0.0,not located,
2026-01-03|144|23 Oskar Kangas > Spot-Up > No Dribble Jumper > Guarded > Long/3pt > Miss 3 Pts,144,2026-01-03,UW-Oshkosh Titans,offense,Vitorio Dante,play-by-play,False,,0.0,not located,
2026-01-03|144|23 Oskar Kangas > Spot-Up > No Dribble Jumper > Guarded > Long/3pt > Miss 3 Pts,144,2026-01-03,UW-Whitewater,defense,Brock Marino,play-by-play,False,,0.0,not located,
2026-01-03|144|23 Oskar Kangas > Spot-Up > No Dribble Jumper > Guarded > Long/3pt > Miss 3 Pts,144,2026-01-03,UW-Whitewater,defense,Collin Madson,play-by-play,False,,0.0,not located,
2026-01-03|144|23 Oskar Kangas > Spot-Up > No Dribble Jumper > Guarded > Long/3pt > Miss 3 Pts,144,2026-01-03,UW-Whitewater,defense,Jake Quast,play-by-play,False,,0.0,not located,
2026-01-03|144|23 Oskar Kangas > Spot-Up > No Dribble Jumper > Guarded > Long/3pt > Miss 3 Pts,144,2026-01-03,UW-Whitewater,defense,Joey Berezowitz,play-by-play,False,,0.0,not located,
2026-01-03|144|23 Oskar Kangas > Spot-Up > No Dribble Jumper > Guarded > Long/3pt > Miss 3 Pts,144,2026-01-03,UW-Whitewater,defense,Kelton McEwen,play-by-play,False,,0.0,not located,
2026-01-03|145|12 Jonah Rindfleisch > No Play Type > Foul,145,2026-01-03,UW-Oshkosh Titans,offense,Aiden Hawkinson,play-by-play,False,,0.0,not located,
2026-01-03|145|12 Jonah Rindfleisch > No Play Type > Foul,145,2026-01-03,UW-Oshkosh Titans,offense,Jonah Rindfleisch,play-by-play,True,27,34.5,Synergy,0.95
2026-01-03|145|12 Jonah Rindfleisch > No Play Type > Foul,145,2026-01-03,UW-Oshkosh Titans,offense,Matt Imig,play-by-play,False,,0.0,not located,
2026-01-03|145|12 Jonah Rindfleisch > No Play Type > Foul,145,2026-01-03,UW-Oshkosh Titans,offense,Oskar Kangas,play-by-play,False,,0.0,not located,
2026-01-03|145|12 Jonah Rindfleisch > No Play Type > Foul,145,2026-01-03,UW-Oshkosh Titans,offense,Vitorio Dante,play-by-play,False,,0.0,not located,
2026-01-03|145|12 Jonah Rindfleisch > No Play Type > Foul,145,2026-01-03,UW-Whitewater,defense,Brock Marino,play-by-play,False,,0.0,not located,
2026-01-03|145|12 Jonah Rindfleisch > No Play Type > Foul,145,2026-01-03,UW-Whitewater,defense,Collin Madson,play-by-play,False,,0.0,not located,
2026-01-03|145|12 Jonah Rindfleisch > No Play Type > Foul,145,2026-01-03,UW-Whitewater,defense,Jake Quast,play-by-play,False,,0.0,not located,
2026-01-03|145|12 Jonah Rindfleisch > No Play Type > Foul,145,2026-01-03,UW-Whitewater,defense,Joey Berezowitz,play-by-play,False,,0.0,not located,
2026-01-03|145|12 Jonah Rindfleisch > No Play Type > Foul,145,2026-01-03,UW-Whitewater,defense,Kelton McEwen,play-by-play,False,,0.0,not located,
2026-01-03|146|22 Joey Berezowitz > P&R Ball Handler > Left P&R > Side > Dribble Off Pick > Dribble Jumper > Long/3pt > Miss 3 Pts,146,2026-01-03,UW-Whitewater,offense,Brock Marino,play-by-play,True,16;37;43,23.5,coach checked;followed player,0.99
2026-01-03|146|22 Joey Berezowitz > P&R Ball Handler > Left P&R > Side > Dribble Off Pick > Dribble Jumper > Long/3pt > Miss 3 Pts,146,2026-01-03,UW-Whitewater,offense,Collin Madson,play-by-play,False,,0.0,not located,
2026-01-03|146|22 Joey Berezowitz > P&R Ball Handler > Left P&R > Side > Dribble Off Pick > Dribble Jumper > Long/3pt > Miss 3 Pts,146,2026-01-03,UW-Whitewater,offense,Jake Quast,play-by-play,False,,0.0,not located,
2026-01-03|146|22 Joey Berezowitz > P&R Ball Handler > Left P&R > Side > Dribble Off Pick > Dribble Jumper > Long/3pt > Miss 3 Pts,146,2026-01-03,UW-Whitewater,offense,Joey Berezowitz,play-by-play,False,,0.0,not located,
2026-01-03|146|22 Joey Berezowitz > P&R Ball Handler > Left P&R > Side > Dribble Off Pick > Dribble Jumper > Long/3pt > Miss 3 Pts,146,2026-01-03,UW-Whitewater,offense,Kelton McEwen,play-by-play,False,,0.0,not located,
2026-01-03|146|22 Joey Berezowitz > P&R Ball Handler > Left P&R > Side > Dribble Off Pick > Dribble Jumper > Long/3pt > Miss 3 Pts,146,2026-01-03,UW-Oshkosh Titans,defense,Carter Thomas,play-by-play,False,,0.0,not located,
2026-01-03|146|22 Joey Berezowitz > P&R Ball Handler > Left P&R > Side > Dribble Off Pick > Dribble Jumper > Long/3pt > Miss 3 Pts,146,2026-01-03,UW-Oshkosh Titans,defense,Joey LaChapell,play-by-play,False,,0.0,not located,
2026-01-03|146|22 Joey Berezowitz > P&R Ball Handler > Left P&R > Side > Dribble Off Pick > Dribble Jumper > Long/3pt > Miss 3 Pts,146,2026-01-03,UW-Oshkosh Titans,defense,Jonah Rindfleisch,play-by-play,False,,0.0,not located,
2026-01-03|146|22 Joey Berezowitz > P&R Ball Handler > Left P&R > Side > Dribble Off Pick > Dribble Jumper > Long/3pt > Miss 3 Pts,146,2026-01-03,UW-Oshkosh Titans,defense,Michael Metcalf-Grassman,play-by-play,False,,0.0,not located,
2026-01-03|146|22 Joey Berezowitz > P&R Ball Handler > Left P&R > Side > Dribble Off Pick > Dribble Jumper > Long/3pt > Miss 3 Pts,146,2026-01-03,UW-Oshkosh Titans,defense,Nate Nazos,play-by-play,False,,0.0,not located,
2026-01-03|147|4 Michael Metcalf-Grassman > Hand Off > From Dribble > Left > To Basket > Miss 2 Pts,147,2026-01-03,UW-Oshkosh Titans,offense,Brandon Beck,play-by-play,True,1,1.5,coach checked,0.99
2026-01-03|147|4 Michael Metcalf-Grassman > Hand Off > From Dribble > Left > To Basket > Miss 2 Pts,147,2026-01-03,UW-Oshkosh Titans,offense,Carter Thomas,play-by-play,True,11,6.5,best guess,0.31
2026-01-03|147|4 Michael Metcalf-Grassman > Hand Off > From Dribble > Left > To Basket > Miss 2 Pts,147,2026-01-03,UW-Oshkosh Titans,offense,Joey LaChapell,play-by-play,True,4,7.8,best guess,0.31
2026-01-03|147|4 Michael Metcalf-Grassman > Hand Off > From Dribble > Left > To Basket > Miss 2 Pts,147,2026-01-03,UW-Oshkosh Titans,offense,Michael Metcalf-Grassman,play-by-play,True,0,1.5,coach checked,0.99
2026-01-03|147|4 Michael Metcalf-Grassman > Hand Off > From Dribble > Left > To Basket > Miss 2 Pts,147,2026-01-03,UW-Oshkosh Titans,offense,Nate Nazos,play-by-play,False,,0.0,not located,
2026-01-03|147|4 Michael Metcalf-Grassman > Hand Off > From Dribble > Left > To Basket > Miss 2 Pts,147,2026-01-03,UW-Whitewater,defense,Brock Marino,play-by-play,False,,0.0,not located,
2026-01-03|147|4 Michael Metcalf-Grassman > Hand Off > From Dribble > Left > To Basket > Miss 2 Pts,147,2026-01-03,UW-Whitewater,defense,Collin Madson,play-by-play,False,,0.0,not located,
2026-01-03|147|4 Michael Metcalf-Grassman > Hand Off > From Dribble > Left > To Basket > Miss 2 Pts,147,2026-01-03,UW-Whitewater,defense,Jake Quast,play-by-play,False,,0.0,not located,
2026-01-03|147|4 Michael Metcalf-Grassman > Hand Off > From Dribble > Left > To Basket > Miss 2 Pts,147,2026-01-03,UW-Whitewater,defense,Joey Berezowitz,play-by-play,False,,0.0,not located,
2026-01-03|147|4 Michael Metcalf-Grassman > Hand Off > From Dribble > Left > To Basket > Miss 2 Pts,147,2026-01-03,UW-Whitewater,defense,Kelton McEwen,play-by-play,False,,0.0,not located,
2026-01-03|148|22 Joey Berezowitz > Transition > Ballhandler > To Basket > Foul,148,2026-01-03,UW-Whitewater,offense,Brock Marino,play-by-play,True,40,4.5,coach checked,0.99
2026-01-03|148|22 Joey Berezowitz > Transition > Ballhandler > To Basket > Foul,148,2026-01-03,UW-Whitewater,offense,Collin Madson,play-by-play,False,,0.0,not located,
2026-01-03|148|22 Joey Berezowitz > Transition > Ballhandler > To Basket > Foul,148,2026-01-03,UW-Whitewater,offense,Jake Quast,play-by-play,False,,0.0,not located,
2026-01-03|148|22 Joey Berezowitz > Transition > Ballhandler > To Basket > Foul,148,2026-01-03,UW-Whitewater,offense,Joey Berezowitz,play-by-play,False,,0.0,not located,
2026-01-03|148|22 Joey Berezowitz > Transition > Ballhandler > To Basket > Foul,148,2026-01-03,UW-Whitewater,offense,Kelton McEwen,play-by-play,False,,0.0,not located,
2026-01-03|148|22 Joey Berezowitz > Transition > Ballhandler > To Basket > Foul,148,2026-01-03,UW-Oshkosh Titans,defense,Brandon Beck,play-by-play,False,,0.0,not located,
2026-01-03|148|22 Joey Berezowitz > Transition > Ballhandler > To Basket > Foul,148,2026-01-03,UW-Oshkosh Titans,defense,Carter Thomas,play-by-play,False,,0.0,not located,
2026-01-03|148|22 Joey Berezowitz > Transition > Ballhandler > To Basket > Foul,148,2026-01-03,UW-Oshkosh Titans,defense,Joey LaChapell,play-by-play,True,28,9.8,coach checked,0.99
2026-01-03|148|22 Joey Berezowitz > Transition > Ballhandler > To Basket > Foul,148,2026-01-03,UW-Oshkosh Titans,defense,Michael Metcalf-Grassman,play-by-play,False,,0.0,not located,
2026-01-03|148|22 Joey Berezowitz > Transition > Ballhandler > To Basket > Foul,148,2026-01-03,UW-Oshkosh Titans,defense,Nate Nazos,play-by-play,False,,0.0,not located,
2026-01-03|149|2 Joey LaChapell > P&R Ball Handler > High P&R > Dribble Off Pick > Defense Commits > Ball Delivered > 0 Brandon Beck > P&R Roll Man > Pick and Pops > No Dribble Jumper > Guarded > Long/3pt > Make 3 Pts,149,2026-01-03,UW-Oshkosh Titans,offense,Brandon Beck,play-by-play,True,12;36,17.8,best guess,0.31
2026-01-03|149|2 Joey LaChapell > P&R Ball Handler > High P&R > Dribble Off Pick > Defense Commits > Ball Delivered > 0 Brandon Beck > P&R Roll Man > Pick and Pops > No Dribble Jumper > Guarded > Long/3pt > Make 3 Pts,149,2026-01-03,UW-Oshkosh Titans,offense,Carter Thomas,play-by-play,True,21;38;41;43,13.0,best guess,0.31
2026-01-03|149|2 Joey LaChapell > P&R Ball Handler > High P&R > Dribble Off Pick > Defense Commits > Ball Delivered > 0 Brandon Beck > P&R Roll Man > Pick and Pops > No Dribble Jumper > Guarded > Long/3pt > Make 3 Pts,149,2026-01-03,UW-Oshkosh Titans,offense,Joey LaChapell,play-by-play,True,19;32;33;37,12.8,followed player;linked possession,0.95
2026-01-03|149|2 Joey LaChapell > P&R Ball Handler > High P&R > Dribble Off Pick > Defense Commits > Ball Delivered > 0 Brandon Beck > P&R Roll Man > Pick and Pops > No Dribble Jumper > Guarded > Long/3pt > Make 3 Pts,149,2026-01-03,UW-Oshkosh Titans,offense,Michael Metcalf-Grassman,play-by-play,True,26;52,11.2,coach checked;followed player,0.99
2026-01-03|149|2 Joey LaChapell > P&R Ball Handler > High P&R > Dribble Off Pick > Defense Commits > Ball Delivered > 0 Brandon Beck > P&R Roll Man > Pick and Pops > No Dribble Jumper > Guarded > Long/3pt > Make 3 Pts,149,2026-01-03,UW-Oshkosh Titans,offense,Nate Nazos,play-by-play,True,20;39;44,12.8,best guess,0.31
2026-01-03|149|2 Joey LaChapell > P&R Ball Handler > High P&R > Dribble Off Pick > Defense Commits > Ball Delivered > 0 Brandon Beck > P&R Roll Man > Pick and Pops > No Dribble Jumper > Guarded > Long/3pt > Make 3 Pts,149,2026-01-03,UW-Whitewater,defense,Collin Madson,play-by-play,True,2,16.2,best guess,0.31
2026-01-03|149|2 Joey LaChapell > P&R Ball Handler > High P&R > Dribble Off Pick > Defense Commits > Ball Delivered > 0 Brandon Beck > P&R Roll Man > Pick and Pops > No Dribble Jumper > Guarded > Long/3pt > Make 3 Pts,149,2026-01-03,UW-Whitewater,defense,Jake Quast,play-by-play,True,0,25.2,best guess,0.31
2026-01-03|149|2 Joey LaChapell > P&R Ball Handler > High P&R > Dribble Off Pick > Defense Commits > Ball Delivered > 0 Brandon Beck > P&R Roll Man > Pick and Pops > No Dribble Jumper > Guarded > Long/3pt > Make 3 Pts,149,2026-01-03,UW-Whitewater,defense,Joey Berezowitz,play-by-play,True,13;27,17.8,coach checked;followed player,0.95
2026-01-03|149|2 Joey LaChapell > P&R Ball Handler > High P&R > Dribble Off Pick > Defense Commits > Ball Delivered > 0 Brandon Beck > P&R Roll Man > Pick and Pops > No Dribble Jumper > Guarded > Long/3pt > Make 3 Pts,149,2026-01-03,UW-Whitewater,defense,Kelton McEwen,play-by-play,True,3,16.8,best guess,0.31
2026-01-03|149|2 Joey LaChapell > P&R Ball Handler > High P&R > Dribble Off Pick > Defense Commits > Ball Delivered > 0 Brandon Beck > P&R Roll Man > Pick and Pops > No Dribble Jumper > Guarded > Long/3pt > Make 3 Pts,149,2026-01-03,UW-Whitewater,defense,Richie Warren,play-by-play,True,8;18;22,14.0,coach checked;followed player,0.99
2026-01-03|150|0 Collin Madson > ISO > Left > Drives Left > Defense Commits > Ball Delivered > 22 Joey Berezowitz > Spot-Up > Drives Left > To Basket > Miss 2 Pts,150,2026-01-03,UW-Whitewater,offense,Collin Madson,play-by-play,True,16;34;36,20.2,best guess,0.31
2026-01-03|150|0 Collin Madson > ISO > Left > Drives Left > Defense Commits > Ball Delivered > 22 Joey Berezowitz > Spot-Up > Drives Left > To Basket > Miss 2 Pts,150,2026-01-03,UW-Whitewater,offense,Jake Quast,play-by-play,True,0;46;60,23.5,best guess,0.31
2026-01-03|150|0 Collin Madson > ISO > Left > Drives Left > Defense Commits > Ball Delivered > 22 Joey Berezowitz > Spot-Up > Drives Left > To Basket > Miss 2 Pts,150,2026-01-03,UW-Whitewater,offense,Joey Berezowitz,play-by-play,True,3;39;51;61;70,19.5,coach checked;followed player;linked possession,0.99
2026-01-03|150|0 Collin Madson > ISO > Left > Drives Left > Defense Commits > Ball Delivered > 22 Joey Berezowitz > Spot-Up > Drives Left > To Basket > Miss 2 Pts,150,2026-01-03,UW-Whitewater,offense,Kelton McEwen,play-by-play,True,14;22;24;53;75,15.8,best guess,0.31
2026-01-03|150|0 Collin Madson > ISO > Left > Drives Left > Defense Commits > Ball Delivered > 22 Joey Berezowitz > Spot-Up > Drives Left > To Basket > Miss 2 Pts,150,2026-01-03,UW-Whitewater,offense,Richie Warren,play-by-play,True,11;27;77,17.0,coach checked;followed player,0.95
2026-01-03|150|0 Collin Madson > ISO > Left > Drives Left > Defense Commits > Ball Delivered > 22 Joey Berezowitz > Spot-Up > Drives Left > To Basket > Miss 2 Pts,150,2026-01-03,UW-Oshkosh Titans,defense,Brandon Beck,play-by-play,True,78,2.5,coach checked,0.99
2026-01-03|150|0 Collin Madson > ISO > Left > Drives Left > Defense Commits > Ball Delivered > 22 Joey Berezowitz > Spot-Up > Drives Left > To Basket > Miss 2 Pts,150,2026-01-03,UW-Oshkosh Titans,defense,Carter Thomas,play-by-play,True,71,2.5,best guess,0.31
2026-01-03|150|0 Collin Madson > ISO > Left > Drives Left > Defense Commits > Ball Delivered > 22 Joey Berezowitz > Spot-Up > Drives Left > To Basket > Miss 2 Pts,150,2026-01-03,UW-Oshkosh Titans,defense,Joey LaChapell,play-by-play,True,2;33;58;76,15.8,coach checked;followed player,0.95
2026-01-03|150|0 Collin Madson > ISO > Left > Drives Left > Defense Commits > Ball Delivered > 22 Joey Berezowitz > Spot-Up > Drives Left > To Basket > Miss 2 Pts,150,2026-01-03,UW-Oshkosh Titans,defense,Michael Metcalf-Grassman,play-by-play,False,,0.0,not located,
2026-01-03|150|0 Collin Madson > ISO > Left > Drives Left > Defense Commits > Ball Delivered > 22 Joey Berezowitz > Spot-Up > Drives Left > To Basket > Miss 2 Pts,150,2026-01-03,UW-Oshkosh Titans,defense,Nate Nazos,play-by-play,True,74,4.5,best guess,0.31
2026-01-03|151|24 Richie Warren > Offensive Rebound > Short > Scoring Attempt > At Basket > Miss 2 Pts,151,2026-01-03,UW-Whitewater,offense,Collin Madson,play-by-play,True,8,5.5,best guess,0.46
2026-01-03|151|24 Richie Warren > Offensive Rebound > Short > Scoring Attempt > At Basket > Miss 2 Pts,151,2026-01-03,UW-Whitewater,offense,Jake Quast,play-by-play,True,5,7.2,linked possession,0.95
2026-01-03|151|24 Richie Warren > Offensive Rebound > Short > Scoring Attempt > At Basket > Miss 2 Pts,151,2026-01-03,UW-Whitewater,offense,Joey Berezowitz,play-by-play,True,3,5.5,coach checked,0.99
2026-01-03|151|24 Richie Warren > Offensive Rebound > Short > Scoring Attempt > At Basket > Miss 2 Pts,151,2026-01-03,UW-Whitewater,offense,Kelton McEwen,play-by-play,True,11;22,5.5,best guess,0.46
2026-01-03|151|24 Richie Warren > Offensive Rebound > Short > Scoring Attempt > At Basket > Miss 2 Pts,151,2026-01-03,UW-Whitewater,offense,Richie Warren,play-by-play,True,4,6.5,coach checked,0.95
2026-01-03|151|24 Richie Warren > Offensive Rebound > Short > Scoring Attempt > At Basket > Miss 2 Pts,151,2026-01-03,UW-Oshkosh Titans,defense,Brandon Beck,play-by-play,False,,0.0,not located,
2026-01-03|151|24 Richie Warren > Offensive Rebound > Short > Scoring Attempt > At Basket > Miss 2 Pts,151,2026-01-03,UW-Oshkosh Titans,defense,Carter Thomas,play-by-play,False,,0.0,not located,
2026-01-03|151|24 Richie Warren > Offensive Rebound > Short > Scoring Attempt > At Basket > Miss 2 Pts,151,2026-01-03,UW-Oshkosh Titans,defense,Joey LaChapell,play-by-play,False,,0.0,not located,
2026-01-03|151|24 Richie Warren > Offensive Rebound > Short > Scoring Attempt > At Basket > Miss 2 Pts,151,2026-01-03,UW-Oshkosh Titans,defense,Michael Metcalf-Grassman,play-by-play,False,,0.0,not located,
2026-01-03|151|24 Richie Warren > Offensive Rebound > Short > Scoring Attempt > At Basket > Miss 2 Pts,151,2026-01-03,UW-Oshkosh Titans,defense,Nate Nazos,play-by-play,False,,0.0,not located,
2026-01-03|152|22 Joey Berezowitz > Hand Off > From Stationary > Left > To Basket > Make 2 Pts,152,2026-01-03,UW-Whitewater,offense,Brock Marino,play-by-play,True,4,2.8,best guess,0.31
2026-01-03|152|22 Joey Berezowitz > Hand Off > From Stationary > Left > To Basket > Make 2 Pts,152,2026-01-03,UW-Whitewater,offense,Collin Madson,play-by-play,True,15,6.8,best guess,0.31
2026-01-03|152|22 Joey Berezowitz > Hand Off > From Stationary > Left > To Basket > Make 2 Pts,152,2026-01-03,UW-Whitewater,offense,Jake Quast,play-by-play,True,7,3.8,coach checked,0.95
2026-01-03|152|22 Joey Berezowitz > Hand Off > From Stationary > Left > To Basket > Make 2 Pts,152,2026-01-03,UW-Whitewater,offense,Joey Berezowitz,play-by-play,True,13,3.8,best guess,0.31
2026-01-03|152|22 Joey Berezowitz > Hand Off > From Stationary > Left > To Basket > Make 2 Pts,152,2026-01-03,UW-Whitewater,offense,Richie Warren,play-by-play,True,1,10.8,coach checked,0.95
2026-01-03|152|22 Joey Berezowitz > Hand Off > From Stationary > Left > To Basket > Make 2 Pts,152,2026-01-03,UW-Oshkosh Titans,defense,Aiden Hawkinson,play-by-play,False,,0.0,not located,
2026-01-03|152|22 Joey Berezowitz > Hand Off > From Stationary > Left > To Basket > Make 2 Pts,152,2026-01-03,UW-Oshkosh Titans,defense,Jonah Rindfleisch,play-by-play,False,,0.0,not located,
2026-01-03|152|22 Joey Berezowitz > Hand Off > From Stationary > Left > To Basket > Make 2 Pts,152,2026-01-03,UW-Oshkosh Titans,defense,Matt Imig,play-by-play,False,,0.0,not located,
2026-01-03|152|22 Joey Berezowitz > Hand Off > From Stationary > Left > To Basket > Make 2 Pts,152,2026-01-03,UW-Oshkosh Titans,defense,Oskar Kangas,play-by-play,False,,0.0,not located,
2026-01-03|152|22 Joey Berezowitz > Hand Off > From Stationary > Left > To Basket > Make 2 Pts,152,2026-01-03,UW-Oshkosh Titans,defense,Vitorio Dante,play-by-play,False,,0.0,not located,
2026-01-03|153|12 Jonah Rindfleisch > ISO > Top > Drives Right > To Basket > Miss 2 Pts,153,2026-01-03,UW-Oshkosh Titans,offense,Aiden Hawkinson,play-by-play,False,,0.0,not located,
2026-01-03|153|12 Jonah Rindfleisch > ISO > Top > Drives Right > To Basket > Miss 2 Pts,153,2026-01-03,UW-Oshkosh Titans,offense,Jonah Rindfleisch,play-by-play,False,,0.0,not located,
2026-01-03|153|12 Jonah Rindfleisch > ISO > Top > Drives Right > To Basket > Miss 2 Pts,153,2026-01-03,UW-Oshkosh Titans,offense,Matt Imig,play-by-play,False,,0.0,not located,
2026-01-03|153|12 Jonah Rindfleisch > ISO > Top > Drives Right > To Basket > Miss 2 Pts,153,2026-01-03,UW-Oshkosh Titans,offense,Oskar Kangas,play-by-play,False,,0.0,not located,
2026-01-03|153|12 Jonah Rindfleisch > ISO > Top > Drives Right > To Basket > Miss 2 Pts,153,2026-01-03,UW-Oshkosh Titans,offense,Vitorio Dante,play-by-play,False,,0.0,not located,
2026-01-03|153|12 Jonah Rindfleisch > ISO > Top > Drives Right > To Basket > Miss 2 Pts,153,2026-01-03,UW-Whitewater,defense,Brock Marino,play-by-play,True,5;31,14.0,best guess,0.31
2026-01-03|153|12 Jonah Rindfleisch > ISO > Top > Drives Right > To Basket > Miss 2 Pts,153,2026-01-03,UW-Whitewater,defense,Collin Madson,play-by-play,True,16;45,15.0,best guess,0.31
2026-01-03|153|12 Jonah Rindfleisch > ISO > Top > Drives Right > To Basket > Miss 2 Pts,153,2026-01-03,UW-Whitewater,defense,Jake Quast,play-by-play,True,1,17.5,coach checked,0.99
2026-01-03|153|12 Jonah Rindfleisch > ISO > Top > Drives Right > To Basket > Miss 2 Pts,153,2026-01-03,UW-Whitewater,defense,Joey Berezowitz,play-by-play,True,14,16.0,best guess,0.31
2026-01-03|153|12 Jonah Rindfleisch > ISO > Top > Drives Right > To Basket > Miss 2 Pts,153,2026-01-03,UW-Whitewater,defense,Richie Warren,play-by-play,True,3,15.0,coach checked,0.99
2026-01-03|154|5 Matt Imig > Spot-Up > No Dribble Jumper > Open > Long/3pt > Make 3 Pts,154,2026-01-03,UW-Oshkosh Titans,offense,Aiden Hawkinson,play-by-play,False,,0.0,not located,
2026-01-03|154|5 Matt Imig > Spot-Up > No Dribble Jumper > Open > Long/3pt > Make 3 Pts,154,2026-01-03,UW-Oshkosh Titans,offense,Jonah Rindfleisch,play-by-play,False,,0.0,not located,
2026-01-03|154|5 Matt Imig > Spot-Up > No Dribble Jumper > Open > Long/3pt > Make 3 Pts,154,2026-01-03,UW-Oshkosh Titans,offense,Matt Imig,play-by-play,False,,0.0,not located,
2026-01-03|154|5 Matt Imig > Spot-Up > No Dribble Jumper > Open > Long/3pt > Make 3 Pts,154,2026-01-03,UW-Oshkosh Titans,offense,Oskar Kangas,play-by-play,True,11,1.2,coach checked,0.99
2026-01-03|154|5 Matt Imig > Spot-Up > No Dribble Jumper > Open > Long/3pt > Make 3 Pts,154,2026-01-03,UW-Oshkosh Titans,offense,Vitorio Dante,play-by-play,False,,0.0,not located,
2026-01-03|154|5 Matt Imig > Spot-Up > No Dribble Jumper > Open > Long/3pt > Make 3 Pts,154,2026-01-03,UW-Whitewater,defense,Brock Marino,play-by-play,False,,0.0,not located,
2026-01-03|154|5 Matt Imig > Spot-Up > No Dribble Jumper > Open > Long/3pt > Make 3 Pts,154,2026-01-03,UW-Whitewater,defense,Collin Madson,play-by-play,False,,0.0,not located,
2026-01-03|154|5 Matt Imig > Spot-Up > No Dribble Jumper > Open > Long/3pt > Make 3 Pts,154,2026-01-03,UW-Whitewater,defense,Jake Quast,play-by-play,False,,0.0,not located,
2026-01-03|154|5 Matt Imig > Spot-Up > No Dribble Jumper > Open > Long/3pt > Make 3 Pts,154,2026-01-03,UW-Whitewater,defense,Joey Berezowitz,play-by-play,True,1,2.0,coach checked,0.99
2026-01-03|154|5 Matt Imig > Spot-Up > No Dribble Jumper > Open > Long/3pt > Make 3 Pts,154,2026-01-03,UW-Whitewater,defense,Richie Warren,play-by-play,False,,0.0,not located,
2026-01-03|155|21 Brock Marino > Spot-Up > Drives Right > To Basket > Foul,155,2026-01-03,UW-Whitewater,offense,Brock Marino,play-by-play,False,,0.0,not located,
2026-01-03|155|21 Brock Marino > Spot-Up > Drives Right > To Basket > Foul,155,2026-01-03,UW-Whitewater,offense,Collin Madson,play-by-play,False,,0.0,not located,
2026-01-03|155|21 Brock Marino > Spot-Up > Drives Right > To Basket > Foul,155,2026-01-03,UW-Whitewater,offense,Jake Quast,play-by-play,False,,0.0,not located,
2026-01-03|155|21 Brock Marino > Spot-Up > Drives Right > To Basket > Foul,155,2026-01-03,UW-Whitewater,offense,Joey Berezowitz,play-by-play,False,,0.0,not located,
2026-01-03|155|21 Brock Marino > Spot-Up > Drives Right > To Basket > Foul,155,2026-01-03,UW-Whitewater,offense,Richie Warren,play-by-play,True,15;26,3.2,coach checked;followed player,0.99
2026-01-03|155|21 Brock Marino > Spot-Up > Drives Right > To Basket > Foul,155,2026-01-03,UW-Oshkosh Titans,defense,Aiden Hawkinson,play-by-play,False,,0.0,not located,
2026-01-03|155|21 Brock Marino > Spot-Up > Drives Right > To Basket > Foul,155,2026-01-03,UW-Oshkosh Titans,defense,Jonah Rindfleisch,play-by-play,False,,0.0,not located,
2026-01-03|155|21 Brock Marino > Spot-Up > Drives Right > To Basket > Foul,155,2026-01-03,UW-Oshkosh Titans,defense,Matt Imig,play-by-play,False,,0.0,not located,
2026-01-03|155|21 Brock Marino > Spot-Up > Drives Right > To Basket > Foul,155,2026-01-03,UW-Oshkosh Titans,defense,Oskar Kangas,play-by-play,False,,0.0,not located,
2026-01-03|155|21 Brock Marino > Spot-Up > Drives Right > To Basket > Foul,155,2026-01-03,UW-Oshkosh Titans,defense,Vitorio Dante,play-by-play,False,,0.0,not located,
2026-01-03|156|0 Brandon Beck > Transition > Left Wing > No Dribble Jumper > Guarded > Long/3pt > Miss 3 Pts,156,2026-01-03,UW-Oshkosh Titans,offense,Brandon Beck,play-by-play,False,,0.0,not located,
2026-01-03|156|0 Brandon Beck > Transition > Left Wing > No Dribble Jumper > Guarded > Long/3pt > Miss 3 Pts,156,2026-01-03,UW-Oshkosh Titans,offense,Carter Thomas,play-by-play,False,,0.0,not located,
2026-01-03|156|0 Brandon Beck > Transition > Left Wing > No Dribble Jumper > Guarded > Long/3pt > Miss 3 Pts,156,2026-01-03,UW-Oshkosh Titans,offense,Joey LaChapell,play-by-play,False,,0.0,not located,
2026-01-03|156|0 Brandon Beck > Transition > Left Wing > No Dribble Jumper > Guarded > Long/3pt > Miss 3 Pts,156,2026-01-03,UW-Oshkosh Titans,offense,Michael Metcalf-Grassman,play-by-play,False,,0.0,not located,
2026-01-03|156|0 Brandon Beck > Transition > Left Wing > No Dribble Jumper > Guarded > Long/3pt > Miss 3 Pts,156,2026-01-03,UW-Oshkosh Titans,offense,Nate Nazos,play-by-play,False,,0.0,not located,
2026-01-03|156|0 Brandon Beck > Transition > Left Wing > No Dribble Jumper > Guarded > Long/3pt > Miss 3 Pts,156,2026-01-03,UW-Whitewater,defense,Collin Madson,play-by-play,False,,0.0,not located,
2026-01-03|156|0 Brandon Beck > Transition > Left Wing > No Dribble Jumper > Guarded > Long/3pt > Miss 3 Pts,156,2026-01-03,UW-Whitewater,defense,JR Lukenbill,play-by-play,False,,0.0,not located,
2026-01-03|156|0 Brandon Beck > Transition > Left Wing > No Dribble Jumper > Guarded > Long/3pt > Miss 3 Pts,156,2026-01-03,UW-Whitewater,defense,Jake Quast,play-by-play,False,,0.0,not located,
2026-01-03|156|0 Brandon Beck > Transition > Left Wing > No Dribble Jumper > Guarded > Long/3pt > Miss 3 Pts,156,2026-01-03,UW-Whitewater,defense,Joey Berezowitz,play-by-play,False,,0.0,not located,
2026-01-03|156|0 Brandon Beck > Transition > Left Wing > No Dribble Jumper > Guarded > Long/3pt > Miss 3 Pts,156,2026-01-03,UW-Whitewater,defense,Richie Warren,play-by-play,False,,0.0,not located,
2026-01-03|157|0 Collin Madson > ISO > Right > Drives Left > Dribble Jumper > Short to < 17' > Miss 2 Pts,157,2026-01-03,UW-Whitewater,offense,Collin Madson,play-by-play,False,,0.0,not located,
2026-01-03|157|0 Collin Madson > ISO > Right > Drives Left > Dribble Jumper > Short to < 17' > Miss 2 Pts,157,2026-01-03,UW-Whitewater,offense,JR Lukenbill,play-by-play,False,,0.0,not located,
2026-01-03|157|0 Collin Madson > ISO > Right > Drives Left > Dribble Jumper > Short to < 17' > Miss 2 Pts,157,2026-01-03,UW-Whitewater,offense,Jake Quast,play-by-play,False,,0.0,not located,
2026-01-03|157|0 Collin Madson > ISO > Right > Drives Left > Dribble Jumper > Short to < 17' > Miss 2 Pts,157,2026-01-03,UW-Whitewater,offense,Joey Berezowitz,play-by-play,False,,0.0,not located,
2026-01-03|157|0 Collin Madson > ISO > Right > Drives Left > Dribble Jumper > Short to < 17' > Miss 2 Pts,157,2026-01-03,UW-Whitewater,offense,Richie Warren,play-by-play,False,,0.0,not located,
2026-01-03|157|0 Collin Madson > ISO > Right > Drives Left > Dribble Jumper > Short to < 17' > Miss 2 Pts,157,2026-01-03,UW-Oshkosh Titans,defense,Brandon Beck,play-by-play,False,,0.0,not located,
2026-01-03|157|0 Collin Madson > ISO > Right > Drives Left > Dribble Jumper > Short to < 17' > Miss 2 Pts,157,2026-01-03,UW-Oshkosh Titans,defense,Carter Thomas,play-by-play,False,,0.0,not located,
2026-01-03|157|0 Collin Madson > ISO > Right > Drives Left > Dribble Jumper > Short to < 17' > Miss 2 Pts,157,2026-01-03,UW-Oshkosh Titans,defense,Joey LaChapell,play-by-play,False,,0.0,not located,
2026-01-03|157|0 Collin Madson > ISO > Right > Drives Left > Dribble Jumper > Short to < 17' > Miss 2 Pts,157,2026-01-03,UW-Oshkosh Titans,defense,Michael Metcalf-Grassman,play-by-play,False,,0.0,not located,
2026-01-03|157|0 Collin Madson > ISO > Right > Drives Left > Dribble Jumper > Short to < 17' > Miss 2 Pts,157,2026-01-03,UW-Oshkosh Titans,defense,Nate Nazos,play-by-play,False,,0.0,not located,
2026-01-03|158|4 Michael Metcalf-Grassman > Non Possession > No Violation,158,2026-01-03,UW-Oshkosh Titans,offense,Brandon Beck,clips before/after (no clock),False,,0.0,not located,
2026-01-03|158|4 Michael Metcalf-Grassman > Non Possession > No Violation,158,2026-01-03,UW-Oshkosh Titans,offense,Carter Thomas,clips before/after (no clock),False,,0.0,not located,
2026-01-03|158|4 Michael Metcalf-Grassman > Non Possession > No Violation,158,2026-01-03,UW-Oshkosh Titans,offense,Joey LaChapell,clips before/after (no clock),False,,0.0,not located,
2026-01-03|158|4 Michael Metcalf-Grassman > Non Possession > No Violation,158,2026-01-03,UW-Oshkosh Titans,offense,Michael Metcalf-Grassman,clips before/after (no clock),False,,0.0,not located,
2026-01-03|158|4 Michael Metcalf-Grassman > Non Possession > No Violation,158,2026-01-03,UW-Oshkosh Titans,offense,Nate Nazos,clips before/after (no clock),False,,0.0,not located,
2026-01-03|158|4 Michael Metcalf-Grassman > Non Possession > No Violation,158,2026-01-03,UW-Whitewater,defense,Collin Madson,clips before/after (no clock),False,,0.0,not located,
2026-01-03|158|4 Michael Metcalf-Grassman > Non Possession > No Violation,158,2026-01-03,UW-Whitewater,defense,JR Lukenbill,clips before/after (no clock),False,,0.0,not located,
2026-01-03|158|4 Michael Metcalf-Grassman > Non Possession > No Violation,158,2026-01-03,UW-Whitewater,defense,Jake Quast,clips before/after (no clock),False,,0.0,not located,
2026-01-03|158|4 Michael Metcalf-Grassman > Non Possession > No Violation,158,2026-01-03,UW-Whitewater,defense,Joey Berezowitz,clips before/after (no clock),False,,0.0,not located,
2026-01-03|158|4 Michael Metcalf-Grassman > Non Possession > No Violation,158,2026-01-03,UW-Whitewater,defense,Richie Warren,clips before/after (no clock),False,,0.0,not located,
2026-01-03|159|2 Joey LaChapell > P&R Ball Handler > High P&R > Dribble Off Pick > To Basket > Make 2 Pts,159,2026-01-03,UW-Oshkosh Titans,offense,Brandon Beck,play-by-play,False,,0.0,not located,
2026-01-03|159|2 Joey LaChapell > P&R Ball Handler > High P&R > Dribble Off Pick > To Basket > Make 2 Pts,159,2026-01-03,UW-Oshkosh Titans,offense,Carter Thomas,play-by-play,False,,0.0,not located,
2026-01-03|159|2 Joey LaChapell > P&R Ball Handler > High P&R > Dribble Off Pick > To Basket > Make 2 Pts,159,2026-01-03,UW-Oshkosh Titans,offense,Joey LaChapell,play-by-play,False,,0.0,not located,
2026-01-03|159|2 Joey LaChapell > P&R Ball Handler > High P&R > Dribble Off Pick > To Basket > Make 2 Pts,159,2026-01-03,UW-Oshkosh Titans,offense,Michael Metcalf-Grassman,play-by-play,False,,0.0,not located,
2026-01-03|159|2 Joey LaChapell > P&R Ball Handler > High P&R > Dribble Off Pick > To Basket > Make 2 Pts,159,2026-01-03,UW-Oshkosh Titans,offense,Nate Nazos,play-by-play,False,,0.0,not located,
2026-01-03|159|2 Joey LaChapell > P&R Ball Handler > High P&R > Dribble Off Pick > To Basket > Make 2 Pts,159,2026-01-03,UW-Whitewater,defense,Collin Madson,play-by-play,False,,0.0,not located,
2026-01-03|159|2 Joey LaChapell > P&R Ball Handler > High P&R > Dribble Off Pick > To Basket > Make 2 Pts,159,2026-01-03,UW-Whitewater,defense,JR Lukenbill,play-by-play,False,,0.0,not located,
2026-01-03|159|2 Joey LaChapell > P&R Ball Handler > High P&R > Dribble Off Pick > To Basket > Make 2 Pts,159,2026-01-03,UW-Whitewater,defense,Jake Quast,play-by-play,False,,0.0,not located,
2026-01-03|159|2 Joey LaChapell > P&R Ball Handler > High P&R > Dribble Off Pick > To Basket > Make 2 Pts,159,2026-01-03,UW-Whitewater,defense,Joey Berezowitz,play-by-play,False,,0.0,not located,
2026-01-03|159|2 Joey LaChapell > P&R Ball Handler > High P&R > Dribble Off Pick > To Basket > Make 2 Pts,159,2026-01-03,UW-Whitewater,defense,Richie Warren,play-by-play,False,,0.0,not located,
2026-01-03|160|24 Richie Warren > Transition > Left Wing > No Dribble Jumper > Guarded > Long/3pt > Make 3 Pts,160,2026-01-03,UW-Whitewater,offense,Collin Madson,play-by-play,False,,0.0,not located,
2026-01-03|160|24 Richie Warren > Transition > Left Wing > No Dribble Jumper > Guarded > Long/3pt > Make 3 Pts,160,2026-01-03,UW-Whitewater,offense,JR Lukenbill,play-by-play,False,,0.0,not located,
2026-01-03|160|24 Richie Warren > Transition > Left Wing > No Dribble Jumper > Guarded > Long/3pt > Make 3 Pts,160,2026-01-03,UW-Whitewater,offense,Jake Quast,play-by-play,False,,0.0,not located,
2026-01-03|160|24 Richie Warren > Transition > Left Wing > No Dribble Jumper > Guarded > Long/3pt > Make 3 Pts,160,2026-01-03,UW-Whitewater,offense,Joey Berezowitz,play-by-play,False,,0.0,not located,
2026-01-03|160|24 Richie Warren > Transition > Left Wing > No Dribble Jumper > Guarded > Long/3pt > Make 3 Pts,160,2026-01-03,UW-Whitewater,offense,Richie Warren,play-by-play,False,,0.0,not located,
2026-01-03|160|24 Richie Warren > Transition > Left Wing > No Dribble Jumper > Guarded > Long/3pt > Make 3 Pts,160,2026-01-03,UW-Oshkosh Titans,defense,Brandon Beck,play-by-play,False,,0.0,not located,
2026-01-03|160|24 Richie Warren > Transition > Left Wing > No Dribble Jumper > Guarded > Long/3pt > Make 3 Pts,160,2026-01-03,UW-Oshkosh Titans,defense,Carter Thomas,play-by-play,False,,0.0,not located,
2026-01-03|160|24 Richie Warren > Transition > Left Wing > No Dribble Jumper > Guarded > Long/3pt > Make 3 Pts,160,2026-01-03,UW-Oshkosh Titans,defense,Joey LaChapell,play-by-play,False,,0.0,not located,
2026-01-03|160|24 Richie Warren > Transition > Left Wing > No Dribble Jumper > Guarded > Long/3pt > Make 3 Pts,160,2026-01-03,UW-Oshkosh Titans,defense,Michael Metcalf-Grassman,play-by-play,False,,0.0,not located,
2026-01-03|160|24 Richie Warren > Transition > Left Wing > No Dribble Jumper > Guarded > Long/3pt > Make 3 Pts,160,2026-01-03,UW-Oshkosh Titans,defense,Nate Nazos,play-by-play,False,,0.0,not located,
2026-01-03|161|0 Brandon Beck > Transition > Right Wing > To Basket > Foul,161,2026-01-03,UW-Oshkosh Titans,offense,Brandon Beck,play-by-play,True,30,2.2,Synergy,0.95
2026-01-03|161|0 Brandon Beck > Transition > Right Wing > To Basket > Foul,161,2026-01-03,UW-Oshkosh Titans,offense,Carter Thomas,play-by-play,False,,0.0,not located,
2026-01-03|161|0 Brandon Beck > Transition > Right Wing > To Basket > Foul,161,2026-01-03,UW-Oshkosh Titans,offense,Joey LaChapell,play-by-play,False,,0.0,not located,
2026-01-03|161|0 Brandon Beck > Transition > Right Wing > To Basket > Foul,161,2026-01-03,UW-Oshkosh Titans,offense,Michael Metcalf-Grassman,play-by-play,False,,0.0,not located,
2026-01-03|161|0 Brandon Beck > Transition > Right Wing > To Basket > Foul,161,2026-01-03,UW-Oshkosh Titans,offense,Nate Nazos,play-by-play,False,,0.0,not located,
2026-01-03|161|0 Brandon Beck > Transition > Right Wing > To Basket > Foul,161,2026-01-03,UW-Whitewater,defense,Collin Madson,play-by-play,False,,0.0,not located,
2026-01-03|161|0 Brandon Beck > Transition > Right Wing > To Basket > Foul,161,2026-01-03,UW-Whitewater,defense,JR Lukenbill,play-by-play,False,,0.0,not located,
2026-01-03|161|0 Brandon Beck > Transition > Right Wing > To Basket > Foul,161,2026-01-03,UW-Whitewater,defense,Jake Quast,play-by-play,False,,0.0,not located,
2026-01-03|161|0 Brandon Beck > Transition > Right Wing > To Basket > Foul,161,2026-01-03,UW-Whitewater,defense,Joey Berezowitz,play-by-play,False,,0.0,not located,
2026-01-03|161|0 Brandon Beck > Transition > Right Wing > To Basket > Foul,161,2026-01-03,UW-Whitewater,defense,Richie Warren,play-by-play,False,,0.0,not located,
2026-01-03|162|24 Richie Warren > Spot-Up > Drives Right > Dribble Jumper > Short to < 17' > Miss 2 Pts,162,2026-01-03,UW-Whitewater,offense,Collin Madson,play-by-play,False,,0.0,not located,
2026-01-03|162|24 Richie Warren > Spot-Up > Drives Right > Dribble Jumper > Short to < 17' > Miss 2 Pts,162,2026-01-03,UW-Whitewater,offense,Jake Quast,play-by-play,False,,0.0,not located,
2026-01-03|162|24 Richie Warren > Spot-Up > Drives Right > Dribble Jumper > Short to < 17' > Miss 2 Pts,162,2026-01-03,UW-Whitewater,offense,Joey Berezowitz,play-by-play,False,,0.0,not located,
2026-01-03|162|24 Richie Warren > Spot-Up > Drives Right > Dribble Jumper > Short to < 17' > Miss 2 Pts,162,2026-01-03,UW-Whitewater,offense,Luke Bara,play-by-play,False,,0.0,not located,
2026-01-03|162|24 Richie Warren > Spot-Up > Drives Right > Dribble Jumper > Short to < 17' > Miss 2 Pts,162,2026-01-03,UW-Whitewater,offense,Richie Warren,play-by-play,False,,0.0,not located,
2026-01-03|162|24 Richie Warren > Spot-Up > Drives Right > Dribble Jumper > Short to < 17' > Miss 2 Pts,162,2026-01-03,UW-Oshkosh Titans,defense,Aiden Hawkinson,play-by-play,False,,0.0,not located,
2026-01-03|162|24 Richie Warren > Spot-Up > Drives Right > Dribble Jumper > Short to < 17' > Miss 2 Pts,162,2026-01-03,UW-Oshkosh Titans,defense,Jonah Rindfleisch,play-by-play,False,,0.0,not located,
2026-01-03|162|24 Richie Warren > Spot-Up > Drives Right > Dribble Jumper > Short to < 17' > Miss 2 Pts,162,2026-01-03,UW-Oshkosh Titans,defense,Matt Imig,play-by-play,False,,0.0,not located,
2026-01-03|162|24 Richie Warren > Spot-Up > Drives Right > Dribble Jumper > Short to < 17' > Miss 2 Pts,162,2026-01-03,UW-Oshkosh Titans,defense,Oskar Kangas,play-by-play,False,,0.0,not located,
2026-01-03|162|24 Richie Warren > Spot-Up > Drives Right > Dribble Jumper > Short to < 17' > Miss 2 Pts,162,2026-01-03,UW-Oshkosh Titans,defense,Vitorio Dante,play-by-play,False,,0.0,not located,
2026-01-03|163|32 Luke Bara > P&R Ball Handler > High P&R > Takes Early Jump Shot > No Dribble Jumper > Guarded > Long/3pt > Miss 3 Pts,163,2026-01-03,UW-Whitewater,offense,Collin Madson,play-by-play,False,,0.0,not located,
2026-01-03|163|32 Luke Bara > P&R Ball Handler > High P&R > Takes Early Jump Shot > No Dribble Jumper > Guarded > Long/3pt > Miss 3 Pts,163,2026-01-03,UW-Whitewater,offense,Jake Quast,play-by-play,False,,0.0,not located,
2026-01-03|163|32 Luke Bara > P&R Ball Handler > High P&R > Takes Early Jump Shot > No Dribble Jumper > Guarded > Long/3pt > Miss 3 Pts,163,2026-01-03,UW-Whitewater,offense,Joey Berezowitz,play-by-play,False,,0.0,not located,
2026-01-03|163|32 Luke Bara > P&R Ball Handler > High P&R > Takes Early Jump Shot > No Dribble Jumper > Guarded > Long/3pt > Miss 3 Pts,163,2026-01-03,UW-Whitewater,offense,Luke Bara,play-by-play,False,,0.0,not located,
2026-01-03|163|32 Luke Bara > P&R Ball Handler > High P&R > Takes Early Jump Shot > No Dribble Jumper > Guarded > Long/3pt > Miss 3 Pts,163,2026-01-03,UW-Whitewater,offense,Richie Warren,play-by-play,False,,0.0,not located,
2026-01-03|163|32 Luke Bara > P&R Ball Handler > High P&R > Takes Early Jump Shot > No Dribble Jumper > Guarded > Long/3pt > Miss 3 Pts,163,2026-01-03,UW-Oshkosh Titans,defense,Aiden Hawkinson,play-by-play,False,,0.0,not located,
2026-01-03|163|32 Luke Bara > P&R Ball Handler > High P&R > Takes Early Jump Shot > No Dribble Jumper > Guarded > Long/3pt > Miss 3 Pts,163,2026-01-03,UW-Oshkosh Titans,defense,Jonah Rindfleisch,play-by-play,False,,0.0,not located,
2026-01-03|163|32 Luke Bara > P&R Ball Handler > High P&R > Takes Early Jump Shot > No Dribble Jumper > Guarded > Long/3pt > Miss 3 Pts,163,2026-01-03,UW-Oshkosh Titans,defense,Matt Imig,play-by-play,False,,0.0,not located,
2026-01-03|163|32 Luke Bara > P&R Ball Handler > High P&R > Takes Early Jump Shot > No Dribble Jumper > Guarded > Long/3pt > Miss 3 Pts,163,2026-01-03,UW-Oshkosh Titans,defense,Oskar Kangas,play-by-play,False,,0.0,not located,
2026-01-03|163|32 Luke Bara > P&R Ball Handler > High P&R > Takes Early Jump Shot > No Dribble Jumper > Guarded > Long/3pt > Miss 3 Pts,163,2026-01-03,UW-Oshkosh Titans,defense,Vitorio Dante,play-by-play,False,,0.0,not located,
2026-01-03|164|20 Vitorio Dante > No Play Type > To Basket > Miss 2 Pts,164,2026-01-03,UW-Oshkosh Titans,offense,Aiden Hawkinson,play-by-play,False,,0.0,not located,
2026-01-03|164|20 Vitorio Dante > No Play Type > To Basket > Miss 2 Pts,164,2026-01-03,UW-Oshkosh Titans,offense,Jonah Rindfleisch,play-by-play,False,,0.0,not located,
2026-01-03|164|20 Vitorio Dante > No Play Type > To Basket > Miss 2 Pts,164,2026-01-03,UW-Oshkosh Titans,offense,Matt Imig,play-by-play,False,,0.0,not located,
2026-01-03|164|20 Vitorio Dante > No Play Type > To Basket > Miss 2 Pts,164,2026-01-03,UW-Oshkosh Titans,offense,Oskar Kangas,play-by-play,False,,0.0,not located,
2026-01-03|164|20 Vitorio Dante > No Play Type > To Basket > Miss 2 Pts,164,2026-01-03,UW-Oshkosh Titans,offense,Vitorio Dante,play-by-play,False,,0.0,not located,
2026-01-03|164|20 Vitorio Dante > No Play Type > To Basket > Miss 2 Pts,164,2026-01-03,UW-Whitewater,defense,Collin Madson,play-by-play,False,,0.0,not located,
2026-01-03|164|20 Vitorio Dante > No Play Type > To Basket > Miss 2 Pts,164,2026-01-03,UW-Whitewater,defense,Jake Quast,play-by-play,False,,0.0,not located,
2026-01-03|164|20 Vitorio Dante > No Play Type > To Basket > Miss 2 Pts,164,2026-01-03,UW-Whitewater,defense,Joey Berezowitz,play-by-play,False,,0.0,not located,
2026-01-03|164|20 Vitorio Dante > No Play Type > To Basket > Miss 2 Pts,164,2026-01-03,UW-Whitewater,defense,Luke Bara,play-by-play,False,,0.0,not located,
2026-01-03|164|20 Vitorio Dante > No Play Type > To Basket > Miss 2 Pts,164,2026-01-03,UW-Whitewater,defense,Richie Warren,play-by-play,False,,0.0,not located,
2026-01-03|165|0 Collin Madson > Transition > Left Wing > No Dribble Jumper > Guarded > Long/3pt > Miss 3 Pts,165,2026-01-03,UW-Whitewater,offense,Collin Madson,play-by-play,False,,0.0,not located,
2026-01-03|165|0 Collin Madson > Transition > Left Wing > No Dribble Jumper > Guarded > Long/3pt > Miss 3 Pts,165,2026-01-03,UW-Whitewater,offense,Jake Quast,play-by-play,False,,0.0,not located,
2026-01-03|165|0 Collin Madson > Transition > Left Wing > No Dribble Jumper > Guarded > Long/3pt > Miss 3 Pts,165,2026-01-03,UW-Whitewater,offense,Joey Berezowitz,play-by-play,False,,0.0,not located,
2026-01-03|165|0 Collin Madson > Transition > Left Wing > No Dribble Jumper > Guarded > Long/3pt > Miss 3 Pts,165,2026-01-03,UW-Whitewater,offense,Luke Bara,play-by-play,False,,0.0,not located,
2026-01-03|165|0 Collin Madson > Transition > Left Wing > No Dribble Jumper > Guarded > Long/3pt > Miss 3 Pts,165,2026-01-03,UW-Whitewater,offense,Richie Warren,play-by-play,False,,0.0,not located,
2026-01-03|165|0 Collin Madson > Transition > Left Wing > No Dribble Jumper > Guarded > Long/3pt > Miss 3 Pts,165,2026-01-03,UW-Oshkosh Titans,defense,Aiden Hawkinson,play-by-play,False,,0.0,not located,
2026-01-03|165|0 Collin Madson > Transition > Left Wing > No Dribble Jumper > Guarded > Long/3pt > Miss 3 Pts,165,2026-01-03,UW-Oshkosh Titans,defense,Jonah Rindfleisch,play-by-play,False,,0.0,not located,
2026-01-03|165|0 Collin Madson > Transition > Left Wing > No Dribble Jumper > Guarded > Long/3pt > Miss 3 Pts,165,2026-01-03,UW-Oshkosh Titans,defense,Matt Imig,play-by-play,False,,0.0,not located,
2026-01-03|165|0 Collin Madson > Transition > Left Wing > No Dribble Jumper > Guarded > Long/3pt > Miss 3 Pts,165,2026-01-03,UW-Oshkosh Titans,defense,Oskar Kangas,play-by-play,False,,0.0,not located,
2026-01-03|165|0 Collin Madson > Transition > Left Wing > No Dribble Jumper > Guarded > Long/3pt > Miss 3 Pts,165,2026-01-03,UW-Oshkosh Titans,defense,Vitorio Dante,play-by-play,False,,0.0,not located,
2026-01-03|166|24 Richie Warren > Spot-Up > Drives Left > To Basket > Make 2 Pts Foul > 1 Pts,166,2026-01-03,UW-Whitewater,offense,Collin Madson,play-by-play,False,,0.0,not located,
2026-01-03|166|24 Richie Warren > Spot-Up > Drives Left > To Basket > Make 2 Pts Foul > 1 Pts,166,2026-01-03,UW-Whitewater,offense,Jake Quast,play-by-play,False,,0.0,not located,
2026-01-03|166|24 Richie Warren > Spot-Up > Drives Left > To Basket > Make 2 Pts Foul > 1 Pts,166,2026-01-03,UW-Whitewater,offense,Joey Berezowitz,play-by-play,False,,0.0,not located,
2026-01-03|166|24 Richie Warren > Spot-Up > Drives Left > To Basket > Make 2 Pts Foul > 1 Pts,166,2026-01-03,UW-Whitewater,offense,Luke Bara,play-by-play,False,,0.0,not located,
2026-01-03|166|24 Richie Warren > Spot-Up > Drives Left > To Basket > Make 2 Pts Foul > 1 Pts,166,2026-01-03,UW-Whitewater,offense,Richie Warren,play-by-play,True,1,7.0,Synergy,0.95
2026-01-03|166|24 Richie Warren > Spot-Up > Drives Left > To Basket > Make 2 Pts Foul > 1 Pts,166,2026-01-03,UW-Oshkosh Titans,defense,Brandon Beck,play-by-play,False,,0.0,not located,
2026-01-03|166|24 Richie Warren > Spot-Up > Drives Left > To Basket > Make 2 Pts Foul > 1 Pts,166,2026-01-03,UW-Oshkosh Titans,defense,Carter Thomas,play-by-play,False,,0.0,not located,
2026-01-03|166|24 Richie Warren > Spot-Up > Drives Left > To Basket > Make 2 Pts Foul > 1 Pts,166,2026-01-03,UW-Oshkosh Titans,defense,Joey LaChapell,play-by-play,False,,0.0,not located,
2026-01-03|166|24 Richie Warren > Spot-Up > Drives Left > To Basket > Make 2 Pts Foul > 1 Pts,166,2026-01-03,UW-Oshkosh Titans,defense,Michael Metcalf-Grassman,play-by-play,False,,0.0,not located,
2026-01-03|166|24 Richie Warren > Spot-Up > Drives Left > To Basket > Make 2 Pts Foul > 1 Pts,166,2026-01-03,UW-Oshkosh Titans,defense,Nate Nazos,play-by-play,False,,0.0,not located,
2026-01-03|167|4 Michael Metcalf-Grassman > No Play Type > To Basket > Miss 2 Pts,167,2026-01-03,UW-Oshkosh Titans,offense,Brandon Beck,play-by-play,False,,0.0,not located,
2026-01-03|167|4 Michael Metcalf-Grassman > No Play Type > To Basket > Miss 2 Pts,167,2026-01-03,UW-Oshkosh Titans,offense,Carter Thomas,play-by-play,False,,0.0,not located,
2026-01-03|167|4 Michael Metcalf-Grassman > No Play Type > To Basket > Miss 2 Pts,167,2026-01-03,UW-Oshkosh Titans,offense,Joey LaChapell,play-by-play,False,,0.0,not located,
2026-01-03|167|4 Michael Metcalf-Grassman > No Play Type > To Basket > Miss 2 Pts,167,2026-01-03,UW-Oshkosh Titans,offense,Michael Metcalf-Grassman,play-by-play,False,,0.0,not located,
2026-01-03|167|4 Michael Metcalf-Grassman > No Play Type > To Basket > Miss 2 Pts,167,2026-01-03,UW-Oshkosh Titans,offense,Nate Nazos,play-by-play,False,,0.0,not located,
2026-01-03|167|4 Michael Metcalf-Grassman > No Play Type > To Basket > Miss 2 Pts,167,2026-01-03,UW-Whitewater,defense,Collin Madson,play-by-play,False,,0.0,not located,
2026-01-03|167|4 Michael Metcalf-Grassman > No Play Type > To Basket > Miss 2 Pts,167,2026-01-03,UW-Whitewater,defense,Jake Quast,play-by-play,False,,0.0,not located,
2026-01-03|167|4 Michael Metcalf-Grassman > No Play Type > To Basket > Miss 2 Pts,167,2026-01-03,UW-Whitewater,defense,Joey Berezowitz,play-by-play,False,,0.0,not located,
2026-01-03|167|4 Michael Metcalf-Grassman > No Play Type > To Basket > Miss 2 Pts,167,2026-01-03,UW-Whitewater,defense,Luke Bara,play-by-play,False,,0.0,not located,
2026-01-03|167|4 Michael Metcalf-Grassman > No Play Type > To Basket > Miss 2 Pts,167,2026-01-03,UW-Whitewater,defense,Richie Warren,play-by-play,False,,0.0,not located,
2026-01-03|168|0 Collin Madson > Spot-Up > Drives Right > To Basket > Foul,168,2026-01-03,UW-Whitewater,offense,Collin Madson,play-by-play,False,,0.0,not located,
2026-01-03|168|0 Collin Madson > Spot-Up > Drives Right > To Basket > Foul,168,2026-01-03,UW-Whitewater,offense,Jake Quast,play-by-play,False,,0.0,not located,
2026-01-03|168|0 Collin Madson > Spot-Up > Drives Right > To Basket > Foul,168,2026-01-03,UW-Whitewater,offense,Joey Berezowitz,play-by-play,False,,0.0,not located,
2026-01-03|168|0 Collin Madson > Spot-Up > Drives Right > To Basket > Foul,168,2026-01-03,UW-Whitewater,offense,Luke Bara,play-by-play,False,,0.0,not located,
2026-01-03|168|0 Collin Madson > Spot-Up > Drives Right > To Basket > Foul,168,2026-01-03,UW-Whitewater,offense,Richie Warren,play-by-play,False,,0.0,not located,
2026-01-03|168|0 Collin Madson > Spot-Up > Drives Right > To Basket > Foul,168,2026-01-03,UW-Oshkosh Titans,defense,Brandon Beck,play-by-play,False,,0.0,not located,
2026-01-03|168|0 Collin Madson > Spot-Up > Drives Right > To Basket > Foul,168,2026-01-03,UW-Oshkosh Titans,defense,Carter Thomas,play-by-play,False,,0.0,not located,
2026-01-03|168|0 Collin Madson > Spot-Up > Drives Right > To Basket > Foul,168,2026-01-03,UW-Oshkosh Titans,defense,Joey LaChapell,play-by-play,False,,0.0,not located,
2026-01-03|168|0 Collin Madson > Spot-Up > Drives Right > To Basket > Foul,168,2026-01-03,UW-Oshkosh Titans,defense,Michael Metcalf-Grassman,play-by-play,False,,0.0,not located,
2026-01-03|168|0 Collin Madson > Spot-Up > Drives Right > To Basket > Foul,168,2026-01-03,UW-Oshkosh Titans,defense,Nate Nazos,play-by-play,False,,0.0,not located,
2026-01-03|169|1 Aiden Hawkinson > No Play Type > Turnover,169,2026-01-03,UW-Oshkosh Titans,offense,Aiden Hawkinson,play-by-play,False,,0.0,not located,
2026-01-03|169|1 Aiden Hawkinson > No Play Type > Turnover,169,2026-01-03,UW-Oshkosh Titans,offense,Jonah Rindfleisch,play-by-play,False,,0.0,not located,
2026-01-03|169|1 Aiden Hawkinson > No Play Type > Turnover,169,2026-01-03,UW-Oshkosh Titans,offense,Matt Imig,play-by-play,False,,0.0,not located,
2026-01-03|169|1 Aiden Hawkinson > No Play Type > Turnover,169,2026-01-03,UW-Oshkosh Titans,offense,Oskar Kangas,play-by-play,False,,0.0,not located,
2026-01-03|169|1 Aiden Hawkinson > No Play Type > Turnover,169,2026-01-03,UW-Oshkosh Titans,offense,Vitorio Dante,play-by-play,False,,0.0,not located,
2026-01-03|169|1 Aiden Hawkinson > No Play Type > Turnover,169,2026-01-03,UW-Whitewater,defense,Collin Madson,play-by-play,False,,0.0,not located,
2026-01-03|169|1 Aiden Hawkinson > No Play Type > Turnover,169,2026-01-03,UW-Whitewater,defense,Jake Quast,play-by-play,False,,0.0,not located,
2026-01-03|169|1 Aiden Hawkinson > No Play Type > Turnover,169,2026-01-03,UW-Whitewater,defense,Joey Berezowitz,play-by-play,False,,0.0,not located,
2026-01-03|169|1 Aiden Hawkinson > No Play Type > Turnover,169,2026-01-03,UW-Whitewater,defense,Luke Bara,play-by-play,False,,0.0,not located,
2026-01-03|169|1 Aiden Hawkinson > No Play Type > Turnover,169,2026-01-03,UW-Whitewater,defense,Richie Warren,play-by-play,False,,0.0,not located,
2026-01-03|170|22 Joey Berezowitz > Transition > Ballhandler > To Basket > Miss 2 Pts,170,2026-01-03,UW-Whitewater,offense,Collin Madson,play-by-play,False,,0.0,not located,
2026-01-03|170|22 Joey Berezowitz > Transition > Ballhandler > To Basket > Miss 2 Pts,170,2026-01-03,UW-Whitewater,offense,Jake Quast,play-by-play,False,,0.0,not located,
2026-01-03|170|22 Joey Berezowitz > Transition > Ballhandler > To Basket > Miss 2 Pts,170,2026-01-03,UW-Whitewater,offense,Joey Berezowitz,play-by-play,False,,0.0,not located,
2026-01-03|170|22 Joey Berezowitz > Transition > Ballhandler > To Basket > Miss 2 Pts,170,2026-01-03,UW-Whitewater,offense,Luke Bara,play-by-play,False,,0.0,not located,
2026-01-03|170|22 Joey Berezowitz > Transition > Ballhandler > To Basket > Miss 2 Pts,170,2026-01-03,UW-Whitewater,offense,Richie Warren,play-by-play,False,,0.0,not located,
2026-01-03|170|22 Joey Berezowitz > Transition > Ballhandler > To Basket > Miss 2 Pts,170,2026-01-03,UW-Oshkosh Titans,defense,Aiden Hawkinson,play-by-play,False,,0.0,not located,
2026-01-03|170|22 Joey Berezowitz > Transition > Ballhandler > To Basket > Miss 2 Pts,170,2026-01-03,UW-Oshkosh Titans,defense,Jonah Rindfleisch,play-by-play,False,,0.0,not located,
2026-01-03|170|22 Joey Berezowitz > Transition > Ballhandler > To Basket > Miss 2 Pts,170,2026-01-03,UW-Oshkosh Titans,defense,Matt Imig,play-by-play,False,,0.0,not located,
2026-01-03|170|22 Joey Berezowitz > Transition > Ballhandler > To Basket > Miss 2 Pts,170,2026-01-03,UW-Oshkosh Titans,defense,Oskar Kangas,play-by-play,False,,0.0,not located,
2026-01-03|170|22 Joey Berezowitz > Transition > Ballhandler > To Basket > Miss 2 Pts,170,2026-01-03,UW-Oshkosh Titans,defense,Vitorio Dante,play-by-play,False,,0.0,not located,
2026-01-03|171|12 Jake Quast > Offensive Rebound > Short > Scoring Attempt > At Basket > Miss 2 Pts,171,2026-01-03,UW-Whitewater,offense,Collin Madson,play-by-play,False,,0.0,not located,
2026-01-03|171|12 Jake Quast > Offensive Rebound > Short > Scoring Attempt > At Basket > Miss 2 Pts,171,2026-01-03,UW-Whitewater,offense,Jake Quast,play-by-play,False,,0.0,not located,
2026-01-03|171|12 Jake Quast > Offensive Rebound > Short > Scoring Attempt > At Basket > Miss 2 Pts,171,2026-01-03,UW-Whitewater,offense,Joey Berezowitz,play-by-play,False,,0.0,not located,
2026-01-03|171|12 Jake Quast > Offensive Rebound > Short > Scoring Attempt > At Basket > Miss 2 Pts,171,2026-01-03,UW-Whitewater,offense,Luke Bara,play-by-play,False,,0.0,not located,
2026-01-03|171|12 Jake Quast > Offensive Rebound > Short > Scoring Attempt > At Basket > Miss 2 Pts,171,2026-01-03,UW-Whitewater,offense,Richie Warren,play-by-play,False,,0.0,not located,
2026-01-03|171|12 Jake Quast > Offensive Rebound > Short > Scoring Attempt > At Basket > Miss 2 Pts,171,2026-01-03,UW-Oshkosh Titans,defense,Aiden Hawkinson,play-by-play,False,,0.0,not located,
2026-01-03|171|12 Jake Quast > Offensive Rebound > Short > Scoring Attempt > At Basket > Miss 2 Pts,171,2026-01-03,UW-Oshkosh Titans,defense,Jonah Rindfleisch,play-by-play,False,,0.0,not located,
2026-01-03|171|12 Jake Quast > Offensive Rebound > Short > Scoring Attempt > At Basket > Miss 2 Pts,171,2026-01-03,UW-Oshkosh Titans,defense,Matt Imig,play-by-play,False,,0.0,not located,
2026-01-03|171|12 Jake Quast > Offensive Rebound > Short > Scoring Attempt > At Basket > Miss 2 Pts,171,2026-01-03,UW-Oshkosh Titans,defense,Oskar Kangas,play-by-play,False,,0.0,not located,
2026-01-03|171|12 Jake Quast > Offensive Rebound > Short > Scoring Attempt > At Basket > Miss 2 Pts,171,2026-01-03,UW-Oshkosh Titans,defense,Vitorio Dante,play-by-play,False,,0.0,not located,
2026-01-03|172|0 Collin Madson > Hand Off > From Dribble > Right > To Basket > Miss 2 Pts,172,2026-01-03,UW-Whitewater,offense,Collin Madson,play-by-play,False,,0.0,not located,
2026-01-03|172|0 Collin Madson > Hand Off > From Dribble > Right > To Basket > Miss 2 Pts,172,2026-01-03,UW-Whitewater,offense,JR Lukenbill,play-by-play,False,,0.0,not located,
2026-01-03|172|0 Collin Madson > Hand Off > From Dribble > Right > To Basket > Miss 2 Pts,172,2026-01-03,UW-Whitewater,offense,Joey Berezowitz,play-by-play,False,,0.0,not located,
2026-01-03|172|0 Collin Madson > Hand Off > From Dribble > Right > To Basket > Miss 2 Pts,172,2026-01-03,UW-Whitewater,offense,Luke Bara,play-by-play,False,,0.0,not located,
2026-01-03|172|0 Collin Madson > Hand Off > From Dribble > Right > To Basket > Miss 2 Pts,172,2026-01-03,UW-Whitewater,offense,Richie Warren,play-by-play,False,,0.0,not located,
2026-01-03|172|0 Collin Madson > Hand Off > From Dribble > Right > To Basket > Miss 2 Pts,172,2026-01-03,UW-Oshkosh Titans,defense,Aiden Hawkinson,play-by-play,False,,0.0,not located,
2026-01-03|172|0 Collin Madson > Hand Off > From Dribble > Right > To Basket > Miss 2 Pts,172,2026-01-03,UW-Oshkosh Titans,defense,Jonah Rindfleisch,play-by-play,False,,0.0,not located,
2026-01-03|172|0 Collin Madson > Hand Off > From Dribble > Right > To Basket > Miss 2 Pts,172,2026-01-03,UW-Oshkosh Titans,defense,Matt Imig,play-by-play,False,,0.0,not located,
2026-01-03|172|0 Collin Madson > Hand Off > From Dribble > Right > To Basket > Miss 2 Pts,172,2026-01-03,UW-Oshkosh Titans,defense,Oskar Kangas,play-by-play,False,,0.0,not located,
2026-01-03|172|0 Collin Madson > Hand Off > From Dribble > Right > To Basket > Miss 2 Pts,172,2026-01-03,UW-Oshkosh Titans,defense,Vitorio Dante,play-by-play,False,,0.0,not located,
2026-01-03|173|32 Luke Bara > P&R Ball Handler > High P&R > Dribble Off Pick > Defense Commits > Ball Delivered > 24 Richie Warren > Spot-Up > No Dribble Jumper > Open > Medium/17' to <3p > Miss 2 Pts,173,2026-01-03,UW-Whitewater,offense,Collin Madson,play-by-play,False,,0.0,not located,
2026-01-03|173|32 Luke Bara > P&R Ball Handler > High P&R > Dribble Off Pick > Defense Commits > Ball Delivered > 24 Richie Warren > Spot-Up > No Dribble Jumper > Open > Medium/17' to <3p > Miss 2 Pts,173,2026-01-03,UW-Whitewater,offense,JR Lukenbill,play-by-play,False,,0.0,not located,
2026-01-03|173|32 Luke Bara > P&R Ball Handler > High P&R > Dribble Off Pick > Defense Commits > Ball Delivered > 24 Richie Warren > Spot-Up > No Dribble Jumper > Open > Medium/17' to <3p > Miss 2 Pts,173,2026-01-03,UW-Whitewater,offense,Joey Berezowitz,play-by-play,False,,0.0,not located,
2026-01-03|173|32 Luke Bara > P&R Ball Handler > High P&R > Dribble Off Pick > Defense Commits > Ball Delivered > 24 Richie Warren > Spot-Up > No Dribble Jumper > Open > Medium/17' to <3p > Miss 2 Pts,173,2026-01-03,UW-Whitewater,offense,Luke Bara,play-by-play,False,,0.0,not located,
2026-01-03|173|32 Luke Bara > P&R Ball Handler > High P&R > Dribble Off Pick > Defense Commits > Ball Delivered > 24 Richie Warren > Spot-Up > No Dribble Jumper > Open > Medium/17' to <3p > Miss 2 Pts,173,2026-01-03,UW-Whitewater,offense,Richie Warren,play-by-play,False,,0.0,not located,
2026-01-03|173|32 Luke Bara > P&R Ball Handler > High P&R > Dribble Off Pick > Defense Commits > Ball Delivered > 24 Richie Warren > Spot-Up > No Dribble Jumper > Open > Medium/17' to <3p > Miss 2 Pts,173,2026-01-03,UW-Oshkosh Titans,defense,Aiden Hawkinson,play-by-play,False,,0.0,not located,
2026-01-03|173|32 Luke Bara > P&R Ball Handler > High P&R > Dribble Off Pick > Defense Commits > Ball Delivered > 24 Richie Warren > Spot-Up > No Dribble Jumper > Open > Medium/17' to <3p > Miss 2 Pts,173,2026-01-03,UW-Oshkosh Titans,defense,Jonah Rindfleisch,play-by-play,False,,0.0,not located,
2026-01-03|173|32 Luke Bara > P&R Ball Handler > High P&R > Dribble Off Pick > Defense Commits > Ball Delivered > 24 Richie Warren > Spot-Up > No Dribble Jumper > Open > Medium/17' to <3p > Miss 2 Pts,173,2026-01-03,UW-Oshkosh Titans,defense,Matt Imig,play-by-play,False,,0.0,not located,
2026-01-03|173|32 Luke Bara > P&R Ball Handler > High P&R > Dribble Off Pick > Defense Commits > Ball Delivered > 24 Richie Warren > Spot-Up > No Dribble Jumper > Open > Medium/17' to <3p > Miss 2 Pts,173,2026-01-03,UW-Oshkosh Titans,defense,Oskar Kangas,play-by-play,False,,0.0,not located,
2026-01-03|173|32 Luke Bara > P&R Ball Handler > High P&R > Dribble Off Pick > Defense Commits > Ball Delivered > 24 Richie Warren > Spot-Up > No Dribble Jumper > Open > Medium/17' to <3p > Miss 2 Pts,173,2026-01-03,UW-Oshkosh Titans,defense,Vitorio Dante,play-by-play,False,,0.0,not located,
2026-01-03|174|5 Matt Imig > P&R Ball Handler > High P&R > Dribble Off Pick > Defense Commits > Ball Delivered > 23 Oskar Kangas > Spot-Up > No Dribble Jumper > Guarded > Long/3pt > Make 3 Pts,174,2026-01-03,UW-Oshkosh Titans,offense,Aiden Hawkinson,play-by-play,False,,0.0,not located,
2026-01-03|174|5 Matt Imig > P&R Ball Handler > High P&R > Dribble Off Pick > Defense Commits > Ball Delivered > 23 Oskar Kangas > Spot-Up > No Dribble Jumper > Guarded > Long/3pt > Make 3 Pts,174,2026-01-03,UW-Oshkosh Titans,offense,Jonah Rindfleisch,play-by-play,False,,0.0,not located,
2026-01-03|174|5 Matt Imig > P&R Ball Handler > High P&R > Dribble Off Pick > Defense Commits > Ball Delivered > 23 Oskar Kangas > Spot-Up > No Dribble Jumper > Guarded > Long/3pt > Make 3 Pts,174,2026-01-03,UW-Oshkosh Titans,offense,Matt Imig,play-by-play,False,,0.0,not located,
2026-01-03|174|5 Matt Imig > P&R Ball Handler > High P&R > Dribble Off Pick > Defense Commits > Ball Delivered > 23 Oskar Kangas > Spot-Up > No Dribble Jumper > Guarded > Long/3pt > Make 3 Pts,174,2026-01-03,UW-Oshkosh Titans,offense,Oskar Kangas,play-by-play,False,,0.0,not located,
2026-01-03|174|5 Matt Imig > P&R Ball Handler > High P&R > Dribble Off Pick > Defense Commits > Ball Delivered > 23 Oskar Kangas > Spot-Up > No Dribble Jumper > Guarded > Long/3pt > Make 3 Pts,174,2026-01-03,UW-Oshkosh Titans,offense,Vitorio Dante,play-by-play,False,,0.0,not located,
2026-01-03|174|5 Matt Imig > P&R Ball Handler > High P&R > Dribble Off Pick > Defense Commits > Ball Delivered > 23 Oskar Kangas > Spot-Up > No Dribble Jumper > Guarded > Long/3pt > Make 3 Pts,174,2026-01-03,UW-Whitewater,defense,Collin Madson,play-by-play,True,13,9.5,best guess,0.31
2026-01-03|174|5 Matt Imig > P&R Ball Handler > High P&R > Dribble Off Pick > Defense Commits > Ball Delivered > 23 Oskar Kangas > Spot-Up > No Dribble Jumper > Guarded > Long/3pt > Make 3 Pts,174,2026-01-03,UW-Whitewater,defense,JR Lukenbill,play-by-play,True,6;20,9.5,best guess,0.31
2026-01-03|174|5 Matt Imig > P&R Ball Handler > High P&R > Dribble Off Pick > Defense Commits > Ball Delivered > 23 Oskar Kangas > Spot-Up > No Dribble Jumper > Guarded > Long/3pt > Make 3 Pts,174,2026-01-03,UW-Whitewater,defense,Joey Berezowitz,play-by-play,True,2,7.8,coach checked,0.99
2026-01-03|174|5 Matt Imig > P&R Ball Handler > High P&R > Dribble Off Pick > Defense Commits > Ball Delivered > 23 Oskar Kangas > Spot-Up > No Dribble Jumper > Guarded > Long/3pt > Make 3 Pts,174,2026-01-03,UW-Whitewater,defense,Luke Bara,play-by-play,True,15,4.2,best guess,0.31
2026-01-03|174|5 Matt Imig > P&R Ball Handler > High P&R > Dribble Off Pick > Defense Commits > Ball Delivered > 23 Oskar Kangas > Spot-Up > No Dribble Jumper > Guarded > Long/3pt > Make 3 Pts,174,2026-01-03,UW-Whitewater,defense,Richie Warren,play-by-play,True,18,2.0,coach checked,0.99
2026-01-03|175|0 Collin Madson > Spot-Up > Drives Right > To Basket > Make 2 Pts,175,2026-01-03,UW-Whitewater,offense,Collin Madson,play-by-play,False,,0.0,not located,
2026-01-03|175|0 Collin Madson > Spot-Up > Drives Right > To Basket > Make 2 Pts,175,2026-01-03,UW-Whitewater,offense,JR Lukenbill,play-by-play,False,,0.0,not located,
2026-01-03|175|0 Collin Madson > Spot-Up > Drives Right > To Basket > Make 2 Pts,175,2026-01-03,UW-Whitewater,offense,Joey Berezowitz,play-by-play,False,,0.0,not located,
2026-01-03|175|0 Collin Madson > Spot-Up > Drives Right > To Basket > Make 2 Pts,175,2026-01-03,UW-Whitewater,offense,Luke Bara,play-by-play,False,,0.0,not located,
2026-01-03|175|0 Collin Madson > Spot-Up > Drives Right > To Basket > Make 2 Pts,175,2026-01-03,UW-Whitewater,offense,Richie Warren,play-by-play,False,,0.0,not located,
2026-01-03|175|0 Collin Madson > Spot-Up > Drives Right > To Basket > Make 2 Pts,175,2026-01-03,UW-Oshkosh Titans,defense,Aiden Hawkinson,play-by-play,False,,0.0,not located,
2026-01-03|175|0 Collin Madson > Spot-Up > Drives Right > To Basket > Make 2 Pts,175,2026-01-03,UW-Oshkosh Titans,defense,Jonah Rindfleisch,play-by-play,False,,0.0,not located,
2026-01-03|175|0 Collin Madson > Spot-Up > Drives Right > To Basket > Make 2 Pts,175,2026-01-03,UW-Oshkosh Titans,defense,Matt Imig,play-by-play,False,,0.0,not located,
2026-01-03|175|0 Collin Madson > Spot-Up > Drives Right > To Basket > Make 2 Pts,175,2026-01-03,UW-Oshkosh Titans,defense,Oskar Kangas,play-by-play,False,,0.0,not located,
2026-01-03|175|0 Collin Madson > Spot-Up > Drives Right > To Basket > Make 2 Pts,175,2026-01-03,UW-Oshkosh Titans,defense,Vitorio Dante,play-by-play,False,,0.0,not located,
2026-01-03|176|4 Michael Metcalf-Grassman > No Play Type > Foul,176,2026-01-03,UW-Oshkosh Titans,offense,Aiden Hawkinson,play-by-play,True,10;16,5.2,best guess,0.31
2026-01-03|176|4 Michael Metcalf-Grassman > No Play Type > Foul,176,2026-01-03,UW-Oshkosh Titans,offense,Brandon Beck,play-by-play,True,0,22.8,coach checked,0.99
2026-01-03|176|4 Michael Metcalf-Grassman > No Play Type > Foul,176,2026-01-03,UW-Oshkosh Titans,offense,Carter Thomas,play-by-play,True,9;24,7.2,best guess,0.31
2026-01-03|176|4 Michael Metcalf-Grassman > No Play Type > Foul,176,2026-01-03,UW-Oshkosh Titans,offense,Joey LaChapell,play-by-play,True,2,8.8,best guess,0.31
2026-01-03|176|4 Michael Metcalf-Grassman > No Play Type > Foul,176,2026-01-03,UW-Oshkosh Titans,offense,Michael Metcalf-Grassman,play-by-play,True,3,5.0,Synergy,0.95
2026-01-03|176|4 Michael Metcalf-Grassman > No Play Type > Foul,176,2026-01-03,UW-Whitewater,defense,Collin Madson,play-by-play,False,,0.0,not located,
2026-01-03|176|4 Michael Metcalf-Grassman > No Play Type > Foul,176,2026-01-03,UW-Whitewater,defense,Darius Chestnut,play-by-play,False,,0.0,not located,
2026-01-03|176|4 Michael Metcalf-Grassman > No Play Type > Foul,176,2026-01-03,UW-Whitewater,defense,JR Lukenbill,play-by-play,False,,0.0,not located,
2026-01-03|176|4 Michael Metcalf-Grassman > No Play Type > Foul,176,2026-01-03,UW-Whitewater,defense,Joey Berezowitz,play-by-play,True,14;18,19.0,coach checked;followed player,0.99
2026-01-03|176|4 Michael Metcalf-Grassman > No Play Type > Foul,176,2026-01-03,UW-Whitewater,defense,Luke Bara,play-by-play,False,,0.0,not located,
2026-01-03|177|10 Darius Chestnut > Spot-Up > Drives Right > To Basket > Miss 2 Pts,177,2026-01-03,UW-Whitewater,offense,Collin Madson,play-by-play,False,,0.0,not located,
2026-01-03|177|10 Darius Chestnut > Spot-Up > Drives Right > To Basket > Miss 2 Pts,177,2026-01-03,UW-Whitewater,offense,Darius Chestnut,play-by-play,True,2;36;53,6.8,coach checked;followed player,0.99
2026-01-03|177|10 Darius Chestnut > Spot-Up > Drives Right > To Basket > Miss 2 Pts,177,2026-01-03,UW-Whitewater,offense,Joey Berezowitz,play-by-play,False,,0.0,not located,
2026-01-03|177|10 Darius Chestnut > Spot-Up > Drives Right > To Basket > Miss 2 Pts,177,2026-01-03,UW-Whitewater,offense,Luke Bara,play-by-play,False,,0.0,not located,
2026-01-03|177|10 Darius Chestnut > Spot-Up > Drives Right > To Basket > Miss 2 Pts,177,2026-01-03,UW-Whitewater,offense,Richie Warren,play-by-play,False,,0.0,not located,
2026-01-03|177|10 Darius Chestnut > Spot-Up > Drives Right > To Basket > Miss 2 Pts,177,2026-01-03,UW-Oshkosh Titans,defense,Aiden Hawkinson,play-by-play,True,9,1.0,coach checked,0.99
2026-01-03|177|10 Darius Chestnut > Spot-Up > Drives Right > To Basket > Miss 2 Pts,177,2026-01-03,UW-Oshkosh Titans,defense,Brandon Beck,play-by-play,True,8,3.5,coach checked,0.99
2026-01-03|177|10 Darius Chestnut > Spot-Up > Drives Right > To Basket > Miss 2 Pts,177,2026-01-03,UW-Oshkosh Titans,defense,Carter Thomas,play-by-play,True,3,1.8,best guess,0.31
2026-01-03|177|10 Darius Chestnut > Spot-Up > Drives Right > To Basket > Miss 2 Pts,177,2026-01-03,UW-Oshkosh Titans,defense,Jonah Rindfleisch,play-by-play,False,,0.0,not located,
2026-01-03|177|10 Darius Chestnut > Spot-Up > Drives Right > To Basket > Miss 2 Pts,177,2026-01-03,UW-Oshkosh Titans,defense,Nate Nazos,play-by-play,True,7,13.2,best guess,0.31
2026-01-03|178|4 Michael Metcalf-Grassman > Non Possession > No Violation,178,2026-01-03,UW-Whitewater,defense,Collin Madson,clips before/after (no clock),False,,0.0,not located,
2026-01-03|178|4 Michael Metcalf-Grassman > Non Possession > No Violation,178,2026-01-03,UW-Whitewater,defense,Darius Chestnut,clips before/after (no clock),False,,0.0,not located,
2026-01-03|178|4 Michael Metcalf-Grassman > Non Possession > No Violation,178,2026-01-03,UW-Whitewater,defense,Joey Berezowitz,clips before/after (no clock),False,,0.0,not located,
2026-01-03|178|4 Michael Metcalf-Grassman > Non Possession > No Violation,178,2026-01-03,UW-Whitewater,defense,Luke Bara,clips before/after (no clock),False,,0.0,not located,
2026-01-03|178|4 Michael Metcalf-Grassman > Non Possession > No Violation,178,2026-01-03,UW-Whitewater,defense,Richie Warren,clips before/after (no clock),True,4;41;45;47,13.2,coach checked;followed player,0.99
2026-01-03|179|0 Brandon Beck > No Play Type > Foul,179,2026-01-03,UW-Oshkosh Titans,offense,Aiden Hawkinson,play-by-play,False,,0.0,not located,
2026-01-03|179|0 Brandon Beck > No Play Type > Foul,179,2026-01-03,UW-Oshkosh Titans,offense,Brandon Beck,play-by-play,True,46,35.2,Synergy,0.95
2026-01-03|179|0 Brandon Beck > No Play Type > Foul,179,2026-01-03,UW-Oshkosh Titans,offense,Carter Thomas,play-by-play,False,,0.0,not located,
2026-01-03|179|0 Brandon Beck > No Play Type > Foul,179,2026-01-03,UW-Oshkosh Titans,offense,Joey LaChapell,play-by-play,False,,0.0,not located,
2026-01-03|179|0 Brandon Beck > No Play Type > Foul,179,2026-01-03,UW-Oshkosh Titans,offense,Michael Metcalf-Grassman,play-by-play,False,,0.0,not located,
2026-01-03|179|0 Brandon Beck > No Play Type > Foul,179,2026-01-03,UW-Whitewater,defense,Collin Madson,play-by-play,False,,0.0,not located,
2026-01-03|179|0 Brandon Beck > No Play Type > Foul,179,2026-01-03,UW-Whitewater,defense,Darius Chestnut,play-by-play,False,,0.0,not located,
2026-01-03|179|0 Brandon Beck > No Play Type > Foul,179,2026-01-03,UW-Whitewater,defense,Joey Berezowitz,play-by-play,False,,0.0,not located,
2026-01-03|179|0 Brandon Beck > No Play Type > Foul,179,2026-01-03,UW-Whitewater,defense,Luke Bara,play-by-play,False,,0.0,not located,
2026-01-03|179|0 Brandon Beck > No Play Type > Foul,179,2026-01-03,UW-Whitewater,defense,Richie Warren,play-by-play,False,,0.0,not located,
2026-01-03|180|32 Luke Bara > Spot-Up > No Dribble Jumper > Guarded > Long/3pt > Make 3 Pts,180,2026-01-03,UW-Whitewater,offense,Collin Madson,play-by-play,False,,0.0,not located,
2026-01-03|180|32 Luke Bara > Spot-Up > No Dribble Jumper > Guarded > Long/3pt > Make 3 Pts,180,2026-01-03,UW-Whitewater,offense,Darius Chestnut,play-by-play,False,,0.0,not located,
2026-01-03|180|32 Luke Bara > Spot-Up > No Dribble Jumper > Guarded > Long/3pt > Make 3 Pts,180,2026-01-03,UW-Whitewater,offense,Joey Berezowitz,play-by-play,False,,0.0,not located,
2026-01-03|180|32 Luke Bara > Spot-Up > No Dribble Jumper > Guarded > Long/3pt > Make 3 Pts,180,2026-01-03,UW-Whitewater,offense,Luke Bara,play-by-play,False,,0.0,not located,
2026-01-03|180|32 Luke Bara > Spot-Up > No Dribble Jumper > Guarded > Long/3pt > Make 3 Pts,180,2026-01-03,UW-Whitewater,offense,Richie Warren,play-by-play,False,,0.0,not located,
2026-01-03|180|32 Luke Bara > Spot-Up > No Dribble Jumper > Guarded > Long/3pt > Make 3 Pts,180,2026-01-03,UW-Oshkosh Titans,defense,Aiden Hawkinson,play-by-play,False,,0.0,not located,
2026-01-03|180|32 Luke Bara > Spot-Up > No Dribble Jumper > Guarded > Long/3pt > Make 3 Pts,180,2026-01-03,UW-Oshkosh Titans,defense,Brandon Beck,play-by-play,False,,0.0,not located,
2026-01-03|180|32 Luke Bara > Spot-Up > No Dribble Jumper > Guarded > Long/3pt > Make 3 Pts,180,2026-01-03,UW-Oshkosh Titans,defense,Carter Thomas,play-by-play,False,,0.0,not located,
2026-01-03|180|32 Luke Bara > Spot-Up > No Dribble Jumper > Guarded > Long/3pt > Make 3 Pts,180,2026-01-03,UW-Oshkosh Titans,defense,Michael Metcalf-Grassman,play-by-play,False,,0.0,not located,
2026-01-03|180|32 Luke Bara > Spot-Up > No Dribble Jumper > Guarded > Long/3pt > Make 3 Pts,180,2026-01-03,UW-Oshkosh Titans,defense,Nate Nazos,play-by-play,False,,0.0,not located,
2026-01-03|181|2 Joey LaChapell > Non Possession > No Violation,181,2026-01-03,UW-Whitewater,defense,Collin Madson,clips before/after (no clock),False,,0.0,not located,
2026-01-03|181|2 Joey LaChapell > Non Possession > No Violation,181,2026-01-03,UW-Whitewater,defense,Darius Chestnut,clips before/after (no clock),False,,0.0,not located,
2026-01-03|181|2 Joey LaChapell > Non Possession > No Violation,181,2026-01-03,UW-Whitewater,defense,Joey Berezowitz,clips before/after (no clock),False,,0.0,not located,
2026-01-03|181|2 Joey LaChapell > Non Possession > No Violation,181,2026-01-03,UW-Whitewater,defense,Luke Bara,clips before/after (no clock),False,,0.0,not located,
2026-01-03|181|2 Joey LaChapell > Non Possession > No Violation,181,2026-01-03,UW-Whitewater,defense,Richie Warren,clips before/after (no clock),False,,0.0,not located,
2026-01-03|182|2 Joey LaChapell > No Play Type > Foul,182,2026-01-03,UW-Oshkosh Titans,offense,Aiden Hawkinson,play-by-play,False,,0.0,not located,
2026-01-03|182|2 Joey LaChapell > No Play Type > Foul,182,2026-01-03,UW-Oshkosh Titans,offense,Brandon Beck,play-by-play,False,,0.0,not located,
2026-01-03|182|2 Joey LaChapell > No Play Type > Foul,182,2026-01-03,UW-Oshkosh Titans,offense,Carter Thomas,play-by-play,False,,0.0,not located,
2026-01-03|182|2 Joey LaChapell > No Play Type > Foul,182,2026-01-03,UW-Oshkosh Titans,offense,Joey LaChapell,play-by-play,True,3,5.8,Synergy,0.95
2026-01-03|182|2 Joey LaChapell > No Play Type > Foul,182,2026-01-03,UW-Oshkosh Titans,offense,Michael Metcalf-Grassman,play-by-play,False,,0.0,not located,
2026-01-03|182|2 Joey LaChapell > No Play Type > Foul,182,2026-01-03,UW-Whitewater,defense,Collin Madson,play-by-play,False,,0.0,not located,
2026-01-03|182|2 Joey LaChapell > No Play Type > Foul,182,2026-01-03,UW-Whitewater,defense,Darius Chestnut,play-by-play,False,,0.0,not located,
2026-01-03|182|2 Joey LaChapell > No Play Type > Foul,182,2026-01-03,UW-Whitewater,defense,Joey Berezowitz,play-by-play,False,,0.0,not located,
2026-01-03|182|2 Joey LaChapell > No Play Type > Foul,182,2026-01-03,UW-Whitewater,defense,Luke Bara,play-by-play,False,,0.0,not located,
2026-01-03|182|2 Joey LaChapell > No Play Type > Foul,182,2026-01-03,UW-Whitewater,defense,Richie Warren,play-by-play,False,,0.0,not located,
2026-01-03|183|32 Luke Bara > Spot-Up > Drives Left > Dribble Jumper > Long/3pt > Miss 3 Pts,183,2026-01-03,UW-Whitewater,offense,Collin Madson,play-by-play,False,,0.0,not located,
2026-01-03|183|32 Luke Bara > Spot-Up > Drives Left > Dribble Jumper > Long/3pt > Miss 3 Pts,183,2026-01-03,UW-Whitewater,offense,Darius Chestnut,play-by-play,False,,0.0,not located,
2026-01-03|183|32 Luke Bara > Spot-Up > Drives Left > Dribble Jumper > Long/3pt > Miss 3 Pts,183,2026-01-03,UW-Whitewater,offense,Joey Berezowitz,play-by-play,False,,0.0,not located,
2026-01-03|183|32 Luke Bara > Spot-Up > Drives Left > Dribble Jumper > Long/3pt > Miss 3 Pts,183,2026-01-03,UW-Whitewater,offense,Luke Bara,play-by-play,False,,0.0,not located,
2026-01-03|183|32 Luke Bara > Spot-Up > Drives Left > Dribble Jumper > Long/3pt > Miss 3 Pts,183,2026-01-03,UW-Whitewater,offense,Richie Warren,play-by-play,False,,0.0,not located,
2026-01-03|183|32 Luke Bara > Spot-Up > Drives Left > Dribble Jumper > Long/3pt > Miss 3 Pts,183,2026-01-03,UW-Oshkosh Titans,defense,Aiden Hawkinson,play-by-play,False,,0.0,not located,
2026-01-03|183|32 Luke Bara > Spot-Up > Drives Left > Dribble Jumper > Long/3pt > Miss 3 Pts,183,2026-01-03,UW-Oshkosh Titans,defense,Brandon Beck,play-by-play,False,,0.0,not located,
2026-01-03|183|32 Luke Bara > Spot-Up > Drives Left > Dribble Jumper > Long/3pt > Miss 3 Pts,183,2026-01-03,UW-Oshkosh Titans,defense,Carter Thomas,play-by-play,False,,0.0,not located,
2026-01-03|183|32 Luke Bara > Spot-Up > Drives Left > Dribble Jumper > Long/3pt > Miss 3 Pts,183,2026-01-03,UW-Oshkosh Titans,defense,Jonah Rindfleisch,play-by-play,False,,0.0,not located,
2026-01-03|183|32 Luke Bara > Spot-Up > Drives Left > Dribble Jumper > Long/3pt > Miss 3 Pts,183,2026-01-03,UW-Oshkosh Titans,defense,Nate Nazos,play-by-play,False,,0.0,not located,
2026-01-03|184|21 Carter Thomas > No Play Type > Foul,184,2026-01-03,UW-Oshkosh Titans,offense,Aiden Hawkinson,play-by-play,False,,0.0,not located,
2026-01-03|184|21 Carter Thomas > No Play Type > Foul,184,2026-01-03,UW-Oshkosh Titans,offense,Brandon Beck,play-by-play,False,,0.0,not located,
2026-01-03|184|21 Carter Thomas > No Play Type > Foul,184,2026-01-03,UW-Oshkosh Titans,offense,Carter Thomas,play-by-play,True,26,14.8,Synergy,0.95
2026-01-03|184|21 Carter Thomas > No Play Type > Foul,184,2026-01-03,UW-Oshkosh Titans,offense,Jonah Rindfleisch,play-by-play,False,,0.0,not located,
2026-01-03|184|21 Carter Thomas > No Play Type > Foul,184,2026-01-03,UW-Oshkosh Titans,offense,Nate Nazos,play-by-play,False,,0.0,not located,
2026-01-03|184|21 Carter Thomas > No Play Type > Foul,184,2026-01-03,UW-Whitewater,defense,Collin Madson,play-by-play,False,,0.0,not located,
2026-01-03|184|21 Carter Thomas > No Play Type > Foul,184,2026-01-03,UW-Whitewater,defense,Darius Chestnut,play-by-play,False,,0.0,not located,
2026-01-03|184|21 Carter Thomas > No Play Type > Foul,184,2026-01-03,UW-Whitewater,defense,Joey Berezowitz,play-by-play,False,,0.0,not located,
2026-01-03|184|21 Carter Thomas > No Play Type > Foul,184,2026-01-03,UW-Whitewater,defense,Luke Bara,play-by-play,False,,0.0,not located,
2026-01-03|184|21 Carter Thomas > No Play Type > Foul,184,2026-01-03,UW-Whitewater,defense,Richie Warren,play-by-play,False,,0.0,not located,
2026-01-03|185|0 Collin Madson > Transition > Ballhandler > Dribble Jumper > Long/3pt > Miss 3 Pts,185,2026-01-03,UW-Whitewater,offense,Collin Madson,play-by-play,False,,0.0,not located,
2026-01-03|185|0 Collin Madson > Transition > Ballhandler > Dribble Jumper > Long/3pt > Miss 3 Pts,185,2026-01-03,UW-Whitewater,offense,Darius Chestnut,play-by-play,False,,0.0,not located,
2026-01-03|185|0 Collin Madson > Transition > Ballhandler > Dribble Jumper > Long/3pt > Miss 3 Pts,185,2026-01-03,UW-Whitewater,offense,Joey Berezowitz,play-by-play,False,,0.0,not located,
2026-01-03|185|0 Collin Madson > Transition > Ballhandler > Dribble Jumper > Long/3pt > Miss 3 Pts,185,2026-01-03,UW-Whitewater,offense,Luke Bara,play-by-play,False,,0.0,not located,
2026-01-03|185|0 Collin Madson > Transition > Ballhandler > Dribble Jumper > Long/3pt > Miss 3 Pts,185,2026-01-03,UW-Whitewater,offense,Richie Warren,play-by-play,False,,0.0,not located,
2026-01-03|185|0 Collin Madson > Transition > Ballhandler > Dribble Jumper > Long/3pt > Miss 3 Pts,185,2026-01-03,UW-Oshkosh Titans,defense,Aiden Hawkinson,play-by-play,False,,0.0,not located,
2026-01-03|185|0 Collin Madson > Transition > Ballhandler > Dribble Jumper > Long/3pt > Miss 3 Pts,185,2026-01-03,UW-Oshkosh Titans,defense,Brandon Beck,play-by-play,False,,0.0,not located,
2026-01-03|185|0 Collin Madson > Transition > Ballhandler > Dribble Jumper > Long/3pt > Miss 3 Pts,185,2026-01-03,UW-Oshkosh Titans,defense,Carter Thomas,play-by-play,False,,0.0,not located,
2026-01-03|185|0 Collin Madson > Transition > Ballhandler > Dribble Jumper > Long/3pt > Miss 3 Pts,185,2026-01-03,UW-Oshkosh Titans,defense,Jonah Rindfleisch,play-by-play,False,,0.0,not located,
2026-01-03|185|0 Collin Madson > Transition > Ballhandler > Dribble Jumper > Long/3pt > Miss 3 Pts,185,2026-01-03,UW-Oshkosh Titans,defense,Michael Metcalf-Grassman,play-by-play,False,,0.0,not located,
2025-12-30|326|21 Brock Marino > Post-Up > Left Block > Left Shoulder > Dribble Move > To Up and Under > Miss 2 Pts,326,2025-12-30,UW-Whitewater,offense,Brock Marino,play-by-play,False,,0.0,not located,
2025-12-30|326|21 Brock Marino > Post-Up > Left Block > Left Shoulder > Dribble Move > To Up and Under > Miss 2 Pts,326,2025-12-30,UW-Whitewater,offense,Collin Madson,play-by-play,False,,0.0,not located,
2025-12-30|326|21 Brock Marino > Post-Up > Left Block > Left Shoulder > Dribble Move > To Up and Under > Miss 2 Pts,326,2025-12-30,UW-Whitewater,offense,Joey Berezowitz,play-by-play,False,,0.0,not located,
2025-12-30|326|21 Brock Marino > Post-Up > Left Block > Left Shoulder > Dribble Move > To Up and Under > Miss 2 Pts,326,2025-12-30,UW-Whitewater,offense,Luke Bara,play-by-play,False,,0.0,not located,
2025-12-30|326|21 Brock Marino > Post-Up > Left Block > Left Shoulder > Dribble Move > To Up and Under > Miss 2 Pts,326,2025-12-30,UW-Whitewater,offense,Richie Warren,play-by-play,False,,0.0,not located,
2025-12-30|326|21 Brock Marino > Post-Up > Left Block > Left Shoulder > Dribble Move > To Up and Under > Miss 2 Pts,326,2025-12-30,Coe Kohawks,defense,C. Reece Breitenbach,play-by-play,False,,0.0,not located,
2025-12-30|326|21 Brock Marino > Post-Up > Left Block > Left Shoulder > Dribble Move > To Up and Under > Miss 2 Pts,326,2025-12-30,Coe Kohawks,defense,Cooper Nailor,play-by-play,False,,0.0,not located,
2025-12-30|326|21 Brock Marino > Post-Up > Left Block > Left Shoulder > Dribble Move > To Up and Under > Miss 2 Pts,326,2025-12-30,Coe Kohawks,defense,Deuce Walters,play-by-play,False,,0.0,not located,
2025-12-30|326|21 Brock Marino > Post-Up > Left Block > Left Shoulder > Dribble Move > To Up and Under > Miss 2 Pts,326,2025-12-30,Coe Kohawks,defense,Jackson Bowman,play-by-play,False,,0.0,not located,
2025-12-30|326|21 Brock Marino > Post-Up > Left Block > Left Shoulder > Dribble Move > To Up and Under > Miss 2 Pts,326,2025-12-30,Coe Kohawks,defense,Kanyon Bryte,play-by-play,False,,0.0,not located,
2025-12-30|327|12 C. Reece Breitenbach > Transition > Left Wing > No Dribble Jumper > Guarded > Long/3pt > Make 3 Pts,327,2025-12-30,Coe Kohawks,offense,C. Reece Breitenbach,play-by-play,False,,0.0,not located,
2025-12-30|327|12 C. Reece Breitenbach > Transition > Left Wing > No Dribble Jumper > Guarded > Long/3pt > Make 3 Pts,327,2025-12-30,Coe Kohawks,offense,Cooper Nailor,play-by-play,False,,0.0,not located,
2025-12-30|327|12 C. Reece Breitenbach > Transition > Left Wing > No Dribble Jumper > Guarded > Long/3pt > Make 3 Pts,327,2025-12-30,Coe Kohawks,offense,Deuce Walters,play-by-play,False,,0.0,not located,
2025-12-30|327|12 C. Reece Breitenbach > Transition > Left Wing > No Dribble Jumper > Guarded > Long/3pt > Make 3 Pts,327,2025-12-30,Coe Kohawks,offense,Jackson Bowman,play-by-play,False,,0.0,not located,
2025-12-30|327|12 C. Reece Breitenbach > Transition > Left Wing > No Dribble Jumper > Guarded > Long/3pt > Make 3 Pts,327,2025-12-30,Coe Kohawks,offense,Kanyon Bryte,play-by-play,False,,0.0,not located,
2025-12-30|327|12 C. Reece Breitenbach > Transition > Left Wing > No Dribble Jumper > Guarded > Long/3pt > Make 3 Pts,327,2025-12-30,UW-Whitewater,defense,Brock Marino,play-by-play,False,,0.0,not located,
2025-12-30|327|12 C. Reece Breitenbach > Transition > Left Wing > No Dribble Jumper > Guarded > Long/3pt > Make 3 Pts,327,2025-12-30,UW-Whitewater,defense,Collin Madson,play-by-play,False,,0.0,not located,
2025-12-30|327|12 C. Reece Breitenbach > Transition > Left Wing > No Dribble Jumper > Guarded > Long/3pt > Make 3 Pts,327,2025-12-30,UW-Whitewater,defense,Joey Berezowitz,play-by-play,False,,0.0,not located,
2025-12-30|327|12 C. Reece Breitenbach > Transition > Left Wing > No Dribble Jumper > Guarded > Long/3pt > Make 3 Pts,327,2025-12-30,UW-Whitewater,defense,Luke Bara,play-by-play,False,,0.0,not located,
2025-12-30|327|12 C. Reece Breitenbach > Transition > Left Wing > No Dribble Jumper > Guarded > Long/3pt > Make 3 Pts,327,2025-12-30,UW-Whitewater,defense,Richie Warren,play-by-play,False,,0.0,not located,
2025-12-30|328|24 Richie Warren > ISO > Top > Drives Left > Dribble Jumper > Short to < 17' > Miss 2 Pts,328,2025-12-30,UW-Whitewater,offense,Brock Marino,play-by-play,False,,0.0,not located,
2025-12-30|328|24 Richie Warren > ISO > Top > Drives Left > Dribble Jumper > Short to < 17' > Miss 2 Pts,328,2025-12-30,UW-Whitewater,offense,Collin Madson,play-by-play,False,,0.0,not located,
2025-12-30|328|24 Richie Warren > ISO > Top > Drives Left > Dribble Jumper > Short to < 17' > Miss 2 Pts,328,2025-12-30,UW-Whitewater,offense,Joey Berezowitz,play-by-play,False,,0.0,not located,
2025-12-30|328|24 Richie Warren > ISO > Top > Drives Left > Dribble Jumper > Short to < 17' > Miss 2 Pts,328,2025-12-30,UW-Whitewater,offense,Luke Bara,play-by-play,False,,0.0,not located,
2025-12-30|328|24 Richie Warren > ISO > Top > Drives Left > Dribble Jumper > Short to < 17' > Miss 2 Pts,328,2025-12-30,UW-Whitewater,offense,Richie Warren,play-by-play,False,,0.0,not located,
2025-12-30|328|24 Richie Warren > ISO > Top > Drives Left > Dribble Jumper > Short to < 17' > Miss 2 Pts,328,2025-12-30,Coe Kohawks,defense,C. Reece Breitenbach,play-by-play,False,,0.0,not located,
2025-12-30|328|24 Richie Warren > ISO > Top > Drives Left > Dribble Jumper > Short to < 17' > Miss 2 Pts,328,2025-12-30,Coe Kohawks,defense,Cooper Nailor,play-by-play,False,,0.0,not located,
2025-12-30|328|24 Richie Warren > ISO > Top > Drives Left > Dribble Jumper > Short to < 17' > Miss 2 Pts,328,2025-12-30,Coe Kohawks,defense,Deuce Walters,play-by-play,False,,0.0,not located,
2025-12-30|328|24 Richie Warren > ISO > Top > Drives Left > Dribble Jumper > Short to < 17' > Miss 2 Pts,328,2025-12-30,Coe Kohawks,defense,Jackson Bowman,play-by-play,False,,0.0,not located,
2025-12-30|328|24 Richie Warren > ISO > Top > Drives Left > Dribble Jumper > Short to < 17' > Miss 2 Pts,328,2025-12-30,Coe Kohawks,defense,Kanyon Bryte,play-by-play,False,,0.0,not located,
2025-12-30|329|4 Deuce Walters > Spot-Up > Drives Right > Turnover,329,2025-12-30,Coe Kohawks,offense,C. Reece Breitenbach,play-by-play,False,,0.0,not located,
2025-12-30|329|4 Deuce Walters > Spot-Up > Drives Right > Turnover,329,2025-12-30,Coe Kohawks,offense,Cooper Nailor,play-by-play,False,,0.0,not located,
2025-12-30|329|4 Deuce Walters > Spot-Up > Drives Right > Turnover,329,2025-12-30,Coe Kohawks,offense,Deuce Walters,play-by-play,True,10,21.8,Synergy,0.95
2025-12-30|329|4 Deuce Walters > Spot-Up > Drives Right > Turnover,329,2025-12-30,Coe Kohawks,offense,Jackson Bowman,play-by-play,False,,0.0,not located,
2025-12-30|329|4 Deuce Walters > Spot-Up > Drives Right > Turnover,329,2025-12-30,Coe Kohawks,offense,Kanyon Bryte,play-by-play,False,,0.0,not located,
2025-12-30|329|4 Deuce Walters > Spot-Up > Drives Right > Turnover,329,2025-12-30,UW-Whitewater,defense,Brock Marino,play-by-play,False,,0.0,not located,
2025-12-30|329|4 Deuce Walters > Spot-Up > Drives Right > Turnover,329,2025-12-30,UW-Whitewater,defense,Collin Madson,play-by-play,False,,0.0,not located,
2025-12-30|329|4 Deuce Walters > Spot-Up > Drives Right > Turnover,329,2025-12-30,UW-Whitewater,defense,Joey Berezowitz,play-by-play,False,,0.0,not located,
2025-12-30|329|4 Deuce Walters > Spot-Up > Drives Right > Turnover,329,2025-12-30,UW-Whitewater,defense,Luke Bara,play-by-play,False,,0.0,not located,
2025-12-30|329|4 Deuce Walters > Spot-Up > Drives Right > Turnover,329,2025-12-30,UW-Whitewater,defense,Richie Warren,play-by-play,False,,0.0,not located,
2025-12-30|330|32 Luke Bara > Spot-Up > No Dribble Jumper > Guarded > Long/3pt > Make 3 Pts,330,2025-12-30,UW-Whitewater,offense,Brock Marino,play-by-play,False,,0.0,not located,
2025-12-30|330|32 Luke Bara > Spot-Up > No Dribble Jumper > Guarded > Long/3pt > Make 3 Pts,330,2025-12-30,UW-Whitewater,offense,Collin Madson,play-by-play,False,,0.0,not located,
2025-12-30|330|32 Luke Bara > Spot-Up > No Dribble Jumper > Guarded > Long/3pt > Make 3 Pts,330,2025-12-30,UW-Whitewater,offense,Joey Berezowitz,play-by-play,False,,0.0,not located,
2025-12-30|330|32 Luke Bara > Spot-Up > No Dribble Jumper > Guarded > Long/3pt > Make 3 Pts,330,2025-12-30,UW-Whitewater,offense,Luke Bara,play-by-play,False,,0.0,not located,
2025-12-30|330|32 Luke Bara > Spot-Up > No Dribble Jumper > Guarded > Long/3pt > Make 3 Pts,330,2025-12-30,UW-Whitewater,offense,Richie Warren,play-by-play,False,,0.0,not located,
2025-12-30|330|32 Luke Bara > Spot-Up > No Dribble Jumper > Guarded > Long/3pt > Make 3 Pts,330,2025-12-30,Coe Kohawks,defense,C. Reece Breitenbach,play-by-play,False,,0.0,not located,
2025-12-30|330|32 Luke Bara > Spot-Up > No Dribble Jumper > Guarded > Long/3pt > Make 3 Pts,330,2025-12-30,Coe Kohawks,defense,Cooper Nailor,play-by-play,False,,0.0,not located,
2025-12-30|330|32 Luke Bara > Spot-Up > No Dribble Jumper > Guarded > Long/3pt > Make 3 Pts,330,2025-12-30,Coe Kohawks,defense,Deuce Walters,play-by-play,False,,0.0,not located,
2025-12-30|330|32 Luke Bara > Spot-Up > No Dribble Jumper > Guarded > Long/3pt > Make 3 Pts,330,2025-12-30,Coe Kohawks,defense,Jackson Bowman,play-by-play,False,,0.0,not located,
2025-12-30|330|32 Luke Bara > Spot-Up > No Dribble Jumper > Guarded > Long/3pt > Make 3 Pts,330,2025-12-30,Coe Kohawks,defense,Kanyon Bryte,play-by-play,False,,0.0,not located,
2025-12-30|331|22 Jackson Bowman > Cut > Screen > Miss 2 Pts,331,2025-12-30,Coe Kohawks,offense,C. Reece Breitenbach,play-by-play,False,,0.0,not located,
2025-12-30|331|22 Jackson Bowman > Cut > Screen > Miss 2 Pts,331,2025-12-30,Coe Kohawks,offense,Cooper Nailor,play-by-play,False,,0.0,not located,
2025-12-30|331|22 Jackson Bowman > Cut > Screen > Miss 2 Pts,331,2025-12-30,Coe Kohawks,offense,Deuce Walters,play-by-play,False,,0.0,not located,
2025-12-30|331|22 Jackson Bowman > Cut > Screen > Miss 2 Pts,331,2025-12-30,Coe Kohawks,offense,Jackson Bowman,play-by-play,False,,0.0,not located,
2025-12-30|331|22 Jackson Bowman > Cut > Screen > Miss 2 Pts,331,2025-12-30,Coe Kohawks,offense,Kanyon Bryte,play-by-play,False,,0.0,not located,
2025-12-30|331|22 Jackson Bowman > Cut > Screen > Miss 2 Pts,331,2025-12-30,UW-Whitewater,defense,Brock Marino,play-by-play,False,,0.0,not located,
2025-12-30|331|22 Jackson Bowman > Cut > Screen > Miss 2 Pts,331,2025-12-30,UW-Whitewater,defense,Collin Madson,play-by-play,False,,0.0,not located,
2025-12-30|331|22 Jackson Bowman > Cut > Screen > Miss 2 Pts,331,2025-12-30,UW-Whitewater,defense,Joey Berezowitz,play-by-play,False,,0.0,not located,
2025-12-30|331|22 Jackson Bowman > Cut > Screen > Miss 2 Pts,331,2025-12-30,UW-Whitewater,defense,Luke Bara,play-by-play,False,,0.0,not located,
2025-12-30|331|22 Jackson Bowman > Cut > Screen > Miss 2 Pts,331,2025-12-30,UW-Whitewater,defense,Richie Warren,play-by-play,False,,0.0,not located,
2025-12-30|332|22 Jackson Bowman > Offensive Rebound > Short > Scoring Attempt > At Basket > Make 2 Pts,332,2025-12-30,Coe Kohawks,offense,C. Reece Breitenbach,play-by-play,False,,0.0,not located,
2025-12-30|332|22 Jackson Bowman > Offensive Rebound > Short > Scoring Attempt > At Basket > Make 2 Pts,332,2025-12-30,Coe Kohawks,offense,Cooper Nailor,play-by-play,False,,0.0,not located,
2025-12-30|332|22 Jackson Bowman > Offensive Rebound > Short > Scoring Attempt > At Basket > Make 2 Pts,332,2025-12-30,Coe Kohawks,offense,Deuce Walters,play-by-play,False,,0.0,not located,
2025-12-30|332|22 Jackson Bowman > Offensive Rebound > Short > Scoring Attempt > At Basket > Make 2 Pts,332,2025-12-30,Coe Kohawks,offense,Jackson Bowman,play-by-play,False,,0.0,not located,
2025-12-30|332|22 Jackson Bowman > Offensive Rebound > Short > Scoring Attempt > At Basket > Make 2 Pts,332,2025-12-30,Coe Kohawks,offense,Kanyon Bryte,play-by-play,False,,0.0,not located,
2025-12-30|332|22 Jackson Bowman > Offensive Rebound > Short > Scoring Attempt > At Basket > Make 2 Pts,332,2025-12-30,UW-Whitewater,defense,Brock Marino,play-by-play,False,,0.0,not located,
2025-12-30|332|22 Jackson Bowman > Offensive Rebound > Short > Scoring Attempt > At Basket > Make 2 Pts,332,2025-12-30,UW-Whitewater,defense,Collin Madson,play-by-play,False,,0.0,not located,
2025-12-30|332|22 Jackson Bowman > Offensive Rebound > Short > Scoring Attempt > At Basket > Make 2 Pts,332,2025-12-30,UW-Whitewater,defense,Joey Berezowitz,play-by-play,False,,0.0,not located,
2025-12-30|332|22 Jackson Bowman > Offensive Rebound > Short > Scoring Attempt > At Basket > Make 2 Pts,332,2025-12-30,UW-Whitewater,defense,Luke Bara,play-by-play,False,,0.0,not located,
2025-12-30|332|22 Jackson Bowman > Offensive Rebound > Short > Scoring Attempt > At Basket > Make 2 Pts,332,2025-12-30,UW-Whitewater,defense,Richie Warren,play-by-play,False,,0.0,not located,
2025-12-30|333|22 Joey Berezowitz > P&R Ball Handler > Right P&R > Baseline > Go Away from Pick > Defense Commits > Ball Delivered > 24 Richie Warren > Cut > Basket > Make 2 Pts,333,2025-12-30,UW-Whitewater,offense,Brock Marino,play-by-play,False,,0.0,not located,
2025-12-30|333|22 Joey Berezowitz > P&R Ball Handler > Right P&R > Baseline > Go Away from Pick > Defense Commits > Ball Delivered > 24 Richie Warren > Cut > Basket > Make 2 Pts,333,2025-12-30,UW-Whitewater,offense,Collin Madson,play-by-play,False,,0.0,not located,
2025-12-30|333|22 Joey Berezowitz > P&R Ball Handler > Right P&R > Baseline > Go Away from Pick > Defense Commits > Ball Delivered > 24 Richie Warren > Cut > Basket > Make 2 Pts,333,2025-12-30,UW-Whitewater,offense,Joey Berezowitz,play-by-play,False,,0.0,not located,
2025-12-30|333|22 Joey Berezowitz > P&R Ball Handler > Right P&R > Baseline > Go Away from Pick > Defense Commits > Ball Delivered > 24 Richie Warren > Cut > Basket > Make 2 Pts,333,2025-12-30,UW-Whitewater,offense,Luke Bara,play-by-play,False,,0.0,not located,
2025-12-30|333|22 Joey Berezowitz > P&R Ball Handler > Right P&R > Baseline > Go Away from Pick > Defense Commits > Ball Delivered > 24 Richie Warren > Cut > Basket > Make 2 Pts,333,2025-12-30,UW-Whitewater,offense,Richie Warren,play-by-play,False,,0.0,not located,
2025-12-30|333|22 Joey Berezowitz > P&R Ball Handler > Right P&R > Baseline > Go Away from Pick > Defense Commits > Ball Delivered > 24 Richie Warren > Cut > Basket > Make 2 Pts,333,2025-12-30,Coe Kohawks,defense,C. Reece Breitenbach,play-by-play,False,,0.0,not located,
2025-12-30|333|22 Joey Berezowitz > P&R Ball Handler > Right P&R > Baseline > Go Away from Pick > Defense Commits > Ball Delivered > 24 Richie Warren > Cut > Basket > Make 2 Pts,333,2025-12-30,Coe Kohawks,defense,Cooper Nailor,play-by-play,False,,0.0,not located,
2025-12-30|333|22 Joey Berezowitz > P&R Ball Handler > Right P&R > Baseline > Go Away from Pick > Defense Commits > Ball Delivered > 24 Richie Warren > Cut > Basket > Make 2 Pts,333,2025-12-30,Coe Kohawks,defense,Deuce Walters,play-by-play,False,,0.0,not located,
2025-12-30|333|22 Joey Berezowitz > P&R Ball Handler > Right P&R > Baseline > Go Away from Pick > Defense Commits > Ball Delivered > 24 Richie Warren > Cut > Basket > Make 2 Pts,333,2025-12-30,Coe Kohawks,defense,Jackson Bowman,play-by-play,False,,0.0,not located,
2025-12-30|333|22 Joey Berezowitz > P&R Ball Handler > Right P&R > Baseline > Go Away from Pick > Defense Commits > Ball Delivered > 24 Richie Warren > Cut > Basket > Make 2 Pts,333,2025-12-30,Coe Kohawks,defense,Kanyon Bryte,play-by-play,False,,0.0,not located,
2025-12-30|334|5 Cooper Nailor > P&R Ball Handler > High P&R > Dribble Off Pick > Defense Commits > Ball Delivered > 12 C. Reece Breitenbach > Spot-Up > Drives Left > Turnover,334,2025-12-30,Coe Kohawks,offense,C. Reece Breitenbach,play-by-play,False,,0.0,not located,
2025-12-30|334|5 Cooper Nailor > P&R Ball Handler > High P&R > Dribble Off Pick > Defense Commits > Ball Delivered > 12 C. Reece Breitenbach > Spot-Up > Drives Left > Turnover,334,2025-12-30,Coe Kohawks,offense,Cooper Nailor,play-by-play,True,7,14.2,Synergy,0.95
2025-12-30|334|5 Cooper Nailor > P&R Ball Handler > High P&R > Dribble Off Pick > Defense Commits > Ball Delivered > 12 C. Reece Breitenbach > Spot-Up > Drives Left > Turnover,334,2025-12-30,Coe Kohawks,offense,Deuce Walters,play-by-play,False,,0.0,not located,
2025-12-30|334|5 Cooper Nailor > P&R Ball Handler > High P&R > Dribble Off Pick > Defense Commits > Ball Delivered > 12 C. Reece Breitenbach > Spot-Up > Drives Left > Turnover,334,2025-12-30,Coe Kohawks,offense,Jackson Bowman,play-by-play,False,,0.0,not located,
2025-12-30|334|5 Cooper Nailor > P&R Ball Handler > High P&R > Dribble Off Pick > Defense Commits > Ball Delivered > 12 C. Reece Breitenbach > Spot-Up > Drives Left > Turnover,334,2025-12-30,Coe Kohawks,offense,Kanyon Bryte,play-by-play,False,,0.0,not located,
2025-12-30|334|5 Cooper Nailor > P&R Ball Handler > High P&R > Dribble Off Pick > Defense Commits > Ball Delivered > 12 C. Reece Breitenbach > Spot-Up > Drives Left > Turnover,334,2025-12-30,UW-Whitewater,defense,Brock Marino,play-by-play,False,,0.0,not located,
2025-12-30|334|5 Cooper Nailor > P&R Ball Handler > High P&R > Dribble Off Pick > Defense Commits > Ball Delivered > 12 C. Reece Breitenbach > Spot-Up > Drives Left > Turnover,334,2025-12-30,UW-Whitewater,defense,Collin Madson,play-by-play,False,,0.0,not located,
2025-12-30|334|5 Cooper Nailor > P&R Ball Handler > High P&R > Dribble Off Pick > Defense Commits > Ball Delivered > 12 C. Reece Breitenbach > Spot-Up > Drives Left > Turnover,334,2025-12-30,UW-Whitewater,defense,Joey Berezowitz,play-by-play,False,,0.0,not located,
2025-12-30|334|5 Cooper Nailor > P&R Ball Handler > High P&R > Dribble Off Pick > Defense Commits > Ball Delivered > 12 C. Reece Breitenbach > Spot-Up > Drives Left > Turnover,334,2025-12-30,UW-Whitewater,defense,Luke Bara,play-by-play,False,,0.0,not located,
2025-12-30|334|5 Cooper Nailor > P&R Ball Handler > High P&R > Dribble Off Pick > Defense Commits > Ball Delivered > 12 C. Reece Breitenbach > Spot-Up > Drives Left > Turnover,334,2025-12-30,UW-Whitewater,defense,Richie Warren,play-by-play,False,,0.0,not located,
2025-12-30|335|32 Luke Bara > Transition > Ballhandler > To Basket > Foul,335,2025-12-30,UW-Whitewater,offense,Brock Marino,play-by-play,True,33;54,3.8,coach checked;followed player,0.99
2025-12-30|335|32 Luke Bara > Transition > Ballhandler > To Basket > Foul,335,2025-12-30,UW-Whitewater,offense,Collin Madson,play-by-play,True,22,5.5,coach checked,0.99
2025-12-30|335|32 Luke Bara > Transition > Ballhandler > To Basket > Foul,335,2025-12-30,UW-Whitewater,offense,Joey Berezowitz,play-by-play,True,7;45,21.0,best guess,0.31
2025-12-30|335|32 Luke Bara > Transition > Ballhandler > To Basket > Foul,335,2025-12-30,UW-Whitewater,offense,Luke Bara,play-by-play,True,19,16.5,best guess,0.31
2025-12-30|335|32 Luke Bara > Transition > Ballhandler > To Basket > Foul,335,2025-12-30,UW-Whitewater,offense,Richie Warren,play-by-play,True,16,9.5,best guess,0.31
2025-12-30|335|32 Luke Bara > Transition > Ballhandler > To Basket > Foul,335,2025-12-30,Coe Kohawks,defense,C. Reece Breitenbach,play-by-play,True,29,16.8,coach checked,0.99
2025-12-30|335|32 Luke Bara > Transition > Ballhandler > To Basket > Foul,335,2025-12-30,Coe Kohawks,defense,Cooper Nailor,play-by-play,True,15,22.8,coach checked,0.99
2025-12-30|335|32 Luke Bara > Transition > Ballhandler > To Basket > Foul,335,2025-12-30,Coe Kohawks,defense,Deuce Walters,play-by-play,True,25;39,26.2,best guess;coach checked,0.99
2025-12-30|335|32 Luke Bara > Transition > Ballhandler > To Basket > Foul,335,2025-12-30,Coe Kohawks,defense,Jackson Bowman,play-by-play,True,21,26.8,coach checked,0.99
2025-12-30|335|32 Luke Bara > Transition > Ballhandler > To Basket > Foul,335,2025-12-30,Coe Kohawks,defense,Kanyon Bryte,play-by-play,True,26,19.0,coach checked,0.99
2025-12-30|338|4 Deuce Walters > Non Possession > No Violation,338,2025-12-30,Coe Kohawks,offense,C. Reece Breitenbach,clips before/after (no clock),False,,0.0,not located,
2025-12-30|338|4 Deuce Walters > Non Possession > No Violation,338,2025-12-30,Coe Kohawks,offense,Cooper Nailor,clips before/after (no clock),False,,0.0,not located,
2025-12-30|338|4 Deuce Walters > Non Possession > No Violation,338,2025-12-30,Coe Kohawks,offense,Deuce Walters,clips before/after (no clock),False,,0.0,not located,
2025-12-30|338|4 Deuce Walters > Non Possession > No Violation,338,2025-12-30,Coe Kohawks,offense,Jackson Bowman,clips before/after (no clock),False,,0.0,not located,
2025-12-30|338|4 Deuce Walters > Non Possession > No Violation,338,2025-12-30,Coe Kohawks,offense,Kanyon Bryte,clips before/after (no clock),False,,0.0,not located,
2025-12-30|338|4 Deuce Walters > Non Possession > No Violation,338,2025-12-30,UW-Whitewater,defense,Brock Marino,clips before/after (no clock),False,,0.0,not located,
2025-12-30|338|4 Deuce Walters > Non Possession > No Violation,338,2025-12-30,UW-Whitewater,defense,Collin Madson,clips before/after (no clock),False,,0.0,not located,
2025-12-30|338|4 Deuce Walters > Non Possession > No Violation,338,2025-12-30,UW-Whitewater,defense,Joey Berezowitz,clips before/after (no clock),False,,0.0,not located,
2025-12-30|338|4 Deuce Walters > Non Possession > No Violation,338,2025-12-30,UW-Whitewater,defense,Luke Bara,clips before/after (no clock),False,,0.0,not located,
2025-12-30|338|4 Deuce Walters > Non Possession > No Violation,338,2025-12-30,UW-Whitewater,defense,Richie Warren,clips before/after (no clock),False,,0.0,not located,
2025-12-30|339|4 Deuce Walters > Spot-Up > Drives Left > Dribble Jumper > Short to < 17' > Make 2 Pts,339,2025-12-30,Coe Kohawks,offense,C. Reece Breitenbach,play-by-play,True,24,6.2,linked possession,0.95
2025-12-30|339|4 Deuce Walters > Spot-Up > Drives Left > Dribble Jumper > Short to < 17' > Make 2 Pts,339,2025-12-30,Coe Kohawks,offense,Cooper Nailor,play-by-play,False,,0.0,not located,
2025-12-30|339|4 Deuce Walters > Spot-Up > Drives Left > Dribble Jumper > Short to < 17' > Make 2 Pts,339,2025-12-30,Coe Kohawks,offense,Deuce Walters,play-by-play,False,,0.0,not located,
2025-12-30|339|4 Deuce Walters > Spot-Up > Drives Left > Dribble Jumper > Short to < 17' > Make 2 Pts,339,2025-12-30,Coe Kohawks,offense,Jackson Bowman,play-by-play,False,,0.0,not located,
2025-12-30|339|4 Deuce Walters > Spot-Up > Drives Left > Dribble Jumper > Short to < 17' > Make 2 Pts,339,2025-12-30,Coe Kohawks,offense,Kanyon Bryte,play-by-play,False,,0.0,not located,
2025-12-30|339|4 Deuce Walters > Spot-Up > Drives Left > Dribble Jumper > Short to < 17' > Make 2 Pts,339,2025-12-30,UW-Whitewater,defense,Brock Marino,play-by-play,False,,0.0,not located,
2025-12-30|339|4 Deuce Walters > Spot-Up > Drives Left > Dribble Jumper > Short to < 17' > Make 2 Pts,339,2025-12-30,UW-Whitewater,defense,Collin Madson,play-by-play,False,,0.0,not located,
2025-12-30|339|4 Deuce Walters > Spot-Up > Drives Left > Dribble Jumper > Short to < 17' > Make 2 Pts,339,2025-12-30,UW-Whitewater,defense,Joey Berezowitz,play-by-play,False,,0.0,not located,
2025-12-30|339|4 Deuce Walters > Spot-Up > Drives Left > Dribble Jumper > Short to < 17' > Make 2 Pts,339,2025-12-30,UW-Whitewater,defense,Luke Bara,play-by-play,False,,0.0,not located,
2025-12-30|339|4 Deuce Walters > Spot-Up > Drives Left > Dribble Jumper > Short to < 17' > Make 2 Pts,339,2025-12-30,UW-Whitewater,defense,Richie Warren,play-by-play,True,17;25,5.8,followed player;linked possession,0.95
2025-12-30|340|32 Luke Bara > P&R Ball Handler > Right P&R > Side > Dribble Off Pick > Dribble Jumper > Long/3pt > Make 3 Pts,340,2025-12-30,UW-Whitewater,offense,Brock Marino,play-by-play,True,16;22,3.8,best guess,0.31
2025-12-30|340|32 Luke Bara > P&R Ball Handler > Right P&R > Side > Dribble Off Pick > Dribble Jumper > Long/3pt > Make 3 Pts,340,2025-12-30,UW-Whitewater,offense,Collin Madson,play-by-play,True,19,14.2,coach checked,0.99
2025-12-30|340|32 Luke Bara > P&R Ball Handler > Right P&R > Side > Dribble Off Pick > Dribble Jumper > Long/3pt > Make 3 Pts,340,2025-12-30,UW-Whitewater,offense,Joey Berezowitz,play-by-play,True,15,5.5,best guess,0.31
2025-12-30|340|32 Luke Bara > P&R Ball Handler > Right P&R > Side > Dribble Off Pick > Dribble Jumper > Long/3pt > Make 3 Pts,340,2025-12-30,UW-Whitewater,offense,Luke Bara,play-by-play,True,6;24,4.5,best guess,0.31
2025-12-30|340|32 Luke Bara > P&R Ball Handler > Right P&R > Side > Dribble Off Pick > Dribble Jumper > Long/3pt > Make 3 Pts,340,2025-12-30,UW-Whitewater,offense,Richie Warren,play-by-play,True,7,2.8,coach checked,0.95
2025-12-30|340|32 Luke Bara > P&R Ball Handler > Right P&R > Side > Dribble Off Pick > Dribble Jumper > Long/3pt > Make 3 Pts,340,2025-12-30,Coe Kohawks,defense,C. Reece Breitenbach,play-by-play,True,14;21,2.0,coach checked;followed player,0.95
2025-12-30|340|32 Luke Bara > P&R Ball Handler > Right P&R > Side > Dribble Off Pick > Dribble Jumper > Long/3pt > Make 3 Pts,340,2025-12-30,Coe Kohawks,defense,Cooper Nailor,play-by-play,False,,0.0,not located,
2025-12-30|340|32 Luke Bara > P&R Ball Handler > Right P&R > Side > Dribble Off Pick > Dribble Jumper > Long/3pt > Make 3 Pts,340,2025-12-30,Coe Kohawks,defense,Deuce Walters,play-by-play,True,18,11.8,coach checked,0.99
2025-12-30|340|32 Luke Bara > P&R Ball Handler > Right P&R > Side > Dribble Off Pick > Dribble Jumper > Long/3pt > Make 3 Pts,340,2025-12-30,Coe Kohawks,defense,Jackson Bowman,play-by-play,True,4,3.5,best guess,0.31
2025-12-30|340|32 Luke Bara > P&R Ball Handler > Right P&R > Side > Dribble Off Pick > Dribble Jumper > Long/3pt > Make 3 Pts,340,2025-12-30,Coe Kohawks,defense,Kanyon Bryte,play-by-play,True,0,1.2,best guess,0.31
2025-12-30|341|5 Cooper Nailor > P&R Ball Handler > Left P&R > Side > Dribble Off Pick > Defense Commits > Ball Delivered > 4 Deuce Walters > Spot-Up > No Dribble Jumper > Guarded > Long/3pt > Miss 3 Pts,341,2025-12-30,Coe Kohawks,offense,C. Reece Breitenbach,play-by-play,False,,0.0,not located,
2025-12-30|341|5 Cooper Nailor > P&R Ball Handler > Left P&R > Side > Dribble Off Pick > Defense Commits > Ball Delivered > 4 Deuce Walters > Spot-Up > No Dribble Jumper > Guarded > Long/3pt > Miss 3 Pts,341,2025-12-30,Coe Kohawks,offense,Cooper Nailor,play-by-play,False,,0.0,not located,
2025-12-30|341|5 Cooper Nailor > P&R Ball Handler > Left P&R > Side > Dribble Off Pick > Defense Commits > Ball Delivered > 4 Deuce Walters > Spot-Up > No Dribble Jumper > Guarded > Long/3pt > Miss 3 Pts,341,2025-12-30,Coe Kohawks,offense,Deuce Walters,play-by-play,False,,0.0,not located,
2025-12-30|341|5 Cooper Nailor > P&R Ball Handler > Left P&R > Side > Dribble Off Pick > Defense Commits > Ball Delivered > 4 Deuce Walters > Spot-Up > No Dribble Jumper > Guarded > Long/3pt > Miss 3 Pts,341,2025-12-30,Coe Kohawks,offense,Jackson Bowman,play-by-play,False,,0.0,not located,
2025-12-30|341|5 Cooper Nailor > P&R Ball Handler > Left P&R > Side > Dribble Off Pick > Defense Commits > Ball Delivered > 4 Deuce Walters > Spot-Up > No Dribble Jumper > Guarded > Long/3pt > Miss 3 Pts,341,2025-12-30,Coe Kohawks,offense,Kanyon Bryte,play-by-play,False,,0.0,not located,
2025-12-30|341|5 Cooper Nailor > P&R Ball Handler > Left P&R > Side > Dribble Off Pick > Defense Commits > Ball Delivered > 4 Deuce Walters > Spot-Up > No Dribble Jumper > Guarded > Long/3pt > Miss 3 Pts,341,2025-12-30,UW-Whitewater,defense,Brock Marino,play-by-play,False,,0.0,not located,
2025-12-30|341|5 Cooper Nailor > P&R Ball Handler > Left P&R > Side > Dribble Off Pick > Defense Commits > Ball Delivered > 4 Deuce Walters > Spot-Up > No Dribble Jumper > Guarded > Long/3pt > Miss 3 Pts,341,2025-12-30,UW-Whitewater,defense,Collin Madson,play-by-play,False,,0.0,not located,
2025-12-30|341|5 Cooper Nailor > P&R Ball Handler > Left P&R > Side > Dribble Off Pick > Defense Commits > Ball Delivered > 4 Deuce Walters > Spot-Up > No Dribble Jumper > Guarded > Long/3pt > Miss 3 Pts,341,2025-12-30,UW-Whitewater,defense,Joey Berezowitz,play-by-play,False,,0.0,not located,
2025-12-30|341|5 Cooper Nailor > P&R Ball Handler > Left P&R > Side > Dribble Off Pick > Defense Commits > Ball Delivered > 4 Deuce Walters > Spot-Up > No Dribble Jumper > Guarded > Long/3pt > Miss 3 Pts,341,2025-12-30,UW-Whitewater,defense,Luke Bara,play-by-play,False,,0.0,not located,
2025-12-30|341|5 Cooper Nailor > P&R Ball Handler > Left P&R > Side > Dribble Off Pick > Defense Commits > Ball Delivered > 4 Deuce Walters > Spot-Up > No Dribble Jumper > Guarded > Long/3pt > Miss 3 Pts,341,2025-12-30,UW-Whitewater,defense,Richie Warren,play-by-play,False,,0.0,not located,
2025-12-30|342|22 Jackson Bowman > Spot-Up > No Dribble Jumper > Open > Long/3pt > Miss 3 Pts,342,2025-12-30,Coe Kohawks,offense,C. Reece Breitenbach,play-by-play,False,,0.0,not located,
2025-12-30|342|22 Jackson Bowman > Spot-Up > No Dribble Jumper > Open > Long/3pt > Miss 3 Pts,342,2025-12-30,Coe Kohawks,offense,Cooper Nailor,play-by-play,False,,0.0,not located,
2025-12-30|342|22 Jackson Bowman > Spot-Up > No Dribble Jumper > Open > Long/3pt > Miss 3 Pts,342,2025-12-30,Coe Kohawks,offense,Deuce Walters,play-by-play,False,,0.0,not located,
2025-12-30|342|22 Jackson Bowman > Spot-Up > No Dribble Jumper > Open > Long/3pt > Miss 3 Pts,342,2025-12-30,Coe Kohawks,offense,Jackson Bowman,play-by-play,False,,0.0,not located,
2025-12-30|342|22 Jackson Bowman > Spot-Up > No Dribble Jumper > Open > Long/3pt > Miss 3 Pts,342,2025-12-30,Coe Kohawks,offense,Kanyon Bryte,play-by-play,False,,0.0,not located,
2025-12-30|342|22 Jackson Bowman > Spot-Up > No Dribble Jumper > Open > Long/3pt > Miss 3 Pts,342,2025-12-30,UW-Whitewater,defense,Brock Marino,play-by-play,False,,0.0,not located,
2025-12-30|342|22 Jackson Bowman > Spot-Up > No Dribble Jumper > Open > Long/3pt > Miss 3 Pts,342,2025-12-30,UW-Whitewater,defense,Collin Madson,play-by-play,False,,0.0,not located,
2025-12-30|342|22 Jackson Bowman > Spot-Up > No Dribble Jumper > Open > Long/3pt > Miss 3 Pts,342,2025-12-30,UW-Whitewater,defense,Joey Berezowitz,play-by-play,False,,0.0,not located,
2025-12-30|342|22 Jackson Bowman > Spot-Up > No Dribble Jumper > Open > Long/3pt > Miss 3 Pts,342,2025-12-30,UW-Whitewater,defense,Luke Bara,play-by-play,False,,0.0,not located,
2025-12-30|342|22 Jackson Bowman > Spot-Up > No Dribble Jumper > Open > Long/3pt > Miss 3 Pts,342,2025-12-30,UW-Whitewater,defense,Richie Warren,play-by-play,False,,0.0,not located,
2025-12-30|343|34 Kanyon Bryte > Offensive Rebound > Short > Scoring Attempt > Short to < 17' > Miss 2 Pts,343,2025-12-30,Coe Kohawks,offense,C. Reece Breitenbach,play-by-play,False,,0.0,not located,
2025-12-30|343|34 Kanyon Bryte > Offensive Rebound > Short > Scoring Attempt > Short to < 17' > Miss 2 Pts,343,2025-12-30,Coe Kohawks,offense,Cooper Nailor,play-by-play,False,,0.0,not located,
2025-12-30|343|34 Kanyon Bryte > Offensive Rebound > Short > Scoring Attempt > Short to < 17' > Miss 2 Pts,343,2025-12-30,Coe Kohawks,offense,Deuce Walters,play-by-play,False,,0.0,not located,
2025-12-30|343|34 Kanyon Bryte > Offensive Rebound > Short > Scoring Attempt > Short to < 17' > Miss 2 Pts,343,2025-12-30,Coe Kohawks,offense,Jackson Bowman,play-by-play,False,,0.0,not located,
2025-12-30|343|34 Kanyon Bryte > Offensive Rebound > Short > Scoring Attempt > Short to < 17' > Miss 2 Pts,343,2025-12-30,Coe Kohawks,offense,Kanyon Bryte,play-by-play,False,,0.0,not located,
2025-12-30|343|34 Kanyon Bryte > Offensive Rebound > Short > Scoring Attempt > Short to < 17' > Miss 2 Pts,343,2025-12-30,UW-Whitewater,defense,Brock Marino,play-by-play,False,,0.0,not located,
2025-12-30|343|34 Kanyon Bryte > Offensive Rebound > Short > Scoring Attempt > Short to < 17' > Miss 2 Pts,343,2025-12-30,UW-Whitewater,defense,Collin Madson,play-by-play,False,,0.0,not located,
2025-12-30|343|34 Kanyon Bryte > Offensive Rebound > Short > Scoring Attempt > Short to < 17' > Miss 2 Pts,343,2025-12-30,UW-Whitewater,defense,Joey Berezowitz,play-by-play,False,,0.0,not located,
2025-12-30|343|34 Kanyon Bryte > Offensive Rebound > Short > Scoring Attempt > Short to < 17' > Miss 2 Pts,343,2025-12-30,UW-Whitewater,defense,Luke Bara,play-by-play,False,,0.0,not located,
2025-12-30|343|34 Kanyon Bryte > Offensive Rebound > Short > Scoring Attempt > Short to < 17' > Miss 2 Pts,343,2025-12-30,UW-Whitewater,defense,Richie Warren,play-by-play,False,,0.0,not located,
2025-12-30|344|32 Luke Bara > P&R Ball Handler > High P&R > Go Away from Pick > Defense Commits > Ball Delivered > 22 Joey Berezowitz > Cut > Basket > Make 2 Pts,344,2025-12-30,UW-Whitewater,offense,Brock Marino,play-by-play,True,12,14.2,best guess,0.31
2025-12-30|344|32 Luke Bara > P&R Ball Handler > High P&R > Go Away from Pick > Defense Commits > Ball Delivered > 22 Joey Berezowitz > Cut > Basket > Make 2 Pts,344,2025-12-30,UW-Whitewater,offense,Collin Madson,play-by-play,True,17,11.5,coach checked,0.99
2025-12-30|344|32 Luke Bara > P&R Ball Handler > High P&R > Go Away from Pick > Defense Commits > Ball Delivered > 22 Joey Berezowitz > Cut > Basket > Make 2 Pts,344,2025-12-30,UW-Whitewater,offense,Joey Berezowitz,play-by-play,True,2;23,10.5,coach checked;followed player,0.99
2025-12-30|344|32 Luke Bara > P&R Ball Handler > High P&R > Go Away from Pick > Defense Commits > Ball Delivered > 22 Joey Berezowitz > Cut > Basket > Make 2 Pts,344,2025-12-30,UW-Whitewater,offense,Luke Bara,play-by-play,True,1;27;45,11.8,best guess,0.31
2025-12-30|344|32 Luke Bara > P&R Ball Handler > High P&R > Go Away from Pick > Defense Commits > Ball Delivered > 22 Joey Berezowitz > Cut > Basket > Make 2 Pts,344,2025-12-30,UW-Whitewater,offense,Richie Warren,play-by-play,True,6,12.5,best guess,0.31
2025-12-30|344|32 Luke Bara > P&R Ball Handler > High P&R > Go Away from Pick > Defense Commits > Ball Delivered > 22 Joey Berezowitz > Cut > Basket > Make 2 Pts,344,2025-12-30,Coe Kohawks,defense,C. Reece Breitenbach,play-by-play,False,,0.0,not located,
2025-12-30|344|32 Luke Bara > P&R Ball Handler > High P&R > Go Away from Pick > Defense Commits > Ball Delivered > 22 Joey Berezowitz > Cut > Basket > Make 2 Pts,344,2025-12-30,Coe Kohawks,defense,Cooper Nailor,play-by-play,False,,0.0,not located,
2025-12-30|344|32 Luke Bara > P&R Ball Handler > High P&R > Go Away from Pick > Defense Commits > Ball Delivered > 22 Joey Berezowitz > Cut > Basket > Make 2 Pts,344,2025-12-30,Coe Kohawks,defense,Deuce Walters,play-by-play,True,29,3.2,coach checked,0.99
2025-12-30|344|32 Luke Bara > P&R Ball Handler > High P&R > Go Away from Pick > Defense Commits > Ball Delivered > 22 Joey Berezowitz > Cut > Basket > Make 2 Pts,344,2025-12-30,Coe Kohawks,defense,Jackson Bowman,play-by-play,False,,0.0,not located,
2025-12-30|344|32 Luke Bara > P&R Ball Handler > High P&R > Go Away from Pick > Defense Commits > Ball Delivered > 22 Joey Berezowitz > Cut > Basket > Make 2 Pts,344,2025-12-30,Coe Kohawks,defense,Kanyon Bryte,play-by-play,False,,0.0,not located,
2025-12-30|345|4 Deuce Walters > P&R Ball Handler > High P&R > Dribble Off Pick > Dribble Jumper > Short to < 17' > Make 2 Pts,345,2025-12-30,Coe Kohawks,offense,C. Reece Breitenbach,play-by-play,False,,0.0,not located,
2025-12-30|345|4 Deuce Walters > P&R Ball Handler > High P&R > Dribble Off Pick > Dribble Jumper > Short to < 17' > Make 2 Pts,345,2025-12-30,Coe Kohawks,offense,Cooper Nailor,play-by-play,False,,0.0,not located,
2025-12-30|345|4 Deuce Walters > P&R Ball Handler > High P&R > Dribble Off Pick > Dribble Jumper > Short to < 17' > Make 2 Pts,345,2025-12-30,Coe Kohawks,offense,Deuce Walters,play-by-play,False,,0.0,not located,
2025-12-30|345|4 Deuce Walters > P&R Ball Handler > High P&R > Dribble Off Pick > Dribble Jumper > Short to < 17' > Make 2 Pts,345,2025-12-30,Coe Kohawks,offense,Jackson Bowman,play-by-play,False,,0.0,not located,
2025-12-30|345|4 Deuce Walters > P&R Ball Handler > High P&R > Dribble Off Pick > Dribble Jumper > Short to < 17' > Make 2 Pts,345,2025-12-30,Coe Kohawks,offense,Kanyon Bryte,play-by-play,False,,0.0,not located,
2025-12-30|345|4 Deuce Walters > P&R Ball Handler > High P&R > Dribble Off Pick > Dribble Jumper > Short to < 17' > Make 2 Pts,345,2025-12-30,UW-Whitewater,defense,Brock Marino,play-by-play,False,,0.0,not located,
2025-12-30|345|4 Deuce Walters > P&R Ball Handler > High P&R > Dribble Off Pick > Dribble Jumper > Short to < 17' > Make 2 Pts,345,2025-12-30,UW-Whitewater,defense,Collin Madson,play-by-play,False,,0.0,not located,
2025-12-30|345|4 Deuce Walters > P&R Ball Handler > High P&R > Dribble Off Pick > Dribble Jumper > Short to < 17' > Make 2 Pts,345,2025-12-30,UW-Whitewater,defense,Joey Berezowitz,play-by-play,False,,0.0,not located,
2025-12-30|345|4 Deuce Walters > P&R Ball Handler > High P&R > Dribble Off Pick > Dribble Jumper > Short to < 17' > Make 2 Pts,345,2025-12-30,UW-Whitewater,defense,Luke Bara,play-by-play,False,,0.0,not located,
2025-12-30|345|4 Deuce Walters > P&R Ball Handler > High P&R > Dribble Off Pick > Dribble Jumper > Short to < 17' > Make 2 Pts,345,2025-12-30,UW-Whitewater,defense,Richie Warren,play-by-play,False,,0.0,not located,
2025-12-30|346|21 Brock Marino > No Play Type > Turnover,346,2025-12-30,UW-Whitewater,offense,Brock Marino,play-by-play,True,31,5.0,Synergy,0.95
2025-12-30|346|21 Brock Marino > No Play Type > Turnover,346,2025-12-30,UW-Whitewater,offense,Collin Madson,play-by-play,False,,0.0,not located,
2025-12-30|346|21 Brock Marino > No Play Type > Turnover,346,2025-12-30,UW-Whitewater,offense,Joey Berezowitz,play-by-play,False,,0.0,not located,
2025-12-30|346|21 Brock Marino > No Play Type > Turnover,346,2025-12-30,UW-Whitewater,offense,Luke Bara,play-by-play,False,,0.0,not located,
2025-12-30|346|21 Brock Marino > No Play Type > Turnover,346,2025-12-30,UW-Whitewater,offense,Richie Warren,play-by-play,False,,0.0,not located,
2025-12-30|346|21 Brock Marino > No Play Type > Turnover,346,2025-12-30,Coe Kohawks,defense,C. Reece Breitenbach,play-by-play,False,,0.0,not located,
2025-12-30|346|21 Brock Marino > No Play Type > Turnover,346,2025-12-30,Coe Kohawks,defense,Cooper Nailor,play-by-play,False,,0.0,not located,
2025-12-30|346|21 Brock Marino > No Play Type > Turnover,346,2025-12-30,Coe Kohawks,defense,Deuce Walters,play-by-play,False,,0.0,not located,
2025-12-30|346|21 Brock Marino > No Play Type > Turnover,346,2025-12-30,Coe Kohawks,defense,Jackson Bowman,play-by-play,False,,0.0,not located,
2025-12-30|346|21 Brock Marino > No Play Type > Turnover,346,2025-12-30,Coe Kohawks,defense,Kanyon Bryte,play-by-play,False,,0.0,not located,
2025-12-30|347|5 Cooper Nailor > Hand Off > From Dribble > Left > Dribble Jumper > Long/3pt > Miss 3 Pts,347,2025-12-30,Coe Kohawks,offense,Aaron Foote,play-by-play,False,,0.0,not located,
2025-12-30|347|5 Cooper Nailor > Hand Off > From Dribble > Left > Dribble Jumper > Long/3pt > Miss 3 Pts,347,2025-12-30,Coe Kohawks,offense,Cooper Nailor,play-by-play,False,,0.0,not located,
2025-12-30|347|5 Cooper Nailor > Hand Off > From Dribble > Left > Dribble Jumper > Long/3pt > Miss 3 Pts,347,2025-12-30,Coe Kohawks,offense,Deuce Walters,play-by-play,False,,0.0,not located,
2025-12-30|347|5 Cooper Nailor > Hand Off > From Dribble > Left > Dribble Jumper > Long/3pt > Miss 3 Pts,347,2025-12-30,Coe Kohawks,offense,Kanyon Bryte,play-by-play,False,,0.0,not located,
2025-12-30|347|5 Cooper Nailor > Hand Off > From Dribble > Left > Dribble Jumper > Long/3pt > Miss 3 Pts,347,2025-12-30,Coe Kohawks,offense,Ryan Dolphin,play-by-play,False,,0.0,not located,
2025-12-30|347|5 Cooper Nailor > Hand Off > From Dribble > Left > Dribble Jumper > Long/3pt > Miss 3 Pts,347,2025-12-30,UW-Whitewater,defense,Brock Marino,play-by-play,False,,0.0,not located,
2025-12-30|347|5 Cooper Nailor > Hand Off > From Dribble > Left > Dribble Jumper > Long/3pt > Miss 3 Pts,347,2025-12-30,UW-Whitewater,defense,Collin Madson,play-by-play,False,,0.0,not located,
2025-12-30|347|5 Cooper Nailor > Hand Off > From Dribble > Left > Dribble Jumper > Long/3pt > Miss 3 Pts,347,2025-12-30,UW-Whitewater,defense,Joey Berezowitz,play-by-play,False,,0.0,not located,
2025-12-30|347|5 Cooper Nailor > Hand Off > From Dribble > Left > Dribble Jumper > Long/3pt > Miss 3 Pts,347,2025-12-30,UW-Whitewater,defense,Luke Bara,play-by-play,False,,0.0,not located,
2025-12-30|347|5 Cooper Nailor > Hand Off > From Dribble > Left > Dribble Jumper > Long/3pt > Miss 3 Pts,347,2025-12-30,UW-Whitewater,defense,Richie Warren,play-by-play,False,,0.0,not located,
2025-12-30|348|22 Joey Berezowitz > Spot-Up > Drives Left > Turnover,348,2025-12-30,UW-Whitewater,offense,Collin Madson,play-by-play,False,,0.0,not located,
2025-12-30|348|22 Joey Berezowitz > Spot-Up > Drives Left > Turnover,348,2025-12-30,UW-Whitewater,offense,Jake Quast,play-by-play,False,,0.0,not located,
2025-12-30|348|22 Joey Berezowitz > Spot-Up > Drives Left > Turnover,348,2025-12-30,UW-Whitewater,offense,Joey Berezowitz,play-by-play,True,18,10.8,Synergy,0.95
2025-12-30|348|22 Joey Berezowitz > Spot-Up > Drives Left > Turnover,348,2025-12-30,UW-Whitewater,offense,Luke Bara,play-by-play,False,,0.0,not located,
2025-12-30|348|22 Joey Berezowitz > Spot-Up > Drives Left > Turnover,348,2025-12-30,UW-Whitewater,offense,Richie Warren,play-by-play,False,,0.0,not located,
2025-12-30|348|22 Joey Berezowitz > Spot-Up > Drives Left > Turnover,348,2025-12-30,Coe Kohawks,defense,Aaron Foote,play-by-play,False,,0.0,not located,
2025-12-30|348|22 Joey Berezowitz > Spot-Up > Drives Left > Turnover,348,2025-12-30,Coe Kohawks,defense,Cooper Nailor,play-by-play,False,,0.0,not located,
2025-12-30|348|22 Joey Berezowitz > Spot-Up > Drives Left > Turnover,348,2025-12-30,Coe Kohawks,defense,Deuce Walters,play-by-play,False,,0.0,not located,
2025-12-30|348|22 Joey Berezowitz > Spot-Up > Drives Left > Turnover,348,2025-12-30,Coe Kohawks,defense,Kanyon Bryte,play-by-play,False,,0.0,not located,
2025-12-30|348|22 Joey Berezowitz > Spot-Up > Drives Left > Turnover,348,2025-12-30,Coe Kohawks,defense,Ryan Dolphin,play-by-play,False,,0.0,not located,
2025-12-30|349|34 Kanyon Bryte > Post-Up > Right Block > Left Shoulder > Dribble Move > To Drop Step > Foul,349,2025-12-30,Coe Kohawks,offense,Aaron Foote,play-by-play,False,,0.0,not located,
2025-12-30|349|34 Kanyon Bryte > Post-Up > Right Block > Left Shoulder > Dribble Move > To Drop Step > Foul,349,2025-12-30,Coe Kohawks,offense,Cooper Nailor,play-by-play,False,,0.0,not located,
2025-12-30|349|34 Kanyon Bryte > Post-Up > Right Block > Left Shoulder > Dribble Move > To Drop Step > Foul,349,2025-12-30,Coe Kohawks,offense,Deuce Walters,play-by-play,False,,0.0,not located,
2025-12-30|349|34 Kanyon Bryte > Post-Up > Right Block > Left Shoulder > Dribble Move > To Drop Step > Foul,349,2025-12-30,Coe Kohawks,offense,Kanyon Bryte,play-by-play,False,,0.0,not located,
2025-12-30|349|34 Kanyon Bryte > Post-Up > Right Block > Left Shoulder > Dribble Move > To Drop Step > Foul,349,2025-12-30,Coe Kohawks,offense,Ryan Dolphin,play-by-play,False,,0.0,not located,
2025-12-30|349|34 Kanyon Bryte > Post-Up > Right Block > Left Shoulder > Dribble Move > To Drop Step > Foul,349,2025-12-30,UW-Whitewater,defense,Collin Madson,play-by-play,False,,0.0,not located,
2025-12-30|349|34 Kanyon Bryte > Post-Up > Right Block > Left Shoulder > Dribble Move > To Drop Step > Foul,349,2025-12-30,UW-Whitewater,defense,Jake Quast,play-by-play,False,,0.0,not located,
2025-12-30|349|34 Kanyon Bryte > Post-Up > Right Block > Left Shoulder > Dribble Move > To Drop Step > Foul,349,2025-12-30,UW-Whitewater,defense,Joey Berezowitz,play-by-play,False,,0.0,not located,
2025-12-30|349|34 Kanyon Bryte > Post-Up > Right Block > Left Shoulder > Dribble Move > To Drop Step > Foul,349,2025-12-30,UW-Whitewater,defense,Luke Bara,play-by-play,False,,0.0,not located,
2025-12-30|349|34 Kanyon Bryte > Post-Up > Right Block > Left Shoulder > Dribble Move > To Drop Step > Foul,349,2025-12-30,UW-Whitewater,defense,Richie Warren,play-by-play,False,,0.0,not located,
2025-12-30|352|32 Luke Bara > P&R Ball Handler > High P&R > Dribble Off Pick > To Basket > Miss 2 Pts,352,2025-12-30,UW-Whitewater,offense,Collin Madson,play-by-play,False,,0.0,not located,
2025-12-30|352|32 Luke Bara > P&R Ball Handler > High P&R > Dribble Off Pick > To Basket > Miss 2 Pts,352,2025-12-30,UW-Whitewater,offense,Jake Quast,play-by-play,False,,0.0,not located,
2025-12-30|352|32 Luke Bara > P&R Ball Handler > High P&R > Dribble Off Pick > To Basket > Miss 2 Pts,352,2025-12-30,UW-Whitewater,offense,Kelton McEwen,play-by-play,False,,0.0,not located,
2025-12-30|352|32 Luke Bara > P&R Ball Handler > High P&R > Dribble Off Pick > To Basket > Miss 2 Pts,352,2025-12-30,UW-Whitewater,offense,Luke Bara,play-by-play,False,,0.0,not located,
2025-12-30|352|32 Luke Bara > P&R Ball Handler > High P&R > Dribble Off Pick > To Basket > Miss 2 Pts,352,2025-12-30,UW-Whitewater,offense,Tyshawn Teague-Johnson,play-by-play,False,,0.0,not located,
2025-12-30|352|32 Luke Bara > P&R Ball Handler > High P&R > Dribble Off Pick > To Basket > Miss 2 Pts,352,2025-12-30,Coe Kohawks,defense,Aaron Foote,play-by-play,False,,0.0,not located,
2025-12-30|352|32 Luke Bara > P&R Ball Handler > High P&R > Dribble Off Pick > To Basket > Miss 2 Pts,352,2025-12-30,Coe Kohawks,defense,Cooper Nailor,play-by-play,False,,0.0,not located,
2025-12-30|352|32 Luke Bara > P&R Ball Handler > High P&R > Dribble Off Pick > To Basket > Miss 2 Pts,352,2025-12-30,Coe Kohawks,defense,Deuce Walters,play-by-play,False,,0.0,not located,
2025-12-30|352|32 Luke Bara > P&R Ball Handler > High P&R > Dribble Off Pick > To Basket > Miss 2 Pts,352,2025-12-30,Coe Kohawks,defense,Kanyon Bryte,play-by-play,False,,0.0,not located,
2025-12-30|352|32 Luke Bara > P&R Ball Handler > High P&R > Dribble Off Pick > To Basket > Miss 2 Pts,352,2025-12-30,Coe Kohawks,defense,Ryan Dolphin,play-by-play,False,,0.0,not located,
2025-12-30|353|12 Jake Quast > Offensive Rebound > Short > Scoring Attempt > At Basket > Foul,353,2025-12-30,UW-Whitewater,offense,Collin Madson,play-by-play,False,,0.0,not located,
2025-12-30|353|12 Jake Quast > Offensive Rebound > Short > Scoring Attempt > At Basket > Foul,353,2025-12-30,UW-Whitewater,offense,Jake Quast,play-by-play,False,,0.0,not located,
2025-12-30|353|12 Jake Quast > Offensive Rebound > Short > Scoring Attempt > At Basket > Foul,353,2025-12-30,UW-Whitewater,offense,Kelton McEwen,play-by-play,False,,0.0,not located,
2025-12-30|353|12 Jake Quast > Offensive Rebound > Short > Scoring Attempt > At Basket > Foul,353,2025-12-30,UW-Whitewater,offense,Luke Bara,play-by-play,False,,0.0,not located,
2025-12-30|353|12 Jake Quast > Offensive Rebound > Short > Scoring Attempt > At Basket > Foul,353,2025-12-30,UW-Whitewater,offense,Tyshawn Teague-Johnson,play-by-play,False,,0.0,not located,
2025-12-30|353|12 Jake Quast > Offensive Rebound > Short > Scoring Attempt > At Basket > Foul,353,2025-12-30,Coe Kohawks,defense,Aaron Foote,play-by-play,False,,0.0,not located,
2025-12-30|353|12 Jake Quast > Offensive Rebound > Short > Scoring Attempt > At Basket > Foul,353,2025-12-30,Coe Kohawks,defense,Cooper Nailor,play-by-play,False,,0.0,not located,
2025-12-30|353|12 Jake Quast > Offensive Rebound > Short > Scoring Attempt > At Basket > Foul,353,2025-12-30,Coe Kohawks,defense,Deuce Walters,play-by-play,False,,0.0,not located,
2025-12-30|353|12 Jake Quast > Offensive Rebound > Short > Scoring Attempt > At Basket > Foul,353,2025-12-30,Coe Kohawks,defense,Kanyon Bryte,play-by-play,False,,0.0,not located,
2025-12-30|353|12 Jake Quast > Offensive Rebound > Short > Scoring Attempt > At Basket > Foul,353,2025-12-30,Coe Kohawks,defense,Ryan Dolphin,play-by-play,False,,0.0,not located,
2025-12-30|356|34 Kanyon Bryte > Post-Up > Right Block > Right Shoulder > Dribble Move > To Up and Under > Miss 2 Pts,356,2025-12-30,Coe Kohawks,offense,Aaron Foote,play-by-play,False,,0.0,not located,
2025-12-30|356|34 Kanyon Bryte > Post-Up > Right Block > Right Shoulder > Dribble Move > To Up and Under > Miss 2 Pts,356,2025-12-30,Coe Kohawks,offense,Cooper Nailor,play-by-play,False,,0.0,not located,
2025-12-30|356|34 Kanyon Bryte > Post-Up > Right Block > Right Shoulder > Dribble Move > To Up and Under > Miss 2 Pts,356,2025-12-30,Coe Kohawks,offense,Deuce Walters,play-by-play,False,,0.0,not located,
2025-12-30|356|34 Kanyon Bryte > Post-Up > Right Block > Right Shoulder > Dribble Move > To Up and Under > Miss 2 Pts,356,2025-12-30,Coe Kohawks,offense,Kanyon Bryte,play-by-play,False,,0.0,not located,
2025-12-30|356|34 Kanyon Bryte > Post-Up > Right Block > Right Shoulder > Dribble Move > To Up and Under > Miss 2 Pts,356,2025-12-30,Coe Kohawks,offense,Ryan Dolphin,play-by-play,False,,0.0,not located,
2025-12-30|356|34 Kanyon Bryte > Post-Up > Right Block > Right Shoulder > Dribble Move > To Up and Under > Miss 2 Pts,356,2025-12-30,UW-Whitewater,defense,Collin Madson,play-by-play,False,,0.0,not located,
2025-12-30|356|34 Kanyon Bryte > Post-Up > Right Block > Right Shoulder > Dribble Move > To Up and Under > Miss 2 Pts,356,2025-12-30,UW-Whitewater,defense,Jake Quast,play-by-play,False,,0.0,not located,
2025-12-30|356|34 Kanyon Bryte > Post-Up > Right Block > Right Shoulder > Dribble Move > To Up and Under > Miss 2 Pts,356,2025-12-30,UW-Whitewater,defense,Kelton McEwen,play-by-play,False,,0.0,not located,
2025-12-30|356|34 Kanyon Bryte > Post-Up > Right Block > Right Shoulder > Dribble Move > To Up and Under > Miss 2 Pts,356,2025-12-30,UW-Whitewater,defense,Luke Bara,play-by-play,False,,0.0,not located,
2025-12-30|356|34 Kanyon Bryte > Post-Up > Right Block > Right Shoulder > Dribble Move > To Up and Under > Miss 2 Pts,356,2025-12-30,UW-Whitewater,defense,Tyshawn Teague-Johnson,play-by-play,False,,0.0,not located,
2025-12-30|357|12 Jake Quast > ISO > Right > Drives Left > To Basket > Miss 2 Pts,357,2025-12-30,UW-Whitewater,offense,Collin Madson,play-by-play,False,,0.0,not located,
2025-12-30|357|12 Jake Quast > ISO > Right > Drives Left > To Basket > Miss 2 Pts,357,2025-12-30,UW-Whitewater,offense,Jake Quast,play-by-play,False,,0.0,not located,
2025-12-30|357|12 Jake Quast > ISO > Right > Drives Left > To Basket > Miss 2 Pts,357,2025-12-30,UW-Whitewater,offense,Kelton McEwen,play-by-play,False,,0.0,not located,
2025-12-30|357|12 Jake Quast > ISO > Right > Drives Left > To Basket > Miss 2 Pts,357,2025-12-30,UW-Whitewater,offense,Luke Bara,play-by-play,False,,0.0,not located,
2025-12-30|357|12 Jake Quast > ISO > Right > Drives Left > To Basket > Miss 2 Pts,357,2025-12-30,UW-Whitewater,offense,Tyshawn Teague-Johnson,play-by-play,False,,0.0,not located,
2025-12-30|357|12 Jake Quast > ISO > Right > Drives Left > To Basket > Miss 2 Pts,357,2025-12-30,Coe Kohawks,defense,Aaron Foote,play-by-play,False,,0.0,not located,
2025-12-30|357|12 Jake Quast > ISO > Right > Drives Left > To Basket > Miss 2 Pts,357,2025-12-30,Coe Kohawks,defense,Cooper Nailor,play-by-play,False,,0.0,not located,
2025-12-30|357|12 Jake Quast > ISO > Right > Drives Left > To Basket > Miss 2 Pts,357,2025-12-30,Coe Kohawks,defense,Deuce Walters,play-by-play,False,,0.0,not located,
2025-12-30|357|12 Jake Quast > ISO > Right > Drives Left > To Basket > Miss 2 Pts,357,2025-12-30,Coe Kohawks,defense,Kanyon Bryte,play-by-play,False,,0.0,not located,
2025-12-30|357|12 Jake Quast > ISO > Right > Drives Left > To Basket > Miss 2 Pts,357,2025-12-30,Coe Kohawks,defense,Ryan Dolphin,play-by-play,False,,0.0,not located,
2025-12-30|358|2 Ryan Dolphin > Non Possession > Non Shooting Foul,358,2025-12-30,Coe Kohawks,offense,Aaron Foote,play-by-play,False,,0.0,not located,
2025-12-30|358|2 Ryan Dolphin > Non Possession > Non Shooting Foul,358,2025-12-30,Coe Kohawks,offense,Cooper Nailor,play-by-play,False,,0.0,not located,
2025-12-30|358|2 Ryan Dolphin > Non Possession > Non Shooting Foul,358,2025-12-30,Coe Kohawks,offense,Deuce Walters,play-by-play,False,,0.0,not located,
2025-12-30|358|2 Ryan Dolphin > Non Possession > Non Shooting Foul,358,2025-12-30,Coe Kohawks,offense,Kanyon Bryte,play-by-play,False,,0.0,not located,
2025-12-30|358|2 Ryan Dolphin > Non Possession > Non Shooting Foul,358,2025-12-30,Coe Kohawks,offense,Ryan Dolphin,play-by-play,False,,0.0,not located,
2025-12-30|358|2 Ryan Dolphin > Non Possession > Non Shooting Foul,358,2025-12-30,UW-Whitewater,defense,Collin Madson,play-by-play,False,,0.0,not located,
2025-12-30|358|2 Ryan Dolphin > Non Possession > Non Shooting Foul,358,2025-12-30,UW-Whitewater,defense,Jake Quast,play-by-play,False,,0.0,not located,
2025-12-30|358|2 Ryan Dolphin > Non Possession > Non Shooting Foul,358,2025-12-30,UW-Whitewater,defense,Kelton McEwen,play-by-play,False,,0.0,not located,
2025-12-30|358|2 Ryan Dolphin > Non Possession > Non Shooting Foul,358,2025-12-30,UW-Whitewater,defense,Luke Bara,play-by-play,False,,0.0,not located,
2025-12-30|358|2 Ryan Dolphin > Non Possession > Non Shooting Foul,358,2025-12-30,UW-Whitewater,defense,Tyshawn Teague-Johnson,play-by-play,False,,0.0,not located,
2025-12-30|359|12 C. Reece Breitenbach > Post-Up > Right Block > Right Shoulder > Dribble Move > Defense Commits > Turnover,359,2025-12-30,Coe Kohawks,offense,Aaron Foote,play-by-play,False,,0.0,not located,
2025-12-30|359|12 C. Reece Breitenbach > Post-Up > Right Block > Right Shoulder > Dribble Move > Defense Commits > Turnover,359,2025-12-30,Coe Kohawks,offense,C. Reece Breitenbach,play-by-play,False,,0.0,not located,
2025-12-30|359|12 C. Reece Breitenbach > Post-Up > Right Block > Right Shoulder > Dribble Move > Defense Commits > Turnover,359,2025-12-30,Coe Kohawks,offense,Cooper Nailor,play-by-play,False,,0.0,not located,
2025-12-30|359|12 C. Reece Breitenbach > Post-Up > Right Block > Right Shoulder > Dribble Move > Defense Commits > Turnover,359,2025-12-30,Coe Kohawks,offense,Jackson Bowman,play-by-play,False,,0.0,not located,
2025-12-30|359|12 C. Reece Breitenbach > Post-Up > Right Block > Right Shoulder > Dribble Move > Defense Commits > Turnover,359,2025-12-30,Coe Kohawks,offense,Ryan Dolphin,play-by-play,False,,0.0,not located,
2025-12-30|359|12 C. Reece Breitenbach > Post-Up > Right Block > Right Shoulder > Dribble Move > Defense Commits > Turnover,359,2025-12-30,UW-Whitewater,defense,JR Lukenbill,play-by-play,False,,0.0,not located,
2025-12-30|359|12 C. Reece Breitenbach > Post-Up > Right Block > Right Shoulder > Dribble Move > Defense Commits > Turnover,359,2025-12-30,UW-Whitewater,defense,Jake Quast,play-by-play,False,,0.0,not located,
2025-12-30|359|12 C. Reece Breitenbach > Post-Up > Right Block > Right Shoulder > Dribble Move > Defense Commits > Turnover,359,2025-12-30,UW-Whitewater,defense,Joey Berezowitz,play-by-play,False,,0.0,not located,
2025-12-30|359|12 C. Reece Breitenbach > Post-Up > Right Block > Right Shoulder > Dribble Move > Defense Commits > Turnover,359,2025-12-30,UW-Whitewater,defense,Kelton McEwen,play-by-play,False,,0.0,not located,
2025-12-30|359|12 C. Reece Breitenbach > Post-Up > Right Block > Right Shoulder > Dribble Move > Defense Commits > Turnover,359,2025-12-30,UW-Whitewater,defense,Tyshawn Teague-Johnson,play-by-play,False,,0.0,not located,
2025-12-30|360|11 Jr Lukenbill > Spot-Up > Drives Right > To Basket > Make 2 Pts,360,2025-12-30,UW-Whitewater,offense,JR Lukenbill,play-by-play,False,,0.0,not located,
2025-12-30|360|11 Jr Lukenbill > Spot-Up > Drives Right > To Basket > Make 2 Pts,360,2025-12-30,UW-Whitewater,offense,Jake Quast,play-by-play,False,,0.0,not located,
2025-12-30|360|11 Jr Lukenbill > Spot-Up > Drives Right > To Basket > Make 2 Pts,360,2025-12-30,UW-Whitewater,offense,Joey Berezowitz,play-by-play,False,,0.0,not located,
2025-12-30|360|11 Jr Lukenbill > Spot-Up > Drives Right > To Basket > Make 2 Pts,360,2025-12-30,UW-Whitewater,offense,Kelton McEwen,play-by-play,False,,0.0,not located,
2025-12-30|360|11 Jr Lukenbill > Spot-Up > Drives Right > To Basket > Make 2 Pts,360,2025-12-30,UW-Whitewater,offense,Tyshawn Teague-Johnson,play-by-play,False,,0.0,not located,
2025-12-30|360|11 Jr Lukenbill > Spot-Up > Drives Right > To Basket > Make 2 Pts,360,2025-12-30,Coe Kohawks,defense,Aaron Foote,play-by-play,False,,0.0,not located,
2025-12-30|360|11 Jr Lukenbill > Spot-Up > Drives Right > To Basket > Make 2 Pts,360,2025-12-30,Coe Kohawks,defense,C. Reece Breitenbach,play-by-play,False,,0.0,not located,
2025-12-30|360|11 Jr Lukenbill > Spot-Up > Drives Right > To Basket > Make 2 Pts,360,2025-12-30,Coe Kohawks,defense,Cooper Nailor,play-by-play,False,,0.0,not located,
2025-12-30|360|11 Jr Lukenbill > Spot-Up > Drives Right > To Basket > Make 2 Pts,360,2025-12-30,Coe Kohawks,defense,Jackson Bowman,play-by-play,False,,0.0,not located,
2025-12-30|360|11 Jr Lukenbill > Spot-Up > Drives Right > To Basket > Make 2 Pts,360,2025-12-30,Coe Kohawks,defense,Ryan Dolphin,play-by-play,False,,0.0,not located,
2025-12-30|361|2 Ryan Dolphin > Non Possession > No Violation,361,2025-12-30,UW-Whitewater,defense,JR Lukenbill,clips before/after (no clock),False,,0.0,not located,
2025-12-30|361|2 Ryan Dolphin > Non Possession > No Violation,361,2025-12-30,UW-Whitewater,defense,Jake Quast,clips before/after (no clock),False,,0.0,not located,
2025-12-30|361|2 Ryan Dolphin > Non Possession > No Violation,361,2025-12-30,UW-Whitewater,defense,Joey Berezowitz,clips before/after (no clock),False,,0.0,not located,
2025-12-30|361|2 Ryan Dolphin > Non Possession > No Violation,361,2025-12-30,UW-Whitewater,defense,Kelton McEwen,clips before/after (no clock),False,,0.0,not located,
2025-12-30|361|2 Ryan Dolphin > Non Possession > No Violation,361,2025-12-30,UW-Whitewater,defense,Tyshawn Teague-Johnson,clips before/after (no clock),False,,0.0,not located,
2025-12-30|362|5 Cooper Nailor > Spot-Up > Drives Right > To Basket > Turnover,362,2025-12-30,Coe Kohawks,offense,C. Reece Breitenbach,play-by-play,False,,0.0,not located,
2025-12-30|362|5 Cooper Nailor > Spot-Up > Drives Right > To Basket > Turnover,362,2025-12-30,Coe Kohawks,offense,Cooper Nailor,play-by-play,False,,0.0,not located,
2025-12-30|362|5 Cooper Nailor > Spot-Up > Drives Right > To Basket > Turnover,362,2025-12-30,Coe Kohawks,offense,Jackson Bowman,play-by-play,False,,0.0,not located,
2025-12-30|362|5 Cooper Nailor > Spot-Up > Drives Right > To Basket > Turnover,362,2025-12-30,Coe Kohawks,offense,Jackson Newell,play-by-play,False,,0.0,not located,
2025-12-30|362|5 Cooper Nailor > Spot-Up > Drives Right > To Basket > Turnover,362,2025-12-30,Coe Kohawks,offense,Ryan Dolphin,play-by-play,False,,0.0,not located,
2025-12-30|362|5 Cooper Nailor > Spot-Up > Drives Right > To Basket > Turnover,362,2025-12-30,UW-Whitewater,defense,JR Lukenbill,play-by-play,False,,0.0,not located,
2025-12-30|362|5 Cooper Nailor > Spot-Up > Drives Right > To Basket > Turnover,362,2025-12-30,UW-Whitewater,defense,Jake Quast,play-by-play,False,,0.0,not located,
2025-12-30|362|5 Cooper Nailor > Spot-Up > Drives Right > To Basket > Turnover,362,2025-12-30,UW-Whitewater,defense,Joey Berezowitz,play-by-play,False,,0.0,not located,
2025-12-30|362|5 Cooper Nailor > Spot-Up > Drives Right > To Basket > Turnover,362,2025-12-30,UW-Whitewater,defense,Kelton McEwen,play-by-play,False,,0.0,not located,
2025-12-30|362|5 Cooper Nailor > Spot-Up > Drives Right > To Basket > Turnover,362,2025-12-30,UW-Whitewater,defense,Tyshawn Teague-Johnson,play-by-play,False,,0.0,not located,
2025-12-30|363|40 Tyshawn Teague-Johnson > Post-Up > Flash Middle > Turnover,363,2025-12-30,UW-Whitewater,offense,JR Lukenbill,play-by-play,False,,0.0,not located,
2025-12-30|363|40 Tyshawn Teague-Johnson > Post-Up > Flash Middle > Turnover,363,2025-12-30,UW-Whitewater,offense,Jake Quast,play-by-play,False,,0.0,not located,
2025-12-30|363|40 Tyshawn Teague-Johnson > Post-Up > Flash Middle > Turnover,363,2025-12-30,UW-Whitewater,offense,Joey Berezowitz,play-by-play,False,,0.0,not located,
2025-12-30|363|40 Tyshawn Teague-Johnson > Post-Up > Flash Middle > Turnover,363,2025-12-30,UW-Whitewater,offense,Kelton McEwen,play-by-play,False,,0.0,not located,
2025-12-30|363|40 Tyshawn Teague-Johnson > Post-Up > Flash Middle > Turnover,363,2025-12-30,UW-Whitewater,offense,Tyshawn Teague-Johnson,play-by-play,True,49,11.0,Synergy,0.95
2025-12-30|363|40 Tyshawn Teague-Johnson > Post-Up > Flash Middle > Turnover,363,2025-12-30,Coe Kohawks,defense,C. Reece Breitenbach,play-by-play,False,,0.0,not located,
2025-12-30|363|40 Tyshawn Teague-Johnson > Post-Up > Flash Middle > Turnover,363,2025-12-30,Coe Kohawks,defense,Cooper Nailor,play-by-play,False,,0.0,not located,
2025-12-30|363|40 Tyshawn Teague-Johnson > Post-Up > Flash Middle > Turnover,363,2025-12-30,Coe Kohawks,defense,Jackson Bowman,play-by-play,False,,0.0,not located,
2025-12-30|363|40 Tyshawn Teague-Johnson > Post-Up > Flash Middle > Turnover,363,2025-12-30,Coe Kohawks,defense,Jackson Newell,play-by-play,False,,0.0,not located,
2025-12-30|363|40 Tyshawn Teague-Johnson > Post-Up > Flash Middle > Turnover,363,2025-12-30,Coe Kohawks,defense,Ryan Dolphin,play-by-play,False,,0.0,not located,
2025-12-30|364|5 Cooper Nailor > Cut > Basket > Make 2 Pts,364,2025-12-30,Coe Kohawks,offense,C. Reece Breitenbach,play-by-play,False,,0.0,not located,
2025-12-30|364|5 Cooper Nailor > Cut > Basket > Make 2 Pts,364,2025-12-30,Coe Kohawks,offense,Cooper Nailor,play-by-play,False,,0.0,not located,
2025-12-30|364|5 Cooper Nailor > Cut > Basket > Make 2 Pts,364,2025-12-30,Coe Kohawks,offense,Jackson Bowman,play-by-play,False,,0.0,not located,
2025-12-30|364|5 Cooper Nailor > Cut > Basket > Make 2 Pts,364,2025-12-30,Coe Kohawks,offense,Jackson Newell,play-by-play,False,,0.0,not located,
2025-12-30|364|5 Cooper Nailor > Cut > Basket > Make 2 Pts,364,2025-12-30,Coe Kohawks,offense,Ryan Dolphin,play-by-play,False,,0.0,not located,
2025-12-30|364|5 Cooper Nailor > Cut > Basket > Make 2 Pts,364,2025-12-30,UW-Whitewater,defense,JR Lukenbill,play-by-play,False,,0.0,not located,
2025-12-30|364|5 Cooper Nailor > Cut > Basket > Make 2 Pts,364,2025-12-30,UW-Whitewater,defense,Jake Quast,play-by-play,False,,0.0,not located,
2025-12-30|364|5 Cooper Nailor > Cut > Basket > Make 2 Pts,364,2025-12-30,UW-Whitewater,defense,Joey Berezowitz,play-by-play,False,,0.0,not located,
2025-12-30|364|5 Cooper Nailor > Cut > Basket > Make 2 Pts,364,2025-12-30,UW-Whitewater,defense,Kelton McEwen,play-by-play,False,,0.0,not located,
2025-12-30|364|5 Cooper Nailor > Cut > Basket > Make 2 Pts,364,2025-12-30,UW-Whitewater,defense,Tyshawn Teague-Johnson,play-by-play,False,,0.0,not located,
2025-12-30|365|40 Tyshawn Teague-Johnson > No Play Type > To Basket > Miss 2 Pts,365,2025-12-30,UW-Whitewater,offense,JR Lukenbill,play-by-play,False,,0.0,not located,
2025-12-30|365|40 Tyshawn Teague-Johnson > No Play Type > To Basket > Miss 2 Pts,365,2025-12-30,UW-Whitewater,offense,Jake Quast,play-by-play,False,,0.0,not located,
2025-12-30|365|40 Tyshawn Teague-Johnson > No Play Type > To Basket > Miss 2 Pts,365,2025-12-30,UW-Whitewater,offense,Joey Berezowitz,play-by-play,False,,0.0,not located,
2025-12-30|365|40 Tyshawn Teague-Johnson > No Play Type > To Basket > Miss 2 Pts,365,2025-12-30,UW-Whitewater,offense,Kelton McEwen,play-by-play,False,,0.0,not located,
2025-12-30|365|40 Tyshawn Teague-Johnson > No Play Type > To Basket > Miss 2 Pts,365,2025-12-30,UW-Whitewater,offense,Tyshawn Teague-Johnson,play-by-play,False,,0.0,not located,
2025-12-30|365|40 Tyshawn Teague-Johnson > No Play Type > To Basket > Miss 2 Pts,365,2025-12-30,Coe Kohawks,defense,C. Reece Breitenbach,play-by-play,False,,0.0,not located,
2025-12-30|365|40 Tyshawn Teague-Johnson > No Play Type > To Basket > Miss 2 Pts,365,2025-12-30,Coe Kohawks,defense,Cooper Nailor,play-by-play,False,,0.0,not located,
2025-12-30|365|40 Tyshawn Teague-Johnson > No Play Type > To Basket > Miss 2 Pts,365,2025-12-30,Coe Kohawks,defense,Jackson Bowman,play-by-play,False,,0.0,not located,
2025-12-30|365|40 Tyshawn Teague-Johnson > No Play Type > To Basket > Miss 2 Pts,365,2025-12-30,Coe Kohawks,defense,Jackson Newell,play-by-play,False,,0.0,not located,
2025-12-30|365|40 Tyshawn Teague-Johnson > No Play Type > To Basket > Miss 2 Pts,365,2025-12-30,Coe Kohawks,defense,Ryan Dolphin,play-by-play,False,,0.0,not located,
2025-12-30|366|2 Ryan Dolphin > P&R Ball Handler > High P&R > Dribble Off Pick > Defense Commits > Ball Delivered > 12 C. Reece Breitenbach > Spot-Up > No Dribble Jumper > Guarded > Long/3pt > Make 3 Pts,366,2025-12-30,Coe Kohawks,offense,C. Reece Breitenbach,play-by-play,False,,0.0,not located,
2025-12-30|366|2 Ryan Dolphin > P&R Ball Handler > High P&R > Dribble Off Pick > Defense Commits > Ball Delivered > 12 C. Reece Breitenbach > Spot-Up > No Dribble Jumper > Guarded > Long/3pt > Make 3 Pts,366,2025-12-30,Coe Kohawks,offense,Cooper Nailor,play-by-play,False,,0.0,not located,
2025-12-30|366|2 Ryan Dolphin > P&R Ball Handler > High P&R > Dribble Off Pick > Defense Commits > Ball Delivered > 12 C. Reece Breitenbach > Spot-Up > No Dribble Jumper > Guarded > Long/3pt > Make 3 Pts,366,2025-12-30,Coe Kohawks,offense,Jackson Bowman,play-by-play,False,,0.0,not located,
2025-12-30|366|2 Ryan Dolphin > P&R Ball Handler > High P&R > Dribble Off Pick > Defense Commits > Ball Delivered > 12 C. Reece Breitenbach > Spot-Up > No Dribble Jumper > Guarded > Long/3pt > Make 3 Pts,366,2025-12-30,Coe Kohawks,offense,Jackson Newell,play-by-play,False,,0.0,not located,
2025-12-30|366|2 Ryan Dolphin > P&R Ball Handler > High P&R > Dribble Off Pick > Defense Commits > Ball Delivered > 12 C. Reece Breitenbach > Spot-Up > No Dribble Jumper > Guarded > Long/3pt > Make 3 Pts,366,2025-12-30,Coe Kohawks,offense,Ryan Dolphin,play-by-play,True,7,15.0,Synergy,0.95
2025-12-30|366|2 Ryan Dolphin > P&R Ball Handler > High P&R > Dribble Off Pick > Defense Commits > Ball Delivered > 12 C. Reece Breitenbach > Spot-Up > No Dribble Jumper > Guarded > Long/3pt > Make 3 Pts,366,2025-12-30,UW-Whitewater,defense,JR Lukenbill,play-by-play,False,,0.0,not located,
2025-12-30|366|2 Ryan Dolphin > P&R Ball Handler > High P&R > Dribble Off Pick > Defense Commits > Ball Delivered > 12 C. Reece Breitenbach > Spot-Up > No Dribble Jumper > Guarded > Long/3pt > Make 3 Pts,366,2025-12-30,UW-Whitewater,defense,Jake Quast,play-by-play,False,,0.0,not located,
2025-12-30|366|2 Ryan Dolphin > P&R Ball Handler > High P&R > Dribble Off Pick > Defense Commits > Ball Delivered > 12 C. Reece Breitenbach > Spot-Up > No Dribble Jumper > Guarded > Long/3pt > Make 3 Pts,366,2025-12-30,UW-Whitewater,defense,Joey Berezowitz,play-by-play,False,,0.0,not located,
2025-12-30|366|2 Ryan Dolphin > P&R Ball Handler > High P&R > Dribble Off Pick > Defense Commits > Ball Delivered > 12 C. Reece Breitenbach > Spot-Up > No Dribble Jumper > Guarded > Long/3pt > Make 3 Pts,366,2025-12-30,UW-Whitewater,defense,Kelton McEwen,play-by-play,False,,0.0,not located,
2025-12-30|366|2 Ryan Dolphin > P&R Ball Handler > High P&R > Dribble Off Pick > Defense Commits > Ball Delivered > 12 C. Reece Breitenbach > Spot-Up > No Dribble Jumper > Guarded > Long/3pt > Make 3 Pts,366,2025-12-30,UW-Whitewater,defense,Tyshawn Teague-Johnson,play-by-play,False,,0.0,not located,
2025-12-30|367|12 Jake Quast > P&R Ball Handler > Left P&R > Side > Go Away from Pick > To Basket > Miss 2 Pts,367,2025-12-30,UW-Whitewater,offense,JR Lukenbill,play-by-play,False,,0.0,not located,
2025-12-30|367|12 Jake Quast > P&R Ball Handler > Left P&R > Side > Go Away from Pick > To Basket > Miss 2 Pts,367,2025-12-30,UW-Whitewater,offense,Jake Quast,play-by-play,False,,0.0,not located,
2025-12-30|367|12 Jake Quast > P&R Ball Handler > Left P&R > Side > Go Away from Pick > To Basket > Miss 2 Pts,367,2025-12-30,UW-Whitewater,offense,Joey Berezowitz,play-by-play,False,,0.0,not located,
2025-12-30|367|12 Jake Quast > P&R Ball Handler > Left P&R > Side > Go Away from Pick > To Basket > Miss 2 Pts,367,2025-12-30,UW-Whitewater,offense,Kelton McEwen,play-by-play,False,,0.0,not located,
2025-12-30|367|12 Jake Quast > P&R Ball Handler > Left P&R > Side > Go Away from Pick > To Basket > Miss 2 Pts,367,2025-12-30,UW-Whitewater,offense,Tyshawn Teague-Johnson,play-by-play,False,,0.0,not located,
2025-12-30|367|12 Jake Quast > P&R Ball Handler > Left P&R > Side > Go Away from Pick > To Basket > Miss 2 Pts,367,2025-12-30,Coe Kohawks,defense,C. Reece Breitenbach,play-by-play,False,,0.0,not located,
2025-12-30|367|12 Jake Quast > P&R Ball Handler > Left P&R > Side > Go Away from Pick > To Basket > Miss 2 Pts,367,2025-12-30,Coe Kohawks,defense,Cooper Nailor,play-by-play,False,,0.0,not located,
2025-12-30|367|12 Jake Quast > P&R Ball Handler > Left P&R > Side > Go Away from Pick > To Basket > Miss 2 Pts,367,2025-12-30,Coe Kohawks,defense,Jackson Bowman,play-by-play,False,,0.0,not located,
2025-12-30|367|12 Jake Quast > P&R Ball Handler > Left P&R > Side > Go Away from Pick > To Basket > Miss 2 Pts,367,2025-12-30,Coe Kohawks,defense,Jackson Newell,play-by-play,False,,0.0,not located,
2025-12-30|367|12 Jake Quast > P&R Ball Handler > Left P&R > Side > Go Away from Pick > To Basket > Miss 2 Pts,367,2025-12-30,Coe Kohawks,defense,Ryan Dolphin,play-by-play,False,,0.0,not located,
2025-12-30|368|35 Jackson Newell > Non Possession > Non Shooting Foul,368,2025-12-30,Coe Kohawks,offense,C. Reece Breitenbach,play-by-play,False,,0.0,not located,
2025-12-30|368|35 Jackson Newell > Non Possession > Non Shooting Foul,368,2025-12-30,Coe Kohawks,offense,Cooper Nailor,play-by-play,False,,0.0,not located,
2025-12-30|368|35 Jackson Newell > Non Possession > Non Shooting Foul,368,2025-12-30,Coe Kohawks,offense,Jackson Bowman,play-by-play,False,,0.0,not located,
2025-12-30|368|35 Jackson Newell > Non Possession > Non Shooting Foul,368,2025-12-30,Coe Kohawks,offense,Jackson Newell,play-by-play,False,,0.0,not located,
2025-12-30|368|35 Jackson Newell > Non Possession > Non Shooting Foul,368,2025-12-30,Coe Kohawks,offense,Ryan Dolphin,play-by-play,False,,0.0,not located,
2025-12-30|368|35 Jackson Newell > Non Possession > Non Shooting Foul,368,2025-12-30,UW-Whitewater,defense,JR Lukenbill,play-by-play,False,,0.0,not located,
2025-12-30|368|35 Jackson Newell > Non Possession > Non Shooting Foul,368,2025-12-30,UW-Whitewater,defense,Jake Quast,play-by-play,False,,0.0,not located,
2025-12-30|368|35 Jackson Newell > Non Possession > Non Shooting Foul,368,2025-12-30,UW-Whitewater,defense,Joey Berezowitz,play-by-play,False,,0.0,not located,
2025-12-30|368|35 Jackson Newell > Non Possession > Non Shooting Foul,368,2025-12-30,UW-Whitewater,defense,Kelton McEwen,play-by-play,False,,0.0,not located,
2025-12-30|368|35 Jackson Newell > Non Possession > Non Shooting Foul,368,2025-12-30,UW-Whitewater,defense,Tyshawn Teague-Johnson,play-by-play,False,,0.0,not located,
2025-12-30|369|35 Jackson Newell > Cut > Basket > Make 2 Pts,369,2025-12-30,Coe Kohawks,offense,C. Reece Breitenbach,play-by-play,False,,0.0,not located,
2025-12-30|369|35 Jackson Newell > Cut > Basket > Make 2 Pts,369,2025-12-30,Coe Kohawks,offense,Cooper Nailor,play-by-play,False,,0.0,not located,
2025-12-30|369|35 Jackson Newell > Cut > Basket > Make 2 Pts,369,2025-12-30,Coe Kohawks,offense,Jackson Bowman,play-by-play,False,,0.0,not located,
2025-12-30|369|35 Jackson Newell > Cut > Basket > Make 2 Pts,369,2025-12-30,Coe Kohawks,offense,Jackson Newell,play-by-play,False,,0.0,not located,
2025-12-30|369|35 Jackson Newell > Cut > Basket > Make 2 Pts,369,2025-12-30,Coe Kohawks,offense,Ryan Dolphin,play-by-play,False,,0.0,not located,
2025-12-30|369|35 Jackson Newell > Cut > Basket > Make 2 Pts,369,2025-12-30,UW-Whitewater,defense,Collin Madson,play-by-play,False,,0.0,not located,
2025-12-30|369|35 Jackson Newell > Cut > Basket > Make 2 Pts,369,2025-12-30,UW-Whitewater,defense,Joey Berezowitz,play-by-play,False,,0.0,not located,
2025-12-30|369|35 Jackson Newell > Cut > Basket > Make 2 Pts,369,2025-12-30,UW-Whitewater,defense,Kelton McEwen,play-by-play,False,,0.0,not located,
2025-12-30|369|35 Jackson Newell > Cut > Basket > Make 2 Pts,369,2025-12-30,UW-Whitewater,defense,Richie Warren,play-by-play,False,,0.0,not located,
2025-12-30|369|35 Jackson Newell > Cut > Basket > Make 2 Pts,369,2025-12-30,UW-Whitewater,defense,Tyshawn Teague-Johnson,play-by-play,False,,0.0,not located,
2025-12-30|370|15 Collin Madson > P&R Ball Handler > High P&R > Dribble Off Pick > To Basket > Make 2 Pts,370,2025-12-30,UW-Whitewater,offense,Collin Madson,play-by-play,False,,0.0,not located,
2025-12-30|370|15 Collin Madson > P&R Ball Handler > High P&R > Dribble Off Pick > To Basket > Make 2 Pts,370,2025-12-30,UW-Whitewater,offense,Joey Berezowitz,play-by-play,False,,0.0,not located,
2025-12-30|370|15 Collin Madson > P&R Ball Handler > High P&R > Dribble Off Pick > To Basket > Make 2 Pts,370,2025-12-30,UW-Whitewater,offense,Kelton McEwen,play-by-play,False,,0.0,not located,
2025-12-30|370|15 Collin Madson > P&R Ball Handler > High P&R > Dribble Off Pick > To Basket > Make 2 Pts,370,2025-12-30,UW-Whitewater,offense,Richie Warren,play-by-play,False,,0.0,not located,
2025-12-30|370|15 Collin Madson > P&R Ball Handler > High P&R > Dribble Off Pick > To Basket > Make 2 Pts,370,2025-12-30,UW-Whitewater,offense,Tyshawn Teague-Johnson,play-by-play,False,,0.0,not located,
2025-12-30|370|15 Collin Madson > P&R Ball Handler > High P&R > Dribble Off Pick > To Basket > Make 2 Pts,370,2025-12-30,Coe Kohawks,defense,C. Reece Breitenbach,play-by-play,False,,0.0,not located,
2025-12-30|370|15 Collin Madson > P&R Ball Handler > High P&R > Dribble Off Pick > To Basket > Make 2 Pts,370,2025-12-30,Coe Kohawks,defense,Cooper Nailor,play-by-play,False,,0.0,not located,
2025-12-30|370|15 Collin Madson > P&R Ball Handler > High P&R > Dribble Off Pick > To Basket > Make 2 Pts,370,2025-12-30,Coe Kohawks,defense,Jackson Bowman,play-by-play,False,,0.0,not located,
2025-12-30|370|15 Collin Madson > P&R Ball Handler > High P&R > Dribble Off Pick > To Basket > Make 2 Pts,370,2025-12-30,Coe Kohawks,defense,Jackson Newell,play-by-play,False,,0.0,not located,
2025-12-30|370|15 Collin Madson > P&R Ball Handler > High P&R > Dribble Off Pick > To Basket > Make 2 Pts,370,2025-12-30,Coe Kohawks,defense,Ryan Dolphin,play-by-play,False,,0.0,not located,
2025-12-30|371|5 Cooper Nailor > Non Possession > Non Shooting Foul,371,2025-12-30,Coe Kohawks,offense,C. Reece Breitenbach,play-by-play,False,,0.0,not located,
2025-12-30|371|5 Cooper Nailor > Non Possession > Non Shooting Foul,371,2025-12-30,Coe Kohawks,offense,Cooper Nailor,play-by-play,False,,0.0,not located,
2025-12-30|371|5 Cooper Nailor > Non Possession > Non Shooting Foul,371,2025-12-30,Coe Kohawks,offense,Jackson Bowman,play-by-play,False,,0.0,not located,
2025-12-30|371|5 Cooper Nailor > Non Possession > Non Shooting Foul,371,2025-12-30,Coe Kohawks,offense,Jackson Newell,play-by-play,False,,0.0,not located,
2025-12-30|371|5 Cooper Nailor > Non Possession > Non Shooting Foul,371,2025-12-30,Coe Kohawks,offense,Ryan Dolphin,play-by-play,False,,0.0,not located,
2025-12-30|371|5 Cooper Nailor > Non Possession > Non Shooting Foul,371,2025-12-30,UW-Whitewater,defense,Collin Madson,play-by-play,False,,0.0,not located,
2025-12-30|371|5 Cooper Nailor > Non Possession > Non Shooting Foul,371,2025-12-30,UW-Whitewater,defense,Joey Berezowitz,play-by-play,False,,0.0,not located,
2025-12-30|371|5 Cooper Nailor > Non Possession > Non Shooting Foul,371,2025-12-30,UW-Whitewater,defense,Kelton McEwen,play-by-play,False,,0.0,not located,
2025-12-30|371|5 Cooper Nailor > Non Possession > Non Shooting Foul,371,2025-12-30,UW-Whitewater,defense,Richie Warren,play-by-play,False,,0.0,not located,
2025-12-30|371|5 Cooper Nailor > Non Possession > Non Shooting Foul,371,2025-12-30,UW-Whitewater,defense,Tyshawn Teague-Johnson,play-by-play,False,,0.0,not located,
2025-12-30|372|2 Ryan Dolphin > Spot-Up > No Dribble Jumper > Guarded > Long/3pt > Make 3 Pts,372,2025-12-30,Coe Kohawks,offense,C. Reece Breitenbach,play-by-play,False,,0.0,not located,
2025-12-30|372|2 Ryan Dolphin > Spot-Up > No Dribble Jumper > Guarded > Long/3pt > Make 3 Pts,372,2025-12-30,Coe Kohawks,offense,Cooper Nailor,play-by-play,False,,0.0,not located,
2025-12-30|372|2 Ryan Dolphin > Spot-Up > No Dribble Jumper > Guarded > Long/3pt > Make 3 Pts,372,2025-12-30,Coe Kohawks,offense,Jackson Bowman,play-by-play,False,,0.0,not located,
2025-12-30|372|2 Ryan Dolphin > Spot-Up > No Dribble Jumper > Guarded > Long/3pt > Make 3 Pts,372,2025-12-30,Coe Kohawks,offense,Jackson Newell,play-by-play,False,,0.0,not located,
2025-12-30|372|2 Ryan Dolphin > Spot-Up > No Dribble Jumper > Guarded > Long/3pt > Make 3 Pts,372,2025-12-30,Coe Kohawks,offense,Ryan Dolphin,play-by-play,False,,0.0,not located,
2025-12-30|372|2 Ryan Dolphin > Spot-Up > No Dribble Jumper > Guarded > Long/3pt > Make 3 Pts,372,2025-12-30,UW-Whitewater,defense,Collin Madson,play-by-play,False,,0.0,not located,
2025-12-30|372|2 Ryan Dolphin > Spot-Up > No Dribble Jumper > Guarded > Long/3pt > Make 3 Pts,372,2025-12-30,UW-Whitewater,defense,Joey Berezowitz,play-by-play,False,,0.0,not located,
2025-12-30|372|2 Ryan Dolphin > Spot-Up > No Dribble Jumper > Guarded > Long/3pt > Make 3 Pts,372,2025-12-30,UW-Whitewater,defense,Luke Bara,play-by-play,False,,0.0,not located,
2025-12-30|372|2 Ryan Dolphin > Spot-Up > No Dribble Jumper > Guarded > Long/3pt > Make 3 Pts,372,2025-12-30,UW-Whitewater,defense,Richie Warren,play-by-play,False,,0.0,not located,
2025-12-30|372|2 Ryan Dolphin > Spot-Up > No Dribble Jumper > Guarded > Long/3pt > Make 3 Pts,372,2025-12-30,UW-Whitewater,defense,Tyshawn Teague-Johnson,play-by-play,False,,0.0,not located,
2025-12-30|373|15 Collin Madson > Non Possession > Non Shooting Foul,373,2025-12-30,UW-Whitewater,offense,Collin Madson,clips before/after (no clock),False,,0.0,not located,
2025-12-30|373|15 Collin Madson > Non Possession > Non Shooting Foul,373,2025-12-30,UW-Whitewater,offense,Joey Berezowitz,clips before/after (no clock),False,,0.0,not located,
2025-12-30|373|15 Collin Madson > Non Possession > Non Shooting Foul,373,2025-12-30,UW-Whitewater,offense,Luke Bara,clips before/after (no clock),False,,0.0,not located,
2025-12-30|373|15 Collin Madson > Non Possession > Non Shooting Foul,373,2025-12-30,UW-Whitewater,offense,Richie Warren,clips before/after (no clock),False,,0.0,not located,
2025-12-30|373|15 Collin Madson > Non Possession > Non Shooting Foul,373,2025-12-30,UW-Whitewater,offense,Tyshawn Teague-Johnson,clips before/after (no clock),False,,0.0,not located,
2025-12-30|374|15 Collin Madson > Spot-Up > Drives Right > To Basket > Foul,374,2025-12-30,UW-Whitewater,offense,Collin Madson,play-by-play,True,4,14.0,coach checked,0.99
2025-12-30|374|15 Collin Madson > Spot-Up > Drives Right > To Basket > Foul,374,2025-12-30,UW-Whitewater,offense,Joey Berezowitz,play-by-play,False,,0.0,not located,
2025-12-30|374|15 Collin Madson > Spot-Up > Drives Right > To Basket > Foul,374,2025-12-30,UW-Whitewater,offense,Luke Bara,play-by-play,False,,0.0,not located,
2025-12-30|374|15 Collin Madson > Spot-Up > Drives Right > To Basket > Foul,374,2025-12-30,UW-Whitewater,offense,Richie Warren,play-by-play,False,,0.0,not located,
2025-12-30|374|15 Collin Madson > Spot-Up > Drives Right > To Basket > Foul,374,2025-12-30,UW-Whitewater,offense,Tyshawn Teague-Johnson,play-by-play,False,,0.0,not located,
2025-12-30|374|15 Collin Madson > Spot-Up > Drives Right > To Basket > Foul,374,2025-12-30,Coe Kohawks,defense,Cooper Nailor,play-by-play,True,39,18.5,coach checked,0.99
2025-12-30|374|15 Collin Madson > Spot-Up > Drives Right > To Basket > Foul,374,2025-12-30,Coe Kohawks,defense,Jackson Bowman,play-by-play,True,2;61,26.2,best guess,0.31
2025-12-30|374|15 Collin Madson > Spot-Up > Drives Right > To Basket > Foul,374,2025-12-30,Coe Kohawks,defense,Jackson Newell,play-by-play,True,9,24.0,best guess,0.31
2025-12-30|374|15 Collin Madson > Spot-Up > Drives Right > To Basket > Foul,374,2025-12-30,Coe Kohawks,defense,Jay Akin,play-by-play,True,29;46,19.0,best guess,0.31
2025-12-30|374|15 Collin Madson > Spot-Up > Drives Right > To Basket > Foul,374,2025-12-30,Coe Kohawks,defense,Ryan Dolphin,play-by-play,True,10,13.5,coach checked,0.99
2025-12-30|377|2 Ryan Dolphin > Off Screen > To Shooter's Right > Fade > No Dribble Jumper > Open > Long/3pt > Make 3 Pts,377,2025-12-30,Coe Kohawks,offense,Cooper Nailor,play-by-play,False,,0.0,not located,
2025-12-30|377|2 Ryan Dolphin > Off Screen > To Shooter's Right > Fade > No Dribble Jumper > Open > Long/3pt > Make 3 Pts,377,2025-12-30,Coe Kohawks,offense,Jackson Bowman,play-by-play,False,,0.0,not located,
2025-12-30|377|2 Ryan Dolphin > Off Screen > To Shooter's Right > Fade > No Dribble Jumper > Open > Long/3pt > Make 3 Pts,377,2025-12-30,Coe Kohawks,offense,Jackson Newell,play-by-play,False,,0.0,not located,
2025-12-30|377|2 Ryan Dolphin > Off Screen > To Shooter's Right > Fade > No Dribble Jumper > Open > Long/3pt > Make 3 Pts,377,2025-12-30,Coe Kohawks,offense,Jay Akin,play-by-play,False,,0.0,not located,
2025-12-30|377|2 Ryan Dolphin > Off Screen > To Shooter's Right > Fade > No Dribble Jumper > Open > Long/3pt > Make 3 Pts,377,2025-12-30,Coe Kohawks,offense,Ryan Dolphin,play-by-play,False,,0.0,not located,
2025-12-30|377|2 Ryan Dolphin > Off Screen > To Shooter's Right > Fade > No Dribble Jumper > Open > Long/3pt > Make 3 Pts,377,2025-12-30,UW-Whitewater,defense,Collin Madson,play-by-play,False,,0.0,not located,
2025-12-30|377|2 Ryan Dolphin > Off Screen > To Shooter's Right > Fade > No Dribble Jumper > Open > Long/3pt > Make 3 Pts,377,2025-12-30,UW-Whitewater,defense,Joey Berezowitz,play-by-play,False,,0.0,not located,
2025-12-30|377|2 Ryan Dolphin > Off Screen > To Shooter's Right > Fade > No Dribble Jumper > Open > Long/3pt > Make 3 Pts,377,2025-12-30,UW-Whitewater,defense,Luke Bara,play-by-play,False,,0.0,not located,
2025-12-30|377|2 Ryan Dolphin > Off Screen > To Shooter's Right > Fade > No Dribble Jumper > Open > Long/3pt > Make 3 Pts,377,2025-12-30,UW-Whitewater,defense,Richie Warren,play-by-play,False,,0.0,not located,
2025-12-30|377|2 Ryan Dolphin > Off Screen > To Shooter's Right > Fade > No Dribble Jumper > Open > Long/3pt > Make 3 Pts,377,2025-12-30,UW-Whitewater,defense,Tyshawn Teague-Johnson,play-by-play,False,,0.0,not located,
2025-12-30|378|24 Richie Warren > Spot-Up > Drives Right > To Basket > Make 2 Pts,378,2025-12-30,UW-Whitewater,offense,Collin Madson,play-by-play,False,,0.0,not located,
2025-12-30|378|24 Richie Warren > Spot-Up > Drives Right > To Basket > Make 2 Pts,378,2025-12-30,UW-Whitewater,offense,Joey Berezowitz,play-by-play,False,,0.0,not located,
2025-12-30|378|24 Richie Warren > Spot-Up > Drives Right > To Basket > Make 2 Pts,378,2025-12-30,UW-Whitewater,offense,Luke Bara,play-by-play,False,,0.0,not located,
2025-12-30|378|24 Richie Warren > Spot-Up > Drives Right > To Basket > Make 2 Pts,378,2025-12-30,UW-Whitewater,offense,Richie Warren,play-by-play,False,,0.0,not located,
2025-12-30|378|24 Richie Warren > Spot-Up > Drives Right > To Basket > Make 2 Pts,378,2025-12-30,UW-Whitewater,offense,Tyshawn Teague-Johnson,play-by-play,False,,0.0,not located,
2025-12-30|378|24 Richie Warren > Spot-Up > Drives Right > To Basket > Make 2 Pts,378,2025-12-30,Coe Kohawks,defense,Cooper Nailor,play-by-play,False,,0.0,not located,
2025-12-30|378|24 Richie Warren > Spot-Up > Drives Right > To Basket > Make 2 Pts,378,2025-12-30,Coe Kohawks,defense,Jackson Bowman,play-by-play,False,,0.0,not located,
2025-12-30|378|24 Richie Warren > Spot-Up > Drives Right > To Basket > Make 2 Pts,378,2025-12-30,Coe Kohawks,defense,Jackson Newell,play-by-play,False,,0.0,not located,
2025-12-30|378|24 Richie Warren > Spot-Up > Drives Right > To Basket > Make 2 Pts,378,2025-12-30,Coe Kohawks,defense,Jay Akin,play-by-play,False,,0.0,not located,
2025-12-30|378|24 Richie Warren > Spot-Up > Drives Right > To Basket > Make 2 Pts,378,2025-12-30,Coe Kohawks,defense,Ryan Dolphin,play-by-play,False,,0.0,not located,
2025-12-30|379|2 Ryan Dolphin > P&R Ball Handler > High P&R > Dribble Off Pick > Defense Commits > Turnover,379,2025-12-30,Coe Kohawks,offense,Cooper Nailor,play-by-play,False,,0.0,not located,
2025-12-30|379|2 Ryan Dolphin > P&R Ball Handler > High P&R > Dribble Off Pick > Defense Commits > Turnover,379,2025-12-30,Coe Kohawks,offense,Jackson Bowman,play-by-play,False,,0.0,not located,
2025-12-30|379|2 Ryan Dolphin > P&R Ball Handler > High P&R > Dribble Off Pick > Defense Commits > Turnover,379,2025-12-30,Coe Kohawks,offense,Jackson Newell,play-by-play,False,,0.0,not located,
2025-12-30|379|2 Ryan Dolphin > P&R Ball Handler > High P&R > Dribble Off Pick > Defense Commits > Turnover,379,2025-12-30,Coe Kohawks,offense,Jay Akin,play-by-play,False,,0.0,not located,
2025-12-30|379|2 Ryan Dolphin > P&R Ball Handler > High P&R > Dribble Off Pick > Defense Commits > Turnover,379,2025-12-30,Coe Kohawks,offense,Ryan Dolphin,play-by-play,True,17,5.8,Synergy,0.95
2025-12-30|379|2 Ryan Dolphin > P&R Ball Handler > High P&R > Dribble Off Pick > Defense Commits > Turnover,379,2025-12-30,UW-Whitewater,defense,Collin Madson,play-by-play,False,,0.0,not located,
2025-12-30|379|2 Ryan Dolphin > P&R Ball Handler > High P&R > Dribble Off Pick > Defense Commits > Turnover,379,2025-12-30,UW-Whitewater,defense,Joey Berezowitz,play-by-play,False,,0.0,not located,
2025-12-30|379|2 Ryan Dolphin > P&R Ball Handler > High P&R > Dribble Off Pick > Defense Commits > Turnover,379,2025-12-30,UW-Whitewater,defense,Luke Bara,play-by-play,False,,0.0,not located,
2025-12-30|379|2 Ryan Dolphin > P&R Ball Handler > High P&R > Dribble Off Pick > Defense Commits > Turnover,379,2025-12-30,UW-Whitewater,defense,Richie Warren,play-by-play,False,,0.0,not located,
2025-12-30|379|2 Ryan Dolphin > P&R Ball Handler > High P&R > Dribble Off Pick > Defense Commits > Turnover,379,2025-12-30,UW-Whitewater,defense,Tyshawn Teague-Johnson,play-by-play,False,,0.0,not located,
2025-12-30|380|40 Tyshawn Teague-Johnson > Non Possession > Non Shooting Foul,380,2025-12-30,UW-Whitewater,offense,Collin Madson,play-by-play,False,,0.0,not located,
2025-12-30|380|40 Tyshawn Teague-Johnson > Non Possession > Non Shooting Foul,380,2025-12-30,UW-Whitewater,offense,Joey Berezowitz,play-by-play,False,,0.0,not located,
2025-12-30|380|40 Tyshawn Teague-Johnson > Non Possession > Non Shooting Foul,380,2025-12-30,UW-Whitewater,offense,Luke Bara,play-by-play,False,,0.0,not located,
2025-12-30|380|40 Tyshawn Teague-Johnson > Non Possession > Non Shooting Foul,380,2025-12-30,UW-Whitewater,offense,Richie Warren,play-by-play,False,,0.0,not located,
2025-12-30|380|40 Tyshawn Teague-Johnson > Non Possession > Non Shooting Foul,380,2025-12-30,UW-Whitewater,offense,Tyshawn Teague-Johnson,play-by-play,False,,0.0,not located,
2025-12-30|380|40 Tyshawn Teague-Johnson > Non Possession > Non Shooting Foul,380,2025-12-30,Coe Kohawks,defense,Cooper Nailor,play-by-play,False,,0.0,not located,
2025-12-30|380|40 Tyshawn Teague-Johnson > Non Possession > Non Shooting Foul,380,2025-12-30,Coe Kohawks,defense,Jackson Bowman,play-by-play,False,,0.0,not located,
2025-12-30|380|40 Tyshawn Teague-Johnson > Non Possession > Non Shooting Foul,380,2025-12-30,Coe Kohawks,defense,Jackson Newell,play-by-play,False,,0.0,not located,
2025-12-30|380|40 Tyshawn Teague-Johnson > Non Possession > Non Shooting Foul,380,2025-12-30,Coe Kohawks,defense,Jay Akin,play-by-play,False,,0.0,not located,
2025-12-30|380|40 Tyshawn Teague-Johnson > Non Possession > Non Shooting Foul,380,2025-12-30,Coe Kohawks,defense,Ryan Dolphin,play-by-play,False,,0.0,not located,
2025-12-30|381|32 Luke Bara > Off Screen > To Shooter's Right > Straight > No Dribble Jumper > Guarded > Long/3pt > Miss 3 Pts,381,2025-12-30,UW-Whitewater,offense,Collin Madson,play-by-play,False,,0.0,not located,
2025-12-30|381|32 Luke Bara > Off Screen > To Shooter's Right > Straight > No Dribble Jumper > Guarded > Long/3pt > Miss 3 Pts,381,2025-12-30,UW-Whitewater,offense,Joey Berezowitz,play-by-play,False,,0.0,not located,
2025-12-30|381|32 Luke Bara > Off Screen > To Shooter's Right > Straight > No Dribble Jumper > Guarded > Long/3pt > Miss 3 Pts,381,2025-12-30,UW-Whitewater,offense,Luke Bara,play-by-play,False,,0.0,not located,
2025-12-30|381|32 Luke Bara > Off Screen > To Shooter's Right > Straight > No Dribble Jumper > Guarded > Long/3pt > Miss 3 Pts,381,2025-12-30,UW-Whitewater,offense,Richie Warren,play-by-play,False,,0.0,not located,
2025-12-30|381|32 Luke Bara > Off Screen > To Shooter's Right > Straight > No Dribble Jumper > Guarded > Long/3pt > Miss 3 Pts,381,2025-12-30,UW-Whitewater,offense,Tyshawn Teague-Johnson,play-by-play,False,,0.0,not located,
2025-12-30|381|32 Luke Bara > Off Screen > To Shooter's Right > Straight > No Dribble Jumper > Guarded > Long/3pt > Miss 3 Pts,381,2025-12-30,Coe Kohawks,defense,Cooper Nailor,play-by-play,False,,0.0,not located,
2025-12-30|381|32 Luke Bara > Off Screen > To Shooter's Right > Straight > No Dribble Jumper > Guarded > Long/3pt > Miss 3 Pts,381,2025-12-30,Coe Kohawks,defense,Jackson Bowman,play-by-play,False,,0.0,not located,
2025-12-30|381|32 Luke Bara > Off Screen > To Shooter's Right > Straight > No Dribble Jumper > Guarded > Long/3pt > Miss 3 Pts,381,2025-12-30,Coe Kohawks,defense,Jay Akin,play-by-play,False,,0.0,not located,
2025-12-30|381|32 Luke Bara > Off Screen > To Shooter's Right > Straight > No Dribble Jumper > Guarded > Long/3pt > Miss 3 Pts,381,2025-12-30,Coe Kohawks,defense,Kanyon Bryte,play-by-play,False,,0.0,not located,
2025-12-30|381|32 Luke Bara > Off Screen > To Shooter's Right > Straight > No Dribble Jumper > Guarded > Long/3pt > Miss 3 Pts,381,2025-12-30,Coe Kohawks,defense,Ryan Dolphin,play-by-play,False,,0.0,not located,
2025-12-30|382|22 Jackson Bowman > Post-Up > Right Block > Left Shoulder > Dribble Move > To Basket > Make 2 Pts,382,2025-12-30,Coe Kohawks,offense,Cooper Nailor,play-by-play,False,,0.0,not located,
2025-12-30|382|22 Jackson Bowman > Post-Up > Right Block > Left Shoulder > Dribble Move > To Basket > Make 2 Pts,382,2025-12-30,Coe Kohawks,offense,Jackson Bowman,play-by-play,False,,0.0,not located,
2025-12-30|382|22 Jackson Bowman > Post-Up > Right Block > Left Shoulder > Dribble Move > To Basket > Make 2 Pts,382,2025-12-30,Coe Kohawks,offense,Jay Akin,play-by-play,False,,0.0,not located,
2025-12-30|382|22 Jackson Bowman > Post-Up > Right Block > Left Shoulder > Dribble Move > To Basket > Make 2 Pts,382,2025-12-30,Coe Kohawks,offense,Kanyon Bryte,play-by-play,False,,0.0,not located,
2025-12-30|382|22 Jackson Bowman > Post-Up > Right Block > Left Shoulder > Dribble Move > To Basket > Make 2 Pts,382,2025-12-30,Coe Kohawks,offense,Ryan Dolphin,play-by-play,False,,0.0,not located,
2025-12-30|382|22 Jackson Bowman > Post-Up > Right Block > Left Shoulder > Dribble Move > To Basket > Make 2 Pts,382,2025-12-30,UW-Whitewater,defense,Collin Madson,play-by-play,False,,0.0,not located,
2025-12-30|382|22 Jackson Bowman > Post-Up > Right Block > Left Shoulder > Dribble Move > To Basket > Make 2 Pts,382,2025-12-30,UW-Whitewater,defense,Joey Berezowitz,play-by-play,False,,0.0,not located,
2025-12-30|382|22 Jackson Bowman > Post-Up > Right Block > Left Shoulder > Dribble Move > To Basket > Make 2 Pts,382,2025-12-30,UW-Whitewater,defense,Luke Bara,play-by-play,False,,0.0,not located,
2025-12-30|382|22 Jackson Bowman > Post-Up > Right Block > Left Shoulder > Dribble Move > To Basket > Make 2 Pts,382,2025-12-30,UW-Whitewater,defense,Richie Warren,play-by-play,False,,0.0,not located,
2025-12-30|382|22 Jackson Bowman > Post-Up > Right Block > Left Shoulder > Dribble Move > To Basket > Make 2 Pts,382,2025-12-30,UW-Whitewater,defense,Tyshawn Teague-Johnson,play-by-play,False,,0.0,not located,
2025-12-30|383|24 Richie Warren > ISO > Top > Drives Right > Dribble Jumper > Short to < 17' > Make 2 Pts,383,2025-12-30,UW-Whitewater,offense,Collin Madson,play-by-play,False,,0.0,not located,
2025-12-30|383|24 Richie Warren > ISO > Top > Drives Right > Dribble Jumper > Short to < 17' > Make 2 Pts,383,2025-12-30,UW-Whitewater,offense,Joey Berezowitz,play-by-play,False,,0.0,not located,
2025-12-30|383|24 Richie Warren > ISO > Top > Drives Right > Dribble Jumper > Short to < 17' > Make 2 Pts,383,2025-12-30,UW-Whitewater,offense,Luke Bara,play-by-play,False,,0.0,not located,
2025-12-30|383|24 Richie Warren > ISO > Top > Drives Right > Dribble Jumper > Short to < 17' > Make 2 Pts,383,2025-12-30,UW-Whitewater,offense,Richie Warren,play-by-play,False,,0.0,not located,
2025-12-30|383|24 Richie Warren > ISO > Top > Drives Right > Dribble Jumper > Short to < 17' > Make 2 Pts,383,2025-12-30,UW-Whitewater,offense,Tyshawn Teague-Johnson,play-by-play,False,,0.0,not located,
2025-12-30|383|24 Richie Warren > ISO > Top > Drives Right > Dribble Jumper > Short to < 17' > Make 2 Pts,383,2025-12-30,Coe Kohawks,defense,Cooper Nailor,play-by-play,False,,0.0,not located,
2025-12-30|383|24 Richie Warren > ISO > Top > Drives Right > Dribble Jumper > Short to < 17' > Make 2 Pts,383,2025-12-30,Coe Kohawks,defense,Jackson Bowman,play-by-play,False,,0.0,not located,
2025-12-30|383|24 Richie Warren > ISO > Top > Drives Right > Dribble Jumper > Short to < 17' > Make 2 Pts,383,2025-12-30,Coe Kohawks,defense,Jay Akin,play-by-play,False,,0.0,not located,
2025-12-30|383|24 Richie Warren > ISO > Top > Drives Right > Dribble Jumper > Short to < 17' > Make 2 Pts,383,2025-12-30,Coe Kohawks,defense,Kanyon Bryte,play-by-play,False,,0.0,not located,
2025-12-30|383|24 Richie Warren > ISO > Top > Drives Right > Dribble Jumper > Short to < 17' > Make 2 Pts,383,2025-12-30,Coe Kohawks,defense,Ryan Dolphin,play-by-play,False,,0.0,not located,
2025-12-30|384|22 Jackson Bowman > Non Possession > No Violation,384,2025-12-30,Coe Kohawks,offense,Cooper Nailor,clips before/after (no clock),False,,0.0,not located,
2025-12-30|384|22 Jackson Bowman > Non Possession > No Violation,384,2025-12-30,Coe Kohawks,offense,Jackson Bowman,clips before/after (no clock),False,,0.0,not located,
2025-12-30|384|22 Jackson Bowman > Non Possession > No Violation,384,2025-12-30,Coe Kohawks,offense,Jay Akin,clips before/after (no clock),False,,0.0,not located,
2025-12-30|384|22 Jackson Bowman > Non Possession > No Violation,384,2025-12-30,Coe Kohawks,offense,Kanyon Bryte,clips before/after (no clock),False,,0.0,not located,
2025-12-30|384|22 Jackson Bowman > Non Possession > No Violation,384,2025-12-30,Coe Kohawks,offense,Ryan Dolphin,clips before/after (no clock),False,,0.0,not located,
2025-12-30|387|5 Cooper Nailor > P&R Ball Handler > Left P&R > Baseline > Dribble Off Pick > Defense Commits > Ball Delivered > 23 Jay Akin > Cut > Basket > Make 2 Pts,387,2025-12-30,Coe Kohawks,offense,Cooper Nailor,play-by-play,True,29,9.0,Synergy,0.95
2025-12-30|387|5 Cooper Nailor > P&R Ball Handler > Left P&R > Baseline > Dribble Off Pick > Defense Commits > Ball Delivered > 23 Jay Akin > Cut > Basket > Make 2 Pts,387,2025-12-30,Coe Kohawks,offense,Jackson Bowman,play-by-play,False,,0.0,not located,
2025-12-30|387|5 Cooper Nailor > P&R Ball Handler > Left P&R > Baseline > Dribble Off Pick > Defense Commits > Ball Delivered > 23 Jay Akin > Cut > Basket > Make 2 Pts,387,2025-12-30,Coe Kohawks,offense,Jay Akin,play-by-play,False,,0.0,not located,
2025-12-30|387|5 Cooper Nailor > P&R Ball Handler > Left P&R > Baseline > Dribble Off Pick > Defense Commits > Ball Delivered > 23 Jay Akin > Cut > Basket > Make 2 Pts,387,2025-12-30,Coe Kohawks,offense,Kanyon Bryte,play-by-play,False,,0.0,not located,
2025-12-30|387|5 Cooper Nailor > P&R Ball Handler > Left P&R > Baseline > Dribble Off Pick > Defense Commits > Ball Delivered > 23 Jay Akin > Cut > Basket > Make 2 Pts,387,2025-12-30,Coe Kohawks,offense,Ryan Dolphin,play-by-play,False,,0.0,not located,
2025-12-30|387|5 Cooper Nailor > P&R Ball Handler > Left P&R > Baseline > Dribble Off Pick > Defense Commits > Ball Delivered > 23 Jay Akin > Cut > Basket > Make 2 Pts,387,2025-12-30,UW-Whitewater,defense,Brock Marino,play-by-play,False,,0.0,not located,
2025-12-30|387|5 Cooper Nailor > P&R Ball Handler > Left P&R > Baseline > Dribble Off Pick > Defense Commits > Ball Delivered > 23 Jay Akin > Cut > Basket > Make 2 Pts,387,2025-12-30,UW-Whitewater,defense,Collin Madson,play-by-play,False,,0.0,not located,
2025-12-30|387|5 Cooper Nailor > P&R Ball Handler > Left P&R > Baseline > Dribble Off Pick > Defense Commits > Ball Delivered > 23 Jay Akin > Cut > Basket > Make 2 Pts,387,2025-12-30,UW-Whitewater,defense,Joey Berezowitz,play-by-play,False,,0.0,not located,
2025-12-30|387|5 Cooper Nailor > P&R Ball Handler > Left P&R > Baseline > Dribble Off Pick > Defense Commits > Ball Delivered > 23 Jay Akin > Cut > Basket > Make 2 Pts,387,2025-12-30,UW-Whitewater,defense,Luke Bara,play-by-play,False,,0.0,not located,
2025-12-30|387|5 Cooper Nailor > P&R Ball Handler > Left P&R > Baseline > Dribble Off Pick > Defense Commits > Ball Delivered > 23 Jay Akin > Cut > Basket > Make 2 Pts,387,2025-12-30,UW-Whitewater,defense,Tyshawn Teague-Johnson,play-by-play,False,,0.0,not located,
2025-12-30|388|32 Luke Bara > No Play Type > Turnover,388,2025-12-30,UW-Whitewater,offense,Brock Marino,play-by-play,False,,0.0,not located,
2025-12-30|388|32 Luke Bara > No Play Type > Turnover,388,2025-12-30,UW-Whitewater,offense,Collin Madson,play-by-play,False,,0.0,not located,
2025-12-30|388|32 Luke Bara > No Play Type > Turnover,388,2025-12-30,UW-Whitewater,offense,Joey Berezowitz,play-by-play,False,,0.0,not located,
2025-12-30|388|32 Luke Bara > No Play Type > Turnover,388,2025-12-30,UW-Whitewater,offense,Luke Bara,play-by-play,False,,0.0,not located,
2025-12-30|388|32 Luke Bara > No Play Type > Turnover,388,2025-12-30,UW-Whitewater,offense,Tyshawn Teague-Johnson,play-by-play,False,,0.0,not located,
2025-12-30|388|32 Luke Bara > No Play Type > Turnover,388,2025-12-30,Coe Kohawks,defense,Cooper Nailor,play-by-play,False,,0.0,not located,
2025-12-30|388|32 Luke Bara > No Play Type > Turnover,388,2025-12-30,Coe Kohawks,defense,Jackson Bowman,play-by-play,False,,0.0,not located,
2025-12-30|388|32 Luke Bara > No Play Type > Turnover,388,2025-12-30,Coe Kohawks,defense,Jay Akin,play-by-play,False,,0.0,not located,
2025-12-30|388|32 Luke Bara > No Play Type > Turnover,388,2025-12-30,Coe Kohawks,defense,Kanyon Bryte,play-by-play,False,,0.0,not located,
2025-12-30|388|32 Luke Bara > No Play Type > Turnover,388,2025-12-30,Coe Kohawks,defense,Ryan Dolphin,play-by-play,False,,0.0,not located,
2025-12-30|389|4 Deuce Walters > P&R Ball Handler > Left P&R > Baseline > Go Away from Pick > Defense Commits > Ball Delivered > 22 Jackson Bowman > Cut > Basket > Foul,389,2025-12-30,Coe Kohawks,offense,Cooper Nailor,play-by-play,False,,0.0,not located,
2025-12-30|389|4 Deuce Walters > P&R Ball Handler > Left P&R > Baseline > Go Away from Pick > Defense Commits > Ball Delivered > 22 Jackson Bowman > Cut > Basket > Foul,389,2025-12-30,Coe Kohawks,offense,Deuce Walters,play-by-play,False,,0.0,not located,
2025-12-30|389|4 Deuce Walters > P&R Ball Handler > Left P&R > Baseline > Go Away from Pick > Defense Commits > Ball Delivered > 22 Jackson Bowman > Cut > Basket > Foul,389,2025-12-30,Coe Kohawks,offense,Jackson Bowman,play-by-play,True,4,22.0,Synergy,0.95
2025-12-30|389|4 Deuce Walters > P&R Ball Handler > Left P&R > Baseline > Go Away from Pick > Defense Commits > Ball Delivered > 22 Jackson Bowman > Cut > Basket > Foul,389,2025-12-30,Coe Kohawks,offense,Jay Akin,play-by-play,False,,0.0,not located,
2025-12-30|389|4 Deuce Walters > P&R Ball Handler > Left P&R > Baseline > Go Away from Pick > Defense Commits > Ball Delivered > 22 Jackson Bowman > Cut > Basket > Foul,389,2025-12-30,Coe Kohawks,offense,Kanyon Bryte,play-by-play,False,,0.0,not located,
2025-12-30|389|4 Deuce Walters > P&R Ball Handler > Left P&R > Baseline > Go Away from Pick > Defense Commits > Ball Delivered > 22 Jackson Bowman > Cut > Basket > Foul,389,2025-12-30,UW-Whitewater,defense,Brock Marino,play-by-play,False,,0.0,not located,
2025-12-30|389|4 Deuce Walters > P&R Ball Handler > Left P&R > Baseline > Go Away from Pick > Defense Commits > Ball Delivered > 22 Jackson Bowman > Cut > Basket > Foul,389,2025-12-30,UW-Whitewater,defense,Collin Madson,play-by-play,False,,0.0,not located,
2025-12-30|389|4 Deuce Walters > P&R Ball Handler > Left P&R > Baseline > Go Away from Pick > Defense Commits > Ball Delivered > 22 Jackson Bowman > Cut > Basket > Foul,389,2025-12-30,UW-Whitewater,defense,Joey Berezowitz,play-by-play,False,,0.0,not located,
2025-12-30|389|4 Deuce Walters > P&R Ball Handler > Left P&R > Baseline > Go Away from Pick > Defense Commits > Ball Delivered > 22 Jackson Bowman > Cut > Basket > Foul,389,2025-12-30,UW-Whitewater,defense,Luke Bara,play-by-play,False,,0.0,not located,
2025-12-30|389|4 Deuce Walters > P&R Ball Handler > Left P&R > Baseline > Go Away from Pick > Defense Commits > Ball Delivered > 22 Jackson Bowman > Cut > Basket > Foul,389,2025-12-30,UW-Whitewater,defense,Tyshawn Teague-Johnson,play-by-play,False,,0.0,not located,
2025-12-30|392|15 Collin Madson > Spot-Up > No Dribble Jumper > Guarded > Long/3pt > Miss 3 Pts,392,2025-12-30,UW-Whitewater,offense,Brock Marino,play-by-play,False,,0.0,not located,
2025-12-30|392|15 Collin Madson > Spot-Up > No Dribble Jumper > Guarded > Long/3pt > Miss 3 Pts,392,2025-12-30,UW-Whitewater,offense,Collin Madson,play-by-play,False,,0.0,not located,
2025-12-30|392|15 Collin Madson > Spot-Up > No Dribble Jumper > Guarded > Long/3pt > Miss 3 Pts,392,2025-12-30,UW-Whitewater,offense,Jake Quast,play-by-play,False,,0.0,not located,
2025-12-30|392|15 Collin Madson > Spot-Up > No Dribble Jumper > Guarded > Long/3pt > Miss 3 Pts,392,2025-12-30,UW-Whitewater,offense,Joey Berezowitz,play-by-play,False,,0.0,not located,
2025-12-30|392|15 Collin Madson > Spot-Up > No Dribble Jumper > Guarded > Long/3pt > Miss 3 Pts,392,2025-12-30,UW-Whitewater,offense,Luke Bara,play-by-play,False,,0.0,not located,
2025-12-30|392|15 Collin Madson > Spot-Up > No Dribble Jumper > Guarded > Long/3pt > Miss 3 Pts,392,2025-12-30,Coe Kohawks,defense,Cooper Nailor,play-by-play,False,,0.0,not located,
2025-12-30|392|15 Collin Madson > Spot-Up > No Dribble Jumper > Guarded > Long/3pt > Miss 3 Pts,392,2025-12-30,Coe Kohawks,defense,Deuce Walters,play-by-play,False,,0.0,not located,
2025-12-30|392|15 Collin Madson > Spot-Up > No Dribble Jumper > Guarded > Long/3pt > Miss 3 Pts,392,2025-12-30,Coe Kohawks,defense,Jackson Bowman,play-by-play,False,,0.0,not located,
2025-12-30|392|15 Collin Madson > Spot-Up > No Dribble Jumper > Guarded > Long/3pt > Miss 3 Pts,392,2025-12-30,Coe Kohawks,defense,Jay Akin,play-by-play,False,,0.0,not located,
2025-12-30|392|15 Collin Madson > Spot-Up > No Dribble Jumper > Guarded > Long/3pt > Miss 3 Pts,392,2025-12-30,Coe Kohawks,defense,Kanyon Bryte,play-by-play,False,,0.0,not located,
2025-12-30|393|4 Deuce Walters > ISO > Left > Drives Right > Dribble Jumper > Medium/17' to <3p > Miss 2 Pts,393,2025-12-30,Coe Kohawks,offense,Cooper Nailor,play-by-play,False,,0.0,not located,
2025-12-30|393|4 Deuce Walters > ISO > Left > Drives Right > Dribble Jumper > Medium/17' to <3p > Miss 2 Pts,393,2025-12-30,Coe Kohawks,offense,Deuce Walters,play-by-play,False,,0.0,not located,
2025-12-30|393|4 Deuce Walters > ISO > Left > Drives Right > Dribble Jumper > Medium/17' to <3p > Miss 2 Pts,393,2025-12-30,Coe Kohawks,offense,Jackson Bowman,play-by-play,False,,0.0,not located,
2025-12-30|393|4 Deuce Walters > ISO > Left > Drives Right > Dribble Jumper > Medium/17' to <3p > Miss 2 Pts,393,2025-12-30,Coe Kohawks,offense,Jay Akin,play-by-play,False,,0.0,not located,
2025-12-30|393|4 Deuce Walters > ISO > Left > Drives Right > Dribble Jumper > Medium/17' to <3p > Miss 2 Pts,393,2025-12-30,Coe Kohawks,offense,Kanyon Bryte,play-by-play,False,,0.0,not located,
2025-12-30|393|4 Deuce Walters > ISO > Left > Drives Right > Dribble Jumper > Medium/17' to <3p > Miss 2 Pts,393,2025-12-30,UW-Whitewater,defense,Brock Marino,play-by-play,False,,0.0,not located,
2025-12-30|393|4 Deuce Walters > ISO > Left > Drives Right > Dribble Jumper > Medium/17' to <3p > Miss 2 Pts,393,2025-12-30,UW-Whitewater,defense,Collin Madson,play-by-play,False,,0.0,not located,
2025-12-30|393|4 Deuce Walters > ISO > Left > Drives Right > Dribble Jumper > Medium/17' to <3p > Miss 2 Pts,393,2025-12-30,UW-Whitewater,defense,Jake Quast,play-by-play,False,,0.0,not located,
2025-12-30|393|4 Deuce Walters > ISO > Left > Drives Right > Dribble Jumper > Medium/17' to <3p > Miss 2 Pts,393,2025-12-30,UW-Whitewater,defense,Joey Berezowitz,play-by-play,False,,0.0,not located,
2025-12-30|393|4 Deuce Walters > ISO > Left > Drives Right > Dribble Jumper > Medium/17' to <3p > Miss 2 Pts,393,2025-12-30,UW-Whitewater,defense,Luke Bara,play-by-play,False,,0.0,not located,
2025-12-30|394|32 Luke Bara > Non Possession > No Violation,394,2025-12-30,Coe Kohawks,defense,Cooper Nailor,clips before/after (no clock),False,,0.0,not located,
2025-12-30|394|32 Luke Bara > Non Possession > No Violation,394,2025-12-30,Coe Kohawks,defense,Deuce Walters,clips before/after (no clock),False,,0.0,not located,
2025-12-30|394|32 Luke Bara > Non Possession > No Violation,394,2025-12-30,Coe Kohawks,defense,Jackson Bowman,clips before/after (no clock),False,,0.0,not located,
2025-12-30|394|32 Luke Bara > Non Possession > No Violation,394,2025-12-30,Coe Kohawks,defense,Jay Akin,clips before/after (no clock),False,,0.0,not located,
2025-12-30|394|32 Luke Bara > Non Possession > No Violation,394,2025-12-30,Coe Kohawks,defense,Kanyon Bryte,clips before/after (no clock),False,,0.0,not located,
2025-12-30|395|32 Luke Bara > Off Screen > To Shooter's Left > Straight > To Basket > Miss 2 Pts,395,2025-12-30,UW-Whitewater,offense,Brock Marino,play-by-play,False,,0.0,not located,
2025-12-30|395|32 Luke Bara > Off Screen > To Shooter's Left > Straight > To Basket > Miss 2 Pts,395,2025-12-30,UW-Whitewater,offense,Collin Madson,play-by-play,False,,0.0,not located,
2025-12-30|395|32 Luke Bara > Off Screen > To Shooter's Left > Straight > To Basket > Miss 2 Pts,395,2025-12-30,UW-Whitewater,offense,Darius Chestnut,play-by-play,False,,0.0,not located,
2025-12-30|395|32 Luke Bara > Off Screen > To Shooter's Left > Straight > To Basket > Miss 2 Pts,395,2025-12-30,UW-Whitewater,offense,Jake Quast,play-by-play,False,,0.0,not located,
2025-12-30|395|32 Luke Bara > Off Screen > To Shooter's Left > Straight > To Basket > Miss 2 Pts,395,2025-12-30,UW-Whitewater,offense,Luke Bara,play-by-play,False,,0.0,not located,
2025-12-30|395|32 Luke Bara > Off Screen > To Shooter's Left > Straight > To Basket > Miss 2 Pts,395,2025-12-30,Coe Kohawks,defense,Cooper Nailor,play-by-play,False,,0.0,not located,
2025-12-30|395|32 Luke Bara > Off Screen > To Shooter's Left > Straight > To Basket > Miss 2 Pts,395,2025-12-30,Coe Kohawks,defense,Deuce Walters,play-by-play,False,,0.0,not located,
2025-12-30|395|32 Luke Bara > Off Screen > To Shooter's Left > Straight > To Basket > Miss 2 Pts,395,2025-12-30,Coe Kohawks,defense,Jackson Bowman,play-by-play,False,,0.0,not located,
2025-12-30|395|32 Luke Bara > Off Screen > To Shooter's Left > Straight > To Basket > Miss 2 Pts,395,2025-12-30,Coe Kohawks,defense,Jay Akin,play-by-play,False,,0.0,not located,
2025-12-30|395|32 Luke Bara > Off Screen > To Shooter's Left > Straight > To Basket > Miss 2 Pts,395,2025-12-30,Coe Kohawks,defense,Kanyon Bryte,play-by-play,False,,0.0,not located,
2025-12-30|396|21 Brock Marino > Offensive Rebound > Short > Scoring Attempt > At Basket > Make 2 Pts,396,2025-12-30,UW-Whitewater,offense,Brock Marino,play-by-play,False,,0.0,not located,
2025-12-30|396|21 Brock Marino > Offensive Rebound > Short > Scoring Attempt > At Basket > Make 2 Pts,396,2025-12-30,UW-Whitewater,offense,Collin Madson,play-by-play,False,,0.0,not located,
2025-12-30|396|21 Brock Marino > Offensive Rebound > Short > Scoring Attempt > At Basket > Make 2 Pts,396,2025-12-30,UW-Whitewater,offense,Darius Chestnut,play-by-play,False,,0.0,not located,
2025-12-30|396|21 Brock Marino > Offensive Rebound > Short > Scoring Attempt > At Basket > Make 2 Pts,396,2025-12-30,UW-Whitewater,offense,Jake Quast,play-by-play,False,,0.0,not located,
2025-12-30|396|21 Brock Marino > Offensive Rebound > Short > Scoring Attempt > At Basket > Make 2 Pts,396,2025-12-30,UW-Whitewater,offense,Luke Bara,play-by-play,False,,0.0,not located,
2025-12-30|396|21 Brock Marino > Offensive Rebound > Short > Scoring Attempt > At Basket > Make 2 Pts,396,2025-12-30,Coe Kohawks,defense,Cooper Nailor,play-by-play,False,,0.0,not located,
2025-12-30|396|21 Brock Marino > Offensive Rebound > Short > Scoring Attempt > At Basket > Make 2 Pts,396,2025-12-30,Coe Kohawks,defense,Deuce Walters,play-by-play,False,,0.0,not located,
2025-12-30|396|21 Brock Marino > Offensive Rebound > Short > Scoring Attempt > At Basket > Make 2 Pts,396,2025-12-30,Coe Kohawks,defense,Jackson Bowman,play-by-play,False,,0.0,not located,
2025-12-30|396|21 Brock Marino > Offensive Rebound > Short > Scoring Attempt > At Basket > Make 2 Pts,396,2025-12-30,Coe Kohawks,defense,Jay Akin,play-by-play,False,,0.0,not located,
2025-12-30|396|21 Brock Marino > Offensive Rebound > Short > Scoring Attempt > At Basket > Make 2 Pts,396,2025-12-30,Coe Kohawks,defense,Kanyon Bryte,play-by-play,False,,0.0,not located,
2025-12-30|397|5 Cooper Nailor > P&R Ball Handler > Left P&R > Baseline > Dribble Off Pick > Dribble Jumper > Short to < 17' > Miss 2 Pts,397,2025-12-30,Coe Kohawks,offense,Cooper Nailor,play-by-play,False,,0.0,not located,
2025-12-30|397|5 Cooper Nailor > P&R Ball Handler > Left P&R > Baseline > Dribble Off Pick > Dribble Jumper > Short to < 17' > Miss 2 Pts,397,2025-12-30,Coe Kohawks,offense,Deuce Walters,play-by-play,False,,0.0,not located,
2025-12-30|397|5 Cooper Nailor > P&R Ball Handler > Left P&R > Baseline > Dribble Off Pick > Dribble Jumper > Short to < 17' > Miss 2 Pts,397,2025-12-30,Coe Kohawks,offense,Jackson Bowman,play-by-play,False,,0.0,not located,
2025-12-30|397|5 Cooper Nailor > P&R Ball Handler > Left P&R > Baseline > Dribble Off Pick > Dribble Jumper > Short to < 17' > Miss 2 Pts,397,2025-12-30,Coe Kohawks,offense,Jay Akin,play-by-play,False,,0.0,not located,
2025-12-30|397|5 Cooper Nailor > P&R Ball Handler > Left P&R > Baseline > Dribble Off Pick > Dribble Jumper > Short to < 17' > Miss 2 Pts,397,2025-12-30,Coe Kohawks,offense,Kanyon Bryte,play-by-play,False,,0.0,not located,
2025-12-30|397|5 Cooper Nailor > P&R Ball Handler > Left P&R > Baseline > Dribble Off Pick > Dribble Jumper > Short to < 17' > Miss 2 Pts,397,2025-12-30,UW-Whitewater,defense,Brock Marino,play-by-play,False,,0.0,not located,
2025-12-30|397|5 Cooper Nailor > P&R Ball Handler > Left P&R > Baseline > Dribble Off Pick > Dribble Jumper > Short to < 17' > Miss 2 Pts,397,2025-12-30,UW-Whitewater,defense,Collin Madson,play-by-play,False,,0.0,not located,
2025-12-30|397|5 Cooper Nailor > P&R Ball Handler > Left P&R > Baseline > Dribble Off Pick > Dribble Jumper > Short to < 17' > Miss 2 Pts,397,2025-12-30,UW-Whitewater,defense,Darius Chestnut,play-by-play,False,,0.0,not located,
2025-12-30|397|5 Cooper Nailor > P&R Ball Handler > Left P&R > Baseline > Dribble Off Pick > Dribble Jumper > Short to < 17' > Miss 2 Pts,397,2025-12-30,UW-Whitewater,defense,Jake Quast,play-by-play,False,,0.0,not located,
2025-12-30|397|5 Cooper Nailor > P&R Ball Handler > Left P&R > Baseline > Dribble Off Pick > Dribble Jumper > Short to < 17' > Miss 2 Pts,397,2025-12-30,UW-Whitewater,defense,Luke Bara,play-by-play,False,,0.0,not located,
2025-12-30|398|32 Luke Bara > Transition > Left Wing > Dribble Jumper > Long/3pt > Miss 3 Pts,398,2025-12-30,UW-Whitewater,offense,Brock Marino,play-by-play,False,,0.0,not located,
2025-12-30|398|32 Luke Bara > Transition > Left Wing > Dribble Jumper > Long/3pt > Miss 3 Pts,398,2025-12-30,UW-Whitewater,offense,Collin Madson,play-by-play,False,,0.0,not located,
2025-12-30|398|32 Luke Bara > Transition > Left Wing > Dribble Jumper > Long/3pt > Miss 3 Pts,398,2025-12-30,UW-Whitewater,offense,Darius Chestnut,play-by-play,False,,0.0,not located,
2025-12-30|398|32 Luke Bara > Transition > Left Wing > Dribble Jumper > Long/3pt > Miss 3 Pts,398,2025-12-30,UW-Whitewater,offense,Jake Quast,play-by-play,False,,0.0,not located,
2025-12-30|398|32 Luke Bara > Transition > Left Wing > Dribble Jumper > Long/3pt > Miss 3 Pts,398,2025-12-30,UW-Whitewater,offense,Luke Bara,play-by-play,False,,0.0,not located,
2025-12-30|398|32 Luke Bara > Transition > Left Wing > Dribble Jumper > Long/3pt > Miss 3 Pts,398,2025-12-30,Coe Kohawks,defense,Cooper Nailor,play-by-play,False,,0.0,not located,
2025-12-30|398|32 Luke Bara > Transition > Left Wing > Dribble Jumper > Long/3pt > Miss 3 Pts,398,2025-12-30,Coe Kohawks,defense,Deuce Walters,play-by-play,False,,0.0,not located,
2025-12-30|398|32 Luke Bara > Transition > Left Wing > Dribble Jumper > Long/3pt > Miss 3 Pts,398,2025-12-30,Coe Kohawks,defense,Jackson Bowman,play-by-play,False,,0.0,not located,
2025-12-30|398|32 Luke Bara > Transition > Left Wing > Dribble Jumper > Long/3pt > Miss 3 Pts,398,2025-12-30,Coe Kohawks,defense,Jay Akin,play-by-play,False,,0.0,not located,
2025-12-30|398|32 Luke Bara > Transition > Left Wing > Dribble Jumper > Long/3pt > Miss 3 Pts,398,2025-12-30,Coe Kohawks,defense,Kanyon Bryte,play-by-play,False,,0.0,not located,
2025-12-30|399|5 Cooper Nailor > Off Screen > To Shooter's Right > Straight > No Dribble Jumper > Open > Long/3pt > Make 3 Pts,399,2025-12-30,Coe Kohawks,offense,Cooper Nailor,play-by-play,False,,0.0,not located,
2025-12-30|399|5 Cooper Nailor > Off Screen > To Shooter's Right > Straight > No Dribble Jumper > Open > Long/3pt > Make 3 Pts,399,2025-12-30,Coe Kohawks,offense,Deuce Walters,play-by-play,False,,0.0,not located,
2025-12-30|399|5 Cooper Nailor > Off Screen > To Shooter's Right > Straight > No Dribble Jumper > Open > Long/3pt > Make 3 Pts,399,2025-12-30,Coe Kohawks,offense,Jackson Bowman,play-by-play,False,,0.0,not located,
2025-12-30|399|5 Cooper Nailor > Off Screen > To Shooter's Right > Straight > No Dribble Jumper > Open > Long/3pt > Make 3 Pts,399,2025-12-30,Coe Kohawks,offense,Jay Akin,play-by-play,False,,0.0,not located,
2025-12-30|399|5 Cooper Nailor > Off Screen > To Shooter's Right > Straight > No Dribble Jumper > Open > Long/3pt > Make 3 Pts,399,2025-12-30,Coe Kohawks,offense,Kanyon Bryte,play-by-play,False,,0.0,not located,
2025-12-30|399|5 Cooper Nailor > Off Screen > To Shooter's Right > Straight > No Dribble Jumper > Open > Long/3pt > Make 3 Pts,399,2025-12-30,UW-Whitewater,defense,Brock Marino,play-by-play,False,,0.0,not located,
2025-12-30|399|5 Cooper Nailor > Off Screen > To Shooter's Right > Straight > No Dribble Jumper > Open > Long/3pt > Make 3 Pts,399,2025-12-30,UW-Whitewater,defense,Collin Madson,play-by-play,False,,0.0,not located,
2025-12-30|399|5 Cooper Nailor > Off Screen > To Shooter's Right > Straight > No Dribble Jumper > Open > Long/3pt > Make 3 Pts,399,2025-12-30,UW-Whitewater,defense,Darius Chestnut,play-by-play,False,,0.0,not located,
2025-12-30|399|5 Cooper Nailor > Off Screen > To Shooter's Right > Straight > No Dribble Jumper > Open > Long/3pt > Make 3 Pts,399,2025-12-30,UW-Whitewater,defense,Jake Quast,play-by-play,False,,0.0,not located,
2025-12-30|399|5 Cooper Nailor > Off Screen > To Shooter's Right > Straight > No Dribble Jumper > Open > Long/3pt > Make 3 Pts,399,2025-12-30,UW-Whitewater,defense,Luke Bara,play-by-play,False,,0.0,not located,
2025-12-30|400|34 Kanyon Bryte > No Play Type > Foul,400,2025-12-30,Coe Kohawks,offense,Cooper Nailor,play-by-play,False,,0.0,not located,
2025-12-30|400|34 Kanyon Bryte > No Play Type > Foul,400,2025-12-30,Coe Kohawks,offense,Deuce Walters,play-by-play,False,,0.0,not located,
2025-12-30|400|34 Kanyon Bryte > No Play Type > Foul,400,2025-12-30,Coe Kohawks,offense,Jackson Bowman,play-by-play,False,,0.0,not located,
2025-12-30|400|34 Kanyon Bryte > No Play Type > Foul,400,2025-12-30,Coe Kohawks,offense,Jay Akin,play-by-play,False,,0.0,not located,
2025-12-30|400|34 Kanyon Bryte > No Play Type > Foul,400,2025-12-30,Coe Kohawks,offense,Kanyon Bryte,play-by-play,False,,0.0,not located,
2025-12-30|400|34 Kanyon Bryte > No Play Type > Foul,400,2025-12-30,UW-Whitewater,defense,Brock Marino,play-by-play,False,,0.0,not located,
2025-12-30|400|34 Kanyon Bryte > No Play Type > Foul,400,2025-12-30,UW-Whitewater,defense,Collin Madson,play-by-play,False,,0.0,not located,
2025-12-30|400|34 Kanyon Bryte > No Play Type > Foul,400,2025-12-30,UW-Whitewater,defense,Darius Chestnut,play-by-play,False,,0.0,not located,
2025-12-30|400|34 Kanyon Bryte > No Play Type > Foul,400,2025-12-30,UW-Whitewater,defense,Jake Quast,play-by-play,False,,0.0,not located,
2025-12-30|400|34 Kanyon Bryte > No Play Type > Foul,400,2025-12-30,UW-Whitewater,defense,Luke Bara,play-by-play,False,,0.0,not located,
2025-12-30|403|32 Luke Bara > Non Possession > Non Shooting Foul,403,2025-12-30,UW-Whitewater,offense,Brock Marino,clips before/after (no clock),False,,0.0,not located,
2025-12-30|403|32 Luke Bara > Non Possession > Non Shooting Foul,403,2025-12-30,UW-Whitewater,offense,Collin Madson,clips before/after (no clock),False,,0.0,not located,
2025-12-30|403|32 Luke Bara > Non Possession > Non Shooting Foul,403,2025-12-30,UW-Whitewater,offense,Darius Chestnut,clips before/after (no clock),False,,0.0,not located,
2025-12-30|403|32 Luke Bara > Non Possession > Non Shooting Foul,403,2025-12-30,UW-Whitewater,offense,Jake Quast,clips before/after (no clock),False,,0.0,not located,
2025-12-30|403|32 Luke Bara > Non Possession > Non Shooting Foul,403,2025-12-30,UW-Whitewater,offense,Luke Bara,clips before/after (no clock),False,,0.0,not located,
2025-12-30|403|32 Luke Bara > Non Possession > Non Shooting Foul,403,2025-12-30,Coe Kohawks,defense,Cooper Nailor,clips before/after (no clock),False,,0.0,not located,
2025-12-30|403|32 Luke Bara > Non Possession > Non Shooting Foul,403,2025-12-30,Coe Kohawks,defense,Deuce Walters,clips before/after (no clock),False,,0.0,not located,
2025-12-30|403|32 Luke Bara > Non Possession > Non Shooting Foul,403,2025-12-30,Coe Kohawks,defense,Jackson Bowman,clips before/after (no clock),False,,0.0,not located,
2025-12-30|403|32 Luke Bara > Non Possession > Non Shooting Foul,403,2025-12-30,Coe Kohawks,defense,Jay Akin,clips before/after (no clock),False,,0.0,not located,
2025-12-30|403|32 Luke Bara > Non Possession > Non Shooting Foul,403,2025-12-30,Coe Kohawks,defense,Kanyon Bryte,clips before/after (no clock),False,,0.0,not located,
2025-12-30|404|21 Brock Marino > Cut > Basket > Foul,404,2025-12-30,UW-Whitewater,offense,Brock Marino,play-by-play,True,3,8.8,Synergy,0.95
2025-12-30|404|21 Brock Marino > Cut > Basket > Foul,404,2025-12-30,UW-Whitewater,offense,Collin Madson,play-by-play,False,,0.0,not located,
2025-12-30|404|21 Brock Marino > Cut > Basket > Foul,404,2025-12-30,UW-Whitewater,offense,Darius Chestnut,play-by-play,False,,0.0,not located,
2025-12-30|404|21 Brock Marino > Cut > Basket > Foul,404,2025-12-30,UW-Whitewater,offense,Jake Quast,play-by-play,False,,0.0,not located,
2025-12-30|404|21 Brock Marino > Cut > Basket > Foul,404,2025-12-30,UW-Whitewater,offense,Luke Bara,play-by-play,False,,0.0,not located,
2025-12-30|404|21 Brock Marino > Cut > Basket > Foul,404,2025-12-30,Coe Kohawks,defense,Cooper Nailor,play-by-play,False,,0.0,not located,
2025-12-30|404|21 Brock Marino > Cut > Basket > Foul,404,2025-12-30,Coe Kohawks,defense,Deuce Walters,play-by-play,False,,0.0,not located,
2025-12-30|404|21 Brock Marino > Cut > Basket > Foul,404,2025-12-30,Coe Kohawks,defense,Jackson Bowman,play-by-play,False,,0.0,not located,
2025-12-30|404|21 Brock Marino > Cut > Basket > Foul,404,2025-12-30,Coe Kohawks,defense,Jay Akin,play-by-play,False,,0.0,not located,
2025-12-30|404|21 Brock Marino > Cut > Basket > Foul,404,2025-12-30,Coe Kohawks,defense,Kanyon Bryte,play-by-play,False,,0.0,not located,
2025-12-30|407|4 Deuce Walters > P&R Ball Handler > High P&R > Dribble Off Pick > Defense Commits > Ball Delivered > 22 Jackson Bowman > Spot-Up > No Dribble Jumper > Open > Long/3pt > Make 3 Pts,407,2025-12-30,Coe Kohawks,offense,Cooper Nailor,play-by-play,False,,0.0,not located,
2025-12-30|407|4 Deuce Walters > P&R Ball Handler > High P&R > Dribble Off Pick > Defense Commits > Ball Delivered > 22 Jackson Bowman > Spot-Up > No Dribble Jumper > Open > Long/3pt > Make 3 Pts,407,2025-12-30,Coe Kohawks,offense,Deuce Walters,play-by-play,True,38,3.2,Synergy,0.95
2025-12-30|407|4 Deuce Walters > P&R Ball Handler > High P&R > Dribble Off Pick > Defense Commits > Ball Delivered > 22 Jackson Bowman > Spot-Up > No Dribble Jumper > Open > Long/3pt > Make 3 Pts,407,2025-12-30,Coe Kohawks,offense,Jackson Bowman,play-by-play,False,,0.0,not located,
2025-12-30|407|4 Deuce Walters > P&R Ball Handler > High P&R > Dribble Off Pick > Defense Commits > Ball Delivered > 22 Jackson Bowman > Spot-Up > No Dribble Jumper > Open > Long/3pt > Make 3 Pts,407,2025-12-30,Coe Kohawks,offense,Jay Akin,play-by-play,False,,0.0,not located,
2025-12-30|407|4 Deuce Walters > P&R Ball Handler > High P&R > Dribble Off Pick > Defense Commits > Ball Delivered > 22 Jackson Bowman > Spot-Up > No Dribble Jumper > Open > Long/3pt > Make 3 Pts,407,2025-12-30,Coe Kohawks,offense,Kanyon Bryte,play-by-play,False,,0.0,not located,
2025-12-30|407|4 Deuce Walters > P&R Ball Handler > High P&R > Dribble Off Pick > Defense Commits > Ball Delivered > 22 Jackson Bowman > Spot-Up > No Dribble Jumper > Open > Long/3pt > Make 3 Pts,407,2025-12-30,UW-Whitewater,defense,Brock Marino,play-by-play,False,,0.0,not located,
2025-12-30|407|4 Deuce Walters > P&R Ball Handler > High P&R > Dribble Off Pick > Defense Commits > Ball Delivered > 22 Jackson Bowman > Spot-Up > No Dribble Jumper > Open > Long/3pt > Make 3 Pts,407,2025-12-30,UW-Whitewater,defense,Collin Madson,play-by-play,False,,0.0,not located,
2025-12-30|407|4 Deuce Walters > P&R Ball Handler > High P&R > Dribble Off Pick > Defense Commits > Ball Delivered > 22 Jackson Bowman > Spot-Up > No Dribble Jumper > Open > Long/3pt > Make 3 Pts,407,2025-12-30,UW-Whitewater,defense,Darius Chestnut,play-by-play,False,,0.0,not located,
2025-12-30|407|4 Deuce Walters > P&R Ball Handler > High P&R > Dribble Off Pick > Defense Commits > Ball Delivered > 22 Jackson Bowman > Spot-Up > No Dribble Jumper > Open > Long/3pt > Make 3 Pts,407,2025-12-30,UW-Whitewater,defense,Jake Quast,play-by-play,False,,0.0,not located,
2025-12-30|407|4 Deuce Walters > P&R Ball Handler > High P&R > Dribble Off Pick > Defense Commits > Ball Delivered > 22 Jackson Bowman > Spot-Up > No Dribble Jumper > Open > Long/3pt > Make 3 Pts,407,2025-12-30,UW-Whitewater,defense,Luke Bara,play-by-play,False,,0.0,not located,
2025-12-30|408|32 Luke Bara > P&R Ball Handler > Right P&R > Side > Dribble Off Pick > Defense Commits > Ball Delivered > 15 Collin Madson > Spot-Up > Drives Left > To Basket > Foul,408,2025-12-30,UW-Whitewater,offense,Brock Marino,play-by-play,False,,0.0,not located,
2025-12-30|408|32 Luke Bara > P&R Ball Handler > Right P&R > Side > Dribble Off Pick > Defense Commits > Ball Delivered > 15 Collin Madson > Spot-Up > Drives Left > To Basket > Foul,408,2025-12-30,UW-Whitewater,offense,Collin Madson,play-by-play,False,,0.0,not located,
2025-12-30|408|32 Luke Bara > P&R Ball Handler > Right P&R > Side > Dribble Off Pick > Defense Commits > Ball Delivered > 15 Collin Madson > Spot-Up > Drives Left > To Basket > Foul,408,2025-12-30,UW-Whitewater,offense,Darius Chestnut,play-by-play,False,,0.0,not located,
2025-12-30|408|32 Luke Bara > P&R Ball Handler > Right P&R > Side > Dribble Off Pick > Defense Commits > Ball Delivered > 15 Collin Madson > Spot-Up > Drives Left > To Basket > Foul,408,2025-12-30,UW-Whitewater,offense,Jake Quast,play-by-play,False,,0.0,not located,
2025-12-30|408|32 Luke Bara > P&R Ball Handler > Right P&R > Side > Dribble Off Pick > Defense Commits > Ball Delivered > 15 Collin Madson > Spot-Up > Drives Left > To Basket > Foul,408,2025-12-30,UW-Whitewater,offense,Luke Bara,play-by-play,True,41,25.0,Synergy,0.95
2025-12-30|408|32 Luke Bara > P&R Ball Handler > Right P&R > Side > Dribble Off Pick > Defense Commits > Ball Delivered > 15 Collin Madson > Spot-Up > Drives Left > To Basket > Foul,408,2025-12-30,Coe Kohawks,defense,Cooper Nailor,play-by-play,False,,0.0,not located,
2025-12-30|408|32 Luke Bara > P&R Ball Handler > Right P&R > Side > Dribble Off Pick > Defense Commits > Ball Delivered > 15 Collin Madson > Spot-Up > Drives Left > To Basket > Foul,408,2025-12-30,Coe Kohawks,defense,Deuce Walters,play-by-play,False,,0.0,not located,
2025-12-30|408|32 Luke Bara > P&R Ball Handler > Right P&R > Side > Dribble Off Pick > Defense Commits > Ball Delivered > 15 Collin Madson > Spot-Up > Drives Left > To Basket > Foul,408,2025-12-30,Coe Kohawks,defense,Jackson Bowman,play-by-play,False,,0.0,not located,
2025-12-30|408|32 Luke Bara > P&R Ball Handler > Right P&R > Side > Dribble Off Pick > Defense Commits > Ball Delivered > 15 Collin Madson > Spot-Up > Drives Left > To Basket > Foul,408,2025-12-30,Coe Kohawks,defense,Jay Akin,play-by-play,False,,0.0,not located,
2025-12-30|408|32 Luke Bara > P&R Ball Handler > Right P&R > Side > Dribble Off Pick > Defense Commits > Ball Delivered > 15 Collin Madson > Spot-Up > Drives Left > To Basket > Foul,408,2025-12-30,Coe Kohawks,defense,Kanyon Bryte,play-by-play,False,,0.0,not located,
2025-12-30|411|4 Deuce Walters > P&R Ball Handler > High P&R > Dribble Off Pick > To Basket > Make 2 Pts,411,2025-12-30,Coe Kohawks,offense,Austin Beeson,play-by-play,False,,0.0,not located,
2025-12-30|411|4 Deuce Walters > P&R Ball Handler > High P&R > Dribble Off Pick > To Basket > Make 2 Pts,411,2025-12-30,Coe Kohawks,offense,Cooper Nailor,play-by-play,False,,0.0,not located,
2025-12-30|411|4 Deuce Walters > P&R Ball Handler > High P&R > Dribble Off Pick > To Basket > Make 2 Pts,411,2025-12-30,Coe Kohawks,offense,Deuce Walters,play-by-play,False,,0.0,not located,
2025-12-30|411|4 Deuce Walters > P&R Ball Handler > High P&R > Dribble Off Pick > To Basket > Make 2 Pts,411,2025-12-30,Coe Kohawks,offense,Jackson Bowman,play-by-play,False,,0.0,not located,
2025-12-30|411|4 Deuce Walters > P&R Ball Handler > High P&R > Dribble Off Pick > To Basket > Make 2 Pts,411,2025-12-30,Coe Kohawks,offense,Kanyon Bryte,play-by-play,False,,0.0,not located,
2025-12-30|411|4 Deuce Walters > P&R Ball Handler > High P&R > Dribble Off Pick > To Basket > Make 2 Pts,411,2025-12-30,UW-Whitewater,defense,Collin Madson,play-by-play,False,,0.0,not located,
2025-12-30|411|4 Deuce Walters > P&R Ball Handler > High P&R > Dribble Off Pick > To Basket > Make 2 Pts,411,2025-12-30,UW-Whitewater,defense,Darius Chestnut,play-by-play,False,,0.0,not located,
2025-12-30|411|4 Deuce Walters > P&R Ball Handler > High P&R > Dribble Off Pick > To Basket > Make 2 Pts,411,2025-12-30,UW-Whitewater,defense,JR Lukenbill,play-by-play,False,,0.0,not located,
2025-12-30|411|4 Deuce Walters > P&R Ball Handler > High P&R > Dribble Off Pick > To Basket > Make 2 Pts,411,2025-12-30,UW-Whitewater,defense,Jake Quast,play-by-play,False,,0.0,not located,
2025-12-30|411|4 Deuce Walters > P&R Ball Handler > High P&R > Dribble Off Pick > To Basket > Make 2 Pts,411,2025-12-30,UW-Whitewater,defense,Luke Bara,play-by-play,False,,0.0,not located,
2025-12-30|412|32 Luke Bara > P&R Ball Handler > Right P&R > Side > Dribble Off Pick > Dribble Jumper > Long/3pt > Miss 3 Pts,412,2025-12-30,UW-Whitewater,offense,Collin Madson,play-by-play,False,,0.0,not located,
2025-12-30|412|32 Luke Bara > P&R Ball Handler > Right P&R > Side > Dribble Off Pick > Dribble Jumper > Long/3pt > Miss 3 Pts,412,2025-12-30,UW-Whitewater,offense,Darius Chestnut,play-by-play,False,,0.0,not located,
2025-12-30|412|32 Luke Bara > P&R Ball Handler > Right P&R > Side > Dribble Off Pick > Dribble Jumper > Long/3pt > Miss 3 Pts,412,2025-12-30,UW-Whitewater,offense,JR Lukenbill,play-by-play,False,,0.0,not located,
2025-12-30|412|32 Luke Bara > P&R Ball Handler > Right P&R > Side > Dribble Off Pick > Dribble Jumper > Long/3pt > Miss 3 Pts,412,2025-12-30,UW-Whitewater,offense,Jake Quast,play-by-play,False,,0.0,not located,
2025-12-30|412|32 Luke Bara > P&R Ball Handler > Right P&R > Side > Dribble Off Pick > Dribble Jumper > Long/3pt > Miss 3 Pts,412,2025-12-30,UW-Whitewater,offense,Luke Bara,play-by-play,False,,0.0,not located,
2025-12-30|412|32 Luke Bara > P&R Ball Handler > Right P&R > Side > Dribble Off Pick > Dribble Jumper > Long/3pt > Miss 3 Pts,412,2025-12-30,Coe Kohawks,defense,Austin Beeson,play-by-play,False,,0.0,not located,
2025-12-30|412|32 Luke Bara > P&R Ball Handler > Right P&R > Side > Dribble Off Pick > Dribble Jumper > Long/3pt > Miss 3 Pts,412,2025-12-30,Coe Kohawks,defense,Cooper Nailor,play-by-play,False,,0.0,not located,
2025-12-30|412|32 Luke Bara > P&R Ball Handler > Right P&R > Side > Dribble Off Pick > Dribble Jumper > Long/3pt > Miss 3 Pts,412,2025-12-30,Coe Kohawks,defense,Deuce Walters,play-by-play,False,,0.0,not located,
2025-12-30|412|32 Luke Bara > P&R Ball Handler > Right P&R > Side > Dribble Off Pick > Dribble Jumper > Long/3pt > Miss 3 Pts,412,2025-12-30,Coe Kohawks,defense,Jackson Bowman,play-by-play,False,,0.0,not located,
2025-12-30|412|32 Luke Bara > P&R Ball Handler > Right P&R > Side > Dribble Off Pick > Dribble Jumper > Long/3pt > Miss 3 Pts,412,2025-12-30,Coe Kohawks,defense,Kanyon Bryte,play-by-play,False,,0.0,not located,
2025-12-30|413|34 Kanyon Bryte > Post-Up > Right Block > Post Pin > No Dribble Move > To Basket > Make 2 Pts,413,2025-12-30,Coe Kohawks,offense,Austin Beeson,play-by-play,False,,0.0,not located,
2025-12-30|413|34 Kanyon Bryte > Post-Up > Right Block > Post Pin > No Dribble Move > To Basket > Make 2 Pts,413,2025-12-30,Coe Kohawks,offense,Cooper Nailor,play-by-play,False,,0.0,not located,
2025-12-30|413|34 Kanyon Bryte > Post-Up > Right Block > Post Pin > No Dribble Move > To Basket > Make 2 Pts,413,2025-12-30,Coe Kohawks,offense,Deuce Walters,play-by-play,False,,0.0,not located,
2025-12-30|413|34 Kanyon Bryte > Post-Up > Right Block > Post Pin > No Dribble Move > To Basket > Make 2 Pts,413,2025-12-30,Coe Kohawks,offense,Jackson Bowman,play-by-play,False,,0.0,not located,
2025-12-30|413|34 Kanyon Bryte > Post-Up > Right Block > Post Pin > No Dribble Move > To Basket > Make 2 Pts,413,2025-12-30,Coe Kohawks,offense,Kanyon Bryte,play-by-play,False,,0.0,not located,
2025-12-30|413|34 Kanyon Bryte > Post-Up > Right Block > Post Pin > No Dribble Move > To Basket > Make 2 Pts,413,2025-12-30,UW-Whitewater,defense,Collin Madson,play-by-play,False,,0.0,not located,
2025-12-30|413|34 Kanyon Bryte > Post-Up > Right Block > Post Pin > No Dribble Move > To Basket > Make 2 Pts,413,2025-12-30,UW-Whitewater,defense,Darius Chestnut,play-by-play,False,,0.0,not located,
2025-12-30|413|34 Kanyon Bryte > Post-Up > Right Block > Post Pin > No Dribble Move > To Basket > Make 2 Pts,413,2025-12-30,UW-Whitewater,defense,JR Lukenbill,play-by-play,False,,0.0,not located,
2025-12-30|413|34 Kanyon Bryte > Post-Up > Right Block > Post Pin > No Dribble Move > To Basket > Make 2 Pts,413,2025-12-30,UW-Whitewater,defense,Jake Quast,play-by-play,False,,0.0,not located,
2025-12-30|413|34 Kanyon Bryte > Post-Up > Right Block > Post Pin > No Dribble Move > To Basket > Make 2 Pts,413,2025-12-30,UW-Whitewater,defense,Luke Bara,play-by-play,True,39;47,3.2,followed player;linked possession,0.95
2025-12-30|414|10 Darius Chestnut > Non Possession > No Violation,414,2025-12-30,UW-Whitewater,offense,Collin Madson,clips before/after (no clock),True,48,6.5,coach checked,0.99
2025-12-30|414|10 Darius Chestnut > Non Possession > No Violation,414,2025-12-30,UW-Whitewater,offense,Darius Chestnut,clips before/after (no clock),True,37;49;56,6.5,best guess,0.31
2025-12-30|414|10 Darius Chestnut > Non Possession > No Violation,414,2025-12-30,UW-Whitewater,offense,JR Lukenbill,clips before/after (no clock),True,13;71,10.0,best guess,0.31
2025-12-30|414|10 Darius Chestnut > Non Possession > No Violation,414,2025-12-30,UW-Whitewater,offense,Jake Quast,clips before/after (no clock),True,10,11.0,best guess,0.31
2025-12-30|414|10 Darius Chestnut > Non Possession > No Violation,414,2025-12-30,UW-Whitewater,offense,Luke Bara,clips before/after (no clock),True,4,15.2,coach checked,0.95
2025-12-30|414|10 Darius Chestnut > Non Possession > No Violation,414,2025-12-30,Coe Kohawks,defense,Austin Beeson,clips before/after (no clock),False,,0.0,not located,
2025-12-30|414|10 Darius Chestnut > Non Possession > No Violation,414,2025-12-30,Coe Kohawks,defense,Cooper Nailor,clips before/after (no clock),False,,0.0,not located,
2025-12-30|414|10 Darius Chestnut > Non Possession > No Violation,414,2025-12-30,Coe Kohawks,defense,Deuce Walters,clips before/after (no clock),False,,0.0,not located,
2025-12-30|414|10 Darius Chestnut > Non Possession > No Violation,414,2025-12-30,Coe Kohawks,defense,Jackson Bowman,clips before/after (no clock),False,,0.0,not located,
2025-12-30|414|10 Darius Chestnut > Non Possession > No Violation,414,2025-12-30,Coe Kohawks,defense,Kanyon Bryte,clips before/after (no clock),False,,0.0,not located,
2025-12-30|417|12 Jake Quast > Non Possession > Kicked Ball,417,2025-12-30,UW-Whitewater,offense,Collin Madson,clips before/after (no clock),False,,0.0,not located,
2025-12-30|417|12 Jake Quast > Non Possession > Kicked Ball,417,2025-12-30,UW-Whitewater,offense,Darius Chestnut,clips before/after (no clock),False,,0.0,not located,
2025-12-30|417|12 Jake Quast > Non Possession > Kicked Ball,417,2025-12-30,UW-Whitewater,offense,JR Lukenbill,clips before/after (no clock),False,,0.0,not located,
2025-12-30|417|12 Jake Quast > Non Possession > Kicked Ball,417,2025-12-30,UW-Whitewater,offense,Jake Quast,clips before/after (no clock),False,,0.0,not located,
2025-12-30|417|12 Jake Quast > Non Possession > Kicked Ball,417,2025-12-30,UW-Whitewater,offense,Luke Bara,clips before/after (no clock),False,,0.0,not located,
2025-12-30|417|12 Jake Quast > Non Possession > Kicked Ball,417,2025-12-30,Coe Kohawks,defense,Austin Beeson,clips before/after (no clock),False,,0.0,not located,
2025-12-30|417|12 Jake Quast > Non Possession > Kicked Ball,417,2025-12-30,Coe Kohawks,defense,Cooper Nailor,clips before/after (no clock),False,,0.0,not located,
2025-12-30|417|12 Jake Quast > Non Possession > Kicked Ball,417,2025-12-30,Coe Kohawks,defense,Deuce Walters,clips before/after (no clock),False,,0.0,not located,
2025-12-30|417|12 Jake Quast > Non Possession > Kicked Ball,417,2025-12-30,Coe Kohawks,defense,Jackson Bowman,clips before/after (no clock),False,,0.0,not located,
2025-12-30|417|12 Jake Quast > Non Possession > Kicked Ball,417,2025-12-30,Coe Kohawks,defense,Kanyon Bryte,clips before/after (no clock),False,,0.0,not located,
2025-12-30|418|15 Collin Madson > Post-Up > Right Block > Right Shoulder > Dribble Move > To Jumper > Foul,418,2025-12-30,UW-Whitewater,offense,Collin Madson,clips before/after (no clock),True,1,6.8,Synergy,0.95
2025-12-30|418|15 Collin Madson > Post-Up > Right Block > Right Shoulder > Dribble Move > To Jumper > Foul,418,2025-12-30,UW-Whitewater,offense,Darius Chestnut,clips before/after (no clock),False,,0.0,not located,
2025-12-30|418|15 Collin Madson > Post-Up > Right Block > Right Shoulder > Dribble Move > To Jumper > Foul,418,2025-12-30,UW-Whitewater,offense,JR Lukenbill,clips before/after (no clock),False,,0.0,not located,
2025-12-30|418|15 Collin Madson > Post-Up > Right Block > Right Shoulder > Dribble Move > To Jumper > Foul,418,2025-12-30,UW-Whitewater,offense,Jake Quast,clips before/after (no clock),False,,0.0,not located,
2025-12-30|418|15 Collin Madson > Post-Up > Right Block > Right Shoulder > Dribble Move > To Jumper > Foul,418,2025-12-30,UW-Whitewater,offense,Luke Bara,clips before/after (no clock),False,,0.0,not located,
2025-12-30|418|15 Collin Madson > Post-Up > Right Block > Right Shoulder > Dribble Move > To Jumper > Foul,418,2025-12-30,Coe Kohawks,defense,Austin Beeson,clips before/after (no clock),False,,0.0,not located,
2025-12-30|418|15 Collin Madson > Post-Up > Right Block > Right Shoulder > Dribble Move > To Jumper > Foul,418,2025-12-30,Coe Kohawks,defense,Cooper Nailor,clips before/after (no clock),False,,0.0,not located,
2025-12-30|418|15 Collin Madson > Post-Up > Right Block > Right Shoulder > Dribble Move > To Jumper > Foul,418,2025-12-30,Coe Kohawks,defense,Deuce Walters,clips before/after (no clock),False,,0.0,not located,
2025-12-30|418|15 Collin Madson > Post-Up > Right Block > Right Shoulder > Dribble Move > To Jumper > Foul,418,2025-12-30,Coe Kohawks,defense,Jackson Bowman,clips before/after (no clock),False,,0.0,not located,
2025-12-30|418|15 Collin Madson > Post-Up > Right Block > Right Shoulder > Dribble Move > To Jumper > Foul,418,2025-12-30,Coe Kohawks,defense,Kanyon Bryte,clips before/after (no clock),False,,0.0,not located,
2025-12-30|421|5 Cooper Nailor > No Play Type > Turnover,421,2025-12-30,Coe Kohawks,offense,Austin Beeson,play-by-play,False,,0.0,not located,
2025-12-30|421|5 Cooper Nailor > No Play Type > Turnover,421,2025-12-30,Coe Kohawks,offense,Cooper Nailor,play-by-play,True,6,7.5,Synergy,0.95
2025-12-30|421|5 Cooper Nailor > No Play Type > Turnover,421,2025-12-30,Coe Kohawks,offense,Deuce Walters,play-by-play,False,,0.0,not located,
2025-12-30|421|5 Cooper Nailor > No Play Type > Turnover,421,2025-12-30,Coe Kohawks,offense,Jackson Bowman,play-by-play,False,,0.0,not located,
2025-12-30|421|5 Cooper Nailor > No Play Type > Turnover,421,2025-12-30,Coe Kohawks,offense,Kanyon Bryte,play-by-play,False,,0.0,not located,
2025-12-30|421|5 Cooper Nailor > No Play Type > Turnover,421,2025-12-30,UW-Whitewater,defense,Collin Madson,play-by-play,False,,0.0,not located,
2025-12-30|421|5 Cooper Nailor > No Play Type > Turnover,421,2025-12-30,UW-Whitewater,defense,Darius Chestnut,play-by-play,False,,0.0,not located,
2025-12-30|421|5 Cooper Nailor > No Play Type > Turnover,421,2025-12-30,UW-Whitewater,defense,JR Lukenbill,play-by-play,False,,0.0,not located,
2025-12-30|421|5 Cooper Nailor > No Play Type > Turnover,421,2025-12-30,UW-Whitewater,defense,Jake Quast,play-by-play,False,,0.0,not located,
2025-12-30|421|5 Cooper Nailor > No Play Type > Turnover,421,2025-12-30,UW-Whitewater,defense,Luke Bara,play-by-play,False,,0.0,not located,
2025-12-30|422|15 Collin Madson > Post-Up > Left Block > Left Shoulder > Dribble Move > Foul,422,2025-12-30,Coe Kohawks,defense,Austin Beeson,clips before/after (no clock),False,,0.0,not located,
2025-12-30|422|15 Collin Madson > Post-Up > Left Block > Left Shoulder > Dribble Move > Foul,422,2025-12-30,Coe Kohawks,defense,Cooper Nailor,clips before/after (no clock),False,,0.0,not located,
2025-12-30|422|15 Collin Madson > Post-Up > Left Block > Left Shoulder > Dribble Move > Foul,422,2025-12-30,Coe Kohawks,defense,Deuce Walters,clips before/after (no clock),False,,0.0,not located,
2025-12-30|422|15 Collin Madson > Post-Up > Left Block > Left Shoulder > Dribble Move > Foul,422,2025-12-30,Coe Kohawks,defense,Jackson Bowman,clips before/after (no clock),False,,0.0,not located,
2025-12-30|422|15 Collin Madson > Post-Up > Left Block > Left Shoulder > Dribble Move > Foul,422,2025-12-30,Coe Kohawks,defense,Kanyon Bryte,clips before/after (no clock),False,,0.0,not located,
2025-12-30|425|4 Deuce Walters > Spot-Up > No Dribble Jumper > Guarded > Long/3pt > Miss 3 Pts,425,2025-12-30,Coe Kohawks,offense,Austin Beeson,play-by-play,False,,0.0,not located,
2025-12-30|425|4 Deuce Walters > Spot-Up > No Dribble Jumper > Guarded > Long/3pt > Miss 3 Pts,425,2025-12-30,Coe Kohawks,offense,Cooper Nailor,play-by-play,False,,0.0,not located,
2025-12-30|425|4 Deuce Walters > Spot-Up > No Dribble Jumper > Guarded > Long/3pt > Miss 3 Pts,425,2025-12-30,Coe Kohawks,offense,Deuce Walters,play-by-play,False,,0.0,not located,
2025-12-30|425|4 Deuce Walters > Spot-Up > No Dribble Jumper > Guarded > Long/3pt > Miss 3 Pts,425,2025-12-30,Coe Kohawks,offense,Jackson Bowman,play-by-play,False,,0.0,not located,
2025-12-30|425|4 Deuce Walters > Spot-Up > No Dribble Jumper > Guarded > Long/3pt > Miss 3 Pts,425,2025-12-30,Coe Kohawks,offense,Kanyon Bryte,play-by-play,False,,0.0,not located,
2025-12-30|425|4 Deuce Walters > Spot-Up > No Dribble Jumper > Guarded > Long/3pt > Miss 3 Pts,425,2025-12-30,UW-Whitewater,defense,Collin Madson,play-by-play,False,,0.0,not located,
2025-12-30|425|4 Deuce Walters > Spot-Up > No Dribble Jumper > Guarded > Long/3pt > Miss 3 Pts,425,2025-12-30,UW-Whitewater,defense,Darius Chestnut,play-by-play,False,,0.0,not located,
2025-12-30|425|4 Deuce Walters > Spot-Up > No Dribble Jumper > Guarded > Long/3pt > Miss 3 Pts,425,2025-12-30,UW-Whitewater,defense,JR Lukenbill,play-by-play,False,,0.0,not located,
2025-12-30|425|4 Deuce Walters > Spot-Up > No Dribble Jumper > Guarded > Long/3pt > Miss 3 Pts,425,2025-12-30,UW-Whitewater,defense,Luke Bara,play-by-play,False,,0.0,not located,
2025-12-30|425|4 Deuce Walters > Spot-Up > No Dribble Jumper > Guarded > Long/3pt > Miss 3 Pts,425,2025-12-30,UW-Whitewater,defense,Tyshawn Teague-Johnson,play-by-play,False,,0.0,not located,
2025-12-30|426|15 Collin Madson > No Play Type > Foul,426,2025-12-30,UW-Whitewater,offense,Collin Madson,play-by-play,False,,0.0,not located,
2025-12-30|426|15 Collin Madson > No Play Type > Foul,426,2025-12-30,UW-Whitewater,offense,Darius Chestnut,play-by-play,False,,0.0,not located,
2025-12-30|426|15 Collin Madson > No Play Type > Foul,426,2025-12-30,UW-Whitewater,offense,JR Lukenbill,play-by-play,False,,0.0,not located,
2025-12-30|426|15 Collin Madson > No Play Type > Foul,426,2025-12-30,UW-Whitewater,offense,Luke Bara,play-by-play,False,,0.0,not located,
2025-12-30|426|15 Collin Madson > No Play Type > Foul,426,2025-12-30,UW-Whitewater,offense,Tyshawn Teague-Johnson,play-by-play,False,,0.0,not located,
2025-12-30|426|15 Collin Madson > No Play Type > Foul,426,2025-12-30,Coe Kohawks,defense,Austin Beeson,play-by-play,False,,0.0,not located,
2025-12-30|426|15 Collin Madson > No Play Type > Foul,426,2025-12-30,Coe Kohawks,defense,Cooper Nailor,play-by-play,False,,0.0,not located,
2025-12-30|426|15 Collin Madson > No Play Type > Foul,426,2025-12-30,Coe Kohawks,defense,Deuce Walters,play-by-play,False,,0.0,not located,
2025-12-30|426|15 Collin Madson > No Play Type > Foul,426,2025-12-30,Coe Kohawks,defense,Jackson Bowman,play-by-play,False,,0.0,not located,
2025-12-30|426|15 Collin Madson > No Play Type > Foul,426,2025-12-30,Coe Kohawks,defense,Kanyon Bryte,play-by-play,False,,0.0,not located,
2025-12-30|429|25 Austin Beeson > Spot-Up > Drives Right > To Basket > Make 2 Pts,429,2025-12-30,Coe Kohawks,offense,Austin Beeson,play-by-play,False,,0.0,not located,
2025-12-30|429|25 Austin Beeson > Spot-Up > Drives Right > To Basket > Make 2 Pts,429,2025-12-30,Coe Kohawks,offense,Cooper Nailor,play-by-play,False,,0.0,not located,
2025-12-30|429|25 Austin Beeson > Spot-Up > Drives Right > To Basket > Make 2 Pts,429,2025-12-30,Coe Kohawks,offense,Deuce Walters,play-by-play,False,,0.0,not located,
2025-12-30|429|25 Austin Beeson > Spot-Up > Drives Right > To Basket > Make 2 Pts,429,2025-12-30,Coe Kohawks,offense,Jackson Bowman,play-by-play,False,,0.0,not located,
2025-12-30|429|25 Austin Beeson > Spot-Up > Drives Right > To Basket > Make 2 Pts,429,2025-12-30,Coe Kohawks,offense,Kanyon Bryte,play-by-play,False,,0.0,not located,
2025-12-30|429|25 Austin Beeson > Spot-Up > Drives Right > To Basket > Make 2 Pts,429,2025-12-30,UW-Whitewater,defense,Collin Madson,play-by-play,False,,0.0,not located,
2025-12-30|429|25 Austin Beeson > Spot-Up > Drives Right > To Basket > Make 2 Pts,429,2025-12-30,UW-Whitewater,defense,Darius Chestnut,play-by-play,False,,0.0,not located,
2025-12-30|429|25 Austin Beeson > Spot-Up > Drives Right > To Basket > Make 2 Pts,429,2025-12-30,UW-Whitewater,defense,JR Lukenbill,play-by-play,False,,0.0,not located,
2025-12-30|429|25 Austin Beeson > Spot-Up > Drives Right > To Basket > Make 2 Pts,429,2025-12-30,UW-Whitewater,defense,Luke Bara,play-by-play,False,,0.0,not located,
2025-12-30|429|25 Austin Beeson > Spot-Up > Drives Right > To Basket > Make 2 Pts,429,2025-12-30,UW-Whitewater,defense,Tyshawn Teague-Johnson,play-by-play,False,,0.0,not located,
2025-12-30|430|40 Tyshawn Teague-Johnson > Spot-Up > Drives Right > To Basket > Miss 2 Pts,430,2025-12-30,UW-Whitewater,offense,Collin Madson,play-by-play,False,,0.0,not located,
2025-12-30|430|40 Tyshawn Teague-Johnson > Spot-Up > Drives Right > To Basket > Miss 2 Pts,430,2025-12-30,UW-Whitewater,offense,Darius Chestnut,play-by-play,False,,0.0,not located,
2025-12-30|430|40 Tyshawn Teague-Johnson > Spot-Up > Drives Right > To Basket > Miss 2 Pts,430,2025-12-30,UW-Whitewater,offense,JR Lukenbill,play-by-play,False,,0.0,not located,
2025-12-30|430|40 Tyshawn Teague-Johnson > Spot-Up > Drives Right > To Basket > Miss 2 Pts,430,2025-12-30,UW-Whitewater,offense,Luke Bara,play-by-play,False,,0.0,not located,
2025-12-30|430|40 Tyshawn Teague-Johnson > Spot-Up > Drives Right > To Basket > Miss 2 Pts,430,2025-12-30,UW-Whitewater,offense,Tyshawn Teague-Johnson,play-by-play,False,,0.0,not located,
2025-12-30|430|40 Tyshawn Teague-Johnson > Spot-Up > Drives Right > To Basket > Miss 2 Pts,430,2025-12-30,Coe Kohawks,defense,Austin Beeson,play-by-play,False,,0.0,not located,
2025-12-30|430|40 Tyshawn Teague-Johnson > Spot-Up > Drives Right > To Basket > Miss 2 Pts,430,2025-12-30,Coe Kohawks,defense,Cooper Nailor,play-by-play,False,,0.0,not located,
2025-12-30|430|40 Tyshawn Teague-Johnson > Spot-Up > Drives Right > To Basket > Miss 2 Pts,430,2025-12-30,Coe Kohawks,defense,Deuce Walters,play-by-play,False,,0.0,not located,
2025-12-30|430|40 Tyshawn Teague-Johnson > Spot-Up > Drives Right > To Basket > Miss 2 Pts,430,2025-12-30,Coe Kohawks,defense,Jackson Bowman,play-by-play,False,,0.0,not located,
2025-12-30|430|40 Tyshawn Teague-Johnson > Spot-Up > Drives Right > To Basket > Miss 2 Pts,430,2025-12-30,Coe Kohawks,defense,Kanyon Bryte,play-by-play,False,,0.0,not located,
2025-12-30|431|5 Cooper Nailor > Hand Off > From Dribble > Right > No Dribble Jumper > Open > Long/3pt > Make 3 Pts,431,2025-12-30,Coe Kohawks,offense,Austin Beeson,play-by-play,False,,0.0,not located,
2025-12-30|431|5 Cooper Nailor > Hand Off > From Dribble > Right > No Dribble Jumper > Open > Long/3pt > Make 3 Pts,431,2025-12-30,Coe Kohawks,offense,Cooper Nailor,play-by-play,False,,0.0,not located,
2025-12-30|431|5 Cooper Nailor > Hand Off > From Dribble > Right > No Dribble Jumper > Open > Long/3pt > Make 3 Pts,431,2025-12-30,Coe Kohawks,offense,Deuce Walters,play-by-play,False,,0.0,not located,
2025-12-30|431|5 Cooper Nailor > Hand Off > From Dribble > Right > No Dribble Jumper > Open > Long/3pt > Make 3 Pts,431,2025-12-30,Coe Kohawks,offense,Jackson Bowman,play-by-play,False,,0.0,not located,
2025-12-30|431|5 Cooper Nailor > Hand Off > From Dribble > Right > No Dribble Jumper > Open > Long/3pt > Make 3 Pts,431,2025-12-30,Coe Kohawks,offense,Kanyon Bryte,play-by-play,False,,0.0,not located,
2025-12-30|431|5 Cooper Nailor > Hand Off > From Dribble > Right > No Dribble Jumper > Open > Long/3pt > Make 3 Pts,431,2025-12-30,UW-Whitewater,defense,Collin Madson,play-by-play,False,,0.0,not located,
2025-12-30|431|5 Cooper Nailor > Hand Off > From Dribble > Right > No Dribble Jumper > Open > Long/3pt > Make 3 Pts,431,2025-12-30,UW-Whitewater,defense,Darius Chestnut,play-by-play,False,,0.0,not located,
2025-12-30|431|5 Cooper Nailor > Hand Off > From Dribble > Right > No Dribble Jumper > Open > Long/3pt > Make 3 Pts,431,2025-12-30,UW-Whitewater,defense,JR Lukenbill,play-by-play,False,,0.0,not located,
2025-12-30|431|5 Cooper Nailor > Hand Off > From Dribble > Right > No Dribble Jumper > Open > Long/3pt > Make 3 Pts,431,2025-12-30,UW-Whitewater,defense,Luke Bara,play-by-play,False,,0.0,not located,
2025-12-30|431|5 Cooper Nailor > Hand Off > From Dribble > Right > No Dribble Jumper > Open > Long/3pt > Make 3 Pts,431,2025-12-30,UW-Whitewater,defense,Tyshawn Teague-Johnson,play-by-play,False,,0.0,not located,
2025-12-30|432|32 Luke Bara > P&R Ball Handler > High P&R > Dribble Off Pick > Defense Commits > Ball Delivered > 10 Darius Chestnut > Spot-Up > Drives Left > To Basket > Miss 2 Pts,432,2025-12-30,UW-Whitewater,offense,Collin Madson,play-by-play,False,,0.0,not located,
2025-12-30|432|32 Luke Bara > P&R Ball Handler > High P&R > Dribble Off Pick > Defense Commits > Ball Delivered > 10 Darius Chestnut > Spot-Up > Drives Left > To Basket > Miss 2 Pts,432,2025-12-30,UW-Whitewater,offense,Darius Chestnut,play-by-play,False,,0.0,not located,
2025-12-30|432|32 Luke Bara > P&R Ball Handler > High P&R > Dribble Off Pick > Defense Commits > Ball Delivered > 10 Darius Chestnut > Spot-Up > Drives Left > To Basket > Miss 2 Pts,432,2025-12-30,UW-Whitewater,offense,JR Lukenbill,play-by-play,False,,0.0,not located,
2025-12-30|432|32 Luke Bara > P&R Ball Handler > High P&R > Dribble Off Pick > Defense Commits > Ball Delivered > 10 Darius Chestnut > Spot-Up > Drives Left > To Basket > Miss 2 Pts,432,2025-12-30,UW-Whitewater,offense,Luke Bara,play-by-play,False,,0.0,not located,
2025-12-30|432|32 Luke Bara > P&R Ball Handler > High P&R > Dribble Off Pick > Defense Commits > Ball Delivered > 10 Darius Chestnut > Spot-Up > Drives Left > To Basket > Miss 2 Pts,432,2025-12-30,UW-Whitewater,offense,Tyshawn Teague-Johnson,play-by-play,False,,0.0,not located,
2025-12-30|432|32 Luke Bara > P&R Ball Handler > High P&R > Dribble Off Pick > Defense Commits > Ball Delivered > 10 Darius Chestnut > Spot-Up > Drives Left > To Basket > Miss 2 Pts,432,2025-12-30,Coe Kohawks,defense,Austin Beeson,play-by-play,False,,0.0,not located,
2025-12-30|432|32 Luke Bara > P&R Ball Handler > High P&R > Dribble Off Pick > Defense Commits > Ball Delivered > 10 Darius Chestnut > Spot-Up > Drives Left > To Basket > Miss 2 Pts,432,2025-12-30,Coe Kohawks,defense,Cooper Nailor,play-by-play,False,,0.0,not located,
2025-12-30|432|32 Luke Bara > P&R Ball Handler > High P&R > Dribble Off Pick > Defense Commits > Ball Delivered > 10 Darius Chestnut > Spot-Up > Drives Left > To Basket > Miss 2 Pts,432,2025-12-30,Coe Kohawks,defense,Deuce Walters,play-by-play,False,,0.0,not located,
2025-12-30|432|32 Luke Bara > P&R Ball Handler > High P&R > Dribble Off Pick > Defense Commits > Ball Delivered > 10 Darius Chestnut > Spot-Up > Drives Left > To Basket > Miss 2 Pts,432,2025-12-30,Coe Kohawks,defense,Jackson Bowman,play-by-play,False,,0.0,not located,
2025-12-30|432|32 Luke Bara > P&R Ball Handler > High P&R > Dribble Off Pick > Defense Commits > Ball Delivered > 10 Darius Chestnut > Spot-Up > Drives Left > To Basket > Miss 2 Pts,432,2025-12-30,Coe Kohawks,defense,Kanyon Bryte,play-by-play,False,,0.0,not located,
2025-12-30|433|5 Cooper Nailor > No Play Type > Foul,433,2025-12-30,Coe Kohawks,offense,Austin Beeson,play-by-play,False,,0.0,not located,
2025-12-30|433|5 Cooper Nailor > No Play Type > Foul,433,2025-12-30,Coe Kohawks,offense,Cooper Nailor,play-by-play,True,3,30.5,Synergy,0.95
2025-12-30|433|5 Cooper Nailor > No Play Type > Foul,433,2025-12-30,Coe Kohawks,offense,Deuce Walters,play-by-play,False,,0.0,not located,
2025-12-30|433|5 Cooper Nailor > No Play Type > Foul,433,2025-12-30,Coe Kohawks,offense,Jackson Bowman,play-by-play,False,,0.0,not located,
2025-12-30|433|5 Cooper Nailor > No Play Type > Foul,433,2025-12-30,Coe Kohawks,offense,Kanyon Bryte,play-by-play,False,,0.0,not located,
2025-12-30|433|5 Cooper Nailor > No Play Type > Foul,433,2025-12-30,UW-Whitewater,defense,Collin Madson,play-by-play,False,,0.0,not located,
2025-12-30|433|5 Cooper Nailor > No Play Type > Foul,433,2025-12-30,UW-Whitewater,defense,Darius Chestnut,play-by-play,False,,0.0,not located,
2025-12-30|433|5 Cooper Nailor > No Play Type > Foul,433,2025-12-30,UW-Whitewater,defense,JR Lukenbill,play-by-play,False,,0.0,not located,
2025-12-30|433|5 Cooper Nailor > No Play Type > Foul,433,2025-12-30,UW-Whitewater,defense,Luke Bara,play-by-play,False,,0.0,not located,
2025-12-30|433|5 Cooper Nailor > No Play Type > Foul,433,2025-12-30,UW-Whitewater,defense,Tyshawn Teague-Johnson,play-by-play,False,,0.0,not located,
2025-12-30|436|15 Collin Madson > P&R Ball Handler > High P&R > Dribble Off Pick > Dribble Jumper > Long/3pt > Miss 3 Pts,436,2025-12-30,UW-Whitewater,offense,Collin Madson,play-by-play,True,10,3.2,best guess,0.46
2025-12-30|436|15 Collin Madson > P&R Ball Handler > High P&R > Dribble Off Pick > Dribble Jumper > Long/3pt > Miss 3 Pts,436,2025-12-30,UW-Whitewater,offense,Darius Chestnut,play-by-play,True,7,0.8,coach checked,0.99
2025-12-30|436|15 Collin Madson > P&R Ball Handler > High P&R > Dribble Off Pick > Dribble Jumper > Long/3pt > Miss 3 Pts,436,2025-12-30,UW-Whitewater,offense,JR Lukenbill,play-by-play,True,1,3.5,coach checked,0.99
2025-12-30|436|15 Collin Madson > P&R Ball Handler > High P&R > Dribble Off Pick > Dribble Jumper > Long/3pt > Miss 3 Pts,436,2025-12-30,UW-Whitewater,offense,Luke Bara,play-by-play,True,8,4.2,best guess,0.46
2025-12-30|436|15 Collin Madson > P&R Ball Handler > High P&R > Dribble Off Pick > Dribble Jumper > Long/3pt > Miss 3 Pts,436,2025-12-30,UW-Whitewater,offense,Tyshawn Teague-Johnson,play-by-play,True,14,5.8,coach checked,0.99
2025-12-30|436|15 Collin Madson > P&R Ball Handler > High P&R > Dribble Off Pick > Dribble Jumper > Long/3pt > Miss 3 Pts,436,2025-12-30,Coe Kohawks,defense,Austin Beeson,play-by-play,True,3,5.8,coach checked,0.99
2025-12-30|436|15 Collin Madson > P&R Ball Handler > High P&R > Dribble Off Pick > Dribble Jumper > Long/3pt > Miss 3 Pts,436,2025-12-30,Coe Kohawks,defense,Cooper Nailor,play-by-play,False,,0.0,not located,
2025-12-30|436|15 Collin Madson > P&R Ball Handler > High P&R > Dribble Off Pick > Dribble Jumper > Long/3pt > Miss 3 Pts,436,2025-12-30,Coe Kohawks,defense,Deuce Walters,play-by-play,False,,0.0,not located,
2025-12-30|436|15 Collin Madson > P&R Ball Handler > High P&R > Dribble Off Pick > Dribble Jumper > Long/3pt > Miss 3 Pts,436,2025-12-30,Coe Kohawks,defense,Jackson Bowman,play-by-play,False,,0.0,not located,
2025-12-30|436|15 Collin Madson > P&R Ball Handler > High P&R > Dribble Off Pick > Dribble Jumper > Long/3pt > Miss 3 Pts,436,2025-12-30,Coe Kohawks,defense,Kanyon Bryte,play-by-play,False,,0.0,not located,
2025-12-30|437|5 Cooper Nailor > Spot-Up > Drives Left > Dribble Jumper > Short to < 17' > Make 2 Pts,437,2025-12-30,Coe Kohawks,offense,C. Reece Breitenbach,play-by-play,False,,0.0,not located,
2025-12-30|437|5 Cooper Nailor > Spot-Up > Drives Left > Dribble Jumper > Short to < 17' > Make 2 Pts,437,2025-12-30,Coe Kohawks,offense,Cooper Nailor,play-by-play,False,,0.0,not located,
2025-12-30|437|5 Cooper Nailor > Spot-Up > Drives Left > Dribble Jumper > Short to < 17' > Make 2 Pts,437,2025-12-30,Coe Kohawks,offense,Deuce Walters,play-by-play,False,,0.0,not located,
2025-12-30|437|5 Cooper Nailor > Spot-Up > Drives Left > Dribble Jumper > Short to < 17' > Make 2 Pts,437,2025-12-30,Coe Kohawks,offense,Jackson Bowman,play-by-play,False,,0.0,not located,
2025-12-30|437|5 Cooper Nailor > Spot-Up > Drives Left > Dribble Jumper > Short to < 17' > Make 2 Pts,437,2025-12-30,Coe Kohawks,offense,Kanyon Bryte,play-by-play,False,,0.0,not located,
2025-12-30|437|5 Cooper Nailor > Spot-Up > Drives Left > Dribble Jumper > Short to < 17' > Make 2 Pts,437,2025-12-30,UW-Whitewater,defense,Brock Marino,play-by-play,False,,0.0,not located,
2025-12-30|437|5 Cooper Nailor > Spot-Up > Drives Left > Dribble Jumper > Short to < 17' > Make 2 Pts,437,2025-12-30,UW-Whitewater,defense,Collin Madson,play-by-play,False,,0.0,not located,
2025-12-30|437|5 Cooper Nailor > Spot-Up > Drives Left > Dribble Jumper > Short to < 17' > Make 2 Pts,437,2025-12-30,UW-Whitewater,defense,Joey Berezowitz,play-by-play,False,,0.0,not located,
2025-12-30|437|5 Cooper Nailor > Spot-Up > Drives Left > Dribble Jumper > Short to < 17' > Make 2 Pts,437,2025-12-30,UW-Whitewater,defense,Luke Bara,play-by-play,False,,0.0,not located,
2025-12-30|437|5 Cooper Nailor > Spot-Up > Drives Left > Dribble Jumper > Short to < 17' > Make 2 Pts,437,2025-12-30,UW-Whitewater,defense,Richie Warren,play-by-play,False,,0.0,not located,
2025-12-30|438|15 Collin Madson > Spot-Up > Drives Right > To Basket > Miss 2 Pts,438,2025-12-30,UW-Whitewater,offense,Brock Marino,play-by-play,False,,0.0,not located,
2025-12-30|438|15 Collin Madson > Spot-Up > Drives Right > To Basket > Miss 2 Pts,438,2025-12-30,UW-Whitewater,offense,Collin Madson,play-by-play,False,,0.0,not located,
2025-12-30|438|15 Collin Madson > Spot-Up > Drives Right > To Basket > Miss 2 Pts,438,2025-12-30,UW-Whitewater,offense,Joey Berezowitz,play-by-play,False,,0.0,not located,
2025-12-30|438|15 Collin Madson > Spot-Up > Drives Right > To Basket > Miss 2 Pts,438,2025-12-30,UW-Whitewater,offense,Luke Bara,play-by-play,False,,0.0,not located,
2025-12-30|438|15 Collin Madson > Spot-Up > Drives Right > To Basket > Miss 2 Pts,438,2025-12-30,UW-Whitewater,offense,Richie Warren,play-by-play,False,,0.0,not located,
2025-12-30|438|15 Collin Madson > Spot-Up > Drives Right > To Basket > Miss 2 Pts,438,2025-12-30,Coe Kohawks,defense,C. Reece Breitenbach,play-by-play,False,,0.0,not located,
2025-12-30|438|15 Collin Madson > Spot-Up > Drives Right > To Basket > Miss 2 Pts,438,2025-12-30,Coe Kohawks,defense,Cooper Nailor,play-by-play,False,,0.0,not located,
2025-12-30|438|15 Collin Madson > Spot-Up > Drives Right > To Basket > Miss 2 Pts,438,2025-12-30,Coe Kohawks,defense,Deuce Walters,play-by-play,False,,0.0,not located,
2025-12-30|438|15 Collin Madson > Spot-Up > Drives Right > To Basket > Miss 2 Pts,438,2025-12-30,Coe Kohawks,defense,Jackson Bowman,play-by-play,False,,0.0,not located,
2025-12-30|438|15 Collin Madson > Spot-Up > Drives Right > To Basket > Miss 2 Pts,438,2025-12-30,Coe Kohawks,defense,Kanyon Bryte,play-by-play,False,,0.0,not located,
2025-12-30|439|22 Jackson Bowman > Transition > Left Wing > To Basket > Make 2 Pts,439,2025-12-30,Coe Kohawks,offense,C. Reece Breitenbach,play-by-play,False,,0.0,not located,
2025-12-30|439|22 Jackson Bowman > Transition > Left Wing > To Basket > Make 2 Pts,439,2025-12-30,Coe Kohawks,offense,Cooper Nailor,play-by-play,False,,0.0,not located,
2025-12-30|439|22 Jackson Bowman > Transition > Left Wing > To Basket > Make 2 Pts,439,2025-12-30,Coe Kohawks,offense,Deuce Walters,play-by-play,False,,0.0,not located,
2025-12-30|439|22 Jackson Bowman > Transition > Left Wing > To Basket > Make 2 Pts,439,2025-12-30,Coe Kohawks,offense,Jackson Bowman,play-by-play,False,,0.0,not located,
2025-12-30|439|22 Jackson Bowman > Transition > Left Wing > To Basket > Make 2 Pts,439,2025-12-30,Coe Kohawks,offense,Kanyon Bryte,play-by-play,False,,0.0,not located,
2025-12-30|439|22 Jackson Bowman > Transition > Left Wing > To Basket > Make 2 Pts,439,2025-12-30,UW-Whitewater,defense,Brock Marino,play-by-play,False,,0.0,not located,
2025-12-30|439|22 Jackson Bowman > Transition > Left Wing > To Basket > Make 2 Pts,439,2025-12-30,UW-Whitewater,defense,Collin Madson,play-by-play,False,,0.0,not located,
2025-12-30|439|22 Jackson Bowman > Transition > Left Wing > To Basket > Make 2 Pts,439,2025-12-30,UW-Whitewater,defense,Joey Berezowitz,play-by-play,False,,0.0,not located,
2025-12-30|439|22 Jackson Bowman > Transition > Left Wing > To Basket > Make 2 Pts,439,2025-12-30,UW-Whitewater,defense,Luke Bara,play-by-play,False,,0.0,not located,
2025-12-30|439|22 Jackson Bowman > Transition > Left Wing > To Basket > Make 2 Pts,439,2025-12-30,UW-Whitewater,defense,Richie Warren,play-by-play,False,,0.0,not located,
2025-12-30|440|24 Richie Warren > Spot-Up > Drives Left > To Basket > Miss 2 Pts,440,2025-12-30,UW-Whitewater,offense,Brock Marino,play-by-play,False,,0.0,not located,
2025-12-30|440|24 Richie Warren > Spot-Up > Drives Left > To Basket > Miss 2 Pts,440,2025-12-30,UW-Whitewater,offense,Collin Madson,play-by-play,False,,0.0,not located,
2025-12-30|440|24 Richie Warren > Spot-Up > Drives Left > To Basket > Miss 2 Pts,440,2025-12-30,UW-Whitewater,offense,Joey Berezowitz,play-by-play,False,,0.0,not located,
2025-12-30|440|24 Richie Warren > Spot-Up > Drives Left > To Basket > Miss 2 Pts,440,2025-12-30,UW-Whitewater,offense,Luke Bara,play-by-play,False,,0.0,not located,
2025-12-30|440|24 Richie Warren > Spot-Up > Drives Left > To Basket > Miss 2 Pts,440,2025-12-30,UW-Whitewater,offense,Richie Warren,play-by-play,False,,0.0,not located,
2025-12-30|440|24 Richie Warren > Spot-Up > Drives Left > To Basket > Miss 2 Pts,440,2025-12-30,Coe Kohawks,defense,C. Reece Breitenbach,play-by-play,False,,0.0,not located,
2025-12-30|440|24 Richie Warren > Spot-Up > Drives Left > To Basket > Miss 2 Pts,440,2025-12-30,Coe Kohawks,defense,Cooper Nailor,play-by-play,False,,0.0,not located,
2025-12-30|440|24 Richie Warren > Spot-Up > Drives Left > To Basket > Miss 2 Pts,440,2025-12-30,Coe Kohawks,defense,Deuce Walters,play-by-play,False,,0.0,not located,
2025-12-30|440|24 Richie Warren > Spot-Up > Drives Left > To Basket > Miss 2 Pts,440,2025-12-30,Coe Kohawks,defense,Jackson Bowman,play-by-play,False,,0.0,not located,
2025-12-30|440|24 Richie Warren > Spot-Up > Drives Left > To Basket > Miss 2 Pts,440,2025-12-30,Coe Kohawks,defense,Kanyon Bryte,play-by-play,False,,0.0,not located,
2025-12-30|441|5 Cooper Nailor > P&R Ball Handler > Left P&R > Side > Dribble Off Pick > Defense Commits > Turnover,441,2025-12-30,Coe Kohawks,offense,C. Reece Breitenbach,play-by-play,False,,0.0,not located,
2025-12-30|441|5 Cooper Nailor > P&R Ball Handler > Left P&R > Side > Dribble Off Pick > Defense Commits > Turnover,441,2025-12-30,Coe Kohawks,offense,Cooper Nailor,play-by-play,False,,0.0,not located,
2025-12-30|441|5 Cooper Nailor > P&R Ball Handler > Left P&R > Side > Dribble Off Pick > Defense Commits > Turnover,441,2025-12-30,Coe Kohawks,offense,Deuce Walters,play-by-play,False,,0.0,not located,
2025-12-30|441|5 Cooper Nailor > P&R Ball Handler > Left P&R > Side > Dribble Off Pick > Defense Commits > Turnover,441,2025-12-30,Coe Kohawks,offense,Jackson Bowman,play-by-play,False,,0.0,not located,
2025-12-30|441|5 Cooper Nailor > P&R Ball Handler > Left P&R > Side > Dribble Off Pick > Defense Commits > Turnover,441,2025-12-30,Coe Kohawks,offense,Kanyon Bryte,play-by-play,False,,0.0,not located,
2025-12-30|441|5 Cooper Nailor > P&R Ball Handler > Left P&R > Side > Dribble Off Pick > Defense Commits > Turnover,441,2025-12-30,UW-Whitewater,defense,Brock Marino,play-by-play,False,,0.0,not located,
2025-12-30|441|5 Cooper Nailor > P&R Ball Handler > Left P&R > Side > Dribble Off Pick > Defense Commits > Turnover,441,2025-12-30,UW-Whitewater,defense,Collin Madson,play-by-play,False,,0.0,not located,
2025-12-30|441|5 Cooper Nailor > P&R Ball Handler > Left P&R > Side > Dribble Off Pick > Defense Commits > Turnover,441,2025-12-30,UW-Whitewater,defense,Joey Berezowitz,play-by-play,False,,0.0,not located,
2025-12-30|441|5 Cooper Nailor > P&R Ball Handler > Left P&R > Side > Dribble Off Pick > Defense Commits > Turnover,441,2025-12-30,UW-Whitewater,defense,Luke Bara,play-by-play,False,,0.0,not located,
2025-12-30|441|5 Cooper Nailor > P&R Ball Handler > Left P&R > Side > Dribble Off Pick > Defense Commits > Turnover,441,2025-12-30,UW-Whitewater,defense,Richie Warren,play-by-play,False,,0.0,not located,
2025-12-30|442|24 Richie Warren > Post-Up > Left Block > Right Shoulder > Dribble Move > To Jumper > Miss 2 Pts,442,2025-12-30,UW-Whitewater,offense,Brock Marino,play-by-play,False,,0.0,not located,
2025-12-30|442|24 Richie Warren > Post-Up > Left Block > Right Shoulder > Dribble Move > To Jumper > Miss 2 Pts,442,2025-12-30,UW-Whitewater,offense,Collin Madson,play-by-play,False,,0.0,not located,
2025-12-30|442|24 Richie Warren > Post-Up > Left Block > Right Shoulder > Dribble Move > To Jumper > Miss 2 Pts,442,2025-12-30,UW-Whitewater,offense,Joey Berezowitz,play-by-play,False,,0.0,not located,
2025-12-30|442|24 Richie Warren > Post-Up > Left Block > Right Shoulder > Dribble Move > To Jumper > Miss 2 Pts,442,2025-12-30,UW-Whitewater,offense,Luke Bara,play-by-play,False,,0.0,not located,
2025-12-30|442|24 Richie Warren > Post-Up > Left Block > Right Shoulder > Dribble Move > To Jumper > Miss 2 Pts,442,2025-12-30,UW-Whitewater,offense,Richie Warren,play-by-play,False,,0.0,not located,
2025-12-30|442|24 Richie Warren > Post-Up > Left Block > Right Shoulder > Dribble Move > To Jumper > Miss 2 Pts,442,2025-12-30,Coe Kohawks,defense,C. Reece Breitenbach,play-by-play,False,,0.0,not located,
2025-12-30|442|24 Richie Warren > Post-Up > Left Block > Right Shoulder > Dribble Move > To Jumper > Miss 2 Pts,442,2025-12-30,Coe Kohawks,defense,Cooper Nailor,play-by-play,False,,0.0,not located,
2025-12-30|442|24 Richie Warren > Post-Up > Left Block > Right Shoulder > Dribble Move > To Jumper > Miss 2 Pts,442,2025-12-30,Coe Kohawks,defense,Deuce Walters,play-by-play,False,,0.0,not located,
2025-12-30|442|24 Richie Warren > Post-Up > Left Block > Right Shoulder > Dribble Move > To Jumper > Miss 2 Pts,442,2025-12-30,Coe Kohawks,defense,Jackson Bowman,play-by-play,False,,0.0,not located,
2025-12-30|442|24 Richie Warren > Post-Up > Left Block > Right Shoulder > Dribble Move > To Jumper > Miss 2 Pts,442,2025-12-30,Coe Kohawks,defense,Kanyon Bryte,play-by-play,False,,0.0,not located,
2025-12-30|443|5 Cooper Nailor > P&R Ball Handler > Left P&R > Side > Dribble Off Pick > Defense Commits > Ball Delivered > 34 Kanyon Bryte > P&R Roll Man > Rolls to Basket > Miss 2 Pts,443,2025-12-30,Coe Kohawks,offense,C. Reece Breitenbach,play-by-play,False,,0.0,not located,
2025-12-30|443|5 Cooper Nailor > P&R Ball Handler > Left P&R > Side > Dribble Off Pick > Defense Commits > Ball Delivered > 34 Kanyon Bryte > P&R Roll Man > Rolls to Basket > Miss 2 Pts,443,2025-12-30,Coe Kohawks,offense,Cooper Nailor,play-by-play,True,2,7.8,Synergy,0.95
2025-12-30|443|5 Cooper Nailor > P&R Ball Handler > Left P&R > Side > Dribble Off Pick > Defense Commits > Ball Delivered > 34 Kanyon Bryte > P&R Roll Man > Rolls to Basket > Miss 2 Pts,443,2025-12-30,Coe Kohawks,offense,Deuce Walters,play-by-play,False,,0.0,not located,
2025-12-30|443|5 Cooper Nailor > P&R Ball Handler > Left P&R > Side > Dribble Off Pick > Defense Commits > Ball Delivered > 34 Kanyon Bryte > P&R Roll Man > Rolls to Basket > Miss 2 Pts,443,2025-12-30,Coe Kohawks,offense,Jackson Bowman,play-by-play,False,,0.0,not located,
2025-12-30|443|5 Cooper Nailor > P&R Ball Handler > Left P&R > Side > Dribble Off Pick > Defense Commits > Ball Delivered > 34 Kanyon Bryte > P&R Roll Man > Rolls to Basket > Miss 2 Pts,443,2025-12-30,Coe Kohawks,offense,Kanyon Bryte,play-by-play,False,,0.0,not located,
2025-12-30|443|5 Cooper Nailor > P&R Ball Handler > Left P&R > Side > Dribble Off Pick > Defense Commits > Ball Delivered > 34 Kanyon Bryte > P&R Roll Man > Rolls to Basket > Miss 2 Pts,443,2025-12-30,UW-Whitewater,defense,Brock Marino,play-by-play,False,,0.0,not located,
2025-12-30|443|5 Cooper Nailor > P&R Ball Handler > Left P&R > Side > Dribble Off Pick > Defense Commits > Ball Delivered > 34 Kanyon Bryte > P&R Roll Man > Rolls to Basket > Miss 2 Pts,443,2025-12-30,UW-Whitewater,defense,Collin Madson,play-by-play,False,,0.0,not located,
2025-12-30|443|5 Cooper Nailor > P&R Ball Handler > Left P&R > Side > Dribble Off Pick > Defense Commits > Ball Delivered > 34 Kanyon Bryte > P&R Roll Man > Rolls to Basket > Miss 2 Pts,443,2025-12-30,UW-Whitewater,defense,Joey Berezowitz,play-by-play,False,,0.0,not located,
2025-12-30|443|5 Cooper Nailor > P&R Ball Handler > Left P&R > Side > Dribble Off Pick > Defense Commits > Ball Delivered > 34 Kanyon Bryte > P&R Roll Man > Rolls to Basket > Miss 2 Pts,443,2025-12-30,UW-Whitewater,defense,Luke Bara,play-by-play,False,,0.0,not located,
2025-12-30|443|5 Cooper Nailor > P&R Ball Handler > Left P&R > Side > Dribble Off Pick > Defense Commits > Ball Delivered > 34 Kanyon Bryte > P&R Roll Man > Rolls to Basket > Miss 2 Pts,443,2025-12-30,UW-Whitewater,defense,Richie Warren,play-by-play,False,,0.0,not located,
2025-12-30|444|4 Deuce Walters > Spot-Up > Drives Right > To Basket > Make 2 Pts,444,2025-12-30,Coe Kohawks,offense,C. Reece Breitenbach,play-by-play,False,,0.0,not located,
2025-12-30|444|4 Deuce Walters > Spot-Up > Drives Right > To Basket > Make 2 Pts,444,2025-12-30,Coe Kohawks,offense,Cooper Nailor,play-by-play,False,,0.0,not located,
2025-12-30|444|4 Deuce Walters > Spot-Up > Drives Right > To Basket > Make 2 Pts,444,2025-12-30,Coe Kohawks,offense,Deuce Walters,play-by-play,False,,0.0,not located,
2025-12-30|444|4 Deuce Walters > Spot-Up > Drives Right > To Basket > Make 2 Pts,444,2025-12-30,Coe Kohawks,offense,Jackson Bowman,play-by-play,False,,0.0,not located,
2025-12-30|444|4 Deuce Walters > Spot-Up > Drives Right > To Basket > Make 2 Pts,444,2025-12-30,Coe Kohawks,offense,Kanyon Bryte,play-by-play,False,,0.0,not located,
2025-12-30|444|4 Deuce Walters > Spot-Up > Drives Right > To Basket > Make 2 Pts,444,2025-12-30,UW-Whitewater,defense,Brock Marino,play-by-play,False,,0.0,not located,
2025-12-30|444|4 Deuce Walters > Spot-Up > Drives Right > To Basket > Make 2 Pts,444,2025-12-30,UW-Whitewater,defense,Collin Madson,play-by-play,False,,0.0,not located,
2025-12-30|444|4 Deuce Walters > Spot-Up > Drives Right > To Basket > Make 2 Pts,444,2025-12-30,UW-Whitewater,defense,Joey Berezowitz,play-by-play,False,,0.0,not located,
2025-12-30|444|4 Deuce Walters > Spot-Up > Drives Right > To Basket > Make 2 Pts,444,2025-12-30,UW-Whitewater,defense,Luke Bara,play-by-play,False,,0.0,not located,
2025-12-30|444|4 Deuce Walters > Spot-Up > Drives Right > To Basket > Make 2 Pts,444,2025-12-30,UW-Whitewater,defense,Richie Warren,play-by-play,False,,0.0,not located,
2025-12-30|445|21 Brock Marino > Spot-Up > Drives Right > To Basket > Make 2 Pts,445,2025-12-30,UW-Whitewater,offense,Brock Marino,play-by-play,False,,0.0,not located,
2025-12-30|445|21 Brock Marino > Spot-Up > Drives Right > To Basket > Make 2 Pts,445,2025-12-30,UW-Whitewater,offense,Collin Madson,play-by-play,False,,0.0,not located,
2025-12-30|445|21 Brock Marino > Spot-Up > Drives Right > To Basket > Make 2 Pts,445,2025-12-30,UW-Whitewater,offense,Joey Berezowitz,play-by-play,False,,0.0,not located,
2025-12-30|445|21 Brock Marino > Spot-Up > Drives Right > To Basket > Make 2 Pts,445,2025-12-30,UW-Whitewater,offense,Luke Bara,play-by-play,False,,0.0,not located,
2025-12-30|445|21 Brock Marino > Spot-Up > Drives Right > To Basket > Make 2 Pts,445,2025-12-30,UW-Whitewater,offense,Richie Warren,play-by-play,False,,0.0,not located,
2025-12-30|445|21 Brock Marino > Spot-Up > Drives Right > To Basket > Make 2 Pts,445,2025-12-30,Coe Kohawks,defense,C. Reece Breitenbach,play-by-play,False,,0.0,not located,
2025-12-30|445|21 Brock Marino > Spot-Up > Drives Right > To Basket > Make 2 Pts,445,2025-12-30,Coe Kohawks,defense,Cooper Nailor,play-by-play,False,,0.0,not located,
2025-12-30|445|21 Brock Marino > Spot-Up > Drives Right > To Basket > Make 2 Pts,445,2025-12-30,Coe Kohawks,defense,Deuce Walters,play-by-play,False,,0.0,not located,
2025-12-30|445|21 Brock Marino > Spot-Up > Drives Right > To Basket > Make 2 Pts,445,2025-12-30,Coe Kohawks,defense,Jackson Bowman,play-by-play,False,,0.0,not located,
2025-12-30|445|21 Brock Marino > Spot-Up > Drives Right > To Basket > Make 2 Pts,445,2025-12-30,Coe Kohawks,defense,Kanyon Bryte,play-by-play,False,,0.0,not located,
2025-12-30|446|22 Jackson Bowman > Cut > Basket > Miss 2 Pts,446,2025-12-30,Coe Kohawks,offense,C. Reece Breitenbach,play-by-play,False,,0.0,not located,
2025-12-30|446|22 Jackson Bowman > Cut > Basket > Miss 2 Pts,446,2025-12-30,Coe Kohawks,offense,Cooper Nailor,play-by-play,False,,0.0,not located,
2025-12-30|446|22 Jackson Bowman > Cut > Basket > Miss 2 Pts,446,2025-12-30,Coe Kohawks,offense,Deuce Walters,play-by-play,False,,0.0,not located,
2025-12-30|446|22 Jackson Bowman > Cut > Basket > Miss 2 Pts,446,2025-12-30,Coe Kohawks,offense,Jackson Bowman,play-by-play,False,,0.0,not located,
2025-12-30|446|22 Jackson Bowman > Cut > Basket > Miss 2 Pts,446,2025-12-30,Coe Kohawks,offense,Kanyon Bryte,play-by-play,False,,0.0,not located,
2025-12-30|446|22 Jackson Bowman > Cut > Basket > Miss 2 Pts,446,2025-12-30,UW-Whitewater,defense,Brock Marino,play-by-play,False,,0.0,not located,
2025-12-30|446|22 Jackson Bowman > Cut > Basket > Miss 2 Pts,446,2025-12-30,UW-Whitewater,defense,Collin Madson,play-by-play,False,,0.0,not located,
2025-12-30|446|22 Jackson Bowman > Cut > Basket > Miss 2 Pts,446,2025-12-30,UW-Whitewater,defense,Joey Berezowitz,play-by-play,False,,0.0,not located,
2025-12-30|446|22 Jackson Bowman > Cut > Basket > Miss 2 Pts,446,2025-12-30,UW-Whitewater,defense,Luke Bara,play-by-play,False,,0.0,not located,
2025-12-30|446|22 Jackson Bowman > Cut > Basket > Miss 2 Pts,446,2025-12-30,UW-Whitewater,defense,Richie Warren,play-by-play,False,,0.0,not located,
2025-12-30|447|5 Cooper Nailor > Spot-Up > No Dribble Jumper > Open > Long/3pt > Make 3 Pts,447,2025-12-30,Coe Kohawks,offense,C. Reece Breitenbach,play-by-play,False,,0.0,not located,
2025-12-30|447|5 Cooper Nailor > Spot-Up > No Dribble Jumper > Open > Long/3pt > Make 3 Pts,447,2025-12-30,Coe Kohawks,offense,Cooper Nailor,play-by-play,False,,0.0,not located,
2025-12-30|447|5 Cooper Nailor > Spot-Up > No Dribble Jumper > Open > Long/3pt > Make 3 Pts,447,2025-12-30,Coe Kohawks,offense,Deuce Walters,play-by-play,False,,0.0,not located,
2025-12-30|447|5 Cooper Nailor > Spot-Up > No Dribble Jumper > Open > Long/3pt > Make 3 Pts,447,2025-12-30,Coe Kohawks,offense,Jackson Bowman,play-by-play,False,,0.0,not located,
2025-12-30|447|5 Cooper Nailor > Spot-Up > No Dribble Jumper > Open > Long/3pt > Make 3 Pts,447,2025-12-30,Coe Kohawks,offense,Kanyon Bryte,play-by-play,False,,0.0,not located,
2025-12-30|447|5 Cooper Nailor > Spot-Up > No Dribble Jumper > Open > Long/3pt > Make 3 Pts,447,2025-12-30,UW-Whitewater,defense,Brock Marino,play-by-play,False,,0.0,not located,
2025-12-30|447|5 Cooper Nailor > Spot-Up > No Dribble Jumper > Open > Long/3pt > Make 3 Pts,447,2025-12-30,UW-Whitewater,defense,Collin Madson,play-by-play,False,,0.0,not located,
2025-12-30|447|5 Cooper Nailor > Spot-Up > No Dribble Jumper > Open > Long/3pt > Make 3 Pts,447,2025-12-30,UW-Whitewater,defense,Joey Berezowitz,play-by-play,False,,0.0,not located,
2025-12-30|447|5 Cooper Nailor > Spot-Up > No Dribble Jumper > Open > Long/3pt > Make 3 Pts,447,2025-12-30,UW-Whitewater,defense,Luke Bara,play-by-play,False,,0.0,not located,
2025-12-30|447|5 Cooper Nailor > Spot-Up > No Dribble Jumper > Open > Long/3pt > Make 3 Pts,447,2025-12-30,UW-Whitewater,defense,Richie Warren,play-by-play,False,,0.0,not located,
2025-12-30|448|32 Luke Bara > ISO > Top > Drives Left > Dribble Jumper > Short to < 17' > Miss 2 Pts,448,2025-12-30,UW-Whitewater,offense,Brock Marino,play-by-play,False,,0.0,not located,
2025-12-30|448|32 Luke Bara > ISO > Top > Drives Left > Dribble Jumper > Short to < 17' > Miss 2 Pts,448,2025-12-30,UW-Whitewater,offense,Collin Madson,play-by-play,False,,0.0,not located,
2025-12-30|448|32 Luke Bara > ISO > Top > Drives Left > Dribble Jumper > Short to < 17' > Miss 2 Pts,448,2025-12-30,UW-Whitewater,offense,Joey Berezowitz,play-by-play,False,,0.0,not located,
2025-12-30|448|32 Luke Bara > ISO > Top > Drives Left > Dribble Jumper > Short to < 17' > Miss 2 Pts,448,2025-12-30,UW-Whitewater,offense,Luke Bara,play-by-play,False,,0.0,not located,
2025-12-30|448|32 Luke Bara > ISO > Top > Drives Left > Dribble Jumper > Short to < 17' > Miss 2 Pts,448,2025-12-30,UW-Whitewater,offense,Richie Warren,play-by-play,False,,0.0,not located,
2025-12-30|448|32 Luke Bara > ISO > Top > Drives Left > Dribble Jumper > Short to < 17' > Miss 2 Pts,448,2025-12-30,Coe Kohawks,defense,C. Reece Breitenbach,play-by-play,False,,0.0,not located,
2025-12-30|448|32 Luke Bara > ISO > Top > Drives Left > Dribble Jumper > Short to < 17' > Miss 2 Pts,448,2025-12-30,Coe Kohawks,defense,Cooper Nailor,play-by-play,False,,0.0,not located,
2025-12-30|448|32 Luke Bara > ISO > Top > Drives Left > Dribble Jumper > Short to < 17' > Miss 2 Pts,448,2025-12-30,Coe Kohawks,defense,Deuce Walters,play-by-play,False,,0.0,not located,
2025-12-30|448|32 Luke Bara > ISO > Top > Drives Left > Dribble Jumper > Short to < 17' > Miss 2 Pts,448,2025-12-30,Coe Kohawks,defense,Jackson Bowman,play-by-play,False,,0.0,not located,
2025-12-30|448|32 Luke Bara > ISO > Top > Drives Left > Dribble Jumper > Short to < 17' > Miss 2 Pts,448,2025-12-30,Coe Kohawks,defense,Kanyon Bryte,play-by-play,False,,0.0,not located,
2025-12-30|449|21 Brock Marino > Offensive Rebound > Short > Scoring Attempt > Short to < 17' > Make 2 Pts,449,2025-12-30,UW-Whitewater,offense,Brock Marino,play-by-play,False,,0.0,not located,
2025-12-30|449|21 Brock Marino > Offensive Rebound > Short > Scoring Attempt > Short to < 17' > Make 2 Pts,449,2025-12-30,UW-Whitewater,offense,Collin Madson,play-by-play,False,,0.0,not located,
2025-12-30|449|21 Brock Marino > Offensive Rebound > Short > Scoring Attempt > Short to < 17' > Make 2 Pts,449,2025-12-30,UW-Whitewater,offense,Joey Berezowitz,play-by-play,False,,0.0,not located,
2025-12-30|449|21 Brock Marino > Offensive Rebound > Short > Scoring Attempt > Short to < 17' > Make 2 Pts,449,2025-12-30,UW-Whitewater,offense,Luke Bara,play-by-play,False,,0.0,not located,
2025-12-30|449|21 Brock Marino > Offensive Rebound > Short > Scoring Attempt > Short to < 17' > Make 2 Pts,449,2025-12-30,UW-Whitewater,offense,Richie Warren,play-by-play,False,,0.0,not located,
2025-12-30|449|21 Brock Marino > Offensive Rebound > Short > Scoring Attempt > Short to < 17' > Make 2 Pts,449,2025-12-30,Coe Kohawks,defense,C. Reece Breitenbach,play-by-play,False,,0.0,not located,
2025-12-30|449|21 Brock Marino > Offensive Rebound > Short > Scoring Attempt > Short to < 17' > Make 2 Pts,449,2025-12-30,Coe Kohawks,defense,Cooper Nailor,play-by-play,False,,0.0,not located,
2025-12-30|449|21 Brock Marino > Offensive Rebound > Short > Scoring Attempt > Short to < 17' > Make 2 Pts,449,2025-12-30,Coe Kohawks,defense,Deuce Walters,play-by-play,False,,0.0,not located,
2025-12-30|449|21 Brock Marino > Offensive Rebound > Short > Scoring Attempt > Short to < 17' > Make 2 Pts,449,2025-12-30,Coe Kohawks,defense,Jackson Bowman,play-by-play,False,,0.0,not located,
2025-12-30|449|21 Brock Marino > Offensive Rebound > Short > Scoring Attempt > Short to < 17' > Make 2 Pts,449,2025-12-30,Coe Kohawks,defense,Kanyon Bryte,play-by-play,False,,0.0,not located,
2025-12-30|450|22 Jackson Bowman > Spot-Up > Drives Right > Dribble Jumper > Short to < 17' > Miss 2 Pts,450,2025-12-30,Coe Kohawks,offense,C. Reece Breitenbach,play-by-play,False,,0.0,not located,
2025-12-30|450|22 Jackson Bowman > Spot-Up > Drives Right > Dribble Jumper > Short to < 17' > Miss 2 Pts,450,2025-12-30,Coe Kohawks,offense,Cooper Nailor,play-by-play,False,,0.0,not located,
2025-12-30|450|22 Jackson Bowman > Spot-Up > Drives Right > Dribble Jumper > Short to < 17' > Miss 2 Pts,450,2025-12-30,Coe Kohawks,offense,Deuce Walters,play-by-play,False,,0.0,not located,
2025-12-30|450|22 Jackson Bowman > Spot-Up > Drives Right > Dribble Jumper > Short to < 17' > Miss 2 Pts,450,2025-12-30,Coe Kohawks,offense,Jackson Bowman,play-by-play,False,,0.0,not located,
2025-12-30|450|22 Jackson Bowman > Spot-Up > Drives Right > Dribble Jumper > Short to < 17' > Miss 2 Pts,450,2025-12-30,Coe Kohawks,offense,Kanyon Bryte,play-by-play,False,,0.0,not located,
2025-12-30|450|22 Jackson Bowman > Spot-Up > Drives Right > Dribble Jumper > Short to < 17' > Miss 2 Pts,450,2025-12-30,UW-Whitewater,defense,Brock Marino,play-by-play,False,,0.0,not located,
2025-12-30|450|22 Jackson Bowman > Spot-Up > Drives Right > Dribble Jumper > Short to < 17' > Miss 2 Pts,450,2025-12-30,UW-Whitewater,defense,Collin Madson,play-by-play,False,,0.0,not located,
2025-12-30|450|22 Jackson Bowman > Spot-Up > Drives Right > Dribble Jumper > Short to < 17' > Miss 2 Pts,450,2025-12-30,UW-Whitewater,defense,Joey Berezowitz,play-by-play,False,,0.0,not located,
2025-12-30|450|22 Jackson Bowman > Spot-Up > Drives Right > Dribble Jumper > Short to < 17' > Miss 2 Pts,450,2025-12-30,UW-Whitewater,defense,Luke Bara,play-by-play,False,,0.0,not located,
2025-12-30|450|22 Jackson Bowman > Spot-Up > Drives Right > Dribble Jumper > Short to < 17' > Miss 2 Pts,450,2025-12-30,UW-Whitewater,defense,Richie Warren,play-by-play,False,,0.0,not located,
2025-12-30|451|22 Joey Berezowitz > Transition > Left Wing > No Dribble Jumper > Guarded > Long/3pt > Make 3 Pts,451,2025-12-30,UW-Whitewater,offense,Brock Marino,play-by-play,True,13,4.5,best guess,0.31
2025-12-30|451|22 Joey Berezowitz > Transition > Left Wing > No Dribble Jumper > Guarded > Long/3pt > Make 3 Pts,451,2025-12-30,UW-Whitewater,offense,Collin Madson,play-by-play,True,16,5.0,coach checked,0.99
2025-12-30|451|22 Joey Berezowitz > Transition > Left Wing > No Dribble Jumper > Guarded > Long/3pt > Make 3 Pts,451,2025-12-30,UW-Whitewater,offense,Joey Berezowitz,play-by-play,True,18,1.5,best guess,0.31
2025-12-30|451|22 Joey Berezowitz > Transition > Left Wing > No Dribble Jumper > Guarded > Long/3pt > Make 3 Pts,451,2025-12-30,UW-Whitewater,offense,Luke Bara,play-by-play,True,19,1.8,best guess,0.31
2025-12-30|451|22 Joey Berezowitz > Transition > Left Wing > No Dribble Jumper > Guarded > Long/3pt > Make 3 Pts,451,2025-12-30,UW-Whitewater,offense,Richie Warren,play-by-play,True,23,2.0,coach checked,0.99
2025-12-30|451|22 Joey Berezowitz > Transition > Left Wing > No Dribble Jumper > Guarded > Long/3pt > Make 3 Pts,451,2025-12-30,Coe Kohawks,defense,C. Reece Breitenbach,play-by-play,False,,0.0,not located,
2025-12-30|451|22 Joey Berezowitz > Transition > Left Wing > No Dribble Jumper > Guarded > Long/3pt > Make 3 Pts,451,2025-12-30,Coe Kohawks,defense,Cooper Nailor,play-by-play,False,,0.0,not located,
2025-12-30|451|22 Joey Berezowitz > Transition > Left Wing > No Dribble Jumper > Guarded > Long/3pt > Make 3 Pts,451,2025-12-30,Coe Kohawks,defense,Deuce Walters,play-by-play,True,17,3.5,coach checked,0.99
2025-12-30|451|22 Joey Berezowitz > Transition > Left Wing > No Dribble Jumper > Guarded > Long/3pt > Make 3 Pts,451,2025-12-30,Coe Kohawks,defense,Jackson Bowman,play-by-play,False,,0.0,not located,
2025-12-30|451|22 Joey Berezowitz > Transition > Left Wing > No Dribble Jumper > Guarded > Long/3pt > Make 3 Pts,451,2025-12-30,Coe Kohawks,defense,Kanyon Bryte,play-by-play,False,,0.0,not located,
2025-12-30|452|5 Cooper Nailor > P&R Ball Handler > Right P&R > Baseline > Dribble Off Pick > Dribble Jumper > Long/3pt > Miss 3 Pts,452,2025-12-30,Coe Kohawks,offense,C. Reece Breitenbach,play-by-play,False,,0.0,not located,
2025-12-30|452|5 Cooper Nailor > P&R Ball Handler > Right P&R > Baseline > Dribble Off Pick > Dribble Jumper > Long/3pt > Miss 3 Pts,452,2025-12-30,Coe Kohawks,offense,Cooper Nailor,play-by-play,False,,0.0,not located,
2025-12-30|452|5 Cooper Nailor > P&R Ball Handler > Right P&R > Baseline > Dribble Off Pick > Dribble Jumper > Long/3pt > Miss 3 Pts,452,2025-12-30,Coe Kohawks,offense,Deuce Walters,play-by-play,False,,0.0,not located,
2025-12-30|452|5 Cooper Nailor > P&R Ball Handler > Right P&R > Baseline > Dribble Off Pick > Dribble Jumper > Long/3pt > Miss 3 Pts,452,2025-12-30,Coe Kohawks,offense,Jackson Bowman,play-by-play,False,,0.0,not located,
2025-12-30|452|5 Cooper Nailor > P&R Ball Handler > Right P&R > Baseline > Dribble Off Pick > Dribble Jumper > Long/3pt > Miss 3 Pts,452,2025-12-30,Coe Kohawks,offense,Kanyon Bryte,play-by-play,False,,0.0,not located,
2025-12-30|452|5 Cooper Nailor > P&R Ball Handler > Right P&R > Baseline > Dribble Off Pick > Dribble Jumper > Long/3pt > Miss 3 Pts,452,2025-12-30,UW-Whitewater,defense,Brock Marino,play-by-play,False,,0.0,not located,
2025-12-30|452|5 Cooper Nailor > P&R Ball Handler > Right P&R > Baseline > Dribble Off Pick > Dribble Jumper > Long/3pt > Miss 3 Pts,452,2025-12-30,UW-Whitewater,defense,Collin Madson,play-by-play,False,,0.0,not located,
2025-12-30|452|5 Cooper Nailor > P&R Ball Handler > Right P&R > Baseline > Dribble Off Pick > Dribble Jumper > Long/3pt > Miss 3 Pts,452,2025-12-30,UW-Whitewater,defense,Joey Berezowitz,play-by-play,False,,0.0,not located,
2025-12-30|452|5 Cooper Nailor > P&R Ball Handler > Right P&R > Baseline > Dribble Off Pick > Dribble Jumper > Long/3pt > Miss 3 Pts,452,2025-12-30,UW-Whitewater,defense,Luke Bara,play-by-play,False,,0.0,not located,
2025-12-30|452|5 Cooper Nailor > P&R Ball Handler > Right P&R > Baseline > Dribble Off Pick > Dribble Jumper > Long/3pt > Miss 3 Pts,452,2025-12-30,UW-Whitewater,defense,Richie Warren,play-by-play,False,,0.0,not located,
2025-12-30|453|22 Joey Berezowitz > Non Possession > Non Shooting Foul,453,2025-12-30,UW-Whitewater,offense,Brock Marino,play-by-play,False,,0.0,not located,
2025-12-30|453|22 Joey Berezowitz > Non Possession > Non Shooting Foul,453,2025-12-30,UW-Whitewater,offense,Collin Madson,play-by-play,False,,0.0,not located,
2025-12-30|453|22 Joey Berezowitz > Non Possession > Non Shooting Foul,453,2025-12-30,UW-Whitewater,offense,Joey Berezowitz,play-by-play,False,,0.0,not located,
2025-12-30|453|22 Joey Berezowitz > Non Possession > Non Shooting Foul,453,2025-12-30,UW-Whitewater,offense,Luke Bara,play-by-play,False,,0.0,not located,
2025-12-30|453|22 Joey Berezowitz > Non Possession > Non Shooting Foul,453,2025-12-30,UW-Whitewater,offense,Richie Warren,play-by-play,False,,0.0,not located,
2025-12-30|453|22 Joey Berezowitz > Non Possession > Non Shooting Foul,453,2025-12-30,Coe Kohawks,defense,C. Reece Breitenbach,play-by-play,True,5;17,17.5,best guess;coach checked,0.99
2025-12-30|453|22 Joey Berezowitz > Non Possession > Non Shooting Foul,453,2025-12-30,Coe Kohawks,defense,Cooper Nailor,play-by-play,True,6;54,13.2,coach checked;followed player,0.99
2025-12-30|453|22 Joey Berezowitz > Non Possession > Non Shooting Foul,453,2025-12-30,Coe Kohawks,defense,Deuce Walters,play-by-play,True,10,16.2,best guess,0.92
2025-12-30|453|22 Joey Berezowitz > Non Possession > Non Shooting Foul,453,2025-12-30,Coe Kohawks,defense,Jackson Bowman,play-by-play,True,4,18.2,coach checked,0.99
2025-12-30|453|22 Joey Berezowitz > Non Possession > Non Shooting Foul,453,2025-12-30,Coe Kohawks,defense,Kanyon Bryte,play-by-play,True,13,15.0,coach checked,0.99
2025-12-30|454|10 Darius Chestnut > Spot-Up > No Dribble Jumper > Open > Medium/17' to <3p > Miss 2 Pts,454,2025-12-30,UW-Whitewater,offense,Darius Chestnut,play-by-play,False,,0.0,not located,
2025-12-30|454|10 Darius Chestnut > Spot-Up > No Dribble Jumper > Open > Medium/17' to <3p > Miss 2 Pts,454,2025-12-30,UW-Whitewater,offense,JR Lukenbill,play-by-play,False,,0.0,not located,
2025-12-30|454|10 Darius Chestnut > Spot-Up > No Dribble Jumper > Open > Medium/17' to <3p > Miss 2 Pts,454,2025-12-30,UW-Whitewater,offense,Kelton McEwen,play-by-play,False,,0.0,not located,
2025-12-30|454|10 Darius Chestnut > Spot-Up > No Dribble Jumper > Open > Medium/17' to <3p > Miss 2 Pts,454,2025-12-30,UW-Whitewater,offense,Rashad Rogers,play-by-play,False,,0.0,not located,
2025-12-30|454|10 Darius Chestnut > Spot-Up > No Dribble Jumper > Open > Medium/17' to <3p > Miss 2 Pts,454,2025-12-30,UW-Whitewater,offense,Tyshawn Teague-Johnson,play-by-play,False,,0.0,not located,
2025-12-30|454|10 Darius Chestnut > Spot-Up > No Dribble Jumper > Open > Medium/17' to <3p > Miss 2 Pts,454,2025-12-30,Coe Kohawks,defense,C. Reece Breitenbach,play-by-play,False,,0.0,not located,
2025-12-30|454|10 Darius Chestnut > Spot-Up > No Dribble Jumper > Open > Medium/17' to <3p > Miss 2 Pts,454,2025-12-30,Coe Kohawks,defense,Cooper Nailor,play-by-play,False,,0.0,not located,
2025-12-30|454|10 Darius Chestnut > Spot-Up > No Dribble Jumper > Open > Medium/17' to <3p > Miss 2 Pts,454,2025-12-30,Coe Kohawks,defense,Deuce Walters,play-by-play,False,,0.0,not located,
2025-12-30|454|10 Darius Chestnut > Spot-Up > No Dribble Jumper > Open > Medium/17' to <3p > Miss 2 Pts,454,2025-12-30,Coe Kohawks,defense,Jackson Bowman,play-by-play,False,,0.0,not located,
2025-12-30|454|10 Darius Chestnut > Spot-Up > No Dribble Jumper > Open > Medium/17' to <3p > Miss 2 Pts,454,2025-12-30,Coe Kohawks,defense,Kanyon Bryte,play-by-play,False,,0.0,not located,
2025-12-30|455|40 Tyshawn Teague-Johnson > ISO > Left > Drives Right > To Basket > Make 2 Pts,455,2025-12-30,UW-Whitewater,offense,Darius Chestnut,play-by-play,False,,0.0,not located,
2025-12-30|455|40 Tyshawn Teague-Johnson > ISO > Left > Drives Right > To Basket > Make 2 Pts,455,2025-12-30,UW-Whitewater,offense,JR Lukenbill,play-by-play,False,,0.0,not located,
2025-12-30|455|40 Tyshawn Teague-Johnson > ISO > Left > Drives Right > To Basket > Make 2 Pts,455,2025-12-30,UW-Whitewater,offense,Kelton McEwen,play-by-play,False,,0.0,not located,
2025-12-30|455|40 Tyshawn Teague-Johnson > ISO > Left > Drives Right > To Basket > Make 2 Pts,455,2025-12-30,UW-Whitewater,offense,Rashad Rogers,play-by-play,False,,0.0,not located,
2025-12-30|455|40 Tyshawn Teague-Johnson > ISO > Left > Drives Right > To Basket > Make 2 Pts,455,2025-12-30,UW-Whitewater,offense,Tyshawn Teague-Johnson,play-by-play,False,,0.0,not located,
2025-12-30|455|40 Tyshawn Teague-Johnson > ISO > Left > Drives Right > To Basket > Make 2 Pts,455,2025-12-30,Coe Kohawks,defense,C. Reece Breitenbach,play-by-play,False,,0.0,not located,
2025-12-30|455|40 Tyshawn Teague-Johnson > ISO > Left > Drives Right > To Basket > Make 2 Pts,455,2025-12-30,Coe Kohawks,defense,Cooper Nailor,play-by-play,False,,0.0,not located,
2025-12-30|455|40 Tyshawn Teague-Johnson > ISO > Left > Drives Right > To Basket > Make 2 Pts,455,2025-12-30,Coe Kohawks,defense,Deuce Walters,play-by-play,False,,0.0,not located,
2025-12-30|455|40 Tyshawn Teague-Johnson > ISO > Left > Drives Right > To Basket > Make 2 Pts,455,2025-12-30,Coe Kohawks,defense,Jackson Bowman,play-by-play,False,,0.0,not located,
2025-12-30|455|40 Tyshawn Teague-Johnson > ISO > Left > Drives Right > To Basket > Make 2 Pts,455,2025-12-30,Coe Kohawks,defense,Kanyon Bryte,play-by-play,False,,0.0,not located,
2025-12-30|456|22 Jackson Bowman > Post-Up > Left Block > Left Shoulder > Dribble Move > Defense Commits > Ball Delivered > 34 Kanyon Bryte > Spot-Up > No Dribble Jumper > Guarded > Long/3pt > Make 3 Pts,456,2025-12-30,Coe Kohawks,offense,C. Reece Breitenbach,play-by-play,False,,0.0,not located,
2025-12-30|456|22 Jackson Bowman > Post-Up > Left Block > Left Shoulder > Dribble Move > Defense Commits > Ball Delivered > 34 Kanyon Bryte > Spot-Up > No Dribble Jumper > Guarded > Long/3pt > Make 3 Pts,456,2025-12-30,Coe Kohawks,offense,Cooper Nailor,play-by-play,False,,0.0,not located,
2025-12-30|456|22 Jackson Bowman > Post-Up > Left Block > Left Shoulder > Dribble Move > Defense Commits > Ball Delivered > 34 Kanyon Bryte > Spot-Up > No Dribble Jumper > Guarded > Long/3pt > Make 3 Pts,456,2025-12-30,Coe Kohawks,offense,Deuce Walters,play-by-play,False,,0.0,not located,
2025-12-30|456|22 Jackson Bowman > Post-Up > Left Block > Left Shoulder > Dribble Move > Defense Commits > Ball Delivered > 34 Kanyon Bryte > Spot-Up > No Dribble Jumper > Guarded > Long/3pt > Make 3 Pts,456,2025-12-30,Coe Kohawks,offense,Jackson Bowman,play-by-play,False,,0.0,not located,
2025-12-30|456|22 Jackson Bowman > Post-Up > Left Block > Left Shoulder > Dribble Move > Defense Commits > Ball Delivered > 34 Kanyon Bryte > Spot-Up > No Dribble Jumper > Guarded > Long/3pt > Make 3 Pts,456,2025-12-30,Coe Kohawks,offense,Kanyon Bryte,play-by-play,False,,0.0,not located,
2025-12-30|456|22 Jackson Bowman > Post-Up > Left Block > Left Shoulder > Dribble Move > Defense Commits > Ball Delivered > 34 Kanyon Bryte > Spot-Up > No Dribble Jumper > Guarded > Long/3pt > Make 3 Pts,456,2025-12-30,UW-Whitewater,defense,Darius Chestnut,play-by-play,False,,0.0,not located,
2025-12-30|456|22 Jackson Bowman > Post-Up > Left Block > Left Shoulder > Dribble Move > Defense Commits > Ball Delivered > 34 Kanyon Bryte > Spot-Up > No Dribble Jumper > Guarded > Long/3pt > Make 3 Pts,456,2025-12-30,UW-Whitewater,defense,JR Lukenbill,play-by-play,False,,0.0,not located,
2025-12-30|456|22 Jackson Bowman > Post-Up > Left Block > Left Shoulder > Dribble Move > Defense Commits > Ball Delivered > 34 Kanyon Bryte > Spot-Up > No Dribble Jumper > Guarded > Long/3pt > Make 3 Pts,456,2025-12-30,UW-Whitewater,defense,Kelton McEwen,play-by-play,False,,0.0,not located,
2025-12-30|456|22 Jackson Bowman > Post-Up > Left Block > Left Shoulder > Dribble Move > Defense Commits > Ball Delivered > 34 Kanyon Bryte > Spot-Up > No Dribble Jumper > Guarded > Long/3pt > Make 3 Pts,456,2025-12-30,UW-Whitewater,defense,Rashad Rogers,play-by-play,False,,0.0,not located,
2025-12-30|456|22 Jackson Bowman > Post-Up > Left Block > Left Shoulder > Dribble Move > Defense Commits > Ball Delivered > 34 Kanyon Bryte > Spot-Up > No Dribble Jumper > Guarded > Long/3pt > Make 3 Pts,456,2025-12-30,UW-Whitewater,defense,Tyshawn Teague-Johnson,play-by-play,False,,0.0,not located,
2025-12-30|457|2 Kelton Mcewen > No Play Type > Turnover,457,2025-12-30,UW-Whitewater,offense,Darius Chestnut,play-by-play,False,,0.0,not located,
2025-12-30|457|2 Kelton Mcewen > No Play Type > Turnover,457,2025-12-30,UW-Whitewater,offense,JR Lukenbill,play-by-play,False,,0.0,not located,
2025-12-30|457|2 Kelton Mcewen > No Play Type > Turnover,457,2025-12-30,UW-Whitewater,offense,Kelton McEwen,play-by-play,False,,0.0,not located,
2025-12-30|457|2 Kelton Mcewen > No Play Type > Turnover,457,2025-12-30,UW-Whitewater,offense,Rashad Rogers,play-by-play,False,,0.0,not located,
2025-12-30|457|2 Kelton Mcewen > No Play Type > Turnover,457,2025-12-30,UW-Whitewater,offense,Tyshawn Teague-Johnson,play-by-play,False,,0.0,not located,
2025-12-30|457|2 Kelton Mcewen > No Play Type > Turnover,457,2025-12-30,Coe Kohawks,defense,C. Reece Breitenbach,play-by-play,False,,0.0,not located,
2025-12-30|457|2 Kelton Mcewen > No Play Type > Turnover,457,2025-12-30,Coe Kohawks,defense,Cooper Nailor,play-by-play,False,,0.0,not located,
2025-12-30|457|2 Kelton Mcewen > No Play Type > Turnover,457,2025-12-30,Coe Kohawks,defense,Deuce Walters,play-by-play,False,,0.0,not located,
2025-12-30|457|2 Kelton Mcewen > No Play Type > Turnover,457,2025-12-30,Coe Kohawks,defense,Jackson Bowman,play-by-play,False,,0.0,not located,
2025-12-30|457|2 Kelton Mcewen > No Play Type > Turnover,457,2025-12-30,Coe Kohawks,defense,Kanyon Bryte,play-by-play,False,,0.0,not located,
2025-12-30|458|4 Deuce Walters > Transition > Ballhandler > To Basket > Miss 2 Pts,458,2025-12-30,Coe Kohawks,offense,C. Reece Breitenbach,play-by-play,False,,0.0,not located,
2025-12-30|458|4 Deuce Walters > Transition > Ballhandler > To Basket > Miss 2 Pts,458,2025-12-30,Coe Kohawks,offense,Cooper Nailor,play-by-play,False,,0.0,not located,
2025-12-30|458|4 Deuce Walters > Transition > Ballhandler > To Basket > Miss 2 Pts,458,2025-12-30,Coe Kohawks,offense,Deuce Walters,play-by-play,False,,0.0,not located,
2025-12-30|458|4 Deuce Walters > Transition > Ballhandler > To Basket > Miss 2 Pts,458,2025-12-30,Coe Kohawks,offense,Jackson Bowman,play-by-play,False,,0.0,not located,
2025-12-30|458|4 Deuce Walters > Transition > Ballhandler > To Basket > Miss 2 Pts,458,2025-12-30,Coe Kohawks,offense,Kanyon Bryte,play-by-play,False,,0.0,not located,
2025-12-30|458|4 Deuce Walters > Transition > Ballhandler > To Basket > Miss 2 Pts,458,2025-12-30,UW-Whitewater,defense,Darius Chestnut,play-by-play,False,,0.0,not located,
2025-12-30|458|4 Deuce Walters > Transition > Ballhandler > To Basket > Miss 2 Pts,458,2025-12-30,UW-Whitewater,defense,JR Lukenbill,play-by-play,False,,0.0,not located,
2025-12-30|458|4 Deuce Walters > Transition > Ballhandler > To Basket > Miss 2 Pts,458,2025-12-30,UW-Whitewater,defense,Kelton McEwen,play-by-play,False,,0.0,not located,
2025-12-30|458|4 Deuce Walters > Transition > Ballhandler > To Basket > Miss 2 Pts,458,2025-12-30,UW-Whitewater,defense,Rashad Rogers,play-by-play,False,,0.0,not located,
2025-12-30|458|4 Deuce Walters > Transition > Ballhandler > To Basket > Miss 2 Pts,458,2025-12-30,UW-Whitewater,defense,Tyshawn Teague-Johnson,play-by-play,False,,0.0,not located,
2025-12-30|459|34 Kanyon Bryte > Offensive Rebound > Short > Scoring Attempt > At Basket > Make 2 Pts,459,2025-12-30,Coe Kohawks,offense,C. Reece Breitenbach,play-by-play,False,,0.0,not located,
2025-12-30|459|34 Kanyon Bryte > Offensive Rebound > Short > Scoring Attempt > At Basket > Make 2 Pts,459,2025-12-30,Coe Kohawks,offense,Cooper Nailor,play-by-play,False,,0.0,not located,
2025-12-30|459|34 Kanyon Bryte > Offensive Rebound > Short > Scoring Attempt > At Basket > Make 2 Pts,459,2025-12-30,Coe Kohawks,offense,Deuce Walters,play-by-play,False,,0.0,not located,
2025-12-30|459|34 Kanyon Bryte > Offensive Rebound > Short > Scoring Attempt > At Basket > Make 2 Pts,459,2025-12-30,Coe Kohawks,offense,Jackson Bowman,play-by-play,False,,0.0,not located,
2025-12-30|459|34 Kanyon Bryte > Offensive Rebound > Short > Scoring Attempt > At Basket > Make 2 Pts,459,2025-12-30,Coe Kohawks,offense,Kanyon Bryte,play-by-play,False,,0.0,not located,
2025-12-30|459|34 Kanyon Bryte > Offensive Rebound > Short > Scoring Attempt > At Basket > Make 2 Pts,459,2025-12-30,UW-Whitewater,defense,Darius Chestnut,play-by-play,False,,0.0,not located,
2025-12-30|459|34 Kanyon Bryte > Offensive Rebound > Short > Scoring Attempt > At Basket > Make 2 Pts,459,2025-12-30,UW-Whitewater,defense,JR Lukenbill,play-by-play,False,,0.0,not located,
2025-12-30|459|34 Kanyon Bryte > Offensive Rebound > Short > Scoring Attempt > At Basket > Make 2 Pts,459,2025-12-30,UW-Whitewater,defense,Kelton McEwen,play-by-play,False,,0.0,not located,
2025-12-30|459|34 Kanyon Bryte > Offensive Rebound > Short > Scoring Attempt > At Basket > Make 2 Pts,459,2025-12-30,UW-Whitewater,defense,Rashad Rogers,play-by-play,False,,0.0,not located,
2025-12-30|459|34 Kanyon Bryte > Offensive Rebound > Short > Scoring Attempt > At Basket > Make 2 Pts,459,2025-12-30,UW-Whitewater,defense,Tyshawn Teague-Johnson,play-by-play,False,,0.0,not located,
2025-12-30|460|10 Darius Chestnut > Non Possession > No Violation,460,2025-12-30,Coe Kohawks,defense,C. Reece Breitenbach,clips before/after (no clock),False,,0.0,not located,
2025-12-30|460|10 Darius Chestnut > Non Possession > No Violation,460,2025-12-30,Coe Kohawks,defense,Cooper Nailor,clips before/after (no clock),False,,0.0,not located,
2025-12-30|460|10 Darius Chestnut > Non Possession > No Violation,460,2025-12-30,Coe Kohawks,defense,Deuce Walters,clips before/after (no clock),False,,0.0,not located,
2025-12-30|460|10 Darius Chestnut > Non Possession > No Violation,460,2025-12-30,Coe Kohawks,defense,Jackson Bowman,clips before/after (no clock),False,,0.0,not located,
2025-12-30|460|10 Darius Chestnut > Non Possession > No Violation,460,2025-12-30,Coe Kohawks,defense,Kanyon Bryte,clips before/after (no clock),False,,0.0,not located,
2025-12-30|461|2 Kelton Mcewen > Hand Off > From Dribble > Left > Dribble Jumper > Long/3pt > Miss 3 Pts,461,2025-12-30,UW-Whitewater,offense,Darius Chestnut,play-by-play,False,,0.0,not located,
2025-12-30|461|2 Kelton Mcewen > Hand Off > From Dribble > Left > Dribble Jumper > Long/3pt > Miss 3 Pts,461,2025-12-30,UW-Whitewater,offense,JR Lukenbill,play-by-play,False,,0.0,not located,
2025-12-30|461|2 Kelton Mcewen > Hand Off > From Dribble > Left > Dribble Jumper > Long/3pt > Miss 3 Pts,461,2025-12-30,UW-Whitewater,offense,Jake Quast,play-by-play,False,,0.0,not located,
2025-12-30|461|2 Kelton Mcewen > Hand Off > From Dribble > Left > Dribble Jumper > Long/3pt > Miss 3 Pts,461,2025-12-30,UW-Whitewater,offense,Kelton McEwen,play-by-play,False,,0.0,not located,
2025-12-30|461|2 Kelton Mcewen > Hand Off > From Dribble > Left > Dribble Jumper > Long/3pt > Miss 3 Pts,461,2025-12-30,UW-Whitewater,offense,Tyshawn Teague-Johnson,play-by-play,False,,0.0,not located,
2025-12-30|461|2 Kelton Mcewen > Hand Off > From Dribble > Left > Dribble Jumper > Long/3pt > Miss 3 Pts,461,2025-12-30,Coe Kohawks,defense,C. Reece Breitenbach,play-by-play,False,,0.0,not located,
2025-12-30|461|2 Kelton Mcewen > Hand Off > From Dribble > Left > Dribble Jumper > Long/3pt > Miss 3 Pts,461,2025-12-30,Coe Kohawks,defense,Cooper Nailor,play-by-play,False,,0.0,not located,
2025-12-30|461|2 Kelton Mcewen > Hand Off > From Dribble > Left > Dribble Jumper > Long/3pt > Miss 3 Pts,461,2025-12-30,Coe Kohawks,defense,Deuce Walters,play-by-play,False,,0.0,not located,
2025-12-30|461|2 Kelton Mcewen > Hand Off > From Dribble > Left > Dribble Jumper > Long/3pt > Miss 3 Pts,461,2025-12-30,Coe Kohawks,defense,Jackson Bowman,play-by-play,False,,0.0,not located,
2025-12-30|461|2 Kelton Mcewen > Hand Off > From Dribble > Left > Dribble Jumper > Long/3pt > Miss 3 Pts,461,2025-12-30,Coe Kohawks,defense,Kanyon Bryte,play-by-play,False,,0.0,not located,
2025-12-30|462|22 Jackson Bowman > Transition > Leak Outs > To Basket > Make 2 Pts,462,2025-12-30,Coe Kohawks,offense,C. Reece Breitenbach,play-by-play,True,21,7.8,coach checked,0.99
2025-12-30|462|22 Jackson Bowman > Transition > Leak Outs > To Basket > Make 2 Pts,462,2025-12-30,Coe Kohawks,offense,Cooper Nailor,play-by-play,False,,0.0,not located,
2025-12-30|462|22 Jackson Bowman > Transition > Leak Outs > To Basket > Make 2 Pts,462,2025-12-30,Coe Kohawks,offense,Deuce Walters,play-by-play,False,,0.0,not located,
2025-12-30|462|22 Jackson Bowman > Transition > Leak Outs > To Basket > Make 2 Pts,462,2025-12-30,Coe Kohawks,offense,Jackson Bowman,play-by-play,False,,0.0,not located,
2025-12-30|462|22 Jackson Bowman > Transition > Leak Outs > To Basket > Make 2 Pts,462,2025-12-30,Coe Kohawks,offense,Kanyon Bryte,play-by-play,False,,0.0,not located,
2025-12-30|462|22 Jackson Bowman > Transition > Leak Outs > To Basket > Make 2 Pts,462,2025-12-30,UW-Whitewater,defense,Darius Chestnut,play-by-play,True,2;23,6.0,best guess,0.31
2025-12-30|462|22 Jackson Bowman > Transition > Leak Outs > To Basket > Make 2 Pts,462,2025-12-30,UW-Whitewater,defense,JR Lukenbill,play-by-play,True,1,5.8,best guess,0.31
2025-12-30|462|22 Jackson Bowman > Transition > Leak Outs > To Basket > Make 2 Pts,462,2025-12-30,UW-Whitewater,defense,Jake Quast,play-by-play,True,20;24,3.8,best guess,0.31
2025-12-30|462|22 Jackson Bowman > Transition > Leak Outs > To Basket > Make 2 Pts,462,2025-12-30,UW-Whitewater,defense,Kelton McEwen,play-by-play,True,17,5.0,coach checked,0.99
2025-12-30|462|22 Jackson Bowman > Transition > Leak Outs > To Basket > Make 2 Pts,462,2025-12-30,UW-Whitewater,defense,Tyshawn Teague-Johnson,play-by-play,True,22,6.0,coach checked,0.99
2025-12-30|463|11 Jr Lukenbill > Cut > Basket > Make 2 Pts,463,2025-12-30,UW-Whitewater,offense,Darius Chestnut,play-by-play,False,,0.0,not located,
2025-12-30|463|11 Jr Lukenbill > Cut > Basket > Make 2 Pts,463,2025-12-30,UW-Whitewater,offense,JR Lukenbill,play-by-play,False,,0.0,not located,
2025-12-30|463|11 Jr Lukenbill > Cut > Basket > Make 2 Pts,463,2025-12-30,UW-Whitewater,offense,Jake Quast,play-by-play,False,,0.0,not located,
2025-12-30|463|11 Jr Lukenbill > Cut > Basket > Make 2 Pts,463,2025-12-30,UW-Whitewater,offense,Kelton McEwen,play-by-play,False,,0.0,not located,
2025-12-30|463|11 Jr Lukenbill > Cut > Basket > Make 2 Pts,463,2025-12-30,UW-Whitewater,offense,Tyshawn Teague-Johnson,play-by-play,False,,0.0,not located,
2025-12-30|463|11 Jr Lukenbill > Cut > Basket > Make 2 Pts,463,2025-12-30,Coe Kohawks,defense,C. Reece Breitenbach,play-by-play,False,,0.0,not located,
2025-12-30|463|11 Jr Lukenbill > Cut > Basket > Make 2 Pts,463,2025-12-30,Coe Kohawks,defense,Cooper Nailor,play-by-play,False,,0.0,not located,
2025-12-30|463|11 Jr Lukenbill > Cut > Basket > Make 2 Pts,463,2025-12-30,Coe Kohawks,defense,Deuce Walters,play-by-play,False,,0.0,not located,
2025-12-30|463|11 Jr Lukenbill > Cut > Basket > Make 2 Pts,463,2025-12-30,Coe Kohawks,defense,Jackson Bowman,play-by-play,False,,0.0,not located,
2025-12-30|463|11 Jr Lukenbill > Cut > Basket > Make 2 Pts,463,2025-12-30,Coe Kohawks,defense,Kanyon Bryte,play-by-play,False,,0.0,not located,
2025-12-30|464|12 C. Reece Breitenbach > Non Possession > No Violation,464,2025-12-30,UW-Whitewater,defense,Darius Chestnut,clips before/after (no clock),False,,0.0,not located,
2025-12-30|464|12 C. Reece Breitenbach > Non Possession > No Violation,464,2025-12-30,UW-Whitewater,defense,JR Lukenbill,clips before/after (no clock),False,,0.0,not located,
2025-12-30|464|12 C. Reece Breitenbach > Non Possession > No Violation,464,2025-12-30,UW-Whitewater,defense,Jake Quast,clips before/after (no clock),False,,0.0,not located,
2025-12-30|464|12 C. Reece Breitenbach > Non Possession > No Violation,464,2025-12-30,UW-Whitewater,defense,Kelton McEwen,clips before/after (no clock),False,,0.0,not located,
2025-12-30|464|12 C. Reece Breitenbach > Non Possession > No Violation,464,2025-12-30,UW-Whitewater,defense,Tyshawn Teague-Johnson,clips before/after (no clock),False,,0.0,not located,
2025-12-30|465|4 Deuce Walters > Spot-Up > Drives Right > Dribble Jumper > Short to < 17' > Miss 2 Pts,465,2025-12-30,Coe Kohawks,offense,Cooper Nailor,play-by-play,False,,0.0,not located,
2025-12-30|465|4 Deuce Walters > Spot-Up > Drives Right > Dribble Jumper > Short to < 17' > Miss 2 Pts,465,2025-12-30,Coe Kohawks,offense,Deuce Walters,play-by-play,False,,0.0,not located,
2025-12-30|465|4 Deuce Walters > Spot-Up > Drives Right > Dribble Jumper > Short to < 17' > Miss 2 Pts,465,2025-12-30,Coe Kohawks,offense,Jackson Bowman,play-by-play,False,,0.0,not located,
2025-12-30|465|4 Deuce Walters > Spot-Up > Drives Right > Dribble Jumper > Short to < 17' > Miss 2 Pts,465,2025-12-30,Coe Kohawks,offense,Kanyon Bryte,play-by-play,False,,0.0,not located,
2025-12-30|465|4 Deuce Walters > Spot-Up > Drives Right > Dribble Jumper > Short to < 17' > Miss 2 Pts,465,2025-12-30,Coe Kohawks,offense,Ryan Dolphin,play-by-play,False,,0.0,not located,
2025-12-30|465|4 Deuce Walters > Spot-Up > Drives Right > Dribble Jumper > Short to < 17' > Miss 2 Pts,465,2025-12-30,UW-Whitewater,defense,Darius Chestnut,play-by-play,False,,0.0,not located,
2025-12-30|465|4 Deuce Walters > Spot-Up > Drives Right > Dribble Jumper > Short to < 17' > Miss 2 Pts,465,2025-12-30,UW-Whitewater,defense,JR Lukenbill,play-by-play,False,,0.0,not located,
2025-12-30|465|4 Deuce Walters > Spot-Up > Drives Right > Dribble Jumper > Short to < 17' > Miss 2 Pts,465,2025-12-30,UW-Whitewater,defense,Jake Quast,play-by-play,False,,0.0,not located,
2025-12-30|465|4 Deuce Walters > Spot-Up > Drives Right > Dribble Jumper > Short to < 17' > Miss 2 Pts,465,2025-12-30,UW-Whitewater,defense,Kelton McEwen,play-by-play,False,,0.0,not located,
2025-12-30|465|4 Deuce Walters > Spot-Up > Drives Right > Dribble Jumper > Short to < 17' > Miss 2 Pts,465,2025-12-30,UW-Whitewater,defense,Tyshawn Teague-Johnson,play-by-play,False,,0.0,not located,
2025-12-30|466|4 Deuce Walters > No Play Type > To Basket > Miss 2 Pts,466,2025-12-30,Coe Kohawks,offense,Cooper Nailor,play-by-play,False,,0.0,not located,
2025-12-30|466|4 Deuce Walters > No Play Type > To Basket > Miss 2 Pts,466,2025-12-30,Coe Kohawks,offense,Deuce Walters,play-by-play,True,0;24,3.2,coach checked;followed player,0.99
2025-12-30|466|4 Deuce Walters > No Play Type > To Basket > Miss 2 Pts,466,2025-12-30,Coe Kohawks,offense,Jackson Bowman,play-by-play,False,,0.0,not located,
2025-12-30|466|4 Deuce Walters > No Play Type > To Basket > Miss 2 Pts,466,2025-12-30,Coe Kohawks,offense,Kanyon Bryte,play-by-play,False,,0.0,not located,
2025-12-30|466|4 Deuce Walters > No Play Type > To Basket > Miss 2 Pts,466,2025-12-30,Coe Kohawks,offense,Ryan Dolphin,play-by-play,False,,0.0,not located,
2025-12-30|466|4 Deuce Walters > No Play Type > To Basket > Miss 2 Pts,466,2025-12-30,UW-Whitewater,defense,Darius Chestnut,play-by-play,True,12,3.0,best guess,0.31
2025-12-30|466|4 Deuce Walters > No Play Type > To Basket > Miss 2 Pts,466,2025-12-30,UW-Whitewater,defense,JR Lukenbill,play-by-play,True,2,2.2,coach checked,0.99
2025-12-30|466|4 Deuce Walters > No Play Type > To Basket > Miss 2 Pts,466,2025-12-30,UW-Whitewater,defense,Jake Quast,play-by-play,True,21,1.8,coach checked,0.99
2025-12-30|466|4 Deuce Walters > No Play Type > To Basket > Miss 2 Pts,466,2025-12-30,UW-Whitewater,defense,Kelton McEwen,play-by-play,True,16,3.0,best guess,0.31
2025-12-30|466|4 Deuce Walters > No Play Type > To Basket > Miss 2 Pts,466,2025-12-30,UW-Whitewater,defense,Tyshawn Teague-Johnson,play-by-play,True,13,3.0,best guess,0.31
2025-12-30|467|40 Tyshawn Teague-Johnson > Cut > Basket > Make 2 Pts,467,2025-12-30,UW-Whitewater,offense,Darius Chestnut,play-by-play,False,,0.0,not located,
2025-12-30|467|40 Tyshawn Teague-Johnson > Cut > Basket > Make 2 Pts,467,2025-12-30,UW-Whitewater,offense,JR Lukenbill,play-by-play,False,,0.0,not located,
2025-12-30|467|40 Tyshawn Teague-Johnson > Cut > Basket > Make 2 Pts,467,2025-12-30,UW-Whitewater,offense,Jake Quast,play-by-play,False,,0.0,not located,
2025-12-30|467|40 Tyshawn Teague-Johnson > Cut > Basket > Make 2 Pts,467,2025-12-30,UW-Whitewater,offense,Kelton McEwen,play-by-play,False,,0.0,not located,
2025-12-30|467|40 Tyshawn Teague-Johnson > Cut > Basket > Make 2 Pts,467,2025-12-30,UW-Whitewater,offense,Tyshawn Teague-Johnson,play-by-play,False,,0.0,not located,
2025-12-30|467|40 Tyshawn Teague-Johnson > Cut > Basket > Make 2 Pts,467,2025-12-30,Coe Kohawks,defense,Cooper Nailor,play-by-play,False,,0.0,not located,
2025-12-30|467|40 Tyshawn Teague-Johnson > Cut > Basket > Make 2 Pts,467,2025-12-30,Coe Kohawks,defense,Deuce Walters,play-by-play,False,,0.0,not located,
2025-12-30|467|40 Tyshawn Teague-Johnson > Cut > Basket > Make 2 Pts,467,2025-12-30,Coe Kohawks,defense,Jackson Bowman,play-by-play,False,,0.0,not located,
2025-12-30|467|40 Tyshawn Teague-Johnson > Cut > Basket > Make 2 Pts,467,2025-12-30,Coe Kohawks,defense,Kanyon Bryte,play-by-play,False,,0.0,not located,
2025-12-30|467|40 Tyshawn Teague-Johnson > Cut > Basket > Make 2 Pts,467,2025-12-30,Coe Kohawks,defense,Ryan Dolphin,play-by-play,False,,0.0,not located,
2025-12-30|468|2 Ryan Dolphin > P&R Ball Handler > Left P&R > Side > Dribble Off Pick > Defense Commits > Ball Delivered > 5 Cooper Nailor > Spot-Up > No Dribble Jumper > Guarded > Long/3pt > Miss 3 Pts,468,2025-12-30,Coe Kohawks,offense,Cooper Nailor,play-by-play,False,,0.0,not located,
2025-12-30|468|2 Ryan Dolphin > P&R Ball Handler > Left P&R > Side > Dribble Off Pick > Defense Commits > Ball Delivered > 5 Cooper Nailor > Spot-Up > No Dribble Jumper > Guarded > Long/3pt > Miss 3 Pts,468,2025-12-30,Coe Kohawks,offense,Deuce Walters,play-by-play,False,,0.0,not located,
2025-12-30|468|2 Ryan Dolphin > P&R Ball Handler > Left P&R > Side > Dribble Off Pick > Defense Commits > Ball Delivered > 5 Cooper Nailor > Spot-Up > No Dribble Jumper > Guarded > Long/3pt > Miss 3 Pts,468,2025-12-30,Coe Kohawks,offense,Jackson Bowman,play-by-play,False,,0.0,not located,
2025-12-30|468|2 Ryan Dolphin > P&R Ball Handler > Left P&R > Side > Dribble Off Pick > Defense Commits > Ball Delivered > 5 Cooper Nailor > Spot-Up > No Dribble Jumper > Guarded > Long/3pt > Miss 3 Pts,468,2025-12-30,Coe Kohawks,offense,Kanyon Bryte,play-by-play,False,,0.0,not located,
2025-12-30|468|2 Ryan Dolphin > P&R Ball Handler > Left P&R > Side > Dribble Off Pick > Defense Commits > Ball Delivered > 5 Cooper Nailor > Spot-Up > No Dribble Jumper > Guarded > Long/3pt > Miss 3 Pts,468,2025-12-30,Coe Kohawks,offense,Ryan Dolphin,play-by-play,True,3,6.5,Synergy,0.95
2025-12-30|468|2 Ryan Dolphin > P&R Ball Handler > Left P&R > Side > Dribble Off Pick > Defense Commits > Ball Delivered > 5 Cooper Nailor > Spot-Up > No Dribble Jumper > Guarded > Long/3pt > Miss 3 Pts,468,2025-12-30,UW-Whitewater,defense,Darius Chestnut,play-by-play,False,,0.0,not located,
2025-12-30|468|2 Ryan Dolphin > P&R Ball Handler > Left P&R > Side > Dribble Off Pick > Defense Commits > Ball Delivered > 5 Cooper Nailor > Spot-Up > No Dribble Jumper > Guarded > Long/3pt > Miss 3 Pts,468,2025-12-30,UW-Whitewater,defense,JR Lukenbill,play-by-play,False,,0.0,not located,
2025-12-30|468|2 Ryan Dolphin > P&R Ball Handler > Left P&R > Side > Dribble Off Pick > Defense Commits > Ball Delivered > 5 Cooper Nailor > Spot-Up > No Dribble Jumper > Guarded > Long/3pt > Miss 3 Pts,468,2025-12-30,UW-Whitewater,defense,Jake Quast,play-by-play,False,,0.0,not located,
2025-12-30|468|2 Ryan Dolphin > P&R Ball Handler > Left P&R > Side > Dribble Off Pick > Defense Commits > Ball Delivered > 5 Cooper Nailor > Spot-Up > No Dribble Jumper > Guarded > Long/3pt > Miss 3 Pts,468,2025-12-30,UW-Whitewater,defense,Kelton McEwen,play-by-play,False,,0.0,not located,
2025-12-30|468|2 Ryan Dolphin > P&R Ball Handler > Left P&R > Side > Dribble Off Pick > Defense Commits > Ball Delivered > 5 Cooper Nailor > Spot-Up > No Dribble Jumper > Guarded > Long/3pt > Miss 3 Pts,468,2025-12-30,UW-Whitewater,defense,Tyshawn Teague-Johnson,play-by-play,False,,0.0,not located,
2025-12-30|469|10 Darius Chestnut > P&R Ball Handler > Right P&R > Side > Dribble Off Pick > To Basket > Make 2 Pts,469,2025-12-30,UW-Whitewater,offense,Darius Chestnut,play-by-play,False,,0.0,not located,
2025-12-30|469|10 Darius Chestnut > P&R Ball Handler > Right P&R > Side > Dribble Off Pick > To Basket > Make 2 Pts,469,2025-12-30,UW-Whitewater,offense,JR Lukenbill,play-by-play,False,,0.0,not located,
2025-12-30|469|10 Darius Chestnut > P&R Ball Handler > Right P&R > Side > Dribble Off Pick > To Basket > Make 2 Pts,469,2025-12-30,UW-Whitewater,offense,Jake Quast,play-by-play,False,,0.0,not located,
2025-12-30|469|10 Darius Chestnut > P&R Ball Handler > Right P&R > Side > Dribble Off Pick > To Basket > Make 2 Pts,469,2025-12-30,UW-Whitewater,offense,Kelton McEwen,play-by-play,False,,0.0,not located,
2025-12-30|469|10 Darius Chestnut > P&R Ball Handler > Right P&R > Side > Dribble Off Pick > To Basket > Make 2 Pts,469,2025-12-30,UW-Whitewater,offense,Tyshawn Teague-Johnson,play-by-play,False,,0.0,not located,
2025-12-30|469|10 Darius Chestnut > P&R Ball Handler > Right P&R > Side > Dribble Off Pick > To Basket > Make 2 Pts,469,2025-12-30,Coe Kohawks,defense,Cooper Nailor,play-by-play,False,,0.0,not located,
2025-12-30|469|10 Darius Chestnut > P&R Ball Handler > Right P&R > Side > Dribble Off Pick > To Basket > Make 2 Pts,469,2025-12-30,Coe Kohawks,defense,Deuce Walters,play-by-play,False,,0.0,not located,
2025-12-30|469|10 Darius Chestnut > P&R Ball Handler > Right P&R > Side > Dribble Off Pick > To Basket > Make 2 Pts,469,2025-12-30,Coe Kohawks,defense,Jackson Bowman,play-by-play,False,,0.0,not located,
2025-12-30|469|10 Darius Chestnut > P&R Ball Handler > Right P&R > Side > Dribble Off Pick > To Basket > Make 2 Pts,469,2025-12-30,Coe Kohawks,defense,Kanyon Bryte,play-by-play,False,,0.0,not located,
2025-12-30|469|10 Darius Chestnut > P&R Ball Handler > Right P&R > Side > Dribble Off Pick > To Basket > Make 2 Pts,469,2025-12-30,Coe Kohawks,defense,Ryan Dolphin,play-by-play,False,,0.0,not located,
2025-12-30|470|4 Deuce Walters > P&R Ball Handler > Left P&R > Side > Dribble Off Pick > Dribble Jumper > Medium/17' to <3p > Make 2 Pts,470,2025-12-30,Coe Kohawks,offense,Cooper Nailor,play-by-play,False,,0.0,not located,
2025-12-30|470|4 Deuce Walters > P&R Ball Handler > Left P&R > Side > Dribble Off Pick > Dribble Jumper > Medium/17' to <3p > Make 2 Pts,470,2025-12-30,Coe Kohawks,offense,Deuce Walters,play-by-play,True,3,1.8,coach checked,0.99
2025-12-30|470|4 Deuce Walters > P&R Ball Handler > Left P&R > Side > Dribble Off Pick > Dribble Jumper > Medium/17' to <3p > Make 2 Pts,470,2025-12-30,Coe Kohawks,offense,Jackson Bowman,play-by-play,False,,0.0,not located,
2025-12-30|470|4 Deuce Walters > P&R Ball Handler > Left P&R > Side > Dribble Off Pick > Dribble Jumper > Medium/17' to <3p > Make 2 Pts,470,2025-12-30,Coe Kohawks,offense,Kanyon Bryte,play-by-play,True,69;105,11.0,coach checked;followed player,0.99
2025-12-30|470|4 Deuce Walters > P&R Ball Handler > Left P&R > Side > Dribble Off Pick > Dribble Jumper > Medium/17' to <3p > Make 2 Pts,470,2025-12-30,Coe Kohawks,offense,Ryan Dolphin,play-by-play,False,,0.0,not located,
2025-12-30|470|4 Deuce Walters > P&R Ball Handler > Left P&R > Side > Dribble Off Pick > Dribble Jumper > Medium/17' to <3p > Make 2 Pts,470,2025-12-30,UW-Whitewater,defense,Darius Chestnut,play-by-play,True,1;95,11.5,coach checked,0.99
2025-12-30|470|4 Deuce Walters > P&R Ball Handler > Left P&R > Side > Dribble Off Pick > Dribble Jumper > Medium/17' to <3p > Make 2 Pts,470,2025-12-30,UW-Whitewater,defense,JR Lukenbill,play-by-play,True,6;27;56,24.0,best guess;coach checked,0.99
2025-12-30|470|4 Deuce Walters > P&R Ball Handler > Left P&R > Side > Dribble Off Pick > Dribble Jumper > Medium/17' to <3p > Make 2 Pts,470,2025-12-30,UW-Whitewater,defense,Jake Quast,play-by-play,True,10;24;71,21.5,best guess;coach checked,0.99
2025-12-30|470|4 Deuce Walters > P&R Ball Handler > Left P&R > Side > Dribble Off Pick > Dribble Jumper > Medium/17' to <3p > Make 2 Pts,470,2025-12-30,UW-Whitewater,defense,Kelton McEwen,play-by-play,True,7;37,27.2,best guess,0.92
2025-12-30|470|4 Deuce Walters > P&R Ball Handler > Left P&R > Side > Dribble Off Pick > Dribble Jumper > Medium/17' to <3p > Make 2 Pts,470,2025-12-30,UW-Whitewater,defense,Tyshawn Teague-Johnson,play-by-play,True,0;86,21.0,coach checked;followed player,0.99
2025-12-30|471|12 Jake Quast > Non Possession > Non Shooting Foul,471,2025-12-30,UW-Whitewater,offense,Darius Chestnut,play-by-play,False,,0.0,not located,
2025-12-30|471|12 Jake Quast > Non Possession > Non Shooting Foul,471,2025-12-30,UW-Whitewater,offense,JR Lukenbill,play-by-play,False,,0.0,not located,
2025-12-30|471|12 Jake Quast > Non Possession > Non Shooting Foul,471,2025-12-30,UW-Whitewater,offense,Jake Quast,play-by-play,False,,0.0,not located,
2025-12-30|471|12 Jake Quast > Non Possession > Non Shooting Foul,471,2025-12-30,UW-Whitewater,offense,Kelton McEwen,play-by-play,False,,0.0,not located,
2025-12-30|471|12 Jake Quast > Non Possession > Non Shooting Foul,471,2025-12-30,UW-Whitewater,offense,Tyshawn Teague-Johnson,play-by-play,False,,0.0,not located,
2025-12-30|471|12 Jake Quast > Non Possession > Non Shooting Foul,471,2025-12-30,Coe Kohawks,defense,Cooper Nailor,play-by-play,False,,0.0,not located,
2025-12-30|471|12 Jake Quast > Non Possession > Non Shooting Foul,471,2025-12-30,Coe Kohawks,defense,Deuce Walters,play-by-play,False,,0.0,not located,
2025-12-30|471|12 Jake Quast > Non Possession > Non Shooting Foul,471,2025-12-30,Coe Kohawks,defense,Jackson Bowman,play-by-play,False,,0.0,not located,
2025-12-30|471|12 Jake Quast > Non Possession > Non Shooting Foul,471,2025-12-30,Coe Kohawks,defense,Kanyon Bryte,play-by-play,False,,0.0,not located,
2025-12-30|471|12 Jake Quast > Non Possession > Non Shooting Foul,471,2025-12-30,Coe Kohawks,defense,Ryan Dolphin,play-by-play,False,,0.0,not located,
2025-12-30|472|2 Kelton Mcewen > P&R Ball Handler > Left P&R > Baseline > Takes Early Jump Shot > No Dribble Jumper > Guarded > Long/3pt > Miss 3 Pts,472,2025-12-30,UW-Whitewater,offense,Darius Chestnut,play-by-play,False,,0.0,not located,
2025-12-30|472|2 Kelton Mcewen > P&R Ball Handler > Left P&R > Baseline > Takes Early Jump Shot > No Dribble Jumper > Guarded > Long/3pt > Miss 3 Pts,472,2025-12-30,UW-Whitewater,offense,JR Lukenbill,play-by-play,False,,0.0,not located,
2025-12-30|472|2 Kelton Mcewen > P&R Ball Handler > Left P&R > Baseline > Takes Early Jump Shot > No Dribble Jumper > Guarded > Long/3pt > Miss 3 Pts,472,2025-12-30,UW-Whitewater,offense,Jake Quast,play-by-play,False,,0.0,not located,
2025-12-30|472|2 Kelton Mcewen > P&R Ball Handler > Left P&R > Baseline > Takes Early Jump Shot > No Dribble Jumper > Guarded > Long/3pt > Miss 3 Pts,472,2025-12-30,UW-Whitewater,offense,Kelton McEwen,play-by-play,False,,0.0,not located,
2025-12-30|472|2 Kelton Mcewen > P&R Ball Handler > Left P&R > Baseline > Takes Early Jump Shot > No Dribble Jumper > Guarded > Long/3pt > Miss 3 Pts,472,2025-12-30,UW-Whitewater,offense,Tyshawn Teague-Johnson,play-by-play,False,,0.0,not located,
2025-12-30|472|2 Kelton Mcewen > P&R Ball Handler > Left P&R > Baseline > Takes Early Jump Shot > No Dribble Jumper > Guarded > Long/3pt > Miss 3 Pts,472,2025-12-30,Coe Kohawks,defense,Aleks Jajic,play-by-play,False,,0.0,not located,
2025-12-30|472|2 Kelton Mcewen > P&R Ball Handler > Left P&R > Baseline > Takes Early Jump Shot > No Dribble Jumper > Guarded > Long/3pt > Miss 3 Pts,472,2025-12-30,Coe Kohawks,defense,Cooper Nailor,play-by-play,False,,0.0,not located,
2025-12-30|472|2 Kelton Mcewen > P&R Ball Handler > Left P&R > Baseline > Takes Early Jump Shot > No Dribble Jumper > Guarded > Long/3pt > Miss 3 Pts,472,2025-12-30,Coe Kohawks,defense,Deuce Walters,play-by-play,False,,0.0,not located,
2025-12-30|472|2 Kelton Mcewen > P&R Ball Handler > Left P&R > Baseline > Takes Early Jump Shot > No Dribble Jumper > Guarded > Long/3pt > Miss 3 Pts,472,2025-12-30,Coe Kohawks,defense,Jackson Newell,play-by-play,False,,0.0,not located,
2025-12-30|472|2 Kelton Mcewen > P&R Ball Handler > Left P&R > Baseline > Takes Early Jump Shot > No Dribble Jumper > Guarded > Long/3pt > Miss 3 Pts,472,2025-12-30,Coe Kohawks,defense,Ryan Dolphin,play-by-play,False,,0.0,not located,
2025-12-30|473|12 Jake Quast > Offensive Rebound > Short > Scoring Attempt > At Basket > Make 2 Pts Foul > 0 Pts,473,2025-12-30,UW-Whitewater,offense,Darius Chestnut,play-by-play,False,,0.0,not located,
2025-12-30|473|12 Jake Quast > Offensive Rebound > Short > Scoring Attempt > At Basket > Make 2 Pts Foul > 0 Pts,473,2025-12-30,UW-Whitewater,offense,JR Lukenbill,play-by-play,False,,0.0,not located,
2025-12-30|473|12 Jake Quast > Offensive Rebound > Short > Scoring Attempt > At Basket > Make 2 Pts Foul > 0 Pts,473,2025-12-30,UW-Whitewater,offense,Jake Quast,play-by-play,False,,0.0,not located,
2025-12-30|473|12 Jake Quast > Offensive Rebound > Short > Scoring Attempt > At Basket > Make 2 Pts Foul > 0 Pts,473,2025-12-30,UW-Whitewater,offense,Kelton McEwen,play-by-play,False,,0.0,not located,
2025-12-30|473|12 Jake Quast > Offensive Rebound > Short > Scoring Attempt > At Basket > Make 2 Pts Foul > 0 Pts,473,2025-12-30,UW-Whitewater,offense,Tyshawn Teague-Johnson,play-by-play,False,,0.0,not located,
2025-12-30|473|12 Jake Quast > Offensive Rebound > Short > Scoring Attempt > At Basket > Make 2 Pts Foul > 0 Pts,473,2025-12-30,Coe Kohawks,defense,Aleks Jajic,play-by-play,False,,0.0,not located,
2025-12-30|473|12 Jake Quast > Offensive Rebound > Short > Scoring Attempt > At Basket > Make 2 Pts Foul > 0 Pts,473,2025-12-30,Coe Kohawks,defense,Cooper Nailor,play-by-play,False,,0.0,not located,
2025-12-30|473|12 Jake Quast > Offensive Rebound > Short > Scoring Attempt > At Basket > Make 2 Pts Foul > 0 Pts,473,2025-12-30,Coe Kohawks,defense,Deuce Walters,play-by-play,False,,0.0,not located,
2025-12-30|473|12 Jake Quast > Offensive Rebound > Short > Scoring Attempt > At Basket > Make 2 Pts Foul > 0 Pts,473,2025-12-30,Coe Kohawks,defense,Jackson Newell,play-by-play,False,,0.0,not located,
2025-12-30|473|12 Jake Quast > Offensive Rebound > Short > Scoring Attempt > At Basket > Make 2 Pts Foul > 0 Pts,473,2025-12-30,Coe Kohawks,defense,Ryan Dolphin,play-by-play,False,,0.0,not located,
2025-12-30|475|1 Aleks Jajic > No Play Type > Turnover,475,2025-12-30,Coe Kohawks,offense,Aleks Jajic,play-by-play,True,5,3.0,best guess,0.31
2025-12-30|475|1 Aleks Jajic > No Play Type > Turnover,475,2025-12-30,Coe Kohawks,offense,Cooper Nailor,play-by-play,True,1,1.8,best guess,0.31
2025-12-30|475|1 Aleks Jajic > No Play Type > Turnover,475,2025-12-30,Coe Kohawks,offense,Deuce Walters,play-by-play,True,17,1.8,linked possession,0.95
2025-12-30|475|1 Aleks Jajic > No Play Type > Turnover,475,2025-12-30,Coe Kohawks,offense,Jackson Newell,play-by-play,True,2,3.2,best guess,0.31
2025-12-30|475|1 Aleks Jajic > No Play Type > Turnover,475,2025-12-30,Coe Kohawks,offense,Ryan Dolphin,play-by-play,True,0,2.5,linked possession,0.95
2025-12-30|475|1 Aleks Jajic > No Play Type > Turnover,475,2025-12-30,UW-Whitewater,defense,Darius Chestnut,play-by-play,True,6,3.0,best guess,0.31
2025-12-30|475|1 Aleks Jajic > No Play Type > Turnover,475,2025-12-30,UW-Whitewater,defense,JR Lukenbill,play-by-play,True,7;21,2.2,best guess,0.31
2025-12-30|475|1 Aleks Jajic > No Play Type > Turnover,475,2025-12-30,UW-Whitewater,defense,Jake Quast,play-by-play,True,4,3.0,best guess,0.31
2025-12-30|475|1 Aleks Jajic > No Play Type > Turnover,475,2025-12-30,UW-Whitewater,defense,Kelton McEwen,play-by-play,True,16,2.0,linked possession,0.95
2025-12-30|475|1 Aleks Jajic > No Play Type > Turnover,475,2025-12-30,UW-Whitewater,defense,Tyshawn Teague-Johnson,play-by-play,True,3,3.0,linked possession,0.95
2025-12-30|476|12 Jake Quast > Spot-Up > Drives Left > Turnover,476,2025-12-30,UW-Whitewater,offense,Darius Chestnut,play-by-play,True,10,8.5,best guess,0.46
2025-12-30|476|12 Jake Quast > Spot-Up > Drives Left > Turnover,476,2025-12-30,UW-Whitewater,offense,JR Lukenbill,play-by-play,True,27,3.8,best guess,0.46
2025-12-30|476|12 Jake Quast > Spot-Up > Drives Left > Turnover,476,2025-12-30,UW-Whitewater,offense,Jake Quast,play-by-play,True,16,5.2,coach checked,0.99
2025-12-30|476|12 Jake Quast > Spot-Up > Drives Left > Turnover,476,2025-12-30,UW-Whitewater,offense,Kelton McEwen,play-by-play,True,1,5.5,coach checked,0.95
2025-12-30|476|12 Jake Quast > Spot-Up > Drives Left > Turnover,476,2025-12-30,UW-Whitewater,offense,Tyshawn Teague-Johnson,play-by-play,True,11,5.8,coach checked,0.95
2025-12-30|476|12 Jake Quast > Spot-Up > Drives Left > Turnover,476,2025-12-30,Coe Kohawks,defense,Aleks Jajic,play-by-play,True,3,7.5,best guess,0.31
2025-12-30|476|12 Jake Quast > Spot-Up > Drives Left > Turnover,476,2025-12-30,Coe Kohawks,defense,Cooper Nailor,play-by-play,True,6,7.0,best guess,0.31
2025-12-30|476|12 Jake Quast > Spot-Up > Drives Left > Turnover,476,2025-12-30,Coe Kohawks,defense,Deuce Walters,play-by-play,True,17,6.0,coach checked,0.95
2025-12-30|476|12 Jake Quast > Spot-Up > Drives Left > Turnover,476,2025-12-30,Coe Kohawks,defense,Jackson Newell,play-by-play,True,5;30,2.0,best guess,0.31
2025-12-30|476|12 Jake Quast > Spot-Up > Drives Left > Turnover,476,2025-12-30,Coe Kohawks,defense,Ryan Dolphin,play-by-play,True,4,8.0,coach checked,0.95
2025-12-30|477|5 Cooper Nailor > Non Possession > Non Shooting Foul,477,2025-12-30,Coe Kohawks,offense,Aleks Jajic,play-by-play,False,,0.0,not located,
2025-12-30|477|5 Cooper Nailor > Non Possession > Non Shooting Foul,477,2025-12-30,Coe Kohawks,offense,Cooper Nailor,play-by-play,False,,0.0,not located,
2025-12-30|477|5 Cooper Nailor > Non Possession > Non Shooting Foul,477,2025-12-30,Coe Kohawks,offense,Deuce Walters,play-by-play,False,,0.0,not located,
2025-12-30|477|5 Cooper Nailor > Non Possession > Non Shooting Foul,477,2025-12-30,Coe Kohawks,offense,Jackson Newell,play-by-play,False,,0.0,not located,
2025-12-30|477|5 Cooper Nailor > Non Possession > Non Shooting Foul,477,2025-12-30,Coe Kohawks,offense,Ryan Dolphin,play-by-play,False,,0.0,not located,
2025-12-30|477|5 Cooper Nailor > Non Possession > Non Shooting Foul,477,2025-12-30,UW-Whitewater,defense,Darius Chestnut,play-by-play,False,,0.0,not located,
2025-12-30|477|5 Cooper Nailor > Non Possession > Non Shooting Foul,477,2025-12-30,UW-Whitewater,defense,JR Lukenbill,play-by-play,False,,0.0,not located,
2025-12-30|477|5 Cooper Nailor > Non Possession > Non Shooting Foul,477,2025-12-30,UW-Whitewater,defense,Jake Quast,play-by-play,False,,0.0,not located,
2025-12-30|477|5 Cooper Nailor > Non Possession > Non Shooting Foul,477,2025-12-30,UW-Whitewater,defense,Kelton McEwen,play-by-play,False,,0.0,not located,
2025-12-30|477|5 Cooper Nailor > Non Possession > Non Shooting Foul,477,2025-12-30,UW-Whitewater,defense,Tyshawn Teague-Johnson,play-by-play,False,,0.0,not located,
2025-12-30|478|35 Jackson Newell > Post-Up > Right Block > Left Shoulder > Dribble Move > To Drop Step > Make 2 Pts,478,2025-12-30,Coe Kohawks,offense,Aleks Jajic,play-by-play,False,,0.0,not located,
2025-12-30|478|35 Jackson Newell > Post-Up > Right Block > Left Shoulder > Dribble Move > To Drop Step > Make 2 Pts,478,2025-12-30,Coe Kohawks,offense,Cooper Nailor,play-by-play,False,,0.0,not located,
2025-12-30|478|35 Jackson Newell > Post-Up > Right Block > Left Shoulder > Dribble Move > To Drop Step > Make 2 Pts,478,2025-12-30,Coe Kohawks,offense,Deuce Walters,play-by-play,False,,0.0,not located,
2025-12-30|478|35 Jackson Newell > Post-Up > Right Block > Left Shoulder > Dribble Move > To Drop Step > Make 2 Pts,478,2025-12-30,Coe Kohawks,offense,Jackson Newell,play-by-play,False,,0.0,not located,
2025-12-30|478|35 Jackson Newell > Post-Up > Right Block > Left Shoulder > Dribble Move > To Drop Step > Make 2 Pts,478,2025-12-30,Coe Kohawks,offense,Ryan Dolphin,play-by-play,False,,0.0,not located,
2025-12-30|478|35 Jackson Newell > Post-Up > Right Block > Left Shoulder > Dribble Move > To Drop Step > Make 2 Pts,478,2025-12-30,UW-Whitewater,defense,Darius Chestnut,play-by-play,False,,0.0,not located,
2025-12-30|478|35 Jackson Newell > Post-Up > Right Block > Left Shoulder > Dribble Move > To Drop Step > Make 2 Pts,478,2025-12-30,UW-Whitewater,defense,JR Lukenbill,play-by-play,False,,0.0,not located,
2025-12-30|478|35 Jackson Newell > Post-Up > Right Block > Left Shoulder > Dribble Move > To Drop Step > Make 2 Pts,478,2025-12-30,UW-Whitewater,defense,Jake Quast,play-by-play,False,,0.0,not located,
2025-12-30|478|35 Jackson Newell > Post-Up > Right Block > Left Shoulder > Dribble Move > To Drop Step > Make 2 Pts,478,2025-12-30,UW-Whitewater,defense,Kelton McEwen,play-by-play,False,,0.0,not located,
2025-12-30|478|35 Jackson Newell > Post-Up > Right Block > Left Shoulder > Dribble Move > To Drop Step > Make 2 Pts,478,2025-12-30,UW-Whitewater,defense,Tyshawn Teague-Johnson,play-by-play,False,,0.0,not located,
2025-12-30|479|12 Jake Quast > Post-Up > Right Block > Left Shoulder > Dribble Move > Defense Commits > Turnover,479,2025-12-30,UW-Whitewater,offense,Darius Chestnut,play-by-play,False,,0.0,not located,
2025-12-30|479|12 Jake Quast > Post-Up > Right Block > Left Shoulder > Dribble Move > Defense Commits > Turnover,479,2025-12-30,UW-Whitewater,offense,JR Lukenbill,play-by-play,False,,0.0,not located,
2025-12-30|479|12 Jake Quast > Post-Up > Right Block > Left Shoulder > Dribble Move > Defense Commits > Turnover,479,2025-12-30,UW-Whitewater,offense,Jake Quast,play-by-play,False,,0.0,not located,
2025-12-30|479|12 Jake Quast > Post-Up > Right Block > Left Shoulder > Dribble Move > Defense Commits > Turnover,479,2025-12-30,UW-Whitewater,offense,Kelton McEwen,play-by-play,False,,0.0,not located,
2025-12-30|479|12 Jake Quast > Post-Up > Right Block > Left Shoulder > Dribble Move > Defense Commits > Turnover,479,2025-12-30,UW-Whitewater,offense,Tyshawn Teague-Johnson,play-by-play,False,,0.0,not located,
2025-12-30|479|12 Jake Quast > Post-Up > Right Block > Left Shoulder > Dribble Move > Defense Commits > Turnover,479,2025-12-30,Coe Kohawks,defense,Aleks Jajic,play-by-play,False,,0.0,not located,
2025-12-30|479|12 Jake Quast > Post-Up > Right Block > Left Shoulder > Dribble Move > Defense Commits > Turnover,479,2025-12-30,Coe Kohawks,defense,Cooper Nailor,play-by-play,False,,0.0,not located,
2025-12-30|479|12 Jake Quast > Post-Up > Right Block > Left Shoulder > Dribble Move > Defense Commits > Turnover,479,2025-12-30,Coe Kohawks,defense,Deuce Walters,play-by-play,False,,0.0,not located,
2025-12-30|479|12 Jake Quast > Post-Up > Right Block > Left Shoulder > Dribble Move > Defense Commits > Turnover,479,2025-12-30,Coe Kohawks,defense,Jackson Newell,play-by-play,False,,0.0,not located,
2025-12-30|479|12 Jake Quast > Post-Up > Right Block > Left Shoulder > Dribble Move > Defense Commits > Turnover,479,2025-12-30,Coe Kohawks,defense,Ryan Dolphin,play-by-play,False,,0.0,not located,
2025-12-30|480|2 Ryan Dolphin > Transition > Trailer > No Dribble Jumper > Guarded > Long/3pt > Miss 3 Pts,480,2025-12-30,Coe Kohawks,offense,Aleks Jajic,play-by-play,False,,0.0,not located,
2025-12-30|480|2 Ryan Dolphin > Transition > Trailer > No Dribble Jumper > Guarded > Long/3pt > Miss 3 Pts,480,2025-12-30,Coe Kohawks,offense,Cooper Nailor,play-by-play,False,,0.0,not located,
2025-12-30|480|2 Ryan Dolphin > Transition > Trailer > No Dribble Jumper > Guarded > Long/3pt > Miss 3 Pts,480,2025-12-30,Coe Kohawks,offense,Deuce Walters,play-by-play,False,,0.0,not located,
2025-12-30|480|2 Ryan Dolphin > Transition > Trailer > No Dribble Jumper > Guarded > Long/3pt > Miss 3 Pts,480,2025-12-30,Coe Kohawks,offense,Jackson Newell,play-by-play,True,24,6.8,coach checked,0.99
2025-12-30|480|2 Ryan Dolphin > Transition > Trailer > No Dribble Jumper > Guarded > Long/3pt > Miss 3 Pts,480,2025-12-30,Coe Kohawks,offense,Ryan Dolphin,play-by-play,False,,0.0,not located,
2025-12-30|480|2 Ryan Dolphin > Transition > Trailer > No Dribble Jumper > Guarded > Long/3pt > Miss 3 Pts,480,2025-12-30,UW-Whitewater,defense,Darius Chestnut,play-by-play,True,23;33;56,16.2,best guess;coach checked,0.99
2025-12-30|480|2 Ryan Dolphin > Transition > Trailer > No Dribble Jumper > Guarded > Long/3pt > Miss 3 Pts,480,2025-12-30,UW-Whitewater,defense,JR Lukenbill,play-by-play,True,7;42,27.5,best guess,0.46
2025-12-30|480|2 Ryan Dolphin > Transition > Trailer > No Dribble Jumper > Guarded > Long/3pt > Miss 3 Pts,480,2025-12-30,UW-Whitewater,defense,Jake Quast,play-by-play,True,21,4.0,coach checked,0.99
2025-12-30|480|2 Ryan Dolphin > Transition > Trailer > No Dribble Jumper > Guarded > Long/3pt > Miss 3 Pts,480,2025-12-30,UW-Whitewater,defense,Kelton McEwen,play-by-play,True,3;39,18.8,best guess,0.46
2025-12-30|480|2 Ryan Dolphin > Transition > Trailer > No Dribble Jumper > Guarded > Long/3pt > Miss 3 Pts,480,2025-12-30,UW-Whitewater,defense,Tyshawn Teague-Johnson,play-by-play,True,9,5.5,coach checked,0.99
2025-12-30|481|4 Deuce Walters > Off Screen > To Shooter's Left > Straight > Dribble Jumper > Medium/17' to <3p > Miss 2 Pts,481,2025-12-30,Coe Kohawks,offense,Aleks Jajic,play-by-play,False,,0.0,not located,
2025-12-30|481|4 Deuce Walters > Off Screen > To Shooter's Left > Straight > Dribble Jumper > Medium/17' to <3p > Miss 2 Pts,481,2025-12-30,Coe Kohawks,offense,Cooper Nailor,play-by-play,False,,0.0,not located,
2025-12-30|481|4 Deuce Walters > Off Screen > To Shooter's Left > Straight > Dribble Jumper > Medium/17' to <3p > Miss 2 Pts,481,2025-12-30,Coe Kohawks,offense,Deuce Walters,play-by-play,False,,0.0,not located,
2025-12-30|481|4 Deuce Walters > Off Screen > To Shooter's Left > Straight > Dribble Jumper > Medium/17' to <3p > Miss 2 Pts,481,2025-12-30,Coe Kohawks,offense,Jackson Newell,play-by-play,False,,0.0,not located,
2025-12-30|481|4 Deuce Walters > Off Screen > To Shooter's Left > Straight > Dribble Jumper > Medium/17' to <3p > Miss 2 Pts,481,2025-12-30,Coe Kohawks,offense,Ryan Dolphin,play-by-play,False,,0.0,not located,
2025-12-30|481|4 Deuce Walters > Off Screen > To Shooter's Left > Straight > Dribble Jumper > Medium/17' to <3p > Miss 2 Pts,481,2025-12-30,UW-Whitewater,defense,Darius Chestnut,play-by-play,False,,0.0,not located,
2025-12-30|481|4 Deuce Walters > Off Screen > To Shooter's Left > Straight > Dribble Jumper > Medium/17' to <3p > Miss 2 Pts,481,2025-12-30,UW-Whitewater,defense,JR Lukenbill,play-by-play,False,,0.0,not located,
2025-12-30|481|4 Deuce Walters > Off Screen > To Shooter's Left > Straight > Dribble Jumper > Medium/17' to <3p > Miss 2 Pts,481,2025-12-30,UW-Whitewater,defense,Jake Quast,play-by-play,False,,0.0,not located,
2025-12-30|481|4 Deuce Walters > Off Screen > To Shooter's Left > Straight > Dribble Jumper > Medium/17' to <3p > Miss 2 Pts,481,2025-12-30,UW-Whitewater,defense,Kelton McEwen,play-by-play,False,,0.0,not located,
2025-12-30|481|4 Deuce Walters > Off Screen > To Shooter's Left > Straight > Dribble Jumper > Medium/17' to <3p > Miss 2 Pts,481,2025-12-30,UW-Whitewater,defense,Tyshawn Teague-Johnson,play-by-play,False,,0.0,not located,
2025-12-30|482|12 Jake Quast > Spot-Up > No Dribble Jumper > Guarded > Long/3pt > Miss 3 Pts,482,2025-12-30,UW-Whitewater,offense,Darius Chestnut,play-by-play,False,,0.0,not located,
2025-12-30|482|12 Jake Quast > Spot-Up > No Dribble Jumper > Guarded > Long/3pt > Miss 3 Pts,482,2025-12-30,UW-Whitewater,offense,JR Lukenbill,play-by-play,False,,0.0,not located,
2025-12-30|482|12 Jake Quast > Spot-Up > No Dribble Jumper > Guarded > Long/3pt > Miss 3 Pts,482,2025-12-30,UW-Whitewater,offense,Jake Quast,play-by-play,False,,0.0,not located,
2025-12-30|482|12 Jake Quast > Spot-Up > No Dribble Jumper > Guarded > Long/3pt > Miss 3 Pts,482,2025-12-30,UW-Whitewater,offense,Kelton McEwen,play-by-play,False,,0.0,not located,
2025-12-30|482|12 Jake Quast > Spot-Up > No Dribble Jumper > Guarded > Long/3pt > Miss 3 Pts,482,2025-12-30,UW-Whitewater,offense,Tyshawn Teague-Johnson,play-by-play,False,,0.0,not located,
2025-12-30|482|12 Jake Quast > Spot-Up > No Dribble Jumper > Guarded > Long/3pt > Miss 3 Pts,482,2025-12-30,Coe Kohawks,defense,Aleks Jajic,play-by-play,True,1,10.0,best guess,0.31
2025-12-30|482|12 Jake Quast > Spot-Up > No Dribble Jumper > Guarded > Long/3pt > Miss 3 Pts,482,2025-12-30,Coe Kohawks,defense,Cooper Nailor,play-by-play,True,44,4.5,best guess,0.31
2025-12-30|482|12 Jake Quast > Spot-Up > No Dribble Jumper > Guarded > Long/3pt > Miss 3 Pts,482,2025-12-30,Coe Kohawks,defense,Deuce Walters,play-by-play,True,49,3.0,linked possession,0.95
2025-12-30|482|12 Jake Quast > Spot-Up > No Dribble Jumper > Guarded > Long/3pt > Miss 3 Pts,482,2025-12-30,Coe Kohawks,defense,Jackson Newell,play-by-play,True,11,7.0,best guess,0.31
2025-12-30|482|12 Jake Quast > Spot-Up > No Dribble Jumper > Guarded > Long/3pt > Miss 3 Pts,482,2025-12-30,Coe Kohawks,defense,Ryan Dolphin,play-by-play,True,8,9.0,linked possession,0.95
2025-12-30|483|2 Ryan Dolphin > P&R Ball Handler > High P&R > Dribble Off Pick > Defense Commits > Turnover,483,2025-12-30,Coe Kohawks,offense,Aleks Jajic,play-by-play,True,1;32;71,19.2,best guess,0.31
2025-12-30|483|2 Ryan Dolphin > P&R Ball Handler > High P&R > Dribble Off Pick > Defense Commits > Turnover,483,2025-12-30,Coe Kohawks,offense,Cooper Nailor,play-by-play,True,7;33;57,21.8,best guess,0.31
2025-12-30|483|2 Ryan Dolphin > P&R Ball Handler > High P&R > Dribble Off Pick > Defense Commits > Turnover,483,2025-12-30,Coe Kohawks,offense,Deuce Walters,play-by-play,True,2;38;93,12.5,best guess;coach checked,0.95
2025-12-30|483|2 Ryan Dolphin > P&R Ball Handler > High P&R > Dribble Off Pick > Defense Commits > Turnover,483,2025-12-30,Coe Kohawks,offense,Jackson Newell,play-by-play,True,56,14.0,coach checked,0.99
2025-12-30|483|2 Ryan Dolphin > P&R Ball Handler > High P&R > Dribble Off Pick > Defense Commits > Turnover,483,2025-12-30,Coe Kohawks,offense,Ryan Dolphin,play-by-play,True,5;82;94,18.8,coach checked;followed player,0.95
2025-12-30|483|2 Ryan Dolphin > P&R Ball Handler > High P&R > Dribble Off Pick > Defense Commits > Turnover,483,2025-12-30,UW-Whitewater,defense,Darius Chestnut,play-by-play,True,36,16.5,best guess,0.46
2025-12-30|483|2 Ryan Dolphin > P&R Ball Handler > High P&R > Dribble Off Pick > Defense Commits > Turnover,483,2025-12-30,UW-Whitewater,defense,JR Lukenbill,play-by-play,True,8;52,16.5,best guess;coach checked,0.99
2025-12-30|483|2 Ryan Dolphin > P&R Ball Handler > High P&R > Dribble Off Pick > Defense Commits > Turnover,483,2025-12-30,UW-Whitewater,defense,Jake Quast,play-by-play,True,37,15.8,best guess,0.46
2025-12-30|483|2 Ryan Dolphin > P&R Ball Handler > High P&R > Dribble Off Pick > Defense Commits > Turnover,483,2025-12-30,UW-Whitewater,defense,Kelton McEwen,play-by-play,True,35;51,15.0,coach checked;followed player,0.99
2025-12-30|483|2 Ryan Dolphin > P&R Ball Handler > High P&R > Dribble Off Pick > Defense Commits > Turnover,483,2025-12-30,UW-Whitewater,defense,Tyshawn Teague-Johnson,play-by-play,True,50;55,16.5,coach checked;followed player,0.99
2025-12-30|484|2 Kelton Mcewen > Transition > Right Wing > No Dribble Jumper > Guarded > Long/3pt > Miss 3 Pts,484,2025-12-30,UW-Whitewater,offense,Darius Chestnut,play-by-play,False,,0.0,not located,
2025-12-30|484|2 Kelton Mcewen > Transition > Right Wing > No Dribble Jumper > Guarded > Long/3pt > Miss 3 Pts,484,2025-12-30,UW-Whitewater,offense,JR Lukenbill,play-by-play,False,,0.0,not located,
2025-12-30|484|2 Kelton Mcewen > Transition > Right Wing > No Dribble Jumper > Guarded > Long/3pt > Miss 3 Pts,484,2025-12-30,UW-Whitewater,offense,Jake Quast,play-by-play,False,,0.0,not located,
2025-12-30|484|2 Kelton Mcewen > Transition > Right Wing > No Dribble Jumper > Guarded > Long/3pt > Miss 3 Pts,484,2025-12-30,UW-Whitewater,offense,Kelton McEwen,play-by-play,False,,0.0,not located,
2025-12-30|484|2 Kelton Mcewen > Transition > Right Wing > No Dribble Jumper > Guarded > Long/3pt > Miss 3 Pts,484,2025-12-30,UW-Whitewater,offense,Tyshawn Teague-Johnson,play-by-play,False,,0.0,not located,
2025-12-30|484|2 Kelton Mcewen > Transition > Right Wing > No Dribble Jumper > Guarded > Long/3pt > Miss 3 Pts,484,2025-12-30,Coe Kohawks,defense,Aleks Jajic,play-by-play,False,,0.0,not located,
2025-12-30|484|2 Kelton Mcewen > Transition > Right Wing > No Dribble Jumper > Guarded > Long/3pt > Miss 3 Pts,484,2025-12-30,Coe Kohawks,defense,Cooper Nailor,play-by-play,False,,0.0,not located,
2025-12-30|484|2 Kelton Mcewen > Transition > Right Wing > No Dribble Jumper > Guarded > Long/3pt > Miss 3 Pts,484,2025-12-30,Coe Kohawks,defense,Deuce Walters,play-by-play,False,,0.0,not located,
2025-12-30|484|2 Kelton Mcewen > Transition > Right Wing > No Dribble Jumper > Guarded > Long/3pt > Miss 3 Pts,484,2025-12-30,Coe Kohawks,defense,Jackson Newell,play-by-play,False,,0.0,not located,
2025-12-30|484|2 Kelton Mcewen > Transition > Right Wing > No Dribble Jumper > Guarded > Long/3pt > Miss 3 Pts,484,2025-12-30,Coe Kohawks,defense,Ryan Dolphin,play-by-play,False,,0.0,not located,
2025-12-30|485|40 Tyshawn Teague-Johnson > Spot-Up > No Dribble Jumper > Guarded > Long/3pt > Make 3 Pts,485,2025-12-30,UW-Whitewater,offense,Darius Chestnut,play-by-play,False,,0.0,not located,
2025-12-30|485|40 Tyshawn Teague-Johnson > Spot-Up > No Dribble Jumper > Guarded > Long/3pt > Make 3 Pts,485,2025-12-30,UW-Whitewater,offense,JR Lukenbill,play-by-play,False,,0.0,not located,
2025-12-30|485|40 Tyshawn Teague-Johnson > Spot-Up > No Dribble Jumper > Guarded > Long/3pt > Make 3 Pts,485,2025-12-30,UW-Whitewater,offense,Jake Quast,play-by-play,False,,0.0,not located,
2025-12-30|485|40 Tyshawn Teague-Johnson > Spot-Up > No Dribble Jumper > Guarded > Long/3pt > Make 3 Pts,485,2025-12-30,UW-Whitewater,offense,Kelton McEwen,play-by-play,False,,0.0,not located,
2025-12-30|485|40 Tyshawn Teague-Johnson > Spot-Up > No Dribble Jumper > Guarded > Long/3pt > Make 3 Pts,485,2025-12-30,UW-Whitewater,offense,Tyshawn Teague-Johnson,play-by-play,False,,0.0,not located,
2025-12-30|485|40 Tyshawn Teague-Johnson > Spot-Up > No Dribble Jumper > Guarded > Long/3pt > Make 3 Pts,485,2025-12-30,Coe Kohawks,defense,Aleks Jajic,play-by-play,False,,0.0,not located,
2025-12-30|485|40 Tyshawn Teague-Johnson > Spot-Up > No Dribble Jumper > Guarded > Long/3pt > Make 3 Pts,485,2025-12-30,Coe Kohawks,defense,Cooper Nailor,play-by-play,False,,0.0,not located,
2025-12-30|485|40 Tyshawn Teague-Johnson > Spot-Up > No Dribble Jumper > Guarded > Long/3pt > Make 3 Pts,485,2025-12-30,Coe Kohawks,defense,Deuce Walters,play-by-play,False,,0.0,not located,
2025-12-30|485|40 Tyshawn Teague-Johnson > Spot-Up > No Dribble Jumper > Guarded > Long/3pt > Make 3 Pts,485,2025-12-30,Coe Kohawks,defense,Jackson Newell,play-by-play,False,,0.0,not located,
2025-12-30|485|40 Tyshawn Teague-Johnson > Spot-Up > No Dribble Jumper > Guarded > Long/3pt > Make 3 Pts,485,2025-12-30,Coe Kohawks,defense,Ryan Dolphin,play-by-play,False,,0.0,not located,
2025-12-30|486|4 Deuce Walters > Non Possession > No Violation,486,2025-12-30,Coe Kohawks,offense,Aleks Jajic,clips before/after (no clock),False,,0.0,not located,
2025-12-30|486|4 Deuce Walters > Non Possession > No Violation,486,2025-12-30,Coe Kohawks,offense,Cooper Nailor,clips before/after (no clock),False,,0.0,not located,
2025-12-30|486|4 Deuce Walters > Non Possession > No Violation,486,2025-12-30,Coe Kohawks,offense,Deuce Walters,clips before/after (no clock),False,,0.0,not located,
2025-12-30|486|4 Deuce Walters > Non Possession > No Violation,486,2025-12-30,Coe Kohawks,offense,Jackson Newell,clips before/after (no clock),False,,0.0,not located,
2025-12-30|486|4 Deuce Walters > Non Possession > No Violation,486,2025-12-30,Coe Kohawks,offense,Ryan Dolphin,clips before/after (no clock),False,,0.0,not located,
2025-12-30|486|4 Deuce Walters > Non Possession > No Violation,486,2025-12-30,UW-Whitewater,defense,Darius Chestnut,clips before/after (no clock),False,,0.0,not located,
2025-12-30|486|4 Deuce Walters > Non Possession > No Violation,486,2025-12-30,UW-Whitewater,defense,JR Lukenbill,clips before/after (no clock),False,,0.0,not located,
2025-12-30|486|4 Deuce Walters > Non Possession > No Violation,486,2025-12-30,UW-Whitewater,defense,Jake Quast,clips before/after (no clock),False,,0.0,not located,
2025-12-30|486|4 Deuce Walters > Non Possession > No Violation,486,2025-12-30,UW-Whitewater,defense,Kelton McEwen,clips before/after (no clock),False,,0.0,not located,
2025-12-30|486|4 Deuce Walters > Non Possession > No Violation,486,2025-12-30,UW-Whitewater,defense,Tyshawn Teague-Johnson,clips before/after (no clock),False,,0.0,not located,
2025-12-30|487|2 Ryan Dolphin > P&R Ball Handler > High P&R > Dribble Off Pick > Defense Commits > Ball Delivered > 5 Cooper Nailor > Spot-Up > Drives Right > To Basket > Miss 2 Pts,487,2025-12-30,Coe Kohawks,offense,Aleks Jajic,play-by-play,False,,0.0,not located,
2025-12-30|487|2 Ryan Dolphin > P&R Ball Handler > High P&R > Dribble Off Pick > Defense Commits > Ball Delivered > 5 Cooper Nailor > Spot-Up > Drives Right > To Basket > Miss 2 Pts,487,2025-12-30,Coe Kohawks,offense,Cooper Nailor,play-by-play,False,,0.0,not located,
2025-12-30|487|2 Ryan Dolphin > P&R Ball Handler > High P&R > Dribble Off Pick > Defense Commits > Ball Delivered > 5 Cooper Nailor > Spot-Up > Drives Right > To Basket > Miss 2 Pts,487,2025-12-30,Coe Kohawks,offense,Deuce Walters,play-by-play,False,,0.0,not located,
2025-12-30|487|2 Ryan Dolphin > P&R Ball Handler > High P&R > Dribble Off Pick > Defense Commits > Ball Delivered > 5 Cooper Nailor > Spot-Up > Drives Right > To Basket > Miss 2 Pts,487,2025-12-30,Coe Kohawks,offense,Jackson Newell,play-by-play,False,,0.0,not located,
2025-12-30|487|2 Ryan Dolphin > P&R Ball Handler > High P&R > Dribble Off Pick > Defense Commits > Ball Delivered > 5 Cooper Nailor > Spot-Up > Drives Right > To Basket > Miss 2 Pts,487,2025-12-30,Coe Kohawks,offense,Ryan Dolphin,play-by-play,True,24,11.0,Synergy,0.95
2025-12-30|487|2 Ryan Dolphin > P&R Ball Handler > High P&R > Dribble Off Pick > Defense Commits > Ball Delivered > 5 Cooper Nailor > Spot-Up > Drives Right > To Basket > Miss 2 Pts,487,2025-12-30,UW-Whitewater,defense,Darius Chestnut,play-by-play,False,,0.0,not located,
2025-12-30|487|2 Ryan Dolphin > P&R Ball Handler > High P&R > Dribble Off Pick > Defense Commits > Ball Delivered > 5 Cooper Nailor > Spot-Up > Drives Right > To Basket > Miss 2 Pts,487,2025-12-30,UW-Whitewater,defense,JR Lukenbill,play-by-play,False,,0.0,not located,
2025-12-30|487|2 Ryan Dolphin > P&R Ball Handler > High P&R > Dribble Off Pick > Defense Commits > Ball Delivered > 5 Cooper Nailor > Spot-Up > Drives Right > To Basket > Miss 2 Pts,487,2025-12-30,UW-Whitewater,defense,Jake Quast,play-by-play,False,,0.0,not located,
2025-12-30|487|2 Ryan Dolphin > P&R Ball Handler > High P&R > Dribble Off Pick > Defense Commits > Ball Delivered > 5 Cooper Nailor > Spot-Up > Drives Right > To Basket > Miss 2 Pts,487,2025-12-30,UW-Whitewater,defense,Kelton McEwen,play-by-play,False,,0.0,not located,
2025-12-30|487|2 Ryan Dolphin > P&R Ball Handler > High P&R > Dribble Off Pick > Defense Commits > Ball Delivered > 5 Cooper Nailor > Spot-Up > Drives Right > To Basket > Miss 2 Pts,487,2025-12-30,UW-Whitewater,defense,Tyshawn Teague-Johnson,play-by-play,False,,0.0,not located,
2025-12-30|488|35 Jackson Newell > Offensive Rebound > Short > Scoring Attempt > At Basket > Make 2 Pts,488,2025-12-30,Coe Kohawks,offense,Aleks Jajic,play-by-play,False,,0.0,not located,
2025-12-30|488|35 Jackson Newell > Offensive Rebound > Short > Scoring Attempt > At Basket > Make 2 Pts,488,2025-12-30,Coe Kohawks,offense,Cooper Nailor,play-by-play,False,,0.0,not located,
2025-12-30|488|35 Jackson Newell > Offensive Rebound > Short > Scoring Attempt > At Basket > Make 2 Pts,488,2025-12-30,Coe Kohawks,offense,Deuce Walters,play-by-play,False,,0.0,not located,
2025-12-30|488|35 Jackson Newell > Offensive Rebound > Short > Scoring Attempt > At Basket > Make 2 Pts,488,2025-12-30,Coe Kohawks,offense,Jackson Newell,play-by-play,False,,0.0,not located,
2025-12-30|488|35 Jackson Newell > Offensive Rebound > Short > Scoring Attempt > At Basket > Make 2 Pts,488,2025-12-30,Coe Kohawks,offense,Ryan Dolphin,play-by-play,False,,0.0,not located,
2025-12-30|488|35 Jackson Newell > Offensive Rebound > Short > Scoring Attempt > At Basket > Make 2 Pts,488,2025-12-30,UW-Whitewater,defense,Darius Chestnut,play-by-play,False,,0.0,not located,
2025-12-30|488|35 Jackson Newell > Offensive Rebound > Short > Scoring Attempt > At Basket > Make 2 Pts,488,2025-12-30,UW-Whitewater,defense,JR Lukenbill,play-by-play,False,,0.0,not located,
2025-12-30|488|35 Jackson Newell > Offensive Rebound > Short > Scoring Attempt > At Basket > Make 2 Pts,488,2025-12-30,UW-Whitewater,defense,Jake Quast,play-by-play,False,,0.0,not located,
2025-12-30|488|35 Jackson Newell > Offensive Rebound > Short > Scoring Attempt > At Basket > Make 2 Pts,488,2025-12-30,UW-Whitewater,defense,Kelton McEwen,play-by-play,False,,0.0,not located,
2025-12-30|488|35 Jackson Newell > Offensive Rebound > Short > Scoring Attempt > At Basket > Make 2 Pts,488,2025-12-30,UW-Whitewater,defense,Tyshawn Teague-Johnson,play-by-play,False,,0.0,not located,
2025-12-30|489|40 Tyshawn Teague-Johnson > Cut > Flash > Make 2 Pts,489,2025-12-30,UW-Whitewater,offense,Darius Chestnut,play-by-play,False,,0.0,not located,
2025-12-30|489|40 Tyshawn Teague-Johnson > Cut > Flash > Make 2 Pts,489,2025-12-30,UW-Whitewater,offense,JR Lukenbill,play-by-play,False,,0.0,not located,
2025-12-30|489|40 Tyshawn Teague-Johnson > Cut > Flash > Make 2 Pts,489,2025-12-30,UW-Whitewater,offense,Jake Quast,play-by-play,False,,0.0,not located,
2025-12-30|489|40 Tyshawn Teague-Johnson > Cut > Flash > Make 2 Pts,489,2025-12-30,UW-Whitewater,offense,Kelton McEwen,play-by-play,False,,0.0,not located,
2025-12-30|489|40 Tyshawn Teague-Johnson > Cut > Flash > Make 2 Pts,489,2025-12-30,UW-Whitewater,offense,Tyshawn Teague-Johnson,play-by-play,False,,0.0,not located,
2025-12-30|489|40 Tyshawn Teague-Johnson > Cut > Flash > Make 2 Pts,489,2025-12-30,Coe Kohawks,defense,Aleks Jajic,play-by-play,False,,0.0,not located,
2025-12-30|489|40 Tyshawn Teague-Johnson > Cut > Flash > Make 2 Pts,489,2025-12-30,Coe Kohawks,defense,Cooper Nailor,play-by-play,False,,0.0,not located,
2025-12-30|489|40 Tyshawn Teague-Johnson > Cut > Flash > Make 2 Pts,489,2025-12-30,Coe Kohawks,defense,Deuce Walters,play-by-play,False,,0.0,not located,
2025-12-30|489|40 Tyshawn Teague-Johnson > Cut > Flash > Make 2 Pts,489,2025-12-30,Coe Kohawks,defense,Jackson Newell,play-by-play,False,,0.0,not located,
2025-12-30|489|40 Tyshawn Teague-Johnson > Cut > Flash > Make 2 Pts,489,2025-12-30,Coe Kohawks,defense,Ryan Dolphin,play-by-play,False,,0.0,not located,
2025-12-30|490|2 Ryan Dolphin > No Play Type > Turnover,490,2025-12-30,Coe Kohawks,offense,Aleks Jajic,play-by-play,False,,0.0,not located,
2025-12-30|490|2 Ryan Dolphin > No Play Type > Turnover,490,2025-12-30,Coe Kohawks,offense,Cooper Nailor,play-by-play,False,,0.0,not located,
2025-12-30|490|2 Ryan Dolphin > No Play Type > Turnover,490,2025-12-30,Coe Kohawks,offense,Deuce Walters,play-by-play,False,,0.0,not located,
2025-12-30|490|2 Ryan Dolphin > No Play Type > Turnover,490,2025-12-30,Coe Kohawks,offense,Jackson Newell,play-by-play,False,,0.0,not located,
2025-12-30|490|2 Ryan Dolphin > No Play Type > Turnover,490,2025-12-30,Coe Kohawks,offense,Ryan Dolphin,play-by-play,False,,0.0,not located,
2025-12-30|490|2 Ryan Dolphin > No Play Type > Turnover,490,2025-12-30,UW-Whitewater,defense,Darius Chestnut,play-by-play,False,,0.0,not located,
2025-12-30|490|2 Ryan Dolphin > No Play Type > Turnover,490,2025-12-30,UW-Whitewater,defense,JR Lukenbill,play-by-play,False,,0.0,not located,
2025-12-30|490|2 Ryan Dolphin > No Play Type > Turnover,490,2025-12-30,UW-Whitewater,defense,Jake Quast,play-by-play,False,,0.0,not located,
2025-12-30|490|2 Ryan Dolphin > No Play Type > Turnover,490,2025-12-30,UW-Whitewater,defense,Kelton McEwen,play-by-play,False,,0.0,not located,
2025-12-30|490|2 Ryan Dolphin > No Play Type > Turnover,490,2025-12-30,UW-Whitewater,defense,Tyshawn Teague-Johnson,play-by-play,False,,0.0,not located,
2025-12-30|491|12 Jake Quast > Spot-Up > Drives Left > To Basket > Make 2 Pts,491,2025-12-30,UW-Whitewater,offense,Darius Chestnut,play-by-play,False,,0.0,not located,
2025-12-30|491|12 Jake Quast > Spot-Up > Drives Left > To Basket > Make 2 Pts,491,2025-12-30,UW-Whitewater,offense,JR Lukenbill,play-by-play,False,,0.0,not located,
2025-12-30|491|12 Jake Quast > Spot-Up > Drives Left > To Basket > Make 2 Pts,491,2025-12-30,UW-Whitewater,offense,Jake Quast,play-by-play,False,,0.0,not located,
2025-12-30|491|12 Jake Quast > Spot-Up > Drives Left > To Basket > Make 2 Pts,491,2025-12-30,UW-Whitewater,offense,Kelton McEwen,play-by-play,False,,0.0,not located,
2025-12-30|491|12 Jake Quast > Spot-Up > Drives Left > To Basket > Make 2 Pts,491,2025-12-30,UW-Whitewater,offense,Tyshawn Teague-Johnson,play-by-play,False,,0.0,not located,
2025-12-30|491|12 Jake Quast > Spot-Up > Drives Left > To Basket > Make 2 Pts,491,2025-12-30,Coe Kohawks,defense,Aleks Jajic,play-by-play,False,,0.0,not located,
2025-12-30|491|12 Jake Quast > Spot-Up > Drives Left > To Basket > Make 2 Pts,491,2025-12-30,Coe Kohawks,defense,Cooper Nailor,play-by-play,False,,0.0,not located,
2025-12-30|491|12 Jake Quast > Spot-Up > Drives Left > To Basket > Make 2 Pts,491,2025-12-30,Coe Kohawks,defense,Deuce Walters,play-by-play,False,,0.0,not located,
2025-12-30|491|12 Jake Quast > Spot-Up > Drives Left > To Basket > Make 2 Pts,491,2025-12-30,Coe Kohawks,defense,Kanyon Bryte,play-by-play,False,,0.0,not located,
2025-12-30|491|12 Jake Quast > Spot-Up > Drives Left > To Basket > Make 2 Pts,491,2025-12-30,Coe Kohawks,defense,Ryan Dolphin,play-by-play,False,,0.0,not located,
2025-12-30|492|2 Ryan Dolphin > Non Possession > Non Shooting Foul,492,2025-12-30,UW-Whitewater,defense,Darius Chestnut,clips before/after (no clock),False,,0.0,not located,
2025-12-30|492|2 Ryan Dolphin > Non Possession > Non Shooting Foul,492,2025-12-30,UW-Whitewater,defense,JR Lukenbill,clips before/after (no clock),False,,0.0,not located,
2025-12-30|492|2 Ryan Dolphin > Non Possession > Non Shooting Foul,492,2025-12-30,UW-Whitewater,defense,Jake Quast,clips before/after (no clock),False,,0.0,not located,
2025-12-30|492|2 Ryan Dolphin > Non Possession > Non Shooting Foul,492,2025-12-30,UW-Whitewater,defense,Kelton McEwen,clips before/after (no clock),False,,0.0,not located,
2025-12-30|492|2 Ryan Dolphin > Non Possession > Non Shooting Foul,492,2025-12-30,UW-Whitewater,defense,Tyshawn Teague-Johnson,clips before/after (no clock),False,,0.0,not located,
2025-12-30|493|5 Cooper Nailor > P&R Ball Handler > High P&R > Dribble Off Pick > Defense Commits > Ball Delivered > 34 Kanyon Bryte > Cut > Basket > Foul,493,2025-12-30,Coe Kohawks,offense,Cooper Nailor,play-by-play,True,7,12.5,Synergy,0.95
2025-12-30|493|5 Cooper Nailor > P&R Ball Handler > High P&R > Dribble Off Pick > Defense Commits > Ball Delivered > 34 Kanyon Bryte > Cut > Basket > Foul,493,2025-12-30,Coe Kohawks,offense,Deuce Walters,play-by-play,True,24;73,22.8,best guess,0.31
2025-12-30|493|5 Cooper Nailor > P&R Ball Handler > High P&R > Dribble Off Pick > Defense Commits > Ball Delivered > 34 Kanyon Bryte > Cut > Basket > Foul,493,2025-12-30,Coe Kohawks,offense,Jackson Bowman,play-by-play,True,14;56,23.0,best guess,0.31
2025-12-30|493|5 Cooper Nailor > P&R Ball Handler > High P&R > Dribble Off Pick > Defense Commits > Ball Delivered > 34 Kanyon Bryte > Cut > Basket > Foul,493,2025-12-30,Coe Kohawks,offense,Kanyon Bryte,play-by-play,True,47,4.2,Synergy,0.95
2025-12-30|493|5 Cooper Nailor > P&R Ball Handler > High P&R > Dribble Off Pick > Defense Commits > Ball Delivered > 34 Kanyon Bryte > Cut > Basket > Foul,493,2025-12-30,Coe Kohawks,offense,Ryan Dolphin,play-by-play,True,4,18.8,best guess,0.31
2025-12-30|493|5 Cooper Nailor > P&R Ball Handler > High P&R > Dribble Off Pick > Defense Commits > Ball Delivered > 34 Kanyon Bryte > Cut > Basket > Foul,493,2025-12-30,UW-Whitewater,defense,Darius Chestnut,play-by-play,False,,0.0,not located,
2025-12-30|493|5 Cooper Nailor > P&R Ball Handler > High P&R > Dribble Off Pick > Defense Commits > Ball Delivered > 34 Kanyon Bryte > Cut > Basket > Foul,493,2025-12-30,UW-Whitewater,defense,JR Lukenbill,play-by-play,False,,0.0,not located,
2025-12-30|493|5 Cooper Nailor > P&R Ball Handler > High P&R > Dribble Off Pick > Defense Commits > Ball Delivered > 34 Kanyon Bryte > Cut > Basket > Foul,493,2025-12-30,UW-Whitewater,defense,Jake Quast,play-by-play,False,,0.0,not located,
2025-12-30|493|5 Cooper Nailor > P&R Ball Handler > High P&R > Dribble Off Pick > Defense Commits > Ball Delivered > 34 Kanyon Bryte > Cut > Basket > Foul,493,2025-12-30,UW-Whitewater,defense,Kelton McEwen,play-by-play,False,,0.0,not located,
2025-12-30|493|5 Cooper Nailor > P&R Ball Handler > High P&R > Dribble Off Pick > Defense Commits > Ball Delivered > 34 Kanyon Bryte > Cut > Basket > Foul,493,2025-12-30,UW-Whitewater,defense,Tyshawn Teague-Johnson,play-by-play,False,,0.0,not located,
2025-12-30|496|40 Tyshawn Teague-Johnson > ISO > Right > Early Jumper > Dribble Jumper > Long/3pt > Miss 3 Pts,496,2025-12-30,UW-Whitewater,offense,Darius Chestnut,play-by-play,False,,0.0,not located,
2025-12-30|496|40 Tyshawn Teague-Johnson > ISO > Right > Early Jumper > Dribble Jumper > Long/3pt > Miss 3 Pts,496,2025-12-30,UW-Whitewater,offense,JR Lukenbill,play-by-play,False,,0.0,not located,
2025-12-30|496|40 Tyshawn Teague-Johnson > ISO > Right > Early Jumper > Dribble Jumper > Long/3pt > Miss 3 Pts,496,2025-12-30,UW-Whitewater,offense,Jake Quast,play-by-play,False,,0.0,not located,
2025-12-30|496|40 Tyshawn Teague-Johnson > ISO > Right > Early Jumper > Dribble Jumper > Long/3pt > Miss 3 Pts,496,2025-12-30,UW-Whitewater,offense,Kelton McEwen,play-by-play,False,,0.0,not located,
2025-12-30|496|40 Tyshawn Teague-Johnson > ISO > Right > Early Jumper > Dribble Jumper > Long/3pt > Miss 3 Pts,496,2025-12-30,UW-Whitewater,offense,Tyshawn Teague-Johnson,play-by-play,False,,0.0,not located,
2025-12-30|496|40 Tyshawn Teague-Johnson > ISO > Right > Early Jumper > Dribble Jumper > Long/3pt > Miss 3 Pts,496,2025-12-30,Coe Kohawks,defense,Cooper Nailor,play-by-play,False,,0.0,not located,
2025-12-30|496|40 Tyshawn Teague-Johnson > ISO > Right > Early Jumper > Dribble Jumper > Long/3pt > Miss 3 Pts,496,2025-12-30,Coe Kohawks,defense,Deuce Walters,play-by-play,False,,0.0,not located,
2025-12-30|496|40 Tyshawn Teague-Johnson > ISO > Right > Early Jumper > Dribble Jumper > Long/3pt > Miss 3 Pts,496,2025-12-30,Coe Kohawks,defense,Jackson Bowman,play-by-play,False,,0.0,not located,
2025-12-30|496|40 Tyshawn Teague-Johnson > ISO > Right > Early Jumper > Dribble Jumper > Long/3pt > Miss 3 Pts,496,2025-12-30,Coe Kohawks,defense,Kanyon Bryte,play-by-play,False,,0.0,not located,
2025-12-30|496|40 Tyshawn Teague-Johnson > ISO > Right > Early Jumper > Dribble Jumper > Long/3pt > Miss 3 Pts,496,2025-12-30,Coe Kohawks,defense,Ryan Dolphin,play-by-play,False,,0.0,not located,
2025-12-30|497|2 Kelton Mcewen > Spot-Up > No Dribble Jumper > Guarded > Long/3pt > Miss 3 Pts,497,2025-12-30,UW-Whitewater,offense,Darius Chestnut,play-by-play,False,,0.0,not located,
2025-12-30|497|2 Kelton Mcewen > Spot-Up > No Dribble Jumper > Guarded > Long/3pt > Miss 3 Pts,497,2025-12-30,UW-Whitewater,offense,JR Lukenbill,play-by-play,False,,0.0,not located,
2025-12-30|497|2 Kelton Mcewen > Spot-Up > No Dribble Jumper > Guarded > Long/3pt > Miss 3 Pts,497,2025-12-30,UW-Whitewater,offense,Jake Quast,play-by-play,False,,0.0,not located,
2025-12-30|497|2 Kelton Mcewen > Spot-Up > No Dribble Jumper > Guarded > Long/3pt > Miss 3 Pts,497,2025-12-30,UW-Whitewater,offense,Kelton McEwen,play-by-play,False,,0.0,not located,
2025-12-30|497|2 Kelton Mcewen > Spot-Up > No Dribble Jumper > Guarded > Long/3pt > Miss 3 Pts,497,2025-12-30,UW-Whitewater,offense,Tyshawn Teague-Johnson,play-by-play,False,,0.0,not located,
2025-12-30|497|2 Kelton Mcewen > Spot-Up > No Dribble Jumper > Guarded > Long/3pt > Miss 3 Pts,497,2025-12-30,Coe Kohawks,defense,Cooper Nailor,play-by-play,False,,0.0,not located,
2025-12-30|497|2 Kelton Mcewen > Spot-Up > No Dribble Jumper > Guarded > Long/3pt > Miss 3 Pts,497,2025-12-30,Coe Kohawks,defense,Deuce Walters,play-by-play,False,,0.0,not located,
2025-12-30|497|2 Kelton Mcewen > Spot-Up > No Dribble Jumper > Guarded > Long/3pt > Miss 3 Pts,497,2025-12-30,Coe Kohawks,defense,Jackson Bowman,play-by-play,False,,0.0,not located,
2025-12-30|497|2 Kelton Mcewen > Spot-Up > No Dribble Jumper > Guarded > Long/3pt > Miss 3 Pts,497,2025-12-30,Coe Kohawks,defense,Kanyon Bryte,play-by-play,False,,0.0,not located,
2025-12-30|497|2 Kelton Mcewen > Spot-Up > No Dribble Jumper > Guarded > Long/3pt > Miss 3 Pts,497,2025-12-30,Coe Kohawks,defense,Ryan Dolphin,play-by-play,False,,0.0,not located,
2025-12-30|498|10 Darius Chestnut > Offensive Rebound > Short > Run Offense,498,2025-12-30,UW-Whitewater,offense,Darius Chestnut,clips before/after (no clock),False,,0.0,not located,
2025-12-30|498|10 Darius Chestnut > Offensive Rebound > Short > Run Offense,498,2025-12-30,UW-Whitewater,offense,JR Lukenbill,clips before/after (no clock),False,,0.0,not located,
2025-12-30|498|10 Darius Chestnut > Offensive Rebound > Short > Run Offense,498,2025-12-30,UW-Whitewater,offense,Jake Quast,clips before/after (no clock),False,,0.0,not located,
2025-12-30|498|10 Darius Chestnut > Offensive Rebound > Short > Run Offense,498,2025-12-30,UW-Whitewater,offense,Kelton McEwen,clips before/after (no clock),False,,0.0,not located,
2025-12-30|498|10 Darius Chestnut > Offensive Rebound > Short > Run Offense,498,2025-12-30,UW-Whitewater,offense,Tyshawn Teague-Johnson,clips before/after (no clock),False,,0.0,not located,
2025-12-30|498|10 Darius Chestnut > Offensive Rebound > Short > Run Offense,498,2025-12-30,Coe Kohawks,defense,Cooper Nailor,clips before/after (no clock),False,,0.0,not located,
2025-12-30|498|10 Darius Chestnut > Offensive Rebound > Short > Run Offense,498,2025-12-30,Coe Kohawks,defense,Deuce Walters,clips before/after (no clock),False,,0.0,not located,
2025-12-30|498|10 Darius Chestnut > Offensive Rebound > Short > Run Offense,498,2025-12-30,Coe Kohawks,defense,Jackson Bowman,clips before/after (no clock),False,,0.0,not located,
2025-12-30|498|10 Darius Chestnut > Offensive Rebound > Short > Run Offense,498,2025-12-30,Coe Kohawks,defense,Kanyon Bryte,clips before/after (no clock),False,,0.0,not located,
2025-12-30|498|10 Darius Chestnut > Offensive Rebound > Short > Run Offense,498,2025-12-30,Coe Kohawks,defense,Ryan Dolphin,clips before/after (no clock),False,,0.0,not located,
2025-12-30|499|10 Darius Chestnut > Spot-Up > No Dribble Jumper > Guarded > Long/3pt > Miss 3 Pts,499,2025-12-30,UW-Whitewater,offense,Darius Chestnut,play-by-play,False,,0.0,not located,
2025-12-30|499|10 Darius Chestnut > Spot-Up > No Dribble Jumper > Guarded > Long/3pt > Miss 3 Pts,499,2025-12-30,UW-Whitewater,offense,JR Lukenbill,play-by-play,False,,0.0,not located,
2025-12-30|499|10 Darius Chestnut > Spot-Up > No Dribble Jumper > Guarded > Long/3pt > Miss 3 Pts,499,2025-12-30,UW-Whitewater,offense,Jake Quast,play-by-play,False,,0.0,not located,
2025-12-30|499|10 Darius Chestnut > Spot-Up > No Dribble Jumper > Guarded > Long/3pt > Miss 3 Pts,499,2025-12-30,UW-Whitewater,offense,Kelton McEwen,play-by-play,False,,0.0,not located,
2025-12-30|499|10 Darius Chestnut > Spot-Up > No Dribble Jumper > Guarded > Long/3pt > Miss 3 Pts,499,2025-12-30,UW-Whitewater,offense,Tyshawn Teague-Johnson,play-by-play,False,,0.0,not located,
2025-12-30|499|10 Darius Chestnut > Spot-Up > No Dribble Jumper > Guarded > Long/3pt > Miss 3 Pts,499,2025-12-30,Coe Kohawks,defense,Cooper Nailor,play-by-play,False,,0.0,not located,
2025-12-30|499|10 Darius Chestnut > Spot-Up > No Dribble Jumper > Guarded > Long/3pt > Miss 3 Pts,499,2025-12-30,Coe Kohawks,defense,Deuce Walters,play-by-play,False,,0.0,not located,
2025-12-30|499|10 Darius Chestnut > Spot-Up > No Dribble Jumper > Guarded > Long/3pt > Miss 3 Pts,499,2025-12-30,Coe Kohawks,defense,Jackson Bowman,play-by-play,False,,0.0,not located,
2025-12-30|499|10 Darius Chestnut > Spot-Up > No Dribble Jumper > Guarded > Long/3pt > Miss 3 Pts,499,2025-12-30,Coe Kohawks,defense,Kanyon Bryte,play-by-play,False,,0.0,not located,
2025-12-30|499|10 Darius Chestnut > Spot-Up > No Dribble Jumper > Guarded > Long/3pt > Miss 3 Pts,499,2025-12-30,Coe Kohawks,defense,Ryan Dolphin,play-by-play,False,,0.0,not located,
2025-12-30|500|2 Ryan Dolphin > Spot-Up > No Dribble Jumper > Guarded > Long/3pt > Miss 3 Pts,500,2025-12-30,Coe Kohawks,offense,Cooper Nailor,play-by-play,False,,0.0,not located,
2025-12-30|500|2 Ryan Dolphin > Spot-Up > No Dribble Jumper > Guarded > Long/3pt > Miss 3 Pts,500,2025-12-30,Coe Kohawks,offense,Deuce Walters,play-by-play,False,,0.0,not located,
2025-12-30|500|2 Ryan Dolphin > Spot-Up > No Dribble Jumper > Guarded > Long/3pt > Miss 3 Pts,500,2025-12-30,Coe Kohawks,offense,Jackson Bowman,play-by-play,False,,0.0,not located,
2025-12-30|500|2 Ryan Dolphin > Spot-Up > No Dribble Jumper > Guarded > Long/3pt > Miss 3 Pts,500,2025-12-30,Coe Kohawks,offense,Kanyon Bryte,play-by-play,False,,0.0,not located,
2025-12-30|500|2 Ryan Dolphin > Spot-Up > No Dribble Jumper > Guarded > Long/3pt > Miss 3 Pts,500,2025-12-30,Coe Kohawks,offense,Ryan Dolphin,play-by-play,False,,0.0,not located,
2025-12-30|500|2 Ryan Dolphin > Spot-Up > No Dribble Jumper > Guarded > Long/3pt > Miss 3 Pts,500,2025-12-30,UW-Whitewater,defense,Darius Chestnut,play-by-play,False,,0.0,not located,
2025-12-30|500|2 Ryan Dolphin > Spot-Up > No Dribble Jumper > Guarded > Long/3pt > Miss 3 Pts,500,2025-12-30,UW-Whitewater,defense,JR Lukenbill,play-by-play,False,,0.0,not located,
2025-12-30|500|2 Ryan Dolphin > Spot-Up > No Dribble Jumper > Guarded > Long/3pt > Miss 3 Pts,500,2025-12-30,UW-Whitewater,defense,Jake Quast,play-by-play,False,,0.0,not located,
2025-12-30|500|2 Ryan Dolphin > Spot-Up > No Dribble Jumper > Guarded > Long/3pt > Miss 3 Pts,500,2025-12-30,UW-Whitewater,defense,Kelton McEwen,play-by-play,False,,0.0,not located,
2025-12-30|500|2 Ryan Dolphin > Spot-Up > No Dribble Jumper > Guarded > Long/3pt > Miss 3 Pts,500,2025-12-30,UW-Whitewater,defense,Tyshawn Teague-Johnson,play-by-play,False,,0.0,not located,
2025-12-30|501|10 Darius Chestnut > Transition > Ballhandler > Turnover,501,2025-12-30,UW-Whitewater,offense,Darius Chestnut,play-by-play,True,32,5.8,Synergy,0.95
2025-12-30|501|10 Darius Chestnut > Transition > Ballhandler > Turnover,501,2025-12-30,UW-Whitewater,offense,JR Lukenbill,play-by-play,False,,0.0,not located,
2025-12-30|501|10 Darius Chestnut > Transition > Ballhandler > Turnover,501,2025-12-30,UW-Whitewater,offense,Jake Quast,play-by-play,False,,0.0,not located,
2025-12-30|501|10 Darius Chestnut > Transition > Ballhandler > Turnover,501,2025-12-30,UW-Whitewater,offense,Kelton McEwen,play-by-play,False,,0.0,not located,
2025-12-30|501|10 Darius Chestnut > Transition > Ballhandler > Turnover,501,2025-12-30,UW-Whitewater,offense,Tyshawn Teague-Johnson,play-by-play,False,,0.0,not located,
2025-12-30|501|10 Darius Chestnut > Transition > Ballhandler > Turnover,501,2025-12-30,Coe Kohawks,defense,Cooper Nailor,play-by-play,False,,0.0,not located,
2025-12-30|501|10 Darius Chestnut > Transition > Ballhandler > Turnover,501,2025-12-30,Coe Kohawks,defense,Deuce Walters,play-by-play,False,,0.0,not located,
2025-12-30|501|10 Darius Chestnut > Transition > Ballhandler > Turnover,501,2025-12-30,Coe Kohawks,defense,Jackson Bowman,play-by-play,False,,0.0,not located,
2025-12-30|501|10 Darius Chestnut > Transition > Ballhandler > Turnover,501,2025-12-30,Coe Kohawks,defense,Kanyon Bryte,play-by-play,False,,0.0,not located,
2025-12-30|501|10 Darius Chestnut > Transition > Ballhandler > Turnover,501,2025-12-30,Coe Kohawks,defense,Ryan Dolphin,play-by-play,False,,0.0,not located,
2025-12-30|502|2 Ryan Dolphin > No Play Type > Turnover,502,2025-12-30,Coe Kohawks,offense,Cooper Nailor,play-by-play,False,,0.0,not located,
2025-12-30|502|2 Ryan Dolphin > No Play Type > Turnover,502,2025-12-30,Coe Kohawks,offense,Deuce Walters,play-by-play,False,,0.0,not located,
2025-12-30|502|2 Ryan Dolphin > No Play Type > Turnover,502,2025-12-30,Coe Kohawks,offense,Jackson Bowman,play-by-play,False,,0.0,not located,
2025-12-30|502|2 Ryan Dolphin > No Play Type > Turnover,502,2025-12-30,Coe Kohawks,offense,Kanyon Bryte,play-by-play,False,,0.0,not located,
2025-12-30|502|2 Ryan Dolphin > No Play Type > Turnover,502,2025-12-30,Coe Kohawks,offense,Ryan Dolphin,play-by-play,True,37,8.8,Synergy,0.95
2025-12-30|502|2 Ryan Dolphin > No Play Type > Turnover,502,2025-12-30,UW-Whitewater,defense,Darius Chestnut,play-by-play,False,,0.0,not located,
2025-12-30|502|2 Ryan Dolphin > No Play Type > Turnover,502,2025-12-30,UW-Whitewater,defense,JR Lukenbill,play-by-play,False,,0.0,not located,
2025-12-30|502|2 Ryan Dolphin > No Play Type > Turnover,502,2025-12-30,UW-Whitewater,defense,Jake Quast,play-by-play,False,,0.0,not located,
2025-12-30|502|2 Ryan Dolphin > No Play Type > Turnover,502,2025-12-30,UW-Whitewater,defense,Kelton McEwen,play-by-play,False,,0.0,not located,
2025-12-30|502|2 Ryan Dolphin > No Play Type > Turnover,502,2025-12-30,UW-Whitewater,defense,Tyshawn Teague-Johnson,play-by-play,False,,0.0,not located,
2025-12-30|503|12 Jake Quast > Non Possession > No Violation,503,2025-12-30,UW-Whitewater,offense,Darius Chestnut,clips before/after (no clock),False,,0.0,not located,
2025-12-30|503|12 Jake Quast > Non Possession > No Violation,503,2025-12-30,UW-Whitewater,offense,JR Lukenbill,clips before/after (no clock),False,,0.0,not located,
2025-12-30|503|12 Jake Quast > Non Possession > No Violation,503,2025-12-30,UW-Whitewater,offense,Jake Quast,clips before/after (no clock),False,,0.0,not located,
2025-12-30|503|12 Jake Quast > Non Possession > No Violation,503,2025-12-30,UW-Whitewater,offense,Kelton McEwen,clips before/after (no clock),False,,0.0,not located,
2025-12-30|503|12 Jake Quast > Non Possession > No Violation,503,2025-12-30,UW-Whitewater,offense,Tyshawn Teague-Johnson,clips before/after (no clock),False,,0.0,not located,
2025-12-30|504|40 Tyshawn Teague-Johnson > ISO > Left > Drives Right > To Basket > Make 2 Pts,504,2025-12-30,UW-Whitewater,offense,Darius Chestnut,play-by-play,False,,0.0,not located,
2025-12-30|504|40 Tyshawn Teague-Johnson > ISO > Left > Drives Right > To Basket > Make 2 Pts,504,2025-12-30,UW-Whitewater,offense,JR Lukenbill,play-by-play,False,,0.0,not located,
2025-12-30|504|40 Tyshawn Teague-Johnson > ISO > Left > Drives Right > To Basket > Make 2 Pts,504,2025-12-30,UW-Whitewater,offense,Jake Quast,play-by-play,False,,0.0,not located,
2025-12-30|504|40 Tyshawn Teague-Johnson > ISO > Left > Drives Right > To Basket > Make 2 Pts,504,2025-12-30,UW-Whitewater,offense,Kelton McEwen,play-by-play,False,,0.0,not located,
2025-12-30|504|40 Tyshawn Teague-Johnson > ISO > Left > Drives Right > To Basket > Make 2 Pts,504,2025-12-30,UW-Whitewater,offense,Tyshawn Teague-Johnson,play-by-play,False,,0.0,not located,
2025-12-30|504|40 Tyshawn Teague-Johnson > ISO > Left > Drives Right > To Basket > Make 2 Pts,504,2025-12-30,Coe Kohawks,defense,C. Reece Breitenbach,play-by-play,False,,0.0,not located,
2025-12-30|504|40 Tyshawn Teague-Johnson > ISO > Left > Drives Right > To Basket > Make 2 Pts,504,2025-12-30,Coe Kohawks,defense,Cooper Nailor,play-by-play,False,,0.0,not located,
2025-12-30|504|40 Tyshawn Teague-Johnson > ISO > Left > Drives Right > To Basket > Make 2 Pts,504,2025-12-30,Coe Kohawks,defense,Deuce Walters,play-by-play,False,,0.0,not located,
2025-12-30|504|40 Tyshawn Teague-Johnson > ISO > Left > Drives Right > To Basket > Make 2 Pts,504,2025-12-30,Coe Kohawks,defense,Jackson Bowman,play-by-play,False,,0.0,not located,
2025-12-30|504|40 Tyshawn Teague-Johnson > ISO > Left > Drives Right > To Basket > Make 2 Pts,504,2025-12-30,Coe Kohawks,defense,Kanyon Bryte,play-by-play,False,,0.0,not located,
2025-12-30|505|5 Cooper Nailor > Non Possession > Non Shooting Foul,505,2025-12-30,Coe Kohawks,offense,C. Reece Breitenbach,play-by-play,False,,0.0,not located,
2025-12-30|505|5 Cooper Nailor > Non Possession > Non Shooting Foul,505,2025-12-30,Coe Kohawks,offense,Cooper Nailor,play-by-play,False,,0.0,not located,
2025-12-30|505|5 Cooper Nailor > Non Possession > Non Shooting Foul,505,2025-12-30,Coe Kohawks,offense,Deuce Walters,play-by-play,True,4;39,5.2,coach checked;followed player,0.99
2025-12-30|505|5 Cooper Nailor > Non Possession > Non Shooting Foul,505,2025-12-30,Coe Kohawks,offense,Jackson Bowman,play-by-play,False,,0.0,not located,
2025-12-30|505|5 Cooper Nailor > Non Possession > Non Shooting Foul,505,2025-12-30,Coe Kohawks,offense,Kanyon Bryte,play-by-play,False,,0.0,not located,
2025-12-30|505|5 Cooper Nailor > Non Possession > Non Shooting Foul,505,2025-12-30,UW-Whitewater,defense,Darius Chestnut,play-by-play,True,11;38,6.5,best guess,0.31
2025-12-30|505|5 Cooper Nailor > Non Possession > Non Shooting Foul,505,2025-12-30,UW-Whitewater,defense,JR Lukenbill,play-by-play,True,0,6.2,coach checked,0.99
2025-12-30|505|5 Cooper Nailor > Non Possession > Non Shooting Foul,505,2025-12-30,UW-Whitewater,defense,Jake Quast,play-by-play,True,6;28,5.2,best guess,0.31
2025-12-30|505|5 Cooper Nailor > Non Possession > Non Shooting Foul,505,2025-12-30,UW-Whitewater,defense,Kelton McEwen,play-by-play,True,17,6.2,coach checked,0.99
2025-12-30|505|5 Cooper Nailor > Non Possession > Non Shooting Foul,505,2025-12-30,UW-Whitewater,defense,Tyshawn Teague-Johnson,play-by-play,True,20;33;45,6.5,best guess,0.31
2025-12-30|506|4 Deuce Walters > P&R Ball Handler > High P&R > Go Away from Pick > To Basket > Miss 2 Pts,506,2025-12-30,Coe Kohawks,offense,C. Reece Breitenbach,play-by-play,True,21;42,9.8,best guess,0.46
2025-12-30|506|4 Deuce Walters > P&R Ball Handler > High P&R > Go Away from Pick > To Basket > Miss 2 Pts,506,2025-12-30,Coe Kohawks,offense,Cooper Nailor,play-by-play,True,2,10.5,coach checked,0.99
2025-12-30|506|4 Deuce Walters > P&R Ball Handler > High P&R > Go Away from Pick > To Basket > Miss 2 Pts,506,2025-12-30,Coe Kohawks,offense,Deuce Walters,play-by-play,True,1,7.2,coach checked,0.99
2025-12-30|506|4 Deuce Walters > P&R Ball Handler > High P&R > Go Away from Pick > To Basket > Miss 2 Pts,506,2025-12-30,Coe Kohawks,offense,Jackson Bowman,play-by-play,True,28;43,12.2,best guess,0.46
2025-12-30|506|4 Deuce Walters > P&R Ball Handler > High P&R > Go Away from Pick > To Basket > Miss 2 Pts,506,2025-12-30,Coe Kohawks,offense,Kanyon Bryte,play-by-play,True,3,13.8,coach checked,0.99
2025-12-30|506|4 Deuce Walters > P&R Ball Handler > High P&R > Go Away from Pick > To Basket > Miss 2 Pts,506,2025-12-30,UW-Whitewater,defense,Darius Chestnut,play-by-play,True,27;67,10.8,best guess,0.31
2025-12-30|506|4 Deuce Walters > P&R Ball Handler > High P&R > Go Away from Pick > To Basket > Miss 2 Pts,506,2025-12-30,UW-Whitewater,defense,JR Lukenbill,play-by-play,True,11;61,14.0,best guess,0.31
2025-12-30|506|4 Deuce Walters > P&R Ball Handler > High P&R > Go Away from Pick > To Basket > Miss 2 Pts,506,2025-12-30,UW-Whitewater,defense,Jake Quast,play-by-play,True,17,13.5,best guess,0.31
2025-12-30|506|4 Deuce Walters > P&R Ball Handler > High P&R > Go Away from Pick > To Basket > Miss 2 Pts,506,2025-12-30,UW-Whitewater,defense,Kelton McEwen,play-by-play,True,51;52,5.8,coach checked;followed player,0.99
2025-12-30|506|4 Deuce Walters > P&R Ball Handler > High P&R > Go Away from Pick > To Basket > Miss 2 Pts,506,2025-12-30,UW-Whitewater,defense,Tyshawn Teague-Johnson,play-by-play,True,0,14.5,coach checked,0.99
2025-12-30|507|10 Darius Chestnut > Cut > Basket > Foul,507,2025-12-30,UW-Whitewater,offense,Darius Chestnut,play-by-play,False,,0.0,not located,
2025-12-30|507|10 Darius Chestnut > Cut > Basket > Foul,507,2025-12-30,UW-Whitewater,offense,JR Lukenbill,play-by-play,False,,0.0,not located,
2025-12-30|507|10 Darius Chestnut > Cut > Basket > Foul,507,2025-12-30,UW-Whitewater,offense,Jake Quast,play-by-play,False,,0.0,not located,
2025-12-30|507|10 Darius Chestnut > Cut > Basket > Foul,507,2025-12-30,UW-Whitewater,offense,Kelton McEwen,play-by-play,False,,0.0,not located,
2025-12-30|507|10 Darius Chestnut > Cut > Basket > Foul,507,2025-12-30,UW-Whitewater,offense,Tyshawn Teague-Johnson,play-by-play,False,,0.0,not located,
2025-12-30|507|10 Darius Chestnut > Cut > Basket > Foul,507,2025-12-30,Coe Kohawks,defense,C. Reece Breitenbach,play-by-play,False,,0.0,not located,
2025-12-30|507|10 Darius Chestnut > Cut > Basket > Foul,507,2025-12-30,Coe Kohawks,defense,Cooper Nailor,play-by-play,False,,0.0,not located,
2025-12-30|507|10 Darius Chestnut > Cut > Basket > Foul,507,2025-12-30,Coe Kohawks,defense,Deuce Walters,play-by-play,False,,0.0,not located,
2025-12-30|507|10 Darius Chestnut > Cut > Basket > Foul,507,2025-12-30,Coe Kohawks,defense,Jackson Bowman,play-by-play,False,,0.0,not located,
2025-12-30|507|10 Darius Chestnut > Cut > Basket > Foul,507,2025-12-30,Coe Kohawks,defense,Kanyon Bryte,play-by-play,False,,0.0,not located,
2025-12-30|510|12 C. Reece Breitenbach > No Play Type > Turnover,510,2025-12-30,Coe Kohawks,offense,C. Reece Breitenbach,play-by-play,False,,0.0,not located,
2025-12-30|510|12 C. Reece Breitenbach > No Play Type > Turnover,510,2025-12-30,Coe Kohawks,offense,Cooper Nailor,play-by-play,False,,0.0,not located,
2025-12-30|510|12 C. Reece Breitenbach > No Play Type > Turnover,510,2025-12-30,Coe Kohawks,offense,Deuce Walters,play-by-play,False,,0.0,not located,
2025-12-30|510|12 C. Reece Breitenbach > No Play Type > Turnover,510,2025-12-30,Coe Kohawks,offense,Jackson Bowman,play-by-play,False,,0.0,not located,
2025-12-30|510|12 C. Reece Breitenbach > No Play Type > Turnover,510,2025-12-30,Coe Kohawks,offense,Kanyon Bryte,play-by-play,False,,0.0,not located,
2025-12-30|510|12 C. Reece Breitenbach > No Play Type > Turnover,510,2025-12-30,UW-Whitewater,defense,Darius Chestnut,play-by-play,False,,0.0,not located,
2025-12-30|510|12 C. Reece Breitenbach > No Play Type > Turnover,510,2025-12-30,UW-Whitewater,defense,JR Lukenbill,play-by-play,False,,0.0,not located,
2025-12-30|510|12 C. Reece Breitenbach > No Play Type > Turnover,510,2025-12-30,UW-Whitewater,defense,Jake Quast,play-by-play,False,,0.0,not located,
2025-12-30|510|12 C. Reece Breitenbach > No Play Type > Turnover,510,2025-12-30,UW-Whitewater,defense,Kelton McEwen,play-by-play,False,,0.0,not located,
2025-12-30|510|12 C. Reece Breitenbach > No Play Type > Turnover,510,2025-12-30,UW-Whitewater,defense,Tyshawn Teague-Johnson,play-by-play,False,,0.0,not located,
2025-12-30|511|11 Jr Lukenbill > Transition > Ballhandler > To Basket > Make 2 Pts,511,2025-12-30,UW-Whitewater,offense,Darius Chestnut,play-by-play,True,2,3.2,linked possession,0.95
2025-12-30|511|11 Jr Lukenbill > Transition > Ballhandler > To Basket > Make 2 Pts,511,2025-12-30,UW-Whitewater,offense,JR Lukenbill,play-by-play,False,,0.0,not located,
2025-12-30|511|11 Jr Lukenbill > Transition > Ballhandler > To Basket > Make 2 Pts,511,2025-12-30,UW-Whitewater,offense,Jake Quast,play-by-play,False,,0.0,not located,
2025-12-30|511|11 Jr Lukenbill > Transition > Ballhandler > To Basket > Make 2 Pts,511,2025-12-30,UW-Whitewater,offense,Kelton McEwen,play-by-play,False,,0.0,not located,
2025-12-30|511|11 Jr Lukenbill > Transition > Ballhandler > To Basket > Make 2 Pts,511,2025-12-30,UW-Whitewater,offense,Tyshawn Teague-Johnson,play-by-play,False,,0.0,not located,
2025-12-30|511|11 Jr Lukenbill > Transition > Ballhandler > To Basket > Make 2 Pts,511,2025-12-30,Coe Kohawks,defense,C. Reece Breitenbach,play-by-play,False,,0.0,not located,
2025-12-30|511|11 Jr Lukenbill > Transition > Ballhandler > To Basket > Make 2 Pts,511,2025-12-30,Coe Kohawks,defense,Cooper Nailor,play-by-play,False,,0.0,not located,
2025-12-30|511|11 Jr Lukenbill > Transition > Ballhandler > To Basket > Make 2 Pts,511,2025-12-30,Coe Kohawks,defense,Deuce Walters,play-by-play,False,,0.0,not located,
2025-12-30|511|11 Jr Lukenbill > Transition > Ballhandler > To Basket > Make 2 Pts,511,2025-12-30,Coe Kohawks,defense,Jackson Bowman,play-by-play,False,,0.0,not located,
2025-12-30|511|11 Jr Lukenbill > Transition > Ballhandler > To Basket > Make 2 Pts,511,2025-12-30,Coe Kohawks,defense,Kanyon Bryte,play-by-play,False,,0.0,not located,
2025-12-30|512|34 Kanyon Bryte > Non Possession > Non Shooting Foul,512,2025-12-30,Coe Kohawks,offense,C. Reece Breitenbach,play-by-play,True,55;117,13.8,coach checked;followed player,0.99
2025-12-30|512|34 Kanyon Bryte > Non Possession > Non Shooting Foul,512,2025-12-30,Coe Kohawks,offense,Cooper Nailor,play-by-play,True,31;89,24.2,best guess,0.31
2025-12-30|512|34 Kanyon Bryte > Non Possession > Non Shooting Foul,512,2025-12-30,Coe Kohawks,offense,Deuce Walters,play-by-play,True,1;48;79,26.8,coach checked;followed player,0.99
2025-12-30|512|34 Kanyon Bryte > Non Possession > Non Shooting Foul,512,2025-12-30,Coe Kohawks,offense,Jackson Bowman,play-by-play,True,41;84,23.5,best guess,0.31
2025-12-30|512|34 Kanyon Bryte > Non Possession > Non Shooting Foul,512,2025-12-30,Coe Kohawks,offense,Kanyon Bryte,play-by-play,True,52;77,20.0,best guess,0.31
2025-12-30|512|34 Kanyon Bryte > Non Possession > Non Shooting Foul,512,2025-12-30,UW-Whitewater,defense,Darius Chestnut,play-by-play,True,16;35,5.2,coach checked;followed player,0.95
2025-12-30|512|34 Kanyon Bryte > Non Possession > Non Shooting Foul,512,2025-12-30,UW-Whitewater,defense,JR Lukenbill,play-by-play,True,8;33,5.8,coach checked;followed player,0.99
2025-12-30|512|34 Kanyon Bryte > Non Possession > Non Shooting Foul,512,2025-12-30,UW-Whitewater,defense,Jake Quast,play-by-play,True,17;47,15.8,best guess;coach checked,0.99
2025-12-30|512|34 Kanyon Bryte > Non Possession > Non Shooting Foul,512,2025-12-30,UW-Whitewater,defense,Kelton McEwen,play-by-play,True,18,2.8,best guess,0.31
2025-12-30|512|34 Kanyon Bryte > Non Possession > Non Shooting Foul,512,2025-12-30,UW-Whitewater,defense,Tyshawn Teague-Johnson,play-by-play,True,26;40,3.0,best guess,0.46
2025-12-30|513|5 Cooper Nailor > P&R Ball Handler > Right P&R > Side > Dribble Off Pick > Defense Commits > Ball Delivered > 34 Kanyon Bryte > P&R Roll Man > Rolls to Basket > Make 2 Pts,513,2025-12-30,Coe Kohawks,offense,C. Reece Breitenbach,play-by-play,False,,0.0,not located,
2025-12-30|513|5 Cooper Nailor > P&R Ball Handler > Right P&R > Side > Dribble Off Pick > Defense Commits > Ball Delivered > 34 Kanyon Bryte > P&R Roll Man > Rolls to Basket > Make 2 Pts,513,2025-12-30,Coe Kohawks,offense,Cooper Nailor,play-by-play,False,,0.0,not located,
2025-12-30|513|5 Cooper Nailor > P&R Ball Handler > Right P&R > Side > Dribble Off Pick > Defense Commits > Ball Delivered > 34 Kanyon Bryte > P&R Roll Man > Rolls to Basket > Make 2 Pts,513,2025-12-30,Coe Kohawks,offense,Deuce Walters,play-by-play,True,3;40,10.0,followed player;linked possession,0.95
2025-12-30|513|5 Cooper Nailor > P&R Ball Handler > Right P&R > Side > Dribble Off Pick > Defense Commits > Ball Delivered > 34 Kanyon Bryte > P&R Roll Man > Rolls to Basket > Make 2 Pts,513,2025-12-30,Coe Kohawks,offense,Jackson Bowman,play-by-play,False,,0.0,not located,
2025-12-30|513|5 Cooper Nailor > P&R Ball Handler > Right P&R > Side > Dribble Off Pick > Defense Commits > Ball Delivered > 34 Kanyon Bryte > P&R Roll Man > Rolls to Basket > Make 2 Pts,513,2025-12-30,Coe Kohawks,offense,Kanyon Bryte,play-by-play,False,,0.0,not located,
2025-12-30|513|5 Cooper Nailor > P&R Ball Handler > Right P&R > Side > Dribble Off Pick > Defense Commits > Ball Delivered > 34 Kanyon Bryte > P&R Roll Man > Rolls to Basket > Make 2 Pts,513,2025-12-30,UW-Whitewater,defense,Darius Chestnut,play-by-play,False,,0.0,not located,
2025-12-30|513|5 Cooper Nailor > P&R Ball Handler > Right P&R > Side > Dribble Off Pick > Defense Commits > Ball Delivered > 34 Kanyon Bryte > P&R Roll Man > Rolls to Basket > Make 2 Pts,513,2025-12-30,UW-Whitewater,defense,JR Lukenbill,play-by-play,False,,0.0,not located,
2025-12-30|513|5 Cooper Nailor > P&R Ball Handler > Right P&R > Side > Dribble Off Pick > Defense Commits > Ball Delivered > 34 Kanyon Bryte > P&R Roll Man > Rolls to Basket > Make 2 Pts,513,2025-12-30,UW-Whitewater,defense,Jake Quast,play-by-play,False,,0.0,not located,
2025-12-30|513|5 Cooper Nailor > P&R Ball Handler > Right P&R > Side > Dribble Off Pick > Defense Commits > Ball Delivered > 34 Kanyon Bryte > P&R Roll Man > Rolls to Basket > Make 2 Pts,513,2025-12-30,UW-Whitewater,defense,Kelton McEwen,play-by-play,False,,0.0,not located,
2025-12-30|513|5 Cooper Nailor > P&R Ball Handler > Right P&R > Side > Dribble Off Pick > Defense Commits > Ball Delivered > 34 Kanyon Bryte > P&R Roll Man > Rolls to Basket > Make 2 Pts,513,2025-12-30,UW-Whitewater,defense,Tyshawn Teague-Johnson,play-by-play,False,,0.0,not located,
2025-12-30|514|40 Tyshawn Teague-Johnson > Spot-Up > Drives Straight > Dribble Jumper > Long/3pt > Miss 3 Pts,514,2025-12-30,UW-Whitewater,offense,Darius Chestnut,play-by-play,False,,0.0,not located,
2025-12-30|514|40 Tyshawn Teague-Johnson > Spot-Up > Drives Straight > Dribble Jumper > Long/3pt > Miss 3 Pts,514,2025-12-30,UW-Whitewater,offense,JR Lukenbill,play-by-play,False,,0.0,not located,
2025-12-30|514|40 Tyshawn Teague-Johnson > Spot-Up > Drives Straight > Dribble Jumper > Long/3pt > Miss 3 Pts,514,2025-12-30,UW-Whitewater,offense,Jake Quast,play-by-play,False,,0.0,not located,
2025-12-30|514|40 Tyshawn Teague-Johnson > Spot-Up > Drives Straight > Dribble Jumper > Long/3pt > Miss 3 Pts,514,2025-12-30,UW-Whitewater,offense,Kelton McEwen,play-by-play,False,,0.0,not located,
2025-12-30|514|40 Tyshawn Teague-Johnson > Spot-Up > Drives Straight > Dribble Jumper > Long/3pt > Miss 3 Pts,514,2025-12-30,UW-Whitewater,offense,Tyshawn Teague-Johnson,play-by-play,False,,0.0,not located,
2025-12-30|514|40 Tyshawn Teague-Johnson > Spot-Up > Drives Straight > Dribble Jumper > Long/3pt > Miss 3 Pts,514,2025-12-30,Coe Kohawks,defense,C. Reece Breitenbach,play-by-play,False,,0.0,not located,
2025-12-30|514|40 Tyshawn Teague-Johnson > Spot-Up > Drives Straight > Dribble Jumper > Long/3pt > Miss 3 Pts,514,2025-12-30,Coe Kohawks,defense,Cooper Nailor,play-by-play,False,,0.0,not located,
2025-12-30|514|40 Tyshawn Teague-Johnson > Spot-Up > Drives Straight > Dribble Jumper > Long/3pt > Miss 3 Pts,514,2025-12-30,Coe Kohawks,defense,Deuce Walters,play-by-play,False,,0.0,not located,
2025-12-30|514|40 Tyshawn Teague-Johnson > Spot-Up > Drives Straight > Dribble Jumper > Long/3pt > Miss 3 Pts,514,2025-12-30,Coe Kohawks,defense,Jackson Bowman,play-by-play,False,,0.0,not located,
2025-12-30|514|40 Tyshawn Teague-Johnson > Spot-Up > Drives Straight > Dribble Jumper > Long/3pt > Miss 3 Pts,514,2025-12-30,Coe Kohawks,defense,Kanyon Bryte,play-by-play,False,,0.0,not located,
2025-12-30|515|22 Jackson Bowman > Transition > Leak Outs > To Basket > Miss 2 Pts,515,2025-12-30,Coe Kohawks,offense,C. Reece Breitenbach,play-by-play,False,,0.0,not located,
2025-12-30|515|22 Jackson Bowman > Transition > Leak Outs > To Basket > Miss 2 Pts,515,2025-12-30,Coe Kohawks,offense,Cooper Nailor,play-by-play,False,,0.0,not located,
2025-12-30|515|22 Jackson Bowman > Transition > Leak Outs > To Basket > Miss 2 Pts,515,2025-12-30,Coe Kohawks,offense,Deuce Walters,play-by-play,False,,0.0,not located,
2025-12-30|515|22 Jackson Bowman > Transition > Leak Outs > To Basket > Miss 2 Pts,515,2025-12-30,Coe Kohawks,offense,Jackson Bowman,play-by-play,False,,0.0,not located,
2025-12-30|515|22 Jackson Bowman > Transition > Leak Outs > To Basket > Miss 2 Pts,515,2025-12-30,Coe Kohawks,offense,Kanyon Bryte,play-by-play,False,,0.0,not located,
2025-12-30|515|22 Jackson Bowman > Transition > Leak Outs > To Basket > Miss 2 Pts,515,2025-12-30,UW-Whitewater,defense,Darius Chestnut,play-by-play,False,,0.0,not located,
2025-12-30|515|22 Jackson Bowman > Transition > Leak Outs > To Basket > Miss 2 Pts,515,2025-12-30,UW-Whitewater,defense,JR Lukenbill,play-by-play,False,,0.0,not located,
2025-12-30|515|22 Jackson Bowman > Transition > Leak Outs > To Basket > Miss 2 Pts,515,2025-12-30,UW-Whitewater,defense,Jake Quast,play-by-play,False,,0.0,not located,
2025-12-30|515|22 Jackson Bowman > Transition > Leak Outs > To Basket > Miss 2 Pts,515,2025-12-30,UW-Whitewater,defense,Kelton McEwen,play-by-play,False,,0.0,not located,
2025-12-30|515|22 Jackson Bowman > Transition > Leak Outs > To Basket > Miss 2 Pts,515,2025-12-30,UW-Whitewater,defense,Tyshawn Teague-Johnson,play-by-play,False,,0.0,not located,
2025-12-30|516|40 Tyshawn Teague-Johnson > Non Possession > Non Shooting Foul,516,2025-12-30,UW-Whitewater,offense,Darius Chestnut,play-by-play,False,,0.0,not located,
2025-12-30|516|40 Tyshawn Teague-Johnson > Non Possession > Non Shooting Foul,516,2025-12-30,UW-Whitewater,offense,JR Lukenbill,play-by-play,False,,0.0,not located,
2025-12-30|516|40 Tyshawn Teague-Johnson > Non Possession > Non Shooting Foul,516,2025-12-30,UW-Whitewater,offense,Jake Quast,play-by-play,False,,0.0,not located,
2025-12-30|516|40 Tyshawn Teague-Johnson > Non Possession > Non Shooting Foul,516,2025-12-30,UW-Whitewater,offense,Kelton McEwen,play-by-play,False,,0.0,not located,
2025-12-30|516|40 Tyshawn Teague-Johnson > Non Possession > Non Shooting Foul,516,2025-12-30,UW-Whitewater,offense,Tyshawn Teague-Johnson,play-by-play,False,,0.0,not located,
2025-12-30|516|40 Tyshawn Teague-Johnson > Non Possession > Non Shooting Foul,516,2025-12-30,Coe Kohawks,defense,C. Reece Breitenbach,play-by-play,False,,0.0,not located,
2025-12-30|516|40 Tyshawn Teague-Johnson > Non Possession > Non Shooting Foul,516,2025-12-30,Coe Kohawks,defense,Cooper Nailor,play-by-play,False,,0.0,not located,
2025-12-30|516|40 Tyshawn Teague-Johnson > Non Possession > Non Shooting Foul,516,2025-12-30,Coe Kohawks,defense,Deuce Walters,play-by-play,False,,0.0,not located,
2025-12-30|516|40 Tyshawn Teague-Johnson > Non Possession > Non Shooting Foul,516,2025-12-30,Coe Kohawks,defense,Jackson Bowman,play-by-play,False,,0.0,not located,
2025-12-30|516|40 Tyshawn Teague-Johnson > Non Possession > Non Shooting Foul,516,2025-12-30,Coe Kohawks,defense,Kanyon Bryte,play-by-play,False,,0.0,not located,
2025-12-30|517|11 Jr Lukenbill > No Play Type > No Dribble Jumper > Open > Short to < 17' > Miss 2 Pts,517,2025-12-30,UW-Whitewater,offense,Darius Chestnut,play-by-play,False,,0.0,not located,
2025-12-30|517|11 Jr Lukenbill > No Play Type > No Dribble Jumper > Open > Short to < 17' > Miss 2 Pts,517,2025-12-30,UW-Whitewater,offense,JR Lukenbill,play-by-play,False,,0.0,not located,
2025-12-30|517|11 Jr Lukenbill > No Play Type > No Dribble Jumper > Open > Short to < 17' > Miss 2 Pts,517,2025-12-30,UW-Whitewater,offense,Jake Quast,play-by-play,False,,0.0,not located,
2025-12-30|517|11 Jr Lukenbill > No Play Type > No Dribble Jumper > Open > Short to < 17' > Miss 2 Pts,517,2025-12-30,UW-Whitewater,offense,Kelton McEwen,play-by-play,False,,0.0,not located,
2025-12-30|517|11 Jr Lukenbill > No Play Type > No Dribble Jumper > Open > Short to < 17' > Miss 2 Pts,517,2025-12-30,UW-Whitewater,offense,Tyshawn Teague-Johnson,play-by-play,False,,0.0,not located,
2025-12-30|517|11 Jr Lukenbill > No Play Type > No Dribble Jumper > Open > Short to < 17' > Miss 2 Pts,517,2025-12-30,Coe Kohawks,defense,C. Reece Breitenbach,play-by-play,False,,0.0,not located,
2025-12-30|517|11 Jr Lukenbill > No Play Type > No Dribble Jumper > Open > Short to < 17' > Miss 2 Pts,517,2025-12-30,Coe Kohawks,defense,Cooper Nailor,play-by-play,False,,0.0,not located,
2025-12-30|517|11 Jr Lukenbill > No Play Type > No Dribble Jumper > Open > Short to < 17' > Miss 2 Pts,517,2025-12-30,Coe Kohawks,defense,Deuce Walters,play-by-play,False,,0.0,not located,
2025-12-30|517|11 Jr Lukenbill > No Play Type > No Dribble Jumper > Open > Short to < 17' > Miss 2 Pts,517,2025-12-30,Coe Kohawks,defense,Jackson Bowman,play-by-play,False,,0.0,not located,
2025-12-30|517|11 Jr Lukenbill > No Play Type > No Dribble Jumper > Open > Short to < 17' > Miss 2 Pts,517,2025-12-30,Coe Kohawks,defense,Kanyon Bryte,play-by-play,False,,0.0,not located,
2025-12-30|518|12 Jake Quast > Offensive Rebound > Short > Scoring Attempt > At Basket > Make 2 Pts Foul > 1 Pts,518,2025-12-30,UW-Whitewater,offense,Darius Chestnut,play-by-play,False,,0.0,not located,
2025-12-30|518|12 Jake Quast > Offensive Rebound > Short > Scoring Attempt > At Basket > Make 2 Pts Foul > 1 Pts,518,2025-12-30,UW-Whitewater,offense,JR Lukenbill,play-by-play,False,,0.0,not located,
2025-12-30|518|12 Jake Quast > Offensive Rebound > Short > Scoring Attempt > At Basket > Make 2 Pts Foul > 1 Pts,518,2025-12-30,UW-Whitewater,offense,Jake Quast,play-by-play,False,,0.0,not located,
2025-12-30|518|12 Jake Quast > Offensive Rebound > Short > Scoring Attempt > At Basket > Make 2 Pts Foul > 1 Pts,518,2025-12-30,UW-Whitewater,offense,Kelton McEwen,play-by-play,False,,0.0,not located,
2025-12-30|518|12 Jake Quast > Offensive Rebound > Short > Scoring Attempt > At Basket > Make 2 Pts Foul > 1 Pts,518,2025-12-30,UW-Whitewater,offense,Tyshawn Teague-Johnson,play-by-play,False,,0.0,not located,
2025-12-30|518|12 Jake Quast > Offensive Rebound > Short > Scoring Attempt > At Basket > Make 2 Pts Foul > 1 Pts,518,2025-12-30,Coe Kohawks,defense,C. Reece Breitenbach,play-by-play,False,,0.0,not located,
2025-12-30|518|12 Jake Quast > Offensive Rebound > Short > Scoring Attempt > At Basket > Make 2 Pts Foul > 1 Pts,518,2025-12-30,Coe Kohawks,defense,Cooper Nailor,play-by-play,False,,0.0,not located,
2025-12-30|518|12 Jake Quast > Offensive Rebound > Short > Scoring Attempt > At Basket > Make 2 Pts Foul > 1 Pts,518,2025-12-30,Coe Kohawks,defense,Deuce Walters,play-by-play,False,,0.0,not located,
2025-12-30|518|12 Jake Quast > Offensive Rebound > Short > Scoring Attempt > At Basket > Make 2 Pts Foul > 1 Pts,518,2025-12-30,Coe Kohawks,defense,Jackson Bowman,play-by-play,False,,0.0,not located,
2025-12-30|518|12 Jake Quast > Offensive Rebound > Short > Scoring Attempt > At Basket > Make 2 Pts Foul > 1 Pts,518,2025-12-30,Coe Kohawks,defense,Kanyon Bryte,play-by-play,False,,0.0,not located,
2025-12-30|520|2 Ryan Dolphin > P&R Ball Handler > High P&R > Go Away from Pick > Dribble Jumper > Short to < 17' > Make 2 Pts,520,2025-12-30,Coe Kohawks,offense,C. Reece Breitenbach,play-by-play,False,,0.0,not located,
2025-12-30|520|2 Ryan Dolphin > P&R Ball Handler > High P&R > Go Away from Pick > Dribble Jumper > Short to < 17' > Make 2 Pts,520,2025-12-30,Coe Kohawks,offense,Cooper Nailor,play-by-play,False,,0.0,not located,
2025-12-30|520|2 Ryan Dolphin > P&R Ball Handler > High P&R > Go Away from Pick > Dribble Jumper > Short to < 17' > Make 2 Pts,520,2025-12-30,Coe Kohawks,offense,Jackson Bowman,play-by-play,False,,0.0,not located,
2025-12-30|520|2 Ryan Dolphin > P&R Ball Handler > High P&R > Go Away from Pick > Dribble Jumper > Short to < 17' > Make 2 Pts,520,2025-12-30,Coe Kohawks,offense,Kanyon Bryte,play-by-play,False,,0.0,not located,
2025-12-30|520|2 Ryan Dolphin > P&R Ball Handler > High P&R > Go Away from Pick > Dribble Jumper > Short to < 17' > Make 2 Pts,520,2025-12-30,Coe Kohawks,offense,Ryan Dolphin,play-by-play,False,,0.0,not located,
2025-12-30|520|2 Ryan Dolphin > P&R Ball Handler > High P&R > Go Away from Pick > Dribble Jumper > Short to < 17' > Make 2 Pts,520,2025-12-30,UW-Whitewater,defense,Darius Chestnut,play-by-play,False,,0.0,not located,
2025-12-30|520|2 Ryan Dolphin > P&R Ball Handler > High P&R > Go Away from Pick > Dribble Jumper > Short to < 17' > Make 2 Pts,520,2025-12-30,UW-Whitewater,defense,JR Lukenbill,play-by-play,False,,0.0,not located,
2025-12-30|520|2 Ryan Dolphin > P&R Ball Handler > High P&R > Go Away from Pick > Dribble Jumper > Short to < 17' > Make 2 Pts,520,2025-12-30,UW-Whitewater,defense,Jake Quast,play-by-play,False,,0.0,not located,
2025-12-30|520|2 Ryan Dolphin > P&R Ball Handler > High P&R > Go Away from Pick > Dribble Jumper > Short to < 17' > Make 2 Pts,520,2025-12-30,UW-Whitewater,defense,Kelton McEwen,play-by-play,False,,0.0,not located,
2025-12-30|520|2 Ryan Dolphin > P&R Ball Handler > High P&R > Go Away from Pick > Dribble Jumper > Short to < 17' > Make 2 Pts,520,2025-12-30,UW-Whitewater,defense,Tyshawn Teague-Johnson,play-by-play,False,,0.0,not located,
2025-12-30|521|40 Tyshawn Teague-Johnson > P&R Ball Handler > High P&R > Dribble Off Pick > Turnover,521,2025-12-30,UW-Whitewater,offense,Darius Chestnut,play-by-play,False,,0.0,not located,
2025-12-30|521|40 Tyshawn Teague-Johnson > P&R Ball Handler > High P&R > Dribble Off Pick > Turnover,521,2025-12-30,UW-Whitewater,offense,JR Lukenbill,play-by-play,False,,0.0,not located,
2025-12-30|521|40 Tyshawn Teague-Johnson > P&R Ball Handler > High P&R > Dribble Off Pick > Turnover,521,2025-12-30,UW-Whitewater,offense,Jake Quast,play-by-play,False,,0.0,not located,
2025-12-30|521|40 Tyshawn Teague-Johnson > P&R Ball Handler > High P&R > Dribble Off Pick > Turnover,521,2025-12-30,UW-Whitewater,offense,Kelton McEwen,play-by-play,False,,0.0,not located,
2025-12-30|521|40 Tyshawn Teague-Johnson > P&R Ball Handler > High P&R > Dribble Off Pick > Turnover,521,2025-12-30,UW-Whitewater,offense,Tyshawn Teague-Johnson,play-by-play,True,8,9.8,Synergy,0.95
2025-12-30|521|40 Tyshawn Teague-Johnson > P&R Ball Handler > High P&R > Dribble Off Pick > Turnover,521,2025-12-30,Coe Kohawks,defense,C. Reece Breitenbach,play-by-play,False,,0.0,not located,
2025-12-30|521|40 Tyshawn Teague-Johnson > P&R Ball Handler > High P&R > Dribble Off Pick > Turnover,521,2025-12-30,Coe Kohawks,defense,Cooper Nailor,play-by-play,False,,0.0,not located,
2025-12-30|521|40 Tyshawn Teague-Johnson > P&R Ball Handler > High P&R > Dribble Off Pick > Turnover,521,2025-12-30,Coe Kohawks,defense,Jackson Bowman,play-by-play,False,,0.0,not located,
2025-12-30|521|40 Tyshawn Teague-Johnson > P&R Ball Handler > High P&R > Dribble Off Pick > Turnover,521,2025-12-30,Coe Kohawks,defense,Kanyon Bryte,play-by-play,False,,0.0,not located,
2025-12-30|521|40 Tyshawn Teague-Johnson > P&R Ball Handler > High P&R > Dribble Off Pick > Turnover,521,2025-12-30,Coe Kohawks,defense,Ryan Dolphin,play-by-play,False,,0.0,not located,
2025-12-30|522|34 Kanyon Bryte > Non Possession > Non Shooting Foul,522,2025-12-30,Coe Kohawks,offense,C. Reece Breitenbach,clips before/after (no clock),False,,0.0,not located,
2025-12-30|522|34 Kanyon Bryte > Non Possession > Non Shooting Foul,522,2025-12-30,Coe Kohawks,offense,Cooper Nailor,clips before/after (no clock),False,,0.0,not located,
2025-12-30|522|34 Kanyon Bryte > Non Possession > Non Shooting Foul,522,2025-12-30,Coe Kohawks,offense,Jackson Bowman,clips before/after (no clock),False,,0.0,not located,
2025-12-30|522|34 Kanyon Bryte > Non Possession > Non Shooting Foul,522,2025-12-30,Coe Kohawks,offense,Kanyon Bryte,clips before/after (no clock),False,,0.0,not located,
2025-12-30|522|34 Kanyon Bryte > Non Possession > Non Shooting Foul,522,2025-12-30,Coe Kohawks,offense,Ryan Dolphin,clips before/after (no clock),False,,0.0,not located,
2025-12-30|523|2 Ryan Dolphin > P&R Ball Handler > High P&R > Dribble Off Pick > Defense Commits > Ball Delivered > 22 Jackson Bowman > Cut > Basket > Foul,523,2025-12-30,Coe Kohawks,offense,C. Reece Breitenbach,play-by-play,False,,0.0,not located,
2025-12-30|523|2 Ryan Dolphin > P&R Ball Handler > High P&R > Dribble Off Pick > Defense Commits > Ball Delivered > 22 Jackson Bowman > Cut > Basket > Foul,523,2025-12-30,Coe Kohawks,offense,Cooper Nailor,play-by-play,False,,0.0,not located,
2025-12-30|523|2 Ryan Dolphin > P&R Ball Handler > High P&R > Dribble Off Pick > Defense Commits > Ball Delivered > 22 Jackson Bowman > Cut > Basket > Foul,523,2025-12-30,Coe Kohawks,offense,Jackson Bowman,play-by-play,False,,0.0,not located,
2025-12-30|523|2 Ryan Dolphin > P&R Ball Handler > High P&R > Dribble Off Pick > Defense Commits > Ball Delivered > 22 Jackson Bowman > Cut > Basket > Foul,523,2025-12-30,Coe Kohawks,offense,Kanyon Bryte,play-by-play,False,,0.0,not located,
2025-12-30|523|2 Ryan Dolphin > P&R Ball Handler > High P&R > Dribble Off Pick > Defense Commits > Ball Delivered > 22 Jackson Bowman > Cut > Basket > Foul,523,2025-12-30,Coe Kohawks,offense,Ryan Dolphin,play-by-play,False,,0.0,not located,
2025-12-30|523|2 Ryan Dolphin > P&R Ball Handler > High P&R > Dribble Off Pick > Defense Commits > Ball Delivered > 22 Jackson Bowman > Cut > Basket > Foul,523,2025-12-30,UW-Whitewater,defense,Agape Keyes Jr.,play-by-play,False,,0.0,not located,
2025-12-30|523|2 Ryan Dolphin > P&R Ball Handler > High P&R > Dribble Off Pick > Defense Commits > Ball Delivered > 22 Jackson Bowman > Cut > Basket > Foul,523,2025-12-30,UW-Whitewater,defense,Isaiah Robinson,play-by-play,False,,0.0,not located,
2025-12-30|523|2 Ryan Dolphin > P&R Ball Handler > High P&R > Dribble Off Pick > Defense Commits > Ball Delivered > 22 Jackson Bowman > Cut > Basket > Foul,523,2025-12-30,UW-Whitewater,defense,Matthew McKay,play-by-play,False,,0.0,not located,
2025-12-30|523|2 Ryan Dolphin > P&R Ball Handler > High P&R > Dribble Off Pick > Defense Commits > Ball Delivered > 22 Jackson Bowman > Cut > Basket > Foul,523,2025-12-30,UW-Whitewater,defense,Mikey Wildes,play-by-play,False,,0.0,not located,
2025-12-30|523|2 Ryan Dolphin > P&R Ball Handler > High P&R > Dribble Off Pick > Defense Commits > Ball Delivered > 22 Jackson Bowman > Cut > Basket > Foul,523,2025-12-30,UW-Whitewater,defense,Trent Grunewald,play-by-play,False,,0.0,not located,
2025-12-30|526|1 Agape Keyes Jr. > Spot-Up > No Dribble Jumper > Guarded > Long/3pt > Miss 3 Pts,526,2025-12-30,UW-Whitewater,offense,Agape Keyes Jr.,play-by-play,False,,0.0,not located,
2025-12-30|526|1 Agape Keyes Jr. > Spot-Up > No Dribble Jumper > Guarded > Long/3pt > Miss 3 Pts,526,2025-12-30,UW-Whitewater,offense,Isaiah Robinson,play-by-play,False,,0.0,not located,
2025-12-30|526|1 Agape Keyes Jr. > Spot-Up > No Dribble Jumper > Guarded > Long/3pt > Miss 3 Pts,526,2025-12-30,UW-Whitewater,offense,Matthew McKay,play-by-play,False,,0.0,not located,
2025-12-30|526|1 Agape Keyes Jr. > Spot-Up > No Dribble Jumper > Guarded > Long/3pt > Miss 3 Pts,526,2025-12-30,UW-Whitewater,offense,Mikey Wildes,play-by-play,False,,0.0,not located,
2025-12-30|526|1 Agape Keyes Jr. > Spot-Up > No Dribble Jumper > Guarded > Long/3pt > Miss 3 Pts,526,2025-12-30,UW-Whitewater,offense,Trent Grunewald,play-by-play,False,,0.0,not located,
2025-12-30|526|1 Agape Keyes Jr. > Spot-Up > No Dribble Jumper > Guarded > Long/3pt > Miss 3 Pts,526,2025-12-30,Coe Kohawks,defense,C. Reece Breitenbach,play-by-play,False,,0.0,not located,
2025-12-30|526|1 Agape Keyes Jr. > Spot-Up > No Dribble Jumper > Guarded > Long/3pt > Miss 3 Pts,526,2025-12-30,Coe Kohawks,defense,Cooper Nailor,play-by-play,False,,0.0,not located,
2025-12-30|526|1 Agape Keyes Jr. > Spot-Up > No Dribble Jumper > Guarded > Long/3pt > Miss 3 Pts,526,2025-12-30,Coe Kohawks,defense,Jackson Bowman,play-by-play,False,,0.0,not located,
2025-12-30|526|1 Agape Keyes Jr. > Spot-Up > No Dribble Jumper > Guarded > Long/3pt > Miss 3 Pts,526,2025-12-30,Coe Kohawks,defense,Jackson Newell,play-by-play,False,,0.0,not located,
2025-12-30|526|1 Agape Keyes Jr. > Spot-Up > No Dribble Jumper > Guarded > Long/3pt > Miss 3 Pts,526,2025-12-30,Coe Kohawks,defense,Ryan Dolphin,play-by-play,False,,0.0,not located,
2025-12-30|527|2 Ryan Dolphin > Non Possession > No Violation,527,2025-12-30,UW-Whitewater,defense,Agape Keyes Jr.,clips before/after (no clock),False,,0.0,not located,
2025-12-30|527|2 Ryan Dolphin > Non Possession > No Violation,527,2025-12-30,UW-Whitewater,defense,Isaiah Robinson,clips before/after (no clock),False,,0.0,not located,
2025-12-30|527|2 Ryan Dolphin > Non Possession > No Violation,527,2025-12-30,UW-Whitewater,defense,Matthew McKay,clips before/after (no clock),False,,0.0,not located,
2025-12-30|527|2 Ryan Dolphin > Non Possession > No Violation,527,2025-12-30,UW-Whitewater,defense,Mikey Wildes,clips before/after (no clock),False,,0.0,not located,
2025-12-30|527|2 Ryan Dolphin > Non Possession > No Violation,527,2025-12-30,UW-Whitewater,defense,Trent Grunewald,clips before/after (no clock),False,,0.0,not located,
2025-12-30|528|23 Jay Akin > Hand Off > From Dribble > Top > Turnover,528,2025-12-30,Coe Kohawks,offense,Aleks Jajic,play-by-play,False,,0.0,not located,
2025-12-30|528|23 Jay Akin > Hand Off > From Dribble > Top > Turnover,528,2025-12-30,Coe Kohawks,offense,Austin Beeson,play-by-play,False,,0.0,not located,
2025-12-30|528|23 Jay Akin > Hand Off > From Dribble > Top > Turnover,528,2025-12-30,Coe Kohawks,offense,Jackson Newell,play-by-play,False,,0.0,not located,
2025-12-30|528|23 Jay Akin > Hand Off > From Dribble > Top > Turnover,528,2025-12-30,Coe Kohawks,offense,Jay Akin,play-by-play,False,,0.0,not located,
2025-12-30|528|23 Jay Akin > Hand Off > From Dribble > Top > Turnover,528,2025-12-30,Coe Kohawks,offense,Zach Strauss,play-by-play,False,,0.0,not located,
2025-12-30|528|23 Jay Akin > Hand Off > From Dribble > Top > Turnover,528,2025-12-30,UW-Whitewater,defense,Agape Keyes Jr.,play-by-play,False,,0.0,not located,
2025-12-30|528|23 Jay Akin > Hand Off > From Dribble > Top > Turnover,528,2025-12-30,UW-Whitewater,defense,Isaiah Robinson,play-by-play,False,,0.0,not located,
2025-12-30|528|23 Jay Akin > Hand Off > From Dribble > Top > Turnover,528,2025-12-30,UW-Whitewater,defense,Matthew McKay,play-by-play,False,,0.0,not located,
2025-12-30|528|23 Jay Akin > Hand Off > From Dribble > Top > Turnover,528,2025-12-30,UW-Whitewater,defense,Mikey Wildes,play-by-play,False,,0.0,not located,
2025-12-30|528|23 Jay Akin > Hand Off > From Dribble > Top > Turnover,528,2025-12-30,UW-Whitewater,defense,Trent Grunewald,play-by-play,False,,0.0,not located,
2025-12-30|529|5 Isaiah Robinson > Transition > Ballhandler > To Basket > Make 2 Pts,529,2025-12-30,UW-Whitewater,offense,Agape Keyes Jr.,play-by-play,False,,0.0,not located,
2025-12-30|529|5 Isaiah Robinson > Transition > Ballhandler > To Basket > Make 2 Pts,529,2025-12-30,UW-Whitewater,offense,Isaiah Robinson,play-by-play,False,,0.0,not located,
2025-12-30|529|5 Isaiah Robinson > Transition > Ballhandler > To Basket > Make 2 Pts,529,2025-12-30,UW-Whitewater,offense,Matthew McKay,play-by-play,False,,0.0,not located,
2025-12-30|529|5 Isaiah Robinson > Transition > Ballhandler > To Basket > Make 2 Pts,529,2025-12-30,UW-Whitewater,offense,Mikey Wildes,play-by-play,False,,0.0,not located,
2025-12-30|529|5 Isaiah Robinson > Transition > Ballhandler > To Basket > Make 2 Pts,529,2025-12-30,UW-Whitewater,offense,Trent Grunewald,play-by-play,False,,0.0,not located,
2025-12-30|529|5 Isaiah Robinson > Transition > Ballhandler > To Basket > Make 2 Pts,529,2025-12-30,Coe Kohawks,defense,Aleks Jajic,play-by-play,False,,0.0,not located,
2025-12-30|529|5 Isaiah Robinson > Transition > Ballhandler > To Basket > Make 2 Pts,529,2025-12-30,Coe Kohawks,defense,Austin Beeson,play-by-play,False,,0.0,not located,
2025-12-30|529|5 Isaiah Robinson > Transition > Ballhandler > To Basket > Make 2 Pts,529,2025-12-30,Coe Kohawks,defense,Jackson Newell,play-by-play,False,,0.0,not located,
2025-12-30|529|5 Isaiah Robinson > Transition > Ballhandler > To Basket > Make 2 Pts,529,2025-12-30,Coe Kohawks,defense,Jay Akin,play-by-play,False,,0.0,not located,
2025-12-30|529|5 Isaiah Robinson > Transition > Ballhandler > To Basket > Make 2 Pts,529,2025-12-30,Coe Kohawks,defense,Zach Strauss,play-by-play,False,,0.0,not located,
2025-12-30|530|25 Austin Beeson > Spot-Up > No Dribble Jumper > Guarded > Long/3pt > Miss 3 Pts,530,2025-12-30,Coe Kohawks,offense,Aleks Jajic,play-by-play,True,78,9.0,coach checked,0.99
2025-12-30|530|25 Austin Beeson > Spot-Up > No Dribble Jumper > Guarded > Long/3pt > Miss 3 Pts,530,2025-12-30,Coe Kohawks,offense,Austin Beeson,play-by-play,False,,0.0,not located,
2025-12-30|530|25 Austin Beeson > Spot-Up > No Dribble Jumper > Guarded > Long/3pt > Miss 3 Pts,530,2025-12-30,Coe Kohawks,offense,Jackson Newell,play-by-play,False,,0.0,not located,
2025-12-30|530|25 Austin Beeson > Spot-Up > No Dribble Jumper > Guarded > Long/3pt > Miss 3 Pts,530,2025-12-30,Coe Kohawks,offense,Jay Akin,play-by-play,False,,0.0,not located,
2025-12-30|530|25 Austin Beeson > Spot-Up > No Dribble Jumper > Guarded > Long/3pt > Miss 3 Pts,530,2025-12-30,Coe Kohawks,offense,Zach Strauss,play-by-play,False,,0.0,not located,
2025-12-30|530|25 Austin Beeson > Spot-Up > No Dribble Jumper > Guarded > Long/3pt > Miss 3 Pts,530,2025-12-30,UW-Whitewater,defense,Agape Keyes Jr.,play-by-play,False,,0.0,not located,
2025-12-30|530|25 Austin Beeson > Spot-Up > No Dribble Jumper > Guarded > Long/3pt > Miss 3 Pts,530,2025-12-30,UW-Whitewater,defense,Isaiah Robinson,play-by-play,False,,0.0,not located,
2025-12-30|530|25 Austin Beeson > Spot-Up > No Dribble Jumper > Guarded > Long/3pt > Miss 3 Pts,530,2025-12-30,UW-Whitewater,defense,Matthew McKay,play-by-play,False,,0.0,not located,
2025-12-30|530|25 Austin Beeson > Spot-Up > No Dribble Jumper > Guarded > Long/3pt > Miss 3 Pts,530,2025-12-30,UW-Whitewater,defense,Mikey Wildes,play-by-play,False,,0.0,not located,
2025-12-30|530|25 Austin Beeson > Spot-Up > No Dribble Jumper > Guarded > Long/3pt > Miss 3 Pts,530,2025-12-30,UW-Whitewater,defense,Trent Grunewald,play-by-play,False,,0.0,not located,
2025-12-30|531|1 Aleks Jajic > Offensive Rebound > Long > Turnover,531,2025-12-30,Coe Kohawks,offense,Aleks Jajic,clips before/after (no clock),False,,0.0,not located,
2025-12-30|531|1 Aleks Jajic > Offensive Rebound > Long > Turnover,531,2025-12-30,Coe Kohawks,offense,Austin Beeson,clips before/after (no clock),False,,0.0,not located,
2025-12-30|531|1 Aleks Jajic > Offensive Rebound > Long > Turnover,531,2025-12-30,Coe Kohawks,offense,Jackson Newell,clips before/after (no clock),False,,0.0,not located,
2025-12-30|531|1 Aleks Jajic > Offensive Rebound > Long > Turnover,531,2025-12-30,Coe Kohawks,offense,Jay Akin,clips before/after (no clock),False,,0.0,not located,
2025-12-30|531|1 Aleks Jajic > Offensive Rebound > Long > Turnover,531,2025-12-30,Coe Kohawks,offense,Zach Strauss,clips before/after (no clock),False,,0.0,not located,
2025-12-30|531|1 Aleks Jajic > Offensive Rebound > Long > Turnover,531,2025-12-30,UW-Whitewater,defense,Agape Keyes Jr.,clips before/after (no clock),False,,0.0,not located,
2025-12-30|531|1 Aleks Jajic > Offensive Rebound > Long > Turnover,531,2025-12-30,UW-Whitewater,defense,Isaiah Robinson,clips before/after (no clock),False,,0.0,not located,
2025-12-30|531|1 Aleks Jajic > Offensive Rebound > Long > Turnover,531,2025-12-30,UW-Whitewater,defense,Matthew McKay,clips before/after (no clock),False,,0.0,not located,
2025-12-30|531|1 Aleks Jajic > Offensive Rebound > Long > Turnover,531,2025-12-30,UW-Whitewater,defense,Mikey Wildes,clips before/after (no clock),False,,0.0,not located,
2025-12-30|531|1 Aleks Jajic > Offensive Rebound > Long > Turnover,531,2025-12-30,UW-Whitewater,defense,Trent Grunewald,clips before/after (no clock),False,,0.0,not located,
2025-12-30|532|30 Matthew McKay > Non Possession > No Violation,532,2025-12-30,UW-Whitewater,offense,Agape Keyes Jr.,clips before/after (no clock),False,,0.0,not located,
2025-12-30|532|30 Matthew McKay > Non Possession > No Violation,532,2025-12-30,UW-Whitewater,offense,Isaiah Robinson,clips before/after (no clock),False,,0.0,not located,
2025-12-30|532|30 Matthew McKay > Non Possession > No Violation,532,2025-12-30,UW-Whitewater,offense,Matthew McKay,clips before/after (no clock),False,,0.0,not located,
2025-12-30|532|30 Matthew McKay > Non Possession > No Violation,532,2025-12-30,UW-Whitewater,offense,Mikey Wildes,clips before/after (no clock),False,,0.0,not located,
2025-12-30|532|30 Matthew McKay > Non Possession > No Violation,532,2025-12-30,UW-Whitewater,offense,Trent Grunewald,clips before/after (no clock),False,,0.0,not located,
2025-12-30|532|30 Matthew McKay > Non Possession > No Violation,532,2025-12-30,Coe Kohawks,defense,Aleks Jajic,clips before/after (no clock),False,,0.0,not located,
2025-12-30|532|30 Matthew McKay > Non Possession > No Violation,532,2025-12-30,Coe Kohawks,defense,Austin Beeson,clips before/after (no clock),False,,0.0,not located,
2025-12-30|532|30 Matthew McKay > Non Possession > No Violation,532,2025-12-30,Coe Kohawks,defense,Jackson Newell,clips before/after (no clock),False,,0.0,not located,
2025-12-30|532|30 Matthew McKay > Non Possession > No Violation,532,2025-12-30,Coe Kohawks,defense,Jay Akin,clips before/after (no clock),False,,0.0,not located,
2025-12-30|532|30 Matthew McKay > Non Possession > No Violation,532,2025-12-30,Coe Kohawks,defense,Zach Strauss,clips before/after (no clock),False,,0.0,not located,
2025-12-30|533|5 Isaiah Robinson > P&R Ball Handler > Left P&R > Baseline > Dribble Off Pick > Defense Commits > Ball Delivered > 33 Trent Grunewald > Spot-Up > No Dribble Jumper > Guarded > Long/3pt > Miss 3 Pts,533,2025-12-30,UW-Whitewater,offense,Agape Keyes Jr.,play-by-play,False,,0.0,not located,
2025-12-30|533|5 Isaiah Robinson > P&R Ball Handler > Left P&R > Baseline > Dribble Off Pick > Defense Commits > Ball Delivered > 33 Trent Grunewald > Spot-Up > No Dribble Jumper > Guarded > Long/3pt > Miss 3 Pts,533,2025-12-30,UW-Whitewater,offense,Isaiah Robinson,play-by-play,False,,0.0,not located,
2025-12-30|533|5 Isaiah Robinson > P&R Ball Handler > Left P&R > Baseline > Dribble Off Pick > Defense Commits > Ball Delivered > 33 Trent Grunewald > Spot-Up > No Dribble Jumper > Guarded > Long/3pt > Miss 3 Pts,533,2025-12-30,UW-Whitewater,offense,Matthew McKay,play-by-play,False,,0.0,not located,
2025-12-30|533|5 Isaiah Robinson > P&R Ball Handler > Left P&R > Baseline > Dribble Off Pick > Defense Commits > Ball Delivered > 33 Trent Grunewald > Spot-Up > No Dribble Jumper > Guarded > Long/3pt > Miss 3 Pts,533,2025-12-30,UW-Whitewater,offense,Mikey Wildes,play-by-play,False,,0.0,not located,
2025-12-30|533|5 Isaiah Robinson > P&R Ball Handler > Left P&R > Baseline > Dribble Off Pick > Defense Commits > Ball Delivered > 33 Trent Grunewald > Spot-Up > No Dribble Jumper > Guarded > Long/3pt > Miss 3 Pts,533,2025-12-30,UW-Whitewater,offense,Trent Grunewald,play-by-play,False,,0.0,not located,
2025-12-30|533|5 Isaiah Robinson > P&R Ball Handler > Left P&R > Baseline > Dribble Off Pick > Defense Commits > Ball Delivered > 33 Trent Grunewald > Spot-Up > No Dribble Jumper > Guarded > Long/3pt > Miss 3 Pts,533,2025-12-30,Coe Kohawks,defense,Aleks Jajic,play-by-play,False,,0.0,not located,
2025-12-30|533|5 Isaiah Robinson > P&R Ball Handler > Left P&R > Baseline > Dribble Off Pick > Defense Commits > Ball Delivered > 33 Trent Grunewald > Spot-Up > No Dribble Jumper > Guarded > Long/3pt > Miss 3 Pts,533,2025-12-30,Coe Kohawks,defense,Austin Beeson,play-by-play,False,,0.0,not located,
2025-12-30|533|5 Isaiah Robinson > P&R Ball Handler > Left P&R > Baseline > Dribble Off Pick > Defense Commits > Ball Delivered > 33 Trent Grunewald > Spot-Up > No Dribble Jumper > Guarded > Long/3pt > Miss 3 Pts,533,2025-12-30,Coe Kohawks,defense,Jackson Newell,play-by-play,False,,0.0,not located,
2025-12-30|533|5 Isaiah Robinson > P&R Ball Handler > Left P&R > Baseline > Dribble Off Pick > Defense Commits > Ball Delivered > 33 Trent Grunewald > Spot-Up > No Dribble Jumper > Guarded > Long/3pt > Miss 3 Pts,533,2025-12-30,Coe Kohawks,defense,Jay Akin,play-by-play,False,,0.0,not located,
2025-12-30|533|5 Isaiah Robinson > P&R Ball Handler > Left P&R > Baseline > Dribble Off Pick > Defense Commits > Ball Delivered > 33 Trent Grunewald > Spot-Up > No Dribble Jumper > Guarded > Long/3pt > Miss 3 Pts,533,2025-12-30,Coe Kohawks,defense,Zach Strauss,play-by-play,False,,0.0,not located,
2025-12-30|534|1 Agape Keyes Jr. > Offensive Rebound > Short > Scoring Attempt > At Basket > Miss 2 Pts,534,2025-12-30,UW-Whitewater,offense,Agape Keyes Jr.,play-by-play,False,,0.0,not located,
2025-12-30|534|1 Agape Keyes Jr. > Offensive Rebound > Short > Scoring Attempt > At Basket > Miss 2 Pts,534,2025-12-30,UW-Whitewater,offense,Isaiah Robinson,play-by-play,False,,0.0,not located,
2025-12-30|534|1 Agape Keyes Jr. > Offensive Rebound > Short > Scoring Attempt > At Basket > Miss 2 Pts,534,2025-12-30,UW-Whitewater,offense,Matthew McKay,play-by-play,False,,0.0,not located,
2025-12-30|534|1 Agape Keyes Jr. > Offensive Rebound > Short > Scoring Attempt > At Basket > Miss 2 Pts,534,2025-12-30,UW-Whitewater,offense,Mikey Wildes,play-by-play,False,,0.0,not located,
2025-12-30|534|1 Agape Keyes Jr. > Offensive Rebound > Short > Scoring Attempt > At Basket > Miss 2 Pts,534,2025-12-30,UW-Whitewater,offense,Trent Grunewald,play-by-play,False,,0.0,not located,
2025-12-30|534|1 Agape Keyes Jr. > Offensive Rebound > Short > Scoring Attempt > At Basket > Miss 2 Pts,534,2025-12-30,Coe Kohawks,defense,Aleks Jajic,play-by-play,False,,0.0,not located,
2025-12-30|534|1 Agape Keyes Jr. > Offensive Rebound > Short > Scoring Attempt > At Basket > Miss 2 Pts,534,2025-12-30,Coe Kohawks,defense,Austin Beeson,play-by-play,False,,0.0,not located,
2025-12-30|534|1 Agape Keyes Jr. > Offensive Rebound > Short > Scoring Attempt > At Basket > Miss 2 Pts,534,2025-12-30,Coe Kohawks,defense,Jackson Newell,play-by-play,False,,0.0,not located,
2025-12-30|534|1 Agape Keyes Jr. > Offensive Rebound > Short > Scoring Attempt > At Basket > Miss 2 Pts,534,2025-12-30,Coe Kohawks,defense,Jay Akin,play-by-play,False,,0.0,not located,
2025-12-30|534|1 Agape Keyes Jr. > Offensive Rebound > Short > Scoring Attempt > At Basket > Miss 2 Pts,534,2025-12-30,Coe Kohawks,defense,Zach Strauss,play-by-play,False,,0.0,not located,
2025-12-30|535|14 Mikey Wildes > P&R Ball Handler > Left P&R > Side > Dribble Off Pick > To Basket > Miss 2 Pts,535,2025-12-30,UW-Whitewater,offense,Agape Keyes Jr.,play-by-play,False,,0.0,not located,
2025-12-30|535|14 Mikey Wildes > P&R Ball Handler > Left P&R > Side > Dribble Off Pick > To Basket > Miss 2 Pts,535,2025-12-30,UW-Whitewater,offense,Isaiah Robinson,play-by-play,False,,0.0,not located,
2025-12-30|535|14 Mikey Wildes > P&R Ball Handler > Left P&R > Side > Dribble Off Pick > To Basket > Miss 2 Pts,535,2025-12-30,UW-Whitewater,offense,Matthew McKay,play-by-play,False,,0.0,not located,
2025-12-30|535|14 Mikey Wildes > P&R Ball Handler > Left P&R > Side > Dribble Off Pick > To Basket > Miss 2 Pts,535,2025-12-30,UW-Whitewater,offense,Mikey Wildes,play-by-play,False,,0.0,not located,
2025-12-30|535|14 Mikey Wildes > P&R Ball Handler > Left P&R > Side > Dribble Off Pick > To Basket > Miss 2 Pts,535,2025-12-30,UW-Whitewater,offense,Trent Grunewald,play-by-play,False,,0.0,not located,
2025-12-30|535|14 Mikey Wildes > P&R Ball Handler > Left P&R > Side > Dribble Off Pick > To Basket > Miss 2 Pts,535,2025-12-30,Coe Kohawks,defense,Aleks Jajic,play-by-play,False,,0.0,not located,
2025-12-30|535|14 Mikey Wildes > P&R Ball Handler > Left P&R > Side > Dribble Off Pick > To Basket > Miss 2 Pts,535,2025-12-30,Coe Kohawks,defense,Austin Beeson,play-by-play,False,,0.0,not located,
2025-12-30|535|14 Mikey Wildes > P&R Ball Handler > Left P&R > Side > Dribble Off Pick > To Basket > Miss 2 Pts,535,2025-12-30,Coe Kohawks,defense,Jackson Newell,play-by-play,False,,0.0,not located,
2025-12-30|535|14 Mikey Wildes > P&R Ball Handler > Left P&R > Side > Dribble Off Pick > To Basket > Miss 2 Pts,535,2025-12-30,Coe Kohawks,defense,Jay Akin,play-by-play,False,,0.0,not located,
2025-12-30|535|14 Mikey Wildes > P&R Ball Handler > Left P&R > Side > Dribble Off Pick > To Basket > Miss 2 Pts,535,2025-12-30,Coe Kohawks,defense,Zach Strauss,play-by-play,False,,0.0,not located,
2025-12-30|536|23 Jay Akin > Non Possession > No Violation,536,2025-12-30,Coe Kohawks,offense,Aleks Jajic,clips before/after (no clock),False,,0.0,not located,
2025-12-30|536|23 Jay Akin > Non Possession > No Violation,536,2025-12-30,Coe Kohawks,offense,Austin Beeson,clips before/after (no clock),False,,0.0,not located,
2025-12-30|536|23 Jay Akin > Non Possession > No Violation,536,2025-12-30,Coe Kohawks,offense,Jackson Newell,clips before/after (no clock),False,,0.0,not located,
2025-12-30|536|23 Jay Akin > Non Possession > No Violation,536,2025-12-30,Coe Kohawks,offense,Jay Akin,clips before/after (no clock),False,,0.0,not located,
2025-12-30|536|23 Jay Akin > Non Possession > No Violation,536,2025-12-30,Coe Kohawks,offense,Zach Strauss,clips before/after (no clock),True,0,2.8,coach checked,0.99
2025-12-30|536|23 Jay Akin > Non Possession > No Violation,536,2025-12-30,UW-Whitewater,defense,Agape Keyes Jr.,clips before/after (no clock),False,,0.0,not located,
2025-12-30|536|23 Jay Akin > Non Possession > No Violation,536,2025-12-30,UW-Whitewater,defense,Isaiah Robinson,clips before/after (no clock),False,,0.0,not located,
2025-12-30|536|23 Jay Akin > Non Possession > No Violation,536,2025-12-30,UW-Whitewater,defense,Matthew McKay,clips before/after (no clock),False,,0.0,not located,
2025-12-30|536|23 Jay Akin > Non Possession > No Violation,536,2025-12-30,UW-Whitewater,defense,Mikey Wildes,clips before/after (no clock),False,,0.0,not located,
2025-12-30|536|23 Jay Akin > Non Possession > No Violation,536,2025-12-30,UW-Whitewater,defense,Trent Grunewald,clips before/after (no clock),False,,0.0,not located,
