side,scouted_opponent,level,name,uses,games,poss_with_points,points,ppp,team_ppp,fgm,fga,fg_pct,fg3m,fg3a,turnovers,fouls_drawn,top_player,top_player_uses,series,top_action,top_location,top_location_uses,situation,personnel_grouping_mode,shot_clock_mode,game_situation_mode,defense_type_mode,example_titles,game_codes,possession_side
UWW,UW-Stevens Point Pointers,Play call,5 Out Motion,14,1,13,11.0,0.85,0.99,4,9,44.4,2,5,2,3,Brock Marino,4,Motion,Down Screen,,0,Half court,2G-3W,Organized offense (10-19 sec used),,Man-to-Man,5out(pass corner-):m2m | 5out:m2m(rj) | 5out(ds):m2m,WOS@WWW,Offense
UWW,UW-Stevens Point Pointers,Play call,BLOB,7,1,7,4.0,0.57,0.99,2,5,40.0,0,0,1,1,Brock Marino,2,BLOB,,,0,BLOB,3G-2W,Organized offense (10-19 sec used),,Man-to-Man,blob:m2m | blob: m2m | BLOB:M2M,WOS@WWW,Offense
UWW,UW-Stevens Point Pointers,Play call,BLOB Line Motion,6,1,6,7.0,1.17,0.99,3,6,50.0,1,2,0,0,Richie Warren,2,BLOB,,,0,BLOB,2G-3W,Late clock (20+ sec used),,Man-to-Man,blob(line):m2m | blob(line)-m2m | blob(line): m2m,WOS@WWW,Offense
UWW,UW-Stevens Point Pointers,Play call,Ball Screen,4,1,4,4.0,1.0,0.99,1,4,25.0,0,1,0,0,Collin Madson,1,Ball Screen,Reject,,0,Half court,4G-1W,Organized offense (10-19 sec used),Trailing by 10+,Man-to-Man,bs:press(rj)(switch) | BS(reject):press(rj),WOS@WWW,Offense
UWW,UW-Stevens Point Pointers,Play call,Cheetah,3,1,3,3.0,1.0,0.99,1,2,50.0,1,1,1,0,Collin Madson,2,Cheetah,,,0,Half court,4G-1W,Late clock (20+ sec used),,Man-to-Man,cheetah:m2m(rj) | cheetah:press(rj)(switch) | cheetah:presss(rj),WOS@WWW,Offense
UWW,UW-Stevens Point Pointers,Play call,DHO,2,1,2,0.0,0.0,0.99,0,2,0.0,0,0,0,0,Collin Madson,1,DHO,,,0,Half court,3G-2W,Organized offense (10-19 sec used),"Clutch (last 5 min, margin ≤ 8)",Man-to-Man,dho:press(rj)(switch),WOS@WWW,Offense
UWW,UW-Stevens Point Pointers,Play call,Over,2,1,2,2.0,1.0,0.99,1,1,100.0,0,0,0,1,Collin Madson,1,Over,,,0,Half court,2G-3W,Organized offense (10-19 sec used),,Man-to-Man,5 out(Over): m2m d | 5out(over):m2m(rj),WOS@WWW,Offense
UWW,UW-Stevens Point Pointers,Play call,Panther,1,1,0,0.0,,0.99,0,0,,0,0,0,1,Brock Marino,1,Panther,,,0,Half court,,,,Man-to-Man,panther:press(rj),WOS@WWW,Offense
UWW,UW-Stevens Point Pointers,Play call,SLOB,3,1,3,0.0,0.0,0.99,0,2,0.0,0,0,0,1,Brock Marino,1,SLOB,,,0,SLOB,2G-3W,Late clock (20+ sec used),,Man-to-Man,slob:m2m | SLOB:,WOS@WWW,Offense
UWW,UW-Stevens Point Pointers,Play call,Twins Motion,1,1,1,2.0,2.0,0.99,0,0,,0,0,0,1,Collin Madson,1,Motion,,,0,Half court,3G-2W,Late clock (20+ sec used),,Man-to-Man,twin:press(rj),WOS@WWW,Offense
UWW,UW-Stevens Point Pointers,Series,BLOB,13,1,13,11.0,0.85,0.99,5,11,45.5,1,2,1,1,Richie Warren,3,BLOB,,,0,BLOB,2G-3W,Organized offense (10-19 sec used),,Man-to-Man,blob:m2m | blob(line):m2m | blob: m2m,WOS@WWW,Offense
UWW,UW-Stevens Point Pointers,Series,Ball Screen,4,1,4,4.0,1.0,0.99,1,4,25.0,0,1,0,0,Collin Madson,1,Ball Screen,Reject,,0,Half court,4G-1W,Organized offense (10-19 sec used),Trailing by 10+,Man-to-Man,bs:press(rj)(switch) | BS(reject):press(rj),WOS@WWW,Offense
UWW,UW-Stevens Point Pointers,Series,Cheetah,3,1,3,3.0,1.0,0.99,1,2,50.0,1,1,1,0,Collin Madson,2,Cheetah,,,0,Half court,4G-1W,Late clock (20+ sec used),,Man-to-Man,cheetah:m2m(rj) | cheetah:press(rj)(switch) | cheetah:presss(rj),WOS@WWW,Offense
UWW,UW-Stevens Point Pointers,Series,DHO,2,1,2,0.0,0.0,0.99,0,2,0.0,0,0,0,0,Collin Madson,1,DHO,,,0,Half court,3G-2W,Organized offense (10-19 sec used),"Clutch (last 5 min, margin ≤ 8)",Man-to-Man,dho:press(rj)(switch),WOS@WWW,Offense
UWW,UW-Stevens Point Pointers,Series,Motion,15,1,14,13.0,0.93,0.99,4,9,44.4,2,5,2,4,Collin Madson,5,Motion,Down Screen,,0,Half court,2G-3W,Late clock (20+ sec used),,Man-to-Man,5out(pass corner-):m2m | 5out:m2m(rj) | 5out(ds):m2m,WOS@WWW,Offense
UWW,UW-Stevens Point Pointers,Series,Over,2,1,2,2.0,1.0,0.99,1,1,100.0,0,0,0,1,Collin Madson,1,Over,,,0,Half court,2G-3W,Organized offense (10-19 sec used),,Man-to-Man,5 out(Over): m2m d | 5out(over):m2m(rj),WOS@WWW,Offense
UWW,UW-Stevens Point Pointers,Series,Panther,1,1,0,0.0,,0.99,0,0,,0,0,0,1,Brock Marino,1,Panther,,,0,Half court,,,,Man-to-Man,panther:press(rj),WOS@WWW,Offense
UWW,UW-Stevens Point Pointers,Series,SLOB,3,1,3,0.0,0.0,0.99,0,2,0.0,0,0,0,1,Brock Marino,1,SLOB,,,0,SLOB,2G-3W,Late clock (20+ sec used),,Man-to-Man,slob:m2m | SLOB:,WOS@WWW,Offense
UWW,UW-Stevens Point Pointers,Primary action,Ball Screen,5,1,4,0.0,0.0,0.99,0,3,0.0,0,2,1,1,Collin Madson,3,Motion,,,0,Half court,2G-3W,Organized offense (10-19 sec used),,Man-to-Man,5out(bs-slip):Press(m2m) | 5out(bs):m2m(switch) | 5out(bs-reject):m2m,WOS@WWW,Offense
UWW,UW-Stevens Point Pointers,Primary action,Down Screen,6,1,6,9.0,1.5,0.99,3,4,75.0,2,2,1,1,Brock Marino,2,Motion,,,0,Half court,2G-3W,Late clock (20+ sec used),,Man-to-Man,5out(ds):m2m | 5out(ds):press(rj) | 5out(ds):m2m(rj),WOS@WWW,Offense
UWW,UW-Stevens Point Pointers,Primary action,Offensive Rebound,5,1,5,4.0,0.8,0.99,1,4,25.0,0,2,0,1,Luke Bara,2,,,,0,Offensive rebound,4G-1W,Early clock (0-9 sec used),Trailing by 10+,,oreb,WOS@WWW,Offense
UWW,UW-Stevens Point Pointers,Primary action,Pass to Corner,1,1,1,2.0,2.0,0.99,1,1,100.0,0,0,0,0,Brock Marino,1,Motion,,,0,Half court,2G-3W,Organized offense (10-19 sec used),,Man-to-Man,5out(pass corner-):m2m,WOS@WWW,Offense
UWW,UW-Stevens Point Pointers,Primary action,Reject,1,1,1,2.0,2.0,0.99,1,1,100.0,0,0,0,0,Collin Madson,1,Ball Screen,,,0,Half court,2G-3W,Organized offense (10-19 sec used),,Man-to-Man,BS(reject):press(rj),WOS@WWW,Offense
UWW,UW-Stevens Point Pointers,Primary action,Stagger,1,1,1,0.0,0.0,0.99,0,1,0.0,0,1,0,0,Darius Chestnut,1,Motion,,,0,Half court,,,,Man-to-Man,5out(stagger-bs):press(rj)(switch),WOS@WWW,Offense
UWW,UW-Stevens Point Pointers,Situation,ATO,6,3,6,1.0,0.17,0.99,0,3,0.0,0,1,2,0,Tyshawn Teague-Johnson,2,Ball Screen,,,0,ATO,3G-2W,Organized offense (10-19 sec used),Leading by 10+,Man-to-Man,Tyshawn Teague-Johnson | Richie Warren | Collin Madson,WOS@WWW WWW@AC WWW@COE,Offense
UWW,UW-Stevens Point Pointers,Situation,BLOB,13,1,13,11.0,0.85,0.99,5,11,45.5,1,2,1,1,Richie Warren,3,BLOB,,,0,BLOB,2G-3W,Organized offense (10-19 sec used),,Man-to-Man,blob:m2m | blob(line):m2m | blob: m2m,WOS@WWW,Offense
UWW,UW-Stevens Point Pointers,Situation,Half court,236,3,195,198.0,1.02,0.99,45,118,38.1,15,40,38,34,Collin Madson,45,Motion,Down Screen,,0,Half court,3G-2W,Organized offense (10-19 sec used),Trailing by 10+,Man-to-Man,Collin Madson | Brock Marino | Tyshawn Teague-Johnson,WOS@WWW WWW@AC WWW@COE,Offense
UWW,UW-Stevens Point Pointers,Situation,Offensive rebound,5,1,5,4.0,0.8,0.99,1,4,25.0,0,2,0,1,Luke Bara,2,,Offensive Rebound,,0,Offensive rebound,4G-1W,Early clock (0-9 sec used),Trailing by 10+,,oreb,WOS@WWW,Offense
UWW,UW-Stevens Point Pointers,Situation,SLOB,3,1,3,0.0,0.0,0.99,0,2,0.0,0,0,0,1,Brock Marino,1,SLOB,,,0,SLOB,2G-3W,Late clock (20+ sec used),,Man-to-Man,slob:m2m | SLOB:,WOS@WWW,Offense
UWW,UW-Stevens Point Pointers,Situation,Transition,47,3,47,51.0,1.09,0.99,19,38,50.0,5,13,5,3,Collin Madson,11,,,,0,Transition,4G-1W,Early clock (0-9 sec used),Leading by 10+,Man-to-Man,tran | Jake Quast | Darius Chestnut,WOS@WWW WWW@AC WWW@COE,Offense
UWW,UW-Stevens Point Pointers,Finish type,Cut,15,3,15,17.0,1.13,0.99,6,12,50.0,0,0,0,3,Brock Marino,5,BLOB,,,0,Half court,3G-2W,Organized offense (10-19 sec used),Trailing by 10+,Man-to-Man,Brock Marino | Tyshawn Teague-Johnson | Richie Warren,WOS@WWW WWW@AC WWW@COE,Offense
UWW,UW-Stevens Point Pointers,Finish type,Hand Off,5,3,5,2.0,0.4,0.99,1,4,25.0,0,1,1,0,Collin Madson,2,BLOB,,,0,Half court,3G-2W,Organized offense (10-19 sec used),Trailing by 10+,Man-to-Man,Tyshawn Teague-Johnson | :press(rj) | blob:m2m,WOS@WWW WWW@AC WWW@COE,Offense
UWW,UW-Stevens Point Pointers,Finish type,ISO,20,3,20,13.0,0.65,0.99,4,16,25.0,0,2,1,3,Luke Bara,5,Motion,Ball Screen,,0,Half court,3G-2W,Late clock (20+ sec used),Trailing by 10+,Man-to-Man,Tyshawn Teague-Johnson | Luke Bara | ::press(rj),WOS@WWW WWW@AC WWW@COE,Offense
UWW,UW-Stevens Point Pointers,Finish type,No Play Type,19,3,19,7.0,0.37,0.99,1,4,25.0,1,2,12,3,Luke Bara,4,Motion,Stagger,,0,Half court,3G-2W,Early clock (0-9 sec used),Trailing by 10+,Man-to-Man,::press(rj) | Brock Marino | blob:m2m,WOS@WWW WWW@AC WWW@COE,Offense
UWW,UW-Stevens Point Pointers,Finish type,Non Possession,70,3,33,42.0,1.27,0.99,0,0,,0,0,18,14,Collin Madson,21,Motion,Ball Screen,,0,Half court,3G-2W,Early clock (0-9 sec used),Trailing by 10+,Man-to-Man,Collin Madson | Brock Marino | Jake Quast,WOS@WWW WWW@AC WWW@COE,Offense
UWW,UW-Stevens Point Pointers,Finish type,Off Screen,9,3,9,3.0,0.33,0.99,1,7,14.3,1,5,1,1,Luke Bara,5,Motion,Down Screen,,0,Half court,3G-2W,Organized offense (10-19 sec used),Leading by 10+,Man-to-Man,Luke Bara | Kelton Mcewen | Collin Madson,WOS@WWW WWW@AC WWW@COE,Offense
UWW,UW-Stevens Point Pointers,Finish type,Offensive Rebound,15,3,13,21.0,1.62,0.99,3,6,50.0,0,0,0,4,Jake Quast,5,,Offensive Rebound,,0,Half court,3G-2W,Early clock (0-9 sec used),Trailing by 10+,,Jake Quast | Brock Marino | oreb,WOS@WWW WWW@AC WWW@COE,Offense
UWW,UW-Stevens Point Pointers,Finish type,P&R Ball Handler,41,3,41,41.0,1.0,0.99,12,33,36.4,4,12,3,4,Collin Madson,8,Ball Screen,Ball Screen,,0,Half court,3G-2W,Organized offense (10-19 sec used),Trailing by 10+,Man-to-Man,Tyshawn Teague-Johnson | Collin Madson | Joey Berezowitz,WOS@WWW WWW@AC WWW@COE,Offense
UWW,UW-Stevens Point Pointers,Finish type,Post-Up,29,3,27,23.0,0.85,0.99,8,22,36.4,2,4,2,3,Brock Marino,9,Motion,Down Screen,,0,Half court,3G-2W,Late clock (20+ sec used),Leading by 10+,Man-to-Man,Brock Marino | Collin Madson | Jake Quast,WOS@WWW WWW@AC WWW@COE,Offense
UWW,UW-Stevens Point Pointers,Finish type,Spot-Up,43,3,43,47.0,1.09,0.99,15,35,42.9,8,19,4,3,Richie Warren,9,BLOB,Down Screen,,0,Half court,3G-2W,Organized offense (10-19 sec used),Trailing by 10+,Man-to-Man,Tyshawn Teague-Johnson | Jake Quast | Richie Warren,WOS@WWW WWW@AC WWW@COE,Offense
UWW,UW-Stevens Point Pointers,Finish type,Transition,44,3,44,49.0,1.11,0.99,19,37,51.4,5,13,4,2,Collin Madson,9,,,,0,Transition,4G-1W,Early clock (0-9 sec used),Leading by 10+,Man-to-Man,tran | Jake Quast | Darius Chestnut,WOS@WWW WWW@AC WWW@COE,Offense
UWW,UW-Stevens Point Pointers,Personnel grouping,"Agape Keyes Jr., Darius Chestnut, Isaiah Robinson, Rashad Rogers, Tyshawn Teague-Johnson",2,1,2,4.0,2.0,0.99,0,0,,0,0,0,0,Tyshawn Teague-Johnson,2,,,,0,Half court,3G-2W,Organized offense (10-19 sec used),Leading by 10+,,Tyshawn Teague-Johnson,WWW@AC,Offense
UWW,UW-Stevens Point Pointers,Personnel grouping,"Agape Keyes Jr., Isaiah Robinson, Matthew McKay, Mikey Wildes, Trent Grunewald",5,1,5,2.0,0.4,0.99,1,5,20.0,0,2,0,0,Agape Keyes Jr.,2,,,,0,Half court,4G-1W,Early clock (0-9 sec used),Trailing by 10+,,Agape Keyes Jr. | Isaiah Robinson | Trent Grunewald,WWW@COE,Offense
UWW,UW-Stevens Point Pointers,Personnel grouping,"Agape Keyes Jr., Isaiah Robinson, Mauryon Turner, Rashad Rogers, Trent Grunewald",7,1,7,7.0,1.0,0.99,3,6,50.0,1,2,1,0,Trent Grunewald,2,,,,0,Half court,Small / shooting five (no true big),Late clock (20+ sec used),Leading by 10+,,Trent Grunewald | Rashad Rogers | Isaiah Robinson,WWW@AC,Offense
UWW,UW-Stevens Point Pointers,Personnel grouping,"Agape Keyes Jr., Isaiah Robinson, Rashad Rogers, Trent Grunewald, Tyshawn Teague-Johnson",1,1,1,3.0,3.0,0.99,1,1,100.0,1,1,0,0,Tyshawn Teague-Johnson,1,,,,0,Half court,3G-2W,Early clock (0-9 sec used),Leading by 10+,,Tyshawn Teague-Johnson,WWW@AC,Offense
UWW,UW-Stevens Point Pointers,Personnel grouping,"Brock Marino, Collin Madson, Darius Chestnut, Jake Quast, Luke Bara",7,1,7,10.0,1.43,0.99,1,3,33.3,0,1,0,2,Brock Marino,3,,,,0,Half court,4G-1W,Organized offense (10-19 sec used),Trailing by 10+,,Brock Marino | Collin Madson | Luke Bara,WWW@COE,Offense
UWW,UW-Stevens Point Pointers,Personnel grouping,"Brock Marino, Collin Madson, Darius Chestnut, Luke Bara, Richie Warren",9,2,9,6.0,0.67,0.99,0,3,0.0,0,0,1,2,Collin Madson,4,BLOB,Down Screen,,0,Half court,3G-2W,Organized offense (10-19 sec used),Leading by 10+,Man-to-Man,Collin Madson | Brock Marino | Luke Bara,WOS@WWW WWW@AC,Offense
UWW,UW-Stevens Point Pointers,Personnel grouping,"Brock Marino, Collin Madson, Isaac Verges, Luke Bara, Richie Warren",25,1,25,26.0,1.04,0.99,6,16,37.5,1,3,2,3,Brock Marino,8,,,,0,Half court,3G-2W,Early clock (0-9 sec used),Leading by 10+,,Brock Marino | Isaac Verges | Richie Warren,WWW@AC,Offense
UWW,UW-Stevens Point Pointers,Personnel grouping,"Brock Marino, Collin Madson, JR Lukenbill, Jake Quast, Luke Bara",2,1,2,2.0,1.0,0.99,1,2,50.0,0,1,0,0,Jake Quast,1,BLOB,Ball Screen,,0,BLOB,3G-2W,Late clock (20+ sec used),,Man-to-Man,blob(line):m2m | 5OUT(BS):press(RJ)(SWITCH),WOS@WWW,Offense
UWW,UW-Stevens Point Pointers,Personnel grouping,"Brock Marino, Collin Madson, JR Lukenbill, Luke Bara, Richie Warren",29,1,29,24.0,0.83,0.99,7,15,46.7,2,4,5,7,Luke Bara,9,Motion,Down Screen,,0,Half court,2G-3W,Organized offense (10-19 sec used),Trailing by 10+,Man-to-Man,::press(rj) | :press(rj) | 5 out(Over): m2m d,WOS@WWW,Offense
UWW,UW-Stevens Point Pointers,Personnel grouping,"Brock Marino, Collin Madson, JR Lukenbill, Luke Bara, Tyshawn Teague-Johnson",4,1,4,3.0,0.75,0.99,1,3,33.3,0,2,0,1,Brock Marino,2,BLOB,,,0,Half court,2G-3W,Organized offense (10-19 sec used),,Man-to-Man,:press(rj) | blob(line);m2m | Brock Marino,WOS@WWW,Offense
UWW,UW-Stevens Point Pointers,Personnel grouping,"Brock Marino, Collin Madson, Jake Quast, Joey Berezowitz, Kelton McEwen",13,2,13,13.0,1.0,0.99,5,11,45.5,1,2,1,1,Jake Quast,5,Ball Screen,Offensive Rebound,,0,Half court,4G-1W,Early clock (0-9 sec used),,Man-to-Man,Jake Quast | Collin Madson | Brock Marino,WOS@WWW WWW@AC,Offense
UWW,UW-Stevens Point Pointers,Personnel grouping,"Brock Marino, Collin Madson, Jake Quast, Joey Berezowitz, Luke Bara",1,1,1,0.0,0.0,0.99,0,1,0.0,0,1,0,0,Collin Madson,1,,,,0,Half court,4G-1W,Late clock (20+ sec used),,,Collin Madson,WWW@COE,Offense
UWW,UW-Stevens Point Pointers,Personnel grouping,"Brock Marino, Collin Madson, Jake Quast, Joey Berezowitz, Richie Warren",2,1,2,3.0,1.5,0.99,1,1,100.0,0,0,0,1,Joey Berezowitz,1,BLOB,,,0,BLOB,3G-2W,Organized offense (10-19 sec used),Trailing by 10+,Man-to-Man,blob:m2m | :m2m(rj),WOS@WWW,Offense
UWW,UW-Stevens Point Pointers,Personnel grouping,"Brock Marino, Collin Madson, Jake Quast, Luke Bara, Richie Warren",5,1,5,8.0,1.6,0.99,0,1,0.0,0,0,0,4,Luke Bara,3,BLOB,Offensive Rebound,,0,Half court,3G-2W,Organized offense (10-19 sec used),Trailing by 10+,Man-to-Man,:press(rj) | blob:m2m | press(rj),WOS@WWW,Offense
UWW,UW-Stevens Point Pointers,Personnel grouping,"Brock Marino, Collin Madson, Joey Berezowitz, Luke Bara, Richie Warren",19,2,19,24.0,1.26,0.99,8,15,53.3,4,4,1,2,Brock Marino,5,,,,0,Half court,3G-2W,Organized offense (10-19 sec used),Trailing by 10+,,Brock Marino | Luke Bara | Joey Berezowitz,WWW@AC WWW@COE,Offense
UWW,UW-Stevens Point Pointers,Personnel grouping,"Brock Marino, Collin Madson, Joey Berezowitz, Luke Bara, Tyshawn Teague-Johnson",1,1,1,0.0,0.0,0.99,0,0,,0,0,1,0,Luke Bara,1,,,,0,Half court,3G-2W,Early clock (0-9 sec used),,,Luke Bara,WWW@COE,Offense
UWW,UW-Stevens Point Pointers,Personnel grouping,"Brock Marino, Collin Madson, Luke Bara, Richie Warren, Tyshawn Teague-Johnson",1,1,1,0.0,0.0,0.99,0,1,0.0,0,0,0,0,Luke Bara,1,,,,0,Transition,2G-3W,Early clock (0-9 sec used),,,tran,WOS@WWW,Offense
UWW,UW-Stevens Point Pointers,Personnel grouping,"Collin Madson, Darius Chestnut, JR Lukenbill, Jake Quast, Joey Berezowitz",9,1,9,8.0,0.89,0.99,3,9,33.3,2,5,0,0,Collin Madson,4,BLOB,Down Screen,,0,Half court,4G-1W,Late clock (20+ sec used),,Man-to-Man,::press(rj) | blob(line):m2m | 5out(ds):m2m(rj),WOS@WWW,Offense
UWW,UW-Stevens Point Pointers,Personnel grouping,"Collin Madson, Darius Chestnut, JR Lukenbill, Jake Quast, Luke Bara",5,1,5,8.0,1.6,0.99,0,1,0.0,0,1,0,0,Collin Madson,4,,,,0,Half court,4G-1W,Organized offense (10-19 sec used),Trailing by 10+,,Collin Madson | Luke Bara,WWW@COE,Offense
UWW,UW-Stevens Point Pointers,Personnel grouping,"Collin Madson, Darius Chestnut, JR Lukenbill, Luke Bara, Tyshawn Teague-Johnson",6,1,6,6.0,1.0,0.99,0,3,0.0,0,1,0,1,Collin Madson,4,,,,0,Half court,3G-2W,Early clock (0-9 sec used),Trailing by 10+,,Collin Madson | Tyshawn Teague-Johnson | Darius Chestnut,WWW@COE,Offense
UWW,UW-Stevens Point Pointers,Personnel grouping,"Collin Madson, Darius Chestnut, Joey Berezowitz, Luke Bara, Richie Warren",12,2,12,17.0,1.42,0.99,2,8,25.0,2,4,0,1,Collin Madson,5,DHO,,,0,Half court,4G-1W,Organized offense (10-19 sec used),Trailing by 10+,Man-to-Man,Collin Madson | Richie Warren | Darius Chestnut,WOS@WWW WWW@AC,Offense
UWW,UW-Stevens Point Pointers,Personnel grouping,"Collin Madson, Darius Chestnut, Joey Berezowitz, Richie Warren, Tyshawn Teague-Johnson",2,1,2,4.0,2.0,0.99,2,2,100.0,0,0,0,0,Richie Warren,2,Over,Down Screen,,0,Half court,3G-2W,Organized offense (10-19 sec used),,Man-to-Man,5out(over):m2m(rj) | 5out(ds)::m2m,WOS@WWW,Offense
UWW,UW-Stevens Point Pointers,Personnel grouping,"Collin Madson, Darius Chestnut, Luke Bara, Richie Warren, Tyshawn Teague-Johnson",2,1,2,3.0,1.5,0.99,1,2,50.0,1,1,0,0,Richie Warren,1,,,,0,Half court,3G-2W,Late clock (20+ sec used),Leading by 10+,,Richie Warren | Darius Chestnut,WWW@AC,Offense
UWW,UW-Stevens Point Pointers,Personnel grouping,"Collin Madson, JR Lukenbill, Jake Quast, Joey Berezowitz, Richie Warren",2,1,2,3.0,1.5,0.99,1,2,50.0,1,1,0,0,Collin Madson,1,,,,0,Transition,3G-2W,Organized offense (10-19 sec used),Trailing by 10+,Man-to-Man,tran | :press(rj),WOS@WWW,Offense
UWW,UW-Stevens Point Pointers,Personnel grouping,"Collin Madson, JR Lukenbill, Jake Quast, Luke Bara, Richie Warren",4,1,4,2.0,0.5,0.99,0,1,0.0,0,0,2,1,Jr Lukenbill,2,Motion,,,0,Half court,3G-2W,Early clock (0-9 sec used),,Man-to-Man,::press(rj) | twin:press(rj) | :press(rj),WOS@WWW,Offense
UWW,UW-Stevens Point Pointers,Personnel grouping,"Collin Madson, JR Lukenbill, Joey Berezowitz, Luke Bara, Richie Warren",3,1,3,2.0,0.67,0.99,1,3,33.3,0,0,0,0,Collin Madson,2,DHO,,,0,Half court,3G-2W,Organized offense (10-19 sec used),"Clutch (last 5 min, margin ≤ 8)",Man-to-Man,dho:press(rj)(switch) | ::m2m | :press(rj),WOS@WWW,Offense
UWW,UW-Stevens Point Pointers,Personnel grouping,"Collin Madson, Jake Quast, Joey Berezowitz, Kelton McEwen, Richie Warren",2,1,2,0.0,0.0,0.99,0,2,0.0,0,0,0,0,Joey Berezowitz,1,,Offensive Rebound,,0,Half court,4G-1W,Late clock (20+ sec used),Trailing by 10+,Man-to-Man,:press(rj) | oreb,WOS@WWW,Offense
UWW,UW-Stevens Point Pointers,Personnel grouping,"Collin Madson, Jake Quast, Joey Berezowitz, Luke Bara, Richie Warren",8,2,8,5.0,0.62,0.99,0,5,0.0,0,2,1,1,Richie Warren,2,,Offensive Rebound,,0,Half court,4G-1W,Early clock (0-9 sec used),Trailing by 10+,Man-to-Man,tran | :press(rj) | oreb,WOS@WWW WWW@COE,Offense
UWW,UW-Stevens Point Pointers,Personnel grouping,"Collin Madson, Jake Quast, Kelton McEwen, Luke Bara, Tyshawn Teague-Johnson",4,1,4,4.0,1.0,0.99,0,2,0.0,0,0,0,1,Jake Quast,3,,,,0,Half court,4G-1W,Organized offense (10-19 sec used),,,Jake Quast | Luke Bara,WWW@COE,Offense
UWW,UW-Stevens Point Pointers,Personnel grouping,"Collin Madson, Joey Berezowitz, Kelton McEwen, Richie Warren, Tyshawn Teague-Johnson",1,1,1,2.0,2.0,0.99,1,1,100.0,0,0,0,0,Collin Madson,1,,,,0,Half court,3G-2W,Late clock (20+ sec used),,,Collin Madson,WWW@COE,Offense
UWW,UW-Stevens Point Pointers,Personnel grouping,"Collin Madson, Joey Berezowitz, Luke Bara, Richie Warren, Tyshawn Teague-Johnson",15,3,15,19.0,1.27,0.99,7,11,63.6,3,5,1,2,Richie Warren,5,Cheetah,,,0,Half court,3G-2W,Organized offense (10-19 sec used),Leading by 10+,Man-to-Man,Joey Berezowitz | Richie Warren | Luke Bara,WOS@WWW WWW@AC WWW@COE,Offense
UWW,UW-Stevens Point Pointers,Personnel grouping,"Darius Chestnut, Isaiah Robinson, Jake Quast, Kelton McEwen, Tyshawn Teague-Johnson",2,1,2,0.0,0.0,0.99,0,2,0.0,0,1,0,0,Kelton Mcewen,1,,,,0,Transition,4G-1W,Early clock (0-9 sec used),Leading by 10+,,Kelton Mcewen | Tyshawn Teague-Johnson,WWW@AC,Offense
UWW,UW-Stevens Point Pointers,Personnel grouping,"Darius Chestnut, JR Lukenbill, Jake Quast, Kelton McEwen, Tyshawn Teague-Johnson",27,1,27,26.0,0.96,0.99,8,17,47.1,1,9,4,3,Tyshawn Teague-Johnson,8,,,,0,Half court,3G-2W,Early clock (0-9 sec used),Trailing by 10+,,Tyshawn Teague-Johnson | Jake Quast | Darius Chestnut,WWW@COE,Offense
UWW,UW-Stevens Point Pointers,Personnel grouping,"Darius Chestnut, JR Lukenbill, Kelton McEwen, Rashad Rogers, Tyshawn Teague-Johnson",3,1,3,2.0,0.67,0.99,1,2,50.0,0,0,1,0,Darius Chestnut,1,,,,0,Half court,2G-3W,Organized offense (10-19 sec used),Trailing by 10+,,Darius Chestnut | Tyshawn Teague-Johnson | Kelton Mcewen,WWW@COE,Offense
UWW,UW-Stevens Point Pointers,Personnel grouping,"Darius Chestnut, Jake Quast, Joey Berezowitz, Kelton McEwen, Tyshawn Teague-Johnson",7,1,7,11.0,1.57,0.99,5,5,100.0,1,1,2,0,Tyshawn Teague-Johnson,3,,,,0,Half court,4G-1W,Early clock (0-9 sec used),Leading by 10+,,Tyshawn Teague-Johnson | Jake Quast | Darius Chestnut,WWW@AC,Offense
UWW,UW-Stevens Point Pointers,Personnel grouping,"Darius Chestnut, Jake Quast, Joey Berezowitz, Luke Bara, Tyshawn Teague-Johnson",7,1,7,4.0,0.57,0.99,1,5,20.0,0,2,0,0,Jake Quast,4,,,,0,Half court,4G-1W,Early clock (0-9 sec used),Leading by 10+,,Jake Quast | Luke Bara | Tyshawn Teague-Johnson,WWW@AC,Offense
UWW,UW-Stevens Point Pointers,Personnel grouping,"Isaac Verges, Jake Quast, Joey Berezowitz, Rashad Rogers, Tyshawn Teague-Johnson",2,1,2,0.0,0.0,0.99,0,0,,0,0,2,0,Rashad Rogers,1,,,,0,Transition,3G-2W,Early clock (0-9 sec used),,,Rashad Rogers | Isaac Verges,WWW@AC,Offense
UWW,UW-Stevens Point Pointers,Personnel grouping,"JR Lukenbill, Jake Quast, Joey Berezowitz, Kelton McEwen, Tyshawn Teague-Johnson",4,1,4,2.0,0.5,0.99,1,3,33.3,0,0,1,0,Tyshawn Teague-Johnson,2,,,,0,Half court,3G-2W,Late clock (20+ sec used),,,Tyshawn Teague-Johnson | Jr Lukenbill | Jake Quast,WWW@COE,Offense
UWW,UW-Stevens Point Pointers,Personnel grouping,"Jake Quast, Joey Berezowitz, Kelton McEwen, Rashad Rogers, Tyshawn Teague-Johnson",4,1,4,2.0,0.5,0.99,1,2,50.0,0,1,2,0,Jake Quast,1,,,,0,Half court,3G-2W,Late clock (20+ sec used),,,Jake Quast | Rashad Rogers | Kelton Mcewen,WWW@AC,Offense
UWW,UW-Stevens Point Pointers,Personnel grouping type,2G-3W,37,2,37,29.0,0.78,0.99,9,21,42.9,2,6,6,8,Luke Bara,10,BLOB,Down Screen,,0,Half court,2G-3W,Organized offense (10-19 sec used),Trailing by 10+,Man-to-Man,:press(rj) | ::press(rj) | Brock Marino,WOS@WWW WWW@COE,Offense
UWW,UW-Stevens Point Pointers,Personnel grouping type,3G-2W,138,3,138,147.0,1.07,0.99,40,86,46.5,12,27,17,19,Richie Warren,21,BLOB,Down Screen,,0,Half court,3G-2W,Early clock (0-9 sec used),Trailing by 10+,Man-to-Man,Tyshawn Teague-Johnson | Brock Marino | Richie Warren,WOS@WWW WWW@AC WWW@COE,Offense
UWW,UW-Stevens Point Pointers,Personnel grouping type,4G-1W,82,3,82,82.0,1.0,0.99,18,59,30.5,6,22,4,6,Collin Madson,21,BLOB,Offensive Rebound,,0,Half court,4G-1W,Early clock (0-9 sec used),Trailing by 10+,Man-to-Man,Collin Madson | Jake Quast | tran,WOS@WWW WWW@AC WWW@COE,Offense
UWW,UW-Stevens Point Pointers,Personnel grouping type,Small / shooting five (no true big),7,1,7,7.0,1.0,0.99,3,6,50.0,1,2,1,0,Trent Grunewald,2,,,,0,Half court,Small / shooting five (no true big),Late clock (20+ sec used),Leading by 10+,,Trent Grunewald | Rashad Rogers | Isaiah Robinson,WWW@AC,Offense
UWW,UW-Stevens Point Pointers,Game situation,"Clutch (last 5 min, margin ≤ 8)",7,1,7,7.0,1.0,0.99,2,6,33.3,1,1,0,1,Collin Madson,3,DHO,,,0,Half court,4G-1W,Early clock (0-9 sec used),"Clutch (last 5 min, margin ≤ 8)",Man-to-Man,tran | ::m2m | Jake Quast,WOS@WWW,Offense
UWW,UW-Stevens Point Pointers,Game situation,Leading by 10+,48,1,48,57.0,1.19,0.99,18,34,52.9,6,11,4,3,Tyshawn Teague-Johnson,9,,,,0,Half court,3G-2W,Early clock (0-9 sec used),Leading by 10+,,Tyshawn Teague-Johnson | Brock Marino | Jake Quast,WWW@AC,Offense
UWW,UW-Stevens Point Pointers,Game situation,Trailing by 10+,72,2,72,67.0,0.93,0.99,13,46,28.3,2,17,5,9,Collin Madson,15,Ball Screen,Offensive Rebound,,0,Half court,3G-2W,Organized offense (10-19 sec used),Trailing by 10+,Man-to-Man,Collin Madson | Tyshawn Teague-Johnson | Jake Quast,WOS@WWW WWW@COE,Offense
UWW,UW-Stevens Point Pointers,Shot clock,Early clock (0-9 sec used),100,3,100,114.0,1.14,0.99,29,62,46.8,11,25,11,14,Luke Bara,16,BLOB,Offensive Rebound,,0,Half court,3G-2W,Early clock (0-9 sec used),Trailing by 10+,Man-to-Man,Jake Quast | tran | Luke Bara,WOS@WWW WWW@AC WWW@COE,Offense
UWW,UW-Stevens Point Pointers,Shot clock,Late clock (20+ sec used),67,3,67,55.0,0.82,0.99,14,46,30.4,3,14,5,10,Collin Madson,21,Motion,Down Screen,,0,Half court,3G-2W,Late clock (20+ sec used),Trailing by 10+,Man-to-Man,Collin Madson | Tyshawn Teague-Johnson | Brock Marino,WOS@WWW WWW@AC WWW@COE,Offense
UWW,UW-Stevens Point Pointers,Shot clock,Organized offense (10-19 sec used),97,3,97,96.0,0.99,0.99,27,64,42.2,7,18,12,9,Brock Marino,16,BLOB,Down Screen,,0,Half court,3G-2W,Organized offense (10-19 sec used),Trailing by 10+,Man-to-Man,Brock Marino | Luke Bara | Tyshawn Teague-Johnson,WOS@WWW WWW@AC WWW@COE,Offense
UWW,UW-Stevens Point Pointers,Defense faced,Man-to-Man,80,1,71,59.0,0.83,0.99,18,50,36.0,6,17,16,12,Collin Madson,18,Motion,Down Screen,,0,Half court,2G-3W,Organized offense (10-19 sec used),Trailing by 10+,Man-to-Man,:press(rj) | ::press(rj) | blob:m2m,WOS@WWW,Offense
UWW,UW-Stevens Point Pointers,Ball screen coverage faced,Switch,11,1,10,3.0,0.3,0.99,0,7,0.0,0,3,3,1,Collin Madson,3,Motion,Ball Screen,,0,Half court,3G-2W,Organized offense (10-19 sec used),Trailing by 10+,Man-to-Man,bs:press(rj)(switch) | dho:press(rj)(switch) | 5out(stagger-bs):press(rj)(switch),WOS@WWW,Offense
UWW,UW-Stevens Point Pointers,Play call,5 Out,2,1,1,2.0,2.0,1.01,0,0,,0,0,1,1,Vitorio Dante,1,5 Out,,,0,Half court,2G-3W,Organized offense (10-19 sec used),,,5out:m2m,WOS@WWW,Defense
UWW,UW-Stevens Point Pointers,Play call,5 Out Motion,13,1,13,3.0,0.23,1.01,1,8,12.5,1,4,5,0,Brandon Beck,3,Motion,Ball Screen,,0,Half court,2G-3W,Organized offense (10-19 sec used),,,5out(bs):m2m(switch) | 5 out(HI BS): m2m D(over-switch) | 5 out(bs):m2m,WOS@WWW,Defense
UWW,UW-Stevens Point Pointers,Play call,BLOB Box Motion,6,1,5,4.0,0.8,1.01,2,5,40.0,0,0,1,0,Logan Rindfleisch,2,BLOB,Corner Cut,,0,BLOB,3G-2W,Late clock (20+ sec used),Trailing by 10+,,blob(box-sts):m2m | blob(box-cornercut-flash):m2m | blob(box-cut corner-pop):m2m,WOS@WWW,Defense
UWW,UW-Stevens Point Pointers,Play call,BLOB Motion,1,1,1,2.0,2.0,1.01,1,1,100.0,0,0,0,0,Brandon Beck,1,BLOB,Iso,,0,BLOB,3G-2W,Organized offense (10-19 sec used),Trailing by 10+,,blob(iso):m2m,WOS@WWW,Defense
UWW,UW-Stevens Point Pointers,Play call,Ball Screen,9,1,9,12.0,1.33,1.01,4,7,57.1,4,5,2,0,Michael Metcalf-Grassman,2,Ball Screen,,,0,Half court,4G-1W,Organized offense (10-19 sec used),Trailing by 10+,,bs:m2m(tl) | bs:m2m(switch) | bs:m2m (drop),WOS@WWW,Defense
UWW,UW-Stevens Point Pointers,Play call,Double Ball Screen,2,1,2,6.0,3.0,1.01,2,2,100.0,2,2,0,0,Brandon Beck,1,Double Ball Screen,,,0,Half court,3G-2W,Early clock (0-9 sec used),,,double bs:(under) | double bs:m2m(show&GB),WOS@WWW,Defense
UWW,UW-Stevens Point Pointers,Play call,Over,2,1,1,3.0,3.0,1.01,1,1,100.0,1,1,1,0,Oskar Kangas,2,Over,Ricky (rescreen),,0,Half court,2G-3W,Late clock (20+ sec used),,,5 out(over-swing-ricky):m2m | 5out(p-wing-over-zoom):m2m(tl),WOS@WWW,Defense
UWW,UW-Stevens Point Pointers,Play call,SLOB Motion,1,1,1,0.0,0.0,1.01,0,1,0.0,0,1,0,0,Matt Imig,1,SLOB,Ball Screen,,0,SLOB,3G-2W,Late clock (20+ sec used),,,slob(bs):m2m (Stay),WOS@WWW,Defense
UWW,UW-Stevens Point Pointers,Play call,Scissors,1,1,1,0.0,0.0,1.01,0,1,0.0,0,0,0,0,Jonah Rindfleisch,1,Motion / no set,Scissors,,0,Half court,3G-2W,Organized offense (10-19 sec used),,,sci:m2m,WOS@WWW,Defense
UWW,UW-Stevens Point Pointers,Play call,Spain,4,1,4,3.0,0.75,1.01,1,4,25.0,1,3,0,0,Brandon Beck,1,Spain,,,0,Half court,4G-1W,Organized offense (10-19 sec used),,,spain:m2m(switch) | spain:m2m (stay) | spain:m2m(stay),WOS@WWW,Defense
UWW,UW-Stevens Point Pointers,Series,5 Out,2,1,1,2.0,2.0,1.01,0,0,,0,0,1,1,Vitorio Dante,1,5 Out,,,0,Half court,2G-3W,Organized offense (10-19 sec used),,,5out:m2m,WOS@WWW,Defense
UWW,UW-Stevens Point Pointers,Series,BLOB,7,1,6,6.0,1.0,1.01,3,6,50.0,0,0,1,0,Logan Rindfleisch,2,BLOB,Corner Cut,,0,BLOB,3G-2W,Late clock (20+ sec used),Trailing by 10+,,blob(box-sts):m2m | blob(box-cornercut-flash):m2m | blob(box-cut corner-pop):m2m,WOS@WWW,Defense
UWW,UW-Stevens Point Pointers,Series,Ball Screen,9,1,9,12.0,1.33,1.01,4,7,57.1,4,5,2,0,Michael Metcalf-Grassman,2,Ball Screen,,,0,Half court,4G-1W,Organized offense (10-19 sec used),Trailing by 10+,,bs:m2m(tl) | bs:m2m(switch) | bs:m2m (drop),WOS@WWW,Defense
UWW,UW-Stevens Point Pointers,Series,Double Ball Screen,2,1,2,6.0,3.0,1.01,2,2,100.0,2,2,0,0,Brandon Beck,1,Double Ball Screen,,,0,Half court,3G-2W,Early clock (0-9 sec used),,,double bs:(under) | double bs:m2m(show&GB),WOS@WWW,Defense
UWW,UW-Stevens Point Pointers,Series,Motion,13,1,13,3.0,0.23,1.01,1,8,12.5,1,4,5,0,Brandon Beck,3,Motion,Ball Screen,,0,Half court,2G-3W,Organized offense (10-19 sec used),,,5out(bs):m2m(switch) | 5 out(HI BS): m2m D(over-switch) | 5 out(bs):m2m,WOS@WWW,Defense
UWW,UW-Stevens Point Pointers,Series,Motion / no set,1,1,1,0.0,0.0,1.01,0,1,0.0,0,0,0,0,Jonah Rindfleisch,1,Motion / no set,Scissors,,0,Half court,3G-2W,Organized offense (10-19 sec used),,,sci:m2m,WOS@WWW,Defense
UWW,UW-Stevens Point Pointers,Series,Over,2,1,1,3.0,3.0,1.01,1,1,100.0,1,1,1,0,Oskar Kangas,2,Over,Ricky (rescreen),,0,Half court,2G-3W,Late clock (20+ sec used),,,5 out(over-swing-ricky):m2m | 5out(p-wing-over-zoom):m2m(tl),WOS@WWW,Defense
UWW,UW-Stevens Point Pointers,Series,SLOB,1,1,1,0.0,0.0,1.01,0,1,0.0,0,1,0,0,Matt Imig,1,SLOB,Ball Screen,,0,SLOB,3G-2W,Late clock (20+ sec used),,,slob(bs):m2m (Stay),WOS@WWW,Defense
UWW,UW-Stevens Point Pointers,Series,Spain,4,1,4,3.0,0.75,1.01,1,4,25.0,1,3,0,0,Brandon Beck,1,Spain,,,0,Half court,4G-1W,Organized offense (10-19 sec used),,,spain:m2m(switch) | spain:m2m (stay) | spain:m2m(stay),WOS@WWW,Defense
UWW,UW-Stevens Point Pointers,Primary action,Ball Screen,9,1,9,3.0,0.33,1.01,1,6,16.7,1,3,3,0,Matt Imig,3,Motion,,,0,Half court,3G-2W,Organized offense (10-19 sec used),,,5out(bs):m2m(switch) | 5 out(bs):m2m | 5out(pass-cut-bs):m2m,WOS@WWW,Defense
UWW,UW-Stevens Point Pointers,Primary action,Corner Cut,3,1,2,4.0,2.0,1.01,2,2,100.0,0,0,1,0,Matt Imig,1,BLOB,,,0,BLOB,3G-2W,Early clock (0-9 sec used),,,blob(box-cornercut-flash):m2m | blob(box-cut corner-pop):m2m | blob(box-cutcorner-flash-iso):m2m,WOS@WWW,Defense
UWW,UW-Stevens Point Pointers,Primary action,Double Clear,1,1,1,0.0,0.0,1.01,0,1,0.0,0,1,0,0,Aiden Hawkinson,1,Motion,,,0,Half court,,,,,5out(doubleclear):m2m,WOS@WWW,Defense
UWW,UW-Stevens Point Pointers,Primary action,Double Cut,1,1,1,0.0,0.0,1.01,0,0,,0,0,1,0,Joey LaChapell,1,Motion,,,0,Half court,2G-3W,Early clock (0-9 sec used),,,2NDH-5OUT(DOUBLECUT):M2M,WOS@WWW,Defense
UWW,UW-Stevens Point Pointers,Primary action,Dribble Drive,1,1,1,0.0,0.0,1.01,0,1,0.0,0,0,0,0,Logan Rindfleisch,1,Motion,,,0,Half court,2G-3W,Late clock (20+ sec used),,,5out(DD):m2m,WOS@WWW,Defense
UWW,UW-Stevens Point Pointers,Primary action,Ghost,1,1,1,0.0,0.0,1.01,0,1,0.0,0,1,0,0,Brandon Beck,1,Motion,,,0,Half court,3G-2W,Late clock (20+ sec used),,,5out(ghost):m2m(tl),WOS@WWW,Defense
UWW,UW-Stevens Point Pointers,Primary action,High Ball Screen,1,1,1,0.0,0.0,1.01,0,0,,0,0,1,0,Carter Thomas,1,Motion,,,0,Half court,2G-3W,Organized offense (10-19 sec used),,,5 out(HI BS): m2m D(over-switch),WOS@WWW,Defense
UWW,UW-Stevens Point Pointers,Primary action,Iso,1,1,1,2.0,2.0,1.01,1,1,100.0,0,0,0,0,Brandon Beck,1,BLOB,,,0,BLOB,3G-2W,Organized offense (10-19 sec used),Trailing by 10+,,blob(iso):m2m,WOS@WWW,Defense
UWW,UW-Stevens Point Pointers,Primary action,Offensive Rebound,2,1,2,4.0,2.0,1.01,1,1,100.0,0,0,0,1,Brandon Beck,1,,,,0,Offensive rebound,4G-1W,Early clock (0-9 sec used),Trailing by 10+,,oreb,WOS@WWW,Defense
UWW,UW-Stevens Point Pointers,Primary action,Ricky (rescreen),1,1,1,3.0,3.0,1.01,1,1,100.0,1,1,0,0,Oskar Kangas,1,Over,,,0,Half court,2G-3W,Late clock (20+ sec used),,,5 out(over-swing-ricky):m2m,WOS@WWW,Defense
UWW,UW-Stevens Point Pointers,Primary action,Scissors,1,1,1,0.0,0.0,1.01,0,1,0.0,0,0,0,0,Jonah Rindfleisch,1,Motion / no set,,,0,Half court,3G-2W,Organized offense (10-19 sec used),,,sci:m2m,WOS@WWW,Defense
UWW,UW-Stevens Point Pointers,Primary action,Screen the Screener,2,1,2,0.0,0.0,1.01,0,2,0.0,0,0,0,0,Logan Rindfleisch,1,BLOB,,,0,BLOB,2G-3W,Organized offense (10-19 sec used),,,blob(box-sts):m2m,WOS@WWW,Defense
UWW,UW-Stevens Point Pointers,Primary action,Zoom,1,1,0,0.0,,1.01,0,0,,0,0,1,0,Oskar Kangas,1,Over,,,0,Half court,,,,,5out(p-wing-over-zoom):m2m(tl),WOS@WWW,Defense
UWW,UW-Stevens Point Pointers,Situation,ATO,14,3,14,10.0,0.71,1.01,2,7,28.6,1,2,4,2,Korbin Heitzman,4,Motion,Ball Screen,,0,ATO,3G-2W,Late clock (20+ sec used),Leading by 10+,,Korbin Heitzman | Cooper Nailor | Elijah Sykes,WOS@WWW WWW@AC WWW@COE,Defense
UWW,UW-Stevens Point Pointers,Situation,BLOB,7,1,6,6.0,1.0,1.01,3,6,50.0,0,0,1,0,Logan Rindfleisch,2,BLOB,Corner Cut,,0,BLOB,3G-2W,Late clock (20+ sec used),Trailing by 10+,,blob(box-sts):m2m | blob(box-cornercut-flash):m2m | blob(box-cut corner-pop):m2m,WOS@WWW,Defense
UWW,UW-Stevens Point Pointers,Situation,Half court,235,3,203,194.0,0.96,1.01,53,113,46.9,24,53,57,32,Korbin Heitzman,24,Motion,Ball Screen,,0,Half court,3G-2W,Organized offense (10-19 sec used),Trailing by 10+,,Korbin Heitzman | Cooper Nailor | Kanyon Bryte,WOS@WWW WWW@AC WWW@COE,Defense
UWW,UW-Stevens Point Pointers,Situation,Offensive rebound,2,1,2,4.0,2.0,1.01,1,1,100.0,0,0,0,1,Brandon Beck,1,,Offensive Rebound,,0,Offensive rebound,4G-1W,Early clock (0-9 sec used),Trailing by 10+,,oreb,WOS@WWW,Defense
UWW,UW-Stevens Point Pointers,Situation,SLOB,1,1,1,0.0,0.0,1.01,0,1,0.0,0,1,0,0,Matt Imig,1,SLOB,Ball Screen,,0,SLOB,3G-2W,Late clock (20+ sec used),,,slob(bs):m2m (Stay),WOS@WWW,Defense
UWW,UW-Stevens Point Pointers,Situation,Transition,35,3,32,46.0,1.44,1.01,14,23,60.9,8,12,5,5,Michael Metcalf-Grassman,8,,,,0,Transition,3G-2W,Early clock (0-9 sec used),Trailing by 10+,,tran | Jackson Bowman | Elijah Sykes,WOS@WWW WWW@AC WWW@COE,Defense
UWW,UW-Stevens Point Pointers,Finish type,Cut,10,3,10,15.0,1.5,1.01,6,9,66.7,0,0,0,0,Brandon Beck,2,BLOB,Corner Cut,,0,Half court,3G-2W,Organized offense (10-19 sec used),Leading by 10+,,Jackson Bowman | Korbin Heitzman | Raine Rodich,WOS@WWW WWW@AC WWW@COE,Defense
UWW,UW-Stevens Point Pointers,Finish type,Hand Off,16,3,16,21.0,1.31,1.01,7,13,53.8,4,8,1,2,Donovan Collins,3,BLOB,Corner Cut,,0,Half court,3G-2W,Late clock (20+ sec used),Leading by 10+,,Donovan Collins | Korbin Heitzman | Josh Elliott,WOS@WWW WWW@AC WWW@COE,Defense
UWW,UW-Stevens Point Pointers,Finish type,ISO,5,3,5,0.0,0.0,1.01,0,4,0.0,0,0,1,0,Korbin Heitzman,1,Motion,Ball Screen,,0,Half court,3G-2W,Organized offense (10-19 sec used),,,Korbin Heitzman | Joss Bradley | 5OUT(BS):M2M(SWITCH),WOS@WWW WWW@AC WWW@COE,Defense
UWW,UW-Stevens Point Pointers,Finish type,No Play Type,35,3,35,19.0,0.54,1.01,1,4,25.0,0,0,21,10,Luciano Guerrazzi,4,Ball Screen,High Ball Screen,,0,Half court,4G-1W,Early clock (0-9 sec used),Leading by 10+,,Luciano Guerrazzi | Preston Malpass | Korbin Heitzman,WOS@WWW WWW@AC WWW@COE,Defense
UWW,UW-Stevens Point Pointers,Finish type,Non Possession,68,3,33,35.0,1.06,1.01,0,0,,0,0,21,14,Korbin Heitzman,10,BLOB,Corner Cut,,0,Half court,3G-2W,Early clock (0-9 sec used),Leading by 10+,,Korbin Heitzman | Cooper Nailor | Kanyon Bryte,WOS@WWW WWW@AC WWW@COE,Defense
UWW,UW-Stevens Point Pointers,Finish type,Off Screen,10,3,10,12.0,1.2,1.01,4,7,57.1,4,6,3,0,Josh Elliott,4,Ball Screen,,,0,Half court,3G-2W,Organized offense (10-19 sec used),Trailing by 10+,,Josh Elliott | Elijah Sykes | Korbin Heitzman,WOS@WWW WWW@AC WWW@COE,Defense
UWW,UW-Stevens Point Pointers,Finish type,Offensive Rebound,10,3,9,11.0,1.22,1.01,5,7,71.4,0,0,1,1,Korbin Heitzman,2,,Offensive Rebound,,0,Half court,4G-1W,Early clock (0-9 sec used),Leading by 10+,,Korbin Heitzman | Kanyon Bryte | Preston Malpass,WOS@WWW WWW@AC WWW@COE,Defense
UWW,UW-Stevens Point Pointers,Finish type,P&R Ball Handler,58,3,58,53.0,0.91,1.01,17,43,39.5,9,19,10,5,Korbin Heitzman,5,Motion,Ball Screen,,0,Half court,3G-2W,Late clock (20+ sec used),Trailing by 10+,,Korbin Heitzman | Cooper Nailor | Deuce Walters,WOS@WWW WWW@AC WWW@COE,Defense
UWW,UW-Stevens Point Pointers,Finish type,Post-Up,13,3,13,17.0,1.31,1.01,7,9,77.8,1,1,2,2,Kanyon Bryte,4,,,,0,Half court,4G-1W,Late clock (20+ sec used),Trailing by 10+,,Kanyon Bryte | Logan St. Martin | Korbin Heitzman,WOS@WWW WWW@AC WWW@COE,Defense
UWW,UW-Stevens Point Pointers,Finish type,Spot-Up,41,3,41,38.0,0.93,1.01,13,33,39.4,8,23,5,3,Donovan Collins,5,Motion,Ball Screen,,0,Half court,3G-2W,Organized offense (10-19 sec used),Trailing by 10+,,Donovan Collins | Deuce Walters | ::m2m,WOS@WWW WWW@AC WWW@COE,Defense
UWW,UW-Stevens Point Pointers,Finish type,Transition,28,3,28,39.0,1.39,1.01,13,22,59.1,7,11,2,3,Michael Metcalf-Grassman,6,,,,0,Transition,3G-2W,Early clock (0-9 sec used),Trailing by 10+,,tran | Jackson Bowman | Elijah Sykes,WOS@WWW WWW@AC WWW@COE,Defense
UWW,UW-Stevens Point Pointers,Personnel grouping,"Agape Keyes Jr., Isaiah Robinson, Matthew McKay, Mikey Wildes, Trent Grunewald",4,1,4,4.0,1.0,1.01,0,1,0.0,0,1,1,1,Jackson Bowman,2,,,,0,Half court,4G-1W,Late clock (20+ sec used),Trailing by 10+,,Jackson Bowman | Jay Akin | Austin Beeson,WWW@COE,Defense
UWW,UW-Stevens Point Pointers,Personnel grouping,"Agape Keyes Jr., Isaiah Robinson, Mauryon Turner, Rashad Rogers, Trent Grunewald",11,1,11,10.0,0.91,1.01,1,4,25.0,1,4,2,2,Korbin Heitzman,3,,,,0,Half court,Small / shooting five (no true big),Early clock (0-9 sec used),Leading by 10+,,Korbin Heitzman | Donovan Collins | Joss Bradley,WWW@AC,Defense
UWW,UW-Stevens Point Pointers,Personnel grouping,"Brock Marino, Collin Madson, Darius Chestnut, Jake Quast, Luke Bara",5,1,5,10.0,2.0,1.01,2,3,66.7,2,2,0,1,Kanyon Bryte,2,,,,0,Half court,4G-1W,Organized offense (10-19 sec used),Trailing by 10+,,Kanyon Bryte | Cooper Nailor | Jackson Bowman,WWW@COE,Defense
UWW,UW-Stevens Point Pointers,Personnel grouping,"Brock Marino, Collin Madson, Darius Chestnut, Luke Bara, Richie Warren",10,2,10,18.0,1.8,1.01,4,6,66.7,4,6,1,1,Josh Elliott,3,SLOB,Ball Screen,,0,Half court,3G-2W,Early clock (0-9 sec used),Leading by 10+,,Josh Elliott | Logan St. Martin | Korbin Heitzman,WOS@WWW WWW@AC,Defense
UWW,UW-Stevens Point Pointers,Personnel grouping,"Brock Marino, Collin Madson, Isaac Verges, Luke Bara, Richie Warren",24,1,24,16.0,0.67,1.01,4,12,33.3,2,6,7,3,Korbin Heitzman,8,,,,0,Half court,3G-2W,Late clock (20+ sec used),Leading by 10+,,Korbin Heitzman | Donovan Collins | Raine Rodich,WWW@AC,Defense
UWW,UW-Stevens Point Pointers,Personnel grouping,"Brock Marino, Collin Madson, JR Lukenbill, Jake Quast, Luke Bara",3,1,3,0.0,0.0,1.01,0,2,0.0,0,1,1,0,Jay Dalton,1,Motion,Ghost,,0,Half court,3G-2W,Organized offense (10-19 sec used),,,:m2m | 5out(ghost):m2m(tl) | 5OUT(BS):M2M(SWITCH),WOS@WWW,Defense
UWW,UW-Stevens Point Pointers,Personnel grouping,"Brock Marino, Collin Madson, JR Lukenbill, Luke Bara, Richie Warren",21,1,21,19.0,0.9,1.01,5,12,41.7,3,5,5,3,Michael Metcalf-Grassman,6,Motion,Ball Screen,,0,Half court,2G-3W,Organized offense (10-19 sec used),Trailing by 10+,,tran | ::m2m | 5out(bs):m2m(switch),WOS@WWW,Defense
UWW,UW-Stevens Point Pointers,Personnel grouping,"Brock Marino, Collin Madson, JR Lukenbill, Luke Bara, Tyshawn Teague-Johnson",4,1,4,5.0,1.25,1.01,2,4,50.0,1,2,0,0,Carter Thomas,1,BLOB,Screen the Screener,,0,BLOB,2G-3W,Organized offense (10-19 sec used),,,spain:m2m (stay) | blob(box-sts):m2m | blob(box-cutcorner-flash-iso):m2m,WOS@WWW,Defense
UWW,UW-Stevens Point Pointers,Personnel grouping,"Brock Marino, Collin Madson, Jake Quast, Joey Berezowitz, Kelton McEwen",12,2,12,12.0,1.0,1.01,4,6,66.7,0,1,3,2,Michael Metcalf-Grassman,3,Ball Screen,,,0,Half court,4G-1W,Organized offense (10-19 sec used),,,Korbin Heitzman | Elijah Sykes | :press(m2m),WOS@WWW WWW@AC,Defense
UWW,UW-Stevens Point Pointers,Personnel grouping,"Brock Marino, Collin Madson, Jake Quast, Joey Berezowitz, Luke Bara",1,1,1,0.0,0.0,1.01,0,1,0.0,0,0,0,0,Deuce Walters,1,,,,0,Half court,4G-1W,Late clock (20+ sec used),,,Deuce Walters,WWW@COE,Defense
UWW,UW-Stevens Point Pointers,Personnel grouping,"Brock Marino, Collin Madson, Jake Quast, Joey Berezowitz, Richie Warren",2,1,2,3.0,1.5,1.01,1,2,50.0,1,1,0,0,Jonah Rindfleisch,1,Motion / no set,Scissors,,0,Half court,3G-2W,Organized offense (10-19 sec used),Trailing by 10+,,sci:m2m | Matt Imig,WOS@WWW,Defense
UWW,UW-Stevens Point Pointers,Personnel grouping,"Brock Marino, Collin Madson, Jake Quast, Luke Bara, Richie Warren",5,1,5,8.0,1.6,1.01,3,5,60.0,2,2,0,0,Oskar Kangas,1,BLOB,Screen the Screener,,0,BLOB,3G-2W,Organized offense (10-19 sec used),Trailing by 10+,,blob(box-sts):m2m | spain:m2m(stay) | blob(iso):m2m,WOS@WWW,Defense
UWW,UW-Stevens Point Pointers,Personnel grouping,"Brock Marino, Collin Madson, Joey Berezowitz, Luke Bara, Richie Warren",22,2,22,19.0,0.86,1.01,8,18,44.4,2,7,3,1,Jackson Bowman,6,,,,0,Half court,3G-2W,Early clock (0-9 sec used),Trailing by 10+,,Jackson Bowman | Deuce Walters | Cooper Nailor,WWW@AC WWW@COE,Defense
UWW,UW-Stevens Point Pointers,Personnel grouping,"Brock Marino, Collin Madson, Joey Berezowitz, Luke Bara, Tyshawn Teague-Johnson",3,1,3,6.0,2.0,1.01,1,1,100.0,0,0,0,1,Jackson Bowman,2,,,,0,Half court,3G-2W,Early clock (0-9 sec used),,,Jackson Bowman | Jay Akin,WWW@COE,Defense
UWW,UW-Stevens Point Pointers,Personnel grouping,"Collin Madson, Darius Chestnut, JR Lukenbill, Jake Quast, Joey Berezowitz",8,1,8,11.0,1.38,1.01,4,7,57.1,3,5,1,0,Logan Rindfleisch,2,Ball Screen,Offensive Rebound,,0,Half court,4G-1W,Organized offense (10-19 sec used),Trailing by 10+,,::m2m | double bs:m2m(show&GB) | tran,WOS@WWW,Defense
UWW,UW-Stevens Point Pointers,Personnel grouping,"Collin Madson, Darius Chestnut, JR Lukenbill, Jake Quast, Luke Bara",5,1,5,8.0,1.6,1.01,2,2,100.0,0,0,1,0,Cooper Nailor,3,,,,0,Half court,4G-1W,Organized offense (10-19 sec used),Trailing by 10+,,Cooper Nailor | Deuce Walters | Kanyon Bryte,WWW@COE,Defense
UWW,UW-Stevens Point Pointers,Personnel grouping,"Collin Madson, Darius Chestnut, JR Lukenbill, Joey Berezowitz, Luke Bara",1,1,1,2.0,2.0,1.01,0,0,,0,0,0,1,Michael Metcalf-Grassman,1,,,,0,Half court,4G-1W,Early clock (0-9 sec used),,,:press(Rj),WOS@WWW,Defense
UWW,UW-Stevens Point Pointers,Personnel grouping,"Collin Madson, Darius Chestnut, JR Lukenbill, Luke Bara, Tyshawn Teague-Johnson",5,1,5,9.0,1.8,1.01,2,3,66.7,1,2,0,1,Cooper Nailor,3,,,,0,Half court,3G-2W,Organized offense (10-19 sec used),Trailing by 10+,,Cooper Nailor | Deuce Walters | Austin Beeson,WWW@COE,Defense
UWW,UW-Stevens Point Pointers,Personnel grouping,"Collin Madson, Darius Chestnut, Joey Berezowitz, Luke Bara, Richie Warren",9,2,9,12.0,1.33,1.01,3,6,50.0,1,2,0,3,Korbin Heitzman,2,,Offensive Rebound,,0,Half court,4G-1W,Early clock (0-9 sec used),Trailing by 10+,,Korbin Heitzman | Preston Malpass | :press(rj),WOS@WWW WWW@AC,Defense
UWW,UW-Stevens Point Pointers,Personnel grouping,"Collin Madson, Darius Chestnut, Joey Berezowitz, Richie Warren, Tyshawn Teague-Johnson",3,1,3,0.0,0.0,1.01,0,2,0.0,0,1,1,0,Joey LaChapell,1,Motion,Ball Screen,,0,Half court,3G-2W,Organized offense (10-19 sec used),,,ATO-5out(bs):m2m (drop) | Aiden Hawkinson | 5out(bs):m2m(under),WOS@WWW,Defense
UWW,UW-Stevens Point Pointers,Personnel grouping,"Collin Madson, Darius Chestnut, Luke Bara, Richie Warren, Tyshawn Teague-Johnson",2,1,2,0.0,0.0,1.01,0,2,0.0,0,2,0,0,Josh Elliott,1,,,,0,Half court,3G-2W,Early clock (0-9 sec used),Leading by 10+,,Josh Elliott | Elijah Sykes,WWW@AC,Defense
UWW,UW-Stevens Point Pointers,Personnel grouping,"Collin Madson, JR Lukenbill, Jake Quast, Joey Berezowitz, Richie Warren",3,1,3,3.0,1.0,1.01,1,2,50.0,0,1,0,1,Brandon Beck,2,,,,0,Transition,3G-2W,Organized offense (10-19 sec used),Trailing by 10+,,:press(12) | Joey LaChapell | :press(120,WOS@WWW,Defense
UWW,UW-Stevens Point Pointers,Personnel grouping,"Collin Madson, JR Lukenbill, Jake Quast, Luke Bara, Richie Warren",5,1,5,5.0,1.0,1.01,1,1,100.0,0,0,1,3,Carter Thomas,2,Motion,Ball Screen,,0,Transition,3G-2W,Early clock (0-9 sec used),,,tran | set:m2m | 5out(bs):m2m(tl),WOS@WWW,Defense
UWW,UW-Stevens Point Pointers,Personnel grouping,"Collin Madson, JR Lukenbill, Joey Berezowitz, Luke Bara, Richie Warren",1,1,1,3.0,3.0,1.01,1,1,100.0,1,1,0,0,Oskar Kangas,1,Ball Screen,,,0,Half court,3G-2W,Organized offense (10-19 sec used),Trailing by 10+,,bs:m2m(tl),WOS@WWW,Defense
UWW,UW-Stevens Point Pointers,Personnel grouping,"Collin Madson, Jake Quast, Joey Berezowitz, Kelton McEwen, Richie Warren",1,1,1,3.0,3.0,1.01,1,1,100.0,1,1,0,0,Brandon Beck,1,Ball Screen,,,0,Half court,4G-1W,Late clock (20+ sec used),Trailing by 10+,,bs:Press(token)(tl),WOS@WWW,Defense
UWW,UW-Stevens Point Pointers,Personnel grouping,"Collin Madson, Jake Quast, Joey Berezowitz, Luke Bara, Richie Warren",5,2,5,2.0,0.4,1.01,0,2,0.0,0,0,1,1,Kanyon Bryte,2,Ball Screen,,,0,Half court,4G-1W,Late clock (20+ sec used),Trailing by 10+,,Kanyon Bryte | bs:m2m(tl) | bs:press(12)((switch)),WOS@WWW WWW@COE,Defense
UWW,UW-Stevens Point Pointers,Personnel grouping,"Collin Madson, Jake Quast, Kelton McEwen, Luke Bara, Tyshawn Teague-Johnson",2,1,2,0.0,0.0,1.01,0,1,0.0,0,0,0,1,Kanyon Bryte,1,,,,0,Half court,4G-1W,Organized offense (10-19 sec used),,,Kanyon Bryte | Ryan Dolphin,WWW@COE,Defense
UWW,UW-Stevens Point Pointers,Personnel grouping,"Collin Madson, Joey Berezowitz, Kelton McEwen, Richie Warren, Tyshawn Teague-Johnson",2,1,2,2.0,1.0,1.01,1,1,100.0,0,0,0,1,Jackson Newell,1,,,,0,Half court,3G-2W,Early clock (0-9 sec used),,,Jackson Newell | Cooper Nailor,WWW@COE,Defense
UWW,UW-Stevens Point Pointers,Personnel grouping,"Collin Madson, Joey Berezowitz, Luke Bara, Richie Warren, Tyshawn Teague-Johnson",16,3,16,26.0,1.62,1.01,8,10,80.0,4,5,3,1,Elijah Sykes,3,BLOB,Corner Cut,,0,Half court,3G-2W,Organized offense (10-19 sec used),Leading by 10+,,Elijah Sykes | Ryan Dolphin | Luciano Guerrazzi,WOS@WWW WWW@AC WWW@COE,Defense
UWW,UW-Stevens Point Pointers,Personnel grouping,"Darius Chestnut, Isaiah Robinson, Jake Quast, Kelton McEwen, Tyshawn Teague-Johnson",3,1,3,2.0,0.67,1.01,0,0,,0,0,1,1,Korbin Heitzman,3,,,,0,Half court,4G-1W,Organized offense (10-19 sec used),Leading by 10+,,Korbin Heitzman,WWW@AC,Defense
UWW,UW-Stevens Point Pointers,Personnel grouping,"Darius Chestnut, JR Lukenbill, Jake Quast, Kelton McEwen, Tyshawn Teague-Johnson",25,1,25,16.0,0.64,1.01,6,15,40.0,0,3,5,4,Ryan Dolphin,6,,,,0,Half court,3G-2W,Late clock (20+ sec used),Trailing by 10+,,Ryan Dolphin | Deuce Walters | Cooper Nailor,WWW@COE,Defense
UWW,UW-Stevens Point Pointers,Personnel grouping,"Darius Chestnut, JR Lukenbill, Kelton McEwen, Rashad Rogers, Tyshawn Teague-Johnson",3,1,3,5.0,1.67,1.01,2,3,66.7,1,1,0,0,Kanyon Bryte,2,,,,0,Half court,2G-3W,Early clock (0-9 sec used),Trailing by 10+,,Kanyon Bryte | Deuce Walters,WWW@COE,Defense
UWW,UW-Stevens Point Pointers,Personnel grouping,"Darius Chestnut, Jake Quast, Joey Berezowitz, Kelton McEwen, Tyshawn Teague-Johnson",11,1,11,10.0,0.91,1.01,2,5,40.0,0,0,3,1,Korbin Heitzman,3,,,,0,Half court,4G-1W,Organized offense (10-19 sec used),Leading by 10+,,Korbin Heitzman | Donovan Collins | Raine Rodich,WWW@AC,Defense
UWW,UW-Stevens Point Pointers,Personnel grouping,"Darius Chestnut, Jake Quast, Joey Berezowitz, Luke Bara, Tyshawn Teague-Johnson",5,1,5,3.0,0.6,1.01,1,2,50.0,1,2,2,1,Luciano Guerrazzi,3,,,,0,Half court,4G-1W,Organized offense (10-19 sec used),Leading by 10+,,Luciano Guerrazzi | Preston Malpass,WWW@AC,Defense
UWW,UW-Stevens Point Pointers,Personnel grouping,"Isaac Verges, Jake Quast, Joey Berezowitz, Rashad Rogers, Tyshawn Teague-Johnson",3,1,3,0.0,0.0,1.01,0,2,0.0,0,1,1,0,Elijah Sykes,2,,,,0,Half court,3G-2W,Early clock (0-9 sec used),,,Elijah Sykes | Raine Rodich,WWW@AC,Defense
UWW,UW-Stevens Point Pointers,Personnel grouping,"JR Lukenbill, Jake Quast, Joey Berezowitz, Kelton McEwen, Tyshawn Teague-Johnson",5,1,5,5.0,1.0,1.01,2,2,100.0,1,1,2,1,C. Reece Breitenbach,2,,,,0,Half court,3G-2W,Late clock (20+ sec used),,,C. Reece Breitenbach | Cooper Nailor | Jackson Newell,WWW@COE,Defense
UWW,UW-Stevens Point Pointers,Personnel grouping,"Jake Quast, Joey Berezowitz, Kelton McEwen, Rashad Rogers, Tyshawn Teague-Johnson",3,1,3,3.0,1.0,1.01,1,3,33.3,1,1,0,0,Joss Bradley,1,,,,0,Half court,3G-2W,Organized offense (10-19 sec used),,,Joss Bradley | Elijah Sykes | Donovan Collins,WWW@AC,Defense
UWW,UW-Stevens Point Pointers,Personnel grouping type,2G-3W,28,2,28,29.0,1.04,1.01,9,19,47.4,5,8,5,3,Michael Metcalf-Grassman,7,Motion,Ball Screen,,0,Half court,2G-3W,Organized offense (10-19 sec used),Trailing by 10+,,tran | ::m2m | Kanyon Bryte,WOS@WWW WWW@COE,Defense
UWW,UW-Stevens Point Pointers,Personnel grouping type,3G-2W,142,3,142,142.0,1.0,1.01,44,90,48.9,19,41,25,18,Cooper Nailor,17,Motion,Ball Screen,,0,Half court,3G-2W,Organized offense (10-19 sec used),Trailing by 10+,,Cooper Nailor | Deuce Walters | Jackson Bowman,WOS@WWW WWW@AC WWW@COE,Defense
UWW,UW-Stevens Point Pointers,Personnel grouping type,4G-1W,72,3,72,79.0,1.1,1.01,19,37,51.4,8,14,13,13,Korbin Heitzman,10,Ball Screen,Offensive Rebound,,0,Half court,4G-1W,Organized offense (10-19 sec used),Leading by 10+,,Korbin Heitzman | Kanyon Bryte | Preston Malpass,WOS@WWW WWW@AC WWW@COE,Defense
UWW,UW-Stevens Point Pointers,Personnel grouping type,Small / shooting five (no true big),11,1,11,10.0,0.91,1.01,1,4,25.0,1,4,2,2,Korbin Heitzman,3,,,,0,Half court,Small / shooting five (no true big),Early clock (0-9 sec used),Leading by 10+,,Korbin Heitzman | Donovan Collins | Joss Bradley,WWW@AC,Defense
UWW,UW-Stevens Point Pointers,Game situation,"Clutch (last 5 min, margin ≤ 8)",2,1,2,2.0,1.0,1.01,0,0,,0,0,1,1,Aiden Hawkinson,1,,,,0,Half court,4G-1W,Early clock (0-9 sec used),"Clutch (last 5 min, margin ≤ 8)",,:press(12) | :press(rj),WOS@WWW,Defense
UWW,UW-Stevens Point Pointers,Game situation,Leading by 10+,51,1,51,41.0,0.8,1.01,8,22,36.4,4,12,13,8,Korbin Heitzman,17,,,,0,Half court,3G-2W,Late clock (20+ sec used),Leading by 10+,,Korbin Heitzman | Donovan Collins | Luciano Guerrazzi,WWW@AC,Defense
UWW,UW-Stevens Point Pointers,Game situation,Trailing by 10+,68,2,68,85.0,1.25,1.01,26,45,57.8,10,17,8,9,Cooper Nailor,15,Ball Screen,Iso,,0,Half court,3G-2W,Early clock (0-9 sec used),Trailing by 10+,,Cooper Nailor | Kanyon Bryte | Deuce Walters,WOS@WWW WWW@COE,Defense
UWW,UW-Stevens Point Pointers,Shot clock,Early clock (0-9 sec used),85,3,85,104.0,1.22,1.01,27,45,60.0,11,18,13,16,Cooper Nailor,10,Double Ball Screen,Offensive Rebound,,0,Half court,3G-2W,Early clock (0-9 sec used),Trailing by 10+,,tran | Cooper Nailor | Jackson Bowman,WOS@WWW WWW@AC WWW@COE,Defense
UWW,UW-Stevens Point Pointers,Shot clock,Late clock (20+ sec used),70,3,70,57.0,0.81,1.01,16,48,33.3,5,19,9,7,Korbin Heitzman,8,Ball Screen,Ball Screen,,0,Half court,3G-2W,Late clock (20+ sec used),Trailing by 10+,,Korbin Heitzman | Donovan Collins | Kanyon Bryte,WOS@WWW WWW@AC WWW@COE,Defense
UWW,UW-Stevens Point Pointers,Shot clock,Organized offense (10-19 sec used),98,3,98,99.0,1.01,1.01,30,57,52.6,17,30,23,13,Korbin Heitzman,9,Motion,Ball Screen,,0,Half court,3G-2W,Organized offense (10-19 sec used),Leading by 10+,,Korbin Heitzman | Cooper Nailor | Raine Rodich,WOS@WWW WWW@AC WWW@COE,Defense
UWW,UW-Stevens Point Pointers,Defense played,Man-to-Man,62,1,56,54.0,0.96,1.01,15,37,40.5,10,19,15,9,Michael Metcalf-Grassman,13,Motion,Ball Screen,,0,Half court,3G-2W,Organized offense (10-19 sec used),Trailing by 10+,,::m2m | :press(rj) | blob(box-sts):m2m,WOS@WWW,Defense
UWW,UW-Stevens Point Pointers,Ball screen coverage played,Drop,2,1,2,0.0,0.0,1.01,0,1,0.0,0,1,1,0,Michael Metcalf-Grassman,1,Ball Screen,Ball Screen,,0,Half court,4G-1W,Late clock (20+ sec used),,,bs:m2m (drop) | ATO-5out(bs):m2m (drop),WOS@WWW,Defense
UWW,UW-Stevens Point Pointers,Ball screen coverage played,Over | Switch,1,1,1,0.0,0.0,1.01,0,0,,0,0,1,0,Carter Thomas,1,Motion,High Ball Screen,,0,Half court,2G-3W,Organized offense (10-19 sec used),,,5 out(HI BS): m2m D(over-switch),WOS@WWW,Defense
UWW,UW-Stevens Point Pointers,Ball screen coverage played,Show & Get Back,1,1,1,3.0,3.0,1.01,1,1,100.0,1,1,0,0,Logan Rindfleisch,1,Double Ball Screen,,,0,Half court,4G-1W,Organized offense (10-19 sec used),,,double bs:m2m(show&GB),WOS@WWW,Defense
UWW,UW-Stevens Point Pointers,Ball screen coverage played,Stay (reject),4,1,4,3.0,0.75,1.01,1,3,33.3,1,3,1,0,Carter Thomas,2,Spain,Ball Screen,,0,Half court,3G-2W,Organized offense (10-19 sec used),,,slob(bs):m2m (Stay) | spain:m2m (stay) | spain:m2m(stay),WOS@WWW,Defense
UWW,UW-Stevens Point Pointers,Ball screen coverage played,Stay (reject) | Over,1,1,1,0.0,0.0,1.01,0,0,,0,0,1,0,Logan Rindfleisch,1,Ball Screen,,,0,Half court,4G-1W,Early clock (0-9 sec used),,,bs(stay):m2m(over),WOS@WWW,Defense
UWW,UW-Stevens Point Pointers,Ball screen coverage played,"Stay, then Switch 2nd",1,1,1,0.0,0.0,1.01,0,1,0.0,0,1,0,0,Oskar Kangas,1,Spain,,,0,Half court,4G-1W,Organized offense (10-19 sec used),,,spain:m2m(switch2nd),WOS@WWW,Defense
UWW,UW-Stevens Point Pointers,Ball screen coverage played,Switch,7,1,7,6.0,0.86,1.01,2,6,33.3,2,3,1,0,Matt Imig,2,Motion,Ball Screen,,0,Half court,3G-2W,Organized offense (10-19 sec used),Trailing by 10+,,5out(bs):m2m(switch) | bs:m2m(switch) | spain:m2m(switch),WOS@WWW,Defense
UWW,UW-Stevens Point Pointers,Ball screen coverage played,Top Lock,6,1,5,6.0,1.2,1.01,2,4,50.0,2,3,2,0,Brandon Beck,3,Ball Screen,Zoom,,0,Half court,3G-2W,Late clock (20+ sec used),Trailing by 10+,,bs:m2m(tl) | 5out(p-wing-over-zoom):m2m(tl) | 5out(ghost):m2m(tl),WOS@WWW,Defense
UWW,UW-Stevens Point Pointers,Ball screen coverage played,Under,2,1,2,3.0,1.5,1.01,1,2,50.0,1,1,0,0,Brandon Beck,1,Double Ball Screen,Ball Screen,,0,Half court,3G-2W,Early clock (0-9 sec used),,,double bs:(under) | 5out(bs):m2m(under),WOS@WWW,Defense
Opponent,UW-Stevens Point Pointers,Play call,3-2 Flash,1,1,1,0.0,0.0,0.99,0,1,0.0,0,0,0,0,Cal Krohn,1,Flash,Follow,,0,Half court,Two-big lineup,Late clock (20+ sec used),,Man-to-Man,"32-flash(follow,follow,iso):m2m",WEC@WSP,Offense
Opponent,UW-Stevens Point Pointers,Play call,3Man,1,1,1,2.0,2.0,0.99,1,1,100.0,0,0,0,0,Logan Baumgartner,1,3Man,Stagger,,0,Half court,4G-1W,Organized offense (10-19 sec used),,Man-to-Man,"3man(stagger,ripscreen):m2m(stay3,stay23)",WEC@WSP,Offense
Opponent,UW-Stevens Point Pointers,Play call,4-1 Flare,1,1,1,0.0,0.0,0.99,0,1,0.0,0,1,0,0,Logan Baumgartner,1,Flare,,,0,Half court,Two-big lineup,Organized offense (10-19 sec used),,Man-to-Man,41-FLAIR:M2M(22OVER),WEC@WSP,Offense
Opponent,UW-Stevens Point Pointers,Play call,4-1 Motion,3,1,3,0.0,0.0,0.99,0,3,0.0,0,2,0,0,Josh Bocher,1,Motion,UCLA,,0,Half court,Two-big lineup,Late clock (20+ sec used),"Clutch (last 5 min, margin ≤ 8)",Man-to-Man,"41-MOTION(SWING,UCLA,ISOCUT):M2M | 41-Motion:m2m | 41(swing,swing,follow,flair,rick):m2m(5over,11drop,5over,11drop)",WEC@WSP,Offense
Opponent,UW-Stevens Point Pointers,Play call,4-1 Swing (pass across),1,1,1,0.0,0.0,0.99,0,1,0.0,0,0,0,0,Seth Miron,1,Swing (pass across),Ball Screen,,0,Half court,Two-big lineup,Early clock (0-9 sec used),,Man-to-Man,"2NDH-41-Swing(BS)-m2m(2over,23drop)",WEC@WSP,Offense
Opponent,UW-Stevens Point Pointers,Play call,5 Out Motion,2,1,2,0.0,0.0,0.99,0,1,0.0,0,1,1,0,Cal Krohn,1,Motion,,,0,Half court,Two-big lineup,Organized offense (10-19 sec used),,Man-to-Man,5OUT-MOTION:M2M | 5OUT-MOTION :M2M,WEC@WSP,Offense
Opponent,UW-Stevens Point Pointers,Play call,5 Out Stagger,1,1,0,0.0,,0.99,0,0,,0,0,1,0,Logan Baumgartner,1,Stagger,,,0,Half court,,,,Man-to-Man,5out-stagger:m2m,WEC@WSP,Offense
Opponent,UW-Stevens Point Pointers,Play call,ATO (unspecified),1,1,1,3.0,3.0,0.99,1,1,100.0,1,1,0,0,Logan Baumgartner,1,ATO,,,0,ATO,4G-1W,Organized offense (10-19 sec used),,Man-to-Man,ATO:M2M,WEC@WSP,Offense
Opponent,UW-Stevens Point Pointers,Play call,BLOB Box Motion,6,1,6,9.0,1.5,0.99,4,6,66.7,1,2,0,0,Josiah Butler,3,BLOB,Iso,,0,BLOB,Two-big lineup,Late clock (20+ sec used),"Clutch (last 5 min, margin ≤ 8)",Man-to-Man,"blob-box(upscreen):m2m | blob-box(iso):m2m | BLOB-BOX(ISO,SCREENS):M2M(3UNDER)",WEC@WSP,Offense
Opponent,UW-Stevens Point Pointers,Play call,Ball Screen,1,1,1,0.0,0.0,0.99,0,0,,0,0,0,1,Cal Krohn,1,Ball Screen,,,0,Half court,Two-big lineup,Organized offense (10-19 sec used),,Man-to-Man,"bs:m2m (1over,23drop)",WEC@WSP,Offense
Opponent,UW-Stevens Point Pointers,Play call,Bulldog,1,1,1,0.0,0.0,0.99,0,0,,0,0,1,0,Seth Miron,1,Bulldog,Spain,,0,Half court,,,,Man-to-Man,"SET-BULLDOG(SPAIN):M2M(5STAY,23DROP)",WEC@WSP,Offense
Opponent,UW-Stevens Point Pointers,Play call,Chin,14,1,14,14.0,1.0,0.99,5,11,45.5,1,4,0,2,Seth Miron,6,Chin,Flare,,0,Half court,4G-1W,Organized offense (10-19 sec used),,Man-to-Man,"41-Chin(backscreen,flair,dho,bs):m2m(5over,12drop) | 41-chin(up,ds):m2m(stay5,stay20)((stay2,stay5)) | 41-chin(US,GHST,flair):m2m(stay1,stay20)((stay1,stay20))(((over5,stay3)))",WEC@WSP,Offense
Opponent,UW-Stevens Point Pointers,Play call,Gc,1,1,1,2.0,2.0,0.99,1,1,100.0,0,0,0,0,Josh Bocher,1,Gc,,,0,Half court,Base five (one big),Organized offense (10-19 sec used),,Man-to-Man,41-GC:m2m,WEC@WSP,Offense
Opponent,UW-Stevens Point Pointers,Play call,ISO,2,1,2,2.0,1.0,0.99,1,2,50.0,0,0,0,0,Seth Miron,1,Motion / no set,ISO,,0,Half court,Base five (one big),Organized offense (10-19 sec used),,Man-to-Man,ISO:M2M,WEC@WSP,Offense
Opponent,UW-Stevens Point Pointers,Play call,Low,1,1,1,2.0,2.0,0.99,1,1,100.0,0,0,0,0,Seth Miron,1,Low,Ball Screen,,0,Half court,4G-1W,Organized offense (10-19 sec used),,Man-to-Man,"41-LOW(BS,BS)-M2M(1OVER,2DROP,2UNDER,23DROP)",WEC@WSP,Offense
Opponent,UW-Stevens Point Pointers,Play call,M2M,1,1,1,2.0,2.0,0.99,1,1,100.0,0,0,0,0,Josh Bocher,1,M2M,Cross Screen,,0,Half court,Base five (one big),Late clock (20+ sec used),,,"41-CHIN(CS,DS,BS)-M2M:22OVER,24DROP,5STAY,6DROP,5OVER,6DROP)",WEC@WSP,Offense
Opponent,UW-Stevens Point Pointers,Play call,Motion High Ball Screen,1,1,1,2.0,2.0,0.99,1,1,100.0,0,0,0,0,Josh Bocher,1,High Ball Screen,,,0,Half court,Base five (one big),Late clock (20+ sec used),,Man-to-Man,"MOTION-HIBS:M2M(22OVER,23DROP)",WEC@WSP,Offense
Opponent,UW-Stevens Point Pointers,Play call,Peja,1,1,1,2.0,2.0,0.99,1,1,100.0,0,0,0,0,Seth Miron,1,Peja,,,0,Half court,Two-big lineup,Organized offense (10-19 sec used),,Man-to-Man,41-peja:m2m(over3drop23),WEC@WSP,Offense
Opponent,UW-Stevens Point Pointers,Play call,SLOB,2,1,2,0.0,0.0,0.99,0,2,0.0,0,0,0,0,Seth Miron,1,SLOB,,,0,SLOB,Base five (one big),Late clock (20+ sec used),,Man-to-Man,SLOB:M2M,WEC@WSP,Offense
Opponent,UW-Stevens Point Pointers,Play call,Set,8,1,8,8.0,1.0,0.99,4,8,50.0,0,2,0,0,Josh Bocher,2,Set,Flash,,0,Half court,Two-big lineup,Late clock (20+ sec used),"Clutch (last 5 min, margin ≤ 8)",Man-to-Man,"21-SET(US,SWINGS,FLASH,SS):M2M (3OVER,3OVER, 10UNDER) | 21-SET(US,SS,FLASH,SS):M2M(3OVER,10UNDER) | 32-SET(FLAIR):M2M(5UNDER,2STAY)",WEC@WSP,Offense
Opponent,UW-Stevens Point Pointers,Play call,Spain,1,1,1,2.0,2.0,0.99,1,1,100.0,0,0,0,0,Josiah Butler,1,Motion / no set,Spain,,0,Half court,Two-big lineup,Organized offense (10-19 sec used),,Man-to-Man,i-spain:m2m,WEC@WSP,Offense
Opponent,UW-Stevens Point Pointers,Play call,Spread,4,1,3,1.0,0.33,0.99,0,2,0.0,0,1,1,1,Seth Miron,1,Spread,Ricky (rescreen),,0,Half court,4G-1W,Late clock (20+ sec used),,Man-to-Man,"41-spread(throw5,sci,dho,ricky):m2m(under1,under5,stay2,stay20,stay2,drop20) | 41-SPREAD(FLAIR,BS,DHO,BS):M2M(3STAY,2STAY,23STAY) | 41-SPREAD(CS,SWING,BS,DS):M2M (1OVER,2STAY,5OVER,23DROP,2OVER,23DROP)",WEC@WSP,Offense
Opponent,UW-Stevens Point Pointers,Series,3Man,1,1,1,2.0,2.0,0.99,1,1,100.0,0,0,0,0,Logan Baumgartner,1,3Man,Stagger,,0,Half court,4G-1W,Organized offense (10-19 sec used),,Man-to-Man,"3man(stagger,ripscreen):m2m(stay3,stay23)",WEC@WSP,Offense
Opponent,UW-Stevens Point Pointers,Series,ATO,1,1,1,3.0,3.0,0.99,1,1,100.0,1,1,0,0,Logan Baumgartner,1,ATO,,,0,ATO,4G-1W,Organized offense (10-19 sec used),,Man-to-Man,ATO:M2M,WEC@WSP,Offense
Opponent,UW-Stevens Point Pointers,Series,BLOB,6,1,6,9.0,1.5,0.99,4,6,66.7,1,2,0,0,Josiah Butler,3,BLOB,Iso,,0,BLOB,Two-big lineup,Late clock (20+ sec used),"Clutch (last 5 min, margin ≤ 8)",Man-to-Man,"blob-box(upscreen):m2m | blob-box(iso):m2m | BLOB-BOX(ISO,SCREENS):M2M(3UNDER)",WEC@WSP,Offense
Opponent,UW-Stevens Point Pointers,Series,Ball Screen,1,1,1,0.0,0.0,0.99,0,0,,0,0,0,1,Cal Krohn,1,Ball Screen,,,0,Half court,Two-big lineup,Organized offense (10-19 sec used),,Man-to-Man,"bs:m2m (1over,23drop)",WEC@WSP,Offense
Opponent,UW-Stevens Point Pointers,Series,Bulldog,1,1,1,0.0,0.0,0.99,0,0,,0,0,1,0,Seth Miron,1,Bulldog,Spain,,0,Half court,,,,Man-to-Man,"SET-BULLDOG(SPAIN):M2M(5STAY,23DROP)",WEC@WSP,Offense
Opponent,UW-Stevens Point Pointers,Series,Chin,14,1,14,14.0,1.0,0.99,5,11,45.5,1,4,0,2,Seth Miron,6,Chin,Flare,,0,Half court,4G-1W,Organized offense (10-19 sec used),,Man-to-Man,"41-Chin(backscreen,flair,dho,bs):m2m(5over,12drop) | 41-chin(up,ds):m2m(stay5,stay20)((stay2,stay5)) | 41-chin(US,GHST,flair):m2m(stay1,stay20)((stay1,stay20))(((over5,stay3)))",WEC@WSP,Offense
Opponent,UW-Stevens Point Pointers,Series,Flare,1,1,1,0.0,0.0,0.99,0,1,0.0,0,1,0,0,Logan Baumgartner,1,Flare,,,0,Half court,Two-big lineup,Organized offense (10-19 sec used),,Man-to-Man,41-FLAIR:M2M(22OVER),WEC@WSP,Offense
Opponent,UW-Stevens Point Pointers,Series,Flash,1,1,1,0.0,0.0,0.99,0,1,0.0,0,0,0,0,Cal Krohn,1,Flash,Follow,,0,Half court,Two-big lineup,Late clock (20+ sec used),,Man-to-Man,"32-flash(follow,follow,iso):m2m",WEC@WSP,Offense
Opponent,UW-Stevens Point Pointers,Series,Gc,1,1,1,2.0,2.0,0.99,1,1,100.0,0,0,0,0,Josh Bocher,1,Gc,,,0,Half court,Base five (one big),Organized offense (10-19 sec used),,Man-to-Man,41-GC:m2m,WEC@WSP,Offense
Opponent,UW-Stevens Point Pointers,Series,High Ball Screen,1,1,1,2.0,2.0,0.99,1,1,100.0,0,0,0,0,Josh Bocher,1,High Ball Screen,,,0,Half court,Base five (one big),Late clock (20+ sec used),,Man-to-Man,"MOTION-HIBS:M2M(22OVER,23DROP)",WEC@WSP,Offense
Opponent,UW-Stevens Point Pointers,Series,Low,1,1,1,2.0,2.0,0.99,1,1,100.0,0,0,0,0,Seth Miron,1,Low,Ball Screen,,0,Half court,4G-1W,Organized offense (10-19 sec used),,Man-to-Man,"41-LOW(BS,BS)-M2M(1OVER,2DROP,2UNDER,23DROP)",WEC@WSP,Offense
Opponent,UW-Stevens Point Pointers,Series,M2M,1,1,1,2.0,2.0,0.99,1,1,100.0,0,0,0,0,Josh Bocher,1,M2M,Cross Screen,,0,Half court,Base five (one big),Late clock (20+ sec used),,,"41-CHIN(CS,DS,BS)-M2M:22OVER,24DROP,5STAY,6DROP,5OVER,6DROP)",WEC@WSP,Offense
Opponent,UW-Stevens Point Pointers,Series,Motion,5,1,5,0.0,0.0,0.99,0,4,0.0,0,3,1,0,Josh Bocher,2,Motion,UCLA,,0,Half court,Two-big lineup,Organized offense (10-19 sec used),"Clutch (last 5 min, margin ≤ 8)",Man-to-Man,"5OUT-MOTION:M2M | 41-MOTION(SWING,UCLA,ISOCUT):M2M | 5OUT-MOTION :M2M",WEC@WSP,Offense
Opponent,UW-Stevens Point Pointers,Series,Motion / no set,3,1,3,4.0,1.33,0.99,2,3,66.7,0,0,0,0,Seth Miron,1,Motion / no set,ISO,,0,Half court,Base five (one big),Organized offense (10-19 sec used),,Man-to-Man,ISO:M2M | i-spain:m2m,WEC@WSP,Offense
Opponent,UW-Stevens Point Pointers,Series,Peja,1,1,1,2.0,2.0,0.99,1,1,100.0,0,0,0,0,Seth Miron,1,Peja,,,0,Half court,Two-big lineup,Organized offense (10-19 sec used),,Man-to-Man,41-peja:m2m(over3drop23),WEC@WSP,Offense
Opponent,UW-Stevens Point Pointers,Series,SLOB,2,1,2,0.0,0.0,0.99,0,2,0.0,0,0,0,0,Seth Miron,1,SLOB,,,0,SLOB,Base five (one big),Late clock (20+ sec used),,Man-to-Man,SLOB:M2M,WEC@WSP,Offense
Opponent,UW-Stevens Point Pointers,Series,Set,8,1,8,8.0,1.0,0.99,4,8,50.0,0,2,0,0,Josh Bocher,2,Set,Flash,,0,Half court,Two-big lineup,Late clock (20+ sec used),"Clutch (last 5 min, margin ≤ 8)",Man-to-Man,"21-SET(US,SWINGS,FLASH,SS):M2M (3OVER,3OVER, 10UNDER) | 21-SET(US,SS,FLASH,SS):M2M(3OVER,10UNDER) | 32-SET(FLAIR):M2M(5UNDER,2STAY)",WEC@WSP,Offense
Opponent,UW-Stevens Point Pointers,Series,Spread,4,1,3,1.0,0.33,0.99,0,2,0.0,0,1,1,1,Seth Miron,1,Spread,Ricky (rescreen),,0,Half court,4G-1W,Late clock (20+ sec used),,Man-to-Man,"41-spread(throw5,sci,dho,ricky):m2m(under1,under5,stay2,stay20,stay2,drop20) | 41-SPREAD(FLAIR,BS,DHO,BS):M2M(3STAY,2STAY,23STAY) | 41-SPREAD(CS,SWING,BS,DS):M2M (1OVER,2STAY,5OVER,23DROP,2OVER,23DROP)",WEC@WSP,Offense
Opponent,UW-Stevens Point Pointers,Series,Stagger,1,1,0,0.0,,0.99,0,0,,0,0,1,0,Logan Baumgartner,1,Stagger,,,0,Half court,,,,Man-to-Man,5out-stagger:m2m,WEC@WSP,Offense
Opponent,UW-Stevens Point Pointers,Series,Swing (pass across),1,1,1,0.0,0.0,0.99,0,1,0.0,0,0,0,0,Seth Miron,1,Swing (pass across),Ball Screen,,0,Half court,Two-big lineup,Early clock (0-9 sec used),,Man-to-Man,"2NDH-41-Swing(BS)-m2m(2over,23drop)",WEC@WSP,Offense
Opponent,UW-Stevens Point Pointers,Primary action,Ball Screen,5,1,5,2.0,0.4,0.99,1,5,20.0,0,1,0,0,Seth Miron,2,Set,,,0,Half court,Base five (one big),Organized offense (10-19 sec used),"Clutch (last 5 min, margin ≤ 8)",Man-to-Man,"41-LOW(BS,BS)-M2M(1OVER,2DROP,2UNDER,23DROP) | 41-CHIN(BS):M2M(22OVER,23DROP) | 32-SET(BS,DS):M2M(5OVER,23DROP,2OVER)",WEC@WSP,Offense
Opponent,UW-Stevens Point Pointers,Primary action,Cross Screen,3,1,3,4.0,1.33,0.99,2,3,66.7,0,0,0,0,Josh Bocher,1,M2M,,,0,Half court,Base five (one big),Late clock (20+ sec used),,Man-to-Man,"41-CHIN(CS,DS,BS)-M2M:22OVER,24DROP,5STAY,6DROP,5OVER,6DROP) | 41-CHIN(CS,SWING,ISO):M2M | 41-SPREAD(CS,SWING,BS,DS):M2M (1OVER,2STAY,5OVER,23DROP,2OVER,23DROP)",WEC@WSP,Offense
Opponent,UW-Stevens Point Pointers,Primary action,DHO,2,1,2,0.0,0.0,0.99,0,2,0.0,0,1,0,0,Josiah Butler,1,Chin,,,0,Half court,Two-big lineup,Late clock (20+ sec used),,Man-to-Man,"41-Chin(flash,dho,bs):m2m(5over,23drop) | 41-chin(dho,bs):m2m(2over,23drop)",WEC@WSP,Offense
Opponent,UW-Stevens Point Pointers,Primary action,Down Screen,2,1,2,2.0,1.0,0.99,1,2,50.0,0,0,0,0,Josiah Butler,1,Chin,,,0,Half court,4G-1W,Late clock (20+ sec used),,Man-to-Man,"41-chin(up,ds):m2m(stay5,stay20)((stay2,stay5)) | 5out-set(ds):m2m ((THERE MOTION JACOB)",WEC@WSP,Offense
Opponent,UW-Stevens Point Pointers,Primary action,Flare,7,1,7,4.0,0.57,0.99,2,6,33.3,0,4,0,1,Josiah Butler,2,Chin,,,0,Half court,4G-1W,Late clock (20+ sec used),"Clutch (last 5 min, margin ≤ 8)",Man-to-Man,"41-Chin(backscreen,flair,dho,bs):m2m(5over,12drop) | 41-chin(US,GHST,flair):m2m(stay1,stay20)((stay1,stay20))(((over5,stay3))) | 41-CHIN(US,FLAIR,DHO):M2M(23STAY,1STAY,23STAY)",WEC@WSP,Offense
Opponent,UW-Stevens Point Pointers,Primary action,Flash,3,1,3,4.0,1.33,0.99,2,2,100.0,0,0,0,1,Josh Bocher,1,Set,,,0,Half court,Two-big lineup,Late clock (20+ sec used),,Man-to-Man,"21-SET(US,SWINGS,FLASH,SS):M2M (3OVER,3OVER, 10UNDER) | 21-SET(US,SS,FLASH,SS):M2M(3OVER,10UNDER) | 32-chin(flash-HILOW):m2m",WEC@WSP,Offense
Opponent,UW-Stevens Point Pointers,Primary action,Follow,1,1,1,0.0,0.0,0.99,0,1,0.0,0,0,0,0,Cal Krohn,1,Flash,,,0,Half court,Two-big lineup,Late clock (20+ sec used),,Man-to-Man,"32-flash(follow,follow,iso):m2m",WEC@WSP,Offense
Opponent,UW-Stevens Point Pointers,Primary action,Give,2,1,2,3.0,1.5,0.99,0,1,0.0,0,1,0,0,Seth Miron,2,Chin,,,0,Half court,Two-big lineup,Organized offense (10-19 sec used),,Man-to-Man,"41-Chin(flash,give,follow,give,flair): m2m | 41S-chin(us,give):m2m",WEC@WSP,Offense
Opponent,UW-Stevens Point Pointers,Primary action,ISO,2,1,2,2.0,1.0,0.99,1,2,50.0,0,0,0,0,Seth Miron,1,Motion / no set,,,0,Half court,Base five (one big),Organized offense (10-19 sec used),,Man-to-Man,ISO:M2M,WEC@WSP,Offense
Opponent,UW-Stevens Point Pointers,Primary action,Iso,3,1,3,6.0,2.0,0.99,3,3,100.0,0,0,0,0,Seth Miron,1,BLOB,,,0,BLOB,Two-big lineup,Late clock (20+ sec used),,Man-to-Man,"blob-box(iso):m2m | BLOB-BOX(ISO,SCREENS):M2M(3UNDER)",WEC@WSP,Offense
Opponent,UW-Stevens Point Pointers,Primary action,Offensive Rebound,1,1,1,0.0,0.0,0.99,0,1,0.0,0,0,0,0,Cal Krohn,1,,,,0,Offensive rebound,Two-big lineup,Early clock (0-9 sec used),,,oreb,WEC@WSP,Offense
Opponent,UW-Stevens Point Pointers,Primary action,Ricky (rescreen),1,1,1,1.0,1.0,0.99,0,0,,0,0,0,1,Seth Miron,1,Spread,,,0,Half court,4G-1W,Organized offense (10-19 sec used),,Man-to-Man,"41-spread(throw5,sci,dho,ricky):m2m(under1,under5,stay2,stay20,stay2,drop20)",WEC@WSP,Offense
Opponent,UW-Stevens Point Pointers,Primary action,Spain,2,1,2,2.0,1.0,0.99,1,1,100.0,0,0,1,0,Seth Miron,1,Bulldog,,,0,Half court,Two-big lineup,Organized offense (10-19 sec used),,Man-to-Man,"SET-BULLDOG(SPAIN):M2M(5STAY,23DROP) | i-spain:m2m",WEC@WSP,Offense
Opponent,UW-Stevens Point Pointers,Primary action,Stagger,2,1,2,5.0,2.5,0.99,2,2,100.0,1,1,0,0,Logan Baumgartner,1,3Man,,,0,Half court,4G-1W,Organized offense (10-19 sec used),,Man-to-Man,"3man(stagger,ripscreen):m2m(stay3,stay23) | 41-CHIN(US,SWING-STAGGER):M2M",WEC@WSP,Offense
Opponent,UW-Stevens Point Pointers,Primary action,UCLA,1,1,1,0.0,0.0,0.99,0,1,0.0,0,0,0,0,Josh Bocher,1,Motion,,,0,Half court,Base five (one big),Organized offense (10-19 sec used),,Man-to-Man,"41-MOTION(SWING,UCLA,ISOCUT):M2M",WEC@WSP,Offense
Opponent,UW-Stevens Point Pointers,Primary action,Up Screen,2,1,2,3.0,1.5,0.99,1,2,50.0,1,1,0,0,Carter Combs,1,BLOB,,,0,BLOB,4G-1W,Late clock (20+ sec used),,Man-to-Man,blob-box(upscreen):m2m,WEC@WSP,Offense
Opponent,UW-Stevens Point Pointers,Situation,ATO,3,1,3,5.0,1.67,0.99,2,2,100.0,1,1,0,1,Cal Krohn,1,Chin,Flare,,0,ATO,4G-1W,Organized offense (10-19 sec used),"Clutch (last 5 min, margin ≤ 8)",Man-to-Man,"41-CHIN(US,FLAIR,DHO):M2M(23STAY,1STAY,23STAY) | ATO:M2M | ;m2m(rj)",WEC@WSP,Offense
Opponent,UW-Stevens Point Pointers,Situation,BLOB,6,1,6,9.0,1.5,0.99,4,6,66.7,1,2,0,0,Josiah Butler,3,BLOB,Iso,,0,BLOB,Two-big lineup,Late clock (20+ sec used),"Clutch (last 5 min, margin ≤ 8)",Man-to-Man,"blob-box(upscreen):m2m | blob-box(iso):m2m | BLOB-BOX(ISO,SCREENS):M2M(3UNDER)",WEC@WSP,Offense
Opponent,UW-Stevens Point Pointers,Situation,Half court,54,1,52,49.0,0.94,0.99,20,41,48.8,1,11,4,8,Seth Miron,14,Chin,Flare,,0,Half court,Two-big lineup,Organized offense (10-19 sec used),"Clutch (last 5 min, margin ≤ 8)",Man-to-Man,:m2m | :m2m(rj) | ISO:M2M,WEC@WSP,Offense
Opponent,UW-Stevens Point Pointers,Situation,Offensive rebound,1,1,1,0.0,0.0,0.99,0,1,0.0,0,0,0,0,Cal Krohn,1,,Offensive Rebound,,0,Offensive rebound,Two-big lineup,Early clock (0-9 sec used),,,oreb,WEC@WSP,Offense
Opponent,UW-Stevens Point Pointers,Situation,SLOB,2,1,2,0.0,0.0,0.99,0,2,0.0,0,0,0,0,Seth Miron,1,SLOB,,,0,SLOB,Base five (one big),Late clock (20+ sec used),,Man-to-Man,SLOB:M2M,WEC@WSP,Offense
Opponent,UW-Stevens Point Pointers,Situation,Transition,6,1,6,6.0,1.0,0.99,2,4,50.0,0,0,1,1,Cal Krohn,2,,,,0,Transition,Two-big lineup,Early clock (0-9 sec used),"Clutch (last 5 min, margin ≤ 8)",Man-to-Man,tran | TRAN | :m2m,WEC@WSP,Offense
Opponent,UW-Stevens Point Pointers,Finish type,Cut,3,1,3,4.0,1.33,0.99,2,3,66.7,0,0,0,0,Logan Baumgartner,1,3Man,Stagger,,0,Half court,4G-1W,Organized offense (10-19 sec used),,Man-to-Man,"3man(stagger,ripscreen):m2m(stay3,stay23) | 41-CHIN(US):M2M | :m2m",WEC@WSP,Offense
Opponent,UW-Stevens Point Pointers,Finish type,Hand Off,3,1,3,2.0,0.67,0.99,1,2,50.0,0,0,1,0,Isaiah Moore,1,SLOB,,,0,Transition,4G-1W,Early clock (0-9 sec used),Trailing by 10+,Man-to-Man,TRAN | SLOB:M2M | :press(m2m),WEC@WSP,Offense
Opponent,UW-Stevens Point Pointers,Finish type,ISO,9,1,9,6.0,0.67,0.99,3,9,33.3,0,2,0,0,Josiah Butler,4,Chin,Down Screen,,0,Half court,Two-big lineup,Late clock (20+ sec used),"Clutch (last 5 min, margin ≤ 8)",Man-to-Man,"41-chin(up,ds):m2m(stay5,stay20)((stay2,stay5)) | oreb | 21-SET(US,SWINGS,FLASH,SS):M2M (3OVER,3OVER, 10UNDER)",WEC@WSP,Offense
Opponent,UW-Stevens Point Pointers,Finish type,No Play Type,3,1,3,4.0,1.33,0.99,0,0,,0,0,0,3,Cal Krohn,1,,,,0,Half court,Two-big lineup,Early clock (0-9 sec used),"Clutch (last 5 min, margin ≤ 8)",Man-to-Man,:m2m(rj) | :press(rj),WEC@WSP,Offense
Opponent,UW-Stevens Point Pointers,Finish type,Non Possession,8,1,6,0.0,0.0,0.99,0,0,,0,0,3,5,Seth Miron,2,Chin,Flare,,0,Half court,Two-big lineup,Late clock (20+ sec used),"Clutch (last 5 min, margin ≤ 8)",Man-to-Man,"41-Chin(backscreen,flair,dho,bs):m2m(5over,12drop) | SET-BULLDOG(SPAIN):M2M(5STAY,23DROP) | 41-SPREAD:M2M",WEC@WSP,Offense
Opponent,UW-Stevens Point Pointers,Finish type,Off Screen,4,1,4,2.0,0.5,0.99,1,4,25.0,0,3,0,0,Max Raimer,2,Set,Flare,,0,Half court,Base five (one big),Organized offense (10-19 sec used),,Man-to-Man,"41-chin(US,GHST,flair):m2m(stay1,stay20)((stay1,stay20))(((over5,stay3))) | 21-SET(US,SS,FLASH,SS):M2M(3OVER,10UNDER) | 32-SET(FLAIR):M2M(5UNDER,2STAY)",WEC@WSP,Offense
Opponent,UW-Stevens Point Pointers,Finish type,P&R Ball Handler,9,1,9,9.0,1.0,0.99,4,8,50.0,0,2,0,1,Seth Miron,4,Chin,Ball Screen,,0,Half court,Two-big lineup,Organized offense (10-19 sec used),"Clutch (last 5 min, margin ≤ 8)",Man-to-Man,"41-spread(throw5,sci,dho,ricky):m2m(under1,under5,stay2,stay20,stay2,drop20) | 41-LOW(BS,BS)-M2M(1OVER,2DROP,2UNDER,23DROP) | 41-CHIN(BS):M2M(22OVER,23DROP)",WEC@WSP,Offense
Opponent,UW-Stevens Point Pointers,Finish type,Post-Up,22,1,22,30.0,1.36,0.99,13,20,65.0,1,2,1,0,Cal Krohn,9,Chin,Cross Screen,,0,Half court,Two-big lineup,Late clock (20+ sec used),,Man-to-Man,":m2m | tran | 41-SPREAD(CS,SWING,BS,DS):M2M (1OVER,2STAY,5OVER,23DROP,2OVER,23DROP)",WEC@WSP,Offense
Opponent,UW-Stevens Point Pointers,Finish type,Spot-Up,7,1,7,8.0,1.14,0.99,3,7,42.9,2,5,0,0,Logan Baumgartner,2,BLOB,Up Screen,,0,BLOB,4G-1W,Late clock (20+ sec used),"Clutch (last 5 min, margin ≤ 8)",Man-to-Man,"blob-box(upscreen):m2m | 41-FLAIR:M2M(22OVER) | 41-SPREAD(FLAIR,BS,DHO,BS):M2M(3STAY,2STAY,23STAY)",WEC@WSP,Offense
Opponent,UW-Stevens Point Pointers,Finish type,Transition,4,1,4,4.0,1.0,0.99,1,3,33.3,0,0,0,1,Josh Bocher,2,,,,0,Transition,Two-big lineup,Early clock (0-9 sec used),"Clutch (last 5 min, margin ≤ 8)",Man-to-Man,TRAN | tran | :m2m,WEC@WSP,Offense
Opponent,UW-Stevens Point Pointers,Personnel grouping,"Cal Krohn, Carter Combs, Josh Bocher, Josiah Butler, Seth Miron",23,1,23,20.0,0.87,0.99,9,19,47.4,0,6,0,4,Josiah Butler,6,Chin,Ball Screen,,0,Half court,Two-big lineup,Late clock (20+ sec used),"Clutch (last 5 min, margin ≤ 8)",Man-to-Man,:m2m | blob-box(iso):m2m | 5out-set(ds):m2m ((THERE MOTION JACOB),WEC@WSP,Offense
Opponent,UW-Stevens Point Pointers,Personnel grouping,"Cal Krohn, Carter Combs, Josh Bocher, Logan Baumgartner, Seth Miron",1,1,1,1.0,1.0,0.99,0,0,,0,0,0,1,Seth Miron,1,,,,0,Half court,Two-big lineup,Early clock (0-9 sec used),"Clutch (last 5 min, margin ≤ 8)",Man-to-Man,:m2m(rj),WEC@WSP,Offense
Opponent,UW-Stevens Point Pointers,Personnel grouping,"Cal Krohn, Carter Combs, Josh Bocher, Max Raimer, Seth Miron",5,1,5,6.0,1.2,0.99,2,3,66.7,0,0,1,1,Cal Krohn,4,Peja,Offensive Rebound,,0,Half court,Two-big lineup,Organized offense (10-19 sec used),"Clutch (last 5 min, margin ≤ 8)",Man-to-Man,oreb | tran | 41-peja:m2m(over3drop23),WEC@WSP,Offense
Opponent,UW-Stevens Point Pointers,Personnel grouping,"Cal Krohn, Carter Combs, Josh Bocher, Seth Miron, Tyler Orr",2,1,2,2.0,1.0,0.99,1,2,50.0,0,0,0,0,Cal Krohn,2,Flash,Follow,,0,Half court,Two-big lineup,Early clock (0-9 sec used),,Man-to-Man,":m2m | 32-flash(follow,follow,iso):m2m",WEC@WSP,Offense
Opponent,UW-Stevens Point Pointers,Personnel grouping,"Cal Krohn, Carter Combs, Josiah Butler, Logan Baumgartner, Seth Miron",7,1,7,11.0,1.57,0.99,3,5,60.0,2,2,0,1,Josiah Butler,3,Chin,Up Screen,,0,Half court,4G-1W,Late clock (20+ sec used),,Man-to-Man,"blob-box(upscreen):m2m | 41-Chin(backscreen,flair,dho,bs):m2m(5over,12drop) | 3man(stagger,ripscreen):m2m(stay3,stay23)",WEC@WSP,Offense
Opponent,UW-Stevens Point Pointers,Personnel grouping,"Cal Krohn, Carter Combs, Logan Baumgartner, Max Raimer, Seth Miron",4,1,4,2.0,0.5,0.99,0,1,0.0,0,1,0,3,Seth Miron,2,Chin,Flare,,0,Half court,4G-1W,Organized offense (10-19 sec used),"Clutch (last 5 min, margin ≤ 8)",Man-to-Man,"41-chin(US,GHST,flair):m2m(stay1,stay20)((stay1,stay20))(((over5,stay3))) | 41-spread(throw5,sci,dho,ricky):m2m(under1,under5,stay2,stay20,stay2,drop20) | ;m2m(rj)",WEC@WSP,Offense
Opponent,UW-Stevens Point Pointers,Personnel grouping,"Cal Krohn, Isaiah Moore, Logan Baumgartner, Max Raimer, Tyler Orr",4,1,4,7.0,1.75,0.99,3,4,75.0,1,1,0,0,Cal Krohn,2,Chin,Flare,,0,Half court,4G-1W,Early clock (0-9 sec used),,Man-to-Man,"41-CHIN(US,FLAIR,DHO):M2M(23STAY,1STAY,23STAY) | 41-CHIN(US,SWING-STAGGER):M2M | 41-CHIN(US):M2M",WEC@WSP,Offense
Opponent,UW-Stevens Point Pointers,Personnel grouping,"Cal Krohn, Isaiah Moore, Max Raimer, Seth Miron, Tyler Orr",3,1,3,2.0,0.67,0.99,1,2,50.0,0,1,1,0,Max Raimer,1,Spread,Flare,,0,Half court,4G-1W,Late clock (20+ sec used),,Man-to-Man,"41-SPREAD(FLAIR,BS,DHO,BS):M2M(3STAY,2STAY,23STAY) | 41-LOW(BS,BS)-M2M(1OVER,2DROP,2UNDER,23DROP) | TRAN",WEC@WSP,Offense
Opponent,UW-Stevens Point Pointers,Personnel grouping,"Cal Krohn, James Jacobs, Josh Bocher, Max Raimer, Seth Miron",4,1,4,2.0,0.5,0.99,1,4,25.0,0,0,0,0,Cal Krohn,3,Set,Ball Screen,,0,Half court,Base five (one big),Late clock (20+ sec used),,Man-to-Man,"32-SET(BS,DS):M2M(5OVER,23DROP,2OVER) | ISO:M2M | 41-SPREAD(CS,SWING,BS,DS):M2M (1OVER,2STAY,5OVER,23DROP,2OVER,23DROP)",WEC@WSP,Offense
Opponent,UW-Stevens Point Pointers,Personnel grouping,"Cal Krohn, Josh Bocher, Max Raimer, Seth Miron, Tyler Orr",5,1,5,2.0,0.4,0.99,1,5,20.0,0,2,0,0,Josh Bocher,2,Set,Flare,,0,Half court,Base five (one big),Organized offense (10-19 sec used),,Man-to-Man,"32-SET(FLAIR):M2M(5UNDER,2STAY) | SLOB:M2M | MOTION-HIBS:M2M(22OVER,23DROP)",WEC@WSP,Offense
Opponent,UW-Stevens Point Pointers,Personnel grouping,"Carter Combs, Josh Bocher, Josiah Butler, Logan Baumgartner, Tyler Orr",3,1,3,4.0,1.33,0.99,2,3,66.7,0,0,0,0,Josh Bocher,2,Gc,Flare,,0,Half court,Base five (one big),Late clock (20+ sec used),,Man-to-Man,"41-GC:m2m | 5out-set(swing,flair):m2m(3over,24stay) | :m2m",WEC@WSP,Offense
Opponent,UW-Stevens Point Pointers,Personnel grouping,"Carter Combs, Josh Bocher, Logan Baumgartner, Max Raimer, Seth Miron",3,1,3,4.0,1.33,0.99,2,3,66.7,0,1,0,0,Josh Bocher,1,Set,Flash,,0,Half court,Two-big lineup,Organized offense (10-19 sec used),,Man-to-Man,"21-SET(US,SWINGS,FLASH,SS):M2M (3OVER,3OVER, 10UNDER) | 21-SET(US,SS,FLASH,SS):M2M(3OVER,10UNDER) | 41-FLAIR:M2M(22OVER)",WEC@WSP,Offense
Opponent,UW-Stevens Point Pointers,Personnel grouping,"Grant Manz, Isaiah Moore, Josh Bocher, Max Raimer, Seth Miron",1,1,1,2.0,2.0,0.99,1,1,100.0,0,0,0,0,Seth Miron,1,BLOB,Iso,,0,BLOB,Base five (one big),Organized offense (10-19 sec used),,Man-to-Man,"BLOB-BOX(ISO,SCREENS):M2M(3UNDER)",WEC@WSP,Offense
Opponent,UW-Stevens Point Pointers,Personnel grouping,"Grant Manz, James Jacobs, Josh Bocher, Max Raimer, Seth Miron",3,1,3,4.0,1.33,0.99,2,3,66.7,0,0,0,0,Seth Miron,2,M2M,Cross Screen,,0,Half court,Base five (one big),Late clock (20+ sec used),,Man-to-Man,"41-CHIN(CS,DS,BS)-M2M:22OVER,24DROP,5STAY,6DROP,5OVER,6DROP) | 41-CHIN(CS,SWING,ISO):M2M | ISO:M2M",WEC@WSP,Offense
Opponent,UW-Stevens Point Pointers,Personnel grouping,"Josh Bocher, Logan Baumgartner, Max Raimer, Seth Miron, Tyler Orr",1,1,1,0.0,0.0,0.99,0,1,0.0,0,0,0,0,Josh Bocher,1,Motion,UCLA,,0,Half court,Base five (one big),Organized offense (10-19 sec used),,Man-to-Man,"41-MOTION(SWING,UCLA,ISOCUT):M2M",WEC@WSP,Offense
Opponent,UW-Stevens Point Pointers,Personnel grouping type,4G-1W,18,1,18,22.0,1.22,0.99,7,12,58.3,3,5,1,4,Seth Miron,4,Chin,Flare,,0,Half court,4G-1W,Organized offense (10-19 sec used),"Clutch (last 5 min, margin ≤ 8)",Man-to-Man,"blob-box(upscreen):m2m | TRAN | 41-Chin(backscreen,flair,dho,bs):m2m(5over,12drop)",WEC@WSP,Offense
Opponent,UW-Stevens Point Pointers,Personnel grouping type,Base five (one big),17,1,17,14.0,0.82,0.99,7,17,41.2,0,2,0,0,Josh Bocher,6,Set,Cross Screen,,0,Half court,Base five (one big),Late clock (20+ sec used),,Man-to-Man,"SLOB:M2M | ISO:M2M | 41-MOTION(SWING,UCLA,ISOCUT):M2M",WEC@WSP,Offense
Opponent,UW-Stevens Point Pointers,Personnel grouping type,Two-big lineup,34,1,34,33.0,0.97,0.99,14,27,51.9,0,7,1,6,Cal Krohn,11,Set,Flash,,0,Half court,Two-big lineup,Organized offense (10-19 sec used),"Clutch (last 5 min, margin ≤ 8)",Man-to-Man,:m2m | :press(rj) | blob-box(iso):m2m,WEC@WSP,Offense
Opponent,UW-Stevens Point Pointers,Game situation,"Clutch (last 5 min, margin ≤ 8)",9,1,9,6.0,0.67,0.99,0,3,0.0,0,3,0,6,Josiah Butler,2,BLOB,Ball Screen,,0,Half court,Two-big lineup,Early clock (0-9 sec used),"Clutch (last 5 min, margin ≤ 8)",Man-to-Man,:press(rj) | :m2m(rj) | isocut:m2m,WEC@WSP,Offense
Opponent,UW-Stevens Point Pointers,Game situation,Trailing by 10+,1,1,1,2.0,2.0,0.99,1,1,100.0,0,0,0,0,Josiah Butler,1,,,,0,Half court,Two-big lineup,Early clock (0-9 sec used),Trailing by 10+,Man-to-Man,:press(m2m),WEC@WSP,Offense
Opponent,UW-Stevens Point Pointers,Shot clock,Early clock (0-9 sec used),16,1,16,18.0,1.12,0.99,6,10,60.0,0,0,1,5,Cal Krohn,6,Chin,Offensive Rebound,,0,Half court,Two-big lineup,Early clock (0-9 sec used),"Clutch (last 5 min, margin ≤ 8)",Man-to-Man,:m2m | TRAN | :press(rj),WEC@WSP,Offense
Opponent,UW-Stevens Point Pointers,Shot clock,Late clock (20+ sec used),27,1,27,22.0,0.81,0.99,10,25,40.0,2,8,0,2,Josiah Butler,8,Chin,Flare,,0,Half court,Two-big lineup,Late clock (20+ sec used),"Clutch (last 5 min, margin ≤ 8)",Man-to-Man,SLOB:M2M | blob-box(iso):m2m | blob-box(upscreen):m2m,WEC@WSP,Offense
Opponent,UW-Stevens Point Pointers,Shot clock,Organized offense (10-19 sec used),26,1,26,29.0,1.12,0.99,12,21,57.1,1,6,1,3,Seth Miron,9,Chin,Flare,,0,Half court,Two-big lineup,Organized offense (10-19 sec used),"Clutch (last 5 min, margin ≤ 8)",Man-to-Man,"3man(stagger,ripscreen):m2m(stay3,stay23) | 41-chin(US,GHST,flair):m2m(stay1,stay20)((stay1,stay20))(((over5,stay3))) | bs:m2m (1over,23drop)",WEC@WSP,Offense
Opponent,UW-Stevens Point Pointers,Defense faced,Man-to-Man,66,1,64,63.0,0.98,0.99,25,51,49.0,3,14,4,10,Seth Miron,16,Chin,Flare,,0,Half court,Two-big lineup,Late clock (20+ sec used),"Clutch (last 5 min, margin ≤ 8)",Man-to-Man,:m2m | :m2m(rj) | blob-box(iso):m2m,WEC@WSP,Offense
Opponent,UW-Stevens Point Pointers,Ball screen coverage faced,Over,1,1,1,0.0,0.0,0.99,0,1,0.0,0,1,0,0,Logan Baumgartner,1,Flare,,,0,Half court,Two-big lineup,Organized offense (10-19 sec used),,Man-to-Man,41-FLAIR:M2M(22OVER),WEC@WSP,Offense
Opponent,UW-Stevens Point Pointers,Ball screen coverage faced,Over | Drop,10,1,10,2.0,0.2,0.99,1,8,12.5,0,3,0,2,Josiah Butler,3,Chin,Ball Screen,,0,Half court,Two-big lineup,Late clock (20+ sec used),"Clutch (last 5 min, margin ≤ 8)",Man-to-Man,"41-Chin(backscreen,flair,dho,bs):m2m(5over,12drop) | MOTION-HIBS:M2M(22OVER,23DROP) | 41-CHIN(BS):M2M(22OVER,23DROP)",WEC@WSP,Offense
Opponent,UW-Stevens Point Pointers,Ball screen coverage faced,Over | Drop | Under,1,1,1,2.0,2.0,0.99,1,1,100.0,0,0,0,0,Seth Miron,1,Low,Ball Screen,,0,Half court,4G-1W,Organized offense (10-19 sec used),,Man-to-Man,"41-LOW(BS,BS)-M2M(1OVER,2DROP,2UNDER,23DROP)",WEC@WSP,Offense
Opponent,UW-Stevens Point Pointers,Ball screen coverage faced,Over | Stay (reject),1,1,1,2.0,2.0,0.99,1,1,100.0,0,0,0,0,Josh Bocher,1,Set,Flare,,0,Half court,Base five (one big),Late clock (20+ sec used),,Man-to-Man,"5out-set(swing,flair):m2m(3over,24stay)",WEC@WSP,Offense
Opponent,UW-Stevens Point Pointers,Ball screen coverage faced,Over | Stay (reject) | Drop,1,1,1,0.0,0.0,0.99,0,1,0.0,0,0,0,0,Cal Krohn,1,Spread,Cross Screen,,0,Half court,Base five (one big),Late clock (20+ sec used),,Man-to-Man,"41-SPREAD(CS,SWING,BS,DS):M2M (1OVER,2STAY,5OVER,23DROP,2OVER,23DROP)",WEC@WSP,Offense
Opponent,UW-Stevens Point Pointers,Ball screen coverage faced,Over | Under,2,1,2,4.0,2.0,0.99,2,2,100.0,0,0,0,0,Josh Bocher,1,Set,Flash,,0,Half court,Two-big lineup,Organized offense (10-19 sec used),,Man-to-Man,"21-SET(US,SWINGS,FLASH,SS):M2M (3OVER,3OVER, 10UNDER) | 21-SET(US,SS,FLASH,SS):M2M(3OVER,10UNDER)",WEC@WSP,Offense
Opponent,UW-Stevens Point Pointers,Ball screen coverage faced,Stay (reject),2,1,2,2.0,1.0,0.99,1,2,50.0,0,1,0,0,Cal Krohn,1,Chin,Flare,,0,ATO,4G-1W,Organized offense (10-19 sec used),,Man-to-Man,"41-CHIN(US,FLAIR,DHO):M2M(23STAY,1STAY,23STAY) | 41-SPREAD(FLAIR,BS,DHO,BS):M2M(3STAY,2STAY,23STAY)",WEC@WSP,Offense
Opponent,UW-Stevens Point Pointers,Ball screen coverage faced,Stay (reject) | Drop,1,1,1,0.0,0.0,0.99,0,0,,0,0,1,0,Seth Miron,1,Bulldog,Spain,,0,Half court,,,,Man-to-Man,"SET-BULLDOG(SPAIN):M2M(5STAY,23DROP)",WEC@WSP,Offense
Opponent,UW-Stevens Point Pointers,Ball screen coverage faced,Under,1,1,1,2.0,2.0,0.99,1,1,100.0,0,0,0,0,Seth Miron,1,BLOB,Iso,,0,BLOB,Base five (one big),Organized offense (10-19 sec used),,Man-to-Man,"BLOB-BOX(ISO,SCREENS):M2M(3UNDER)",WEC@WSP,Offense
Opponent,UW-Stevens Point Pointers,Ball screen coverage faced,Under | Stay (reject),1,1,1,0.0,0.0,0.99,0,1,0.0,0,1,0,0,Max Raimer,1,Set,Flare,,0,Half court,Base five (one big),Organized offense (10-19 sec used),,Man-to-Man,"32-SET(FLAIR):M2M(5UNDER,2STAY)",WEC@WSP,Offense
Opponent,UW-Stevens Point Pointers,Ball screen coverage faced,over3drop23,1,1,1,2.0,2.0,0.99,1,1,100.0,0,0,0,0,Seth Miron,1,Peja,,,0,Half court,Two-big lineup,Organized offense (10-19 sec used),,Man-to-Man,41-peja:m2m(over3drop23),WEC@WSP,Offense
Opponent,UW-Stevens Point Pointers,Ball screen coverage faced,stay3 | stay23,1,1,1,2.0,2.0,0.99,1,1,100.0,0,0,0,0,Logan Baumgartner,1,3Man,Stagger,,0,Half court,4G-1W,Organized offense (10-19 sec used),,Man-to-Man,"3man(stagger,ripscreen):m2m(stay3,stay23)",WEC@WSP,Offense
Opponent,UW-Stevens Point Pointers,Ball screen coverage faced,stay5 | stay20 | stay2,1,1,1,0.0,0.0,0.99,0,1,0.0,0,0,0,0,Josiah Butler,1,Chin,Down Screen,,0,Half court,4G-1W,Late clock (20+ sec used),,Man-to-Man,"41-chin(up,ds):m2m(stay5,stay20)((stay2,stay5))",WEC@WSP,Offense
Opponent,UW-Stevens Point Pointers,Ball screen coverage faced,there motion jacob,1,1,1,2.0,2.0,0.99,1,1,100.0,0,0,0,0,Cal Krohn,1,Set,Down Screen,,0,Half court,Two-big lineup,Late clock (20+ sec used),,Man-to-Man,5out-set(ds):m2m ((THERE MOTION JACOB),WEC@WSP,Offense
Opponent,UW-Stevens Point Pointers,Ball screen coverage faced,under1 | under5 | stay2 | stay20 | drop20,1,1,1,1.0,1.0,0.99,0,0,,0,0,0,1,Seth Miron,1,Spread,Ricky (rescreen),,0,Half court,4G-1W,Organized offense (10-19 sec used),,Man-to-Man,"41-spread(throw5,sci,dho,ricky):m2m(under1,under5,stay2,stay20,stay2,drop20)",WEC@WSP,Offense
Opponent,UW-Stevens Point Pointers,Play call,4-1 Dribble Drive,2,1,1,1.0,1.0,0.95,0,0,,0,0,1,1,Xavier Lewis,1,Dribble Drive,Ball Screen,,0,Half court,4G-1W,Late clock (20+ sec used),,,"41-DD(3DHO's,US,BS,BS):m2m(stay12,stay5)((12hedge,5stay))(((12hedge,5stay))) | 41-DD(3DHO,US,RICKY):M2M(13UNDER,24STAY,24STAY,13UNDER)",WEC@WSP,Defense
Opponent,UW-Stevens Point Pointers,Play call,4-1 Motion,3,1,2,0.0,0.0,0.95,0,2,0.0,0,2,1,0,Xavier Lewis,1,Motion,Ball Screen,,0,Half court,Base five (one big),Late clock (20+ sec used),,,"41(corner rip screen,,bs):m2m(12stay,4stay)((12hedge,5stay)) | 41-MOTION(BS,DHO):M2M(23OVER,2JAM,2UNDER,12HEDGE) | 41-MOTION(BS,BS):M2M(12SWITCH,14SWITCH, 14SWITCH,12SWITCH)",WEC@WSP,Defense
Opponent,UW-Stevens Point Pointers,Play call,5 Out,1,1,1,2.0,2.0,0.95,0,0,,0,0,0,1,Carter Lichtsinn,1,5 Out,,,0,ATO,Two-big lineup,Late clock (20+ sec used),,,5out-77,WEC@WSP,Defense
Opponent,UW-Stevens Point Pointers,Play call,5 Out Motion,6,1,6,3.0,0.5,0.95,0,1,0.0,0,0,3,1,Luke Reder,2,Motion,Ball Screen,,0,Half court,Base five (one big),Organized offense (10-19 sec used),,,"5OUT-MOTION(DHO-BS-BS):M2M(14 OVER,15HEDGE,22OVER) | 5OUT-MOTION(BS,BS):M2M(14STAY,15STAY,2HEDGE,22OVER) | 5OUT-MOTION(BS):M2M (24SWITCH,23SWITCH)",WEC@WSP,Defense
Opponent,UW-Stevens Point Pointers,Play call,5 Out Spain,1,1,1,0.0,0.0,0.95,0,0,,0,0,1,0,Carter Lichtsinn,1,Spain,,,0,Half court,4G-1W,Organized offense (10-19 sec used),,,"5OUT-SPAIN:M2M(12SWITCH,22SWITCH)",WEC@WSP,Defense
Opponent,UW-Stevens Point Pointers,Play call,5 Out Stagger,4,1,4,2.0,0.5,0.95,1,2,50.0,0,1,1,1,Kenji Scales,2,Stagger,Ball Screen,,0,Half court,Two-big lineup,Organized offense (10-19 sec used),,,"5OUT-STAGGER(GIVE.PITCH,BS,PIN):M2M(23OVER,14UNDER,14 OVER,15STAY,5OVER)) | ATO-5OUT-STAGGER(PASS-PITCH-BS):M2M(14SWITCH,12SWITCH) | 5out-stagger(curl,flash):m2m",WEC@WSP,Defense
Opponent,UW-Stevens Point Pointers,Play call,5 Out Zoom,1,1,1,0.0,0.0,0.95,0,1,0.0,0,1,0,0,Kenji Scales,1,5 Out,Zoom,,0,Half court,Two-big lineup,Organized offense (10-19 sec used),,,"5out-Zoom(bs)""m2m(4over,12drop)",WEC@WSP,Defense
Opponent,UW-Stevens Point Pointers,Play call,77Double,1,1,1,0.0,0.0,0.95,0,1,0.0,0,0,0,0,Kenji Scales,1,77Double,Ball Screen,,0,Half court,Two-big lineup,Late clock (20+ sec used),,,"5out-77double(bs,ds,bs):m2m(12switch,14switch)",WEC@WSP,Defense
Opponent,UW-Stevens Point Pointers,Play call,BLOB,3,1,3,6.0,2.0,0.95,1,2,50.0,1,2,0,0,Kenji Scales,2,BLOB,,,0,BLOB,Base five (one big),Early clock (0-9 sec used),,,blob:m2m | BLOB:M2M,WEC@WSP,Defense
Opponent,UW-Stevens Point Pointers,Play call,Ball Screen,6,1,6,5.0,0.83,0.95,0,2,0.0,0,2,1,2,Andre Renta,4,Ball Screen,,,0,Half court,Two-big lineup,Early clock (0-9 sec used),"Clutch (last 5 min, margin ≤ 8)",,"bs:m2m(14switch,12switch) | BS:m2m(stay12,stay2) | bs:m2m(2over,12drop)",WEC@WSP,Defense
Opponent,UW-Stevens Point Pointers,Play call,Chin Motion,1,1,1,0.0,0.0,0.95,0,1,0.0,0,0,0,0,Xavier Lewis,1,Motion,DHO,,0,Half court,Two-big lineup,Organized offense (10-19 sec used),,,"chin(dho,swing,us,swing,swing,bs):m2m(12switch,14switch)",WEC@WSP,Defense
Opponent,UW-Stevens Point Pointers,Play call,Horns Motion,1,1,1,2.0,2.0,0.95,0,0,,0,0,0,1,Kenji Scales,1,Motion,Flare,,0,Half court,4G-1W,Organized offense (10-19 sec used),,,"Horns(flair,pass wing,follow,ds):m2m (under4,stay12)",WEC@WSP,Defense
Opponent,UW-Stevens Point Pointers,Play call,Iform Spain,1,1,1,2.0,2.0,0.95,1,1,100.0,0,0,0,0,Will Boser,1,Spain,,,0,Half court,4G-1W,Organized offense (10-19 sec used),,,"IFORM-spain:m2m(5over,12drop)",WEC@WSP,Defense
Opponent,UW-Stevens Point Pointers,Play call,Jungle,1,1,1,0.0,0.0,0.95,0,1,0.0,0,1,0,0,Andre Renta,1,Jungle,Zoom,,0,Half court,Two-big lineup,Late clock (20+ sec used),,,"5out-jungle(ds,zoom,stagger):m2m(over23,under12,over23)",WEC@WSP,Defense
Opponent,UW-Stevens Point Pointers,Play call,Knicks,1,1,1,0.0,0.0,0.95,0,0,,0,0,1,0,Xavier Lewis,1,Knicks,Swing (pass across),,0,Half court,Two-big lineup,Organized offense (10-19 sec used),,,"knicks(swing,us):m2m(12over)",WEC@WSP,Defense
Opponent,UW-Stevens Point Pointers,Play call,Knicks Spain,2,1,2,6.0,3.0,0.95,0,0,,0,0,0,1,Andre Renta,1,Spain,Ghost,,0,Half court,Two-big lineup,Late clock (20+ sec used),,,"Knicks-Spain(ghost):m2m | knicks-spain:m2m(14over,5stay)",WEC@WSP,Defense
Opponent,UW-Stevens Point Pointers,Play call,Lwing,2,1,2,3.0,1.5,0.95,1,2,50.0,1,2,0,0,Kenji Scales,1,Lwing,Ball Screen,,0,Half court,Two-big lineup,Organized offense (10-19 sec used),,,"5out-LWing(mav):m2m(5under,12stay) | 5out-LWING(mav,bs):m2m(4over,12under, 22over,15hedge)",WEC@WSP,Defense
Opponent,UW-Stevens Point Pointers,Play call,Pistol,6,1,6,13.0,2.17,0.95,3,3,100.0,2,2,0,3,Carter Lichtsinn,2,Pistol,Flare,,0,Half court,4G-1W,Organized offense (10-19 sec used),"Clutch (last 5 min, margin ≤ 8)",,"5OUT-PISTOL(GHOST,FLAIR,BS):M2M D(15STAY,15OVER,12STAY,,22OVER,12STAY) | 5OUT-PISTOL(GHOST,FLAIR,BS):M2M(23 OVER) | 5OUT-PISTOL(SCREEN,FLAIR):M2M",WEC@WSP,Defense
Opponent,UW-Stevens Point Pointers,Play call,SLOB,4,1,4,0.0,0.0,0.95,0,4,0.0,0,1,0,0,Carter Lichtsinn,1,SLOB,,,0,SLOB,Two-big lineup,Late clock (20+ sec used),"Clutch (last 5 min, margin ≤ 8)",,slob:m2m | SLOB:M2M,WEC@WSP,Defense
Opponent,UW-Stevens Point Pointers,Play call,Set,13,1,13,10.0,0.77,0.95,5,11,45.5,0,4,2,0,Carter Lichtsinn,4,Set,DHO,Wing,1,Half court,4G-1W,Organized offense (10-19 sec used),,,"41-Set(pass-wing,guards go corners,pat miller,upscreen): m2m(stay12) | 5OUT-SET(GHOST,FLAIR,BS,DHO):M2M (5OVER,5OVER,14SWITCH,5SWITCH,5 SWITCH,14SWITCH)) | HORNS-SET(4OVER5-GHST-5POP,BS,RJCT):M2M",WEC@WSP,Defense
Opponent,UW-Stevens Point Pointers,Play call,"Set ,Bs)",1,1,1,0.0,0.0,0.95,0,1,0.0,0,0,0,0,Carter Lichtsinn,1,"Set ,Bs)",Down Screen,,0,Half court,Two-big lineup,Late clock (20+ sec used),,,"5out-set(pass5-ds),bs):m2m(4over,5drop,4under,12drop)",WEC@WSP,Defense
Opponent,UW-Stevens Point Pointers,Series,5 Out,2,1,2,2.0,1.0,0.95,0,1,0.0,0,1,0,1,Carter Lichtsinn,1,5 Out,Zoom,,0,ATO,Two-big lineup,Late clock (20+ sec used),,,"5out-77 | 5out-Zoom(bs)""m2m(4over,12drop)",WEC@WSP,Defense
Opponent,UW-Stevens Point Pointers,Series,77Double,1,1,1,0.0,0.0,0.95,0,1,0.0,0,0,0,0,Kenji Scales,1,77Double,Ball Screen,,0,Half court,Two-big lineup,Late clock (20+ sec used),,,"5out-77double(bs,ds,bs):m2m(12switch,14switch)",WEC@WSP,Defense
Opponent,UW-Stevens Point Pointers,Series,BLOB,3,1,3,6.0,2.0,0.95,1,2,50.0,1,2,0,0,Kenji Scales,2,BLOB,,,0,BLOB,Base five (one big),Early clock (0-9 sec used),,,blob:m2m | BLOB:M2M,WEC@WSP,Defense
Opponent,UW-Stevens Point Pointers,Series,Ball Screen,6,1,6,5.0,0.83,0.95,0,2,0.0,0,2,1,2,Andre Renta,4,Ball Screen,,,0,Half court,Two-big lineup,Early clock (0-9 sec used),"Clutch (last 5 min, margin ≤ 8)",,"bs:m2m(14switch,12switch) | BS:m2m(stay12,stay2) | bs:m2m(2over,12drop)",WEC@WSP,Defense
Opponent,UW-Stevens Point Pointers,Series,Dribble Drive,2,1,1,1.0,1.0,0.95,0,0,,0,0,1,1,Xavier Lewis,1,Dribble Drive,Ball Screen,,0,Half court,4G-1W,Late clock (20+ sec used),,,"41-DD(3DHO's,US,BS,BS):m2m(stay12,stay5)((12hedge,5stay))(((12hedge,5stay))) | 41-DD(3DHO,US,RICKY):M2M(13UNDER,24STAY,24STAY,13UNDER)",WEC@WSP,Defense
Opponent,UW-Stevens Point Pointers,Series,Jungle,1,1,1,0.0,0.0,0.95,0,1,0.0,0,1,0,0,Andre Renta,1,Jungle,Zoom,,0,Half court,Two-big lineup,Late clock (20+ sec used),,,"5out-jungle(ds,zoom,stagger):m2m(over23,under12,over23)",WEC@WSP,Defense
Opponent,UW-Stevens Point Pointers,Series,Knicks,1,1,1,0.0,0.0,0.95,0,0,,0,0,1,0,Xavier Lewis,1,Knicks,Swing (pass across),,0,Half court,Two-big lineup,Organized offense (10-19 sec used),,,"knicks(swing,us):m2m(12over)",WEC@WSP,Defense
Opponent,UW-Stevens Point Pointers,Series,Lwing,2,1,2,3.0,1.5,0.95,1,2,50.0,1,2,0,0,Kenji Scales,1,Lwing,Ball Screen,,0,Half court,Two-big lineup,Organized offense (10-19 sec used),,,"5out-LWing(mav):m2m(5under,12stay) | 5out-LWING(mav,bs):m2m(4over,12under, 22over,15hedge)",WEC@WSP,Defense
Opponent,UW-Stevens Point Pointers,Series,Motion,11,1,10,5.0,0.5,0.95,0,4,0.0,0,2,4,2,Kenji Scales,3,Motion,Ball Screen,,0,Half court,Base five (one big),Organized offense (10-19 sec used),,,"Horns(flair,pass wing,follow,ds):m2m (under4,stay12) | 41(corner rip screen,,bs):m2m(12stay,4stay)((12hedge,5stay)) | 5OUT-MOTION(DHO-BS-BS):M2M(14 OVER,15HEDGE,22OVER)",WEC@WSP,Defense
Opponent,UW-Stevens Point Pointers,Series,Pistol,6,1,6,13.0,2.17,0.95,3,3,100.0,2,2,0,3,Carter Lichtsinn,2,Pistol,Flare,,0,Half court,4G-1W,Organized offense (10-19 sec used),"Clutch (last 5 min, margin ≤ 8)",,"5OUT-PISTOL(GHOST,FLAIR,BS):M2M D(15STAY,15OVER,12STAY,,22OVER,12STAY) | 5OUT-PISTOL(GHOST,FLAIR,BS):M2M(23 OVER) | 5OUT-PISTOL(SCREEN,FLAIR):M2M",WEC@WSP,Defense
Opponent,UW-Stevens Point Pointers,Series,SLOB,4,1,4,0.0,0.0,0.95,0,4,0.0,0,1,0,0,Carter Lichtsinn,1,SLOB,,,0,SLOB,Two-big lineup,Late clock (20+ sec used),"Clutch (last 5 min, margin ≤ 8)",,slob:m2m | SLOB:M2M,WEC@WSP,Defense
Opponent,UW-Stevens Point Pointers,Series,Set,13,1,13,10.0,0.77,0.95,5,11,45.5,0,4,2,0,Carter Lichtsinn,4,Set,DHO,Wing,1,Half court,4G-1W,Organized offense (10-19 sec used),,,"41-Set(pass-wing,guards go corners,pat miller,upscreen): m2m(stay12) | 5OUT-SET(GHOST,FLAIR,BS,DHO):M2M (5OVER,5OVER,14SWITCH,5SWITCH,5 SWITCH,14SWITCH)) | HORNS-SET(4OVER5-GHST-5POP,BS,RJCT):M2M",WEC@WSP,Defense
Opponent,UW-Stevens Point Pointers,Series,"Set ,Bs)",1,1,1,0.0,0.0,0.95,0,1,0.0,0,0,0,0,Carter Lichtsinn,1,"Set ,Bs)",Down Screen,,0,Half court,Two-big lineup,Late clock (20+ sec used),,,"5out-set(pass5-ds),bs):m2m(4over,5drop,4under,12drop)",WEC@WSP,Defense
Opponent,UW-Stevens Point Pointers,Series,Spain,4,1,4,8.0,2.0,0.95,1,1,100.0,0,0,1,1,Carter Lichtsinn,2,Spain,Ghost,,0,Half court,4G-1W,Organized offense (10-19 sec used),,,"5OUT-SPAIN:M2M(12SWITCH,22SWITCH) | Knicks-Spain(ghost):m2m | knicks-spain:m2m(14over,5stay)",WEC@WSP,Defense
Opponent,UW-Stevens Point Pointers,Series,Stagger,4,1,4,2.0,0.5,0.95,1,2,50.0,0,1,1,1,Kenji Scales,2,Stagger,Ball Screen,,0,Half court,Two-big lineup,Organized offense (10-19 sec used),,,"5OUT-STAGGER(GIVE.PITCH,BS,PIN):M2M(23OVER,14UNDER,14 OVER,15STAY,5OVER)) | ATO-5OUT-STAGGER(PASS-PITCH-BS):M2M(14SWITCH,12SWITCH) | 5out-stagger(curl,flash):m2m",WEC@WSP,Defense
Opponent,UW-Stevens Point Pointers,Primary action,Ball Screen,12,1,11,6.0,0.55,0.95,2,7,28.6,0,4,3,2,Xavier Lewis,3,Motion,,,0,Half court,Base five (one big),Organized offense (10-19 sec used),,,"41(corner rip screen,,bs):m2m(12stay,4stay)((12hedge,5stay)) | 41-DD(3DHO's,US,BS,BS):m2m(stay12,stay5)((12hedge,5stay))(((12hedge,5stay))) | 5OUT-STAGGER(GIVE.PITCH,BS,PIN):M2M(23OVER,14UNDER,14 OVER,15STAY,5OVER))",WEC@WSP,Defense
Opponent,UW-Stevens Point Pointers,Primary action,Curl,1,1,1,0.0,0.0,0.95,0,0,,0,0,1,0,Kenji Scales,1,Stagger,,,0,Half court,Two-big lineup,Organized offense (10-19 sec used),,,"5out-stagger(curl,flash):m2m",WEC@WSP,Defense
Opponent,UW-Stevens Point Pointers,Primary action,DHO,8,1,8,4.0,0.5,0.95,1,6,16.7,0,1,1,0,Andre Renta,3,Set,,,0,Half court,Base five (one big),Organized offense (10-19 sec used),,,"5OUT-MOTION(DHO-BS-BS):M2M(14 OVER,15HEDGE,22OVER) | 5OUT-SET(DHO,OVER,QUICKP):M2M | 5OUT-SET(DHO,PASS5,OVERBS):M2M(14UNDER,12DROP)",WEC@WSP,Defense
Opponent,UW-Stevens Point Pointers,Primary action,Down Screen,1,1,1,0.0,0.0,0.95,0,1,0.0,0,0,0,0,Carter Lichtsinn,1,"Set ,Bs)",,,0,Half court,Two-big lineup,Late clock (20+ sec used),,,"5out-set(pass5-ds),bs):m2m(4over,5drop,4under,12drop)",WEC@WSP,Defense
Opponent,UW-Stevens Point Pointers,Primary action,Flare,4,1,4,10.0,2.5,0.95,2,2,100.0,2,2,0,2,Kenji Scales,2,Pistol,,,0,Half court,Base five (one big),Organized offense (10-19 sec used),"Clutch (last 5 min, margin ≤ 8)",,"Horns(flair,pass wing,follow,ds):m2m (under4,stay12) | 5OUT-PISTOL(SCREEN,FLAIR):M2M | 5OUT-PISTOL(PASS,FOLLOW,PITCH,FLAIR,BS):M2M(23OVER,,24DROP)",WEC@WSP,Defense
Opponent,UW-Stevens Point Pointers,Primary action,Ghost,5,1,5,6.0,1.2,0.95,0,1,0.0,0,1,1,3,Andre Renta,2,Set,,,0,Half court,Two-big lineup,Organized offense (10-19 sec used),,,"5OUT-SET(GHOST,FLAIR,BS,DHO):M2M (5OVER,5OVER,14SWITCH,5SWITCH,5 SWITCH,14SWITCH)) | 5OUT-PISTOL(GHOST,FLAIR,BS):M2M D(15STAY,15OVER,12STAY,,22OVER,12STAY) | 5OUT-PISTOL(GHOST,FLAIR,BS):M2M(23 OVER)",WEC@WSP,Defense
Opponent,UW-Stevens Point Pointers,Primary action,Give,1,1,1,0.0,0.0,0.95,0,0,,0,0,1,0,Andre Renta,1,Motion,,,0,Half court,Two-big lineup,Organized offense (10-19 sec used),,,"5out-Motion(p-cor,follow,give,flair,bs):m2m(",WEC@WSP,Defense
Opponent,UW-Stevens Point Pointers,Primary action,IVO,3,1,3,4.0,1.33,0.95,2,3,66.7,0,1,0,0,Carter Lichtsinn,2,Set,,,0,Half court,4G-1W,Late clock (20+ sec used),,,"HORNS-SET(IVO,CLEAR,FS):M2M(12HEDGE,5STAY) | HORNS-SET(IVO,BUR CUT,SWING,US,DS,BS):M2M(12,STAY,22STAY,22OVER,2STAY,2UNDER,23STAY) | Horns-Set(ivo,bur,ds):m2m(2over,14stay)",WEC@WSP,Defense
Opponent,UW-Stevens Point Pointers,Primary action,Offensive Rebound,2,1,2,2.0,1.0,0.95,1,1,100.0,0,0,0,1,Kenji Scales,1,,,,0,Offensive rebound,4G-1W,Early clock (0-9 sec used),,,oreb | OREB,WEC@WSP,Defense
Opponent,UW-Stevens Point Pointers,Primary action,Pat Miller,1,1,1,2.0,2.0,0.95,1,1,100.0,0,0,0,0,Xavier Lewis,1,Set,,Wing,1,Half court,4G-1W,Organized offense (10-19 sec used),,,"41-Set(pass-wing,guards go corners,pat miller,upscreen): m2m(stay12)",WEC@WSP,Defense
Opponent,UW-Stevens Point Pointers,Primary action,Ricky (rescreen),1,1,0,0.0,,0.95,0,0,,0,0,1,0,Roan Demovsky,1,Dribble Drive,,,0,Half court,,,,,"41-DD(3DHO,US,RICKY):M2M(13UNDER,24STAY,24STAY,13UNDER)",WEC@WSP,Defense
Opponent,UW-Stevens Point Pointers,Primary action,Swing (pass across),1,1,1,0.0,0.0,0.95,0,0,,0,0,1,0,Xavier Lewis,1,Knicks,,,0,Half court,Two-big lineup,Organized offense (10-19 sec used),,,"knicks(swing,us):m2m(12over)",WEC@WSP,Defense
Opponent,UW-Stevens Point Pointers,Primary action,Zoom,3,1,3,0.0,0.0,0.95,0,2,0.0,0,2,0,1,Kenji Scales,2,Jungle,,,0,Half court,Two-big lineup,Organized offense (10-19 sec used),,,"5out-jungle(ds,zoom,stagger):m2m(over23,under12,over23) | 5out-stagger(curl,flash,give,ds,zoom):m2m(4over,12drop) | 5out-Zoom(bs)""m2m(4over,12drop)",WEC@WSP,Defense
Opponent,UW-Stevens Point Pointers,Situation,ATO,4,1,4,4.0,1.0,0.95,0,1,0.0,0,1,0,3,Carter Lichtsinn,2,5 Out,Flare,,0,ATO,Two-big lineup,Organized offense (10-19 sec used),"Clutch (last 5 min, margin ≤ 8)",,"5out-77 | 5OUT-PISTOL(PASS,FOLLOW,PITCH,FLAIR,BS):M2M(23OVER,,24DROP) | ATO-5OUT-STAGGER(PASS-PITCH-BS):M2M(14SWITCH,12SWITCH)",WEC@WSP,Defense
Opponent,UW-Stevens Point Pointers,Situation,BLOB,3,1,3,6.0,2.0,0.95,1,2,50.0,1,2,0,0,Kenji Scales,2,BLOB,,,0,BLOB,Base five (one big),Early clock (0-9 sec used),,,blob:m2m | BLOB:M2M,WEC@WSP,Defense
Opponent,UW-Stevens Point Pointers,Situation,Half court,53,1,51,50.0,0.98,0.95,13,30,43.3,4,15,11,9,Kenji Scales,12,Set,Ball Screen,Wing,1,Half court,Two-big lineup,Organized offense (10-19 sec used),"Clutch (last 5 min, margin ≤ 8)",,"bs:m2m(14switch,12switch) | 41-Set(pass-wing,guards go corners,pat miller,upscreen): m2m(stay12) | :m2m",WEC@WSP,Defense
Opponent,UW-Stevens Point Pointers,Situation,Offensive rebound,2,1,2,2.0,1.0,0.95,1,1,100.0,0,0,0,1,Kenji Scales,1,,Offensive Rebound,,0,Offensive rebound,4G-1W,Early clock (0-9 sec used),,,oreb | OREB,WEC@WSP,Defense
Opponent,UW-Stevens Point Pointers,Situation,SLOB,4,1,4,0.0,0.0,0.95,0,4,0.0,0,1,0,0,Carter Lichtsinn,1,SLOB,,,0,SLOB,Two-big lineup,Late clock (20+ sec used),"Clutch (last 5 min, margin ≤ 8)",,slob:m2m | SLOB:M2M,WEC@WSP,Defense
Opponent,UW-Stevens Point Pointers,Situation,Transition,1,1,1,0.0,0.0,0.95,0,0,,0,0,1,0,Andre Renta,1,,,,0,Transition,Two-big lineup,Early clock (0-9 sec used),,,tran,WEC@WSP,Defense
Opponent,UW-Stevens Point Pointers,Location,Wing,1,1,1,2.0,2.0,0.95,1,1,100.0,0,0,0,0,Xavier Lewis,1,Set,Pat Miller,,0,Half court,4G-1W,Organized offense (10-19 sec used),,,"41-Set(pass-wing,guards go corners,pat miller,upscreen): m2m(stay12)",WEC@WSP,Defense
Opponent,UW-Stevens Point Pointers,Finish type,Cut,4,1,4,7.0,1.75,0.95,1,1,100.0,0,0,1,0,Xavier Lewis,2,Set,DHO,Wing,1,Half court,Base five (one big),Organized offense (10-19 sec used),,,"41-Set(pass-wing,guards go corners,pat miller,upscreen): m2m(stay12) | 5OUT-MOTION(DHO-BS-BS):M2M(14 OVER,15HEDGE,22OVER) | BLOB:M2M",WEC@WSP,Defense
Opponent,UW-Stevens Point Pointers,Finish type,Hand Off,2,1,2,0.0,0.0,0.95,0,0,,0,0,2,0,Roan Demovsky,1,Set,Ghost,,0,Half court,Two-big lineup,Organized offense (10-19 sec used),,,"5OUT-SET(GHOST,FLAIR,BS,DHO):M2M (5OVER,5OVER,14SWITCH,5SWITCH,5 SWITCH,14SWITCH)) | 5out-Motion(p-cor,follow,give,flair,bs):m2m(",WEC@WSP,Defense
Opponent,UW-Stevens Point Pointers,Finish type,ISO,7,1,7,10.0,1.43,0.95,1,3,33.3,0,2,1,2,Andre Renta,2,Pistol,Ghost,,0,Half court,Base five (one big),Organized offense (10-19 sec used),,,"5OUT-PISTOL(GHOST,FLAIR,BS):M2M(23 OVER) | 5OUT-SET(DHO,PASS5,OVERBS):M2M(14UNDER,12DROP) | ATO-5OUT-STAGGER(PASS-PITCH-BS):M2M(14SWITCH,12SWITCH)",WEC@WSP,Defense
Opponent,UW-Stevens Point Pointers,Finish type,No Play Type,4,1,4,4.0,1.0,0.95,2,2,100.0,0,0,2,0,Tyler Haney,2,Stagger,Ball Screen,,0,Half court,Two-big lineup,Organized offense (10-19 sec used),"Clutch (last 5 min, margin ≤ 8)",,"5OUT-STAGGER(GIVE.PITCH,BS,PIN):M2M(23OVER,14UNDER,14 OVER,15STAY,5OVER)) | 5OUT-MOTION(BS,BS):M2M(14STAY,15STAY,2HEDGE,22OVER) | 5out-stagger(curl,flash):m2m",WEC@WSP,Defense
Opponent,UW-Stevens Point Pointers,Finish type,Non Possession,5,1,3,0.0,0.0,0.95,0,0,,0,0,2,3,Roan Demovsky,2,Motion,Ball Screen,,0,Half court,Two-big lineup,Early clock (0-9 sec used),"Clutch (last 5 min, margin ≤ 8)",,"41(corner rip screen,,bs):m2m(12stay,4stay)((12hedge,5stay)) | OREB | 41-DD(3DHO,US,RICKY):M2M(13UNDER,24STAY,24STAY,13UNDER)",WEC@WSP,Defense
Opponent,UW-Stevens Point Pointers,Finish type,Off Screen,4,1,4,7.0,1.75,0.95,2,3,66.7,1,2,0,1,Kenji Scales,2,BLOB,Flare,,0,Half court,4G-1W,Organized offense (10-19 sec used),,,"blob:m2m | Horns(flair,pass wing,follow,ds):m2m (under4,stay12) | IFORM-spain:m2m(5over,12drop)",WEC@WSP,Defense
Opponent,UW-Stevens Point Pointers,Finish type,Offensive Rebound,1,1,1,2.0,2.0,0.95,1,1,100.0,0,0,0,0,Kenji Scales,1,,Offensive Rebound,,0,Offensive rebound,4G-1W,Early clock (0-9 sec used),,,oreb,WEC@WSP,Defense
Opponent,UW-Stevens Point Pointers,Finish type,P&R Ball Handler,27,1,27,19.0,0.7,0.95,4,18,22.2,1,10,3,5,Carter Lichtsinn,8,Set,Ball Screen,,0,Half court,Two-big lineup,Organized offense (10-19 sec used),"Clutch (last 5 min, margin ≤ 8)",,"slob:m2m | bs:m2m(14switch,12switch) | 41-set(dho,dho,dho,us,bs):m2m(14stay,12hedge)",WEC@WSP,Defense
Opponent,UW-Stevens Point Pointers,Finish type,Post-Up,4,1,4,4.0,1.0,0.95,1,2,50.0,0,0,0,2,Xavier Lewis,3,Dribble Drive,Ball Screen,,0,Half court,4G-1W,Late clock (20+ sec used),,,"41-DD(3DHO's,US,BS,BS):m2m(stay12,stay5)((12hedge,5stay))(((12hedge,5stay))) | 5OUT-PISTOL(GHOST,FLAIR,BS):M2M D(15STAY,15OVER,12STAY,,22OVER,12STAY) | Horns-Set(ivo,bur,ds):m2m(2over,14stay)",WEC@WSP,Defense
Opponent,UW-Stevens Point Pointers,Finish type,Spot-Up,8,1,8,9.0,1.12,0.95,3,8,37.5,3,5,0,0,Kenji Scales,4,Set,Zoom,,0,Half court,Two-big lineup,Late clock (20+ sec used),,,"5out-jungle(ds,zoom,stagger):m2m(over23,under12,over23) | 5OUT-SET(DHO,OVER,QUICKP):M2M | 5OUT-PISTOL(SCREEN,FLAIR):M2M",WEC@WSP,Defense
Opponent,UW-Stevens Point Pointers,Finish type,Transition,1,1,1,0.0,0.0,0.95,0,0,,0,0,1,0,Andre Renta,1,,,,0,Transition,Two-big lineup,Early clock (0-9 sec used),,,tran,WEC@WSP,Defense
Opponent,UW-Stevens Point Pointers,Personnel grouping,"Cal Krohn, Carter Combs, Josh Bocher, Josiah Butler, Seth Miron",20,1,20,10.0,0.5,0.95,3,11,27.3,1,4,5,4,Andre Renta,6,Set,DHO,,0,Half court,Two-big lineup,Organized offense (10-19 sec used),"Clutch (last 5 min, margin ≤ 8)",,"Knicks-Spain(ghost):m2m | knicks(swing,us):m2m(12over) | 5out-pistol(clear,flair,bs):m2m(14stay,12stay)",WEC@WSP,Defense
Opponent,UW-Stevens Point Pointers,Personnel grouping,"Cal Krohn, Carter Combs, Josh Bocher, Max Raimer, Seth Miron",5,1,5,5.0,1.0,0.95,0,2,0.0,0,2,1,1,Andre Renta,3,Ball Screen,Zoom,,0,Half court,Two-big lineup,Early clock (0-9 sec used),"Clutch (last 5 min, margin ≤ 8)",,"tran | 5out-jungle(ds,zoom,stagger):m2m(over23,under12,over23) | 5out-77",WEC@WSP,Defense
Opponent,UW-Stevens Point Pointers,Personnel grouping,"Cal Krohn, Carter Combs, Josh Bocher, Seth Miron, Tyler Orr",3,1,3,6.0,2.0,0.95,1,2,50.0,1,1,0,0,Kenji Scales,2,SLOB,,,0,Half court,Two-big lineup,Organized offense (10-19 sec used),,,"slob:m2m | 5out-LWing(mav):m2m(5under,12stay) | knicks-spain:m2m(14over,5stay)",WEC@WSP,Defense
Opponent,UW-Stevens Point Pointers,Personnel grouping,"Cal Krohn, Carter Combs, Josiah Butler, Logan Baumgartner, Seth Miron",7,1,7,11.0,1.57,0.95,4,5,80.0,0,1,0,2,Xavier Lewis,2,Set,Pat Miller,Wing,1,Half court,4G-1W,Organized offense (10-19 sec used),,,"41-Set(pass-wing,guards go corners,pat miller,upscreen): m2m(stay12) | Horns(flair,pass wing,follow,ds):m2m (under4,stay12) | slob:m2m",WEC@WSP,Defense
Opponent,UW-Stevens Point Pointers,Personnel grouping,"Cal Krohn, Carter Combs, Logan Baumgartner, Max Raimer, Seth Miron",2,1,2,4.0,2.0,0.95,1,1,100.0,0,0,0,1,Andre Renta,1,Ball Screen,,,0,Half court,4G-1W,Organized offense (10-19 sec used),"Clutch (last 5 min, margin ≤ 8)",,"BS:m2m(stay12,stay2) | :m2m(rj)",WEC@WSP,Defense
Opponent,UW-Stevens Point Pointers,Personnel grouping,"Cal Krohn, Isaiah Moore, Logan Baumgartner, Max Raimer, Tyler Orr",4,1,4,3.0,0.75,0.95,1,2,50.0,0,1,1,1,Carter Lichtsinn,3,Set,Ball Screen,,0,Half court,4G-1W,Organized offense (10-19 sec used),,,"HORNS-SET(4OVER5-GHST-5POP,BS,RJCT):M2M | HORNS-SET(IVO,CLEAR,FS):M2M(12HEDGE,5STAY) | 5OUT-SPAIN:M2M(12SWITCH,22SWITCH)",WEC@WSP,Defense
Opponent,UW-Stevens Point Pointers,Personnel grouping,"Cal Krohn, Isaiah Moore, Max Raimer, Seth Miron, Tyler Orr",2,1,2,2.0,1.0,0.95,0,1,0.0,0,0,0,1,Andre Renta,2,Pistol,Ghost,,0,Half court,4G-1W,Organized offense (10-19 sec used),,,"5OUT-PISTOL(GHOST,FLAIR,BS):M2M(23 OVER) | 5OUT-SET(DHO,OVER,QUICKP):M2M",WEC@WSP,Defense
Opponent,UW-Stevens Point Pointers,Personnel grouping,"Cal Krohn, James Jacobs, Josh Bocher, Max Raimer, Seth Miron",3,1,3,0.0,0.0,0.95,0,2,0.0,0,2,1,0,Kenji Scales,2,Motion,Ball Screen,,0,Half court,Base five (one big),Organized offense (10-19 sec used),,,"ATO-5OUT-STAGGER(PASS-PITCH-BS):M2M(14SWITCH,12SWITCH) | 41-MOTION(BS,BS):M2M(12SWITCH,14SWITCH, 14SWITCH,12SWITCH) | 5OUT-MOTION(BS):M2M(23OVER,2UNDER)",WEC@WSP,Defense
Opponent,UW-Stevens Point Pointers,Personnel grouping,"Cal Krohn, Josh Bocher, Max Raimer, Seth Miron, Tyler Orr",4,1,4,5.0,1.25,0.95,2,4,50.0,1,3,0,0,Will Boser,2,Set,IVO,,0,Half court,Base five (one big),Late clock (20+ sec used),,,"HORNS-SET(IVO,BUR CUT,SWING,US,DS,BS):M2M(12,STAY,22STAY,22OVER,2STAY,2UNDER,23STAY) | 41-MOTION(BS,DHO):M2M(23OVER,2JAM,2UNDER,12HEDGE) | 5OUT-SET(DHO,PASS5,OVERBS):M2M(14UNDER,12DROP)",WEC@WSP,Defense
Opponent,UW-Stevens Point Pointers,Personnel grouping,"Carter Combs, Josh Bocher, Josiah Butler, Logan Baumgartner, Tyler Orr",3,1,3,3.0,1.0,0.95,1,3,33.3,1,2,0,0,Luke Reder,2,Lwing,Ball Screen,,0,Half court,Base five (one big),Organized offense (10-19 sec used),,,"5out-LWING(mav,bs):m2m(4over,12under, 22over,15hedge) | :m2m | 5out(dho,bs,swing,swing,bs,bs):m2m (5over,15drop,14switch,4under,15blitz,4blitz)",WEC@WSP,Defense
Opponent,UW-Stevens Point Pointers,Personnel grouping,"Carter Combs, Josh Bocher, Logan Baumgartner, Max Raimer, Seth Miron",3,1,3,2.0,0.67,0.95,1,1,100.0,0,0,1,1,Roan Demovsky,2,Set,Ghost,,0,Half court,Two-big lineup,Organized offense (10-19 sec used),,,"5OUT-SET(GHOST,FLAIR,BS,DHO):M2M (5OVER,5OVER,14SWITCH,5SWITCH,5 SWITCH,14SWITCH)) | 5OUT-STAGGER(GIVE.PITCH,BS,PIN):M2M(23OVER,14UNDER,14 OVER,15STAY,5OVER)) | OREB",WEC@WSP,Defense
Opponent,UW-Stevens Point Pointers,Personnel grouping,"Grant Manz, Isaiah Moore, Josh Bocher, Max Raimer, Seth Miron",2,1,2,3.0,1.5,0.95,0,1,0.0,0,0,0,0,Roan Demovsky,1,SLOB,,,0,SLOB,Base five (one big),Late clock (20+ sec used),,,SLOB:M2M | BLOB:M2M,WEC@WSP,Defense
Opponent,UW-Stevens Point Pointers,Personnel grouping,"Grant Manz, James Jacobs, Josh Bocher, Max Raimer, Seth Miron",3,1,3,3.0,1.0,0.95,0,1,0.0,0,1,0,2,Roan Demovsky,1,Pistol,Flare,,0,Half court,Base five (one big),Organized offense (10-19 sec used),,,"5OUT-PISTOL(PASS,FOLLOW,PITCH,FLAIR,BS):M2M(23OVER,,24DROP) | KNICKS-SET(BBS,GHST):M2M | 5OUT-MOTION(BS):M2M (24SWITCH,23SWITCH)",WEC@WSP,Defense
Opponent,UW-Stevens Point Pointers,Personnel grouping,"Josh Bocher, Logan Baumgartner, Max Raimer, Seth Miron, Tyler Orr",2,1,2,2.0,1.0,0.95,0,0,,0,0,1,0,Luke Reder,1,Motion,DHO,,0,Half court,Base five (one big),Organized offense (10-19 sec used),,,"5OUT-MOTION(DHO-BS-BS):M2M(14 OVER,15HEDGE,22OVER) | 5OUT-MOTION(BS,BS):M2M(14STAY,15STAY,2HEDGE,22OVER)",WEC@WSP,Defense
Opponent,UW-Stevens Point Pointers,Personnel grouping type,4G-1W,15,1,15,20.0,1.33,0.95,6,9,66.7,0,2,1,5,Carter Lichtsinn,4,Set,Ball Screen,Wing,1,Half court,4G-1W,Organized offense (10-19 sec used),"Clutch (last 5 min, margin ≤ 8)",,"41-Set(pass-wing,guards go corners,pat miller,upscreen): m2m(stay12) | Horns(flair,pass wing,follow,ds):m2m (under4,stay12) | slob:m2m",WEC@WSP,Defense
Opponent,UW-Stevens Point Pointers,Personnel grouping type,Base five (one big),17,1,17,16.0,0.94,0.95,3,11,27.3,2,8,2,2,Kenji Scales,4,Motion,Ball Screen,,0,Half court,Base five (one big),Organized offense (10-19 sec used),,,"5OUT-MOTION(DHO-BS-BS):M2M(14 OVER,15HEDGE,22OVER) | KNICKS-SET(BBS,GHST):M2M | :m2m",WEC@WSP,Defense
Opponent,UW-Stevens Point Pointers,Personnel grouping type,Two-big lineup,31,1,31,23.0,0.74,0.95,5,16,31.2,2,7,7,6,Andre Renta,9,Set,Zoom,,0,Half court,Two-big lineup,Organized offense (10-19 sec used),"Clutch (last 5 min, margin ≤ 8)",,"bs:m2m(14switch,12switch) | slob:m2m | tran",WEC@WSP,Defense
Opponent,UW-Stevens Point Pointers,Game situation,"Clutch (last 5 min, margin ≤ 8)",8,1,8,8.0,1.0,0.95,2,5,40.0,1,3,0,2,Andre Renta,4,Ball Screen,Flare,,0,Half court,Two-big lineup,Early clock (0-9 sec used),"Clutch (last 5 min, margin ≤ 8)",,"bs:m2m(14switch,12switch) | bs:m2m(5over,12drop) | slob:m2m",WEC@WSP,Defense
Opponent,UW-Stevens Point Pointers,Shot clock,Early clock (0-9 sec used),11,1,11,14.0,1.27,0.95,3,4,75.0,1,2,2,3,Kenji Scales,4,Ball Screen,Offensive Rebound,,0,Half court,Two-big lineup,Early clock (0-9 sec used),"Clutch (last 5 min, margin ≤ 8)",,oreb | tran | OREB,WEC@WSP,Defense
Opponent,UW-Stevens Point Pointers,Shot clock,Late clock (20+ sec used),19,1,19,12.0,0.63,0.95,3,15,20.0,0,7,1,3,Carter Lichtsinn,5,Set,Ball Screen,,0,Half court,Two-big lineup,Late clock (20+ sec used),"Clutch (last 5 min, margin ≤ 8)",,"slob:m2m | 41-DD(3DHO's,US,BS,BS):m2m(stay12,stay5)((12hedge,5stay))(((12hedge,5stay))) | chin-Set(dho,dho,dho,us,bs):m2m(2over,12under)",WEC@WSP,Defense
Opponent,UW-Stevens Point Pointers,Shot clock,Organized offense (10-19 sec used),33,1,33,33.0,1.0,0.95,8,17,47.1,3,8,7,7,Kenji Scales,8,Set,Ball Screen,Wing,1,Half court,Two-big lineup,Organized offense (10-19 sec used),"Clutch (last 5 min, margin ≤ 8)",,"41-Set(pass-wing,guards go corners,pat miller,upscreen): m2m(stay12) | knicks(swing,us):m2m(12over) | :m2m",WEC@WSP,Defense
Opponent,UW-Stevens Point Pointers,Defense played,Man-to-Man,63,1,61,58.0,0.95,0.95,14,37,37.8,5,19,11,11,Kenji Scales,15,Set,Ball Screen,Wing,1,Half court,Two-big lineup,Organized offense (10-19 sec used),"Clutch (last 5 min, margin ≤ 8)",,"slob:m2m | :m2m | bs:m2m(14switch,12switch)",WEC@WSP,Defense
Opponent,UW-Stevens Point Pointers,Ball screen coverage played,2 | Stay (reject) | Over | Under,1,1,1,2.0,2.0,0.95,1,1,100.0,0,0,0,0,Carter Lichtsinn,1,Set,IVO,,0,Half court,Base five (one big),Late clock (20+ sec used),,,"HORNS-SET(IVO,BUR CUT,SWING,US,DS,BS):M2M(12,STAY,22STAY,22OVER,2STAY,2UNDER,23STAY)",WEC@WSP,Defense
Opponent,UW-Stevens Point Pointers,Ball screen coverage played,Hedge | Over,1,1,1,2.0,2.0,0.95,1,1,100.0,0,0,0,0,Andre Renta,1,Set,DHO,,0,Half court,4G-1W,Organized offense (10-19 sec used),,,"41-set(dho,dho,dho,bs):m2m (12hedge,5over)",WEC@WSP,Defense
Opponent,UW-Stevens Point Pointers,Ball screen coverage played,Hedge | Stay (reject),1,1,1,0.0,0.0,0.95,0,1,0.0,0,1,0,0,Carter Lichtsinn,1,Set,IVO,,0,Half court,4G-1W,Organized offense (10-19 sec used),,,"HORNS-SET(IVO,CLEAR,FS):M2M(12HEDGE,5STAY)",WEC@WSP,Defense
Opponent,UW-Stevens Point Pointers,Ball screen coverage played,Over,3,1,3,2.0,0.67,0.95,0,1,0.0,0,0,1,1,Andre Renta,2,Pistol,Ghost,,0,Half court,4G-1W,Organized offense (10-19 sec used),,,"5OUT-PISTOL(GHOST,FLAIR,BS):M2M(23 OVER) | 5OUT-SET(DHO,OVER,QUICKP):M2M | knicks(swing,us):m2m(12over)",WEC@WSP,Defense
Opponent,UW-Stevens Point Pointers,Ball screen coverage played,Over | Drop,5,1,5,4.0,0.8,0.95,1,1,100.0,0,0,1,3,Kenji Scales,2,Ball Screen,Flare,,0,Half court,Two-big lineup,Organized offense (10-19 sec used),"Clutch (last 5 min, margin ≤ 8)",,"5OUT-PISTOL(PASS,FOLLOW,PITCH,FLAIR,BS):M2M(23OVER,,24DROP) | 5out-stagger(curl,flash,give,ds,zoom):m2m(4over,12drop) | IFORM-spain:m2m(5over,12drop)",WEC@WSP,Defense
Opponent,UW-Stevens Point Pointers,Ball screen coverage played,Over | Drop | Switch | Under | Blitz,1,1,1,0.0,0.0,0.95,0,1,0.0,0,0,0,0,Luke Reder,1,Motion,DHO,,0,Half court,Base five (one big),Late clock (20+ sec used),,,"5out(dho,bs,swing,swing,bs,bs):m2m (5over,15drop,14switch,4under,15blitz,4blitz)",WEC@WSP,Defense
Opponent,UW-Stevens Point Pointers,Ball screen coverage played,Over | Drop | Under,1,1,1,0.0,0.0,0.95,0,1,0.0,0,0,0,0,Carter Lichtsinn,1,"Set ,Bs)",Down Screen,,0,Half court,Two-big lineup,Late clock (20+ sec used),,,"5out-set(pass5-ds),bs):m2m(4over,5drop,4under,12drop)",WEC@WSP,Defense
Opponent,UW-Stevens Point Pointers,Ball screen coverage played,Over | Hedge,1,1,1,2.0,2.0,0.95,0,0,,0,0,0,0,Luke Reder,1,Motion,DHO,,0,Half court,Base five (one big),Organized offense (10-19 sec used),,,"5OUT-MOTION(DHO-BS-BS):M2M(14 OVER,15HEDGE,22OVER)",WEC@WSP,Defense
Opponent,UW-Stevens Point Pointers,Ball screen coverage played,Over | Jam | Under | Hedge,1,1,1,0.0,0.0,0.95,0,1,0.0,0,1,0,0,Will Boser,1,Motion,Ball Screen,,0,Half court,Base five (one big),Late clock (20+ sec used),,,"41-MOTION(BS,DHO):M2M(23OVER,2JAM,2UNDER,12HEDGE)",WEC@WSP,Defense
Opponent,UW-Stevens Point Pointers,Ball screen coverage played,Over | Stay (reject),3,1,3,5.0,1.67,0.95,1,2,50.0,0,1,0,0,Xavier Lewis,1,Set,IVO,,0,Half court,Two-big lineup,Late clock (20+ sec used),,,"Horns-Set(ivo,bur,ds):m2m(2over,14stay) | 5out-set(pistol,ghost,flair,bs):m2m(5over,4stay) | knicks-spain:m2m(14over,5stay)",WEC@WSP,Defense
Opponent,UW-Stevens Point Pointers,Ball screen coverage played,Over | Switch,1,1,1,0.0,0.0,0.95,0,0,,0,0,1,0,Roan Demovsky,1,Set,Ghost,,0,Half court,Two-big lineup,Organized offense (10-19 sec used),,,"5OUT-SET(GHOST,FLAIR,BS,DHO):M2M (5OVER,5OVER,14SWITCH,5SWITCH,5 SWITCH,14SWITCH))",WEC@WSP,Defense
Opponent,UW-Stevens Point Pointers,Ball screen coverage played,Over | Under,2,1,2,0.0,0.0,0.95,0,0,,0,0,2,0,Kenji Scales,1,Motion,Ball Screen,,0,Half court,Base five (one big),Organized offense (10-19 sec used),,,"5OUT-MOTION(BS):M2M(23OVER,2UNDER) | chin-Set(dho,dho,dho,us,bs):m2m(2over,12under)",WEC@WSP,Defense
Opponent,UW-Stevens Point Pointers,Ball screen coverage played,Over | Under | Hedge,1,1,1,0.0,0.0,0.95,0,1,0.0,0,1,0,0,Luke Reder,1,Lwing,Ball Screen,,0,Half court,Base five (one big),Organized offense (10-19 sec used),,,"5out-LWING(mav,bs):m2m(4over,12under, 22over,15hedge)",WEC@WSP,Defense
Opponent,UW-Stevens Point Pointers,Ball screen coverage played,Over | Under | Stay (reject),1,1,1,2.0,2.0,0.95,1,1,100.0,0,0,0,0,Luke Reder,1,Stagger,Ball Screen,,0,Half court,Two-big lineup,Late clock (20+ sec used),,,"5OUT-STAGGER(GIVE.PITCH,BS,PIN):M2M(23OVER,14UNDER,14 OVER,15STAY,5OVER))",WEC@WSP,Defense
Opponent,UW-Stevens Point Pointers,Ball screen coverage played,Stay (reject),2,1,2,6.0,3.0,0.95,1,1,100.0,1,1,0,0,Carter Lichtsinn,1,Pistol,Flare,,0,Half court,Two-big lineup,Organized offense (10-19 sec used),"Clutch (last 5 min, margin ≤ 8)",,"5out-pistol(clear,flair,bs):m2m(14stay,12stay) | bs:m2m(14stay,12stay)",WEC@WSP,Defense
Opponent,UW-Stevens Point Pointers,Ball screen coverage played,Stay (reject) | Hedge,2,1,1,0.0,0.0,0.95,0,1,0.0,0,0,1,0,Xavier Lewis,1,Motion,Ball Screen,,0,Half court,Two-big lineup,Organized offense (10-19 sec used),,,"41(corner rip screen,,bs):m2m(12stay,4stay)((12hedge,5stay)) | 41-set(dho,dho,dho,us,bs):m2m(14stay,12hedge)",WEC@WSP,Defense
Opponent,UW-Stevens Point Pointers,Ball screen coverage played,Stay (reject) | Hedge | Over,1,1,1,0.0,0.0,0.95,0,0,,0,0,1,0,Tyler Haney,1,Motion,Ball Screen,,0,Half court,Base five (one big),Organized offense (10-19 sec used),,,"5OUT-MOTION(BS,BS):M2M(14STAY,15STAY,2HEDGE,22OVER)",WEC@WSP,Defense
Opponent,UW-Stevens Point Pointers,Ball screen coverage played,Stay (reject) | Over,1,1,1,1.0,1.0,0.95,0,0,,0,0,0,1,Xavier Lewis,1,Pistol,Ghost,,0,Half court,4G-1W,Organized offense (10-19 sec used),,,"5OUT-PISTOL(GHOST,FLAIR,BS):M2M D(15STAY,15OVER,12STAY,,22OVER,12STAY)",WEC@WSP,Defense
Opponent,UW-Stevens Point Pointers,Ball screen coverage played,Switch,8,1,8,1.0,0.12,0.95,0,6,0.0,0,4,1,1,Kenji Scales,3,Motion,Ball Screen,,0,Half court,Two-big lineup,Organized offense (10-19 sec used),"Clutch (last 5 min, margin ≤ 8)",,"bs:m2m(14switch,12switch) | 5OUT-SPAIN:M2M(12SWITCH,22SWITCH) | 5OUT-MOTION(BS):M2M (24SWITCH,23SWITCH)",WEC@WSP,Defense
Opponent,UW-Stevens Point Pointers,Ball screen coverage played,Under | Drop,1,1,1,0.0,0.0,0.95,0,1,0.0,0,1,0,0,Will Boser,1,Set,DHO,,0,Half court,Base five (one big),Late clock (20+ sec used),,,"5OUT-SET(DHO,PASS5,OVERBS):M2M(14UNDER,12DROP)",WEC@WSP,Defense
Opponent,UW-Stevens Point Pointers,Ball screen coverage played,Under | Stay (reject),2,1,1,3.0,3.0,0.95,1,1,100.0,1,1,1,0,Roan Demovsky,1,Dribble Drive,Ricky (rescreen),,0,Half court,Two-big lineup,Organized offense (10-19 sec used),,,"41-DD(3DHO,US,RICKY):M2M(13UNDER,24STAY,24STAY,13UNDER) | 5out-LWing(mav):m2m(5under,12stay)",WEC@WSP,Defense
Opponent,UW-Stevens Point Pointers,Ball screen coverage played,over23 | under12,1,1,1,0.0,0.0,0.95,0,1,0.0,0,1,0,0,Andre Renta,1,Jungle,Zoom,,0,Half court,Two-big lineup,Late clock (20+ sec used),,,"5out-jungle(ds,zoom,stagger):m2m(over23,under12,over23)",WEC@WSP,Defense
Opponent,UW-Stevens Point Pointers,Ball screen coverage played,stay12,1,1,1,2.0,2.0,0.95,1,1,100.0,0,0,0,0,Xavier Lewis,1,Set,Pat Miller,Wing,1,Half court,4G-1W,Organized offense (10-19 sec used),,,"41-Set(pass-wing,guards go corners,pat miller,upscreen): m2m(stay12)",WEC@WSP,Defense
Opponent,UW-Stevens Point Pointers,Ball screen coverage played,stay12 | stay2,1,1,1,2.0,2.0,0.95,0,0,,0,0,0,1,Andre Renta,1,Ball Screen,,,0,Half court,4G-1W,Organized offense (10-19 sec used),,,"BS:m2m(stay12,stay2)",WEC@WSP,Defense
Opponent,UW-Stevens Point Pointers,Ball screen coverage played,under4 | stay12,1,1,1,2.0,2.0,0.95,0,0,,0,0,0,1,Kenji Scales,1,Motion,Flare,,0,Half court,4G-1W,Organized offense (10-19 sec used),,,"Horns(flair,pass wing,follow,ds):m2m (under4,stay12)",WEC@WSP,Defense
