team,player,side,cell_hy,cell_hx,frames
UW-Whitewater,Isaac Verges,defense,20,30,10
UW-Whitewater,TEAM,defense,20,30,680
UW-Whitewater,Isaac Verges,defense,20,25,31
UW-Whitewater,TEAM,defense,20,25,955
UW-Whitewater,Isaac Verges,defense,25,30,14
UW-Whitewater,TEAM,defense,25,30,571
UW-Whitewater,Isaac Verges,defense,25,25,20
UW-Whitewater,TEAM,defense,25,25,1013
Alma Scots,Donovan Collins,offense,30,45,4
Alma Scots,TEAM,offense,30,45,34
Alma Scots,Donovan Collins,offense,35,45,5
Alma Scots,TEAM,offense,35,45,27
Alma Scots,Donovan Collins,offense,30,40,15
Alma Scots,TEAM,offense,30,40,100
Alma Scots,Donovan Collins,offense,30,35,15
Alma Scots,TEAM,offense,30,35,171
Alma Scots,Donovan Collins,offense,35,35,24
Alma Scots,TEAM,offense,35,35,108
Alma Scots,Donovan Collins,offense,35,30,47
Alma Scots,TEAM,offense,35,30,178
Alma Scots,Donovan Collins,offense,30,30,46
Alma Scots,TEAM,offense,30,30,261
Alma Scots,Donovan Collins,offense,25,30,78
Alma Scots,TEAM,offense,25,30,463
Alma Scots,Josh Elliott,offense,15,40,26
Alma Scots,TEAM,offense,15,40,149
Alma Scots,Josh Elliott,offense,15,45,18
Alma Scots,TEAM,offense,15,45,59
Alma Scots,Josh Elliott,offense,20,40,32
Alma Scots,TEAM,offense,20,40,190
Alma Scots,Josh Elliott,offense,25,45,4
Alma Scots,TEAM,offense,25,45,46
Alma Scots,Josh Elliott,offense,30,45,6
Alma Scots,Josh Elliott,offense,40,40,18
Alma Scots,TEAM,offense,40,40,61
Alma Scots,Josh Elliott,offense,35,35,24
Alma Scots,Josh Elliott,offense,30,30,45
Alma Scots,Josh Elliott,offense,20,20,97
Alma Scots,TEAM,offense,20,20,566
Alma Scots,Josh Elliott,offense,25,15,71
Alma Scots,TEAM,offense,25,15,502
Alma Scots,Josh Elliott,offense,15,5,42
Alma Scots,TEAM,offense,15,5,234
Alma Scots,Josh Elliott,offense,25,5,47
Alma Scots,TEAM,offense,25,5,300
Alma Scots,Josh Elliott,offense,20,5,55
Alma Scots,TEAM,offense,20,5,234
Alma Scots,Josh Elliott,offense,15,10,76
Alma Scots,TEAM,offense,15,10,474
Alma Scots,Josh Elliott,offense,0,10,34
Alma Scots,TEAM,offense,0,10,331
Alma Scots,Josh Elliott,offense,5,5,6
Alma Scots,TEAM,offense,5,5,80
Alma Scots,Josh Elliott,offense,5,10,31
Alma Scots,TEAM,offense,5,10,189
Alma Scots,Josh Elliott,offense,5,15,33
Alma Scots,TEAM,offense,5,15,268
Alma Scots,Josh Elliott,offense,10,0,2
Alma Scots,TEAM,offense,10,0,38
Alma Scots,Josh Elliott,offense,15,0,6
Alma Scots,TEAM,offense,15,0,43
Alma Scots,Josh Elliott,offense,20,10,75
Alma Scots,TEAM,offense,20,10,346
Alma Scots,Josh Elliott,offense,20,15,130
Alma Scots,TEAM,offense,20,15,519
Alma Scots,Josh Elliott,offense,15,15,66
Alma Scots,TEAM,offense,15,15,385
Alma Scots,Josh Elliott,offense,15,20,59
Alma Scots,TEAM,offense,15,20,415
Alma Scots,Josh Elliott,offense,10,20,29
Alma Scots,TEAM,offense,10,20,232
UW-Whitewater,Collin Madson,defense,30,35,27
UW-Whitewater,TEAM,defense,30,35,268
UW-Whitewater,Collin Madson,defense,25,35,40
UW-Whitewater,TEAM,defense,25,35,419
UW-Whitewater,Collin Madson,defense,10,45,11
UW-Whitewater,TEAM,defense,10,45,93
UW-Whitewater,Collin Madson,defense,25,40,35
UW-Whitewater,TEAM,defense,25,40,213
UW-Whitewater,Collin Madson,defense,35,45,51
UW-Whitewater,TEAM,defense,35,45,162
UW-Whitewater,Collin Madson,defense,30,45,9
UW-Whitewater,TEAM,defense,30,45,58
UW-Whitewater,Collin Madson,defense,30,40,30
UW-Whitewater,TEAM,defense,30,40,220
UW-Whitewater,Collin Madson,defense,25,30,97
UW-Whitewater,Collin Madson,defense,30,30,64
UW-Whitewater,TEAM,defense,30,30,421
UW-Whitewater,Collin Madson,defense,30,25,111
UW-Whitewater,TEAM,defense,30,25,721
UW-Whitewater,Collin Madson,defense,25,15,221
UW-Whitewater,TEAM,defense,25,15,1572
UW-Whitewater,Collin Madson,defense,20,15,221
UW-Whitewater,TEAM,defense,20,15,1520
UW-Whitewater,Collin Madson,defense,20,10,265
UW-Whitewater,TEAM,defense,20,10,1384
UW-Whitewater,Collin Madson,defense,20,5,147
UW-Whitewater,TEAM,defense,20,5,1240
UW-Whitewater,Collin Madson,defense,15,5,119
UW-Whitewater,TEAM,defense,15,5,1287
UW-Whitewater,Collin Madson,defense,15,10,240
UW-Whitewater,TEAM,defense,15,10,1623
UW-Whitewater,Collin Madson,defense,10,5,88
UW-Whitewater,TEAM,defense,10,5,633
UW-Whitewater,Collin Madson,defense,5,10,84
UW-Whitewater,TEAM,defense,5,10,515
UW-Whitewater,Collin Madson,defense,5,15,35
UW-Whitewater,TEAM,defense,5,15,310
UW-Whitewater,Collin Madson,defense,10,15,116
UW-Whitewater,TEAM,defense,10,15,777
UW-Whitewater,Collin Madson,defense,15,15,356
UW-Whitewater,TEAM,defense,15,15,1644
UW-Whitewater,Collin Madson,defense,15,0,31
UW-Whitewater,TEAM,defense,15,0,295
UW-Whitewater,Brock Marino,defense,10,45,9
UW-Whitewater,Brock Marino,defense,5,45,1
UW-Whitewater,TEAM,defense,5,45,38
Alma Scots,Korbin Heitzman,offense,35,45,7
Alma Scots,Korbin Heitzman,offense,30,30,31
Alma Scots,Korbin Heitzman,offense,20,30,93
Alma Scots,TEAM,offense,20,30,422
Alma Scots,Korbin Heitzman,offense,25,35,32
Alma Scots,TEAM,offense,25,35,255
Alma Scots,Korbin Heitzman,offense,20,35,18
Alma Scots,TEAM,offense,20,35,262
Alma Scots,Korbin Heitzman,offense,25,30,76
Alma Scots,Korbin Heitzman,offense,20,20,109
Alma Scots,Korbin Heitzman,offense,15,20,84
Alma Scots,Korbin Heitzman,offense,10,15,42
Alma Scots,TEAM,offense,10,15,231
Alma Scots,Korbin Heitzman,offense,15,15,63
Alma Scots,Korbin Heitzman,offense,10,10,47
Alma Scots,TEAM,offense,10,10,246
Alma Scots,Korbin Heitzman,offense,0,10,51
Alma Scots,Korbin Heitzman,offense,0,15,16
Alma Scots,TEAM,offense,0,15,212
Alma Scots,Korbin Heitzman,offense,5,15,30
Alma Scots,Korbin Heitzman,offense,5,20,40
Alma Scots,TEAM,offense,5,20,276
Alma Scots,Korbin Heitzman,offense,20,25,112
Alma Scots,TEAM,offense,20,25,452
Alma Scots,Korbin Heitzman,offense,25,25,104
Alma Scots,TEAM,offense,25,25,565
UW-Whitewater,Richie Warren,defense,25,35,40
UW-Whitewater,Richie Warren,defense,25,30,53
UW-Whitewater,Richie Warren,defense,30,30,53
UW-Whitewater,Richie Warren,defense,30,35,31
UW-Whitewater,Richie Warren,defense,35,45,17
Alma Scots,Raine Rodich,offense,30,25,28
Alma Scots,TEAM,offense,30,25,342
Alma Scots,Raine Rodich,offense,30,10,61
Alma Scots,TEAM,offense,30,10,474
Alma Scots,Raine Rodich,offense,30,5,22
Alma Scots,TEAM,offense,30,5,337
Alma Scots,Raine Rodich,offense,25,5,24
Alma Scots,Raine Rodich,offense,15,10,33
Alma Scots,Raine Rodich,offense,15,5,38
Alma Scots,Raine Rodich,offense,10,5,18
Alma Scots,TEAM,offense,10,5,94
Alma Scots,Raine Rodich,offense,25,10,31
Alma Scots,TEAM,offense,25,10,403
Alma Scots,Raine Rodich,offense,25,15,50
Alma Scots,Raine Rodich,offense,20,15,40
Alma Scots,Raine Rodich,offense,15,15,39
Alma Scots,Raine Rodich,offense,20,20,50
Alma Scots,Raine Rodich,offense,25,20,50
Alma Scots,TEAM,offense,25,20,617
UW-Whitewater,Isaac Verges,defense,10,45,39
UW-Whitewater,Isaac Verges,defense,15,45,4
UW-Whitewater,TEAM,defense,15,45,59
UW-Whitewater,Isaac Verges,defense,15,40,9
UW-Whitewater,TEAM,defense,15,40,210
UW-Whitewater,Isaac Verges,defense,25,40,11
UW-Whitewater,Brock Marino,defense,25,40,24
UW-Whitewater,Brock Marino,defense,20,40,38
UW-Whitewater,TEAM,defense,20,40,228
UW-Whitewater,Brock Marino,defense,20,45,34
UW-Whitewater,TEAM,defense,20,45,105
UW-Whitewater,Brock Marino,defense,15,45,5
UW-Whitewater,Brock Marino,defense,20,35,49
UW-Whitewater,TEAM,defense,20,35,426
UW-Whitewater,Luke Bara,defense,30,35,44
UW-Whitewater,Luke Bara,defense,30,30,62
UW-Whitewater,Luke Bara,defense,25,30,68
UW-Whitewater,Richie Warren,defense,35,40,25
UW-Whitewater,TEAM,defense,35,40,179
UW-Whitewater,Richie Warren,defense,25,40,22
UW-Whitewater,Richie Warren,defense,20,40,12
UW-Whitewater,Richie Warren,defense,20,45,9
Alma Scots,Logan St. Martin,offense,20,45,5
Alma Scots,TEAM,offense,20,45,59
Alma Scots,Logan St. Martin,offense,25,45,6
Alma Scots,Logan St. Martin,offense,25,40,5
Alma Scots,TEAM,offense,25,40,148
Alma Scots,Logan St. Martin,offense,35,45,3
Alma Scots,Logan St. Martin,offense,30,45,1
Alma Scots,Logan St. Martin,offense,15,40,14
Alma Scots,Logan St. Martin,offense,15,35,15
Alma Scots,TEAM,offense,15,35,159
Alma Scots,Logan St. Martin,offense,20,30,31
Alma Scots,Logan St. Martin,offense,25,30,41
Alma Scots,Logan St. Martin,offense,20,25,37
Alma Scots,Logan St. Martin,offense,25,25,74
Alma Scots,Logan St. Martin,offense,25,20,71
Alma Scots,Logan St. Martin,offense,25,15,45
Alma Scots,Logan St. Martin,offense,30,15,34
Alma Scots,TEAM,offense,30,15,580
Alma Scots,Logan St. Martin,offense,30,20,58
Alma Scots,TEAM,offense,30,20,506
Alma Scots,Logan St. Martin,offense,35,20,53
Alma Scots,TEAM,offense,35,20,310
Alma Scots,Logan St. Martin,offense,20,20,50
Alma Scots,Logan St. Martin,offense,20,15,46
Alma Scots,Logan St. Martin,offense,30,10,53
Alma Scots,Logan St. Martin,offense,35,10,17
Alma Scots,TEAM,offense,35,10,260
Alma Scots,Logan St. Martin,offense,35,5,29
Alma Scots,TEAM,offense,35,5,131
Alma Scots,Logan St. Martin,offense,40,5,10
Alma Scots,TEAM,offense,40,5,99
Alma Scots,Logan St. Martin,offense,30,5,39
Alma Scots,Logan St. Martin,offense,35,15,40
Alma Scots,TEAM,offense,35,15,295
UW-Whitewater,Luke Bara,defense,10,45,9
UW-Whitewater,Luke Bara,defense,25,45,11
UW-Whitewater,TEAM,defense,25,45,51
UW-Whitewater,Luke Bara,defense,25,40,29
UW-Whitewater,Luke Bara,defense,25,35,86
UW-Whitewater,Luke Bara,defense,15,15,178
UW-Whitewater,Luke Bara,defense,20,15,213
UW-Whitewater,Luke Bara,defense,15,5,158
UW-Whitewater,Luke Bara,defense,5,5,91
UW-Whitewater,TEAM,defense,5,5,419
UW-Whitewater,Luke Bara,defense,5,15,32
UW-Whitewater,Luke Bara,defense,5,20,24
UW-Whitewater,TEAM,defense,5,20,244
UW-Whitewater,Luke Bara,defense,15,25,63
UW-Whitewater,TEAM,defense,15,25,621
UW-Whitewater,Luke Bara,defense,20,25,94
UW-Whitewater,Luke Bara,defense,15,20,92
UW-Whitewater,TEAM,defense,15,20,931
UW-Whitewater,Luke Bara,defense,10,15,96
Alma Scots,Donovan Collins,offense,30,25,54
Alma Scots,Donovan Collins,offense,25,40,19
Alma Scots,Donovan Collins,offense,20,30,41
Alma Scots,Donovan Collins,offense,25,25,92
Alma Scots,Donovan Collins,offense,20,25,50
Alma Scots,Donovan Collins,offense,25,20,77
Alma Scots,Donovan Collins,offense,30,20,123
Alma Scots,Donovan Collins,offense,15,25,22
Alma Scots,TEAM,offense,15,25,300
Alma Scots,Donovan Collins,offense,20,20,72
Alma Scots,Donovan Collins,offense,20,15,69
Alma Scots,Donovan Collins,offense,25,15,63
Alma Scots,Donovan Collins,offense,30,15,164
Alma Scots,Donovan Collins,offense,35,20,32
Alma Scots,Donovan Collins,offense,35,25,25
Alma Scots,TEAM,offense,35,25,347
UW-Whitewater,Richie Warren,defense,35,20,58
UW-Whitewater,TEAM,defense,35,20,604
UW-Whitewater,Richie Warren,defense,30,15,229
UW-Whitewater,TEAM,defense,30,15,1733
UW-Whitewater,Richie Warren,defense,30,5,91
UW-Whitewater,TEAM,defense,30,5,1295
UW-Whitewater,Richie Warren,defense,25,25,119
UW-Whitewater,Richie Warren,defense,30,20,82
UW-Whitewater,TEAM,defense,30,20,1095
UW-Whitewater,Richie Warren,defense,35,15,39
UW-Whitewater,TEAM,defense,35,15,820
UW-Whitewater,Richie Warren,defense,35,10,137
UW-Whitewater,TEAM,defense,35,10,1223
UW-Whitewater,Richie Warren,defense,30,10,198
UW-Whitewater,TEAM,defense,30,10,1821
UW-Whitewater,Richie Warren,defense,25,10,291
UW-Whitewater,TEAM,defense,25,10,1598
UW-Whitewater,Isaac Verges,defense,25,15,40
UW-Whitewater,Isaac Verges,defense,15,10,39
UW-Whitewater,Isaac Verges,defense,20,10,49
UW-Whitewater,Isaac Verges,defense,20,5,36
UW-Whitewater,Isaac Verges,defense,15,5,19
UW-Whitewater,Isaac Verges,defense,25,10,56
UW-Whitewater,Isaac Verges,defense,20,15,57
UW-Whitewater,Brock Marino,defense,5,15,29
UW-Whitewater,Brock Marino,defense,5,20,9
UW-Whitewater,Brock Marino,defense,5,25,17
UW-Whitewater,TEAM,defense,5,25,368
UW-Whitewater,Brock Marino,defense,10,25,28
UW-Whitewater,TEAM,defense,10,25,403
UW-Whitewater,Brock Marino,defense,10,20,78
UW-Whitewater,TEAM,defense,10,20,774
UW-Whitewater,Brock Marino,defense,30,15,188
UW-Whitewater,Brock Marino,defense,35,15,138
UW-Whitewater,Brock Marino,defense,40,15,19
UW-Whitewater,TEAM,defense,40,15,423
UW-Whitewater,Brock Marino,defense,40,20,16
UW-Whitewater,TEAM,defense,40,20,243
UW-Whitewater,Brock Marino,defense,35,20,72
UW-Whitewater,Luke Bara,defense,25,5,206
UW-Whitewater,TEAM,defense,25,5,1256
UW-Whitewater,Luke Bara,defense,15,10,205
UW-Whitewater,Luke Bara,defense,10,10,137
UW-Whitewater,TEAM,defense,10,10,1152
UW-Whitewater,Luke Bara,defense,20,20,149
UW-Whitewater,TEAM,defense,20,20,1401
UW-Whitewater,Luke Bara,defense,25,15,214
UW-Whitewater,Luke Bara,defense,30,10,309
UW-Whitewater,Luke Bara,defense,35,10,144
UW-Whitewater,Luke Bara,defense,35,15,97
UW-Whitewater,Luke Bara,defense,30,15,220
UW-Whitewater,Luke Bara,defense,25,20,149
UW-Whitewater,TEAM,defense,25,20,1229
Alma Scots,Raine Rodich,offense,25,25,51
Alma Scots,Raine Rodich,offense,25,30,67
Alma Scots,Raine Rodich,offense,20,25,53
Alma Scots,Raine Rodich,offense,20,30,73
Alma Scots,Raine Rodich,offense,15,25,38
Alma Scots,Raine Rodich,offense,10,25,35
Alma Scots,TEAM,offense,10,25,268
Alma Scots,Raine Rodich,offense,5,20,24
Alma Scots,Raine Rodich,offense,0,5,55
Alma Scots,TEAM,offense,0,5,254
Alma Scots,Raine Rodich,offense,5,5,18
Alma Scots,Raine Rodich,offense,0,0,7
Alma Scots,TEAM,offense,0,0,18
Alma Scots,Raine Rodich,offense,5,0,10
Alma Scots,TEAM,offense,5,0,17
Alma Scots,Raine Rodich,offense,10,0,25
Alma Scots,Raine Rodich,offense,10,10,47
Alma Scots,Raine Rodich,offense,15,20,50
UW-Whitewater,Isaac Verges,defense,35,20,16
UW-Whitewater,Isaac Verges,defense,35,15,26
UW-Whitewater,Isaac Verges,defense,30,10,48
UW-Whitewater,Isaac Verges,defense,40,15,11
UW-Whitewater,Isaac Verges,defense,40,20,17
Alma Scots,Korbin Heitzman,offense,35,15,72
Alma Scots,Korbin Heitzman,offense,40,15,89
Alma Scots,TEAM,offense,40,15,269
Alma Scots,Korbin Heitzman,offense,40,5,18
Alma Scots,Korbin Heitzman,offense,30,0,14
Alma Scots,TEAM,offense,30,0,52
Alma Scots,Korbin Heitzman,offense,20,0,14
Alma Scots,TEAM,offense,20,0,52
Alma Scots,Korbin Heitzman,offense,15,0,8
Alma Scots,Korbin Heitzman,offense,15,5,62
Alma Scots,Korbin Heitzman,offense,10,5,29
Alma Scots,Korbin Heitzman,offense,5,5,5
Alma Scots,Korbin Heitzman,offense,0,5,12
Alma Scots,Korbin Heitzman,offense,10,20,25
Alma Scots,Korbin Heitzman,offense,10,25,39
Alma Scots,Korbin Heitzman,offense,15,25,85
Alma Scots,Korbin Heitzman,offense,15,30,46
Alma Scots,TEAM,offense,15,30,267
Alma Scots,Korbin Heitzman,offense,20,40,23
UW-Whitewater,Richie Warren,defense,25,20,140
UW-Whitewater,Richie Warren,defense,20,25,114
UW-Whitewater,Richie Warren,defense,15,25,96
UW-Whitewater,Richie Warren,defense,35,25,43
UW-Whitewater,TEAM,defense,35,25,439
Alma Scots,Logan St. Martin,offense,35,25,32
Alma Scots,Logan St. Martin,offense,40,25,12
Alma Scots,TEAM,offense,40,25,363
Alma Scots,Logan St. Martin,offense,45,20,13
Alma Scots,TEAM,offense,45,20,113
Alma Scots,Logan St. Martin,offense,40,20,31
Alma Scots,TEAM,offense,40,20,444
Alma Scots,Logan St. Martin,offense,35,30,16
Alma Scots,Logan St. Martin,offense,30,25,35
Alma Scots,Logan St. Martin,offense,25,10,40
Alma Scots,Logan St. Martin,offense,20,10,56
Alma Scots,Logan St. Martin,offense,25,35,18
Alma Scots,Josh Elliott,offense,20,25,56
Alma Scots,Josh Elliott,offense,25,25,67
Alma Scots,Josh Elliott,offense,25,10,118
Alma Scots,Josh Elliott,offense,30,20,95
Alma Scots,Josh Elliott,offense,25,20,104
Alma Scots,Josh Elliott,offense,35,10,82
Alma Scots,Josh Elliott,offense,30,10,142
Alma Scots,Josh Elliott,offense,30,5,85
Alma Scots,Josh Elliott,offense,30,15,119
Alma Scots,Josh Elliott,offense,35,20,50
Alma Scots,Josh Elliott,offense,35,25,72
Alma Scots,Josh Elliott,offense,30,35,19
Alma Scots,Josh Elliott,offense,30,40,8
UW-Whitewater,Collin Madson,defense,30,10,197
UW-Whitewater,Collin Madson,defense,35,15,72
UW-Whitewater,Collin Madson,defense,30,15,298
UW-Whitewater,Collin Madson,defense,35,20,78
UW-Whitewater,Collin Madson,defense,30,20,198
UW-Whitewater,Collin Madson,defense,25,10,190
UW-Whitewater,Collin Madson,defense,25,5,177
UW-Whitewater,Collin Madson,defense,25,0,38
UW-Whitewater,TEAM,defense,25,0,290
UW-Whitewater,Collin Madson,defense,20,0,47
UW-Whitewater,TEAM,defense,20,0,356
Alma Scots,Donovan Collins,offense,40,10,28
Alma Scots,TEAM,offense,40,10,160
Alma Scots,Donovan Collins,offense,45,15,43
Alma Scots,TEAM,offense,45,15,212
Alma Scots,Donovan Collins,offense,45,20,19
Alma Scots,Donovan Collins,offense,45,25,14
Alma Scots,TEAM,offense,45,25,115
Alma Scots,Donovan Collins,offense,40,25,28
Alma Scots,Donovan Collins,offense,40,30,5
Alma Scots,TEAM,offense,40,30,77
Alma Scots,Donovan Collins,offense,15,20,70
Alma Scots,Donovan Collins,offense,15,15,63
Alma Scots,Donovan Collins,offense,25,35,71
UW-Whitewater,Brock Marino,defense,20,15,155
UW-Whitewater,Brock Marino,defense,15,20,95
UW-Whitewater,Brock Marino,defense,20,20,126
UW-Whitewater,Brock Marino,defense,25,15,123
UW-Whitewater,Brock Marino,defense,25,10,166
UW-Whitewater,Brock Marino,defense,30,10,202
UW-Whitewater,Brock Marino,defense,20,10,179
UW-Whitewater,Brock Marino,defense,15,15,152
UW-Whitewater,Brock Marino,defense,15,25,84
UW-Whitewater,Brock Marino,defense,20,25,124
UW-Whitewater,Brock Marino,defense,20,30,73
UW-Whitewater,Brock Marino,defense,25,35,79
UW-Whitewater,Brock Marino,defense,25,45,6
UW-Whitewater,Isaac Verges,defense,15,25,11
UW-Whitewater,Isaac Verges,defense,10,20,14
UW-Whitewater,Isaac Verges,defense,15,15,50
UW-Whitewater,Isaac Verges,defense,5,15,12
UW-Whitewater,Isaac Verges,defense,10,15,14
UW-Whitewater,Isaac Verges,defense,5,10,6
UW-Whitewater,Isaac Verges,defense,0,15,1
UW-Whitewater,TEAM,defense,0,15,424
UW-Whitewater,Isaac Verges,defense,5,20,6
UW-Whitewater,Isaac Verges,defense,30,45,4
Alma Scots,Raine Rodich,offense,15,40,28
UW-Whitewater,Richie Warren,defense,5,45,2
UW-Whitewater,Collin Madson,offense,30,45,6
UW-Whitewater,TEAM,offense,30,45,79
UW-Whitewater,Collin Madson,offense,30,40,56
UW-Whitewater,TEAM,offense,30,40,239
UW-Whitewater,Collin Madson,offense,35,30,37
UW-Whitewater,TEAM,offense,35,30,386
UW-Whitewater,Collin Madson,offense,30,30,91
UW-Whitewater,TEAM,offense,30,30,593
UW-Whitewater,Collin Madson,offense,25,30,160
UW-Whitewater,TEAM,offense,25,30,926
UW-Whitewater,Collin Madson,offense,20,30,202
UW-Whitewater,TEAM,offense,20,30,1150
Alma Scots,Korbin Heitzman,defense,20,15,80
Alma Scots,TEAM,defense,20,15,556
Alma Scots,Korbin Heitzman,defense,15,15,112
Alma Scots,TEAM,defense,15,15,615
Alma Scots,Korbin Heitzman,defense,15,10,114
Alma Scots,TEAM,defense,15,10,738
Alma Scots,Korbin Heitzman,defense,10,5,77
Alma Scots,TEAM,defense,10,5,261
Alma Scots,Korbin Heitzman,defense,5,5,34
Alma Scots,TEAM,defense,5,5,174
Alma Scots,Korbin Heitzman,defense,5,10,40
Alma Scots,TEAM,defense,5,10,166
Alma Scots,Korbin Heitzman,defense,0,10,16
Alma Scots,TEAM,defense,0,10,51
Alma Scots,Korbin Heitzman,defense,5,15,39
Alma Scots,TEAM,defense,5,15,147
Alma Scots,Korbin Heitzman,defense,5,20,22
Alma Scots,TEAM,defense,5,20,113
Alma Scots,Korbin Heitzman,defense,10,25,45
Alma Scots,TEAM,defense,10,25,196
Alma Scots,Korbin Heitzman,defense,10,30,12
Alma Scots,TEAM,defense,10,30,141
Alma Scots,Donovan Collins,defense,25,15,71
Alma Scots,TEAM,defense,25,15,564
Alma Scots,Donovan Collins,defense,25,10,136
Alma Scots,TEAM,defense,25,10,709
Alma Scots,Donovan Collins,defense,30,10,107
Alma Scots,TEAM,defense,30,10,698
Alma Scots,Donovan Collins,defense,35,10,103
Alma Scots,TEAM,defense,35,10,425
Alma Scots,Donovan Collins,defense,30,5,122
Alma Scots,TEAM,defense,30,5,589
Alma Scots,Donovan Collins,defense,25,5,106
Alma Scots,TEAM,defense,25,5,583
Alma Scots,Donovan Collins,defense,20,5,121
Alma Scots,TEAM,defense,20,5,676
Alma Scots,Donovan Collins,defense,20,10,126
Alma Scots,TEAM,defense,20,10,760
Alma Scots,Donovan Collins,defense,15,0,21
Alma Scots,TEAM,defense,15,0,94
Alma Scots,Donovan Collins,defense,15,5,111
Alma Scots,TEAM,defense,15,5,636
Alma Scots,Donovan Collins,defense,5,0,12
Alma Scots,TEAM,defense,5,0,24
Alma Scots,Josh Elliott,defense,45,25,6
Alma Scots,TEAM,defense,45,25,14
Alma Scots,Josh Elliott,defense,40,20,20
Alma Scots,TEAM,defense,40,20,109
Alma Scots,Josh Elliott,defense,40,10,52
Alma Scots,TEAM,defense,40,10,200
Alma Scots,Josh Elliott,defense,35,15,61
Alma Scots,TEAM,defense,35,15,441
Alma Scots,Josh Elliott,defense,40,15,23
Alma Scots,TEAM,defense,40,15,110
Alma Scots,Josh Elliott,defense,35,20,43
Alma Scots,TEAM,defense,35,20,339
Alma Scots,Josh Elliott,defense,30,20,60
Alma Scots,TEAM,defense,30,20,400
Alma Scots,Josh Elliott,defense,30,25,38
Alma Scots,TEAM,defense,30,25,241
Alma Scots,Josh Elliott,defense,25,25,39
Alma Scots,TEAM,defense,25,25,463
Alma Scots,Josh Elliott,defense,25,20,106
Alma Scots,TEAM,defense,25,20,630
Alma Scots,Josh Elliott,defense,30,15,100
Alma Scots,TEAM,defense,30,15,680
UW-Whitewater,Richie Warren,offense,5,20,129
UW-Whitewater,TEAM,offense,5,20,723
UW-Whitewater,Richie Warren,offense,0,15,41
UW-Whitewater,TEAM,offense,0,15,927
UW-Whitewater,Richie Warren,offense,0,10,91
UW-Whitewater,TEAM,offense,0,10,502
UW-Whitewater,Richie Warren,offense,5,5,47
UW-Whitewater,TEAM,offense,5,5,394
UW-Whitewater,Richie Warren,offense,0,5,52
UW-Whitewater,TEAM,offense,0,5,484
UW-Whitewater,Richie Warren,offense,0,20,43
UW-Whitewater,TEAM,offense,0,20,1000
UW-Whitewater,Richie Warren,offense,5,25,71
UW-Whitewater,TEAM,offense,5,25,718
UW-Whitewater,Richie Warren,offense,5,30,30
UW-Whitewater,TEAM,offense,5,30,250
UW-Whitewater,Richie Warren,offense,10,30,65
UW-Whitewater,TEAM,offense,10,30,497
Alma Scots,Logan St. Martin,defense,20,20,62
Alma Scots,TEAM,defense,20,20,601
Alma Scots,Logan St. Martin,defense,25,20,58
Alma Scots,Logan St. Martin,defense,25,15,69
Alma Scots,Logan St. Martin,defense,30,15,68
Alma Scots,Logan St. Martin,defense,30,5,62
Alma Scots,Logan St. Martin,defense,25,0,4
Alma Scots,TEAM,defense,25,0,107
Alma Scots,Logan St. Martin,defense,20,5,80
Alma Scots,Logan St. Martin,defense,15,5,62
Alma Scots,Logan St. Martin,defense,10,5,12
Alma Scots,Logan St. Martin,defense,45,15,6
Alma Scots,TEAM,defense,45,15,29
Alma Scots,Logan St. Martin,defense,45,10,9
Alma Scots,TEAM,defense,45,10,50
UW-Whitewater,Luke Bara,offense,20,35,43
UW-Whitewater,TEAM,offense,20,35,430
UW-Whitewater,Luke Bara,offense,20,30,165
UW-Whitewater,Luke Bara,offense,20,25,144
UW-Whitewater,TEAM,offense,20,25,1025
UW-Whitewater,Luke Bara,offense,25,25,124
UW-Whitewater,TEAM,offense,25,25,915
UW-Whitewater,Luke Bara,offense,25,20,136
UW-Whitewater,TEAM,offense,25,20,1204
UW-Whitewater,Luke Bara,offense,30,15,186
UW-Whitewater,TEAM,offense,30,15,1149
UW-Whitewater,Luke Bara,offense,25,15,143
UW-Whitewater,TEAM,offense,25,15,1198
UW-Whitewater,Luke Bara,offense,35,15,62
UW-Whitewater,TEAM,offense,35,15,682
UW-Whitewater,Luke Bara,offense,25,10,173
UW-Whitewater,TEAM,offense,25,10,996
UW-Whitewater,Luke Bara,offense,20,10,95
UW-Whitewater,TEAM,offense,20,10,905
UW-Whitewater,Luke Bara,offense,20,5,76
UW-Whitewater,TEAM,offense,20,5,591
UW-Whitewater,Luke Bara,offense,20,0,46
UW-Whitewater,TEAM,offense,20,0,222
UW-Whitewater,Luke Bara,offense,15,0,27
UW-Whitewater,TEAM,offense,15,0,209
UW-Whitewater,Luke Bara,offense,25,0,29
UW-Whitewater,TEAM,offense,25,0,255
UW-Whitewater,Luke Bara,offense,25,5,110
UW-Whitewater,TEAM,offense,25,5,608
UW-Whitewater,Luke Bara,offense,10,10,79
UW-Whitewater,TEAM,offense,10,10,491
UW-Whitewater,Luke Bara,offense,10,15,56
UW-Whitewater,TEAM,offense,10,15,747
Alma Scots,Raine Rodich,defense,5,20,11
Alma Scots,Raine Rodich,defense,5,15,24
Alma Scots,Raine Rodich,defense,5,10,14
UW-Whitewater,Brock Marino,offense,10,35,25
UW-Whitewater,TEAM,offense,10,35,248
UW-Whitewater,Brock Marino,offense,10,30,51
UW-Whitewater,Brock Marino,offense,10,25,68
UW-Whitewater,TEAM,offense,10,25,796
UW-Whitewater,Brock Marino,offense,10,20,58
UW-Whitewater,TEAM,offense,10,20,617
UW-Whitewater,Brock Marino,offense,15,20,63
UW-Whitewater,TEAM,offense,15,20,749
UW-Whitewater,Brock Marino,offense,20,20,103
UW-Whitewater,TEAM,offense,20,20,1285
UW-Whitewater,Brock Marino,offense,15,15,116
UW-Whitewater,TEAM,offense,15,15,1272
UW-Whitewater,Brock Marino,offense,20,5,43
UW-Whitewater,Brock Marino,offense,25,5,57
UW-Whitewater,Brock Marino,offense,20,10,76
UW-Whitewater,Isaac Verges,offense,45,5,26
UW-Whitewater,TEAM,offense,45,5,542
Alma Scots,Raine Rodich,defense,25,20,115
Alma Scots,Raine Rodich,defense,15,15,71
Alma Scots,Raine Rodich,defense,10,15,46
Alma Scots,TEAM,defense,10,15,446
Alma Scots,Raine Rodich,defense,15,10,55
Alma Scots,Raine Rodich,defense,20,15,100
Alma Scots,Raine Rodich,defense,20,10,104
Alma Scots,Raine Rodich,defense,25,15,60
Alma Scots,Raine Rodich,defense,25,10,99
Alma Scots,Raine Rodich,defense,10,30,12
Alma Scots,Raine Rodich,defense,10,25,12
UW-Whitewater,Collin Madson,offense,25,25,153
UW-Whitewater,Collin Madson,offense,25,20,194
UW-Whitewater,Collin Madson,offense,30,15,179
UW-Whitewater,Collin Madson,offense,25,15,188
UW-Whitewater,Collin Madson,offense,25,10,155
UW-Whitewater,Collin Madson,offense,30,10,231
UW-Whitewater,TEAM,offense,30,10,1661
UW-Whitewater,Collin Madson,offense,25,5,88
UW-Whitewater,Collin Madson,offense,20,5,70
UW-Whitewater,Collin Madson,offense,20,10,185
UW-Whitewater,Collin Madson,offense,15,10,242
UW-Whitewater,TEAM,offense,15,10,1563
UW-Whitewater,Collin Madson,offense,20,0,33
UW-Whitewater,Collin Madson,offense,25,0,37
UW-Whitewater,Collin Madson,offense,30,0,30
UW-Whitewater,TEAM,offense,30,0,204
UW-Whitewater,Isaac Verges,offense,45,10,5
UW-Whitewater,TEAM,offense,45,10,814
UW-Whitewater,Isaac Verges,offense,40,10,14
UW-Whitewater,TEAM,offense,40,10,524
UW-Whitewater,Isaac Verges,offense,40,15,66
UW-Whitewater,TEAM,offense,40,15,574
UW-Whitewater,Isaac Verges,offense,45,15,19
UW-Whitewater,TEAM,offense,45,15,417
UW-Whitewater,Isaac Verges,offense,45,20,9
UW-Whitewater,TEAM,offense,45,20,406
UW-Whitewater,Isaac Verges,offense,40,20,24
UW-Whitewater,TEAM,offense,40,20,574
UW-Whitewater,Isaac Verges,offense,35,20,17
UW-Whitewater,TEAM,offense,35,20,582
UW-Whitewater,Isaac Verges,offense,35,25,63
UW-Whitewater,TEAM,offense,35,25,720
UW-Whitewater,Isaac Verges,offense,30,25,12
UW-Whitewater,TEAM,offense,30,25,674
UW-Whitewater,Isaac Verges,offense,30,30,13
UW-Whitewater,Isaac Verges,offense,35,15,11
Alma Scots,Logan St. Martin,defense,10,25,34
Alma Scots,Logan St. Martin,defense,15,25,35
Alma Scots,TEAM,defense,15,25,251
Alma Scots,Logan St. Martin,defense,15,20,55
Alma Scots,TEAM,defense,15,20,445
Alma Scots,Logan St. Martin,defense,10,20,34
Alma Scots,TEAM,defense,10,20,271
Alma Scots,Logan St. Martin,defense,10,30,7
Alma Scots,Logan St. Martin,defense,5,35,2
Alma Scots,TEAM,defense,5,35,39
Alma Scots,Josh Elliott,defense,25,10,106
Alma Scots,Josh Elliott,defense,20,15,83
Alma Scots,Josh Elliott,defense,25,15,64
Alma Scots,Josh Elliott,defense,20,20,68
Alma Scots,Josh Elliott,defense,30,10,144
UW-Whitewater,Luke Bara,offense,30,5,85
UW-Whitewater,TEAM,offense,30,5,600
UW-Whitewater,Luke Bara,offense,30,10,313
Alma Scots,Korbin Heitzman,defense,35,15,61
Alma Scots,Korbin Heitzman,defense,30,20,42
Alma Scots,Korbin Heitzman,defense,10,35,8
Alma Scots,TEAM,defense,10,35,58
Alma Scots,Korbin Heitzman,defense,5,25,11
Alma Scots,TEAM,defense,5,25,48
Alma Scots,Donovan Collins,defense,15,10,123
UW-Whitewater,Brock Marino,offense,35,15,87
UW-Whitewater,Brock Marino,offense,35,20,56
UW-Whitewater,Brock Marino,offense,30,20,58
UW-Whitewater,TEAM,offense,30,20,650
UW-Whitewater,Brock Marino,offense,25,20,76
UW-Whitewater,Brock Marino,offense,20,15,154
UW-Whitewater,TEAM,offense,20,15,1244
UW-Whitewater,Brock Marino,offense,15,25,54
UW-Whitewater,TEAM,offense,15,25,857
UW-Whitewater,Brock Marino,offense,15,30,80
UW-Whitewater,TEAM,offense,15,30,594
UW-Whitewater,Isaac Verges,offense,20,5,9
UW-Whitewater,Isaac Verges,offense,15,15,26
UW-Whitewater,Isaac Verges,offense,15,10,22
UW-Whitewater,Isaac Verges,offense,15,5,5
UW-Whitewater,TEAM,offense,15,5,559
UW-Whitewater,Isaac Verges,offense,25,10,27
UW-Whitewater,Isaac Verges,offense,20,10,24
UW-Whitewater,Richie Warren,offense,10,25,107
UW-Whitewater,Richie Warren,offense,15,25,100
UW-Whitewater,Richie Warren,offense,10,15,125
UW-Whitewater,Collin Madson,offense,35,0,15
UW-Whitewater,TEAM,offense,35,0,110
UW-Whitewater,Collin Madson,offense,35,5,79
UW-Whitewater,TEAM,offense,35,5,320
UW-Whitewater,Collin Madson,offense,30,5,93
Alma Scots,Raine Rodich,defense,30,5,22
Alma Scots,Raine Rodich,defense,25,5,42
Alma Scots,Raine Rodich,defense,20,0,15
Alma Scots,TEAM,defense,20,0,104
Alma Scots,Raine Rodich,defense,15,5,32
Alma Scots,Raine Rodich,defense,15,0,9
Alma Scots,Raine Rodich,defense,20,5,54
UW-Whitewater,Collin Madson,defense,10,30,32
UW-Whitewater,TEAM,defense,10,30,241
UW-Whitewater,Collin Madson,defense,10,10,183
UW-Whitewater,Collin Madson,defense,5,20,26
UW-Whitewater,Collin Madson,defense,5,30,31
UW-Whitewater,TEAM,defense,5,30,86
UW-Whitewater,Collin Madson,defense,10,35,39
UW-Whitewater,TEAM,defense,10,35,160
Alma Scots,Donovan Collins,offense,10,25,33
Alma Scots,Donovan Collins,offense,10,20,45
Alma Scots,Donovan Collins,offense,10,30,14
Alma Scots,TEAM,offense,10,30,152
Alma Scots,Donovan Collins,offense,5,30,11
Alma Scots,TEAM,offense,5,30,96
Alma Scots,Donovan Collins,offense,5,35,17
Alma Scots,TEAM,offense,5,35,56
UW-Whitewater,Isaac Verges,defense,25,5,27
UW-Whitewater,Isaac Verges,defense,30,5,12
UW-Whitewater,Isaac Verges,defense,20,40,10
Alma Scots,Korbin Heitzman,offense,20,15,99
Alma Scots,Korbin Heitzman,offense,20,10,60
Alma Scots,Korbin Heitzman,offense,15,10,94
UW-Whitewater,Brock Marino,defense,15,10,124
UW-Whitewater,Brock Marino,defense,20,0,54
UW-Whitewater,Brock Marino,defense,25,5,175
UW-Whitewater,Brock Marino,defense,25,0,17
Alma Scots,Raine Rodich,offense,20,10,28
Alma Scots,Raine Rodich,offense,20,0,5
Alma Scots,Raine Rodich,offense,15,0,4
Alma Scots,Raine Rodich,offense,20,40,14
Alma Scots,Logan St. Martin,offense,15,15,76
Alma Scots,Logan St. Martin,offense,10,15,32
Alma Scots,Logan St. Martin,offense,5,25,23
Alma Scots,TEAM,offense,5,25,211
Alma Scots,Logan St. Martin,offense,5,30,9
Alma Scots,Josh Elliott,offense,15,30,46
Alma Scots,Josh Elliott,offense,15,25,34
Alma Scots,Josh Elliott,offense,10,25,26
Alma Scots,Josh Elliott,offense,10,30,27
UW-Whitewater,Richie Warren,defense,25,5,145
UW-Whitewater,Richie Warren,defense,20,10,178
UW-Whitewater,Richie Warren,defense,15,10,261
UW-Whitewater,Richie Warren,defense,10,15,85
UW-Whitewater,Richie Warren,defense,10,20,128
UW-Whitewater,Richie Warren,defense,15,30,38
UW-Whitewater,TEAM,defense,15,30,338
UW-Whitewater,Richie Warren,defense,15,35,25
UW-Whitewater,TEAM,defense,15,35,299
UW-Whitewater,Luke Bara,defense,10,30,60
UW-Whitewater,Luke Bara,defense,10,35,26
UW-Whitewater,Luke Bara,defense,10,40,31
UW-Whitewater,TEAM,defense,10,40,132
UW-Whitewater,Luke Bara,defense,15,30,47
UW-Whitewater,Luke Bara,defense,20,30,99
UW-Whitewater,Luke Bara,defense,30,45,10
Alma Scots,Korbin Heitzman,offense,30,10,58
Alma Scots,Korbin Heitzman,offense,25,15,91
Alma Scots,Korbin Heitzman,offense,30,15,93
Alma Scots,Korbin Heitzman,offense,35,20,75
Alma Scots,Korbin Heitzman,offense,35,25,95
UW-Whitewater,Brock Marino,defense,10,40,9
Alma Scots,Korbin Heitzman,offense,40,40,3
Alma Scots,Logan St. Martin,defense,30,40,7
Alma Scots,TEAM,defense,30,40,95
Alma Scots,Logan St. Martin,defense,30,25,10
Alma Scots,Logan St. Martin,defense,20,10,68
UW-Whitewater,Collin Madson,offense,10,45,9
UW-Whitewater,TEAM,offense,10,45,63
UW-Whitewater,Collin Madson,offense,10,30,65
UW-Whitewater,Collin Madson,offense,10,25,102
UW-Whitewater,Collin Madson,offense,5,25,89
Alma Scots,Raine Rodich,defense,25,35,6
Alma Scots,TEAM,defense,25,35,63
Alma Scots,Raine Rodich,defense,25,25,42
Alma Scots,Raine Rodich,defense,20,30,14
Alma Scots,TEAM,defense,20,30,183
Alma Scots,Raine Rodich,defense,25,30,14
Alma Scots,TEAM,defense,25,30,188
Alma Scots,Raine Rodich,defense,15,30,23
Alma Scots,TEAM,defense,15,30,147
Alma Scots,Raine Rodich,defense,10,20,19
Alma Scots,Donovan Collins,defense,40,40,3
Alma Scots,TEAM,defense,40,40,30
Alma Scots,Donovan Collins,defense,30,15,141
Alma Scots,Donovan Collins,defense,30,0,15
Alma Scots,TEAM,defense,30,0,84
Alma Scots,Donovan Collins,defense,35,0,4
Alma Scots,TEAM,defense,35,0,25
Alma Scots,Donovan Collins,defense,20,15,96
UW-Whitewater,Richie Warren,offense,5,40,21
UW-Whitewater,TEAM,offense,5,40,145
UW-Whitewater,Richie Warren,offense,0,30,14
UW-Whitewater,TEAM,offense,0,30,121
UW-Whitewater,Richie Warren,offense,10,35,22
UW-Whitewater,Richie Warren,offense,15,15,203
UW-Whitewater,Richie Warren,offense,15,10,155
UW-Whitewater,Richie Warren,offense,15,5,93
UW-Whitewater,Richie Warren,offense,15,20,89
UW-Whitewater,Richie Warren,offense,10,10,40
UW-Whitewater,Isaac Verges,offense,20,35,6
UW-Whitewater,Isaac Verges,offense,25,25,18
UW-Whitewater,Isaac Verges,offense,20,20,17
UW-Whitewater,Isaac Verges,offense,20,15,44
UW-Whitewater,Isaac Verges,offense,15,0,3
UW-Whitewater,Isaac Verges,offense,20,0,4
UW-Whitewater,Isaac Verges,offense,25,15,13
UW-Whitewater,Isaac Verges,offense,25,20,14
UW-Whitewater,Isaac Verges,offense,30,20,8
Alma Scots,Josh Elliott,defense,25,5,103
Alma Scots,Josh Elliott,defense,20,5,132
Alma Scots,Josh Elliott,defense,20,0,17
Alma Scots,Josh Elliott,defense,15,5,125
Alma Scots,Josh Elliott,defense,20,10,126
Alma Scots,Josh Elliott,defense,15,15,57
UW-Whitewater,Luke Bara,offense,15,40,32
UW-Whitewater,TEAM,offense,15,40,246
UW-Whitewater,Luke Bara,offense,10,35,28
UW-Whitewater,Luke Bara,offense,15,35,37
UW-Whitewater,TEAM,offense,15,35,256
UW-Whitewater,Luke Bara,offense,15,25,84
UW-Whitewater,Luke Bara,offense,15,20,80
UW-Whitewater,Luke Bara,offense,30,0,40
UW-Whitewater,Luke Bara,offense,15,5,58
UW-Whitewater,Luke Bara,offense,20,15,134
UW-Whitewater,Luke Bara,offense,20,20,221
UW-Whitewater,Luke Bara,offense,15,15,142
Alma Scots,Donovan Collins,defense,35,35,23
Alma Scots,TEAM,defense,35,35,102
Alma Scots,Donovan Collins,defense,35,30,59
Alma Scots,TEAM,defense,35,30,186
Alma Scots,Donovan Collins,defense,35,20,97
UW-Whitewater,Brock Marino,offense,30,30,68
UW-Whitewater,Brock Marino,offense,30,25,84
UW-Whitewater,Brock Marino,offense,25,15,130
UW-Whitewater,Brock Marino,offense,25,10,117
UW-Whitewater,Brock Marino,offense,30,15,113
Alma Scots,Korbin Heitzman,defense,30,15,66
Alma Scots,Korbin Heitzman,defense,30,0,16
Alma Scots,Korbin Heitzman,defense,10,0,3
Alma Scots,TEAM,defense,10,0,42
Alma Scots,Korbin Heitzman,defense,15,5,84
Alma Scots,Korbin Heitzman,defense,15,0,21
Alma Scots,Korbin Heitzman,defense,20,5,80
Alma Scots,Korbin Heitzman,defense,20,10,140
Alma Scots,Logan St. Martin,defense,25,5,64
Alma Scots,Logan St. Martin,defense,25,10,71
Alma Scots,Logan St. Martin,defense,15,10,106
Alma Scots,Josh Elliott,defense,30,5,152
UW-Whitewater,Collin Madson,offense,15,0,35
UW-Whitewater,Collin Madson,offense,10,0,14
UW-Whitewater,TEAM,offense,10,0,128
UW-Whitewater,Luke Bara,offense,15,10,198
Alma Scots,Raine Rodich,defense,15,20,40
Alma Scots,Raine Rodich,defense,15,25,23
Alma Scots,Raine Rodich,defense,20,20,85
Alma Scots,Raine Rodich,defense,20,25,62
Alma Scots,TEAM,defense,20,25,410
UW-Whitewater,Isaac Verges,offense,15,20,12
UW-Whitewater,Isaac Verges,offense,10,20,9
UW-Whitewater,Isaac Verges,offense,0,10,2
UW-Whitewater,Isaac Verges,offense,0,5,4
UW-Whitewater,Isaac Verges,offense,10,0,2
UW-Whitewater,Isaac Verges,offense,25,0,3
UW-Whitewater,Isaac Verges,offense,25,5,12
Alma Scots,Korbin Heitzman,defense,25,15,90
Alma Scots,Korbin Heitzman,defense,20,20,99
Alma Scots,Korbin Heitzman,defense,25,25,63
Alma Scots,Korbin Heitzman,defense,30,25,29
Alma Scots,Korbin Heitzman,defense,25,20,94
Alma Scots,Korbin Heitzman,defense,25,10,108
Alma Scots,Korbin Heitzman,defense,25,0,30
Alma Scots,Korbin Heitzman,defense,25,5,97
Alma Scots,Korbin Heitzman,defense,30,5,85
Alma Scots,Logan St. Martin,defense,15,15,71
Alma Scots,Logan St. Martin,defense,25,25,39
Alma Scots,Josh Elliott,defense,10,15,53
Alma Scots,Josh Elliott,defense,5,15,5
Alma Scots,Josh Elliott,defense,5,10,16
Alma Scots,Josh Elliott,defense,10,10,26
Alma Scots,TEAM,defense,10,10,283
Alma Scots,Josh Elliott,defense,10,5,50
Alma Scots,Josh Elliott,defense,15,10,144
Alma Scots,Donovan Collins,defense,20,20,52
Alma Scots,Donovan Collins,defense,5,15,20
Alma Scots,Donovan Collins,defense,0,0,1
Alma Scots,TEAM,defense,0,0,9
Alma Scots,Donovan Collins,defense,0,5,4
Alma Scots,TEAM,defense,0,5,43
Alma Scots,Donovan Collins,defense,20,0,12
Alma Scots,Donovan Collins,defense,35,5,54
Alma Scots,TEAM,defense,35,5,357
Alma Scots,Donovan Collins,defense,15,15,65
Alma Scots,Donovan Collins,defense,5,10,30
UW-Whitewater,Brock Marino,offense,15,0,38
UW-Whitewater,Brock Marino,offense,10,0,15
UW-Whitewater,Brock Marino,offense,5,0,10
UW-Whitewater,TEAM,offense,5,0,89
UW-Whitewater,Brock Marino,offense,10,10,46
UW-Whitewater,Brock Marino,offense,5,15,28
UW-Whitewater,TEAM,offense,5,15,641
UW-Whitewater,Brock Marino,offense,5,20,72
UW-Whitewater,Brock Marino,offense,5,25,31
UW-Whitewater,Brock Marino,offense,5,30,34
UW-Whitewater,Brock Marino,offense,15,40,28
UW-Whitewater,Collin Madson,offense,10,5,74
UW-Whitewater,TEAM,offense,10,5,331
UW-Whitewater,Collin Madson,offense,15,5,87
UW-Whitewater,Richie Warren,offense,20,5,51
UW-Whitewater,Richie Warren,offense,35,5,28
UW-Whitewater,Richie Warren,offense,40,5,38
UW-Whitewater,TEAM,offense,40,5,367
UW-Whitewater,Richie Warren,offense,45,5,96
UW-Whitewater,Richie Warren,offense,40,10,73
UW-Whitewater,Richie Warren,offense,35,10,58
UW-Whitewater,TEAM,offense,35,10,470
UW-Whitewater,Richie Warren,offense,30,10,172
UW-Whitewater,Richie Warren,offense,25,10,114
UW-Whitewater,Brock Marino,offense,15,35,36
UW-Whitewater,Brock Marino,offense,20,30,125
UW-Whitewater,Brock Marino,offense,25,25,80
UW-Whitewater,Brock Marino,offense,20,25,64
Alma Scots,Logan St. Martin,defense,15,35,8
Alma Scots,TEAM,defense,15,35,92
Alma Scots,Logan St. Martin,defense,15,30,23
Alma Scots,Logan St. Martin,defense,20,25,35
Alma Scots,Korbin Heitzman,defense,35,0,6
Alma Scots,Korbin Heitzman,defense,35,5,82
UW-Whitewater,Collin Madson,offense,5,5,72
UW-Whitewater,Collin Madson,offense,5,10,91
UW-Whitewater,TEAM,offense,5,10,444
Alma Scots,Korbin Heitzman,defense,30,10,93
Alma Scots,Logan St. Martin,defense,30,10,63
Alma Scots,Donovan Collins,defense,30,20,61
UW-Whitewater,Richie Warren,offense,30,5,65
UW-Whitewater,Richie Warren,offense,30,15,104
UW-Whitewater,Richie Warren,offense,25,15,112
UW-Whitewater,Richie Warren,offense,20,25,141
UW-Whitewater,Richie Warren,offense,30,25,62
UW-Whitewater,Richie Warren,offense,30,30,54
UW-Whitewater,Richie Warren,offense,30,40,35
UW-Whitewater,Luke Bara,offense,40,5,46
UW-Whitewater,Luke Bara,offense,35,10,38
UW-Whitewater,Luke Bara,offense,30,20,72
UW-Whitewater,Luke Bara,offense,35,20,84
UW-Whitewater,Luke Bara,offense,30,25,74
UW-Whitewater,Luke Bara,offense,35,25,71
UW-Whitewater,Luke Bara,offense,30,30,66
UW-Whitewater,Luke Bara,offense,30,35,43
UW-Whitewater,TEAM,offense,30,35,283
UW-Whitewater,Luke Bara,offense,35,35,25
UW-Whitewater,TEAM,offense,35,35,258
UW-Whitewater,Isaac Verges,offense,5,10,6
UW-Whitewater,Isaac Verges,offense,5,15,10
UW-Whitewater,Isaac Verges,offense,10,15,6
UW-Whitewater,Collin Madson,offense,40,5,70
UW-Whitewater,Collin Madson,offense,20,20,153
UW-Whitewater,Collin Madson,offense,15,25,103
UW-Whitewater,Collin Madson,offense,15,30,65
UW-Whitewater,Collin Madson,offense,25,35,60
UW-Whitewater,TEAM,offense,25,35,376
UW-Whitewater,Collin Madson,offense,30,35,44
UW-Whitewater,Collin Madson,offense,35,40,25
UW-Whitewater,TEAM,offense,35,40,164
Alma Scots,Raine Rodich,defense,30,10,35
Alma Scots,Logan St. Martin,offense,30,40,5
Alma Scots,Logan St. Martin,offense,30,35,12
Alma Scots,Logan St. Martin,offense,15,25,28
Alma Scots,Logan St. Martin,offense,20,35,24
Alma Scots,Logan St. Martin,offense,40,15,33
Alma Scots,Logan St. Martin,offense,45,15,33
Alma Scots,Logan St. Martin,offense,30,0,14
Alma Scots,Logan St. Martin,offense,35,0,4
Alma Scots,TEAM,offense,35,0,24
Alma Scots,Logan St. Martin,offense,40,0,6
Alma Scots,TEAM,offense,40,0,30
Alma Scots,Logan St. Martin,offense,25,0,9
Alma Scots,TEAM,offense,25,0,69
Alma Scots,Logan St. Martin,offense,10,0,3
Alma Scots,Logan St. Martin,offense,5,0,2
Alma Scots,Logan St. Martin,offense,5,5,8
Alma Scots,Logan St. Martin,offense,10,25,29
Alma Scots,Logan St. Martin,offense,10,35,12
Alma Scots,TEAM,offense,10,35,127
Alma Scots,Logan St. Martin,offense,10,40,10
Alma Scots,TEAM,offense,10,40,69
Alma Scots,Josh Elliott,offense,40,30,19
Alma Scots,Josh Elliott,offense,40,25,71
Alma Scots,Josh Elliott,offense,40,20,108
Alma Scots,Josh Elliott,offense,45,15,41
Alma Scots,Josh Elliott,offense,45,10,67
Alma Scots,TEAM,offense,45,10,239
Alma Scots,Josh Elliott,offense,40,10,42
Alma Scots,Donovan Collins,offense,15,40,16
Alma Scots,Donovan Collins,offense,30,10,73
Alma Scots,Donovan Collins,offense,30,5,37
Alma Scots,Donovan Collins,offense,25,5,31
Alma Scots,Donovan Collins,offense,40,20,39
Alma Scots,Donovan Collins,offense,25,10,64
Alma Scots,Raine Rodich,offense,15,45,3
Alma Scots,Raine Rodich,offense,15,35,31
Alma Scots,Raine Rodich,offense,25,35,39
Alma Scots,Raine Rodich,offense,5,15,31
Alma Scots,Raine Rodich,offense,10,30,35
Alma Scots,Raine Rodich,offense,5,30,10
Alma Scots,Raine Rodich,offense,5,25,16
Alma Scots,Raine Rodich,offense,20,35,45
Alma Scots,Raine Rodich,offense,25,40,15
UW-Whitewater,Isaac Verges,defense,5,35,4
UW-Whitewater,TEAM,defense,5,35,65
UW-Whitewater,Isaac Verges,defense,15,30,9
UW-Whitewater,Collin Madson,defense,5,35,10
UW-Whitewater,Collin Madson,defense,0,30,8
UW-Whitewater,TEAM,defense,0,30,62
UW-Whitewater,Richie Warren,defense,10,35,11
UW-Whitewater,Richie Warren,defense,10,30,26
UW-Whitewater,Richie Warren,defense,0,10,42
UW-Whitewater,TEAM,defense,0,10,153
Alma Scots,Korbin Heitzman,offense,30,20,79
Alma Scots,Korbin Heitzman,offense,40,10,42
Alma Scots,Korbin Heitzman,offense,35,10,61
Alma Scots,Korbin Heitzman,offense,45,15,36
Alma Scots,Korbin Heitzman,offense,45,20,18
Alma Scots,Korbin Heitzman,offense,40,20,75
Alma Scots,Korbin Heitzman,offense,40,25,35
Alma Scots,Korbin Heitzman,offense,30,25,55
Alma Scots,Korbin Heitzman,offense,35,30,28
Alma Scots,Korbin Heitzman,offense,25,10,59
Alma Scots,Korbin Heitzman,offense,25,5,82
Alma Scots,Korbin Heitzman,offense,20,5,42
UW-Whitewater,Luke Bara,defense,15,40,22
UW-Whitewater,Collin Madson,defense,15,35,75
UW-Whitewater,Collin Madson,defense,10,25,74
UW-Whitewater,Collin Madson,defense,10,20,135
UW-Whitewater,Collin Madson,defense,5,5,78
UW-Whitewater,Richie Warren,defense,25,15,227
UW-Whitewater,Richie Warren,defense,15,15,134
UW-Whitewater,Richie Warren,defense,20,15,187
UW-Whitewater,Richie Warren,defense,10,10,141
UW-Whitewater,Richie Warren,defense,15,20,105
UW-Whitewater,Richie Warren,defense,10,25,55
UW-Whitewater,Luke Bara,defense,25,25,122
UW-Whitewater,Luke Bara,defense,10,20,71
UW-Whitewater,Luke Bara,defense,30,20,126
UW-Whitewater,Luke Bara,defense,25,10,266
UW-Whitewater,Luke Bara,defense,30,5,188
UW-Whitewater,Luke Bara,defense,30,0,11
UW-Whitewater,TEAM,defense,30,0,318
UW-Whitewater,Luke Bara,defense,25,0,27
UW-Whitewater,Luke Bara,defense,15,0,24
UW-Whitewater,Brock Marino,defense,35,25,47
UW-Whitewater,Brock Marino,defense,20,5,130
Alma Scots,Josh Elliott,offense,10,15,40
Alma Scots,Josh Elliott,offense,10,10,14
UW-Whitewater,Isaac Verges,defense,30,15,22
UW-Whitewater,Brock Marino,defense,10,10,105
UW-Whitewater,Brock Marino,defense,25,20,110
UW-Whitewater,Brock Marino,defense,15,5,109
UW-Whitewater,Brock Marino,defense,15,0,32
UW-Whitewater,Isaac Verges,defense,35,5,3
UW-Whitewater,TEAM,defense,35,5,572
UW-Whitewater,Isaac Verges,defense,35,10,35
UW-Whitewater,Isaac Verges,defense,40,10,31
UW-Whitewater,TEAM,defense,40,10,373
UW-Whitewater,Isaac Verges,defense,40,5,6
UW-Whitewater,TEAM,defense,40,5,213
UW-Whitewater,Isaac Verges,defense,45,30,1
UW-Whitewater,TEAM,defense,45,30,54
UW-Whitewater,Collin Madson,defense,30,5,229
UW-Whitewater,Richie Warren,defense,20,20,201
UW-Whitewater,Richie Warren,defense,20,5,165
UW-Whitewater,Richie Warren,defense,15,5,256
UW-Whitewater,Richie Warren,defense,30,25,66
Alma Scots,Donovan Collins,offense,20,10,28
Alma Scots,Donovan Collins,offense,10,15,25
Alma Scots,Donovan Collins,offense,5,20,42
Alma Scots,Donovan Collins,offense,5,25,27
Alma Scots,Donovan Collins,offense,10,40,11
UW-Whitewater,Collin Madson,defense,20,20,194
UW-Whitewater,Collin Madson,defense,30,0,46
Alma Scots,Korbin Heitzman,defense,20,35,18
Alma Scots,TEAM,defense,20,35,83
Alma Scots,Korbin Heitzman,defense,25,30,40
Alma Scots,Donovan Collins,defense,5,45,1
Alma Scots,TEAM,defense,5,45,7
Alma Scots,Donovan Collins,defense,5,40,5
Alma Scots,TEAM,defense,5,40,25
Alma Scots,Donovan Collins,defense,5,35,4
Alma Scots,Donovan Collins,defense,5,30,4
Alma Scots,TEAM,defense,5,30,56
Alma Scots,Donovan Collins,defense,10,20,35
Alma Scots,Donovan Collins,defense,10,15,63
Alma Scots,Donovan Collins,defense,10,10,39
Alma Scots,Josh Elliott,defense,35,40,7
Alma Scots,TEAM,defense,35,40,55
Alma Scots,Josh Elliott,defense,35,35,7
Alma Scots,Josh Elliott,defense,35,30,18
Alma Scots,Josh Elliott,defense,35,25,18
Alma Scots,TEAM,defense,35,25,212
Alma Scots,Josh Elliott,defense,20,25,47
Alma Scots,Josh Elliott,defense,40,25,7
Alma Scots,TEAM,defense,40,25,60
UW-Whitewater,Isaac Verges,offense,45,40,2
UW-Whitewater,TEAM,offense,45,40,94
UW-Whitewater,Isaac Verges,offense,40,40,3
UW-Whitewater,TEAM,offense,40,40,194
UW-Whitewater,Isaac Verges,offense,40,35,9
UW-Whitewater,TEAM,offense,40,35,209
UW-Whitewater,Isaac Verges,offense,40,30,8
UW-Whitewater,TEAM,offense,40,30,254
UW-Whitewater,Isaac Verges,offense,40,25,7
UW-Whitewater,TEAM,offense,40,25,424
UW-Whitewater,Isaac Verges,offense,35,30,12
Alma Scots,Logan St. Martin,defense,15,45,2
Alma Scots,TEAM,defense,15,45,22
Alma Scots,Raine Rodich,defense,25,0,6
Alma Scots,Raine Rodich,defense,30,0,2
Alma Scots,Raine Rodich,defense,35,0,2
Alma Scots,Raine Rodich,defense,40,5,5
Alma Scots,TEAM,defense,40,5,173
UW-Whitewater,Richie Warren,offense,20,15,162
UW-Whitewater,Brock Marino,offense,0,35,7
UW-Whitewater,TEAM,offense,0,35,70
UW-Whitewater,Brock Marino,offense,0,25,21
UW-Whitewater,TEAM,offense,0,25,316
UW-Whitewater,Brock Marino,offense,0,20,38
UW-Whitewater,Brock Marino,offense,10,15,49
UW-Whitewater,Luke Bara,offense,20,40,32
UW-Whitewater,TEAM,offense,20,40,278
UW-Whitewater,Collin Madson,offense,15,20,89
Alma Scots,Logan St. Martin,defense,40,15,17
Alma Scots,Logan St. Martin,defense,35,15,55
Alma Scots,Logan St. Martin,defense,35,20,38
UW-Whitewater,Richie Warren,offense,45,10,114
UW-Whitewater,Collin Madson,offense,10,20,104
UW-Whitewater,Collin Madson,offense,15,15,169
UW-Whitewater,Collin Madson,offense,10,15,147
Alma Scots,Raine Rodich,defense,35,10,8
Alma Scots,Raine Rodich,defense,45,10,7
Alma Scots,Raine Rodich,defense,45,25,1
UW-Whitewater,Isaac Verges,offense,30,10,24
UW-Whitewater,Isaac Verges,offense,10,5,8
Alma Scots,Josh Elliott,defense,15,20,35
Alma Scots,Josh Elliott,defense,30,30,14
Alma Scots,TEAM,defense,30,30,143
Alma Scots,Logan St. Martin,defense,20,0,5
Alma Scots,Logan St. Martin,defense,15,0,8
UW-Whitewater,Brock Marino,offense,30,35,20
UW-Whitewater,Brock Marino,offense,30,40,26
Alma Scots,Donovan Collins,defense,30,25,38
Alma Scots,Donovan Collins,defense,30,30,38
UW-Whitewater,Luke Bara,offense,45,20,27
UW-Whitewater,Luke Bara,offense,40,15,72
Alma Scots,Korbin Heitzman,defense,15,20,80
Alma Scots,Korbin Heitzman,defense,10,15,74
Alma Scots,Korbin Heitzman,offense,35,40,9
Alma Scots,TEAM,offense,35,40,42
Alma Scots,Korbin Heitzman,offense,35,35,20
Alma Scots,Korbin Heitzman,offense,30,35,43
UW-Whitewater,Collin Madson,defense,15,40,47
UW-Whitewater,Collin Madson,defense,20,30,116
UW-Whitewater,Collin Madson,defense,25,20,202
UW-Whitewater,Brock Marino,defense,0,30,1
UW-Whitewater,Brock Marino,defense,25,30,90
UW-Whitewater,Brock Marino,defense,25,25,106
UW-Whitewater,Brock Marino,defense,30,20,80
UW-Whitewater,Richie Warren,defense,20,35,39
UW-Whitewater,Richie Warren,defense,20,30,47
Alma Scots,Josh Elliott,offense,10,40,13
Alma Scots,Josh Elliott,offense,10,35,26
Alma Scots,Josh Elliott,offense,20,30,70
Alma Scots,Raine Rodich,offense,5,35,2
Alma Scots,Raine Rodich,offense,0,20,10
Alma Scots,TEAM,offense,0,20,70
Alma Scots,Raine Rodich,offense,0,15,20
Alma Scots,Raine Rodich,offense,0,10,46
Alma Scots,Raine Rodich,offense,35,20,21
Alma Scots,Raine Rodich,offense,30,20,37
Alma Scots,Raine Rodich,offense,20,5,13
UW-Whitewater,Isaac Verges,defense,25,20,30
Alma Scots,Donovan Collins,offense,20,40,22
Alma Scots,Donovan Collins,offense,20,35,37
Alma Scots,Donovan Collins,offense,15,30,41
Alma Scots,Donovan Collins,offense,20,5,24
UW-Whitewater,Collin Madson,defense,15,20,177
UW-Whitewater,Collin Madson,defense,15,25,92
UW-Whitewater,Collin Madson,defense,20,25,156
Alma Scots,Logan St. Martin,offense,0,10,34
Alma Scots,Logan St. Martin,offense,5,10,11
Alma Scots,Logan St. Martin,offense,15,10,59
Alma Scots,Logan St. Martin,offense,5,20,30
Alma Scots,Logan St. Martin,offense,5,15,25
Alma Scots,Logan St. Martin,offense,15,20,48
Alma Scots,Logan St. Martin,offense,10,20,9
UW-Whitewater,Isaac Verges,defense,10,5,18
Alma Scots,Korbin Heitzman,offense,35,5,27
UW-Whitewater,Isaac Verges,defense,30,30,12
UW-Whitewater,Isaac Verges,defense,35,35,8
UW-Whitewater,TEAM,defense,35,35,243
UW-Whitewater,Isaac Verges,defense,30,35,7
UW-Whitewater,Isaac Verges,defense,15,20,13
UW-Whitewater,Isaac Verges,defense,0,25,12
UW-Whitewater,TEAM,defense,0,25,313
Alma Scots,Donovan Collins,offense,15,35,19
Alma Scots,Korbin Heitzman,offense,25,20,135
Alma Scots,Korbin Heitzman,offense,10,30,24
Alma Scots,Korbin Heitzman,offense,10,35,12
Alma Scots,Korbin Heitzman,offense,15,45,19
UW-Whitewater,Brock Marino,defense,5,10,66
UW-Whitewater,Collin Madson,defense,35,10,144
UW-Whitewater,Collin Madson,defense,35,5,99
UW-Whitewater,Collin Madson,defense,40,5,35
UW-Whitewater,Richie Warren,defense,5,10,80
UW-Whitewater,Richie Warren,defense,5,15,36
UW-Whitewater,Richie Warren,defense,5,25,19
UW-Whitewater,Richie Warren,defense,5,35,6
UW-Whitewater,Luke Bara,defense,10,5,101
Alma Scots,Logan St. Martin,offense,20,5,24
Alma Scots,Logan St. Martin,offense,25,5,35
Alma Scots,Logan St. Martin,offense,45,0,6
Alma Scots,TEAM,offense,45,0,27
Alma Scots,Logan St. Martin,offense,45,5,23
Alma Scots,TEAM,offense,45,5,212
Alma Scots,Logan St. Martin,offense,45,10,35
Alma Scots,Josh Elliott,offense,35,30,18
Alma Scots,Donovan Collins,offense,0,5,67
Alma Scots,Donovan Collins,offense,10,10,56
Alma Scots,Donovan Collins,offense,10,35,16
UW-Whitewater,Isaac Verges,defense,35,30,6
UW-Whitewater,TEAM,defense,35,30,235
UW-Whitewater,Isaac Verges,defense,35,45,18
UW-Whitewater,Isaac Verges,defense,35,40,16
Alma Scots,Raine Rodich,defense,30,25,32
Alma Scots,Raine Rodich,defense,30,30,16
Alma Scots,Raine Rodich,defense,35,30,7
Alma Scots,Raine Rodich,defense,40,35,6
Alma Scots,TEAM,defense,40,35,36
Alma Scots,Korbin Heitzman,defense,10,10,83
Alma Scots,Josh Elliott,defense,5,40,5
Alma Scots,Josh Elliott,defense,5,35,7
Alma Scots,Josh Elliott,defense,10,25,11
UW-Whitewater,Brock Marino,offense,25,40,46
UW-Whitewater,TEAM,offense,25,40,266
Alma Scots,Logan St. Martin,defense,30,20,66
Alma Scots,Logan St. Martin,defense,30,0,2
UW-Whitewater,Luke Bara,offense,25,30,111
UW-Whitewater,Luke Bara,offense,25,35,58
UW-Whitewater,Luke Bara,offense,25,40,29
Alma Scots,Donovan Collins,defense,30,40,20
Alma Scots,Donovan Collins,defense,40,30,16
Alma Scots,TEAM,defense,40,30,59
Alma Scots,Donovan Collins,defense,40,25,8
Alma Scots,Donovan Collins,defense,35,25,46
Alma Scots,Donovan Collins,defense,25,20,31
Alma Scots,Donovan Collins,defense,35,15,84
UW-Whitewater,Richie Warren,offense,10,20,82
UW-Whitewater,Richie Warren,offense,20,10,114
UW-Whitewater,Collin Madson,offense,5,20,114
UW-Whitewater,Collin Madson,offense,0,20,51
UW-Whitewater,Collin Madson,offense,0,15,58
UW-Whitewater,Collin Madson,offense,5,15,125
UW-Whitewater,Collin Madson,offense,20,15,199
UW-Whitewater,Isaac Verges,offense,35,10,17
UW-Whitewater,Isaac Verges,offense,30,15,3
UW-Whitewater,Isaac Verges,offense,30,5,10
UW-Whitewater,Isaac Verges,offense,20,25,20
UW-Whitewater,Isaac Verges,offense,20,30,18
UW-Whitewater,Isaac Verges,offense,15,35,5
UW-Whitewater,Brock Marino,offense,35,5,34
UW-Whitewater,Brock Marino,offense,30,5,52
UW-Whitewater,Brock Marino,offense,35,0,12
UW-Whitewater,Brock Marino,offense,40,0,37
UW-Whitewater,TEAM,offense,40,0,152
UW-Whitewater,Brock Marino,offense,40,5,34
UW-Whitewater,Brock Marino,offense,45,5,16
UW-Whitewater,Brock Marino,offense,40,10,46
UW-Whitewater,Brock Marino,offense,35,10,47
UW-Whitewater,Brock Marino,offense,30,10,175
UW-Whitewater,Richie Warren,offense,25,20,165
UW-Whitewater,Richie Warren,offense,20,20,176
UW-Whitewater,Brock Marino,offense,15,10,197
Alma Scots,Raine Rodich,offense,30,45,8
Alma Scots,Raine Rodich,offense,35,40,9
Alma Scots,Raine Rodich,offense,35,35,7
Alma Scots,Raine Rodich,offense,35,30,11
Alma Scots,Raine Rodich,offense,35,25,20
Alma Scots,Korbin Heitzman,offense,15,40,24
Alma Scots,Korbin Heitzman,offense,15,35,15
Alma Scots,Donovan Collins,offense,15,45,7
Alma Scots,Donovan Collins,offense,0,25,7
Alma Scots,TEAM,offense,0,25,54
Alma Scots,Donovan Collins,offense,5,10,34
Alma Scots,Donovan Collins,offense,5,15,53
Alma Scots,Logan St. Martin,offense,40,40,11
Alma Scots,Logan St. Martin,offense,40,35,6
Alma Scots,TEAM,offense,40,35,64
Alma Scots,Logan St. Martin,offense,40,30,7
Alma Scots,Logan St. Martin,offense,45,30,4
Alma Scots,TEAM,offense,45,30,24
Alma Scots,Logan St. Martin,offense,45,25,5
Alma Scots,Logan St. Martin,offense,40,10,9
Alma Scots,Josh Elliott,offense,20,45,8
UW-Whitewater,Luke Bara,defense,5,25,44
Alma Scots,Raine Rodich,offense,20,45,7
Alma Scots,Raine Rodich,offense,15,30,33
Alma Scots,Raine Rodich,offense,30,30,19
Alma Scots,Korbin Heitzman,offense,5,25,9
UW-Whitewater,Collin Madson,defense,25,25,157
Alma Scots,Raine Rodich,defense,25,40,7
Alma Scots,TEAM,defense,25,40,72
Alma Scots,Raine Rodich,defense,35,5,10
Alma Scots,Korbin Heitzman,defense,5,45,2
Alma Scots,Korbin Heitzman,defense,10,20,40
Alma Scots,Korbin Heitzman,defense,15,25,43
Alma Scots,Korbin Heitzman,defense,15,30,15
Alma Scots,Korbin Heitzman,defense,15,35,12
UW-Whitewater,Richie Warren,offense,5,35,18
UW-Whitewater,TEAM,offense,5,35,182
UW-Whitewater,Richie Warren,offense,5,10,48
UW-Whitewater,Richie Warren,offense,5,15,95
UW-Whitewater,Isaac Verges,offense,20,40,2
UW-Whitewater,Isaac Verges,offense,35,40,4
UW-Whitewater,Isaac Verges,offense,30,35,11
Alma Scots,Josh Elliott,defense,40,40,3
Alma Scots,Josh Elliott,defense,35,10,75
Alma Scots,Josh Elliott,defense,20,30,24
Alma Scots,Josh Elliott,defense,20,35,9
Alma Scots,Josh Elliott,defense,25,35,16
Alma Scots,Josh Elliott,defense,30,35,12
Alma Scots,TEAM,defense,30,35,79
Alma Scots,Josh Elliott,defense,30,40,9
Alma Scots,Josh Elliott,defense,35,45,3
Alma Scots,TEAM,defense,35,45,19
Alma Scots,Logan St. Martin,defense,20,40,2
Alma Scots,TEAM,defense,20,40,89
Alma Scots,Logan St. Martin,defense,20,30,14
UW-Whitewater,Luke Bara,offense,10,40,34
UW-Whitewater,TEAM,offense,10,40,236
Alma Scots,Donovan Collins,defense,35,40,13
Alma Scots,Donovan Collins,defense,45,15,6
UW-Whitewater,Collin Madson,offense,35,45,8
UW-Whitewater,TEAM,offense,35,45,65
UW-Whitewater,Collin Madson,offense,30,25,98
UW-Whitewater,Luke Bara,offense,5,30,17
UW-Whitewater,Luke Bara,offense,5,20,43
UW-Whitewater,Luke Bara,offense,5,15,52
UW-Whitewater,Luke Bara,offense,5,5,37
UW-Whitewater,Luke Bara,offense,10,5,44
UW-Whitewater,Luke Bara,offense,0,10,33
UW-Whitewater,Luke Bara,offense,5,25,48
UW-Whitewater,Luke Bara,offense,10,30,52
Alma Scots,Donovan Collins,defense,25,0,8
Alma Scots,Logan St. Martin,defense,35,10,41
Alma Scots,Logan St. Martin,defense,40,10,33
UW-Whitewater,Richie Warren,offense,10,40,15
UW-Whitewater,Richie Warren,offense,10,45,5
UW-Whitewater,Collin Madson,offense,20,25,148
UW-Whitewater,Isaac Verges,offense,25,30,34
UW-Whitewater,Isaac Verges,offense,25,35,5
UW-Whitewater,Isaac Verges,offense,25,40,4
UW-Whitewater,Luke Bara,offense,10,0,15
Alma Scots,Raine Rodich,defense,25,45,2
Alma Scots,TEAM,defense,25,45,34
UW-Whitewater,Collin Madson,defense,20,40,40
UW-Whitewater,Collin Madson,defense,20,35,71
Alma Scots,Josh Elliott,offense,0,35,3
Alma Scots,TEAM,offense,0,35,22
Alma Scots,Josh Elliott,offense,5,30,23
Alma Scots,Josh Elliott,offense,5,25,19
Alma Scots,Josh Elliott,offense,10,5,14
Alma Scots,Korbin Heitzman,offense,25,40,16
Alma Scots,Logan St. Martin,offense,30,30,23
UW-Whitewater,Richie Warren,defense,0,30,8
UW-Whitewater,Richie Warren,defense,0,25,34
UW-Whitewater,Richie Warren,defense,45,20,48
UW-Whitewater,TEAM,defense,45,20,220
Alma Scots,Raine Rodich,offense,30,35,35
UW-Whitewater,Brock Marino,defense,30,30,31
UW-Whitewater,Brock Marino,defense,30,25,49
UW-Whitewater,Brock Marino,defense,35,10,117
Alma Scots,Raine Rodich,offense,10,15,21
Alma Scots,Raine Rodich,offense,5,10,31
Alma Scots,Donovan Collins,offense,35,10,40
Alma Scots,Donovan Collins,offense,40,15,21
Alma Scots,Donovan Collins,offense,40,5,11
Alma Scots,Donovan Collins,offense,45,10,41
Alma Scots,Korbin Heitzman,offense,30,40,19
Alma Scots,Korbin Heitzman,offense,40,30,12
UW-Whitewater,Luke Bara,defense,20,5,162
UW-Whitewater,Luke Bara,defense,20,10,170
Alma Scots,Korbin Heitzman,offense,45,10,34
UW-Whitewater,Isaac Verges,defense,5,5,7
UW-Whitewater,Isaac Verges,defense,0,20,7
UW-Whitewater,TEAM,defense,0,20,703
Alma Scots,Logan St. Martin,offense,10,10,39
Alma Scots,Logan St. Martin,offense,10,5,8
Alma Scots,Raine Rodich,offense,10,20,28
UW-Whitewater,Richie Warren,defense,20,0,34
UW-Whitewater,Isaac Verges,defense,10,30,3
UW-Whitewater,Isaac Verges,defense,20,20,20
Alma Scots,Logan St. Martin,defense,10,40,2
Alma Scots,TEAM,defense,10,40,47
Alma Scots,Logan St. Martin,defense,10,35,7
Alma Scots,Logan St. Martin,defense,5,20,12
Alma Scots,Logan St. Martin,defense,10,15,54
Alma Scots,Logan St. Martin,defense,5,15,6
Alma Scots,Logan St. Martin,defense,20,15,52
Alma Scots,Logan St. Martin,defense,10,0,5
Alma Scots,Logan St. Martin,defense,10,10,21
Alma Scots,Logan St. Martin,defense,5,25,5
Alma Scots,Logan St. Martin,defense,5,30,4
Alma Scots,Logan St. Martin,defense,5,40,1
Alma Scots,Donovan Collins,defense,20,40,28
Alma Scots,Donovan Collins,defense,20,35,8
Alma Scots,Donovan Collins,defense,20,30,15
Alma Scots,Donovan Collins,defense,15,20,40
Alma Scots,Donovan Collins,defense,35,45,4
Alma Scots,Raine Rodich,defense,30,40,7
Alma Scots,Raine Rodich,defense,10,5,11
Alma Scots,Raine Rodich,defense,10,10,35
Alma Scots,Raine Rodich,defense,15,35,8
Alma Scots,Raine Rodich,defense,20,40,9
Alma Scots,Korbin Heitzman,defense,25,40,10
Alma Scots,Josh Elliott,defense,25,40,14
Alma Scots,Josh Elliott,defense,30,0,6
UW-Whitewater,Richie Warren,offense,35,35,13
UW-Whitewater,Richie Warren,offense,30,20,62
UW-Whitewater,Richie Warren,offense,20,30,158
UW-Whitewater,Richie Warren,offense,20,35,85
UW-Whitewater,Richie Warren,offense,25,40,51
UW-Whitewater,Brock Marino,offense,35,40,14
UW-Whitewater,Brock Marino,offense,40,30,17
UW-Whitewater,Brock Marino,offense,40,25,33
UW-Whitewater,Brock Marino,offense,40,20,95
UW-Whitewater,Brock Marino,offense,40,15,62
UW-Whitewater,Collin Madson,offense,35,15,101
UW-Whitewater,Collin Madson,offense,45,0,15
UW-Whitewater,TEAM,offense,45,0,88
UW-Whitewater,Luke Bara,offense,5,10,33
UW-Whitewater,Luke Bara,offense,10,20,83
UW-Whitewater,Luke Bara,offense,10,25,92
UW-Whitewater,Luke Bara,offense,15,30,61
UW-Whitewater,Collin Madson,offense,20,40,40
UW-Whitewater,Collin Madson,offense,15,40,52
UW-Whitewater,Collin Madson,offense,15,45,21
UW-Whitewater,TEAM,offense,15,45,86
UW-Whitewater,Isaac Verges,offense,30,45,2
Alma Scots,Donovan Collins,offense,15,5,23
Alma Scots,Donovan Collins,offense,10,5,10
Alma Scots,Donovan Collins,offense,35,15,35
Alma Scots,Donovan Collins,offense,35,5,20
UW-Whitewater,Brock Marino,defense,10,5,46
UW-Whitewater,Brock Marino,defense,30,5,140
Alma Scots,Raine Rodich,offense,45,35,3
Alma Scots,TEAM,offense,45,35,20
Alma Scots,Raine Rodich,offense,40,35,9
Alma Scots,Raine Rodich,offense,40,20,27
Alma Scots,Raine Rodich,offense,35,15,10
Alma Scots,Raine Rodich,offense,25,0,3
Alma Scots,Raine Rodich,offense,10,35,12
Alma Scots,Josh Elliott,offense,35,15,29
Alma Scots,Josh Elliott,offense,25,30,50
Alma Scots,Josh Elliott,offense,0,0,2
Alma Scots,Josh Elliott,offense,5,20,27
UW-Whitewater,Collin Madson,defense,0,20,134
Alma Scots,Logan St. Martin,offense,15,5,25
UW-Whitewater,Isaac Verges,defense,30,20,17
UW-Whitewater,Isaac Verges,defense,0,30,1
UW-Whitewater,Isaac Verges,defense,5,25,6
UW-Whitewater,Isaac Verges,defense,10,25,6
UW-Whitewater,Richie Warren,offense,25,25,114
UW-Whitewater,Isaac Verges,offense,35,5,19
UW-Whitewater,Isaac Verges,offense,35,0,3
Alma Scots,Raine Rodich,defense,30,15,47
Alma Scots,Raine Rodich,defense,35,15,43
Alma Scots,Raine Rodich,defense,35,20,37
Alma Scots,Raine Rodich,defense,30,20,32
Alma Scots,Logan St. Martin,defense,40,5,23
Alma Scots,Logan St. Martin,defense,45,5,9
Alma Scots,TEAM,defense,45,5,47
UW-Whitewater,Brock Marino,offense,45,0,9
Alma Scots,Donovan Collins,defense,40,5,32
Alma Scots,Donovan Collins,defense,40,20,6
UW-Whitewater,Collin Madson,offense,10,40,18
UW-Whitewater,Collin Madson,offense,10,35,45
UW-Whitewater,Collin Madson,offense,10,10,73
UW-Whitewater,Luke Bara,offense,0,5,47
UW-Whitewater,Brock Marino,offense,35,30,49
UW-Whitewater,Brock Marino,offense,25,30,51
Alma Scots,Logan St. Martin,defense,35,5,24
Alma Scots,Josh Elliott,defense,15,25,20
UW-Whitewater,Brock Marino,offense,45,15,40
UW-Whitewater,Brock Marino,offense,45,10,90
UW-Whitewater,Richie Warren,offense,30,35,26
UW-Whitewater,Brock Marino,defense,30,40,39
UW-Whitewater,Brock Marino,defense,15,35,23
UW-Whitewater,Brock Marino,defense,15,30,22
UW-Whitewater,Collin Madson,defense,15,45,11
UW-Whitewater,Collin Madson,defense,15,30,73
UW-Whitewater,Collin Madson,defense,40,15,30
UW-Whitewater,Collin Madson,defense,0,0,15
UW-Whitewater,TEAM,defense,0,0,59
Alma Scots,Josh Elliott,offense,40,35,18
Alma Scots,Josh Elliott,offense,45,20,23
Alma Scots,Josh Elliott,offense,45,5,45
Alma Scots,Josh Elliott,offense,40,5,19
Alma Scots,Josh Elliott,offense,35,5,22
Alma Scots,Josh Elliott,offense,40,15,46
Alma Scots,Raine Rodich,offense,40,30,8
Alma Scots,Raine Rodich,offense,40,25,11
UW-Whitewater,Richie Warren,defense,30,40,22
UW-Whitewater,Richie Warren,defense,40,15,93
UW-Whitewater,Richie Warren,defense,40,10,34
UW-Whitewater,Richie Warren,defense,5,20,38
Alma Scots,Logan St. Martin,offense,15,30,29
UW-Whitewater,Isaac Verges,defense,10,40,5
UW-Whitewater,Isaac Verges,defense,10,35,4
UW-Whitewater,Isaac Verges,defense,35,25,11
UW-Whitewater,Isaac Verges,defense,25,0,12
UW-Whitewater,Isaac Verges,defense,20,0,13
UW-Whitewater,Collin Madson,defense,35,30,43
UW-Whitewater,Collin Madson,defense,35,35,39
UW-Whitewater,Collin Madson,defense,35,40,34
Alma Scots,Raine Rodich,offense,10,40,5
UW-Whitewater,Joey Berezowitz,offense,20,25,78
UW-Whitewater,Joey Berezowitz,offense,25,25,59
UW-Whitewater,Joey Berezowitz,offense,30,25,65
UW-Whitewater,Joey Berezowitz,offense,30,20,64
UW-Whitewater,Joey Berezowitz,offense,35,20,48
UW-Whitewater,Joey Berezowitz,offense,35,15,68
UW-Whitewater,Joey Berezowitz,offense,30,10,116
UW-Whitewater,Joey Berezowitz,offense,35,10,57
UW-Whitewater,Joey Berezowitz,offense,30,5,54
UW-Whitewater,Joey Berezowitz,offense,20,5,34
UW-Whitewater,Collin Madson,offense,45,5,82
Alma Scots,Donovan Collins,defense,15,45,6
Alma Scots,Donovan Collins,defense,10,40,7
Alma Scots,Donovan Collins,defense,10,35,2
Alma Scots,Donovan Collins,defense,10,30,14
Alma Scots,Donovan Collins,defense,10,25,27
Alma Scots,Donovan Collins,defense,5,25,5
Alma Scots,Donovan Collins,defense,5,20,9
Alma Scots,Donovan Collins,defense,5,5,45
Alma Scots,Donovan Collins,defense,0,10,12
UW-Whitewater,Luke Bara,offense,40,10,78
UW-Whitewater,Luke Bara,offense,45,10,103
UW-Whitewater,Luke Bara,offense,45,5,23
UW-Whitewater,Luke Bara,offense,35,5,32
UW-Whitewater,Brock Marino,offense,15,5,92
UW-Whitewater,Brock Marino,offense,5,10,69
UW-Whitewater,Collin Madson,offense,0,25,40
UW-Whitewater,Collin Madson,offense,5,30,24
UW-Whitewater,Joey Berezowitz,offense,25,10,61
UW-Whitewater,Joey Berezowitz,offense,25,15,81
UW-Whitewater,Brock Marino,offense,0,15,30
UW-Whitewater,Brock Marino,offense,0,30,17
Alma Scots,Raine Rodich,offense,35,45,2
Alma Scots,Raine Rodich,offense,30,40,27
UW-Whitewater,Luke Bara,defense,35,45,7
UW-Whitewater,Luke Bara,defense,35,35,21
UW-Whitewater,Luke Bara,defense,35,20,73
UW-Whitewater,Luke Bara,defense,40,15,95
UW-Whitewater,Luke Bara,defense,40,10,65
Alma Scots,Josh Elliott,offense,45,45,1
Alma Scots,TEAM,offense,45,45,4
Alma Scots,Josh Elliott,offense,45,40,3
Alma Scots,TEAM,offense,45,40,21
Alma Scots,Josh Elliott,offense,0,15,43
Alma Scots,Josh Elliott,offense,0,20,11
Alma Scots,Josh Elliott,offense,0,25,6
Alma Scots,Josh Elliott,offense,5,35,11
Alma Scots,Josh Elliott,offense,5,40,12
Alma Scots,TEAM,offense,5,40,65
Alma Scots,Josh Elliott,offense,0,45,2
Alma Scots,TEAM,offense,0,45,5
Alma Scots,Logan St. Martin,offense,45,40,1
UW-Whitewater,Joey Berezowitz,defense,25,40,8
UW-Whitewater,Richie Warren,defense,25,45,5
UW-Whitewater,Brock Marino,defense,30,35,18
UW-Whitewater,Joey Berezowitz,defense,25,10,125
UW-Whitewater,Joey Berezowitz,defense,20,10,69
UW-Whitewater,Joey Berezowitz,defense,15,10,128
UW-Whitewater,Joey Berezowitz,defense,10,10,94
UW-Whitewater,Joey Berezowitz,defense,5,15,27
Alma Scots,Korbin Heitzman,offense,20,45,10
Alma Scots,Logan St. Martin,offense,15,45,2
UW-Whitewater,Collin Madson,offense,25,40,24
Alma Scots,Korbin Heitzman,defense,30,40,14
UW-Whitewater,Luke Bara,offense,45,45,6
UW-Whitewater,TEAM,offense,45,45,43
UW-Whitewater,Luke Bara,offense,45,40,20
UW-Whitewater,Luke Bara,offense,45,35,12
UW-Whitewater,TEAM,offense,45,35,36
UW-Whitewater,Luke Bara,offense,40,30,25
UW-Whitewater,Luke Bara,offense,45,25,17
UW-Whitewater,TEAM,offense,45,25,138
UW-Whitewater,Luke Bara,offense,40,20,65
UW-Whitewater,Luke Bara,offense,30,40,39
UW-Whitewater,Luke Bara,offense,30,45,33
UW-Whitewater,Luke Bara,offense,35,45,14
UW-Whitewater,Joey Berezowitz,offense,35,40,21
UW-Whitewater,Joey Berezowitz,offense,35,35,30
UW-Whitewater,Joey Berezowitz,offense,40,30,34
UW-Whitewater,Joey Berezowitz,offense,40,25,45
UW-Whitewater,Joey Berezowitz,offense,40,20,48
UW-Whitewater,Joey Berezowitz,offense,40,15,40
UW-Whitewater,Joey Berezowitz,offense,40,10,54
UW-Whitewater,Joey Berezowitz,offense,35,5,18
UW-Whitewater,Joey Berezowitz,offense,40,5,24
UW-Whitewater,Joey Berezowitz,offense,45,0,14
Alma Scots,Donovan Collins,defense,40,35,3
Alma Scots,Donovan Collins,defense,40,10,39
Alma Scots,Raine Rodich,defense,30,35,7
UW-Whitewater,Joey Berezowitz,offense,45,5,14
UW-Whitewater,Joey Berezowitz,offense,45,20,20
UW-Whitewater,Joey Berezowitz,offense,30,15,139
UW-Whitewater,Joey Berezowitz,offense,15,40,30
Alma Scots,Donovan Collins,offense,40,40,5
UW-Whitewater,Joey Berezowitz,defense,15,40,30
UW-Whitewater,Joey Berezowitz,defense,15,35,29
UW-Whitewater,Joey Berezowitz,defense,15,25,75
UW-Whitewater,Joey Berezowitz,defense,15,20,98
UW-Whitewater,Joey Berezowitz,defense,10,20,103
UW-Whitewater,Joey Berezowitz,defense,10,15,60
UW-Whitewater,Joey Berezowitz,defense,25,20,95
UW-Whitewater,Joey Berezowitz,defense,20,20,138
UW-Whitewater,Brock Marino,defense,40,25,30
UW-Whitewater,TEAM,defense,40,25,219
UW-Whitewater,Brock Marino,defense,0,0,8
UW-Whitewater,Brock Marino,defense,10,0,13
UW-Whitewater,TEAM,defense,10,0,145
UW-Whitewater,Brock Marino,defense,5,5,34
Alma Scots,Josh Elliott,offense,20,35,37
UW-Whitewater,Luke Bara,defense,30,40,25
UW-Whitewater,Luke Bara,defense,35,25,72
Alma Scots,Raine Rodich,offense,30,15,28
Alma Scots,Logan St. Martin,offense,20,0,3
Alma Scots,Logan St. Martin,offense,15,0,1
UW-Whitewater,Richie Warren,defense,35,5,64
UW-Whitewater,Richie Warren,defense,5,5,62
UW-Whitewater,Richie Warren,defense,10,5,106
UW-Whitewater,Richie Warren,defense,15,0,31
UW-Whitewater,Joey Berezowitz,defense,5,20,33
Alma Scots,Josh Elliott,offense,30,25,47
Alma Scots,Josh Elliott,offense,25,35,17
Alma Scots,Donovan Collins,offense,5,0,2
Alma Scots,Donovan Collins,offense,0,0,2
Alma Scots,Donovan Collins,offense,5,5,23
Alma Scots,Donovan Collins,offense,15,10,58
UW-Whitewater,Joey Berezowitz,defense,25,15,193
UW-Whitewater,Joey Berezowitz,defense,20,15,104
UW-Whitewater,Joey Berezowitz,defense,15,5,130
UW-Whitewater,Joey Berezowitz,defense,10,5,35
UW-Whitewater,Joey Berezowitz,defense,15,15,89
UW-Whitewater,Joey Berezowitz,defense,20,25,92
UW-Whitewater,Joey Berezowitz,defense,25,25,97
UW-Whitewater,Joey Berezowitz,defense,25,30,37
UW-Whitewater,Joey Berezowitz,defense,20,30,60
UW-Whitewater,Joey Berezowitz,defense,5,25,103
UW-Whitewater,Richie Warren,defense,10,0,14
Alma Scots,Raine Rodich,offense,10,45,6
Alma Scots,TEAM,offense,10,45,35
Alma Scots,Joss Bradley,defense,35,35,10
Alma Scots,Joss Bradley,defense,40,30,2
Alma Scots,Joss Bradley,defense,40,25,7
Alma Scots,Joss Bradley,defense,40,20,10
Alma Scots,Joss Bradley,defense,40,15,17
Alma Scots,Joss Bradley,defense,40,10,10
Alma Scots,Joss Bradley,defense,40,5,4
Alma Scots,Joss Bradley,defense,35,5,33
Alma Scots,Joss Bradley,defense,35,10,71
Alma Scots,Joss Bradley,defense,35,15,24
Alma Scots,Joss Bradley,defense,30,10,74
Alma Scots,Joss Bradley,defense,30,15,124
Alma Scots,Joss Bradley,defense,25,15,52
Alma Scots,Joss Bradley,defense,25,5,52
Alma Scots,Joss Bradley,defense,45,10,8
Alma Scots,Elijah Sykes,defense,5,20,10
Alma Scots,Elijah Sykes,defense,5,15,17
Alma Scots,Logan St. Martin,defense,25,45,3
Alma Scots,Logan St. Martin,defense,30,35,5
Alma Scots,Logan St. Martin,defense,35,35,12
Alma Scots,Logan St. Martin,defense,35,30,24
Alma Scots,Logan St. Martin,defense,35,25,19
UW-Whitewater,Collin Madson,offense,20,35,76
Alma Scots,Korbin Heitzman,defense,20,25,40
Alma Scots,Josh Elliott,defense,5,45,1
Alma Scots,Josh Elliott,defense,5,30,3
Alma Scots,Josh Elliott,defense,15,30,2
Alma Scots,Josh Elliott,defense,5,5,22
UW-Whitewater,Joey Berezowitz,offense,25,40,18
UW-Whitewater,Joey Berezowitz,offense,5,40,11
UW-Whitewater,Joey Berezowitz,offense,5,35,19
UW-Whitewater,Joey Berezowitz,offense,5,30,29
UW-Whitewater,Joey Berezowitz,offense,5,25,53
UW-Whitewater,Joey Berezowitz,offense,0,25,16
UW-Whitewater,Joey Berezowitz,offense,0,20,35
UW-Whitewater,Joey Berezowitz,offense,5,20,50
UW-Whitewater,Joey Berezowitz,offense,10,15,73
UW-Whitewater,Joey Berezowitz,offense,10,10,33
UW-Whitewater,Joey Berezowitz,offense,15,5,37
UW-Whitewater,Joey Berezowitz,offense,10,5,24
UW-Whitewater,Joey Berezowitz,offense,0,5,36
UW-Whitewater,Joey Berezowitz,offense,5,0,14
UW-Whitewater,Joey Berezowitz,offense,0,10,54
UW-Whitewater,Joey Berezowitz,offense,0,15,33
UW-Whitewater,Joey Berezowitz,offense,5,10,25
UW-Whitewater,Joey Berezowitz,offense,5,5,24
UW-Whitewater,Brock Marino,offense,40,35,33
UW-Whitewater,Brock Marino,offense,45,30,3
UW-Whitewater,TEAM,offense,45,30,62
UW-Whitewater,Jake Quast,offense,5,10,29
UW-Whitewater,Jake Quast,offense,0,10,36
UW-Whitewater,Jake Quast,offense,0,5,58
UW-Whitewater,Jake Quast,offense,0,0,8
UW-Whitewater,TEAM,offense,0,0,88
UW-Whitewater,Brock Marino,offense,45,20,20
UW-Whitewater,Brock Marino,offense,35,25,68
UW-Whitewater,Brock Marino,offense,25,35,43
UW-Whitewater,Brock Marino,offense,25,45,16
UW-Whitewater,TEAM,offense,25,45,84
UW-Whitewater,Kelton McEwen,offense,35,35,8
UW-Whitewater,Kelton McEwen,offense,35,25,16
UW-Whitewater,Kelton McEwen,offense,35,20,18
UW-Whitewater,Kelton McEwen,offense,15,30,31
UW-Whitewater,Kelton McEwen,offense,20,25,27
UW-Whitewater,Kelton McEwen,offense,25,25,22
UW-Whitewater,Kelton McEwen,offense,25,30,39
UW-Whitewater,Kelton McEwen,offense,20,30,18
UW-Whitewater,Kelton McEwen,offense,30,30,63
UW-Whitewater,Kelton McEwen,offense,35,30,24
UW-Whitewater,Kelton McEwen,offense,30,20,24
UW-Whitewater,Kelton McEwen,offense,25,20,34
Alma Scots,Elijah Sykes,defense,35,35,9
Alma Scots,Elijah Sykes,defense,25,30,17
Alma Scots,Elijah Sykes,defense,20,30,33
Alma Scots,Elijah Sykes,defense,15,20,68
Alma Scots,Elijah Sykes,defense,20,20,89
Alma Scots,Elijah Sykes,defense,25,20,38
Alma Scots,Elijah Sykes,defense,20,15,38
Alma Scots,Elijah Sykes,defense,25,15,31
Alma Scots,Logan St. Martin,defense,5,5,8
UW-Whitewater,Jake Quast,offense,0,20,82
UW-Whitewater,Jake Quast,offense,5,20,90
UW-Whitewater,Jake Quast,offense,5,25,91
UW-Whitewater,Jake Quast,offense,10,25,77
UW-Whitewater,Jake Quast,offense,5,30,9
UW-Whitewater,Jake Quast,offense,10,30,40
UW-Whitewater,Jake Quast,offense,15,30,49
UW-Whitewater,Jake Quast,offense,20,25,96
UW-Whitewater,Jake Quast,offense,25,25,83
UW-Whitewater,Jake Quast,offense,25,30,89
UW-Whitewater,Jake Quast,offense,20,30,93
UW-Whitewater,Jake Quast,offense,20,35,44
UW-Whitewater,Jake Quast,offense,25,35,67
Alma Scots,Elijah Sykes,defense,5,25,1
Alma Scots,Elijah Sykes,defense,10,30,4
Alma Scots,Elijah Sykes,defense,15,30,17
Alma Scots,Elijah Sykes,defense,25,25,72
Alma Scots,Elijah Sykes,defense,20,25,77
Alma Scots,Elijah Sykes,defense,15,15,68
Alma Scots,Elijah Sykes,defense,10,15,38
Alma Scots,Elijah Sykes,defense,10,10,28
Alma Scots,Elijah Sykes,defense,5,10,18
UW-Whitewater,Collin Madson,offense,40,0,35
UW-Whitewater,Collin Madson,offense,35,10,68
UW-Whitewater,Collin Madson,offense,40,10,55
UW-Whitewater,Joey Berezowitz,offense,15,10,100
UW-Whitewater,Joey Berezowitz,offense,15,15,87
UW-Whitewater,Kelton McEwen,offense,10,15,35
UW-Whitewater,Kelton McEwen,offense,5,15,19
UW-Whitewater,Kelton McEwen,offense,0,20,122
UW-Whitewater,Kelton McEwen,offense,0,25,23
UW-Whitewater,Kelton McEwen,offense,0,30,19
UW-Whitewater,Kelton McEwen,offense,5,35,3
UW-Whitewater,Jake Quast,offense,5,15,54
UW-Whitewater,Jake Quast,offense,0,30,7
UW-Whitewater,Jake Quast,offense,5,35,10
UW-Whitewater,Joey Berezowitz,defense,20,40,31
UW-Whitewater,Joey Berezowitz,defense,20,35,49
UW-Whitewater,Jake Quast,defense,20,35,23
UW-Whitewater,Jake Quast,defense,15,35,9
UW-Whitewater,Jake Quast,defense,15,30,17
UW-Whitewater,Jake Quast,defense,15,25,34
UW-Whitewater,Jake Quast,defense,10,25,39
UW-Whitewater,Jake Quast,defense,10,20,34
UW-Whitewater,Jake Quast,defense,10,15,45
UW-Whitewater,Jake Quast,defense,5,15,45
Alma Scots,Elijah Sykes,offense,45,40,4
Alma Scots,Elijah Sykes,offense,45,30,1
Alma Scots,Elijah Sykes,offense,45,25,4
Alma Scots,Elijah Sykes,offense,45,20,19
Alma Scots,Elijah Sykes,offense,45,15,24
Alma Scots,Elijah Sykes,offense,40,15,7
Alma Scots,Elijah Sykes,offense,35,5,10
Alma Scots,Joss Bradley,offense,15,40,9
Alma Scots,Joss Bradley,offense,15,35,14
Alma Scots,Joss Bradley,offense,15,30,19
Alma Scots,Joss Bradley,offense,10,5,9
Alma Scots,Joss Bradley,offense,15,5,23
UW-Whitewater,Kelton McEwen,defense,10,35,4
UW-Whitewater,Brock Marino,defense,40,45,6
UW-Whitewater,TEAM,defense,40,45,39
UW-Whitewater,Brock Marino,defense,35,40,24
UW-Whitewater,Brock Marino,defense,35,35,16
UW-Whitewater,Kelton McEwen,defense,25,40,5
UW-Whitewater,Kelton McEwen,defense,25,35,14
UW-Whitewater,Kelton McEwen,defense,35,15,52
UW-Whitewater,Kelton McEwen,defense,15,10,58
UW-Whitewater,Collin Madson,defense,0,25,100
Alma Scots,Josh Elliott,defense,10,40,1
Alma Scots,Josh Elliott,defense,15,35,8
Alma Scots,Josh Elliott,defense,0,5,12
UW-Whitewater,Kelton McEwen,offense,40,40,3
UW-Whitewater,Kelton McEwen,offense,40,35,6
UW-Whitewater,Kelton McEwen,offense,30,35,24
UW-Whitewater,Kelton McEwen,offense,20,20,56
UW-Whitewater,Kelton McEwen,offense,20,15,41
UW-Whitewater,Kelton McEwen,offense,15,15,78
UW-Whitewater,Kelton McEwen,offense,15,10,50
UW-Whitewater,Kelton McEwen,offense,20,10,32
UW-Whitewater,Kelton McEwen,offense,20,5,34
UW-Whitewater,Kelton McEwen,offense,5,5,7
UW-Whitewater,Kelton McEwen,offense,30,15,19
UW-Whitewater,Kelton McEwen,offense,30,10,50
UW-Whitewater,Kelton McEwen,offense,25,15,24
UW-Whitewater,Kelton McEwen,offense,35,15,37
Alma Scots,Josh Elliott,defense,15,45,2
Alma Scots,Josh Elliott,defense,15,40,7
Alma Scots,TEAM,defense,15,40,73
Alma Scots,Josh Elliott,defense,20,40,8
Alma Scots,Joss Bradley,defense,10,30,13
Alma Scots,Joss Bradley,defense,10,20,43
Alma Scots,Joss Bradley,defense,5,15,16
Alma Scots,Joss Bradley,defense,5,10,16
Alma Scots,Joss Bradley,defense,15,0,12
Alma Scots,Joss Bradley,defense,20,0,24
Alma Scots,Joss Bradley,defense,20,5,70
Alma Scots,Joss Bradley,defense,25,0,7
Alma Scots,Joss Bradley,defense,20,15,35
Alma Scots,Joss Bradley,defense,20,10,54
Alma Scots,Korbin Heitzman,defense,40,45,1
Alma Scots,TEAM,defense,40,45,11
Alma Scots,Korbin Heitzman,defense,40,40,3
Alma Scots,Korbin Heitzman,defense,40,35,7
Alma Scots,Korbin Heitzman,defense,40,30,4
Alma Scots,Korbin Heitzman,defense,35,25,24
Alma Scots,Korbin Heitzman,defense,20,0,16
Alma Scots,Elijah Sykes,defense,35,40,9
Alma Scots,Elijah Sykes,defense,35,30,14
Alma Scots,Elijah Sykes,defense,35,10,43
Alma Scots,Elijah Sykes,defense,30,5,15
Alma Scots,Elijah Sykes,defense,20,5,39
Alma Scots,Elijah Sykes,defense,15,5,45
Alma Scots,Elijah Sykes,defense,15,0,9
Alma Scots,Elijah Sykes,defense,20,0,7
Alma Scots,Elijah Sykes,defense,20,10,48
Alma Scots,Elijah Sykes,defense,25,0,5
Alma Scots,Elijah Sykes,defense,25,5,43
Alma Scots,Elijah Sykes,defense,25,10,33
Alma Scots,Elijah Sykes,defense,15,10,64
UW-Whitewater,Jake Quast,offense,15,15,83
UW-Whitewater,Jake Quast,offense,20,5,54
UW-Whitewater,Jake Quast,offense,25,0,14
UW-Whitewater,Jake Quast,offense,10,0,10
UW-Whitewater,Jake Quast,offense,5,0,9
UW-Whitewater,Joey Berezowitz,offense,25,35,27
UW-Whitewater,Joey Berezowitz,offense,20,20,73
UW-Whitewater,Brock Marino,offense,10,5,22
UW-Whitewater,Brock Marino,offense,5,5,59
UW-Whitewater,Brock Marino,offense,0,0,23
UW-Whitewater,Collin Madson,offense,40,15,70
UW-Whitewater,Joey Berezowitz,offense,30,40,24
UW-Whitewater,Joey Berezowitz,offense,30,35,33
UW-Whitewater,Joey Berezowitz,offense,30,30,56
UW-Whitewater,Joey Berezowitz,offense,25,30,82
UW-Whitewater,Joey Berezowitz,offense,25,20,131
UW-Whitewater,Joey Berezowitz,offense,10,20,24
Alma Scots,Josh Elliott,defense,0,40,3
Alma Scots,TEAM,defense,0,40,6
UW-Whitewater,Jake Quast,offense,25,15,147
UW-Whitewater,Jake Quast,offense,15,10,96
UW-Whitewater,Jake Quast,offense,10,10,37
UW-Whitewater,Jake Quast,offense,10,15,41
UW-Whitewater,Jake Quast,offense,20,15,107
UW-Whitewater,Jake Quast,offense,25,20,146
UW-Whitewater,Jake Quast,offense,30,20,67
Alma Scots,Josh Elliott,defense,0,0,2
UW-Whitewater,Jake Quast,offense,20,20,103
UW-Whitewater,Jake Quast,offense,15,20,45
UW-Whitewater,Jake Quast,offense,20,0,21
UW-Whitewater,Jake Quast,offense,35,0,19
UW-Whitewater,Jake Quast,offense,40,0,6
UW-Whitewater,Joey Berezowitz,offense,20,15,79
UW-Whitewater,Joey Berezowitz,offense,45,15,32
Alma Scots,Josh Elliott,defense,35,5,92
Alma Scots,Korbin Heitzman,defense,0,20,4
Alma Scots,TEAM,defense,0,20,11
Alma Scots,Joss Bradley,defense,25,10,69
Alma Scots,Joss Bradley,defense,30,5,27
Alma Scots,Joss Bradley,defense,30,20,43
Alma Scots,Elijah Sykes,defense,30,10,49
Alma Scots,Elijah Sykes,defense,0,5,6
Alma Scots,Elijah Sykes,defense,0,10,3
Alma Scots,Elijah Sykes,defense,0,15,1
Alma Scots,TEAM,defense,0,15,22
Alma Scots,Elijah Sykes,defense,10,20,26
UW-Whitewater,Kelton McEwen,offense,40,5,6
UW-Whitewater,Kelton McEwen,offense,40,15,51
UW-Whitewater,Kelton McEwen,offense,40,20,42
UW-Whitewater,Kelton McEwen,offense,45,20,16
UW-Whitewater,Kelton McEwen,offense,45,10,39
UW-Whitewater,Jake Quast,offense,25,40,29
UW-Whitewater,Jake Quast,offense,20,40,26
UW-Whitewater,Brock Marino,offense,25,0,25
UW-Whitewater,Joey Berezowitz,defense,5,45,1
UW-Whitewater,Joey Berezowitz,defense,5,40,5
UW-Whitewater,TEAM,defense,5,40,73
UW-Whitewater,Joey Berezowitz,defense,5,35,6
UW-Whitewater,Joey Berezowitz,defense,10,30,18
UW-Whitewater,Joey Berezowitz,defense,20,5,89
UW-Whitewater,Joey Berezowitz,defense,25,5,96
UW-Whitewater,Joey Berezowitz,defense,30,5,103
UW-Whitewater,Joey Berezowitz,defense,35,10,180
UW-Whitewater,Joey Berezowitz,defense,10,25,31
UW-Whitewater,Joey Berezowitz,defense,10,35,12
Alma Scots,Elijah Sykes,offense,15,40,7
Alma Scots,Elijah Sykes,offense,15,35,6
Alma Scots,Elijah Sykes,offense,15,25,18
Alma Scots,Elijah Sykes,offense,20,25,25
Alma Scots,Elijah Sykes,offense,20,20,61
Alma Scots,Elijah Sykes,offense,25,20,58
Alma Scots,Elijah Sykes,offense,25,15,68
Alma Scots,Elijah Sykes,offense,20,15,17
Alma Scots,Elijah Sykes,offense,15,15,15
Alma Scots,Elijah Sykes,offense,15,20,38
Alma Scots,Elijah Sykes,offense,10,25,20
Alma Scots,Elijah Sykes,offense,15,30,10
Alma Scots,Elijah Sykes,offense,20,30,29
Alma Scots,Elijah Sykes,offense,25,30,35
Alma Scots,Elijah Sykes,offense,15,10,6
Alma Scots,Elijah Sykes,offense,15,5,8
Alma Scots,Elijah Sykes,offense,10,10,8
Alma Scots,Elijah Sykes,offense,10,15,15
Alma Scots,Elijah Sykes,offense,10,20,10
Alma Scots,Joss Bradley,offense,20,45,9
Alma Scots,Joss Bradley,offense,25,35,35
Alma Scots,Joss Bradley,offense,20,30,25
Alma Scots,Joss Bradley,offense,25,30,57
Alma Scots,Joss Bradley,offense,20,25,38
Alma Scots,Joss Bradley,offense,25,25,45
Alma Scots,Joss Bradley,offense,20,20,46
Alma Scots,Joss Bradley,offense,25,20,33
Alma Scots,Joss Bradley,offense,20,10,35
Alma Scots,Joss Bradley,offense,20,5,23
Alma Scots,Joss Bradley,offense,15,0,10
Alma Scots,Joss Bradley,offense,20,0,7
Alma Scots,Joss Bradley,offense,10,0,1
Alma Scots,Joss Bradley,offense,15,10,78
UW-Whitewater,Kelton McEwen,defense,25,45,1
UW-Whitewater,Kelton McEwen,defense,25,30,24
UW-Whitewater,Kelton McEwen,defense,30,25,15
UW-Whitewater,Kelton McEwen,defense,35,25,20
UW-Whitewater,Kelton McEwen,defense,35,20,43
UW-Whitewater,Kelton McEwen,defense,30,10,37
UW-Whitewater,Kelton McEwen,defense,35,10,35
UW-Whitewater,Kelton McEwen,defense,30,15,47
UW-Whitewater,Kelton McEwen,defense,30,20,40
UW-Whitewater,Kelton McEwen,defense,25,10,55
Alma Scots,Josh Elliott,offense,15,35,16
Alma Scots,Korbin Heitzman,offense,40,35,10
Alma Scots,Korbin Heitzman,offense,30,5,58
UW-Whitewater,Jake Quast,defense,5,10,81
UW-Whitewater,Jake Quast,defense,15,15,98
UW-Whitewater,Jake Quast,defense,5,25,27
UW-Whitewater,Jake Quast,defense,20,25,94
UW-Whitewater,Jake Quast,defense,25,25,92
UW-Whitewater,Jake Quast,defense,25,15,99
UW-Whitewater,Jake Quast,defense,30,10,175
UW-Whitewater,Jake Quast,defense,30,5,125
UW-Whitewater,Jake Quast,defense,35,5,42
UW-Whitewater,Jake Quast,defense,35,10,88
UW-Whitewater,Jake Quast,defense,25,5,83
UW-Whitewater,Jake Quast,defense,20,5,125
UW-Whitewater,Jake Quast,defense,25,0,51
UW-Whitewater,Jake Quast,defense,30,0,17
Alma Scots,Logan St. Martin,offense,10,30,19
Alma Scots,Josh Elliott,offense,30,0,6
Alma Scots,Josh Elliott,offense,35,0,5
Alma Scots,Josh Elliott,offense,40,0,17
Alma Scots,Josh Elliott,offense,25,40,21
UW-Whitewater,Brock Marino,defense,35,5,70
UW-Whitewater,Collin Madson,defense,0,15,109
UW-Whitewater,Kelton McEwen,defense,15,40,9
UW-Whitewater,Kelton McEwen,defense,20,45,4
UW-Whitewater,Joey Berezowitz,offense,15,35,18
UW-Whitewater,Joey Berezowitz,offense,20,30,138
Alma Scots,Josh Elliott,defense,30,45,3
Alma Scots,TEAM,defense,30,45,39
UW-Whitewater,Collin Madson,offense,5,45,10
UW-Whitewater,TEAM,offense,5,45,64
UW-Whitewater,Collin Madson,offense,5,35,21
UW-Whitewater,Collin Madson,offense,0,35,6
UW-Whitewater,Collin Madson,offense,0,30,15
Alma Scots,Elijah Sykes,defense,20,45,1
Alma Scots,TEAM,defense,20,45,27
Alma Scots,Elijah Sykes,defense,20,40,2
Alma Scots,Elijah Sykes,defense,20,35,9
Alma Scots,Elijah Sykes,defense,35,20,17
Alma Scots,Elijah Sykes,defense,35,15,50
Alma Scots,Elijah Sykes,defense,35,5,9
Alma Scots,Elijah Sykes,defense,40,10,25
Alma Scots,Joss Bradley,defense,15,40,3
Alma Scots,Joss Bradley,defense,25,25,58
Alma Scots,Joss Bradley,defense,20,20,50
Alma Scots,Joss Bradley,defense,25,20,46
Alma Scots,Joss Bradley,defense,20,25,25
Alma Scots,Joss Bradley,defense,20,30,7
Alma Scots,Logan St. Martin,defense,25,40,5
Alma Scots,Logan St. Martin,defense,25,30,13
Alma Scots,Logan St. Martin,defense,40,20,34
UW-Whitewater,Jake Quast,offense,0,25,50
UW-Whitewater,Jake Quast,offense,30,15,101
UW-Whitewater,Jake Quast,offense,30,10,232
UW-Whitewater,Jake Quast,offense,35,5,38
UW-Whitewater,Brock Marino,offense,0,5,80
UW-Whitewater,Kelton McEwen,offense,40,10,29
UW-Whitewater,Kelton McEwen,offense,45,5,40
UW-Whitewater,Kelton McEwen,offense,25,10,41
UW-Whitewater,Brock Marino,offense,0,10,54
UW-Whitewater,Collin Madson,offense,40,20,106
UW-Whitewater,Jake Quast,offense,30,0,26
UW-Whitewater,Jake Quast,offense,40,15,45
UW-Whitewater,Jake Quast,offense,35,15,41
UW-Whitewater,Jake Quast,offense,25,10,100
UW-Whitewater,Jake Quast,offense,20,10,67
UW-Whitewater,Jake Quast,offense,10,20,58
UW-Whitewater,Kelton McEwen,offense,30,5,25
UW-Whitewater,Kelton McEwen,offense,35,5,5
UW-Whitewater,Kelton McEwen,offense,25,5,24
UW-Whitewater,Kelton McEwen,offense,20,0,12
UW-Whitewater,Kelton McEwen,offense,15,5,24
UW-Whitewater,Joey Berezowitz,offense,10,30,31
UW-Whitewater,Joey Berezowitz,offense,15,30,41
UW-Whitewater,Joey Berezowitz,offense,10,25,71
Alma Scots,Joss Bradley,offense,25,40,17
Alma Scots,Joss Bradley,offense,30,30,28
Alma Scots,Joss Bradley,offense,15,20,19
Alma Scots,Joss Bradley,offense,15,15,23
Alma Scots,Joss Bradley,offense,20,15,38
Alma Scots,Joss Bradley,offense,25,10,26
Alma Scots,Joss Bradley,offense,25,15,39
UW-Whitewater,Kelton McEwen,defense,30,30,17
UW-Whitewater,Kelton McEwen,defense,25,25,35
UW-Whitewater,Kelton McEwen,defense,25,20,45
UW-Whitewater,Kelton McEwen,defense,25,15,47
UW-Whitewater,Kelton McEwen,defense,20,15,68
UW-Whitewater,Kelton McEwen,defense,15,15,124
UW-Whitewater,Kelton McEwen,defense,20,10,27
UW-Whitewater,Kelton McEwen,defense,20,5,33
UW-Whitewater,Kelton McEwen,defense,30,5,34
Alma Scots,Elijah Sykes,offense,0,30,6
Alma Scots,TEAM,offense,0,30,26
Alma Scots,Elijah Sykes,offense,25,40,18
Alma Scots,Elijah Sykes,offense,25,35,14
Alma Scots,Elijah Sykes,offense,30,30,33
Alma Scots,Elijah Sykes,offense,30,25,31
Alma Scots,Elijah Sykes,offense,30,20,38
Alma Scots,Elijah Sykes,offense,35,20,29
Alma Scots,Elijah Sykes,offense,25,25,65
UW-Whitewater,Jake Quast,defense,35,40,19
UW-Whitewater,Jake Quast,defense,35,35,21
UW-Whitewater,Jake Quast,defense,35,30,16
UW-Whitewater,Jake Quast,defense,35,25,46
UW-Whitewater,Jake Quast,defense,35,20,54
UW-Whitewater,Jake Quast,defense,35,15,81
UW-Whitewater,Jake Quast,defense,30,15,134
UW-Whitewater,Jake Quast,defense,40,5,13
UW-Whitewater,Collin Madson,defense,20,45,9
UW-Whitewater,Brock Marino,defense,15,40,26
Alma Scots,Josh Elliott,offense,35,40,6
Alma Scots,Josh Elliott,offense,10,45,5
UW-Whitewater,Joey Berezowitz,defense,30,20,82
UW-Whitewater,Joey Berezowitz,defense,30,10,164
UW-Whitewater,Joey Berezowitz,defense,40,10,39
UW-Whitewater,Collin Madson,defense,40,25,32
UW-Whitewater,Collin Madson,defense,40,20,37
UW-Whitewater,Collin Madson,defense,35,25,68
UW-Whitewater,Brock Marino,defense,40,5,25
UW-Whitewater,Brock Marino,defense,45,5,12
UW-Whitewater,TEAM,defense,45,5,194
UW-Whitewater,Brock Marino,defense,40,10,33
Alma Scots,Korbin Heitzman,offense,30,45,6
UW-Whitewater,Jake Quast,defense,25,20,74
UW-Whitewater,Jake Quast,defense,30,20,104
UW-Whitewater,Jake Quast,defense,20,20,200
UW-Whitewater,Jake Quast,defense,15,20,69
UW-Whitewater,Jake Quast,defense,5,30,3
UW-Whitewater,Jake Quast,defense,0,35,13
UW-Whitewater,TEAM,defense,0,35,32
UW-Whitewater,Jake Quast,defense,0,40,7
UW-Whitewater,TEAM,defense,0,40,45
Alma Scots,Logan St. Martin,offense,5,40,5
Alma Scots,Logan St. Martin,offense,5,45,2
Alma Scots,TEAM,offense,5,45,15
Alma Scots,Elijah Sykes,offense,5,20,32
Alma Scots,Elijah Sykes,offense,5,15,37
Alma Scots,Elijah Sykes,offense,0,15,29
Alma Scots,Elijah Sykes,offense,5,25,25
Alma Scots,Elijah Sykes,offense,5,30,6
UW-Whitewater,Kelton McEwen,defense,15,25,26
UW-Whitewater,Kelton McEwen,defense,20,25,30
UW-Whitewater,Kelton McEwen,defense,20,30,33
Alma Scots,Joss Bradley,offense,45,5,36
Alma Scots,Joss Bradley,offense,45,10,30
Alma Scots,Joss Bradley,offense,40,10,20
Alma Scots,Joss Bradley,offense,40,15,32
Alma Scots,Joss Bradley,offense,35,15,34
Alma Scots,Joss Bradley,offense,35,20,19
Alma Scots,Joss Bradley,offense,35,25,25
Alma Scots,Joss Bradley,offense,30,25,27
Alma Scots,Joss Bradley,offense,30,35,12
UW-Whitewater,Kelton McEwen,defense,15,20,27
UW-Whitewater,Kelton McEwen,defense,20,20,28
UW-Whitewater,Kelton McEwen,defense,20,35,17
Alma Scots,Josh Elliott,defense,45,10,3
Alma Scots,Luciano Guerrazzi,defense,15,20,32
Alma Scots,Luciano Guerrazzi,defense,15,15,101
Alma Scots,Luciano Guerrazzi,defense,10,15,14
Alma Scots,Luciano Guerrazzi,defense,10,10,20
Alma Scots,Luciano Guerrazzi,defense,15,10,47
Alma Scots,Luciano Guerrazzi,defense,10,5,36
Alma Scots,Luciano Guerrazzi,defense,15,5,46
Alma Scots,Luciano Guerrazzi,defense,20,5,46
Alma Scots,Luciano Guerrazzi,defense,25,10,44
Alma Scots,Luciano Guerrazzi,defense,20,15,49
Alma Scots,Luciano Guerrazzi,defense,20,20,42
Alma Scots,Luciano Guerrazzi,defense,20,10,46
Alma Scots,Korbin Heitzman,defense,35,20,20
Alma Scots,Korbin Heitzman,defense,35,10,45
Alma Scots,Korbin Heitzman,defense,40,10,23
Alma Scots,Korbin Heitzman,defense,40,5,26
UW-Whitewater,Kelton McEwen,offense,45,15,10
Alma Scots,Elijah Sykes,defense,30,25,18
Alma Scots,Elijah Sykes,defense,30,20,17
Alma Scots,Elijah Sykes,defense,30,15,29
Alma Scots,Joss Bradley,defense,5,20,3
Alma Scots,Joss Bradley,defense,0,15,2
Alma Scots,Joss Bradley,defense,0,10,8
UW-Whitewater,Joey Berezowitz,offense,0,0,4
UW-Whitewater,Jake Quast,offense,35,40,8
UW-Whitewater,Jake Quast,offense,35,35,17
UW-Whitewater,Jake Quast,offense,35,30,41
UW-Whitewater,Jake Quast,offense,35,20,47
UW-Whitewater,Jake Quast,offense,35,10,72
UW-Whitewater,Jake Quast,offense,45,20,20
UW-Whitewater,Jake Quast,offense,40,20,55
UW-Whitewater,Jake Quast,offense,40,25,70
UW-Whitewater,Jake Quast,offense,35,25,56
UW-Whitewater,Jake Quast,offense,30,5,42
UW-Whitewater,Jake Quast,offense,25,5,73
UW-Whitewater,Joey Berezowitz,offense,15,25,56
UW-Whitewater,Joey Berezowitz,offense,15,20,55
Alma Scots,Joss Bradley,defense,45,15,2
UW-Whitewater,Kelton McEwen,offense,0,5,47
UW-Whitewater,Kelton McEwen,offense,0,0,14
UW-Whitewater,Kelton McEwen,defense,30,35,16
UW-Whitewater,Kelton McEwen,defense,35,35,14
UW-Whitewater,Joey Berezowitz,defense,25,45,5
UW-Whitewater,Joey Berezowitz,defense,30,45,4
UW-Whitewater,Joey Berezowitz,defense,30,40,16
UW-Whitewater,Joey Berezowitz,defense,25,35,22
UW-Whitewater,Joey Berezowitz,defense,15,30,27
UW-Whitewater,Jake Quast,defense,30,30,30
UW-Whitewater,Jake Quast,defense,30,25,74
UW-Whitewater,Jake Quast,defense,40,15,27
UW-Whitewater,Jake Quast,defense,40,20,16
UW-Whitewater,Jake Quast,defense,40,25,15
UW-Whitewater,Brock Marino,defense,10,15,94
UW-Whitewater,Brock Marino,defense,0,25,25
UW-Whitewater,Joey Berezowitz,defense,35,25,31
UW-Whitewater,Joey Berezowitz,defense,30,25,64
UW-Whitewater,Joey Berezowitz,defense,35,20,44
UW-Whitewater,Joey Berezowitz,defense,30,15,200
Alma Scots,Joss Bradley,offense,15,25,18
Alma Scots,Joss Bradley,offense,10,25,44
Alma Scots,Joss Bradley,offense,10,20,22
Alma Scots,Donovan Collins,offense,45,5,80
Alma Scots,Donovan Collins,offense,40,0,5
Alma Scots,Donovan Collins,offense,45,0,3
UW-Whitewater,Joey Berezowitz,defense,5,0,5
UW-Whitewater,TEAM,defense,5,0,79
UW-Whitewater,Joey Berezowitz,defense,10,0,10
UW-Whitewater,Jake Quast,defense,5,5,47
UW-Whitewater,Jake Quast,defense,10,5,41
UW-Whitewater,Jake Quast,defense,15,0,19
UW-Whitewater,Jake Quast,defense,20,10,83
UW-Whitewater,Jake Quast,defense,25,10,134
UW-Whitewater,Kelton McEwen,defense,5,20,17
UW-Whitewater,Kelton McEwen,defense,5,25,12
UW-Whitewater,Kelton McEwen,defense,0,25,16
UW-Whitewater,Kelton McEwen,defense,10,20,25
UW-Whitewater,Kelton McEwen,defense,10,15,16
UW-Whitewater,Kelton McEwen,defense,5,10,19
Alma Scots,Elijah Sykes,offense,30,10,21
Alma Scots,Elijah Sykes,offense,35,10,13
Alma Scots,Elijah Sykes,offense,25,10,35
Alma Scots,Elijah Sykes,offense,45,5,7
Alma Scots,Elijah Sykes,offense,45,10,11
Alma Scots,Elijah Sykes,offense,40,20,31
Alma Scots,Elijah Sykes,offense,35,25,24
Alma Scots,Luciano Guerrazzi,offense,20,5,28
Alma Scots,Luciano Guerrazzi,offense,25,5,21
Alma Scots,Luciano Guerrazzi,offense,20,10,24
Alma Scots,Luciano Guerrazzi,offense,25,10,19
Alma Scots,Luciano Guerrazzi,offense,25,15,37
Alma Scots,Luciano Guerrazzi,offense,30,15,32
Alma Scots,Luciano Guerrazzi,offense,25,20,42
Alma Scots,Luciano Guerrazzi,offense,25,25,37
Alma Scots,Luciano Guerrazzi,offense,25,30,27
Alma Scots,Luciano Guerrazzi,offense,20,30,35
Alma Scots,Luciano Guerrazzi,offense,15,20,31
Alma Scots,Luciano Guerrazzi,offense,20,20,58
Alma Scots,Luciano Guerrazzi,offense,20,25,64
Alma Scots,Luciano Guerrazzi,offense,10,20,13
Alma Scots,Luciano Guerrazzi,offense,10,15,24
Alma Scots,Luciano Guerrazzi,offense,15,5,7
Alma Scots,Luciano Guerrazzi,offense,25,0,4
Alma Scots,Luciano Guerrazzi,offense,30,0,8
Alma Scots,Korbin Heitzman,offense,25,0,14
UW-Whitewater,Collin Madson,defense,10,0,21
UW-Whitewater,Brock Marino,defense,40,0,4
UW-Whitewater,TEAM,defense,40,0,48
UW-Whitewater,Brock Marino,defense,30,0,42
UW-Whitewater,Collin Madson,defense,45,10,44
UW-Whitewater,TEAM,defense,45,10,250
UW-Whitewater,Kelton McEwen,defense,0,0,2
UW-Whitewater,Kelton McEwen,defense,5,0,1
UW-Whitewater,Kelton McEwen,defense,10,0,9
Alma Scots,Joss Bradley,defense,25,45,2
Alma Scots,Joss Bradley,defense,20,40,11
Alma Scots,Joss Bradley,defense,20,35,4
Alma Scots,Joss Bradley,defense,15,35,6
Alma Scots,Joss Bradley,defense,15,30,10
Alma Scots,Joss Bradley,defense,15,25,31
Alma Scots,Joss Bradley,defense,15,20,26
Alma Scots,Joss Bradley,defense,10,15,47
UW-Whitewater,Kelton McEwen,offense,5,30,7
UW-Whitewater,Kelton McEwen,offense,5,20,28
UW-Whitewater,Kelton McEwen,offense,0,15,93
UW-Whitewater,Kelton McEwen,offense,0,10,19
UW-Whitewater,Kelton McEwen,offense,5,0,3
UW-Whitewater,Kelton McEwen,offense,35,10,7
Alma Scots,Korbin Heitzman,defense,30,45,4
Alma Scots,Korbin Heitzman,defense,35,35,12
Alma Scots,Korbin Heitzman,defense,30,30,21
Alma Scots,Korbin Heitzman,defense,35,30,12
Alma Scots,Luciano Guerrazzi,defense,15,40,9
Alma Scots,Luciano Guerrazzi,defense,15,35,4
Alma Scots,Luciano Guerrazzi,defense,10,35,4
Alma Scots,Luciano Guerrazzi,defense,10,30,43
Alma Scots,Luciano Guerrazzi,defense,10,25,12
Alma Scots,Luciano Guerrazzi,defense,5,20,8
Alma Scots,Luciano Guerrazzi,defense,5,15,12
Alma Scots,Luciano Guerrazzi,defense,5,10,10
Alma Scots,Luciano Guerrazzi,defense,5,5,25
Alma Scots,Luciano Guerrazzi,defense,5,0,9
Alma Scots,Luciano Guerrazzi,defense,0,0,6
Alma Scots,Luciano Guerrazzi,defense,10,0,9
Alma Scots,Luciano Guerrazzi,defense,15,0,4
UW-Whitewater,Brock Marino,offense,15,45,6
Alma Scots,Elijah Sykes,defense,10,5,6
Alma Scots,Elijah Sykes,defense,30,0,5
Alma Scots,Elijah Sykes,defense,35,0,1
UW-Whitewater,Jake Quast,offense,30,45,2
UW-Whitewater,Jake Quast,offense,35,45,4
UW-Whitewater,Jake Quast,offense,40,30,19
UW-Whitewater,Jake Quast,offense,15,5,50
UW-Whitewater,Jake Quast,offense,15,0,15
UW-Whitewater,Jake Quast,offense,10,5,29
UW-Whitewater,Collin Madson,offense,30,20,99
Alma Scots,Donovan Collins,defense,25,40,11
Alma Scots,Donovan Collins,defense,40,15,17
UW-Whitewater,Joey Berezowitz,offense,45,10,66
UW-Whitewater,Joey Berezowitz,offense,20,10,74
UW-Whitewater,Brock Marino,defense,10,35,17
Alma Scots,Joss Bradley,offense,35,45,1
Alma Scots,Joss Bradley,offense,40,40,4
Alma Scots,Joss Bradley,offense,35,30,15
Alma Scots,Luciano Guerrazzi,offense,45,40,3
Alma Scots,Luciano Guerrazzi,offense,45,30,7
Alma Scots,Luciano Guerrazzi,offense,45,25,12
Alma Scots,Luciano Guerrazzi,offense,45,20,6
Alma Scots,Luciano Guerrazzi,offense,45,15,11
Alma Scots,Luciano Guerrazzi,offense,45,10,3
Alma Scots,Luciano Guerrazzi,offense,45,5,3
Alma Scots,Luciano Guerrazzi,offense,45,0,4
Alma Scots,Luciano Guerrazzi,offense,40,15,13
UW-Whitewater,Collin Madson,defense,25,45,6
UW-Whitewater,Jake Quast,defense,10,10,61
Alma Scots,Elijah Sykes,offense,0,0,3
Alma Scots,Elijah Sykes,offense,30,5,10
Alma Scots,Korbin Heitzman,defense,0,45,1
Alma Scots,TEAM,defense,0,45,2
Alma Scots,Korbin Heitzman,defense,0,40,1
Alma Scots,Korbin Heitzman,defense,0,35,1
Alma Scots,TEAM,defense,0,35,8
Alma Scots,Korbin Heitzman,defense,0,30,2
Alma Scots,TEAM,defense,0,30,17
Alma Scots,Korbin Heitzman,defense,0,15,2
Alma Scots,Korbin Heitzman,defense,5,30,8
Alma Scots,Korbin Heitzman,defense,5,35,4
Alma Scots,Korbin Heitzman,defense,5,40,6
Alma Scots,Donovan Collins,defense,25,45,7
Alma Scots,Donovan Collins,defense,30,35,14
Alma Scots,Donovan Collins,defense,25,25,24
Alma Scots,Donovan Collins,defense,25,30,15
UW-Whitewater,Collin Madson,offense,35,35,37
Alma Scots,Elijah Sykes,defense,15,45,2
Alma Scots,Elijah Sykes,defense,15,40,2
Alma Scots,Luciano Guerrazzi,defense,25,40,7
Alma Scots,Luciano Guerrazzi,defense,20,40,2
Alma Scots,Luciano Guerrazzi,defense,25,35,3
Alma Scots,Luciano Guerrazzi,defense,20,35,5
Alma Scots,Luciano Guerrazzi,defense,20,30,15
Alma Scots,Luciano Guerrazzi,defense,20,25,37
Alma Scots,Luciano Guerrazzi,defense,25,25,61
Alma Scots,Luciano Guerrazzi,defense,30,20,19
Alma Scots,Luciano Guerrazzi,defense,15,30,19
Alma Scots,Luciano Guerrazzi,defense,25,30,19
Alma Scots,Luciano Guerrazzi,defense,30,25,26
Alma Scots,Luciano Guerrazzi,defense,35,25,31
Alma Scots,Luciano Guerrazzi,defense,40,20,14
Alma Scots,Luciano Guerrazzi,defense,40,10,10
Alma Scots,Luciano Guerrazzi,defense,35,10,26
Alma Scots,Luciano Guerrazzi,defense,35,5,41
Alma Scots,Luciano Guerrazzi,defense,30,5,89
Alma Scots,Luciano Guerrazzi,defense,25,5,26
Alma Scots,Luciano Guerrazzi,defense,30,10,82
Alma Scots,Luciano Guerrazzi,defense,35,15,38
Alma Scots,Luciano Guerrazzi,defense,40,15,4
Alma Scots,Luciano Guerrazzi,defense,30,15,28
UW-Whitewater,Jake Quast,offense,20,45,6
UW-Whitewater,TEAM,offense,20,45,80
UW-Whitewater,Jake Quast,offense,40,40,4
UW-Whitewater,Jake Quast,offense,45,35,1
UW-Whitewater,Jake Quast,offense,45,15,59
UW-Whitewater,Jake Quast,offense,45,10,101
UW-Whitewater,Jake Quast,offense,30,25,67
UW-Whitewater,Jake Quast,offense,30,30,39
UW-Whitewater,Jake Quast,offense,30,35,27
UW-Whitewater,Jake Quast,offense,30,40,17
UW-Whitewater,Kelton McEwen,offense,25,45,2
UW-Whitewater,Kelton McEwen,offense,20,40,8
UW-Whitewater,Kelton McEwen,offense,15,35,4
UW-Whitewater,Kelton McEwen,offense,10,30,46
UW-Whitewater,Kelton McEwen,offense,10,25,23
UW-Whitewater,Kelton McEwen,offense,5,25,98
Alma Scots,Joss Bradley,defense,25,40,4
Alma Scots,Joss Bradley,defense,30,40,9
Alma Scots,Joss Bradley,defense,25,30,12
Alma Scots,Joss Bradley,defense,30,25,30
Alma Scots,Joss Bradley,defense,30,30,5
UW-Whitewater,Joey Berezowitz,offense,10,45,4
UW-Whitewater,Joey Berezowitz,offense,10,40,21
UW-Whitewater,Joey Berezowitz,offense,40,40,18
UW-Whitewater,Joey Berezowitz,offense,20,35,26
UW-Whitewater,Kelton McEwen,offense,15,25,40
UW-Whitewater,Kelton McEwen,offense,10,20,26
UW-Whitewater,Brock Marino,offense,35,35,54
UW-Whitewater,Brock Marino,offense,35,45,7
Alma Scots,Donovan Collins,defense,20,25,13
Alma Scots,Donovan Collins,defense,15,35,11
Alma Scots,Donovan Collins,defense,15,40,6
Alma Scots,Elijah Sykes,defense,30,30,13
Alma Scots,Elijah Sykes,defense,40,40,6
Alma Scots,Elijah Sykes,defense,40,45,2
Alma Scots,Joss Bradley,defense,30,45,6
UW-Whitewater,Kelton McEwen,offense,10,35,20
UW-Whitewater,Kelton McEwen,offense,15,40,1
UW-Whitewater,Kelton McEwen,offense,10,45,5
UW-Whitewater,Jake Quast,offense,15,25,62
Alma Scots,Elijah Sykes,offense,40,30,8
UW-Whitewater,Rashad Rogers,defense,10,10,2
UW-Whitewater,Rashad Rogers,defense,10,20,10
UW-Whitewater,Rashad Rogers,defense,10,25,5
UW-Whitewater,Rashad Rogers,defense,25,15,7
Alma Scots,Luciano Guerrazzi,offense,0,15,32
Alma Scots,Luciano Guerrazzi,offense,5,25,17
Alma Scots,Luciano Guerrazzi,offense,5,30,9
Alma Scots,Luciano Guerrazzi,offense,5,20,15
Alma Scots,Luciano Guerrazzi,offense,0,20,17
Alma Scots,Luciano Guerrazzi,offense,0,10,30
Alma Scots,Luciano Guerrazzi,offense,10,5,4
Alma Scots,Luciano Guerrazzi,offense,30,5,31
Alma Scots,Luciano Guerrazzi,offense,30,10,21
Alma Scots,Luciano Guerrazzi,offense,15,25,31
Alma Scots,Luciano Guerrazzi,offense,20,15,28
Alma Scots,Luciano Guerrazzi,offense,35,0,1
UW-Whitewater,Kelton McEwen,defense,40,45,2
UW-Whitewater,Kelton McEwen,defense,40,40,3
UW-Whitewater,TEAM,defense,40,40,70
UW-Whitewater,Tyshawn Teague-Johnson,defense,15,35,28
UW-Whitewater,Tyshawn Teague-Johnson,defense,10,35,8
UW-Whitewater,Tyshawn Teague-Johnson,defense,10,20,84
UW-Whitewater,Tyshawn Teague-Johnson,defense,10,15,85
UW-Whitewater,Tyshawn Teague-Johnson,defense,15,25,45
UW-Whitewater,Tyshawn Teague-Johnson,defense,20,15,95
UW-Whitewater,Tyshawn Teague-Johnson,defense,20,10,82
UW-Whitewater,Tyshawn Teague-Johnson,defense,15,10,76
Alma Scots,Donovan Collins,offense,45,45,1
Alma Scots,Donovan Collins,offense,45,40,3
Alma Scots,Donovan Collins,offense,45,30,3
UW-Whitewater,Jake Quast,defense,30,45,3
UW-Whitewater,Jake Quast,defense,25,35,32
UW-Whitewater,Jake Quast,defense,40,10,35
UW-Whitewater,Jake Quast,defense,45,15,10
UW-Whitewater,TEAM,defense,45,15,241
Alma Scots,Joss Bradley,offense,5,25,28
UW-Whitewater,Kelton McEwen,defense,40,35,8
UW-Whitewater,TEAM,defense,40,35,115
Alma Scots,Joss Bradley,offense,5,20,35
Alma Scots,Joss Bradley,offense,25,5,25
UW-Whitewater,Kelton McEwen,defense,0,15,11
UW-Whitewater,Kelton McEwen,defense,25,5,39
UW-Whitewater,Rashad Rogers,defense,15,10,1
UW-Whitewater,Rashad Rogers,defense,20,10,10
UW-Whitewater,Rashad Rogers,defense,20,5,11
UW-Whitewater,Rashad Rogers,defense,20,0,5
UW-Whitewater,Joey Berezowitz,defense,40,15,41
UW-Whitewater,Rashad Rogers,defense,35,0,3
UW-Whitewater,TEAM,defense,35,0,124
Alma Scots,Luciano Guerrazzi,defense,5,40,1
Alma Scots,Luciano Guerrazzi,defense,15,25,22
Alma Scots,Luciano Guerrazzi,defense,10,20,12
Alma Scots,Luciano Guerrazzi,defense,0,15,1
Alma Scots,Luciano Guerrazzi,defense,0,10,3
Alma Scots,Joss Bradley,defense,10,25,17
Alma Scots,Joss Bradley,defense,15,15,33
Alma Scots,Joss Bradley,defense,15,10,56
Alma Scots,Joss Bradley,defense,10,10,16
UW-Whitewater,Kelton McEwen,offense,30,25,31
Alma Scots,Elijah Sykes,defense,10,25,22
Alma Scots,Elijah Sykes,defense,10,35,3
UW-Whitewater,Tyshawn Teague-Johnson,offense,0,45,3
UW-Whitewater,TEAM,offense,0,45,46
UW-Whitewater,Tyshawn Teague-Johnson,offense,0,35,6
UW-Whitewater,Tyshawn Teague-Johnson,offense,0,30,6
UW-Whitewater,Tyshawn Teague-Johnson,offense,0,25,68
UW-Whitewater,Tyshawn Teague-Johnson,offense,0,20,199
UW-Whitewater,Tyshawn Teague-Johnson,offense,0,15,102
UW-Whitewater,Tyshawn Teague-Johnson,offense,5,20,70
UW-Whitewater,Joey Berezowitz,offense,25,5,31
UW-Whitewater,Rashad Rogers,offense,15,5,17
UW-Whitewater,Rashad Rogers,offense,10,5,13
UW-Whitewater,Rashad Rogers,offense,5,5,12
UW-Whitewater,Rashad Rogers,offense,0,5,16
UW-Whitewater,Rashad Rogers,offense,0,10,9
UW-Whitewater,Rashad Rogers,offense,5,10,5
UW-Whitewater,Rashad Rogers,offense,0,15,2
UW-Whitewater,Jake Quast,offense,0,15,71
UW-Whitewater,Tyshawn Teague-Johnson,offense,0,10,51
UW-Whitewater,Tyshawn Teague-Johnson,offense,0,5,47
UW-Whitewater,Kelton McEwen,defense,20,40,6
Alma Scots,Joss Bradley,offense,45,40,4
Alma Scots,Joss Bradley,offense,40,35,13
Alma Scots,Joss Bradley,offense,45,35,5
Alma Scots,Joss Bradley,offense,45,30,3
Alma Scots,Joss Bradley,offense,45,25,35
Alma Scots,Joss Bradley,offense,45,20,9
Alma Scots,Joss Bradley,offense,45,15,14
Alma Scots,Joss Bradley,offense,40,20,78
Alma Scots,Joss Bradley,offense,30,15,54
Alma Scots,Joss Bradley,offense,30,20,25
Alma Scots,Joss Bradley,offense,35,10,33
Alma Scots,Donovan Collins,offense,0,45,1
Alma Scots,Donovan Collins,offense,0,40,2
Alma Scots,TEAM,offense,0,40,9
Alma Scots,Donovan Collins,offense,0,20,13
Alma Scots,Donovan Collins,offense,0,15,41
UW-Whitewater,Rashad Rogers,defense,20,45,1
UW-Whitewater,Rashad Rogers,defense,15,40,2
UW-Whitewater,Rashad Rogers,defense,15,35,3
UW-Whitewater,Rashad Rogers,defense,15,30,9
UW-Whitewater,Rashad Rogers,defense,15,20,7
UW-Whitewater,Rashad Rogers,defense,15,15,11
Alma Scots,Elijah Sykes,offense,35,30,24
Alma Scots,Elijah Sykes,offense,35,15,22
Alma Scots,Elijah Sykes,offense,40,25,94
UW-Whitewater,Jake Quast,defense,20,15,94
Alma Scots,Luciano Guerrazzi,offense,15,30,19
Alma Scots,Luciano Guerrazzi,offense,20,35,30
Alma Scots,Luciano Guerrazzi,offense,5,10,11
Alma Scots,Luciano Guerrazzi,offense,35,10,4
Alma Scots,Luciano Guerrazzi,offense,35,15,19
Alma Scots,Luciano Guerrazzi,offense,30,20,24
Alma Scots,Luciano Guerrazzi,offense,30,25,43
Alma Scots,Luciano Guerrazzi,offense,30,30,26
Alma Scots,Luciano Guerrazzi,offense,25,35,14
Alma Scots,Luciano Guerrazzi,offense,20,40,26
Alma Scots,Luciano Guerrazzi,offense,15,40,14
Alma Scots,Luciano Guerrazzi,offense,10,35,11
Alma Scots,Luciano Guerrazzi,offense,5,45,1
UW-Whitewater,Kelton McEwen,defense,5,15,20
UW-Whitewater,Kelton McEwen,defense,10,25,13
UW-Whitewater,Joey Berezowitz,defense,35,5,62
UW-Whitewater,Jake Quast,defense,40,40,4
UW-Whitewater,Jake Quast,defense,40,45,3
UW-Whitewater,Joey Berezowitz,defense,35,15,89
UW-Whitewater,Rashad Rogers,defense,25,5,10
UW-Whitewater,Rashad Rogers,defense,30,5,4
UW-Whitewater,Rashad Rogers,defense,30,10,31
UW-Whitewater,Rashad Rogers,defense,20,15,11
Alma Scots,Elijah Sykes,offense,35,35,9
Alma Scots,Elijah Sykes,offense,30,35,12
Alma Scots,Elijah Sykes,offense,30,40,7
Alma Scots,Elijah Sykes,offense,30,45,5
UW-Whitewater,Tyshawn Teague-Johnson,defense,5,10,15
UW-Whitewater,Tyshawn Teague-Johnson,defense,15,20,96
UW-Whitewater,Tyshawn Teague-Johnson,defense,20,20,81
UW-Whitewater,Tyshawn Teague-Johnson,defense,20,25,87
UW-Whitewater,Tyshawn Teague-Johnson,defense,5,20,34
UW-Whitewater,Tyshawn Teague-Johnson,defense,10,25,21
UW-Whitewater,Tyshawn Teague-Johnson,defense,10,30,15
UW-Whitewater,Tyshawn Teague-Johnson,defense,15,30,25
UW-Whitewater,Tyshawn Teague-Johnson,defense,20,40,14
UW-Whitewater,Tyshawn Teague-Johnson,defense,20,45,4
UW-Whitewater,Kelton McEwen,defense,30,0,38
UW-Whitewater,Kelton McEwen,defense,35,0,16
UW-Whitewater,Kelton McEwen,defense,35,5,22
UW-Whitewater,Joey Berezowitz,defense,20,0,20
UW-Whitewater,Joey Berezowitz,defense,15,0,31
Alma Scots,Joss Bradley,offense,0,20,9
Alma Scots,Joss Bradley,offense,5,15,28
Alma Scots,Joss Bradley,offense,0,5,49
Alma Scots,Joss Bradley,offense,25,0,20
UW-Whitewater,Rashad Rogers,defense,20,20,12
UW-Whitewater,Rashad Rogers,defense,15,25,15
UW-Whitewater,Rashad Rogers,defense,10,30,4
UW-Whitewater,Rashad Rogers,defense,10,40,4
Alma Scots,Korbin Heitzman,offense,25,45,6
Alma Scots,Elijah Sykes,offense,10,45,3
Alma Scots,Joss Bradley,offense,20,35,33
Alma Scots,Joss Bradley,offense,20,40,7
UW-Whitewater,Jake Quast,offense,5,5,38
Alma Scots,Elijah Sykes,defense,25,35,6
Alma Scots,Donovan Collins,defense,10,5,20
Alma Scots,Preston Malpass,defense,25,30,29
Alma Scots,Preston Malpass,defense,15,25,11
Alma Scots,Preston Malpass,defense,15,20,36
Alma Scots,Preston Malpass,defense,10,20,22
Alma Scots,Preston Malpass,defense,10,15,31
Alma Scots,Preston Malpass,defense,10,10,15
Alma Scots,Preston Malpass,defense,15,10,29
Alma Scots,Preston Malpass,defense,10,25,8
Alma Scots,Preston Malpass,defense,5,30,2
Alma Scots,Luciano Guerrazzi,defense,40,25,4
Alma Scots,Luciano Guerrazzi,defense,40,30,5
Alma Scots,Raine Rodich,defense,40,10,2
Alma Scots,Raine Rodich,defense,40,15,9
Alma Scots,Raine Rodich,defense,40,20,7
Alma Scots,Raine Rodich,defense,40,25,8
Alma Scots,Raine Rodich,defense,40,30,5
Alma Scots,Raine Rodich,defense,35,35,5
Alma Scots,Raine Rodich,defense,40,40,2
UW-Whitewater,Rashad Rogers,offense,20,25,21
UW-Whitewater,Rashad Rogers,offense,25,25,15
UW-Whitewater,Rashad Rogers,offense,25,30,6
UW-Whitewater,Rashad Rogers,offense,20,30,24
UW-Whitewater,Rashad Rogers,offense,30,25,9
UW-Whitewater,Rashad Rogers,offense,35,20,3
UW-Whitewater,Rashad Rogers,offense,40,25,10
UW-Whitewater,Rashad Rogers,offense,45,25,9
UW-Whitewater,Tyshawn Teague-Johnson,offense,35,20,29
UW-Whitewater,Tyshawn Teague-Johnson,offense,45,10,27
UW-Whitewater,Joey Berezowitz,offense,35,45,5
UW-Whitewater,Tyshawn Teague-Johnson,offense,10,40,20
UW-Whitewater,Tyshawn Teague-Johnson,offense,5,35,14
UW-Whitewater,Tyshawn Teague-Johnson,offense,5,30,17
UW-Whitewater,Tyshawn Teague-Johnson,offense,5,25,80
UW-Whitewater,Tyshawn Teague-Johnson,offense,10,25,68
UW-Whitewater,Tyshawn Teague-Johnson,offense,10,20,65
UW-Whitewater,Tyshawn Teague-Johnson,offense,10,15,52
UW-Whitewater,Tyshawn Teague-Johnson,offense,5,15,58
UW-Whitewater,Tyshawn Teague-Johnson,offense,10,10,27
UW-Whitewater,Tyshawn Teague-Johnson,offense,5,10,29
UW-Whitewater,Kelton McEwen,offense,5,10,8
UW-Whitewater,Kelton McEwen,offense,10,10,12
UW-Whitewater,Kelton McEwen,offense,10,0,11
UW-Whitewater,Kelton McEwen,offense,15,0,20
Alma Scots,Elijah Sykes,offense,40,40,3
Alma Scots,Elijah Sykes,offense,20,45,9
UW-Whitewater,Rashad Rogers,defense,20,35,2
UW-Whitewater,Rashad Rogers,defense,30,0,4
UW-Whitewater,Rashad Rogers,defense,25,0,2
Alma Scots,Luciano Guerrazzi,offense,35,25,21
Alma Scots,Preston Malpass,offense,35,40,4
Alma Scots,Preston Malpass,offense,30,40,5
Alma Scots,Preston Malpass,offense,35,20,12
Alma Scots,Preston Malpass,offense,30,15,21
Alma Scots,Preston Malpass,offense,25,15,35
Alma Scots,Preston Malpass,offense,25,10,10
Alma Scots,Preston Malpass,offense,30,10,18
Alma Scots,Preston Malpass,offense,25,20,39
Alma Scots,Preston Malpass,offense,35,15,32
Alma Scots,Preston Malpass,offense,35,25,23
Alma Scots,Preston Malpass,offense,35,30,5
Alma Scots,Preston Malpass,offense,35,35,2
Alma Scots,Preston Malpass,offense,35,45,2
UW-Whitewater,Kelton McEwen,defense,10,45,3
UW-Whitewater,Kelton McEwen,defense,10,40,6
UW-Whitewater,Kelton McEwen,defense,5,35,5
UW-Whitewater,Kelton McEwen,defense,15,0,35
Alma Scots,Raine Rodich,offense,0,35,2
Alma Scots,Raine Rodich,offense,40,15,16
Alma Scots,Raine Rodich,offense,45,20,3
Alma Scots,Raine Rodich,offense,45,25,4
UW-Whitewater,Jake Quast,defense,30,35,27
UW-Whitewater,Tyshawn Teague-Johnson,defense,15,15,71
UW-Whitewater,Tyshawn Teague-Johnson,defense,10,10,36
UW-Whitewater,Tyshawn Teague-Johnson,defense,5,15,21
UW-Whitewater,Tyshawn Teague-Johnson,defense,25,25,59
UW-Whitewater,Tyshawn Teague-Johnson,defense,25,30,28
UW-Whitewater,Tyshawn Teague-Johnson,defense,25,35,30
UW-Whitewater,Joey Berezowitz,defense,20,45,11
Alma Scots,Preston Malpass,defense,25,20,46
Alma Scots,Preston Malpass,defense,20,20,40
Alma Scots,Preston Malpass,defense,30,20,22
Alma Scots,Preston Malpass,defense,35,20,8
Alma Scots,Preston Malpass,defense,30,15,36
Alma Scots,Preston Malpass,defense,30,10,48
Alma Scots,Preston Malpass,defense,25,10,42
Alma Scots,Preston Malpass,defense,20,5,40
Alma Scots,Preston Malpass,defense,20,10,44
Alma Scots,Preston Malpass,defense,15,5,36
Alma Scots,Preston Malpass,defense,10,0,1
Alma Scots,Donovan Collins,defense,10,0,14
UW-Whitewater,Kelton McEwen,offense,0,45,1
UW-Whitewater,Kelton McEwen,offense,0,40,26
UW-Whitewater,TEAM,offense,0,40,164
UW-Whitewater,Kelton McEwen,offense,0,35,15
UW-Whitewater,Kelton McEwen,offense,15,20,22
Alma Scots,Luciano Guerrazzi,defense,35,40,8
Alma Scots,Luciano Guerrazzi,defense,35,35,15
Alma Scots,Luciano Guerrazzi,defense,35,30,13
Alma Scots,Elijah Sykes,defense,15,35,10
Alma Scots,Elijah Sykes,defense,15,25,21
Alma Scots,Elijah Sykes,defense,45,10,2
UW-Whitewater,Rashad Rogers,offense,45,45,1
UW-Whitewater,Rashad Rogers,offense,35,40,1
UW-Whitewater,Rashad Rogers,offense,35,35,1
UW-Whitewater,Rashad Rogers,offense,30,30,13
UW-Whitewater,Rashad Rogers,offense,35,30,7
Alma Scots,Raine Rodich,defense,0,25,6
Alma Scots,TEAM,defense,0,25,12
Alma Scots,Raine Rodich,defense,0,30,1
UW-Whitewater,Rashad Rogers,offense,35,15,17
UW-Whitewater,Rashad Rogers,offense,30,10,10
UW-Whitewater,Rashad Rogers,offense,30,5,10
UW-Whitewater,Rashad Rogers,offense,25,5,10
UW-Whitewater,Rashad Rogers,offense,20,5,22
UW-Whitewater,Rashad Rogers,offense,20,0,4
UW-Whitewater,Rashad Rogers,offense,20,10,29
UW-Whitewater,Rashad Rogers,offense,15,10,63
UW-Whitewater,Rashad Rogers,offense,15,15,11
UW-Whitewater,Rashad Rogers,offense,25,0,6
UW-Whitewater,Tyshawn Teague-Johnson,offense,15,0,8
UW-Whitewater,Tyshawn Teague-Johnson,offense,10,5,18
UW-Whitewater,Tyshawn Teague-Johnson,offense,5,5,12
UW-Whitewater,Tyshawn Teague-Johnson,offense,15,15,87
UW-Whitewater,Tyshawn Teague-Johnson,offense,15,10,31
UW-Whitewater,Tyshawn Teague-Johnson,offense,20,20,54
UW-Whitewater,Joey Berezowitz,offense,35,25,61
Alma Scots,Luciano Guerrazzi,defense,25,15,53
Alma Scots,Raine Rodich,defense,0,15,7
Alma Scots,Raine Rodich,defense,10,0,2
UW-Whitewater,Rashad Rogers,offense,15,0,7
UW-Whitewater,Rashad Rogers,offense,25,20,6
UW-Whitewater,Rashad Rogers,offense,30,20,8
UW-Whitewater,Rashad Rogers,offense,30,15,18
UW-Whitewater,Rashad Rogers,offense,35,10,6
UW-Whitewater,Rashad Rogers,offense,10,15,2
UW-Whitewater,Rashad Rogers,offense,5,20,11
Alma Scots,Preston Malpass,defense,25,15,66
Alma Scots,Preston Malpass,defense,5,10,13
Alma Scots,Preston Malpass,defense,5,15,3
UW-Whitewater,Tyshawn Teague-Johnson,offense,20,5,72
UW-Whitewater,Tyshawn Teague-Johnson,offense,25,0,23
UW-Whitewater,Tyshawn Teague-Johnson,offense,35,0,3
UW-Whitewater,Tyshawn Teague-Johnson,offense,30,5,37
UW-Whitewater,Tyshawn Teague-Johnson,offense,25,10,46
UW-Whitewater,Tyshawn Teague-Johnson,offense,35,5,10
UW-Whitewater,Tyshawn Teague-Johnson,offense,30,10,115
UW-Whitewater,Jake Quast,offense,40,5,26
UW-Whitewater,Jake Quast,offense,40,10,28
Alma Scots,Luciano Guerrazzi,defense,25,20,59
Alma Scots,Luciano Guerrazzi,defense,25,0,18
Alma Scots,Luciano Guerrazzi,defense,30,0,8
UW-Whitewater,Tyshawn Teague-Johnson,offense,15,25,64
UW-Whitewater,Tyshawn Teague-Johnson,offense,15,20,59
UW-Whitewater,Tyshawn Teague-Johnson,offense,20,15,69
Alma Scots,Preston Malpass,defense,35,10,10
Alma Scots,Preston Malpass,defense,30,5,15
Alma Scots,Preston Malpass,defense,25,5,49
Alma Scots,Preston Malpass,defense,35,15,8
Alma Scots,Preston Malpass,defense,40,10,6
Alma Scots,Preston Malpass,defense,20,15,21
UW-Whitewater,Rashad Rogers,offense,15,30,2
UW-Whitewater,Rashad Rogers,offense,10,25,10
UW-Whitewater,Rashad Rogers,offense,10,20,4
UW-Whitewater,Rashad Rogers,offense,25,10,8
UW-Whitewater,Rashad Rogers,offense,20,15,7
UW-Whitewater,Rashad Rogers,offense,40,10,10
UW-Whitewater,Kelton McEwen,offense,30,0,2
UW-Whitewater,Kelton McEwen,offense,25,0,12
Alma Scots,Preston Malpass,defense,30,0,7
Alma Scots,Preston Malpass,defense,25,25,23
Alma Scots,Preston Malpass,defense,20,30,15
Alma Scots,Preston Malpass,defense,20,35,7
Alma Scots,Preston Malpass,defense,20,25,35
Alma Scots,Preston Malpass,defense,15,15,32
UW-Whitewater,Tyshawn Teague-Johnson,offense,25,15,82
UW-Whitewater,Tyshawn Teague-Johnson,offense,20,25,48
UW-Whitewater,Tyshawn Teague-Johnson,offense,20,30,67
UW-Whitewater,Tyshawn Teague-Johnson,offense,15,30,54
UW-Whitewater,Tyshawn Teague-Johnson,offense,10,30,30
Alma Scots,Luciano Guerrazzi,defense,5,25,1
Alma Scots,Luciano Guerrazzi,defense,35,20,32
Alma Scots,Luciano Guerrazzi,defense,30,30,12
Alma Scots,Luciano Guerrazzi,defense,40,45,3
Alma Scots,Elijah Sykes,defense,5,5,21
UW-Whitewater,Kelton McEwen,offense,40,25,24
UW-Whitewater,Rashad Rogers,offense,20,20,37
UW-Whitewater,Rashad Rogers,offense,15,25,12
UW-Whitewater,Rashad Rogers,offense,15,20,4
UW-Whitewater,Rashad Rogers,offense,25,15,10
UW-Whitewater,Rashad Rogers,offense,30,0,4
UW-Whitewater,Rashad Rogers,offense,35,25,6
Alma Scots,Raine Rodich,defense,5,5,4
Alma Scots,Raine Rodich,defense,35,25,8
UW-Whitewater,Joey Berezowitz,offense,35,30,40
Alma Scots,Elijah Sykes,defense,0,20,1
UW-Whitewater,Kelton McEwen,offense,45,30,3
UW-Whitewater,Joey Berezowitz,defense,35,35,12
UW-Whitewater,Joey Berezowitz,defense,30,35,19
UW-Whitewater,Joey Berezowitz,defense,35,30,27
Alma Scots,Luciano Guerrazzi,offense,15,15,21
UW-Whitewater,Isaac Verges,defense,30,40,4
UW-Whitewater,Isaac Verges,defense,40,45,3
Alma Scots,Elijah Sykes,offense,25,5,16
UW-Whitewater,Rashad Rogers,defense,25,45,1
Alma Scots,Elijah Sykes,offense,40,35,1
Alma Scots,Elijah Sykes,offense,45,35,2
Alma Scots,Elijah Sykes,offense,30,15,34
Alma Scots,Raine Rodich,offense,40,40,5
Alma Scots,Raine Rodich,offense,45,30,5
Alma Scots,Raine Rodich,offense,45,5,5
Alma Scots,Donovan Collins,offense,35,40,5
Alma Scots,Luciano Guerrazzi,offense,20,45,3
UW-Whitewater,Rashad Rogers,defense,5,10,1
UW-Whitewater,Rashad Rogers,defense,25,10,16
UW-Whitewater,Rashad Rogers,defense,35,10,18
Alma Scots,Elijah Sykes,offense,30,0,3
Alma Scots,Elijah Sykes,offense,20,0,4
Alma Scots,Preston Malpass,offense,10,15,26
Alma Scots,Preston Malpass,offense,0,5,8
Alma Scots,Preston Malpass,offense,45,15,2
Alma Scots,Preston Malpass,offense,40,10,4
Alma Scots,Preston Malpass,offense,40,5,1
Alma Scots,Preston Malpass,offense,35,5,1
Alma Scots,Preston Malpass,offense,35,0,2
Alma Scots,Preston Malpass,offense,30,0,1
Alma Scots,Preston Malpass,offense,30,5,27
UW-Whitewater,Isaac Verges,defense,15,0,3
UW-Whitewater,Jake Quast,offense,10,35,9
Alma Scots,Preston Malpass,defense,15,45,4
Alma Scots,Raine Rodich,defense,10,40,4
Alma Scots,Raine Rodich,defense,10,35,5
UW-Whitewater,Rashad Rogers,offense,45,40,1
UW-Whitewater,Rashad Rogers,offense,45,35,1
UW-Whitewater,Rashad Rogers,offense,40,30,2
Alma Scots,Donovan Collins,defense,45,30,3
Alma Scots,TEAM,defense,45,30,12
UW-Whitewater,Tyshawn Teague-Johnson,offense,45,25,6
UW-Whitewater,Tyshawn Teague-Johnson,offense,45,20,5
UW-Whitewater,Tyshawn Teague-Johnson,offense,30,20,27
UW-Whitewater,Tyshawn Teague-Johnson,offense,30,15,44
UW-Whitewater,Tyshawn Teague-Johnson,offense,25,20,87
UW-Whitewater,Isaac Verges,offense,5,40,2
UW-Whitewater,Isaac Verges,offense,5,35,3
UW-Whitewater,Isaac Verges,offense,5,30,3
UW-Whitewater,Isaac Verges,offense,10,25,12
Alma Scots,Elijah Sykes,defense,25,40,2
UW-Whitewater,Joey Berezowitz,offense,0,30,8
UW-Whitewater,Joey Berezowitz,offense,5,15,49
UW-Whitewater,Tyshawn Teague-Johnson,defense,20,35,24
UW-Whitewater,Tyshawn Teague-Johnson,defense,20,30,36
UW-Whitewater,Tyshawn Teague-Johnson,defense,15,5,46
Alma Scots,Luciano Guerrazzi,offense,35,45,3
Alma Scots,Luciano Guerrazzi,offense,40,35,4
Alma Scots,Luciano Guerrazzi,offense,40,30,9
Alma Scots,Luciano Guerrazzi,offense,40,25,79
Alma Scots,Luciano Guerrazzi,offense,35,30,9
Alma Scots,Luciano Guerrazzi,offense,35,35,7
Alma Scots,Luciano Guerrazzi,offense,40,45,2
Alma Scots,TEAM,offense,40,45,7
UW-Whitewater,Joey Berezowitz,defense,25,0,34
UW-Whitewater,Joey Berezowitz,defense,45,35,7
UW-Whitewater,TEAM,defense,45,35,31
UW-Whitewater,Joey Berezowitz,defense,40,35,8
Alma Scots,Preston Malpass,offense,15,40,11
Alma Scots,Preston Malpass,offense,20,40,36
Alma Scots,Preston Malpass,offense,30,35,8
Alma Scots,Preston Malpass,offense,30,30,8
Alma Scots,Preston Malpass,offense,30,25,15
Alma Scots,Preston Malpass,offense,25,40,16
Alma Scots,Preston Malpass,offense,20,35,21
Alma Scots,Preston Malpass,offense,15,35,30
UW-Whitewater,Isaac Verges,defense,20,45,6
UW-Whitewater,Isaac Verges,defense,25,35,4
Alma Scots,Elijah Sykes,offense,20,35,16
UW-Whitewater,Rashad Rogers,defense,10,35,4
UW-Whitewater,Rashad Rogers,defense,15,5,3
UW-Whitewater,Rashad Rogers,defense,25,20,14
UW-Whitewater,Rashad Rogers,defense,25,25,20
UW-Whitewater,Rashad Rogers,defense,20,25,10
UW-Whitewater,Rashad Rogers,defense,20,30,9
UW-Whitewater,Jake Quast,defense,5,20,13
UW-Whitewater,Jake Quast,defense,15,10,110
UW-Whitewater,Jake Quast,defense,20,0,22
Alma Scots,Donovan Collins,offense,0,30,5
UW-Whitewater,Isaac Verges,defense,15,35,5
UW-Whitewater,Jake Quast,defense,20,30,68
Alma Scots,Luciano Guerrazzi,offense,15,45,3
Alma Scots,Luciano Guerrazzi,offense,30,35,15
Alma Scots,Preston Malpass,offense,15,45,6
Alma Scots,Preston Malpass,offense,10,45,13
Alma Scots,Preston Malpass,offense,5,45,1
Alma Scots,Preston Malpass,offense,5,40,15
Alma Scots,Preston Malpass,offense,10,40,17
Alma Scots,Preston Malpass,offense,0,40,3
Alma Scots,Preston Malpass,offense,0,35,5
Alma Scots,Luciano Guerrazzi,offense,35,40,4
Alma Scots,Elijah Sykes,offense,5,10,15
Alma Scots,Elijah Sykes,offense,15,0,4
Alma Scots,Elijah Sykes,offense,20,5,9
UW-Whitewater,Rashad Rogers,defense,10,15,3
UW-Whitewater,Rashad Rogers,defense,5,5,1
UW-Whitewater,Rashad Rogers,defense,15,0,1
UW-Whitewater,Rashad Rogers,defense,30,20,7
UW-Whitewater,Rashad Rogers,defense,30,30,5
Alma Scots,Preston Malpass,offense,5,15,15
UW-Whitewater,Tyshawn Teague-Johnson,defense,25,15,129
UW-Whitewater,Tyshawn Teague-Johnson,defense,30,10,101
UW-Whitewater,Tyshawn Teague-Johnson,defense,35,10,71
UW-Whitewater,Tyshawn Teague-Johnson,defense,35,15,62
Alma Scots,Preston Malpass,offense,0,30,8
Alma Scots,Preston Malpass,offense,5,30,12
Alma Scots,Preston Malpass,offense,5,35,14
UW-Whitewater,Tyshawn Teague-Johnson,offense,35,35,10
UW-Whitewater,Tyshawn Teague-Johnson,offense,35,30,26
UW-Whitewater,Tyshawn Teague-Johnson,offense,35,25,33
UW-Whitewater,Tyshawn Teague-Johnson,offense,20,10,63
Alma Scots,Raine Rodich,defense,15,40,6
Alma Scots,Preston Malpass,defense,35,40,2
Alma Scots,Preston Malpass,defense,35,35,1
Alma Scots,Preston Malpass,defense,30,35,2
Alma Scots,Preston Malpass,defense,30,30,9
Alma Scots,Preston Malpass,defense,15,35,15
UW-Whitewater,Isaac Verges,offense,15,30,3
UW-Whitewater,Isaac Verges,offense,35,35,1
UW-Whitewater,Isaac Verges,offense,45,25,2
Alma Scots,Elijah Sykes,defense,30,35,8
Alma Scots,Elijah Sykes,defense,30,40,13
Alma Scots,Luciano Guerrazzi,defense,45,25,2
Alma Scots,Luciano Guerrazzi,defense,45,20,1
Alma Scots,TEAM,defense,45,20,13
Alma Scots,Luciano Guerrazzi,defense,45,15,1
Alma Scots,Luciano Guerrazzi,defense,45,10,3
Alma Scots,Luciano Guerrazzi,defense,45,5,2
Alma Scots,Luciano Guerrazzi,defense,40,5,4
Alma Scots,Luciano Guerrazzi,defense,40,0,2
Alma Scots,TEAM,defense,40,0,8
Alma Scots,Luciano Guerrazzi,defense,35,0,1
Alma Scots,Luciano Guerrazzi,defense,20,0,7
Alma Scots,Luciano Guerrazzi,defense,10,40,17
Alma Scots,Luciano Guerrazzi,defense,10,45,3
Alma Scots,TEAM,defense,10,45,11
UW-Whitewater,Jake Quast,offense,10,40,39
UW-Whitewater,Rashad Rogers,offense,25,35,4
UW-Whitewater,Jake Quast,offense,40,35,21
UW-Whitewater,Jake Quast,offense,45,5,29
UW-Whitewater,Isaac Verges,offense,40,45,2
UW-Whitewater,TEAM,offense,40,45,51
UW-Whitewater,Tyshawn Teague-Johnson,offense,45,45,4
UW-Whitewater,Tyshawn Teague-Johnson,offense,40,40,6
UW-Whitewater,Tyshawn Teague-Johnson,offense,35,40,8
UW-Whitewater,Tyshawn Teague-Johnson,offense,30,35,9
UW-Whitewater,Tyshawn Teague-Johnson,offense,30,30,37
UW-Whitewater,Tyshawn Teague-Johnson,offense,25,30,55
Alma Scots,Luciano Guerrazzi,offense,40,40,11
Alma Scots,Luciano Guerrazzi,offense,0,25,7
Alma Scots,Luciano Guerrazzi,offense,0,35,3
Alma Scots,Luciano Guerrazzi,offense,0,40,2
UW-Whitewater,Richie Warren,defense,35,35,25
UW-Whitewater,Richie Warren,defense,40,35,2
UW-Whitewater,Richie Warren,defense,40,30,9
UW-Whitewater,TEAM,defense,40,30,144
UW-Whitewater,Luke Bara,defense,0,20,106
UW-Whitewater,Luke Bara,defense,0,15,51
UW-Whitewater,Joey Berezowitz,defense,5,10,34
UW-Whitewater,Joey Berezowitz,defense,40,30,17
Alma Scots,Elijah Sykes,offense,5,40,2
Alma Scots,Elijah Sykes,offense,0,35,3
Alma Scots,Elijah Sykes,offense,0,25,3
Alma Scots,Elijah Sykes,offense,10,5,2
Alma Scots,Donovan Collins,offense,25,0,8
UW-Whitewater,Joey Berezowitz,defense,40,20,30
Alma Scots,Preston Malpass,offense,40,30,3
Alma Scots,Preston Malpass,offense,45,25,2
Alma Scots,Preston Malpass,offense,35,10,4
Alma Scots,Preston Malpass,offense,15,5,6
Alma Scots,Preston Malpass,offense,20,15,21
Alma Scots,Preston Malpass,offense,15,20,15
Alma Scots,Preston Malpass,offense,25,25,25
Alma Scots,Preston Malpass,offense,25,45,5
UW-Whitewater,Luke Bara,defense,30,25,95
UW-Whitewater,Tyshawn Teague-Johnson,defense,25,10,82
UW-Whitewater,Tyshawn Teague-Johnson,defense,25,20,83
UW-Whitewater,Tyshawn Teague-Johnson,defense,35,30,13
UW-Whitewater,Tyshawn Teague-Johnson,defense,35,35,17
UW-Whitewater,Tyshawn Teague-Johnson,defense,30,40,3
Alma Scots,Luciano Guerrazzi,defense,30,35,4
Alma Scots,Raine Rodich,defense,20,45,6
Alma Scots,Raine Rodich,defense,20,35,10
Alma Scots,Donovan Collins,defense,25,35,11
UW-Whitewater,Luke Bara,offense,5,35,14
UW-Whitewater,Collin Madson,offense,5,40,21
UW-Whitewater,Collin Madson,offense,0,10,72
Alma Scots,Preston Malpass,defense,35,45,2
UW-Whitewater,Richie Warren,offense,15,35,47
UW-Whitewater,Richie Warren,offense,15,30,91
UW-Whitewater,Richie Warren,offense,25,0,40
UW-Whitewater,Joey Berezowitz,offense,45,25,9
Alma Scots,Preston Malpass,defense,10,30,9
Alma Scots,Preston Malpass,defense,10,35,9
Alma Scots,Donovan Collins,offense,40,45,1
Alma Scots,Donovan Collins,offense,45,35,2
Alma Scots,Donovan Collins,offense,20,0,9
Alma Scots,Luciano Guerrazzi,offense,45,35,4
Alma Scots,Luciano Guerrazzi,offense,40,5,1
Alma Scots,Luciano Guerrazzi,offense,40,10,1
UW-Whitewater,Richie Warren,defense,40,40,6
Alma Scots,Elijah Sykes,offense,20,40,27
UW-Whitewater,Tyshawn Teague-Johnson,defense,30,25,26
UW-Whitewater,Tyshawn Teague-Johnson,defense,35,20,44
UW-Whitewater,Tyshawn Teague-Johnson,defense,30,20,95
UW-Whitewater,Tyshawn Teague-Johnson,defense,30,15,104
UW-Whitewater,Tyshawn Teague-Johnson,defense,35,5,28
UW-Whitewater,Tyshawn Teague-Johnson,defense,30,0,32
UW-Whitewater,Tyshawn Teague-Johnson,defense,35,0,17
Alma Scots,Preston Malpass,offense,15,30,19
Alma Scots,Preston Malpass,offense,15,25,21
Alma Scots,Preston Malpass,offense,25,5,14
Alma Scots,Preston Malpass,offense,20,5,16
UW-Whitewater,Joey Berezowitz,defense,35,45,5
UW-Whitewater,Luke Bara,defense,20,0,32
UW-Whitewater,Richie Warren,defense,0,20,46
Alma Scots,Elijah Sykes,defense,10,45,1
Alma Scots,Elijah Sykes,defense,5,35,1
Alma Scots,Raine Rodich,defense,35,40,1
UW-Whitewater,Tyshawn Teague-Johnson,offense,5,40,5
UW-Whitewater,Richie Warren,offense,35,45,9
UW-Whitewater,Richie Warren,offense,40,25,42
UW-Whitewater,Richie Warren,offense,40,20,44
UW-Whitewater,Richie Warren,offense,35,15,81
UW-Whitewater,Richie Warren,offense,35,20,49
UW-Whitewater,Richie Warren,offense,35,25,50
UW-Whitewater,Luke Bara,offense,25,45,14
UW-Whitewater,Joey Berezowitz,offense,5,45,7
Alma Scots,Luciano Guerrazzi,offense,25,40,18
Alma Scots,Luciano Guerrazzi,offense,30,40,10
Alma Scots,Elijah Sykes,offense,35,40,2
Alma Scots,Elijah Sykes,offense,25,0,5
Alma Scots,Preston Malpass,offense,0,25,14
Alma Scots,Preston Malpass,offense,0,20,5
Alma Scots,Preston Malpass,offense,0,15,10
Alma Scots,Preston Malpass,offense,0,10,7
Alma Scots,Preston Malpass,offense,10,10,8
Alma Scots,Preston Malpass,offense,15,10,60
Alma Scots,Preston Malpass,offense,20,10,14
Alma Scots,Preston Malpass,offense,25,0,4
Alma Scots,Preston Malpass,offense,20,0,2
Alma Scots,Preston Malpass,offense,10,20,36
Alma Scots,Preston Malpass,offense,10,25,27
Alma Scots,Preston Malpass,offense,10,30,5
UW-Whitewater,Joey Berezowitz,defense,40,5,15
UW-Whitewater,Luke Bara,defense,35,5,70
Alma Scots,Luciano Guerrazzi,defense,30,45,1
UW-Whitewater,Richie Warren,offense,15,40,25
UW-Whitewater,Richie Warren,offense,15,45,9
UW-Whitewater,Richie Warren,offense,20,40,39
UW-Whitewater,Richie Warren,offense,25,30,100
UW-Whitewater,Tyshawn Teague-Johnson,offense,5,45,7
Alma Scots,Preston Malpass,defense,10,45,1
Alma Scots,Preston Malpass,defense,10,40,1
UW-Whitewater,Joey Berezowitz,offense,20,45,19
Alma Scots,Raine Rodich,defense,45,40,1
Alma Scots,TEAM,defense,45,40,5
UW-Whitewater,Collin Madson,offense,15,35,31
UW-Whitewater,Luke Bara,offense,40,25,33
Alma Scots,Preston Malpass,offense,10,35,19
Alma Scots,Preston Malpass,offense,15,15,12
Alma Scots,Preston Malpass,offense,30,20,26
Alma Scots,Preston Malpass,offense,20,30,16
Alma Scots,Luciano Guerrazzi,offense,25,45,5
Alma Scots,Luciano Guerrazzi,offense,35,20,12
Alma Scots,Elijah Sykes,offense,45,0,1
UW-Whitewater,Joey Berezowitz,defense,45,20,21
Alma Scots,Elijah Sykes,defense,25,45,2
UW-Whitewater,Richie Warren,offense,30,45,12
UW-Whitewater,Tyshawn Teague-Johnson,offense,10,35,10
Alma Scots,Preston Malpass,defense,20,40,3
Alma Scots,Preston Malpass,defense,20,45,2
Alma Scots,Preston Malpass,defense,25,45,2
Alma Scots,Preston Malpass,defense,25,40,7
UW-Whitewater,Joey Berezowitz,offense,30,45,6
Alma Scots,Preston Malpass,offense,15,0,6
UW-Whitewater,Darius Chestnut,defense,25,10,92
Alma Scots,Raine Rodich,offense,40,10,6
Alma Scots,Raine Rodich,offense,45,10,14
Alma Scots,Raine Rodich,offense,45,15,4
Alma Scots,Korbin Heitzman,offense,35,0,6
UW-Whitewater,Darius Chestnut,defense,20,20,91
UW-Whitewater,Darius Chestnut,defense,20,15,104
UW-Whitewater,Darius Chestnut,defense,20,5,66
UW-Whitewater,Darius Chestnut,defense,25,0,26
UW-Whitewater,Darius Chestnut,defense,20,0,29
UW-Whitewater,Darius Chestnut,defense,25,5,107
UW-Whitewater,Darius Chestnut,defense,30,5,160
UW-Whitewater,Darius Chestnut,defense,40,25,38
UW-Whitewater,Darius Chestnut,defense,40,30,13
UW-Whitewater,Darius Chestnut,defense,35,40,6
UW-Whitewater,Collin Madson,defense,0,45,4
UW-Whitewater,TEAM,defense,0,45,39
Alma Scots,Donovan Collins,defense,15,30,17
Alma Scots,Donovan Collins,defense,15,25,22
Alma Scots,Preston Malpass,defense,5,25,6
Alma Scots,Preston Malpass,defense,5,20,25
Alma Scots,Preston Malpass,defense,0,15,9
Alma Scots,Preston Malpass,defense,0,20,2
Alma Scots,Preston Malpass,defense,30,25,7
Alma Scots,Josh Elliott,defense,25,30,12
Alma Scots,Josh Elliott,defense,10,20,23
Alma Scots,Josh Elliott,defense,5,20,6
Alma Scots,Josh Elliott,defense,5,25,7
Alma Scots,Korbin Heitzman,defense,0,5,6
Alma Scots,Korbin Heitzman,defense,0,25,1
UW-Whitewater,Richie Warren,offense,40,40,18
UW-Whitewater,Richie Warren,offense,35,40,15
UW-Whitewater,Richie Warren,offense,25,5,59
UW-Whitewater,Richie Warren,offense,45,15,26
UW-Whitewater,Collin Madson,offense,45,10,118
UW-Whitewater,Darius Chestnut,offense,45,5,64
UW-Whitewater,Darius Chestnut,offense,40,5,50
UW-Whitewater,Darius Chestnut,offense,40,10,37
UW-Whitewater,Darius Chestnut,offense,35,10,29
UW-Whitewater,Darius Chestnut,offense,35,15,49
UW-Whitewater,Darius Chestnut,offense,35,20,32
UW-Whitewater,Collin Madson,offense,40,25,88
UW-Whitewater,Darius Chestnut,offense,5,35,15
UW-Whitewater,Darius Chestnut,offense,10,35,15
UW-Whitewater,Darius Chestnut,offense,10,30,30
UW-Whitewater,Darius Chestnut,offense,15,25,58
UW-Whitewater,Darius Chestnut,offense,15,20,68
UW-Whitewater,Darius Chestnut,offense,20,30,41
Alma Scots,Preston Malpass,offense,20,45,7
Alma Scots,Preston Malpass,offense,20,20,20
Alma Scots,Preston Malpass,offense,5,0,1
Alma Scots,Preston Malpass,offense,5,5,2
Alma Scots,Josh Elliott,offense,45,35,2
Alma Scots,Josh Elliott,offense,45,30,1
Alma Scots,Josh Elliott,offense,45,25,16
UW-Whitewater,Joey Berezowitz,defense,30,30,38
UW-Whitewater,Darius Chestnut,defense,10,45,4
UW-Whitewater,Darius Chestnut,defense,10,40,9
UW-Whitewater,Darius Chestnut,defense,10,35,12
UW-Whitewater,Darius Chestnut,defense,10,20,31
UW-Whitewater,Darius Chestnut,defense,0,0,5
Alma Scots,Donovan Collins,offense,0,10,58
UW-Whitewater,Darius Chestnut,defense,35,15,63
UW-Whitewater,Darius Chestnut,defense,35,10,119
UW-Whitewater,Darius Chestnut,defense,30,10,134
UW-Whitewater,Darius Chestnut,defense,20,10,102
UW-Whitewater,Darius Chestnut,defense,15,5,126
UW-Whitewater,Darius Chestnut,defense,15,10,137
UW-Whitewater,Darius Chestnut,defense,5,5,20
Alma Scots,Korbin Heitzman,offense,0,0,1
Alma Scots,Donovan Collins,offense,35,0,4
Alma Scots,Donovan Collins,defense,0,45,1
Alma Scots,Donovan Collins,defense,0,35,1
UW-Whitewater,Luke Bara,offense,40,35,31
Alma Scots,Josh Elliott,defense,10,30,2
UW-Whitewater,Richie Warren,offense,25,35,29
Alma Scots,Korbin Heitzman,defense,40,25,4
Alma Scots,Korbin Heitzman,defense,40,20,11
Alma Scots,Korbin Heitzman,defense,40,15,16
Alma Scots,Korbin Heitzman,defense,30,35,9
Alma Scots,Korbin Heitzman,defense,35,45,4
Alma Scots,Preston Malpass,defense,30,40,2
Alma Scots,Preston Malpass,defense,40,30,3
UW-Whitewater,Darius Chestnut,offense,30,15,53
UW-Whitewater,Darius Chestnut,offense,30,20,39
Alma Scots,Preston Malpass,defense,5,40,1
UW-Whitewater,Darius Chestnut,defense,35,30,22
UW-Whitewater,Darius Chestnut,defense,30,45,6
UW-Whitewater,Darius Chestnut,defense,30,40,9
UW-Whitewater,Collin Madson,defense,40,10,48
Alma Scots,Preston Malpass,offense,25,35,10
Alma Scots,Preston Malpass,offense,25,30,26
Alma Scots,Preston Malpass,offense,20,25,13
Alma Scots,Preston Malpass,offense,5,20,31
Alma Scots,Preston Malpass,offense,5,25,47
UW-Whitewater,Darius Chestnut,defense,30,15,96
UW-Whitewater,Darius Chestnut,defense,25,15,73
UW-Whitewater,Darius Chestnut,defense,25,20,71
UW-Whitewater,Darius Chestnut,defense,30,25,57
UW-Whitewater,Darius Chestnut,defense,25,25,47
UW-Whitewater,Darius Chestnut,defense,20,25,39
UW-Whitewater,Darius Chestnut,defense,25,30,22
UW-Whitewater,Darius Chestnut,defense,30,30,19
UW-Whitewater,Richie Warren,offense,40,15,43
Alma Scots,TEAM,defense,45,0,14
UW-Whitewater,Luke Bara,offense,15,45,10
UW-Whitewater,Joey Berezowitz,offense,40,45,4
UW-Whitewater,Darius Chestnut,offense,20,40,19
UW-Whitewater,Darius Chestnut,offense,20,35,21
UW-Whitewater,Darius Chestnut,offense,15,30,29
UW-Whitewater,Darius Chestnut,offense,20,25,44
UW-Whitewater,Darius Chestnut,offense,25,25,77
UW-Whitewater,Darius Chestnut,offense,30,25,52
UW-Whitewater,Darius Chestnut,offense,30,30,23
UW-Whitewater,Darius Chestnut,offense,30,35,10
UW-Whitewater,Darius Chestnut,offense,35,35,8
UW-Whitewater,Darius Chestnut,offense,35,30,9
UW-Whitewater,Darius Chestnut,offense,40,30,11
UW-Whitewater,Darius Chestnut,offense,45,30,6
Alma Scots,TEAM,defense,45,35,12
Alma Scots,Josh Elliott,defense,45,15,4
Alma Scots,Joss Bradley,defense,45,20,4
Alma Scots,Joss Bradley,defense,45,5,17
Alma Scots,Joss Bradley,defense,45,0,4
UW-Whitewater,Collin Madson,offense,35,25,125
UW-Whitewater,Collin Madson,offense,0,5,35
UW-Whitewater,Darius Chestnut,offense,15,15,64
UW-Whitewater,Darius Chestnut,offense,15,10,160
UW-Whitewater,Darius Chestnut,offense,20,10,50
UW-Whitewater,Darius Chestnut,offense,10,15,54
UW-Whitewater,Darius Chestnut,offense,5,15,39
UW-Whitewater,Darius Chestnut,offense,0,15,44
UW-Whitewater,Darius Chestnut,offense,0,10,28
UW-Whitewater,Darius Chestnut,offense,5,10,44
UW-Whitewater,Darius Chestnut,offense,0,5,17
UW-Whitewater,Darius Chestnut,offense,0,0,3
UW-Whitewater,Luke Bara,offense,35,30,41
UW-Whitewater,Luke Bara,offense,0,15,26
Alma Scots,Joss Bradley,defense,0,5,9
Alma Scots,Joss Bradley,defense,5,5,7
UW-Whitewater,Darius Chestnut,offense,25,5,32
UW-Whitewater,Darius Chestnut,offense,25,0,16
UW-Whitewater,Darius Chestnut,offense,30,0,22
UW-Whitewater,Darius Chestnut,offense,15,5,19
UW-Whitewater,Darius Chestnut,offense,10,10,35
Alma Scots,Logan St. Martin,offense,10,45,3
UW-Whitewater,Luke Bara,defense,0,45,1
UW-Whitewater,Luke Bara,defense,0,40,4
UW-Whitewater,Luke Bara,defense,35,40,12
UW-Whitewater,Luke Bara,defense,35,30,25
UW-Whitewater,Luke Bara,defense,40,5,27
Alma Scots,Joss Bradley,offense,30,10,24
Alma Scots,Joss Bradley,offense,10,10,19
Alma Scots,Logan St. Martin,offense,0,25,4
Alma Scots,Logan St. Martin,offense,0,20,2
Alma Scots,Logan St. Martin,offense,0,15,5
UW-Whitewater,Darius Chestnut,defense,35,0,10
UW-Whitewater,Joey Berezowitz,defense,30,0,28
Alma Scots,Joss Bradley,offense,45,0,2
Alma Scots,Joss Bradley,offense,40,5,31
UW-Whitewater,Richie Warren,defense,25,0,28
UW-Whitewater,Richie Warren,defense,30,0,39
Alma Scots,Donovan Collins,offense,15,0,4
Alma Scots,Donovan Collins,offense,40,35,2
UW-Whitewater,Darius Chestnut,defense,35,20,28
UW-Whitewater,Darius Chestnut,defense,30,20,74
Alma Scots,Korbin Heitzman,offense,5,30,1
Alma Scots,Korbin Heitzman,offense,10,40,2
Alma Scots,Logan St. Martin,offense,20,40,3
Alma Scots,Joss Bradley,offense,30,5,24
Alma Scots,Josh Elliott,defense,45,5,6
Alma Scots,Joss Bradley,defense,30,35,2
UW-Whitewater,Luke Bara,offense,0,25,23
UW-Whitewater,Richie Warren,offense,45,0,3
Alma Scots,Korbin Heitzman,defense,45,25,2
Alma Scots,Korbin Heitzman,defense,45,20,3
Alma Scots,Korbin Heitzman,defense,45,15,7
Alma Scots,Korbin Heitzman,defense,45,10,5
Alma Scots,Korbin Heitzman,defense,45,5,6
UW-Whitewater,Darius Chestnut,offense,20,5,46
UW-Whitewater,Darius Chestnut,offense,25,10,38
UW-Whitewater,Darius Chestnut,offense,30,10,88
UW-Whitewater,Darius Chestnut,offense,35,5,25
UW-Whitewater,Darius Chestnut,offense,30,5,52
UW-Whitewater,Darius Chestnut,offense,35,0,2
UW-Whitewater,Darius Chestnut,offense,40,0,7
Alma Scots,Josh Elliott,defense,40,5,58
UW-Whitewater,Richie Warren,offense,40,0,12
UW-Whitewater,Darius Chestnut,offense,25,20,52
UW-Whitewater,Darius Chestnut,offense,10,20,42
Alma Scots,Logan St. Martin,defense,30,30,3
UW-Whitewater,Darius Chestnut,offense,20,15,72
UW-Whitewater,Darius Chestnut,offense,25,15,67
UW-Whitewater,Darius Chestnut,offense,25,30,75
UW-Whitewater,Darius Chestnut,offense,20,20,33
Alma Scots,Donovan Collins,defense,45,10,6
UW-Whitewater,Joey Berezowitz,offense,30,0,17
UW-Whitewater,Joey Berezowitz,offense,35,0,11
UW-Whitewater,Joey Berezowitz,defense,40,40,2
Alma Scots,Joss Bradley,offense,0,35,2
Alma Scots,Joss Bradley,offense,5,35,4
Alma Scots,Joss Bradley,offense,0,30,1
Alma Scots,Joss Bradley,offense,5,30,14
Alma Scots,Joss Bradley,offense,0,15,16
Alma Scots,Joss Bradley,offense,0,10,30
UW-Whitewater,Darius Chestnut,defense,20,40,17
UW-Whitewater,Darius Chestnut,defense,15,40,13
UW-Whitewater,Darius Chestnut,defense,20,45,10
UW-Whitewater,Darius Chestnut,defense,15,35,32
UW-Whitewater,Darius Chestnut,defense,20,35,30
UW-Whitewater,Darius Chestnut,defense,20,30,41
UW-Whitewater,Darius Chestnut,defense,25,40,18
UW-Whitewater,Darius Chestnut,defense,30,35,28
UW-Whitewater,Luke Bara,defense,10,25,64
Alma Scots,Josh Elliott,offense,20,0,1
UW-Whitewater,Richie Warren,defense,15,40,14
Alma Scots,Logan St. Martin,offense,0,5,8
UW-Whitewater,Darius Chestnut,defense,10,5,86
UW-Whitewater,Darius Chestnut,defense,10,10,78
UW-Whitewater,Luke Bara,defense,40,25,22
UW-Whitewater,Luke Bara,defense,40,20,22
Alma Scots,Joss Bradley,offense,35,5,20
UW-Whitewater,Joey Berezowitz,defense,0,0,5
Alma Scots,Donovan Collins,defense,45,35,3
Alma Scots,Joss Bradley,defense,10,45,3
Alma Scots,Joss Bradley,defense,10,40,9
Alma Scots,Joss Bradley,defense,10,35,11
Alma Scots,Joss Bradley,defense,5,25,7
Alma Scots,Joss Bradley,defense,35,25,28
Alma Scots,Josh Elliott,defense,0,20,3
UW-Whitewater,Collin Madson,offense,45,20,156
UW-Whitewater,Collin Madson,offense,35,20,101
UW-Whitewater,Richie Warren,offense,45,25,27
UW-Whitewater,Richie Warren,offense,45,20,69
UW-Whitewater,Richie Warren,offense,40,30,48
UW-Whitewater,Richie Warren,offense,30,0,13
UW-Whitewater,Darius Chestnut,offense,0,25,23
UW-Whitewater,Darius Chestnut,offense,5,20,43
UW-Whitewater,Darius Chestnut,offense,5,25,56
UW-Whitewater,Luke Bara,offense,0,20,40
UW-Whitewater,Darius Chestnut,offense,10,25,65
Alma Scots,Logan St. Martin,offense,35,35,2
Alma Scots,Joss Bradley,offense,25,45,3
Alma Scots,Joss Bradley,offense,10,15,5
Alma Scots,Korbin Heitzman,offense,45,35,1
UW-Whitewater,Collin Madson,defense,45,30,10
UW-Whitewater,Collin Madson,defense,40,30,17
UW-Whitewater,Collin Madson,defense,45,35,3
UW-Whitewater,Collin Madson,defense,40,35,17
UW-Whitewater,Collin Madson,defense,45,40,4
UW-Whitewater,TEAM,defense,45,40,22
UW-Whitewater,Collin Madson,defense,45,45,5
UW-Whitewater,TEAM,defense,45,45,9
UW-Whitewater,Collin Madson,defense,40,45,7
Alma Scots,Elijah Sykes,offense,0,10,32
Alma Scots,Elijah Sykes,offense,0,5,23
Alma Scots,Elijah Sykes,offense,25,45,10
UW-Whitewater,Darius Chestnut,defense,5,15,15
UW-Whitewater,Darius Chestnut,defense,40,10,23
UW-Whitewater,Richie Warren,offense,0,35,10
UW-Whitewater,Richie Warren,offense,20,0,21
Alma Scots,Elijah Sykes,defense,35,45,2
Alma Scots,Logan St. Martin,defense,40,45,2
Alma Scots,Logan St. Martin,defense,40,40,6
Alma Scots,Logan St. Martin,defense,40,25,7
Alma Scots,Joss Bradley,defense,5,35,3
Alma Scots,Joss Bradley,defense,5,30,2
UW-Whitewater,Darius Chestnut,offense,40,15,42
UW-Whitewater,Darius Chestnut,offense,40,20,29
UW-Whitewater,Darius Chestnut,offense,35,25,53
Alma Scots,Joss Bradley,defense,15,5,95
UW-Whitewater,Darius Chestnut,defense,25,45,3
UW-Whitewater,Darius Chestnut,defense,15,0,35
UW-Whitewater,Darius Chestnut,defense,10,0,26
UW-Whitewater,Luke Bara,defense,5,0,23
Alma Scots,Elijah Sykes,offense,35,0,2
Alma Scots,Elijah Sykes,offense,40,5,6
Alma Scots,Elijah Sykes,offense,10,40,3
UW-Whitewater,Collin Madson,defense,0,10,29
UW-Whitewater,Darius Chestnut,defense,40,15,22
UW-Whitewater,Collin Madson,defense,0,5,22
UW-Whitewater,TEAM,defense,0,5,106
Alma Scots,Joss Bradley,defense,40,40,1
Alma Scots,Joss Bradley,defense,40,35,5
Alma Scots,Joss Bradley,defense,35,30,7
Alma Scots,Joss Bradley,defense,35,20,24
Alma Scots,Korbin Heitzman,defense,20,30,19
UW-Whitewater,Darius Chestnut,offense,10,45,4
UW-Whitewater,Darius Chestnut,offense,10,40,16
UW-Whitewater,Collin Madson,offense,45,15,58
UW-Whitewater,Brock Marino,offense,20,40,44
Alma Scots,Korbin Heitzman,offense,5,10,14
UW-Whitewater,Darius Chestnut,defense,0,30,1
UW-Whitewater,Darius Chestnut,defense,0,25,5
UW-Whitewater,Darius Chestnut,defense,0,20,29
UW-Whitewater,Darius Chestnut,defense,10,30,12
UW-Whitewater,Darius Chestnut,defense,15,30,25
UW-Whitewater,Darius Chestnut,defense,15,25,15
UW-Whitewater,Luke Bara,defense,20,45,7
UW-Whitewater,Luke Bara,defense,20,35,71
Alma Scots,Joss Bradley,offense,30,0,1
UW-Whitewater,Luke Bara,defense,15,35,29
UW-Whitewater,Richie Warren,defense,0,5,10
Alma Scots,Elijah Sykes,offense,5,5,3
Alma Scots,Elijah Sykes,offense,20,10,19
UW-Whitewater,Darius Chestnut,defense,35,5,54
Alma Scots,Logan St. Martin,defense,30,45,4
Alma Scots,Logan St. Martin,defense,25,35,5
Alma Scots,Josh Elliott,defense,40,45,2
Alma Scots,Josh Elliott,defense,40,35,4
Alma Scots,Josh Elliott,defense,40,30,4
UW-Whitewater,Brock Marino,offense,10,40,25
UW-Whitewater,Brock Marino,offense,5,35,22
Alma Scots,Joss Bradley,offense,40,45,1
Alma Scots,Joss Bradley,offense,40,30,3
UW-Whitewater,Darius Chestnut,defense,40,40,7
UW-Whitewater,Darius Chestnut,defense,35,35,13
UW-Whitewater,Darius Chestnut,defense,35,25,21
UW-Whitewater,Luke Bara,defense,0,25,35
Alma Scots,Korbin Heitzman,offense,10,0,4
UW-Whitewater,Luke Bara,defense,0,10,19
UW-Whitewater,Luke Bara,defense,0,5,26
UW-Whitewater,Luke Bara,defense,10,0,29
UW-Whitewater,Darius Chestnut,defense,15,15,102
Alma Scots,Korbin Heitzman,defense,10,40,3
Alma Scots,Preston Malpass,defense,10,5,25
Alma Scots,Preston Malpass,defense,0,5,3
Alma Scots,Elijah Sykes,defense,35,25,13
UW-Whitewater,Richie Warren,offense,35,30,23
UW-Whitewater,Tyshawn Teague-Johnson,offense,20,35,15
UW-Whitewater,Tyshawn Teague-Johnson,offense,25,35,12
UW-Whitewater,Darius Chestnut,offense,0,20,64
UW-Whitewater,Darius Chestnut,offense,45,20,7
UW-Whitewater,Luke Bara,defense,20,40,25
UW-Whitewater,Tyshawn Teague-Johnson,defense,25,45,5
Alma Scots,Josh Elliott,offense,0,5,24
Alma Scots,Preston Malpass,offense,40,25,4
Alma Scots,Preston Malpass,offense,40,20,5
Alma Scots,Preston Malpass,offense,45,20,2
Alma Scots,Preston Malpass,offense,40,15,3
UW-Whitewater,Darius Chestnut,defense,10,25,25
UW-Whitewater,Darius Chestnut,defense,5,10,42
UW-Whitewater,Collin Madson,defense,35,0,12
UW-Whitewater,Darius Chestnut,defense,5,0,6
UW-Whitewater,Richie Warren,offense,35,0,7
UW-Whitewater,Tyshawn Teague-Johnson,offense,30,40,3
UW-Whitewater,Darius Chestnut,offense,25,40,11
UW-Whitewater,Darius Chestnut,offense,25,35,17
Alma Scots,Preston Malpass,defense,15,30,8
Alma Scots,Preston Malpass,defense,5,5,8
UW-Whitewater,Tyshawn Teague-Johnson,offense,15,5,21
Alma Scots,Korbin Heitzman,offense,45,5,7
Alma Scots,Raine Rodich,offense,0,45,2
Alma Scots,Raine Rodich,offense,0,40,2
Alma Scots,Raine Rodich,offense,0,30,2
Alma Scots,Raine Rodich,offense,0,25,2
UW-Whitewater,Tyshawn Teague-Johnson,defense,25,40,7
UW-Whitewater,Tyshawn Teague-Johnson,defense,30,5,88
UW-Whitewater,Tyshawn Teague-Johnson,defense,25,0,15
UW-Whitewater,Tyshawn Teague-Johnson,defense,20,0,40
UW-Whitewater,Tyshawn Teague-Johnson,defense,15,0,15
UW-Whitewater,Tyshawn Teague-Johnson,defense,25,5,55
Alma Scots,Josh Elliott,offense,35,45,2
UW-Whitewater,Richie Warren,defense,5,30,5
Alma Scots,Korbin Heitzman,offense,0,20,3
UW-Whitewater,Brock Marino,offense,30,45,5
Alma Scots,Donovan Collins,defense,40,0,1
Alma Scots,Logan St. Martin,defense,35,40,3
Alma Scots,Logan St. Martin,defense,40,35,2
Alma Scots,Logan St. Martin,defense,40,30,9
Alma Scots,Josh Elliott,defense,25,45,5
UW-Whitewater,Luke Bara,offense,35,40,20
Alma Scots,Korbin Heitzman,defense,45,35,1
Alma Scots,Raine Rodich,defense,30,45,2
Alma Scots,Raine Rodich,defense,45,15,2
UW-Whitewater,Isaac Verges,offense,40,5,1
UW-Whitewater,Isaac Verges,offense,40,0,1
UW-Whitewater,Isaac Verges,defense,20,35,4
UW-Whitewater,Brock Marino,defense,40,40,5
UW-Whitewater,Brock Marino,defense,45,35,2
UW-Whitewater,Brock Marino,defense,45,15,50
Alma Scots,Josh Elliott,offense,40,45,2
UW-Whitewater,Richie Warren,defense,35,30,24
UW-Whitewater,Isaac Verges,defense,5,40,2
UW-Whitewater,Luke Bara,defense,45,5,24
UW-Whitewater,Luke Bara,defense,45,0,7
UW-Whitewater,TEAM,defense,45,0,44
Alma Scots,Josh Elliott,defense,20,45,5
Alma Scots,Korbin Heitzman,defense,35,40,6
UW-Whitewater,Luke Bara,offense,40,40,21
UW-Whitewater,Luke Bara,offense,45,15,77
Alma Scots,Donovan Collins,defense,30,45,3
UW-Whitewater,Collin Madson,offense,40,45,16
UW-Whitewater,Collin Madson,offense,5,0,12
UW-Whitewater,Isaac Verges,offense,10,30,7
UW-Whitewater,Isaac Verges,offense,15,25,5
UW-Whitewater,Isaac Verges,offense,30,0,2
Alma Scots,Josh Elliott,defense,25,0,20
Alma Scots,Logan St. Martin,defense,5,10,6
UW-Whitewater,Brock Marino,offense,20,0,17
UW-Whitewater,Richie Warren,offense,10,5,21
UW-Whitewater,Isaac Verges,offense,10,10,9
UW-Whitewater,Luke Bara,offense,0,30,10
UW-Whitewater,Richie Warren,defense,40,20,43
UW-Whitewater,Richie Warren,defense,45,5,41
UW-Whitewater,Collin Madson,defense,10,40,11
UW-Whitewater,Luke Bara,defense,40,45,3
UW-Whitewater,Luke Bara,defense,40,30,22
UW-Whitewater,Richie Warren,defense,45,10,22
UW-Whitewater,Richie Warren,defense,45,15,11
UW-Whitewater,Isaac Verges,defense,10,10,54
UW-Whitewater,Isaac Verges,defense,0,5,1
UW-Whitewater,Isaac Verges,defense,5,0,5
UW-Whitewater,Isaac Verges,defense,10,0,3
UW-Whitewater,Collin Madson,defense,5,25,41
Alma Scots,Korbin Heitzman,offense,0,25,7
UW-Whitewater,Brock Marino,defense,5,0,7
UW-Whitewater,Collin Madson,defense,45,5,20
UW-Whitewater,Luke Bara,defense,45,10,35
UW-Whitewater,Isaac Verges,offense,0,15,2
Alma Scots,Logan St. Martin,defense,5,45,1
UW-Whitewater,Collin Madson,offense,40,35,15
UW-Whitewater,Collin Madson,offense,40,30,33
Alma Scots,Logan St. Martin,offense,0,35,1
UW-Whitewater,Richie Warren,defense,35,0,23
UW-Whitewater,Richie Warren,defense,40,5,35
UW-Whitewater,Richie Warren,defense,40,0,7
UW-Whitewater,Collin Madson,defense,45,15,22
UW-Whitewater,Isaac Verges,defense,45,10,19
Alma Scots,Raine Rodich,offense,35,10,6
UW-Whitewater,Isaac Verges,defense,30,25,42
Alma Scots,Korbin Heitzman,defense,20,40,10
Alma Scots,Josh Elliott,defense,15,0,8
Alma Scots,Josh Elliott,defense,10,0,3
Alma Scots,Raine Rodich,defense,0,10,4
Alma Scots,Korbin Heitzman,offense,45,45,1
Alma Scots,Korbin Heitzman,offense,45,40,2
UW-Whitewater,Luke Bara,defense,45,25,26
UW-Whitewater,TEAM,defense,45,25,125
UW-Whitewater,Luke Bara,defense,45,15,42
UW-Whitewater,Luke Bara,defense,45,20,43
UW-Whitewater,Brock Marino,defense,35,0,11
UW-Whitewater,Isaac Verges,defense,45,5,3
UW-Whitewater,Isaac Verges,defense,30,0,1
UW-Whitewater,Isaac Verges,defense,35,0,2
UW-Whitewater,Richie Warren,defense,45,0,6
UW-Whitewater,Collin Madson,defense,5,0,9
Alma Scots,Korbin Heitzman,defense,20,45,4
UW-Whitewater,Luke Bara,offense,20,45,5
UW-Whitewater,Brock Marino,offense,40,40,39
UW-Whitewater,Richie Warren,offense,45,40,14
UW-Whitewater,Richie Warren,offense,45,30,9
Alma Scots,Logan St. Martin,defense,45,35,1
Alma Scots,Josh Elliott,defense,45,40,1
UW-Whitewater,Luke Bara,offense,5,0,15
UW-Whitewater,Luke Bara,offense,35,0,12
Alma Scots,Donovan Collins,offense,0,35,1
Alma Scots,Donovan Collins,offense,25,45,5
UW-Whitewater,Brock Marino,defense,35,30,21
Alma Scots,Logan St. Martin,offense,40,45,1
Alma Scots,Logan St. Martin,offense,35,40,1
UW-Whitewater,Isaac Verges,defense,40,40,4
UW-Whitewater,Brock Marino,defense,30,45,7
UW-Whitewater,Brock Marino,defense,40,30,11
UW-Whitewater,Brock Marino,defense,45,25,13
UW-Whitewater,Brock Marino,defense,10,30,16
Alma Scots,Raine Rodich,defense,5,25,1
UW-Whitewater,Luke Bara,offense,0,40,6
Alma Scots,Logan St. Martin,offense,5,35,3
UW-Whitewater,Luke Bara,defense,40,40,7
UW-Whitewater,Isaac Verges,offense,15,40,7
UW-Whitewater,Isaac Verges,offense,5,25,9
UW-Whitewater,Isaac Verges,offense,5,5,6
UW-Whitewater,Isaac Verges,offense,5,20,9
UW-Whitewater,Isaac Verges,offense,15,45,2
Alma Scots,Joss Bradley,defense,20,45,5
Alma Scots,Joss Bradley,defense,10,5,24
UW-Whitewater,Richie Warren,offense,40,45,8
Alma Scots,Korbin Heitzman,defense,25,35,8
Alma Scots,Donovan Collins,offense,5,45,4
Alma Scots,Donovan Collins,offense,5,40,8
UW-Whitewater,Richie Warren,defense,30,45,4
Alma Scots,Joss Bradley,offense,5,10,35
Alma Scots,Joss Bradley,defense,5,40,1
Alma Scots,Joss Bradley,defense,0,25,1
Alma Scots,Logan St. Martin,defense,20,35,6
UW-Whitewater,Isaac Verges,offense,10,40,1
UW-Whitewater,Isaac Verges,offense,10,35,3
UW-Whitewater,Brock Marino,offense,10,45,3
UW-Whitewater,Brock Marino,offense,45,25,7
Alma Scots,Josh Elliott,defense,5,0,2
UW-Whitewater,Richie Warren,offense,5,0,4
UW-Whitewater,Richie Warren,offense,25,45,14
Alma Scots,Elijah Sykes,offense,10,35,2
Alma Scots,Joss Bradley,offense,30,45,2
Alma Scots,Joss Bradley,offense,35,35,7
Alma Scots,Joss Bradley,offense,40,25,24
UW-Whitewater,Isaac Verges,defense,0,40,1
UW-Whitewater,Richie Warren,offense,40,35,38
Alma Scots,Joss Bradley,defense,30,0,23
Alma Scots,Joss Bradley,defense,35,0,6
Alma Scots,Elijah Sykes,defense,40,20,3
Alma Scots,Elijah Sykes,defense,45,20,2
Alma Scots,Elijah Sykes,defense,40,15,5
Alma Scots,Elijah Sykes,defense,40,5,7
UW-Whitewater,Collin Madson,offense,45,25,11
Alma Scots,Josh Elliott,offense,5,45,1
Alma Scots,Joss Bradley,offense,5,40,13
Alma Scots,Luciano Guerrazzi,offense,15,35,12
Alma Scots,Luciano Guerrazzi,offense,10,25,15
Alma Scots,Luciano Guerrazzi,offense,0,30,2
UW-Whitewater,Isaac Verges,defense,40,30,3
Alma Scots,Luciano Guerrazzi,offense,40,20,43
Alma Scots,Elijah Sykes,offense,40,10,1
Alma Scots,Korbin Heitzman,defense,15,45,2
Alma Scots,Korbin Heitzman,defense,15,40,19
Alma Scots,Joss Bradley,defense,15,45,2
Alma Scots,Elijah Sykes,defense,45,35,1
Alma Scots,Elijah Sykes,defense,45,30,1
Alma Scots,Elijah Sykes,defense,45,25,2
UW-Whitewater,Brock Marino,offense,20,35,68
Alma Scots,Joss Bradley,offense,10,45,2
Alma Scots,Joss Bradley,offense,10,40,3
Alma Scots,Joss Bradley,offense,10,35,17
Alma Scots,Joss Bradley,offense,10,30,18
Alma Scots,Korbin Heitzman,offense,10,45,1
Alma Scots,Korbin Heitzman,offense,45,0,8
Alma Scots,Korbin Heitzman,offense,40,0,2
UW-Whitewater,Richie Warren,defense,40,25,17
UW-Whitewater,Isaac Verges,defense,45,15,2
UW-Whitewater,Collin Madson,defense,45,20,20
Alma Scots,Luciano Guerrazzi,offense,30,45,2
UW-Whitewater,Luke Bara,defense,45,30,15
UW-Whitewater,Richie Warren,defense,45,35,4
Alma Scots,Korbin Heitzman,offense,45,25,23
Alma Scots,Joss Bradley,defense,40,45,1
Alma Scots,Korbin Heitzman,defense,40,0,3
Alma Scots,Luciano Guerrazzi,defense,5,30,3
UW-Whitewater,Isaac Verges,offense,45,0,2
Alma Scots,Preston Malpass,defense,30,45,3
UW-Whitewater,Isaac Verges,offense,25,45,1
Alma Scots,Luciano Guerrazzi,offense,5,15,15
Alma Scots,Luciano Guerrazzi,offense,10,10,2
Alma Scots,Luciano Guerrazzi,offense,15,10,8
Alma Scots,Luciano Guerrazzi,offense,20,0,7
UW-Whitewater,Isaac Verges,defense,40,35,1
Alma Scots,Preston Malpass,defense,15,40,11
UW-Whitewater,Joey Berezowitz,offense,10,35,17
Alma Scots,Luciano Guerrazzi,defense,35,45,2
Alma Scots,Korbin Heitzman,offense,5,40,3
Alma Scots,Korbin Heitzman,offense,5,35,2
Alma Scots,Luciano Guerrazzi,offense,10,40,5
UW-Whitewater,Tyshawn Teague-Johnson,defense,40,15,19
UW-Whitewater,Tyshawn Teague-Johnson,defense,40,20,9
UW-Whitewater,Tyshawn Teague-Johnson,defense,45,15,6
UW-Whitewater,Tyshawn Teague-Johnson,offense,25,5,32
Alma Scots,Elijah Sykes,defense,40,30,3
Alma Scots,Preston Malpass,defense,40,40,2
Alma Scots,Preston Malpass,defense,40,35,2
Alma Scots,Preston Malpass,defense,35,30,3
Alma Scots,Preston Malpass,defense,35,25,5
Alma Scots,Luciano Guerrazzi,defense,40,35,2
UW-Whitewater,Richie Warren,offense,15,0,19
UW-Whitewater,Joey Berezowitz,offense,20,0,12
UW-Whitewater,Tyshawn Teague-Johnson,defense,10,40,4
Alma Scots,Joss Bradley,defense,35,40,5
Alma Scots,Elijah Sykes,defense,40,35,2
Alma Scots,Elijah Sykes,defense,40,25,2
UW-Whitewater,Luke Bara,offense,5,45,2
UW-Whitewater,Richie Warren,offense,0,45,7
UW-Whitewater,Richie Warren,offense,0,40,11
Alma Scots,Preston Malpass,defense,5,35,1
Alma Scots,Preston Malpass,defense,0,10,5
UW-Whitewater,Tyshawn Teague-Johnson,offense,40,30,16
UW-Whitewater,Tyshawn Teague-Johnson,offense,45,15,21
Alma Scots,Donovan Collins,defense,45,0,2
UW-Whitewater,Richie Warren,offense,20,45,4
UW-Whitewater,Tyshawn Teague-Johnson,offense,30,25,26
UW-Whitewater,Tyshawn Teague-Johnson,offense,25,25,37
UW-Whitewater,Joey Berezowitz,offense,25,45,8
UW-Whitewater,Joey Berezowitz,offense,15,45,11
UW-Whitewater,Joey Berezowitz,offense,20,40,36
Alma Scots,Luciano Guerrazzi,offense,45,45,1
UW-Whitewater,Tyshawn Teague-Johnson,defense,15,40,6
UW-Whitewater,Tyshawn Teague-Johnson,defense,35,25,17
UW-Whitewater,Luke Bara,defense,40,35,25
Alma Scots,Joss Bradley,offense,30,40,4
UW-Whitewater,Tyshawn Teague-Johnson,defense,20,5,71
UW-Whitewater,Tyshawn Teague-Johnson,defense,0,15,44
UW-Whitewater,Tyshawn Teague-Johnson,defense,40,35,10
UW-Whitewater,Tyshawn Teague-Johnson,defense,40,45,1
UW-Whitewater,Collin Madson,defense,40,40,13
UW-Whitewater,Richie Warren,defense,40,45,10
UW-Whitewater,Richie Warren,defense,45,40,3
UW-Whitewater,Joey Berezowitz,defense,35,0,4
Alma Scots,Elijah Sykes,defense,30,45,3
Alma Scots,Joss Bradley,defense,5,45,1
UW-Whitewater,Tyshawn Teague-Johnson,offense,20,0,17
UW-Whitewater,Darius Chestnut,offense,5,30,31
UW-Whitewater,Darius Chestnut,offense,5,5,23
Alma Scots,Preston Malpass,defense,40,15,2
Alma Scots,Preston Malpass,defense,35,5,12
Alma Scots,Preston Malpass,defense,40,5,11
Alma Scots,Preston Malpass,defense,35,0,3
UW-Whitewater,Joey Berezowitz,offense,40,35,17
UW-Whitewater,Tyshawn Teague-Johnson,offense,25,40,11
UW-Whitewater,Tyshawn Teague-Johnson,offense,20,45,3
Alma Scots,Luciano Guerrazzi,offense,5,35,2
Alma Scots,Luciano Guerrazzi,offense,0,5,5
Alma Scots,Elijah Sykes,offense,35,45,1
UW-Whitewater,Darius Chestnut,defense,40,35,10
UW-Whitewater,Darius Chestnut,defense,45,30,3
UW-Whitewater,Darius Chestnut,defense,45,20,6
UW-Whitewater,Luke Bara,defense,5,10,34
UW-Whitewater,Jake Quast,defense,20,45,3
UW-Whitewater,Jake Quast,defense,30,40,20
UW-Whitewater,Tyshawn Teague-Johnson,defense,40,25,14
UW-Whitewater,Tyshawn Teague-Johnson,defense,30,30,38
Alma Scots,Joss Bradley,offense,5,5,10
Alma Scots,Joss Bradley,offense,0,0,2
UW-Whitewater,Jake Quast,defense,5,40,22
UW-Whitewater,Jake Quast,defense,5,45,16
UW-Whitewater,Jake Quast,defense,10,40,5
UW-Whitewater,Tyshawn Teague-Johnson,defense,15,45,4
UW-Whitewater,Darius Chestnut,offense,40,25,17
UW-Whitewater,Darius Chestnut,offense,10,0,11
UW-Whitewater,Darius Chestnut,offense,10,5,19
UW-Whitewater,Darius Chestnut,offense,0,45,1
UW-Whitewater,Luke Bara,offense,0,45,2
UW-Whitewater,Luke Bara,offense,5,40,8
Alma Scots,Luciano Guerrazzi,defense,30,40,1
Alma Scots,Luciano Guerrazzi,defense,40,40,2
UW-Whitewater,Jake Quast,offense,45,30,5
UW-Whitewater,Jake Quast,offense,45,25,17
Alma Scots,Donovan Collins,defense,45,5,2
UW-Whitewater,Jake Quast,defense,25,40,18
UW-Whitewater,Jake Quast,defense,0,15,39
Alma Scots,Joss Bradley,offense,0,25,4
UW-Whitewater,Luke Bara,defense,35,0,7
UW-Whitewater,Darius Chestnut,defense,45,10,21
UW-Whitewater,Darius Chestnut,defense,45,15,8
UW-Whitewater,Darius Chestnut,defense,40,0,8
Alma Scots,Luciano Guerrazzi,offense,10,45,2
UW-Whitewater,Tyshawn Teague-Johnson,defense,5,40,5
UW-Whitewater,Darius Chestnut,defense,10,15,46
UW-Whitewater,Jake Quast,defense,10,35,5
UW-Whitewater,Tyshawn Teague-Johnson,defense,45,5,44
UW-Whitewater,Jake Quast,defense,10,30,26
UW-Whitewater,Tyshawn Teague-Johnson,offense,35,45,3
Alma Scots,Joss Bradley,defense,25,35,2
UW-Whitewater,Darius Chestnut,offense,5,40,10
UW-Whitewater,Tyshawn Teague-Johnson,offense,35,15,21
UW-Whitewater,Tyshawn Teague-Johnson,offense,40,25,11
UW-Whitewater,Tyshawn Teague-Johnson,offense,40,35,2
Alma Scots,Joss Bradley,offense,35,40,1
UW-Whitewater,Luke Bara,defense,5,35,8
UW-Whitewater,Jake Quast,defense,20,40,13
UW-Whitewater,Tyshawn Teague-Johnson,defense,40,10,8
UW-Whitewater,Darius Chestnut,defense,40,5,2
UW-Whitewater,Jake Quast,defense,15,5,94
Alma Scots,Preston Malpass,defense,45,40,1
UW-Whitewater,Jake Quast,offense,15,45,4
UW-Whitewater,Jake Quast,offense,10,45,10
UW-Whitewater,Jake Quast,offense,15,35,18
Alma Scots,Luciano Guerrazzi,defense,45,35,1
UW-Whitewater,Tyshawn Teague-Johnson,offense,10,0,11
Alma Scots,Preston Malpass,defense,15,0,2
Alma Scots,Preston Malpass,defense,25,0,9
UW-Whitewater,Joey Berezowitz,offense,25,0,13
UW-Whitewater,Darius Chestnut,defense,25,35,18
UW-Whitewater,Darius Chestnut,defense,15,20,30
UW-Whitewater,Luke Bara,defense,15,45,9
UW-Whitewater,Jake Quast,defense,15,40,7
UW-Whitewater,Tyshawn Teague-Johnson,defense,30,35,5
UW-Whitewater,Jake Quast,defense,25,30,38
Alma Scots,Preston Malpass,defense,25,35,1
Alma Scots,Preston Malpass,defense,40,20,1
Alma Scots,Preston Malpass,offense,5,10,4
UW-Whitewater,Joey Berezowitz,defense,45,40,1
UW-Whitewater,Tyshawn Teague-Johnson,defense,10,45,2
UW-Whitewater,Tyshawn Teague-Johnson,defense,5,35,5
UW-Whitewater,Tyshawn Teague-Johnson,defense,5,25,12
Alma Scots,Donovan Collins,offense,30,0,5
UW-Whitewater,Kelton McEwen,defense,40,20,14
UW-Whitewater,Joey Berezowitz,defense,45,15,36
UW-Whitewater,Kelton McEwen,offense,5,45,1
UW-Whitewater,Kelton McEwen,offense,5,40,8
Alma Scots,Preston Malpass,defense,20,0,1
UW-Whitewater,Darius Chestnut,offense,45,10,53
UW-Whitewater,Jake Quast,offense,15,40,13
UW-Whitewater,Tyshawn Teague-Johnson,offense,40,20,10
UW-Whitewater,Tyshawn Teague-Johnson,offense,40,5,18
UW-Whitewater,Kelton McEwen,offense,45,25,4
UW-Whitewater,Kelton McEwen,offense,40,30,14
UW-Whitewater,Kelton McEwen,offense,30,40,5
UW-Whitewater,Kelton McEwen,offense,30,45,1
UW-Whitewater,Tyshawn Teague-Johnson,offense,35,10,8
Alma Scots,Josh Elliott,offense,0,30,1
Alma Scots,Josh Elliott,offense,25,0,1
UW-Whitewater,Kelton McEwen,defense,30,40,12
UW-Whitewater,Kelton McEwen,defense,10,10,62
UW-Whitewater,Joey Berezowitz,defense,10,45,6
UW-Whitewater,Joey Berezowitz,defense,10,40,20
Alma Scots,Josh Elliott,defense,10,35,2
UW-Whitewater,Joey Berezowitz,offense,0,40,12
UW-Whitewater,Joey Berezowitz,offense,0,35,5
UW-Whitewater,Darius Chestnut,offense,15,40,10
UW-Whitewater,Darius Chestnut,offense,20,45,4
Alma Scots,Raine Rodich,defense,5,40,1
UW-Whitewater,Darius Chestnut,defense,5,30,9
Alma Scots,Korbin Heitzman,offense,5,45,2
Alma Scots,Korbin Heitzman,offense,0,35,2
Alma Scots,Korbin Heitzman,offense,0,30,1
Alma Scots,Raine Rodich,offense,40,5,2
Alma Scots,Raine Rodich,offense,35,5,1
UW-Whitewater,Kelton McEwen,defense,25,0,11
UW-Whitewater,Darius Chestnut,offense,45,15,30
UW-Whitewater,Kelton McEwen,offense,25,35,3
UW-Whitewater,Kelton McEwen,offense,20,45,2
UW-Whitewater,Darius Chestnut,offense,45,35,2
UW-Whitewater,Darius Chestnut,offense,45,40,1
UW-Whitewater,Darius Chestnut,offense,40,40,8
UW-Whitewater,Darius Chestnut,offense,40,35,11
UW-Whitewater,Darius Chestnut,offense,35,40,7
UW-Whitewater,Darius Chestnut,offense,35,45,4
Alma Scots,TEAM,defense,45,45,1
UW-Whitewater,Tyshawn Teague-Johnson,offense,0,40,45
UW-Whitewater,Jake Quast,defense,45,25,15
UW-Whitewater,Joey Berezowitz,defense,40,25,20
UW-Whitewater,Darius Chestnut,offense,15,35,8
UW-Whitewater,Tyshawn Teague-Johnson,offense,5,0,7
UW-Whitewater,Kelton McEwen,offense,20,35,5
UW-Whitewater,Tyshawn Teague-Johnson,offense,30,0,6
UW-Whitewater,Jake Quast,offense,25,45,4
UW-Whitewater,Jake Quast,defense,25,45,2
UW-Whitewater,Joey Berezowitz,defense,45,5,22
UW-Whitewater,Kelton McEwen,defense,20,0,31
UW-Whitewater,Kelton McEwen,defense,15,5,32
UW-Whitewater,Kelton McEwen,defense,10,5,24
UW-Whitewater,Tyshawn Teague-Johnson,offense,45,40,2
UW-Whitewater,Tyshawn Teague-Johnson,offense,45,35,1
UW-Whitewater,Tyshawn Teague-Johnson,offense,45,30,1
UW-Whitewater,Darius Chestnut,offense,20,0,11
UW-Whitewater,Darius Chestnut,offense,15,0,12
UW-Whitewater,Tyshawn Teague-Johnson,defense,5,45,1
UW-Whitewater,Tyshawn Teague-Johnson,defense,0,30,7
UW-Whitewater,Tyshawn Teague-Johnson,defense,5,30,3
UW-Whitewater,Tyshawn Teague-Johnson,defense,0,25,24
UW-Whitewater,Tyshawn Teague-Johnson,defense,45,10,11
UW-Whitewater,Tyshawn Teague-Johnson,defense,45,20,4
UW-Whitewater,Tyshawn Teague-Johnson,defense,40,30,8
Alma Scots,Josh Elliott,offense,45,0,3
Alma Scots,Raine Rodich,offense,5,40,4
Alma Scots,Donovan Collins,offense,10,0,1
UW-Whitewater,Kelton McEwen,defense,40,30,7
UW-Whitewater,Kelton McEwen,defense,40,10,15
UW-Whitewater,Kelton McEwen,defense,40,15,28
UW-Whitewater,Jake Quast,defense,45,10,10
Alma Scots,Logan St. Martin,defense,15,40,1
UW-Whitewater,Darius Chestnut,offense,25,45,3
UW-Whitewater,Darius Chestnut,offense,30,40,1
UW-Whitewater,Darius Chestnut,defense,30,0,28
UW-Whitewater,Kelton McEwen,defense,5,40,5
UW-Whitewater,Kelton McEwen,defense,10,30,13
UW-Whitewater,Tyshawn Teague-Johnson,offense,15,35,13
UW-Whitewater,Kelton McEwen,offense,25,40,1
Alma Scots,Logan St. Martin,defense,20,45,1
Alma Scots,Josh Elliott,defense,45,20,2
UW-Whitewater,Tyshawn Teague-Johnson,offense,0,0,15
UW-Whitewater,Kelton McEwen,offense,45,0,7
UW-Whitewater,Joey Berezowitz,offense,45,30,3
Alma Scots,Logan St. Martin,defense,0,30,3
UW-Whitewater,Jake Quast,offense,0,35,3
Alma Scots,Raine Rodich,defense,45,5,1
UW-Whitewater,Tyshawn Teague-Johnson,offense,20,40,3
UW-Whitewater,Isaiah Robinson,offense,20,40,6
UW-Whitewater,Isaiah Robinson,offense,20,15,12
UW-Whitewater,Isaiah Robinson,offense,15,25,27
Alma Scots,Logan St. Martin,defense,0,5,3
UW-Whitewater,Kelton McEwen,offense,10,5,11
UW-Whitewater,Isaiah Robinson,offense,5,25,6
UW-Whitewater,Isaiah Robinson,offense,5,20,3
UW-Whitewater,Isaiah Robinson,offense,5,30,3
UW-Whitewater,Isaiah Robinson,offense,10,30,5
Alma Scots,Joss Bradley,defense,10,0,5
UW-Whitewater,Isaiah Robinson,offense,35,5,1
UW-Whitewater,Isaiah Robinson,offense,35,10,1
UW-Whitewater,Isaiah Robinson,offense,30,5,3
UW-Whitewater,Isaiah Robinson,offense,30,10,16
UW-Whitewater,Isaiah Robinson,offense,30,15,12
UW-Whitewater,Isaiah Robinson,offense,30,25,15
UW-Whitewater,Isaiah Robinson,offense,35,25,16
UW-Whitewater,Isaiah Robinson,offense,20,25,15
UW-Whitewater,Isaiah Robinson,offense,20,30,4
UW-Whitewater,Isaiah Robinson,offense,25,30,14
UW-Whitewater,Isaiah Robinson,offense,30,30,13
UW-Whitewater,Isaiah Robinson,offense,0,10,3
UW-Whitewater,Isaiah Robinson,offense,10,35,2
UW-Whitewater,Darius Chestnut,defense,5,35,3
UW-Whitewater,Jake Quast,defense,10,0,4
UW-Whitewater,Jake Quast,defense,5,0,7
UW-Whitewater,Isaiah Robinson,defense,10,25,12
UW-Whitewater,Isaiah Robinson,defense,25,10,9
UW-Whitewater,Isaiah Robinson,defense,20,10,8
UW-Whitewater,Isaiah Robinson,defense,20,5,10
UW-Whitewater,Isaiah Robinson,defense,10,20,9
UW-Whitewater,Isaiah Robinson,defense,15,20,3
UW-Whitewater,Isaiah Robinson,defense,20,20,6
UW-Whitewater,Isaiah Robinson,defense,25,20,20
UW-Whitewater,Isaiah Robinson,defense,30,20,20
UW-Whitewater,Kelton McEwen,defense,45,15,4
UW-Whitewater,Rashad Rogers,offense,10,40,3
UW-Whitewater,Rashad Rogers,offense,10,35,3
UW-Whitewater,Rashad Rogers,offense,5,30,1
UW-Whitewater,Rashad Rogers,offense,0,25,1
UW-Whitewater,Rashad Rogers,offense,0,20,1
UW-Whitewater,Rashad Rogers,offense,10,10,4
UW-Whitewater,Rashad Rogers,offense,10,0,11
Alma Scots,Korbin Heitzman,defense,25,45,2
UW-Whitewater,Agape Keyes Jr.,offense,5,25,17
UW-Whitewater,Agape Keyes Jr.,offense,10,20,3
UW-Whitewater,Isaiah Robinson,offense,0,5,1
UW-Whitewater,Isaiah Robinson,offense,5,5,1
UW-Whitewater,Isaiah Robinson,offense,15,5,6
UW-Whitewater,Isaiah Robinson,offense,10,5,7
UW-Whitewater,Isaiah Robinson,offense,10,10,2
UW-Whitewater,Isaiah Robinson,offense,15,10,18
UW-Whitewater,Isaiah Robinson,offense,0,0,2
UW-Whitewater,Isaiah Robinson,offense,20,10,6
UW-Whitewater,Isaiah Robinson,offense,15,15,2
UW-Whitewater,Isaiah Robinson,offense,15,20,5
UW-Whitewater,Agape Keyes Jr.,offense,5,10,5
UW-Whitewater,Agape Keyes Jr.,offense,0,10,16
UW-Whitewater,Agape Keyes Jr.,offense,5,15,11
UW-Whitewater,Agape Keyes Jr.,offense,10,15,4
UW-Whitewater,Agape Keyes Jr.,offense,10,10,22
UW-Whitewater,Agape Keyes Jr.,offense,15,10,17
UW-Whitewater,Agape Keyes Jr.,offense,20,10,8
UW-Whitewater,Agape Keyes Jr.,offense,25,10,14
UW-Whitewater,Agape Keyes Jr.,offense,30,10,9
UW-Whitewater,Agape Keyes Jr.,offense,25,15,12
UW-Whitewater,Agape Keyes Jr.,offense,30,15,16
UW-Whitewater,Agape Keyes Jr.,offense,30,20,10
UW-Whitewater,Agape Keyes Jr.,offense,30,25,3
UW-Whitewater,Agape Keyes Jr.,offense,25,25,10
UW-Whitewater,Agape Keyes Jr.,offense,25,30,5
UW-Whitewater,Agape Keyes Jr.,offense,20,30,8
UW-Whitewater,Agape Keyes Jr.,offense,15,30,16
UW-Whitewater,Agape Keyes Jr.,offense,10,30,29
UW-Whitewater,Agape Keyes Jr.,offense,5,30,5
UW-Whitewater,Isaiah Robinson,offense,20,35,1
UW-Whitewater,Isaiah Robinson,offense,0,30,4
UW-Whitewater,Isaiah Robinson,offense,10,25,7
UW-Whitewater,Isaiah Robinson,offense,25,15,25
UW-Whitewater,Isaiah Robinson,offense,25,10,18
UW-Whitewater,Trent Grunewald,offense,20,30,14
UW-Whitewater,Trent Grunewald,offense,20,25,11
UW-Whitewater,Trent Grunewald,offense,10,15,2
UW-Whitewater,Trent Grunewald,offense,15,15,10
UW-Whitewater,Trent Grunewald,offense,15,20,9
UW-Whitewater,Isaiah Robinson,offense,40,20,6
UW-Whitewater,Isaiah Robinson,offense,40,25,8
UW-Whitewater,Isaiah Robinson,offense,30,35,1
UW-Whitewater,Isaiah Robinson,offense,30,40,3
UW-Whitewater,Isaiah Robinson,offense,25,40,2
UW-Whitewater,Isaiah Robinson,offense,25,45,3
UW-Whitewater,Agape Keyes Jr.,offense,25,35,3
UW-Whitewater,Agape Keyes Jr.,offense,15,35,2
UW-Whitewater,Rashad Rogers,offense,0,30,2
UW-Whitewater,Rashad Rogers,offense,0,40,5
UW-Whitewater,Rashad Rogers,offense,20,40,2
UW-Whitewater,Rashad Rogers,offense,15,45,3
UW-Whitewater,Rashad Rogers,offense,5,40,6
UW-Whitewater,Rashad Rogers,offense,15,35,4
UW-Whitewater,Rashad Rogers,offense,15,40,4
Alma Scots,Donovan Collins,defense,20,45,1
UW-Whitewater,Tyshawn Teague-Johnson,offense,15,40,7
UW-Whitewater,Trent Grunewald,offense,10,30,2
UW-Whitewater,Trent Grunewald,offense,10,35,3
UW-Whitewater,Trent Grunewald,offense,15,35,3
UW-Whitewater,Trent Grunewald,offense,15,40,4
UW-Whitewater,Trent Grunewald,offense,5,45,1
UW-Whitewater,Isaiah Robinson,offense,15,40,4
UW-Whitewater,Isaiah Robinson,offense,15,45,3
UW-Whitewater,Agape Keyes Jr.,defense,20,10,15
UW-Whitewater,Agape Keyes Jr.,defense,15,10,18
UW-Whitewater,Agape Keyes Jr.,defense,10,10,4
UW-Whitewater,Rashad Rogers,defense,25,35,3
UW-Whitewater,Rashad Rogers,defense,25,30,10
UW-Whitewater,Mauryon Turner,defense,25,15,21
UW-Whitewater,Mauryon Turner,defense,25,5,11
UW-Whitewater,Mauryon Turner,defense,20,5,4
UW-Whitewater,Trent Grunewald,defense,30,5,7
UW-Whitewater,Trent Grunewald,defense,30,10,13
UW-Whitewater,Trent Grunewald,defense,35,10,12
UW-Whitewater,Trent Grunewald,defense,40,5,1
UW-Whitewater,Trent Grunewald,defense,35,0,2
UW-Whitewater,Trent Grunewald,defense,35,5,8
UW-Whitewater,Trent Grunewald,defense,25,35,5
UW-Whitewater,Isaiah Robinson,defense,40,10,7
UW-Whitewater,Agape Keyes Jr.,defense,25,10,2
UW-Whitewater,Agape Keyes Jr.,defense,25,20,17
UW-Whitewater,Agape Keyes Jr.,defense,20,15,8
UW-Whitewater,Agape Keyes Jr.,defense,25,30,13
UW-Whitewater,Isaiah Robinson,offense,45,45,1
UW-Whitewater,Isaiah Robinson,offense,45,40,1
UW-Whitewater,Isaiah Robinson,offense,45,35,2
UW-Whitewater,Isaiah Robinson,offense,45,30,3
UW-Whitewater,Isaiah Robinson,offense,45,25,6
UW-Whitewater,Isaiah Robinson,offense,45,20,1
UW-Whitewater,Isaiah Robinson,offense,40,30,2
UW-Whitewater,Isaiah Robinson,offense,35,35,2
UW-Whitewater,Agape Keyes Jr.,offense,5,40,1
UW-Whitewater,Agape Keyes Jr.,offense,10,25,7
UW-Whitewater,Agape Keyes Jr.,offense,15,25,10
UW-Whitewater,Agape Keyes Jr.,offense,15,20,9
UW-Whitewater,Mauryon Turner,offense,25,35,4
UW-Whitewater,Mauryon Turner,offense,20,35,2
UW-Whitewater,Mauryon Turner,offense,20,25,9
UW-Whitewater,Mauryon Turner,offense,25,20,2
UW-Whitewater,Mauryon Turner,offense,20,20,1
UW-Whitewater,Mauryon Turner,offense,25,25,9
UW-Whitewater,Mauryon Turner,offense,30,30,2
UW-Whitewater,Mauryon Turner,offense,35,25,5
UW-Whitewater,Mauryon Turner,offense,45,10,8
Alma Scots,Joss Bradley,defense,45,35,1
Alma Scots,Luciano Guerrazzi,defense,45,30,4
UW-Whitewater,Trent Grunewald,offense,35,40,2
UW-Whitewater,Trent Grunewald,offense,35,35,5
UW-Whitewater,Trent Grunewald,offense,35,30,7
UW-Whitewater,Trent Grunewald,offense,35,25,23
UW-Whitewater,Trent Grunewald,offense,30,25,13
UW-Whitewater,Trent Grunewald,offense,30,30,6
UW-Whitewater,Trent Grunewald,offense,25,30,5
UW-Whitewater,Trent Grunewald,offense,15,25,21
UW-Whitewater,Trent Grunewald,offense,10,25,1
UW-Whitewater,Rashad Rogers,offense,45,15,13
UW-Whitewater,Rashad Rogers,offense,45,10,17
UW-Whitewater,Rashad Rogers,offense,40,15,12
UW-Whitewater,Rashad Rogers,offense,45,5,28
UW-Whitewater,Rashad Rogers,offense,40,5,8
UW-Whitewater,Rashad Rogers,offense,35,5,3
UW-Whitewater,Isaiah Robinson,offense,20,20,9
UW-Whitewater,Isaiah Robinson,offense,25,25,3
UW-Whitewater,Isaiah Robinson,offense,10,20,3
UW-Whitewater,Isaiah Robinson,offense,5,15,5
UW-Whitewater,Isaiah Robinson,offense,10,15,16
UW-Whitewater,Mauryon Turner,offense,5,0,1
UW-Whitewater,Mauryon Turner,offense,10,5,8
UW-Whitewater,Mauryon Turner,offense,15,10,7
UW-Whitewater,Mauryon Turner,offense,30,0,2
UW-Whitewater,Mauryon Turner,offense,30,5,5
UW-Whitewater,Mauryon Turner,offense,25,5,6
UW-Whitewater,Mauryon Turner,offense,20,10,7
UW-Whitewater,Agape Keyes Jr.,offense,15,15,6
UW-Whitewater,Agape Keyes Jr.,offense,20,15,4
UW-Whitewater,Agape Keyes Jr.,offense,25,20,6
UW-Whitewater,Agape Keyes Jr.,offense,35,20,12
UW-Whitewater,Agape Keyes Jr.,offense,35,25,11
UW-Whitewater,Agape Keyes Jr.,offense,35,30,7
UW-Whitewater,Agape Keyes Jr.,offense,35,40,2
Alma Scots,Luciano Guerrazzi,offense,5,40,1
UW-Whitewater,Mauryon Turner,defense,10,40,1
UW-Whitewater,Mauryon Turner,defense,10,30,2
UW-Whitewater,Mauryon Turner,defense,10,25,3
UW-Whitewater,Mauryon Turner,defense,10,20,4
UW-Whitewater,Mauryon Turner,defense,10,15,7
UW-Whitewater,Mauryon Turner,defense,5,15,6
UW-Whitewater,Mauryon Turner,defense,5,10,4
UW-Whitewater,Mauryon Turner,defense,10,5,2
UW-Whitewater,Mauryon Turner,defense,10,10,13
UW-Whitewater,Mauryon Turner,defense,15,10,5
UW-Whitewater,Mauryon Turner,defense,15,5,6
UW-Whitewater,Agape Keyes Jr.,defense,45,35,1
UW-Whitewater,Agape Keyes Jr.,defense,40,25,2
UW-Whitewater,Agape Keyes Jr.,defense,40,20,5
UW-Whitewater,Agape Keyes Jr.,defense,35,20,15
UW-Whitewater,Agape Keyes Jr.,defense,35,15,2
UW-Whitewater,Agape Keyes Jr.,defense,25,15,18
UW-Whitewater,Agape Keyes Jr.,defense,20,5,11
UW-Whitewater,Agape Keyes Jr.,defense,15,5,5
UW-Whitewater,Agape Keyes Jr.,defense,10,5,2
UW-Whitewater,Agape Keyes Jr.,defense,5,5,1
UW-Whitewater,Trent Grunewald,defense,35,45,1
UW-Whitewater,Trent Grunewald,defense,35,35,1
UW-Whitewater,Trent Grunewald,defense,25,30,15
UW-Whitewater,Trent Grunewald,defense,20,30,15
UW-Whitewater,Trent Grunewald,defense,20,25,10
UW-Whitewater,Trent Grunewald,defense,25,20,17
UW-Whitewater,Trent Grunewald,defense,30,15,1
UW-Whitewater,Trent Grunewald,defense,20,10,24
UW-Whitewater,Trent Grunewald,defense,25,5,14
UW-Whitewater,Trent Grunewald,defense,20,5,20
UW-Whitewater,Trent Grunewald,defense,25,10,10
UW-Whitewater,Isaiah Robinson,defense,25,40,3
UW-Whitewater,Isaiah Robinson,defense,30,30,3
UW-Whitewater,Isaiah Robinson,defense,25,25,7
UW-Whitewater,Isaiah Robinson,defense,25,15,28
UW-Whitewater,Isaiah Robinson,defense,30,10,10
UW-Whitewater,Isaiah Robinson,defense,30,5,8
UW-Whitewater,Isaiah Robinson,defense,35,10,19
UW-Whitewater,Isaiah Robinson,defense,30,15,14
UW-Whitewater,Isaiah Robinson,defense,20,15,14
UW-Whitewater,Isaiah Robinson,defense,15,15,11
UW-Whitewater,Rashad Rogers,defense,40,40,1
UW-Whitewater,Rashad Rogers,defense,35,40,1
UW-Whitewater,Rashad Rogers,defense,35,35,5
UW-Whitewater,Rashad Rogers,defense,30,15,7
UW-Whitewater,Rashad Rogers,defense,35,15,8
UW-Whitewater,Rashad Rogers,defense,30,25,14
UW-Whitewater,Trent Grunewald,defense,15,5,8
UW-Whitewater,Trent Grunewald,defense,10,5,4
UW-Whitewater,Trent Grunewald,defense,15,0,2
UW-Whitewater,Mauryon Turner,defense,25,20,36
UW-Whitewater,Mauryon Turner,defense,30,15,15
UW-Whitewater,Mauryon Turner,defense,30,20,13
UW-Whitewater,Mauryon Turner,defense,35,15,3
Alma Scots,Luciano Guerrazzi,offense,10,0,2
Alma Scots,Luciano Guerrazzi,offense,5,5,5
UW-Whitewater,Agape Keyes Jr.,defense,45,10,5
UW-Whitewater,Agape Keyes Jr.,defense,15,15,27
UW-Whitewater,Trent Grunewald,defense,15,10,15
UW-Whitewater,Trent Grunewald,defense,20,15,20
UW-Whitewater,Isaiah Robinson,defense,15,25,7
UW-Whitewater,Agape Keyes Jr.,offense,45,35,1
UW-Whitewater,Agape Keyes Jr.,offense,45,25,1
UW-Whitewater,Agape Keyes Jr.,offense,45,20,2
UW-Whitewater,Agape Keyes Jr.,offense,45,15,2
UW-Whitewater,Trent Grunewald,offense,25,40,5
UW-Whitewater,Trent Grunewald,offense,25,35,2
UW-Whitewater,Trent Grunewald,offense,25,25,23
UW-Whitewater,Trent Grunewald,offense,25,20,4
UW-Whitewater,Trent Grunewald,offense,30,10,4
UW-Whitewater,Trent Grunewald,offense,25,15,3
UW-Whitewater,Trent Grunewald,offense,20,20,5
UW-Whitewater,Mauryon Turner,offense,0,25,1
Alma Scots,Josh Elliott,defense,35,0,2
UW-Whitewater,Isaiah Robinson,offense,40,40,2
UW-Whitewater,Isaiah Robinson,offense,40,35,2
UW-Whitewater,Isaiah Robinson,offense,35,30,3
UW-Whitewater,Isaiah Robinson,offense,20,5,9
UW-Whitewater,Isaiah Robinson,offense,25,0,4
UW-Whitewater,Isaiah Robinson,offense,15,0,1
UW-Whitewater,Agape Keyes Jr.,offense,0,25,2
UW-Whitewater,Rashad Rogers,offense,40,0,2
UW-Whitewater,Mauryon Turner,offense,0,40,1
UW-Whitewater,Mauryon Turner,offense,0,35,1
UW-Whitewater,Mauryon Turner,offense,30,35,1
UW-Whitewater,Mauryon Turner,offense,35,30,6
UW-Whitewater,Mauryon Turner,offense,30,25,6
UW-Whitewater,Mauryon Turner,offense,30,20,14
UW-Whitewater,Mauryon Turner,offense,35,20,5
UW-Whitewater,Mauryon Turner,offense,35,15,4
UW-Whitewater,Mauryon Turner,offense,40,15,3
UW-Whitewater,Mauryon Turner,offense,40,10,10
UW-Whitewater,Mauryon Turner,offense,45,5,12
UW-Whitewater,Mauryon Turner,offense,35,10,5
UW-Whitewater,Agape Keyes Jr.,offense,20,25,14
UW-Whitewater,Agape Keyes Jr.,offense,30,5,18
UW-Whitewater,Trent Grunewald,offense,20,10,6
UW-Whitewater,Trent Grunewald,offense,15,30,2
UW-Whitewater,Trent Grunewald,offense,10,45,1
UW-Whitewater,Isaiah Robinson,offense,25,35,4
UW-Whitewater,Rashad Rogers,defense,35,5,4
UW-Whitewater,Agape Keyes Jr.,defense,35,40,2
UW-Whitewater,Agape Keyes Jr.,defense,35,35,7
UW-Whitewater,Agape Keyes Jr.,defense,35,30,2
UW-Whitewater,Trent Grunewald,defense,25,40,1
UW-Whitewater,Trent Grunewald,defense,25,25,8
UW-Whitewater,Trent Grunewald,defense,25,15,11
Alma Scots,Luciano Guerrazzi,offense,5,0,2
Alma Scots,Luciano Guerrazzi,offense,0,0,1
UW-Whitewater,Isaiah Robinson,defense,10,40,3
UW-Whitewater,Isaiah Robinson,defense,10,15,6
UW-Whitewater,Isaiah Robinson,defense,5,15,2
UW-Whitewater,Isaiah Robinson,defense,5,20,3
UW-Whitewater,Isaiah Robinson,defense,5,25,3
UW-Whitewater,Isaiah Robinson,defense,30,25,3
UW-Whitewater,Isaiah Robinson,defense,35,30,2
UW-Whitewater,Mauryon Turner,defense,30,10,8
Alma Scots,Joss Bradley,offense,15,45,1
Alma Scots,Joss Bradley,defense,35,45,2
UW-Whitewater,Mauryon Turner,offense,25,15,2
UW-Whitewater,Agape Keyes Jr.,offense,20,5,5
UW-Whitewater,Agape Keyes Jr.,offense,15,0,4
UW-Whitewater,Isaiah Robinson,defense,20,45,3
UW-Whitewater,Isaiah Robinson,defense,15,40,4
UW-Whitewater,Isaiah Robinson,defense,25,45,1
UW-Whitewater,Isaiah Robinson,defense,20,40,4
UW-Whitewater,Isaiah Robinson,defense,25,35,1
UW-Whitewater,Isaiah Robinson,defense,20,30,8
UW-Whitewater,Trent Grunewald,defense,15,30,2
UW-Whitewater,Trent Grunewald,defense,15,25,18
UW-Whitewater,Trent Grunewald,defense,15,20,17
UW-Whitewater,Trent Grunewald,defense,15,15,20
UW-Whitewater,Trent Grunewald,defense,10,15,9
UW-Whitewater,Trent Grunewald,defense,10,10,29
UW-Whitewater,Trent Grunewald,defense,5,10,2
UW-Whitewater,Trent Grunewald,defense,5,15,2
UW-Whitewater,Trent Grunewald,defense,5,20,7
UW-Whitewater,Trent Grunewald,defense,10,20,2
UW-Whitewater,Agape Keyes Jr.,defense,5,40,1
UW-Whitewater,Agape Keyes Jr.,defense,15,35,2
UW-Whitewater,Agape Keyes Jr.,defense,20,20,19
UW-Whitewater,Agape Keyes Jr.,defense,30,20,12
UW-Whitewater,Agape Keyes Jr.,defense,25,25,14
UW-Whitewater,Agape Keyes Jr.,defense,5,20,1
UW-Whitewater,Agape Keyes Jr.,defense,10,20,5
UW-Whitewater,Agape Keyes Jr.,defense,15,20,4
UW-Whitewater,Agape Keyes Jr.,defense,10,15,2
UW-Whitewater,Agape Keyes Jr.,defense,20,25,1
UW-Whitewater,Agape Keyes Jr.,defense,30,25,8
UW-Whitewater,Agape Keyes Jr.,defense,30,30,5
UW-Whitewater,Agape Keyes Jr.,defense,30,15,3
UW-Whitewater,Agape Keyes Jr.,defense,35,25,4
UW-Whitewater,Mauryon Turner,defense,40,45,1
UW-Whitewater,Mauryon Turner,defense,40,40,1
UW-Whitewater,Mauryon Turner,defense,35,35,1
UW-Whitewater,Mauryon Turner,defense,35,30,3
UW-Whitewater,Mauryon Turner,defense,35,25,3
UW-Whitewater,Mauryon Turner,defense,35,20,2
UW-Whitewater,Mauryon Turner,defense,25,10,10
UW-Whitewater,Mauryon Turner,defense,30,5,3
Alma Scots,Luciano Guerrazzi,offense,35,5,1
UW-Whitewater,Isaiah Robinson,defense,35,15,3
UW-Whitewater,Isaiah Robinson,defense,35,20,2
UW-Whitewater,Isaiah Robinson,defense,45,10,7
UW-Whitewater,Trent Grunewald,defense,5,0,2
UW-Whitewater,Trent Grunewald,defense,10,0,1
UW-Whitewater,Isaiah Robinson,defense,35,0,3
UW-Whitewater,Isaiah Robinson,defense,30,0,6
UW-Whitewater,Isaiah Robinson,defense,25,30,4
UW-Whitewater,Isaiah Robinson,defense,20,35,2
UW-Whitewater,Isaiah Robinson,defense,15,35,2
UW-Whitewater,Rashad Rogers,defense,40,5,1
UW-Whitewater,Rashad Rogers,defense,45,5,3
UW-Whitewater,Rashad Rogers,defense,45,10,4
UW-Whitewater,Rashad Rogers,defense,40,15,3
UW-Whitewater,Rashad Rogers,defense,40,20,3
UW-Whitewater,Rashad Rogers,defense,35,25,6
UW-Whitewater,Rashad Rogers,defense,30,40,2
UW-Whitewater,Isaiah Robinson,defense,40,20,1
UW-Whitewater,Trent Grunewald,offense,5,10,3
UW-Whitewater,Trent Grunewald,offense,5,5,6
UW-Whitewater,Trent Grunewald,offense,10,10,11
UW-Whitewater,Trent Grunewald,offense,0,5,12
UW-Whitewater,Agape Keyes Jr.,offense,5,20,3
UW-Whitewater,Agape Keyes Jr.,offense,5,5,3
UW-Whitewater,Mauryon Turner,offense,5,40,2
UW-Whitewater,Mauryon Turner,offense,5,25,2
UW-Whitewater,Mauryon Turner,offense,10,15,3
UW-Whitewater,Rashad Rogers,offense,40,35,1
UW-Whitewater,Rashad Rogers,offense,40,20,1
UW-Whitewater,Mauryon Turner,offense,15,5,4
UW-Whitewater,Mauryon Turner,offense,30,10,2
UW-Whitewater,Isaiah Robinson,offense,35,15,6
UW-Whitewater,Isaiah Robinson,offense,30,20,11
UW-Whitewater,Trent Grunewald,offense,25,10,3
Alma Scots,Joss Bradley,offense,5,45,4
UW-Whitewater,Rashad Rogers,defense,25,40,1
UW-Whitewater,Rashad Rogers,defense,20,40,2
UW-Whitewater,Mauryon Turner,defense,15,40,1
UW-Whitewater,Mauryon Turner,defense,20,20,2
UW-Whitewater,Mauryon Turner,defense,20,15,2
UW-Whitewater,Mauryon Turner,defense,20,10,4
UW-Whitewater,Mauryon Turner,defense,15,25,3
UW-Whitewater,Mauryon Turner,defense,15,30,2
UW-Whitewater,Mauryon Turner,defense,20,35,5
UW-Whitewater,Isaiah Robinson,defense,30,35,1
Alma Scots,Luciano Guerrazzi,offense,10,30,7
UW-Whitewater,Isaiah Robinson,defense,25,5,14
Alma Scots,Luciano Guerrazzi,defense,25,45,1
UW-Whitewater,Agape Keyes Jr.,offense,35,35,3
UW-Whitewater,Agape Keyes Jr.,offense,30,30,2
UW-Whitewater,Agape Keyes Jr.,offense,30,35,2
UW-Whitewater,Trent Grunewald,offense,5,35,1
UW-Whitewater,Trent Grunewald,offense,5,30,1
UW-Whitewater,Trent Grunewald,offense,5,25,3
UW-Whitewater,Trent Grunewald,offense,10,20,1
Alma Scots,Joss Bradley,defense,5,0,1
UW-Whitewater,Rashad Rogers,offense,5,45,2
UW-Whitewater,Rashad Rogers,offense,5,35,1
UW-Whitewater,Rashad Rogers,offense,20,35,4
UW-Whitewater,Rashad Rogers,offense,20,45,1
UW-Whitewater,Mauryon Turner,offense,5,35,1
UW-Whitewater,Mauryon Turner,offense,5,30,2
UW-Whitewater,Mauryon Turner,offense,5,20,2
UW-Whitewater,Mauryon Turner,offense,0,20,1
UW-Whitewater,Agape Keyes Jr.,offense,40,40,2
UW-Whitewater,Agape Keyes Jr.,offense,35,45,1
UW-Whitewater,Isaiah Robinson,offense,35,20,6
UW-Whitewater,Trent Grunewald,defense,20,20,8
UW-Whitewater,Trent Grunewald,defense,25,0,6
UW-Whitewater,Mauryon Turner,defense,25,35,10
UW-Whitewater,Mauryon Turner,defense,20,30,2
UW-Whitewater,Mauryon Turner,defense,20,25,4
UW-Whitewater,Mauryon Turner,defense,40,15,1
UW-Whitewater,Mauryon Turner,defense,35,10,1
UW-Whitewater,Mauryon Turner,defense,15,20,4
UW-Whitewater,Mauryon Turner,defense,15,15,35
UW-Whitewater,Rashad Rogers,defense,10,45,1
UW-Whitewater,Agape Keyes Jr.,defense,20,45,3
UW-Whitewater,Agape Keyes Jr.,defense,25,40,2
UW-Whitewater,Agape Keyes Jr.,defense,25,35,6
UW-Whitewater,Agape Keyes Jr.,defense,20,35,3
UW-Whitewater,Agape Keyes Jr.,defense,20,30,3
UW-Whitewater,Agape Keyes Jr.,defense,25,5,13
UW-Whitewater,Agape Keyes Jr.,defense,30,5,9
UW-Whitewater,Agape Keyes Jr.,defense,35,5,2
UW-Whitewater,Agape Keyes Jr.,defense,30,10,20
UW-Whitewater,Rashad Rogers,defense,15,45,1
UW-Whitewater,Isaiah Robinson,defense,15,5,6
UW-Whitewater,Isaiah Robinson,defense,15,10,9
UW-Whitewater,Trent Grunewald,offense,40,40,4
UW-Whitewater,Trent Grunewald,offense,40,35,5
UW-Whitewater,Trent Grunewald,offense,40,30,2
UW-Whitewater,Trent Grunewald,offense,35,20,10
UW-Whitewater,Trent Grunewald,offense,35,15,8
UW-Whitewater,Trent Grunewald,offense,30,15,4
UW-Whitewater,Trent Grunewald,offense,35,10,1
UW-Whitewater,Trent Grunewald,offense,40,15,8
UW-Whitewater,Trent Grunewald,offense,45,15,5
UW-Whitewater,Trent Grunewald,offense,40,20,3
UW-Whitewater,Trent Grunewald,offense,40,25,4
UW-Whitewater,Rashad Rogers,offense,10,30,2
UW-Whitewater,Rashad Rogers,offense,5,15,4
Alma Scots,Donovan Collins,defense,45,25,1
UW-Whitewater,Mauryon Turner,offense,25,30,7
UW-Whitewater,Mauryon Turner,offense,20,15,3
UW-Whitewater,Agape Keyes Jr.,offense,0,20,1
UW-Whitewater,Agape Keyes Jr.,offense,40,15,3
UW-Whitewater,Agape Keyes Jr.,offense,25,5,8
UW-Whitewater,Agape Keyes Jr.,offense,30,0,7
UW-Whitewater,Agape Keyes Jr.,offense,35,0,2
UW-Whitewater,Agape Keyes Jr.,offense,40,0,3
UW-Whitewater,Agape Keyes Jr.,offense,40,5,2
UW-Whitewater,Agape Keyes Jr.,offense,35,5,3
UW-Whitewater,Mauryon Turner,offense,20,0,2
UW-Whitewater,Mauryon Turner,offense,20,5,3
UW-Whitewater,Trent Grunewald,offense,15,10,15
UW-Whitewater,Trent Grunewald,offense,15,5,7
UW-Whitewater,Trent Grunewald,offense,20,5,5
UW-Whitewater,Agape Keyes Jr.,offense,20,0,3
UW-Whitewater,Rashad Rogers,offense,45,20,4
UW-Whitewater,Isaiah Robinson,offense,25,5,1
UW-Whitewater,Mauryon Turner,offense,15,15,2
UW-Whitewater,Mauryon Turner,offense,5,10,1
UW-Whitewater,Mauryon Turner,offense,25,10,2
UW-Whitewater,Mauryon Turner,offense,35,5,1
UW-Whitewater,Mauryon Turner,offense,40,5,1
UW-Whitewater,Isaiah Robinson,offense,35,0,1
UW-Whitewater,Isaiah Robinson,offense,40,0,2
UW-Whitewater,Isaiah Robinson,offense,40,5,2
UW-Whitewater,Isaiah Robinson,offense,40,10,1
UW-Whitewater,Isaiah Robinson,offense,40,15,2
UW-Whitewater,Mauryon Turner,defense,25,25,1
UW-Whitewater,Agape Keyes Jr.,defense,20,0,2
UW-Whitewater,Trent Grunewald,defense,20,0,1
UW-Whitewater,Trent Grunewald,offense,45,25,5
UW-Whitewater,Trent Grunewald,offense,30,40,2
UW-Whitewater,Mauryon Turner,offense,10,10,1
UW-Whitewater,Mauryon Turner,offense,15,20,1
UW-Whitewater,Mauryon Turner,offense,15,25,1
UW-Whitewater,Mauryon Turner,offense,40,20,2
UW-Whitewater,Mauryon Turner,offense,30,15,1
UW-Whitewater,Rashad Rogers,offense,35,0,1
UW-Whitewater,Agape Keyes Jr.,offense,25,0,2
Alma Scots,Donovan Collins,defense,10,45,1
UW-Whitewater,Isaiah Robinson,offense,5,10,2
UW-Whitewater,Isaiah Robinson,offense,25,20,6
UW-Whitewater,Mauryon Turner,defense,20,40,1
UW-Whitewater,Mauryon Turner,defense,30,35,4
UW-Whitewater,Mauryon Turner,defense,30,40,4
UW-Whitewater,Mauryon Turner,defense,35,40,9
UW-Whitewater,Rashad Rogers,defense,35,20,2
UW-Whitewater,Trent Grunewald,defense,20,35,7
UW-Whitewater,Trent Grunewald,defense,10,45,1
UW-Whitewater,Agape Keyes Jr.,defense,15,45,2
UW-Whitewater,Agape Keyes Jr.,defense,20,40,2
UW-Whitewater,Trent Grunewald,defense,0,5,1
UW-Whitewater,Trent Grunewald,defense,0,0,1
UW-Whitewater,JR Lukenbill,defense,30,40,26
UW-Whitewater,JR Lukenbill,defense,30,35,28
UW-Whitewater,JR Lukenbill,defense,25,35,20
UW-Whitewater,JR Lukenbill,defense,20,30,26
UW-Whitewater,JR Lukenbill,defense,20,25,52
UW-Whitewater,JR Lukenbill,defense,20,35,23
UW-Whitewater,JR Lukenbill,defense,25,30,45
UW-Whitewater,JR Lukenbill,defense,30,30,31
UW-Whitewater,JR Lukenbill,defense,30,25,57
UW-Whitewater,JR Lukenbill,defense,25,20,89
UW-Whitewater,JR Lukenbill,defense,20,20,92
UW-Whitewater,JR Lukenbill,defense,25,15,83
UW-Whitewater,JR Lukenbill,defense,10,10,97
UW-Whitewater,JR Lukenbill,defense,25,5,69
UW-Whitewater,JR Lukenbill,defense,45,15,18
UW-Whitewater,JR Lukenbill,defense,40,5,23
UW-Whitewater,JR Lukenbill,defense,35,0,7
UW-Whitewater,JR Lukenbill,defense,35,5,36
UW-Oshkosh Titans,Michael Metcalf-Grassman,offense,30,45,4
UW-Oshkosh Titans,TEAM,offense,30,45,26
UW-Oshkosh Titans,Michael Metcalf-Grassman,offense,35,40,16
UW-Oshkosh Titans,TEAM,offense,35,40,131
UW-Oshkosh Titans,Michael Metcalf-Grassman,offense,35,35,11
UW-Oshkosh Titans,TEAM,offense,35,35,187
UW-Oshkosh Titans,Michael Metcalf-Grassman,offense,40,25,18
UW-Oshkosh Titans,TEAM,offense,40,25,234
UW-Oshkosh Titans,Michael Metcalf-Grassman,offense,45,25,7
UW-Oshkosh Titans,TEAM,offense,45,25,50
UW-Oshkosh Titans,Michael Metcalf-Grassman,offense,35,5,18
UW-Oshkosh Titans,TEAM,offense,35,5,96
UW-Oshkosh Titans,Michael Metcalf-Grassman,offense,35,10,20
UW-Oshkosh Titans,TEAM,offense,35,10,173
UW-Oshkosh Titans,Carter Thomas,offense,0,35,9
UW-Oshkosh Titans,TEAM,offense,0,35,51
UW-Oshkosh Titans,Joey LaChapell,offense,15,40,3
UW-Oshkosh Titans,TEAM,offense,15,40,83
UW-Oshkosh Titans,Joey LaChapell,offense,20,40,10
UW-Oshkosh Titans,TEAM,offense,20,40,92
UW-Oshkosh Titans,Joey LaChapell,offense,15,35,23
UW-Oshkosh Titans,TEAM,offense,15,35,197
UW-Oshkosh Titans,Joey LaChapell,offense,10,15,17
UW-Oshkosh Titans,TEAM,offense,10,15,122
UW-Oshkosh Titans,Joey LaChapell,offense,20,15,22
UW-Oshkosh Titans,TEAM,offense,20,15,394
UW-Oshkosh Titans,Joey LaChapell,offense,15,20,18
UW-Oshkosh Titans,TEAM,offense,15,20,364
UW-Oshkosh Titans,Joey LaChapell,offense,20,30,93
UW-Oshkosh Titans,TEAM,offense,20,30,576
UW-Oshkosh Titans,Joey LaChapell,offense,20,25,80
UW-Oshkosh Titans,TEAM,offense,20,25,425
UW-Oshkosh Titans,Joey LaChapell,offense,15,30,96
UW-Oshkosh Titans,TEAM,offense,15,30,425
UW-Oshkosh Titans,Joey LaChapell,offense,20,35,18
UW-Oshkosh Titans,TEAM,offense,20,35,225
UW-Oshkosh Titans,Joey LaChapell,offense,25,30,43
UW-Oshkosh Titans,TEAM,offense,25,30,517
UW-Oshkosh Titans,Brandon Beck,offense,15,45,4
UW-Oshkosh Titans,TEAM,offense,15,45,31
UW-Oshkosh Titans,Brandon Beck,offense,30,45,6
UW-Oshkosh Titans,Brandon Beck,offense,30,40,7
UW-Oshkosh Titans,TEAM,offense,30,40,96
UW-Oshkosh Titans,Brandon Beck,offense,35,40,17
UW-Oshkosh Titans,Brandon Beck,offense,35,35,34
UW-Oshkosh Titans,Brandon Beck,offense,25,25,38
UW-Oshkosh Titans,TEAM,offense,25,25,441
UW-Oshkosh Titans,Brandon Beck,offense,20,25,31
UW-Oshkosh Titans,Brandon Beck,offense,25,15,42
UW-Oshkosh Titans,TEAM,offense,25,15,315
UW-Oshkosh Titans,Brandon Beck,offense,25,10,25
UW-Oshkosh Titans,TEAM,offense,25,10,289
UW-Oshkosh Titans,Brandon Beck,offense,15,0,8
UW-Oshkosh Titans,TEAM,offense,15,0,131
UW-Oshkosh Titans,Brandon Beck,offense,20,0,10
UW-Oshkosh Titans,TEAM,offense,20,0,108
UW-Oshkosh Titans,Brandon Beck,offense,20,5,35
UW-Oshkosh Titans,TEAM,offense,20,5,228
UW-Oshkosh Titans,Brandon Beck,offense,15,5,24
UW-Oshkosh Titans,TEAM,offense,15,5,246
UW-Oshkosh Titans,Brandon Beck,offense,15,10,231
UW-Oshkosh Titans,TEAM,offense,15,10,704
UW-Oshkosh Titans,Brandon Beck,offense,40,0,25
UW-Oshkosh Titans,TEAM,offense,40,0,133
UW-Oshkosh Titans,Nate Nazos,offense,30,30,13
UW-Oshkosh Titans,TEAM,offense,30,30,397
UW-Oshkosh Titans,Nate Nazos,offense,35,35,29
UW-Oshkosh Titans,Nate Nazos,offense,35,40,35
UW-Oshkosh Titans,Nate Nazos,offense,30,15,16
UW-Oshkosh Titans,TEAM,offense,30,15,294
UW-Oshkosh Titans,Nate Nazos,offense,35,20,6
UW-Oshkosh Titans,TEAM,offense,35,20,181
UW-Oshkosh Titans,Nate Nazos,offense,35,30,11
UW-Oshkosh Titans,TEAM,offense,35,30,219
UW-Oshkosh Titans,Nate Nazos,offense,30,25,10
UW-Oshkosh Titans,TEAM,offense,30,25,299
UW-Oshkosh Titans,Nate Nazos,offense,25,25,47
UW-Oshkosh Titans,Carter Thomas,offense,30,35,47
UW-Oshkosh Titans,TEAM,offense,30,35,231
UW-Oshkosh Titans,Carter Thomas,offense,35,35,10
UW-Oshkosh Titans,Carter Thomas,offense,25,30,50
UW-Oshkosh Titans,Carter Thomas,offense,25,20,33
UW-Oshkosh Titans,TEAM,offense,25,20,344
UW-Oshkosh Titans,Carter Thomas,offense,20,25,30
UW-Oshkosh Titans,Carter Thomas,offense,15,25,24
UW-Oshkosh Titans,TEAM,offense,15,25,319
UW-Oshkosh Titans,Carter Thomas,offense,20,30,61
UW-Oshkosh Titans,Carter Thomas,offense,15,30,14
UW-Oshkosh Titans,Carter Thomas,offense,15,35,25
UW-Oshkosh Titans,Carter Thomas,offense,25,25,41
UW-Oshkosh Titans,Carter Thomas,offense,30,15,16
UW-Oshkosh Titans,Carter Thomas,offense,25,10,31
UW-Oshkosh Titans,Carter Thomas,offense,30,10,78
UW-Oshkosh Titans,TEAM,offense,30,10,599
UW-Oshkosh Titans,Carter Thomas,offense,45,15,28
UW-Oshkosh Titans,TEAM,offense,45,15,75
UW-Oshkosh Titans,Carter Thomas,offense,40,15,13
UW-Oshkosh Titans,TEAM,offense,40,15,90
UW-Oshkosh Titans,Carter Thomas,offense,40,20,20
UW-Oshkosh Titans,TEAM,offense,40,20,136
UW-Oshkosh Titans,Carter Thomas,offense,35,15,12
UW-Oshkosh Titans,TEAM,offense,35,15,100
UW-Oshkosh Titans,Carter Thomas,offense,30,20,35
UW-Oshkosh Titans,TEAM,offense,30,20,251
UW-Oshkosh Titans,Carter Thomas,offense,45,25,11
UW-Oshkosh Titans,Carter Thomas,offense,35,30,24
UW-Oshkosh Titans,Carter Thomas,offense,40,35,4
UW-Oshkosh Titans,TEAM,offense,40,35,103
UW-Whitewater,Luke Bara,defense,40,0,3
UW-Whitewater,Richie Warren,defense,0,0,4
UW-Oshkosh Titans,Nate Nazos,offense,35,5,2
UW-Oshkosh Titans,Nate Nazos,offense,35,0,19
UW-Oshkosh Titans,TEAM,offense,35,0,74
UW-Oshkosh Titans,Nate Nazos,offense,15,5,23
UW-Oshkosh Titans,Nate Nazos,offense,5,0,12
UW-Oshkosh Titans,TEAM,offense,5,0,116
UW-Oshkosh Titans,Nate Nazos,offense,0,5,38
UW-Oshkosh Titans,TEAM,offense,0,5,335
UW-Oshkosh Titans,Nate Nazos,offense,0,15,27
UW-Oshkosh Titans,TEAM,offense,0,15,155
UW-Oshkosh Titans,Nate Nazos,offense,0,20,19
UW-Oshkosh Titans,TEAM,offense,0,20,166
UW-Oshkosh Titans,Nate Nazos,offense,5,25,24
UW-Oshkosh Titans,TEAM,offense,5,25,190
UW-Oshkosh Titans,Nate Nazos,offense,5,30,21
UW-Oshkosh Titans,TEAM,offense,5,30,155
UW-Oshkosh Titans,Michael Metcalf-Grassman,offense,0,15,12
UW-Oshkosh Titans,Michael Metcalf-Grassman,offense,15,25,46
UW-Oshkosh Titans,Michael Metcalf-Grassman,offense,15,30,42
UW-Oshkosh Titans,Michael Metcalf-Grassman,offense,20,30,45
UW-Oshkosh Titans,Michael Metcalf-Grassman,offense,15,35,39
UW-Oshkosh Titans,Michael Metcalf-Grassman,offense,20,35,36
UW-Oshkosh Titans,Michael Metcalf-Grassman,offense,20,40,23
UW-Oshkosh Titans,Michael Metcalf-Grassman,offense,25,45,3
UW-Oshkosh Titans,TEAM,offense,25,45,19
UW-Oshkosh Titans,Joey LaChapell,offense,5,20,12
UW-Oshkosh Titans,TEAM,offense,5,20,165
UW-Oshkosh Titans,Joey LaChapell,offense,10,25,18
UW-Oshkosh Titans,TEAM,offense,10,25,304
UW-Oshkosh Titans,Joey LaChapell,offense,0,0,7
UW-Oshkosh Titans,TEAM,offense,0,0,120
UW-Oshkosh Titans,Joey LaChapell,offense,0,5,41
UW-Oshkosh Titans,Joey LaChapell,offense,0,10,17
UW-Oshkosh Titans,TEAM,offense,0,10,126
UW-Oshkosh Titans,Brandon Beck,offense,40,25,13
UW-Oshkosh Titans,Brandon Beck,offense,40,30,15
UW-Oshkosh Titans,TEAM,offense,40,30,167
UW-Oshkosh Titans,Brandon Beck,offense,45,15,4
UW-Oshkosh Titans,Brandon Beck,offense,40,15,3
UW-Oshkosh Titans,Brandon Beck,offense,35,20,7
UW-Oshkosh Titans,Brandon Beck,offense,35,25,10
UW-Oshkosh Titans,TEAM,offense,35,25,250
UW-Oshkosh Titans,Nate Nazos,offense,15,35,19
UW-Oshkosh Titans,Nate Nazos,offense,20,30,48
UW-Oshkosh Titans,Nate Nazos,offense,20,25,46
UW-Oshkosh Titans,Joey LaChapell,offense,15,25,34
UW-Oshkosh Titans,Carter Thomas,defense,0,40,2
UW-Oshkosh Titans,TEAM,defense,0,40,122
UW-Oshkosh Titans,Carter Thomas,defense,10,20,31
UW-Oshkosh Titans,TEAM,defense,10,20,331
UW-Oshkosh Titans,Carter Thomas,defense,15,20,41
UW-Oshkosh Titans,TEAM,defense,15,20,380
UW-Oshkosh Titans,Carter Thomas,defense,10,15,24
UW-Oshkosh Titans,TEAM,defense,10,15,403
UW-Oshkosh Titans,Carter Thomas,defense,10,10,31
UW-Oshkosh Titans,TEAM,defense,10,10,482
UW-Oshkosh Titans,Carter Thomas,defense,5,10,20
UW-Oshkosh Titans,TEAM,defense,5,10,232
UW-Oshkosh Titans,Carter Thomas,defense,0,15,4
UW-Oshkosh Titans,TEAM,defense,0,15,184
UW-Oshkosh Titans,Carter Thomas,defense,10,5,18
UW-Oshkosh Titans,TEAM,defense,10,5,324
UW-Oshkosh Titans,Carter Thomas,defense,25,10,57
UW-Oshkosh Titans,TEAM,defense,25,10,746
UW-Oshkosh Titans,Nate Nazos,defense,10,45,3
UW-Oshkosh Titans,TEAM,defense,10,45,35
UW-Oshkosh Titans,Nate Nazos,defense,10,40,15
UW-Oshkosh Titans,TEAM,defense,10,40,84
UW-Oshkosh Titans,Nate Nazos,defense,15,35,6
UW-Oshkosh Titans,TEAM,defense,15,35,106
UW-Oshkosh Titans,Nate Nazos,defense,20,35,11
UW-Oshkosh Titans,TEAM,defense,20,35,112
UW-Oshkosh Titans,Nate Nazos,defense,20,30,11
UW-Oshkosh Titans,TEAM,defense,20,30,211
UW-Oshkosh Titans,Nate Nazos,defense,25,30,16
UW-Oshkosh Titans,TEAM,defense,25,30,206
UW-Oshkosh Titans,Nate Nazos,defense,20,25,24
UW-Oshkosh Titans,TEAM,defense,20,25,379
UW-Oshkosh Titans,Nate Nazos,defense,25,20,53
UW-Oshkosh Titans,TEAM,defense,25,20,476
UW-Oshkosh Titans,Nate Nazos,defense,30,20,15
UW-Oshkosh Titans,TEAM,defense,30,20,316
UW-Oshkosh Titans,Nate Nazos,defense,25,25,28
UW-Oshkosh Titans,TEAM,defense,25,25,325
UW-Oshkosh Titans,Nate Nazos,defense,20,20,37
UW-Oshkosh Titans,TEAM,defense,20,20,469
UW-Oshkosh Titans,Nate Nazos,defense,15,20,26
UW-Oshkosh Titans,Nate Nazos,defense,10,20,31
UW-Oshkosh Titans,Nate Nazos,defense,15,15,88
UW-Oshkosh Titans,TEAM,defense,15,15,779
UW-Oshkosh Titans,Nate Nazos,defense,20,10,79
UW-Oshkosh Titans,TEAM,defense,20,10,783
UW-Oshkosh Titans,Nate Nazos,defense,25,10,52
UW-Oshkosh Titans,Nate Nazos,defense,30,10,89
UW-Oshkosh Titans,TEAM,defense,30,10,956
UW-Oshkosh Titans,Michael Metcalf-Grassman,defense,10,40,12
UW-Oshkosh Titans,Michael Metcalf-Grassman,defense,15,35,12
UW-Oshkosh Titans,Michael Metcalf-Grassman,defense,20,30,21
UW-Oshkosh Titans,Michael Metcalf-Grassman,defense,20,25,65
UW-Oshkosh Titans,Michael Metcalf-Grassman,defense,25,25,53
UW-Oshkosh Titans,Michael Metcalf-Grassman,defense,25,20,66
UW-Oshkosh Titans,Michael Metcalf-Grassman,defense,10,10,46
UW-Oshkosh Titans,Michael Metcalf-Grassman,defense,15,10,71
UW-Oshkosh Titans,TEAM,defense,15,10,1081
UW-Oshkosh Titans,Michael Metcalf-Grassman,defense,10,15,19
UW-Oshkosh Titans,Michael Metcalf-Grassman,defense,5,15,7
UW-Oshkosh Titans,TEAM,defense,5,15,185
UW-Oshkosh Titans,Michael Metcalf-Grassman,defense,0,10,7
UW-Oshkosh Titans,TEAM,defense,0,10,222
UW-Oshkosh Titans,Michael Metcalf-Grassman,defense,5,10,28
UW-Oshkosh Titans,Michael Metcalf-Grassman,defense,20,5,60
UW-Oshkosh Titans,TEAM,defense,20,5,619
UW-Oshkosh Titans,Michael Metcalf-Grassman,defense,15,5,58
UW-Oshkosh Titans,TEAM,defense,15,5,827
UW-Oshkosh Titans,Michael Metcalf-Grassman,defense,20,10,62
UW-Oshkosh Titans,Michael Metcalf-Grassman,defense,25,10,105
UW-Oshkosh Titans,Michael Metcalf-Grassman,defense,25,5,65
UW-Oshkosh Titans,TEAM,defense,25,5,765
UW-Oshkosh Titans,Michael Metcalf-Grassman,defense,30,5,26
UW-Oshkosh Titans,TEAM,defense,30,5,781
UW-Oshkosh Titans,Michael Metcalf-Grassman,defense,30,10,110
UW-Oshkosh Titans,Michael Metcalf-Grassman,defense,30,15,133
UW-Oshkosh Titans,TEAM,defense,30,15,881
UW-Oshkosh Titans,Michael Metcalf-Grassman,defense,30,20,29
UW-Oshkosh Titans,Michael Metcalf-Grassman,defense,35,15,21
UW-Oshkosh Titans,TEAM,defense,35,15,247
UW-Whitewater,JR Lukenbill,offense,25,25,55
UW-Whitewater,JR Lukenbill,offense,30,40,8
UW-Whitewater,JR Lukenbill,offense,30,30,27
UW-Whitewater,JR Lukenbill,offense,25,20,94
UW-Whitewater,JR Lukenbill,offense,20,25,80
UW-Whitewater,JR Lukenbill,offense,10,25,72
UW-Whitewater,JR Lukenbill,offense,0,15,138
UW-Whitewater,JR Lukenbill,offense,5,15,64
UW-Whitewater,JR Lukenbill,offense,10,15,45
UW-Whitewater,JR Lukenbill,offense,15,15,98
UW-Whitewater,JR Lukenbill,offense,15,10,136
UW-Whitewater,JR Lukenbill,offense,20,15,105
UW-Whitewater,JR Lukenbill,offense,25,15,74
UW-Whitewater,JR Lukenbill,offense,25,10,40
UW-Whitewater,JR Lukenbill,offense,30,10,86
UW-Whitewater,JR Lukenbill,offense,30,20,37
UW-Whitewater,JR Lukenbill,offense,30,15,96
UW-Oshkosh Titans,Brandon Beck,defense,10,5,65
UW-Oshkosh Titans,Brandon Beck,defense,5,5,21
UW-Oshkosh Titans,TEAM,defense,5,5,217
UW-Oshkosh Titans,Brandon Beck,defense,5,10,26
UW-Oshkosh Titans,Brandon Beck,defense,25,10,48
UW-Oshkosh Titans,Brandon Beck,defense,20,10,102
UW-Oshkosh Titans,Brandon Beck,defense,25,0,22
UW-Oshkosh Titans,TEAM,defense,25,0,277
UW-Oshkosh Titans,Brandon Beck,defense,20,0,30
UW-Oshkosh Titans,TEAM,defense,20,0,341
UW-Oshkosh Titans,Brandon Beck,defense,20,5,49
UW-Oshkosh Titans,Brandon Beck,defense,15,5,53
UW-Oshkosh Titans,Brandon Beck,defense,10,10,48
UW-Oshkosh Titans,Joey LaChapell,defense,45,15,1
UW-Oshkosh Titans,TEAM,defense,45,15,27
UW-Oshkosh Titans,Joey LaChapell,defense,40,10,8
UW-Oshkosh Titans,TEAM,defense,40,10,102
UW-Oshkosh Titans,Joey LaChapell,defense,35,10,71
UW-Oshkosh Titans,TEAM,defense,35,10,408
UW-Oshkosh Titans,Joey LaChapell,defense,35,15,21
UW-Oshkosh Titans,Joey LaChapell,defense,40,5,8
UW-Oshkosh Titans,TEAM,defense,40,5,79
UW-Oshkosh Titans,Joey LaChapell,defense,30,5,53
UW-Oshkosh Titans,Joey LaChapell,defense,25,5,58
UW-Oshkosh Titans,Joey LaChapell,defense,25,0,15
UW-Oshkosh Titans,Joey LaChapell,defense,35,5,15
UW-Oshkosh Titans,TEAM,defense,35,5,165
UW-Oshkosh Titans,Joey LaChapell,defense,30,10,110
UW-Oshkosh Titans,Carter Thomas,defense,5,0,4
UW-Oshkosh Titans,TEAM,defense,5,0,52
UW-Oshkosh Titans,Carter Thomas,defense,15,5,134
UW-Oshkosh Titans,Carter Thomas,defense,20,5,42
UW-Oshkosh Titans,Carter Thomas,defense,15,0,61
UW-Oshkosh Titans,TEAM,defense,15,0,300
UW-Oshkosh Titans,Nate Nazos,defense,25,0,36
UW-Oshkosh Titans,Nate Nazos,defense,15,10,78
UW-Oshkosh Titans,Nate Nazos,defense,10,15,39
UW-Oshkosh Titans,Joey LaChapell,defense,15,0,41
UW-Oshkosh Titans,Joey LaChapell,defense,25,15,46
UW-Oshkosh Titans,TEAM,defense,25,15,584
UW-Oshkosh Titans,Joey LaChapell,defense,30,15,98
UW-Whitewater,Collin Madson,offense,0,0,2
UW-Oshkosh Titans,Nate Nazos,defense,5,10,13
UW-Oshkosh Titans,Nate Nazos,defense,10,10,45
UW-Oshkosh Titans,Nate Nazos,defense,10,0,15
UW-Oshkosh Titans,TEAM,defense,10,0,77
UW-Oshkosh Titans,Nate Nazos,defense,10,5,20
UW-Oshkosh Titans,Carter Thomas,defense,10,0,3
UW-Oshkosh Titans,Carter Thomas,defense,25,5,56
UW-Oshkosh Titans,Carter Thomas,defense,25,0,24
UW-Oshkosh Titans,Michael Metcalf-Grassman,defense,10,5,24
UW-Oshkosh Titans,Michael Metcalf-Grassman,defense,5,5,26
UW-Oshkosh Titans,Michael Metcalf-Grassman,defense,5,0,1
UW-Oshkosh Titans,Michael Metcalf-Grassman,defense,20,0,40
UW-Oshkosh Titans,Michael Metcalf-Grassman,defense,15,0,24
UW-Oshkosh Titans,Brandon Beck,defense,30,15,83
UW-Oshkosh Titans,Brandon Beck,defense,25,15,90
UW-Oshkosh Titans,Brandon Beck,defense,15,15,55
UW-Oshkosh Titans,Brandon Beck,defense,5,15,8
UW-Oshkosh Titans,Brandon Beck,defense,0,30,5
UW-Oshkosh Titans,TEAM,defense,0,30,156
UW-Oshkosh Titans,Joey LaChapell,defense,25,10,66
UW-Oshkosh Titans,Joey LaChapell,defense,20,10,55
UW-Whitewater,JR Lukenbill,offense,35,15,65
UW-Whitewater,JR Lukenbill,offense,45,0,3
UW-Whitewater,JR Lukenbill,offense,20,20,128
UW-Whitewater,JR Lukenbill,offense,15,20,81
UW-Whitewater,JR Lukenbill,offense,0,5,30
UW-Whitewater,JR Lukenbill,offense,0,0,10
UW-Whitewater,JR Lukenbill,offense,5,0,11
UW-Whitewater,JR Lukenbill,offense,5,5,37
UW-Whitewater,JR Lukenbill,offense,0,10,26
UW-Whitewater,JR Lukenbill,offense,5,20,37
UW-Whitewater,JR Lukenbill,offense,10,20,38
UW-Whitewater,JR Lukenbill,offense,10,30,20
UW-Whitewater,JR Lukenbill,offense,15,30,34
UW-Whitewater,JR Lukenbill,offense,15,35,16
UW-Oshkosh Titans,Brandon Beck,defense,10,15,51
UW-Oshkosh Titans,Brandon Beck,defense,10,20,26
UW-Oshkosh Titans,Brandon Beck,defense,10,25,13
UW-Oshkosh Titans,TEAM,defense,10,25,152
UW-Oshkosh Titans,Brandon Beck,defense,5,25,9
UW-Oshkosh Titans,TEAM,defense,5,25,106
UW-Oshkosh Titans,Nate Nazos,offense,35,45,2
UW-Oshkosh Titans,TEAM,offense,35,45,23
UW-Oshkosh Titans,Nate Nazos,offense,40,35,14
UW-Oshkosh Titans,Nate Nazos,offense,40,25,8
UW-Oshkosh Titans,Nate Nazos,offense,45,30,8
UW-Oshkosh Titans,TEAM,offense,45,30,24
UW-Oshkosh Titans,Nate Nazos,offense,15,25,15
UW-Oshkosh Titans,Nate Nazos,offense,10,25,25
UW-Oshkosh Titans,Nate Nazos,offense,5,20,31
UW-Oshkosh Titans,Nate Nazos,offense,10,20,21
UW-Oshkosh Titans,TEAM,offense,10,20,163
UW-Oshkosh Titans,Nate Nazos,offense,10,15,15
UW-Oshkosh Titans,Nate Nazos,offense,15,10,71
UW-Whitewater,JR Lukenbill,defense,25,45,4
UW-Whitewater,JR Lukenbill,defense,35,20,53
UW-Whitewater,JR Lukenbill,defense,35,15,70
UW-Whitewater,JR Lukenbill,defense,30,10,138
UW-Whitewater,JR Lukenbill,defense,35,10,76
UW-Whitewater,JR Lukenbill,defense,40,10,21
UW-Whitewater,JR Lukenbill,defense,40,15,24
UW-Whitewater,JR Lukenbill,defense,30,5,66
UW-Whitewater,JR Lukenbill,defense,30,0,24
UW-Whitewater,JR Lukenbill,defense,25,10,76
UW-Whitewater,JR Lukenbill,defense,15,15,128
UW-Whitewater,JR Lukenbill,defense,5,10,36
UW-Whitewater,JR Lukenbill,defense,10,15,79
UW-Whitewater,JR Lukenbill,defense,15,10,142
UW-Whitewater,JR Lukenbill,defense,20,10,75
UW-Oshkosh Titans,Carter Thomas,offense,15,40,4
UW-Oshkosh Titans,Carter Thomas,offense,10,25,21
UW-Oshkosh Titans,Carter Thomas,offense,10,15,9
UW-Oshkosh Titans,Carter Thomas,offense,15,5,22
UW-Oshkosh Titans,Carter Thomas,offense,35,0,7
UW-Oshkosh Titans,Carter Thomas,offense,40,10,10
UW-Oshkosh Titans,TEAM,offense,40,10,113
UW-Oshkosh Titans,Carter Thomas,offense,45,0,7
UW-Oshkosh Titans,TEAM,offense,45,0,20
UW-Oshkosh Titans,Joey LaChapell,offense,45,35,2
UW-Oshkosh Titans,TEAM,offense,45,35,18
UW-Oshkosh Titans,Joey LaChapell,offense,45,25,5
UW-Oshkosh Titans,Brandon Beck,offense,45,40,14
UW-Oshkosh Titans,TEAM,offense,45,40,38
UW-Oshkosh Titans,Brandon Beck,offense,40,20,20
UW-Oshkosh Titans,Brandon Beck,offense,30,25,12
UW-Oshkosh Titans,Joey LaChapell,offense,5,45,3
UW-Oshkosh Titans,TEAM,offense,5,45,18
UW-Oshkosh Titans,Joey LaChapell,offense,0,35,3
UW-Oshkosh Titans,Joey LaChapell,offense,5,30,36
UW-Oshkosh Titans,Joey LaChapell,offense,10,30,42
UW-Oshkosh Titans,TEAM,offense,10,30,242
UW-Oshkosh Titans,Joey LaChapell,offense,40,10,9
UW-Oshkosh Titans,Michael Metcalf-Grassman,offense,10,30,19
UW-Oshkosh Titans,Michael Metcalf-Grassman,offense,25,0,20
UW-Oshkosh Titans,TEAM,offense,25,0,124
UW-Oshkosh Titans,Michael Metcalf-Grassman,offense,20,0,12
UW-Oshkosh Titans,Michael Metcalf-Grassman,offense,20,10,30
UW-Oshkosh Titans,TEAM,offense,20,10,266
UW-Oshkosh Titans,Michael Metcalf-Grassman,offense,15,5,26
UW-Oshkosh Titans,Michael Metcalf-Grassman,offense,15,10,21
UW-Oshkosh Titans,Michael Metcalf-Grassman,offense,20,5,29
UW-Oshkosh Titans,Brandon Beck,offense,45,10,6
UW-Oshkosh Titans,TEAM,offense,45,10,71
UW-Oshkosh Titans,Brandon Beck,offense,30,30,27
UW-Oshkosh Titans,Brandon Beck,offense,25,30,43
UW-Oshkosh Titans,Brandon Beck,offense,20,30,86
UW-Oshkosh Titans,Brandon Beck,offense,20,35,20
UW-Oshkosh Titans,Brandon Beck,offense,20,40,14
UW-Oshkosh Titans,Brandon Beck,offense,25,40,7
UW-Oshkosh Titans,TEAM,offense,25,40,109
UW-Oshkosh Titans,Brandon Beck,offense,20,45,8
UW-Oshkosh Titans,TEAM,offense,20,45,31
UW-Oshkosh Titans,Joey LaChapell,offense,10,20,10
UW-Oshkosh Titans,Joey LaChapell,offense,10,5,9
UW-Oshkosh Titans,TEAM,offense,10,5,119
UW-Oshkosh Titans,Joey LaChapell,offense,10,10,37
UW-Oshkosh Titans,TEAM,offense,10,10,211
UW-Oshkosh Titans,Joey LaChapell,offense,0,15,16
UW-Oshkosh Titans,Michael Metcalf-Grassman,offense,20,15,37
UW-Oshkosh Titans,Michael Metcalf-Grassman,defense,10,45,3
UW-Oshkosh Titans,Michael Metcalf-Grassman,defense,15,40,12
UW-Oshkosh Titans,TEAM,defense,15,40,118
UW-Oshkosh Titans,Brandon Beck,defense,20,45,12
UW-Oshkosh Titans,TEAM,defense,20,45,38
UW-Oshkosh Titans,Brandon Beck,defense,25,45,5
UW-Oshkosh Titans,TEAM,defense,25,45,38
UW-Oshkosh Titans,Brandon Beck,defense,25,40,23
UW-Oshkosh Titans,TEAM,defense,25,40,139
UW-Oshkosh Titans,Brandon Beck,defense,20,40,9
UW-Oshkosh Titans,TEAM,defense,20,40,107
UW-Oshkosh Titans,Brandon Beck,defense,15,45,7
UW-Oshkosh Titans,TEAM,defense,15,45,46
UW-Oshkosh Titans,Brandon Beck,defense,15,40,15
UW-Whitewater,Collin Madson,offense,25,45,10
UW-Oshkosh Titans,Nate Nazos,defense,5,45,3
UW-Oshkosh Titans,TEAM,defense,5,45,17
UW-Oshkosh Titans,Nate Nazos,defense,10,35,10
UW-Oshkosh Titans,TEAM,defense,10,35,96
UW-Oshkosh Titans,Nate Nazos,defense,10,30,26
UW-Oshkosh Titans,TEAM,defense,10,30,133
UW-Whitewater,JR Lukenbill,offense,10,40,24
UW-Whitewater,JR Lukenbill,offense,10,35,31
UW-Whitewater,JR Lukenbill,offense,5,35,27
UW-Whitewater,JR Lukenbill,offense,5,30,28
UW-Oshkosh Titans,Joey LaChapell,defense,30,45,2
UW-Oshkosh Titans,TEAM,defense,30,45,49
UW-Oshkosh Titans,Joey LaChapell,defense,30,40,18
UW-Oshkosh Titans,TEAM,defense,30,40,134
UW-Oshkosh Titans,Joey LaChapell,defense,30,35,10
UW-Oshkosh Titans,TEAM,defense,30,35,141
UW-Oshkosh Titans,Joey LaChapell,defense,30,30,18
UW-Oshkosh Titans,TEAM,defense,30,30,198
UW-Oshkosh Titans,Joey LaChapell,defense,20,45,1
UW-Oshkosh Titans,Joey LaChapell,defense,10,45,5
UW-Oshkosh Titans,Joey LaChapell,defense,15,45,2
UW-Oshkosh Titans,Joey LaChapell,defense,15,40,5
UW-Oshkosh Titans,Joey LaChapell,defense,25,40,11
UW-Oshkosh Titans,Joey LaChapell,defense,35,30,8
UW-Oshkosh Titans,TEAM,defense,35,30,89
UW-Oshkosh Titans,Joey LaChapell,defense,15,20,20
UW-Oshkosh Titans,Joey LaChapell,defense,25,25,36
UW-Oshkosh Titans,Joey LaChapell,defense,25,20,16
UW-Oshkosh Titans,Joey LaChapell,defense,30,20,19
UW-Oshkosh Titans,Joey LaChapell,defense,20,5,60
UW-Whitewater,Richie Warren,offense,45,35,7
UW-Oshkosh Titans,Michael Metcalf-Grassman,defense,10,35,12
UW-Oshkosh Titans,Michael Metcalf-Grassman,defense,10,30,8
UW-Oshkosh Titans,Michael Metcalf-Grassman,defense,15,30,11
UW-Oshkosh Titans,TEAM,defense,15,30,197
UW-Oshkosh Titans,Brandon Beck,defense,10,30,14
UW-Oshkosh Titans,Brandon Beck,defense,15,35,10
UW-Oshkosh Titans,Brandon Beck,defense,20,35,8
UW-Oshkosh Titans,Brandon Beck,defense,15,30,41
UW-Oshkosh Titans,Brandon Beck,defense,20,30,21
UW-Oshkosh Titans,Brandon Beck,defense,30,25,21
UW-Oshkosh Titans,TEAM,defense,30,25,217
UW-Oshkosh Titans,Brandon Beck,defense,30,20,30
UW-Whitewater,Collin Madson,offense,0,40,1
UW-Oshkosh Titans,Michael Metcalf-Grassman,defense,10,25,10
UW-Oshkosh Titans,Michael Metcalf-Grassman,defense,15,20,23
UW-Oshkosh Titans,Michael Metcalf-Grassman,defense,15,15,56
UW-Oshkosh Titans,Michael Metcalf-Grassman,defense,20,15,63
UW-Oshkosh Titans,TEAM,defense,20,15,677
UW-Oshkosh Titans,Carter Thomas,defense,15,15,48
UW-Oshkosh Titans,Carter Thomas,defense,15,10,132
UW-Oshkosh Titans,Nate Nazos,defense,0,20,3
UW-Oshkosh Titans,TEAM,defense,0,20,139
UW-Oshkosh Titans,Nate Nazos,defense,0,15,9
UW-Oshkosh Titans,Nate Nazos,defense,0,10,11
UW-Whitewater,JR Lukenbill,offense,15,0,11
UW-Whitewater,JR Lukenbill,offense,10,0,9
UW-Whitewater,JR Lukenbill,offense,5,10,38
UW-Whitewater,JR Lukenbill,offense,5,25,45
UW-Oshkosh Titans,Michael Metcalf-Grassman,defense,0,20,9
UW-Oshkosh Titans,Michael Metcalf-Grassman,defense,20,20,43
UW-Oshkosh Titans,Michael Metcalf-Grassman,defense,10,20,17
UW-Oshkosh Titans,Michael Metcalf-Grassman,defense,35,10,16
UW-Oshkosh Titans,Michael Metcalf-Grassman,defense,25,15,69
UW-Oshkosh Titans,Michael Metcalf-Grassman,defense,40,5,9
UW-Oshkosh Titans,Brandon Beck,defense,0,15,9
UW-Oshkosh Titans,Brandon Beck,defense,15,10,103
UW-Oshkosh Titans,Brandon Beck,defense,15,20,40
UW-Oshkosh Titans,Brandon Beck,defense,15,25,42
UW-Oshkosh Titans,TEAM,defense,15,25,287
UW-Oshkosh Titans,Brandon Beck,defense,20,25,8
UW-Oshkosh Titans,Nate Nazos,defense,5,5,13
UW-Oshkosh Titans,Nate Nazos,defense,15,0,34
UW-Oshkosh Titans,Nate Nazos,defense,15,5,66
UW-Oshkosh Titans,Nate Nazos,defense,20,15,47
UW-Oshkosh Titans,Nate Nazos,defense,5,25,14
UW-Oshkosh Titans,Carter Thomas,defense,20,10,57
UW-Whitewater,Richie Warren,offense,10,0,15
UW-Oshkosh Titans,Joey LaChapell,defense,0,30,4
UW-Oshkosh Titans,Joey LaChapell,defense,0,35,3
UW-Oshkosh Titans,TEAM,defense,0,35,95
UW-Oshkosh Titans,Joey LaChapell,defense,10,40,5
UW-Oshkosh Titans,Joey LaChapell,defense,0,25,2
UW-Oshkosh Titans,TEAM,defense,0,25,103
UW-Oshkosh Titans,Joey LaChapell,defense,10,30,12
UW-Oshkosh Titans,Joey LaChapell,defense,5,25,5
UW-Oshkosh Titans,Nate Nazos,defense,0,25,9
UW-Oshkosh Titans,Nate Nazos,defense,0,30,7
UW-Oshkosh Titans,Nate Nazos,defense,0,35,12
UW-Oshkosh Titans,Logan Rindfleisch,offense,40,45,1
UW-Oshkosh Titans,TEAM,offense,40,45,84
UW-Oshkosh Titans,Logan Rindfleisch,offense,40,35,4
UW-Oshkosh Titans,Logan Rindfleisch,offense,40,30,4
UW-Oshkosh Titans,Logan Rindfleisch,offense,35,20,4
UW-Oshkosh Titans,Logan Rindfleisch,offense,20,30,23
UW-Oshkosh Titans,Logan Rindfleisch,offense,20,35,6
UW-Oshkosh Titans,Logan Rindfleisch,offense,15,30,22
UW-Oshkosh Titans,Logan Rindfleisch,offense,20,25,12
UW-Oshkosh Titans,Logan Rindfleisch,offense,25,25,25
UW-Oshkosh Titans,Logan Rindfleisch,offense,25,15,24
UW-Oshkosh Titans,Logan Rindfleisch,offense,30,10,5
UW-Oshkosh Titans,Logan Rindfleisch,offense,25,5,4
UW-Oshkosh Titans,TEAM,offense,25,5,211
UW-Oshkosh Titans,Logan Rindfleisch,offense,20,5,14
UW-Oshkosh Titans,Logan Rindfleisch,offense,10,0,4
UW-Oshkosh Titans,TEAM,offense,10,0,74
UW-Oshkosh Titans,Logan Rindfleisch,offense,5,0,9
UW-Oshkosh Titans,Logan Rindfleisch,offense,0,0,13
UW-Oshkosh Titans,Logan Rindfleisch,offense,0,5,6
UW-Oshkosh Titans,Logan Rindfleisch,offense,25,20,18
UW-Oshkosh Titans,Logan Rindfleisch,offense,30,15,21
UW-Oshkosh Titans,Logan Rindfleisch,offense,25,10,7
UW-Oshkosh Titans,Logan Rindfleisch,offense,30,20,4
UW-Oshkosh Titans,Logan Rindfleisch,offense,35,10,3
UW-Oshkosh Titans,Matt Imig,offense,10,45,1
UW-Oshkosh Titans,TEAM,offense,10,45,20
UW-Oshkosh Titans,Matt Imig,offense,10,40,2
UW-Oshkosh Titans,TEAM,offense,10,40,62
UW-Oshkosh Titans,Matt Imig,offense,15,40,10
UW-Oshkosh Titans,Matt Imig,offense,10,35,7
UW-Oshkosh Titans,TEAM,offense,10,35,148
UW-Oshkosh Titans,Matt Imig,offense,15,35,5
UW-Oshkosh Titans,Matt Imig,offense,15,30,33
UW-Oshkosh Titans,Matt Imig,offense,20,30,24
UW-Whitewater,JR Lukenbill,defense,15,5,126
UW-Whitewater,JR Lukenbill,defense,15,0,34
UW-Whitewater,JR Lukenbill,defense,10,0,10
UW-Whitewater,JR Lukenbill,defense,10,5,50
UW-Whitewater,JR Lukenbill,defense,15,25,21
UW-Whitewater,JR Lukenbill,defense,15,20,57
UW-Whitewater,JR Lukenbill,defense,20,15,93
UW-Whitewater,JR Lukenbill,defense,30,15,114
UW-Oshkosh Titans,Oskar Kangas,offense,45,10,6
UW-Oshkosh Titans,Oskar Kangas,offense,40,20,18
UW-Oshkosh Titans,Jonah Rindfleisch,offense,40,15,4
UW-Oshkosh Titans,Jonah Rindfleisch,offense,35,10,11
UW-Oshkosh Titans,Jonah Rindfleisch,offense,40,10,19
UW-Oshkosh Titans,Jonah Rindfleisch,offense,30,0,6
UW-Oshkosh Titans,TEAM,offense,30,0,110
UW-Oshkosh Titans,Jonah Rindfleisch,offense,30,5,25
UW-Oshkosh Titans,TEAM,offense,30,5,224
UW-Oshkosh Titans,Aiden Hawkinson,offense,35,20,8
UW-Oshkosh Titans,Aiden Hawkinson,offense,30,10,115
UW-Oshkosh Titans,Aiden Hawkinson,offense,30,15,22
UW-Oshkosh Titans,Aiden Hawkinson,offense,40,15,7
UW-Oshkosh Titans,Aiden Hawkinson,offense,45,20,4
UW-Oshkosh Titans,TEAM,offense,45,20,39
UW-Oshkosh Titans,Aiden Hawkinson,offense,40,20,9
UW-Oshkosh Titans,Aiden Hawkinson,offense,35,25,42
UW-Oshkosh Titans,Aiden Hawkinson,offense,35,30,20
UW-Oshkosh Titans,Aiden Hawkinson,offense,30,30,39
UW-Oshkosh Titans,Aiden Hawkinson,offense,25,30,78
UW-Oshkosh Titans,Aiden Hawkinson,offense,25,35,22
UW-Oshkosh Titans,TEAM,offense,25,35,206
UW-Oshkosh Titans,Aiden Hawkinson,offense,20,35,21
UW-Whitewater,Jonah Rindfleisch,defense,35,20,5
UW-Whitewater,Jonah Rindfleisch,defense,40,20,2
UW-Whitewater,Jonah Rindfleisch,defense,35,15,2
UW-Whitewater,Jonah Rindfleisch,defense,25,10,2
UW-Whitewater,Jonah Rindfleisch,defense,30,10,3
UW-Whitewater,Jonah Rindfleisch,defense,30,5,5
UW-Whitewater,Jonah Rindfleisch,defense,35,5,2
UW-Whitewater,Jonah Rindfleisch,defense,35,10,6
UW-Whitewater,Jonah Rindfleisch,defense,40,10,1
UW-Whitewater,Jonah Rindfleisch,defense,40,15,1
UW-Whitewater,Jonah Rindfleisch,defense,30,20,1
UW-Whitewater,Jonah Rindfleisch,defense,30,25,8
UW-Whitewater,Jonah Rindfleisch,defense,20,20,1
UW-Whitewater,Jonah Rindfleisch,defense,20,10,1
UW-Oshkosh Titans,Oskar Kangas,offense,25,15,18
UW-Oshkosh Titans,Oskar Kangas,offense,30,20,29
UW-Oshkosh Titans,Oskar Kangas,offense,30,15,22
UW-Oshkosh Titans,Oskar Kangas,offense,35,20,33
UW-Whitewater,JR Lukenbill,defense,5,0,3
UW-Whitewater,JR Lukenbill,defense,0,0,8
UW-Oshkosh Titans,Jonah Rindfleisch,offense,0,5,17
UW-Oshkosh Titans,Jonah Rindfleisch,offense,5,5,4
UW-Oshkosh Titans,TEAM,offense,5,5,131
UW-Oshkosh Titans,Jonah Rindfleisch,offense,10,10,11
UW-Oshkosh Titans,Jonah Rindfleisch,offense,10,20,14
UW-Oshkosh Titans,Matt Imig,offense,35,0,4
UW-Oshkosh Titans,Matt Imig,offense,40,5,5
UW-Oshkosh Titans,TEAM,offense,40,5,110
UW-Oshkosh Titans,Matt Imig,offense,10,15,10
UW-Oshkosh Titans,Matt Imig,offense,5,20,10
UW-Oshkosh Titans,Matt Imig,offense,10,20,10
UW-Oshkosh Titans,Matt Imig,offense,10,25,17
UW-Oshkosh Titans,Matt Imig,offense,25,20,15
UW-Oshkosh Titans,Matt Imig,offense,20,35,18
UW-Oshkosh Titans,Matt Imig,offense,25,35,6
UW-Oshkosh Titans,Matt Imig,offense,30,30,25
UW-Oshkosh Titans,Matt Imig,offense,25,30,21
UW-Oshkosh Titans,Matt Imig,offense,20,25,20
UW-Oshkosh Titans,Matt Imig,offense,30,25,23
UW-Oshkosh Titans,Matt Imig,offense,30,20,12
UW-Oshkosh Titans,Matt Imig,offense,25,15,25
UW-Oshkosh Titans,Oskar Kangas,offense,30,5,28
UW-Oshkosh Titans,Oskar Kangas,offense,30,0,6
UW-Oshkosh Titans,Oskar Kangas,offense,35,5,6
UW-Oshkosh Titans,Oskar Kangas,offense,40,5,10
UW-Oshkosh Titans,Jonah Rindfleisch,offense,40,0,6
UW-Oshkosh Titans,Jonah Rindfleisch,offense,40,5,7
UW-Oshkosh Titans,Oskar Kangas,offense,20,10,16
UW-Oshkosh Titans,Oskar Kangas,offense,15,0,21
UW-Oshkosh Titans,Oskar Kangas,offense,10,5,12
UW-Oshkosh Titans,Oskar Kangas,offense,5,5,20
UW-Oshkosh Titans,Oskar Kangas,offense,0,5,28
UW-Oshkosh Titans,Oskar Kangas,offense,0,0,14
UW-Oshkosh Titans,Oskar Kangas,offense,5,0,16
UW-Oshkosh Titans,Oskar Kangas,offense,20,5,18
UW-Whitewater,Richie Warren,defense,5,0,9
UW-Oshkosh Titans,Aiden Hawkinson,offense,0,20,37
UW-Oshkosh Titans,Aiden Hawkinson,offense,5,25,40
UW-Oshkosh Titans,Aiden Hawkinson,offense,0,25,21
UW-Oshkosh Titans,TEAM,offense,0,25,90
UW-Oshkosh Titans,Aiden Hawkinson,offense,10,20,33
UW-Oshkosh Titans,Aiden Hawkinson,offense,10,10,15
UW-Oshkosh Titans,Aiden Hawkinson,offense,5,10,13
UW-Oshkosh Titans,TEAM,offense,5,10,111
UW-Oshkosh Titans,Jonah Rindfleisch,offense,30,25,18
UW-Oshkosh Titans,Jonah Rindfleisch,offense,30,20,4
UW-Oshkosh Titans,Jonah Rindfleisch,offense,30,30,28
UW-Oshkosh Titans,Jonah Rindfleisch,offense,20,15,27
UW-Oshkosh Titans,Jonah Rindfleisch,offense,25,15,19
UW-Oshkosh Titans,Jonah Rindfleisch,offense,30,15,16
UW-Oshkosh Titans,Aiden Hawkinson,offense,5,20,28
UW-Oshkosh Titans,Aiden Hawkinson,offense,0,10,15
UW-Oshkosh Titans,Aiden Hawkinson,offense,0,5,46
UW-Oshkosh Titans,Oskar Kangas,offense,25,5,25
UW-Oshkosh Titans,Oskar Kangas,offense,25,10,10
UW-Oshkosh Titans,Oskar Kangas,defense,15,15,45
UW-Oshkosh Titans,Oskar Kangas,defense,10,5,36
UW-Oshkosh Titans,Oskar Kangas,defense,10,10,52
UW-Oshkosh Titans,Oskar Kangas,defense,15,10,105
UW-Oshkosh Titans,Oskar Kangas,defense,20,15,42
UW-Oshkosh Titans,Oskar Kangas,defense,20,20,31
UW-Oshkosh Titans,Oskar Kangas,defense,10,20,18
UW-Oshkosh Titans,Oskar Kangas,defense,10,25,6
UW-Oshkosh Titans,Oskar Kangas,defense,10,30,4
UW-Oshkosh Titans,Oskar Kangas,defense,10,35,13
UW-Oshkosh Titans,Oskar Kangas,defense,20,35,14
UW-Oshkosh Titans,Oskar Kangas,defense,20,40,13
UW-Oshkosh Titans,Oskar Kangas,defense,20,30,18
UW-Oshkosh Titans,Jonah Rindfleisch,defense,30,20,36
UW-Oshkosh Titans,Jonah Rindfleisch,defense,30,25,17
UW-Oshkosh Titans,Jonah Rindfleisch,defense,30,30,19
UW-Oshkosh Titans,Jonah Rindfleisch,defense,25,25,12
UW-Oshkosh Titans,Jonah Rindfleisch,defense,25,30,17
UW-Oshkosh Titans,Jonah Rindfleisch,defense,25,35,15
UW-Oshkosh Titans,TEAM,defense,25,35,93
UW-Oshkosh Titans,Jonah Rindfleisch,defense,30,35,22
UW-Oshkosh Titans,Jonah Rindfleisch,defense,30,40,14
UW-Oshkosh Titans,Jonah Rindfleisch,defense,25,40,17
UW-Oshkosh Titans,Jonah Rindfleisch,defense,30,45,7
UW-Oshkosh Titans,Logan Rindfleisch,defense,20,5,3
UW-Oshkosh Titans,Logan Rindfleisch,defense,25,5,30
UW-Oshkosh Titans,Logan Rindfleisch,defense,20,15,27
UW-Oshkosh Titans,Logan Rindfleisch,defense,15,10,30
UW-Oshkosh Titans,Logan Rindfleisch,defense,20,10,33
UW-Oshkosh Titans,Logan Rindfleisch,defense,15,15,128
UW-Oshkosh Titans,Aiden Hawkinson,defense,30,15,122
UW-Oshkosh Titans,Aiden Hawkinson,defense,30,20,23
UW-Oshkosh Titans,Aiden Hawkinson,defense,35,20,14
UW-Oshkosh Titans,TEAM,defense,35,20,206
UW-Oshkosh Titans,Aiden Hawkinson,defense,35,15,27
UW-Oshkosh Titans,Aiden Hawkinson,defense,35,10,29
UW-Oshkosh Titans,Aiden Hawkinson,defense,40,10,7
UW-Oshkosh Titans,Aiden Hawkinson,defense,30,5,98
UW-Oshkosh Titans,Aiden Hawkinson,defense,20,5,71
UW-Whitewater,JR Lukenbill,offense,25,30,54
UW-Whitewater,JR Lukenbill,offense,20,35,15
UW-Whitewater,JR Lukenbill,offense,15,45,15
UW-Oshkosh Titans,Matt Imig,defense,20,30,9
UW-Oshkosh Titans,Matt Imig,defense,20,35,10
UW-Oshkosh Titans,Matt Imig,defense,20,40,5
UW-Oshkosh Titans,Matt Imig,defense,15,45,1
UW-Oshkosh Titans,Logan Rindfleisch,defense,30,5,17
UW-Oshkosh Titans,Logan Rindfleisch,defense,25,0,4
UW-Oshkosh Titans,Logan Rindfleisch,defense,25,10,37
UW-Oshkosh Titans,Logan Rindfleisch,defense,25,15,22
UW-Oshkosh Titans,Logan Rindfleisch,defense,30,15,14
UW-Oshkosh Titans,Logan Rindfleisch,defense,25,20,21
UW-Oshkosh Titans,Logan Rindfleisch,defense,25,25,11
UW-Oshkosh Titans,Logan Rindfleisch,defense,20,35,11
UW-Oshkosh Titans,Jonah Rindfleisch,defense,10,35,8
UW-Oshkosh Titans,Jonah Rindfleisch,defense,20,40,7
UW-Oshkosh Titans,Jonah Rindfleisch,defense,15,40,7
UW-Oshkosh Titans,Jonah Rindfleisch,defense,10,40,5
UW-Oshkosh Titans,Jonah Rindfleisch,defense,5,40,1
UW-Oshkosh Titans,TEAM,defense,5,40,33
UW-Oshkosh Titans,Jonah Rindfleisch,defense,5,45,2
UW-Oshkosh Titans,Jonah Rindfleisch,defense,5,35,1
UW-Oshkosh Titans,TEAM,defense,5,35,66
UW-Oshkosh Titans,Jonah Rindfleisch,defense,0,30,1
UW-Oshkosh Titans,Jonah Rindfleisch,defense,0,20,1
UW-Whitewater,JR Lukenbill,offense,25,40,19
UW-Whitewater,JR Lukenbill,offense,30,35,17
UW-Whitewater,JR Lukenbill,offense,35,30,34
UW-Oshkosh Titans,Matt Imig,defense,5,45,1
UW-Oshkosh Titans,Matt Imig,defense,5,40,3
UW-Oshkosh Titans,Matt Imig,defense,5,35,3
UW-Oshkosh Titans,Aiden Hawkinson,offense,25,40,8
UW-Oshkosh Titans,Jonah Rindfleisch,offense,35,30,21
UW-Oshkosh Titans,Jonah Rindfleisch,offense,40,25,12
UW-Oshkosh Titans,Jonah Rindfleisch,offense,35,25,11
UW-Oshkosh Titans,Jonah Rindfleisch,offense,25,20,17
UW-Oshkosh Titans,Jonah Rindfleisch,offense,25,10,54
UW-Oshkosh Titans,Oskar Kangas,offense,10,10,11
UW-Oshkosh Titans,Oskar Kangas,offense,0,10,12
UW-Oshkosh Titans,Logan Rindfleisch,offense,15,45,1
UW-Oshkosh Titans,Logan Rindfleisch,offense,15,40,5
UW-Oshkosh Titans,Logan Rindfleisch,offense,25,35,12
UW-Oshkosh Titans,Logan Rindfleisch,offense,5,20,8
UW-Oshkosh Titans,Logan Rindfleisch,offense,15,20,11
UW-Oshkosh Titans,Logan Rindfleisch,offense,30,5,2
UW-Oshkosh Titans,Logan Rindfleisch,offense,35,5,2
UW-Oshkosh Titans,Logan Rindfleisch,offense,35,0,3
UW-Oshkosh Titans,Logan Rindfleisch,offense,40,0,3
UW-Whitewater,JR Lukenbill,defense,35,35,20
UW-Oshkosh Titans,Matt Imig,offense,0,5,20
UW-Oshkosh Titans,Matt Imig,offense,5,25,13
UW-Oshkosh Titans,Matt Imig,offense,10,30,12
UW-Oshkosh Titans,Jonah Rindfleisch,offense,40,30,33
UW-Oshkosh Titans,Jonah Rindfleisch,offense,25,30,21
UW-Oshkosh Titans,Oskar Kangas,offense,0,15,10
UW-Oshkosh Titans,Oskar Kangas,offense,0,20,14
UW-Oshkosh Titans,Oskar Kangas,offense,5,25,29
UW-Oshkosh Titans,Oskar Kangas,offense,10,25,12
UW-Oshkosh Titans,Oskar Kangas,offense,15,25,27
UW-Oshkosh Titans,Oskar Kangas,offense,15,30,49
UW-Oshkosh Titans,Oskar Kangas,offense,20,30,69
UW-Oshkosh Titans,Oskar Kangas,offense,25,30,53
UW-Oshkosh Titans,Oskar Kangas,offense,30,30,41
UW-Oshkosh Titans,Oskar Kangas,offense,35,25,42
UW-Oshkosh Titans,Oskar Kangas,offense,30,25,10
UW-Oshkosh Titans,Oskar Kangas,offense,40,30,30
UW-Oshkosh Titans,Oskar Kangas,offense,35,35,4
UW-Oshkosh Titans,Oskar Kangas,offense,40,40,13
UW-Oshkosh Titans,TEAM,offense,40,40,140
UW-Oshkosh Titans,Aiden Hawkinson,offense,5,0,10
UW-Oshkosh Titans,Aiden Hawkinson,offense,0,0,8
UW-Oshkosh Titans,Aiden Hawkinson,offense,5,5,12
UW-Oshkosh Titans,Aiden Hawkinson,offense,20,5,12
UW-Oshkosh Titans,Aiden Hawkinson,offense,25,5,15
UW-Oshkosh Titans,Aiden Hawkinson,offense,20,10,12
UW-Oshkosh Titans,Matt Imig,offense,15,10,86
UW-Oshkosh Titans,Matt Imig,offense,15,5,8
UW-Oshkosh Titans,Matt Imig,offense,20,0,11
UW-Oshkosh Titans,Matt Imig,offense,10,10,4
UW-Oshkosh Titans,Matt Imig,offense,5,10,8
UW-Oshkosh Titans,Matt Imig,offense,5,15,5
UW-Oshkosh Titans,TEAM,offense,5,15,124
UW-Oshkosh Titans,Matt Imig,offense,15,20,11
UW-Oshkosh Titans,Matt Imig,offense,25,10,10
UW-Oshkosh Titans,Matt Imig,offense,20,5,9
UW-Oshkosh Titans,Matt Imig,offense,20,10,33
UW-Oshkosh Titans,Jonah Rindfleisch,offense,30,10,88
UW-Oshkosh Titans,Jonah Rindfleisch,offense,20,10,9
UW-Oshkosh Titans,Jonah Rindfleisch,offense,15,5,20
UW-Oshkosh Titans,Jonah Rindfleisch,offense,10,15,6
UW-Oshkosh Titans,Jonah Rindfleisch,offense,20,35,10
UW-Oshkosh Titans,Jonah Rindfleisch,offense,25,40,13
UW-Oshkosh Titans,Jonah Rindfleisch,offense,30,40,3
UW-Oshkosh Titans,Jonah Rindfleisch,offense,30,45,3
UW-Oshkosh Titans,Logan Rindfleisch,offense,15,25,3
UW-Oshkosh Titans,Logan Rindfleisch,offense,30,30,21
UW-Oshkosh Titans,Logan Rindfleisch,offense,25,40,3
UW-Oshkosh Titans,Logan Rindfleisch,offense,30,40,3
UW-Oshkosh Titans,Logan Rindfleisch,offense,35,45,2
UW-Oshkosh Titans,Aiden Hawkinson,offense,25,10,30
UW-Oshkosh Titans,Aiden Hawkinson,offense,40,30,6
UW-Oshkosh Titans,Aiden Hawkinson,offense,40,35,15
UW-Oshkosh Titans,Aiden Hawkinson,offense,40,40,10
UW-Oshkosh Titans,Aiden Hawkinson,offense,40,45,2
UW-Oshkosh Titans,Oskar Kangas,offense,45,45,2
UW-Oshkosh Titans,TEAM,offense,45,45,7
UW-Oshkosh Titans,Oskar Kangas,offense,35,30,16
UW-Oshkosh Titans,Matt Imig,offense,35,40,18
UW-Oshkosh Titans,Matt Imig,offense,35,35,25
UW-Oshkosh Titans,Matt Imig,offense,40,35,13
UW-Oshkosh Titans,Matt Imig,offense,45,15,14
UW-Oshkosh Titans,Jonah Rindfleisch,offense,45,30,3
UW-Oshkosh Titans,Jonah Rindfleisch,offense,45,35,1
UW-Oshkosh Titans,Jonah Rindfleisch,offense,40,35,9
UW-Oshkosh Titans,Oskar Kangas,offense,40,35,9
UW-Oshkosh Titans,Aiden Hawkinson,offense,45,40,3
UW-Oshkosh Titans,Logan Rindfleisch,offense,40,40,2
UW-Oshkosh Titans,Logan Rindfleisch,offense,45,35,1
UW-Whitewater,Brock Marino,offense,30,0,20
UW-Whitewater,Richie Warren,offense,5,45,10
UW-Oshkosh Titans,Brandon Beck,defense,0,40,2
UW-Oshkosh Titans,Brandon Beck,defense,5,35,15
UW-Oshkosh Titans,Carter Thomas,defense,30,40,19
UW-Oshkosh Titans,Carter Thomas,defense,35,40,4
UW-Oshkosh Titans,TEAM,defense,35,40,144
UW-Oshkosh Titans,Carter Thomas,defense,25,15,51
UW-Oshkosh Titans,Joey LaChapell,defense,10,35,8
UW-Oshkosh Titans,Joey LaChapell,defense,15,35,9
UW-Oshkosh Titans,Joey LaChapell,defense,20,35,3
UW-Oshkosh Titans,Joey LaChapell,defense,5,35,7
UW-Oshkosh Titans,Michael Metcalf-Grassman,defense,0,40,21
UW-Oshkosh Titans,Michael Metcalf-Grassman,defense,5,35,11
UW-Oshkosh Titans,Michael Metcalf-Grassman,defense,5,30,6
UW-Oshkosh Titans,TEAM,defense,5,30,91
UW-Oshkosh Titans,Nate Nazos,defense,0,40,6
UW-Oshkosh Titans,Nate Nazos,defense,20,5,55
UW-Oshkosh Titans,Joey LaChapell,defense,10,25,8
UW-Oshkosh Titans,Joey LaChapell,defense,10,20,14
UW-Oshkosh Titans,Joey LaChapell,defense,15,15,51
UW-Oshkosh Titans,Joey LaChapell,defense,20,15,65
UW-Oshkosh Titans,Joey LaChapell,defense,20,20,30
UW-Oshkosh Titans,Michael Metcalf-Grassman,defense,35,30,10
UW-Oshkosh Titans,Carter Thomas,defense,30,35,10
UW-Oshkosh Titans,Brandon Beck,defense,30,10,65
UW-Oshkosh Titans,Brandon Beck,defense,30,5,59
UW-Oshkosh Titans,Brandon Beck,defense,30,0,14
UW-Oshkosh Titans,TEAM,defense,30,0,203
UW-Oshkosh Titans,Brandon Beck,defense,35,10,26
UW-Oshkosh Titans,Brandon Beck,defense,10,0,3
UW-Whitewater,JR Lukenbill,offense,25,0,25
UW-Whitewater,JR Lukenbill,offense,30,0,9
UW-Whitewater,JR Lukenbill,offense,35,0,10
UW-Oshkosh Titans,Michael Metcalf-Grassman,defense,40,10,6
UW-Oshkosh Titans,Michael Metcalf-Grassman,defense,35,5,2
UW-Oshkosh Titans,Michael Metcalf-Grassman,defense,35,25,18
UW-Oshkosh Titans,TEAM,defense,35,25,136
UW-Oshkosh Titans,Michael Metcalf-Grassman,defense,30,25,11
UW-Oshkosh Titans,Michael Metcalf-Grassman,defense,40,20,3
UW-Oshkosh Titans,TEAM,defense,40,20,51
UW-Oshkosh Titans,Michael Metcalf-Grassman,defense,35,20,28
UW-Oshkosh Titans,Nate Nazos,defense,0,45,2
UW-Oshkosh Titans,TEAM,defense,0,45,7
UW-Whitewater,Brock Marino,offense,45,45,3
UW-Oshkosh Titans,Nate Nazos,defense,45,10,10
UW-Oshkosh Titans,TEAM,defense,45,10,50
UW-Oshkosh Titans,Nate Nazos,defense,35,10,22
UW-Oshkosh Titans,Nate Nazos,defense,35,5,17
UW-Oshkosh Titans,Nate Nazos,defense,25,5,64
UW-Oshkosh Titans,Nate Nazos,defense,30,5,66
UW-Whitewater,JR Lukenbill,offense,35,20,47
UW-Whitewater,JR Lukenbill,offense,35,35,20
UW-Whitewater,JR Lukenbill,offense,35,40,16
UW-Oshkosh Titans,Carter Thomas,offense,30,40,7
UW-Oshkosh Titans,Carter Thomas,offense,35,40,6
UW-Oshkosh Titans,Joey LaChapell,offense,0,40,10
UW-Oshkosh Titans,TEAM,offense,0,40,29
UW-Oshkosh Titans,Joey LaChapell,offense,0,20,8
UW-Oshkosh Titans,Joey LaChapell,offense,5,25,8
UW-Oshkosh Titans,Nate Nazos,offense,5,35,17
UW-Oshkosh Titans,TEAM,offense,5,35,98
UW-Oshkosh Titans,Michael Metcalf-Grassman,offense,15,40,14
UW-Oshkosh Titans,Michael Metcalf-Grassman,offense,20,20,110
UW-Oshkosh Titans,TEAM,offense,20,20,794
UW-Oshkosh Titans,Michael Metcalf-Grassman,offense,25,10,28
UW-Oshkosh Titans,Michael Metcalf-Grassman,offense,35,45,4
UW-Oshkosh Titans,Michael Metcalf-Grassman,offense,35,30,28
UW-Oshkosh Titans,Michael Metcalf-Grassman,offense,25,20,92
UW-Oshkosh Titans,Carter Thomas,offense,10,20,14
UW-Oshkosh Titans,Carter Thomas,offense,10,30,7
UW-Oshkosh Titans,Carter Thomas,offense,5,25,6
UW-Whitewater,JR Lukenbill,defense,20,0,23
UW-Whitewater,JR Lukenbill,defense,40,0,1
UW-Whitewater,Collin Madson,defense,45,0,4
UW-Oshkosh Titans,Brandon Beck,offense,30,15,33
UW-Oshkosh Titans,Brandon Beck,offense,35,15,12
UW-Oshkosh Titans,Brandon Beck,offense,30,10,18
UW-Oshkosh Titans,Brandon Beck,offense,30,5,19
UW-Oshkosh Titans,Brandon Beck,offense,30,0,25
UW-Oshkosh Titans,Carter Thomas,offense,0,15,11
UW-Oshkosh Titans,Carter Thomas,offense,0,5,18
UW-Oshkosh Titans,Carter Thomas,offense,0,10,12
UW-Oshkosh Titans,Carter Thomas,offense,5,10,10
UW-Oshkosh Titans,Carter Thomas,offense,10,10,42
UW-Oshkosh Titans,Carter Thomas,offense,15,15,25
UW-Oshkosh Titans,TEAM,offense,15,15,276
UW-Oshkosh Titans,Carter Thomas,offense,20,15,54
UW-Oshkosh Titans,Carter Thomas,offense,20,20,148
UW-Oshkosh Titans,Joey LaChapell,offense,30,40,10
UW-Oshkosh Titans,Joey LaChapell,offense,30,45,4
UW-Oshkosh Titans,Michael Metcalf-Grassman,offense,25,30,47
UW-Oshkosh Titans,Michael Metcalf-Grassman,offense,25,35,37
UW-Oshkosh Titans,Michael Metcalf-Grassman,offense,25,40,33
UW-Oshkosh Titans,Nate Nazos,offense,30,5,10
UW-Oshkosh Titans,Nate Nazos,offense,25,5,22
UW-Oshkosh Titans,Nate Nazos,offense,25,10,35
UW-Oshkosh Titans,Joey LaChapell,offense,25,35,15
UW-Oshkosh Titans,Joey LaChapell,offense,20,45,2
UW-Whitewater,JR Lukenbill,defense,15,40,15
UW-Whitewater,JR Lukenbill,offense,30,45,3
UW-Whitewater,JR Lukenbill,offense,25,45,9
UW-Oshkosh Titans,Brandon Beck,defense,25,35,7
UW-Oshkosh Titans,Brandon Beck,defense,25,30,20
UW-Oshkosh Titans,Brandon Beck,defense,25,25,31
UW-Oshkosh Titans,Brandon Beck,defense,20,20,66
UW-Oshkosh Titans,Brandon Beck,defense,20,15,55
UW-Oshkosh Titans,Brandon Beck,defense,25,20,46
UW-Oshkosh Titans,Brandon Beck,defense,35,20,9
UW-Oshkosh Titans,Brandon Beck,defense,40,20,1
UW-Whitewater,Brock Marino,offense,5,40,15
UW-Whitewater,Richie Warren,offense,0,25,11
UW-Oshkosh Titans,Nate Nazos,defense,20,40,14
UW-Oshkosh Titans,Nate Nazos,defense,15,40,34
UW-Whitewater,JR Lukenbill,offense,45,30,9
UW-Whitewater,JR Lukenbill,offense,45,25,7
UW-Oshkosh Titans,Michael Metcalf-Grassman,defense,0,35,4
UW-Oshkosh Titans,Carter Thomas,defense,15,25,18
UW-Oshkosh Titans,Carter Thomas,defense,0,20,11
UW-Oshkosh Titans,Nate Nazos,defense,5,30,12
UW-Oshkosh Titans,Joey LaChapell,defense,10,15,15
UW-Whitewater,JR Lukenbill,offense,15,25,101
UW-Whitewater,JR Lukenbill,offense,20,30,55
UW-Oshkosh Titans,Carter Thomas,defense,30,25,12
UW-Oshkosh Titans,Carter Thomas,defense,30,15,37
UW-Oshkosh Titans,Carter Thomas,defense,25,20,27
UW-Oshkosh Titans,Carter Thomas,defense,20,20,56
UW-Oshkosh Titans,Carter Thomas,defense,10,25,5
UW-Oshkosh Titans,Carter Thomas,defense,5,25,7
UW-Oshkosh Titans,Carter Thomas,defense,0,25,4
UW-Oshkosh Titans,Carter Thomas,defense,0,30,1
UW-Oshkosh Titans,Carter Thomas,defense,5,30,3
UW-Oshkosh Titans,Nate Nazos,defense,15,25,13
UW-Oshkosh Titans,Nate Nazos,defense,35,20,27
UW-Oshkosh Titans,Michael Metcalf-Grassman,defense,30,30,6
UW-Oshkosh Titans,Michael Metcalf-Grassman,defense,40,25,6
UW-Oshkosh Titans,TEAM,defense,40,25,53
UW-Oshkosh Titans,Joey LaChapell,defense,15,30,6
UW-Oshkosh Titans,Joey LaChapell,defense,20,25,44
UW-Oshkosh Titans,Joey LaChapell,defense,35,20,27
UW-Oshkosh Titans,Joey LaChapell,defense,35,25,9
UW-Oshkosh Titans,Joey LaChapell,defense,40,20,8
UW-Oshkosh Titans,Joey LaChapell,defense,30,25,20
UW-Oshkosh Titans,Joey LaChapell,defense,40,15,4
UW-Oshkosh Titans,TEAM,defense,40,15,54
UW-Whitewater,Luke Bara,offense,0,35,6
UW-Whitewater,JR Lukenbill,offense,40,15,29
UW-Whitewater,JR Lukenbill,offense,40,10,58
UW-Whitewater,JR Lukenbill,offense,45,5,88
UW-Whitewater,JR Lukenbill,offense,40,5,31
UW-Whitewater,JR Lukenbill,offense,35,10,44
UW-Whitewater,JR Lukenbill,offense,35,25,41
UW-Whitewater,JR Lukenbill,offense,40,20,25
UW-Whitewater,JR Lukenbill,offense,25,5,60
UW-Whitewater,JR Lukenbill,offense,20,10,32
UW-Whitewater,JR Lukenbill,offense,10,10,46
UW-Whitewater,JR Lukenbill,offense,0,25,23
UW-Whitewater,JR Lukenbill,offense,0,20,170
UW-Oshkosh Titans,Nate Nazos,defense,10,25,15
UW-Oshkosh Titans,Nate Nazos,defense,25,15,32
UW-Oshkosh Titans,Carter Thomas,defense,10,30,7
UW-Oshkosh Titans,Carter Thomas,defense,30,10,148
UW-Oshkosh Titans,Carter Thomas,defense,30,5,87
UW-Oshkosh Titans,Carter Thomas,defense,35,10,55
UW-Oshkosh Titans,Joey LaChapell,defense,5,10,3
UW-Oshkosh Titans,Joey LaChapell,defense,10,10,50
UW-Oshkosh Titans,Joey LaChapell,defense,10,5,29
UW-Oshkosh Titans,Joey LaChapell,defense,15,5,45
UW-Oshkosh Titans,Joey LaChapell,defense,5,5,7
UW-Oshkosh Titans,Joey LaChapell,defense,15,10,66
UW-Oshkosh Titans,Joey LaChapell,defense,5,30,7
UW-Oshkosh Titans,Joey LaChapell,defense,20,30,17
UW-Oshkosh Titans,Joey LaChapell,defense,15,25,10
UW-Oshkosh Titans,Joey LaChapell,defense,0,5,4
UW-Oshkosh Titans,TEAM,defense,0,5,95
UW-Oshkosh Titans,Joey LaChapell,defense,0,15,4
UW-Oshkosh Titans,Joey LaChapell,defense,0,10,6
UW-Whitewater,Brock Marino,offense,20,45,11
UW-Oshkosh Titans,Nate Nazos,defense,0,0,1
UW-Oshkosh Titans,TEAM,defense,0,0,30
UW-Oshkosh Titans,Nate Nazos,defense,20,0,42
UW-Oshkosh Titans,Nate Nazos,defense,5,15,20
UW-Oshkosh Titans,Nate Nazos,defense,5,20,35
UW-Oshkosh Titans,TEAM,defense,5,20,153
UW-Whitewater,Luke Bara,offense,40,0,20
UW-Oshkosh Titans,Carter Thomas,defense,30,20,22
UW-Oshkosh Titans,Carter Thomas,defense,20,15,49
UW-Oshkosh Titans,Brandon Beck,defense,25,5,46
UW-Oshkosh Titans,Michael Metcalf-Grassman,defense,0,5,5
UW-Oshkosh Titans,Michael Metcalf-Grassman,defense,0,25,2
UW-Oshkosh Titans,Michael Metcalf-Grassman,defense,5,20,24
UW-Oshkosh Titans,Michael Metcalf-Grassman,defense,5,25,3
UW-Oshkosh Titans,Michael Metcalf-Grassman,defense,20,35,7
UW-Oshkosh Titans,Michael Metcalf-Grassman,defense,20,40,11
UW-Oshkosh Titans,Michael Metcalf-Grassman,defense,25,40,7
UW-Oshkosh Titans,Michael Metcalf-Grassman,defense,30,45,8
UW-Whitewater,Collin Madson,offense,20,45,10
UW-Oshkosh Titans,Brandon Beck,defense,35,0,2
UW-Oshkosh Titans,TEAM,defense,35,0,70
UW-Oshkosh Titans,Brandon Beck,defense,45,5,1
UW-Oshkosh Titans,TEAM,defense,45,5,36
UW-Oshkosh Titans,Brandon Beck,defense,45,10,3
UW-Oshkosh Titans,Carter Thomas,defense,20,25,42
UW-Whitewater,Brock Marino,defense,45,20,15
UW-Whitewater,Richie Warren,defense,10,40,6
UW-Whitewater,JR Lukenbill,defense,5,15,18
UW-Whitewater,JR Lukenbill,defense,0,15,18
UW-Whitewater,JR Lukenbill,defense,5,20,20
UW-Whitewater,JR Lukenbill,defense,10,20,32
UW-Whitewater,JR Lukenbill,defense,20,5,135
UW-Whitewater,JR Lukenbill,defense,5,5,25
UW-Whitewater,JR Lukenbill,defense,35,25,27
UW-Whitewater,JR Lukenbill,defense,25,25,81
UW-Whitewater,Brock Marino,defense,0,15,30
UW-Oshkosh Titans,Vitorio Dante,defense,40,15,14
UW-Oshkosh Titans,Vitorio Dante,defense,45,15,5
UW-Oshkosh Titans,Vitorio Dante,defense,40,20,3
UW-Oshkosh Titans,Vitorio Dante,defense,40,25,3
UW-Oshkosh Titans,Vitorio Dante,defense,35,25,15
UW-Oshkosh Titans,Jay Dalton,defense,30,20,24
UW-Oshkosh Titans,Jay Dalton,defense,35,20,7
UW-Oshkosh Titans,Jay Dalton,defense,30,15,14
UW-Oshkosh Titans,Jay Dalton,defense,35,15,4
UW-Oshkosh Titans,Jay Dalton,defense,40,25,2
UW-Oshkosh Titans,Jay Dalton,defense,35,25,2
UW-Oshkosh Titans,Jay Dalton,defense,35,40,10
UW-Oshkosh Titans,Jay Dalton,defense,30,45,2
UW-Whitewater,JR Lukenbill,offense,40,30,15
UW-Whitewater,JR Lukenbill,offense,40,35,10
UW-Whitewater,JR Lukenbill,offense,35,45,3
UW-Oshkosh Titans,Logan Rindfleisch,defense,30,10,14
UW-Oshkosh Titans,Logan Rindfleisch,defense,20,0,6
UW-Oshkosh Titans,Logan Rindfleisch,defense,10,25,10
UW-Whitewater,Collin Madson,offense,40,40,29
UW-Oshkosh Titans,Aiden Hawkinson,defense,25,5,74
UW-Oshkosh Titans,Aiden Hawkinson,defense,30,10,65
UW-Oshkosh Titans,Aiden Hawkinson,defense,25,0,11
UW-Oshkosh Titans,Aiden Hawkinson,defense,25,10,61
UW-Oshkosh Titans,Aiden Hawkinson,defense,40,5,17
UW-Oshkosh Titans,Vitorio Dante,defense,20,35,6
UW-Oshkosh Titans,Vitorio Dante,defense,45,30,2
UW-Oshkosh Titans,TEAM,defense,45,30,7
UW-Oshkosh Titans,Vitorio Dante,defense,45,25,5
UW-Oshkosh Titans,TEAM,defense,45,25,19
UW-Oshkosh Titans,Oskar Kangas,defense,25,10,69
UW-Oshkosh Titans,Oskar Kangas,defense,20,10,51
UW-Oshkosh Titans,Oskar Kangas,defense,15,25,47
UW-Oshkosh Titans,Oskar Kangas,defense,15,45,6
UW-Oshkosh Titans,Logan Rindfleisch,offense,45,45,2
UW-Oshkosh Titans,Logan Rindfleisch,offense,45,40,1
UW-Whitewater,JR Lukenbill,defense,25,40,19
UW-Whitewater,JR Lukenbill,defense,20,40,11
UW-Whitewater,Richie Warren,defense,5,40,6
UW-Whitewater,JR Lukenbill,defense,35,40,10
UW-Whitewater,JR Lukenbill,defense,30,20,111
UW-Oshkosh Titans,Jay Dalton,offense,40,40,2
UW-Oshkosh Titans,Jay Dalton,offense,45,30,1
UW-Oshkosh Titans,Jay Dalton,offense,40,30,3
UW-Oshkosh Titans,Jay Dalton,offense,30,15,1
UW-Oshkosh Titans,Jay Dalton,offense,35,0,1
UW-Oshkosh Titans,Jay Dalton,offense,45,25,1
UW-Oshkosh Titans,Jay Dalton,offense,45,15,8
UW-Oshkosh Titans,Jay Dalton,offense,35,25,2
UW-Oshkosh Titans,Jay Dalton,offense,25,35,1
UW-Oshkosh Titans,Jay Dalton,offense,30,35,8
UW-Oshkosh Titans,Jay Dalton,offense,25,30,8
UW-Oshkosh Titans,Jay Dalton,offense,20,25,4
UW-Oshkosh Titans,Jay Dalton,offense,15,25,8
UW-Oshkosh Titans,Jay Dalton,offense,10,20,4
UW-Oshkosh Titans,Jay Dalton,offense,5,20,6
UW-Oshkosh Titans,Vitorio Dante,offense,15,30,39
UW-Oshkosh Titans,Vitorio Dante,offense,20,35,29
UW-Oshkosh Titans,Vitorio Dante,offense,25,30,26
UW-Whitewater,Brock Marino,defense,45,10,8
UW-Whitewater,Brock Marino,defense,40,35,5
UW-Oshkosh Titans,Aiden Hawkinson,offense,10,25,28
UW-Oshkosh Titans,Aiden Hawkinson,offense,10,30,24
UW-Oshkosh Titans,Aiden Hawkinson,offense,5,30,22
UW-Oshkosh Titans,Oskar Kangas,offense,30,35,11
UW-Oshkosh Titans,Oskar Kangas,offense,25,25,32
UW-Oshkosh Titans,Oskar Kangas,offense,20,35,7
UW-Oshkosh Titans,Oskar Kangas,offense,20,25,49
UW-Oshkosh Titans,Oskar Kangas,offense,15,35,13
UW-Oshkosh Titans,Oskar Kangas,offense,15,40,3
UW-Oshkosh Titans,Oskar Kangas,offense,15,45,1
UW-Oshkosh Titans,Logan Rindfleisch,offense,45,15,1
UW-Oshkosh Titans,Logan Rindfleisch,offense,40,10,6
UW-Oshkosh Titans,Vitorio Dante,offense,10,10,8
UW-Oshkosh Titans,Vitorio Dante,offense,0,5,18
UW-Oshkosh Titans,Vitorio Dante,offense,0,10,18
UW-Oshkosh Titans,Vitorio Dante,offense,0,0,10
UW-Oshkosh Titans,Vitorio Dante,offense,20,10,23
UW-Oshkosh Titans,Vitorio Dante,offense,5,0,2
UW-Oshkosh Titans,Vitorio Dante,offense,30,5,19
UW-Oshkosh Titans,Vitorio Dante,offense,25,5,21
UW-Oshkosh Titans,Vitorio Dante,offense,20,5,11
UW-Oshkosh Titans,Vitorio Dante,offense,45,10,5
UW-Oshkosh Titans,Logan Rindfleisch,offense,40,20,8
UW-Oshkosh Titans,Logan Rindfleisch,offense,40,25,7
UW-Oshkosh Titans,Logan Rindfleisch,offense,35,30,7
UW-Oshkosh Titans,Logan Rindfleisch,offense,25,30,13
UW-Oshkosh Titans,Aiden Hawkinson,offense,15,5,15
UW-Oshkosh Titans,Aiden Hawkinson,offense,15,10,18
UW-Oshkosh Titans,Aiden Hawkinson,offense,15,0,11
UW-Oshkosh Titans,Jay Dalton,offense,40,0,3
UW-Oshkosh Titans,Jay Dalton,offense,45,5,2
UW-Oshkosh Titans,TEAM,offense,45,5,191
UW-Oshkosh Titans,Jay Dalton,offense,40,5,4
UW-Oshkosh Titans,Jay Dalton,offense,40,10,3
UW-Oshkosh Titans,Jay Dalton,offense,40,15,3
UW-Oshkosh Titans,Jay Dalton,offense,40,20,1
UW-Oshkosh Titans,Jay Dalton,offense,35,20,3
UW-Oshkosh Titans,Jay Dalton,offense,30,25,5
UW-Oshkosh Titans,Jay Dalton,offense,35,40,1
UW-Oshkosh Titans,Jay Dalton,offense,35,45,1
UW-Oshkosh Titans,Logan Rindfleisch,offense,10,5,5
UW-Oshkosh Titans,Logan Rindfleisch,offense,15,5,17
UW-Oshkosh Titans,Logan Rindfleisch,offense,15,10,19
UW-Oshkosh Titans,Logan Rindfleisch,offense,20,10,8
UW-Oshkosh Titans,Logan Rindfleisch,offense,20,15,16
UW-Oshkosh Titans,Aiden Hawkinson,offense,35,5,2
UW-Oshkosh Titans,Aiden Hawkinson,offense,35,10,8
UW-Oshkosh Titans,Aiden Hawkinson,offense,15,15,27
UW-Oshkosh Titans,Jay Dalton,defense,30,40,4
UW-Oshkosh Titans,Jay Dalton,defense,30,35,7
UW-Oshkosh Titans,Jay Dalton,defense,35,35,2
UW-Oshkosh Titans,TEAM,defense,35,35,87
UW-Oshkosh Titans,Jay Dalton,defense,35,30,4
UW-Oshkosh Titans,Jay Dalton,defense,25,5,28
UW-Whitewater,JR Lukenbill,offense,20,45,9
UW-Whitewater,JR Lukenbill,offense,25,35,25
UW-Oshkosh Titans,Oskar Kangas,defense,35,45,8
UW-Oshkosh Titans,TEAM,defense,35,45,59
UW-Oshkosh Titans,Oskar Kangas,defense,25,40,8
UW-Oshkosh Titans,Vitorio Dante,defense,30,45,4
UW-Oshkosh Titans,Vitorio Dante,defense,25,35,5
UW-Oshkosh Titans,Vitorio Dante,defense,20,30,19
UW-Oshkosh Titans,Vitorio Dante,defense,15,20,34
UW-Oshkosh Titans,Vitorio Dante,defense,10,15,24
UW-Oshkosh Titans,Vitorio Dante,defense,30,15,39
UW-Oshkosh Titans,Vitorio Dante,defense,35,20,10
UW-Oshkosh Titans,Vitorio Dante,defense,20,15,49
UW-Oshkosh Titans,Vitorio Dante,defense,25,10,61
UW-Oshkosh Titans,Logan Rindfleisch,defense,0,40,8
UW-Oshkosh Titans,Logan Rindfleisch,defense,30,30,5
UW-Oshkosh Titans,Logan Rindfleisch,defense,30,20,10
UW-Oshkosh Titans,Logan Rindfleisch,defense,10,10,28
UW-Oshkosh Titans,Logan Rindfleisch,defense,10,15,10
UW-Oshkosh Titans,Vitorio Dante,defense,0,40,1
UW-Oshkosh Titans,Aiden Hawkinson,defense,30,0,5
UW-Oshkosh Titans,Oskar Kangas,defense,45,10,2
UW-Oshkosh Titans,Oskar Kangas,defense,30,20,21
UW-Oshkosh Titans,Oskar Kangas,defense,35,20,15
UW-Oshkosh Titans,Oskar Kangas,defense,25,20,61
UW-Oshkosh Titans,Oskar Kangas,defense,25,25,30
UW-Oshkosh Titans,Oskar Kangas,defense,30,30,20
UW-Oshkosh Titans,Oskar Kangas,defense,30,35,14
UW-Oshkosh Titans,Oskar Kangas,defense,30,40,14
UW-Oshkosh Titans,Oskar Kangas,defense,15,40,9
UW-Whitewater,JR Lukenbill,offense,35,5,13
UW-Whitewater,JR Lukenbill,offense,45,15,19
UW-Whitewater,JR Lukenbill,offense,20,40,14
UW-Oshkosh Titans,Vitorio Dante,defense,35,10,24
UW-Oshkosh Titans,Vitorio Dante,defense,35,5,15
UW-Oshkosh Titans,Aiden Hawkinson,defense,20,10,88
UW-Oshkosh Titans,Jay Dalton,defense,20,20,12
UW-Oshkosh Titans,Jay Dalton,defense,20,25,3
UW-Oshkosh Titans,Jay Dalton,defense,30,10,55
UW-Oshkosh Titans,Jay Dalton,defense,20,0,4
UW-Oshkosh Titans,Jay Dalton,defense,30,0,12
UW-Oshkosh Titans,Jay Dalton,defense,35,0,5
UW-Oshkosh Titans,Jay Dalton,defense,40,0,2
UW-Oshkosh Titans,TEAM,defense,40,0,17
UW-Oshkosh Titans,Vitorio Dante,defense,15,5,61
UW-Oshkosh Titans,Vitorio Dante,defense,20,5,49
UW-Oshkosh Titans,Vitorio Dante,defense,20,0,14
UW-Oshkosh Titans,Vitorio Dante,defense,15,0,17
UW-Oshkosh Titans,Vitorio Dante,defense,10,5,29
UW-Oshkosh Titans,Vitorio Dante,defense,10,10,42
UW-Oshkosh Titans,Aiden Hawkinson,defense,15,10,95
UW-Oshkosh Titans,Aiden Hawkinson,defense,15,15,36
UW-Oshkosh Titans,Aiden Hawkinson,defense,15,20,59
UW-Oshkosh Titans,Aiden Hawkinson,defense,10,20,38
UW-Oshkosh Titans,Jay Dalton,defense,10,10,3
UW-Oshkosh Titans,Jay Dalton,defense,10,15,12
UW-Oshkosh Titans,Jay Dalton,defense,10,20,6
UW-Whitewater,JR Lukenbill,offense,40,40,34
UW-Oshkosh Titans,Logan Rindfleisch,defense,0,35,3
UW-Whitewater,JR Lukenbill,offense,30,5,37
UW-Whitewater,JR Lukenbill,offense,15,40,13
UW-Oshkosh Titans,Brandon Beck,defense,0,10,7
UW-Oshkosh Titans,Brandon Beck,defense,40,15,4
UW-Oshkosh Titans,Brandon Beck,defense,0,25,1
UW-Oshkosh Titans,Brandon Beck,defense,5,20,11
UW-Oshkosh Titans,Brandon Beck,defense,5,40,10
UW-Oshkosh Titans,Joey LaChapell,defense,5,15,10
UW-Oshkosh Titans,Carter Thomas,defense,35,5,22
UW-Oshkosh Titans,Carter Thomas,defense,40,15,8
UW-Oshkosh Titans,Carter Thomas,defense,20,0,31
UW-Oshkosh Titans,Carter Thomas,defense,35,25,11
UW-Oshkosh Titans,Nate Nazos,defense,45,5,5
UW-Oshkosh Titans,Nate Nazos,defense,40,0,5
UW-Whitewater,Luke Bara,offense,45,0,17
UW-Oshkosh Titans,Michael Metcalf-Grassman,defense,25,30,22
UW-Oshkosh Titans,Nate Nazos,defense,5,35,6
UW-Oshkosh Titans,Nate Nazos,defense,5,40,8
UW-Oshkosh Titans,Carter Thomas,defense,45,30,1
UW-Whitewater,Brock Marino,defense,35,45,21
UW-Oshkosh Titans,Michael Metcalf-Grassman,offense,40,40,6
UW-Oshkosh Titans,Michael Metcalf-Grassman,offense,40,35,3
UW-Oshkosh Titans,Michael Metcalf-Grassman,offense,40,30,7
UW-Oshkosh Titans,Michael Metcalf-Grassman,offense,40,20,14
UW-Oshkosh Titans,Brandon Beck,offense,40,10,8
UW-Oshkosh Titans,Brandon Beck,offense,35,30,10
UW-Oshkosh Titans,Brandon Beck,offense,35,10,13
UW-Oshkosh Titans,Brandon Beck,offense,25,5,23
UW-Whitewater,JR Lukenbill,defense,35,30,14
UW-Whitewater,JR Lukenbill,defense,35,45,3
UW-Oshkosh Titans,Joey LaChapell,offense,10,40,5
UW-Oshkosh Titans,Joey LaChapell,offense,10,35,11
UW-Oshkosh Titans,Joey LaChapell,offense,5,15,5
UW-Oshkosh Titans,Joey LaChapell,offense,20,20,76
UW-Oshkosh Titans,Joey LaChapell,offense,25,15,30
UW-Oshkosh Titans,Nate Nazos,offense,35,15,12
UW-Oshkosh Titans,Nate Nazos,offense,35,10,11
UW-Oshkosh Titans,Nate Nazos,offense,20,0,11
UW-Oshkosh Titans,Nate Nazos,offense,10,5,14
UW-Oshkosh Titans,Nate Nazos,offense,20,5,25
UW-Oshkosh Titans,Nate Nazos,offense,15,15,18
UW-Oshkosh Titans,Nate Nazos,offense,15,0,28
UW-Oshkosh Titans,Carter Thomas,offense,45,10,8
UW-Oshkosh Titans,Carter Thomas,offense,40,5,16
UW-Oshkosh Titans,Carter Thomas,offense,40,0,17
UW-Oshkosh Titans,Carter Thomas,offense,35,25,23
UW-Oshkosh Titans,Carter Thomas,offense,35,20,30
UW-Oshkosh Titans,Carter Thomas,offense,35,10,17
UW-Oshkosh Titans,Carter Thomas,offense,25,15,38
UW-Oshkosh Titans,Carter Thomas,offense,15,10,65
UW-Oshkosh Titans,Michael Metcalf-Grassman,offense,40,5,12
UW-Oshkosh Titans,Michael Metcalf-Grassman,offense,40,0,7
UW-Oshkosh Titans,Michael Metcalf-Grassman,offense,25,5,15
UW-Oshkosh Titans,Michael Metcalf-Grassman,offense,10,0,3
UW-Oshkosh Titans,Michael Metcalf-Grassman,offense,5,0,5
UW-Oshkosh Titans,Michael Metcalf-Grassman,offense,15,0,4
UW-Oshkosh Titans,Brandon Beck,offense,30,20,11
UW-Oshkosh Titans,Brandon Beck,offense,35,5,8
UW-Oshkosh Titans,Michael Metcalf-Grassman,offense,40,15,4
UW-Oshkosh Titans,Michael Metcalf-Grassman,offense,35,25,25
UW-Oshkosh Titans,Michael Metcalf-Grassman,offense,30,25,16
UW-Oshkosh Titans,Michael Metcalf-Grassman,offense,30,20,20
UW-Oshkosh Titans,Michael Metcalf-Grassman,offense,25,15,25
UW-Oshkosh Titans,Brandon Beck,offense,25,20,18
UW-Oshkosh Titans,Brandon Beck,offense,20,10,28
UW-Oshkosh Titans,Nate Nazos,offense,20,10,20
UW-Oshkosh Titans,Nate Nazos,offense,20,15,14
UW-Whitewater,Collin Madson,defense,45,25,29
UW-Oshkosh Titans,Joey LaChapell,offense,25,20,28
UW-Oshkosh Titans,Joey LaChapell,offense,20,10,15
UW-Oshkosh Titans,Joey LaChapell,offense,15,10,52
UW-Oshkosh Titans,Nate Nazos,offense,20,20,57
UW-Oshkosh Titans,Nate Nazos,offense,25,30,87
UW-Oshkosh Titans,Nate Nazos,offense,30,35,28
UW-Oshkosh Titans,Nate Nazos,offense,30,40,6
UW-Oshkosh Titans,Nate Nazos,offense,20,45,5
UW-Oshkosh Titans,Michael Metcalf-Grassman,offense,30,35,15
UW-Oshkosh Titans,Michael Metcalf-Grassman,offense,30,40,24
UW-Oshkosh Titans,Michael Metcalf-Grassman,offense,20,45,3
UW-Oshkosh Titans,Joey LaChapell,offense,30,0,37
UW-Oshkosh Titans,Joey LaChapell,offense,30,5,15
UW-Oshkosh Titans,Carter Thomas,offense,20,10,35
UW-Oshkosh Titans,Brandon Beck,offense,35,45,4
UW-Oshkosh Titans,Michael Metcalf-Grassman,defense,35,45,10
UW-Oshkosh Titans,Brandon Beck,defense,35,5,8
UW-Oshkosh Titans,Brandon Beck,defense,35,15,6
UW-Oshkosh Titans,Brandon Beck,defense,30,30,12
UW-Oshkosh Titans,Brandon Beck,defense,30,35,5
UW-Whitewater,JR Lukenbill,offense,20,5,33
UW-Oshkosh Titans,Joey LaChapell,defense,30,0,23
UW-Oshkosh Titans,Joey LaChapell,defense,20,0,29
UW-Oshkosh Titans,Carter Thomas,defense,25,45,3
UW-Oshkosh Titans,Carter Thomas,defense,20,45,5
UW-Oshkosh Titans,Michael Metcalf-Grassman,offense,10,45,2
UW-Oshkosh Titans,Michael Metcalf-Grassman,offense,10,40,9
UW-Oshkosh Titans,Michael Metcalf-Grassman,offense,10,35,26
UW-Oshkosh Titans,Joey LaChapell,offense,15,5,39
UW-Oshkosh Titans,Brandon Beck,offense,10,45,1
UW-Oshkosh Titans,Brandon Beck,offense,10,40,5
UW-Oshkosh Titans,Brandon Beck,offense,0,40,2
UW-Oshkosh Titans,Brandon Beck,offense,0,35,6
UW-Oshkosh Titans,Brandon Beck,offense,0,30,11
UW-Oshkosh Titans,TEAM,offense,0,30,133
UW-Oshkosh Titans,Brandon Beck,offense,5,20,6
UW-Oshkosh Titans,Brandon Beck,offense,5,15,9
UW-Oshkosh Titans,Brandon Beck,offense,5,10,5
UW-Oshkosh Titans,Brandon Beck,offense,10,10,44
UW-Oshkosh Titans,Brandon Beck,offense,15,15,17
UW-Oshkosh Titans,Brandon Beck,offense,10,15,13
UW-Oshkosh Titans,Joey LaChapell,offense,30,20,17
UW-Oshkosh Titans,Nate Nazos,offense,10,0,8
UW-Oshkosh Titans,Michael Metcalf-Grassman,offense,10,5,9
UW-Oshkosh Titans,Michael Metcalf-Grassman,offense,30,30,47
UW-Oshkosh Titans,Michael Metcalf-Grassman,offense,40,45,20
UW-Oshkosh Titans,Michael Metcalf-Grassman,offense,25,25,48
UW-Oshkosh Titans,Michael Metcalf-Grassman,offense,30,15,25
UW-Oshkosh Titans,Michael Metcalf-Grassman,offense,30,5,15
UW-Oshkosh Titans,Nate Nazos,offense,40,45,2
UW-Oshkosh Titans,Nate Nazos,offense,25,45,3
UW-Oshkosh Titans,Nate Nazos,offense,20,40,4
UW-Oshkosh Titans,Nate Nazos,offense,25,20,28
UW-Oshkosh Titans,Joey LaChapell,offense,30,30,38
UW-Oshkosh Titans,Joey LaChapell,offense,30,35,30
UW-Oshkosh Titans,Joey LaChapell,offense,35,35,11
UW-Oshkosh Titans,Joey LaChapell,offense,35,40,11
UW-Oshkosh Titans,Joey LaChapell,offense,40,40,6
UW-Oshkosh Titans,Joey LaChapell,offense,40,45,3
UW-Oshkosh Titans,Joey LaChapell,offense,30,25,38
UW-Oshkosh Titans,Joey LaChapell,offense,15,15,34
UW-Whitewater,Brock Marino,defense,45,0,4
UW-Oshkosh Titans,Carter Thomas,offense,40,45,2
UW-Oshkosh Titans,Carter Thomas,offense,40,40,10
UW-Oshkosh Titans,Carter Thomas,offense,30,30,36
UW-Oshkosh Titans,Carter Thomas,offense,30,25,27
UW-Oshkosh Titans,Brandon Beck,offense,40,45,2
UW-Oshkosh Titans,Brandon Beck,offense,40,40,11
UW-Oshkosh Titans,Brandon Beck,offense,20,15,47
UW-Whitewater,JR Lukenbill,defense,25,0,12
UW-Whitewater,Darius Chestnut,defense,40,20,22
UW-Whitewater,Darius Chestnut,defense,5,20,6
UW-Oshkosh Titans,Aiden Hawkinson,offense,20,20,59
UW-Oshkosh Titans,Aiden Hawkinson,offense,20,15,31
UW-Oshkosh Titans,Aiden Hawkinson,offense,30,5,9
UW-Oshkosh Titans,Aiden Hawkinson,offense,35,0,1
UW-Oshkosh Titans,Aiden Hawkinson,offense,40,5,1
UW-Oshkosh Titans,Aiden Hawkinson,offense,40,10,2
UW-Oshkosh Titans,Aiden Hawkinson,offense,20,0,3
UW-Oshkosh Titans,Aiden Hawkinson,offense,35,15,5
UW-Oshkosh Titans,Aiden Hawkinson,offense,30,25,41
UW-Oshkosh Titans,Aiden Hawkinson,offense,35,35,7
UW-Oshkosh Titans,Aiden Hawkinson,offense,35,40,2
UW-Oshkosh Titans,Aiden Hawkinson,offense,20,30,38
UW-Oshkosh Titans,Aiden Hawkinson,offense,25,25,34
UW-Oshkosh Titans,Aiden Hawkinson,offense,45,15,2
UW-Oshkosh Titans,Aiden Hawkinson,offense,40,25,32
UW-Oshkosh Titans,Matt Imig,offense,5,5,2
UW-Oshkosh Titans,Matt Imig,offense,0,10,2
UW-Oshkosh Titans,Matt Imig,offense,15,25,18
UW-Oshkosh Titans,Matt Imig,offense,20,20,67
UW-Oshkosh Titans,Matt Imig,offense,15,15,12
UW-Oshkosh Titans,Matt Imig,offense,15,0,3
UW-Oshkosh Titans,Matt Imig,offense,5,0,9
UW-Oshkosh Titans,Vitorio Dante,offense,0,20,6
UW-Oshkosh Titans,Vitorio Dante,offense,10,25,31
UW-Oshkosh Titans,Vitorio Dante,offense,10,30,8
UW-Oshkosh Titans,Vitorio Dante,offense,5,30,11
UW-Oshkosh Titans,Vitorio Dante,offense,10,35,6
UW-Oshkosh Titans,Vitorio Dante,offense,0,25,4
UW-Oshkosh Titans,Vitorio Dante,offense,25,25,26
UW-Oshkosh Titans,Vitorio Dante,offense,20,30,26
UW-Oshkosh Titans,Jonah Rindfleisch,offense,15,15,26
UW-Oshkosh Titans,Jonah Rindfleisch,offense,15,20,25
UW-Oshkosh Titans,Jonah Rindfleisch,offense,20,20,14
UW-Oshkosh Titans,Jonah Rindfleisch,offense,15,25,34
UW-Oshkosh Titans,Jonah Rindfleisch,offense,15,30,21
UW-Oshkosh Titans,Jonah Rindfleisch,offense,25,35,29
UW-Oshkosh Titans,Oskar Kangas,offense,5,30,12
UW-Oshkosh Titans,Oskar Kangas,offense,10,30,15
UW-Oshkosh Titans,Oskar Kangas,offense,5,15,8
UW-Oshkosh Titans,Oskar Kangas,offense,25,0,10
UW-Oshkosh Titans,Oskar Kangas,offense,20,0,9
UW-Oshkosh Titans,Oskar Kangas,offense,30,10,13
UW-Oshkosh Titans,Oskar Kangas,offense,15,5,9
UW-Oshkosh Titans,Oskar Kangas,offense,15,10,10
UW-Oshkosh Titans,Oskar Kangas,offense,15,15,19
UW-Oshkosh Titans,Jonah Rindfleisch,offense,0,15,11
UW-Oshkosh Titans,Jonah Rindfleisch,offense,5,15,8
UW-Oshkosh Titans,Jonah Rindfleisch,offense,15,10,94
UW-Oshkosh Titans,Jonah Rindfleisch,offense,25,0,3
UW-Oshkosh Titans,Jonah Rindfleisch,offense,20,0,2
UW-Oshkosh Titans,Jonah Rindfleisch,offense,35,35,11
UW-Oshkosh Titans,Jonah Rindfleisch,offense,35,20,14
UW-Oshkosh Titans,Vitorio Dante,offense,0,15,6
UW-Oshkosh Titans,Vitorio Dante,offense,5,20,3
UW-Oshkosh Titans,Matt Imig,offense,0,15,6
UW-Oshkosh Titans,Matt Imig,offense,0,20,3
UW-Oshkosh Titans,Vitorio Dante,offense,10,15,6
UW-Oshkosh Titans,Vitorio Dante,offense,20,15,30
UW-Oshkosh Titans,Vitorio Dante,offense,20,20,21
UW-Oshkosh Titans,Vitorio Dante,offense,25,20,6
UW-Oshkosh Titans,Vitorio Dante,offense,30,25,20
UW-Oshkosh Titans,Vitorio Dante,offense,35,30,14
UW-Oshkosh Titans,Vitorio Dante,offense,40,30,6
UW-Oshkosh Titans,Vitorio Dante,offense,35,20,12
UW-Oshkosh Titans,Vitorio Dante,offense,30,20,17
UW-Oshkosh Titans,Vitorio Dante,offense,25,15,16
UW-Oshkosh Titans,Matt Imig,offense,20,40,9
UW-Oshkosh Titans,Matt Imig,offense,25,40,1
UW-Oshkosh Titans,Oskar Kangas,offense,25,20,14
UW-Oshkosh Titans,Vitorio Dante,offense,40,25,54
UW-Oshkosh Titans,Matt Imig,offense,40,15,6
UW-Oshkosh Titans,Matt Imig,offense,40,10,12
UW-Oshkosh Titans,Matt Imig,offense,35,15,5
UW-Oshkosh Titans,Matt Imig,offense,30,15,6
UW-Oshkosh Titans,Matt Imig,offense,35,25,12
UW-Oshkosh Titans,Matt Imig,offense,30,35,30
UW-Oshkosh Titans,Matt Imig,offense,30,40,7
UW-Oshkosh Titans,Matt Imig,offense,30,45,3
UW-Whitewater,Oskar Kangas,defense,35,25,6
UW-Whitewater,Oskar Kangas,defense,35,30,9
UW-Whitewater,Oskar Kangas,defense,30,30,7
UW-Whitewater,Oskar Kangas,defense,30,35,1
UW-Whitewater,Oskar Kangas,defense,25,40,5
UW-Whitewater,Oskar Kangas,defense,30,40,4
UW-Whitewater,Oskar Kangas,defense,35,40,2
UW-Whitewater,Oskar Kangas,defense,35,45,4
UW-Oshkosh Titans,Oskar Kangas,offense,40,10,18
UW-Oshkosh Titans,Aiden Hawkinson,offense,30,35,6
UW-Oshkosh Titans,Jonah Rindfleisch,offense,25,5,4
UW-Oshkosh Titans,Jonah Rindfleisch,offense,25,25,19
UW-Oshkosh Titans,Jonah Rindfleisch,offense,30,35,16
UW-Oshkosh Titans,Jonah Rindfleisch,offense,25,45,2
UW-Whitewater,Darius Chestnut,defense,45,25,12
UW-Whitewater,Darius Chestnut,defense,40,45,2
UW-Oshkosh Titans,Vitorio Dante,offense,30,30,23
UW-Oshkosh Titans,Vitorio Dante,offense,35,25,13
UW-Oshkosh Titans,Vitorio Dante,offense,45,25,8
UW-Oshkosh Titans,Oskar Kangas,defense,10,45,6
UW-Oshkosh Titans,Oskar Kangas,defense,10,40,11
UW-Oshkosh Titans,Aiden Hawkinson,defense,35,40,4
UW-Oshkosh Titans,Aiden Hawkinson,defense,30,35,11
UW-Oshkosh Titans,Aiden Hawkinson,defense,30,25,32
UW-Oshkosh Titans,Oskar Kangas,defense,25,30,26
UW-Oshkosh Titans,Oskar Kangas,defense,20,25,44
UW-Oshkosh Titans,Oskar Kangas,defense,10,15,12
UW-Oshkosh Titans,Oskar Kangas,defense,5,10,29
UW-Oshkosh Titans,Oskar Kangas,defense,5,5,10
UW-Oshkosh Titans,Oskar Kangas,defense,15,5,109
UW-Oshkosh Titans,Oskar Kangas,defense,5,15,6
UW-Oshkosh Titans,Oskar Kangas,defense,0,20,5
UW-Oshkosh Titans,Vitorio Dante,defense,45,40,1
UW-Oshkosh Titans,TEAM,defense,45,40,13
UW-Oshkosh Titans,Vitorio Dante,defense,30,10,43
UW-Oshkosh Titans,Vitorio Dante,defense,10,0,11
UW-Oshkosh Titans,Vitorio Dante,defense,15,10,49
UW-Oshkosh Titans,Vitorio Dante,defense,25,15,43
UW-Oshkosh Titans,Jonah Rindfleisch,defense,10,10,6
UW-Oshkosh Titans,Jonah Rindfleisch,defense,10,5,24
UW-Oshkosh Titans,Jonah Rindfleisch,defense,15,5,76
UW-Oshkosh Titans,Jonah Rindfleisch,defense,15,0,21
UW-Oshkosh Titans,Jonah Rindfleisch,defense,15,10,144
UW-Oshkosh Titans,Jonah Rindfleisch,defense,20,10,103
UW-Oshkosh Titans,Jonah Rindfleisch,defense,20,5,51
UW-Oshkosh Titans,Jonah Rindfleisch,defense,15,15,33
UW-Whitewater,Darius Chestnut,offense,45,0,12
UW-Oshkosh Titans,Matt Imig,defense,45,15,1
UW-Oshkosh Titans,Matt Imig,defense,30,15,116
UW-Oshkosh Titans,Matt Imig,defense,25,15,36
UW-Oshkosh Titans,Matt Imig,defense,25,10,36
UW-Oshkosh Titans,Matt Imig,defense,10,10,36
UW-Oshkosh Titans,Matt Imig,defense,10,5,31
UW-Oshkosh Titans,Matt Imig,defense,15,5,26
UW-Oshkosh Titans,Matt Imig,defense,15,10,68
UW-Oshkosh Titans,Matt Imig,defense,5,5,25
UW-Oshkosh Titans,Matt Imig,defense,5,0,17
UW-Oshkosh Titans,Matt Imig,defense,20,10,34
UW-Oshkosh Titans,Aiden Hawkinson,defense,20,0,18
UW-Oshkosh Titans,Aiden Hawkinson,defense,15,5,55
UW-Oshkosh Titans,Aiden Hawkinson,defense,10,10,43
UW-Oshkosh Titans,Aiden Hawkinson,defense,5,10,47
UW-Oshkosh Titans,Vitorio Dante,defense,40,10,5
UW-Oshkosh Titans,Vitorio Dante,defense,45,5,3
UW-Oshkosh Titans,Oskar Kangas,defense,0,10,7
UW-Oshkosh Titans,Matt Imig,defense,5,15,14
UW-Oshkosh Titans,Matt Imig,defense,0,10,19
UW-Oshkosh Titans,Matt Imig,defense,0,5,10
UW-Oshkosh Titans,Matt Imig,defense,5,10,5
UW-Oshkosh Titans,Aiden Hawkinson,defense,5,5,19
UW-Oshkosh Titans,Aiden Hawkinson,defense,5,15,43
UW-Oshkosh Titans,Aiden Hawkinson,defense,10,15,37
UW-Oshkosh Titans,Jonah Rindfleisch,defense,25,10,72
UW-Oshkosh Titans,Jonah Rindfleisch,defense,25,5,98
UW-Oshkosh Titans,Jonah Rindfleisch,defense,30,5,84
UW-Oshkosh Titans,Jonah Rindfleisch,defense,40,5,11
UW-Oshkosh Titans,Jonah Rindfleisch,defense,20,20,29
UW-Oshkosh Titans,Oskar Kangas,defense,30,10,93
UW-Oshkosh Titans,Oskar Kangas,defense,25,15,24
UW-Oshkosh Titans,Oskar Kangas,defense,20,5,86
UW-Oshkosh Titans,Vitorio Dante,defense,5,10,31
UW-Oshkosh Titans,Vitorio Dante,defense,5,0,3
UW-Oshkosh Titans,Vitorio Dante,defense,5,5,18
UW-Oshkosh Titans,Vitorio Dante,defense,20,10,39
UW-Oshkosh Titans,Vitorio Dante,defense,5,20,3
UW-Oshkosh Titans,Aiden Hawkinson,defense,15,0,16
UW-Oshkosh Titans,Matt Imig,offense,40,40,19
UW-Oshkosh Titans,Matt Imig,offense,45,40,2
UW-Oshkosh Titans,Oskar Kangas,offense,5,40,5
UW-Oshkosh Titans,TEAM,offense,5,40,57
UW-Oshkosh Titans,Oskar Kangas,offense,10,35,14
UW-Oshkosh Titans,Oskar Kangas,offense,20,15,24
UW-Oshkosh Titans,Aiden Hawkinson,offense,30,20,13
UW-Oshkosh Titans,Jonah Rindfleisch,offense,10,40,4
UW-Oshkosh Titans,Jonah Rindfleisch,offense,0,30,4
UW-Oshkosh Titans,Vitorio Dante,offense,0,40,3
UW-Oshkosh Titans,Vitorio Dante,offense,5,15,5
UW-Oshkosh Titans,Vitorio Dante,offense,15,25,25
UW-Oshkosh Titans,Vitorio Dante,offense,15,20,26
UW-Oshkosh Titans,Vitorio Dante,offense,10,0,4
UW-Oshkosh Titans,Vitorio Dante,offense,15,5,7
UW-Oshkosh Titans,Jonah Rindfleisch,offense,0,10,12
UW-Oshkosh Titans,Matt Imig,offense,30,10,9
UW-Oshkosh Titans,Oskar Kangas,offense,45,5,11
UW-Oshkosh Titans,Oskar Kangas,offense,45,15,5
UW-Oshkosh Titans,Aiden Hawkinson,offense,25,20,12
UW-Oshkosh Titans,Jonah Rindfleisch,offense,20,25,40
UW-Oshkosh Titans,Matt Imig,offense,35,10,9
UW-Oshkosh Titans,Matt Imig,offense,30,5,10
UW-Oshkosh Titans,Matt Imig,offense,25,5,5
UW-Oshkosh Titans,Matt Imig,offense,20,15,15
UW-Oshkosh Titans,Aiden Hawkinson,offense,25,0,8
UW-Oshkosh Titans,Vitorio Dante,offense,30,15,28
UW-Oshkosh Titans,Jonah Rindfleisch,defense,40,35,2
UW-Oshkosh Titans,TEAM,defense,40,35,78
UW-Oshkosh Titans,Jonah Rindfleisch,defense,45,35,1
UW-Oshkosh Titans,TEAM,defense,45,35,9
UW-Oshkosh Titans,Matt Imig,defense,25,45,1
UW-Oshkosh Titans,Matt Imig,defense,35,45,2
UW-Oshkosh Titans,Matt Imig,defense,35,40,8
UW-Oshkosh Titans,Matt Imig,defense,40,25,3
UW-Oshkosh Titans,Matt Imig,defense,40,20,3
UW-Oshkosh Titans,Matt Imig,defense,35,20,7
UW-Oshkosh Titans,Matt Imig,defense,20,15,37
UW-Oshkosh Titans,Matt Imig,defense,15,15,60
UW-Oshkosh Titans,Matt Imig,defense,10,15,29
UW-Oshkosh Titans,Matt Imig,defense,20,25,22
UW-Oshkosh Titans,Matt Imig,defense,15,25,18
UW-Oshkosh Titans,Matt Imig,defense,10,20,11
UW-Oshkosh Titans,Matt Imig,defense,15,20,37
UW-Oshkosh Titans,Aiden Hawkinson,defense,20,40,15
UW-Oshkosh Titans,Aiden Hawkinson,defense,5,35,8
UW-Oshkosh Titans,Aiden Hawkinson,defense,15,30,13
UW-Oshkosh Titans,Aiden Hawkinson,defense,15,25,13
UW-Oshkosh Titans,Aiden Hawkinson,defense,10,25,19
UW-Oshkosh Titans,Aiden Hawkinson,defense,10,5,20
UW-Oshkosh Titans,Aiden Hawkinson,defense,5,20,11
UW-Oshkosh Titans,Aiden Hawkinson,defense,0,5,4
UW-Oshkosh Titans,Aiden Hawkinson,defense,5,25,8
UW-Oshkosh Titans,Aiden Hawkinson,defense,10,30,13
UW-Oshkosh Titans,Aiden Hawkinson,defense,15,35,4
UW-Oshkosh Titans,Aiden Hawkinson,defense,10,35,7
UW-Oshkosh Titans,Aiden Hawkinson,defense,15,40,5
UW-Whitewater,Darius Chestnut,offense,5,45,3
UW-Oshkosh Titans,Matt Imig,defense,0,40,8
UW-Oshkosh Titans,Vitorio Dante,defense,35,40,2
UW-Oshkosh Titans,Vitorio Dante,defense,30,35,6
UW-Oshkosh Titans,Vitorio Dante,defense,25,30,20
UW-Oshkosh Titans,Vitorio Dante,defense,25,25,20
UW-Oshkosh Titans,Vitorio Dante,defense,20,25,42
UW-Oshkosh Titans,Vitorio Dante,defense,25,5,61
UW-Oshkosh Titans,Vitorio Dante,defense,25,0,37
UW-Oshkosh Titans,Oskar Kangas,defense,25,0,16
UW-Oshkosh Titans,Oskar Kangas,defense,25,5,81
UW-Oshkosh Titans,Oskar Kangas,defense,30,15,48
UW-Oshkosh Titans,Oskar Kangas,defense,30,25,19
UW-Oshkosh Titans,Oskar Kangas,defense,30,5,80
UW-Oshkosh Titans,Oskar Kangas,defense,20,0,56
UW-Oshkosh Titans,Oskar Kangas,defense,30,0,10
UW-Oshkosh Titans,Jonah Rindfleisch,defense,35,0,2
UW-Oshkosh Titans,Jonah Rindfleisch,defense,45,5,4
UW-Oshkosh Titans,Jonah Rindfleisch,defense,35,10,51
UW-Oshkosh Titans,Jonah Rindfleisch,defense,30,10,60
UW-Oshkosh Titans,Jonah Rindfleisch,defense,5,5,12
UW-Oshkosh Titans,Jonah Rindfleisch,defense,20,0,15
UW-Oshkosh Titans,Matt Imig,defense,20,0,29
UW-Oshkosh Titans,Jonah Rindfleisch,defense,10,15,17
UW-Oshkosh Titans,Jonah Rindfleisch,defense,10,20,7
UW-Oshkosh Titans,Jonah Rindfleisch,defense,5,25,4
UW-Oshkosh Titans,Oskar Kangas,offense,40,25,16
UW-Oshkosh Titans,Oskar Kangas,offense,45,25,3
UW-Oshkosh Titans,Oskar Kangas,offense,40,15,7
UW-Oshkosh Titans,Oskar Kangas,offense,35,10,19
UW-Oshkosh Titans,Jonah Rindfleisch,offense,5,45,1
UW-Oshkosh Titans,Jonah Rindfleisch,offense,15,35,4
UW-Oshkosh Titans,Jonah Rindfleisch,offense,10,30,12
UW-Oshkosh Titans,Jonah Rindfleisch,offense,10,25,15
UW-Oshkosh Titans,Jonah Rindfleisch,offense,10,35,12
UW-Oshkosh Titans,Jonah Rindfleisch,offense,15,40,6
UW-Oshkosh Titans,Vitorio Dante,offense,10,45,2
UW-Oshkosh Titans,Vitorio Dante,offense,15,10,10
UW-Oshkosh Titans,Jonah Rindfleisch,defense,20,45,1
UW-Oshkosh Titans,Jonah Rindfleisch,defense,20,35,14
UW-Oshkosh Titans,Jonah Rindfleisch,defense,25,45,6
UW-Oshkosh Titans,Jonah Rindfleisch,defense,35,35,9
UW-Oshkosh Titans,Oskar Kangas,defense,35,25,12
UW-Oshkosh Titans,Matt Imig,defense,20,20,31
UW-Oshkosh Titans,Matt Imig,defense,25,25,28
UW-Oshkosh Titans,Matt Imig,defense,15,35,4
UW-Oshkosh Titans,Matt Imig,defense,10,35,4
UW-Oshkosh Titans,Matt Imig,defense,5,30,4
UW-Oshkosh Titans,Matt Imig,defense,0,25,1
UW-Oshkosh Titans,Matt Imig,defense,10,25,4
UW-Oshkosh Titans,Vitorio Dante,defense,15,15,28
UW-Oshkosh Titans,Vitorio Dante,defense,5,15,6
UW-Oshkosh Titans,Vitorio Dante,defense,15,25,41
UW-Oshkosh Titans,Vitorio Dante,defense,25,40,2
UW-Oshkosh Titans,Vitorio Dante,defense,30,40,6
UW-Oshkosh Titans,Vitorio Dante,defense,35,45,2
UW-Oshkosh Titans,Vitorio Dante,defense,30,30,33
UW-Oshkosh Titans,Aiden Hawkinson,defense,30,30,11
UW-Oshkosh Titans,Oskar Kangas,defense,35,35,9
UW-Oshkosh Titans,Oskar Kangas,defense,35,40,16
UW-Whitewater,Darius Chestnut,offense,40,45,1
UW-Oshkosh Titans,Jonah Rindfleisch,defense,35,45,4
UW-Oshkosh Titans,Jonah Rindfleisch,defense,35,40,14
UW-Oshkosh Titans,Jonah Rindfleisch,defense,40,40,6
UW-Oshkosh Titans,TEAM,defense,40,40,91
UW-Oshkosh Titans,Aiden Hawkinson,defense,20,35,14
UW-Oshkosh Titans,Aiden Hawkinson,defense,25,40,16
UW-Oshkosh Titans,Oskar Kangas,defense,25,45,5
UW-Oshkosh Titans,Oskar Kangas,defense,30,45,3
UW-Oshkosh Titans,Matt Imig,defense,30,35,3
UW-Oshkosh Titans,Matt Imig,defense,15,30,9
UW-Oshkosh Titans,Jonah Rindfleisch,defense,20,30,20
UW-Oshkosh Titans,Jonah Rindfleisch,defense,20,25,19
UW-Oshkosh Titans,Jonah Rindfleisch,defense,15,25,19
UW-Oshkosh Titans,Aiden Hawkinson,defense,25,35,12
UW-Oshkosh Titans,Aiden Hawkinson,defense,20,30,21
UW-Oshkosh Titans,Aiden Hawkinson,defense,25,30,15
UW-Oshkosh Titans,Aiden Hawkinson,defense,20,25,32
UW-Oshkosh Titans,Brandon Beck,offense,20,20,30
UW-Oshkosh Titans,Joey LaChapell,offense,25,40,8
UW-Oshkosh Titans,Joey LaChapell,offense,20,5,31
UW-Oshkosh Titans,Michael Metcalf-Grassman,offense,20,25,38
UW-Oshkosh Titans,Michael Metcalf-Grassman,offense,15,20,29
UW-Oshkosh Titans,Michael Metcalf-Grassman,offense,15,15,13
UW-Oshkosh Titans,Nate Nazos,offense,25,35,8
UW-Oshkosh Titans,Nate Nazos,offense,25,40,8
UW-Oshkosh Titans,Nate Nazos,offense,20,35,18
UW-Oshkosh Titans,Nate Nazos,offense,15,30,14
UW-Whitewater,Brandon Beck,defense,20,15,1
UW-Whitewater,Brandon Beck,defense,25,20,2
UW-Whitewater,Brandon Beck,defense,25,25,1
UW-Whitewater,Brandon Beck,defense,25,30,4
UW-Whitewater,Brandon Beck,defense,20,25,1
UW-Whitewater,Brandon Beck,defense,20,30,4
UW-Whitewater,Brandon Beck,defense,20,35,4
UW-Whitewater,Brandon Beck,defense,20,40,1
UW-Oshkosh Titans,Brandon Beck,offense,0,5,39
UW-Oshkosh Titans,Nate Nazos,offense,10,10,9
UW-Oshkosh Titans,TEAM,defense,45,0,21
UW-Oshkosh Titans,Oskar Kangas,offense,10,40,4
UW-Oshkosh Titans,Oskar Kangas,offense,5,35,8
UW-Oshkosh Titans,Oskar Kangas,offense,40,0,9
UW-Oshkosh Titans,Aiden Hawkinson,offense,5,35,5
UW-Oshkosh Titans,Aiden Hawkinson,offense,5,40,5
UW-Oshkosh Titans,Aiden Hawkinson,offense,0,35,9
UW-Oshkosh Titans,Jonah Rindfleisch,offense,0,40,1
UW-Oshkosh Titans,Jonah Rindfleisch,offense,0,20,8
UW-Oshkosh Titans,Logan Rindfleisch,offense,10,20,11
UW-Oshkosh Titans,Logan Rindfleisch,offense,15,15,15
UW-Oshkosh Titans,Logan Rindfleisch,offense,5,30,1
UW-Oshkosh Titans,Logan Rindfleisch,offense,0,20,1
UW-Oshkosh Titans,Logan Rindfleisch,offense,5,25,8
UW-Oshkosh Titans,Logan Rindfleisch,offense,10,25,9
UW-Oshkosh Titans,Logan Rindfleisch,offense,30,25,15
UW-Oshkosh Titans,Logan Rindfleisch,offense,25,0,2
UW-Whitewater,Joey Berezowitz,defense,5,5,32
UW-Whitewater,Joey Berezowitz,defense,0,10,5
UW-Oshkosh Titans,Jonah Rindfleisch,offense,0,0,4
UW-Oshkosh Titans,Jonah Rindfleisch,offense,5,0,7
UW-Oshkosh Titans,Jonah Rindfleisch,offense,45,15,3
UW-Oshkosh Titans,Jonah Rindfleisch,offense,45,10,11
UW-Oshkosh Titans,Jonah Rindfleisch,offense,35,5,5
UW-Oshkosh Titans,Matt Imig,offense,0,0,7
UW-Oshkosh Titans,Matt Imig,offense,25,0,8
UW-Oshkosh Titans,Matt Imig,offense,25,25,15
UW-Whitewater,Darius Chestnut,defense,45,5,5
UW-Oshkosh Titans,Aiden Hawkinson,offense,20,25,38
UW-Oshkosh Titans,Aiden Hawkinson,offense,15,35,10
UW-Oshkosh Titans,Aiden Hawkinson,offense,45,25,3
UW-Oshkosh Titans,Oskar Kangas,offense,10,0,4
UW-Oshkosh Titans,Jonah Rindfleisch,offense,5,20,15
UW-Oshkosh Titans,Jonah Rindfleisch,offense,5,25,2
UW-Whitewater,Darius Chestnut,defense,0,5,2
UW-Oshkosh Titans,Matt Imig,offense,10,0,4
UW-Oshkosh Titans,Matt Imig,offense,10,5,6
UW-Oshkosh Titans,Jonah Rindfleisch,defense,15,35,10
UW-Oshkosh Titans,Oskar Kangas,defense,25,35,7
UW-Oshkosh Titans,Matt Imig,defense,15,40,6
UW-Oshkosh Titans,Matt Imig,defense,25,20,42
UW-Oshkosh Titans,Logan Rindfleisch,defense,10,40,5
UW-Oshkosh Titans,Logan Rindfleisch,defense,25,35,5
UW-Whitewater,Joey Berezowitz,offense,40,0,11
UW-Oshkosh Titans,Jonah Rindfleisch,defense,45,40,3
UW-Oshkosh Titans,Jonah Rindfleisch,defense,40,30,2
UW-Oshkosh Titans,TEAM,defense,40,30,86
UW-Oshkosh Titans,Jonah Rindfleisch,defense,40,20,7
UW-Oshkosh Titans,Jonah Rindfleisch,defense,45,15,2
UW-Oshkosh Titans,Jonah Rindfleisch,defense,35,5,34
UW-Oshkosh Titans,Jonah Rindfleisch,defense,30,0,22
UW-Oshkosh Titans,Aiden Hawkinson,defense,35,5,13
UW-Oshkosh Titans,Aiden Hawkinson,defense,25,15,52
UW-Oshkosh Titans,Logan Rindfleisch,defense,35,25,3
UW-Oshkosh Titans,Logan Rindfleisch,defense,40,15,5
UW-Oshkosh Titans,Logan Rindfleisch,defense,45,5,1
UW-Oshkosh Titans,Matt Imig,defense,25,5,49
UW-Oshkosh Titans,Matt Imig,defense,25,0,19
UW-Oshkosh Titans,Matt Imig,defense,20,5,40
UW-Oshkosh Titans,Logan Rindfleisch,defense,30,0,20
UW-Oshkosh Titans,Aiden Hawkinson,defense,0,10,12
UW-Oshkosh Titans,Logan Rindfleisch,defense,0,10,22
UW-Oshkosh Titans,Logan Rindfleisch,defense,5,10,3
UW-Oshkosh Titans,Jonah Rindfleisch,defense,30,15,45
UW-Oshkosh Titans,Oskar Kangas,defense,5,20,8
UW-Oshkosh Titans,Aiden Hawkinson,defense,0,15,7
UW-Oshkosh Titans,Carter Thomas,defense,40,5,6
UW-Oshkosh Titans,Michael Metcalf-Grassman,defense,45,5,2
UW-Oshkosh Titans,Michael Metcalf-Grassman,defense,30,0,5
UW-Oshkosh Titans,Michael Metcalf-Grassman,defense,25,35,6
UW-Oshkosh Titans,Brandon Beck,defense,15,0,9
UW-Whitewater,Darius Chestnut,offense,5,0,3
UW-Oshkosh Titans,Joey LaChapell,defense,10,0,16
UW-Oshkosh Titans,Joey LaChapell,defense,5,20,1
UW-Oshkosh Titans,Nate Nazos,defense,30,15,55
UW-Oshkosh Titans,Nate Nazos,defense,35,15,14
UW-Oshkosh Titans,Joey LaChapell,offense,45,40,9
UW-Oshkosh Titans,Joey LaChapell,offense,40,35,1
UW-Oshkosh Titans,Joey LaChapell,offense,40,25,22
UW-Oshkosh Titans,Joey LaChapell,offense,35,25,23
UW-Oshkosh Titans,Michael Metcalf-Grassman,offense,10,25,58
UW-Oshkosh Titans,Michael Metcalf-Grassman,offense,5,15,6
UW-Oshkosh Titans,Michael Metcalf-Grassman,offense,10,15,5
UW-Oshkosh Titans,Michael Metcalf-Grassman,offense,0,25,3
UW-Whitewater,JR Lukenbill,defense,45,10,15
UW-Oshkosh Titans,Brandon Beck,offense,25,35,41
UW-Oshkosh Titans,Brandon Beck,offense,15,20,31
UW-Oshkosh Titans,Brandon Beck,offense,0,15,15
UW-Oshkosh Titans,Brandon Beck,offense,0,10,7
UW-Oshkosh Titans,Brandon Beck,offense,5,25,21
UW-Oshkosh Titans,Carter Thomas,offense,40,25,7
UW-Whitewater,Joey Berezowitz,defense,0,15,54
UW-Oshkosh Titans,Nate Nazos,offense,15,20,29
UW-Oshkosh Titans,Joey LaChapell,offense,30,10,28
UW-Oshkosh Titans,Joey LaChapell,offense,25,10,22
UW-Oshkosh Titans,Carter Thomas,defense,30,30,18
UW-Oshkosh Titans,Nate Nazos,defense,15,30,5
UW-Oshkosh Titans,Nate Nazos,defense,25,35,10
UW-Oshkosh Titans,Nate Nazos,defense,25,40,21
UW-Oshkosh Titans,Nate Nazos,defense,30,40,11
UW-Whitewater,JR Lukenbill,offense,40,45,3
UW-Oshkosh Titans,Joey LaChapell,defense,0,20,1
UW-Oshkosh Titans,Joey LaChapell,defense,5,40,1
UW-Oshkosh Titans,Joey LaChapell,defense,5,45,1
UW-Oshkosh Titans,Michael Metcalf-Grassman,defense,15,25,10
UW-Oshkosh Titans,Carter Thomas,defense,35,20,7
UW-Oshkosh Titans,Carter Thomas,defense,35,30,17
UW-Oshkosh Titans,Carter Thomas,defense,15,45,5
UW-Oshkosh Titans,Nate Nazos,defense,0,5,1
UW-Oshkosh Titans,Carter Thomas,defense,5,20,5
UW-Whitewater,JR Lukenbill,offense,45,20,44
UW-Whitewater,JR Lukenbill,offense,45,10,52
UW-Whitewater,Jake Quast,defense,15,45,2
UW-Oshkosh Titans,Carter Thomas,offense,20,40,8
UW-Oshkosh Titans,Carter Thomas,offense,20,35,25
UW-Oshkosh Titans,Michael Metcalf-Grassman,offense,5,35,4
UW-Oshkosh Titans,Joey LaChapell,offense,40,30,7
UW-Oshkosh Titans,Joey LaChapell,offense,35,10,8
UW-Oshkosh Titans,Joey LaChapell,offense,40,5,15
UW-Oshkosh Titans,Joey LaChapell,offense,40,0,17
UW-Oshkosh Titans,Joey LaChapell,offense,45,20,6
UW-Whitewater,JR Lukenbill,defense,10,25,16
UW-Whitewater,JR Lukenbill,defense,0,30,4
UW-Oshkosh Titans,Nate Nazos,offense,10,30,41
UW-Oshkosh Titans,Nate Nazos,offense,0,0,18
UW-Oshkosh Titans,Nate Nazos,offense,5,5,11
UW-Oshkosh Titans,Nate Nazos,offense,0,10,11
UW-Oshkosh Titans,Brandon Beck,offense,0,20,28
UW-Oshkosh Titans,Brandon Beck,offense,10,30,56
UW-Oshkosh Titans,Brandon Beck,offense,15,30,48
UW-Oshkosh Titans,Brandon Beck,offense,15,35,13
UW-Oshkosh Titans,Brandon Beck,offense,15,40,12
UW-Oshkosh Titans,Carter Thomas,offense,5,20,10
UW-Oshkosh Titans,Carter Thomas,offense,10,5,30
UW-Oshkosh Titans,Carter Thomas,offense,15,0,7
UW-Oshkosh Titans,Carter Thomas,offense,20,5,21
UW-Oshkosh Titans,Carter Thomas,offense,25,5,34
UW-Whitewater,Joey Berezowitz,defense,45,25,6
UW-Oshkosh Titans,Nate Nazos,offense,45,20,5
UW-Oshkosh Titans,Nate Nazos,offense,35,25,9
UW-Oshkosh Titans,Carter Thomas,defense,20,30,17
UW-Oshkosh Titans,Joey LaChapell,defense,40,30,24
UW-Oshkosh Titans,Joey LaChapell,defense,40,25,6
UW-Oshkosh Titans,Carter Thomas,defense,25,40,21
UW-Oshkosh Titans,Carter Thomas,defense,15,30,9
UW-Oshkosh Titans,Nate Nazos,defense,40,40,4
UW-Oshkosh Titans,Nate Nazos,defense,40,25,2
UW-Oshkosh Titans,Michael Metcalf-Grassman,defense,35,0,4
UW-Oshkosh Titans,Michael Metcalf-Grassman,defense,40,0,1
UW-Oshkosh Titans,Michael Metcalf-Grassman,defense,45,10,5
UW-Whitewater,Joey Berezowitz,defense,35,40,11
UW-Whitewater,JR Lukenbill,defense,10,40,13
UW-Oshkosh Titans,Brandon Beck,offense,5,45,6
UW-Oshkosh Titans,Brandon Beck,offense,5,40,12
UW-Oshkosh Titans,Brandon Beck,offense,10,35,33
UW-Oshkosh Titans,Brandon Beck,offense,5,30,14
UW-Oshkosh Titans,Brandon Beck,offense,10,25,39
UW-Oshkosh Titans,Brandon Beck,offense,10,20,12
UW-Oshkosh Titans,Brandon Beck,offense,15,25,45
UW-Oshkosh Titans,Brandon Beck,offense,5,35,23
UW-Oshkosh Titans,Carter Thomas,offense,25,35,14
UW-Oshkosh Titans,Carter Thomas,offense,40,30,13
UW-Oshkosh Titans,Carter Thomas,offense,45,30,4
UW-Oshkosh Titans,Carter Thomas,offense,45,35,2
UW-Oshkosh Titans,Nate Nazos,offense,40,40,4
UW-Oshkosh Titans,Nate Nazos,offense,40,30,17
UW-Whitewater,JR Lukenbill,defense,45,20,1
UW-Oshkosh Titans,Joey LaChapell,offense,40,15,8
UW-Oshkosh Titans,Joey LaChapell,offense,35,0,9
UW-Oshkosh Titans,Joey LaChapell,offense,25,0,3
UW-Oshkosh Titans,Michael Metcalf-Grassman,offense,0,35,1
UW-Oshkosh Titans,Michael Metcalf-Grassman,offense,0,30,2
UW-Oshkosh Titans,Michael Metcalf-Grassman,offense,5,30,8
UW-Oshkosh Titans,Michael Metcalf-Grassman,offense,5,25,19
UW-Oshkosh Titans,Michael Metcalf-Grassman,offense,5,20,9
UW-Oshkosh Titans,Michael Metcalf-Grassman,offense,0,20,28
UW-Oshkosh Titans,Michael Metcalf-Grassman,offense,10,10,7
UW-Oshkosh Titans,Michael Metcalf-Grassman,offense,5,10,11
UW-Oshkosh Titans,Michael Metcalf-Grassman,offense,0,0,3
UW-Oshkosh Titans,Michael Metcalf-Grassman,offense,0,5,3
UW-Whitewater,Joey Berezowitz,defense,45,0,9
UW-Oshkosh Titans,Nate Nazos,offense,5,15,22
UW-Oshkosh Titans,Nate Nazos,offense,5,10,11
UW-Oshkosh Titans,Nate Nazos,offense,0,40,3
UW-Oshkosh Titans,Michael Metcalf-Grassman,offense,15,45,2
UW-Whitewater,JR Lukenbill,offense,5,40,22
UW-Whitewater,JR Lukenbill,offense,10,5,18
UW-Oshkosh Titans,Vitorio Dante,defense,0,15,24
UW-Oshkosh Titans,Vitorio Dante,defense,0,10,12
UW-Oshkosh Titans,Vitorio Dante,defense,20,20,17
UW-Oshkosh Titans,Vitorio Dante,defense,30,20,19
UW-Oshkosh Titans,Vitorio Dante,defense,25,20,23
UW-Oshkosh Titans,Vitorio Dante,defense,30,5,47
UW-Oshkosh Titans,Vitorio Dante,defense,45,10,1
UW-Whitewater,JR Lukenbill,offense,30,25,35
UW-Whitewater,JR Lukenbill,offense,40,25,20
UW-Oshkosh Titans,Aiden Hawkinson,defense,20,15,76
UW-Oshkosh Titans,Aiden Hawkinson,defense,10,0,5
UW-Oshkosh Titans,Jay Dalton,defense,30,5,38
UW-Oshkosh Titans,Jay Dalton,defense,20,10,12
UW-Oshkosh Titans,Jay Dalton,defense,35,10,20
UW-Whitewater,Joey Berezowitz,offense,10,0,1
UW-Whitewater,Joey Berezowitz,offense,15,0,6
UW-Oshkosh Titans,Logan Rindfleisch,defense,35,10,2
UW-Oshkosh Titans,Logan Rindfleisch,defense,40,10,1
UW-Oshkosh Titans,Oskar Kangas,defense,15,0,46
UW-Oshkosh Titans,Jay Dalton,defense,25,10,12
UW-Oshkosh Titans,Jay Dalton,defense,15,10,10
UW-Oshkosh Titans,Jay Dalton,defense,15,5,9
UW-Oshkosh Titans,Jay Dalton,defense,5,15,4
UW-Oshkosh Titans,Jay Dalton,defense,5,20,1
UW-Oshkosh Titans,Jay Dalton,defense,5,25,4
UW-Oshkosh Titans,Jay Dalton,defense,0,30,9
UW-Oshkosh Titans,Jay Dalton,defense,5,35,1
UW-Oshkosh Titans,Jay Dalton,defense,0,40,2
UW-Oshkosh Titans,Jay Dalton,defense,5,40,1
UW-Oshkosh Titans,Logan Rindfleisch,defense,5,15,12
UW-Oshkosh Titans,Logan Rindfleisch,defense,10,20,8
UW-Oshkosh Titans,Logan Rindfleisch,defense,15,20,6
UW-Oshkosh Titans,Logan Rindfleisch,defense,15,25,20
UW-Oshkosh Titans,Logan Rindfleisch,defense,10,35,2
UW-Oshkosh Titans,Logan Rindfleisch,defense,5,35,1
UW-Whitewater,JR Lukenbill,defense,10,35,9
UW-Whitewater,JR Lukenbill,defense,15,30,19
UW-Oshkosh Titans,Logan Rindfleisch,offense,5,45,1
UW-Oshkosh Titans,Logan Rindfleisch,offense,10,40,5
UW-Oshkosh Titans,Logan Rindfleisch,offense,10,35,2
UW-Oshkosh Titans,Logan Rindfleisch,offense,10,30,2
UW-Oshkosh Titans,Logan Rindfleisch,offense,35,25,5
UW-Oshkosh Titans,Vitorio Dante,offense,40,0,3
UW-Oshkosh Titans,Jay Dalton,offense,30,5,11
UW-Oshkosh Titans,Jay Dalton,offense,15,10,3
UW-Oshkosh Titans,Jay Dalton,offense,10,10,2
UW-Oshkosh Titans,Aiden Hawkinson,offense,0,40,1
UW-Oshkosh Titans,Aiden Hawkinson,offense,0,30,27
UW-Oshkosh Titans,Aiden Hawkinson,offense,5,15,19
UW-Oshkosh Titans,Aiden Hawkinson,offense,0,15,14
UW-Oshkosh Titans,Aiden Hawkinson,offense,15,25,24
UW-Oshkosh Titans,Vitorio Dante,offense,35,15,3
UW-Oshkosh Titans,Vitorio Dante,offense,45,15,2
UW-Oshkosh Titans,Vitorio Dante,offense,40,20,1
UW-Whitewater,Jake Quast,defense,45,20,23
UW-Whitewater,Jake Quast,defense,40,30,11
UW-Oshkosh Titans,Jay Dalton,offense,0,5,11
UW-Oshkosh Titans,Jay Dalton,offense,5,10,9
UW-Oshkosh Titans,Jay Dalton,offense,0,10,2
UW-Oshkosh Titans,Jay Dalton,offense,5,15,2
UW-Oshkosh Titans,Jay Dalton,offense,10,15,4
UW-Oshkosh Titans,Jay Dalton,offense,15,20,11
UW-Oshkosh Titans,Jay Dalton,offense,20,20,1
UW-Oshkosh Titans,Jay Dalton,offense,25,25,8
UW-Oshkosh Titans,Vitorio Dante,offense,25,0,4
UW-Oshkosh Titans,Vitorio Dante,offense,30,10,24
UW-Whitewater,JR Lukenbill,defense,40,30,8
UW-Whitewater,JR Lukenbill,defense,45,30,3
UW-Whitewater,JR Lukenbill,defense,45,25,6
UW-Oshkosh Titans,Oskar Kangas,offense,40,45,2
UW-Oshkosh Titans,Oskar Kangas,offense,35,40,5
UW-Oshkosh Titans,Oskar Kangas,offense,30,40,8
UW-Oshkosh Titans,Aiden Hawkinson,offense,35,45,2
UW-Oshkosh Titans,Jay Dalton,offense,30,30,5
UW-Oshkosh Titans,Jay Dalton,defense,25,45,1
UW-Oshkosh Titans,Jay Dalton,defense,25,40,2
UW-Whitewater,JR Lukenbill,offense,5,45,9
UW-Oshkosh Titans,Aiden Hawkinson,defense,10,40,4
UW-Oshkosh Titans,Aiden Hawkinson,defense,0,20,21
UW-Oshkosh Titans,Logan Rindfleisch,defense,30,25,10
UW-Oshkosh Titans,Logan Rindfleisch,defense,35,30,5
UW-Oshkosh Titans,Logan Rindfleisch,defense,35,15,1
UW-Whitewater,Darius Chestnut,offense,45,25,4
UW-Oshkosh Titans,Logan Rindfleisch,defense,5,5,4
UW-Oshkosh Titans,Logan Rindfleisch,defense,15,5,41
UW-Oshkosh Titans,Logan Rindfleisch,defense,10,5,10
UW-Oshkosh Titans,Oskar Kangas,defense,35,15,5
UW-Oshkosh Titans,Oskar Kangas,defense,40,20,10
UW-Oshkosh Titans,Vitorio Dante,defense,30,25,12
UW-Oshkosh Titans,Jay Dalton,defense,30,25,8
UW-Whitewater,JR Lukenbill,offense,0,30,7
UW-Oshkosh Titans,Aiden Hawkinson,defense,25,20,23
UW-Oshkosh Titans,Aiden Hawkinson,defense,45,0,8
UW-Oshkosh Titans,Aiden Hawkinson,defense,35,0,3
UW-Oshkosh Titans,Vitorio Dante,defense,10,25,20
UW-Oshkosh Titans,Logan Rindfleisch,defense,20,20,9
UW-Oshkosh Titans,Jay Dalton,defense,15,15,13
UW-Oshkosh Titans,Jay Dalton,defense,20,30,2
UW-Oshkosh Titans,Jay Dalton,defense,25,30,3
UW-Oshkosh Titans,Jay Dalton,defense,5,0,3
UW-Oshkosh Titans,Jay Dalton,defense,5,5,10
UW-Oshkosh Titans,Jay Dalton,defense,20,15,5
UW-Oshkosh Titans,Jay Dalton,defense,10,25,7
UW-Oshkosh Titans,Jay Dalton,defense,10,30,10
UW-Oshkosh Titans,Jay Dalton,defense,15,35,6
UW-Oshkosh Titans,Jay Dalton,defense,15,40,4
UW-Oshkosh Titans,Jay Dalton,defense,20,40,7
UW-Oshkosh Titans,Jay Dalton,defense,0,35,9
UW-Oshkosh Titans,Logan Rindfleisch,defense,5,20,6
UW-Oshkosh Titans,Logan Rindfleisch,defense,10,0,1
UW-Oshkosh Titans,Vitorio Dante,defense,5,30,12
UW-Oshkosh Titans,Vitorio Dante,defense,10,30,20
UW-Oshkosh Titans,Vitorio Dante,defense,15,30,13
UW-Oshkosh Titans,Vitorio Dante,defense,15,35,7
UW-Oshkosh Titans,Vitorio Dante,defense,10,35,8
UW-Oshkosh Titans,Vitorio Dante,defense,5,35,4
UW-Oshkosh Titans,Vitorio Dante,defense,0,35,7
UW-Oshkosh Titans,Vitorio Dante,defense,0,30,4
UW-Oshkosh Titans,Vitorio Dante,defense,0,20,6
UW-Oshkosh Titans,Logan Rindfleisch,defense,25,30,11
UW-Oshkosh Titans,Logan Rindfleisch,defense,15,30,33
UW-Oshkosh Titans,Logan Rindfleisch,defense,5,30,11
UW-Oshkosh Titans,Logan Rindfleisch,defense,10,30,3
UW-Oshkosh Titans,Logan Rindfleisch,defense,20,30,13
UW-Oshkosh Titans,Logan Rindfleisch,defense,20,25,8
UW-Whitewater,Collin Madson,offense,45,40,20
UW-Oshkosh Titans,Aiden Hawkinson,defense,0,25,2
UW-Oshkosh Titans,Aiden Hawkinson,defense,0,35,28
UW-Oshkosh Titans,Aiden Hawkinson,defense,0,40,2
UW-Oshkosh Titans,Aiden Hawkinson,defense,5,30,8
UW-Oshkosh Titans,Aiden Hawkinson,defense,30,40,8
UW-Oshkosh Titans,Aiden Hawkinson,defense,30,45,3
UW-Oshkosh Titans,Oskar Kangas,defense,15,30,29
UW-Oshkosh Titans,Oskar Kangas,defense,15,35,13
UW-Oshkosh Titans,Oskar Kangas,defense,5,35,2
UW-Oshkosh Titans,Nate Nazos,offense,15,40,7
UW-Oshkosh Titans,Nate Nazos,offense,30,20,5
UW-Oshkosh Titans,Nate Nazos,offense,30,10,77
UW-Oshkosh Titans,Nate Nazos,offense,40,10,7
UW-Oshkosh Titans,Joey LaChapell,offense,15,0,8
UW-Oshkosh Titans,Michael Metcalf-Grassman,offense,45,35,3
UW-Oshkosh Titans,Michael Metcalf-Grassman,offense,45,30,4
UW-Oshkosh Titans,Michael Metcalf-Grassman,offense,45,20,3
UW-Oshkosh Titans,Brandon Beck,offense,5,5,7
UW-Oshkosh Titans,Brandon Beck,offense,5,0,2
UW-Oshkosh Titans,Brandon Beck,offense,0,0,6
UW-Oshkosh Titans,Michael Metcalf-Grassman,offense,35,0,7
UW-Oshkosh Titans,Joey LaChapell,offense,25,5,24
UW-Oshkosh Titans,Joey LaChapell,offense,5,10,6
UW-Oshkosh Titans,Michael Metcalf-Grassman,offense,10,20,11
UW-Whitewater,Darius Chestnut,offense,0,30,12
UW-Oshkosh Titans,Carter Thomas,defense,25,35,9
UW-Oshkosh Titans,Carter Thomas,defense,15,35,8
UW-Oshkosh Titans,Carter Thomas,defense,20,35,6
UW-Oshkosh Titans,Carter Thomas,defense,25,25,18
UW-Whitewater,Jake Quast,offense,5,45,2
UW-Whitewater,Jake Quast,offense,5,40,8
UW-Oshkosh Titans,Joey LaChapell,defense,25,35,4
UW-Oshkosh Titans,Joey LaChapell,defense,40,0,1
UW-Oshkosh Titans,Brandon Beck,defense,35,30,2
UW-Oshkosh Titans,Carter Thomas,defense,45,5,13
UW-Oshkosh Titans,Carter Thomas,defense,40,10,13
UW-Oshkosh Titans,Carter Thomas,defense,35,15,24
UW-Whitewater,JR Lukenbill,defense,15,45,8
UW-Whitewater,JR Lukenbill,defense,15,35,21
UW-Whitewater,JR Lukenbill,defense,5,25,6
UW-Oshkosh Titans,Carter Thomas,offense,10,45,4
UW-Oshkosh Titans,Carter Thomas,offense,10,40,8
UW-Oshkosh Titans,Carter Thomas,offense,5,40,17
UW-Oshkosh Titans,Carter Thomas,offense,5,35,33
UW-Oshkosh Titans,Carter Thomas,offense,5,30,21
UW-Whitewater,Jake Quast,defense,5,35,8
UW-Whitewater,Joey Berezowitz,defense,45,10,38
UW-Oshkosh Titans,Brandon Beck,offense,10,5,4
UW-Oshkosh Titans,Nate Nazos,defense,30,45,5
UW-Oshkosh Titans,Nate Nazos,defense,15,45,10
UW-Oshkosh Titans,Nate Nazos,defense,30,25,5
UW-Oshkosh Titans,Nate Nazos,defense,45,20,1
UW-Oshkosh Titans,TEAM,defense,45,20,10
UW-Oshkosh Titans,Nate Nazos,defense,40,20,5
UW-Oshkosh Titans,Nate Nazos,defense,45,15,3
UW-Whitewater,Nate Nazos,offense,30,45,1
UW-Whitewater,Nate Nazos,offense,30,35,1
UW-Whitewater,Nate Nazos,offense,25,35,1
UW-Whitewater,Nate Nazos,offense,25,30,1
UW-Whitewater,Nate Nazos,offense,35,25,4
UW-Whitewater,Nate Nazos,offense,25,25,3
UW-Whitewater,Nate Nazos,offense,30,25,1
UW-Whitewater,Nate Nazos,offense,30,30,3
UW-Whitewater,Nate Nazos,offense,35,30,3
UW-Whitewater,Nate Nazos,offense,40,25,7
UW-Whitewater,Nate Nazos,offense,45,20,2
UW-Whitewater,Nate Nazos,offense,40,20,2
UW-Whitewater,Nate Nazos,offense,35,20,2
UW-Whitewater,Nate Nazos,offense,45,30,1
UW-Whitewater,Nate Nazos,offense,35,35,3
UW-Whitewater,Nate Nazos,offense,30,40,2
UW-Oshkosh Titans,Joey LaChapell,defense,45,35,1
UW-Oshkosh Titans,Brandon Beck,defense,40,0,1
UW-Oshkosh Titans,Brandon Beck,defense,5,30,6
UW-Oshkosh Titans,Michael Metcalf-Grassman,defense,5,40,2
UW-Oshkosh Titans,Nate Nazos,defense,30,35,2
UW-Oshkosh Titans,Carter Thomas,defense,30,45,2
UW-Oshkosh Titans,Brandon Beck,offense,40,5,16
UW-Oshkosh Titans,Brandon Beck,offense,35,0,5
UW-Oshkosh Titans,Brandon Beck,offense,0,25,15
UW-Oshkosh Titans,Joey LaChapell,offense,30,15,18
UW-Oshkosh Titans,Joey LaChapell,offense,35,5,8
UW-Oshkosh Titans,Joey LaChapell,offense,45,5,12
UW-Oshkosh Titans,Carter Thomas,offense,5,15,8
UW-Oshkosh Titans,Joey LaChapell,offense,35,15,10
UW-Oshkosh Titans,Joey LaChapell,offense,45,10,7
UW-Oshkosh Titans,Joey LaChapell,offense,35,30,9
UW-Oshkosh Titans,Joey LaChapell,offense,45,45,1
UW-Oshkosh Titans,Joey LaChapell,offense,25,25,33
UW-Oshkosh Titans,Brandon Beck,offense,25,0,10
UW-Oshkosh Titans,Brandon Beck,offense,45,0,1
UW-Oshkosh Titans,Brandon Beck,offense,45,5,5
UW-Oshkosh Titans,Michael Metcalf-Grassman,offense,40,10,6
UW-Whitewater,Tyshawn Teague-Johnson,defense,35,40,1
UW-Whitewater,Tyshawn Teague-Johnson,defense,35,45,1
UW-Whitewater,Darius Chestnut,defense,0,10,8
UW-Oshkosh Titans,Joey LaChapell,offense,40,20,7
UW-Oshkosh Titans,Carter Thomas,offense,15,20,14
UW-Whitewater,Joey Berezowitz,defense,0,30,8
UW-Oshkosh Titans,Matt Imig,defense,5,25,3
UW-Oshkosh Titans,Matt Imig,defense,5,20,2
UW-Oshkosh Titans,Aiden Hawkinson,defense,15,45,4
UW-Oshkosh Titans,Aiden Hawkinson,defense,5,40,3
UW-Oshkosh Titans,Oskar Kangas,defense,0,40,27
UW-Oshkosh Titans,Matt Imig,defense,10,45,5
UW-Oshkosh Titans,Matt Imig,defense,30,10,23
UW-Oshkosh Titans,Jonah Rindfleisch,defense,40,45,1
UW-Oshkosh Titans,TEAM,defense,40,45,48
UW-Oshkosh Titans,Jonah Rindfleisch,defense,35,25,7
UW-Oshkosh Titans,Jonah Rindfleisch,defense,20,15,72
UW-Oshkosh Titans,Oskar Kangas,defense,0,15,3
UW-Oshkosh Titans,Joey Berezowitz,offense,15,40,3
UW-Oshkosh Titans,Joey Berezowitz,offense,20,40,1
UW-Oshkosh Titans,Joey Berezowitz,offense,20,35,2
UW-Oshkosh Titans,Joey Berezowitz,offense,20,30,1
UW-Oshkosh Titans,Joey Berezowitz,offense,20,20,3
UW-Oshkosh Titans,Joey Berezowitz,offense,25,25,4
UW-Oshkosh Titans,Joey Berezowitz,offense,30,25,2
UW-Oshkosh Titans,Joey Berezowitz,offense,30,15,4
UW-Oshkosh Titans,Joey Berezowitz,offense,25,15,3
UW-Oshkosh Titans,Joey Berezowitz,offense,5,10,1
UW-Oshkosh Titans,Joey Berezowitz,offense,0,5,1
UW-Oshkosh Titans,Matt Imig,offense,45,45,1
UW-Oshkosh Titans,Matt Imig,offense,40,30,11
UW-Oshkosh Titans,Matt Imig,offense,40,25,23
UW-Whitewater,Tyshawn Teague-Johnson,defense,0,10,25
UW-Oshkosh Titans,Jonah Rindfleisch,offense,40,40,1
UW-Oshkosh Titans,Jonah Rindfleisch,offense,45,40,1
UW-Oshkosh Titans,Jonah Rindfleisch,offense,20,45,4
UW-Whitewater,Richie Warren,defense,45,25,1
UW-Oshkosh Titans,Aiden Hawkinson,offense,10,15,14
UW-Oshkosh Titans,Aiden Hawkinson,offense,10,0,5
UW-Oshkosh Titans,Aiden Hawkinson,offense,15,20,32
UW-Oshkosh Titans,Oskar Kangas,offense,35,0,3
UW-Oshkosh Titans,Vitorio Dante,offense,20,40,2
UW-Oshkosh Titans,Vitorio Dante,offense,25,35,7
UW-Oshkosh Titans,Vitorio Dante,offense,15,35,38
UW-Oshkosh Titans,Vitorio Dante,offense,10,20,6
UW-Oshkosh Titans,Vitorio Dante,offense,15,15,21
UW-Oshkosh Titans,Vitorio Dante,offense,5,10,6
UW-Oshkosh Titans,Oskar Kangas,offense,20,20,21
UW-Oshkosh Titans,Oskar Kangas,offense,15,20,23
UW-Oshkosh Titans,Matt Imig,offense,45,20,5
UW-Oshkosh Titans,Matt Imig,offense,45,25,2
UW-Oshkosh Titans,Matt Imig,offense,40,20,4
UW-Oshkosh Titans,Matt Imig,offense,35,20,6
UW-Whitewater,Tyshawn Teague-Johnson,defense,45,0,2
UW-Oshkosh Titans,Jonah Rindfleisch,offense,20,30,32
UW-Oshkosh Titans,Jonah Rindfleisch,offense,15,0,3
UW-Oshkosh Titans,Jonah Rindfleisch,offense,10,0,9
UW-Oshkosh Titans,Jonah Rindfleisch,offense,20,5,8
UW-Oshkosh Titans,Jonah Rindfleisch,offense,0,25,5
UW-Oshkosh Titans,Jonah Rindfleisch,offense,5,10,2
UW-Oshkosh Titans,Aiden Hawkinson,offense,25,15,16
UW-Oshkosh Titans,Vitorio Dante,offense,5,25,12
UW-Oshkosh Titans,Vitorio Dante,offense,25,10,16
UW-Oshkosh Titans,Aiden Hawkinson,offense,15,30,23
UW-Oshkosh Titans,Aiden Hawkinson,offense,10,40,5
UW-Oshkosh Titans,Aiden Hawkinson,offense,10,45,3
UW-Oshkosh Titans,Aiden Hawkinson,offense,15,40,11
UW-Oshkosh Titans,Jonah Rindfleisch,defense,35,30,6
UW-Oshkosh Titans,Jonah Rindfleisch,defense,35,20,16
UW-Oshkosh Titans,Jonah Rindfleisch,defense,40,15,7
UW-Oshkosh Titans,Jonah Rindfleisch,defense,35,15,63
UW-Oshkosh Titans,Matt Imig,defense,30,40,4
UW-Oshkosh Titans,Matt Imig,defense,30,20,19
UW-Oshkosh Titans,Matt Imig,defense,35,15,6
UW-Oshkosh Titans,Aiden Hawkinson,defense,35,25,19
UW-Oshkosh Titans,Aiden Hawkinson,defense,20,20,58
UW-Oshkosh Titans,Jonah Rindfleisch,offense,35,0,3
UW-Oshkosh Titans,Aiden Hawkinson,offense,10,35,5
UW-Oshkosh Titans,Vitorio Dante,offense,30,0,7
UW-Oshkosh Titans,Vitorio Dante,offense,20,0,5
UW-Oshkosh Titans,Vitorio Dante,offense,35,5,7
UW-Oshkosh Titans,Vitorio Dante,offense,40,10,5
UW-Whitewater,Joey Berezowitz,defense,0,5,3
UW-Oshkosh Titans,Vitorio Dante,offense,40,35,4
UW-Oshkosh Titans,Vitorio Dante,offense,40,40,5
UW-Oshkosh Titans,Vitorio Dante,offense,40,45,1
UW-Oshkosh Titans,Oskar Kangas,offense,35,15,8
UW-Whitewater,Tyshawn Teague-Johnson,defense,45,40,3
UW-Whitewater,Tyshawn Teague-Johnson,defense,40,40,3
UW-Whitewater,Tyshawn Teague-Johnson,defense,45,35,2
UW-Oshkosh Titans,Matt Imig,offense,45,10,11
UW-Oshkosh Titans,Matt Imig,offense,45,0,4
UW-Oshkosh Titans,Matt Imig,offense,30,0,2
UW-Whitewater,Tyshawn Teague-Johnson,defense,5,5,12
UW-Oshkosh Titans,Michael Metcalf-Grassman,offense,30,10,85
UW-Oshkosh Titans,Carter Thomas,offense,30,5,17
UW-Oshkosh Titans,Carter Thomas,offense,10,0,10
UW-Oshkosh Titans,Carter Thomas,offense,20,0,14
UW-Oshkosh Titans,Brandon Beck,defense,10,40,11
UW-Oshkosh Titans,Brandon Beck,defense,10,45,4
UW-Oshkosh Titans,Brandon Beck,defense,30,45,3
UW-Oshkosh Titans,Brandon Beck,defense,30,40,5
UW-Oshkosh Titans,Carter Thomas,defense,30,0,18
UW-Whitewater,Tyshawn Teague-Johnson,offense,10,45,6
UW-Oshkosh Titans,Nate Nazos,defense,35,25,3
UW-Oshkosh Titans,Nate Nazos,defense,35,35,1
UW-Oshkosh Titans,Joey LaChapell,defense,35,35,5
UW-Oshkosh Titans,Joey LaChapell,defense,35,40,7
UW-Oshkosh Titans,Michael Metcalf-Grassman,defense,45,20,5
UW-Oshkosh Titans,Michael Metcalf-Grassman,defense,45,15,4
UW-Oshkosh Titans,Michael Metcalf-Grassman,defense,30,35,18
UW-Oshkosh Titans,Carter Thomas,offense,35,45,2
UW-Oshkosh Titans,Carter Thomas,offense,25,0,27
UW-Oshkosh Titans,Nate Nazos,offense,0,30,18
UW-Oshkosh Titans,Nate Nazos,offense,0,25,10
UW-Oshkosh Titans,Joey LaChapell,offense,5,5,10
UW-Whitewater,Collin Madson,defense,40,0,4
UW-Oshkosh Titans,Michael Metcalf-Grassman,defense,45,25,6
UW-Oshkosh Titans,Joey LaChapell,defense,35,45,11
UW-Oshkosh Titans,Michael Metcalf-Grassman,offense,35,20,6
UW-Oshkosh Titans,Michael Metcalf-Grassman,offense,35,15,2
UW-Oshkosh Titans,Nate Nazos,offense,15,45,1
UW-Oshkosh Titans,Aiden Hawkinson,defense,25,45,4
UW-Whitewater,Tyshawn Teague-Johnson,offense,40,10,20
UW-Whitewater,Tyshawn Teague-Johnson,offense,45,5,17
UW-Oshkosh Titans,Oskar Kangas,defense,35,0,2
UW-Oshkosh Titans,Jay Dalton,defense,25,0,43
UW-Oshkosh Titans,Jay Dalton,defense,20,5,1
UW-Whitewater,Brock Marino,offense,0,45,14
UW-Whitewater,Brock Marino,offense,0,40,6
UW-Oshkosh Titans,Oskar Kangas,defense,45,0,2
UW-Oshkosh Titans,Oskar Kangas,defense,40,5,1
UW-Oshkosh Titans,Aiden Hawkinson,defense,40,30,3
UW-Oshkosh Titans,Jay Dalton,defense,35,5,3
UW-Oshkosh Titans,Jay Dalton,defense,25,25,8
UW-Oshkosh Titans,Jay Dalton,defense,25,20,22
UW-Oshkosh Titans,Logan Rindfleisch,defense,45,15,1
UW-Oshkosh Titans,Logan Rindfleisch,defense,40,20,3
UW-Oshkosh Titans,Logan Rindfleisch,defense,40,25,6
UW-Oshkosh Titans,Logan Rindfleisch,defense,45,25,2
UW-Oshkosh Titans,Jonah Rindfleisch,offense,40,45,1
UW-Oshkosh Titans,Jonah Rindfleisch,offense,40,20,5
UW-Whitewater,JR Lukenbill,defense,0,45,4
UW-Whitewater,JR Lukenbill,defense,0,40,14
UW-Whitewater,JR Lukenbill,defense,10,30,12
UW-Oshkosh Titans,Jay Dalton,offense,20,35,3
UW-Oshkosh Titans,Aiden Hawkinson,offense,20,40,7
UW-Oshkosh Titans,Logan Rindfleisch,offense,0,45,1
UW-Oshkosh Titans,TEAM,offense,0,45,4
UW-Oshkosh Titans,Oskar Kangas,offense,5,20,11
UW-Oshkosh Titans,Oskar Kangas,offense,0,30,22
UW-Oshkosh Titans,Oskar Kangas,offense,20,40,3
UW-Oshkosh Titans,Logan Rindfleisch,offense,40,5,5
UW-Oshkosh Titans,Logan Rindfleisch,offense,20,0,4
UW-Oshkosh Titans,Logan Rindfleisch,offense,15,0,3
UW-Oshkosh Titans,Jay Dalton,offense,0,0,23
UW-Oshkosh Titans,Jay Dalton,offense,45,10,1
UW-Whitewater,Luke Bara,defense,5,45,6
UW-Oshkosh Titans,Jay Dalton,defense,10,45,2
UW-Oshkosh Titans,Jay Dalton,defense,10,40,2
UW-Oshkosh Titans,Jay Dalton,defense,20,35,2
UW-Oshkosh Titans,Jay Dalton,defense,15,25,2
UW-Oshkosh Titans,Jay Dalton,defense,15,20,6
UW-Oshkosh Titans,Jay Dalton,defense,10,5,2
UW-Oshkosh Titans,Logan Rindfleisch,defense,30,45,3
UW-Oshkosh Titans,Logan Rindfleisch,defense,30,40,4
UW-Oshkosh Titans,Oskar Kangas,defense,40,25,3
UW-Oshkosh Titans,Jonah Rindfleisch,defense,25,15,46
UW-Whitewater,JR Lukenbill,offense,20,0,14
UW-Oshkosh Titans,Aiden Hawkinson,defense,25,25,14
UW-Oshkosh Titans,Logan Rindfleisch,defense,35,40,2
UW-Oshkosh Titans,Logan Rindfleisch,defense,30,35,12
UW-Whitewater,Aiden Hawkinson,offense,30,25,1
UW-Whitewater,Aiden Hawkinson,offense,30,20,1
UW-Whitewater,Aiden Hawkinson,offense,20,10,2
UW-Whitewater,Aiden Hawkinson,offense,20,5,1
UW-Whitewater,Aiden Hawkinson,offense,5,15,2
UW-Whitewater,Aiden Hawkinson,offense,5,20,1
UW-Whitewater,Aiden Hawkinson,offense,10,25,1
UW-Whitewater,Aiden Hawkinson,offense,5,30,2
UW-Whitewater,Aiden Hawkinson,offense,10,30,1
UW-Whitewater,Aiden Hawkinson,offense,5,5,8
UW-Whitewater,Aiden Hawkinson,offense,5,10,1
UW-Oshkosh Titans,Jay Dalton,defense,25,15,7
UW-Oshkosh Titans,Jonah Rindfleisch,defense,15,20,6
UW-Oshkosh Titans,Logan Rindfleisch,defense,0,25,2
UW-Oshkosh Titans,Logan Rindfleisch,defense,0,20,12
UW-Oshkosh Titans,Logan Rindfleisch,defense,0,15,3
UW-Oshkosh Titans,Jay Dalton,defense,0,15,2
UW-Oshkosh Titans,Jay Dalton,defense,0,10,6
UW-Oshkosh Titans,Jonah Rindfleisch,defense,40,25,3
UW-Oshkosh Titans,Joey LaChapell,offense,10,0,9
UW-Oshkosh Titans,Nate Nazos,offense,30,0,5
UW-Oshkosh Titans,Michael Metcalf-Grassman,defense,20,45,2
UW-Oshkosh Titans,Carter Thomas,defense,35,45,1
UW-Oshkosh Titans,Carter Thomas,defense,35,35,8
UW-Oshkosh Titans,Carter Thomas,defense,25,30,13
UW-Whitewater,Luke Bara,offense,40,45,7
UW-Oshkosh Titans,Nate Nazos,defense,30,0,17
UW-Whitewater,JR Lukenbill,offense,15,5,17
UW-Whitewater,Luke Bara,offense,45,30,8
UW-Oshkosh Titans,Michael Metcalf-Grassman,defense,25,0,20
UW-Oshkosh Titans,Carter Thomas,defense,35,0,6
UW-Oshkosh Titans,Nate Nazos,defense,40,10,14
UW-Oshkosh Titans,Nate Nazos,defense,35,0,11
UW-Oshkosh Titans,Nate Nazos,defense,40,5,11
UW-Oshkosh Titans,Brandon Beck,defense,0,5,8
UW-Whitewater,Tyshawn Teague-Johnson,offense,30,45,4
UW-Whitewater,Tyshawn Teague-Johnson,defense,0,20,105
UW-Whitewater,Tyshawn Teague-Johnson,defense,40,5,4
UW-Oshkosh Titans,Logan Rindfleisch,offense,0,10,1
UW-Oshkosh Titans,Logan Rindfleisch,offense,5,15,11
UW-Oshkosh Titans,Logan Rindfleisch,offense,5,10,11
UW-Oshkosh Titans,Vitorio Dante,offense,40,5,5
UW-Oshkosh Titans,Vitorio Dante,offense,40,15,1
UW-Oshkosh Titans,Vitorio Dante,offense,20,25,5
UW-Oshkosh Titans,Oskar Kangas,offense,25,35,3
UW-Oshkosh Titans,Logan Rindfleisch,defense,20,40,2
UW-Oshkosh Titans,Matt Imig,defense,40,40,1
UW-Oshkosh Titans,Matt Imig,defense,40,35,6
UW-Oshkosh Titans,Matt Imig,defense,35,30,5
UW-Oshkosh Titans,Matt Imig,defense,45,25,1
UW-Oshkosh Titans,Aiden Hawkinson,defense,35,30,3
UW-Oshkosh Titans,Aiden Hawkinson,defense,40,25,1
UW-Oshkosh Titans,Aiden Hawkinson,defense,40,40,5
UW-Oshkosh Titans,Logan Rindfleisch,defense,35,35,3
UW-Oshkosh Titans,Logan Rindfleisch,defense,15,0,6
UW-Oshkosh Titans,Aiden Hawkinson,defense,40,0,2
UW-Oshkosh Titans,Matt Imig,defense,30,5,42
UW-Oshkosh Titans,Matt Imig,defense,30,0,3
UW-Oshkosh Titans,Matt Imig,defense,35,5,11
UW-Oshkosh Titans,Logan Rindfleisch,defense,35,20,2
UW-Whitewater,JR Lukenbill,defense,5,35,2
UW-Whitewater,Luke Bara,defense,5,30,6
UW-Whitewater,Tyshawn Teague-Johnson,defense,5,0,1
UW-Oshkosh Titans,Nate Nazos,offense,25,0,16
UW-Whitewater,Brock Marino,defense,0,5,8
UW-Oshkosh Titans,Joey LaChapell,offense,20,0,13
UW-Whitewater,Tyshawn Teague-Johnson,offense,15,45,1
UW-Oshkosh Titans,Carter Thomas,defense,20,40,4
UW-Oshkosh Titans,Joey LaChapell,defense,25,30,29
UW-Oshkosh Titans,Michael Metcalf-Grassman,defense,25,45,6
UW-Oshkosh Titans,Michael Metcalf-Grassman,defense,35,40,44
UW-Oshkosh Titans,Michael Metcalf-Grassman,defense,40,35,3
UW-Oshkosh Titans,Michael Metcalf-Grassman,defense,35,35,13
UW-Whitewater,Brock Marino,offense,40,45,5
UW-Oshkosh Titans,Brandon Beck,defense,10,35,13
UW-Oshkosh Titans,Brandon Beck,defense,35,40,8
UW-Oshkosh Titans,Brandon Beck,defense,40,40,4
UW-Oshkosh Titans,Brandon Beck,defense,35,35,6
UW-Oshkosh Titans,Brandon Beck,defense,40,35,6
UW-Whitewater,JR Lukenbill,offense,40,0,13
UW-Whitewater,Tyshawn Teague-Johnson,offense,40,0,2
UW-Oshkosh Titans,Carter Thomas,defense,40,25,6
UW-Oshkosh Titans,Nate Nazos,defense,35,45,3
UW-Oshkosh Titans,Brandon Beck,offense,30,35,17
UW-Oshkosh Titans,Michael Metcalf-Grassman,offense,5,40,2
UW-Oshkosh Titans,Carter Thomas,offense,45,40,3
UW-Oshkosh Titans,Nate Nazos,offense,10,45,1
UW-Oshkosh Titans,Michael Metcalf-Grassman,offense,45,10,10
UW-Oshkosh Titans,Carter Thomas,offense,5,5,8
UW-Oshkosh Titans,Jay Dalton,defense,40,5,2
UW-Oshkosh Titans,Jay Dalton,defense,40,10,3
UW-Oshkosh Titans,Oskar Kangas,defense,0,0,1
UW-Oshkosh Titans,Oskar Kangas,defense,0,5,8
UW-Oshkosh Titans,Logan Rindfleisch,defense,35,0,10
UW-Oshkosh Titans,Logan Rindfleisch,defense,0,30,2
UW-Oshkosh Titans,Vitorio Dante,defense,0,0,13
UW-Oshkosh Titans,Vitorio Dante,defense,0,5,9
UW-Oshkosh Titans,Oskar Kangas,defense,45,5,1
UW-Oshkosh Titans,Oskar Kangas,defense,35,5,5
UW-Oshkosh Titans,Oskar Kangas,defense,35,10,3
UW-Oshkosh Titans,Vitorio Dante,defense,35,30,3
UW-Oshkosh Titans,Vitorio Dante,defense,40,30,1
UW-Oshkosh Titans,Vitorio Dante,defense,40,35,2
UW-Oshkosh Titans,Vitorio Dante,defense,45,45,1
UW-Oshkosh Titans,TEAM,defense,45,45,6
UW-Oshkosh Titans,Oskar Kangas,defense,0,30,2
UW-Oshkosh Titans,Logan Rindfleisch,offense,45,25,1
UW-Oshkosh Titans,Jay Dalton,offense,10,40,9
UW-Oshkosh Titans,Jay Dalton,offense,10,35,10
UW-Oshkosh Titans,Aiden Hawkinson,offense,10,5,3
UW-Whitewater,Brock Marino,defense,5,30,4
UW-Oshkosh Titans,Oskar Kangas,offense,0,45,1
UW-Oshkosh Titans,Oskar Kangas,offense,0,40,6
UW-Oshkosh Titans,Oskar Kangas,offense,0,35,15
UW-Oshkosh Titans,Logan Rindfleisch,offense,0,15,3
UW-Oshkosh Titans,Logan Rindfleisch,offense,5,5,11
UW-Oshkosh Titans,Logan Rindfleisch,offense,20,40,2
UW-Oshkosh Titans,Logan Rindfleisch,offense,30,35,5
UW-Oshkosh Titans,Logan Rindfleisch,offense,35,35,2
UW-Whitewater,Brock Marino,defense,45,40,2
UW-Oshkosh Titans,Carter Thomas,offense,10,35,13
UW-Oshkosh Titans,Nate Nazos,offense,45,40,3
UW-Oshkosh Titans,Nate Nazos,offense,45,25,5
UW-Whitewater,JR Lukenbill,defense,0,25,7
UW-Whitewater,JR Lukenbill,defense,0,35,1
UW-Oshkosh Titans,Nate Nazos,offense,40,0,37
UW-Oshkosh Titans,Nate Nazos,offense,40,5,2
UW-Oshkosh Titans,Joey LaChapell,offense,5,0,5
UW-Oshkosh Titans,Nate Nazos,offense,45,10,2
UW-Whitewater,JR Lukenbill,defense,0,10,2
UW-Whitewater,Jake Quast,defense,40,35,9
UW-Oshkosh Titans,Carter Thomas,offense,35,5,15
UW-Whitewater,JR Lukenbill,offense,0,40,1
UW-Oshkosh Titans,Nate Nazos,defense,30,30,26
UW-Oshkosh Titans,Carter Thomas,defense,0,10,8
UW-Oshkosh Titans,Carter Thomas,defense,0,5,9
UW-Oshkosh Titans,Carter Thomas,defense,0,0,4
UW-Oshkosh Titans,Carter Thomas,defense,5,5,7
UW-Oshkosh Titans,Carter Thomas,defense,0,35,1
UW-Whitewater,Luke Bara,offense,0,0,5
UW-Oshkosh Titans,Nate Nazos,defense,40,15,2
UW-Oshkosh Titans,Joey LaChapell,offense,15,45,2
UW-Oshkosh Titans,Joey LaChapell,offense,5,40,4
UW-Oshkosh Titans,Nate Nazos,offense,45,35,4
UW-Oshkosh Titans,Nate Nazos,offense,25,15,9
UW-Whitewater,JR Lukenbill,defense,0,20,21
UW-Oshkosh Titans,Nate Nazos,offense,0,35,6
UW-Oshkosh Titans,Carter Thomas,offense,25,45,3
UW-Oshkosh Titans,Carter Thomas,offense,25,40,10
UW-Whitewater,JR Lukenbill,defense,40,35,9
UW-Whitewater,JR Lukenbill,defense,45,35,1
UW-Oshkosh Titans,Brandon Beck,offense,10,0,5
UW-Oshkosh Titans,Michael Metcalf-Grassman,offense,0,10,8
UW-Oshkosh Titans,Carter Thomas,offense,0,20,2
UW-Oshkosh Titans,Michael Metcalf-Grassman,defense,0,15,11
UW-Oshkosh Titans,Michael Metcalf-Grassman,defense,0,0,1
UW-Whitewater,Collin Madson,offense,45,30,8
UW-Oshkosh Titans,Michael Metcalf-Grassman,defense,10,0,5
UW-Oshkosh Titans,Brandon Beck,offense,40,35,3
UW-Oshkosh Titans,Brandon Beck,offense,45,35,2
UW-Oshkosh Titans,Carter Thomas,offense,0,30,20
UW-Oshkosh Titans,Carter Thomas,offense,0,25,3
UW-Oshkosh Titans,Carter Thomas,offense,5,0,15
UW-Whitewater,Collin Madson,offense,0,45,4
UW-Oshkosh Titans,Carter Thomas,defense,40,30,19
UW-Whitewater,Luke Bara,offense,10,45,1
UW-Oshkosh Titans,Jonah Rindfleisch,defense,25,0,11
UW-Oshkosh Titans,Vitorio Dante,defense,30,0,23
UW-Oshkosh Titans,Vitorio Dante,defense,35,15,18
UW-Oshkosh Titans,Vitorio Dante,defense,40,40,1
UW-Oshkosh Titans,Jonah Rindfleisch,defense,0,0,2
UW-Oshkosh Titans,Matt Imig,defense,15,0,5
UW-Oshkosh Titans,Jonah Rindfleisch,defense,25,20,28
UW-Whitewater,JR Lukenbill,defense,5,30,2
UW-Oshkosh Titans,Vitorio Dante,offense,10,40,3
UW-Oshkosh Titans,Jonah Rindfleisch,offense,5,35,1
UW-Oshkosh Titans,Matt Imig,offense,35,30,12
UW-Oshkosh Titans,Matt Imig,offense,0,30,2
UW-Oshkosh Titans,Matt Imig,offense,0,35,1
UW-Oshkosh Titans,Matt Imig,offense,0,45,1
UW-Whitewater,JR Lukenbill,defense,0,5,5
UW-Oshkosh Titans,Vitorio Dante,offense,45,5,26
UW-Oshkosh Titans,Vitorio Dante,offense,45,0,1
UW-Oshkosh Titans,Aiden Hawkinson,offense,45,10,2
UW-Oshkosh Titans,Matt Imig,defense,40,30,3
UW-Oshkosh Titans,Vitorio Dante,defense,15,40,4
UW-Oshkosh Titans,Aiden Hawkinson,defense,40,15,3
UW-Oshkosh Titans,Aiden Hawkinson,defense,45,15,3
UW-Oshkosh Titans,Matt Imig,defense,40,5,3
UW-Oshkosh Titans,Matt Imig,defense,30,25,18
UW-Oshkosh Titans,Oskar Kangas,defense,15,20,23
UW-Oshkosh Titans,Oskar Kangas,defense,35,30,5
UW-Oshkosh Titans,Aiden Hawkinson,defense,0,0,1
UW-Oshkosh Titans,Jonah Rindfleisch,defense,40,10,22
UW-Oshkosh Titans,Matt Imig,defense,35,25,9
UW-Oshkosh Titans,Joey LaChapell,defense,5,0,2
UW-Oshkosh Titans,Joey LaChapell,defense,35,0,9
UW-Oshkosh Titans,Carter Thomas,defense,40,20,6
UW-Oshkosh Titans,Carter Thomas,defense,10,40,4
UW-Oshkosh Titans,Carter Thomas,defense,5,40,1
UW-Oshkosh Titans,Carter Thomas,defense,5,45,1
UW-Oshkosh Titans,Carter Thomas,defense,0,45,1
UW-Whitewater,Luke Bara,defense,0,30,3
UW-Whitewater,Brock Marino,defense,0,10,10
UW-Oshkosh Titans,Carter Thomas,offense,45,5,22
UW-Oshkosh Titans,Carter Thomas,offense,45,20,3
UW-Whitewater,Richie Warren,defense,0,35,4
UW-Whitewater,Richie Warren,defense,0,40,6
UW-Oshkosh Titans,Carter Thomas,defense,5,35,1
UW-Oshkosh Titans,Michael Metcalf-Grassman,defense,0,30,1
UW-Oshkosh Titans,Joey LaChapell,defense,45,10,4
UW-Whitewater,JR Lukenbill,defense,30,45,4
UW-Oshkosh Titans,Michael Metcalf-Grassman,offense,5,5,3
UW-Oshkosh Titans,Nate Nazos,offense,30,45,2
UW-Oshkosh Titans,Michael Metcalf-Grassman,defense,30,40,9
UW-Oshkosh Titans,Carter Thomas,defense,15,40,5
UW-Oshkosh Titans,Carter Thomas,defense,10,35,1
UW-Oshkosh Titans,Carter Thomas,defense,45,0,1
UW-Oshkosh Titans,Brandon Beck,defense,40,25,10
UW-Oshkosh Titans,Brandon Beck,defense,35,25,2
UW-Oshkosh Titans,Joey LaChapell,defense,40,35,9
UW-Oshkosh Titans,Joey LaChapell,defense,40,40,16
UW-Oshkosh Titans,Michael Metcalf-Grassman,offense,45,40,2
UW-Oshkosh Titans,Joey LaChapell,offense,5,35,3
UW-Oshkosh Titans,Nate Nazos,offense,45,0,3
UW-Oshkosh Titans,Nate Nazos,offense,45,5,11
UW-Oshkosh Titans,Logan Rindfleisch,defense,40,30,3
UW-Oshkosh Titans,Oskar Kangas,defense,10,0,7
UW-Oshkosh Titans,Jonah Rindfleisch,defense,5,15,7
UW-Oshkosh Titans,Aiden Hawkinson,defense,20,45,7
UW-Whitewater,Luke Bara,defense,0,0,9
UW-Oshkosh Titans,Oskar Kangas,offense,20,45,1
UW-Oshkosh Titans,Oskar Kangas,offense,25,40,3
UW-Oshkosh Titans,Jay Dalton,offense,10,0,5
UW-Oshkosh Titans,Jay Dalton,offense,5,0,18
UW-Oshkosh Titans,Jay Dalton,offense,5,5,13
UW-Oshkosh Titans,Jay Dalton,offense,10,5,2
UW-Oshkosh Titans,Logan Rindfleisch,offense,10,10,5
UW-Oshkosh Titans,Logan Rindfleisch,offense,45,5,15
UW-Oshkosh Titans,Oskar Kangas,offense,0,25,18
UW-Oshkosh Titans,Jonah Rindfleisch,offense,45,5,26
UW-Oshkosh Titans,Oskar Kangas,offense,10,15,12
UW-Oshkosh Titans,Jonah Rindfleisch,offense,45,0,2
UW-Oshkosh Titans,Logan Rindfleisch,offense,10,15,5
UW-Whitewater,Brock Marino,defense,0,45,21
UW-Whitewater,Brock Marino,defense,5,35,6
UW-Whitewater,Brock Marino,defense,0,35,1
UW-Oshkosh Titans,Oskar Kangas,defense,40,40,6
UW-Oshkosh Titans,Oskar Kangas,defense,40,45,1
UW-Oshkosh Titans,Jonah Rindfleisch,defense,15,30,11
UW-Oshkosh Titans,Logan Rindfleisch,defense,10,45,1
UW-Oshkosh Titans,Logan Rindfleisch,defense,15,35,6
UW-Oshkosh Titans,Jay Dalton,defense,40,40,2
UW-Oshkosh Titans,Jay Dalton,defense,40,45,1
UW-Oshkosh Titans,Jay Dalton,defense,35,45,2
UW-Oshkosh Titans,Jay Dalton,defense,25,35,1
UW-Oshkosh Titans,Jay Dalton,defense,15,45,2
UW-Oshkosh Titans,Jonah Rindfleisch,defense,10,25,4
UW-Oshkosh Titans,Jonah Rindfleisch,defense,5,20,1
UW-Oshkosh Titans,Oskar Kangas,defense,5,0,2
UW-Oshkosh Titans,Carter Thomas,offense,30,0,10
UW-Whitewater,Jake Quast,defense,40,0,3
UW-Whitewater,Jake Quast,defense,35,0,4
UW-Whitewater,Jake Quast,offense,40,45,1
UW-Oshkosh Titans,Michael Metcalf-Grassman,defense,40,40,3
UW-Oshkosh Titans,Michael Metcalf-Grassman,defense,40,45,5
UW-Whitewater,JR Lukenbill,offense,0,45,1
UW-Whitewater,JR Lukenbill,offense,10,45,12
UW-Oshkosh Titans,Carter Thomas,defense,45,10,12
UW-Oshkosh Titans,Nate Nazos,defense,25,45,5
UW-Oshkosh Titans,Nate Nazos,defense,20,45,6
UW-Oshkosh Titans,Joey LaChapell,defense,45,0,1
UW-Oshkosh Titans,Joey LaChapell,defense,45,5,2
UW-Oshkosh Titans,Michael Metcalf-Grassman,defense,45,45,3
UW-Oshkosh Titans,Joey LaChapell,defense,40,45,16
UW-Oshkosh Titans,Brandon Beck,defense,35,45,4
UW-Oshkosh Titans,Joey LaChapell,offense,0,30,27
UW-Oshkosh Titans,Nate Nazos,offense,40,15,1
UW-Oshkosh Titans,Oskar Kangas,offense,10,20,3
UW-Oshkosh Titans,Vitorio Dante,offense,5,5,15
UW-Whitewater,Brock Marino,defense,0,20,48
UW-Whitewater,Richie Warren,offense,45,45,8
UW-Oshkosh Titans,Oskar Kangas,defense,45,40,3
UW-Oshkosh Titans,Oskar Kangas,defense,40,35,3
UW-Oshkosh Titans,Vitorio Dante,defense,20,40,1
UW-Oshkosh Titans,Matt Imig,defense,10,30,4
UW-Oshkosh Titans,Vitorio Dante,defense,35,0,3
UW-Oshkosh Titans,Nate Nazos,offense,5,45,5
UW-Oshkosh Titans,Nate Nazos,offense,5,40,9
UW-Oshkosh Titans,Brandon Beck,offense,45,20,2
UW-Oshkosh Titans,Carter Thomas,offense,0,0,6
UW-Oshkosh Titans,Joey LaChapell,defense,20,40,5
UW-Whitewater,Jake Quast,offense,0,40,7
UW-Oshkosh Titans,Nate Nazos,defense,45,0,7
UW-Oshkosh Titans,Carter Thomas,defense,5,15,2
UW-Whitewater,Jake Quast,offense,45,0,5
UW-Oshkosh Titans,Joey LaChapell,defense,0,0,1
UW-Oshkosh Titans,Carter Thomas,defense,40,35,7
UW-Oshkosh Titans,Carter Thomas,defense,45,40,1
UW-Oshkosh Titans,Carter Thomas,defense,40,40,8
UW-Oshkosh Titans,Carter Thomas,defense,40,45,3
UW-Oshkosh Titans,Michael Metcalf-Grassman,defense,40,30,11
UW-Oshkosh Titans,Joey LaChapell,defense,45,30,4
UW-Oshkosh Titans,Joey LaChapell,defense,45,40,1
UW-Oshkosh Titans,Brandon Beck,defense,40,30,4
UW-Oshkosh Titans,Brandon Beck,defense,45,25,1
UW-Oshkosh Titans,Brandon Beck,defense,45,35,1
UW-Oshkosh Titans,Nate Nazos,defense,45,25,1
UW-Oshkosh Titans,Nate Nazos,defense,40,30,1
UW-Oshkosh Titans,Nate Nazos,defense,40,35,7
UW-Oshkosh Titans,Nate Nazos,defense,45,40,1
UW-Oshkosh Titans,Nate Nazos,defense,40,45,2
UW-Oshkosh Titans,Brandon Beck,defense,45,15,4
UW-Oshkosh Titans,Joey LaChapell,offense,35,20,8
UW-Oshkosh Titans,Oskar Kangas,offense,5,10,8
UW-Oshkosh Titans,Jay Dalton,offense,35,5,3
UW-Oshkosh Titans,Jay Dalton,offense,15,15,1
UW-Oshkosh Titans,Jonah Rindfleisch,offense,45,20,4
UW-Oshkosh Titans,Jay Dalton,offense,25,20,5
UW-Oshkosh Titans,Jay Dalton,offense,0,20,1
UW-Oshkosh Titans,Jay Dalton,offense,5,25,1
UW-Oshkosh Titans,Jay Dalton,offense,10,25,15
UW-Oshkosh Titans,Jay Dalton,offense,15,30,10
UW-Oshkosh Titans,Jay Dalton,offense,15,35,4
UW-Oshkosh Titans,Jay Dalton,offense,20,40,1
UW-Oshkosh Titans,Jay Dalton,offense,25,40,2
UW-Oshkosh Titans,Jay Dalton,offense,25,45,1
UW-Whitewater,Jake Quast,defense,0,20,83
UW-Oshkosh Titans,Logan Rindfleisch,offense,20,20,22
UW-Whitewater,Collin Madson,offense,45,45,17
UW-Whitewater,Collin Madson,offense,45,35,8
UW-Oshkosh Titans,Logan Rindfleisch,defense,25,40,1
UW-Oshkosh Titans,Aiden Hawkinson,defense,5,0,10
UW-Oshkosh Titans,Jonah Rindfleisch,defense,10,0,3
UW-Oshkosh Titans,Jonah Rindfleisch,defense,5,10,9
UW-Whitewater,Richie Warren,defense,10,45,4
UW-Whitewater,Jake Quast,defense,35,45,4
UW-Whitewater,Brock Marino,defense,5,40,4
UW-Whitewater,Brock Marino,defense,0,40,2
UW-Whitewater,Brock Marino,offense,5,45,2
UW-Oshkosh Titans,Carter Thomas,defense,45,20,4
UW-Oshkosh Titans,Carter Thomas,defense,45,15,1
UW-Oshkosh Titans,Joey LaChapell,offense,45,30,1
UW-Whitewater,Jake Quast,defense,10,45,1
UW-Whitewater,Jake Quast,offense,0,45,3
UW-Whitewater,JR Lukenbill,defense,40,25,3
UW-Oshkosh Titans,Joey LaChapell,offense,10,45,2
UW-Oshkosh Titans,Nate Nazos,offense,45,45,1
UW-Oshkosh Titans,Nate Nazos,offense,45,15,3
UW-Oshkosh Titans,Matt Imig,defense,0,0,6
UW-Oshkosh Titans,Matt Imig,defense,0,30,1
UW-Oshkosh Titans,Aiden Hawkinson,defense,40,45,7
UW-Oshkosh Titans,Aiden Hawkinson,defense,35,45,2
UW-Oshkosh Titans,Vitorio Dante,defense,0,45,1
UW-Oshkosh Titans,Vitorio Dante,defense,5,25,6
UW-Oshkosh Titans,Vitorio Dante,defense,5,40,2
UW-Oshkosh Titans,Oskar Kangas,defense,5,45,2
UW-Oshkosh Titans,Jonah Rindfleisch,defense,45,25,1
UW-Oshkosh Titans,Matt Imig,offense,5,45,1
UW-Oshkosh Titans,Matt Imig,offense,5,40,2
UW-Oshkosh Titans,Aiden Hawkinson,offense,45,5,17
UW-Oshkosh Titans,Aiden Hawkinson,offense,45,30,2
UW-Oshkosh Titans,Matt Imig,offense,45,35,1
UW-Oshkosh Titans,Matt Imig,offense,5,30,8
UW-Oshkosh Titans,Vitorio Dante,offense,45,20,2
UW-Oshkosh Titans,Vitorio Dante,offense,35,10,5
UW-Oshkosh Titans,Matt Imig,offense,0,25,1
UW-Whitewater,Richie Warren,defense,0,15,22
UW-Whitewater,JR Lukenbill,defense,5,45,5
UW-Whitewater,JR Lukenbill,defense,5,40,12
UW-Oshkosh Titans,Vitorio Dante,offense,30,35,2
UW-Whitewater,JR Lukenbill,defense,45,0,1
UW-Oshkosh Titans,Jonah Rindfleisch,defense,15,45,2
UW-Oshkosh Titans,Jonah Rindfleisch,defense,0,40,1
UW-Oshkosh Titans,Matt Imig,defense,10,40,5
UW-Oshkosh Titans,Matt Imig,defense,25,30,3
UW-Oshkosh Titans,Oskar Kangas,offense,10,45,1
UW-Oshkosh Titans,Vitorio Dante,offense,15,40,4
UW-Oshkosh Titans,Aiden Hawkinson,offense,15,45,18
UW-Oshkosh Titans,Vitorio Dante,offense,35,40,1
UW-Oshkosh Titans,Jonah Rindfleisch,defense,10,45,4
UW-Whitewater,Luke Bara,defense,5,40,4
UW-Oshkosh Titans,Oskar Kangas,offense,30,45,1
UW-Oshkosh Titans,Jonah Rindfleisch,offense,35,40,1
UW-Whitewater,JR Lukenbill,defense,40,20,4
UW-Oshkosh Titans,Oskar Kangas,defense,0,25,1
UW-Oshkosh Titans,Aiden Hawkinson,defense,0,30,2
UW-Whitewater,JR Lukenbill,offense,45,40,27
UW-Oshkosh Titans,Nate Nazos,offense,40,20,3
UW-Oshkosh Titans,Carter Thomas,offense,30,45,1
UW-Oshkosh Titans,Logan Rindfleisch,defense,15,40,1
UW-Oshkosh Titans,Joey LaChapell,offense,0,25,10
UW-Whitewater,Brock Marino,defense,45,30,1
UW-Whitewater,Kelton McEwen,defense,15,45,1
UW-Whitewater,Kelton McEwen,defense,0,10,9
UW-Oshkosh Titans,Logan Rindfleisch,offense,35,15,1
UW-Oshkosh Titans,Logan Rindfleisch,offense,30,45,1
UW-Oshkosh Titans,Logan Rindfleisch,offense,40,15,1
UW-Whitewater,Kelton McEwen,defense,40,0,2
UW-Whitewater,Kelton McEwen,defense,40,5,9
UW-Whitewater,Kelton McEwen,defense,45,5,2
UW-Oshkosh Titans,Nate Nazos,offense,10,35,6
UW-Whitewater,Kelton McEwen,defense,35,30,1
UW-Whitewater,Jake Quast,defense,0,25,21
UW-Whitewater,Jake Quast,defense,0,30,13
UW-Oshkosh Titans,Michael Metcalf-Grassman,offense,45,5,34
UW-Whitewater,Joey Berezowitz,defense,0,25,18
UW-Oshkosh Titans,Matt Imig,defense,30,45,2
UW-Oshkosh Titans,Matt Imig,defense,25,40,1
UW-Oshkosh Titans,Matt Imig,defense,35,10,38
UW-Oshkosh Titans,Matt Imig,defense,45,10,1
UW-Oshkosh Titans,Vitorio Dante,defense,10,40,2
UW-Oshkosh Titans,Matt Imig,defense,10,0,6
UW-Oshkosh Titans,Jonah Rindfleisch,defense,0,5,1
UW-Oshkosh Titans,Matt Imig,defense,0,35,1
UW-Oshkosh Titans,Aiden Hawkinson,defense,35,35,4
UW-Oshkosh Titans,Matt Imig,offense,15,45,1
UW-Whitewater,Kelton McEwen,defense,15,30,21
UW-Oshkosh Titans,Jonah Rindfleisch,offense,20,40,2
UW-Oshkosh Titans,Vitorio Dante,offense,20,45,1
UW-Oshkosh Titans,Jonah Rindfleisch,offense,35,15,7
UW-Oshkosh Titans,Michael Metcalf-Grassman,defense,15,45,3
UW-Whitewater,Kelton McEwen,defense,45,10,4
UW-Whitewater,Kelton McEwen,defense,45,20,8
UW-Whitewater,Kelton McEwen,defense,30,45,1
UW-Whitewater,Kelton McEwen,defense,45,40,1
UW-Oshkosh Titans,Brandon Beck,offense,45,25,4
UW-Whitewater,Kelton McEwen,defense,40,25,6
UW-Whitewater,Kelton McEwen,defense,45,35,1
UW-Oshkosh Titans,Nate Nazos,defense,35,40,3
UW-Oshkosh Titans,Brandon Beck,defense,0,20,1
UW-Oshkosh Titans,Michael Metcalf-Grassman,defense,45,40,2
UW-Oshkosh Titans,Michael Metcalf-Grassman,defense,45,35,3
UW-Oshkosh Titans,Oskar Kangas,defense,20,45,1
UW-Oshkosh Titans,Aiden Hawkinson,defense,0,45,1
UW-Oshkosh Titans,Matt Imig,defense,0,15,2
UW-Oshkosh Titans,Vitorio Dante,offense,5,35,3
UW-Oshkosh Titans,Matt Imig,offense,45,5,10
UW-Oshkosh Titans,Matt Imig,offense,40,0,1
UW-Oshkosh Titans,Jonah Rindfleisch,offense,0,35,1
UW-Oshkosh Titans,Vitorio Dante,offense,15,0,3
UW-Whitewater,Joey Berezowitz,defense,5,30,15
UW-Oshkosh Titans,Aiden Hawkinson,defense,10,45,2
UW-Oshkosh Titans,Oskar Kangas,defense,45,45,1
UW-Oshkosh Titans,Vitorio Dante,defense,10,20,13
UW-Oshkosh Titans,Matt Imig,defense,30,30,8
UW-Oshkosh Titans,Matt Imig,defense,35,35,9
UW-Oshkosh Titans,Brandon Beck,offense,25,45,4
UW-Oshkosh Titans,Carter Thomas,offense,20,45,2
UW-Whitewater,Jake Quast,defense,45,45,3
UW-Whitewater,Jake Quast,defense,45,40,4
UW-Whitewater,Jake Quast,defense,45,35,1
UW-Oshkosh Titans,Brandon Beck,defense,40,10,3
UW-Oshkosh Titans,Brandon Beck,defense,40,5,2
UW-Whitewater,Richie Warren,offense,0,0,1
UW-Whitewater,JR Lukenbill,defense,10,45,2
UW-Whitewater,Joey Berezowitz,defense,0,20,64
UW-Whitewater,Joey Berezowitz,defense,0,35,6
UW-Oshkosh Titans,Nate Nazos,offense,10,40,1
UW-Oshkosh Titans,Joey LaChapell,offense,45,15,1
UW-Oshkosh Titans,Michael Metcalf-Grassman,defense,40,15,2
UW-Whitewater,Joey Berezowitz,offense,0,45,6
UW-Oshkosh Titans,Michael Metcalf-Grassman,offense,30,0,7
UW-Oshkosh Titans,Vitorio Dante,offense,35,35,4
UW-Oshkosh Titans,Vitorio Dante,offense,10,5,1
UW-Oshkosh Titans,Aiden Hawkinson,defense,40,35,2
UW-Oshkosh Titans,Carter Thomas,offense,0,40,2
UW-Whitewater,Joey Berezowitz,defense,45,45,1
UW-Oshkosh Titans,Joey LaChapell,offense,35,45,1
UW-Whitewater,Joey Berezowitz,defense,40,0,1
UW-Oshkosh Titans,Michael Metcalf-Grassman,offense,45,15,1
UW-Whitewater,Joey Berezowitz,defense,15,45,10
UW-Oshkosh Titans,Jonah Rindfleisch,offense,10,45,3
UW-Oshkosh Titans,Vitorio Dante,offense,5,40,1
UW-Whitewater,Jake Quast,defense,0,45,5
UW-Oshkosh Titans,Matt Imig,offense,35,45,1
UW-Oshkosh Titans,Matt Imig,offense,25,45,1
UW-Oshkosh Titans,Aiden Hawkinson,offense,20,45,1
UW-Oshkosh Titans,Vitorio Dante,defense,25,45,1
UW-Oshkosh Titans,Jonah Rindfleisch,defense,45,10,3
UW-Oshkosh Titans,Oskar Kangas,defense,40,10,1
UW-Oshkosh Titans,Matt Imig,defense,25,35,3
UW-Oshkosh Titans,Oskar Kangas,defense,45,15,1
UW-Oshkosh Titans,Aiden Hawkinson,offense,25,45,1
UW-Oshkosh Titans,Aiden Hawkinson,offense,30,40,1
UW-Oshkosh Titans,Oskar Kangas,offense,45,35,2
UW-Oshkosh Titans,Oskar Kangas,offense,45,30,1
UW-Whitewater,Luke Bara,defense,45,40,2
UW-Whitewater,Luke Bara,defense,45,35,3
UW-Whitewater,JR Lukenbill,offense,45,45,3
UW-Oshkosh Titans,Michael Metcalf-Grassman,offense,5,45,1
UW-Oshkosh Titans,Carter Thomas,defense,45,25,1
UW-Whitewater,Joey Berezowitz,defense,0,45,2
UW-Whitewater,Joey Berezowitz,defense,0,40,6
UW-Oshkosh Titans,Joey LaChapell,offense,0,45,1
UW-Whitewater,Collin Madson,defense,0,40,3
UW-Whitewater,Collin Madson,defense,0,35,2
Coe Kohawks,Deuce Walters,defense,15,30,32
Coe Kohawks,TEAM,defense,15,30,119
Coe Kohawks,Deuce Walters,defense,15,35,36
Coe Kohawks,TEAM,defense,15,35,82
Coe Kohawks,Deuce Walters,defense,15,40,8
Coe Kohawks,TEAM,defense,15,40,37
Coe Kohawks,Deuce Walters,defense,10,40,24
Coe Kohawks,TEAM,defense,10,40,38
Coe Kohawks,Deuce Walters,defense,10,45,5
Coe Kohawks,TEAM,defense,10,45,10
Coe Kohawks,Deuce Walters,defense,10,30,12
Coe Kohawks,TEAM,defense,10,30,40
Coe Kohawks,Deuce Walters,defense,10,25,15
Coe Kohawks,TEAM,defense,10,25,53
Coe Kohawks,Deuce Walters,defense,15,20,69
Coe Kohawks,TEAM,defense,15,20,388
Coe Kohawks,Deuce Walters,defense,15,15,108
Coe Kohawks,TEAM,defense,15,15,685
Coe Kohawks,Deuce Walters,defense,10,20,34
Coe Kohawks,TEAM,defense,10,20,142
Coe Kohawks,Deuce Walters,defense,10,15,69
Coe Kohawks,TEAM,defense,10,15,296
Coe Kohawks,Deuce Walters,defense,5,15,35
Coe Kohawks,TEAM,defense,5,15,91
Coe Kohawks,Deuce Walters,defense,20,10,50
Coe Kohawks,TEAM,defense,20,10,406
Coe Kohawks,Deuce Walters,defense,25,10,151
Coe Kohawks,TEAM,defense,25,10,508
Coe Kohawks,Jackson Bowman,defense,35,40,8
Coe Kohawks,TEAM,defense,35,40,34
Coe Kohawks,Jackson Bowman,defense,35,35,8
Coe Kohawks,TEAM,defense,35,35,60
Coe Kohawks,Jackson Bowman,defense,35,30,22
Coe Kohawks,TEAM,defense,35,30,133
Coe Kohawks,Jackson Bowman,defense,20,30,62
Coe Kohawks,TEAM,defense,20,30,229
Coe Kohawks,Jackson Bowman,defense,25,30,27
Coe Kohawks,TEAM,defense,25,30,260
Coe Kohawks,Jackson Bowman,defense,25,25,61
Coe Kohawks,TEAM,defense,25,25,438
Coe Kohawks,Jackson Bowman,defense,25,20,32
Coe Kohawks,TEAM,defense,25,20,352
Coe Kohawks,Jackson Bowman,defense,25,15,46
Coe Kohawks,TEAM,defense,25,15,463
Coe Kohawks,Jackson Bowman,defense,30,15,124
Coe Kohawks,TEAM,defense,30,15,612
Coe Kohawks,Jackson Bowman,defense,35,10,71
Coe Kohawks,TEAM,defense,35,10,440
Coe Kohawks,Jackson Bowman,defense,35,5,33
Coe Kohawks,TEAM,defense,35,5,250
Coe Kohawks,Jackson Bowman,defense,30,5,60
Coe Kohawks,TEAM,defense,30,5,424
Coe Kohawks,Cooper Nailor,defense,25,45,14
Coe Kohawks,TEAM,defense,25,45,38
Coe Kohawks,Cooper Nailor,defense,20,45,36
Coe Kohawks,TEAM,defense,20,45,47
Coe Kohawks,Cooper Nailor,defense,20,40,14
Coe Kohawks,TEAM,defense,20,40,57
Coe Kohawks,Cooper Nailor,defense,30,45,4
Coe Kohawks,TEAM,defense,30,45,25
Coe Kohawks,Cooper Nailor,defense,30,40,17
Coe Kohawks,TEAM,defense,30,40,56
Coe Kohawks,Cooper Nailor,defense,25,35,22
Coe Kohawks,TEAM,defense,25,35,133
Coe Kohawks,Kanyon Bryte,defense,25,35,19
Coe Kohawks,Kanyon Bryte,defense,20,35,21
Coe Kohawks,TEAM,defense,20,35,104
Coe Kohawks,Kanyon Bryte,defense,15,35,13
Coe Kohawks,Kanyon Bryte,defense,20,40,12
Coe Kohawks,Kanyon Bryte,defense,25,40,20
Coe Kohawks,TEAM,defense,25,40,73
Coe Kohawks,Kanyon Bryte,defense,30,40,18
Coe Kohawks,Kanyon Bryte,defense,30,45,13
Coe Kohawks,Kanyon Bryte,defense,25,45,13
Coe Kohawks,Kanyon Bryte,defense,20,45,3
Coe Kohawks,Kanyon Bryte,defense,30,30,19
Coe Kohawks,TEAM,defense,30,30,140
Coe Kohawks,C. Reece Breitenbach,defense,35,25,30
Coe Kohawks,TEAM,defense,35,25,156
Coe Kohawks,C. Reece Breitenbach,defense,25,25,54
Coe Kohawks,C. Reece Breitenbach,defense,30,30,17
Coe Kohawks,C. Reece Breitenbach,defense,25,30,36
Coe Kohawks,C. Reece Breitenbach,defense,25,35,30
Coe Kohawks,C. Reece Breitenbach,defense,15,30,12
Coe Kohawks,C. Reece Breitenbach,defense,15,25,24
Coe Kohawks,TEAM,defense,15,25,217
Coe Kohawks,C. Reece Breitenbach,defense,15,20,42
Coe Kohawks,C. Reece Breitenbach,defense,30,15,96
Coe Kohawks,C. Reece Breitenbach,defense,35,10,44
Coe Kohawks,C. Reece Breitenbach,defense,15,5,38
Coe Kohawks,TEAM,defense,15,5,433
Coe Kohawks,Kanyon Bryte,defense,35,45,3
Coe Kohawks,TEAM,defense,35,45,14
Coe Kohawks,Kanyon Bryte,defense,25,10,21
Coe Kohawks,Kanyon Bryte,defense,35,10,26
Coe Kohawks,Kanyon Bryte,defense,30,10,40
Coe Kohawks,TEAM,defense,30,10,541
Coe Kohawks,Kanyon Bryte,defense,35,5,23
Coe Kohawks,Kanyon Bryte,defense,25,15,55
Coe Kohawks,Kanyon Bryte,defense,40,10,12
Coe Kohawks,TEAM,defense,40,10,88
Coe Kohawks,Kanyon Bryte,defense,35,15,35
Coe Kohawks,TEAM,defense,35,15,296
Coe Kohawks,Kanyon Bryte,defense,30,15,89
Coe Kohawks,Kanyon Bryte,defense,10,10,47
Coe Kohawks,TEAM,defense,10,10,357
Coe Kohawks,Kanyon Bryte,defense,10,20,12
Coe Kohawks,Cooper Nailor,defense,25,15,94
Coe Kohawks,Cooper Nailor,defense,25,10,101
Coe Kohawks,Cooper Nailor,defense,15,20,59
Coe Kohawks,Cooper Nailor,defense,20,10,55
Coe Kohawks,Cooper Nailor,defense,20,15,96
Coe Kohawks,TEAM,defense,20,15,539
Coe Kohawks,Cooper Nailor,defense,15,15,154
Coe Kohawks,Cooper Nailor,defense,20,20,101
Coe Kohawks,TEAM,defense,20,20,401
Coe Kohawks,Cooper Nailor,defense,25,20,77
Coe Kohawks,Cooper Nailor,defense,20,25,99
Coe Kohawks,TEAM,defense,20,25,347
Coe Kohawks,C. Reece Breitenbach,defense,20,0,10
Coe Kohawks,TEAM,defense,20,0,83
Coe Kohawks,C. Reece Breitenbach,defense,15,10,31
Coe Kohawks,TEAM,defense,15,10,646
Coe Kohawks,C. Reece Breitenbach,defense,20,10,21
Coe Kohawks,Jackson Bowman,defense,20,0,16
Coe Kohawks,Kanyon Bryte,offense,40,25,13
Coe Kohawks,TEAM,offense,40,25,157
Coe Kohawks,Kanyon Bryte,offense,35,30,45
Coe Kohawks,TEAM,offense,35,30,203
Coe Kohawks,Kanyon Bryte,offense,35,25,26
Coe Kohawks,TEAM,offense,35,25,219
Coe Kohawks,Kanyon Bryte,offense,30,25,28
Coe Kohawks,TEAM,offense,30,25,249
Coe Kohawks,Kanyon Bryte,offense,25,20,105
Coe Kohawks,TEAM,offense,25,20,553
Coe Kohawks,Kanyon Bryte,offense,20,15,39
Coe Kohawks,TEAM,offense,20,15,278
Coe Kohawks,Deuce Walters,offense,0,40,3
Coe Kohawks,TEAM,offense,0,40,13
Coe Kohawks,Deuce Walters,offense,10,35,5
Coe Kohawks,TEAM,offense,10,35,40
Coe Kohawks,Deuce Walters,offense,10,30,34
Coe Kohawks,TEAM,offense,10,30,98
Coe Kohawks,Deuce Walters,offense,15,25,30
Coe Kohawks,TEAM,offense,15,25,284
Coe Kohawks,Deuce Walters,offense,20,25,59
Coe Kohawks,TEAM,offense,20,25,332
Coe Kohawks,Deuce Walters,offense,20,30,50
Coe Kohawks,TEAM,offense,20,30,274
Coe Kohawks,Deuce Walters,offense,20,35,30
Coe Kohawks,TEAM,offense,20,35,157
Coe Kohawks,Deuce Walters,offense,20,40,8
Coe Kohawks,TEAM,offense,20,40,48
Coe Kohawks,C. Reece Breitenbach,offense,20,40,4
Coe Kohawks,C. Reece Breitenbach,offense,20,35,3
Coe Kohawks,Cooper Nailor,offense,5,45,3
Coe Kohawks,TEAM,offense,5,45,8
Coe Kohawks,Cooper Nailor,offense,0,40,3
Coe Kohawks,Cooper Nailor,offense,0,35,1
Coe Kohawks,TEAM,offense,0,35,7
Coe Kohawks,Cooper Nailor,offense,0,30,2
Coe Kohawks,TEAM,offense,0,30,10
Coe Kohawks,Cooper Nailor,offense,0,25,1
Coe Kohawks,TEAM,offense,0,25,38
Coe Kohawks,Cooper Nailor,offense,5,35,6
Coe Kohawks,TEAM,offense,5,35,18
Coe Kohawks,Jackson Bowman,offense,15,25,54
Coe Kohawks,Jackson Bowman,offense,15,20,38
Coe Kohawks,TEAM,offense,15,20,311
Coe Kohawks,Jackson Bowman,offense,15,15,55
Coe Kohawks,TEAM,offense,15,15,245
Coe Kohawks,Jackson Bowman,offense,10,5,24
Coe Kohawks,TEAM,offense,10,5,130
Coe Kohawks,Jackson Bowman,offense,5,5,20
Coe Kohawks,TEAM,offense,5,5,177
Coe Kohawks,C. Reece Breitenbach,offense,45,15,14
Coe Kohawks,TEAM,offense,45,15,125
Coe Kohawks,C. Reece Breitenbach,offense,40,15,6
Coe Kohawks,TEAM,offense,40,15,115
Coe Kohawks,C. Reece Breitenbach,offense,40,20,17
Coe Kohawks,TEAM,offense,40,20,157
Coe Kohawks,C. Reece Breitenbach,offense,35,20,22
Coe Kohawks,TEAM,offense,35,20,192
Coe Kohawks,Cooper Nailor,offense,0,15,17
Coe Kohawks,TEAM,offense,0,15,69
Coe Kohawks,Cooper Nailor,offense,0,10,53
Coe Kohawks,TEAM,offense,0,10,127
Coe Kohawks,Cooper Nailor,offense,5,10,25
Coe Kohawks,TEAM,offense,5,10,122
Coe Kohawks,Cooper Nailor,offense,5,15,34
Coe Kohawks,TEAM,offense,5,15,121
Coe Kohawks,Cooper Nailor,offense,5,20,13
Coe Kohawks,TEAM,offense,5,20,107
Coe Kohawks,Cooper Nailor,offense,10,20,20
Coe Kohawks,TEAM,offense,10,20,164
Coe Kohawks,Cooper Nailor,offense,10,25,25
Coe Kohawks,TEAM,offense,10,25,196
Coe Kohawks,C. Reece Breitenbach,defense,20,45,3
Coe Kohawks,C. Reece Breitenbach,defense,20,40,9
Coe Kohawks,C. Reece Breitenbach,defense,20,35,5
Coe Kohawks,C. Reece Breitenbach,defense,20,30,28
Coe Kohawks,C. Reece Breitenbach,defense,10,20,10
Coe Kohawks,C. Reece Breitenbach,defense,10,15,17
Coe Kohawks,C. Reece Breitenbach,defense,15,15,13
Coe Kohawks,C. Reece Breitenbach,defense,25,5,26
Coe Kohawks,TEAM,defense,25,5,426
Coe Kohawks,C. Reece Breitenbach,defense,25,10,22
Coe Kohawks,Jackson Bowman,defense,30,45,5
Coe Kohawks,Jackson Bowman,defense,30,40,8
Coe Kohawks,Cooper Nailor,defense,10,30,4
Coe Kohawks,Cooper Nailor,defense,10,25,10
Coe Kohawks,Cooper Nailor,defense,10,15,47
Coe Kohawks,Cooper Nailor,defense,10,10,81
Coe Kohawks,Cooper Nailor,defense,5,10,5
Coe Kohawks,TEAM,defense,5,10,88
Coe Kohawks,Cooper Nailor,defense,5,5,19
Coe Kohawks,TEAM,defense,5,5,87
Coe Kohawks,Cooper Nailor,defense,10,5,60
Coe Kohawks,TEAM,defense,10,5,305
Coe Kohawks,Cooper Nailor,defense,15,5,54
Coe Kohawks,Kanyon Bryte,defense,20,30,29
Coe Kohawks,Kanyon Bryte,defense,25,30,36
Coe Kohawks,Kanyon Bryte,defense,25,25,65
Coe Kohawks,Kanyon Bryte,defense,25,20,40
Coe Kohawks,Kanyon Bryte,defense,20,25,48
Coe Kohawks,Kanyon Bryte,defense,30,20,36
Coe Kohawks,TEAM,defense,30,20,254
Coe Kohawks,Kanyon Bryte,defense,20,10,77
Coe Kohawks,Kanyon Bryte,defense,20,15,103
Coe Kohawks,Kanyon Bryte,defense,20,20,91
Coe Kohawks,Kanyon Bryte,defense,15,20,68
Coe Kohawks,Jackson Bowman,defense,40,25,2
Coe Kohawks,TEAM,defense,40,25,27
Coe Kohawks,Jackson Bowman,defense,35,25,13
Coe Kohawks,Jackson Bowman,defense,35,20,17
Coe Kohawks,TEAM,defense,35,20,164
Coe Kohawks,Jackson Bowman,defense,35,15,67
Coe Kohawks,Jackson Bowman,defense,30,10,51
Coe Kohawks,Jackson Bowman,defense,45,5,6
Coe Kohawks,TEAM,defense,45,5,25
Coe Kohawks,Jackson Bowman,defense,40,5,10
Coe Kohawks,TEAM,defense,40,5,76
Coe Kohawks,Jackson Bowman,defense,25,5,46
Coe Kohawks,Jackson Bowman,defense,25,10,74
Coe Kohawks,Deuce Walters,defense,0,25,24
Coe Kohawks,TEAM,defense,0,25,25
Coe Kohawks,Deuce Walters,defense,0,20,19
Coe Kohawks,TEAM,defense,0,20,25
Coe Kohawks,Deuce Walters,defense,0,15,4
Coe Kohawks,TEAM,defense,0,15,18
Coe Kohawks,Deuce Walters,defense,0,5,7
Coe Kohawks,TEAM,defense,0,5,14
Coe Kohawks,Deuce Walters,defense,0,10,4
Coe Kohawks,TEAM,defense,0,10,15
Coe Kohawks,Deuce Walters,defense,10,10,39
Coe Kohawks,Deuce Walters,defense,10,5,23
Coe Kohawks,Deuce Walters,defense,5,10,23
Coe Kohawks,Cooper Nailor,defense,25,5,72
Coe Kohawks,Cooper Nailor,defense,25,0,19
Coe Kohawks,TEAM,defense,25,0,104
Coe Kohawks,Cooper Nailor,defense,30,10,86
Coe Kohawks,Cooper Nailor,defense,30,15,85
Coe Kohawks,Jackson Bowman,offense,25,35,28
Coe Kohawks,TEAM,offense,25,35,182
Coe Kohawks,Jackson Bowman,offense,25,30,78
Coe Kohawks,TEAM,offense,25,30,345
Coe Kohawks,Deuce Walters,offense,0,35,3
Coe Kohawks,Deuce Walters,offense,0,30,3
Coe Kohawks,Deuce Walters,offense,0,20,21
Coe Kohawks,TEAM,offense,0,20,53
Coe Kohawks,Deuce Walters,offense,5,25,24
Coe Kohawks,TEAM,offense,5,25,69
Coe Kohawks,Deuce Walters,offense,10,25,37
Coe Kohawks,Deuce Walters,offense,10,20,33
Coe Kohawks,Deuce Walters,offense,15,20,40
Coe Kohawks,Deuce Walters,offense,15,15,23
Coe Kohawks,Deuce Walters,offense,20,20,79
Coe Kohawks,TEAM,offense,20,20,521
Coe Kohawks,Deuce Walters,offense,25,20,41
Coe Kohawks,Deuce Walters,offense,25,25,40
Coe Kohawks,TEAM,offense,25,25,469
Coe Kohawks,Deuce Walters,offense,30,25,61
Coe Kohawks,Deuce Walters,offense,30,30,44
Coe Kohawks,TEAM,offense,30,30,312
Coe Kohawks,Deuce Walters,offense,35,25,44
Coe Kohawks,Deuce Walters,offense,35,20,27
Coe Kohawks,Deuce Walters,offense,35,15,11
Coe Kohawks,TEAM,offense,35,15,144
Coe Kohawks,Deuce Walters,offense,30,15,40
Coe Kohawks,TEAM,offense,30,15,288
Coe Kohawks,Deuce Walters,offense,30,10,66
Coe Kohawks,TEAM,offense,30,10,370
Coe Kohawks,Deuce Walters,offense,30,5,38
Coe Kohawks,TEAM,offense,30,5,260
Coe Kohawks,Deuce Walters,offense,35,5,23
Coe Kohawks,TEAM,offense,35,5,185
Coe Kohawks,Cooper Nailor,offense,20,45,5
Coe Kohawks,TEAM,offense,20,45,19
Coe Kohawks,Cooper Nailor,offense,25,35,44
Coe Kohawks,Cooper Nailor,offense,30,35,32
Coe Kohawks,TEAM,offense,30,35,210
Coe Kohawks,Cooper Nailor,offense,30,30,35
Coe Kohawks,Cooper Nailor,offense,35,30,33
Coe Kohawks,Cooper Nailor,offense,35,35,15
Coe Kohawks,TEAM,offense,35,35,91
Coe Kohawks,Kanyon Bryte,offense,0,45,2
Coe Kohawks,TEAM,offense,0,45,8
Coe Kohawks,Kanyon Bryte,offense,0,25,13
Coe Kohawks,Kanyon Bryte,offense,5,25,5
Coe Kohawks,Kanyon Bryte,offense,5,30,6
Coe Kohawks,TEAM,offense,5,30,23
Coe Kohawks,Kanyon Bryte,offense,10,30,17
Coe Kohawks,Kanyon Bryte,offense,15,35,11
Coe Kohawks,TEAM,offense,15,35,95
Coe Kohawks,Kanyon Bryte,offense,20,30,50
Coe Kohawks,Kanyon Bryte,offense,15,25,28
Coe Kohawks,Kanyon Bryte,offense,20,25,52
Coe Kohawks,Kanyon Bryte,offense,25,25,48
Coe Kohawks,Kanyon Bryte,offense,35,20,27
Coe Kohawks,Kanyon Bryte,offense,30,15,54
Coe Kohawks,Kanyon Bryte,offense,25,10,20
Coe Kohawks,TEAM,offense,25,10,280
Coe Kohawks,Kanyon Bryte,offense,25,5,23
Coe Kohawks,TEAM,offense,25,5,183
Coe Kohawks,Kanyon Bryte,offense,20,5,26
Coe Kohawks,TEAM,offense,20,5,207
Coe Kohawks,Kanyon Bryte,offense,15,0,14
Coe Kohawks,TEAM,offense,15,0,48
Coe Kohawks,Kanyon Bryte,offense,10,0,11
Coe Kohawks,TEAM,offense,10,0,71
Coe Kohawks,Kanyon Bryte,offense,5,0,6
Coe Kohawks,TEAM,offense,5,0,58
Coe Kohawks,Kanyon Bryte,offense,0,5,23
Coe Kohawks,TEAM,offense,0,5,120
Coe Kohawks,Kanyon Bryte,offense,0,10,11
Coe Kohawks,Kanyon Bryte,offense,15,15,26
Coe Kohawks,Kanyon Bryte,offense,15,20,61
UW-Whitewater,Luke Bara,defense,0,35,1
Coe Kohawks,C. Reece Breitenbach,offense,20,30,23
Coe Kohawks,C. Reece Breitenbach,offense,10,25,19
Coe Kohawks,Jackson Bowman,offense,45,10,5
Coe Kohawks,TEAM,offense,45,10,135
Coe Kohawks,Jackson Bowman,offense,40,10,12
Coe Kohawks,TEAM,offense,40,10,102
Coe Kohawks,Jackson Bowman,offense,45,5,23
Coe Kohawks,TEAM,offense,45,5,93
Coe Kohawks,Jackson Bowman,offense,40,5,17
Coe Kohawks,TEAM,offense,40,5,71
Coe Kohawks,Jackson Bowman,offense,45,0,6
Coe Kohawks,TEAM,offense,45,0,30
Coe Kohawks,Jackson Bowman,offense,40,0,7
Coe Kohawks,TEAM,offense,40,0,30
Coe Kohawks,Jackson Bowman,offense,40,15,8
Coe Kohawks,Jackson Bowman,offense,40,20,20
Coe Kohawks,Jackson Bowman,offense,35,25,39
Coe Kohawks,Jackson Bowman,offense,30,25,34
Coe Kohawks,Jackson Bowman,offense,25,25,86
Coe Kohawks,Jackson Bowman,offense,25,20,63
Coe Kohawks,Jackson Bowman,offense,20,15,47
Coe Kohawks,Jackson Bowman,offense,15,10,102
Coe Kohawks,TEAM,offense,15,10,396
Coe Kohawks,Jackson Bowman,offense,5,20,19
Coe Kohawks,Jackson Bowman,offense,10,20,26
Coe Kohawks,Jackson Bowman,offense,15,30,32
Coe Kohawks,TEAM,offense,15,30,187
Coe Kohawks,Jackson Bowman,offense,20,30,43
Coe Kohawks,Jackson Bowman,offense,30,30,82
Coe Kohawks,Jackson Bowman,offense,35,30,16
Coe Kohawks,C. Reece Breitenbach,offense,0,10,1
Coe Kohawks,C. Reece Breitenbach,offense,5,15,17
Coe Kohawks,C. Reece Breitenbach,offense,25,25,53
Coe Kohawks,C. Reece Breitenbach,offense,15,25,30
Coe Kohawks,C. Reece Breitenbach,offense,15,30,18
Coe Kohawks,C. Reece Breitenbach,offense,25,30,43
Coe Kohawks,C. Reece Breitenbach,offense,30,30,16
Coe Kohawks,C. Reece Breitenbach,offense,35,30,24
Coe Kohawks,C. Reece Breitenbach,offense,35,25,25
Coe Kohawks,C. Reece Breitenbach,offense,35,15,23
Coe Kohawks,C. Reece Breitenbach,offense,40,10,9
Coe Kohawks,C. Reece Breitenbach,offense,45,10,10
Coe Kohawks,C. Reece Breitenbach,offense,45,5,25
Coe Kohawks,C. Reece Breitenbach,offense,45,20,5
Coe Kohawks,TEAM,offense,45,20,94
Coe Kohawks,C. Reece Breitenbach,offense,40,25,10
Coe Kohawks,C. Reece Breitenbach,offense,30,25,24
Coe Kohawks,C. Reece Breitenbach,offense,25,35,10
Coe Kohawks,Cooper Nailor,offense,10,5,15
Coe Kohawks,Cooper Nailor,offense,5,5,25
Coe Kohawks,Cooper Nailor,offense,10,10,14
Coe Kohawks,TEAM,offense,10,10,99
Coe Kohawks,Cooper Nailor,offense,15,10,73
Coe Kohawks,Cooper Nailor,offense,15,15,49
Coe Kohawks,Cooper Nailor,offense,20,20,100
Coe Kohawks,Cooper Nailor,offense,25,20,131
Coe Kohawks,Cooper Nailor,defense,25,40,13
Coe Kohawks,Cooper Nailor,defense,30,35,16
Coe Kohawks,TEAM,defense,30,35,65
Coe Kohawks,Cooper Nailor,defense,30,30,42
Coe Kohawks,Deuce Walters,defense,25,45,2
Coe Kohawks,Deuce Walters,defense,20,40,10
Coe Kohawks,Deuce Walters,defense,10,35,10
Coe Kohawks,TEAM,defense,10,35,14
Coe Kohawks,Deuce Walters,defense,15,25,50
Coe Kohawks,Deuce Walters,defense,5,5,4
Coe Kohawks,Jackson Bowman,defense,35,45,8
Coe Kohawks,Jackson Bowman,defense,30,35,13
Coe Kohawks,Jackson Bowman,defense,30,30,21
Coe Kohawks,Jackson Bowman,defense,30,25,22
Coe Kohawks,TEAM,defense,30,25,178
Coe Kohawks,Jackson Bowman,defense,30,20,23
Coe Kohawks,Jackson Bowman,defense,20,10,85
Coe Kohawks,Jackson Bowman,defense,10,15,60
Coe Kohawks,Jackson Bowman,defense,15,20,53
Coe Kohawks,Kanyon Bryte,defense,35,25,26
Coe Kohawks,Kanyon Bryte,defense,35,20,21
Coe Kohawks,Kanyon Bryte,defense,30,5,25
Coe Kohawks,Kanyon Bryte,defense,35,0,2
Coe Kohawks,TEAM,defense,35,0,31
Coe Kohawks,Kanyon Bryte,defense,30,0,7
Coe Kohawks,TEAM,defense,30,0,74
Coe Kohawks,C. Reece Breitenbach,defense,10,30,5
Coe Kohawks,C. Reece Breitenbach,defense,5,30,2
Coe Kohawks,TEAM,defense,5,30,15
Coe Kohawks,C. Reece Breitenbach,defense,5,25,4
Coe Kohawks,TEAM,defense,5,25,21
Coe Kohawks,C. Reece Breitenbach,defense,5,15,9
Coe Kohawks,C. Reece Breitenbach,defense,10,10,24
Coe Kohawks,C. Reece Breitenbach,defense,20,5,24
Coe Kohawks,TEAM,defense,20,5,351
Coe Kohawks,Cooper Nailor,defense,25,30,66
Coe Kohawks,Cooper Nailor,defense,30,25,25
Coe Kohawks,Cooper Nailor,defense,30,20,58
Coe Kohawks,Cooper Nailor,defense,35,15,47
Coe Kohawks,Kanyon Bryte,defense,25,5,58
Coe Kohawks,Deuce Walters,defense,25,35,14
Coe Kohawks,Cooper Nailor,offense,5,40,10
Coe Kohawks,TEAM,offense,5,40,24
Coe Kohawks,Cooper Nailor,offense,10,35,6
Coe Kohawks,Cooper Nailor,offense,15,30,34
Coe Kohawks,Cooper Nailor,offense,15,25,56
Coe Kohawks,Cooper Nailor,offense,20,25,71
Coe Kohawks,Cooper Nailor,offense,25,15,66
Coe Kohawks,TEAM,offense,25,15,308
Coe Kohawks,Cooper Nailor,offense,45,15,28
Coe Kohawks,Cooper Nailor,offense,45,20,19
Coe Kohawks,Cooper Nailor,offense,40,20,37
Coe Kohawks,Cooper Nailor,offense,35,25,32
Coe Kohawks,Kanyon Bryte,offense,10,15,11
Coe Kohawks,TEAM,offense,10,15,107
Coe Kohawks,Kanyon Bryte,offense,10,10,8
Coe Kohawks,Kanyon Bryte,offense,5,15,16
Coe Kohawks,Kanyon Bryte,offense,20,10,34
Coe Kohawks,TEAM,offense,20,10,272
Coe Kohawks,Deuce Walters,offense,35,35,15
Coe Kohawks,Deuce Walters,offense,35,30,39
Coe Kohawks,Deuce Walters,offense,40,30,27
Coe Kohawks,TEAM,offense,40,30,93
Coe Kohawks,Deuce Walters,offense,25,15,36
Coe Kohawks,Deuce Walters,offense,35,10,26
Coe Kohawks,TEAM,offense,35,10,182
Coe Kohawks,Deuce Walters,offense,25,0,15
Coe Kohawks,TEAM,offense,25,0,60
Coe Kohawks,C. Reece Breitenbach,offense,10,20,30
Coe Kohawks,C. Reece Breitenbach,offense,15,10,25
Coe Kohawks,C. Reece Breitenbach,offense,15,15,13
Coe Kohawks,C. Reece Breitenbach,offense,10,15,14
Coe Kohawks,C. Reece Breitenbach,offense,20,15,30
Coe Kohawks,Jackson Bowman,offense,45,20,4
Coe Kohawks,Jackson Bowman,offense,45,25,2
Coe Kohawks,TEAM,offense,45,25,44
Coe Kohawks,Jackson Bowman,offense,40,30,16
Coe Kohawks,Jackson Bowman,offense,45,30,2
Coe Kohawks,TEAM,offense,45,30,37
Coe Kohawks,Jackson Bowman,offense,40,35,5
Coe Kohawks,TEAM,offense,40,35,72
Coe Kohawks,Jackson Bowman,offense,35,35,8
Coe Kohawks,Jackson Bowman,offense,35,40,6
Coe Kohawks,TEAM,offense,35,40,55
Coe Kohawks,Jackson Bowman,offense,35,15,11
Coe Kohawks,Jackson Bowman,offense,35,20,24
Coe Kohawks,Cooper Nailor,offense,20,10,38
Coe Kohawks,Cooper Nailor,offense,20,15,43
Coe Kohawks,Jackson Bowman,defense,15,45,2
Coe Kohawks,TEAM,defense,15,45,12
Coe Kohawks,Jackson Bowman,defense,15,40,4
Coe Kohawks,Jackson Bowman,defense,20,35,38
Coe Kohawks,Jackson Bowman,defense,15,35,11
Coe Kohawks,Jackson Bowman,defense,15,30,31
Coe Kohawks,Jackson Bowman,defense,10,30,6
Coe Kohawks,Jackson Bowman,defense,10,25,11
Coe Kohawks,Kanyon Bryte,defense,30,25,51
Coe Kohawks,Kanyon Bryte,defense,20,5,36
Coe Kohawks,Deuce Walters,defense,25,40,10
Coe Kohawks,Deuce Walters,defense,30,35,10
Coe Kohawks,Deuce Walters,defense,30,30,14
Coe Kohawks,Deuce Walters,defense,30,5,43
Coe Kohawks,Deuce Walters,defense,30,10,130
Coe Kohawks,Deuce Walters,defense,15,5,44
Coe Kohawks,Deuce Walters,defense,15,0,12
Coe Kohawks,TEAM,defense,15,0,84
Coe Kohawks,C. Reece Breitenbach,defense,35,45,1
Coe Kohawks,C. Reece Breitenbach,defense,35,40,3
Coe Kohawks,Cooper Nailor,defense,10,20,21
Coe Kohawks,Cooper Nailor,defense,15,10,89
Coe Kohawks,Jackson Bowman,defense,25,0,13
Coe Kohawks,Jackson Bowman,defense,15,0,20
Coe Kohawks,Jackson Bowman,offense,40,45,3
Coe Kohawks,TEAM,offense,40,45,13
Coe Kohawks,Deuce Walters,offense,15,45,3
Coe Kohawks,TEAM,offense,15,45,16
Coe Kohawks,Deuce Walters,offense,15,35,11
Coe Kohawks,Deuce Walters,offense,25,30,17
Coe Kohawks,Deuce Walters,offense,20,15,20
Coe Kohawks,Cooper Nailor,offense,40,40,2
Coe Kohawks,TEAM,offense,40,40,54
Coe Kohawks,Cooper Nailor,offense,20,35,20
Coe Kohawks,Cooper Nailor,offense,25,30,55
Coe Kohawks,Cooper Nailor,offense,25,25,68
Coe Kohawks,Cooper Nailor,offense,40,15,21
Coe Kohawks,Cooper Nailor,offense,40,25,48
Coe Kohawks,Kanyon Bryte,offense,25,35,17
Coe Kohawks,Kanyon Bryte,offense,25,30,40
Coe Kohawks,C. Reece Breitenbach,offense,0,30,1
Coe Kohawks,C. Reece Breitenbach,offense,0,25,3
Coe Kohawks,C. Reece Breitenbach,offense,0,20,1
Coe Kohawks,C. Reece Breitenbach,offense,35,35,8
Coe Kohawks,C. Reece Breitenbach,offense,30,15,26
Coe Kohawks,Kanyon Bryte,offense,40,40,7
Coe Kohawks,Kanyon Bryte,offense,35,40,11
Coe Kohawks,Kanyon Bryte,offense,35,35,11
Coe Kohawks,Kanyon Bryte,offense,20,35,26
Coe Kohawks,Kanyon Bryte,offense,25,40,9
Coe Kohawks,TEAM,offense,25,40,139
Coe Kohawks,Kanyon Bryte,offense,15,30,17
Coe Kohawks,Kanyon Bryte,offense,10,25,27
Coe Kohawks,Jackson Bowman,offense,30,20,73
Coe Kohawks,TEAM,offense,30,20,342
Coe Kohawks,Jackson Bowman,offense,25,15,46
Coe Kohawks,Jackson Bowman,offense,25,10,32
Coe Kohawks,Jackson Bowman,offense,30,10,34
Coe Kohawks,Jackson Bowman,offense,30,5,19
Coe Kohawks,Jackson Bowman,offense,25,5,28
Coe Kohawks,Jackson Bowman,offense,30,15,36
Coe Kohawks,Jackson Bowman,offense,35,0,3
Coe Kohawks,TEAM,offense,35,0,50
Coe Kohawks,C. Reece Breitenbach,offense,15,5,89
Coe Kohawks,TEAM,offense,15,5,337
Coe Kohawks,C. Reece Breitenbach,offense,20,5,16
Coe Kohawks,C. Reece Breitenbach,offense,20,10,27
Coe Kohawks,C. Reece Breitenbach,offense,20,20,48
Coe Kohawks,C. Reece Breitenbach,offense,25,20,25
Coe Kohawks,Jackson Bowman,defense,10,45,1
Coe Kohawks,Cooper Nailor,defense,25,25,90
Coe Kohawks,Jackson Bowman,defense,20,25,58
Coe Kohawks,Jackson Bowman,defense,15,10,142
Coe Kohawks,Jackson Bowman,defense,15,5,86
Coe Kohawks,Deuce Walters,defense,15,10,45
Coe Kohawks,Kanyon Bryte,defense,15,10,133
Coe Kohawks,C. Reece Breitenbach,defense,35,15,23
Coe Kohawks,Kanyon Bryte,offense,40,45,2
Coe Kohawks,Kanyon Bryte,offense,45,40,7
Coe Kohawks,TEAM,offense,45,40,27
Coe Kohawks,Kanyon Bryte,offense,45,35,6
Coe Kohawks,TEAM,offense,45,35,27
Coe Kohawks,Kanyon Bryte,offense,40,35,11
Coe Kohawks,Kanyon Bryte,offense,40,30,9
Coe Kohawks,Kanyon Bryte,offense,45,30,8
Coe Kohawks,Kanyon Bryte,offense,45,25,7
Coe Kohawks,Kanyon Bryte,offense,35,15,25
Coe Kohawks,Kanyon Bryte,offense,35,10,40
Coe Kohawks,Deuce Walters,offense,10,40,4
Coe Kohawks,TEAM,offense,10,40,35
Coe Kohawks,Deuce Walters,offense,35,0,20
Coe Kohawks,Deuce Walters,offense,45,5,5
Coe Kohawks,Deuce Walters,offense,45,15,18
Coe Kohawks,Deuce Walters,offense,45,20,12
Coe Kohawks,Deuce Walters,offense,40,20,25
Coe Kohawks,Deuce Walters,offense,40,25,36
Coe Kohawks,Deuce Walters,offense,40,10,4
Coe Kohawks,Deuce Walters,offense,40,5,6
Coe Kohawks,Deuce Walters,offense,25,5,14
Coe Kohawks,Deuce Walters,offense,25,10,47
Coe Kohawks,Deuce Walters,offense,20,5,35
Coe Kohawks,Deuce Walters,offense,15,5,40
Coe Kohawks,Deuce Walters,offense,30,0,7
Coe Kohawks,TEAM,offense,30,0,40
Coe Kohawks,Jackson Bowman,offense,0,40,2
Coe Kohawks,Jackson Bowman,offense,5,25,3
Coe Kohawks,Jackson Bowman,offense,0,25,4
Coe Kohawks,Jackson Bowman,offense,0,10,19
Coe Kohawks,Jackson Bowman,offense,10,10,13
Coe Kohawks,Jackson Bowman,offense,10,15,26
Coe Kohawks,Jackson Bowman,offense,0,5,17
Coe Kohawks,Jackson Bowman,offense,5,10,18
Coe Kohawks,Jackson Bowman,offense,15,5,38
Coe Kohawks,Cooper Nailor,offense,30,20,72
Coe Kohawks,Cooper Nailor,offense,30,15,55
Coe Kohawks,Cooper Nailor,offense,35,20,34
Coe Kohawks,Cooper Nailor,offense,35,15,26
Coe Kohawks,Cooper Nailor,offense,30,25,53
Coe Kohawks,Cooper Nailor,offense,15,20,52
Coe Kohawks,Cooper Nailor,offense,10,15,15
Coe Kohawks,Cooper Nailor,offense,30,10,56
Coe Kohawks,Cooper Nailor,offense,35,10,59
Coe Kohawks,C. Reece Breitenbach,offense,20,25,30
Coe Kohawks,C. Reece Breitenbach,offense,5,20,5
Coe Kohawks,C. Reece Breitenbach,offense,15,20,18
Coe Kohawks,C. Reece Breitenbach,offense,25,10,24
Coe Kohawks,C. Reece Breitenbach,offense,25,0,15
Coe Kohawks,C. Reece Breitenbach,offense,25,5,28
Coe Kohawks,C. Reece Breitenbach,offense,25,15,40
Coe Kohawks,Kanyon Bryte,offense,30,10,101
Coe Kohawks,Kanyon Bryte,offense,40,10,12
Coe Kohawks,Kanyon Bryte,offense,45,15,15
Coe Kohawks,Kanyon Bryte,offense,25,0,7
Coe Kohawks,Kanyon Bryte,offense,25,15,36
Coe Kohawks,Kanyon Bryte,offense,30,20,41
Coe Kohawks,Kanyon Bryte,offense,30,5,43
Coe Kohawks,C. Reece Breitenbach,offense,10,5,6
Coe Kohawks,Jackson Bowman,offense,20,20,65
Coe Kohawks,Jackson Bowman,offense,20,25,42
Coe Kohawks,Jackson Bowman,offense,20,5,7
Coe Kohawks,Jackson Bowman,offense,20,0,3
Coe Kohawks,TEAM,offense,20,0,42
Coe Kohawks,Jackson Bowman,offense,15,0,2
Coe Kohawks,Deuce Walters,offense,30,20,36
Coe Kohawks,Kanyon Bryte,offense,15,5,48
Coe Kohawks,Kanyon Bryte,offense,10,5,16
Coe Kohawks,C. Reece Breitenbach,offense,30,10,30
Coe Kohawks,Deuce Walters,offense,40,0,5
Coe Kohawks,Deuce Walters,offense,45,0,7
Coe Kohawks,Deuce Walters,offense,45,10,25
Coe Kohawks,Deuce Walters,offense,40,15,17
Coe Kohawks,Cooper Nailor,offense,20,5,21
Coe Kohawks,Cooper Nailor,offense,25,5,27
Coe Kohawks,Cooper Nailor,offense,25,10,53
Coe Kohawks,Deuce Walters,defense,20,20,52
Coe Kohawks,Deuce Walters,defense,20,25,31
Coe Kohawks,C. Reece Breitenbach,defense,20,25,33
Coe Kohawks,C. Reece Breitenbach,defense,15,35,2
Coe Kohawks,C. Reece Breitenbach,defense,15,40,1
Coe Kohawks,Kanyon Bryte,offense,35,45,2
Coe Kohawks,TEAM,offense,35,45,13
Coe Kohawks,C. Reece Breitenbach,offense,5,45,1
Coe Kohawks,C. Reece Breitenbach,offense,0,45,2
Coe Kohawks,C. Reece Breitenbach,offense,0,40,2
Coe Kohawks,C. Reece Breitenbach,offense,10,35,4
Coe Kohawks,C. Reece Breitenbach,offense,30,0,7
Coe Kohawks,C. Reece Breitenbach,offense,35,0,5
Coe Kohawks,C. Reece Breitenbach,offense,40,0,5
Coe Kohawks,C. Reece Breitenbach,offense,40,5,6
Coe Kohawks,C. Reece Breitenbach,offense,30,5,32
Coe Kohawks,Deuce Walters,offense,20,10,37
Coe Kohawks,Jackson Bowman,offense,30,0,7
Coe Kohawks,Jackson Bowman,offense,35,5,7
Coe Kohawks,Jackson Bowman,offense,45,15,5
Coe Kohawks,Jackson Bowman,offense,20,10,29
Coe Kohawks,Cooper Nailor,offense,45,10,11
Coe Kohawks,Kanyon Bryte,offense,15,10,47
Coe Kohawks,Kanyon Bryte,offense,35,5,4
Coe Kohawks,Kanyon Bryte,offense,45,0,2
Coe Kohawks,Kanyon Bryte,offense,40,0,4
Coe Kohawks,Kanyon Bryte,offense,45,10,14
Coe Kohawks,Kanyon Bryte,offense,45,20,4
Coe Kohawks,Kanyon Bryte,offense,40,15,14
Coe Kohawks,Cooper Nailor,offense,30,5,37
Coe Kohawks,Cooper Nailor,offense,30,0,4
Coe Kohawks,Cooper Nailor,offense,15,5,28
Coe Kohawks,C. Reece Breitenbach,offense,40,30,9
Coe Kohawks,Kanyon Bryte,offense,10,20,10
Coe Kohawks,Kanyon Bryte,offense,30,30,28
Coe Kohawks,Cooper Nailor,offense,25,0,7
Coe Kohawks,Cooper Nailor,offense,10,0,14
Coe Kohawks,Cooper Nailor,offense,15,0,5
Coe Kohawks,Kanyon Bryte,offense,45,5,11
Coe Kohawks,Kanyon Bryte,offense,40,20,12
Coe Kohawks,Kanyon Bryte,offense,20,20,81
Coe Kohawks,Deuce Walters,offense,30,35,10
Coe Kohawks,Jackson Bowman,offense,0,15,10
Coe Kohawks,Jackson Bowman,offense,10,25,39
Coe Kohawks,Jackson Bowman,offense,15,45,2
Coe Kohawks,C. Reece Breitenbach,offense,20,0,2
Coe Kohawks,Deuce Walters,offense,5,5,4
Coe Kohawks,C. Reece Breitenbach,offense,30,35,32
Coe Kohawks,C. Reece Breitenbach,offense,25,40,4
Coe Kohawks,C. Reece Breitenbach,offense,30,40,3
Coe Kohawks,TEAM,offense,30,40,85
Coe Kohawks,Kanyon Bryte,defense,10,30,5
Coe Kohawks,Kanyon Bryte,defense,10,25,7
Coe Kohawks,Kanyon Bryte,defense,5,25,1
Coe Kohawks,Kanyon Bryte,defense,5,20,5
Coe Kohawks,TEAM,defense,5,20,36
Coe Kohawks,Kanyon Bryte,defense,5,15,14
Coe Kohawks,Kanyon Bryte,defense,10,15,33
Coe Kohawks,Kanyon Bryte,defense,5,10,21
Coe Kohawks,Kanyon Bryte,defense,10,5,47
Coe Kohawks,Deuce Walters,defense,20,30,40
Coe Kohawks,Deuce Walters,defense,25,30,18
Coe Kohawks,Deuce Walters,defense,20,35,17
Coe Kohawks,C. Reece Breitenbach,defense,30,40,3
Coe Kohawks,C. Reece Breitenbach,defense,30,35,4
Coe Kohawks,C. Reece Breitenbach,defense,40,25,10
Coe Kohawks,Cooper Nailor,defense,35,25,22
Coe Kohawks,Cooper Nailor,defense,20,30,45
Coe Kohawks,Cooper Nailor,defense,30,5,56
Coe Kohawks,Jackson Bowman,defense,20,20,47
Coe Kohawks,Jackson Bowman,defense,15,15,145
Coe Kohawks,C. Reece Breitenbach,defense,35,5,8
Coe Kohawks,C. Reece Breitenbach,defense,30,5,57
Coe Kohawks,C. Reece Breitenbach,defense,30,10,24
Coe Kohawks,C. Reece Breitenbach,defense,25,0,3
Coe Kohawks,C. Reece Breitenbach,defense,15,0,4
Coe Kohawks,C. Reece Breitenbach,defense,10,5,28
Coe Kohawks,C. Reece Breitenbach,defense,5,5,8
Coe Kohawks,C. Reece Breitenbach,defense,5,10,5
Coe Kohawks,C. Reece Breitenbach,defense,25,15,30
Coe Kohawks,C. Reece Breitenbach,defense,20,15,30
Coe Kohawks,C. Reece Breitenbach,defense,10,0,3
Coe Kohawks,TEAM,defense,10,0,17
Coe Kohawks,Deuce Walters,defense,30,0,20
Coe Kohawks,Cooper Nailor,offense,45,45,1
Coe Kohawks,TEAM,offense,45,45,3
Coe Kohawks,Cooper Nailor,offense,45,40,3
Coe Kohawks,Cooper Nailor,offense,0,5,26
Coe Kohawks,Cooper Nailor,offense,10,30,14
Coe Kohawks,Deuce Walters,offense,25,35,13
Coe Kohawks,Kanyon Bryte,offense,20,45,6
Coe Kohawks,Kanyon Bryte,offense,20,40,6
Coe Kohawks,Jackson Bowman,offense,15,35,27
Coe Kohawks,Jackson Bowman,offense,10,30,14
Coe Kohawks,Jackson Bowman,offense,20,35,12
Coe Kohawks,Kanyon Bryte,offense,20,0,6
Coe Kohawks,Kanyon Bryte,offense,35,0,5
Coe Kohawks,Kanyon Bryte,offense,40,5,3
Coe Kohawks,C. Reece Breitenbach,offense,35,5,24
Coe Kohawks,C. Reece Breitenbach,offense,35,10,16
Coe Kohawks,C. Reece Breitenbach,offense,30,20,24
Coe Kohawks,Kanyon Bryte,defense,15,45,2
Coe Kohawks,Kanyon Bryte,defense,15,40,7
Coe Kohawks,Kanyon Bryte,defense,15,25,30
Coe Kohawks,Kanyon Bryte,defense,40,20,8
Coe Kohawks,TEAM,defense,40,20,62
Coe Kohawks,Kanyon Bryte,defense,40,15,8
Coe Kohawks,TEAM,defense,40,15,71
Coe Kohawks,Deuce Walters,defense,40,35,2
Coe Kohawks,TEAM,defense,40,35,23
Coe Kohawks,Deuce Walters,defense,40,30,2
Coe Kohawks,TEAM,defense,40,30,27
Coe Kohawks,Deuce Walters,defense,40,20,12
Coe Kohawks,Deuce Walters,defense,40,15,7
Coe Kohawks,Deuce Walters,defense,40,10,5
Coe Kohawks,Deuce Walters,defense,40,5,6
Coe Kohawks,Deuce Walters,defense,35,5,15
Coe Kohawks,Deuce Walters,defense,25,20,44
Coe Kohawks,Deuce Walters,defense,30,15,40
Coe Kohawks,Deuce Walters,defense,30,20,48
Coe Kohawks,Deuce Walters,defense,35,15,26
Coe Kohawks,Deuce Walters,defense,35,20,22
Coe Kohawks,Deuce Walters,defense,35,25,25
Coe Kohawks,Deuce Walters,defense,35,30,19
Coe Kohawks,Deuce Walters,defense,45,40,4
Coe Kohawks,TEAM,defense,45,40,5
Coe Kohawks,Deuce Walters,defense,45,35,4
Coe Kohawks,TEAM,defense,45,35,4
Coe Kohawks,C. Reece Breitenbach,defense,30,25,17
Coe Kohawks,C. Reece Breitenbach,defense,35,20,20
Coe Kohawks,C. Reece Breitenbach,defense,25,20,20
Coe Kohawks,C. Reece Breitenbach,defense,30,20,12
Coe Kohawks,Jackson Bowman,defense,20,40,7
Coe Kohawks,Jackson Bowman,defense,15,25,38
Coe Kohawks,Jackson Bowman,defense,10,10,55
Coe Kohawks,Jackson Bowman,defense,5,10,6
Coe Kohawks,Jackson Bowman,defense,10,5,23
Coe Kohawks,Jackson Bowman,defense,20,15,43
Coe Kohawks,Jackson Bowman,defense,40,20,3
Coe Kohawks,Jackson Bowman,defense,45,20,2
Coe Kohawks,TEAM,defense,45,20,17
Coe Kohawks,Cooper Nailor,defense,35,10,52
Coe Kohawks,Cooper Nailor,defense,40,10,11
Coe Kohawks,Cooper Nailor,defense,45,10,4
Coe Kohawks,TEAM,defense,45,10,23
Coe Kohawks,Cooper Nailor,defense,45,5,9
Coe Kohawks,Cooper Nailor,defense,35,5,49
Coe Kohawks,Cooper Nailor,defense,20,35,14
Coe Kohawks,C. Reece Breitenbach,defense,45,30,2
Coe Kohawks,TEAM,defense,45,30,15
Coe Kohawks,C. Reece Breitenbach,defense,35,35,9
Coe Kohawks,C. Reece Breitenbach,defense,25,40,6
Coe Kohawks,C. Reece Breitenbach,defense,30,45,1
Coe Kohawks,Kanyon Bryte,defense,45,0,1
Coe Kohawks,TEAM,defense,45,0,6
Coe Kohawks,Kanyon Bryte,defense,45,20,2
Coe Kohawks,Kanyon Bryte,defense,40,30,8
Coe Kohawks,Kanyon Bryte,defense,35,30,24
Coe Kohawks,Jackson Bowman,defense,45,0,2
Coe Kohawks,Jackson Bowman,defense,45,10,1
Coe Kohawks,Cooper Nailor,offense,30,45,3
Coe Kohawks,TEAM,offense,30,45,15
Coe Kohawks,Cooper Nailor,offense,30,40,13
Coe Kohawks,Deuce Walters,offense,5,40,1
Coe Kohawks,Ryan Dolphin,offense,15,20,26
Coe Kohawks,Ryan Dolphin,offense,15,25,7
Coe Kohawks,Ryan Dolphin,offense,20,25,17
Coe Kohawks,Ryan Dolphin,offense,20,30,17
Coe Kohawks,Ryan Dolphin,offense,25,30,12
Coe Kohawks,Ryan Dolphin,offense,25,25,38
Coe Kohawks,Ryan Dolphin,offense,30,25,16
Coe Kohawks,Ryan Dolphin,offense,15,15,14
Coe Kohawks,Ryan Dolphin,offense,20,15,27
Coe Kohawks,Ryan Dolphin,offense,20,10,32
Coe Kohawks,Ryan Dolphin,offense,15,10,28
Coe Kohawks,Ryan Dolphin,offense,15,5,58
Coe Kohawks,Ryan Dolphin,offense,10,10,14
Coe Kohawks,Ryan Dolphin,offense,10,5,21
Coe Kohawks,Ryan Dolphin,offense,25,20,97
Coe Kohawks,Ryan Dolphin,offense,25,15,29
Coe Kohawks,Ryan Dolphin,offense,35,5,4
Coe Kohawks,Ryan Dolphin,offense,35,10,14
Coe Kohawks,Ryan Dolphin,offense,45,20,7
Coe Kohawks,Ryan Dolphin,offense,25,10,18
Coe Kohawks,Ryan Dolphin,offense,30,5,23
Coe Kohawks,Ryan Dolphin,offense,25,5,32
Coe Kohawks,Ryan Dolphin,offense,30,10,15
Coe Kohawks,Ryan Dolphin,offense,30,15,26
Coe Kohawks,Ryan Dolphin,offense,30,20,45
Coe Kohawks,Ryan Dolphin,offense,30,30,20
Coe Kohawks,Aaron Foote,offense,25,20,6
Coe Kohawks,Aaron Foote,offense,25,25,21
Coe Kohawks,Aaron Foote,offense,30,30,16
Coe Kohawks,Aaron Foote,offense,25,30,25
Coe Kohawks,Aaron Foote,offense,20,30,15
Coe Kohawks,Aaron Foote,offense,30,20,5
Coe Kohawks,Aaron Foote,offense,20,25,7
Coe Kohawks,Aaron Foote,offense,20,35,6
Coe Kohawks,Aaron Foote,offense,30,10,16
Coe Kohawks,Aaron Foote,offense,30,5,11
Coe Kohawks,Aaron Foote,offense,25,5,11
Coe Kohawks,Aaron Foote,offense,40,5,2
Coe Kohawks,Aaron Foote,offense,35,5,2
Coe Kohawks,Aaron Foote,offense,20,5,2
Coe Kohawks,Aaron Foote,offense,25,10,10
Coe Kohawks,Aaron Foote,offense,25,15,2
Coe Kohawks,Deuce Walters,offense,15,30,32
Coe Kohawks,Deuce Walters,offense,5,20,29
Coe Kohawks,Deuce Walters,offense,10,10,24
Coe Kohawks,Deuce Walters,offense,10,15,20
Coe Kohawks,Deuce Walters,offense,10,5,27
Coe Kohawks,Deuce Walters,offense,15,10,23
Coe Kohawks,Kanyon Bryte,offense,5,20,8
Coe Kohawks,Kanyon Bryte,offense,0,15,8
Coe Kohawks,Aaron Foote,offense,20,20,3
Coe Kohawks,Aaron Foote,offense,20,15,20
Coe Kohawks,Aaron Foote,offense,15,15,17
Coe Kohawks,Aaron Foote,offense,20,10,17
Coe Kohawks,Ryan Dolphin,defense,30,15,22
Coe Kohawks,Ryan Dolphin,defense,30,10,22
Coe Kohawks,Ryan Dolphin,defense,35,10,50
Coe Kohawks,Ryan Dolphin,defense,35,15,30
Coe Kohawks,Ryan Dolphin,defense,40,20,8
Coe Kohawks,Aaron Foote,defense,20,45,1
Coe Kohawks,Aaron Foote,defense,15,40,3
Coe Kohawks,Aaron Foote,defense,20,25,13
Coe Kohawks,Aaron Foote,defense,25,25,5
Coe Kohawks,Aaron Foote,defense,25,30,2
Coe Kohawks,Deuce Walters,defense,25,15,71
Coe Kohawks,Deuce Walters,defense,25,25,64
Coe Kohawks,Deuce Walters,defense,20,5,46
Coe Kohawks,Deuce Walters,defense,20,0,12
Coe Kohawks,Aaron Foote,defense,40,30,1
Coe Kohawks,Aaron Foote,defense,15,25,2
Coe Kohawks,Aaron Foote,defense,30,30,3
Coe Kohawks,Aaron Foote,defense,35,30,3
Coe Kohawks,Aaron Foote,defense,25,20,1
Coe Kohawks,Aaron Foote,defense,20,20,1
Coe Kohawks,Aaron Foote,defense,15,20,4
Coe Kohawks,Aaron Foote,defense,20,10,6
Coe Kohawks,Aaron Foote,defense,20,15,4
Coe Kohawks,Aaron Foote,defense,25,15,1
Coe Kohawks,Aaron Foote,defense,10,20,4
Coe Kohawks,Aaron Foote,defense,10,15,4
Coe Kohawks,Aaron Foote,defense,10,5,3
Coe Kohawks,Aaron Foote,defense,10,10,6
Coe Kohawks,Kanyon Bryte,defense,15,15,76
Coe Kohawks,Kanyon Bryte,defense,15,5,41
Coe Kohawks,Kanyon Bryte,defense,25,0,10
Coe Kohawks,Kanyon Bryte,defense,20,0,9
Coe Kohawks,Ryan Dolphin,defense,35,30,19
Coe Kohawks,Ryan Dolphin,defense,25,25,53
Coe Kohawks,Ryan Dolphin,defense,25,15,33
Coe Kohawks,Ryan Dolphin,defense,25,10,21
Coe Kohawks,Ryan Dolphin,defense,20,10,11
Coe Kohawks,Ryan Dolphin,defense,15,5,29
Coe Kohawks,Ryan Dolphin,defense,15,15,30
Coe Kohawks,Ryan Dolphin,defense,15,20,20
Coe Kohawks,Ryan Dolphin,defense,15,25,18
Coe Kohawks,Aaron Foote,offense,35,30,4
Coe Kohawks,Kanyon Bryte,offense,30,40,7
Coe Kohawks,Kanyon Bryte,offense,30,35,18
Coe Kohawks,Ryan Dolphin,offense,0,30,1
Coe Kohawks,Ryan Dolphin,offense,5,30,3
Coe Kohawks,Ryan Dolphin,offense,5,25,22
Coe Kohawks,Ryan Dolphin,offense,15,30,22
Coe Kohawks,Ryan Dolphin,offense,20,20,48
Coe Kohawks,Deuce Walters,offense,40,40,8
Coe Kohawks,Deuce Walters,offense,40,35,7
Coe Kohawks,Aaron Foote,offense,20,0,1
Coe Kohawks,Aaron Foote,offense,35,10,3
Coe Kohawks,Aaron Foote,offense,15,5,7
Coe Kohawks,Aaron Foote,offense,15,10,4
Coe Kohawks,Kanyon Bryte,offense,5,10,9
Coe Kohawks,Kanyon Bryte,defense,10,35,1
Coe Kohawks,Kanyon Bryte,defense,10,40,3
Coe Kohawks,Kanyon Bryte,defense,10,45,1
Coe Kohawks,Aaron Foote,defense,30,15,3
Coe Kohawks,Aaron Foote,defense,30,20,3
Coe Kohawks,Aaron Foote,defense,30,25,2
Coe Kohawks,Aaron Foote,defense,30,35,2
Coe Kohawks,Aaron Foote,defense,25,40,5
Coe Kohawks,Aaron Foote,defense,30,40,1
Coe Kohawks,Aaron Foote,defense,30,45,1
Coe Kohawks,Cooper Nailor,defense,15,25,29
Coe Kohawks,Cooper Nailor,defense,5,40,1
Coe Kohawks,TEAM,defense,5,40,4
Coe Kohawks,Deuce Walters,defense,30,25,25
Coe Kohawks,Deuce Walters,defense,20,15,89
Coe Kohawks,Cooper Nailor,defense,20,5,64
Coe Kohawks,Ryan Dolphin,defense,10,20,18
Coe Kohawks,Ryan Dolphin,defense,10,25,4
Coe Kohawks,Ryan Dolphin,defense,20,25,39
Coe Kohawks,Ryan Dolphin,defense,20,30,16
Coe Kohawks,Ryan Dolphin,defense,25,30,50
Coe Kohawks,Ryan Dolphin,defense,20,5,25
Coe Kohawks,Ryan Dolphin,defense,25,5,24
Coe Kohawks,Ryan Dolphin,defense,30,5,33
Coe Kohawks,Aaron Foote,defense,30,0,1
Coe Kohawks,Aaron Foote,defense,30,5,7
Coe Kohawks,Aaron Foote,defense,35,0,1
Coe Kohawks,Aaron Foote,defense,35,5,4
Coe Kohawks,Aaron Foote,defense,40,0,1
Coe Kohawks,TEAM,defense,40,0,29
Coe Kohawks,Aaron Foote,defense,35,10,10
Coe Kohawks,Aaron Foote,defense,40,10,3
Coe Kohawks,Aaron Foote,defense,45,5,2
Coe Kohawks,Aaron Foote,defense,20,5,6
Coe Kohawks,Aaron Foote,defense,15,5,13
Coe Kohawks,Aaron Foote,defense,15,10,25
UW-Whitewater,Kelton McEwen,defense,0,20,35
Coe Kohawks,Aaron Foote,offense,0,20,2
Coe Kohawks,Aaron Foote,offense,5,20,3
Coe Kohawks,Aaron Foote,offense,10,20,4
Coe Kohawks,Aaron Foote,offense,15,25,20
Coe Kohawks,Aaron Foote,offense,15,30,2
Coe Kohawks,Ryan Dolphin,offense,20,5,20
UW-Whitewater,Kelton McEwen,defense,0,5,4
Coe Kohawks,Ryan Dolphin,offense,0,10,2
Coe Kohawks,Ryan Dolphin,offense,5,10,23
Coe Kohawks,Ryan Dolphin,offense,10,20,11
Coe Kohawks,Deuce Walters,defense,20,45,2
Coe Kohawks,Aaron Foote,defense,25,5,4
Coe Kohawks,Aaron Foote,defense,5,5,8
Coe Kohawks,Aaron Foote,defense,15,15,4
Coe Kohawks,Aaron Foote,defense,15,0,2
Coe Kohawks,Aaron Foote,defense,20,0,1
Coe Kohawks,Ryan Dolphin,defense,10,10,36
Coe Kohawks,Ryan Dolphin,defense,10,5,39
Coe Kohawks,Ryan Dolphin,defense,25,35,19
Coe Kohawks,Deuce Walters,defense,40,0,2
Coe Kohawks,Aaron Foote,offense,0,40,1
Coe Kohawks,Aaron Foote,offense,5,35,1
Coe Kohawks,Aaron Foote,offense,10,40,2
Coe Kohawks,Aaron Foote,offense,5,15,2
Coe Kohawks,Deuce Walters,offense,25,40,22
Coe Kohawks,Cooper Nailor,offense,20,30,38
Coe Kohawks,Kanyon Bryte,offense,5,45,1
Coe Kohawks,Ryan Dolphin,offense,10,25,19
Coe Kohawks,Ryan Dolphin,offense,5,15,6
Coe Kohawks,Ryan Dolphin,offense,5,20,6
Coe Kohawks,Ryan Dolphin,offense,35,25,23
Coe Kohawks,Aaron Foote,offense,30,15,1
Coe Kohawks,Aaron Foote,offense,30,25,3
Coe Kohawks,Aaron Foote,offense,0,0,1
Coe Kohawks,TEAM,offense,0,0,24
Coe Kohawks,Deuce Walters,offense,45,30,8
Coe Kohawks,Aaron Foote,offense,20,45,1
Coe Kohawks,Aaron Foote,offense,15,45,2
Coe Kohawks,Aaron Foote,offense,15,40,2
Coe Kohawks,TEAM,offense,15,40,75
Coe Kohawks,Aaron Foote,offense,15,35,1
UW-Whitewater,Kelton McEwen,defense,0,35,3
UW-Whitewater,Kelton McEwen,defense,15,35,3
UW-Whitewater,Kelton McEwen,defense,5,30,8
UW-Whitewater,Ryan Dolphin,defense,30,20,6
UW-Whitewater,Ryan Dolphin,defense,30,15,8
UW-Whitewater,Ryan Dolphin,defense,30,10,3
UW-Whitewater,Ryan Dolphin,defense,40,15,1
Coe Kohawks,Aaron Foote,offense,15,0,5
Coe Kohawks,Aaron Foote,offense,10,0,4
Coe Kohawks,Aaron Foote,offense,5,5,1
UW-Whitewater,Tyshawn Teague-Johnson,defense,45,25,8
UW-Whitewater,Tyshawn Teague-Johnson,defense,45,30,7
Coe Kohawks,Ryan Dolphin,offense,45,30,4
Coe Kohawks,Ryan Dolphin,offense,40,25,22
Coe Kohawks,Ryan Dolphin,offense,45,15,5
Coe Kohawks,Tyshawn Teague-Johnson,offense,30,10,2
Coe Kohawks,Tyshawn Teague-Johnson,offense,25,10,4
Coe Kohawks,Tyshawn Teague-Johnson,offense,25,15,1
Coe Kohawks,Tyshawn Teague-Johnson,offense,20,10,4
Coe Kohawks,Tyshawn Teague-Johnson,offense,15,5,6
Coe Kohawks,Tyshawn Teague-Johnson,offense,10,0,5
Coe Kohawks,Tyshawn Teague-Johnson,offense,5,0,9
Coe Kohawks,Tyshawn Teague-Johnson,offense,15,0,1
Coe Kohawks,Tyshawn Teague-Johnson,offense,20,0,1
Coe Kohawks,Tyshawn Teague-Johnson,offense,25,0,2
Coe Kohawks,Tyshawn Teague-Johnson,offense,30,5,2
Coe Kohawks,Tyshawn Teague-Johnson,offense,35,5,2
Coe Kohawks,Tyshawn Teague-Johnson,offense,35,10,2
Coe Kohawks,Tyshawn Teague-Johnson,offense,40,10,1
Coe Kohawks,Tyshawn Teague-Johnson,offense,40,15,4
Coe Kohawks,Tyshawn Teague-Johnson,offense,40,20,3
Coe Kohawks,Tyshawn Teague-Johnson,offense,40,25,2
Coe Kohawks,Tyshawn Teague-Johnson,offense,35,25,3
Coe Kohawks,Tyshawn Teague-Johnson,offense,35,30,6
Coe Kohawks,Tyshawn Teague-Johnson,offense,35,35,4
Coe Kohawks,Tyshawn Teague-Johnson,offense,35,40,4
Coe Kohawks,Jackson Bowman,offense,30,35,64
Coe Kohawks,Ryan Dolphin,offense,20,0,7
Coe Kohawks,Ryan Dolphin,offense,25,0,3
Coe Kohawks,Jackson Bowman,defense,25,45,5
Coe Kohawks,C. Reece Breitenbach,defense,10,25,2
Coe Kohawks,C. Reece Breitenbach,defense,20,20,15
UW-Whitewater,Joey Berezowitz,offense,45,40,1
UW-Whitewater,Kelton McEwen,offense,40,45,1
Coe Kohawks,Ryan Dolphin,defense,35,20,26
Coe Kohawks,Ryan Dolphin,defense,20,15,35
Coe Kohawks,Ryan Dolphin,defense,15,10,32
Coe Kohawks,Ryan Dolphin,defense,10,15,26
Coe Kohawks,Aaron Foote,defense,35,35,7
Coe Kohawks,Aaron Foote,defense,35,40,2
Coe Kohawks,Aaron Foote,defense,35,25,1
Coe Kohawks,Aaron Foote,defense,30,10,6
Coe Kohawks,Aaron Foote,defense,45,10,5
Coe Kohawks,Cooper Nailor,defense,35,35,17
Coe Kohawks,Ryan Dolphin,defense,25,20,51
Coe Kohawks,Ryan Dolphin,defense,40,25,3
Coe Kohawks,Ryan Dolphin,defense,35,25,11
UW-Whitewater,Tyshawn Teague-Johnson,offense,40,15,7
Coe Kohawks,Jackson Bowman,defense,10,20,20
Coe Kohawks,C. Reece Breitenbach,defense,30,0,6
UW-Whitewater,JR Lukenbill,defense,45,5,3
Coe Kohawks,TEAM,offense,25,45,27
Coe Kohawks,Jackson Newell,offense,5,40,3
Coe Kohawks,Jackson Newell,offense,5,30,6
Coe Kohawks,Jackson Newell,offense,0,20,10
Coe Kohawks,Jackson Newell,offense,0,15,10
Coe Kohawks,Cooper Nailor,offense,40,35,24
Coe Kohawks,Cooper Nailor,offense,45,35,4
Coe Kohawks,C. Reece Breitenbach,offense,0,5,7
Coe Kohawks,C. Reece Breitenbach,offense,5,5,12
Coe Kohawks,C. Reece Breitenbach,offense,10,10,8
Coe Kohawks,C. Reece Breitenbach,offense,10,0,4
Coe Kohawks,C. Reece Breitenbach,offense,5,10,6
UW-Whitewater,Kelton McEwen,defense,5,5,2
Coe Kohawks,Ryan Dolphin,offense,10,15,5
Coe Kohawks,Jackson Bowman,offense,5,30,1
Coe Kohawks,Jackson Newell,offense,40,20,9
Coe Kohawks,Jackson Newell,offense,40,25,2
Coe Kohawks,Jackson Newell,offense,35,25,8
Coe Kohawks,Jackson Newell,offense,30,30,7
Coe Kohawks,Jackson Newell,offense,25,25,11
Coe Kohawks,Jackson Newell,offense,25,20,6
Coe Kohawks,Jackson Newell,offense,20,15,13
Coe Kohawks,Jackson Newell,offense,15,15,6
Coe Kohawks,Jackson Newell,offense,10,20,7
Coe Kohawks,Jackson Newell,offense,5,20,15
Coe Kohawks,Jackson Bowman,offense,5,15,16
Coe Kohawks,Cooper Nailor,offense,20,0,6
Coe Kohawks,Ryan Dolphin,defense,35,45,1
Coe Kohawks,Ryan Dolphin,defense,30,40,4
Coe Kohawks,Jackson Newell,defense,20,35,5
Coe Kohawks,Jackson Newell,defense,15,35,3
Coe Kohawks,Jackson Newell,defense,15,25,16
Coe Kohawks,Jackson Newell,defense,15,30,3
Coe Kohawks,Jackson Newell,defense,25,20,10
Coe Kohawks,Jackson Newell,defense,30,15,46
Coe Kohawks,Jackson Newell,defense,20,15,42
Coe Kohawks,Jackson Newell,defense,15,10,21
Coe Kohawks,Jackson Newell,defense,15,15,57
Coe Kohawks,Jackson Newell,defense,15,20,24
Coe Kohawks,Jackson Newell,defense,20,30,3
Coe Kohawks,Jackson Newell,defense,40,25,1
Coe Kohawks,C. Reece Breitenbach,defense,45,20,1
Coe Kohawks,C. Reece Breitenbach,defense,45,15,1
Coe Kohawks,TEAM,defense,45,15,16
Coe Kohawks,C. Reece Breitenbach,defense,35,30,17
Coe Kohawks,Jackson Bowman,defense,5,5,6
Coe Kohawks,Ryan Dolphin,defense,20,20,40
Coe Kohawks,Ryan Dolphin,defense,30,25,16
Coe Kohawks,Ryan Dolphin,offense,40,10,4
Coe Kohawks,Ryan Dolphin,offense,35,15,4
Coe Kohawks,Jackson Newell,offense,5,25,5
Coe Kohawks,Jackson Newell,offense,0,25,3
Coe Kohawks,Jackson Newell,offense,10,25,21
Coe Kohawks,Jackson Newell,offense,10,30,9
Coe Kohawks,Jackson Newell,offense,15,5,6
Coe Kohawks,Cooper Nailor,offense,5,0,4
Coe Kohawks,Jackson Newell,offense,15,10,13
Coe Kohawks,Jackson Bowman,defense,25,35,13
Coe Kohawks,Jackson Bowman,defense,20,5,67
Coe Kohawks,C. Reece Breitenbach,defense,40,15,8
Coe Kohawks,C. Reece Breitenbach,defense,40,10,3
Coe Kohawks,Jackson Newell,defense,20,5,22
Coe Kohawks,Jackson Newell,defense,20,10,29
Coe Kohawks,Jackson Newell,defense,25,10,28
Coe Kohawks,Jackson Newell,defense,15,5,31
Coe Kohawks,Jackson Newell,defense,15,0,18
Coe Kohawks,Jackson Newell,defense,10,5,31
Coe Kohawks,Jackson Newell,defense,10,10,12
Coe Kohawks,Jackson Newell,defense,10,15,14
Coe Kohawks,Jackson Newell,defense,25,15,35
Coe Kohawks,Jackson Newell,defense,30,10,34
Coe Kohawks,Jackson Newell,defense,35,0,1
Coe Kohawks,Ryan Dolphin,defense,5,15,7
Coe Kohawks,Ryan Dolphin,defense,5,5,7
Coe Kohawks,Cooper Nailor,defense,30,0,7
Coe Kohawks,Cooper Nailor,defense,20,0,13
Coe Kohawks,Cooper Nailor,defense,15,0,4
Coe Kohawks,Jackson Newell,offense,5,35,5
Coe Kohawks,Jackson Newell,offense,0,30,1
Coe Kohawks,Ryan Dolphin,offense,0,45,1
Coe Kohawks,Ryan Dolphin,offense,5,40,3
Coe Kohawks,Ryan Dolphin,offense,5,35,1
Coe Kohawks,Ryan Dolphin,offense,10,35,7
Coe Kohawks,Ryan Dolphin,offense,15,35,18
Coe Kohawks,Ryan Dolphin,offense,20,35,23
Coe Kohawks,C. Reece Breitenbach,offense,15,40,4
Coe Kohawks,C. Reece Breitenbach,offense,15,35,5
Coe Kohawks,C. Reece Breitenbach,offense,10,30,6
Coe Kohawks,Cooper Nailor,offense,35,40,8
Coe Kohawks,Cooper Nailor,offense,25,45,5
Coe Kohawks,Cooper Nailor,offense,25,40,49
Coe Kohawks,Cooper Nailor,offense,40,0,5
Coe Kohawks,Cooper Nailor,offense,45,0,5
UW-Whitewater,Kelton McEwen,defense,0,30,8
UW-Whitewater,Tyshawn Teague-Johnson,defense,10,5,2
Coe Kohawks,Jackson Newell,offense,45,10,6
Coe Kohawks,Jackson Newell,offense,45,15,2
Coe Kohawks,Jackson Newell,offense,20,25,6
Coe Kohawks,Jackson Newell,offense,20,10,8
Coe Kohawks,Jackson Newell,offense,20,5,6
Coe Kohawks,Jackson Newell,offense,15,0,3
Coe Kohawks,Jackson Bowman,offense,30,40,7
Coe Kohawks,Cooper Nailor,offense,35,0,4
Coe Kohawks,Cooper Nailor,offense,35,5,90
Coe Kohawks,Cooper Nailor,offense,20,40,14
Coe Kohawks,Ryan Dolphin,defense,25,45,1
Coe Kohawks,Jackson Newell,defense,35,35,2
Coe Kohawks,Jackson Newell,defense,30,35,2
Coe Kohawks,Jackson Newell,defense,30,20,3
Coe Kohawks,Jackson Newell,defense,35,15,10
Coe Kohawks,Jackson Newell,defense,35,10,36
Coe Kohawks,Jackson Newell,defense,40,10,7
UW-Whitewater,Kelton McEwen,offense,35,0,3
Coe Kohawks,Jackson Newell,offense,0,45,3
Coe Kohawks,Jackson Newell,offense,15,40,4
Coe Kohawks,Jackson Newell,offense,15,35,2
Coe Kohawks,Jackson Newell,offense,15,30,8
Coe Kohawks,Jackson Newell,offense,20,30,8
Coe Kohawks,Ryan Dolphin,offense,25,40,10
Coe Kohawks,C. Reece Breitenbach,offense,0,15,4
Coe Kohawks,Ryan Dolphin,offense,40,20,9
Coe Kohawks,Ryan Dolphin,offense,35,20,7
Coe Kohawks,Jackson Newell,offense,30,10,16
Coe Kohawks,Jackson Newell,offense,30,5,25
Coe Kohawks,Jackson Newell,offense,10,0,6
Coe Kohawks,Jackson Newell,offense,30,15,13
Coe Kohawks,Jackson Newell,offense,25,10,17
Coe Kohawks,Jackson Newell,offense,25,15,12
Coe Kohawks,Ryan Dolphin,offense,5,5,84
Coe Kohawks,Ryan Dolphin,offense,15,45,2
Coe Kohawks,Jackson Newell,defense,5,5,4
Coe Kohawks,Ryan Dolphin,defense,45,10,3
Coe Kohawks,Ryan Dolphin,defense,40,10,9
Coe Kohawks,Ryan Dolphin,defense,35,5,18
Coe Kohawks,Ryan Dolphin,defense,45,5,3
Coe Kohawks,Jackson Bowman,defense,40,10,7
Coe Kohawks,Jackson Bowman,offense,0,35,1
Coe Kohawks,C. Reece Breitenbach,offense,5,40,2
Coe Kohawks,Ryan Dolphin,offense,0,20,1
Coe Kohawks,Ryan Dolphin,offense,0,15,6
Coe Kohawks,Ryan Dolphin,offense,0,0,3
Coe Kohawks,Ryan Dolphin,offense,5,0,17
Coe Kohawks,Ryan Dolphin,offense,10,0,11
Coe Kohawks,Ryan Dolphin,offense,15,0,8
Coe Kohawks,Jackson Newell,offense,40,15,6
Coe Kohawks,Jackson Newell,offense,40,10,11
Coe Kohawks,Jackson Newell,offense,35,15,3
Coe Kohawks,Jackson Newell,offense,35,20,25
Coe Kohawks,Jackson Newell,offense,30,20,13
Coe Kohawks,Jackson Newell,offense,15,20,8
Coe Kohawks,Jackson Newell,offense,15,25,6
Coe Kohawks,Cooper Nailor,offense,5,25,4
Coe Kohawks,Cooper Nailor,offense,0,20,5
Coe Kohawks,Jackson Bowman,offense,5,0,9
Coe Kohawks,Ryan Dolphin,offense,45,25,6
Coe Kohawks,Ryan Dolphin,offense,0,5,14
Coe Kohawks,Ryan Dolphin,offense,15,40,1
Coe Kohawks,Ryan Dolphin,offense,10,40,7
Coe Kohawks,Jackson Newell,offense,30,25,3
Coe Kohawks,Jackson Bowman,defense,30,0,11
Coe Kohawks,Jay Akin,defense,35,5,34
Coe Kohawks,Jay Akin,defense,25,10,6
Coe Kohawks,Jay Akin,defense,30,0,11
Coe Kohawks,Jay Akin,defense,40,15,5
Coe Kohawks,Jay Akin,defense,25,20,7
Coe Kohawks,Jay Akin,defense,20,15,11
Coe Kohawks,Jay Akin,defense,20,10,9
Coe Kohawks,Jay Akin,defense,20,5,16
Coe Kohawks,Jay Akin,defense,25,0,10
Coe Kohawks,Jay Akin,defense,25,5,30
Coe Kohawks,Jay Akin,defense,40,0,3
Coe Kohawks,Jay Akin,defense,40,5,6
Coe Kohawks,Jay Akin,defense,30,10,44
Coe Kohawks,Jay Akin,defense,30,15,62
Coe Kohawks,Ryan Dolphin,defense,40,15,5
Coe Kohawks,Ryan Dolphin,defense,45,20,4
Coe Kohawks,Tyshawn Teague-Johnson,defense,30,15,1
Coe Kohawks,Tyshawn Teague-Johnson,defense,25,0,1
Coe Kohawks,Cooper Nailor,defense,40,30,2
Coe Kohawks,Jackson Newell,defense,25,0,19
Coe Kohawks,Jackson Newell,defense,25,25,7
Coe Kohawks,Jackson Newell,defense,25,30,10
Coe Kohawks,Jackson Bowman,defense,35,0,3
Coe Kohawks,Jackson Bowman,defense,40,0,12
Coe Kohawks,Jackson Newell,offense,35,30,5
Coe Kohawks,Jackson Newell,offense,40,40,2
Coe Kohawks,Ryan Dolphin,offense,20,40,5
Coe Kohawks,Jay Akin,offense,25,30,28
Coe Kohawks,Jay Akin,offense,20,30,10
Coe Kohawks,Jackson Newell,defense,20,20,7
Coe Kohawks,Jackson Newell,defense,30,5,13
Coe Kohawks,Jay Akin,defense,20,20,9
Coe Kohawks,Jay Akin,defense,20,25,4
Coe Kohawks,Jay Akin,defense,15,20,3
Coe Kohawks,Jay Akin,defense,10,15,4
Coe Kohawks,Jay Akin,defense,10,5,17
Coe Kohawks,Jay Akin,defense,10,10,13
Coe Kohawks,Jay Akin,defense,5,30,1
Coe Kohawks,Ryan Dolphin,defense,30,30,11
Coe Kohawks,Jay Akin,offense,25,35,6
Coe Kohawks,Jay Akin,offense,20,35,4
Coe Kohawks,Jay Akin,offense,15,35,1
Coe Kohawks,Jay Akin,offense,30,30,39
Coe Kohawks,Jay Akin,offense,30,25,2
Coe Kohawks,Jay Akin,offense,20,25,15
Coe Kohawks,Jay Akin,offense,15,25,11
UW-Whitewater,Tyshawn Teague-Johnson,defense,0,5,22
Coe Kohawks,Jackson Newell,offense,40,35,4
Coe Kohawks,Ryan Dolphin,offense,40,35,6
Coe Kohawks,Ryan Dolphin,offense,35,30,11
Coe Kohawks,Ryan Dolphin,offense,40,30,5
Coe Kohawks,Jay Akin,defense,35,40,5
Coe Kohawks,Jay Akin,defense,35,30,2
Coe Kohawks,Jay Akin,defense,35,25,3
Coe Kohawks,Jay Akin,defense,30,35,1
Coe Kohawks,Jay Akin,defense,30,30,2
Coe Kohawks,Jay Akin,defense,20,0,3
Coe Kohawks,Jackson Newell,defense,35,25,1
Coe Kohawks,Jackson Newell,defense,35,20,3
Coe Kohawks,Jackson Newell,defense,40,15,3
Coe Kohawks,Jackson Newell,defense,45,10,1
Coe Kohawks,Ryan Dolphin,defense,10,35,1
Coe Kohawks,Ryan Dolphin,defense,10,40,2
Coe Kohawks,Ryan Dolphin,defense,15,35,3
Coe Kohawks,Ryan Dolphin,defense,15,30,6
Coe Kohawks,Ryan Dolphin,defense,45,30,9
Coe Kohawks,Ryan Dolphin,defense,40,30,7
Coe Kohawks,Jay Akin,defense,35,0,9
Coe Kohawks,Jay Akin,defense,30,5,58
Coe Kohawks,Jay Akin,defense,35,10,42
Coe Kohawks,Jay Akin,defense,35,15,13
Coe Kohawks,Jay Akin,defense,30,20,11
Coe Kohawks,Cooper Nailor,defense,35,0,4
Coe Kohawks,Jackson Newell,defense,45,30,2
Coe Kohawks,Jackson Newell,defense,40,30,2
Coe Kohawks,Jackson Newell,defense,20,25,5
Coe Kohawks,Jay Akin,offense,45,15,2
Coe Kohawks,Jay Akin,offense,30,20,5
Coe Kohawks,Jay Akin,offense,25,15,15
Coe Kohawks,Jay Akin,offense,30,15,3
Coe Kohawks,Jay Akin,offense,20,20,12
Coe Kohawks,Jay Akin,offense,25,20,38
Coe Kohawks,Jay Akin,offense,20,15,6
Coe Kohawks,Jay Akin,offense,30,5,6
Coe Kohawks,Jay Akin,offense,30,10,2
Coe Kohawks,Jay Akin,offense,25,25,29
Coe Kohawks,Cooper Nailor,defense,40,5,3
Coe Kohawks,Jay Akin,defense,30,25,3
Coe Kohawks,Jay Akin,defense,15,10,9
Coe Kohawks,Jay Akin,defense,15,5,17
Coe Kohawks,Jay Akin,defense,15,15,2
Coe Kohawks,Kanyon Bryte,defense,40,35,4
Coe Kohawks,Ryan Dolphin,offense,35,35,7
Coe Kohawks,Ryan Dolphin,offense,30,35,5
Coe Kohawks,Ryan Dolphin,offense,25,35,10
Coe Kohawks,Ryan Dolphin,offense,25,45,6
Coe Kohawks,Jay Akin,offense,35,20,2
Coe Kohawks,Jay Akin,offense,40,30,1
Coe Kohawks,Jay Akin,offense,35,40,2
Coe Kohawks,Jay Akin,offense,30,40,9
Coe Kohawks,Jay Akin,offense,30,35,8
Coe Kohawks,Jay Akin,offense,35,30,4
Coe Kohawks,Jay Akin,offense,35,35,1
Coe Kohawks,Cooper Nailor,offense,15,35,11
Coe Kohawks,Cooper Nailor,offense,15,40,11
Coe Kohawks,Jackson Bowman,offense,25,40,20
Coe Kohawks,Ryan Dolphin,offense,35,45,1
Coe Kohawks,Kanyon Bryte,offense,15,45,2
Coe Kohawks,Kanyon Bryte,offense,15,40,8
Coe Kohawks,Jackson Bowman,offense,30,45,1
Coe Kohawks,Kanyon Bryte,offense,5,40,1
Coe Kohawks,Kanyon Bryte,offense,5,5,8
Coe Kohawks,Cooper Nailor,offense,45,5,15
Coe Kohawks,Cooper Nailor,offense,40,10,12
Coe Kohawks,Jay Akin,offense,15,30,6
Coe Kohawks,Jay Akin,offense,10,25,4
Coe Kohawks,Ryan Dolphin,offense,45,10,5
Coe Kohawks,Ryan Dolphin,offense,40,15,5
Coe Kohawks,Jay Akin,offense,25,5,6
Coe Kohawks,Jay Akin,offense,30,0,2
Coe Kohawks,Jay Akin,offense,35,10,2
Coe Kohawks,Jackson Bowman,defense,25,40,6
Coe Kohawks,Cooper Nailor,defense,15,40,10
Coe Kohawks,Ryan Dolphin,defense,20,40,3
Coe Kohawks,Ryan Dolphin,defense,25,40,3
Coe Kohawks,Jackson Bowman,defense,0,15,2
Coe Kohawks,Jay Akin,defense,30,40,2
Coe Kohawks,Jay Akin,defense,25,40,1
Coe Kohawks,Jay Akin,defense,25,30,2
Coe Kohawks,Jay Akin,defense,25,25,4
Coe Kohawks,Jay Akin,defense,40,10,1
Coe Kohawks,Jay Akin,offense,25,10,23
Coe Kohawks,Jay Akin,offense,20,10,16
Coe Kohawks,Jay Akin,offense,15,10,6
Coe Kohawks,Jay Akin,offense,15,15,11
Coe Kohawks,Jay Akin,offense,15,20,4
Coe Kohawks,Jay Akin,offense,10,20,3
Coe Kohawks,Jay Akin,offense,10,15,5
Coe Kohawks,Jay Akin,offense,20,5,5
Coe Kohawks,Kanyon Bryte,offense,30,0,3
Coe Kohawks,Jackson Bowman,defense,10,40,3
Coe Kohawks,Jay Akin,defense,40,35,1
Coe Kohawks,Jay Akin,defense,25,15,10
Coe Kohawks,Jay Akin,defense,35,20,4
Coe Kohawks,Jay Akin,defense,45,15,3
Coe Kohawks,Kanyon Bryte,defense,5,5,14
Coe Kohawks,Deuce Walters,defense,25,0,14
Coe Kohawks,Jackson Bowman,offense,0,0,7
Coe Kohawks,Jackson Bowman,offense,10,0,6
Coe Kohawks,Jackson Bowman,offense,25,0,3
Coe Kohawks,Kanyon Bryte,offense,0,0,5
Coe Kohawks,Jay Akin,offense,20,0,3
Coe Kohawks,Jay Akin,offense,25,0,2
Coe Kohawks,Deuce Walters,offense,20,0,6
Coe Kohawks,Cooper Nailor,defense,35,40,5
Coe Kohawks,Cooper Nailor,defense,40,40,4
Coe Kohawks,TEAM,defense,40,40,15
Coe Kohawks,Jackson Bowman,defense,40,15,6
Coe Kohawks,Jackson Bowman,defense,45,15,4
Coe Kohawks,Jay Akin,defense,5,5,3
Coe Kohawks,Jay Akin,defense,0,5,3
Coe Kohawks,Jay Akin,defense,0,10,1
Coe Kohawks,Jay Akin,defense,5,10,12
Coe Kohawks,Jay Akin,defense,5,15,6
Coe Kohawks,Kanyon Bryte,defense,15,30,13
UW-Whitewater,Darius Chestnut,defense,0,15,23
Coe Kohawks,Jay Akin,offense,10,30,2
Coe Kohawks,Jay Akin,offense,0,25,1
Coe Kohawks,Jay Akin,offense,5,25,1
Coe Kohawks,Jay Akin,offense,5,20,3
Coe Kohawks,Jay Akin,offense,25,40,4
Coe Kohawks,Jay Akin,defense,20,40,1
Coe Kohawks,Jay Akin,defense,25,35,1
Coe Kohawks,Jay Akin,defense,10,20,1
Coe Kohawks,Deuce Walters,defense,35,40,7
Coe Kohawks,Deuce Walters,defense,5,30,6
Coe Kohawks,Jay Akin,defense,20,30,1
Coe Kohawks,Deuce Walters,offense,35,45,4
UW-Whitewater,Darius Chestnut,defense,5,25,66
Coe Kohawks,Jackson Bowman,offense,40,25,7
Coe Kohawks,Jackson Bowman,offense,35,10,1
Coe Kohawks,Jackson Bowman,offense,0,20,2
Coe Kohawks,Cooper Nailor,defense,5,15,7
Coe Kohawks,Kanyon Bryte,defense,40,0,4
Coe Kohawks,Cooper Nailor,defense,10,0,5
Coe Kohawks,Deuce Walters,defense,35,0,4
Coe Kohawks,Deuce Walters,defense,25,5,78
Coe Kohawks,Cooper Nailor,defense,35,30,11
Coe Kohawks,Deuce Walters,offense,0,5,8
Coe Kohawks,Deuce Walters,offense,5,10,19
Coe Kohawks,Deuce Walters,offense,5,15,18
UW-Whitewater,Collin Madson,defense,5,45,2
UW-Whitewater,Collin Madson,defense,5,40,3
Coe Kohawks,Jay Akin,offense,5,15,2
Coe Kohawks,Jay Akin,offense,0,15,1
Coe Kohawks,Jay Akin,offense,0,10,1
Coe Kohawks,Jay Akin,offense,5,10,5
Coe Kohawks,Jay Akin,offense,0,5,2
Coe Kohawks,Jay Akin,offense,5,5,1
Coe Kohawks,Kanyon Bryte,offense,0,20,3
UW-Whitewater,Jake Quast,defense,0,10,2
Coe Kohawks,Kanyon Bryte,defense,30,35,8
Coe Kohawks,Jay Akin,defense,45,10,3
Coe Kohawks,Deuce Walters,defense,35,35,7
Coe Kohawks,Deuce Walters,defense,10,0,3
Coe Kohawks,Deuce Walters,offense,25,45,8
Coe Kohawks,Austin Beeson,offense,25,40,11
Coe Kohawks,Austin Beeson,offense,25,35,27
Coe Kohawks,Austin Beeson,offense,30,30,5
Coe Kohawks,Austin Beeson,offense,30,20,2
Coe Kohawks,Austin Beeson,offense,30,15,2
Coe Kohawks,Austin Beeson,offense,30,10,7
Coe Kohawks,Austin Beeson,offense,30,5,5
Coe Kohawks,Austin Beeson,offense,25,5,4
Coe Kohawks,Cooper Nailor,defense,35,20,43
Coe Kohawks,Austin Beeson,defense,15,5,30
Coe Kohawks,Austin Beeson,defense,20,5,6
Coe Kohawks,Austin Beeson,defense,15,0,17
Coe Kohawks,Austin Beeson,defense,25,10,14
Coe Kohawks,Austin Beeson,defense,20,15,29
Coe Kohawks,Austin Beeson,defense,30,5,13
Coe Kohawks,Austin Beeson,defense,30,10,15
Coe Kohawks,Austin Beeson,defense,25,5,2
Coe Kohawks,Austin Beeson,defense,20,10,25
Coe Kohawks,Austin Beeson,defense,25,15,12
Coe Kohawks,Austin Beeson,offense,10,15,1
Coe Kohawks,Austin Beeson,offense,25,30,18
Coe Kohawks,Austin Beeson,offense,20,25,9
Coe Kohawks,Austin Beeson,offense,25,25,25
Coe Kohawks,Austin Beeson,offense,15,25,4
Coe Kohawks,Austin Beeson,offense,10,20,2
Coe Kohawks,Austin Beeson,offense,5,15,2
Coe Kohawks,Cooper Nailor,offense,10,40,5
Coe Kohawks,Kanyon Bryte,offense,10,35,3
Coe Kohawks,Deuce Walters,offense,15,0,7
Coe Kohawks,Deuce Walters,offense,0,0,1
Coe Kohawks,Deuce Walters,offense,0,10,33
Coe Kohawks,Austin Beeson,offense,20,5,5
Coe Kohawks,Cooper Nailor,defense,15,30,9
Coe Kohawks,Jake Quast,defense,40,40,1
Coe Kohawks,Jake Quast,defense,35,35,1
Coe Kohawks,Jake Quast,defense,35,30,2
Coe Kohawks,Jake Quast,defense,20,25,6
Coe Kohawks,Jake Quast,defense,10,15,2
Coe Kohawks,Jake Quast,defense,10,20,5
Coe Kohawks,Deuce Walters,defense,35,45,1
UW-Whitewater,Deuce Walters,offense,45,40,1
UW-Whitewater,Deuce Walters,offense,35,20,3
UW-Whitewater,Deuce Walters,offense,35,15,2
UW-Whitewater,Deuce Walters,offense,30,15,1
UW-Whitewater,Deuce Walters,offense,30,25,1
UW-Whitewater,Deuce Walters,offense,30,30,1
UW-Whitewater,Deuce Walters,offense,35,35,2
UW-Whitewater,Deuce Walters,offense,25,40,4
Coe Kohawks,Austin Beeson,defense,15,35,1
Coe Kohawks,Austin Beeson,defense,15,30,4
Coe Kohawks,Austin Beeson,defense,15,25,3
Coe Kohawks,Austin Beeson,defense,10,25,2
Coe Kohawks,Austin Beeson,defense,10,30,1
Coe Kohawks,Austin Beeson,defense,10,15,11
Coe Kohawks,Austin Beeson,defense,30,15,8
Coe Kohawks,Austin Beeson,defense,35,25,3
Coe Kohawks,Kanyon Bryte,defense,35,35,7
Coe Kohawks,Jackson Bowman,defense,0,5,2
Coe Kohawks,Austin Beeson,defense,5,15,8
Coe Kohawks,Austin Beeson,defense,5,20,1
Coe Kohawks,Austin Beeson,defense,10,20,2
Coe Kohawks,Austin Beeson,defense,5,40,1
Coe Kohawks,Austin Beeson,defense,5,45,1
Coe Kohawks,TEAM,defense,5,45,1
Coe Kohawks,Cooper Nailor,defense,5,20,4
Coe Kohawks,Austin Beeson,defense,10,40,3
Coe Kohawks,Austin Beeson,defense,10,35,1
Coe Kohawks,Austin Beeson,defense,5,35,2
Coe Kohawks,TEAM,defense,5,35,5
Coe Kohawks,Austin Beeson,defense,5,30,4
Coe Kohawks,Cooper Nailor,defense,40,15,7
Coe Kohawks,Cooper Nailor,defense,40,20,7
Coe Kohawks,Jackson Bowman,defense,5,20,12
Coe Kohawks,Austin Beeson,defense,35,5,6
Coe Kohawks,Austin Beeson,defense,35,0,1
Coe Kohawks,Austin Beeson,defense,15,20,12
Coe Kohawks,Austin Beeson,defense,20,20,15
Coe Kohawks,Austin Beeson,defense,35,30,1
Coe Kohawks,Austin Beeson,defense,30,30,4
Coe Kohawks,Austin Beeson,defense,30,20,8
Coe Kohawks,Austin Beeson,defense,30,25,3
Coe Kohawks,Austin Beeson,defense,40,25,3
Coe Kohawks,Austin Beeson,defense,40,20,12
Coe Kohawks,Austin Beeson,defense,35,20,1
Coe Kohawks,Austin Beeson,defense,35,15,16
Coe Kohawks,Austin Beeson,defense,15,15,19
Coe Kohawks,Kanyon Bryte,defense,45,30,1
Coe Kohawks,Kanyon Bryte,defense,45,25,1
Coe Kohawks,TEAM,defense,45,25,2
Coe Kohawks,Kanyon Bryte,defense,40,25,2
Coe Kohawks,Kanyon Bryte,defense,45,15,1
Coe Kohawks,Kanyon Bryte,defense,45,10,3
Coe Kohawks,Austin Beeson,offense,15,45,1
Coe Kohawks,Austin Beeson,offense,15,40,5
Coe Kohawks,Austin Beeson,offense,15,35,1
Coe Kohawks,Austin Beeson,offense,20,35,7
Coe Kohawks,Austin Beeson,offense,20,30,7
Coe Kohawks,Austin Beeson,offense,15,30,2
Coe Kohawks,Austin Beeson,offense,30,35,12
Coe Kohawks,Cooper Nailor,offense,35,45,2
Coe Kohawks,Austin Beeson,defense,20,40,1
Coe Kohawks,Austin Beeson,defense,35,10,13
Coe Kohawks,Deuce Walters,defense,15,45,1
Coe Kohawks,Deuce Walters,defense,35,10,22
Coe Kohawks,Jackson Bowman,defense,0,10,2
Coe Kohawks,Jackson Bowman,defense,5,15,2
Coe Kohawks,Austin Beeson,defense,5,10,1
Coe Kohawks,Austin Beeson,defense,10,5,10
Coe Kohawks,Austin Beeson,defense,10,10,8
Coe Kohawks,Austin Beeson,defense,5,5,4
Coe Kohawks,Austin Beeson,defense,15,10,63
Coe Kohawks,Jackson Bowman,defense,40,35,7
Coe Kohawks,Austin Beeson,offense,20,20,9
Coe Kohawks,Austin Beeson,offense,25,20,8
Coe Kohawks,Austin Beeson,offense,25,10,4
Coe Kohawks,Austin Beeson,offense,35,10,7
Coe Kohawks,Austin Beeson,offense,40,10,2
Coe Kohawks,Austin Beeson,defense,25,20,9
Coe Kohawks,Austin Beeson,defense,25,25,10
Coe Kohawks,Austin Beeson,defense,25,30,1
Coe Kohawks,Jackson Bowman,offense,10,45,2
Coe Kohawks,TEAM,offense,10,45,8
Coe Kohawks,Jackson Bowman,offense,5,40,1
Coe Kohawks,Jackson Bowman,offense,10,35,8
Coe Kohawks,Austin Beeson,offense,30,40,9
Coe Kohawks,Austin Beeson,offense,15,15,11
Coe Kohawks,Austin Beeson,offense,10,5,2
Coe Kohawks,Austin Beeson,offense,15,5,5
Coe Kohawks,Austin Beeson,offense,15,10,45
UW-Whitewater,Darius Chestnut,defense,5,40,1
Coe Kohawks,Deuce Walters,defense,40,45,1
Coe Kohawks,TEAM,defense,40,45,2
Coe Kohawks,Deuce Walters,defense,40,40,1
Coe Kohawks,Austin Beeson,defense,40,10,7
Coe Kohawks,Austin Beeson,defense,40,5,14
Coe Kohawks,Austin Beeson,defense,20,0,2
Coe Kohawks,Austin Beeson,defense,5,0,4
Coe Kohawks,TEAM,defense,5,0,7
Coe Kohawks,Austin Beeson,defense,0,5,1
Coe Kohawks,Austin Beeson,defense,0,0,1
Coe Kohawks,TEAM,defense,0,0,2
Coe Kohawks,Kanyon Bryte,defense,5,0,2
Coe Kohawks,Jackson Bowman,defense,40,30,1
Coe Kohawks,Austin Beeson,offense,30,45,2
Coe Kohawks,Austin Beeson,offense,30,25,3
Coe Kohawks,Deuce Walters,offense,5,45,1
Coe Kohawks,Deuce Walters,offense,5,35,2
Coe Kohawks,Austin Beeson,offense,40,15,1
Coe Kohawks,Cooper Nailor,defense,15,35,7
Coe Kohawks,Kanyon Bryte,defense,0,20,1
Coe Kohawks,Cooper Nailor,defense,40,35,2
Coe Kohawks,Jackson Bowman,defense,0,35,1
Coe Kohawks,TEAM,defense,0,35,1
Coe Kohawks,Austin Beeson,defense,0,40,1
Coe Kohawks,TEAM,defense,0,40,1
Coe Kohawks,Deuce Walters,offense,0,15,13
Coe Kohawks,Deuce Walters,offense,0,25,1
Coe Kohawks,Cooper Nailor,offense,10,45,3
Coe Kohawks,Austin Beeson,offense,20,45,1
Coe Kohawks,Austin Beeson,offense,20,10,4
Coe Kohawks,Cooper Nailor,defense,10,45,1
UW-Whitewater,Richie Warren,defense,15,45,1
Coe Kohawks,C. Reece Breitenbach,offense,10,40,1
Coe Kohawks,Kanyon Bryte,defense,40,45,1
Coe Kohawks,Deuce Walters,defense,5,25,16
Coe Kohawks,Deuce Walters,offense,30,45,5
Coe Kohawks,Deuce Walters,offense,30,40,19
Coe Kohawks,C. Reece Breitenbach,defense,0,20,4
Coe Kohawks,Cooper Nailor,offense,5,30,6
Coe Kohawks,Deuce Walters,offense,45,25,6
Coe Kohawks,C. Reece Breitenbach,defense,40,35,3
Coe Kohawks,Deuce Walters,defense,5,35,3
Coe Kohawks,Jackson Bowman,defense,20,45,2
Coe Kohawks,Deuce Walters,offense,40,45,1
Coe Kohawks,Jackson Bowman,offense,40,40,9
Coe Kohawks,Deuce Walters,offense,10,0,9
Coe Kohawks,Cooper Nailor,offense,40,5,22
Coe Kohawks,Jackson Bowman,defense,40,40,6
Coe Kohawks,Kanyon Bryte,defense,35,40,2
Coe Kohawks,Cooper Nailor,offense,40,30,15
Coe Kohawks,Joey Berezowitz,defense,40,40,1
Coe Kohawks,Joey Berezowitz,defense,35,35,1
Coe Kohawks,Joey Berezowitz,defense,30,35,2
Coe Kohawks,Joey Berezowitz,defense,25,35,6
Coe Kohawks,Joey Berezowitz,defense,25,30,2
Coe Kohawks,Joey Berezowitz,defense,25,25,1
Coe Kohawks,Brock Marino,defense,25,45,1
Coe Kohawks,Brock Marino,defense,25,40,2
Coe Kohawks,Brock Marino,defense,25,35,1
Coe Kohawks,Brock Marino,defense,15,25,1
Coe Kohawks,Brock Marino,defense,20,20,1
Coe Kohawks,Brock Marino,defense,20,15,1
Coe Kohawks,Brock Marino,defense,25,10,1
Coe Kohawks,Deuce Walters,defense,5,40,1
Coe Kohawks,Deuce Walters,defense,5,20,10
Coe Kohawks,Cooper Nailor,offense,45,25,7
Coe Kohawks,C. Reece Breitenbach,offense,45,0,3
Coe Kohawks,Jackson Bowman,offense,15,40,4
Coe Kohawks,C. Reece Breitenbach,defense,10,45,2
Coe Kohawks,Cooper Nailor,defense,15,45,5
Coe Kohawks,Cooper Nailor,defense,0,10,1
Coe Kohawks,Cooper Nailor,defense,0,5,1
Coe Kohawks,C. Reece Breitenbach,defense,5,20,2
UW-Whitewater,Rashad Rogers,offense,30,35,1
Coe Kohawks,Cooper Nailor,defense,5,30,1
UW-Whitewater,Rashad Rogers,offense,0,35,1
UW-Whitewater,Kelton McEwen,defense,45,25,7
UW-Whitewater,Rashad Rogers,defense,40,35,1
UW-Whitewater,Rashad Rogers,defense,40,30,4
UW-Whitewater,Rashad Rogers,defense,35,30,1
Coe Kohawks,C. Reece Breitenbach,offense,25,45,1
Coe Kohawks,C. Reece Breitenbach,offense,15,0,1
Coe Kohawks,Cooper Nailor,offense,15,45,1
Coe Kohawks,Deuce Walters,defense,30,40,1
Coe Kohawks,Cooper Nailor,defense,45,40,1
Coe Kohawks,Jackson Bowman,defense,45,30,1
Coe Kohawks,C. Reece Breitenbach,defense,40,40,2
Coe Kohawks,C. Reece Breitenbach,defense,40,30,4
Coe Kohawks,C. Reece Breitenbach,defense,45,45,1
Coe Kohawks,TEAM,defense,45,45,1
Coe Kohawks,C. Reece Breitenbach,defense,25,45,1
Coe Kohawks,C. Reece Breitenbach,defense,40,20,10
UW-Whitewater,Kelton McEwen,offense,35,40,5
Coe Kohawks,Deuce Walters,defense,45,20,8
Coe Kohawks,Deuce Walters,defense,40,25,4
Coe Kohawks,Ryan Dolphin,defense,15,0,3
Coe Kohawks,Kanyon Bryte,defense,15,0,1
Coe Kohawks,Jackson Bowman,offense,10,40,2
UW-Whitewater,JR Lukenbill,defense,20,45,1
UW-Whitewater,Jake Quast,defense,45,30,10
UW-Whitewater,Kelton McEwen,defense,45,0,2
Coe Kohawks,Ryan Dolphin,offense,30,40,8
Coe Kohawks,Ryan Dolphin,offense,35,40,1
Coe Kohawks,Ryan Dolphin,offense,30,0,1
Coe Kohawks,Ryan Dolphin,defense,20,35,2
Coe Kohawks,Cooper Nailor,defense,0,20,1
Coe Kohawks,Jackson Bowman,offense,20,40,4
Coe Kohawks,Jackson Bowman,offense,35,45,1
Coe Kohawks,Deuce Walters,offense,35,40,13
UW-Whitewater,Kelton McEwen,defense,45,30,1
Coe Kohawks,Kanyon Bryte,offense,10,40,2
Coe Kohawks,Ryan Dolphin,defense,30,20,16
Coe Kohawks,Ryan Dolphin,defense,10,30,6
Coe Kohawks,Ryan Dolphin,defense,0,25,1
Coe Kohawks,Ryan Dolphin,defense,0,15,5
Coe Kohawks,Aleks Jajic,defense,15,10,31
Coe Kohawks,Aleks Jajic,defense,15,15,32
Coe Kohawks,Aleks Jajic,defense,20,15,21
Coe Kohawks,Aleks Jajic,defense,20,10,3
Coe Kohawks,Aleks Jajic,defense,20,5,3
Coe Kohawks,Aleks Jajic,defense,25,0,3
Coe Kohawks,Aleks Jajic,defense,30,0,6
Coe Kohawks,Aleks Jajic,defense,30,5,30
Coe Kohawks,Aleks Jajic,defense,35,5,19
Coe Kohawks,Aleks Jajic,defense,35,10,36
Coe Kohawks,Aleks Jajic,defense,40,10,4
Coe Kohawks,Aleks Jajic,defense,25,5,18
Coe Kohawks,Aleks Jajic,defense,25,10,15
Coe Kohawks,Aleks Jajic,defense,30,10,36
Coe Kohawks,Jackson Newell,defense,10,0,4
Coe Kohawks,Jackson Newell,defense,20,0,4
Coe Kohawks,Aleks Jajic,defense,10,0,1
Coe Kohawks,Aleks Jajic,defense,10,15,3
Coe Kohawks,Aleks Jajic,defense,15,20,6
Coe Kohawks,Aleks Jajic,offense,20,5,55
Coe Kohawks,Aleks Jajic,offense,25,10,15
Coe Kohawks,Aleks Jajic,offense,25,15,9
Coe Kohawks,Aleks Jajic,offense,30,15,5
Coe Kohawks,Jackson Newell,offense,20,0,3
Coe Kohawks,Jackson Newell,offense,25,0,2
Coe Kohawks,Jackson Newell,offense,25,5,3
Coe Kohawks,Aleks Jajic,defense,15,30,6
Coe Kohawks,Aleks Jajic,defense,10,30,1
Coe Kohawks,Darius Chestnut,defense,25,30,2
Coe Kohawks,Darius Chestnut,defense,20,30,3
Coe Kohawks,Darius Chestnut,defense,30,30,3
Coe Kohawks,Darius Chestnut,defense,35,30,1
Coe Kohawks,Darius Chestnut,defense,35,35,1
Coe Kohawks,Darius Chestnut,defense,40,25,1
Coe Kohawks,Darius Chestnut,defense,35,15,5
Coe Kohawks,Darius Chestnut,defense,30,15,1
Coe Kohawks,Darius Chestnut,defense,30,10,4
Coe Kohawks,Aleks Jajic,defense,15,35,3
Coe Kohawks,Aleks Jajic,defense,20,25,2
Coe Kohawks,Aleks Jajic,defense,10,10,13
Coe Kohawks,Aleks Jajic,defense,5,10,4
Coe Kohawks,Aleks Jajic,defense,35,25,17
Coe Kohawks,Aleks Jajic,defense,35,30,6
Coe Kohawks,Aleks Jajic,offense,40,40,15
Coe Kohawks,Aleks Jajic,offense,40,35,4
Coe Kohawks,Aleks Jajic,offense,40,30,1
Coe Kohawks,Aleks Jajic,offense,45,25,1
Coe Kohawks,Aleks Jajic,offense,45,20,2
Coe Kohawks,Jackson Newell,offense,25,45,1
Coe Kohawks,Jackson Newell,offense,30,40,1
Coe Kohawks,Jackson Newell,offense,30,35,3
UW-Whitewater,Tyshawn Teague-Johnson,defense,30,45,4
UW-Whitewater,Kelton McEwen,defense,35,45,5
UW-Whitewater,Kelton McEwen,defense,35,40,3
Coe Kohawks,Ryan Dolphin,offense,20,45,1
Coe Kohawks,Aleks Jajic,offense,30,10,14
Coe Kohawks,Aleks Jajic,offense,40,10,2
Coe Kohawks,Aleks Jajic,offense,35,20,6
Coe Kohawks,Aleks Jajic,offense,30,45,1
Coe Kohawks,Aleks Jajic,offense,35,40,1
Coe Kohawks,Aleks Jajic,offense,35,35,2
Coe Kohawks,Aleks Jajic,offense,30,25,12
Coe Kohawks,Aleks Jajic,offense,30,20,9
Coe Kohawks,Aleks Jajic,offense,25,20,2
Coe Kohawks,Aleks Jajic,offense,45,10,1
Coe Kohawks,Aleks Jajic,offense,10,10,8
Coe Kohawks,Aleks Jajic,offense,10,5,8
Coe Kohawks,Aleks Jajic,offense,10,20,2
Coe Kohawks,Aleks Jajic,offense,15,15,7
Coe Kohawks,Jackson Newell,offense,0,0,2
Coe Kohawks,Jackson Newell,offense,0,5,14
Coe Kohawks,Jackson Newell,offense,0,10,4
Coe Kohawks,Jackson Newell,offense,5,15,4
UW-Whitewater,Darius Chestnut,defense,45,0,1
UW-Whitewater,Kelton McEwen,offense,35,45,3
Coe Kohawks,Jackson Newell,defense,25,35,4
Coe Kohawks,Jackson Newell,defense,30,25,1
Coe Kohawks,Jackson Newell,defense,25,5,29
UW-Whitewater,JR Lukenbill,offense,0,35,2
Coe Kohawks,Aleks Jajic,defense,20,20,6
Coe Kohawks,Aleks Jajic,defense,15,5,8
Coe Kohawks,Aleks Jajic,defense,10,5,4
Coe Kohawks,Aleks Jajic,offense,30,35,3
Coe Kohawks,Aleks Jajic,offense,30,30,5
Coe Kohawks,Aleks Jajic,offense,35,5,2
Coe Kohawks,Aleks Jajic,offense,5,0,8
Coe Kohawks,Aleks Jajic,offense,0,5,4
Coe Kohawks,Aleks Jajic,offense,5,5,16
Coe Kohawks,Aleks Jajic,offense,5,10,3
Coe Kohawks,Aleks Jajic,offense,15,10,5
Coe Kohawks,Aleks Jajic,offense,20,10,11
Coe Kohawks,Aleks Jajic,offense,20,15,11
Coe Kohawks,Aleks Jajic,offense,20,20,7
Coe Kohawks,Aleks Jajic,offense,20,25,1
Coe Kohawks,Aleks Jajic,offense,25,25,18
Coe Kohawks,Aleks Jajic,offense,25,30,12
Coe Kohawks,Jackson Newell,offense,10,5,10
Coe Kohawks,Jackson Newell,offense,5,5,5
Coe Kohawks,Ryan Dolphin,offense,35,0,2
Coe Kohawks,Jackson Newell,offense,35,5,22
Coe Kohawks,Jackson Newell,offense,40,5,2
Coe Kohawks,Jackson Newell,offense,35,0,7
Coe Kohawks,Jackson Newell,offense,40,0,1
UW-Whitewater,Tyshawn Teague-Johnson,defense,10,0,5
Coe Kohawks,Aleks Jajic,offense,25,0,4
Coe Kohawks,Aleks Jajic,offense,25,5,2
Coe Kohawks,Jackson Newell,offense,5,0,3
Coe Kohawks,Aleks Jajic,offense,10,15,1
Coe Kohawks,Aleks Jajic,offense,5,20,1
Coe Kohawks,Jackson Newell,defense,30,40,1
Coe Kohawks,Jackson Newell,defense,35,30,1
Coe Kohawks,Jackson Newell,defense,35,5,10
Coe Kohawks,Ryan Dolphin,defense,20,0,2
Coe Kohawks,Aleks Jajic,defense,25,35,2
Coe Kohawks,Aleks Jajic,defense,10,25,2
Coe Kohawks,Ryan Dolphin,offense,10,45,2
Coe Kohawks,Aleks Jajic,offense,20,40,2
Coe Kohawks,Jackson Newell,offense,45,40,1
Coe Kohawks,Jackson Newell,offense,5,10,3
Coe Kohawks,Jackson Newell,offense,10,10,1
Coe Kohawks,Jackson Newell,offense,10,15,2
Coe Kohawks,Jackson Newell,offense,25,30,3
Coe Kohawks,Aleks Jajic,offense,40,0,1
Coe Kohawks,Aleks Jajic,offense,40,5,3
Coe Kohawks,Aleks Jajic,offense,45,5,2
Coe Kohawks,Ryan Dolphin,offense,10,30,2
Coe Kohawks,Jackson Newell,defense,25,40,2
Coe Kohawks,Jackson Newell,defense,40,5,13
Coe Kohawks,Aleks Jajic,defense,15,45,1
Coe Kohawks,Aleks Jajic,defense,15,40,1
Coe Kohawks,Aleks Jajic,defense,25,30,1
Coe Kohawks,Aleks Jajic,defense,25,25,1
Coe Kohawks,Aleks Jajic,defense,25,20,2
Coe Kohawks,Aleks Jajic,defense,30,20,16
Coe Kohawks,Aleks Jajic,defense,35,15,11
Coe Kohawks,Aleks Jajic,defense,40,15,4
Coe Kohawks,Aleks Jajic,defense,30,15,8
Coe Kohawks,Ryan Dolphin,defense,15,45,1
Coe Kohawks,Ryan Dolphin,defense,15,40,2
UW-Whitewater,Darius Chestnut,offense,0,40,39
Coe Kohawks,Ryan Dolphin,defense,0,10,1
Coe Kohawks,Ryan Dolphin,defense,5,10,1
Coe Kohawks,Jackson Newell,offense,20,20,2
Coe Kohawks,Jackson Newell,offense,10,40,3
Coe Kohawks,Deuce Walters,offense,5,0,1
Coe Kohawks,Aleks Jajic,offense,20,35,13
Coe Kohawks,Aleks Jajic,offense,25,35,2
Coe Kohawks,Aleks Jajic,offense,25,40,3
UW-Whitewater,Darius Chestnut,defense,0,45,2
Coe Kohawks,Aleks Jajic,offense,35,30,1
Coe Kohawks,Aleks Jajic,offense,35,25,2
Coe Kohawks,Jackson Newell,offense,20,35,2
Coe Kohawks,Jackson Newell,offense,20,40,1
Coe Kohawks,Aleks Jajic,offense,25,45,1
Coe Kohawks,Deuce Walters,offense,20,45,1
Coe Kohawks,Aleks Jajic,defense,30,30,1
Coe Kohawks,Aleks Jajic,defense,30,25,3
Coe Kohawks,Aleks Jajic,defense,35,0,1
Coe Kohawks,Jackson Newell,defense,10,20,7
Coe Kohawks,Jackson Newell,defense,5,15,3
Coe Kohawks,Jackson Newell,defense,5,20,2
Coe Kohawks,Aleks Jajic,offense,45,45,1
Coe Kohawks,Aleks Jajic,offense,40,45,2
UW-Whitewater,JR Lukenbill,defense,40,40,1
Coe Kohawks,Jackson Newell,offense,15,45,1
Coe Kohawks,Jackson Newell,offense,0,35,1
Coe Kohawks,Ryan Dolphin,offense,30,45,1
Coe Kohawks,Ryan Dolphin,offense,40,45,1
Coe Kohawks,Ryan Dolphin,offense,40,40,3
Coe Kohawks,Deuce Walters,offense,45,35,5
Coe Kohawks,Ryan Dolphin,offense,45,35,1
Coe Kohawks,Ryan Dolphin,offense,45,40,6
Coe Kohawks,Ryan Dolphin,offense,45,45,1
Coe Kohawks,Jackson Newell,offense,10,35,4
Coe Kohawks,Deuce Walters,offense,15,40,3
Coe Kohawks,Ryan Dolphin,defense,30,35,5
Coe Kohawks,Kanyon Bryte,defense,0,30,2
Coe Kohawks,TEAM,defense,0,30,2
Coe Kohawks,Aleks Jajic,defense,45,10,1
Coe Kohawks,Aleks Jajic,defense,20,0,7
UW-Whitewater,Jake Quast,defense,0,0,1
Coe Kohawks,Ryan Dolphin,defense,30,0,2
Coe Kohawks,Kanyon Bryte,defense,40,5,6
Coe Kohawks,Kanyon Bryte,defense,45,5,1
Coe Kohawks,Ryan Dolphin,defense,40,5,1
Coe Kohawks,Ryan Dolphin,defense,45,15,1
Coe Kohawks,Ryan Dolphin,defense,35,0,1
Coe Kohawks,Ryan Dolphin,defense,40,0,2
UW-Whitewater,Kelton McEwen,offense,40,0,1
UW-Whitewater,Jake Quast,defense,45,0,1
Coe Kohawks,Ryan Dolphin,offense,45,5,3
Coe Kohawks,Ryan Dolphin,offense,45,0,1
UW-Whitewater,Kelton McEwen,offense,10,40,4
Coe Kohawks,Jackson Bowman,offense,25,45,3
Coe Kohawks,Darius Chestnut,offense,35,15,1
Coe Kohawks,Darius Chestnut,offense,35,20,2
Coe Kohawks,Darius Chestnut,offense,30,20,1
Coe Kohawks,Darius Chestnut,offense,30,25,1
Coe Kohawks,Darius Chestnut,offense,35,30,1
Coe Kohawks,Darius Chestnut,offense,30,35,1
Coe Kohawks,Darius Chestnut,offense,15,40,1
Coe Kohawks,Tyshawn Teague-Johnson,offense,30,0,3
Coe Kohawks,Tyshawn Teague-Johnson,offense,30,20,1
Coe Kohawks,Tyshawn Teague-Johnson,offense,30,35,1
UW-Whitewater,Darius Chestnut,defense,0,35,1
Coe Kohawks,Darius Chestnut,offense,15,25,3
Coe Kohawks,Darius Chestnut,offense,10,20,2
Coe Kohawks,Darius Chestnut,offense,10,15,3
Coe Kohawks,Darius Chestnut,offense,5,15,2
Coe Kohawks,Darius Chestnut,offense,0,10,3
Coe Kohawks,Darius Chestnut,offense,0,5,5
Coe Kohawks,Darius Chestnut,offense,0,0,4
Coe Kohawks,Darius Chestnut,offense,5,10,1
Coe Kohawks,Darius Chestnut,offense,10,25,1
Coe Kohawks,Darius Chestnut,offense,15,5,1
Coe Kohawks,Darius Chestnut,offense,25,5,1
Coe Kohawks,Jake Quast,offense,45,0,1
Coe Kohawks,Jake Quast,offense,35,10,1
Coe Kohawks,Jake Quast,offense,20,20,5
Coe Kohawks,Jake Quast,offense,20,5,1
Coe Kohawks,Deuce Walters,defense,45,25,1
UW-Whitewater,Kelton McEwen,defense,0,40,1
Coe Kohawks,C. Reece Breitenbach,offense,5,0,1
Coe Kohawks,C. Reece Breitenbach,offense,0,0,1
Coe Kohawks,Kanyon Bryte,offense,0,35,1
Coe Kohawks,Kanyon Bryte,offense,0,40,2
Coe Kohawks,Kelton McEwen,offense,45,5,1
Coe Kohawks,Kelton McEwen,offense,40,5,2
Coe Kohawks,Kelton McEwen,offense,35,5,2
Coe Kohawks,Kelton McEwen,offense,25,15,3
Coe Kohawks,Kelton McEwen,offense,15,10,1
Coe Kohawks,Kelton McEwen,offense,20,10,2
Coe Kohawks,Kelton McEwen,offense,15,5,4
UW-Whitewater,Jake Quast,defense,45,5,2
UW-Whitewater,Darius Chestnut,offense,0,35,2
Coe Kohawks,C. Reece Breitenbach,defense,10,40,1
Coe Kohawks,Ryan Dolphin,defense,5,30,1
Coe Kohawks,C. Reece Breitenbach,offense,35,40,1
Coe Kohawks,C. Reece Breitenbach,offense,40,35,2
Coe Kohawks,C. Reece Breitenbach,offense,45,30,6
Coe Kohawks,Jackson Bowman,offense,20,45,1
Coe Kohawks,Kanyon Bryte,offense,10,45,1
Coe Kohawks,Kanyon Bryte,offense,5,35,2
Coe Kohawks,Ryan Dolphin,offense,40,0,1
Coe Kohawks,Jackson Bowman,offense,45,40,1
UW-Whitewater,Mikey Wildes,defense,15,15,7
UW-Whitewater,Mikey Wildes,defense,25,0,4
UW-Whitewater,Mikey Wildes,defense,40,5,2
UW-Whitewater,Isaiah Robinson,defense,10,10,21
UW-Whitewater,Isaiah Robinson,defense,5,10,1
UW-Whitewater,Isaiah Robinson,defense,5,5,2
UW-Whitewater,Isaiah Robinson,defense,10,5,8
UW-Whitewater,Isaiah Robinson,defense,15,0,1
UW-Whitewater,Isaiah Robinson,defense,25,0,2
Coe Kohawks,Ryan Dolphin,offense,40,5,1
UW-Whitewater,Mikey Wildes,defense,20,15,7
UW-Whitewater,Mikey Wildes,defense,20,10,19
UW-Whitewater,Mikey Wildes,defense,30,10,1
UW-Whitewater,Matthew McKay,defense,40,25,2
UW-Whitewater,Matthew McKay,defense,35,20,3
UW-Whitewater,Matthew McKay,defense,35,15,2
UW-Whitewater,Matthew McKay,defense,25,0,2
UW-Whitewater,Isaiah Robinson,defense,40,25,3
UW-Whitewater,Isaiah Robinson,defense,40,30,7
UW-Whitewater,Isaiah Robinson,defense,40,35,1
Coe Kohawks,C. Reece Breitenbach,offense,45,25,1
UW-Whitewater,Matthew McKay,defense,25,35,1
UW-Whitewater,Matthew McKay,defense,20,30,12
UW-Whitewater,Mikey Wildes,defense,25,15,1
UW-Whitewater,Mikey Wildes,defense,30,15,6
UW-Whitewater,Agape Keyes Jr.,offense,40,45,1
UW-Whitewater,Agape Keyes Jr.,offense,35,10,1
Coe Kohawks,Cooper Nailor,defense,45,15,2
Coe Kohawks,Cooper Nailor,defense,40,25,1
UW-Whitewater,Mikey Wildes,offense,10,45,1
UW-Whitewater,Mikey Wildes,offense,10,40,2
UW-Whitewater,Mikey Wildes,offense,10,35,3
UW-Whitewater,Mikey Wildes,offense,10,20,1
UW-Whitewater,Mikey Wildes,offense,10,15,4
UW-Whitewater,Mikey Wildes,offense,15,15,12
UW-Whitewater,Mikey Wildes,offense,15,20,4
UW-Whitewater,Mikey Wildes,offense,0,15,65
UW-Whitewater,Mikey Wildes,offense,0,20,2
UW-Whitewater,Trent Grunewald,offense,15,0,1
UW-Whitewater,Matthew McKay,offense,20,25,1
UW-Whitewater,Matthew McKay,offense,0,20,63
UW-Whitewater,Matthew McKay,offense,0,15,92
UW-Whitewater,Matthew McKay,offense,5,20,2
UW-Whitewater,Matthew McKay,offense,20,15,7
UW-Whitewater,Matthew McKay,offense,15,10,1
UW-Whitewater,Matthew McKay,offense,15,15,3
Coe Kohawks,Jackson Bowman,defense,5,0,1
UW-Whitewater,Isaiah Robinson,offense,0,20,76
UW-Whitewater,Isaiah Robinson,offense,0,25,11
UW-Whitewater,Trent Grunewald,offense,0,15,79
UW-Whitewater,Trent Grunewald,offense,0,10,3
UW-Whitewater,Agape Keyes Jr.,offense,40,20,7
UW-Whitewater,Agape Keyes Jr.,offense,40,25,3
UW-Whitewater,Agape Keyes Jr.,offense,45,30,1
UW-Whitewater,Mikey Wildes,defense,45,20,1
UW-Whitewater,Agape Keyes Jr.,defense,15,40,1
UW-Whitewater,Agape Keyes Jr.,defense,40,10,1
UW-Whitewater,Agape Keyes Jr.,defense,35,10,6
UW-Whitewater,Isaiah Robinson,defense,45,35,1
UW-Whitewater,Isaiah Robinson,defense,45,30,1
UW-Whitewater,Isaiah Robinson,defense,45,25,1
UW-Whitewater,Isaiah Robinson,defense,20,0,1
UW-Whitewater,Trent Grunewald,defense,5,25,2
UW-Whitewater,Matthew McKay,defense,15,10,1
UW-Whitewater,Matthew McKay,defense,15,15,2
UW-Whitewater,Matthew McKay,defense,15,20,3
UW-Whitewater,Matthew McKay,defense,15,25,6
UW-Whitewater,Matthew McKay,defense,20,25,4
UW-Whitewater,Matthew McKay,defense,35,10,2
UW-Whitewater,Mikey Wildes,defense,10,35,3
UW-Whitewater,Mikey Wildes,defense,35,5,1
UW-Whitewater,Mikey Wildes,defense,20,20,5
UW-Whitewater,Matthew McKay,defense,45,0,4
UW-Whitewater,Matthew McKay,defense,45,5,2
UW-Whitewater,Mikey Wildes,defense,45,30,1
UW-Whitewater,Mikey Wildes,defense,45,5,1
UW-Whitewater,Mikey Wildes,defense,45,10,1
UW-Whitewater,Mikey Wildes,defense,35,10,2
UW-Whitewater,Isaiah Robinson,defense,0,40,1
UW-Whitewater,Isaiah Robinson,defense,5,40,1
UW-Whitewater,Isaiah Robinson,defense,5,45,3
UW-Whitewater,Mikey Wildes,defense,5,35,1
UW-Whitewater,Mikey Wildes,defense,5,20,2
UW-Whitewater,Mikey Wildes,defense,5,25,10
UW-Whitewater,Mikey Wildes,defense,10,25,6
UW-Whitewater,Trent Grunewald,defense,5,40,2
UW-Whitewater,Agape Keyes Jr.,defense,45,5,2
UW-Whitewater,Agape Keyes Jr.,defense,45,0,1
Coe Kohawks,Austin Beeson,offense,15,20,8
UW-Whitewater,Trent Grunewald,defense,15,35,6
UW-Whitewater,Trent Grunewald,defense,30,25,2
Coe Kohawks,Aleks Jajic,offense,40,20,1
UW-Whitewater,Agape Keyes Jr.,defense,5,45,1
Coe Kohawks,Jay Akin,offense,30,45,1
Coe Kohawks,Jay Akin,offense,35,25,1
Coe Kohawks,Jay Akin,offense,40,15,3
UW-Whitewater,Mikey Wildes,defense,20,35,1
UW-Whitewater,Mikey Wildes,defense,15,35,5
UW-Whitewater,Mikey Wildes,defense,20,30,1
UW-Whitewater,Mikey Wildes,defense,25,25,2
UW-Whitewater,Mikey Wildes,defense,30,20,1
UW-Whitewater,Mikey Wildes,defense,40,20,1
UW-Whitewater,Mikey Wildes,defense,40,15,1
UW-Whitewater,Mikey Wildes,defense,25,20,3
UW-Whitewater,Mikey Wildes,defense,20,25,1
UW-Whitewater,Matthew McKay,defense,10,5,8
UW-Whitewater,Matthew McKay,defense,15,5,2
Coe Kohawks,Zach Strauss,offense,30,30,4
Coe Kohawks,Zach Strauss,offense,25,25,5
Coe Kohawks,Zach Strauss,offense,25,20,1
Coe Kohawks,Zach Strauss,offense,20,20,2
Coe Kohawks,Zach Strauss,offense,10,25,1
Coe Kohawks,Zach Strauss,offense,15,25,2
Coe Kohawks,Zach Strauss,offense,30,40,1
UW-Whitewater,Isaiah Robinson,defense,30,40,1
Coe Kohawks,Aleks Jajic,offense,15,25,1
Coe Kohawks,Aleks Jajic,offense,15,20,2
Coe Kohawks,Aleks Jajic,offense,15,30,1
UW-Whitewater,Matthew McKay,defense,20,20,1
Coe Kohawks,Austin Beeson,defense,20,30,1
Coe Kohawks,Austin Beeson,defense,20,25,3
Coe Kohawks,Aleks Jajic,defense,30,45,1
Coe Kohawks,Aleks Jajic,defense,25,40,1
Coe Kohawks,Aleks Jajic,defense,30,35,1
Coe Kohawks,Aleks Jajic,defense,35,20,2
UW-Whitewater,Matthew McKay,offense,10,35,1
UW-Whitewater,Matthew McKay,offense,10,30,2
UW-Whitewater,Matthew McKay,offense,20,20,2
UW-Whitewater,Matthew McKay,offense,20,10,1
UW-Whitewater,Matthew McKay,offense,15,5,1
UW-Whitewater,Matthew McKay,offense,20,5,5
UW-Whitewater,Mikey Wildes,offense,15,40,1
UW-Whitewater,Mikey Wildes,offense,15,35,1
UW-Whitewater,Mikey Wildes,offense,25,35,1
UW-Whitewater,Mikey Wildes,offense,25,20,2
UW-Whitewater,Mikey Wildes,offense,30,20,1
UW-Whitewater,Mikey Wildes,offense,30,15,1
UW-Whitewater,Mikey Wildes,offense,25,5,1
Coe Kohawks,Zach Strauss,defense,15,35,1
Coe Kohawks,Zach Strauss,defense,25,30,3
Coe Kohawks,Zach Strauss,defense,20,25,4
Coe Kohawks,Zach Strauss,defense,25,25,6
Coe Kohawks,Zach Strauss,defense,20,30,1
Coe Kohawks,Jay Akin,defense,15,0,1
UW-Whitewater,Mikey Wildes,offense,45,15,2
UW-Whitewater,Agape Keyes Jr.,offense,15,5,2
Coe Kohawks,Aleks Jajic,offense,35,10,2
Coe Kohawks,Aleks Jajic,offense,35,15,5
UW-Whitewater,Trent Grunewald,defense,0,15,1
UW-Whitewater,Isaiah Robinson,defense,0,20,8
UW-Whitewater,Isaiah Robinson,defense,10,35,1
Coe Kohawks,Zach Strauss,offense,0,20,2
Coe Kohawks,Zach Strauss,offense,0,25,11
Coe Kohawks,Zach Strauss,offense,5,30,1
Coe Kohawks,Zach Strauss,offense,10,35,2
Coe Kohawks,Zach Strauss,offense,15,35,1
Coe Kohawks,Zach Strauss,offense,15,40,2
UW-Whitewater,Matthew McKay,defense,0,20,12
Coe Kohawks,Agape Keyes Jr.,offense,15,5,2
Coe Kohawks,Agape Keyes Jr.,offense,30,15,4
Coe Kohawks,Agape Keyes Jr.,offense,35,15,1
UW-Whitewater,Mikey Wildes,defense,15,30,1
Coe Kohawks,Austin Beeson,offense,20,15,2
UW-Whitewater,Trent Grunewald,defense,10,30,1
UW-Whitewater,Trent Grunewald,defense,10,40,3
UW-Whitewater,Trent Grunewald,defense,15,40,1
Coe Kohawks,Aleks Jajic,offense,20,45,1
UW-Whitewater,Mikey Wildes,defense,35,15,2
Coe Kohawks,Jay Akin,offense,35,0,1
Coe Kohawks,Jay Akin,offense,35,5,1
UW-Whitewater,Isaiah Robinson,defense,35,5,1
UW-Whitewater,Trent Grunewald,defense,35,15,3
UW-Whitewater,Trent Grunewald,defense,35,20,3
UW-Whitewater,Trent Grunewald,defense,35,25,3
UW-Whitewater,Trent Grunewald,defense,35,30,1
UW-Whitewater,Trent Grunewald,defense,30,30,2
Coe Kohawks,Zach Strauss,offense,40,5,2
Coe Kohawks,Zach Strauss,offense,45,10,1
Coe Kohawks,Zach Strauss,offense,40,15,3
Coe Kohawks,Zach Strauss,offense,35,15,1
Coe Kohawks,Zach Strauss,offense,30,20,2
Coe Kohawks,Zach Strauss,offense,30,10,1
Coe Kohawks,Zach Strauss,offense,30,15,3
Coe Kohawks,Zach Strauss,defense,35,40,2
Coe Kohawks,Zach Strauss,defense,40,35,4
Coe Kohawks,Zach Strauss,defense,35,30,4
Coe Kohawks,Zach Strauss,defense,30,25,5
Coe Kohawks,Zach Strauss,defense,30,20,5
Coe Kohawks,Zach Strauss,defense,25,20,20
Coe Kohawks,Zach Strauss,defense,10,10,2
Coe Kohawks,Zach Strauss,defense,10,5,6
Coe Kohawks,Jackson Newell,defense,5,40,1
UW-Whitewater,Trent Grunewald,offense,30,35,2
UW-Whitewater,Trent Grunewald,offense,45,10,3
UW-Whitewater,Matthew McKay,offense,5,45,2
UW-Whitewater,Matthew McKay,offense,5,40,2
UW-Whitewater,Matthew McKay,offense,0,25,1
UW-Whitewater,Mikey Wildes,offense,5,35,1
UW-Whitewater,Mikey Wildes,offense,10,30,1
UW-Whitewater,Mikey Wildes,offense,10,25,2
UW-Whitewater,Mikey Wildes,offense,20,25,2
UW-Whitewater,Mikey Wildes,offense,15,25,1
UW-Whitewater,Mikey Wildes,offense,15,10,5
UW-Whitewater,Mikey Wildes,offense,15,5,5
UW-Whitewater,Agape Keyes Jr.,offense,35,15,4
Coe Kohawks,Aleks Jajic,defense,15,25,5
Coe Kohawks,Aleks Jajic,defense,10,20,2
Coe Kohawks,Aleks Jajic,defense,25,15,20
UW-Whitewater,Isaiah Robinson,offense,15,30,13
UW-Whitewater,Mikey Wildes,offense,10,10,1
UW-Whitewater,Mikey Wildes,offense,20,20,9
UW-Whitewater,Mikey Wildes,offense,20,15,1
UW-Whitewater,Mikey Wildes,offense,25,15,9
UW-Whitewater,Matthew McKay,offense,0,10,3
UW-Whitewater,Matthew McKay,offense,5,15,2
UW-Whitewater,Agape Keyes Jr.,offense,20,20,1
Coe Kohawks,Zach Strauss,defense,15,15,12
Coe Kohawks,Zach Strauss,defense,15,20,6
Coe Kohawks,Zach Strauss,defense,20,20,11
Coe Kohawks,Zach Strauss,defense,20,15,1
Coe Kohawks,Zach Strauss,defense,20,10,1
UW-Whitewater,Trent Grunewald,offense,0,20,11
UW-Whitewater,Trent Grunewald,offense,0,25,2
Coe Kohawks,Jackson Newell,defense,5,10,7
Coe Kohawks,Jackson Newell,defense,0,0,1
Coe Kohawks,Jackson Newell,defense,0,10,6
UW-Whitewater,Agape Keyes Jr.,offense,0,15,26
Coe Kohawks,Zach Strauss,defense,20,0,2
Coe Kohawks,Zach Strauss,defense,25,5,4
Coe Kohawks,Zach Strauss,defense,30,10,3
Coe Kohawks,Zach Strauss,defense,25,10,23
Coe Kohawks,Zach Strauss,defense,25,15,5
Coe Kohawks,Zach Strauss,defense,30,15,4
Coe Kohawks,Zach Strauss,defense,15,25,1
Coe Kohawks,Zach Strauss,defense,0,15,7
Coe Kohawks,Austin Beeson,defense,10,0,1
UW-Whitewater,Isaiah Robinson,offense,0,15,11
UW-Whitewater,Mikey Wildes,offense,35,15,1
UW-Whitewater,Mikey Wildes,offense,30,0,1
UW-Whitewater,Mikey Wildes,offense,35,0,2
UW-Whitewater,Mikey Wildes,offense,40,5,1
Coe Kohawks,Aleks Jajic,defense,5,5,7
UW-Whitewater,Mikey Wildes,offense,45,5,1
UW-Whitewater,Mikey Wildes,offense,45,10,2
UW-Whitewater,Mikey Wildes,offense,15,0,2
UW-Whitewater,Mikey Wildes,offense,20,0,1
UW-Whitewater,Mikey Wildes,offense,25,10,1
UW-Whitewater,Mikey Wildes,offense,30,10,1
UW-Whitewater,Mikey Wildes,offense,30,5,2
UW-Whitewater,Mikey Wildes,offense,35,5,1
UW-Whitewater,Mikey Wildes,offense,40,10,1
UW-Whitewater,Mikey Wildes,offense,40,15,2
Coe Kohawks,Zach Strauss,defense,20,5,4
Coe Kohawks,Aleks Jajic,defense,15,0,1
UW-Whitewater,Trent Grunewald,offense,10,0,2
UW-Whitewater,Trent Grunewald,offense,10,5,1
UW-Whitewater,Mikey Wildes,offense,5,15,5
UW-Whitewater,Trent Grunewald,offense,20,15,3
Coe Kohawks,Zach Strauss,defense,15,10,2
UW-Whitewater,Trent Grunewald,offense,30,20,1
Coe Kohawks,Aleks Jajic,defense,40,5,3
UW-Whitewater,Mikey Wildes,offense,10,5,1
UW-Whitewater,Matthew McKay,offense,25,15,1
UW-Whitewater,Matthew McKay,offense,25,0,2
Coe Kohawks,Zach Strauss,defense,45,5,1
Coe Kohawks,Zach Strauss,defense,45,10,1
Coe Kohawks,Zach Strauss,offense,20,10,1
Coe Kohawks,Zach Strauss,offense,10,20,6
Coe Kohawks,Aleks Jajic,offense,30,5,2
Coe Kohawks,Aleks Jajic,offense,30,0,4
UW-Whitewater,Matthew McKay,defense,30,15,6
UW-Whitewater,Matthew McKay,defense,30,10,2
UW-Whitewater,Matthew McKay,defense,30,20,3
UW-Whitewater,Matthew McKay,defense,25,20,1
Coe Kohawks,Austin Beeson,offense,25,15,3
Coe Kohawks,Austin Beeson,offense,20,40,1
Coe Kohawks,Zach Strauss,offense,5,15,1
Coe Kohawks,Zach Strauss,offense,5,20,4
