opponent,game_date,event_order,period,time_remaining,team,player,event_type,raw_text,shot_type,uww_score,opp_score,uww_lineup,opp_lineup,video_description
Carroll (WI) Pioneers,2024-11-12,377,H2,04:55 (H2),Carroll (WI) Pioneers,Erik Victorson,foul,Erik Victorson Commits Personal Foul,,61.0,55.0,"Carter Capstran, Collin Madson, Isaac Verges, JT Hoytink, Jameer Barker","Eckahelo Simpson, Erik Victorson, Jacob Naber, Kobe Simpson, Lamar Smith",14 Jt Hoytink > Non Possession > Non Shooting Foul
Carroll (WI) Pioneers,2024-11-12,378,H2,04:44 (H2),UW-Whitewater,Jameer Barker,turnover,Jameer Barker Turnover (Lost Ball),,61.0,55.0,"Carter Capstran, Collin Madson, Isaac Verges, JT Hoytink, Jameer Barker","Eckahelo Simpson, Erik Victorson, Jacob Naber, Kobe Simpson, Lamar Smith",1 Jameer Barker > P&R Ball Handler > Left P&R > Side > Dribble Off Pick > To Basket > Turnover
Carroll (WI) Pioneers,2024-11-12,379,H2,04:44 (H2),Carroll (WI) Pioneers,Lamar Smith,steal,Lamar Smith Steals,,61.0,55.0,"Carter Capstran, Collin Madson, Isaac Verges, JT Hoytink, Jameer Barker","Eckahelo Simpson, Erik Victorson, Jacob Naber, Kobe Simpson, Lamar Smith",
Carroll (WI) Pioneers,2024-11-12,380,H2,04:32 (H2),Carroll (WI) Pioneers,Jacob Naber,turnover,Jacob Naber Turnover (Bad Pass),,61.0,55.0,"Carter Capstran, Collin Madson, Isaac Verges, JT Hoytink, Jameer Barker","Eckahelo Simpson, Erik Victorson, Jacob Naber, Kobe Simpson, Lamar Smith",41 Jacob Naber > Transition > Trailer > Turnover
Carroll (WI) Pioneers,2024-11-12,381,H2,04:32 (H2),UW-Whitewater,Isaac Verges,steal,Isaac Verges Steals,,61.0,55.0,"Carter Capstran, Collin Madson, Isaac Verges, JT Hoytink, Jameer Barker","Eckahelo Simpson, Erik Victorson, Jacob Naber, Kobe Simpson, Lamar Smith",
Carroll (WI) Pioneers,2024-11-12,382,H2,04:28 (H2),UW-Whitewater,Isaac Verges,made_shot,Isaac Verges Makes 2PT Layup,2,63.0,55.0,"Carter Capstran, Collin Madson, Isaac Verges, JT Hoytink, Jameer Barker","Eckahelo Simpson, Erik Victorson, Jacob Naber, Kobe Simpson, Lamar Smith",0 Isaac Verges > Transition > Ballhandler > To Basket > Make 2 Pts
Carroll (WI) Pioneers,2024-11-12,383,H2,04:19 (H2),Carroll (WI) Pioneers,Erik Victorson,missed_shot,Erik Victorson Misses 3PT Jump Shot,3,63.0,55.0,"Carter Capstran, Collin Madson, Isaac Verges, JT Hoytink, Jameer Barker","Eckahelo Simpson, Erik Victorson, Jacob Naber, Kobe Simpson, Lamar Smith",34 Erik Victorson > P&R Ball Handler > Left P&R > Baseline > Dribble Off Pick > Dribble Jumper > Long/3pt > Miss 3 Pts
Carroll (WI) Pioneers,2024-11-12,385,H2,04:14 (H2),Carroll (WI) Pioneers,Jacob Naber,made_shot,Jacob Naber Makes 2PT Layup,2,63.0,57.0,"Carter Capstran, Collin Madson, Isaac Verges, JT Hoytink, Jameer Barker","Eckahelo Simpson, Erik Victorson, Jacob Naber, Kobe Simpson, Lamar Smith",41 Jacob Naber > Offensive Rebound > Short > Scoring Attempt > At Basket > Make 2 Pts
Carroll (WI) Pioneers,2024-11-12,388,H2,03:54 (H2),UW-Whitewater,Jameer Barker,turnover,Jameer Barker Turnover (Lost Ball),,63.0,57.0,"Carter Capstran, Collin Madson, Isaac Verges, JT Hoytink, Jameer Barker","Eckahelo Simpson, Erik Victorson, Jacob Naber, Kobe Simpson, Lamar Smith",1 Jameer Barker > P&R Ball Handler > High P&R > Dribble Off Pick > Defense Commits > Turnover
Carroll (WI) Pioneers,2024-11-12,389,H2,03:54 (H2),Carroll (WI) Pioneers,Eckahelo Simpson,steal,Eckahelo Simpson Steals,,63.0,57.0,"Carter Capstran, Collin Madson, Isaac Verges, JT Hoytink, Jameer Barker","Eckahelo Simpson, Erik Victorson, Jacob Naber, Kobe Simpson, Lamar Smith",
Carroll (WI) Pioneers,2024-11-12,394,H2,03:48 (H2),Carroll (WI) Pioneers,Erik Victorson,made_shot,Erik Victorson Makes 3PT Jump Shot,3,63.0,60.0,"Carter Capstran, Collin Madson, Isaac Verges, JT Hoytink, Luke Bara","Eckahelo Simpson, Erik Victorson, Jacob Naber, Justin Steinike, Kobe Simpson",34 Erik Victorson > Hand Off > From Stationary > Top > Dribble Jumper > Long/3pt > Make 3 Pts Foul > 0 Pts
Carroll (WI) Pioneers,2024-11-12,395,H2,03:48 (H2),Carroll (WI) Pioneers,Jacob Naber,assist,Jacob Naber Assists,,63.0,60.0,"Carter Capstran, Collin Madson, Isaac Verges, JT Hoytink, Luke Bara","Eckahelo Simpson, Erik Victorson, Jacob Naber, Justin Steinike, Kobe Simpson",
Carroll (WI) Pioneers,2024-11-12,396,H2,03:46 (H2),UW-Whitewater,Isaac Verges,foul,Isaac Verges Commits Personal Foul,,63.0,60.0,"Carter Capstran, Collin Madson, Isaac Verges, JT Hoytink, Luke Bara","Eckahelo Simpson, Erik Victorson, Jacob Naber, Justin Steinike, Kobe Simpson",
Carroll (WI) Pioneers,2024-11-12,397,H2,03:46 (H2),Carroll (WI) Pioneers,Erik Victorson,free_throw_missed,Erik Victorson Misses Free Throw (1 of 1),,63.0,60.0,"Carter Capstran, Collin Madson, Isaac Verges, JT Hoytink, Luke Bara","Eckahelo Simpson, Erik Victorson, Jacob Naber, Justin Steinike, Kobe Simpson",34 Erik Victorson > Non Possession > Free Throw
Carroll (WI) Pioneers,2024-11-12,399,H2,03:46 (H2),Carroll (WI) Pioneers,Jacob Naber,missed_shot,Jacob Naber Misses 2PT Layup,2,63.0,60.0,"Carter Capstran, Collin Madson, Isaac Verges, JT Hoytink, Luke Bara","Eckahelo Simpson, Erik Victorson, Jacob Naber, Justin Steinike, Kobe Simpson",41 Jacob Naber > Offensive Rebound > Short > Scoring Attempt > Short to < 17' > Miss 2 Pts
Carroll (WI) Pioneers,2024-11-12,401,H2,03:31 (H2),UW-Whitewater,Carter Capstran,made_shot,Carter Capstran Makes 2PT Jump Shot,2,65.0,60.0,"Carter Capstran, Collin Madson, Isaac Verges, JT Hoytink, Luke Bara","Eckahelo Simpson, Erik Victorson, Jacob Naber, Justin Steinike, Kobe Simpson",23 Carter Capstran > Post-Up > Right Block > Left Shoulder > Dribble Move > To Jumper > Make 2 Pts
Carroll (WI) Pioneers,2024-11-12,402,H2,03:16 (H2),Carroll (WI) Pioneers,Kobe Simpson,made_shot,Kobe Simpson Makes 2PT Layup,2,65.0,62.0,"Carter Capstran, Collin Madson, Isaac Verges, JT Hoytink, Luke Bara","Eckahelo Simpson, Erik Victorson, Jacob Naber, Justin Steinike, Kobe Simpson",12 Kobe Simpson > P&R Ball Handler > High P&R > Go Away from Pick > To Basket > Make 2 Pts
Carroll (WI) Pioneers,2024-11-12,403,H2,03:13 (H2),Carroll (WI) Pioneers,Kobe Simpson,foul,Kobe Simpson Commits Personal Foul,,65.0,62.0,"Carter Capstran, Collin Madson, Isaac Verges, JT Hoytink, Luke Bara","Eckahelo Simpson, Erik Victorson, Jacob Naber, Justin Steinike, Kobe Simpson",14 Jt Hoytink > Non Possession > Non Shooting Foul
Carroll (WI) Pioneers,2024-11-12,408,H2,02:44 (H2),UW-Whitewater,Luke Bara,missed_shot,Luke Bara Misses 3PT Jump Shot,3,65.0,62.0,"Carter Capstran, JT Hoytink, Jake Quast, Jameer Barker, Luke Bara","Eckahelo Simpson, Erik Victorson, Jacob Naber, Justin Steinike, Kobe Simpson",32 Luke Bara > Spot-Up > No Dribble Jumper > Guarded > Long/3pt > Miss 3 Pts
Carroll (WI) Pioneers,2024-11-12,410,H2,02:34 (H2),UW-Whitewater,Luke Bara,made_shot,Luke Bara Makes 2PT Layup,2,67.0,62.0,"Carter Capstran, JT Hoytink, Jake Quast, Jameer Barker, Luke Bara","Eckahelo Simpson, Erik Victorson, Jacob Naber, Justin Steinike, Kobe Simpson",32 Luke Bara > Spot-Up > Drives Right > To Basket > Make 2 Pts
Carroll (WI) Pioneers,2024-11-12,411,H2,02:22 (H2),Carroll (WI) Pioneers,Kobe Simpson,made_shot,Kobe Simpson Makes 2PT Layup,2,67.0,64.0,"Carter Capstran, JT Hoytink, Jake Quast, Jameer Barker, Luke Bara","Eckahelo Simpson, Erik Victorson, Jacob Naber, Justin Steinike, Kobe Simpson",12 Kobe Simpson > P&R Ball Handler > Right P&R > Side > Go Away from Pick > To Basket > Make 2 Pts
Carroll (WI) Pioneers,2024-11-12,412,H2,01:55 (H2),UW-Whitewater,JT Hoytink,made_shot,JT Hoytink Makes 2PT Layup,2,69.0,64.0,"Carter Capstran, JT Hoytink, Jake Quast, Jameer Barker, Luke Bara","Eckahelo Simpson, Erik Victorson, Jacob Naber, Justin Steinike, Kobe Simpson",14 Jt Hoytink > ISO > Right > Drives Left > To Basket > Make 2 Pts
Carroll (WI) Pioneers,2024-11-12,414,H2,01:31 (H2),Carroll (WI) Pioneers,Eckahelo Simpson,missed_shot,Eckahelo Simpson Misses 2PT Layup,2,69.0,64.0,"Carter Capstran, JT Hoytink, Jake Quast, Jameer Barker, Luke Bara","Eckahelo Simpson, Erik Victorson, Jacob Naber, Justin Steinike, Kobe Simpson",10 Eckahelo Simpson > Hand Off > From Dribble > Left > To Basket > Miss 2 Pts
Carroll (WI) Pioneers,2024-11-12,416,H2,01:27 (H2),Carroll (WI) Pioneers,Eckahelo Simpson,missed_shot,Eckahelo Simpson Misses 2PT Layup,2,69.0,64.0,"Carter Capstran, JT Hoytink, Jake Quast, Jameer Barker, Luke Bara","Eckahelo Simpson, Erik Victorson, Jacob Naber, Justin Steinike, Kobe Simpson",
Carroll (WI) Pioneers,2024-11-12,418,H2,01:27 (H2),Carroll (WI) Pioneers,Jacob Naber,made_shot,Jacob Naber Makes 2PT Layup,2,69.0,66.0,"Carter Capstran, JT Hoytink, Jake Quast, Jameer Barker, Luke Bara","Eckahelo Simpson, Erik Victorson, Jacob Naber, Justin Steinike, Kobe Simpson",41 Jacob Naber > Offensive Rebound > Short > Scoring Attempt > At Basket > Make 2 Pts Foul > 0 Pts
Carroll (WI) Pioneers,2024-11-12,419,H2,01:27 (H2),UW-Whitewater,Carter Capstran,foul,Carter Capstran Commits Personal Foul,,69.0,66.0,"Carter Capstran, JT Hoytink, Jake Quast, Jameer Barker, Luke Bara","Eckahelo Simpson, Erik Victorson, Jacob Naber, Justin Steinike, Kobe Simpson",
Carroll (WI) Pioneers,2024-11-12,420,H2,01:27 (H2),Carroll (WI) Pioneers,Jacob Naber,free_throw_missed,Jacob Naber Misses Free Throw (1 of 1),,69.0,66.0,"Carter Capstran, JT Hoytink, Jake Quast, Jameer Barker, Luke Bara","Eckahelo Simpson, Erik Victorson, Jacob Naber, Justin Steinike, Kobe Simpson",41 Jacob Naber > Non Possession > Free Throw
Carroll (WI) Pioneers,2024-11-12,422,H2,01:27 (H2),Carroll (WI) Pioneers,Justin Steinike,turnover,Justin Steinike Turnover (Lost Ball),,69.0,66.0,"Carter Capstran, JT Hoytink, Jake Quast, Jameer Barker, Luke Bara","Eckahelo Simpson, Erik Victorson, Jacob Naber, Justin Steinike, Kobe Simpson",
Carroll (WI) Pioneers,2024-11-12,423,H2,01:27 (H2),UW-Whitewater,Jameer Barker,steal,Jameer Barker Steals,,69.0,66.0,"Carter Capstran, JT Hoytink, Jake Quast, Jameer Barker, Luke Bara","Eckahelo Simpson, Erik Victorson, Jacob Naber, Justin Steinike, Kobe Simpson",
Carroll (WI) Pioneers,2024-11-12,424,H2,01:16 (H2),UW-Whitewater,Luke Bara,made_shot,Luke Bara Makes 2PT Layup,2,71.0,66.0,"Carter Capstran, JT Hoytink, Jake Quast, Jameer Barker, Luke Bara","Eckahelo Simpson, Erik Victorson, Jacob Naber, Justin Steinike, Kobe Simpson",32 Luke Bara > Hand Off > From Dribble > Top > To Basket > Make 2 Pts
Carroll (WI) Pioneers,2024-11-12,425,H2,01:01 (H2),Carroll (WI) Pioneers,Jacob Naber,missed_shot,Jacob Naber Misses 2PT Jump Shot,2,71.0,66.0,"Carter Capstran, JT Hoytink, Jake Quast, Jameer Barker, Luke Bara","Eckahelo Simpson, Erik Victorson, Jacob Naber, Justin Steinike, Kobe Simpson",41 Jacob Naber > Post-Up > Right Block > Left Shoulder > Dribble Move > To Jumper > Miss 2 Pts
Carroll (WI) Pioneers,2024-11-12,427,H2,00:58 (H2),Carroll (WI) Pioneers,Eckahelo Simpson,foul,Eckahelo Simpson Commits Personal Foul,,71.0,66.0,"Carter Capstran, JT Hoytink, Jake Quast, Jameer Barker, Luke Bara","Eckahelo Simpson, Erik Victorson, Jacob Naber, Justin Steinike, Kobe Simpson",1 Jameer Barker > No Play Type > Foul
Carroll (WI) Pioneers,2024-11-12,428,H2,00:58 (H2),UW-Whitewater,Jameer Barker,free_throw_made,Jameer Barker Makes Free Throw (1 of 2),,72.0,66.0,"Carter Capstran, JT Hoytink, Jake Quast, Jameer Barker, Luke Bara","Eckahelo Simpson, Erik Victorson, Jacob Naber, Justin Steinike, Kobe Simpson",1 Jameer Barker > Non Possession > Free Throw
Carroll (WI) Pioneers,2024-11-12,429,H2,00:57 (H2),UW-Whitewater,Jameer Barker,free_throw_missed,Jameer Barker Misses Free Throw (2 of 2),,72.0,66.0,"Carter Capstran, JT Hoytink, Jake Quast, Jameer Barker, Luke Bara","Eckahelo Simpson, Erik Victorson, Jacob Naber, Justin Steinike, Kobe Simpson",1 Jameer Barker > Non Possession > Free Throw
Carroll (WI) Pioneers,2024-11-12,431,H2,00:55 (H2),Carroll (WI) Pioneers,Kobe Simpson,turnover,Kobe Simpson Turnover (Lost Ball),,72.0,66.0,"Carter Capstran, JT Hoytink, Jake Quast, Jameer Barker, Luke Bara","Eckahelo Simpson, Erik Victorson, Jacob Naber, Justin Steinike, Kobe Simpson",12 Kobe Simpson > P&R Ball Handler > High P&R > Dribble Off Pick > Defense Commits > Turnover
Carroll (WI) Pioneers,2024-11-12,432,H2,00:55 (H2),UW-Whitewater,Jameer Barker,steal,Jameer Barker Steals,,72.0,66.0,"Carter Capstran, JT Hoytink, Jake Quast, Jameer Barker, Luke Bara","Eckahelo Simpson, Erik Victorson, Jacob Naber, Justin Steinike, Kobe Simpson",
Carroll (WI) Pioneers,2024-11-12,433,H2,00:46 (H2),UW-Whitewater,Jameer Barker,made_shot,Jameer Barker Makes 2PT Layup,2,74.0,66.0,"Carter Capstran, JT Hoytink, Jake Quast, Jameer Barker, Luke Bara","Eckahelo Simpson, Erik Victorson, Jacob Naber, Justin Steinike, Kobe Simpson",1 Jameer Barker > Transition > Ballhandler > To Basket > Make 2 Pts
Carroll (WI) Pioneers,2024-11-12,434,H2,00:37 (H2),Carroll (WI) Pioneers,Erik Victorson,made_shot,Erik Victorson Makes 3PT Jump Shot,3,74.0,69.0,"Carter Capstran, JT Hoytink, Jake Quast, Jameer Barker, Luke Bara","Eckahelo Simpson, Erik Victorson, Jacob Naber, Justin Steinike, Kobe Simpson",34 Erik Victorson > P&R Ball Handler > Right P&R > Baseline > Dribble Off Pick > Dribble Jumper > Long/3pt > Make 3 Pts
Carroll (WI) Pioneers,2024-11-12,436,H2,00:30 (H2),UW-Whitewater,Luke Bara,turnover,Luke Bara Turnover (Bad Pass),,74.0,69.0,"Carter Capstran, JT Hoytink, Jake Quast, Jameer Barker, Luke Bara","Eckahelo Simpson, Erik Victorson, Jacob Naber, Justin Steinike, Kobe Simpson",32 Luke Bara > No Play Type > Turnover
Carroll (WI) Pioneers,2024-11-12,437,H2,00:30 (H2),Carroll (WI) Pioneers,Kobe Simpson,steal,Kobe Simpson Steals,,74.0,69.0,"Carter Capstran, JT Hoytink, Jake Quast, Jameer Barker, Luke Bara","Eckahelo Simpson, Erik Victorson, Jacob Naber, Justin Steinike, Kobe Simpson",
Carroll (WI) Pioneers,2024-11-12,438,H2,00:27 (H2),UW-Whitewater,Jake Quast,foul,Jake Quast Commits Personal Foul,,74.0,69.0,"Carter Capstran, JT Hoytink, Jake Quast, Jameer Barker, Luke Bara","Eckahelo Simpson, Erik Victorson, Jacob Naber, Justin Steinike, Kobe Simpson",12 Kobe Simpson > Spot-Up > Drives Right > Foul
Carroll (WI) Pioneers,2024-11-12,439,H2,00:27 (H2),Carroll (WI) Pioneers,Kobe Simpson,free_throw_made,Kobe Simpson Makes Free Throw (1 of 2),,74.0,70.0,"Carter Capstran, JT Hoytink, Jake Quast, Jameer Barker, Luke Bara","Eckahelo Simpson, Erik Victorson, Jacob Naber, Justin Steinike, Kobe Simpson",12 Kobe Simpson > Non Possession > Free Throw
Carroll (WI) Pioneers,2024-11-12,440,H2,00:27 (H2),Carroll (WI) Pioneers,Kobe Simpson,free_throw_made,Kobe Simpson Makes Free Throw (2 of 2),,74.0,71.0,"Carter Capstran, JT Hoytink, Jake Quast, Jameer Barker, Luke Bara","Eckahelo Simpson, Erik Victorson, Jacob Naber, Justin Steinike, Kobe Simpson",12 Kobe Simpson > Non Possession > Free Throw
Carroll (WI) Pioneers,2024-11-12,442,H2,00:24 (H2),Carroll (WI) Pioneers,Eckahelo Simpson,foul,Eckahelo Simpson Commits Personal Foul,,74.0,71.0,"Carter Capstran, JT Hoytink, Jake Quast, Jameer Barker, Luke Bara","Eckahelo Simpson, Erik Victorson, Jacob Naber, Justin Steinike, Kobe Simpson",32 Luke Bara > No Play Type > Foul
Carroll (WI) Pioneers,2024-11-12,443,H2,00:24 (H2),UW-Whitewater,Luke Bara,free_throw_made,Luke Bara Makes Free Throw (1 of 2),,75.0,71.0,"Carter Capstran, JT Hoytink, Jake Quast, Jameer Barker, Luke Bara","Eckahelo Simpson, Erik Victorson, Jacob Naber, Justin Steinike, Kobe Simpson",32 Luke Bara > Non Possession > Free Throw
Carroll (WI) Pioneers,2024-11-12,444,H2,00:24 (H2),UW-Whitewater,Luke Bara,free_throw_missed,Luke Bara Misses Free Throw (2 of 2),,75.0,71.0,"Carter Capstran, JT Hoytink, Jake Quast, Jameer Barker, Luke Bara","Eckahelo Simpson, Erik Victorson, Jacob Naber, Justin Steinike, Kobe Simpson",32 Luke Bara > Non Possession > Free Throw
Carroll (WI) Pioneers,2024-11-12,446,H2,00:18 (H2),UW-Whitewater,Jameer Barker,foul,Jameer Barker Commits Personal Foul,,75.0,71.0,"Carter Capstran, JT Hoytink, Jake Quast, Jameer Barker, Luke Bara","Eckahelo Simpson, Erik Victorson, Jacob Naber, Justin Steinike, Kobe Simpson",12 Kobe Simpson > Transition > Ballhandler > To Basket > Foul
Carroll (WI) Pioneers,2024-11-12,447,H2,00:18 (H2),Carroll (WI) Pioneers,Kobe Simpson,free_throw_missed,Kobe Simpson Misses Free Throw (1 of 2),,75.0,71.0,"Carter Capstran, JT Hoytink, Jake Quast, Jameer Barker, Luke Bara","Eckahelo Simpson, Erik Victorson, Jacob Naber, Justin Steinike, Kobe Simpson",12 Kobe Simpson > Non Possession > Free Throw
Carroll (WI) Pioneers,2024-11-12,449,H2,00:18 (H2),Carroll (WI) Pioneers,Kobe Simpson,free_throw_missed,Kobe Simpson Misses Free Throw (2 of 2),,75.0,71.0,"Carter Capstran, JT Hoytink, Jake Quast, Jameer Barker, Luke Bara","Eckahelo Simpson, Erik Victorson, Jacob Naber, Justin Steinike, Kobe Simpson",12 Kobe Simpson > Non Possession > Free Throw
Carroll (WI) Pioneers,2024-11-12,452,H2,00:12 (H2),Carroll (WI) Pioneers,Kobe Simpson,foul,Kobe Simpson Commits Personal Foul,,75.0,71.0,"Carter Capstran, JT Hoytink, Jake Quast, Jameer Barker, Luke Bara","Eckahelo Simpson, Erik Victorson, Jacob Naber, Justin Steinike, Kobe Simpson",1 Jameer Barker > No Play Type > Foul
Carroll (WI) Pioneers,2024-11-12,453,H2,00:12 (H2),UW-Whitewater,Jameer Barker,free_throw_made,Jameer Barker Makes Free Throw (1 of 2),,76.0,71.0,"Carter Capstran, JT Hoytink, Jake Quast, Jameer Barker, Luke Bara","Eckahelo Simpson, Erik Victorson, Jacob Naber, Justin Steinike, Kobe Simpson",1 Jameer Barker > Non Possession > Free Throw
Carroll (WI) Pioneers,2024-11-12,454,H2,00:12 (H2),UW-Whitewater,Jameer Barker,free_throw_made,Jameer Barker Makes Free Throw (2 of 2),,77.0,71.0,"Carter Capstran, JT Hoytink, Jake Quast, Jameer Barker, Luke Bara","Eckahelo Simpson, Erik Victorson, Jacob Naber, Justin Steinike, Kobe Simpson",1 Jameer Barker > Non Possession > Free Throw
Carroll (WI) Pioneers,2024-11-12,455,H2,00:07 (H2),Carroll (WI) Pioneers,Erik Victorson,missed_shot,Erik Victorson Misses 3PT Jump Shot,3,77.0,71.0,"Carter Capstran, JT Hoytink, Jake Quast, Jameer Barker, Luke Bara","Eckahelo Simpson, Erik Victorson, Jacob Naber, Justin Steinike, Kobe Simpson",34 Erik Victorson > P&R Ball Handler > Right P&R > Baseline > Dribble Off Pick > Dribble Jumper > Long/3pt > Miss 3 Pts
Carroll (WI) Pioneers,2024-11-12,457,H2,00:03 (H2),Carroll (WI) Pioneers,Erik Victorson,missed_shot,Erik Victorson Misses 3PT Jump Shot,3,77.0,71.0,"Carter Capstran, JT Hoytink, Jake Quast, Jameer Barker, Luke Bara","Eckahelo Simpson, Erik Victorson, Jacob Naber, Justin Steinike, Kobe Simpson",34 Erik Victorson > Off Screen > To Shooter's Left > Straight > No Dribble Jumper > Open > Long/3pt > Miss 3 Pts
Cornell College Rams,2024-11-15,373,H2,04:51 (H2),UW-Whitewater,Carter Capstran,foul,Carter Capstran Commits Personal Foul,,57.0,60.0,"Carter Capstran, Collin Madson, JT Hoytink, Jameer Barker, Luke Bara","Caleb Leslie, Connor Barnett, Jayden Meeker, Jaylan Bradberry, Zach Ingle",22 Jayden Meeker > Non Possession > Non Shooting Foul
Cornell College Rams,2024-11-15,374,H2,04:48 (H2),Cornell College Rams,Zach Ingle,missed_shot,Zach Ingle Misses 2PT Jump Shot,2,57.0,60.0,"Carter Capstran, Collin Madson, JT Hoytink, Jameer Barker, Luke Bara","Caleb Leslie, Connor Barnett, Jayden Meeker, Jaylan Bradberry, Zach Ingle",5 Zach Ingle > Off Screen > To Shooter's Left > Straight > No Dribble Jumper > Guarded > Short to < 17' > Miss 2 Pts
Cornell College Rams,2024-11-15,376,H2,04:26 (H2),UW-Whitewater,Jameer Barker,made_shot,Jameer Barker Makes 3PT Jump Shot,3,60.0,60.0,"Carter Capstran, Collin Madson, JT Hoytink, Jameer Barker, Luke Bara","Caleb Leslie, Connor Barnett, Jayden Meeker, Jaylan Bradberry, Zach Ingle",1 Jameer Barker > Spot-Up > No Dribble Jumper > Guarded > Long/3pt > Make 3 Pts
Cornell College Rams,2024-11-15,377,H2,04:26 (H2),UW-Whitewater,Collin Madson,assist,Collin Madson Assists,,60.0,60.0,"Carter Capstran, Collin Madson, JT Hoytink, Jameer Barker, Luke Bara","Caleb Leslie, Connor Barnett, Jayden Meeker, Jaylan Bradberry, Zach Ingle",
Cornell College Rams,2024-11-15,378,H2,04:08 (H2),Cornell College Rams,Jayden Meeker,turnover,Jayden Meeker Turnover,,60.0,60.0,"Carter Capstran, Collin Madson, JT Hoytink, Jameer Barker, Luke Bara","Caleb Leslie, Connor Barnett, Jayden Meeker, Jaylan Bradberry, Zach Ingle",22 Jayden Meeker > P&R Ball Handler > Left P&R > Side > Go Away from Pick > Turnover
Cornell College Rams,2024-11-15,380,H2,03:48 (H2),UW-Whitewater,Luke Bara,missed_shot,Luke Bara Misses 3PT Jump Shot,3,60.0,60.0,"Carter Capstran, Collin Madson, JT Hoytink, Jameer Barker, Luke Bara","Caleb Leslie, Connor Barnett, Jayden Meeker, Jaylan Bradberry, Zach Ingle",32 Luke Bara > Off Screen > To Shooter's Right > Flare > No Dribble Jumper > Guarded > Long/3pt > Miss 3 Pts
Cornell College Rams,2024-11-15,382,H2,03:43 (H2),UW-Whitewater,Carter Capstran,made_shot,Carter Capstran Makes 2PT Layup,2,62.0,60.0,"Carter Capstran, Collin Madson, JT Hoytink, Jameer Barker, Luke Bara","Caleb Leslie, Connor Barnett, Jayden Meeker, Jaylan Bradberry, Zach Ingle",23 Carter Capstran > Offensive Rebound > Short > Scoring Attempt > At Basket > Make 2 Pts
Cornell College Rams,2024-11-15,383,H2,03:29 (H2),Cornell College Rams,Caleb Leslie,missed_shot,Caleb Leslie Misses 3PT Jump Shot,3,62.0,60.0,"Carter Capstran, Collin Madson, JT Hoytink, Jameer Barker, Luke Bara","Caleb Leslie, Connor Barnett, Jayden Meeker, Jaylan Bradberry, Zach Ingle",1 Caleb Leslie > Hand Off > From Dribble > Left > Dribble Jumper > Long/3pt > Miss 3 Pts
Cornell College Rams,2024-11-15,385,H2,03:24 (H2),Cornell College Rams,Jaylan Bradberry,made_shot,Jaylan Bradberry Makes 2PT Layup,2,62.0,62.0,"Carter Capstran, Collin Madson, JT Hoytink, Jameer Barker, Luke Bara","Caleb Leslie, Connor Barnett, Jayden Meeker, Jaylan Bradberry, Zach Ingle",9 Jaylan Bradberry > Offensive Rebound > Long > Scoring Attempt > Short to < 17' > Make 2 Pts
Cornell College Rams,2024-11-15,386,H2,03:06 (H2),UW-Whitewater,Jameer Barker,missed_shot,Jameer Barker Misses 3PT Jump Shot,3,62.0,62.0,"Carter Capstran, Collin Madson, JT Hoytink, Jameer Barker, Luke Bara","Caleb Leslie, Connor Barnett, Jayden Meeker, Jaylan Bradberry, Zach Ingle",1 Jameer Barker > Spot-Up > No Dribble Jumper > Guarded > Long/3pt > Miss 3 Pts
Cornell College Rams,2024-11-15,388,H2,02:38 (H2),Cornell College Rams,Zach Ingle,made_shot,Zach Ingle Makes 2PT Jump Shot,2,62.0,64.0,"Carter Capstran, Collin Madson, JT Hoytink, Jameer Barker, Luke Bara","Caleb Leslie, Connor Barnett, Jayden Meeker, Jaylan Bradberry, Zach Ingle",5 Zach Ingle > ISO > Top > Drives Left > Dribble Jumper > Medium/17' to <3p > Make 2 Pts
Cornell College Rams,2024-11-15,389,H2,02:24 (H2),UW-Whitewater,Jameer Barker,turnover,Jameer Barker Turnover (Lost Ball),,62.0,64.0,"Carter Capstran, Collin Madson, JT Hoytink, Jameer Barker, Luke Bara","Caleb Leslie, Connor Barnett, Jayden Meeker, Jaylan Bradberry, Zach Ingle",1 Jameer Barker > Post-Up > Right Block > Right Shoulder > Dribble Move > Turnover
Cornell College Rams,2024-11-15,390,H2,02:24 (H2),Cornell College Rams,Jayden Meeker,steal,Jayden Meeker Steals,,62.0,64.0,"Carter Capstran, Collin Madson, JT Hoytink, Jameer Barker, Luke Bara","Caleb Leslie, Connor Barnett, Jayden Meeker, Jaylan Bradberry, Zach Ingle",
Cornell College Rams,2024-11-15,391,H2,02:18 (H2),Cornell College Rams,Connor Barnett,made_shot,Connor Barnett Makes 2PT Layup,2,62.0,66.0,"Carter Capstran, Collin Madson, JT Hoytink, Jameer Barker, Luke Bara","Caleb Leslie, Connor Barnett, Jayden Meeker, Jaylan Bradberry, Zach Ingle",10 Connor Barnett > Transition > Left Wing > To Basket > Make 2 Pts Foul > 1 Pts
Cornell College Rams,2024-11-15,392,H2,02:18 (H2),Cornell College Rams,Caleb Leslie,assist,Caleb Leslie Assists,,62.0,66.0,"Carter Capstran, Collin Madson, JT Hoytink, Jameer Barker, Luke Bara","Caleb Leslie, Connor Barnett, Jayden Meeker, Jaylan Bradberry, Zach Ingle",
Cornell College Rams,2024-11-15,393,H2,02:18 (H2),UW-Whitewater,Luke Bara,foul,Luke Bara Commits Personal Foul,,62.0,66.0,"Carter Capstran, Collin Madson, JT Hoytink, Jameer Barker, Luke Bara","Caleb Leslie, Connor Barnett, Jayden Meeker, Jaylan Bradberry, Zach Ingle",
Cornell College Rams,2024-11-15,394,H2,02:18 (H2),Cornell College Rams,Connor Barnett,free_throw_made,Connor Barnett Makes Free Throw (1 of 1),,62.0,67.0,"Carter Capstran, Collin Madson, JT Hoytink, Jameer Barker, Luke Bara","Caleb Leslie, Connor Barnett, Jayden Meeker, Jaylan Bradberry, Zach Ingle",10 Connor Barnett > Transition > Left Wing > To Basket > Make 2 Pts Foul > 1 Pts
Cornell College Rams,2024-11-15,397,H2,02:05 (H2),UW-Whitewater,JT Hoytink,made_shot,JT Hoytink Makes 3PT Jump Shot,3,65.0,67.0,"Carter Capstran, Collin Madson, JT Hoytink, Jameer Barker, Luke Bara","Connor Barnett, Jayden Meeker, Jaylan Bradberry, Nate Jacobson, Zach Ingle",14 Jt Hoytink > Spot-Up > No Dribble Jumper > Guarded > Long/3pt > Make 3 Pts
Cornell College Rams,2024-11-15,398,H2,02:05 (H2),UW-Whitewater,Collin Madson,assist,Collin Madson Assists,,65.0,67.0,"Carter Capstran, Collin Madson, JT Hoytink, Jameer Barker, Luke Bara","Connor Barnett, Jayden Meeker, Jaylan Bradberry, Nate Jacobson, Zach Ingle",
Cornell College Rams,2024-11-15,399,H2,01:37 (H2),UW-Whitewater,Collin Madson,foul,Collin Madson Commits Personal Foul,,65.0,67.0,"Carter Capstran, Collin Madson, JT Hoytink, Jameer Barker, Luke Bara","Connor Barnett, Jayden Meeker, Jaylan Bradberry, Nate Jacobson, Zach Ingle",5 Zach Ingle > Non Possession > Non Shooting Foul
Cornell College Rams,2024-11-15,401,H2,01:27 (H2),Cornell College Rams,Zach Ingle,missed_shot,Zach Ingle Misses 2PT Jump Shot,2,65.0,67.0,"Carter Capstran, Collin Madson, JT Hoytink, Jameer Barker, Luke Bara","Connor Barnett, Jayden Meeker, Jaylan Bradberry, Nate Jacobson, Zach Ingle",5 Zach Ingle > Hand Off > From Stationary > Top > Dribble Jumper > Medium/17' to <3p > Miss 2 Pts
Cornell College Rams,2024-11-15,403,H2,01:12 (H2),UW-Whitewater,Luke Bara,missed_shot,Luke Bara Misses 3PT Jump Shot,3,65.0,67.0,"Carter Capstran, Collin Madson, JT Hoytink, Jameer Barker, Luke Bara","Connor Barnett, Jayden Meeker, Jaylan Bradberry, Nate Jacobson, Zach Ingle",32 Luke Bara > Hand Off > From Dribble > Right > No Dribble Jumper > Guarded > Long/3pt > Miss 3 Pts
Cornell College Rams,2024-11-15,405,H2,00:47 (H2),Cornell College Rams,Jayden Meeker,missed_shot,Jayden Meeker Misses 2PT Layup,2,65.0,67.0,"Carter Capstran, Collin Madson, JT Hoytink, Jameer Barker, Luke Bara","Connor Barnett, Jayden Meeker, Jaylan Bradberry, Nate Jacobson, Zach Ingle",22 Jayden Meeker > ISO > Top > Drives Left > To Basket > Miss 2 Pts
Cornell College Rams,2024-11-15,407,H2,00:29 (H2),UW-Whitewater,Jameer Barker,made_shot,Jameer Barker Makes 2PT Layup,2,67.0,67.0,"Carter Capstran, Collin Madson, JT Hoytink, Jameer Barker, Luke Bara","Connor Barnett, Jayden Meeker, Jaylan Bradberry, Nate Jacobson, Zach Ingle",1 Jameer Barker > Spot-Up > Drives Left > To Basket > Make 2 Pts
Cornell College Rams,2024-11-15,417,H2,00:07 (H2),Cornell College Rams,Jayden Meeker,missed_shot,Jayden Meeker Misses 2PT Layup,2,67.0,67.0,"Carter Capstran, Isaac Verges, JT Hoytink, Jake Quast, Jameer Barker","Arnav Jain, Caleb Leslie, Jayden Meeker, Nate Jacobson, Zach Ingle",22 Jayden Meeker > ISO > Right > Drives Right > To Basket > Miss 2 Pts
Cornell College Rams,2024-11-15,432,H2,00:00 (H2),UW-Whitewater,Jameer Barker,missed_shot,Jameer Barker Misses 3PT Jump Shot,3,67.0,67.0,"Carter Capstran, Collin Madson, JT Hoytink, Jameer Barker, Luke Bara","Connor Barnett, Jaxson Herring, Jayden Meeker, Jaylan Bradberry, Julian Cleary",1 Jameer Barker > Transition > Ballhandler > Dribble Jumper > Long/3pt > Miss 3 Pts
Cornell College Rams,2024-11-15,442,OT,04:31 (OT),Cornell College Rams,Jayden Meeker,missed_shot,Jayden Meeker Misses 3PT Jump Shot,3,67.0,67.0,"Carter Capstran, Collin Madson, JT Hoytink, Jameer Barker, Luke Bara","Connor Barnett, Jaxson Herring, Jayden Meeker, Nate Jacobson, Zach Ingle",22 Jayden Meeker > Spot-Up > Drives Right > Dribble Jumper > Long/3pt > Miss 3 Pts
Cornell College Rams,2024-11-15,444,OT,04:27 (OT),Cornell College Rams,Connor Barnett,missed_shot,Connor Barnett Misses 2PT Jump Shot,2,67.0,67.0,"Carter Capstran, Collin Madson, JT Hoytink, Jameer Barker, Luke Bara","Connor Barnett, Jaxson Herring, Jayden Meeker, Nate Jacobson, Zach Ingle",10 Connor Barnett > Cut > Flash > Miss 2 Pts
Cornell College Rams,2024-11-15,446,OT,04:07 (OT),UW-Whitewater,Luke Bara,missed_shot,Luke Bara Misses 3PT Jump Shot,3,67.0,67.0,"Carter Capstran, Collin Madson, JT Hoytink, Jameer Barker, Luke Bara","Connor Barnett, Jaxson Herring, Jayden Meeker, Nate Jacobson, Zach Ingle",32 Luke Bara > ISO > Right > Early Jumper > Dribble Jumper > Long/3pt > Miss 3 Pts
Cornell College Rams,2024-11-15,448,OT,03:57 (OT),UW-Whitewater,Carter Capstran,missed_shot,Carter Capstran Misses 2PT Layup,2,67.0,67.0,"Carter Capstran, Collin Madson, JT Hoytink, Jameer Barker, Luke Bara","Connor Barnett, Jaxson Herring, Jayden Meeker, Nate Jacobson, Zach Ingle",
Cornell College Rams,2024-11-15,450,OT,03:50 (OT),UW-Whitewater,JT Hoytink,made_shot,JT Hoytink Makes 3PT Jump Shot,3,70.0,67.0,"Carter Capstran, Collin Madson, JT Hoytink, Jameer Barker, Luke Bara","Connor Barnett, Jaxson Herring, Jayden Meeker, Nate Jacobson, Zach Ingle",14 Jt Hoytink > Spot-Up > No Dribble Jumper > Open > Long/3pt > Make 3 Pts
Cornell College Rams,2024-11-15,451,OT,03:50 (OT),UW-Whitewater,Collin Madson,assist,Collin Madson Assists,,70.0,67.0,"Carter Capstran, Collin Madson, JT Hoytink, Jameer Barker, Luke Bara","Connor Barnett, Jaxson Herring, Jayden Meeker, Nate Jacobson, Zach Ingle",
Cornell College Rams,2024-11-15,452,OT,03:41 (OT),UW-Whitewater,Jameer Barker,foul,Jameer Barker Commits Personal Foul,,70.0,67.0,"Carter Capstran, Collin Madson, JT Hoytink, Jameer Barker, Luke Bara","Connor Barnett, Jaxson Herring, Jayden Meeker, Nate Jacobson, Zach Ingle",22 Jayden Meeker > P&R Ball Handler > High P&R > Dribble Off Pick > Foul
Cornell College Rams,2024-11-15,453,OT,03:41 (OT),Cornell College Rams,Jayden Meeker,free_throw_made,Jayden Meeker Makes Free Throw (1 of 2),,70.0,68.0,"Carter Capstran, Collin Madson, JT Hoytink, Jameer Barker, Luke Bara","Connor Barnett, Jaxson Herring, Jayden Meeker, Nate Jacobson, Zach Ingle",22 Jayden Meeker > Non Possession > Free Throw
Cornell College Rams,2024-11-15,454,OT,03:41 (OT),Cornell College Rams,Jayden Meeker,free_throw_made,Jayden Meeker Makes Free Throw (2 of 2),,70.0,69.0,"Carter Capstran, Collin Madson, JT Hoytink, Jameer Barker, Luke Bara","Connor Barnett, Jaxson Herring, Jayden Meeker, Nate Jacobson, Zach Ingle",22 Jayden Meeker > Non Possession > Free Throw
Cornell College Rams,2024-11-15,455,OT,03:27 (OT),UW-Whitewater,Jameer Barker,turnover,Jameer Barker Turnover (Lost Ball),,70.0,69.0,"Carter Capstran, Collin Madson, JT Hoytink, Jameer Barker, Luke Bara","Connor Barnett, Jaxson Herring, Jayden Meeker, Nate Jacobson, Zach Ingle",1 Jameer Barker > Post-Up > Left Block > Turnover
Cornell College Rams,2024-11-15,460,OT,03:16 (OT),Cornell College Rams,Jayden Meeker,missed_shot,Jayden Meeker Misses 2PT Jump Shot,2,70.0,69.0,"Carter Capstran, JT Hoytink, Jake Quast, Jameer Barker, Luke Bara","Caleb Leslie, Connor Barnett, Jayden Meeker, Nate Jacobson, Zach Ingle",22 Jayden Meeker > P&R Ball Handler > Right P&R > Side > Dribble Off Pick > To Basket > Miss 2 Pts
Cornell College Rams,2024-11-15,466,OT,03:00 (OT),UW-Whitewater,Luke Bara,made_shot,Luke Bara Makes 3PT Jump Shot,3,73.0,69.0,"Carter Capstran, Collin Madson, JT Hoytink, Jameer Barker, Luke Bara","Connor Barnett, Jayden Meeker, Jaylan Bradberry, Nate Jacobson, Zach Ingle",1 Jameer Barker > P&R Ball Handler > High P&R > Dribble Off Pick > Defense Commits > Ball Delivered > 32 Luke Bara > Spot-Up > No Dribble Jumper > Guarded > Long/3pt > Make 3 Pts
Cornell College Rams,2024-11-15,467,OT,03:00 (OT),UW-Whitewater,Collin Madson,assist,Collin Madson Assists,,73.0,69.0,"Carter Capstran, Collin Madson, JT Hoytink, Jameer Barker, Luke Bara","Connor Barnett, Jayden Meeker, Jaylan Bradberry, Nate Jacobson, Zach Ingle",
Cornell College Rams,2024-11-15,468,OT,02:32 (OT),Cornell College Rams,Zach Ingle,missed_shot,Zach Ingle Misses 2PT Jump Shot,2,73.0,69.0,"Carter Capstran, Collin Madson, JT Hoytink, Jameer Barker, Luke Bara","Connor Barnett, Jayden Meeker, Jaylan Bradberry, Nate Jacobson, Zach Ingle",5 Zach Ingle > ISO > Top > Drives Left > Dribble Jumper > Medium/17' to <3p > Miss 2 Pts
Cornell College Rams,2024-11-15,470,OT,02:29 (OT),UW-Whitewater,JT Hoytink,foul,JT Hoytink Commits Personal Foul,,73.0,69.0,"Carter Capstran, Collin Madson, JT Hoytink, Jameer Barker, Luke Bara","Connor Barnett, Jayden Meeker, Jaylan Bradberry, Nate Jacobson, Zach Ingle",5 Zach Ingle > Cut > Basket > Foul
Cornell College Rams,2024-11-15,471,OT,02:29 (OT),Cornell College Rams,Zach Ingle,free_throw_missed,Zach Ingle Misses Free Throw (1 of 1),,73.0,69.0,"Carter Capstran, Collin Madson, JT Hoytink, Jameer Barker, Luke Bara","Connor Barnett, Jayden Meeker, Jaylan Bradberry, Nate Jacobson, Zach Ingle",5 Zach Ingle > Non Possession > Free Throw
Cornell College Rams,2024-11-15,473,OT,02:11 (OT),UW-Whitewater,Carter Capstran,turnover,Carter Capstran Turnover (Lost Ball),,73.0,69.0,"Carter Capstran, Collin Madson, JT Hoytink, Jameer Barker, Luke Bara","Connor Barnett, Jayden Meeker, Jaylan Bradberry, Nate Jacobson, Zach Ingle",23 Carter Capstran > Post-Up > Flash Middle > Post Pin > Defense Commits > Turnover
Cornell College Rams,2024-11-15,474,OT,02:11 (OT),Cornell College Rams,Jaylan Bradberry,steal,Jaylan Bradberry Steals,,73.0,69.0,"Carter Capstran, Collin Madson, JT Hoytink, Jameer Barker, Luke Bara","Connor Barnett, Jayden Meeker, Jaylan Bradberry, Nate Jacobson, Zach Ingle",
Cornell College Rams,2024-11-15,475,OT,01:58 (OT),Cornell College Rams,Nate Jacobson,made_shot,Nate Jacobson Makes 3PT Jump Shot,3,73.0,72.0,"Carter Capstran, Collin Madson, JT Hoytink, Jameer Barker, Luke Bara","Connor Barnett, Jayden Meeker, Jaylan Bradberry, Nate Jacobson, Zach Ingle",4 Nate Jacobson > Spot-Up > No Dribble Jumper > Guarded > Long/3pt > Make 3 Pts
Cornell College Rams,2024-11-15,476,OT,01:58 (OT),Cornell College Rams,Zach Ingle,assist,Zach Ingle Assists,,73.0,72.0,"Carter Capstran, Collin Madson, JT Hoytink, Jameer Barker, Luke Bara","Connor Barnett, Jayden Meeker, Jaylan Bradberry, Nate Jacobson, Zach Ingle",
Cornell College Rams,2024-11-15,480,OT,01:31 (OT),UW-Whitewater,Jameer Barker,missed_shot,Jameer Barker Misses 2PT Jump Shot,2,73.0,72.0,"Carter Capstran, Collin Madson, JT Hoytink, Jameer Barker, Luke Bara","Connor Barnett, Jaxson Herring, Jayden Meeker, Jaylan Bradberry, Zach Ingle",1 Jameer Barker > Post-Up > Right Block > Right Shoulder > Dribble Move > To Jumper > Miss 2 Pts
Cornell College Rams,2024-11-15,482,OT,01:22 (OT),Cornell College Rams,Jaylan Bradberry,made_shot,Jaylan Bradberry Makes 3PT Jump Shot,3,73.0,75.0,"Carter Capstran, Collin Madson, JT Hoytink, Jameer Barker, Luke Bara","Connor Barnett, Jaxson Herring, Jayden Meeker, Jaylan Bradberry, Zach Ingle",9 Jaylan Bradberry > Transition > Left Wing > No Dribble Jumper > Open > Long/3pt > Make 3 Pts
Cornell College Rams,2024-11-15,483,OT,01:22 (OT),Cornell College Rams,Jayden Meeker,assist,Jayden Meeker Assists,,73.0,75.0,"Carter Capstran, Collin Madson, JT Hoytink, Jameer Barker, Luke Bara","Connor Barnett, Jaxson Herring, Jayden Meeker, Jaylan Bradberry, Zach Ingle",
Cornell College Rams,2024-11-15,485,OT,00:53 (OT),UW-Whitewater,Carter Capstran,missed_shot,Carter Capstran Misses 2PT Layup,2,73.0,75.0,"Carter Capstran, Collin Madson, JT Hoytink, Jameer Barker, Luke Bara","Connor Barnett, Jaxson Herring, Jayden Meeker, Jaylan Bradberry, Zach Ingle",23 Carter Capstran > Post-Up > Left Block > Post Pin > No Dribble Move > To Basket > Miss 2 Pts
Cornell College Rams,2024-11-15,496,OT,00:25 (OT),Cornell College Rams,Jayden Meeker,missed_shot,Jayden Meeker Misses 2PT Turnaround Jump Shot,2,73.0,75.0,"Carter Capstran, Isaac Verges, JT Hoytink, Jake Quast, Jameer Barker","Caleb Leslie, Jayden Meeker, Jaylan Bradberry, Nate Jacobson, Zach Ingle",22 Jayden Meeker > ISO > Right > Drives Left > Dribble Jumper > Short to < 17' > Miss 2 Pts
Cornell College Rams,2024-11-15,498,OT,00:00 (OT),UW-Whitewater,Jameer Barker,missed_shot,Jameer Barker Misses 2PT Jump Shot,2,73.0,75.0,"Carter Capstran, Isaac Verges, JT Hoytink, Jake Quast, Jameer Barker","Caleb Leslie, Jayden Meeker, Jaylan Bradberry, Nate Jacobson, Zach Ingle",1 Jameer Barker > Spot-Up > Drives Right > Dribble Jumper > Medium/17' to <3p > Miss 2 Pts
St. Olaf Oles,2024-11-16,378,H2,03:34 (H2),St. Olaf Oles,Kobe Kirk,made_shot,Kobe Kirk Makes 3PT Jump Shot,3,78.0,71.0,"Carter Capstran, Collin Madson, Jake Quast, Luke Bara, Richie Warren","AJ Uhl, Chris Willis, Dashiel Walker, Jachin Mertes, Kobe Kirk",22 Dashiel Walker > P&R Ball Handler > Left P&R > Baseline > Dribble Off Pick > Defense Commits > Ball Delivered > 24 Kobe Kirk > Spot-Up > Drives Right > Dribble Jumper > Long/3pt > Make 3 Pts
St. Olaf Oles,2024-11-16,380,H2,03:03 (H2),St. Olaf Oles,Dashiel Walker,made_shot,Dashiel Walker Makes 2PT Jump Shot,2,80.0,73.0,"Carter Capstran, Collin Madson, Jake Quast, Luke Bara, Richie Warren","AJ Uhl, Chris Willis, Dashiel Walker, Jachin Mertes, Kobe Kirk",22 Dashiel Walker > P&R Ball Handler > Left P&R > Side > Go Away from Pick > To Basket > Make 2 Pts Foul > 1 Pts
St. Olaf Oles,2024-11-16,381,H2,03:03 (H2),UW-Whitewater,Richie Warren,foul,Richie Warren Commits Personal Foul,,80.0,73.0,"Carter Capstran, Collin Madson, Jake Quast, Luke Bara, Richie Warren","AJ Uhl, Chris Willis, Dashiel Walker, Jachin Mertes, Kobe Kirk",
St. Olaf Oles,2024-11-16,382,H2,03:03 (H2),St. Olaf Oles,Dashiel Walker,free_throw_made,Dashiel Walker Makes Free Throw (1 of 1),,80.0,74.0,"Carter Capstran, Collin Madson, Jake Quast, Luke Bara, Richie Warren","AJ Uhl, Chris Willis, Dashiel Walker, Jachin Mertes, Kobe Kirk",22 Dashiel Walker > Non Possession > Free Throw
St. Olaf Oles,2024-11-16,386,H2,02:45 (H2),St. Olaf Oles,AJ Uhl,foul,AJ Uhl Commits Personal Foul,,80.0,74.0,"Carter Capstran, Collin Madson, Isaac Verges, Luke Bara, Richie Warren","AJ Uhl, Chris Willis, Dashiel Walker, Jachin Mertes, Kobe Kirk",23 Carter Capstran > Non Possession > Non Shooting Foul
St. Olaf Oles,2024-11-16,387,H2,02:43 (H2),UW-Whitewater,Isaac Verges,turnover,Isaac Verges Turnover (Bad Pass),,80.0,74.0,"Carter Capstran, Collin Madson, Isaac Verges, Luke Bara, Richie Warren","AJ Uhl, Chris Willis, Dashiel Walker, Jachin Mertes, Kobe Kirk",0 Isaac Verges > No Play Type > Turnover
St. Olaf Oles,2024-11-16,388,H2,02:43 (H2),St. Olaf Oles,Jachin Mertes,steal,Jachin Mertes Steals,,80.0,74.0,"Carter Capstran, Collin Madson, Isaac Verges, Luke Bara, Richie Warren","AJ Uhl, Chris Willis, Dashiel Walker, Jachin Mertes, Kobe Kirk",
St. Olaf Oles,2024-11-16,389,H2,02:21 (H2),St. Olaf Oles,AJ Uhl,foul,AJ Uhl Commits Offensive Foul,,80.0,74.0,"Carter Capstran, Collin Madson, Isaac Verges, Luke Bara, Richie Warren","AJ Uhl, Chris Willis, Dashiel Walker, Jachin Mertes, Kobe Kirk",
St. Olaf Oles,2024-11-16,390,H2,02:21 (H2),St. Olaf Oles,AJ Uhl,turnover,AJ Uhl Turnover (Offensive Foul),,80.0,74.0,"Carter Capstran, Collin Madson, Isaac Verges, Luke Bara, Richie Warren","AJ Uhl, Chris Willis, Dashiel Walker, Jachin Mertes, Kobe Kirk",23 AJ Uhl > No Play Type > Turnover
St. Olaf Oles,2024-11-16,393,H2,02:01 (H2),UW-Whitewater,Carter Capstran,made_shot,Carter Capstran Makes 2PT Layup,2,82.0,74.0,"Carter Capstran, Collin Madson, JT Hoytink, Luke Bara, Richie Warren","AJ Uhl, Chris Willis, Dashiel Walker, Jachin Mertes, Kobe Kirk",23 Carter Capstran > Post-Up > Right Block > Left Shoulder > Dribble Move > To Drop Step > Make 2 Pts
St. Olaf Oles,2024-11-16,394,H2,01:33 (H2),St. Olaf Oles,Chris Willis,made_shot,Chris Willis Makes 2PT Jump Shot,2,82.0,76.0,"Carter Capstran, Collin Madson, JT Hoytink, Luke Bara, Richie Warren","AJ Uhl, Chris Willis, Dashiel Walker, Jachin Mertes, Kobe Kirk",11 Chris Willis > P&R Ball Handler > Left P&R > Baseline > Dribble Off Pick > Dribble Jumper > Short to < 17' > Make 2 Pts
St. Olaf Oles,2024-11-16,395,H2,01:16 (H2),UW-Whitewater,Luke Bara,foul,Luke Bara Commits Personal Foul,,82.0,76.0,"Carter Capstran, Collin Madson, JT Hoytink, Luke Bara, Richie Warren","AJ Uhl, Chris Willis, Dashiel Walker, Jachin Mertes, Kobe Kirk",22 Dashiel Walker > No Play Type > Foul
St. Olaf Oles,2024-11-16,396,H2,01:16 (H2),St. Olaf Oles,Dashiel Walker,free_throw_made,Dashiel Walker Makes Free Throw (1 of 2),,82.0,77.0,"Carter Capstran, Collin Madson, JT Hoytink, Luke Bara, Richie Warren","AJ Uhl, Chris Willis, Dashiel Walker, Jachin Mertes, Kobe Kirk",22 Dashiel Walker > Non Possession > Free Throw
St. Olaf Oles,2024-11-16,397,H2,01:16 (H2),St. Olaf Oles,Dashiel Walker,free_throw_made,Dashiel Walker Makes Free Throw (2 of 2),,82.0,78.0,"Carter Capstran, Collin Madson, JT Hoytink, Luke Bara, Richie Warren","AJ Uhl, Chris Willis, Dashiel Walker, Jachin Mertes, Kobe Kirk",22 Dashiel Walker > Non Possession > Free Throw
St. Olaf Oles,2024-11-16,399,H2,01:16 (H2),UW-Whitewater,Luke Bara,turnover,Luke Bara Turnover (Bad Pass),,82.0,78.0,"Carter Capstran, Collin Madson, JT Hoytink, Luke Bara, Richie Warren","AJ Uhl, Chris Willis, Dashiel Walker, Jachin Mertes, Kobe Kirk",
St. Olaf Oles,2024-11-16,400,H2,01:16 (H2),St. Olaf Oles,Dashiel Walker,steal,Dashiel Walker Steals,,82.0,78.0,"Carter Capstran, Collin Madson, JT Hoytink, Luke Bara, Richie Warren","AJ Uhl, Chris Willis, Dashiel Walker, Jachin Mertes, Kobe Kirk",
St. Olaf Oles,2024-11-16,401,H2,00:52 (H2),UW-Whitewater,Carter Capstran,turnover,Carter Capstran Turnover (Travel),,82.0,78.0,"Carter Capstran, Collin Madson, JT Hoytink, Luke Bara, Richie Warren","AJ Uhl, Chris Willis, Dashiel Walker, Jachin Mertes, Kobe Kirk",23 Carter Capstran > ISO > Right > Drives Left > Turnover
St. Olaf Oles,2024-11-16,402,H2,00:35 (H2),St. Olaf Oles,Kobe Kirk,made_shot,Kobe Kirk Makes 2PT Layup,2,82.0,80.0,"Carter Capstran, Collin Madson, JT Hoytink, Luke Bara, Richie Warren","AJ Uhl, Chris Willis, Dashiel Walker, Jachin Mertes, Kobe Kirk",24 Kobe Kirk > Cut > Basket > Make 2 Pts
St. Olaf Oles,2024-11-16,403,H2,00:35 (H2),St. Olaf Oles,Dashiel Walker,assist,Dashiel Walker Assists,,82.0,80.0,"Carter Capstran, Collin Madson, JT Hoytink, Luke Bara, Richie Warren","AJ Uhl, Chris Willis, Dashiel Walker, Jachin Mertes, Kobe Kirk",
St. Olaf Oles,2024-11-16,404,H2,00:16 (H2),St. Olaf Oles,Chris Willis,foul,Chris Willis Commits Personal Foul,,82.0,80.0,"Carter Capstran, Collin Madson, JT Hoytink, Luke Bara, Richie Warren","AJ Uhl, Chris Willis, Dashiel Walker, Jachin Mertes, Kobe Kirk",32 Luke Bara > ISO > Right > Drives Right > To Basket > Foul
St. Olaf Oles,2024-11-16,405,H2,00:16 (H2),UW-Whitewater,Luke Bara,free_throw_missed,Luke Bara Misses Free Throw (1 of 2),,82.0,80.0,"Carter Capstran, Collin Madson, JT Hoytink, Luke Bara, Richie Warren","AJ Uhl, Chris Willis, Dashiel Walker, Jachin Mertes, Kobe Kirk",32 Luke Bara > Non Possession > Free Throw
St. Olaf Oles,2024-11-16,408,H2,00:16 (H2),UW-Whitewater,Luke Bara,free_throw_made,Luke Bara Makes Free Throw (2 of 2),,83.0,80.0,"Carter Capstran, Collin Madson, JT Hoytink, Luke Bara, Richie Warren","AJ Uhl, Chris Willis, Dashiel Walker, Jachin Mertes, Kobe Kirk",32 Luke Bara > Non Possession > Free Throw
St. Olaf Oles,2024-11-16,414,H2,00:01 (H2),St. Olaf Oles,Kobe Kirk,missed_shot,Kobe Kirk Misses 3PT Jump Shot,3,83.0,80.0,"Collin Madson, Isaac Verges, JT Hoytink, Jake Quast, Richie Warren","AJ Uhl, Chris Willis, Dashiel Walker, Jachin Mertes, Kobe Kirk",24 Kobe Kirk > Off Screen > To Shooter's Right > Straight > No Dribble Jumper > Guarded > Long/3pt > Miss 3 Pts
Aurora Spartans,2024-11-20,331,H2,04:53 (H2),UW-Whitewater,Collin Madson,made_shot,Collin Madson Makes 3PT Jump Shot,3,64.0,58.0,"Carter Capstran, Collin Madson, Isaac Verges, JT Hoytink, Jameer Barker","Dwayne Jervier Jr., Isaiah Davis, Joevonn McCottry, Mekhi Doby, Noah Butler",23 Carter Capstran > Post-Up > Right Block > Right Shoulder > Dribble Move > Defense Commits > Ball Delivered > 15 Collin Madson > Spot-Up > No Dribble Jumper > Open > Long/3pt > Make 3 Pts
Aurora Spartans,2024-11-20,332,H2,04:53 (H2),UW-Whitewater,JT Hoytink,assist,JT Hoytink Assists,,64.0,58.0,"Carter Capstran, Collin Madson, Isaac Verges, JT Hoytink, Jameer Barker","Dwayne Jervier Jr., Isaiah Davis, Joevonn McCottry, Mekhi Doby, Noah Butler",
Aurora Spartans,2024-11-20,333,H2,04:37 (H2),UW-Whitewater,Carter Capstran,foul,Carter Capstran Commits Personal Foul,,64.0,58.0,"Carter Capstran, Collin Madson, Isaac Verges, JT Hoytink, Jameer Barker","Dwayne Jervier Jr., Isaiah Davis, Joevonn McCottry, Mekhi Doby, Noah Butler",
Aurora Spartans,2024-11-20,334,H2,04:37 (H2),Aurora Spartans,Dwayne Jervier Jr.,free_throw_made,Dwayne Jervier Jr. Makes Free Throw (1 of 2),,64.0,59.0,"Carter Capstran, Collin Madson, Isaac Verges, JT Hoytink, Jameer Barker","Dwayne Jervier Jr., Isaiah Davis, Joevonn McCottry, Mekhi Doby, Noah Butler",
Aurora Spartans,2024-11-20,335,H2,04:37 (H2),Aurora Spartans,Dwayne Jervier Jr.,free_throw_made,Dwayne Jervier Jr. Makes Free Throw (2 of 2),,64.0,60.0,"Carter Capstran, Collin Madson, Isaac Verges, JT Hoytink, Jameer Barker","Dwayne Jervier Jr., Isaiah Davis, Joevonn McCottry, Mekhi Doby, Noah Butler",
Aurora Spartans,2024-11-20,337,H2,04:18 (H2),UW-Whitewater,Jameer Barker,missed_shot,Jameer Barker Misses 2PT Jump Shot,2,64.0,60.0,"Carter Capstran, Collin Madson, Isaac Verges, JT Hoytink, Jameer Barker","Dwayne Jervier Jr., Isaiah Davis, Joevonn McCottry, Mekhi Doby, Noah Butler",1 Jameer Barker > Post-Up > Right Block > Right Shoulder > Dribble Move > To Hook > Miss 2 Pts
Aurora Spartans,2024-11-20,339,H2,04:14 (H2),Aurora Spartans,Dwayne Jervier Jr.,foul,Dwayne Jervier Jr. Commits Personal Foul,,64.0,60.0,"Carter Capstran, Collin Madson, Isaac Verges, JT Hoytink, Jameer Barker","Dwayne Jervier Jr., Isaiah Davis, Joevonn McCottry, Mekhi Doby, Noah Butler",23 Carter Capstran > Offensive Rebound > Short > Scoring Attempt > At Basket > Foul
Aurora Spartans,2024-11-20,340,H2,04:14 (H2),UW-Whitewater,Carter Capstran,free_throw_made,Carter Capstran Makes Free Throw (1 of 2),,65.0,60.0,"Carter Capstran, Collin Madson, Isaac Verges, JT Hoytink, Jameer Barker","Dwayne Jervier Jr., Isaiah Davis, Joevonn McCottry, Mekhi Doby, Noah Butler",23 Carter Capstran > Non Possession > Free Throw
Aurora Spartans,2024-11-20,341,H2,04:14 (H2),UW-Whitewater,Carter Capstran,free_throw_made,Carter Capstran Makes Free Throw (2 of 2),,66.0,60.0,"Carter Capstran, Collin Madson, Isaac Verges, JT Hoytink, Jameer Barker","Dwayne Jervier Jr., Isaiah Davis, Joevonn McCottry, Mekhi Doby, Noah Butler",23 Carter Capstran > Non Possession > Free Throw
Aurora Spartans,2024-11-20,342,H2,04:01 (H2),Aurora Spartans,Joevonn McCottry,turnover,Joevonn McCottry Turnover (Bad Pass),,66.0,60.0,"Carter Capstran, Collin Madson, Isaac Verges, JT Hoytink, Jameer Barker","Dwayne Jervier Jr., Isaiah Davis, Joevonn McCottry, Mekhi Doby, Noah Butler",1 Joevonn McCottry > P&R Ball Handler > Left P&R > Side > Dribble Off Pick > Defense Commits > Turnover
Aurora Spartans,2024-11-20,343,H2,04:01 (H2),UW-Whitewater,Jameer Barker,steal,Jameer Barker Steals,,66.0,60.0,"Carter Capstran, Collin Madson, Isaac Verges, JT Hoytink, Jameer Barker","Dwayne Jervier Jr., Isaiah Davis, Joevonn McCottry, Mekhi Doby, Noah Butler",
Aurora Spartans,2024-11-20,344,H2,03:55 (H2),Aurora Spartans,Joevonn McCottry,foul,Joevonn McCottry Commits Personal Foul,,66.0,60.0,"Carter Capstran, Collin Madson, Isaac Verges, JT Hoytink, Jameer Barker","Dwayne Jervier Jr., Isaiah Davis, Joevonn McCottry, Mekhi Doby, Noah Butler",1 Jameer Barker > Transition > Ballhandler > To Basket > Foul
Aurora Spartans,2024-11-20,345,H2,03:54 (H2),UW-Whitewater,Jameer Barker,free_throw_missed,Jameer Barker Misses Free Throw (1 of 2),,66.0,60.0,"Carter Capstran, Collin Madson, Isaac Verges, JT Hoytink, Jameer Barker","Dwayne Jervier Jr., Isaiah Davis, Joevonn McCottry, Mekhi Doby, Noah Butler",1 Jameer Barker > Non Possession > Free Throw
Aurora Spartans,2024-11-20,347,H2,03:54 (H2),UW-Whitewater,Jameer Barker,free_throw_missed,Jameer Barker Misses Free Throw (2 of 2),,66.0,60.0,"Carter Capstran, Collin Madson, Isaac Verges, JT Hoytink, Jameer Barker","Dwayne Jervier Jr., Isaiah Davis, Joevonn McCottry, Mekhi Doby, Noah Butler",1 Jameer Barker > Non Possession > Free Throw
Aurora Spartans,2024-11-20,349,H2,03:41 (H2),Aurora Spartans,Joevonn McCottry,made_shot,Joevonn McCottry Makes 2PT Layup,2,66.0,62.0,"Carter Capstran, Collin Madson, Isaac Verges, JT Hoytink, Jameer Barker","Dwayne Jervier Jr., Isaiah Davis, Joevonn McCottry, Mekhi Doby, Noah Butler",
Aurora Spartans,2024-11-20,350,H2,03:41 (H2),UW-Whitewater,Jameer Barker,foul,Jameer Barker Commits Personal Foul,,66.0,62.0,"Carter Capstran, Collin Madson, Isaac Verges, JT Hoytink, Jameer Barker","Dwayne Jervier Jr., Isaiah Davis, Joevonn McCottry, Mekhi Doby, Noah Butler",
Aurora Spartans,2024-11-20,351,H2,03:41 (H2),Aurora Spartans,Joevonn McCottry,free_throw_made,Joevonn McCottry Makes Free Throw (1 of 1),,66.0,63.0,"Carter Capstran, Collin Madson, Isaac Verges, JT Hoytink, Jameer Barker","Dwayne Jervier Jr., Isaiah Davis, Joevonn McCottry, Mekhi Doby, Noah Butler",
Aurora Spartans,2024-11-20,352,H2,03:16 (H2),UW-Whitewater,Jameer Barker,missed_shot,Jameer Barker Misses 2PT Jump Shot (Blocked),2,66.0,63.0,"Carter Capstran, Collin Madson, Isaac Verges, JT Hoytink, Jameer Barker","Dwayne Jervier Jr., Isaiah Davis, Joevonn McCottry, Mekhi Doby, Noah Butler",1 Jameer Barker > Post-Up > Right Block > Right Shoulder > Dribble Move > To Basket > Miss 2 Pts
Aurora Spartans,2024-11-20,353,H2,03:16 (H2),Aurora Spartans,Joevonn McCottry,block,Joevonn McCottry Blocks,,66.0,63.0,"Carter Capstran, Collin Madson, Isaac Verges, JT Hoytink, Jameer Barker","Dwayne Jervier Jr., Isaiah Davis, Joevonn McCottry, Mekhi Doby, Noah Butler",
Aurora Spartans,2024-11-20,355,H2,03:12 (H2),UW-Whitewater,Carter Capstran,foul,Carter Capstran Commits Offensive Foul,,66.0,63.0,"Carter Capstran, Collin Madson, Isaac Verges, JT Hoytink, Jameer Barker","Dwayne Jervier Jr., Isaiah Davis, Joevonn McCottry, Mekhi Doby, Noah Butler",
Aurora Spartans,2024-11-20,356,H2,03:12 (H2),UW-Whitewater,Carter Capstran,turnover,Carter Capstran Turnover (Offensive Foul),,66.0,63.0,"Carter Capstran, Collin Madson, Isaac Verges, JT Hoytink, Jameer Barker","Dwayne Jervier Jr., Isaiah Davis, Joevonn McCottry, Mekhi Doby, Noah Butler",23 Carter Capstran > Offensive Rebound > Short > Turnover
Aurora Spartans,2024-11-20,357,H2,03:04 (H2),Aurora Spartans,Noah Butler,made_shot,Noah Butler Makes 2PT Layup,2,66.0,65.0,"Carter Capstran, Collin Madson, Isaac Verges, JT Hoytink, Jameer Barker","Dwayne Jervier Jr., Isaiah Davis, Joevonn McCottry, Mekhi Doby, Noah Butler",11 Mekhi Doby > P&R Ball Handler > High P&R > Dribble Off Pick > Defense Commits > Ball Delivered > 2 Noah Butler > Cut > Basket > Make 2 Pts
Aurora Spartans,2024-11-20,358,H2,03:04 (H2),Aurora Spartans,Mekhi Doby,assist,Mekhi Doby Assists,,66.0,65.0,"Carter Capstran, Collin Madson, Isaac Verges, JT Hoytink, Jameer Barker","Dwayne Jervier Jr., Isaiah Davis, Joevonn McCottry, Mekhi Doby, Noah Butler",
Aurora Spartans,2024-11-20,359,H2,02:38 (H2),UW-Whitewater,Isaac Verges,made_shot,Isaac Verges Makes 3PT Jump Shot,3,69.0,65.0,"Carter Capstran, Collin Madson, Isaac Verges, JT Hoytink, Jameer Barker","Dwayne Jervier Jr., Isaiah Davis, Joevonn McCottry, Mekhi Doby, Noah Butler",23 Carter Capstran > Post-Up > Left Block > Left Shoulder > Dribble Move > Defense Commits > Ball Delivered > 0 Isaac Verges > Spot-Up > No Dribble Jumper > Open > Long/3pt > Make 3 Pts
Aurora Spartans,2024-11-20,360,H2,02:38 (H2),UW-Whitewater,Carter Capstran,assist,Carter Capstran Assists,,69.0,65.0,"Carter Capstran, Collin Madson, Isaac Verges, JT Hoytink, Jameer Barker","Dwayne Jervier Jr., Isaiah Davis, Joevonn McCottry, Mekhi Doby, Noah Butler",
Aurora Spartans,2024-11-20,364,H2,02:24 (H2),UW-Whitewater,Jameer Barker,foul,Jameer Barker Commits Personal Foul,,69.0,65.0,"Carter Capstran, Collin Madson, JT Hoytink, Jameer Barker, Richie Warren","Dwayne Jervier Jr., Isaiah Davis, Joevonn McCottry, Mekhi Doby, Noah Butler",11 Mekhi Doby > ISO > Top > Drives Left > Foul
Aurora Spartans,2024-11-20,365,H2,02:24 (H2),Aurora Spartans,Mekhi Doby,free_throw_made,Mekhi Doby Makes Free Throw (1 of 2),,69.0,66.0,"Carter Capstran, Collin Madson, JT Hoytink, Jameer Barker, Richie Warren","Dwayne Jervier Jr., Isaiah Davis, Joevonn McCottry, Mekhi Doby, Noah Butler",11 Mekhi Doby > Non Possession > Free Throw
Aurora Spartans,2024-11-20,366,H2,02:24 (H2),Aurora Spartans,Mekhi Doby,free_throw_missed,Mekhi Doby Misses Free Throw (2 of 2),,69.0,66.0,"Carter Capstran, Collin Madson, JT Hoytink, Jameer Barker, Richie Warren","Dwayne Jervier Jr., Isaiah Davis, Joevonn McCottry, Mekhi Doby, Noah Butler",11 Mekhi Doby > Non Possession > Free Throw
Aurora Spartans,2024-11-20,370,H2,02:24 (H2),Aurora Spartans,Isaiah Davis,turnover,Isaiah Davis Turnover (Bad Pass),,69.0,66.0,"Carter Capstran, Collin Madson, Isaac Verges, JT Hoytink, Richie Warren","Dwayne Jervier Jr., Isaiah Davis, Joevonn McCottry, Mekhi Doby, Noah Butler",
Aurora Spartans,2024-11-20,371,H2,02:24 (H2),UW-Whitewater,Isaac Verges,steal,Isaac Verges Steals,,69.0,66.0,"Carter Capstran, Collin Madson, Isaac Verges, JT Hoytink, Richie Warren","Dwayne Jervier Jr., Isaiah Davis, Joevonn McCottry, Mekhi Doby, Noah Butler",
Aurora Spartans,2024-11-20,372,H2,02:01 (H2),UW-Whitewater,JT Hoytink,made_shot,JT Hoytink Makes 2PT Driving Layup,2,71.0,66.0,"Carter Capstran, Collin Madson, Isaac Verges, JT Hoytink, Richie Warren","Dwayne Jervier Jr., Isaiah Davis, Joevonn McCottry, Mekhi Doby, Noah Butler",14 Jt Hoytink > Spot-Up > Drives Left > To Basket > Make 2 Pts
Aurora Spartans,2024-11-20,373,H2,01:45 (H2),Aurora Spartans,Mekhi Doby,made_shot,Mekhi Doby Makes 2PT Turnaround Jump Shot,2,71.0,68.0,"Carter Capstran, Collin Madson, Isaac Verges, JT Hoytink, Richie Warren","Dwayne Jervier Jr., Isaiah Davis, Joevonn McCottry, Mekhi Doby, Noah Butler",11 Mekhi Doby > ISO > Left > Drives Right > Dribble Jumper > Short to < 17' > Make 2 Pts
Aurora Spartans,2024-11-20,377,H2,01:14 (H2),UW-Whitewater,JT Hoytink,turnover,JT Hoytink Turnover (Bad Pass),,71.0,68.0,"Carter Capstran, Collin Madson, JT Hoytink, Jameer Barker, Richie Warren","Dwayne Jervier Jr., Isaiah Davis, Joevonn McCottry, Mekhi Doby, Noah Butler",14 Jt Hoytink > No Play Type > Turnover
Aurora Spartans,2024-11-20,378,H2,01:14 (H2),Aurora Spartans,Joevonn McCottry,steal,Joevonn McCottry Steals,,71.0,68.0,"Carter Capstran, Collin Madson, JT Hoytink, Jameer Barker, Richie Warren","Dwayne Jervier Jr., Isaiah Davis, Joevonn McCottry, Mekhi Doby, Noah Butler",
Aurora Spartans,2024-11-20,379,H2,01:09 (H2),Aurora Spartans,Joevonn McCottry,made_shot,Joevonn McCottry Makes 2PT Layup,2,71.0,70.0,"Carter Capstran, Collin Madson, JT Hoytink, Jameer Barker, Richie Warren","Dwayne Jervier Jr., Isaiah Davis, Joevonn McCottry, Mekhi Doby, Noah Butler",1 Joevonn McCottry > Transition > Right Wing > To Basket > Make 2 Pts
Aurora Spartans,2024-11-20,380,H2,01:09 (H2),Aurora Spartans,Dwayne Jervier Jr.,assist,Dwayne Jervier Jr. Assists,,71.0,70.0,"Carter Capstran, Collin Madson, JT Hoytink, Jameer Barker, Richie Warren","Dwayne Jervier Jr., Isaiah Davis, Joevonn McCottry, Mekhi Doby, Noah Butler",
Aurora Spartans,2024-11-20,384,H2,00:40 (H2),UW-Whitewater,Jameer Barker,made_shot,Jameer Barker Makes 2PT Driving Layup,2,73.0,70.0,"Carter Capstran, Collin Madson, Isaac Verges, Jameer Barker, Richie Warren","Dwayne Jervier Jr., Isaiah Davis, Joevonn McCottry, Mekhi Doby, Noah Butler",1 Jameer Barker > ISO > Top > Drives Left > To Basket > Make 2 Pts
Aurora Spartans,2024-11-20,385,H2,00:24 (H2),UW-Whitewater,Richie Warren,foul,Richie Warren Commits Personal Foul,,73.0,70.0,"Carter Capstran, Collin Madson, Isaac Verges, Jameer Barker, Richie Warren","Dwayne Jervier Jr., Isaiah Davis, Joevonn McCottry, Mekhi Doby, Noah Butler",2 Noah Butler > Spot-Up > Drives Left > To Basket > Foul
Aurora Spartans,2024-11-20,386,H2,00:24 (H2),Aurora Spartans,Noah Butler,free_throw_missed,Noah Butler Misses Free Throw (1 of 2),,73.0,70.0,"Carter Capstran, Collin Madson, Isaac Verges, Jameer Barker, Richie Warren","Dwayne Jervier Jr., Isaiah Davis, Joevonn McCottry, Mekhi Doby, Noah Butler",2 Noah Butler > Non Possession > Free Throw
Aurora Spartans,2024-11-20,388,H2,00:24 (H2),Aurora Spartans,Noah Butler,free_throw_made,Noah Butler Makes Free Throw (2 of 2),,73.0,71.0,"Carter Capstran, Collin Madson, Isaac Verges, Jameer Barker, Richie Warren","Dwayne Jervier Jr., Isaiah Davis, Joevonn McCottry, Mekhi Doby, Noah Butler",2 Noah Butler > Non Possession > Free Throw
Aurora Spartans,2024-11-20,391,H2,00:16 (H2),Aurora Spartans,Mekhi Doby,foul,Mekhi Doby Commits Personal Foul,,73.0,71.0,"Carter Capstran, Collin Madson, Isaac Verges, JT Hoytink, Jameer Barker","Dwayne Jervier Jr., Isaiah Davis, Joevonn McCottry, Mekhi Doby, Noah Butler",14 Jt Hoytink > No Play Type > Foul
Aurora Spartans,2024-11-20,393,H2,00:16 (H2),UW-Whitewater,JT Hoytink,free_throw_made,JT Hoytink Makes Free Throw (1 of 2),,74.0,71.0,"Carter Capstran, Collin Madson, Isaac Verges, JT Hoytink, Jameer Barker","Dwayne Jervier Jr., Isaiah Davis, Joevonn McCottry, Mekhi Doby, Noah Butler",14 Jt Hoytink > Non Possession > Free Throw
Aurora Spartans,2024-11-20,394,H2,00:16 (H2),UW-Whitewater,JT Hoytink,free_throw_made,JT Hoytink Makes Free Throw (2 of 2),,75.0,71.0,"Carter Capstran, Collin Madson, Isaac Verges, JT Hoytink, Jameer Barker","Dwayne Jervier Jr., Isaiah Davis, Joevonn McCottry, Mekhi Doby, Noah Butler",14 Jt Hoytink > Non Possession > Free Throw
Aurora Spartans,2024-11-20,395,H2,00:07 (H2),UW-Whitewater,JT Hoytink,foul,JT Hoytink Commits Personal Foul,,75.0,71.0,"Carter Capstran, Collin Madson, Isaac Verges, JT Hoytink, Jameer Barker","Dwayne Jervier Jr., Isaiah Davis, Joevonn McCottry, Mekhi Doby, Noah Butler",
Aurora Spartans,2024-11-20,396,H2,00:07 (H2),Aurora Spartans,Isaiah Davis,free_throw_made,Isaiah Davis Makes Free Throw (1 of 2),,75.0,72.0,"Carter Capstran, Collin Madson, Isaac Verges, JT Hoytink, Jameer Barker","Dwayne Jervier Jr., Isaiah Davis, Joevonn McCottry, Mekhi Doby, Noah Butler",
Aurora Spartans,2024-11-20,397,H2,00:07 (H2),Aurora Spartans,Isaiah Davis,free_throw_missed,Isaiah Davis Misses Free Throw (2 of 2),,75.0,72.0,"Carter Capstran, Collin Madson, Isaac Verges, JT Hoytink, Jameer Barker","Dwayne Jervier Jr., Isaiah Davis, Joevonn McCottry, Mekhi Doby, Noah Butler",
Aurora Spartans,2024-11-20,401,H2,00:05 (H2),Aurora Spartans,Noah Butler,foul,Noah Butler Commits Personal Foul,,75.0,72.0,"Carter Capstran, Collin Madson, Isaac Verges, Jameer Barker, Richie Warren","Dwayne Jervier Jr., Isaiah Davis, Joevonn McCottry, Mekhi Doby, Noah Butler",23 Carter Capstran > No Play Type > Foul
Aurora Spartans,2024-11-20,402,H2,00:05 (H2),UW-Whitewater,Carter Capstran,free_throw_missed,Carter Capstran Misses Free Throw (1 of 1),,75.0,72.0,"Carter Capstran, Collin Madson, Isaac Verges, Jameer Barker, Richie Warren","Dwayne Jervier Jr., Isaiah Davis, Joevonn McCottry, Mekhi Doby, Noah Butler",23 Carter Capstran > Non Possession > Free Throw
Aurora Spartans,2024-11-20,407,H2,00:00 (H2),Aurora Spartans,Mekhi Doby,missed_shot,Mekhi Doby Misses 3PT Jump Shot,3,75.0,72.0,"Carter Capstran, Collin Madson, Isaac Verges, JT Hoytink, Jameer Barker","Dwayne Jervier Jr., Isaiah Davis, Joevonn McCottry, Mekhi Doby, Noah Butler",11 Mekhi Doby > Transition > Ballhandler > Dribble Jumper > Long/3pt > Miss 3 Pts
Coe Kohawks,2024-11-23,393,H2,04:46 (H2),Coe Kohawks,Bennett Sherry,made_shot,Bennett Sherry Makes 2PT Driving Layup,2,50.0,58.0,"Carter Capstran, Collin Madson, JT Hoytink, Luke Bara, Richie Warren","Bennett Sherry, Cooper Nailor, Jackson Bowman, John Steffen, Ryan Dolphin",32 Bennett Sherry > Post-Up > Left Block > Face-up > Drive Baseline > Make 2 Pts
Coe Kohawks,2024-11-23,394,H2,04:29 (H2),UW-Whitewater,JT Hoytink,missed_shot,JT Hoytink Misses 3PT Jump Shot,3,50.0,58.0,"Carter Capstran, Collin Madson, JT Hoytink, Luke Bara, Richie Warren","Bennett Sherry, Cooper Nailor, Jackson Bowman, John Steffen, Ryan Dolphin",14 Jt Hoytink > No Play Type > Dribble Jumper > Long/3pt > Miss 3 Pts
Coe Kohawks,2024-11-23,396,H2,04:26 (H2),UW-Whitewater,Carter Capstran,missed_shot,Carter Capstran Misses 2PT,2,50.0,58.0,"Carter Capstran, Collin Madson, JT Hoytink, Luke Bara, Richie Warren","Bennett Sherry, Cooper Nailor, Jackson Bowman, John Steffen, Ryan Dolphin",
Coe Kohawks,2024-11-23,398,H2,04:23 (H2),UW-Whitewater,Richie Warren,made_shot,Richie Warren Makes 2PT Layup,2,52.0,58.0,"Carter Capstran, Collin Madson, JT Hoytink, Luke Bara, Richie Warren","Bennett Sherry, Cooper Nailor, Jackson Bowman, John Steffen, Ryan Dolphin",24 Richie Warren > Offensive Rebound > Short > Scoring Attempt > At Basket > Make 2 Pts
Coe Kohawks,2024-11-23,400,H2,03:56 (H2),UW-Whitewater,Carter Capstran,foul,Carter Capstran Commits Personal Foul,,52.0,58.0,"Carter Capstran, Collin Madson, JT Hoytink, Luke Bara, Richie Warren","Bennett Sherry, Cooper Nailor, Jackson Bowman, John Steffen, Ryan Dolphin",24 Cooper Nailor > P&R Ball Handler > High P&R > Dribble Off Pick > Defense Commits > Foul
Coe Kohawks,2024-11-23,401,H2,03:56 (H2),Coe Kohawks,Cooper Nailor,free_throw_made,Cooper Nailor Makes Free Throw (1 of 2),,52.0,59.0,"Carter Capstran, Collin Madson, JT Hoytink, Luke Bara, Richie Warren","Bennett Sherry, Cooper Nailor, Jackson Bowman, John Steffen, Ryan Dolphin",24 Cooper Nailor > Non Possession > Free Throw
Coe Kohawks,2024-11-23,402,H2,03:56 (H2),Coe Kohawks,Cooper Nailor,free_throw_made,Cooper Nailor Makes Free Throw (2 of 2),,52.0,60.0,"Carter Capstran, Collin Madson, JT Hoytink, Luke Bara, Richie Warren","Bennett Sherry, Cooper Nailor, Jackson Bowman, John Steffen, Ryan Dolphin",24 Cooper Nailor > Non Possession > Free Throw
Coe Kohawks,2024-11-23,403,H2,03:38 (H2),UW-Whitewater,Luke Bara,missed_shot,Luke Bara Misses 3PT Jump Shot,3,52.0,60.0,"Carter Capstran, Collin Madson, JT Hoytink, Luke Bara, Richie Warren","Bennett Sherry, Cooper Nailor, Jackson Bowman, John Steffen, Ryan Dolphin",32 Luke Bara > Spot-Up > No Dribble Jumper > Guarded > Long/3pt > Miss 3 Pts
Coe Kohawks,2024-11-23,405,H2,03:25 (H2),UW-Whitewater,Luke Bara,turnover,Luke Bara Turnover (Bad Pass),,52.0,60.0,"Carter Capstran, Collin Madson, JT Hoytink, Luke Bara, Richie Warren","Bennett Sherry, Cooper Nailor, Jackson Bowman, John Steffen, Ryan Dolphin",32 Luke Bara > No Play Type > Turnover
Coe Kohawks,2024-11-23,406,H2,03:08 (H2),Coe Kohawks,Bennett Sherry,missed_shot,Bennett Sherry Misses 2PT Jump Shot,2,52.0,60.0,"Carter Capstran, Collin Madson, JT Hoytink, Luke Bara, Richie Warren","Bennett Sherry, Cooper Nailor, Jackson Bowman, John Steffen, Ryan Dolphin",32 Bennett Sherry > Off Screen > To Shooter's Right > Straight > No Dribble Jumper > Guarded > Medium/17' to <3p > Miss 2 Pts
Coe Kohawks,2024-11-23,408,H2,02:44 (H2),UW-Whitewater,Carter Capstran,missed_shot,Carter Capstran Misses 3PT Jump Shot,3,52.0,60.0,"Carter Capstran, Collin Madson, JT Hoytink, Luke Bara, Richie Warren","Bennett Sherry, Cooper Nailor, Jackson Bowman, John Steffen, Ryan Dolphin",23 Carter Capstran > Spot-Up > No Dribble Jumper > Guarded > Long/3pt > Miss 3 Pts
Coe Kohawks,2024-11-23,410,H2,02:39 (H2),UW-Whitewater,Collin Madson,foul,Collin Madson Commits Personal Foul,,52.0,60.0,"Carter Capstran, Collin Madson, JT Hoytink, Luke Bara, Richie Warren","Bennett Sherry, Cooper Nailor, Jackson Bowman, John Steffen, Ryan Dolphin",2 Ryan Dolphin > No Play Type > Foul
Coe Kohawks,2024-11-23,421,H2,01:49 (H2),UW-Whitewater,Collin Madson,made_shot,Collin Madson Makes 3PT Jump Shot,3,57.0,65.0,"Carter Capstran, Collin Madson, Isaac Verges, JT Hoytink, Richie Warren","Bennett Sherry, Cooper Nailor, Jackson Bowman, John Steffen, Ryan Dolphin",15 Collin Madson > P&R Ball Handler > Left P&R > Side > Dribble Off Pick > Dribble Jumper > Long/3pt > Make 3 Pts
Coe Kohawks,2024-11-23,423,H2,01:44 (H2),UW-Whitewater,Richie Warren,foul,Richie Warren Commits Personal Foul,,57.0,65.0,"Carter Capstran, Collin Madson, Isaac Verges, JT Hoytink, Richie Warren","Bennett Sherry, Cooper Nailor, Jackson Bowman, John Steffen, Ryan Dolphin",24 Cooper Nailor > No Play Type > Foul
Coe Kohawks,2024-11-23,426,H2,01:30 (H2),UW-Whitewater,Richie Warren,made_shot,Richie Warren Makes 2PT Dunk,2,59.0,67.0,"Carter Capstran, Collin Madson, Isaac Verges, JT Hoytink, Richie Warren","Bennett Sherry, Cooper Nailor, Jackson Bowman, John Steffen, Ryan Dolphin",24 Richie Warren > Cut > Basket > Make 2 Pts
Coe Kohawks,2024-11-23,427,H2,01:30 (H2),UW-Whitewater,Carter Capstran,assist,Carter Capstran Assists,,59.0,67.0,"Carter Capstran, Collin Madson, Isaac Verges, JT Hoytink, Richie Warren","Bennett Sherry, Cooper Nailor, Jackson Bowman, John Steffen, Ryan Dolphin",
Coe Kohawks,2024-11-23,431,H2,01:22 (H2),UW-Whitewater,Carter Capstran,foul,Carter Capstran Commits Personal Foul,,59.0,67.0,"Carter Capstran, Collin Madson, Isaac Verges, JT Hoytink, Richie Warren","Bennett Sherry, Cole Hrubes, Cooper Nailor, John Steffen, Ryan Dolphin",1 Cole Hrubes > No Play Type > Foul
Coe Kohawks,2024-11-23,432,H2,01:22 (H2),Coe Kohawks,Cole Hrubes,free_throw_missed,Cole Hrubes Misses Free Throw (1 of 2),,59.0,67.0,"Carter Capstran, Collin Madson, Isaac Verges, JT Hoytink, Richie Warren","Bennett Sherry, Cole Hrubes, Cooper Nailor, John Steffen, Ryan Dolphin",1 Cole Hrubes > Non Possession > Free Throw
Coe Kohawks,2024-11-23,434,H2,01:22 (H2),Coe Kohawks,Cole Hrubes,free_throw_missed,Cole Hrubes Misses Free Throw (2 of 2),,59.0,67.0,"Carter Capstran, Collin Madson, Isaac Verges, JT Hoytink, Richie Warren","Bennett Sherry, Cole Hrubes, Cooper Nailor, John Steffen, Ryan Dolphin",1 Cole Hrubes > Non Possession > Free Throw
Coe Kohawks,2024-11-23,437,H2,01:12 (H2),Coe Kohawks,Bennett Sherry,foul,Bennett Sherry Commits Personal Foul,,59.0,67.0,"Carter Capstran, Collin Madson, Isaac Verges, JT Hoytink, Richie Warren","Bennett Sherry, Cole Hrubes, Cooper Nailor, John Steffen, Ryan Dolphin",15 Collin Madson > P&R Ball Handler > High P&R > Dribble Off Pick > Dribble Jumper > Long/3pt > Foul
Coe Kohawks,2024-11-23,438,H2,01:12 (H2),UW-Whitewater,Collin Madson,free_throw_missed,Collin Madson Misses Free Throw (1 of 3),,59.0,67.0,"Carter Capstran, Collin Madson, Isaac Verges, JT Hoytink, Richie Warren","Bennett Sherry, Cole Hrubes, Cooper Nailor, John Steffen, Ryan Dolphin",15 Collin Madson > Non Possession > Free Throw
Coe Kohawks,2024-11-23,439,H2,01:12 (H2),UW-Whitewater,Collin Madson,free_throw_missed,Collin Madson Misses Free Throw (2 of 3),,59.0,67.0,"Carter Capstran, Collin Madson, Isaac Verges, JT Hoytink, Richie Warren","Bennett Sherry, Cole Hrubes, Cooper Nailor, John Steffen, Ryan Dolphin",15 Collin Madson > Non Possession > Free Throw
Coe Kohawks,2024-11-23,441,H2,01:12 (H2),UW-Whitewater,Collin Madson,free_throw_made,Collin Madson Makes Free Throw (3 of 3),,60.0,67.0,"Carter Capstran, Collin Madson, Isaac Verges, JT Hoytink, Richie Warren","Bennett Sherry, Cole Hrubes, Cooper Nailor, John Steffen, Ryan Dolphin",15 Collin Madson > Non Possession > Free Throw
Coe Kohawks,2024-11-23,444,H2,01:07 (H2),UW-Whitewater,Isaac Verges,foul,Isaac Verges Commits Personal Foul,,60.0,67.0,"Carter Capstran, Collin Madson, Isaac Verges, JT Hoytink, Richie Warren","Bennett Sherry, Cole Hrubes, Cooper Nailor, John Steffen, Ryan Dolphin",23 John Steffen > No Play Type > Foul
Coe Kohawks,2024-11-23,445,H2,01:06 (H2),Coe Kohawks,John Steffen,free_throw_made,John Steffen Makes Free Throw (1 of 2),,60.0,68.0,"Carter Capstran, Collin Madson, Isaac Verges, JT Hoytink, Richie Warren","Bennett Sherry, Cole Hrubes, Cooper Nailor, John Steffen, Ryan Dolphin",23 John Steffen > Non Possession > Free Throw
Carthage Firebirds,2024-11-30,363,H2,04:59 (H2),Carthage Firebirds,Ryan Johnson,foul,Ryan Johnson Commits Personal Foul,,51.0,59.0,"Carter Capstran, Collin Madson, Jake Quast, Jameer Barker, Joey Berezowitz","AJ Johnson, AJ Williams, Griffin Daun, Riley Brooks, Ryan Johnson",23 Carter Capstran > Cut > Screen > Foul
Carthage Firebirds,2024-11-30,364,H2,04:59 (H2),UW-Whitewater,Carter Capstran,free_throw_missed,Carter Capstran Misses Free Throw (1 of 2),,51.0,59.0,"Carter Capstran, Collin Madson, Jake Quast, Jameer Barker, Joey Berezowitz","AJ Johnson, AJ Williams, Griffin Daun, Riley Brooks, Ryan Johnson",23 Carter Capstran > Non Possession > Free Throw
Carthage Firebirds,2024-11-30,366,H2,04:59 (H2),UW-Whitewater,Carter Capstran,free_throw_missed,Carter Capstran Misses Free Throw (2 of 2),,51.0,59.0,"Carter Capstran, Collin Madson, Jake Quast, Jameer Barker, Joey Berezowitz","AJ Johnson, AJ Williams, Griffin Daun, Riley Brooks, Ryan Johnson",23 Carter Capstran > Non Possession > Free Throw
Carthage Firebirds,2024-11-30,368,H2,04:52 (H2),UW-Whitewater,Jake Quast,made_shot,Jake Quast Makes 3PT Jump Shot,3,54.0,59.0,"Carter Capstran, Collin Madson, Jake Quast, Jameer Barker, Joey Berezowitz","AJ Johnson, AJ Williams, Griffin Daun, Riley Brooks, Ryan Johnson",12 Jake Quast > Spot-Up > No Dribble Jumper > Guarded > Long/3pt > Make 3 Pts
Carthage Firebirds,2024-11-30,369,H2,04:52 (H2),UW-Whitewater,Jameer Barker,assist,Jameer Barker Assists,,54.0,59.0,"Carter Capstran, Collin Madson, Jake Quast, Jameer Barker, Joey Berezowitz","AJ Johnson, AJ Williams, Griffin Daun, Riley Brooks, Ryan Johnson",
Carthage Firebirds,2024-11-30,370,H2,04:22 (H2),Carthage Firebirds,Ryan Johnson,missed_shot,Ryan Johnson Misses 2PT Jump Shot,2,54.0,59.0,"Carter Capstran, Collin Madson, Jake Quast, Jameer Barker, Joey Berezowitz","AJ Johnson, AJ Williams, Griffin Daun, Riley Brooks, Ryan Johnson",10 Ryan Johnson > Post-Up > Left Block > Face-up > Drive Middle > Miss 2 Pts
Carthage Firebirds,2024-11-30,372,H2,04:14 (H2),UW-Whitewater,Jake Quast,missed_shot,Jake Quast Misses 3PT Jump Shot,3,54.0,59.0,"Carter Capstran, Collin Madson, Jake Quast, Jameer Barker, Joey Berezowitz","AJ Johnson, AJ Williams, Griffin Daun, Riley Brooks, Ryan Johnson",12 Jake Quast > Transition > Right Wing > No Dribble Jumper > Open > Long/3pt > Miss 3 Pts
Carthage Firebirds,2024-11-30,374,H2,03:51 (H2),Carthage Firebirds,AJ Johnson,made_shot,AJ Johnson Makes 2PT,2,54.0,61.0,"Carter Capstran, Collin Madson, Jake Quast, Jameer Barker, Joey Berezowitz","AJ Johnson, AJ Williams, Griffin Daun, Riley Brooks, Ryan Johnson",15 Aj Johnson > P&R Ball Handler > High P&R > Go Away from Pick > To Basket > Make 2 Pts Foul > 1 Pts
Carthage Firebirds,2024-11-30,375,H2,03:51 (H2),UW-Whitewater,Jake Quast,foul,Jake Quast Commits Personal Foul,,54.0,61.0,"Carter Capstran, Collin Madson, Jake Quast, Jameer Barker, Joey Berezowitz","AJ Johnson, AJ Williams, Griffin Daun, Riley Brooks, Ryan Johnson",
Carthage Firebirds,2024-11-30,378,H2,03:51 (H2),Carthage Firebirds,AJ Johnson,free_throw_made,AJ Johnson Makes Free Throw (1 of 1),,54.0,62.0,"Carter Capstran, Collin Madson, Jake Quast, Jameer Barker, Joey Berezowitz","AJ Johnson, AJ Williams, Griffin Daun, Riley Brooks, Ryan Johnson",15 Aj Johnson > Non Possession > Free Throw
Carthage Firebirds,2024-11-30,379,H2,03:38 (H2),UW-Whitewater,Jameer Barker,missed_shot,Jameer Barker Misses 2PT Layup (Blocked),2,54.0,62.0,"Carter Capstran, Collin Madson, Jake Quast, Jameer Barker, Joey Berezowitz","AJ Johnson, AJ Williams, Griffin Daun, Riley Brooks, Ryan Johnson",1 Jameer Barker > Cut > Flash > Miss 2 Pts
Carthage Firebirds,2024-11-30,380,H2,03:38 (H2),Carthage Firebirds,Ryan Johnson,block,Ryan Johnson Blocks,,54.0,62.0,"Carter Capstran, Collin Madson, Jake Quast, Jameer Barker, Joey Berezowitz","AJ Johnson, AJ Williams, Griffin Daun, Riley Brooks, Ryan Johnson",
Carthage Firebirds,2024-11-30,382,H2,03:27 (H2),UW-Whitewater,Jake Quast,foul,Jake Quast Commits Personal Foul,,54.0,62.0,"Carter Capstran, Collin Madson, Jake Quast, Jameer Barker, Joey Berezowitz","AJ Johnson, AJ Williams, Griffin Daun, Riley Brooks, Ryan Johnson",15 Aj Johnson > P&R Ball Handler > High P&R > Dribble Off Pick > Defense Commits > Ball Delivered > 10 Ryan Johnson > P&R Roll Man > Pick and Pops > Drives Left > Foul
Carthage Firebirds,2024-11-30,431,H2,00:41 (H2),UW-Whitewater,Joey Berezowitz,made_shot,Joey Berezowitz Makes 3PT Jump Shot,3,60.0,66.0,"Carter Capstran, Collin Madson, JT Hoytink, Jameer Barker, Joey Berezowitz","AJ Johnson, AJ Williams, Griffin Daun, Riley Brooks, Ryan Johnson",22 Joey Berezowitz > P&R Ball Handler > High P&R > Dribble Off Pick > Dribble Jumper > Long/3pt > Make 3 Pts
Carthage Firebirds,2024-11-30,437,H2,00:27 (H2),UW-Whitewater,Collin Madson,foul,Collin Madson Commits Personal Foul,,60.0,66.0,"Collin Madson, JT Hoytink, Jameer Barker, Joey Berezowitz, Richie Warren","AJ Johnson, AJ Williams, Griffin Daun, Riley Brooks, Ryan Johnson",10 Ryan Johnson > No Play Type > Foul
Carthage Firebirds,2024-11-30,438,H2,00:27 (H2),Carthage Firebirds,Ryan Johnson,free_throw_made,Ryan Johnson Makes Free Throw (1 of 2),,60.0,67.0,"Collin Madson, JT Hoytink, Jameer Barker, Joey Berezowitz, Richie Warren","AJ Johnson, AJ Williams, Griffin Daun, Riley Brooks, Ryan Johnson",10 Ryan Johnson > Non Possession > Free Throw
Carthage Firebirds,2024-11-30,439,H2,00:27 (H2),Carthage Firebirds,Ryan Johnson,free_throw_made,Ryan Johnson Makes Free Throw (2 of 2),,60.0,68.0,"Collin Madson, JT Hoytink, Jameer Barker, Joey Berezowitz, Richie Warren","AJ Johnson, AJ Williams, Griffin Daun, Riley Brooks, Ryan Johnson",10 Ryan Johnson > Non Possession > Free Throw
Carthage Firebirds,2024-11-30,442,H2,00:20 (H2),UW-Whitewater,Carter Capstran,missed_shot,Carter Capstran Misses 3PT Jump Shot,3,60.0,68.0,"Carter Capstran, Collin Madson, JT Hoytink, Jameer Barker, Joey Berezowitz","AJ Johnson, AJ Williams, Griffin Daun, Riley Brooks, Ryan Johnson",22 Joey Berezowitz > P&R Ball Handler > High P&R > Go Away from Pick > Defense Commits > Ball Delivered > 23 Carter Capstran > P&R Roll Man > Pick and Pops > No Dribble Jumper > Guarded > Long/3pt > Miss 3 Pts
Carthage Firebirds,2024-11-30,444,H2,00:15 (H2),UW-Whitewater,Jameer Barker,missed_shot,Jameer Barker Misses 3PT Jump Shot,3,60.0,68.0,"Carter Capstran, Collin Madson, JT Hoytink, Jameer Barker, Joey Berezowitz","AJ Johnson, AJ Williams, Griffin Daun, Riley Brooks, Ryan Johnson",1 Jameer Barker > Spot-Up > No Dribble Jumper > Guarded > Long/3pt > Miss 3 Pts
Carthage Firebirds,2024-11-30,446,H2,00:11 (H2),UW-Whitewater,Joey Berezowitz,missed_shot,Joey Berezowitz Misses 3PT Jump Shot,3,60.0,68.0,"Carter Capstran, Collin Madson, JT Hoytink, Jameer Barker, Joey Berezowitz","AJ Johnson, AJ Williams, Griffin Daun, Riley Brooks, Ryan Johnson",22 Joey Berezowitz > Spot-Up > No Dribble Jumper > Guarded > Long/3pt > Miss 3 Pts
Carthage Firebirds,2024-11-30,448,H2,00:09 (H2),UW-Whitewater,Jameer Barker,foul,Jameer Barker Commits Personal Foul,,60.0,68.0,"Carter Capstran, Collin Madson, JT Hoytink, Jameer Barker, Joey Berezowitz","AJ Johnson, AJ Williams, Griffin Daun, Riley Brooks, Ryan Johnson",21 Griffin Daun > No Play Type > Foul
Carthage Firebirds,2024-11-30,449,H2,00:09 (H2),Carthage Firebirds,Griffin Daun,free_throw_missed,Griffin Daun Misses Free Throw (1 of 2),,60.0,68.0,"Carter Capstran, Collin Madson, JT Hoytink, Jameer Barker, Joey Berezowitz","AJ Johnson, AJ Williams, Griffin Daun, Riley Brooks, Ryan Johnson",21 Griffin Daun > Non Possession > Free Throw
Carthage Firebirds,2024-11-30,451,H2,00:09 (H2),Carthage Firebirds,Griffin Daun,free_throw_missed,Griffin Daun Misses Free Throw (2 of 2),,60.0,68.0,"Carter Capstran, Collin Madson, JT Hoytink, Jameer Barker, Joey Berezowitz","AJ Johnson, AJ Williams, Griffin Daun, Riley Brooks, Ryan Johnson",21 Griffin Daun > Non Possession > Free Throw
Carthage Firebirds,2024-11-30,453,H2,00:03 (H2),UW-Whitewater,Jameer Barker,made_shot,Jameer Barker Makes 3PT Pull Up Jump Shot,3,63.0,68.0,"Carter Capstran, Collin Madson, JT Hoytink, Jameer Barker, Joey Berezowitz","AJ Johnson, AJ Williams, Griffin Daun, Riley Brooks, Ryan Johnson",1 Jameer Barker > Transition > Ballhandler > Dribble Jumper > Long/3pt > Make 3 Pts
Carthage Firebirds,2024-11-30,457,H2,00:02 (H2),UW-Whitewater,Joey Berezowitz,foul,Joey Berezowitz Commits Personal Foul,,63.0,68.0,"Carter Capstran, Collin Madson, JT Hoytink, Jameer Barker, Joey Berezowitz","AJ Johnson, AJ Williams, Colton Sigel, Riley Brooks, Ryan Johnson",15 Aj Johnson > No Play Type > Foul
Carthage Firebirds,2024-11-30,458,H2,00:02 (H2),Carthage Firebirds,AJ Johnson,free_throw_missed,AJ Johnson Misses Free Throw (1 of 2),,63.0,68.0,"Carter Capstran, Collin Madson, JT Hoytink, Jameer Barker, Joey Berezowitz","AJ Johnson, AJ Williams, Colton Sigel, Riley Brooks, Ryan Johnson",15 Aj Johnson > Non Possession > Free Throw
Carthage Firebirds,2024-11-30,460,H2,00:02 (H2),Carthage Firebirds,AJ Johnson,free_throw_made,AJ Johnson Makes Free Throw (2 of 2),,63.0,69.0,"Carter Capstran, Collin Madson, JT Hoytink, Jameer Barker, Joey Berezowitz","AJ Johnson, AJ Williams, Colton Sigel, Riley Brooks, Ryan Johnson",15 Aj Johnson > Non Possession > Free Throw
Carthage Firebirds,2024-11-30,463,H2,00:00 (H2),UW-Whitewater,Jameer Barker,missed_shot,Jameer Barker Misses 3PT Pull Up Jump Shot,3,63.0,69.0,"Carter Capstran, Collin Madson, JT Hoytink, Jameer Barker, Joey Berezowitz","AJ Johnson, AJ Williams, Griffin Daun, Riley Brooks, Ryan Johnson",1 Jameer Barker > No Play Type > Dribble Jumper > Long/3pt > Miss 3 Pts
Virginia Wesleyan Marlins,2024-12-15,376,H2,04:46 (H2),Virginia Wesleyan Marlins,Amari Moorer,missed_shot,Amari Moorer Misses 2PT Jump Shot,2,51.0,50.0,"Carter Capstran, Collin Madson, Isaac Verges, Jameer Barker, Luke Bara","Amari Moorer, Amarion Wilson, Khai Seargeant, Omari Deveaux, Paul Anderson",15 Amari Moorer > Post-Up > Left Block > Left Shoulder > Dribble Move > To Hook > Miss 2 Pts
Virginia Wesleyan Marlins,2024-12-15,378,H2,04:44 (H2),Virginia Wesleyan Marlins,Amari Moorer,foul,Amari Moorer Commits Personal Foul,,51.0,50.0,"Carter Capstran, Collin Madson, Isaac Verges, Jameer Barker, Luke Bara","Amari Moorer, Amarion Wilson, Khai Seargeant, Omari Deveaux, Paul Anderson",
Virginia Wesleyan Marlins,2024-12-15,379,H2,04:24 (H2),UW-Whitewater,Jameer Barker,missed_shot,Jameer Barker Misses 2PT Layup (Blocked),2,51.0,50.0,"Carter Capstran, Collin Madson, Isaac Verges, Jameer Barker, Luke Bara","Amari Moorer, Amarion Wilson, Khai Seargeant, Omari Deveaux, Paul Anderson",1 Jameer Barker > P&R Ball Handler > High P&R > Dribble Off Pick > To Basket > Miss 2 Pts
Virginia Wesleyan Marlins,2024-12-15,380,H2,04:24 (H2),Virginia Wesleyan Marlins,Amarion Wilson,block,Amarion Wilson Blocks,,51.0,50.0,"Carter Capstran, Collin Madson, Isaac Verges, Jameer Barker, Luke Bara","Amari Moorer, Amarion Wilson, Khai Seargeant, Omari Deveaux, Paul Anderson",
Virginia Wesleyan Marlins,2024-12-15,382,H2,04:14 (H2),UW-Whitewater,Jameer Barker,made_shot,Jameer Barker Makes 3PT Jump Shot,3,54.0,50.0,"Carter Capstran, Collin Madson, Isaac Verges, Jameer Barker, Luke Bara","Amari Moorer, Amarion Wilson, Khai Seargeant, Omari Deveaux, Paul Anderson",1 Jameer Barker > P&R Ball Handler > High P&R > Dribble Off Pick > Dribble Jumper > Long/3pt > Make 3 Pts
Virginia Wesleyan Marlins,2024-12-15,384,H2,03:49 (H2),Virginia Wesleyan Marlins,Amari Moorer,made_shot,Amari Moorer Makes 2PT Jump Shot,2,54.0,52.0,"Carter Capstran, Collin Madson, Isaac Verges, Jameer Barker, Luke Bara","Amari Moorer, Amarion Wilson, Khai Seargeant, Omari Deveaux, Paul Anderson",15 Amari Moorer > Post-Up > Left Block > Left Shoulder > Dribble Move > To Hook > Make 2 Pts
Virginia Wesleyan Marlins,2024-12-15,385,H2,03:24 (H2),UW-Whitewater,Collin Madson,missed_shot,Collin Madson Misses 3PT Jump Shot,3,54.0,52.0,"Carter Capstran, Collin Madson, Isaac Verges, Jameer Barker, Luke Bara","Amari Moorer, Amarion Wilson, Khai Seargeant, Omari Deveaux, Paul Anderson",23 Carter Capstran > ISO > Top > Drives Left > Defense Commits > Ball Delivered > 15 Collin Madson > Spot-Up > No Dribble Jumper > Open > Long/3pt > Miss 3 Pts
Virginia Wesleyan Marlins,2024-12-15,387,H2,03:12 (H2),Virginia Wesleyan Marlins,Omari Deveaux,missed_shot,Omari Deveaux Misses 3PT Jump Shot,3,54.0,52.0,"Carter Capstran, Collin Madson, Isaac Verges, Jameer Barker, Luke Bara","Amari Moorer, Amarion Wilson, Khai Seargeant, Omari Deveaux, Paul Anderson",3 Omari Deveaux > P&R Ball Handler > High P&R > Takes Early Jump Shot > No Dribble Jumper > Guarded > Long/3pt > Miss 3 Pts
Virginia Wesleyan Marlins,2024-12-15,389,H2,03:08 (H2),Virginia Wesleyan Marlins,Paul Anderson,made_shot,Paul Anderson Makes 2PT Layup,2,54.0,54.0,"Carter Capstran, Collin Madson, Isaac Verges, Jameer Barker, Luke Bara","Amari Moorer, Amarion Wilson, Khai Seargeant, Omari Deveaux, Paul Anderson",2 Paul Anderson > Offensive Rebound > Short > Scoring Attempt > At Basket > Make 2 Pts
Virginia Wesleyan Marlins,2024-12-15,390,H2,02:39 (H2),UW-Whitewater,Luke Bara,missed_shot,Luke Bara Misses 3PT Jump Shot,3,54.0,54.0,"Carter Capstran, Collin Madson, Isaac Verges, Jameer Barker, Luke Bara","Amari Moorer, Amarion Wilson, Khai Seargeant, Omari Deveaux, Paul Anderson",32 Luke Bara > Hand Off > From Dribble > Right > No Dribble Jumper > Guarded > Long/3pt > Miss 3 Pts
Virginia Wesleyan Marlins,2024-12-15,397,H2,02:13 (H2),Virginia Wesleyan Marlins,Amari Moorer,made_shot,Amari Moorer Makes 2PT Jump Shot,2,54.0,56.0,"Carter Capstran, Isaac Verges, Jameer Barker, Luke Bara, Richie Warren","Amari Moorer, Amarion Wilson, Khai Seargeant, Omari Deveaux, Paul Anderson",15 Amari Moorer > Post-Up > Right Block > Left Shoulder > Dribble Move > To Hook > Make 2 Pts
Virginia Wesleyan Marlins,2024-12-15,398,H2,01:46 (H2),UW-Whitewater,Luke Bara,missed_shot,Luke Bara Misses 3PT Jump Shot,3,54.0,56.0,"Carter Capstran, Isaac Verges, Jameer Barker, Luke Bara, Richie Warren","Amari Moorer, Amarion Wilson, Khai Seargeant, Omari Deveaux, Paul Anderson",1 Jameer Barker > P&R Ball Handler > High P&R > Dribble Off Pick > Defense Commits > Ball Delivered > 32 Luke Bara > Spot-Up > No Dribble Jumper > Guarded > Long/3pt > Miss 3 Pts
Virginia Wesleyan Marlins,2024-12-15,400,H2,01:36 (H2),UW-Whitewater,Carter Capstran,made_shot,Carter Capstran Makes 2PT Layup,2,56.0,56.0,"Carter Capstran, Isaac Verges, Jameer Barker, Luke Bara, Richie Warren","Amari Moorer, Amarion Wilson, Khai Seargeant, Omari Deveaux, Paul Anderson",24 Richie Warren > Post-Up > Left Block > Left Shoulder > Dribble Move > Defense Commits > Ball Delivered > 23 Carter Capstran > Cut > Basket > Make 2 Pts
Virginia Wesleyan Marlins,2024-12-15,401,H2,01:36 (H2),UW-Whitewater,Richie Warren,assist,Richie Warren Assists,,56.0,56.0,"Carter Capstran, Isaac Verges, Jameer Barker, Luke Bara, Richie Warren","Amari Moorer, Amarion Wilson, Khai Seargeant, Omari Deveaux, Paul Anderson",
Virginia Wesleyan Marlins,2024-12-15,402,H2,01:10 (H2),Virginia Wesleyan Marlins,Khai Seargeant,made_shot,Khai Seargeant Makes 2PT Jump Shot,2,56.0,58.0,"Carter Capstran, Isaac Verges, Jameer Barker, Luke Bara, Richie Warren","Amari Moorer, Amarion Wilson, Khai Seargeant, Omari Deveaux, Paul Anderson",4 Khai Seargeant > P&R Ball Handler > High P&R > Dribble Off Pick > Dribble Jumper > Short to < 17' > Make 2 Pts
Virginia Wesleyan Marlins,2024-12-15,406,H2,00:51 (H2),UW-Whitewater,Jameer Barker,missed_shot,Jameer Barker Misses 3PT Jump Shot,3,56.0,58.0,"Carter Capstran, Isaac Verges, Jake Quast, Jameer Barker, Luke Bara","Amari Moorer, Amarion Wilson, Khai Seargeant, Omari Deveaux, Paul Anderson",1 Jameer Barker > Off Screen > To Shooter's Left > Straight > No Dribble Jumper > Guarded > Long/3pt > Miss 3 Pts
Virginia Wesleyan Marlins,2024-12-15,408,H2,00:22 (H2),Virginia Wesleyan Marlins,Amarion Wilson,made_shot,Amarion Wilson Makes 2PT Dunk,2,56.0,60.0,"Carter Capstran, Isaac Verges, Jake Quast, Jameer Barker, Luke Bara","Amari Moorer, Amarion Wilson, Khai Seargeant, Omari Deveaux, Paul Anderson",
Virginia Wesleyan Marlins,2024-12-15,409,H2,00:22 (H2),Virginia Wesleyan Marlins,Paul Anderson,assist,Paul Anderson Assists,,56.0,60.0,"Carter Capstran, Isaac Verges, Jake Quast, Jameer Barker, Luke Bara","Amari Moorer, Amarion Wilson, Khai Seargeant, Omari Deveaux, Paul Anderson",
Virginia Wesleyan Marlins,2024-12-15,412,H2,00:16 (H2),UW-Whitewater,Luke Bara,missed_shot,Luke Bara Misses 3PT Jump Shot,3,56.0,60.0,"Carter Capstran, Collin Madson, Jake Quast, Jameer Barker, Luke Bara","Amari Moorer, Amarion Wilson, Khai Seargeant, Omari Deveaux, Paul Anderson",32 Luke Bara > Transition > Right Wing > Dribble Jumper > Long/3pt > Miss 3 Pts
Virginia Wesleyan Marlins,2024-12-15,414,H2,00:12 (H2),UW-Whitewater,Jameer Barker,made_shot,Jameer Barker Makes 2PT,2,58.0,60.0,"Carter Capstran, Collin Madson, Jake Quast, Jameer Barker, Luke Bara","Amari Moorer, Amarion Wilson, Khai Seargeant, Omari Deveaux, Paul Anderson",
Virginia Wesleyan Marlins,2024-12-15,420,H2,00:10 (H2),UW-Whitewater,Jake Quast,foul,Jake Quast Commits Personal Foul,,58.0,60.0,"Collin Madson, Jake Quast, Jameer Barker, Luke Bara, Richie Warren","Amari Moorer, Elijah Gardner, Khai Seargeant, Omari Deveaux, Paul Anderson",3 Omari Deveaux > No Play Type > Foul
Virginia Wesleyan Marlins,2024-12-15,421,H2,00:10 (H2),Virginia Wesleyan Marlins,Omari Deveaux,free_throw_made,Omari Deveaux Makes Free Throw (1 of 2),,58.0,61.0,"Collin Madson, Jake Quast, Jameer Barker, Luke Bara, Richie Warren","Amari Moorer, Elijah Gardner, Khai Seargeant, Omari Deveaux, Paul Anderson",3 Omari Deveaux > Non Possession > Free Throw
Virginia Wesleyan Marlins,2024-12-15,422,H2,00:10 (H2),Virginia Wesleyan Marlins,Omari Deveaux,free_throw_missed,Omari Deveaux Misses Free Throw (2 of 2),,58.0,61.0,"Collin Madson, Jake Quast, Jameer Barker, Luke Bara, Richie Warren","Amari Moorer, Elijah Gardner, Khai Seargeant, Omari Deveaux, Paul Anderson",3 Omari Deveaux > Non Possession > Free Throw
Virginia Wesleyan Marlins,2024-12-15,431,H2,00:05 (H2),Virginia Wesleyan Marlins,Khai Seargeant,foul,Khai Seargeant Commits Personal Foul,,58.0,61.0,"Carter Capstran, Collin Madson, Jameer Barker, Joey Berezowitz, Luke Bara","Amari Moorer, Khai Seargeant, Omari Deveaux, Paul Anderson, T.J. East",32 Luke Bara > Non Possession > Non Shooting Foul
Virginia Wesleyan Marlins,2024-12-15,434,H2,00:00 (H2),UW-Whitewater,Jameer Barker,missed_shot,Jameer Barker Misses 3PT Jump Shot,3,58.0,61.0,"Carter Capstran, Collin Madson, Jameer Barker, Joey Berezowitz, Luke Bara","Amari Moorer, Khai Seargeant, Omari Deveaux, Paul Anderson, T.J. East",1 Jameer Barker > P&R Ball Handler > High P&R > Dribble Off Pick > Dribble Jumper > Long/3pt > Miss 3 Pts
Ripon Red Hawks,2024-12-31,389,H2,02:59 (H2),Ripon Red Hawks,Kolby Williams,free_throw_made,Kolby Williams Makes Free Throw (1 of 2),,70.0,62.0,"Carter Capstran, Isaac Verges, Jameer Barker, Luke Bara, Richie Warren","Cade Tackmier, Kolby Williams, Luke Meinholz, Michael Asman, Sam Leoni",12 Kolby Williams > Non Possession > Free Throw
Ripon Red Hawks,2024-12-31,392,H2,02:58 (H2),Ripon Red Hawks,Kolby Williams,free_throw_missed,Kolby Williams Misses Free Throw (2 of 2),,70.0,62.0,"Carter Capstran, Collin Madson, Isaac Verges, Jameer Barker, Luke Bara","Cade Tackmier, Kolby Williams, Luke Meinholz, Michael Asman, Sam Leoni",12 Kolby Williams > Non Possession > Free Throw
Ripon Red Hawks,2024-12-31,394,H2,02:34 (H2),UW-Whitewater,Luke Bara,missed_shot,Luke Bara Misses 3PT Jump Shot,3,70.0,62.0,"Carter Capstran, Collin Madson, Isaac Verges, Jameer Barker, Luke Bara","Cade Tackmier, Kolby Williams, Luke Meinholz, Michael Asman, Sam Leoni",32 Luke Bara > Off Screen > To Shooter's Left > Straight > No Dribble Jumper > Guarded > Long/3pt > Miss 3 Pts
Ripon Red Hawks,2024-12-31,396,H2,02:12 (H2),Ripon Red Hawks,Cade Tackmier,missed_shot,Cade Tackmier Misses 3PT Jump Shot,3,70.0,62.0,"Carter Capstran, Collin Madson, Isaac Verges, Jameer Barker, Luke Bara","Cade Tackmier, Kolby Williams, Luke Meinholz, Michael Asman, Sam Leoni",23 Cade Tackmier > Spot-Up > No Dribble Jumper > Guarded > Long/3pt > Miss 3 Pts
Ripon Red Hawks,2024-12-31,398,H2,02:01 (H2),Ripon Red Hawks,Cade Tackmier,made_shot,Cade Tackmier Makes 2PT Pull Up Jump Shot,2,70.0,64.0,"Carter Capstran, Collin Madson, Isaac Verges, Jameer Barker, Luke Bara","Cade Tackmier, Kolby Williams, Luke Meinholz, Michael Asman, Sam Leoni",23 Cade Tackmier > ISO > Right > Drives Right > Dribble Jumper > Short to < 17' > Make 2 Pts
Ripon Red Hawks,2024-12-31,399,H2,01:31 (H2),UW-Whitewater,Jameer Barker,missed_shot,Jameer Barker Misses 3PT Jump Shot,3,70.0,64.0,"Carter Capstran, Collin Madson, Isaac Verges, Jameer Barker, Luke Bara","Cade Tackmier, Kolby Williams, Luke Meinholz, Michael Asman, Sam Leoni",1 Jameer Barker > P&R Ball Handler > High P&R > Go Away from Pick > Dribble Jumper > Long/3pt > Miss 3 Pts
Ripon Red Hawks,2024-12-31,401,H2,01:26 (H2),UW-Whitewater,Isaac Verges,made_shot,Isaac Verges Makes 2PT,2,72.0,64.0,"Carter Capstran, Collin Madson, Isaac Verges, Jameer Barker, Luke Bara","Cade Tackmier, Kolby Williams, Luke Meinholz, Michael Asman, Sam Leoni",0 Isaac Verges > Offensive Rebound > Short > Scoring Attempt > At Basket > Make 2 Pts
Ripon Red Hawks,2024-12-31,403,H2,01:16 (H2),Ripon Red Hawks,Sam Leoni,missed_shot,Sam Leoni Misses 2PT Pull Up Jump Shot,2,72.0,64.0,"Carter Capstran, Collin Madson, Isaac Verges, Jameer Barker, Luke Bara","Cade Tackmier, Kolby Williams, Luke Meinholz, Michael Asman, Sam Leoni",15 Sam Leoni > Transition > Left Wing > Dribble Jumper > Medium/17' to <3p > Miss 2 Pts
Hope Flying Dutchmen,2024-12-06,399,H2,04:14 (H2),Hope Flying Dutchmen,Justice Mims,made_shot,Justice Mims Makes 3PT Pull Up Jump Shot,3,72.0,64.0,"Austin Ambrose, Collin Madson, Isaac Verges, JT Hoytink, Jameer Barker","Eli Schoonveld, Gabe Quillan, Josh Decker, Justice Mims, Parker Hovey",10 Justice Mims > P&R Ball Handler > Right P&R > Side > Dribble Off Pick > Dribble Jumper > Long/3pt > Make 3 Pts
Hope Flying Dutchmen,2024-12-06,400,H2,03:55 (H2),UW-Whitewater,Collin Madson,missed_shot,Collin Madson Misses 3PT Jump Shot,3,72.0,64.0,"Austin Ambrose, Collin Madson, Isaac Verges, JT Hoytink, Jameer Barker","Eli Schoonveld, Gabe Quillan, Josh Decker, Justice Mims, Parker Hovey",15 Collin Madson > Spot-Up > No Dribble Jumper > Guarded > Long/3pt > Miss 3 Pts
Hope Flying Dutchmen,2024-12-06,402,H2,03:37 (H2),UW-Whitewater,Jameer Barker,foul,Jameer Barker Commits Personal Foul,,72.0,64.0,"Austin Ambrose, Collin Madson, Isaac Verges, JT Hoytink, Jameer Barker","Eli Schoonveld, Gabe Quillan, Josh Decker, Justice Mims, Parker Hovey",24 Parker Hovey > P&R Ball Handler > High P&R > Dribble Off Pick > Foul
Hope Flying Dutchmen,2024-12-06,405,H2,03:37 (H2),Hope Flying Dutchmen,Parker Hovey,free_throw_made,Parker Hovey Makes Free Throw (1 of 2),,72.0,65.0,"Austin Ambrose, Collin Madson, Isaac Verges, JT Hoytink, Jameer Barker","Eli Schoonveld, Gabe Quillan, Josh Decker, Justice Mims, Parker Hovey",24 Parker Hovey > Non Possession > Free Throw
Hope Flying Dutchmen,2024-12-06,408,H2,03:36 (H2),Hope Flying Dutchmen,Parker Hovey,free_throw_missed,Parker Hovey Misses Free Throw (2 of 2),,72.0,65.0,"Carter Capstran, Collin Madson, Isaac Verges, JT Hoytink, Jameer Barker","Eli Schoonveld, Gabe Quillan, Josh Decker, Justice Mims, Parker Hovey",24 Parker Hovey > Non Possession > Free Throw
Hope Flying Dutchmen,2024-12-06,410,H2,03:24 (H2),Hope Flying Dutchmen,Parker Hovey,foul,Parker Hovey Commits Personal Foul,,72.0,65.0,"Carter Capstran, Collin Madson, Isaac Verges, JT Hoytink, Jameer Barker","Eli Schoonveld, Gabe Quillan, Josh Decker, Justice Mims, Parker Hovey",23 Carter Capstran > Post-Up > Flash Middle > Left Shoulder > No Dribble Move > To Basket > Foul
Hope Flying Dutchmen,2024-12-06,411,H2,03:24 (H2),UW-Whitewater,Carter Capstran,free_throw_made,Carter Capstran Makes Free Throw (1 of 2),,73.0,65.0,"Carter Capstran, Collin Madson, Isaac Verges, JT Hoytink, Jameer Barker","Eli Schoonveld, Gabe Quillan, Josh Decker, Justice Mims, Parker Hovey",23 Carter Capstran > Non Possession > Free Throw
Hope Flying Dutchmen,2024-12-06,428,H2,02:24 (H2),Hope Flying Dutchmen,Josh Decker,made_shot,Josh Decker Makes 3PT Jump Shot,3,79.0,71.0,"Carter Capstran, Collin Madson, Isaac Verges, Jameer Barker, Luke Bara","Eli Schoonveld, Gabe Quillan, Josh Decker, Justice Mims, Parker Hovey",44 Josh Decker > Off Screen > To Shooter's Left > Straight > No Dribble Jumper > Guarded > Long/3pt > Make 3 Pts
Hope Flying Dutchmen,2024-12-06,429,H2,02:24 (H2),Hope Flying Dutchmen,Parker Hovey,assist,Parker Hovey Assists,,79.0,71.0,"Carter Capstran, Collin Madson, Isaac Verges, Jameer Barker, Luke Bara","Eli Schoonveld, Gabe Quillan, Josh Decker, Justice Mims, Parker Hovey",
Hope Flying Dutchmen,2024-12-06,432,H2,01:39 (H2),Hope Flying Dutchmen,Eli Schoonveld,made_shot,Eli Schoonveld Makes 3PT Jump Shot,3,82.0,74.0,"Carter Capstran, Collin Madson, Isaac Verges, Jameer Barker, Luke Bara","Eli Schoonveld, Gabe Quillan, Josh Decker, Justice Mims, Parker Hovey",44 Josh Decker > P&R Ball Handler > High P&R > Dribble Off Pick > Defense Commits > Ball Delivered > 2 Eli Schoonveld > Spot-Up > No Dribble Jumper > Open > Long/3pt > Make 3 Pts
Hope Flying Dutchmen,2024-12-06,433,H2,01:39 (H2),Hope Flying Dutchmen,Gabe Quillan,assist,Gabe Quillan Assists,,82.0,74.0,"Carter Capstran, Collin Madson, Isaac Verges, Jameer Barker, Luke Bara","Eli Schoonveld, Gabe Quillan, Josh Decker, Justice Mims, Parker Hovey",
Hope Flying Dutchmen,2024-12-06,434,H2,01:31 (H2),Hope Flying Dutchmen,Eli Schoonveld,foul,Eli Schoonveld Commits Personal Foul,,82.0,74.0,"Carter Capstran, Collin Madson, Isaac Verges, Jameer Barker, Luke Bara","Eli Schoonveld, Gabe Quillan, Josh Decker, Justice Mims, Parker Hovey",1 Jameer Barker > Transition > Ballhandler > Foul
Hope Flying Dutchmen,2024-12-06,435,H2,01:31 (H2),UW-Whitewater,Jameer Barker,free_throw_missed,Jameer Barker Misses Free Throw (1 of 2),,82.0,74.0,"Carter Capstran, Collin Madson, Isaac Verges, Jameer Barker, Luke Bara","Eli Schoonveld, Gabe Quillan, Josh Decker, Justice Mims, Parker Hovey",1 Jameer Barker > Non Possession > Free Throw
Hope Flying Dutchmen,2024-12-06,437,H2,01:30 (H2),UW-Whitewater,Jameer Barker,free_throw_missed,Jameer Barker Misses Free Throw (2 of 2),,82.0,74.0,"Carter Capstran, Collin Madson, Isaac Verges, Jameer Barker, Luke Bara","Eli Schoonveld, Gabe Quillan, Josh Decker, Justice Mims, Parker Hovey",1 Jameer Barker > Non Possession > Free Throw
Hope Flying Dutchmen,2024-12-06,439,H2,01:18 (H2),Hope Flying Dutchmen,Justice Mims,made_shot,Justice Mims Makes 3PT,3,82.0,77.0,"Carter Capstran, Collin Madson, Isaac Verges, Jameer Barker, Luke Bara","Eli Schoonveld, Gabe Quillan, Josh Decker, Justice Mims, Parker Hovey",10 Justice Mims > P&R Ball Handler > Right P&R > Side > Dribble Off Pick > Dribble Jumper > Long/3pt > Make 3 Pts
Hope Flying Dutchmen,2024-12-06,441,H2,00:44 (H2),UW-Whitewater,Jameer Barker,made_shot,Jameer Barker Makes 2PT Pull Up Jump Shot,2,84.0,77.0,"Carter Capstran, Collin Madson, Isaac Verges, Jameer Barker, Luke Bara","Eli Schoonveld, Gabe Quillan, Josh Decker, Justice Mims, Parker Hovey",1 Jameer Barker > P&R Ball Handler > High P&R > Dribble Off Pick > Dribble Jumper > Medium/17' to <3p > Make 2 Pts Foul > 1 Pts
Hope Flying Dutchmen,2024-12-06,442,H2,00:44 (H2),Hope Flying Dutchmen,Gabe Quillan,foul,Gabe Quillan Commits Personal Foul,,84.0,77.0,"Carter Capstran, Collin Madson, Isaac Verges, Jameer Barker, Luke Bara","Eli Schoonveld, Gabe Quillan, Josh Decker, Justice Mims, Parker Hovey",
Hope Flying Dutchmen,2024-12-06,443,H2,00:44 (H2),UW-Whitewater,Jameer Barker,free_throw_made,Jameer Barker Makes Free Throw (1 of 1),,85.0,77.0,"Carter Capstran, Collin Madson, Isaac Verges, Jameer Barker, Luke Bara","Eli Schoonveld, Gabe Quillan, Josh Decker, Justice Mims, Parker Hovey",1 Jameer Barker > P&R Ball Handler > High P&R > Dribble Off Pick > Dribble Jumper > Medium/17' to <3p > Make 2 Pts Foul > 1 Pts
Hope Flying Dutchmen,2024-12-06,446,H2,00:36 (H2),Hope Flying Dutchmen,Josh Decker,made_shot,Josh Decker Makes 3PT Jump Shot,3,85.0,80.0,"Carter Capstran, Collin Madson, Isaac Verges, Jameer Barker, Joey Berezowitz","Eli Schoonveld, Gabe Quillan, Josh Decker, Justice Mims, Parker Hovey",44 Josh Decker > Hand Off > From Dribble > Top > Dribble Jumper > Long/3pt > Make 3 Pts Foul > 0 Pts
Hope Flying Dutchmen,2024-12-06,447,H2,00:36 (H2),UW-Whitewater,Isaac Verges,foul,Isaac Verges Commits Personal Foul,,85.0,80.0,"Carter Capstran, Collin Madson, Isaac Verges, Jameer Barker, Joey Berezowitz","Eli Schoonveld, Gabe Quillan, Josh Decker, Justice Mims, Parker Hovey",
Hope Flying Dutchmen,2024-12-06,452,H2,00:34 (H2),Hope Flying Dutchmen,Josh Decker,free_throw_missed,Josh Decker Misses Free Throw (1 of 1),,85.0,80.0,"Carter Capstran, Collin Madson, Jameer Barker, Joey Berezowitz, Luke Bara","Gabe Quillan, Josh Decker, Justice Mims, Parker Hovey, Sam Carlson",44 Josh Decker > Hand Off > From Dribble > Top > Dribble Jumper > Long/3pt > Make 3 Pts Foul > 0 Pts
Hope Flying Dutchmen,2024-12-06,454,H2,00:34 (H2),Hope Flying Dutchmen,Sam Carlson,foul,Sam Carlson Commits Personal Foul,,85.0,80.0,"Carter Capstran, Collin Madson, Jameer Barker, Joey Berezowitz, Luke Bara","Gabe Quillan, Josh Decker, Justice Mims, Parker Hovey, Sam Carlson",1 Jameer Barker > No Play Type > Foul
Hope Flying Dutchmen,2024-12-06,455,H2,00:34 (H2),UW-Whitewater,Jameer Barker,free_throw_made,Jameer Barker Makes Free Throw (1 of 2),,86.0,80.0,"Carter Capstran, Collin Madson, Jameer Barker, Joey Berezowitz, Luke Bara","Gabe Quillan, Josh Decker, Justice Mims, Parker Hovey, Sam Carlson",1 Jameer Barker > Non Possession > Free Throw
Hope Flying Dutchmen,2024-12-06,456,H2,00:34 (H2),UW-Whitewater,Jameer Barker,free_throw_made,Jameer Barker Makes Free Throw (2 of 2),,87.0,80.0,"Carter Capstran, Collin Madson, Jameer Barker, Joey Berezowitz, Luke Bara","Gabe Quillan, Josh Decker, Justice Mims, Parker Hovey, Sam Carlson",1 Jameer Barker > Non Possession > Free Throw
Hope Flying Dutchmen,2024-12-06,461,H2,00:25 (H2),Hope Flying Dutchmen,Justice Mims,missed_shot,Justice Mims Misses 3PT Jump Shot,3,87.0,80.0,"Carter Capstran, Collin Madson, Isaac Verges, Jameer Barker, Joey Berezowitz","Eli Schoonveld, Gabe Quillan, Josh Decker, Justice Mims, Parker Hovey",10 Justice Mims > P&R Ball Handler > High P&R > Dribble Off Pick > Dribble Jumper > Long/3pt > Miss 3 Pts
Hope Flying Dutchmen,2024-12-06,467,H2,00:21 (H2),Hope Flying Dutchmen,Sam Carlson,foul,Sam Carlson Commits Personal Foul,,87.0,80.0,"Carter Capstran, Collin Madson, Isaac Verges, Joey Berezowitz, Luke Bara","Eli Schoonveld, Gabe Quillan, Justice Mims, Parker Hovey, Sam Carlson",0 Isaac Verges > No Play Type > Foul
Hope Flying Dutchmen,2024-12-06,468,H2,00:21 (H2),UW-Whitewater,Isaac Verges,free_throw_made,Isaac Verges Makes Free Throw (1 of 2),,88.0,80.0,"Carter Capstran, Collin Madson, Isaac Verges, Joey Berezowitz, Luke Bara","Eli Schoonveld, Gabe Quillan, Justice Mims, Parker Hovey, Sam Carlson",0 Isaac Verges > Non Possession > Free Throw
Hope Flying Dutchmen,2024-12-06,474,H2,00:15 (H2),Hope Flying Dutchmen,Justice Mims,made_shot,Justice Mims Makes 2PT Driving Layup,2,89.0,82.0,"Collin Madson, Isaac Verges, Jameer Barker, Joey Berezowitz, Luke Bara","Eli Schoonveld, Gabe Quillan, Josh Decker, Justice Mims, Parker Hovey",10 Justice Mims > Transition > Ballhandler > To Basket > Make 2 Pts Foul > 1 Pts
Hope Flying Dutchmen,2024-12-06,475,H2,00:14 (H2),UW-Whitewater,Isaac Verges,foul,Isaac Verges Commits Personal Foul,,89.0,82.0,"Collin Madson, Isaac Verges, Jameer Barker, Joey Berezowitz, Luke Bara","Eli Schoonveld, Gabe Quillan, Josh Decker, Justice Mims, Parker Hovey",
Hope Flying Dutchmen,2024-12-06,476,H2,00:14 (H2),Hope Flying Dutchmen,Justice Mims,free_throw_made,Justice Mims Makes Free Throw (1 of 1),,89.0,83.0,"Collin Madson, Isaac Verges, Jameer Barker, Joey Berezowitz, Luke Bara","Eli Schoonveld, Gabe Quillan, Josh Decker, Justice Mims, Parker Hovey",10 Justice Mims > Transition > Ballhandler > To Basket > Make 2 Pts Foul > 1 Pts
Hope Flying Dutchmen,2024-12-06,481,H2,00:10 (H2),Hope Flying Dutchmen,Sam Carlson,foul,Sam Carlson Commits Personal Foul,,89.0,83.0,"Carter Capstran, Collin Madson, Jameer Barker, Joey Berezowitz, Luke Bara","Eli Schoonveld, Gabe Quillan, Justice Mims, Parker Hovey, Sam Carlson",32 Luke Bara > Transition > Ballhandler > Foul
Hope Flying Dutchmen,2024-12-06,482,H2,00:10 (H2),UW-Whitewater,Luke Bara,free_throw_missed,Luke Bara Misses Free Throw (1 of 2),,89.0,83.0,"Carter Capstran, Collin Madson, Jameer Barker, Joey Berezowitz, Luke Bara","Eli Schoonveld, Gabe Quillan, Justice Mims, Parker Hovey, Sam Carlson",32 Luke Bara > Non Possession > Free Throw
Hope Flying Dutchmen,2024-12-06,484,H2,00:10 (H2),UW-Whitewater,Luke Bara,free_throw_made,Luke Bara Makes Free Throw (2 of 2),,90.0,83.0,"Carter Capstran, Collin Madson, Jameer Barker, Joey Berezowitz, Luke Bara","Eli Schoonveld, Gabe Quillan, Justice Mims, Parker Hovey, Sam Carlson",32 Luke Bara > Non Possession > Free Throw
Hope Flying Dutchmen,2024-12-06,491,H2,00:02 (H2),Hope Flying Dutchmen,Josh Decker,missed_shot,Josh Decker Misses 3PT Jump Shot,3,90.0,83.0,"Collin Madson, Isaac Verges, Jake Quast, Joey Berezowitz, Luke Bara","Eli Schoonveld, Gabe Quillan, Josh Decker, Justice Mims, Parker Hovey",44 Josh Decker > Transition > Ballhandler > Dribble Jumper > Long/3pt > Miss 3 Pts
Hope Flying Dutchmen,2024-12-06,493,H2,00:02 (H2),UW-Whitewater,Collin Madson,block,Collin Madson Blocks,,90.0,83.0,"Collin Madson, Isaac Verges, Jake Quast, Joey Berezowitz, Luke Bara","Eli Schoonveld, Gabe Quillan, Josh Decker, Justice Mims, Parker Hovey",
UW-Stout Blue Devils,2025-01-11,468,H2,04:59 (H2),UW-Stout Blue Devils,Brenden Weis,turnover,Brenden Weis Turnover (Bad Pass),,54.0,56.0,"Brock Marino, Collin Madson, Isaac Verges, JT Hoytink, Luke Bara","Brenden Weis, Collin Vick, Jackson Wilhelmson, Mason Stoik, Nolan Stauffacher",23 Brenden Weis > Spot-Up > Drives Right > Turnover
UW-Stout Blue Devils,2025-01-11,469,H2,04:59 (H2),UW-Whitewater,JT Hoytink,steal,JT Hoytink Steals,,54.0,56.0,"Brock Marino, Collin Madson, Isaac Verges, JT Hoytink, Luke Bara","Brenden Weis, Collin Vick, Jackson Wilhelmson, Mason Stoik, Nolan Stauffacher",
UW-Stout Blue Devils,2025-01-11,470,H2,04:49 (H2),UW-Whitewater,JT Hoytink,turnover,JT Hoytink Turnover (Bad Pass),,54.0,56.0,"Brock Marino, Collin Madson, Isaac Verges, JT Hoytink, Luke Bara","Brenden Weis, Collin Vick, Jackson Wilhelmson, Mason Stoik, Nolan Stauffacher",11 Jt Hoytink > Cut > Basket > Turnover
UW-Stout Blue Devils,2025-01-11,475,H2,04:22 (H2),UW-Stout Blue Devils,AJ Uttech,made_shot,AJ Uttech Makes 2PT Jump Shot,2,54.0,58.0,"Carter Capstran, Collin Madson, Isaac Verges, JT Hoytink, Luke Bara","AJ Uttech, Brenden Weis, Collin Vick, Mason Stoik, Nolan Stauffacher",1 Aj Uttech > Spot-Up > Drives Left > To Basket > Make 2 Pts
UW-Stout Blue Devils,2025-01-11,476,H2,04:01 (H2),UW-Stout Blue Devils,Nolan Stauffacher,foul,Nolan Stauffacher Commits Personal Foul,,54.0,58.0,"Carter Capstran, Collin Madson, Isaac Verges, JT Hoytink, Luke Bara","AJ Uttech, Brenden Weis, Collin Vick, Mason Stoik, Nolan Stauffacher",23 Carter Capstran > Post-Up > Left Block > Face-up > Drive Baseline > Foul
UW-Stout Blue Devils,2025-01-11,477,H2,04:01 (H2),UW-Whitewater,Carter Capstran,free_throw_made,Carter Capstran Makes Free Throw (1 of 2),,55.0,58.0,"Carter Capstran, Collin Madson, Isaac Verges, JT Hoytink, Luke Bara","AJ Uttech, Brenden Weis, Collin Vick, Mason Stoik, Nolan Stauffacher",23 Carter Capstran > Non Possession > Free Throw
UW-Stout Blue Devils,2025-01-11,478,H2,04:01 (H2),UW-Whitewater,Carter Capstran,free_throw_made,Carter Capstran Makes Free Throw (2 of 2),,56.0,58.0,"Carter Capstran, Collin Madson, Isaac Verges, JT Hoytink, Luke Bara","AJ Uttech, Brenden Weis, Collin Vick, Mason Stoik, Nolan Stauffacher",23 Carter Capstran > Non Possession > Free Throw
UW-Stout Blue Devils,2025-01-11,483,H2,03:39 (H2),UW-Stout Blue Devils,Mason Stoik,missed_shot,Mason Stoik Misses 2PT Layup,2,56.0,58.0,"Carter Capstran, Collin Madson, Isaac Verges, JT Hoytink, Joey Berezowitz","AJ Uttech, Brenden Weis, Collin Vick, Justin Nelson, Mason Stoik",24 Mason Stoik > P&R Ball Handler > Right P&R > Side > Dribble Off Pick > To Basket > Miss 2 Pts
UW-Stout Blue Devils,2025-01-11,485,H2,03:23 (H2),UW-Stout Blue Devils,Collin Vick,missed_shot,Collin Vick Misses 2PT Hook Shot,2,56.0,58.0,"Carter Capstran, Collin Madson, Isaac Verges, JT Hoytink, Joey Berezowitz","AJ Uttech, Brenden Weis, Collin Vick, Justin Nelson, Mason Stoik",12 Collin Vick > Post-Up > Right Block > Left Shoulder > Dribble Move > To Drop Step > Miss 2 Pts
UW-Stout Blue Devils,2025-01-11,487,H2,03:02 (H2),UW-Whitewater,Carter Capstran,made_shot,Carter Capstran Makes 2PT Driving Layup,2,58.0,58.0,"Carter Capstran, Collin Madson, Isaac Verges, JT Hoytink, Joey Berezowitz","AJ Uttech, Brenden Weis, Collin Vick, Justin Nelson, Mason Stoik",23 Carter Capstran > Spot-Up > Drives Left > To Basket > Make 2 Pts
UW-Stout Blue Devils,2025-01-11,491,H2,02:31 (H2),UW-Stout Blue Devils,Brenden Weis,missed_shot,Brenden Weis Misses 2PT Jump Shot,2,58.0,58.0,"Carter Capstran, Collin Madson, Isaac Verges, JT Hoytink, Joey Berezowitz","AJ Uttech, Brenden Weis, Collin Vick, Justin Nelson, Mason Stoik",12 Collin Vick > P&R Ball Handler > High P&R > Dribble Off Pick > Defense Commits > Ball Delivered > 23 Brenden Weis > Spot-Up > Drives Right > Dribble Jumper > Short to < 17' > Miss 2 Pts
UW-Stout Blue Devils,2025-01-11,492,H2,02:28 (H2),UW-Stout Blue Devils,,turnover,Turnover,,58.0,58.0,"Carter Capstran, Collin Madson, Isaac Verges, JT Hoytink, Joey Berezowitz","AJ Uttech, Brenden Weis, Collin Vick, Justin Nelson, Mason Stoik",
UW-Stout Blue Devils,2025-01-11,494,H2,02:16 (H2),UW-Stout Blue Devils,AJ Uttech,foul,AJ Uttech Commits Personal Foul,,58.0,58.0,"Carter Capstran, Collin Madson, Isaac Verges, JT Hoytink, Joey Berezowitz","AJ Uttech, Brenden Weis, Collin Vick, Justin Nelson, Mason Stoik",0 Isaac Verges > No Play Type > Foul
UW-Stout Blue Devils,2025-01-11,495,H2,02:16 (H2),UW-Whitewater,Isaac Verges,free_throw_missed,Isaac Verges Misses Free Throw (1 of 2),,58.0,58.0,"Carter Capstran, Collin Madson, Isaac Verges, JT Hoytink, Joey Berezowitz","AJ Uttech, Brenden Weis, Collin Vick, Justin Nelson, Mason Stoik",0 Isaac Verges > Non Possession > Free Throw
UW-Stout Blue Devils,2025-01-11,497,H2,02:16 (H2),UW-Whitewater,Isaac Verges,free_throw_made,Isaac Verges Makes Free Throw (2 of 2),,59.0,58.0,"Carter Capstran, Collin Madson, Isaac Verges, JT Hoytink, Joey Berezowitz","AJ Uttech, Brenden Weis, Collin Vick, Justin Nelson, Mason Stoik",0 Isaac Verges > Non Possession > Free Throw
UW-Stout Blue Devils,2025-01-11,500,H2,01:57 (H2),UW-Stout Blue Devils,Justin Nelson,made_shot,Justin Nelson Makes 2PT Layup,2,59.0,60.0,"Carter Capstran, Collin Madson, Isaac Verges, JT Hoytink, Joey Berezowitz","Brenden Weis, Collin Vick, Jackson Wilhelmson, Justin Nelson, Mason Stoik",32 Justin Nelson > Post-Up > Right Block > Left Shoulder > Dribble Move > To Jumper > Make 2 Pts
UW-Stout Blue Devils,2025-01-11,501,H2,01:31 (H2),UW-Whitewater,Isaac Verges,made_shot,Isaac Verges Makes 2PT Layup,2,61.0,60.0,"Carter Capstran, Collin Madson, Isaac Verges, JT Hoytink, Joey Berezowitz","Brenden Weis, Collin Vick, Jackson Wilhelmson, Justin Nelson, Mason Stoik",0 Isaac Verges > Spot-Up > Drives Left > To Basket > Make 2 Pts
UW-Stout Blue Devils,2025-01-11,502,H2,01:07 (H2),UW-Stout Blue Devils,Mason Stoik,turnover,Mason Stoik Turnover (Bad Pass),,61.0,60.0,"Carter Capstran, Collin Madson, Isaac Verges, JT Hoytink, Joey Berezowitz","Brenden Weis, Collin Vick, Jackson Wilhelmson, Justin Nelson, Mason Stoik",24 Mason Stoik > No Play Type > Turnover
UW-Stout Blue Devils,2025-01-11,503,H2,01:07 (H2),UW-Whitewater,Isaac Verges,steal,Isaac Verges Steals,,61.0,60.0,"Carter Capstran, Collin Madson, Isaac Verges, JT Hoytink, Joey Berezowitz","Brenden Weis, Collin Vick, Jackson Wilhelmson, Justin Nelson, Mason Stoik",
UW-Stout Blue Devils,2025-01-11,504,H2,00:49 (H2),UW-Whitewater,JT Hoytink,missed_shot,JT Hoytink Misses 2PT Layup (Blocked),2,61.0,60.0,"Carter Capstran, Collin Madson, Isaac Verges, JT Hoytink, Joey Berezowitz","Brenden Weis, Collin Vick, Jackson Wilhelmson, Justin Nelson, Mason Stoik",
UW-Stout Blue Devils,2025-01-11,505,H2,00:49 (H2),UW-Stout Blue Devils,Justin Nelson,block,Justin Nelson Blocks,,61.0,60.0,"Carter Capstran, Collin Madson, Isaac Verges, JT Hoytink, Joey Berezowitz","Brenden Weis, Collin Vick, Jackson Wilhelmson, Justin Nelson, Mason Stoik",
UW-Stout Blue Devils,2025-01-11,507,H2,00:41 (H2),UW-Stout Blue Devils,Jackson Wilhelmson,missed_shot,Jackson Wilhelmson Misses 3PT Jump Shot,3,61.0,60.0,"Carter Capstran, Collin Madson, Isaac Verges, JT Hoytink, Joey Berezowitz","Brenden Weis, Collin Vick, Jackson Wilhelmson, Justin Nelson, Mason Stoik",4 Jackson Wilhelmson > Transition > Left Wing > Dribble Jumper > Long/3pt > Miss 3 Pts
UW-Stout Blue Devils,2025-01-11,515,H2,00:21 (H2),UW-Stout Blue Devils,Colin Hudson,missed_shot,Colin Hudson Misses 3PT Jump Shot,3,61.0,60.0,"Carter Capstran, Collin Madson, Isaac Verges, JT Hoytink, Joey Berezowitz","AJ Uttech, Colin Hudson, Collin Vick, Jackson Wilhelmson, Justin Nelson",5 Colin Hudson > P&R Ball Handler > Right P&R > Side > Dribble Off Pick > Dribble Jumper > Long/3pt > Miss 3 Pts
UW-Stout Blue Devils,2025-01-11,525,H2,00:19 (H2),UW-Whitewater,Joey Berezowitz,turnover,Joey Berezowitz Turnover (Bad Pass),,61.0,60.0,"Carter Capstran, Collin Madson, Isaac Verges, JT Hoytink, Joey Berezowitz","AJ Uttech, Brenden Weis, Collin Vick, Jackson Wilhelmson, Justin Nelson",22 Joey Berezowitz > No Play Type > Turnover
UW-Stout Blue Devils,2025-01-11,526,H2,00:11 (H2),UW-Stout Blue Devils,Justin Nelson,made_shot,Justin Nelson Makes 2PT Layup,2,61.0,62.0,"Carter Capstran, Collin Madson, Isaac Verges, JT Hoytink, Joey Berezowitz","AJ Uttech, Brenden Weis, Collin Vick, Jackson Wilhelmson, Justin Nelson",32 Justin Nelson > Post-Up > Left Block > Post Pin > No Dribble Move > To Basket > Make 2 Pts
UW-Stout Blue Devils,2025-01-11,527,H2,00:11 (H2),UW-Stout Blue Devils,Collin Vick,assist,Collin Vick Assists,,61.0,62.0,"Carter Capstran, Collin Madson, Isaac Verges, JT Hoytink, Joey Berezowitz","AJ Uttech, Brenden Weis, Collin Vick, Jackson Wilhelmson, Justin Nelson",
UW-Stout Blue Devils,2025-01-11,528,H2,00:05 (H2),UW-Whitewater,Carter Capstran,missed_shot,Carter Capstran Misses 3PT Jump Shot,3,61.0,62.0,"Carter Capstran, Collin Madson, Isaac Verges, JT Hoytink, Joey Berezowitz","AJ Uttech, Brenden Weis, Collin Vick, Jackson Wilhelmson, Justin Nelson",23 Carter Capstran > Spot-Up > No Dribble Jumper > Guarded > Long/3pt > Miss 3 Pts
UW-Oshkosh Titans,2025-01-15,355,H2,04:51 (H2),UW-Oshkosh Titans,Reed Seckar,made_shot,Reed Seckar Makes 3PT Jump Shot,3,51.0,56.0,"Carter Capstran, Collin Madson, Isaac Verges, Jake Quast, Luke Bara","Carter Thomas, Joey LaChapell, Jonah Rindfleisch, Max Tutas, Reed Seckar",24 Max Tutas > Post-Up > Left Block > Right Shoulder > Dribble Move > Defense Commits > Ball Delivered > 22 Reed Seckar > Spot-Up > No Dribble Jumper > Open > Long/3pt > Make 3 Pts
UW-Oshkosh Titans,2025-01-15,356,H2,04:51 (H2),UW-Oshkosh Titans,Max Tutas,assist,Max Tutas Assists,,51.0,56.0,"Carter Capstran, Collin Madson, Isaac Verges, Jake Quast, Luke Bara","Carter Thomas, Joey LaChapell, Jonah Rindfleisch, Max Tutas, Reed Seckar",
UW-Oshkosh Titans,2025-01-15,357,H2,04:37 (H2),UW-Whitewater,Carter Capstran,made_shot,Carter Capstran Makes 2PT Layup,2,53.0,56.0,"Carter Capstran, Collin Madson, Isaac Verges, Jake Quast, Luke Bara","Carter Thomas, Joey LaChapell, Jonah Rindfleisch, Max Tutas, Reed Seckar",23 Carter Capstran > Spot-Up > Drives Left > To Basket > Make 2 Pts
UW-Oshkosh Titans,2025-01-15,358,H2,04:21 (H2),UW-Oshkosh Titans,Jonah Rindfleisch,missed_shot,Jonah Rindfleisch Misses 3PT Jump Shot,3,53.0,56.0,"Carter Capstran, Collin Madson, Isaac Verges, Jake Quast, Luke Bara","Carter Thomas, Joey LaChapell, Jonah Rindfleisch, Max Tutas, Reed Seckar",22 Reed Seckar > P&R Ball Handler > High P&R > Dribble Off Pick > Defense Commits > Ball Delivered > 12 Jonah Rindfleisch > Spot-Up > No Dribble Jumper > Guarded > Long/3pt > Miss 3 Pts
UW-Oshkosh Titans,2025-01-15,360,H2,04:10 (H2),UW-Whitewater,Luke Bara,turnover,Luke Bara Turnover (Bad Pass),,53.0,56.0,"Carter Capstran, Collin Madson, Isaac Verges, Jake Quast, Luke Bara","Carter Thomas, Joey LaChapell, Jonah Rindfleisch, Max Tutas, Reed Seckar",32 Luke Bara > P&R Ball Handler > High P&R > Dribble Off Pick > Defense Commits > Turnover
UW-Oshkosh Titans,2025-01-15,361,H2,04:10 (H2),UW-Oshkosh Titans,Carter Thomas,steal,Carter Thomas Steals,,53.0,56.0,"Carter Capstran, Collin Madson, Isaac Verges, Jake Quast, Luke Bara","Carter Thomas, Joey LaChapell, Jonah Rindfleisch, Max Tutas, Reed Seckar",
UW-Oshkosh Titans,2025-01-15,362,H2,04:09 (H2),UW-Whitewater,Isaac Verges,foul,Isaac Verges Commits Personal Foul,,53.0,56.0,"Carter Capstran, Collin Madson, Isaac Verges, Jake Quast, Luke Bara","Carter Thomas, Joey LaChapell, Jonah Rindfleisch, Max Tutas, Reed Seckar",24 Max Tutas > Transition > Ballhandler > Foul
UW-Oshkosh Titans,2025-01-15,363,H2,04:06 (H2),UW-Oshkosh Titans,Max Tutas,free_throw_missed,Max Tutas Misses Free Throw (1 of 1),,53.0,56.0,"Carter Capstran, Collin Madson, Isaac Verges, Jake Quast, Luke Bara","Carter Thomas, Joey LaChapell, Jonah Rindfleisch, Max Tutas, Reed Seckar",24 Max Tutas > Non Possession > Free Throw
UW-Oshkosh Titans,2025-01-15,365,H2,04:04 (H2),UW-Oshkosh Titans,Reed Seckar,missed_shot,Reed Seckar Misses 3PT Jump Shot,3,53.0,56.0,"Carter Capstran, Collin Madson, Isaac Verges, Jake Quast, Luke Bara","Carter Thomas, Joey LaChapell, Jonah Rindfleisch, Max Tutas, Reed Seckar",22 Reed Seckar > Spot-Up > No Dribble Jumper > Open > Long/3pt > Miss 3 Pts
UW-Oshkosh Titans,2025-01-15,367,H2,03:39 (H2),UW-Whitewater,Collin Madson,made_shot,Collin Madson Makes 2PT Layup,2,55.0,56.0,"Carter Capstran, Collin Madson, Isaac Verges, Jake Quast, Luke Bara","Carter Thomas, Joey LaChapell, Jonah Rindfleisch, Max Tutas, Reed Seckar",15 Collin Madson > Post-Up > Left Block > Left Shoulder > Dribble Move > To Hook > Make 2 Pts
UW-Oshkosh Titans,2025-01-15,368,H2,03:14 (H2),UW-Oshkosh Titans,Jonah Rindfleisch,turnover,Jonah Rindfleisch Turnover (Bad Pass),,55.0,56.0,"Carter Capstran, Collin Madson, Isaac Verges, Jake Quast, Luke Bara","Carter Thomas, Joey LaChapell, Jonah Rindfleisch, Max Tutas, Reed Seckar",12 Jonah Rindfleisch > Post-Up > Left Block > Defense Commits > Turnover
UW-Oshkosh Titans,2025-01-15,369,H2,03:14 (H2),UW-Whitewater,Collin Madson,steal,Collin Madson Steals,,55.0,56.0,"Carter Capstran, Collin Madson, Isaac Verges, Jake Quast, Luke Bara","Carter Thomas, Joey LaChapell, Jonah Rindfleisch, Max Tutas, Reed Seckar",
UW-Oshkosh Titans,2025-01-15,374,H2,02:50 (H2),UW-Whitewater,Isaac Verges,turnover,Isaac Verges Turnover (Bad Pass),,55.0,56.0,"Carter Capstran, Collin Madson, Isaac Verges, Jake Quast, Luke Bara","Carter Thomas, Joey LaChapell, Jonah Rindfleisch, Max Tutas, Reed Seckar",0 Isaac Verges > No Play Type > Turnover
UW-Oshkosh Titans,2025-01-15,375,H2,02:50 (H2),UW-Oshkosh Titans,Joey LaChapell,steal,Joey LaChapell Steals,,55.0,56.0,"Carter Capstran, Collin Madson, Isaac Verges, Jake Quast, Luke Bara","Carter Thomas, Joey LaChapell, Jonah Rindfleisch, Max Tutas, Reed Seckar",
UW-Oshkosh Titans,2025-01-15,380,H2,02:32 (H2),UW-Oshkosh Titans,Carter Thomas,turnover,Carter Thomas Turnover (Bad Pass),,55.0,56.0,"Carter Capstran, Collin Madson, Isaac Verges, Jake Quast, Luke Bara","Carter Thomas, Joey LaChapell, Jonah Rindfleisch, Reed Seckar, Will Murray",21 Carter Thomas > No Play Type > Turnover
UW-Oshkosh Titans,2025-01-15,381,H2,02:19 (H2),UW-Oshkosh Titans,Reed Seckar,foul,Reed Seckar Commits Personal Foul,,55.0,56.0,"Carter Capstran, Collin Madson, Isaac Verges, Jake Quast, Luke Bara","Carter Thomas, Joey LaChapell, Jonah Rindfleisch, Reed Seckar, Will Murray",15 Collin Madson > Post-Up > Left Block > Face-up > Foul
UW-Oshkosh Titans,2025-01-15,382,H2,02:19 (H2),UW-Whitewater,Collin Madson,free_throw_made,Collin Madson Makes Free Throw (1 of 2),,56.0,56.0,"Carter Capstran, Collin Madson, Isaac Verges, Jake Quast, Luke Bara","Carter Thomas, Joey LaChapell, Jonah Rindfleisch, Reed Seckar, Will Murray",15 Collin Madson > Non Possession > Free Throw
UW-Oshkosh Titans,2025-01-15,383,H2,02:19 (H2),UW-Whitewater,Collin Madson,free_throw_made,Collin Madson Makes Free Throw (2 of 2),,57.0,56.0,"Carter Capstran, Collin Madson, Isaac Verges, Jake Quast, Luke Bara","Carter Thomas, Joey LaChapell, Jonah Rindfleisch, Reed Seckar, Will Murray",15 Collin Madson > Non Possession > Free Throw
UW-Oshkosh Titans,2025-01-15,384,H2,01:50 (H2),UW-Oshkosh Titans,Reed Seckar,missed_shot,Reed Seckar Misses 2PT Layup (Blocked),2,57.0,56.0,"Carter Capstran, Collin Madson, Isaac Verges, Jake Quast, Luke Bara","Carter Thomas, Joey LaChapell, Jonah Rindfleisch, Reed Seckar, Will Murray",22 Reed Seckar > Cut > Basket > Miss 2 Pts
UW-Oshkosh Titans,2025-01-15,385,H2,01:50 (H2),UW-Whitewater,Jake Quast,block,Jake Quast Blocks,,57.0,56.0,"Carter Capstran, Collin Madson, Isaac Verges, Jake Quast, Luke Bara","Carter Thomas, Joey LaChapell, Jonah Rindfleisch, Reed Seckar, Will Murray",
UW-Oshkosh Titans,2025-01-15,387,H2,01:28 (H2),UW-Whitewater,Carter Capstran,missed_shot,Carter Capstran Misses 2PT Layup,2,57.0,56.0,"Carter Capstran, Collin Madson, Isaac Verges, Jake Quast, Luke Bara","Carter Thomas, Joey LaChapell, Jonah Rindfleisch, Reed Seckar, Will Murray",23 Carter Capstran > Post-Up > Right Block > Right Shoulder > Dribble Move > To Basket > Miss 2 Pts
UW-Oshkosh Titans,2025-01-15,390,H2,00:57 (H2),UW-Oshkosh Titans,,turnover,Turnover,,57.0,56.0,"Carter Capstran, Collin Madson, Isaac Verges, Jake Quast, Luke Bara","Carter Thomas, Joey LaChapell, Jonah Rindfleisch, Reed Seckar, Will Murray",
UW-Oshkosh Titans,2025-01-15,392,H2,00:30 (H2),UW-Whitewater,Carter Capstran,missed_shot,Carter Capstran Misses 2PT Layup,2,57.0,56.0,"Carter Capstran, Collin Madson, Isaac Verges, Jake Quast, Luke Bara","Carter Thomas, Joey LaChapell, Jonah Rindfleisch, Reed Seckar, Will Murray",23 Carter Capstran > Spot-Up > Drives Left > To Basket > Miss 2 Pts
UW-Oshkosh Titans,2025-01-15,394,H2,00:29 (H2),UW-Oshkosh Titans,Jonah Rindfleisch,foul,Jonah Rindfleisch Commits Personal Foul,,57.0,56.0,"Carter Capstran, Collin Madson, Isaac Verges, Jake Quast, Luke Bara","Carter Thomas, Joey LaChapell, Jonah Rindfleisch, Reed Seckar, Will Murray",12 Jake Quast > Offensive Rebound > Short > Foul
UW-Oshkosh Titans,2025-01-15,395,H2,00:29 (H2),UW-Whitewater,Jake Quast,free_throw_made,Jake Quast Makes Free Throw (1 of 2),,58.0,56.0,"Carter Capstran, Collin Madson, Isaac Verges, Jake Quast, Luke Bara","Carter Thomas, Joey LaChapell, Jonah Rindfleisch, Reed Seckar, Will Murray",12 Jake Quast > Non Possession > Free Throw
UW-Oshkosh Titans,2025-01-15,396,H2,00:29 (H2),UW-Whitewater,Jake Quast,free_throw_made,Jake Quast Makes Free Throw (2 of 2),,59.0,56.0,"Carter Capstran, Collin Madson, Isaac Verges, Jake Quast, Luke Bara","Carter Thomas, Joey LaChapell, Jonah Rindfleisch, Reed Seckar, Will Murray",12 Jake Quast > Non Possession > Free Throw
UW-Oshkosh Titans,2025-01-15,400,H2,00:16 (H2),UW-Oshkosh Titans,Joey LaChapell,missed_shot,Joey LaChapell Misses 2PT Jump Shot,2,59.0,56.0,"Carter Capstran, Collin Madson, Isaac Verges, JT Hoytink, Jake Quast","Carter Thomas, Joey LaChapell, Jonah Rindfleisch, Reed Seckar, Will Murray",2 Joey LaChapell > Off Screen > To Shooter's Right > Straight > Dribble Jumper > Long/3pt > Miss 3 Pts
UW-Oshkosh Titans,2025-01-15,402,H2,00:12 (H2),UW-Oshkosh Titans,Joey LaChapell,foul,Joey LaChapell Commits Personal Foul,,59.0,56.0,"Carter Capstran, Collin Madson, Isaac Verges, JT Hoytink, Jake Quast","Carter Thomas, Joey LaChapell, Jonah Rindfleisch, Reed Seckar, Will Murray",11 Jt Hoytink > No Play Type > Foul
UW-Oshkosh Titans,2025-01-15,403,H2,00:12 (H2),UW-Whitewater,JT Hoytink,free_throw_missed,JT Hoytink Misses Free Throw (1 of 1),,59.0,56.0,"Carter Capstran, Collin Madson, Isaac Verges, JT Hoytink, Jake Quast","Carter Thomas, Joey LaChapell, Jonah Rindfleisch, Reed Seckar, Will Murray",11 Jt Hoytink > Non Possession > Free Throw
UW-Platteville Pioneers,2025-01-22,410,H2,04:46 (H2),UW-Platteville Pioneers,Joey Fuhremann,made_shot,Joey Fuhremann Makes 2PT Layup,2,56.0,55.0,"Carter Capstran, Collin Madson, Isaac Verges, JT Hoytink, Jameer Barker","Aiden Wieczorek, Brady Olson, Bristol Lewis, Joey Fuhremann, Max Love",42 Joey Fuhremann > Post-Up > Left Block > Right Shoulder > Dribble Move > To Drop Step > Make 2 Pts
UW-Platteville Pioneers,2025-01-22,411,H2,04:22 (H2),UW-Whitewater,Carter Capstran,made_shot,Carter Capstran Makes 2PT Jump Shot,2,58.0,55.0,"Carter Capstran, Collin Madson, Isaac Verges, JT Hoytink, Jameer Barker","Aiden Wieczorek, Brady Olson, Bristol Lewis, Joey Fuhremann, Max Love",23 Carter Capstran > Post-Up > Right Block > Left Shoulder > Dribble Move > To Jumper > Make 2 Pts
UW-Platteville Pioneers,2025-01-22,412,H2,04:14 (H2),UW-Platteville Pioneers,Aiden Wieczorek,made_shot,Aiden Wieczorek Makes 2PT Layup,2,58.0,57.0,"Carter Capstran, Collin Madson, Isaac Verges, JT Hoytink, Jameer Barker","Aiden Wieczorek, Brady Olson, Bristol Lewis, Joey Fuhremann, Max Love",2 Aiden Wieczorek > Transition > Left Wing > To Basket > Make 2 Pts Foul > 0 Pts
UW-Platteville Pioneers,2025-01-22,413,H2,04:14 (H2),UW-Whitewater,JT Hoytink,foul,JT Hoytink Commits Personal Foul,,58.0,57.0,"Carter Capstran, Collin Madson, Isaac Verges, JT Hoytink, Jameer Barker","Aiden Wieczorek, Brady Olson, Bristol Lewis, Joey Fuhremann, Max Love",
UW-Platteville Pioneers,2025-01-22,414,H2,04:14 (H2),UW-Platteville Pioneers,Aiden Wieczorek,free_throw_missed,Aiden Wieczorek Misses Free Throw (1 of 1),,58.0,57.0,"Carter Capstran, Collin Madson, Isaac Verges, JT Hoytink, Jameer Barker","Aiden Wieczorek, Brady Olson, Bristol Lewis, Joey Fuhremann, Max Love",2 Aiden Wieczorek > Non Possession > Free Throw
UW-Platteville Pioneers,2025-01-22,420,H2,04:12 (H2),UW-Platteville Pioneers,Miles Hettinger,made_shot,Miles Hettinger Makes 2PT Layup,2,58.0,59.0,"Carter Capstran, Collin Madson, Isaac Verges, Jameer Barker, Luke Bara","Aiden Wieczorek, Brady Olson, Bristol Lewis, Max Love, Miles Hettinger",33 Miles Hettinger > Offensive Rebound > Short > Scoring Attempt > Short to < 17' > Make 2 Pts
UW-Platteville Pioneers,2025-01-22,421,H2,03:50 (H2),UW-Whitewater,Collin Madson,missed_shot,Collin Madson Misses 2PT Jump Shot,2,58.0,59.0,"Carter Capstran, Collin Madson, Isaac Verges, Jameer Barker, Luke Bara","Aiden Wieczorek, Brady Olson, Bristol Lewis, Max Love, Miles Hettinger",15 Collin Madson > Spot-Up > Drives Left > Dribble Jumper > Medium/17' to <3p > Miss 2 Pts
UW-Platteville Pioneers,2025-01-22,423,H2,03:42 (H2),UW-Platteville Pioneers,Max Love,made_shot,Max Love Makes 3PT Jump Shot,3,58.0,62.0,"Carter Capstran, Collin Madson, Isaac Verges, Jameer Barker, Luke Bara","Aiden Wieczorek, Brady Olson, Bristol Lewis, Max Love, Miles Hettinger",21 Max Love > Transition > Trailer > No Dribble Jumper > Open > Long/3pt > Make 3 Pts
UW-Platteville Pioneers,2025-01-22,424,H2,03:42 (H2),UW-Platteville Pioneers,Aiden Wieczorek,assist,Aiden Wieczorek Assists,,58.0,62.0,"Carter Capstran, Collin Madson, Isaac Verges, Jameer Barker, Luke Bara","Aiden Wieczorek, Brady Olson, Bristol Lewis, Max Love, Miles Hettinger",
UW-Platteville Pioneers,2025-01-22,425,H2,03:23 (H2),UW-Whitewater,Luke Bara,made_shot,Luke Bara Makes 3PT Jump Shot,3,61.0,62.0,"Carter Capstran, Collin Madson, Isaac Verges, Jameer Barker, Luke Bara","Aiden Wieczorek, Brady Olson, Bristol Lewis, Max Love, Miles Hettinger",32 Luke Bara > Hand Off > From Stationary > Top > Dribble Jumper > Long/3pt > Make 3 Pts
UW-Platteville Pioneers,2025-01-22,426,H2,03:23 (H2),UW-Whitewater,Carter Capstran,assist,Carter Capstran Assists,,61.0,62.0,"Carter Capstran, Collin Madson, Isaac Verges, Jameer Barker, Luke Bara","Aiden Wieczorek, Brady Olson, Bristol Lewis, Max Love, Miles Hettinger",
UW-Platteville Pioneers,2025-01-22,427,H2,03:12 (H2),UW-Platteville Pioneers,Miles Hettinger,missed_shot,Miles Hettinger Misses 2PT Dunk,2,61.0,62.0,"Carter Capstran, Collin Madson, Isaac Verges, Jameer Barker, Luke Bara","Aiden Wieczorek, Brady Olson, Bristol Lewis, Max Love, Miles Hettinger",33 Miles Hettinger > Post-Up > Flash Middle > Post Pin > No Dribble Move > To Basket > Miss 2 Pts
UW-Platteville Pioneers,2025-01-22,429,H2,03:00 (H2),UW-Whitewater,Luke Bara,missed_shot,Luke Bara Misses 3PT Jump Shot,3,61.0,62.0,"Carter Capstran, Collin Madson, Isaac Verges, Jameer Barker, Luke Bara","Aiden Wieczorek, Brady Olson, Bristol Lewis, Max Love, Miles Hettinger",32 Luke Bara > P&R Ball Handler > High P&R > Dribble Off Pick > Dribble Jumper > Long/3pt > Miss 3 Pts
UW-Platteville Pioneers,2025-01-22,431,H2,02:58 (H2),UW-Whitewater,Isaac Verges,foul,Isaac Verges Commits Personal Foul,,61.0,62.0,"Carter Capstran, Collin Madson, Isaac Verges, Jameer Barker, Luke Bara","Aiden Wieczorek, Brady Olson, Bristol Lewis, Max Love, Miles Hettinger",
UW-Platteville Pioneers,2025-01-22,434,H2,02:58 (H2),UW-Platteville Pioneers,Brady Olson,free_throw_made,Brady Olson Makes Free Throw (2 of 2),,61.0,63.0,"Carter Capstran, Collin Madson, Isaac Verges, Jameer Barker, Luke Bara","Aiden Wieczorek, Brady Olson, Bristol Lewis, Max Love, Miles Hettinger",20 Brady Olson > Non Possession > Free Throw
UW-Platteville Pioneers,2025-01-22,435,H2,02:58 (H2),UW-Platteville Pioneers,Brady Olson,free_throw_made,Brady Olson Makes Free Throw (1 of 2),,61.0,64.0,"Carter Capstran, Collin Madson, Isaac Verges, Jameer Barker, Luke Bara","Aiden Wieczorek, Brady Olson, Bristol Lewis, Max Love, Miles Hettinger",20 Brady Olson > Non Possession > Free Throw
UW-Platteville Pioneers,2025-01-22,438,H2,02:33 (H2),UW-Platteville Pioneers,Brady Olson,foul,Brady Olson Commits Personal Foul,,61.0,64.0,"Carter Capstran, Collin Madson, Isaac Verges, Jameer Barker, Luke Bara","Aiden Wieczorek, Brady Olson, Bristol Lewis, Joey Fuhremann, Max Love",23 Carter Capstran > Post-Up > Flash Middle > Right Shoulder > Dribble Move > Defense Commits > Ball Delivered > 1 Jameer Barker > Spot-Up > No Dribble Jumper > Guarded > Long/3pt > Foul
UW-Platteville Pioneers,2025-01-22,439,H2,02:33 (H2),UW-Whitewater,Jameer Barker,free_throw_missed,Jameer Barker Misses Free Throw (1 of 3),,61.0,64.0,"Carter Capstran, Collin Madson, Isaac Verges, Jameer Barker, Luke Bara","Aiden Wieczorek, Brady Olson, Bristol Lewis, Joey Fuhremann, Max Love",1 Jameer Barker > Non Possession > Free Throw
UW-Platteville Pioneers,2025-01-22,441,H2,02:33 (H2),UW-Whitewater,Jameer Barker,free_throw_made,Jameer Barker Makes Free Throw (2 of 3),,62.0,64.0,"Carter Capstran, Collin Madson, Isaac Verges, Jameer Barker, Luke Bara","Aiden Wieczorek, Brady Olson, Bristol Lewis, Joey Fuhremann, Max Love",1 Jameer Barker > Non Possession > Free Throw
UW-Platteville Pioneers,2025-01-22,442,H2,02:33 (H2),UW-Whitewater,Jameer Barker,free_throw_missed,Jameer Barker Misses Free Throw (3 of 3),,62.0,64.0,"Carter Capstran, Collin Madson, Isaac Verges, Jameer Barker, Luke Bara","Aiden Wieczorek, Brady Olson, Bristol Lewis, Joey Fuhremann, Max Love",1 Jameer Barker > Non Possession > Free Throw
UW-Platteville Pioneers,2025-01-22,448,H2,02:19 (H2),UW-Platteville Pioneers,Brady Olson,missed_shot,Brady Olson Misses 3PT Jump Shot,3,62.0,64.0,"Carter Capstran, Collin Madson, Isaac Verges, Jameer Barker, Luke Bara","Ben Probst, Brady Olson, Bristol Lewis, Joey Fuhremann, Logan Pearson",14 Logan Pearson > P&R Ball Handler > Left P&R > Side > Dribble Off Pick > Defense Commits > Ball Delivered > 20 Brady Olson > Spot-Up > No Dribble Jumper > Open > Long/3pt > Miss 3 Pts
UW-Platteville Pioneers,2025-01-22,450,H2,01:59 (H2),UW-Whitewater,Carter Capstran,made_shot,Carter Capstran Makes 2PT Jump Shot,2,64.0,64.0,"Carter Capstran, Collin Madson, Isaac Verges, Jameer Barker, Luke Bara","Ben Probst, Brady Olson, Bristol Lewis, Joey Fuhremann, Logan Pearson",23 Carter Capstran > Post-Up > Right Block > Left Shoulder > Dribble Move > To Drop Step > Make 2 Pts
UW-Platteville Pioneers,2025-01-22,451,H2,01:42 (H2),UW-Platteville Pioneers,Joey Fuhremann,turnover,Joey Fuhremann Turnover (Bad Pass),,64.0,64.0,"Carter Capstran, Collin Madson, Isaac Verges, Jameer Barker, Luke Bara","Ben Probst, Brady Olson, Bristol Lewis, Joey Fuhremann, Logan Pearson",42 Joey Fuhremann > No Play Type > Turnover
UW-Platteville Pioneers,2025-01-22,456,H2,01:27 (H2),UW-Whitewater,Jameer Barker,made_shot,Jameer Barker Makes 2PT Layup,2,66.0,64.0,"Carter Capstran, Collin Madson, Isaac Verges, Jameer Barker, Luke Bara","Aiden Wieczorek, Brady Olson, Bristol Lewis, Joey Fuhremann, Max Love",1 Jameer Barker > Hand Off > From Stationary > Top > To Basket > Make 2 Pts Foul > 1 Pts
UW-Platteville Pioneers,2025-01-22,457,H2,01:27 (H2),UW-Platteville Pioneers,Joey Fuhremann,foul,Joey Fuhremann Commits Personal Foul,,66.0,64.0,"Carter Capstran, Collin Madson, Isaac Verges, Jameer Barker, Luke Bara","Aiden Wieczorek, Brady Olson, Bristol Lewis, Joey Fuhremann, Max Love",
UW-Platteville Pioneers,2025-01-22,458,H2,01:27 (H2),UW-Whitewater,Jameer Barker,free_throw_made,Jameer Barker Makes Free Throw (1 of 1),,67.0,64.0,"Carter Capstran, Collin Madson, Isaac Verges, Jameer Barker, Luke Bara","Aiden Wieczorek, Brady Olson, Bristol Lewis, Joey Fuhremann, Max Love",1 Jameer Barker > Hand Off > From Stationary > Top > To Basket > Make 2 Pts Foul > 1 Pts
UW-Platteville Pioneers,2025-01-22,465,H2,01:06 (H2),UW-Whitewater,Jake Quast,foul,Jake Quast Commits Personal Foul,,67.0,64.0,"Carter Capstran, Collin Madson, Isaac Verges, Jake Quast, Jameer Barker","Ben Probst, Brady Olson, Joey Fuhremann, Logan Pearson, Max Love",14 Logan Pearson > Spot-Up > Drives Left > To Basket > Foul
UW-Platteville Pioneers,2025-01-22,466,H2,01:06 (H2),UW-Platteville Pioneers,Logan Pearson,free_throw_missed,Logan Pearson Misses Free Throw (1 of 2),,67.0,64.0,"Carter Capstran, Collin Madson, Isaac Verges, Jake Quast, Jameer Barker","Ben Probst, Brady Olson, Joey Fuhremann, Logan Pearson, Max Love",14 Logan Pearson > Non Possession > Free Throw
UW-Platteville Pioneers,2025-01-22,468,H2,01:06 (H2),UW-Platteville Pioneers,Logan Pearson,free_throw_made,Logan Pearson Makes Free Throw (2 of 2),,67.0,65.0,"Carter Capstran, Collin Madson, Isaac Verges, Jake Quast, Jameer Barker","Ben Probst, Brady Olson, Joey Fuhremann, Logan Pearson, Max Love",14 Logan Pearson > Non Possession > Free Throw
UW-Platteville Pioneers,2025-01-22,476,H2,00:37 (H2),UW-Whitewater,Luke Bara,made_shot,Luke Bara Makes 2PT Layup,2,69.0,65.0,"Carter Capstran, Collin Madson, Jake Quast, Jameer Barker, Luke Bara","Aiden Wieczorek, Brady Olson, Bristol Lewis, Joey Fuhremann, Max Love",32 Luke Bara > P&R Ball Handler > High P&R > Dribble Off Pick > To Basket > Make 2 Pts
UW-Platteville Pioneers,2025-01-22,484,H2,00:21 (H2),UW-Platteville Pioneers,Logan Pearson,missed_shot,Logan Pearson Misses 3PT Jump Shot,3,69.0,65.0,"Carter Capstran, Collin Madson, Isaac Verges, Jake Quast, Jameer Barker","Ben Probst, Brady Olson, Joey Fuhremann, Logan Pearson, Max Love",14 Logan Pearson > Spot-Up > No Dribble Jumper > Guarded > Long/3pt > Miss 3 Pts
UW-Platteville Pioneers,2025-01-22,486,H2,00:14 (H2),UW-Platteville Pioneers,Brady Olson,made_shot,Brady Olson Makes 3PT Jump Shot,3,69.0,68.0,"Carter Capstran, Collin Madson, Isaac Verges, Jake Quast, Jameer Barker","Ben Probst, Brady Olson, Joey Fuhremann, Logan Pearson, Max Love",20 Brady Olson > Spot-Up > No Dribble Jumper > Open > Long/3pt > Make 3 Pts
UW-Platteville Pioneers,2025-01-22,487,H2,00:14 (H2),UW-Platteville Pioneers,Max Love,assist,Max Love Assists,,69.0,68.0,"Carter Capstran, Collin Madson, Isaac Verges, Jake Quast, Jameer Barker","Ben Probst, Brady Olson, Joey Fuhremann, Logan Pearson, Max Love",
UW-Platteville Pioneers,2025-01-22,497,H2,00:12 (H2),UW-Platteville Pioneers,Bristol Lewis,foul,Bristol Lewis Commits Personal Foul,,69.0,68.0,"Carter Capstran, Collin Madson, JT Hoytink, Jameer Barker, Luke Bara","Aiden Wieczorek, Brady Olson, Bristol Lewis, Joey Fuhremann, Max Love",1 Jameer Barker > No Play Type > Foul
UW-Platteville Pioneers,2025-01-22,498,H2,00:12 (H2),UW-Whitewater,Jameer Barker,free_throw_missed,Jameer Barker Misses Free Throw (2 of 2),,69.0,68.0,"Carter Capstran, Collin Madson, JT Hoytink, Jameer Barker, Luke Bara","Aiden Wieczorek, Brady Olson, Bristol Lewis, Joey Fuhremann, Max Love",1 Jameer Barker > Non Possession > Free Throw
UW-Platteville Pioneers,2025-01-22,499,H2,00:12 (H2),UW-Whitewater,Jameer Barker,free_throw_made,Jameer Barker Makes Free Throw (1 of 2),,70.0,68.0,"Carter Capstran, Collin Madson, JT Hoytink, Jameer Barker, Luke Bara","Aiden Wieczorek, Brady Olson, Bristol Lewis, Joey Fuhremann, Max Love",1 Jameer Barker > Non Possession > Free Throw
UW-Platteville Pioneers,2025-01-22,509,H2,00:08 (H2),UW-Whitewater,Collin Madson,foul,Collin Madson Commits Personal Foul,,70.0,68.0,"Carter Capstran, Collin Madson, Isaac Verges, Jake Quast, Jameer Barker","Ben Probst, Brady Olson, Joey Fuhremann, Logan Pearson, Max Love",14 Logan Pearson > Transition > Ballhandler > Foul
UW-Platteville Pioneers,2025-01-22,510,H2,00:08 (H2),UW-Platteville Pioneers,Logan Pearson,free_throw_missed,Logan Pearson Misses Free Throw (1 of 2),,70.0,68.0,"Carter Capstran, Collin Madson, Isaac Verges, Jake Quast, Jameer Barker","Ben Probst, Brady Olson, Joey Fuhremann, Logan Pearson, Max Love",14 Logan Pearson > Non Possession > Free Throw
UW-Platteville Pioneers,2025-01-22,512,H2,00:08 (H2),UW-Platteville Pioneers,Logan Pearson,free_throw_missed,Logan Pearson Misses Free Throw (2 of 2),,70.0,68.0,"Carter Capstran, Collin Madson, Isaac Verges, Jake Quast, Jameer Barker","Ben Probst, Brady Olson, Joey Fuhremann, Logan Pearson, Max Love",14 Logan Pearson > Non Possession > Free Throw
UW-Platteville Pioneers,2025-01-22,516,H2,00:08 (H2),UW-Platteville Pioneers,Max Love,foul,Max Love Commits Personal Foul,,70.0,68.0,"Carter Capstran, Collin Madson, Isaac Verges, Jake Quast, Jameer Barker","Ben Probst, Brady Olson, Logan Pearson, Max Love, Miles Hettinger",
UW-Platteville Pioneers,2025-01-22,518,H2,00:08 (H2),UW-Whitewater,Jake Quast,free_throw_made,Jake Quast Makes Free Throw (2 of 2),,71.0,68.0,"Carter Capstran, Collin Madson, Isaac Verges, Jake Quast, Jameer Barker","Ben Probst, Brady Olson, Logan Pearson, Max Love, Miles Hettinger",12 Jake Quast > Non Possession > Free Throw
UW-Platteville Pioneers,2025-01-22,519,H2,00:08 (H2),UW-Whitewater,Jake Quast,free_throw_made,Jake Quast Makes Free Throw (1 of 2),,72.0,68.0,"Carter Capstran, Collin Madson, Isaac Verges, Jake Quast, Jameer Barker","Ben Probst, Brady Olson, Logan Pearson, Max Love, Miles Hettinger",12 Jake Quast > Non Possession > Free Throw
UW-Platteville Pioneers,2025-01-22,522,H2,00:03 (H2),UW-Platteville Pioneers,Logan Pearson,missed_shot,Logan Pearson Misses 2PT Layup,2,72.0,68.0,"Carter Capstran, Collin Madson, Isaac Verges, Jake Quast, Jameer Barker","Ben Probst, Brady Olson, Joey Fuhremann, Logan Pearson, Max Love",14 Logan Pearson > Transition > Ballhandler > To Basket > Miss 2 Pts
UW-Platteville Pioneers,2025-01-22,524,H2,00:01 (H2),UW-Platteville Pioneers,Brady Olson,foul,Brady Olson Commits Personal Foul,,72.0,68.0,"Carter Capstran, Collin Madson, Isaac Verges, Jake Quast, Jameer Barker","Ben Probst, Brady Olson, Joey Fuhremann, Logan Pearson, Max Love",0 Isaac Verges > No Play Type > Foul
UW-Platteville Pioneers,2025-01-22,525,H2,00:01 (H2),UW-Whitewater,Isaac Verges,free_throw_made,Isaac Verges Makes Free Throw (1 of 2),,73.0,68.0,"Carter Capstran, Collin Madson, Isaac Verges, Jake Quast, Jameer Barker","Ben Probst, Brady Olson, Joey Fuhremann, Logan Pearson, Max Love",0 Isaac Verges > Non Possession > Free Throw
UW-Platteville Pioneers,2025-01-22,526,H2,00:01 (H2),UW-Whitewater,Isaac Verges,free_throw_made,Isaac Verges Makes Free Throw (2 of 2),,74.0,68.0,"Carter Capstran, Collin Madson, Isaac Verges, Jake Quast, Jameer Barker","Ben Probst, Brady Olson, Joey Fuhremann, Logan Pearson, Max Love",0 Isaac Verges > Non Possession > Free Throw
UW-La Crosse Eagles,2025-01-25,397,H2,04:56 (H2),UW-La Crosse Eagles,JJ Paider,foul,JJ Paider Commits Personal Foul,,69.0,73.0,"Brock Marino, Collin Madson, Isaac Verges, Jake Quast, Luke Bara","Dustin Derousseau, JJ Paider, Karter Thomas, Sam Grieger, Torin Hannah",21 Brock Marino > Non Possession > Non Shooting Foul
UW-La Crosse Eagles,2025-01-25,400,H2,04:39 (H2),UW-Whitewater,Luke Bara,missed_shot,Luke Bara Misses 3PT,3,69.0,73.0,"Brock Marino, Collin Madson, Isaac Verges, Jake Quast, Luke Bara","Dustin Derousseau, Griffin Ginder, Karter Thomas, Sam Grieger, Torin Hannah",32 Luke Bara > P&R Ball Handler > High P&R > Dribble Off Pick > Dribble Jumper > Long/3pt > Miss 3 Pts
UW-La Crosse Eagles,2025-01-25,402,H2,04:30 (H2),UW-Whitewater,Jake Quast,missed_shot,Jake Quast Misses 2PT Layup (Blocked),2,69.0,73.0,"Brock Marino, Collin Madson, Isaac Verges, Jake Quast, Luke Bara","Dustin Derousseau, Griffin Ginder, Karter Thomas, Sam Grieger, Torin Hannah",12 Jake Quast > No Play Type > To Basket > Miss 2 Pts
UW-La Crosse Eagles,2025-01-25,403,H2,04:30 (H2),UW-La Crosse Eagles,Griffin Ginder,block,Griffin Ginder Blocks,,69.0,73.0,"Brock Marino, Collin Madson, Isaac Verges, Jake Quast, Luke Bara","Dustin Derousseau, Griffin Ginder, Karter Thomas, Sam Grieger, Torin Hannah",
UW-La Crosse Eagles,2025-01-25,407,H2,04:17 (H2),UW-La Crosse Eagles,Sam Grieger,missed_shot,Sam Grieger Misses 2PT Turnaround Jump Shot,2,69.0,73.0,"Brock Marino, Collin Madson, Isaac Verges, Jake Quast, Luke Bara","Dustin Derousseau, Griffin Ginder, Karter Thomas, Sam Grieger, Torin Hannah",15 Sam Grieger > Spot-Up > Drives Left > Dribble Jumper > Short to < 17' > Miss 2 Pts
UW-La Crosse Eagles,2025-01-25,409,H2,04:00 (H2),UW-Whitewater,Luke Bara,missed_shot,Luke Bara Misses 3PT Jump Shot,3,69.0,73.0,"Brock Marino, Collin Madson, Isaac Verges, Jake Quast, Luke Bara","Dustin Derousseau, Griffin Ginder, Karter Thomas, Sam Grieger, Torin Hannah",32 Luke Bara > Spot-Up > No Dribble Jumper > Open > Long/3pt > Miss 3 Pts
UW-La Crosse Eagles,2025-01-25,419,H2,03:49 (H2),UW-Whitewater,Richie Warren,foul,Richie Warren Commits Personal Foul,,69.0,73.0,"Brock Marino, Collin Madson, JT Hoytink, Luke Bara, Richie Warren","Dustin Derousseau, Griffin Ginder, Karter Thomas, Sam Grieger, Will Fuhrmann",11 Dustin Derousseau > ISO > Top > Drives Right > To Basket > Foul
UW-La Crosse Eagles,2025-01-25,420,H2,03:49 (H2),UW-La Crosse Eagles,Dustin Derousseau,free_throw_missed,Dustin Derousseau Misses Free Throw (1 of 2),,69.0,73.0,"Brock Marino, Collin Madson, JT Hoytink, Luke Bara, Richie Warren","Dustin Derousseau, Griffin Ginder, Karter Thomas, Sam Grieger, Will Fuhrmann",11 Dustin Derousseau > Non Possession > Free Throw
UW-La Crosse Eagles,2025-01-25,424,H2,03:49 (H2),UW-La Crosse Eagles,Dustin Derousseau,free_throw_made,Dustin Derousseau Makes Free Throw (2 of 2),,69.0,74.0,"Brock Marino, Collin Madson, JT Hoytink, Jake Quast, Luke Bara","Dustin Derousseau, Griffin Ginder, Karter Thomas, Sam Grieger, Will Fuhrmann",11 Dustin Derousseau > Non Possession > Free Throw
UW-La Crosse Eagles,2025-01-25,425,H2,03:35 (H2),UW-La Crosse Eagles,Will Fuhrmann,foul,Will Fuhrmann Commits Personal Foul,,69.0,74.0,"Brock Marino, Collin Madson, JT Hoytink, Jake Quast, Luke Bara","Dustin Derousseau, Griffin Ginder, Karter Thomas, Sam Grieger, Will Fuhrmann",11 Jt Hoytink > ISO > Left > Drives Left > To Basket > Foul
UW-La Crosse Eagles,2025-01-25,426,H2,03:35 (H2),UW-Whitewater,JT Hoytink,free_throw_made,JT Hoytink Makes Free Throw (1 of 2),,70.0,74.0,"Brock Marino, Collin Madson, JT Hoytink, Jake Quast, Luke Bara","Dustin Derousseau, Griffin Ginder, Karter Thomas, Sam Grieger, Will Fuhrmann",11 Jt Hoytink > Non Possession > Free Throw
UW-La Crosse Eagles,2025-01-25,427,H2,03:35 (H2),UW-Whitewater,JT Hoytink,free_throw_missed,JT Hoytink Misses Free Throw (2 of 2),,70.0,74.0,"Brock Marino, Collin Madson, JT Hoytink, Jake Quast, Luke Bara","Dustin Derousseau, Griffin Ginder, Karter Thomas, Sam Grieger, Will Fuhrmann",11 Jt Hoytink > Non Possession > Free Throw
UW-La Crosse Eagles,2025-01-25,431,H2,03:16 (H2),UW-La Crosse Eagles,JJ Paider,missed_shot,JJ Paider Misses 2PT Layup,2,70.0,74.0,"Brock Marino, Collin Madson, JT Hoytink, Jake Quast, Luke Bara","Dustin Derousseau, JJ Paider, Karter Thomas, Sam Grieger, Will Fuhrmann",11 Dustin Derousseau > ISO > Top > Drives Right > Defense Commits > Ball Delivered > 13 JJ Paider > Cut > Flash > Miss 2 Pts
UW-La Crosse Eagles,2025-01-25,433,H2,03:06 (H2),UW-La Crosse Eagles,Dustin Derousseau,missed_shot,Dustin Derousseau Misses 2PT Layup,2,70.0,74.0,"Brock Marino, Collin Madson, JT Hoytink, Jake Quast, Luke Bara","Dustin Derousseau, JJ Paider, Karter Thomas, Sam Grieger, Will Fuhrmann",11 Dustin Derousseau > Post-Up > Left Block > Left Shoulder > Dribble Move > To Basket > Miss 2 Pts
UW-La Crosse Eagles,2025-01-25,435,H2,03:06 (H2),UW-Whitewater,JT Hoytink,foul,JT Hoytink Commits Personal Foul,,70.0,74.0,"Brock Marino, Collin Madson, JT Hoytink, Jake Quast, Luke Bara","Dustin Derousseau, JJ Paider, Karter Thomas, Sam Grieger, Will Fuhrmann",3 Will Fuhrmann > Offensive Rebound > Short > Foul
UW-La Crosse Eagles,2025-01-25,436,H2,03:06 (H2),UW-La Crosse Eagles,Will Fuhrmann,free_throw_missed,Will Fuhrmann Misses Free Throw (1 of 2),,70.0,74.0,"Brock Marino, Collin Madson, JT Hoytink, Jake Quast, Luke Bara","Dustin Derousseau, JJ Paider, Karter Thomas, Sam Grieger, Will Fuhrmann",3 Will Fuhrmann > Non Possession > Free Throw
UW-La Crosse Eagles,2025-01-25,438,H2,03:06 (H2),UW-La Crosse Eagles,Will Fuhrmann,free_throw_missed,Will Fuhrmann Misses Free Throw (2 of 2),,70.0,74.0,"Brock Marino, Collin Madson, JT Hoytink, Jake Quast, Luke Bara","Dustin Derousseau, JJ Paider, Karter Thomas, Sam Grieger, Will Fuhrmann",3 Will Fuhrmann > Non Possession > Free Throw
UW-La Crosse Eagles,2025-01-25,446,H2,02:39 (H2),UW-Whitewater,Carter Capstran,made_shot,Carter Capstran Makes 3PT Jump Shot,3,73.0,74.0,"Carter Capstran, Collin Madson, Isaac Verges, JT Hoytink, Jake Quast","Dustin Derousseau, JJ Paider, Karter Thomas, Torin Hannah, Will Fuhrmann",23 Carter Capstran > Spot-Up > No Dribble Jumper > Open > Long/3pt > Make 3 Pts
UW-La Crosse Eagles,2025-01-25,447,H2,02:39 (H2),UW-Whitewater,Isaac Verges,assist,Isaac Verges Assists,,73.0,74.0,"Carter Capstran, Collin Madson, Isaac Verges, JT Hoytink, Jake Quast","Dustin Derousseau, JJ Paider, Karter Thomas, Torin Hannah, Will Fuhrmann",
UW-La Crosse Eagles,2025-01-25,448,H2,02:09 (H2),UW-La Crosse Eagles,Dustin Derousseau,turnover,Dustin Derousseau Turnover (Bad Pass),,73.0,74.0,"Carter Capstran, Collin Madson, Isaac Verges, JT Hoytink, Jake Quast","Dustin Derousseau, JJ Paider, Karter Thomas, Torin Hannah, Will Fuhrmann",11 Dustin Derousseau > P&R Ball Handler > High P&R > Dribble Off Pick > Defense Commits > Turnover
UW-La Crosse Eagles,2025-01-25,449,H2,02:09 (H2),UW-Whitewater,Collin Madson,steal,Collin Madson Steals,,73.0,74.0,"Carter Capstran, Collin Madson, Isaac Verges, JT Hoytink, Jake Quast","Dustin Derousseau, JJ Paider, Karter Thomas, Torin Hannah, Will Fuhrmann",
UW-La Crosse Eagles,2025-01-25,450,H2,02:09 (H2),UW-La Crosse Eagles,Dustin Derousseau,foul,Dustin Derousseau Commits Personal Foul,,73.0,74.0,"Carter Capstran, Collin Madson, Isaac Verges, JT Hoytink, Jake Quast","Dustin Derousseau, JJ Paider, Karter Thomas, Torin Hannah, Will Fuhrmann",23 Carter Capstran > No Play Type > Foul
UW-La Crosse Eagles,2025-01-25,451,H2,02:09 (H2),UW-Whitewater,Carter Capstran,free_throw_missed,Carter Capstran Misses Free Throw (1 of 1),,73.0,74.0,"Carter Capstran, Collin Madson, Isaac Verges, JT Hoytink, Jake Quast","Dustin Derousseau, JJ Paider, Karter Thomas, Torin Hannah, Will Fuhrmann",23 Carter Capstran > Non Possession > Free Throw
UW-La Crosse Eagles,2025-01-25,455,H2,01:53 (H2),UW-Whitewater,Carter Capstran,foul,Carter Capstran Commits Personal Foul,,73.0,74.0,"Carter Capstran, Collin Madson, Isaac Verges, JT Hoytink, Jake Quast","Dustin Derousseau, JJ Paider, Karter Thomas, Sam Grieger, Will Fuhrmann",13 JJ Paider > Post-Up > Right Block > Left Shoulder > Dribble Move > Foul
UW-La Crosse Eagles,2025-01-25,456,H2,01:53 (H2),UW-La Crosse Eagles,JJ Paider,free_throw_made,JJ Paider Makes Free Throw (1 of 2),,73.0,75.0,"Carter Capstran, Collin Madson, Isaac Verges, JT Hoytink, Jake Quast","Dustin Derousseau, JJ Paider, Karter Thomas, Sam Grieger, Will Fuhrmann",13 JJ Paider > Non Possession > Free Throw
UW-La Crosse Eagles,2025-01-25,457,H2,01:53 (H2),UW-La Crosse Eagles,JJ Paider,free_throw_made,JJ Paider Makes Free Throw (2 of 2),,73.0,76.0,"Carter Capstran, Collin Madson, Isaac Verges, JT Hoytink, Jake Quast","Dustin Derousseau, JJ Paider, Karter Thomas, Sam Grieger, Will Fuhrmann",13 JJ Paider > Non Possession > Free Throw
UW-La Crosse Eagles,2025-01-25,458,H2,01:24 (H2),UW-Whitewater,Carter Capstran,missed_shot,Carter Capstran Misses 2PT Driving Layup,2,73.0,76.0,"Carter Capstran, Collin Madson, Isaac Verges, JT Hoytink, Jake Quast","Dustin Derousseau, JJ Paider, Karter Thomas, Sam Grieger, Will Fuhrmann",0 Isaac Verges > P&R Ball Handler > Left P&R > Baseline > Dribble Off Pick > Defense Commits > Ball Delivered > 23 Carter Capstran > Spot-Up > Drives Right > To Basket > Miss 2 Pts
UW-La Crosse Eagles,2025-01-25,460,H2,01:23 (H2),UW-Whitewater,Jake Quast,foul,Jake Quast Commits Personal Foul,,73.0,76.0,"Carter Capstran, Collin Madson, Isaac Verges, JT Hoytink, Jake Quast","Dustin Derousseau, JJ Paider, Karter Thomas, Sam Grieger, Will Fuhrmann",15 Sam Grieger > No Play Type > Foul
UW-La Crosse Eagles,2025-01-25,461,H2,01:23 (H2),UW-La Crosse Eagles,Sam Grieger,free_throw_missed,Sam Grieger Misses Free Throw (1 of 2),,73.0,76.0,"Carter Capstran, Collin Madson, Isaac Verges, JT Hoytink, Jake Quast","Dustin Derousseau, JJ Paider, Karter Thomas, Sam Grieger, Will Fuhrmann",15 Sam Grieger > Non Possession > Free Throw
UW-La Crosse Eagles,2025-01-25,463,H2,01:23 (H2),UW-La Crosse Eagles,Sam Grieger,free_throw_missed,Sam Grieger Misses Free Throw (2 of 2),,73.0,76.0,"Carter Capstran, Collin Madson, Isaac Verges, JT Hoytink, Jake Quast","Dustin Derousseau, JJ Paider, Karter Thomas, Sam Grieger, Will Fuhrmann",15 Sam Grieger > Non Possession > Free Throw
UW-La Crosse Eagles,2025-01-25,468,H2,01:03 (H2),UW-Whitewater,Collin Madson,made_shot,Collin Madson Makes 2PT Layup,2,75.0,76.0,"Carter Capstran, Collin Madson, Isaac Verges, JT Hoytink, Jake Quast","Dustin Derousseau, Karter Thomas, Sam Grieger, Torin Hannah, Will Fuhrmann",15 Collin Madson > Post-Up > Right Block > Right Shoulder > Dribble Move > To Basket > Make 2 Pts Foul > 0 Pts
UW-La Crosse Eagles,2025-01-25,469,H2,01:03 (H2),UW-La Crosse Eagles,Torin Hannah,foul,Torin Hannah Commits Personal Foul,,75.0,76.0,"Carter Capstran, Collin Madson, Isaac Verges, JT Hoytink, Jake Quast","Dustin Derousseau, Karter Thomas, Sam Grieger, Torin Hannah, Will Fuhrmann",
UW-La Crosse Eagles,2025-01-25,472,H2,01:02 (H2),UW-Whitewater,Collin Madson,free_throw_missed,Collin Madson Misses Free Throw (1 of 1),,75.0,76.0,"Carter Capstran, Collin Madson, Isaac Verges, JT Hoytink, Jake Quast","Dustin Derousseau, JJ Paider, Karter Thomas, Sam Grieger, Will Fuhrmann",15 Collin Madson > Non Possession > Free Throw
UW-La Crosse Eagles,2025-01-25,474,H2,00:39 (H2),UW-Whitewater,Carter Capstran,foul,Carter Capstran Commits Personal Foul,,75.0,76.0,"Carter Capstran, Collin Madson, Isaac Verges, JT Hoytink, Jake Quast","Dustin Derousseau, JJ Paider, Karter Thomas, Sam Grieger, Will Fuhrmann",13 JJ Paider > Post-Up > Left Block > Left Shoulder > Dribble Move > To Basket > Foul
UW-La Crosse Eagles,2025-01-25,475,H2,00:39 (H2),UW-La Crosse Eagles,JJ Paider,free_throw_made,JJ Paider Makes Free Throw (1 of 2),,75.0,77.0,"Carter Capstran, Collin Madson, Isaac Verges, JT Hoytink, Jake Quast","Dustin Derousseau, JJ Paider, Karter Thomas, Sam Grieger, Will Fuhrmann",13 JJ Paider > Non Possession > Free Throw
UW-La Crosse Eagles,2025-01-25,476,H2,00:39 (H2),UW-La Crosse Eagles,JJ Paider,free_throw_made,JJ Paider Makes Free Throw (2 of 2),,75.0,78.0,"Carter Capstran, Collin Madson, Isaac Verges, JT Hoytink, Jake Quast","Dustin Derousseau, JJ Paider, Karter Thomas, Sam Grieger, Will Fuhrmann",13 JJ Paider > Non Possession > Free Throw
UW-La Crosse Eagles,2025-01-25,478,H2,00:25 (H2),UW-Whitewater,Isaac Verges,turnover,Isaac Verges Turnover (Bad Pass),,75.0,78.0,"Carter Capstran, Collin Madson, Isaac Verges, JT Hoytink, Jake Quast","Dustin Derousseau, JJ Paider, Karter Thomas, Sam Grieger, Will Fuhrmann",0 Isaac Verges > No Play Type > Turnover
UW-La Crosse Eagles,2025-01-25,479,H2,00:25 (H2),UW-La Crosse Eagles,Sam Grieger,steal,Sam Grieger Steals,,75.0,78.0,"Carter Capstran, Collin Madson, Isaac Verges, JT Hoytink, Jake Quast","Dustin Derousseau, JJ Paider, Karter Thomas, Sam Grieger, Will Fuhrmann",
UW-La Crosse Eagles,2025-01-25,484,H2,00:07 (H2),UW-La Crosse Eagles,JJ Paider,made_shot,JJ Paider Makes 2PT Dunk,2,75.0,80.0,"Collin Madson, Isaac Verges, JT Hoytink, Jake Quast, Joey Berezowitz","Dustin Derousseau, JJ Paider, Karter Thomas, Sam Grieger, Will Fuhrmann",13 JJ Paider > Transition > First Middle > To Basket > Make 2 Pts
UW-La Crosse Eagles,2025-01-25,485,H2,00:07 (H2),UW-La Crosse Eagles,Dustin Derousseau,assist,Dustin Derousseau Assists,,75.0,80.0,"Collin Madson, Isaac Verges, JT Hoytink, Jake Quast, Joey Berezowitz","Dustin Derousseau, JJ Paider, Karter Thomas, Sam Grieger, Will Fuhrmann",
UW-La Crosse Eagles,2025-01-25,486,H2,00:00 (H2),UW-Whitewater,JT Hoytink,missed_shot,JT Hoytink Misses 3PT Jump Shot,3,75.0,80.0,"Collin Madson, Isaac Verges, JT Hoytink, Jake Quast, Joey Berezowitz","Dustin Derousseau, JJ Paider, Karter Thomas, Sam Grieger, Will Fuhrmann",11 Jt Hoytink > Transition > Ballhandler > Dribble Jumper > Long/3pt > Miss 3 Pts
UW-River Falls Falcons,2025-02-15,418,H2,03:53 (H2),UW-Whitewater,Carter Capstran,made_shot,Carter Capstran Makes 2PT Jump Shot,2,55.0,62.0,"Carter Capstran, Collin Madson, Isaac Verges, Luke Bara, Richie Warren","Drew Adams, Jack Leifker, Jeremy Wanguhu, Regan Merritt, Sean Sullivan",23 Carter Capstran > Post-Up > Left Block > Right Shoulder > Dribble Move > To Jumper > Make 2 Pts
UW-River Falls Falcons,2025-02-15,423,H2,03:15 (H2),UW-Whitewater,Luke Bara,free_throw_made,Luke Bara Makes Free Throw (1 of 2),,56.0,64.0,"Carter Capstran, Collin Madson, Isaac Verges, Luke Bara, Richie Warren","Drew Adams, Jack Leifker, Jeremy Wanguhu, Regan Merritt, Sean Sullivan",32 Luke Bara > Non Possession > Free Throw
UW-River Falls Falcons,2025-02-15,424,H2,03:15 (H2),UW-Whitewater,Luke Bara,free_throw_made,Luke Bara Makes Free Throw (2 of 2),,57.0,64.0,"Carter Capstran, Collin Madson, Isaac Verges, Luke Bara, Richie Warren","Drew Adams, Jack Leifker, Jeremy Wanguhu, Regan Merritt, Sean Sullivan",32 Luke Bara > Non Possession > Free Throw
UW-River Falls Falcons,2025-02-15,436,H2,01:38 (H2),UW-Whitewater,Collin Madson,made_shot,Collin Madson Makes 3PT Jump Shot,3,60.0,66.0,"Carter Capstran, Collin Madson, Isaac Verges, Luke Bara, Richie Warren","Drew Adams, Jack Leifker, Jeremy Wanguhu, Sean Sullivan, Zac Johnson",15 Collin Madson > Hand Off > From Dribble > Right > No Dribble Jumper > Guarded > Long/3pt > Make 3 Pts
UW-River Falls Falcons,2025-02-15,437,H2,01:38 (H2),UW-Whitewater,Carter Capstran,assist,Carter Capstran Assists,,60.0,66.0,"Carter Capstran, Collin Madson, Isaac Verges, Luke Bara, Richie Warren","Drew Adams, Jack Leifker, Jeremy Wanguhu, Sean Sullivan, Zac Johnson",
UW-River Falls Falcons,2025-02-15,438,H2,01:18 (H2),UW-Whitewater,Luke Bara,foul,Luke Bara Commits Personal Foul,,60.0,66.0,"Carter Capstran, Collin Madson, Isaac Verges, Luke Bara, Richie Warren","Drew Adams, Jack Leifker, Jeremy Wanguhu, Sean Sullivan, Zac Johnson",25 Jack Leifker > Transition > Right Wing > To Basket > Foul
UW-River Falls Falcons,2025-02-15,439,H2,01:18 (H2),UW-River Falls Falcons,Jack Leifker,free_throw_made,Jack Leifker Makes Free Throw (1 of 2),,60.0,67.0,"Carter Capstran, Collin Madson, Isaac Verges, Luke Bara, Richie Warren","Drew Adams, Jack Leifker, Jeremy Wanguhu, Sean Sullivan, Zac Johnson",25 Jack Leifker > Non Possession > Free Throw
UW-River Falls Falcons,2025-02-15,440,H2,01:18 (H2),UW-River Falls Falcons,Jack Leifker,free_throw_missed,Jack Leifker Misses Free Throw (2 of 2),,60.0,67.0,"Carter Capstran, Collin Madson, Isaac Verges, Luke Bara, Richie Warren","Drew Adams, Jack Leifker, Jeremy Wanguhu, Sean Sullivan, Zac Johnson",25 Jack Leifker > Non Possession > Free Throw
UW-River Falls Falcons,2025-02-15,444,H2,01:11 (H2),UW-Whitewater,Collin Madson,missed_shot,Collin Madson Misses 3PT Jump Shot,3,60.0,67.0,"Carter Capstran, Collin Madson, Isaac Verges, Luke Bara, Richie Warren","Jack Leifker, Jeremy Wanguhu, Micah Thompson, Sean Sullivan, Zac Johnson",15 Collin Madson > P&R Ball Handler > High P&R > Go Away from Pick > Dribble Jumper > Long/3pt > Miss 3 Pts
UW-River Falls Falcons,2025-02-15,446,H2,00:53 (H2),UW-Whitewater,Luke Bara,foul,Luke Bara Commits Personal Foul,,60.0,67.0,"Carter Capstran, Collin Madson, Isaac Verges, Luke Bara, Richie Warren","Jack Leifker, Jeremy Wanguhu, Micah Thompson, Sean Sullivan, Zac Johnson",13 Sean Sullivan > No Play Type > Foul
UW-River Falls Falcons,2025-02-15,447,H2,00:53 (H2),UW-River Falls Falcons,Sean Sullivan,free_throw_missed,Sean Sullivan Misses Free Throw (1 of 2),,60.0,67.0,"Carter Capstran, Collin Madson, Isaac Verges, Luke Bara, Richie Warren","Jack Leifker, Jeremy Wanguhu, Micah Thompson, Sean Sullivan, Zac Johnson",13 Sean Sullivan > Non Possession > Free Throw
UW-River Falls Falcons,2025-02-15,449,H2,00:53 (H2),UW-River Falls Falcons,Sean Sullivan,free_throw_missed,Sean Sullivan Misses Free Throw (2 of 2),,60.0,67.0,"Carter Capstran, Collin Madson, Isaac Verges, Luke Bara, Richie Warren","Jack Leifker, Jeremy Wanguhu, Micah Thompson, Sean Sullivan, Zac Johnson",13 Sean Sullivan > Non Possession > Free Throw
UW-River Falls Falcons,2025-02-15,453,H2,00:46 (H2),UW-Whitewater,Carter Capstran,made_shot,Carter Capstran Makes 3PT Jump Shot,3,63.0,67.0,"Carter Capstran, Collin Madson, Isaac Verges, Luke Bara, Richie Warren","Jeremy Wanguhu, Micah Thompson, Riley Ashburn, Sean Sullivan, Zac Johnson",0 Isaac Verges > P&R Ball Handler > Right P&R > Side > Dribble Off Pick > Defense Commits > Ball Delivered > 23 Carter Capstran > P&R Roll Man > Pick and Pops > No Dribble Jumper > Guarded > Long/3pt > Make 3 Pts
UW-River Falls Falcons,2025-02-15,454,H2,00:46 (H2),UW-Whitewater,Isaac Verges,assist,Isaac Verges Assists,,63.0,67.0,"Carter Capstran, Collin Madson, Isaac Verges, Luke Bara, Richie Warren","Jeremy Wanguhu, Micah Thompson, Riley Ashburn, Sean Sullivan, Zac Johnson",
UW-River Falls Falcons,2025-02-15,458,H2,00:37 (H2),UW-Whitewater,Carter Capstran,foul,Carter Capstran Commits Personal Foul,,63.0,67.0,"Carter Capstran, Collin Madson, Isaac Verges, Luke Bara, Richie Warren","Jeremy Wanguhu, Micah Thompson, Regan Merritt, Sean Sullivan, Zac Johnson",5 Regan Merritt > No Play Type > Foul
UW-River Falls Falcons,2025-02-15,459,H2,00:37 (H2),UW-River Falls Falcons,Regan Merritt,free_throw_made,Regan Merritt Makes Free Throw (1 of 2),,63.0,68.0,"Carter Capstran, Collin Madson, Isaac Verges, Luke Bara, Richie Warren","Jeremy Wanguhu, Micah Thompson, Regan Merritt, Sean Sullivan, Zac Johnson",5 Regan Merritt > Non Possession > Free Throw
UW-River Falls Falcons,2025-02-15,460,H2,00:37 (H2),UW-River Falls Falcons,Regan Merritt,free_throw_missed,Regan Merritt Misses Free Throw (2 of 2),,63.0,68.0,"Carter Capstran, Collin Madson, Isaac Verges, Luke Bara, Richie Warren","Jeremy Wanguhu, Micah Thompson, Regan Merritt, Sean Sullivan, Zac Johnson",5 Regan Merritt > Non Possession > Free Throw
UW-River Falls Falcons,2025-02-15,464,H2,00:31 (H2),UW-Whitewater,Collin Madson,foul,Collin Madson Commits Personal Foul,,63.0,68.0,"Carter Capstran, Collin Madson, Isaac Verges, Luke Bara, Richie Warren","Jeremy Wanguhu, Micah Thompson, Regan Merritt, Riley Ashburn, Sean Sullivan",13 Sean Sullivan > No Play Type > Foul
UW-River Falls Falcons,2025-02-15,465,H2,00:31 (H2),UW-River Falls Falcons,Sean Sullivan,free_throw_missed,Sean Sullivan Misses Free Throw (1 of 2),,63.0,68.0,"Carter Capstran, Collin Madson, Isaac Verges, Luke Bara, Richie Warren","Jeremy Wanguhu, Micah Thompson, Regan Merritt, Riley Ashburn, Sean Sullivan",13 Sean Sullivan > Non Possession > Free Throw
UW-River Falls Falcons,2025-02-15,467,H2,00:31 (H2),UW-River Falls Falcons,Sean Sullivan,free_throw_missed,Sean Sullivan Misses Free Throw (2 of 2),,63.0,68.0,"Carter Capstran, Collin Madson, Isaac Verges, Luke Bara, Richie Warren","Jeremy Wanguhu, Micah Thompson, Regan Merritt, Riley Ashburn, Sean Sullivan",13 Sean Sullivan > Non Possession > Free Throw
UW-River Falls Falcons,2025-02-15,469,H2,00:25 (H2),UW-River Falls Falcons,Jeremy Wanguhu,foul,Jeremy Wanguhu Commits Personal Foul,,63.0,68.0,"Carter Capstran, Collin Madson, Isaac Verges, Luke Bara, Richie Warren","Jeremy Wanguhu, Micah Thompson, Regan Merritt, Riley Ashburn, Sean Sullivan",0 Isaac Verges > Transition > Ballhandler > To Basket > Foul
UW-River Falls Falcons,2025-02-15,470,H2,00:25 (H2),UW-Whitewater,Isaac Verges,free_throw_made,Isaac Verges Makes Free Throw (1 of 2),,64.0,68.0,"Carter Capstran, Collin Madson, Isaac Verges, Luke Bara, Richie Warren","Jeremy Wanguhu, Micah Thompson, Regan Merritt, Riley Ashburn, Sean Sullivan",0 Isaac Verges > Non Possession > Free Throw
UW-River Falls Falcons,2025-02-15,471,H2,00:25 (H2),UW-Whitewater,Isaac Verges,free_throw_made,Isaac Verges Makes Free Throw (2 of 2),,65.0,68.0,"Carter Capstran, Collin Madson, Isaac Verges, Luke Bara, Richie Warren","Jeremy Wanguhu, Micah Thompson, Regan Merritt, Riley Ashburn, Sean Sullivan",0 Isaac Verges > Non Possession > Free Throw
UW-River Falls Falcons,2025-02-15,479,H2,00:22 (H2),UW-Whitewater,Isaac Verges,foul,Isaac Verges Commits Personal Foul,,65.0,68.0,"Collin Madson, Isaac Verges, Joey Berezowitz, Luke Bara, Richie Warren","Jack Leifker, Jeremy Wanguhu, Micah Thompson, Regan Merritt, Zac Johnson",11 Micah Thompson > No Play Type > Foul
UW-River Falls Falcons,2025-02-15,480,H2,00:22 (H2),UW-River Falls Falcons,Micah Thompson,free_throw_made,Micah Thompson Makes Free Throw (1 of 2),,65.0,69.0,"Collin Madson, Isaac Verges, Joey Berezowitz, Luke Bara, Richie Warren","Jack Leifker, Jeremy Wanguhu, Micah Thompson, Regan Merritt, Zac Johnson",11 Micah Thompson > Non Possession > Free Throw
UW-River Falls Falcons,2025-02-15,481,H2,00:22 (H2),UW-River Falls Falcons,Micah Thompson,free_throw_made,Micah Thompson Makes Free Throw (2 of 2),,65.0,70.0,"Collin Madson, Isaac Verges, Joey Berezowitz, Luke Bara, Richie Warren","Jack Leifker, Jeremy Wanguhu, Micah Thompson, Regan Merritt, Zac Johnson",11 Micah Thompson > Non Possession > Free Throw
UW-River Falls Falcons,2025-02-15,488,H2,00:17 (H2),UW-Whitewater,Luke Bara,foul,Luke Bara Commits Personal Foul,,65.0,70.0,"Carter Capstran, Collin Madson, Isaac Verges, Luke Bara, Richie Warren","Micah Thompson, Regan Merritt, Riley Ashburn, Sean Sullivan, Zac Johnson",
UW-River Falls Falcons,2025-02-15,489,H2,00:16 (H2),UW-River Falls Falcons,Regan Merritt,foul,Regan Merritt Commits Personal Foul,,65.0,70.0,"Carter Capstran, Collin Madson, Isaac Verges, Luke Bara, Richie Warren","Micah Thompson, Regan Merritt, Riley Ashburn, Sean Sullivan, Zac Johnson",32 Luke Bara > No Play Type > Foul
UW-River Falls Falcons,2025-02-15,490,H2,00:16 (H2),UW-Whitewater,Luke Bara,free_throw_missed,Luke Bara Misses Free Throw (1 of 2),,65.0,70.0,"Carter Capstran, Collin Madson, Isaac Verges, Luke Bara, Richie Warren","Micah Thompson, Regan Merritt, Riley Ashburn, Sean Sullivan, Zac Johnson",32 Luke Bara > Non Possession > Free Throw
UW-River Falls Falcons,2025-02-15,492,H2,00:16 (H2),UW-River Falls Falcons,Regan Merritt,free_throw_made,Regan Merritt Makes Free Throw (1 of 2),,65.0,71.0,"Carter Capstran, Collin Madson, Isaac Verges, Luke Bara, Richie Warren","Micah Thompson, Regan Merritt, Riley Ashburn, Sean Sullivan, Zac Johnson",5 Regan Merritt > Non Possession > Free Throw
UW-River Falls Falcons,2025-02-15,493,H2,00:16 (H2),UW-River Falls Falcons,Regan Merritt,free_throw_made,Regan Merritt Makes Free Throw (2 of 2),,65.0,72.0,"Carter Capstran, Collin Madson, Isaac Verges, Luke Bara, Richie Warren","Micah Thompson, Regan Merritt, Riley Ashburn, Sean Sullivan, Zac Johnson",5 Regan Merritt > Non Possession > Free Throw
UW-River Falls Falcons,2025-02-15,494,H2,00:16 (H2),UW-Whitewater,Luke Bara,free_throw_made,Luke Bara Makes Free Throw (2 of 2),,66.0,72.0,"Carter Capstran, Collin Madson, Isaac Verges, Luke Bara, Richie Warren","Micah Thompson, Regan Merritt, Riley Ashburn, Sean Sullivan, Zac Johnson",
UW-River Falls Falcons,2025-02-15,497,H2,00:09 (H2),UW-Whitewater,Carter Capstran,missed_shot,Carter Capstran Misses 3PT Jump Shot,3,66.0,72.0,"Carter Capstran, Collin Madson, Isaac Verges, Joey Berezowitz, Luke Bara","Micah Thompson, Regan Merritt, Riley Ashburn, Sean Sullivan, Zac Johnson",0 Isaac Verges > P&R Ball Handler > High P&R > Dribble Off Pick > Defense Commits > Ball Delivered > 23 Carter Capstran > P&R Roll Man > Pick and Pops > No Dribble Jumper > Guarded > Long/3pt > Miss 3 Pts
UW-River Falls Falcons,2025-02-15,499,H2,00:03 (H2),UW-Whitewater,Luke Bara,turnover,Luke Bara Turnover,,66.0,72.0,"Carter Capstran, Collin Madson, Isaac Verges, Joey Berezowitz, Luke Bara","Micah Thompson, Regan Merritt, Riley Ashburn, Sean Sullivan, Zac Johnson",32 Luke Bara > No Play Type > Turnover
UW-Platteville Pioneers,2025-02-19,407,H2,04:57 (H2),UW-Platteville Pioneers,Bristol Lewis,missed_shot,Bristol Lewis Misses 3PT Jump Shot,3,55.0,63.0,"Carter Capstran, Collin Madson, Joey Berezowitz, Luke Bara, Richie Warren","Aiden Wieczorek, Ben Probst, Brady Olson, Bristol Lewis, Joey Fuhremann",0 Bristol Lewis > Spot-Up > No Dribble Jumper > Guarded > Long/3pt > Miss 3 Pts
UW-Platteville Pioneers,2025-02-19,409,H2,04:51 (H2),UW-Platteville Pioneers,Joey Fuhremann,missed_shot,Joey Fuhremann Misses 2PT Hook Shot,2,55.0,63.0,"Carter Capstran, Collin Madson, Joey Berezowitz, Luke Bara, Richie Warren","Aiden Wieczorek, Ben Probst, Brady Olson, Bristol Lewis, Joey Fuhremann",42 Joey Fuhremann > Post-Up > Right Block > Left Shoulder > Dribble Move > To Drop Step > Miss 2 Pts
UW-Platteville Pioneers,2025-02-19,411,H2,04:51 (H2),UW-Whitewater,Joey Berezowitz,foul,Joey Berezowitz Commits Personal Foul,,55.0,63.0,"Carter Capstran, Collin Madson, Joey Berezowitz, Luke Bara, Richie Warren","Aiden Wieczorek, Ben Probst, Brady Olson, Bristol Lewis, Joey Fuhremann",20 Brady Olson > Offensive Rebound > Short > Scoring Attempt > At Basket > Foul
UW-Stevens Point Pointers,2025-02-24,435,H2,04:53 (H2),UW-Stevens Point Pointers,Carter Combs,missed_shot,Carter Combs Misses 2PT Jump Shot,2,72.0,73.0,"Carter Capstran, Collin Madson, Isaac Verges, Luke Bara, Richie Warren","Cal Krohn, Carter Combs, Darrius Bolden, Josiah Butler, Malik Abdul-Wahid",22 Darrius Bolden > P&R Ball Handler > High P&R > Dribble Off Pick > Defense Commits > Ball Delivered > 5 Carter Combs > Spot-Up > Drives Right > Dribble Jumper > Medium/17' to <3p > Miss 2 Pts
UW-Stevens Point Pointers,2025-02-24,437,H2,04:35 (H2),UW-Whitewater,Isaac Verges,turnover,Isaac Verges Turnover,,72.0,73.0,"Carter Capstran, Collin Madson, Isaac Verges, Luke Bara, Richie Warren","Cal Krohn, Carter Combs, Darrius Bolden, Josiah Butler, Malik Abdul-Wahid",0 Isaac Verges > Spot-Up > Drives Left > Turnover
UW-Stevens Point Pointers,2025-02-24,440,H2,04:12 (H2),UW-Stevens Point Pointers,Malik Abdul-Wahid,missed_shot,Malik Abdul-Wahid Misses 3PT Jump Shot,3,72.0,73.0,"Carter Capstran, Collin Madson, Isaac Verges, Luke Bara, Richie Warren","Cal Krohn, Darrius Bolden, Josiah Butler, Malik Abdul-Wahid, Seth Miron",4 Josiah Butler > P&R Ball Handler > Left P&R > Baseline > Go Away from Pick > Defense Commits > Ball Delivered > 1 Malik Abdul-Wahid > Spot-Up > No Dribble Jumper > Open > Long/3pt > Miss 3 Pts
UW-Stevens Point Pointers,2025-02-24,442,H2,03:48 (H2),UW-Whitewater,Carter Capstran,turnover,Carter Capstran Turnover (Bad Pass),,72.0,73.0,"Carter Capstran, Collin Madson, Isaac Verges, Luke Bara, Richie Warren","Cal Krohn, Darrius Bolden, Josiah Butler, Malik Abdul-Wahid, Seth Miron",23 Carter Capstran > No Play Type > Turnover
UW-Stevens Point Pointers,2025-02-24,445,H2,03:24 (H2),UW-Stevens Point Pointers,Cal Krohn,made_shot,Cal Krohn Makes 2PT Layup,2,72.0,75.0,"Carter Capstran, Collin Madson, Isaac Verges, Luke Bara, Richie Warren","Cal Krohn, Darrius Bolden, Josiah Butler, Malik Abdul-Wahid, Seth Miron",12 Cal Krohn > Post-Up > Right Block > Right Shoulder > Dribble Move > To Hook > Make 2 Pts
UW-Stevens Point Pointers,2025-02-24,446,H2,02:59 (H2),UW-Whitewater,Luke Bara,turnover,Luke Bara Turnover (Bad Pass),,72.0,75.0,"Carter Capstran, Collin Madson, Isaac Verges, Luke Bara, Richie Warren","Cal Krohn, Darrius Bolden, Josiah Butler, Malik Abdul-Wahid, Seth Miron",32 Luke Bara > P&R Ball Handler > High P&R > Dribble Off Pick > Defense Commits > Turnover
UW-Stevens Point Pointers,2025-02-24,447,H2,02:59 (H2),UW-Stevens Point Pointers,Malik Abdul-Wahid,steal,Malik Abdul-Wahid Steals,,72.0,75.0,"Carter Capstran, Collin Madson, Isaac Verges, Luke Bara, Richie Warren","Cal Krohn, Darrius Bolden, Josiah Butler, Malik Abdul-Wahid, Seth Miron",
UW-Stevens Point Pointers,2025-02-24,448,H2,02:53 (H2),UW-Stevens Point Pointers,Cal Krohn,made_shot,Cal Krohn Makes 2PT Layup,2,72.0,77.0,"Carter Capstran, Collin Madson, Isaac Verges, Luke Bara, Richie Warren","Cal Krohn, Darrius Bolden, Josiah Butler, Malik Abdul-Wahid, Seth Miron",12 Cal Krohn > Transition > Left Wing > To Basket > Make 2 Pts
UW-Stevens Point Pointers,2025-02-24,449,H2,02:53 (H2),UW-Stevens Point Pointers,Malik Abdul-Wahid,assist,Malik Abdul-Wahid Assists,,72.0,77.0,"Carter Capstran, Collin Madson, Isaac Verges, Luke Bara, Richie Warren","Cal Krohn, Darrius Bolden, Josiah Butler, Malik Abdul-Wahid, Seth Miron",
UW-Stevens Point Pointers,2025-02-24,450,H2,02:36 (H2),UW-Stevens Point Pointers,Seth Miron,foul,Seth Miron Commits Personal Foul,,72.0,77.0,"Carter Capstran, Collin Madson, Isaac Verges, Luke Bara, Richie Warren","Cal Krohn, Darrius Bolden, Josiah Butler, Malik Abdul-Wahid, Seth Miron",15 Collin Madson > ISO > Left > Drives Right > To Basket > Foul
UW-Stevens Point Pointers,2025-02-24,451,H2,02:36 (H2),UW-Whitewater,Collin Madson,free_throw_made,Collin Madson Makes Free Throw (1 of 2),,73.0,77.0,"Carter Capstran, Collin Madson, Isaac Verges, Luke Bara, Richie Warren","Cal Krohn, Darrius Bolden, Josiah Butler, Malik Abdul-Wahid, Seth Miron",15 Collin Madson > Non Possession > Free Throw
UW-Stevens Point Pointers,2025-02-24,452,H2,02:36 (H2),UW-Whitewater,Collin Madson,free_throw_made,Collin Madson Makes Free Throw (2 of 2),,74.0,77.0,"Carter Capstran, Collin Madson, Isaac Verges, Luke Bara, Richie Warren","Cal Krohn, Darrius Bolden, Josiah Butler, Malik Abdul-Wahid, Seth Miron",15 Collin Madson > Non Possession > Free Throw
UW-Stevens Point Pointers,2025-02-24,453,H2,02:17 (H2),UW-Stevens Point Pointers,Josiah Butler,missed_shot,Josiah Butler Misses 2PT Layup,2,74.0,77.0,"Carter Capstran, Collin Madson, Isaac Verges, Luke Bara, Richie Warren","Cal Krohn, Darrius Bolden, Josiah Butler, Malik Abdul-Wahid, Seth Miron",4 Josiah Butler > P&R Ball Handler > Right P&R > Side > Go Away from Pick > To Basket > Miss 2 Pts
UW-Stevens Point Pointers,2025-02-24,455,H2,02:11 (H2),UW-Stevens Point Pointers,Darrius Bolden,made_shot,Darrius Bolden Makes 2PT Layup,2,74.0,79.0,"Carter Capstran, Collin Madson, Isaac Verges, Luke Bara, Richie Warren","Cal Krohn, Darrius Bolden, Josiah Butler, Malik Abdul-Wahid, Seth Miron",22 Darrius Bolden > Spot-Up > Drives Left > To Basket > Make 2 Pts
UW-Stevens Point Pointers,2025-02-24,456,H2,01:42 (H2),UW-Stevens Point Pointers,Malik Abdul-Wahid,foul,Malik Abdul-Wahid Commits Personal Foul,,74.0,79.0,"Carter Capstran, Collin Madson, Isaac Verges, Luke Bara, Richie Warren","Cal Krohn, Darrius Bolden, Josiah Butler, Malik Abdul-Wahid, Seth Miron",24 Richie Warren > Post-Up > Flash Middle > Foul
UW-Stevens Point Pointers,2025-02-24,457,H2,01:42 (H2),UW-Whitewater,Richie Warren,free_throw_made,Richie Warren Makes Free Throw (1 of 2),,75.0,79.0,"Carter Capstran, Collin Madson, Isaac Verges, Luke Bara, Richie Warren","Cal Krohn, Darrius Bolden, Josiah Butler, Malik Abdul-Wahid, Seth Miron",24 Richie Warren > Non Possession > Free Throw
UW-Stevens Point Pointers,2025-02-24,458,H2,01:42 (H2),UW-Whitewater,Richie Warren,free_throw_made,Richie Warren Makes Free Throw (2 of 2),,76.0,79.0,"Carter Capstran, Collin Madson, Isaac Verges, Luke Bara, Richie Warren","Cal Krohn, Darrius Bolden, Josiah Butler, Malik Abdul-Wahid, Seth Miron",24 Richie Warren > Non Possession > Free Throw
UW-Stevens Point Pointers,2025-02-24,462,H2,01:24 (H2),UW-Stevens Point Pointers,Josiah Butler,turnover,Josiah Butler Turnover (Lost Ball),,76.0,79.0,"Carter Capstran, Collin Madson, Isaac Verges, JT Hoytink, Richie Warren","Cal Krohn, Darrius Bolden, Josiah Butler, Malik Abdul-Wahid, Seth Miron",4 Josiah Butler > P&R Ball Handler > High P&R > Dribble Off Pick > Defense Commits > Turnover
UW-Stevens Point Pointers,2025-02-24,463,H2,01:24 (H2),UW-Whitewater,Richie Warren,steal,Richie Warren Steals,,76.0,79.0,"Carter Capstran, Collin Madson, Isaac Verges, JT Hoytink, Richie Warren","Cal Krohn, Darrius Bolden, Josiah Butler, Malik Abdul-Wahid, Seth Miron",
UW-Stevens Point Pointers,2025-02-24,467,H2,00:57 (H2),UW-Whitewater,Carter Capstran,missed_shot,Carter Capstran Misses 2PT Jump Shot (Blocked),2,76.0,79.0,"Carter Capstran, Collin Madson, Isaac Verges, Luke Bara, Richie Warren","Cal Krohn, Darrius Bolden, Josiah Butler, Malik Abdul-Wahid, Seth Miron",23 Carter Capstran > Spot-Up > Drives Right > Dribble Jumper > Short to < 17' > Miss 2 Pts
UW-Stevens Point Pointers,2025-02-24,468,H2,00:57 (H2),UW-Stevens Point Pointers,Cal Krohn,block,Cal Krohn Blocks,,76.0,79.0,"Carter Capstran, Collin Madson, Isaac Verges, Luke Bara, Richie Warren","Cal Krohn, Darrius Bolden, Josiah Butler, Malik Abdul-Wahid, Seth Miron",
UW-Stevens Point Pointers,2025-02-24,470,H2,00:30 (H2),UW-Stevens Point Pointers,Darrius Bolden,missed_shot,Darrius Bolden Misses 2PT Jump Shot,2,76.0,79.0,"Carter Capstran, Collin Madson, Isaac Verges, Luke Bara, Richie Warren","Cal Krohn, Darrius Bolden, Josiah Butler, Malik Abdul-Wahid, Seth Miron",4 Josiah Butler > P&R Ball Handler > High P&R > Defense Commits > Ball Delivered > 22 Darrius Bolden > Spot-Up > Drives Left > Dribble Jumper > Medium/17' to <3p > Miss 2 Pts
UW-Stevens Point Pointers,2025-02-24,473,H2,00:15 (H2),UW-Whitewater,Carter Capstran,missed_shot,Carter Capstran Misses 3PT Jump Shot,3,76.0,79.0,"Carter Capstran, Collin Madson, Isaac Verges, Luke Bara, Richie Warren","Cal Krohn, Darrius Bolden, Josiah Butler, Malik Abdul-Wahid, Seth Miron",23 Carter Capstran > Off Screen > To Shooter's Left > Flare > No Dribble Jumper > Guarded > Long/3pt > Miss 3 Pts
UW-Stevens Point Pointers,2025-02-24,475,H2,00:03 (H2),UW-Whitewater,Collin Madson,made_shot,Collin Madson Makes 3PT Jump Shot,3,79.0,79.0,"Carter Capstran, Collin Madson, Isaac Verges, Luke Bara, Richie Warren","Cal Krohn, Darrius Bolden, Josiah Butler, Malik Abdul-Wahid, Seth Miron",15 Collin Madson > Spot-Up > No Dribble Jumper > Open > Long/3pt > Make 3 Pts
UW-Stevens Point Pointers,2025-02-24,476,H2,00:03 (H2),UW-Whitewater,Luke Bara,assist,Luke Bara Assists,,79.0,79.0,"Carter Capstran, Collin Madson, Isaac Verges, Luke Bara, Richie Warren","Cal Krohn, Darrius Bolden, Josiah Butler, Malik Abdul-Wahid, Seth Miron",
UW-Stevens Point Pointers,2025-02-24,480,H2,00:00 (H2),UW-Whitewater,Isaac Verges,foul,Isaac Verges Commits Personal Foul,,79.0,79.0,"Collin Madson, Isaac Verges, JT Hoytink, Luke Bara, Richie Warren","Cal Krohn, Darrius Bolden, Josiah Butler, Malik Abdul-Wahid, Seth Miron",4 Josiah Butler > No Play Type > Foul
UW-Stevens Point Pointers,2025-02-24,484,H2,00:00 (H2),UW-Stevens Point Pointers,Josiah Butler,free_throw_made,Josiah Butler Makes Free Throw (1 of 2),,79.0,80.0,"Carter Capstran, Collin Madson, Isaac Verges, Luke Bara, Richie Warren","Cal Krohn, Darrius Bolden, Josiah Butler, Malik Abdul-Wahid, Seth Miron",4 Josiah Butler > Non Possession > Free Throw
UW-Stevens Point Pointers,2025-02-24,485,H2,00:00 (H2),UW-Stevens Point Pointers,Josiah Butler,free_throw_made,Josiah Butler Makes Free Throw (2 of 2),,79.0,81.0,"Carter Capstran, Collin Madson, Isaac Verges, Luke Bara, Richie Warren","Cal Krohn, Darrius Bolden, Josiah Butler, Malik Abdul-Wahid, Seth Miron",4 Josiah Butler > Non Possession > Free Throw
UW-Stevens Point Pointers,2025-02-24,490,H2,00:00 (H2),UW-Whitewater,Collin Madson,turnover,Collin Madson Turnover (Bad Pass),,79.0,81.0,"Carter Capstran, Collin Madson, Kelton McEwen, Luke Bara, Richie Warren","Cal Krohn, Carter Combs, Darrius Bolden, Josiah Butler, Malik Abdul-Wahid",
UW-Oshkosh Titans,2025-02-05,342,H2,04:56 (H2),UW-Oshkosh Titans,Jonah Rindfleisch,turnover,Jonah Rindfleisch Turnover (Lost Ball),,43.0,48.0,"Carter Capstran, Collin Madson, JT Hoytink, Joey Berezowitz, Richie Warren","Brandon Beck, Carter Thomas, Joey LaChapell, Jonah Rindfleisch, Reed Seckar",12 Jonah Rindfleisch > Cut > Basket > Turnover
UW-Oshkosh Titans,2025-02-05,343,H2,04:56 (H2),UW-Whitewater,Richie Warren,steal,Richie Warren Steals,,43.0,48.0,"Carter Capstran, Collin Madson, JT Hoytink, Joey Berezowitz, Richie Warren","Brandon Beck, Carter Thomas, Joey LaChapell, Jonah Rindfleisch, Reed Seckar",
UW-Oshkosh Titans,2025-02-05,344,H2,04:48 (H2),UW-Whitewater,Carter Capstran,made_shot,Carter Capstran Makes 2PT Driving Layup,2,45.0,48.0,"Carter Capstran, Collin Madson, JT Hoytink, Joey Berezowitz, Richie Warren","Brandon Beck, Carter Thomas, Joey LaChapell, Jonah Rindfleisch, Reed Seckar",23 Carter Capstran > Spot-Up > Drives Right > To Basket > Make 2 Pts
UW-Oshkosh Titans,2025-02-05,345,H2,04:28 (H2),UW-Whitewater,Joey Berezowitz,foul,Joey Berezowitz Commits Personal Foul,,45.0,48.0,"Carter Capstran, Collin Madson, JT Hoytink, Joey Berezowitz, Richie Warren","Brandon Beck, Carter Thomas, Joey LaChapell, Jonah Rindfleisch, Reed Seckar",21 Carter Thomas > ISO > Left > Drives Right > Defense Commits > Ball Delivered > 2 Joey LaChapell > Spot-Up > Drives Right > Foul
UW-Oshkosh Titans,2025-02-05,346,H2,04:28 (H2),UW-Oshkosh Titans,Joey LaChapell,free_throw_made,Joey LaChapell Makes Free Throw (1 of 2),,45.0,49.0,"Carter Capstran, Collin Madson, JT Hoytink, Joey Berezowitz, Richie Warren","Brandon Beck, Carter Thomas, Joey LaChapell, Jonah Rindfleisch, Reed Seckar",2 Joey LaChapell > Non Possession > Free Throw
UW-Oshkosh Titans,2025-02-05,347,H2,04:28 (H2),UW-Oshkosh Titans,Joey LaChapell,free_throw_made,Joey LaChapell Makes Free Throw (2 of 2),,45.0,50.0,"Carter Capstran, Collin Madson, JT Hoytink, Joey Berezowitz, Richie Warren","Brandon Beck, Carter Thomas, Joey LaChapell, Jonah Rindfleisch, Reed Seckar",2 Joey LaChapell > Non Possession > Free Throw
UW-Oshkosh Titans,2025-02-05,348,H2,04:04 (H2),UW-Whitewater,JT Hoytink,foul,JT Hoytink Commits Offensive Foul,,45.0,50.0,"Carter Capstran, Collin Madson, JT Hoytink, Joey Berezowitz, Richie Warren","Brandon Beck, Carter Thomas, Joey LaChapell, Jonah Rindfleisch, Reed Seckar",
UW-Oshkosh Titans,2025-02-05,349,H2,04:04 (H2),UW-Whitewater,JT Hoytink,turnover,JT Hoytink Turnover (Offensive Foul),,45.0,50.0,"Carter Capstran, Collin Madson, JT Hoytink, Joey Berezowitz, Richie Warren","Brandon Beck, Carter Thomas, Joey LaChapell, Jonah Rindfleisch, Reed Seckar",23 Carter Capstran > ISO > Top > Drives Left > Defense Commits > Ball Delivered > 11 Jt Hoytink > Spot-Up > Turnover
UW-Oshkosh Titans,2025-02-05,350,H2,03:32 (H2),UW-Oshkosh Titans,Reed Seckar,missed_shot,Reed Seckar Misses 3PT Jump Shot,3,45.0,50.0,"Carter Capstran, Collin Madson, JT Hoytink, Joey Berezowitz, Richie Warren","Brandon Beck, Carter Thomas, Joey LaChapell, Jonah Rindfleisch, Reed Seckar",22 Reed Seckar > Spot-Up > Drives Left > Dribble Jumper > Long/3pt > Miss 3 Pts
UW-Oshkosh Titans,2025-02-05,352,H2,03:31 (H2),UW-Oshkosh Titans,Carter Thomas,foul,Carter Thomas Commits Personal Foul,,45.0,50.0,"Carter Capstran, Collin Madson, JT Hoytink, Joey Berezowitz, Richie Warren","Brandon Beck, Carter Thomas, Joey LaChapell, Jonah Rindfleisch, Reed Seckar",15 Collin Madson > No Play Type > Foul
UW-Oshkosh Titans,2025-02-05,355,H2,03:30 (H2),UW-Whitewater,Collin Madson,free_throw_missed,Collin Madson Misses Free Throw (1 of 1),,45.0,50.0,"Carter Capstran, Collin Madson, JT Hoytink, Joey Berezowitz, Richie Warren","Brandon Beck, Carter Thomas, Joey LaChapell, Jonah Rindfleisch, Reed Seckar",15 Collin Madson > Non Possession > Free Throw
UW-Oshkosh Titans,2025-02-05,357,H2,03:07 (H2),UW-Oshkosh Titans,Joey LaChapell,missed_shot,Joey LaChapell Misses 2PT Pull Up Jump Shot,2,45.0,50.0,"Carter Capstran, Collin Madson, JT Hoytink, Joey Berezowitz, Richie Warren","Brandon Beck, Carter Thomas, Joey LaChapell, Jonah Rindfleisch, Reed Seckar",2 Joey LaChapell > Spot-Up > Drives Right > Dribble Jumper > Medium/17' to <3p > Miss 2 Pts
UW-Oshkosh Titans,2025-02-05,359,H2,02:56 (H2),UW-Oshkosh Titans,Joey LaChapell,foul,Joey LaChapell Commits Personal Foul,,45.0,50.0,"Carter Capstran, Collin Madson, JT Hoytink, Joey Berezowitz, Richie Warren","Brandon Beck, Carter Thomas, Joey LaChapell, Jonah Rindfleisch, Reed Seckar",22 Joey Berezowitz > P&R Ball Handler > High P&R > Dribble Off Pick > Foul
UW-Oshkosh Titans,2025-02-05,360,H2,02:56 (H2),UW-Whitewater,Joey Berezowitz,free_throw_made,Joey Berezowitz Makes Free Throw (1 of 2),,46.0,50.0,"Carter Capstran, Collin Madson, JT Hoytink, Joey Berezowitz, Richie Warren","Brandon Beck, Carter Thomas, Joey LaChapell, Jonah Rindfleisch, Reed Seckar",22 Joey Berezowitz > Non Possession > Free Throw
UW-Oshkosh Titans,2025-02-05,361,H2,02:56 (H2),UW-Whitewater,Joey Berezowitz,free_throw_made,Joey Berezowitz Makes Free Throw (2 of 2),,47.0,50.0,"Carter Capstran, Collin Madson, JT Hoytink, Joey Berezowitz, Richie Warren","Brandon Beck, Carter Thomas, Joey LaChapell, Jonah Rindfleisch, Reed Seckar",22 Joey Berezowitz > Non Possession > Free Throw
UW-Oshkosh Titans,2025-02-05,362,H2,02:25 (H2),UW-Oshkosh Titans,Brandon Beck,missed_shot,Brandon Beck Misses 2PT Pull Up Jump Shot,2,47.0,50.0,"Carter Capstran, Collin Madson, JT Hoytink, Joey Berezowitz, Richie Warren","Brandon Beck, Carter Thomas, Joey LaChapell, Jonah Rindfleisch, Reed Seckar",0 Brandon Beck > ISO > Right > Drives Right > Dribble Jumper > Short to < 17' > Miss 2 Pts
UW-Oshkosh Titans,2025-02-05,364,H2,02:25 (H2),UW-Oshkosh Titans,,turnover,Turnover,,47.0,50.0,"Carter Capstran, Collin Madson, JT Hoytink, Joey Berezowitz, Richie Warren","Brandon Beck, Carter Thomas, Joey LaChapell, Jonah Rindfleisch, Reed Seckar",
UW-Oshkosh Titans,2025-02-05,365,H2,02:09 (H2),UW-Whitewater,Joey Berezowitz,missed_shot,Joey Berezowitz Misses 3PT Jump Shot,3,47.0,50.0,"Carter Capstran, Collin Madson, JT Hoytink, Joey Berezowitz, Richie Warren","Brandon Beck, Carter Thomas, Joey LaChapell, Jonah Rindfleisch, Reed Seckar",22 Joey Berezowitz > Spot-Up > No Dribble Jumper > Open > Long/3pt > Miss 3 Pts
UW-Oshkosh Titans,2025-02-05,367,H2,01:41 (H2),UW-Oshkosh Titans,Joey LaChapell,missed_shot,Joey LaChapell Misses 2PT Jump Shot,2,47.0,50.0,"Carter Capstran, Collin Madson, JT Hoytink, Joey Berezowitz, Richie Warren","Brandon Beck, Carter Thomas, Joey LaChapell, Jonah Rindfleisch, Reed Seckar",2 Joey LaChapell > Off Screen > To Shooter's Right > Curl > No Dribble Jumper > Guarded > Short to < 17' > Miss 2 Pts
UW-Oshkosh Titans,2025-02-05,369,H2,01:25 (H2),UW-Whitewater,Carter Capstran,turnover,Carter Capstran Turnover (Bad Pass),,47.0,50.0,"Carter Capstran, Collin Madson, JT Hoytink, Joey Berezowitz, Richie Warren","Brandon Beck, Carter Thomas, Joey LaChapell, Jonah Rindfleisch, Reed Seckar",23 Carter Capstran > Off Screen > To Shooter's Right > Straight > Turnover
UW-Oshkosh Titans,2025-02-05,370,H2,01:07 (H2),UW-Oshkosh Titans,Reed Seckar,missed_shot,Reed Seckar Misses 3PT Jump Shot,3,47.0,50.0,"Carter Capstran, Collin Madson, JT Hoytink, Joey Berezowitz, Richie Warren","Brandon Beck, Carter Thomas, Joey LaChapell, Jonah Rindfleisch, Reed Seckar",2 Joey LaChapell > P&R Ball Handler > Left P&R > Side > Dribble Off Pick > Defense Commits > Ball Delivered > 22 Reed Seckar > Spot-Up > No Dribble Jumper > Guarded > Long/3pt > Miss 3 Pts
UW-Oshkosh Titans,2025-02-05,372,H2,00:49 (H2),UW-Whitewater,Carter Capstran,made_shot,Carter Capstran Makes 2PT Hook Shot,2,49.0,50.0,"Carter Capstran, Collin Madson, JT Hoytink, Joey Berezowitz, Richie Warren","Brandon Beck, Carter Thomas, Joey LaChapell, Jonah Rindfleisch, Reed Seckar",23 Carter Capstran > Post-Up > Right Block > Left Shoulder > Dribble Move > To Hook > Make 2 Pts
UW-Oshkosh Titans,2025-02-05,374,H2,00:26 (H2),UW-Oshkosh Titans,Carter Thomas,missed_shot,Carter Thomas Misses 2PT Layup,2,49.0,50.0,"Carter Capstran, Collin Madson, JT Hoytink, Joey Berezowitz, Richie Warren","Brandon Beck, Carter Thomas, Joey LaChapell, Jonah Rindfleisch, Reed Seckar",21 Carter Thomas > Post-Up > Right Block > Left Shoulder > Dribble Move > To Basket > Miss 2 Pts
UW-Oshkosh Titans,2025-02-05,376,H2,00:13 (H2),UW-Whitewater,Carter Capstran,missed_shot,Carter Capstran Misses 2PT Layup,2,49.0,50.0,"Carter Capstran, Collin Madson, JT Hoytink, Joey Berezowitz, Richie Warren","Brandon Beck, Carter Thomas, Joey LaChapell, Jonah Rindfleisch, Reed Seckar",22 Joey Berezowitz > P&R Ball Handler > Right P&R > Side > Dribble Off Pick > Defense Commits > Ball Delivered > 23 Carter Capstran > P&R Roll Man > Slips the Pick > To Basket > Miss 2 Pts
UW-Oshkosh Titans,2025-02-05,380,H2,00:10 (H2),UW-Whitewater,JT Hoytink,foul,JT Hoytink Commits Personal Foul,,49.0,50.0,"Carter Capstran, Collin Madson, JT Hoytink, Joey Berezowitz, Richie Warren","Brandon Beck, Carter Thomas, Joey LaChapell, Jonah Rindfleisch, Reed Seckar",22 Reed Seckar > No Play Type > Foul
UW-Oshkosh Titans,2025-02-05,381,H2,00:10 (H2),UW-Oshkosh Titans,Reed Seckar,free_throw_missed,Reed Seckar Misses Free Throw (1 of 1),,49.0,50.0,"Carter Capstran, Collin Madson, JT Hoytink, Joey Berezowitz, Richie Warren","Brandon Beck, Carter Thomas, Joey LaChapell, Jonah Rindfleisch, Reed Seckar",22 Reed Seckar > Non Possession > Free Throw
UW-Oshkosh Titans,2025-02-05,383,H2,00:08 (H2),UW-Whitewater,Richie Warren,foul,Richie Warren Commits Personal Foul,,49.0,50.0,"Carter Capstran, Collin Madson, JT Hoytink, Joey Berezowitz, Richie Warren","Brandon Beck, Carter Thomas, Joey LaChapell, Jonah Rindfleisch, Reed Seckar",0 Brandon Beck > Offensive Rebound > Short > Foul
UW-Oshkosh Titans,2025-02-05,384,H2,00:08 (H2),UW-Oshkosh Titans,Brandon Beck,free_throw_made,Brandon Beck Makes Free Throw (1 of 2),,49.0,51.0,"Carter Capstran, Collin Madson, JT Hoytink, Joey Berezowitz, Richie Warren","Brandon Beck, Carter Thomas, Joey LaChapell, Jonah Rindfleisch, Reed Seckar",0 Brandon Beck > Non Possession > Free Throw
UW-Oshkosh Titans,2025-02-05,385,H2,00:08 (H2),UW-Oshkosh Titans,Brandon Beck,free_throw_made,Brandon Beck Makes Free Throw (2 of 2),,49.0,52.0,"Carter Capstran, Collin Madson, JT Hoytink, Joey Berezowitz, Richie Warren","Brandon Beck, Carter Thomas, Joey LaChapell, Jonah Rindfleisch, Reed Seckar",0 Brandon Beck > Non Possession > Free Throw
UW-Oshkosh Titans,2025-02-05,395,H2,00:00 (H2),UW-Whitewater,Joey Berezowitz,missed_shot,Joey Berezowitz Misses 3PT Jump Shot,3,49.0,52.0,"Carter Capstran, Collin Madson, Darius Chestnut, JT Hoytink, Joey Berezowitz","Brandon Beck, Carter Thomas, Joey LaChapell, Jonah Rindfleisch, Reed Seckar",22 Joey Berezowitz > Off Screen > To Shooter's Left > Straight > Dribble Jumper > Long/3pt > Miss 3 Pts
UW-Oshkosh Titans,2025-02-05,397,H2,00:00 (H2),UW-Oshkosh Titans,Reed Seckar,free_throw_made,Reed Seckar Makes Free Throw (2 of 2),,49.0,53.0,"Carter Capstran, Collin Madson, Darius Chestnut, JT Hoytink, Joey Berezowitz","Brandon Beck, Carter Thomas, Joey LaChapell, Jonah Rindfleisch, Reed Seckar",22 Reed Seckar > Non Possession > Free Throw
UW-Oshkosh Titans,2025-02-05,398,H2,00:00 (H2),UW-Oshkosh Titans,Reed Seckar,free_throw_made,Reed Seckar Makes Free Throw (1 of 2),,49.0,54.0,"Carter Capstran, Collin Madson, Darius Chestnut, JT Hoytink, Joey Berezowitz","Brandon Beck, Carter Thomas, Joey LaChapell, Jonah Rindfleisch, Reed Seckar",22 Reed Seckar > Non Possession > Free Throw
UW-Oshkosh Titans,2025-02-05,401,H2,00:00 (H2),UW-Whitewater,Richie Warren,foul,Richie Warren Commits Personal Foul,,49.0,54.0,"Collin Madson, Darius Chestnut, JT Hoytink, Joey Berezowitz, Richie Warren","Brandon Beck, Carter Thomas, Joey LaChapell, Jonah Rindfleisch, Reed Seckar",
