opponent,game_date,event_order,period,time_remaining,team,player,event_type,raw_text,shot_type,uww_score,opp_score,uww_lineup,video_description,coach_note,play_call
Carroll (WI) Pioneers,2024-11-12,0,,,,,period_marker,Start 1st Half,,,,"Carter Capstran, Collin Madson, Jake Quast, Jameer Barker, Luke Bara",,,
Carroll (WI) Pioneers,2024-11-12,1,H1,19:58 (H1),Carroll (WI) Pioneers,Jacob Naber,jump_ball_won,Jacob Naber Wins Jump Ball,,0.0,0.0,"Carter Capstran, Collin Madson, Jake Quast, Jameer Barker, Luke Bara",,,
Carroll (WI) Pioneers,2024-11-12,2,H1,19:58 (H1),UW-Whitewater,Carter Capstran,jump_ball_lost,Carter Capstran Loses Jump Ball,,0.0,0.0,"Carter Capstran, Collin Madson, Jake Quast, Jameer Barker, Luke Bara",,,
Carroll (WI) Pioneers,2024-11-12,3,H1,19:56 (H1),Carroll (WI) Pioneers,Jacob Naber,made_shot,Jacob Naber Makes 2PT Jump Shot,2,0.0,2.0,"Carter Capstran, Collin Madson, Jake Quast, Jameer Barker, Luke Bara",41 Jacob Naber > Cut > Flash > Make 2 Pts,,
Carroll (WI) Pioneers,2024-11-12,4,H1,19:32 (H1),UW-Whitewater,Carter Capstran,missed_shot,Carter Capstran Misses 3PT Jump Shot,3,0.0,2.0,"Carter Capstran, Collin Madson, Jake Quast, Jameer Barker, Luke Bara",23 Carter Capstran > Spot-Up > No Dribble Jumper > Open > Long/3pt > Miss 3 Pts,,
Carroll (WI) Pioneers,2024-11-12,5,H1,19:27 (H1),Carroll (WI) Pioneers,Kobe Simpson,rebound_defensive,Kobe Simpson Defensive Rebound,,0.0,2.0,"Carter Capstran, Collin Madson, Jake Quast, Jameer Barker, Luke Bara",,,
Carroll (WI) Pioneers,2024-11-12,6,H1,19:18 (H1),Carroll (WI) Pioneers,Justin Steinike,missed_shot,Justin Steinike Misses 2PT Layup,2,0.0,2.0,"Carter Capstran, Collin Madson, Jake Quast, Jameer Barker, Luke Bara",20 Justin Steinike > Spot-Up > Drives Right > To Basket > Miss 2 Pts,,
Carroll (WI) Pioneers,2024-11-12,7,H1,19:14 (H1),UW-Whitewater,Carter Capstran,rebound_defensive,Carter Capstran Defensive Rebound,,0.0,2.0,"Carter Capstran, Collin Madson, Jake Quast, Jameer Barker, Luke Bara",,,
Carroll (WI) Pioneers,2024-11-12,8,H1,19:05 (H1),UW-Whitewater,Jameer Barker,made_shot,Jameer Barker Makes 2PT Jump Shot,2,2.0,2.0,"Carter Capstran, Collin Madson, Jake Quast, Jameer Barker, Luke Bara",1 Jameer Barker > Post-Up > Right Block > Left Shoulder > Dribble Move > To Jumper > Make 2 Pts,,
Carroll (WI) Pioneers,2024-11-12,9,H1,18:43 (H1),Carroll (WI) Pioneers,Kobe Simpson,foul,Kobe Simpson Commits Offensive Foul,,2.0,2.0,"Carter Capstran, Collin Madson, Jake Quast, Jameer Barker, Luke Bara",,,
Carroll (WI) Pioneers,2024-11-12,10,H1,18:43 (H1),Carroll (WI) Pioneers,Kobe Simpson,turnover,Kobe Simpson Turnover (Offensive Foul),,2.0,2.0,"Carter Capstran, Collin Madson, Jake Quast, Jameer Barker, Luke Bara",12 Kobe Simpson > P&R Ball Handler > Right P&R > Baseline > Dribble Off Pick > To Basket > Turnover,,
Carroll (WI) Pioneers,2024-11-12,11,H1,18:22 (H1),Carroll (WI) Pioneers,,jump_ball_held,Jump Ball (Held Ball),,2.0,2.0,"Carter Capstran, Collin Madson, Jake Quast, Jameer Barker, Luke Bara",,,
Carroll (WI) Pioneers,2024-11-12,12,H1,18:22 (H1),UW-Whitewater,,jump_ball_held,Jump Ball (Held Ball),,2.0,2.0,"Carter Capstran, Collin Madson, Jake Quast, Jameer Barker, Luke Bara",,,
Carroll (WI) Pioneers,2024-11-12,13,H1,18:18 (H1),UW-Whitewater,Jameer Barker,made_shot,Jameer Barker Makes 2PT Layup,2,4.0,2.0,"Carter Capstran, Collin Madson, Jake Quast, Jameer Barker, Luke Bara",1 Jameer Barker > Hand Off > From Dribble > Left > To Basket > Make 2 Pts Foul > 0 Pts,,
Carroll (WI) Pioneers,2024-11-12,14,H1,18:17 (H1),Carroll (WI) Pioneers,Jacob Naber,foul,Jacob Naber Commits Personal Foul,,4.0,2.0,"Carter Capstran, Collin Madson, Jake Quast, Jameer Barker, Luke Bara",,,
Carroll (WI) Pioneers,2024-11-12,15,H1,18:17 (H1),UW-Whitewater,Jameer Barker,free_throw_missed,Jameer Barker Misses Free Throw (1 of 1),,4.0,2.0,"Carter Capstran, Collin Madson, Jake Quast, Jameer Barker, Luke Bara",1 Jameer Barker > Hand Off > From Dribble > Left > To Basket > Make 2 Pts Foul > 0 Pts,,
Carroll (WI) Pioneers,2024-11-12,16,H1,18:17 (H1),Carroll (WI) Pioneers,Justin Steinike,rebound_defensive,Justin Steinike Defensive Rebound,,4.0,2.0,"Carter Capstran, Collin Madson, Jake Quast, Jameer Barker, Luke Bara",,,
Carroll (WI) Pioneers,2024-11-12,17,H1,18:17 (H1),Carroll (WI) Pioneers,Jacob Naber,missed_shot,Jacob Naber Misses 2PT Jump Shot,2,4.0,2.0,"Carter Capstran, Collin Madson, Jake Quast, Jameer Barker, Luke Bara",41 Jacob Naber > Post-Up > Left Block > Right Shoulder > Dribble Move > To Basket > Miss 2 Pts,,
Carroll (WI) Pioneers,2024-11-12,18,H1,18:17 (H1),UW-Whitewater,Carter Capstran,rebound_defensive,Carter Capstran Defensive Rebound,,4.0,2.0,"Carter Capstran, Collin Madson, Jake Quast, Jameer Barker, Luke Bara",,,
Carroll (WI) Pioneers,2024-11-12,19,H1,18:17 (H1),UW-Whitewater,Jameer Barker,made_shot,Jameer Barker Makes 2PT Layup,2,6.0,2.0,"Carter Capstran, Collin Madson, Jake Quast, Jameer Barker, Luke Bara",1 Jameer Barker > Transition > Ballhandler > To Basket > Make 2 Pts,,
Carroll (WI) Pioneers,2024-11-12,20,H1,18:16 (H1),Carroll (WI) Pioneers,Erik Victorson,turnover,Erik Victorson Turnover (Bad Pass),,6.0,2.0,"Carter Capstran, Collin Madson, Jake Quast, Jameer Barker, Luke Bara",10 Eckahelo Simpson > P&R Ball Handler > Right P&R > Side > Dribble Off Pick > Defense Commits > Ball Delivered > 34 Erik Victorson > Spot-Up > Drives Left > Turnover,,
Carroll (WI) Pioneers,2024-11-12,21,H1,18:16 (H1),UW-Whitewater,Luke Bara,steal,Luke Bara Steals,,6.0,2.0,"Carter Capstran, Collin Madson, Jake Quast, Jameer Barker, Luke Bara",,,
Carroll (WI) Pioneers,2024-11-12,22,H1,17:46 (H1),UW-Whitewater,Carter Capstran,missed_shot,Carter Capstran Misses 2PT Jump Shot (Blocked),2,6.0,2.0,"Carter Capstran, Collin Madson, Jake Quast, Jameer Barker, Luke Bara",1 Jameer Barker > P&R Ball Handler > High P&R > Dribble Off Pick > Defense Commits > Ball Delivered > 23 Carter Capstran > P&R Roll Man > Rolls to Basket > Miss 2 Pts,,
Carroll (WI) Pioneers,2024-11-12,23,H1,17:46 (H1),Carroll (WI) Pioneers,Jacob Naber,block,Jacob Naber Blocks,,6.0,2.0,"Carter Capstran, Collin Madson, Jake Quast, Jameer Barker, Luke Bara",,,
Carroll (WI) Pioneers,2024-11-12,24,H1,17:38 (H1),Carroll (WI) Pioneers,Jacob Naber,rebound_defensive,Jacob Naber Defensive Rebound,,6.0,2.0,"Carter Capstran, Collin Madson, Jake Quast, Jameer Barker, Luke Bara",,,
Carroll (WI) Pioneers,2024-11-12,25,H1,17:38 (H1),Carroll (WI) Pioneers,Kobe Simpson,missed_shot,Kobe Simpson Misses 2PT Layup,2,6.0,2.0,"Carter Capstran, Collin Madson, Jake Quast, Jameer Barker, Luke Bara",12 Kobe Simpson > P&R Ball Handler > Left P&R > Side > Dribble Off Pick > To Basket > Miss 2 Pts,,
Carroll (WI) Pioneers,2024-11-12,26,H1,17:32 (H1),UW-Whitewater,Carter Capstran,rebound_defensive,Carter Capstran Defensive Rebound,,6.0,2.0,"Carter Capstran, Collin Madson, Jake Quast, Jameer Barker, Luke Bara",,,
Carroll (WI) Pioneers,2024-11-12,27,H1,17:31 (H1),UW-Whitewater,Carter Capstran,turnover,Carter Capstran Turnover (Lost Ball),,6.0,2.0,"Carter Capstran, Collin Madson, Jake Quast, Jameer Barker, Luke Bara",,,
Carroll (WI) Pioneers,2024-11-12,28,H1,17:31 (H1),Carroll (WI) Pioneers,Eckahelo Simpson,steal,Eckahelo Simpson Steals,,6.0,2.0,"Carter Capstran, Collin Madson, Jake Quast, Jameer Barker, Luke Bara",,,
Carroll (WI) Pioneers,2024-11-12,29,H1,17:21 (H1),Carroll (WI) Pioneers,Erik Victorson,made_shot,Erik Victorson Makes 3PT Jump Shot,3,6.0,5.0,"Carter Capstran, Collin Madson, Jake Quast, Jameer Barker, Luke Bara",34 Erik Victorson > Transition > Left Wing > No Dribble Jumper > Guarded > Long/3pt > Make 3 Pts,,
Carroll (WI) Pioneers,2024-11-12,30,H1,17:21 (H1),Carroll (WI) Pioneers,Eckahelo Simpson,assist,Eckahelo Simpson Assists,,6.0,5.0,"Carter Capstran, Collin Madson, Jake Quast, Jameer Barker, Luke Bara",,,
Carroll (WI) Pioneers,2024-11-12,31,H1,16:59 (H1),UW-Whitewater,Jameer Barker,made_shot,Jameer Barker Makes 2PT Jump Shot,2,8.0,5.0,"Carter Capstran, Collin Madson, Jake Quast, Jameer Barker, Luke Bara",1 Jameer Barker > P&R Ball Handler > Left P&R > Baseline > Dribble Off Pick > Dribble Jumper > Short to < 17' > Make 2 Pts,,
Carroll (WI) Pioneers,2024-11-12,32,H1,16:46 (H1),Carroll (WI) Pioneers,Justin Steinike,made_shot,Justin Steinike Makes 2PT Jump Shot,2,8.0,7.0,"Carter Capstran, Collin Madson, Jake Quast, Jameer Barker, Luke Bara",20 Justin Steinike > P&R Ball Handler > Right P&R > Baseline > Dribble Off Pick > Dribble Jumper > Medium/17' to <3p > Make 2 Pts,,
Carroll (WI) Pioneers,2024-11-12,33,H1,16:27 (H1),UW-Whitewater,Jameer Barker,missed_shot,Jameer Barker Misses 2PT Jump Shot,2,8.0,7.0,"Carter Capstran, Collin Madson, Jake Quast, Jameer Barker, Luke Bara",1 Jameer Barker > P&R Ball Handler > High P&R > Dribble Off Pick > Dribble Jumper > Medium/17' to <3p > Miss 2 Pts,,
Carroll (WI) Pioneers,2024-11-12,34,H1,16:22 (H1),UW-Whitewater,Jake Quast,rebound_offensive,Jake Quast Offensive Rebound,,8.0,7.0,"Carter Capstran, Collin Madson, Jake Quast, Jameer Barker, Luke Bara",,,
Carroll (WI) Pioneers,2024-11-12,35,H1,16:21 (H1),UW-Whitewater,Jake Quast,made_shot,Jake Quast Makes 2PT Layup,2,10.0,7.0,"Carter Capstran, Collin Madson, Jake Quast, Jameer Barker, Luke Bara",12 Jake Quast > Offensive Rebound > Short > Scoring Attempt > At Basket > Make 2 Pts,,
Carroll (WI) Pioneers,2024-11-12,36,H1,16:09 (H1),UW-Whitewater,Jake Quast,foul,Jake Quast Commits Personal Foul,,10.0,7.0,"Carter Capstran, Collin Madson, Jake Quast, Jameer Barker, Luke Bara",10 Eckahelo Simpson > Non Possession > Non Shooting Foul,,
Carroll (WI) Pioneers,2024-11-12,37,H1,16:05 (H1),Carroll (WI) Pioneers,Kobe Simpson,sub_out,Kobe Simpson Subs Out,,10.0,7.0,"Carter Capstran, Collin Madson, Jake Quast, Jameer Barker, Luke Bara",,,
Carroll (WI) Pioneers,2024-11-12,38,H1,16:05 (H1),Carroll (WI) Pioneers,Jacob Naber,sub_out,Jacob Naber Subs Out,,10.0,7.0,"Carter Capstran, Collin Madson, Jake Quast, Jameer Barker, Luke Bara",,,
Carroll (WI) Pioneers,2024-11-12,39,H1,16:05 (H1),UW-Whitewater,Carter Capstran,sub_out,Carter Capstran Subs Out,,10.0,7.0,"Carter Capstran, Collin Madson, Jake Quast, Jameer Barker, Luke Bara",,,
Carroll (WI) Pioneers,2024-11-12,40,H1,16:05 (H1),Carroll (WI) Pioneers,Lamar Smith,sub_in,Lamar Smith Subs In,,10.0,7.0,"Carter Capstran, Collin Madson, Jake Quast, Jameer Barker, Luke Bara",,,
Carroll (WI) Pioneers,2024-11-12,41,H1,16:05 (H1),Carroll (WI) Pioneers,Evan Bland,sub_in,Evan Bland Subs In,,10.0,7.0,"Carter Capstran, Collin Madson, Jake Quast, Jameer Barker, Luke Bara",,,
Carroll (WI) Pioneers,2024-11-12,42,H1,16:05 (H1),UW-Whitewater,Richie Warren,sub_in,Richie Warren Subs In,,10.0,7.0,"Collin Madson, Jake Quast, Jameer Barker, Luke Bara, Richie Warren",,,
Carroll (WI) Pioneers,2024-11-12,43,H1,16:05 (H1),UW-Whitewater,Collin Madson,foul,Collin Madson Commits Personal Foul,,10.0,7.0,"Collin Madson, Jake Quast, Jameer Barker, Luke Bara, Richie Warren",10 Eckahelo Simpson > Hand Off > From Dribble > Right > To Basket > Foul,,
Carroll (WI) Pioneers,2024-11-12,44,H1,16:05 (H1),Carroll (WI) Pioneers,Eckahelo Simpson,free_throw_missed,Eckahelo Simpson Misses Free Throw (1 of 2),,10.0,7.0,"Collin Madson, Jake Quast, Jameer Barker, Luke Bara, Richie Warren",10 Eckahelo Simpson > Non Possession > Free Throw,,
Carroll (WI) Pioneers,2024-11-12,45,H1,16:05 (H1),Carroll (WI) Pioneers,Carroll (WI),team_deadball_rebound_offensive,Carroll (WI) Offensive Deadball Rebound,,10.0,7.0,"Collin Madson, Jake Quast, Jameer Barker, Luke Bara, Richie Warren",,,
Carroll (WI) Pioneers,2024-11-12,46,H1,16:05 (H1),Carroll (WI) Pioneers,Eckahelo Simpson,free_throw_made,Eckahelo Simpson Makes Free Throw (2 of 2),,10.0,8.0,"Collin Madson, Jake Quast, Jameer Barker, Luke Bara, Richie Warren",10 Eckahelo Simpson > Non Possession > Free Throw,,
Carroll (WI) Pioneers,2024-11-12,47,H1,16:05 (H1),Carroll (WI) Pioneers,Eckahelo Simpson,sub_out,Eckahelo Simpson Subs Out,,10.0,8.0,"Collin Madson, Jake Quast, Jameer Barker, Luke Bara, Richie Warren",,,
Carroll (WI) Pioneers,2024-11-12,48,H1,16:05 (H1),Carroll (WI) Pioneers,Dom Burns,sub_in,Dom Burns Subs In,,10.0,8.0,"Collin Madson, Jake Quast, Jameer Barker, Luke Bara, Richie Warren",,,
Carroll (WI) Pioneers,2024-11-12,49,H1,15:48 (H1),UW-Whitewater,Jake Quast,missed_shot,Jake Quast Misses 3PT Jump Shot,3,10.0,8.0,"Collin Madson, Jake Quast, Jameer Barker, Luke Bara, Richie Warren",12 Jake Quast > Spot-Up > No Dribble Jumper > Guarded > Long/3pt > Miss 3 Pts,,
Carroll (WI) Pioneers,2024-11-12,50,H1,15:39 (H1),Carroll (WI) Pioneers,,team_deadball_rebound_defensive,Defensive Rebound,,10.0,8.0,"Collin Madson, Jake Quast, Jameer Barker, Luke Bara, Richie Warren",,,
Carroll (WI) Pioneers,2024-11-12,51,H1,15:25 (H1),Carroll (WI) Pioneers,Dom Burns,missed_shot,Dom Burns Misses 3PT Jump Shot,3,10.0,8.0,"Collin Madson, Jake Quast, Jameer Barker, Luke Bara, Richie Warren",22 Dom Burns > Hand Off > From Stationary > Left > No Dribble Jumper > Open > Long/3pt > Miss 3 Pts,,
Carroll (WI) Pioneers,2024-11-12,52,H1,15:20 (H1),UW-Whitewater,Richie Warren,rebound_defensive,Richie Warren Defensive Rebound,,10.0,8.0,"Collin Madson, Jake Quast, Jameer Barker, Luke Bara, Richie Warren",,,
Carroll (WI) Pioneers,2024-11-12,53,H1,15:04 (H1),UW-Whitewater,Collin Madson,made_shot,Collin Madson Makes 3PT Jump Shot,3,13.0,8.0,"Collin Madson, Jake Quast, Jameer Barker, Luke Bara, Richie Warren",15 Collin Madson > Spot-Up > No Dribble Jumper > Guarded > Long/3pt > Make 3 Pts,,
Carroll (WI) Pioneers,2024-11-12,54,H1,15:04 (H1),UW-Whitewater,Jameer Barker,assist,Jameer Barker Assists,,13.0,8.0,"Collin Madson, Jake Quast, Jameer Barker, Luke Bara, Richie Warren",,,
Carroll (WI) Pioneers,2024-11-12,55,H1,14:46 (H1),Carroll (WI) Pioneers,Erik Victorson,made_shot,Erik Victorson Makes 3PT Jump Shot,3,13.0,11.0,"Collin Madson, Jake Quast, Jameer Barker, Luke Bara, Richie Warren",34 Erik Victorson > P&R Ball Handler > Right P&R > Side > Dribble Off Pick > Dribble Jumper > Long/3pt > Make 3 Pts,,
Carroll (WI) Pioneers,2024-11-12,56,H1,14:46 (H1),Carroll (WI) Pioneers,Lamar Smith,assist,Lamar Smith Assists,,13.0,11.0,"Collin Madson, Jake Quast, Jameer Barker, Luke Bara, Richie Warren",,,
Carroll (WI) Pioneers,2024-11-12,57,H1,14:41 (H1),UW-Whitewater,Richie Warren,missed_shot,Richie Warren Misses 3PT Jump Shot,3,13.0,11.0,"Collin Madson, Jake Quast, Jameer Barker, Luke Bara, Richie Warren",24 Richie Warren > Spot-Up > No Dribble Jumper > Open > Long/3pt > Miss 3 Pts,,
Carroll (WI) Pioneers,2024-11-12,58,H1,14:27 (H1),Carroll (WI) Pioneers,Lamar Smith,rebound_defensive,Lamar Smith Defensive Rebound,,13.0,11.0,"Collin Madson, Jake Quast, Jameer Barker, Luke Bara, Richie Warren",,,
Carroll (WI) Pioneers,2024-11-12,59,H1,14:23 (H1),Carroll (WI) Pioneers,Dom Burns,missed_shot,Dom Burns Misses 3PT Jump Shot,3,13.0,11.0,"Collin Madson, Jake Quast, Jameer Barker, Luke Bara, Richie Warren",22 Dom Burns > Transition > Trailer > No Dribble Jumper > Open > Long/3pt > Miss 3 Pts,,
Carroll (WI) Pioneers,2024-11-12,60,H1,14:18 (H1),Carroll (WI) Pioneers,Lamar Smith,rebound_offensive,Lamar Smith Offensive Rebound,,13.0,11.0,"Collin Madson, Jake Quast, Jameer Barker, Luke Bara, Richie Warren",,,
Carroll (WI) Pioneers,2024-11-12,61,H1,14:17 (H1),Carroll (WI) Pioneers,Lamar Smith,made_shot,Lamar Smith Makes 2PT Layup,2,13.0,13.0,"Collin Madson, Jake Quast, Jameer Barker, Luke Bara, Richie Warren",,,
Carroll (WI) Pioneers,2024-11-12,62,H1,14:07 (H1),Carroll (WI) Pioneers,Evan Bland,foul,Evan Bland Commits Personal Foul,,13.0,13.0,"Collin Madson, Jake Quast, Jameer Barker, Luke Bara, Richie Warren",,,
Carroll (WI) Pioneers,2024-11-12,63,H1,13:56 (H1),Carroll (WI) Pioneers,Justin Steinike,sub_out,Justin Steinike Subs Out,,13.0,13.0,"Collin Madson, Jake Quast, Jameer Barker, Luke Bara, Richie Warren",,,
Carroll (WI) Pioneers,2024-11-12,64,H1,13:56 (H1),UW-Whitewater,Jake Quast,sub_out,Jake Quast Subs Out,,13.0,13.0,"Collin Madson, Jake Quast, Jameer Barker, Luke Bara, Richie Warren",,,
Carroll (WI) Pioneers,2024-11-12,65,H1,13:56 (H1),UW-Whitewater,Collin Madson,sub_out,Collin Madson Subs Out,,13.0,13.0,"Collin Madson, Jake Quast, Jameer Barker, Luke Bara, Richie Warren",,,
Carroll (WI) Pioneers,2024-11-12,66,H1,13:56 (H1),Carroll (WI) Pioneers,Nick Vaneekeren,sub_in,Nick Vaneekeren Subs In,,13.0,13.0,"Collin Madson, Jake Quast, Jameer Barker, Luke Bara, Richie Warren",,,
Carroll (WI) Pioneers,2024-11-12,67,H1,13:56 (H1),UW-Whitewater,Isaac Verges,sub_in,Isaac Verges Subs In,,13.0,13.0,"Collin Madson, Jake Quast, Jameer Barker, Luke Bara, Richie Warren",,,
Carroll (WI) Pioneers,2024-11-12,68,H1,13:56 (H1),UW-Whitewater,JT Hoytink,sub_in,JT Hoytink Subs In,,13.0,13.0,"Isaac Verges, JT Hoytink, Jameer Barker, Luke Bara, Richie Warren",,,
Carroll (WI) Pioneers,2024-11-12,69,H1,13:38 (H1),UW-Whitewater,Richie Warren,missed_shot,Richie Warren Misses 2PT Jump Shot,2,13.0,13.0,"Isaac Verges, JT Hoytink, Jameer Barker, Luke Bara, Richie Warren",24 Richie Warren > Cut > Basket > Miss 2 Pts,,
Carroll (WI) Pioneers,2024-11-12,70,H1,13:33 (H1),Carroll (WI) Pioneers,Nick Vaneekeren,rebound_defensive,Nick Vaneekeren Defensive Rebound,,13.0,13.0,"Isaac Verges, JT Hoytink, Jameer Barker, Luke Bara, Richie Warren",,,
Carroll (WI) Pioneers,2024-11-12,71,H1,13:24 (H1),Carroll (WI) Pioneers,Evan Bland,made_shot,Evan Bland Makes 2PT Layup,2,13.0,15.0,"Isaac Verges, JT Hoytink, Jameer Barker, Luke Bara, Richie Warren",15 Evan Bland > Spot-Up > Drives Right > To Basket > Make 2 Pts,,
Carroll (WI) Pioneers,2024-11-12,72,H1,13:10 (H1),Carroll (WI) Pioneers,Evan Bland,foul,Evan Bland Commits Personal Foul,,13.0,15.0,"Isaac Verges, JT Hoytink, Jameer Barker, Luke Bara, Richie Warren",1 Jameer Barker > Non Possession > Non Shooting Foul,,
Carroll (WI) Pioneers,2024-11-12,73,H1,13:10 (H1),Carroll (WI) Pioneers,Evan Bland,sub_out,Evan Bland Subs Out,,13.0,15.0,"Isaac Verges, JT Hoytink, Jameer Barker, Luke Bara, Richie Warren",,,
Carroll (WI) Pioneers,2024-11-12,74,H1,13:10 (H1),UW-Whitewater,Jameer Barker,sub_out,Jameer Barker Subs Out,,13.0,15.0,"Isaac Verges, JT Hoytink, Jameer Barker, Luke Bara, Richie Warren",,,
Carroll (WI) Pioneers,2024-11-12,75,H1,13:10 (H1),Carroll (WI) Pioneers,Kobe Simpson,sub_in,Kobe Simpson Subs In,,13.0,15.0,"Isaac Verges, JT Hoytink, Jameer Barker, Luke Bara, Richie Warren",,,
Carroll (WI) Pioneers,2024-11-12,76,H1,13:10 (H1),UW-Whitewater,Jake Quast,sub_in,Jake Quast Subs In,,13.0,15.0,"Isaac Verges, JT Hoytink, Jake Quast, Luke Bara, Richie Warren",,,
Carroll (WI) Pioneers,2024-11-12,77,H1,12:58 (H1),UW-Whitewater,Jake Quast,missed_shot,Jake Quast Misses 3PT Jump Shot,3,13.0,15.0,"Isaac Verges, JT Hoytink, Jake Quast, Luke Bara, Richie Warren",12 Jake Quast > Spot-Up > No Dribble Jumper > Guarded > Long/3pt > Miss 3 Pts,,
Carroll (WI) Pioneers,2024-11-12,78,H1,12:52 (H1),Carroll (WI) Pioneers,Carroll (WI),team_deadball_rebound_defensive,Carroll (WI) Defensive Deadball Rebound,,13.0,15.0,"Isaac Verges, JT Hoytink, Jake Quast, Luke Bara, Richie Warren",,,
Carroll (WI) Pioneers,2024-11-12,79,H1,12:34 (H1),Carroll (WI) Pioneers,Nick Vaneekeren,turnover,Nick Vaneekeren Turnover (Bad Pass),,13.0,15.0,"Isaac Verges, JT Hoytink, Jake Quast, Luke Bara, Richie Warren",24 Nick Vaneekeren > Cut > Basket > Turnover,,
Carroll (WI) Pioneers,2024-11-12,80,H1,12:14 (H1),UW-Whitewater,Richie Warren,missed_shot,Richie Warren Misses 2PT Layup,2,13.0,15.0,"Isaac Verges, JT Hoytink, Jake Quast, Luke Bara, Richie Warren",24 Richie Warren > No Play Type > Dribble Jumper > Short to < 17' > Miss 2 Pts,,
Carroll (WI) Pioneers,2024-11-12,81,H1,12:05 (H1),UW-Whitewater,,team_deadball_rebound_offensive,Offensive Rebound,,13.0,15.0,"Isaac Verges, JT Hoytink, Jake Quast, Luke Bara, Richie Warren",,,
Carroll (WI) Pioneers,2024-11-12,82,H1,12:04 (H1),Carroll (WI) Pioneers,Erik Victorson,sub_out,Erik Victorson Subs Out,,13.0,15.0,"Isaac Verges, JT Hoytink, Jake Quast, Luke Bara, Richie Warren",,,
Carroll (WI) Pioneers,2024-11-12,83,H1,12:04 (H1),UW-Whitewater,Richie Warren,sub_out,Richie Warren Subs Out,,13.0,15.0,"Isaac Verges, JT Hoytink, Jake Quast, Luke Bara, Richie Warren",,,
Carroll (WI) Pioneers,2024-11-12,84,H1,12:04 (H1),Carroll (WI) Pioneers,Eckahelo Simpson,sub_in,Eckahelo Simpson Subs In,,13.0,15.0,"Isaac Verges, JT Hoytink, Jake Quast, Luke Bara, Richie Warren",,,
Carroll (WI) Pioneers,2024-11-12,85,H1,12:04 (H1),UW-Whitewater,Carter Capstran,sub_in,Carter Capstran Subs In,,13.0,15.0,"Carter Capstran, Isaac Verges, JT Hoytink, Jake Quast, Luke Bara",,,
Carroll (WI) Pioneers,2024-11-12,86,H1,12:04 (H1),UW-Whitewater,Luke Bara,made_shot,Luke Bara Makes 2PT Jump Shot,2,15.0,15.0,"Carter Capstran, Isaac Verges, JT Hoytink, Jake Quast, Luke Bara",32 Luke Bara > Off Screen > To Shooter's Left > Straight > No Dribble Jumper > Guarded > Medium/17' to <3p > Make 2 Pts,,
Carroll (WI) Pioneers,2024-11-12,87,H1,11:56 (H1),Carroll (WI) Pioneers,Dom Burns,made_shot,Dom Burns Makes 2PT Layup,2,15.0,17.0,"Carter Capstran, Isaac Verges, JT Hoytink, Jake Quast, Luke Bara",22 Dom Burns > Spot-Up > Drives Left > To Basket > Make 2 Pts,,
Carroll (WI) Pioneers,2024-11-12,88,H1,11:48 (H1),Carroll (WI) Pioneers,Dom Burns,foul,Dom Burns Commits Personal Foul,,15.0,17.0,"Carter Capstran, Isaac Verges, JT Hoytink, Jake Quast, Luke Bara",32 Luke Bara > Non Possession > Non Shooting Foul,,
Carroll (WI) Pioneers,2024-11-12,89,H1,11:30 (H1),UW-Whitewater,Luke Bara,missed_shot,Luke Bara Misses 2PT Jump Shot,2,15.0,17.0,"Carter Capstran, Isaac Verges, JT Hoytink, Jake Quast, Luke Bara",32 Luke Bara > Off Screen > To Shooter's Left > Straight > Dribble Jumper > Medium/17' to <3p > Miss 2 Pts,,
Carroll (WI) Pioneers,2024-11-12,90,H1,11:26 (H1),UW-Whitewater,Carter Capstran,rebound_offensive,Carter Capstran Offensive Rebound,,15.0,17.0,"Carter Capstran, Isaac Verges, JT Hoytink, Jake Quast, Luke Bara",,,
Carroll (WI) Pioneers,2024-11-12,91,H1,11:24 (H1),UW-Whitewater,Carter Capstran,made_shot,Carter Capstran Makes 2PT Layup,2,17.0,17.0,"Carter Capstran, Isaac Verges, JT Hoytink, Jake Quast, Luke Bara",23 Carter Capstran > Offensive Rebound > Short > Scoring Attempt > At Basket > Make 2 Pts,,
Carroll (WI) Pioneers,2024-11-12,92,H1,11:09 (H1),Carroll (WI) Pioneers,Lamar Smith,turnover,Lamar Smith Turnover (Lost Ball),,17.0,17.0,"Carter Capstran, Isaac Verges, JT Hoytink, Jake Quast, Luke Bara",44 Lamar Smith > Post-Up > Right Block > Right Shoulder > Dribble Move > Turnover,,
Carroll (WI) Pioneers,2024-11-12,93,H1,11:09 (H1),UW-Whitewater,Luke Bara,steal,Luke Bara Steals,,17.0,17.0,"Carter Capstran, Isaac Verges, JT Hoytink, Jake Quast, Luke Bara",,,
Carroll (WI) Pioneers,2024-11-12,94,H1,10:53 (H1),Carroll (WI) Pioneers,Dom Burns,sub_out,Dom Burns Subs Out,,17.0,17.0,"Carter Capstran, Isaac Verges, JT Hoytink, Jake Quast, Luke Bara",,,
Carroll (WI) Pioneers,2024-11-12,95,H1,10:53 (H1),Carroll (WI) Pioneers,Jacob Naber,sub_in,Jacob Naber Subs In,,17.0,17.0,"Carter Capstran, Isaac Verges, JT Hoytink, Jake Quast, Luke Bara",,,
Carroll (WI) Pioneers,2024-11-12,96,H1,10:41 (H1),Carroll (WI) Pioneers,Eckahelo Simpson,foul,Eckahelo Simpson Commits Personal Foul,,17.0,17.0,"Carter Capstran, Isaac Verges, JT Hoytink, Jake Quast, Luke Bara",32 Luke Bara > P&R Ball Handler > Right P&R > Side > Dribble Off Pick > Dribble Jumper > Short to < 17' > Foul,,
Carroll (WI) Pioneers,2024-11-12,97,H1,10:39 (H1),UW-Whitewater,Luke Bara,free_throw_made,Luke Bara Makes Free Throw (1 of 2),,18.0,17.0,"Carter Capstran, Isaac Verges, JT Hoytink, Jake Quast, Luke Bara",32 Luke Bara > Non Possession > Free Throw,,
Carroll (WI) Pioneers,2024-11-12,98,H1,10:39 (H1),UW-Whitewater,Luke Bara,free_throw_missed,Luke Bara Misses Free Throw (2 of 2),,18.0,17.0,"Carter Capstran, Isaac Verges, JT Hoytink, Jake Quast, Luke Bara",32 Luke Bara > Non Possession > Free Throw,,
Carroll (WI) Pioneers,2024-11-12,99,H1,10:39 (H1),Carroll (WI) Pioneers,Nick Vaneekeren,rebound_defensive,Nick Vaneekeren Defensive Rebound,,18.0,17.0,"Carter Capstran, Isaac Verges, JT Hoytink, Jake Quast, Luke Bara",,,
Carroll (WI) Pioneers,2024-11-12,100,H1,10:39 (H1),Carroll (WI) Pioneers,Kobe Simpson,made_shot,Kobe Simpson Makes 2PT Layup,2,18.0,19.0,"Carter Capstran, Isaac Verges, JT Hoytink, Jake Quast, Luke Bara",12 Kobe Simpson > P&R Ball Handler > Left P&R > Side > Dribble Off Pick > To Basket > Make 2 Pts,,
Carroll (WI) Pioneers,2024-11-12,101,H1,10:39 (H1),UW-Whitewater,Carter Capstran,made_shot,Carter Capstran Makes 3PT Jump Shot,3,21.0,19.0,"Carter Capstran, Isaac Verges, JT Hoytink, Jake Quast, Luke Bara",23 Carter Capstran > Spot-Up > No Dribble Jumper > Open > Long/3pt > Make 3 Pts,,
Carroll (WI) Pioneers,2024-11-12,102,H1,10:39 (H1),UW-Whitewater,Jake Quast,assist,Jake Quast Assists,,21.0,19.0,"Carter Capstran, Isaac Verges, JT Hoytink, Jake Quast, Luke Bara",,,
Carroll (WI) Pioneers,2024-11-12,103,H1,10:39 (H1),Carroll (WI) Pioneers,Eckahelo Simpson,turnover,Eckahelo Simpson Turnover (Bad Pass),,21.0,19.0,"Carter Capstran, Isaac Verges, JT Hoytink, Jake Quast, Luke Bara",10 Eckahelo Simpson > P&R Ball Handler > Right P&R > Baseline > Dribble Off Pick > Defense Commits > Turnover,,
Carroll (WI) Pioneers,2024-11-12,104,H1,10:39 (H1),UW-Whitewater,Isaac Verges,steal,Isaac Verges Steals,,21.0,19.0,"Carter Capstran, Isaac Verges, JT Hoytink, Jake Quast, Luke Bara",,,
Carroll (WI) Pioneers,2024-11-12,105,H1,10:39 (H1),UW-Whitewater,Isaac Verges,missed_shot,Isaac Verges Misses 2PT Layup,2,21.0,19.0,"Carter Capstran, Isaac Verges, JT Hoytink, Jake Quast, Luke Bara",0 Isaac Verges > Transition > Ballhandler > To Basket > Miss 2 Pts,,
Carroll (WI) Pioneers,2024-11-12,106,H1,10:39 (H1),UW-Whitewater,Jake Quast,rebound_offensive,Jake Quast Offensive Rebound,,21.0,19.0,"Carter Capstran, Isaac Verges, JT Hoytink, Jake Quast, Luke Bara",,,
Carroll (WI) Pioneers,2024-11-12,107,H1,10:39 (H1),UW-Whitewater,Luke Bara,missed_shot,Luke Bara Misses 3PT Jump Shot,3,21.0,19.0,"Carter Capstran, Isaac Verges, JT Hoytink, Jake Quast, Luke Bara",32 Luke Bara > Spot-Up > No Dribble Jumper > Open > Long/3pt > Miss 3 Pts,,
Carroll (WI) Pioneers,2024-11-12,108,H1,10:39 (H1),UW-Whitewater,Isaac Verges,rebound_offensive,Isaac Verges Offensive Rebound,,21.0,19.0,"Carter Capstran, Isaac Verges, JT Hoytink, Jake Quast, Luke Bara",,,
Carroll (WI) Pioneers,2024-11-12,109,H1,10:29 (H1),UW-Whitewater,Carter Capstran,missed_shot,Carter Capstran Misses 2PT Layup,2,21.0,19.0,"Carter Capstran, Isaac Verges, JT Hoytink, Jake Quast, Luke Bara",23 Carter Capstran > Cut > Basket > Miss 2 Pts,,
Carroll (WI) Pioneers,2024-11-12,110,H1,10:22 (H1),Carroll (WI) Pioneers,Eckahelo Simpson,rebound_defensive,Eckahelo Simpson Defensive Rebound,,21.0,19.0,"Carter Capstran, Isaac Verges, JT Hoytink, Jake Quast, Luke Bara",,,
Carroll (WI) Pioneers,2024-11-12,111,H1,10:21 (H1),UW-Whitewater,Jake Quast,foul,Jake Quast Commits Personal Foul,,21.0,19.0,"Carter Capstran, Isaac Verges, JT Hoytink, Jake Quast, Luke Bara",10 Eckahelo Simpson > Non Possession > Non Shooting Foul,,
Carroll (WI) Pioneers,2024-11-12,112,H1,10:21 (H1),Carroll (WI) Pioneers,Nick Vaneekeren,sub_out,Nick Vaneekeren Subs Out,,21.0,19.0,"Carter Capstran, Isaac Verges, JT Hoytink, Jake Quast, Luke Bara",,,
Carroll (WI) Pioneers,2024-11-12,113,H1,10:21 (H1),Carroll (WI) Pioneers,Lamar Smith,sub_out,Lamar Smith Subs Out,,21.0,19.0,"Carter Capstran, Isaac Verges, JT Hoytink, Jake Quast, Luke Bara",,,
Carroll (WI) Pioneers,2024-11-12,114,H1,10:21 (H1),UW-Whitewater,Jake Quast,sub_out,Jake Quast Subs Out,,21.0,19.0,"Carter Capstran, Isaac Verges, JT Hoytink, Jake Quast, Luke Bara",,,
Carroll (WI) Pioneers,2024-11-12,115,H1,10:21 (H1),Carroll (WI) Pioneers,Erik Victorson,sub_in,Erik Victorson Subs In,,21.0,19.0,"Carter Capstran, Isaac Verges, JT Hoytink, Jake Quast, Luke Bara",,,
Carroll (WI) Pioneers,2024-11-12,116,H1,10:21 (H1),Carroll (WI) Pioneers,Justin Steinike,sub_in,Justin Steinike Subs In,,21.0,19.0,"Carter Capstran, Isaac Verges, JT Hoytink, Jake Quast, Luke Bara",,,
Carroll (WI) Pioneers,2024-11-12,117,H1,10:21 (H1),UW-Whitewater,Jameer Barker,sub_in,Jameer Barker Subs In,,21.0,19.0,"Carter Capstran, Isaac Verges, JT Hoytink, Jameer Barker, Luke Bara",,,
Carroll (WI) Pioneers,2024-11-12,118,H1,10:03 (H1),UW-Whitewater,Carter Capstran,foul,Carter Capstran Commits Personal Foul,,21.0,19.0,"Carter Capstran, Isaac Verges, JT Hoytink, Jameer Barker, Luke Bara",41 Jacob Naber > Non Possession > Non Shooting Foul,,
Carroll (WI) Pioneers,2024-11-12,119,H1,09:43 (H1),Carroll (WI) Pioneers,Kobe Simpson,missed_shot,Kobe Simpson Misses 2PT Layup,2,21.0,19.0,"Carter Capstran, Isaac Verges, JT Hoytink, Jameer Barker, Luke Bara",34 Erik Victorson > P&R Ball Handler > Left P&R > Baseline > Dribble Off Pick > Defense Commits > Ball Delivered > 12 Kobe Simpson > P&R Roll Man > Slips the Pick > To Basket > Miss 2 Pts,,
Carroll (WI) Pioneers,2024-11-12,120,H1,09:39 (H1),Carroll (WI) Pioneers,Jacob Naber,rebound_offensive,Jacob Naber Offensive Rebound,,21.0,19.0,"Carter Capstran, Isaac Verges, JT Hoytink, Jameer Barker, Luke Bara",,,
Carroll (WI) Pioneers,2024-11-12,121,H1,09:36 (H1),Carroll (WI) Pioneers,Jacob Naber,missed_shot,Jacob Naber Misses 2PT Layup,2,21.0,19.0,"Carter Capstran, Isaac Verges, JT Hoytink, Jameer Barker, Luke Bara",41 Jacob Naber > Offensive Rebound > Short > Scoring Attempt > At Basket > Miss 2 Pts,,
Carroll (WI) Pioneers,2024-11-12,122,H1,09:33 (H1),UW-Whitewater,Carter Capstran,rebound_defensive,Carter Capstran Defensive Rebound,,21.0,19.0,"Carter Capstran, Isaac Verges, JT Hoytink, Jameer Barker, Luke Bara",,,
Carroll (WI) Pioneers,2024-11-12,123,H1,09:22 (H1),UW-Whitewater,Carter Capstran,missed_shot,Carter Capstran Misses 3PT Jump Shot,3,21.0,19.0,"Carter Capstran, Isaac Verges, JT Hoytink, Jameer Barker, Luke Bara",23 Carter Capstran > Off Screen > To Shooter's Left > Flare > No Dribble Jumper > Open > Long/3pt > Miss 3 Pts,,
Carroll (WI) Pioneers,2024-11-12,124,H1,09:16 (H1),Carroll (WI) Pioneers,Eckahelo Simpson,rebound_defensive,Eckahelo Simpson Defensive Rebound,,21.0,19.0,"Carter Capstran, Isaac Verges, JT Hoytink, Jameer Barker, Luke Bara",,,
Carroll (WI) Pioneers,2024-11-12,125,H1,09:05 (H1),Carroll (WI) Pioneers,Jacob Naber,made_shot,Jacob Naber Makes 2PT Layup,2,21.0,21.0,"Carter Capstran, Isaac Verges, JT Hoytink, Jameer Barker, Luke Bara",10 Eckahelo Simpson > P&R Ball Handler > Left P&R > Baseline > Dribble Off Pick > Defense Commits > Ball Delivered > 41 Jacob Naber > Cut > Basket > Make 2 Pts,,
Carroll (WI) Pioneers,2024-11-12,126,H1,09:05 (H1),Carroll (WI) Pioneers,Eckahelo Simpson,assist,Eckahelo Simpson Assists,,21.0,21.0,"Carter Capstran, Isaac Verges, JT Hoytink, Jameer Barker, Luke Bara",,,
Carroll (WI) Pioneers,2024-11-12,127,H1,08:57 (H1),Carroll (WI) Pioneers,,timeout,Carroll (WI) Timeout,,21.0,21.0,"Carter Capstran, Isaac Verges, JT Hoytink, Jameer Barker, Luke Bara",,,
Carroll (WI) Pioneers,2024-11-12,128,H1,08:57 (H1),UW-Whitewater,JT Hoytink,sub_out,JT Hoytink Subs Out,,21.0,21.0,"Carter Capstran, Isaac Verges, JT Hoytink, Jameer Barker, Luke Bara",,,
Carroll (WI) Pioneers,2024-11-12,129,H1,08:57 (H1),UW-Whitewater,Collin Madson,sub_in,Collin Madson Subs In,,21.0,21.0,"Carter Capstran, Collin Madson, Isaac Verges, Jameer Barker, Luke Bara",,,
Carroll (WI) Pioneers,2024-11-12,130,H1,08:24 (H1),UW-Whitewater,Jameer Barker,made_shot,Jameer Barker Makes 2PT Layup,2,23.0,21.0,"Carter Capstran, Collin Madson, Isaac Verges, Jameer Barker, Luke Bara",1 Jameer Barker > Spot-Up > Drives Right > To Basket > Make 2 Pts,,
Carroll (WI) Pioneers,2024-11-12,131,H1,08:20 (H1),UW-Whitewater,Collin Madson,foul,Collin Madson Commits Personal Foul,,23.0,21.0,"Carter Capstran, Collin Madson, Isaac Verges, Jameer Barker, Luke Bara",20 Justin Steinike > Non Possession > Non Shooting Foul,,
Carroll (WI) Pioneers,2024-11-12,132,H1,07:50 (H1),Carroll (WI) Pioneers,Kobe Simpson,missed_shot,Kobe Simpson Misses 2PT Jump Shot,2,23.0,21.0,"Carter Capstran, Collin Madson, Isaac Verges, Jameer Barker, Luke Bara",12 Kobe Simpson > Hand Off > From Dribble > Left > Dribble Jumper > Short to < 17' > Miss 2 Pts,,
Carroll (WI) Pioneers,2024-11-12,133,H1,07:45 (H1),Carroll (WI) Pioneers,Jacob Naber,rebound_offensive,Jacob Naber Offensive Rebound,,23.0,21.0,"Carter Capstran, Collin Madson, Isaac Verges, Jameer Barker, Luke Bara",,,
Carroll (WI) Pioneers,2024-11-12,134,H1,07:44 (H1),Carroll (WI) Pioneers,Jacob Naber,made_shot,Jacob Naber Makes 2PT Layup,2,23.0,23.0,"Carter Capstran, Collin Madson, Isaac Verges, Jameer Barker, Luke Bara",,,
Carroll (WI) Pioneers,2024-11-12,135,H1,07:33 (H1),UW-Whitewater,Carter Capstran,missed_shot,Carter Capstran Misses 3PT Jump Shot,3,23.0,23.0,"Carter Capstran, Collin Madson, Isaac Verges, Jameer Barker, Luke Bara",23 Carter Capstran > Spot-Up > No Dribble Jumper > Open > Long/3pt > Miss 3 Pts,,
Carroll (WI) Pioneers,2024-11-12,136,H1,07:29 (H1),Carroll (WI) Pioneers,Jacob Naber,rebound_defensive,Jacob Naber Defensive Rebound,,23.0,23.0,"Carter Capstran, Collin Madson, Isaac Verges, Jameer Barker, Luke Bara",,,
Carroll (WI) Pioneers,2024-11-12,137,H1,07:29 (H1),Carroll (WI) Pioneers,Eckahelo Simpson,turnover,Eckahelo Simpson Turnover (Lost Ball),,23.0,23.0,"Carter Capstran, Collin Madson, Isaac Verges, Jameer Barker, Luke Bara",10 Eckahelo Simpson > P&R Ball Handler > Right P&R > Baseline > Go Away from Pick > Defense Commits > Turnover,,
Carroll (WI) Pioneers,2024-11-12,138,H1,07:29 (H1),UW-Whitewater,Jameer Barker,steal,Jameer Barker Steals,,23.0,23.0,"Carter Capstran, Collin Madson, Isaac Verges, Jameer Barker, Luke Bara",,,
Carroll (WI) Pioneers,2024-11-12,139,H1,07:16 (H1),UW-Whitewater,Jameer Barker,made_shot,Jameer Barker Makes 2PT Layup,2,25.0,23.0,"Carter Capstran, Collin Madson, Isaac Verges, Jameer Barker, Luke Bara",1 Jameer Barker > Transition > Ballhandler > To Basket > Make 2 Pts,,
Carroll (WI) Pioneers,2024-11-12,140,H1,06:59 (H1),Carroll (WI) Pioneers,Jacob Naber,missed_shot,Jacob Naber Misses 2PT Jump Shot,2,25.0,23.0,"Carter Capstran, Collin Madson, Isaac Verges, Jameer Barker, Luke Bara",41 Jacob Naber > Cut > Flash > Miss 2 Pts,,
Carroll (WI) Pioneers,2024-11-12,141,H1,06:54 (H1),UW-Whitewater,Isaac Verges,rebound_defensive,Isaac Verges Defensive Rebound,,25.0,23.0,"Carter Capstran, Collin Madson, Isaac Verges, Jameer Barker, Luke Bara",,,
Carroll (WI) Pioneers,2024-11-12,142,H1,06:42 (H1),UW-Whitewater,Luke Bara,made_shot,Luke Bara Makes 2PT Jump Shot,2,27.0,23.0,"Carter Capstran, Collin Madson, Isaac Verges, Jameer Barker, Luke Bara",32 Luke Bara > Hand Off > From Dribble > Right > To Basket > Make 2 Pts,,
Carroll (WI) Pioneers,2024-11-12,143,H1,06:34 (H1),Carroll (WI) Pioneers,Erik Victorson,missed_shot,Erik Victorson Misses 3PT Jump Shot,3,27.0,23.0,"Carter Capstran, Collin Madson, Isaac Verges, Jameer Barker, Luke Bara",34 Erik Victorson > Spot-Up > No Dribble Jumper > Open > Long/3pt > Miss 3 Pts,,
Carroll (WI) Pioneers,2024-11-12,144,H1,06:19 (H1),UW-Whitewater,Isaac Verges,rebound_defensive,Isaac Verges Defensive Rebound,,27.0,23.0,"Carter Capstran, Collin Madson, Isaac Verges, Jameer Barker, Luke Bara",,,
Carroll (WI) Pioneers,2024-11-12,145,H1,06:15 (H1),UW-Whitewater,Jameer Barker,turnover,Jameer Barker Turnover (Lost Ball),,27.0,23.0,"Carter Capstran, Collin Madson, Isaac Verges, Jameer Barker, Luke Bara",1 Jameer Barker > Transition > Ballhandler > Turnover,,
Carroll (WI) Pioneers,2024-11-12,146,H1,06:15 (H1),Carroll (WI) Pioneers,Justin Steinike,steal,Justin Steinike Steals,,27.0,23.0,"Carter Capstran, Collin Madson, Isaac Verges, Jameer Barker, Luke Bara",,,
Carroll (WI) Pioneers,2024-11-12,147,H1,06:08 (H1),Carroll (WI) Pioneers,Kobe Simpson,missed_shot,Kobe Simpson Misses 2PT Layup,2,27.0,23.0,"Carter Capstran, Collin Madson, Isaac Verges, Jameer Barker, Luke Bara",12 Kobe Simpson > Transition > Ballhandler > To Basket > Miss 2 Pts,,
Carroll (WI) Pioneers,2024-11-12,148,H1,06:05 (H1),UW-Whitewater,Isaac Verges,rebound_defensive,Isaac Verges Defensive Rebound,,27.0,23.0,"Carter Capstran, Collin Madson, Isaac Verges, Jameer Barker, Luke Bara",,,
Carroll (WI) Pioneers,2024-11-12,149,H1,05:52 (H1),UW-Whitewater,Jameer Barker,missed_shot,Jameer Barker Misses 2PT Jump Shot,2,27.0,23.0,"Carter Capstran, Collin Madson, Isaac Verges, Jameer Barker, Luke Bara",1 Jameer Barker > P&R Ball Handler > Left P&R > Side > Dribble Off Pick > Dribble Jumper > Short to < 17' > Miss 2 Pts,,
Carroll (WI) Pioneers,2024-11-12,150,H1,05:48 (H1),Carroll (WI) Pioneers,Justin Steinike,rebound_defensive,Justin Steinike Defensive Rebound,,27.0,23.0,"Carter Capstran, Collin Madson, Isaac Verges, Jameer Barker, Luke Bara",,,
Carroll (WI) Pioneers,2024-11-12,151,H1,05:47 (H1),UW-Whitewater,Jameer Barker,foul,Jameer Barker Commits Personal Foul,,27.0,23.0,"Carter Capstran, Collin Madson, Isaac Verges, Jameer Barker, Luke Bara",20 Justin Steinike > Non Possession > Non Shooting Foul,,
Carroll (WI) Pioneers,2024-11-12,152,H1,05:47 (H1),Carroll (WI) Pioneers,Eckahelo Simpson,sub_out,Eckahelo Simpson Subs Out,,27.0,23.0,"Carter Capstran, Collin Madson, Isaac Verges, Jameer Barker, Luke Bara",,,
Carroll (WI) Pioneers,2024-11-12,153,H1,05:47 (H1),Carroll (WI) Pioneers,Kobe Simpson,sub_out,Kobe Simpson Subs Out,,27.0,23.0,"Carter Capstran, Collin Madson, Isaac Verges, Jameer Barker, Luke Bara",,,
Carroll (WI) Pioneers,2024-11-12,154,H1,05:47 (H1),UW-Whitewater,Collin Madson,sub_out,Collin Madson Subs Out,,27.0,23.0,"Carter Capstran, Collin Madson, Isaac Verges, Jameer Barker, Luke Bara",,,
Carroll (WI) Pioneers,2024-11-12,155,H1,05:47 (H1),Carroll (WI) Pioneers,Dom Burns,sub_in,Dom Burns Subs In,,27.0,23.0,"Carter Capstran, Collin Madson, Isaac Verges, Jameer Barker, Luke Bara",,,
Carroll (WI) Pioneers,2024-11-12,156,H1,05:47 (H1),Carroll (WI) Pioneers,Evan Bland,sub_in,Evan Bland Subs In,,27.0,23.0,"Carter Capstran, Collin Madson, Isaac Verges, Jameer Barker, Luke Bara",,,
Carroll (WI) Pioneers,2024-11-12,157,H1,05:47 (H1),UW-Whitewater,Joey Berezowitz,sub_in,Joey Berezowitz Subs In,,27.0,23.0,"Carter Capstran, Isaac Verges, Jameer Barker, Joey Berezowitz, Luke Bara",,,
Carroll (WI) Pioneers,2024-11-12,158,H1,05:47 (H1),Carroll (WI) Pioneers,Erik Victorson,made_shot,Erik Victorson Makes 3PT Jump Shot,3,27.0,26.0,"Carter Capstran, Isaac Verges, Jameer Barker, Joey Berezowitz, Luke Bara",34 Erik Victorson > Spot-Up > No Dribble Jumper > Guarded > Long/3pt > Make 3 Pts,,
Carroll (WI) Pioneers,2024-11-12,159,H1,05:47 (H1),Carroll (WI) Pioneers,Evan Bland,assist,Evan Bland Assists,,27.0,26.0,"Carter Capstran, Isaac Verges, Jameer Barker, Joey Berezowitz, Luke Bara",,,
Carroll (WI) Pioneers,2024-11-12,160,H1,05:45 (H1),Carroll (WI) Pioneers,Dom Burns,foul,Dom Burns Commits Personal Foul,,27.0,26.0,"Carter Capstran, Isaac Verges, Jameer Barker, Joey Berezowitz, Luke Bara",22 Joey Berezowitz > No Play Type > Foul,,
Carroll (WI) Pioneers,2024-11-12,161,H1,05:27 (H1),UW-Whitewater,Jameer Barker,sub_out,Jameer Barker Subs Out,,27.0,26.0,"Carter Capstran, Isaac Verges, Jameer Barker, Joey Berezowitz, Luke Bara",,,
Carroll (WI) Pioneers,2024-11-12,162,H1,05:27 (H1),UW-Whitewater,JT Hoytink,sub_in,JT Hoytink Subs In,,27.0,26.0,"Carter Capstran, Isaac Verges, JT Hoytink, Joey Berezowitz, Luke Bara",,,
Carroll (WI) Pioneers,2024-11-12,163,H1,05:07 (H1),UW-Whitewater,Joey Berezowitz,free_throw_missed,Joey Berezowitz Misses Free Throw (1 of 1),,27.0,26.0,"Carter Capstran, Isaac Verges, JT Hoytink, Joey Berezowitz, Luke Bara",22 Joey Berezowitz > Non Possession > Free Throw,,
Carroll (WI) Pioneers,2024-11-12,164,H1,05:06 (H1),Carroll (WI) Pioneers,Dom Burns,sub_out,Dom Burns Subs Out,,27.0,26.0,"Carter Capstran, Isaac Verges, JT Hoytink, Joey Berezowitz, Luke Bara",,,
Carroll (WI) Pioneers,2024-11-12,165,H1,05:06 (H1),Carroll (WI) Pioneers,Dennis Estepp,sub_in,Dennis Estepp Subs In,,27.0,26.0,"Carter Capstran, Isaac Verges, JT Hoytink, Joey Berezowitz, Luke Bara",,,
Carroll (WI) Pioneers,2024-11-12,166,H1,05:05 (H1),Carroll (WI) Pioneers,Justin Steinike,rebound_defensive,Justin Steinike Defensive Rebound,,27.0,26.0,"Carter Capstran, Isaac Verges, JT Hoytink, Joey Berezowitz, Luke Bara",,,
Carroll (WI) Pioneers,2024-11-12,167,H1,04:54 (H1),Carroll (WI) Pioneers,Jacob Naber,missed_shot,Jacob Naber Misses 2PT Jump Shot,2,27.0,26.0,"Carter Capstran, Isaac Verges, JT Hoytink, Joey Berezowitz, Luke Bara",41 Jacob Naber > Post-Up > Left Block > Left Shoulder > Dribble Move > To Hook > Miss 2 Pts,,
Carroll (WI) Pioneers,2024-11-12,168,H1,04:45 (H1),UW-Whitewater,JT Hoytink,rebound_defensive,JT Hoytink Defensive Rebound,,27.0,26.0,"Carter Capstran, Isaac Verges, JT Hoytink, Joey Berezowitz, Luke Bara",,,
Carroll (WI) Pioneers,2024-11-12,169,H1,04:39 (H1),UW-Whitewater,Luke Bara,turnover,Luke Bara Turnover (Bad Pass),,27.0,26.0,"Carter Capstran, Isaac Verges, JT Hoytink, Joey Berezowitz, Luke Bara",32 Luke Bara > Hand Off > From Dribble > Top > Turnover,,
Carroll (WI) Pioneers,2024-11-12,170,H1,04:39 (H1),Carroll (WI) Pioneers,Jacob Naber,steal,Jacob Naber Steals,,27.0,26.0,"Carter Capstran, Isaac Verges, JT Hoytink, Joey Berezowitz, Luke Bara",,,
Carroll (WI) Pioneers,2024-11-12,171,H1,04:33 (H1),Carroll (WI) Pioneers,Jacob Naber,made_shot,Jacob Naber Makes 2PT Dunk,2,27.0,28.0,"Carter Capstran, Isaac Verges, JT Hoytink, Joey Berezowitz, Luke Bara",41 Jacob Naber > Transition > First Middle > To Basket > Make 2 Pts,,
Carroll (WI) Pioneers,2024-11-12,172,H1,04:33 (H1),Carroll (WI) Pioneers,Justin Steinike,assist,Justin Steinike Assists,,27.0,28.0,"Carter Capstran, Isaac Verges, JT Hoytink, Joey Berezowitz, Luke Bara",,,
Carroll (WI) Pioneers,2024-11-12,173,H1,04:15 (H1),UW-Whitewater,Luke Bara,missed_shot,Luke Bara Misses 2PT Jump Shot,2,27.0,28.0,"Carter Capstran, Isaac Verges, JT Hoytink, Joey Berezowitz, Luke Bara",32 Luke Bara > Hand Off > From Stationary > Top > Dribble Jumper > Short to < 17' > Miss 2 Pts,,
Carroll (WI) Pioneers,2024-11-12,174,H1,04:11 (H1),Carroll (WI) Pioneers,Justin Steinike,rebound_defensive,Justin Steinike Defensive Rebound,,27.0,28.0,"Carter Capstran, Isaac Verges, JT Hoytink, Joey Berezowitz, Luke Bara",,,
Carroll (WI) Pioneers,2024-11-12,175,H1,04:11 (H1),UW-Whitewater,Isaac Verges,foul,Isaac Verges Commits Personal Foul,,27.0,28.0,"Carter Capstran, Isaac Verges, JT Hoytink, Joey Berezowitz, Luke Bara",20 Justin Steinike > Transition > Ballhandler > Foul,,
Carroll (WI) Pioneers,2024-11-12,176,H1,04:06 (H1),Carroll (WI) Pioneers,Justin Steinike,free_throw_made,Justin Steinike Makes Free Throw (2 of 2),,27.0,29.0,"Carter Capstran, Isaac Verges, JT Hoytink, Joey Berezowitz, Luke Bara",20 Justin Steinike > Non Possession > Free Throw,,
Carroll (WI) Pioneers,2024-11-12,177,H1,04:06 (H1),Carroll (WI) Pioneers,Justin Steinike,free_throw_made,Justin Steinike Makes Free Throw (1 of 2),,27.0,30.0,"Carter Capstran, Isaac Verges, JT Hoytink, Joey Berezowitz, Luke Bara",20 Justin Steinike > Non Possession > Free Throw,,
Carroll (WI) Pioneers,2024-11-12,178,H1,04:06 (H1),Carroll (WI) Pioneers,Jacob Naber,sub_out,Jacob Naber Subs Out,,27.0,30.0,"Carter Capstran, Isaac Verges, JT Hoytink, Joey Berezowitz, Luke Bara",,,
Carroll (WI) Pioneers,2024-11-12,179,H1,04:06 (H1),UW-Whitewater,Isaac Verges,sub_out,Isaac Verges Subs Out,,27.0,30.0,"Carter Capstran, Isaac Verges, JT Hoytink, Joey Berezowitz, Luke Bara",,,
Carroll (WI) Pioneers,2024-11-12,180,H1,04:06 (H1),UW-Whitewater,Luke Bara,sub_out,Luke Bara Subs Out,,27.0,30.0,"Carter Capstran, Isaac Verges, JT Hoytink, Joey Berezowitz, Luke Bara",,,
Carroll (WI) Pioneers,2024-11-12,181,H1,04:06 (H1),Carroll (WI) Pioneers,Lamar Smith,sub_in,Lamar Smith Subs In,,27.0,30.0,"Carter Capstran, Isaac Verges, JT Hoytink, Joey Berezowitz, Luke Bara",,,
Carroll (WI) Pioneers,2024-11-12,182,H1,04:06 (H1),UW-Whitewater,Jameer Barker,sub_in,Jameer Barker Subs In,,27.0,30.0,"Carter Capstran, Isaac Verges, JT Hoytink, Joey Berezowitz, Luke Bara",,,
Carroll (WI) Pioneers,2024-11-12,183,H1,04:06 (H1),UW-Whitewater,Richie Warren,sub_in,Richie Warren Subs In,,27.0,30.0,"Carter Capstran, JT Hoytink, Jameer Barker, Joey Berezowitz, Richie Warren",,,
Carroll (WI) Pioneers,2024-11-12,184,H1,04:06 (H1),Carroll (WI) Pioneers,Justin Steinike,sub_out,Justin Steinike Subs Out,,27.0,30.0,"Carter Capstran, JT Hoytink, Jameer Barker, Joey Berezowitz, Richie Warren",,,
Carroll (WI) Pioneers,2024-11-12,185,H1,04:06 (H1),Carroll (WI) Pioneers,Eckahelo Simpson,sub_in,Eckahelo Simpson Subs In,,27.0,30.0,"Carter Capstran, JT Hoytink, Jameer Barker, Joey Berezowitz, Richie Warren",,,
Carroll (WI) Pioneers,2024-11-12,186,H1,03:38 (H1),UW-Whitewater,Carter Capstran,made_shot,Carter Capstran Makes 2PT Hook Shot,2,29.0,30.0,"Carter Capstran, JT Hoytink, Jameer Barker, Joey Berezowitz, Richie Warren",23 Carter Capstran > Post-Up > Right Block > Face-up > Drive Baseline > Make 2 Pts,,
Carroll (WI) Pioneers,2024-11-12,187,H1,03:05 (H1),Carroll (WI) Pioneers,Dennis Estepp,made_shot,Dennis Estepp Makes 3PT Jump Shot,3,29.0,33.0,"Carter Capstran, JT Hoytink, Jameer Barker, Joey Berezowitz, Richie Warren",10 Eckahelo Simpson > ISO > Right > Drives Right > Defense Commits > Ball Delivered > 33 Dennis Estepp > Spot-Up > No Dribble Jumper > Guarded > Long/3pt > Make 3 Pts,,
Carroll (WI) Pioneers,2024-11-12,188,H1,03:05 (H1),Carroll (WI) Pioneers,Eckahelo Simpson,assist,Eckahelo Simpson Assists,,29.0,33.0,"Carter Capstran, JT Hoytink, Jameer Barker, Joey Berezowitz, Richie Warren",,,
Carroll (WI) Pioneers,2024-11-12,189,H1,02:53 (H1),Carroll (WI) Pioneers,Dennis Estepp,foul,Dennis Estepp Commits Personal Foul,,29.0,33.0,"Carter Capstran, JT Hoytink, Jameer Barker, Joey Berezowitz, Richie Warren",1 Jameer Barker > No Play Type > Foul,,
Carroll (WI) Pioneers,2024-11-12,190,H1,02:49 (H1),UW-Whitewater,Jameer Barker,free_throw_made,Jameer Barker Makes Free Throw (1 of 2),,30.0,33.0,"Carter Capstran, JT Hoytink, Jameer Barker, Joey Berezowitz, Richie Warren",1 Jameer Barker > Non Possession > Free Throw,,
Carroll (WI) Pioneers,2024-11-12,191,H1,02:49 (H1),UW-Whitewater,Jameer Barker,free_throw_made,Jameer Barker Makes Free Throw (2 of 2),,31.0,33.0,"Carter Capstran, JT Hoytink, Jameer Barker, Joey Berezowitz, Richie Warren",1 Jameer Barker > Non Possession > Free Throw,,
Carroll (WI) Pioneers,2024-11-12,192,H1,02:31 (H1),Carroll (WI) Pioneers,Lamar Smith,made_shot,Lamar Smith Makes 2PT Layup,2,31.0,35.0,"Carter Capstran, JT Hoytink, Jameer Barker, Joey Berezowitz, Richie Warren",34 Erik Victorson > P&R Ball Handler > Right P&R > Side > Dribble Off Pick > Defense Commits > Ball Delivered > 44 Lamar Smith > P&R Roll Man > Rolls to Basket > Make 2 Pts,,
Carroll (WI) Pioneers,2024-11-12,193,H1,02:03 (H1),UW-Whitewater,JT Hoytink,missed_shot,JT Hoytink Misses 2PT Layup (Blocked),2,31.0,35.0,"Carter Capstran, JT Hoytink, Jameer Barker, Joey Berezowitz, Richie Warren",14 Jt Hoytink > Post-Up > Right Block > Left Shoulder > Dribble Move > To Basket > Miss 2 Pts,,
Carroll (WI) Pioneers,2024-11-12,194,H1,02:03 (H1),Carroll (WI) Pioneers,Lamar Smith,block,Lamar Smith Blocks,,31.0,35.0,"Carter Capstran, JT Hoytink, Jameer Barker, Joey Berezowitz, Richie Warren",,,
Carroll (WI) Pioneers,2024-11-12,195,H1,01:51 (H1),Carroll (WI) Pioneers,Lamar Smith,rebound_defensive,Lamar Smith Defensive Rebound,,31.0,35.0,"Carter Capstran, JT Hoytink, Jameer Barker, Joey Berezowitz, Richie Warren",,,
Carroll (WI) Pioneers,2024-11-12,196,H1,01:51 (H1),Carroll (WI) Pioneers,Evan Bland,turnover,Evan Bland Turnover (Lost Ball),,31.0,35.0,"Carter Capstran, JT Hoytink, Jameer Barker, Joey Berezowitz, Richie Warren",15 Evan Bland > Transition > Left Wing > Turnover,,
Carroll (WI) Pioneers,2024-11-12,197,H1,01:51 (H1),UW-Whitewater,JT Hoytink,steal,JT Hoytink Steals,,31.0,35.0,"Carter Capstran, JT Hoytink, Jameer Barker, Joey Berezowitz, Richie Warren",,,
Carroll (WI) Pioneers,2024-11-12,198,H1,01:42 (H1),UW-Whitewater,Jameer Barker,missed_shot,Jameer Barker Misses 2PT Jump Shot,2,31.0,35.0,"Carter Capstran, JT Hoytink, Jameer Barker, Joey Berezowitz, Richie Warren",1 Jameer Barker > Off Screen > To Shooter's Left > Curl > Dribble Jumper > Short to < 17' > Miss 2 Pts,,
Carroll (WI) Pioneers,2024-11-12,199,H1,01:34 (H1),Carroll (WI) Pioneers,,team_deadball_rebound_defensive,Defensive Rebound,,31.0,35.0,"Carter Capstran, JT Hoytink, Jameer Barker, Joey Berezowitz, Richie Warren",,,
Carroll (WI) Pioneers,2024-11-12,200,H1,01:32 (H1),Carroll (WI) Pioneers,Evan Bland,sub_out,Evan Bland Subs Out,,31.0,35.0,"Carter Capstran, JT Hoytink, Jameer Barker, Joey Berezowitz, Richie Warren",,,
Carroll (WI) Pioneers,2024-11-12,201,H1,01:32 (H1),UW-Whitewater,JT Hoytink,sub_out,JT Hoytink Subs Out,,31.0,35.0,"Carter Capstran, JT Hoytink, Jameer Barker, Joey Berezowitz, Richie Warren",,,
Carroll (WI) Pioneers,2024-11-12,202,H1,01:32 (H1),Carroll (WI) Pioneers,Kobe Simpson,sub_in,Kobe Simpson Subs In,,31.0,35.0,"Carter Capstran, JT Hoytink, Jameer Barker, Joey Berezowitz, Richie Warren",,,
Carroll (WI) Pioneers,2024-11-12,203,H1,01:32 (H1),UW-Whitewater,Luke Bara,sub_in,Luke Bara Subs In,,31.0,35.0,"Carter Capstran, Jameer Barker, Joey Berezowitz, Luke Bara, Richie Warren",,,
Carroll (WI) Pioneers,2024-11-12,204,H1,01:05 (H1),Carroll (WI) Pioneers,Lamar Smith,missed_shot,Lamar Smith Misses 2PT Layup (Blocked),2,31.0,35.0,"Carter Capstran, Jameer Barker, Joey Berezowitz, Luke Bara, Richie Warren",10 Eckahelo Simpson > P&R Ball Handler > High P&R > Dribble Off Pick > Defense Commits > Ball Delivered > 44 Lamar Smith > P&R Roll Man > Rolls to Basket > Miss 2 Pts,,
Carroll (WI) Pioneers,2024-11-12,205,H1,01:05 (H1),UW-Whitewater,Richie Warren,block,Richie Warren Blocks,,31.0,35.0,"Carter Capstran, Jameer Barker, Joey Berezowitz, Luke Bara, Richie Warren",,,
Carroll (WI) Pioneers,2024-11-12,206,H1,00:58 (H1),UW-Whitewater,Richie Warren,rebound_defensive,Richie Warren Defensive Rebound,,31.0,35.0,"Carter Capstran, Jameer Barker, Joey Berezowitz, Luke Bara, Richie Warren",,,
Carroll (WI) Pioneers,2024-11-12,207,H1,00:53 (H1),UW-Whitewater,Jameer Barker,made_shot,Jameer Barker Makes 2PT Layup,2,33.0,35.0,"Carter Capstran, Jameer Barker, Joey Berezowitz, Luke Bara, Richie Warren",1 Jameer Barker > P&R Ball Handler > High P&R > Dribble Off Pick > To Basket > Make 2 Pts,,
Carroll (WI) Pioneers,2024-11-12,208,H1,00:47 (H1),UW-Whitewater,Luke Bara,foul,Luke Bara Commits Personal Foul,,33.0,35.0,"Carter Capstran, Jameer Barker, Joey Berezowitz, Luke Bara, Richie Warren",44 Lamar Smith > Transition > Right Wing > To Basket > Foul,,
Carroll (WI) Pioneers,2024-11-12,209,H1,00:45 (H1),Carroll (WI) Pioneers,Lamar Smith,free_throw_missed,Lamar Smith Misses Free Throw (1 of 2),,33.0,35.0,"Carter Capstran, Jameer Barker, Joey Berezowitz, Luke Bara, Richie Warren",44 Lamar Smith > Non Possession > Free Throw,,
Carroll (WI) Pioneers,2024-11-12,210,H1,00:45 (H1),Carroll (WI) Pioneers,Carroll (WI),team_deadball_rebound_offensive,Carroll (WI) Offensive Deadball Rebound,,33.0,35.0,"Carter Capstran, Jameer Barker, Joey Berezowitz, Luke Bara, Richie Warren",,,
Carroll (WI) Pioneers,2024-11-12,211,H1,00:45 (H1),Carroll (WI) Pioneers,Lamar Smith,free_throw_missed,Lamar Smith Misses Free Throw (2 of 2),,33.0,35.0,"Carter Capstran, Jameer Barker, Joey Berezowitz, Luke Bara, Richie Warren",44 Lamar Smith > Non Possession > Free Throw,,
Carroll (WI) Pioneers,2024-11-12,212,H1,00:45 (H1),UW-Whitewater,Joey Berezowitz,rebound_defensive,Joey Berezowitz Defensive Rebound,,33.0,35.0,"Carter Capstran, Jameer Barker, Joey Berezowitz, Luke Bara, Richie Warren",,,
Carroll (WI) Pioneers,2024-11-12,213,H1,00:27 (H1),UW-Whitewater,Richie Warren,missed_shot,Richie Warren Misses 2PT Jump Shot,2,33.0,35.0,"Carter Capstran, Jameer Barker, Joey Berezowitz, Luke Bara, Richie Warren",32 Luke Bara > P&R Ball Handler > High P&R > Dribble Off Pick > Defense Commits > Ball Delivered > 24 Richie Warren > Spot-Up > No Dribble Jumper > Open > Medium/17' to <3p > Miss 2 Pts,,
Carroll (WI) Pioneers,2024-11-12,214,H1,00:21 (H1),Carroll (WI) Pioneers,Lamar Smith,rebound_defensive,Lamar Smith Defensive Rebound,,33.0,35.0,"Carter Capstran, Jameer Barker, Joey Berezowitz, Luke Bara, Richie Warren",,,
Carroll (WI) Pioneers,2024-11-12,215,H1,00:21 (H1),Carroll (WI) Pioneers,,jump_ball_held,Jump Ball (Held Ball),,33.0,35.0,"Carter Capstran, Jameer Barker, Joey Berezowitz, Luke Bara, Richie Warren",,,
Carroll (WI) Pioneers,2024-11-12,216,H1,00:21 (H1),UW-Whitewater,,jump_ball_held,Jump Ball (Held Ball),,33.0,35.0,"Carter Capstran, Jameer Barker, Joey Berezowitz, Luke Bara, Richie Warren",,,
Carroll (WI) Pioneers,2024-11-12,217,H1,00:21 (H1),Carroll (WI) Pioneers,Dennis Estepp,sub_out,Dennis Estepp Subs Out,,33.0,35.0,"Carter Capstran, Jameer Barker, Joey Berezowitz, Luke Bara, Richie Warren",,,
Carroll (WI) Pioneers,2024-11-12,218,H1,00:21 (H1),Carroll (WI) Pioneers,Lamar Smith,sub_out,Lamar Smith Subs Out,,33.0,35.0,"Carter Capstran, Jameer Barker, Joey Berezowitz, Luke Bara, Richie Warren",,,
Carroll (WI) Pioneers,2024-11-12,219,H1,00:21 (H1),UW-Whitewater,Jameer Barker,sub_out,Jameer Barker Subs Out,,33.0,35.0,"Carter Capstran, Jameer Barker, Joey Berezowitz, Luke Bara, Richie Warren",,,
Carroll (WI) Pioneers,2024-11-12,220,H1,00:21 (H1),Carroll (WI) Pioneers,Jacob Naber,sub_in,Jacob Naber Subs In,,33.0,35.0,"Carter Capstran, Jameer Barker, Joey Berezowitz, Luke Bara, Richie Warren",,,
Carroll (WI) Pioneers,2024-11-12,221,H1,00:21 (H1),Carroll (WI) Pioneers,Justin Steinike,sub_in,Justin Steinike Subs In,,33.0,35.0,"Carter Capstran, Jameer Barker, Joey Berezowitz, Luke Bara, Richie Warren",,,
Carroll (WI) Pioneers,2024-11-12,222,H1,00:21 (H1),UW-Whitewater,JT Hoytink,sub_in,JT Hoytink Subs In,,33.0,35.0,"Carter Capstran, JT Hoytink, Joey Berezowitz, Luke Bara, Richie Warren",,,
Carroll (WI) Pioneers,2024-11-12,223,H1,00:09 (H1),Carroll (WI) Pioneers,Jacob Naber,missed_shot,Jacob Naber Misses 2PT Layup,2,33.0,35.0,"Carter Capstran, JT Hoytink, Joey Berezowitz, Luke Bara, Richie Warren",12 Kobe Simpson > P&R Ball Handler > High P&R > Dribble Off Pick > Defense Commits > Ball Delivered > 41 Jacob Naber > P&R Roll Man > Slips the Pick > To Basket > Miss 2 Pts,,
Carroll (WI) Pioneers,2024-11-12,224,H1,00:03 (H1),UW-Whitewater,Richie Warren,rebound_defensive,Richie Warren Defensive Rebound,,33.0,35.0,"Carter Capstran, JT Hoytink, Joey Berezowitz, Luke Bara, Richie Warren",,,
Carroll (WI) Pioneers,2024-11-12,225,H1,,,,period_marker,End 1st Half,,,,"Carter Capstran, JT Hoytink, Joey Berezowitz, Luke Bara, Richie Warren",,,
Carroll (WI) Pioneers,2024-11-12,226,H1,,,,period_marker,Start 2nd Half,,,,"Carter Capstran, Collin Madson, Jake Quast, Jameer Barker, Luke Bara",,,
Carroll (WI) Pioneers,2024-11-12,227,H2,19:39 (H2),UW-Whitewater,Jameer Barker,made_shot,Jameer Barker Makes 2PT Layup,2,35.0,35.0,"Carter Capstran, Collin Madson, Jake Quast, Jameer Barker, Luke Bara",1 Jameer Barker > Post-Up > Left Block > Right Shoulder > Dribble Move > To Basket > Make 2 Pts,,
Carroll (WI) Pioneers,2024-11-12,228,H2,19:31 (H2),Carroll (WI) Pioneers,Justin Steinike,missed_shot,Justin Steinike Misses 3PT Jump Shot,3,35.0,35.0,"Carter Capstran, Collin Madson, Jake Quast, Jameer Barker, Luke Bara",20 Justin Steinike > Transition > Left Wing > No Dribble Jumper > Guarded > Long/3pt > Miss 3 Pts,,
Carroll (WI) Pioneers,2024-11-12,229,H2,19:31 (H2),UW-Whitewater,Jake Quast,block,Jake Quast Blocks,,35.0,35.0,"Carter Capstran, Collin Madson, Jake Quast, Jameer Barker, Luke Bara",,,
Carroll (WI) Pioneers,2024-11-12,230,H2,19:25 (H2),UW-Whitewater,Carter Capstran,rebound_defensive,Carter Capstran Defensive Rebound,,35.0,35.0,"Carter Capstran, Collin Madson, Jake Quast, Jameer Barker, Luke Bara",,,
Carroll (WI) Pioneers,2024-11-12,231,H2,19:06 (H2),UW-Whitewater,Carter Capstran,made_shot,Carter Capstran Makes 2PT Layup,2,37.0,35.0,"Carter Capstran, Collin Madson, Jake Quast, Jameer Barker, Luke Bara",23 Carter Capstran > Post-Up > Left Block > Left Shoulder > Dribble Move > To Hook > Make 2 Pts,,
Carroll (WI) Pioneers,2024-11-12,232,H2,18:40 (H2),Carroll (WI) Pioneers,Jacob Naber,made_shot,Jacob Naber Makes 2PT Layup,2,37.0,37.0,"Carter Capstran, Collin Madson, Jake Quast, Jameer Barker, Luke Bara",41 Jacob Naber > Cut > Basket > Make 2 Pts,,
Carroll (WI) Pioneers,2024-11-12,233,H2,18:40 (H2),Carroll (WI) Pioneers,Erik Victorson,assist,Erik Victorson Assists,,37.0,37.0,"Carter Capstran, Collin Madson, Jake Quast, Jameer Barker, Luke Bara",,,
Carroll (WI) Pioneers,2024-11-12,234,H2,18:26 (H2),UW-Whitewater,Luke Bara,made_shot,Luke Bara Makes 2PT Jump Shot,2,39.0,37.0,"Carter Capstran, Collin Madson, Jake Quast, Jameer Barker, Luke Bara",32 Luke Bara > P&R Ball Handler > Right P&R > Baseline > Dribble Off Pick > Dribble Jumper > Medium/17' to <3p > Make 2 Pts,,
Carroll (WI) Pioneers,2024-11-12,235,H2,18:03 (H2),Carroll (WI) Pioneers,Kobe Simpson,missed_shot,Kobe Simpson Misses 3PT Jump Shot,3,39.0,37.0,"Carter Capstran, Collin Madson, Jake Quast, Jameer Barker, Luke Bara",12 Kobe Simpson > Spot-Up > No Dribble Jumper > Guarded > Long/3pt > Miss 3 Pts,,
Carroll (WI) Pioneers,2024-11-12,236,H2,17:58 (H2),Carroll (WI) Pioneers,Carroll (WI),team_deadball_rebound_offensive,Carroll (WI) Offensive Deadball Rebound,,39.0,37.0,"Carter Capstran, Collin Madson, Jake Quast, Jameer Barker, Luke Bara",,,
Carroll (WI) Pioneers,2024-11-12,237,H2,17:58 (H2),UW-Whitewater,Jake Quast,foul,Jake Quast Commits Personal Foul,,39.0,37.0,"Carter Capstran, Collin Madson, Jake Quast, Jameer Barker, Luke Bara",,,
Carroll (WI) Pioneers,2024-11-12,238,H2,17:58 (H2),UW-Whitewater,Jake Quast,sub_out,Jake Quast Subs Out,,39.0,37.0,"Carter Capstran, Collin Madson, Jake Quast, Jameer Barker, Luke Bara",,,
Carroll (WI) Pioneers,2024-11-12,239,H2,17:58 (H2),UW-Whitewater,Richie Warren,sub_in,Richie Warren Subs In,,39.0,37.0,"Carter Capstran, Collin Madson, Jameer Barker, Luke Bara, Richie Warren",,,
Carroll (WI) Pioneers,2024-11-12,240,H2,17:56 (H2),Carroll (WI) Pioneers,Erik Victorson,missed_shot,Erik Victorson Misses 3PT Jump Shot,3,39.0,37.0,"Carter Capstran, Collin Madson, Jameer Barker, Luke Bara, Richie Warren",34 Erik Victorson > Hand Off > From Stationary > Right > No Dribble Jumper > Guarded > Long/3pt > Miss 3 Pts,,
Carroll (WI) Pioneers,2024-11-12,241,H2,17:52 (H2),UW-Whitewater,Richie Warren,rebound_defensive,Richie Warren Defensive Rebound,,39.0,37.0,"Carter Capstran, Collin Madson, Jameer Barker, Luke Bara, Richie Warren",,,
Carroll (WI) Pioneers,2024-11-12,242,H2,17:45 (H2),UW-Whitewater,Luke Bara,missed_shot,Luke Bara Misses 3PT Jump Shot,3,39.0,37.0,"Carter Capstran, Collin Madson, Jameer Barker, Luke Bara, Richie Warren",32 Luke Bara > Off Screen > To Shooter's Right > Straight > No Dribble Jumper > Guarded > Long/3pt > Miss 3 Pts,,
Carroll (WI) Pioneers,2024-11-12,243,H2,17:40 (H2),Carroll (WI) Pioneers,Kobe Simpson,rebound_defensive,Kobe Simpson Defensive Rebound,,39.0,37.0,"Carter Capstran, Collin Madson, Jameer Barker, Luke Bara, Richie Warren",,,
Carroll (WI) Pioneers,2024-11-12,244,H2,17:35 (H2),Carroll (WI) Pioneers,Kobe Simpson,missed_shot,Kobe Simpson Misses 3PT Jump Shot,3,39.0,37.0,"Carter Capstran, Collin Madson, Jameer Barker, Luke Bara, Richie Warren",12 Kobe Simpson > Transition > Trailer > No Dribble Jumper > Open > Long/3pt > Miss 3 Pts,,
Carroll (WI) Pioneers,2024-11-12,245,H2,17:31 (H2),Carroll (WI) Pioneers,Jacob Naber,rebound_offensive,Jacob Naber Offensive Rebound,,39.0,37.0,"Carter Capstran, Collin Madson, Jameer Barker, Luke Bara, Richie Warren",,,
Carroll (WI) Pioneers,2024-11-12,246,H2,17:29 (H2),Carroll (WI) Pioneers,Erik Victorson,made_shot,Erik Victorson Makes 3PT Jump Shot,3,39.0,40.0,"Carter Capstran, Collin Madson, Jameer Barker, Luke Bara, Richie Warren",34 Erik Victorson > Spot-Up > No Dribble Jumper > Guarded > Long/3pt > Make 3 Pts,,
Carroll (WI) Pioneers,2024-11-12,247,H2,17:29 (H2),Carroll (WI) Pioneers,Jacob Naber,assist,Jacob Naber Assists,,39.0,40.0,"Carter Capstran, Collin Madson, Jameer Barker, Luke Bara, Richie Warren",,,
Carroll (WI) Pioneers,2024-11-12,248,H2,17:14 (H2),UW-Whitewater,Jameer Barker,sub_out,Jameer Barker Subs Out,,39.0,40.0,"Carter Capstran, Collin Madson, Jameer Barker, Luke Bara, Richie Warren",,,
Carroll (WI) Pioneers,2024-11-12,249,H2,17:14 (H2),UW-Whitewater,Isaac Verges,sub_in,Isaac Verges Subs In,,39.0,40.0,"Carter Capstran, Collin Madson, Isaac Verges, Luke Bara, Richie Warren",,,
Carroll (WI) Pioneers,2024-11-12,250,H2,16:52 (H2),UW-Whitewater,Carter Capstran,made_shot,Carter Capstran Makes 2PT Hook Shot,2,41.0,40.0,"Carter Capstran, Collin Madson, Isaac Verges, Luke Bara, Richie Warren",23 Carter Capstran > Post-Up > Right Block > Left Shoulder > Dribble Move > To Drop Step > Make 2 Pts,,
Carroll (WI) Pioneers,2024-11-12,251,H2,16:40 (H2),Carroll (WI) Pioneers,Eckahelo Simpson,missed_shot,Eckahelo Simpson Misses 2PT Jump Shot,2,41.0,40.0,"Carter Capstran, Collin Madson, Isaac Verges, Luke Bara, Richie Warren",10 Eckahelo Simpson > P&R Ball Handler > Left P&R > Side > Dribble Off Pick > To Basket > Miss 2 Pts,,
Carroll (WI) Pioneers,2024-11-12,252,H2,16:35 (H2),UW-Whitewater,Isaac Verges,rebound_defensive,Isaac Verges Defensive Rebound,,41.0,40.0,"Carter Capstran, Collin Madson, Isaac Verges, Luke Bara, Richie Warren",,,
Carroll (WI) Pioneers,2024-11-12,253,H2,16:26 (H2),UW-Whitewater,Carter Capstran,made_shot,Carter Capstran Makes 2PT Layup,2,43.0,40.0,"Carter Capstran, Collin Madson, Isaac Verges, Luke Bara, Richie Warren",23 Carter Capstran > Cut > Basket > Make 2 Pts,,
Carroll (WI) Pioneers,2024-11-12,254,H2,16:26 (H2),UW-Whitewater,Luke Bara,assist,Luke Bara Assists,,43.0,40.0,"Carter Capstran, Collin Madson, Isaac Verges, Luke Bara, Richie Warren",,,
Carroll (WI) Pioneers,2024-11-12,255,H2,16:22 (H2),Carroll (WI) Pioneers,,timeout,Carroll (WI) Timeout,,43.0,40.0,"Carter Capstran, Collin Madson, Isaac Verges, Luke Bara, Richie Warren",,,
Carroll (WI) Pioneers,2024-11-12,256,H2,16:08 (H2),UW-Whitewater,Carter Capstran,foul,Carter Capstran Commits Personal Foul,,43.0,40.0,"Carter Capstran, Collin Madson, Isaac Verges, Luke Bara, Richie Warren",12 Kobe Simpson > Non Possession > Non Shooting Foul,,
Carroll (WI) Pioneers,2024-11-12,257,H2,16:01 (H2),Carroll (WI) Pioneers,Jacob Naber,made_shot,Jacob Naber Makes 2PT Layup,2,43.0,42.0,"Carter Capstran, Collin Madson, Isaac Verges, Luke Bara, Richie Warren",41 Jacob Naber > Post-Up > Right Block > Right Shoulder > Dribble Move > To Basket > Make 2 Pts,,
Carroll (WI) Pioneers,2024-11-12,258,H2,15:45 (H2),UW-Whitewater,Luke Bara,made_shot,Luke Bara Makes 2PT Layup,2,45.0,42.0,"Carter Capstran, Collin Madson, Isaac Verges, Luke Bara, Richie Warren",32 Luke Bara > Cut > Basket > Make 2 Pts,,
Carroll (WI) Pioneers,2024-11-12,259,H2,15:45 (H2),UW-Whitewater,Carter Capstran,assist,Carter Capstran Assists,,45.0,42.0,"Carter Capstran, Collin Madson, Isaac Verges, Luke Bara, Richie Warren",,,
Carroll (WI) Pioneers,2024-11-12,260,H2,15:19 (H2),Carroll (WI) Pioneers,Kobe Simpson,made_shot,Kobe Simpson Makes 2PT Layup,2,45.0,44.0,"Carter Capstran, Collin Madson, Isaac Verges, Luke Bara, Richie Warren",12 Kobe Simpson > P&R Ball Handler > High P&R > Dribble Off Pick > To Basket > Make 2 Pts,,
Carroll (WI) Pioneers,2024-11-12,261,H2,14:47 (H2),UW-Whitewater,Carter Capstran,missed_shot,Carter Capstran Misses 3PT Jump Shot,3,45.0,44.0,"Carter Capstran, Collin Madson, Isaac Verges, Luke Bara, Richie Warren",23 Carter Capstran > Spot-Up > Drives Straight > Dribble Jumper > Long/3pt > Miss 3 Pts,,
Carroll (WI) Pioneers,2024-11-12,262,H2,14:43 (H2),Carroll (WI) Pioneers,Kobe Simpson,rebound_defensive,Kobe Simpson Defensive Rebound,,45.0,44.0,"Carter Capstran, Collin Madson, Isaac Verges, Luke Bara, Richie Warren",,,
Carroll (WI) Pioneers,2024-11-12,263,H2,14:37 (H2),Carroll (WI) Pioneers,Justin Steinike,missed_shot,Justin Steinike Misses 3PT Jump Shot,3,45.0,44.0,"Carter Capstran, Collin Madson, Isaac Verges, Luke Bara, Richie Warren",20 Justin Steinike > Spot-Up > No Dribble Jumper > Open > Long/3pt > Miss 3 Pts,,
Carroll (WI) Pioneers,2024-11-12,264,H2,14:33 (H2),Carroll (WI) Pioneers,Eckahelo Simpson,rebound_offensive,Eckahelo Simpson Offensive Rebound,,45.0,44.0,"Carter Capstran, Collin Madson, Isaac Verges, Luke Bara, Richie Warren",,,
Carroll (WI) Pioneers,2024-11-12,265,H2,14:32 (H2),Carroll (WI) Pioneers,Eckahelo Simpson,missed_shot,Eckahelo Simpson Misses 2PT Layup,2,45.0,44.0,"Carter Capstran, Collin Madson, Isaac Verges, Luke Bara, Richie Warren",,,
Carroll (WI) Pioneers,2024-11-12,266,H2,14:28 (H2),Carroll (WI) Pioneers,Jacob Naber,rebound_offensive,Jacob Naber Offensive Rebound,,45.0,44.0,"Carter Capstran, Collin Madson, Isaac Verges, Luke Bara, Richie Warren",,,
Carroll (WI) Pioneers,2024-11-12,267,H2,14:27 (H2),UW-Whitewater,Richie Warren,foul,Richie Warren Commits Personal Foul,,45.0,44.0,"Carter Capstran, Collin Madson, Isaac Verges, Luke Bara, Richie Warren",41 Jacob Naber > Offensive Rebound > Short > Scoring Attempt > At Basket > Foul,,
Carroll (WI) Pioneers,2024-11-12,268,H2,14:21 (H2),Carroll (WI) Pioneers,Jacob Naber,free_throw_made,Jacob Naber Makes Free Throw (1 of 2),,45.0,45.0,"Carter Capstran, Collin Madson, Isaac Verges, Luke Bara, Richie Warren",41 Jacob Naber > Non Possession > Free Throw,,
Carroll (WI) Pioneers,2024-11-12,269,H2,14:21 (H2),Carroll (WI) Pioneers,Jacob Naber,free_throw_made,Jacob Naber Makes Free Throw (2 of 2),,45.0,46.0,"Carter Capstran, Collin Madson, Isaac Verges, Luke Bara, Richie Warren",41 Jacob Naber > Non Possession > Free Throw,,
Carroll (WI) Pioneers,2024-11-12,270,H2,14:21 (H2),UW-Whitewater,Carter Capstran,sub_out,Carter Capstran Subs Out,,45.0,46.0,"Carter Capstran, Collin Madson, Isaac Verges, Luke Bara, Richie Warren",,,
Carroll (WI) Pioneers,2024-11-12,271,H2,14:21 (H2),UW-Whitewater,Luke Bara,sub_out,Luke Bara Subs Out,,45.0,46.0,"Carter Capstran, Collin Madson, Isaac Verges, Luke Bara, Richie Warren",,,
Carroll (WI) Pioneers,2024-11-12,272,H2,14:21 (H2),UW-Whitewater,Jameer Barker,sub_in,Jameer Barker Subs In,,45.0,46.0,"Carter Capstran, Collin Madson, Isaac Verges, Luke Bara, Richie Warren",,,
Carroll (WI) Pioneers,2024-11-12,273,H2,14:21 (H2),UW-Whitewater,JT Hoytink,sub_in,JT Hoytink Subs In,,45.0,46.0,"Collin Madson, Isaac Verges, JT Hoytink, Jameer Barker, Richie Warren",,,
Carroll (WI) Pioneers,2024-11-12,274,H2,14:21 (H2),Carroll (WI) Pioneers,Justin Steinike,sub_out,Justin Steinike Subs Out,,45.0,46.0,"Collin Madson, Isaac Verges, JT Hoytink, Jameer Barker, Richie Warren",,,
Carroll (WI) Pioneers,2024-11-12,275,H2,14:21 (H2),Carroll (WI) Pioneers,Erik Victorson,sub_out,Erik Victorson Subs Out,,45.0,46.0,"Collin Madson, Isaac Verges, JT Hoytink, Jameer Barker, Richie Warren",,,
Carroll (WI) Pioneers,2024-11-12,276,H2,14:21 (H2),Carroll (WI) Pioneers,Jacob Naber,sub_out,Jacob Naber Subs Out,,45.0,46.0,"Collin Madson, Isaac Verges, JT Hoytink, Jameer Barker, Richie Warren",,,
Carroll (WI) Pioneers,2024-11-12,277,H2,14:21 (H2),Carroll (WI) Pioneers,Evan Bland,sub_in,Evan Bland Subs In,,45.0,46.0,"Collin Madson, Isaac Verges, JT Hoytink, Jameer Barker, Richie Warren",,,
Carroll (WI) Pioneers,2024-11-12,278,H2,14:21 (H2),Carroll (WI) Pioneers,Dom Burns,sub_in,Dom Burns Subs In,,45.0,46.0,"Collin Madson, Isaac Verges, JT Hoytink, Jameer Barker, Richie Warren",,,
Carroll (WI) Pioneers,2024-11-12,279,H2,14:21 (H2),Carroll (WI) Pioneers,Lamar Smith,sub_in,Lamar Smith Subs In,,45.0,46.0,"Collin Madson, Isaac Verges, JT Hoytink, Jameer Barker, Richie Warren",,,
Carroll (WI) Pioneers,2024-11-12,280,H2,14:18 (H2),UW-Whitewater,Jameer Barker,missed_shot,Jameer Barker Misses 2PT Jump Shot,2,45.0,46.0,"Collin Madson, Isaac Verges, JT Hoytink, Jameer Barker, Richie Warren",1 Jameer Barker > Post-Up > Right Block > Left Shoulder > Dribble Move > To Jumper > Miss 2 Pts,,
Carroll (WI) Pioneers,2024-11-12,281,H2,14:13 (H2),Carroll (WI) Pioneers,Lamar Smith,rebound_defensive,Lamar Smith Defensive Rebound,,45.0,46.0,"Collin Madson, Isaac Verges, JT Hoytink, Jameer Barker, Richie Warren",,,
Carroll (WI) Pioneers,2024-11-12,282,H2,14:09 (H2),Carroll (WI) Pioneers,Dom Burns,missed_shot,Dom Burns Misses 3PT Jump Shot,3,45.0,46.0,"Collin Madson, Isaac Verges, JT Hoytink, Jameer Barker, Richie Warren",22 Dom Burns > Transition > Right Wing > No Dribble Jumper > Open > Long/3pt > Miss 3 Pts,,
Carroll (WI) Pioneers,2024-11-12,283,H2,14:02 (H2),UW-Whitewater,,team_deadball_rebound_defensive,Defensive Rebound,,45.0,46.0,"Collin Madson, Isaac Verges, JT Hoytink, Jameer Barker, Richie Warren",,,
Carroll (WI) Pioneers,2024-11-12,284,H2,13:48 (H2),Carroll (WI) Pioneers,Dom Burns,foul,Dom Burns Commits Personal Foul,,45.0,46.0,"Collin Madson, Isaac Verges, JT Hoytink, Jameer Barker, Richie Warren",24 Richie Warren > ISO > Top > Drives Right > To Basket > Foul,,
Carroll (WI) Pioneers,2024-11-12,285,H2,13:48 (H2),UW-Whitewater,Richie Warren,free_throw_made,Richie Warren Makes Free Throw (1 of 2),,46.0,46.0,"Collin Madson, Isaac Verges, JT Hoytink, Jameer Barker, Richie Warren",24 Richie Warren > Non Possession > Free Throw,,
Carroll (WI) Pioneers,2024-11-12,286,H2,13:48 (H2),UW-Whitewater,Richie Warren,free_throw_made,Richie Warren Makes Free Throw (2 of 2),,47.0,46.0,"Collin Madson, Isaac Verges, JT Hoytink, Jameer Barker, Richie Warren",24 Richie Warren > Non Possession > Free Throw,,
Carroll (WI) Pioneers,2024-11-12,287,H2,13:36 (H2),Carroll (WI) Pioneers,Evan Bland,missed_shot,Evan Bland Misses 3PT Jump Shot,3,47.0,46.0,"Collin Madson, Isaac Verges, JT Hoytink, Jameer Barker, Richie Warren",12 Kobe Simpson > P&R Ball Handler > Left P&R > Baseline > Dribble Off Pick > Defense Commits > Ball Delivered > 15 Evan Bland > Spot-Up > No Dribble Jumper > Open > Long/3pt > Miss 3 Pts,,
Carroll (WI) Pioneers,2024-11-12,288,H2,13:32 (H2),UW-Whitewater,JT Hoytink,rebound_defensive,JT Hoytink Defensive Rebound,,47.0,46.0,"Collin Madson, Isaac Verges, JT Hoytink, Jameer Barker, Richie Warren",,,
Carroll (WI) Pioneers,2024-11-12,289,H2,13:14 (H2),UW-Whitewater,Jameer Barker,made_shot,Jameer Barker Makes 2PT Layup,2,49.0,46.0,"Collin Madson, Isaac Verges, JT Hoytink, Jameer Barker, Richie Warren",1 Jameer Barker > P&R Ball Handler > High P&R > Dribble Off Pick > To Basket > Make 2 Pts,,
Carroll (WI) Pioneers,2024-11-12,290,H2,13:11 (H2),Carroll (WI) Pioneers,Kobe Simpson,turnover,Kobe Simpson Turnover (Lost Ball),,49.0,46.0,"Collin Madson, Isaac Verges, JT Hoytink, Jameer Barker, Richie Warren",12 Kobe Simpson > Transition > Ballhandler > Turnover,,
Carroll (WI) Pioneers,2024-11-12,291,H2,13:11 (H2),UW-Whitewater,Isaac Verges,steal,Isaac Verges Steals,,49.0,46.0,"Collin Madson, Isaac Verges, JT Hoytink, Jameer Barker, Richie Warren",,,
Carroll (WI) Pioneers,2024-11-12,292,H2,12:44 (H2),UW-Whitewater,Richie Warren,missed_shot,Richie Warren Misses 3PT Jump Shot,3,49.0,46.0,"Collin Madson, Isaac Verges, JT Hoytink, Jameer Barker, Richie Warren",1 Jameer Barker > ISO > Left > Drives Right > Defense Commits > Ball Delivered > 24 Richie Warren > Spot-Up > No Dribble Jumper > Open > Long/3pt > Miss 3 Pts,,
Carroll (WI) Pioneers,2024-11-12,293,H2,12:41 (H2),Carroll (WI) Pioneers,Evan Bland,rebound_defensive,Evan Bland Defensive Rebound,,49.0,46.0,"Collin Madson, Isaac Verges, JT Hoytink, Jameer Barker, Richie Warren",,,
Carroll (WI) Pioneers,2024-11-12,294,H2,12:40 (H2),UW-Whitewater,Richie Warren,foul,Richie Warren Commits Personal Foul,,49.0,46.0,"Collin Madson, Isaac Verges, JT Hoytink, Jameer Barker, Richie Warren",15 Evan Bland > P&R Ball Handler > Left P&R > Side > Dribble Off Pick > To Basket > Foul,,
Carroll (WI) Pioneers,2024-11-12,295,H2,12:16 (H2),Carroll (WI) Pioneers,Evan Bland,free_throw_missed,Evan Bland Misses Free Throw (1 of 2),,49.0,46.0,"Collin Madson, Isaac Verges, JT Hoytink, Jameer Barker, Richie Warren",15 Evan Bland > Non Possession > Free Throw,,
Carroll (WI) Pioneers,2024-11-12,296,H2,12:16 (H2),Carroll (WI) Pioneers,Carroll (WI),team_deadball_rebound_offensive,Carroll (WI) Offensive Deadball Rebound,,49.0,46.0,"Collin Madson, Isaac Verges, JT Hoytink, Jameer Barker, Richie Warren",,,
Carroll (WI) Pioneers,2024-11-12,297,H2,12:16 (H2),Carroll (WI) Pioneers,Evan Bland,free_throw_made,Evan Bland Makes Free Throw (2 of 2),,49.0,47.0,"Collin Madson, Isaac Verges, JT Hoytink, Jameer Barker, Richie Warren",15 Evan Bland > Non Possession > Free Throw,,
Carroll (WI) Pioneers,2024-11-12,298,H2,12:16 (H2),Carroll (WI) Pioneers,Eckahelo Simpson,sub_out,Eckahelo Simpson Subs Out,,49.0,47.0,"Collin Madson, Isaac Verges, JT Hoytink, Jameer Barker, Richie Warren",,,
Carroll (WI) Pioneers,2024-11-12,299,H2,12:16 (H2),Carroll (WI) Pioneers,Kobe Simpson,sub_out,Kobe Simpson Subs Out,,49.0,47.0,"Collin Madson, Isaac Verges, JT Hoytink, Jameer Barker, Richie Warren",,,
Carroll (WI) Pioneers,2024-11-12,300,H2,12:16 (H2),UW-Whitewater,Collin Madson,sub_out,Collin Madson Subs Out,,49.0,47.0,"Collin Madson, Isaac Verges, JT Hoytink, Jameer Barker, Richie Warren",,,
Carroll (WI) Pioneers,2024-11-12,301,H2,12:16 (H2),UW-Whitewater,Richie Warren,sub_out,Richie Warren Subs Out,,49.0,47.0,"Collin Madson, Isaac Verges, JT Hoytink, Jameer Barker, Richie Warren",,,
Carroll (WI) Pioneers,2024-11-12,302,H2,12:16 (H2),Carroll (WI) Pioneers,Justin Steinike,sub_in,Justin Steinike Subs In,,49.0,47.0,"Collin Madson, Isaac Verges, JT Hoytink, Jameer Barker, Richie Warren",,,
Carroll (WI) Pioneers,2024-11-12,303,H2,12:16 (H2),Carroll (WI) Pioneers,Jacob Naber,sub_in,Jacob Naber Subs In,,49.0,47.0,"Collin Madson, Isaac Verges, JT Hoytink, Jameer Barker, Richie Warren",,,
Carroll (WI) Pioneers,2024-11-12,304,H2,12:16 (H2),UW-Whitewater,Carter Capstran,sub_in,Carter Capstran Subs In,,49.0,47.0,"Collin Madson, Isaac Verges, JT Hoytink, Jameer Barker, Richie Warren",,,
Carroll (WI) Pioneers,2024-11-12,305,H2,12:16 (H2),UW-Whitewater,Luke Bara,sub_in,Luke Bara Subs In,,49.0,47.0,"Carter Capstran, Isaac Verges, JT Hoytink, Jameer Barker, Luke Bara",,,
Carroll (WI) Pioneers,2024-11-12,306,H2,12:16 (H2),UW-Whitewater,JT Hoytink,missed_shot,JT Hoytink Misses 2PT Layup,2,49.0,47.0,"Carter Capstran, Isaac Verges, JT Hoytink, Jameer Barker, Luke Bara",23 Carter Capstran > Post-Up > Left Block > Right Shoulder > Dribble Move > Defense Commits > Ball Delivered > 14 Jt Hoytink > Spot-Up > Drives Left > To Basket > Miss 2 Pts,,
Carroll (WI) Pioneers,2024-11-12,307,H2,12:16 (H2),UW-Whitewater,Carter Capstran,rebound_offensive,Carter Capstran Offensive Rebound,,49.0,47.0,"Carter Capstran, Isaac Verges, JT Hoytink, Jameer Barker, Luke Bara",,,
Carroll (WI) Pioneers,2024-11-12,308,H2,12:16 (H2),UW-Whitewater,Carter Capstran,made_shot,Carter Capstran Makes 2PT Layup,2,51.0,47.0,"Carter Capstran, Isaac Verges, JT Hoytink, Jameer Barker, Luke Bara",23 Carter Capstran > Offensive Rebound > Short > Scoring Attempt > At Basket > Make 2 Pts,,
Carroll (WI) Pioneers,2024-11-12,309,H2,12:16 (H2),Carroll (WI) Pioneers,Justin Steinike,missed_shot,Justin Steinike Misses 2PT Layup,2,51.0,47.0,"Carter Capstran, Isaac Verges, JT Hoytink, Jameer Barker, Luke Bara",20 Justin Steinike > Spot-Up > Drives Left > To Basket > Miss 2 Pts,,
Carroll (WI) Pioneers,2024-11-12,310,H2,12:16 (H2),UW-Whitewater,JT Hoytink,rebound_defensive,JT Hoytink Defensive Rebound,,51.0,47.0,"Carter Capstran, Isaac Verges, JT Hoytink, Jameer Barker, Luke Bara",,,
Carroll (WI) Pioneers,2024-11-12,311,H2,12:15 (H2),UW-Whitewater,Jameer Barker,made_shot,Jameer Barker Makes 2PT Layup,2,53.0,47.0,"Carter Capstran, Isaac Verges, JT Hoytink, Jameer Barker, Luke Bara",1 Jameer Barker > Hand Off > From Dribble > Left > To Basket > Make 2 Pts Foul > 1 Pts,,
Carroll (WI) Pioneers,2024-11-12,312,H2,12:15 (H2),Carroll (WI) Pioneers,Lamar Smith,foul,Lamar Smith Commits Personal Foul,,53.0,47.0,"Carter Capstran, Isaac Verges, JT Hoytink, Jameer Barker, Luke Bara",,,
Carroll (WI) Pioneers,2024-11-12,313,H2,12:15 (H2),UW-Whitewater,Jameer Barker,free_throw_made,Jameer Barker Makes Free Throw (1 of 1),,54.0,47.0,"Carter Capstran, Isaac Verges, JT Hoytink, Jameer Barker, Luke Bara",1 Jameer Barker > Non Possession > Free Throw,,
Carroll (WI) Pioneers,2024-11-12,314,H2,12:15 (H2),Carroll (WI) Pioneers,Lamar Smith,sub_out,Lamar Smith Subs Out,,54.0,47.0,"Carter Capstran, Isaac Verges, JT Hoytink, Jameer Barker, Luke Bara",,,
Carroll (WI) Pioneers,2024-11-12,315,H2,12:15 (H2),Carroll (WI) Pioneers,Erik Victorson,sub_in,Erik Victorson Subs In,,54.0,47.0,"Carter Capstran, Isaac Verges, JT Hoytink, Jameer Barker, Luke Bara",,,
Carroll (WI) Pioneers,2024-11-12,316,H2,11:58 (H2),Carroll (WI) Pioneers,Evan Bland,missed_shot,Evan Bland Misses 2PT Layup (Blocked),2,54.0,47.0,"Carter Capstran, Isaac Verges, JT Hoytink, Jameer Barker, Luke Bara",15 Evan Bland > Hand Off > From Dribble > Top > To Basket > Miss 2 Pts,,
Carroll (WI) Pioneers,2024-11-12,317,H2,11:58 (H2),UW-Whitewater,Carter Capstran,block,Carter Capstran Blocks,,54.0,47.0,"Carter Capstran, Isaac Verges, JT Hoytink, Jameer Barker, Luke Bara",,,
Carroll (WI) Pioneers,2024-11-12,318,H2,11:52 (H2),Carroll (WI) Pioneers,,team_deadball_rebound_offensive,Offensive Rebound,,54.0,47.0,"Carter Capstran, Isaac Verges, JT Hoytink, Jameer Barker, Luke Bara",,,
Carroll (WI) Pioneers,2024-11-12,319,H2,11:51 (H2),Carroll (WI) Pioneers,Evan Bland,turnover,Evan Bland Turnover (Bad Pass),,54.0,47.0,"Carter Capstran, Isaac Verges, JT Hoytink, Jameer Barker, Luke Bara",15 Evan Bland > Hand Off > From Dribble > Left > Turnover,,
Carroll (WI) Pioneers,2024-11-12,320,H2,11:51 (H2),UW-Whitewater,Isaac Verges,steal,Isaac Verges Steals,,54.0,47.0,"Carter Capstran, Isaac Verges, JT Hoytink, Jameer Barker, Luke Bara",,,
Carroll (WI) Pioneers,2024-11-12,321,H2,11:32 (H2),Carroll (WI) Pioneers,Evan Bland,foul,Evan Bland Commits Personal Foul,,54.0,47.0,"Carter Capstran, Isaac Verges, JT Hoytink, Jameer Barker, Luke Bara",32 Luke Bara > Non Possession > Non Shooting Foul,,
Carroll (WI) Pioneers,2024-11-12,322,H2,11:18 (H2),Carroll (WI) Pioneers,Evan Bland,sub_out,Evan Bland Subs Out,,54.0,47.0,"Carter Capstran, Isaac Verges, JT Hoytink, Jameer Barker, Luke Bara",,,
Carroll (WI) Pioneers,2024-11-12,323,H2,11:18 (H2),Carroll (WI) Pioneers,Kobe Simpson,sub_in,Kobe Simpson Subs In,,54.0,47.0,"Carter Capstran, Isaac Verges, JT Hoytink, Jameer Barker, Luke Bara",,,
Carroll (WI) Pioneers,2024-11-12,324,H2,11:04 (H2),UW-Whitewater,Luke Bara,missed_shot,Luke Bara Misses 3PT Jump Shot,3,54.0,47.0,"Carter Capstran, Isaac Verges, JT Hoytink, Jameer Barker, Luke Bara",32 Luke Bara > P&R Ball Handler > High P&R > Dribble Off Pick > Dribble Jumper > Long/3pt > Miss 3 Pts,,
Carroll (WI) Pioneers,2024-11-12,325,H2,11:00 (H2),Carroll (WI) Pioneers,Kobe Simpson,rebound_defensive,Kobe Simpson Defensive Rebound,,54.0,47.0,"Carter Capstran, Isaac Verges, JT Hoytink, Jameer Barker, Luke Bara",,,
Carroll (WI) Pioneers,2024-11-12,326,H2,11:00 (H2),UW-Whitewater,JT Hoytink,foul,JT Hoytink Commits Personal Foul,,54.0,47.0,"Carter Capstran, Isaac Verges, JT Hoytink, Jameer Barker, Luke Bara",22 Dom Burns > Non Possession > Non Shooting Foul,,
Carroll (WI) Pioneers,2024-11-12,327,H2,10:52 (H2),UW-Whitewater,Isaac Verges,sub_out,Isaac Verges Subs Out,,54.0,47.0,"Carter Capstran, Isaac Verges, JT Hoytink, Jameer Barker, Luke Bara",,,
Carroll (WI) Pioneers,2024-11-12,328,H2,10:52 (H2),UW-Whitewater,Jake Quast,sub_in,Jake Quast Subs In,,54.0,47.0,"Carter Capstran, JT Hoytink, Jake Quast, Jameer Barker, Luke Bara",,,
Carroll (WI) Pioneers,2024-11-12,329,H2,10:19 (H2),Carroll (WI) Pioneers,Jacob Naber,missed_shot,Jacob Naber Misses 2PT Layup,2,54.0,47.0,"Carter Capstran, JT Hoytink, Jake Quast, Jameer Barker, Luke Bara",41 Jacob Naber > Post-Up > Right Block > Right Shoulder > Dribble Move > To Basket > Miss 2 Pts,,
Carroll (WI) Pioneers,2024-11-12,330,H2,10:13 (H2),UW-Whitewater,Carter Capstran,rebound_defensive,Carter Capstran Defensive Rebound,,54.0,47.0,"Carter Capstran, JT Hoytink, Jake Quast, Jameer Barker, Luke Bara",,,
Carroll (WI) Pioneers,2024-11-12,331,H2,09:58 (H2),Carroll (WI) Pioneers,Jacob Naber,foul,Jacob Naber Commits Personal Foul,,54.0,47.0,"Carter Capstran, JT Hoytink, Jake Quast, Jameer Barker, Luke Bara",1 Jameer Barker > Spot-Up > Drives Left > To Basket > Foul,,
Carroll (WI) Pioneers,2024-11-12,332,H2,09:57 (H2),UW-Whitewater,Jameer Barker,free_throw_missed,Jameer Barker Misses Free Throw (1 of 2),,54.0,47.0,"Carter Capstran, JT Hoytink, Jake Quast, Jameer Barker, Luke Bara",1 Jameer Barker > Non Possession > Free Throw,,
Carroll (WI) Pioneers,2024-11-12,333,H2,09:57 (H2),UW-Whitewater,Wis.-Whitewater,team_deadball_rebound_offensive,Wis.-Whitewater Offensive Deadball Rebound,,54.0,47.0,"Carter Capstran, JT Hoytink, Jake Quast, Jameer Barker, Luke Bara",,,
Carroll (WI) Pioneers,2024-11-12,334,H2,09:56 (H2),UW-Whitewater,Jameer Barker,free_throw_made,Jameer Barker Makes Free Throw (2 of 2),,55.0,47.0,"Carter Capstran, JT Hoytink, Jake Quast, Jameer Barker, Luke Bara",1 Jameer Barker > Non Possession > Free Throw,,
Carroll (WI) Pioneers,2024-11-12,335,H2,09:45 (H2),Carroll (WI) Pioneers,Erik Victorson,missed_shot,Erik Victorson Misses 3PT Jump Shot,3,55.0,47.0,"Carter Capstran, JT Hoytink, Jake Quast, Jameer Barker, Luke Bara",34 Erik Victorson > Hand Off > From Stationary > Top > No Dribble Jumper > Guarded > Long/3pt > Miss 3 Pts,,
Carroll (WI) Pioneers,2024-11-12,336,H2,09:39 (H2),UW-Whitewater,,team_deadball_rebound_defensive,Defensive Rebound,,55.0,47.0,"Carter Capstran, JT Hoytink, Jake Quast, Jameer Barker, Luke Bara",,,
Carroll (WI) Pioneers,2024-11-12,337,H2,09:19 (H2),UW-Whitewater,Luke Bara,turnover,Luke Bara Turnover (Bad Pass),,55.0,47.0,"Carter Capstran, JT Hoytink, Jake Quast, Jameer Barker, Luke Bara",32 Luke Bara > Off Screen > To Shooter's Left > Straight > Turnover,,
Carroll (WI) Pioneers,2024-11-12,338,H2,09:19 (H2),Carroll (WI) Pioneers,Dom Burns,steal,Dom Burns Steals,,55.0,47.0,"Carter Capstran, JT Hoytink, Jake Quast, Jameer Barker, Luke Bara",,,
Carroll (WI) Pioneers,2024-11-12,339,H2,09:10 (H2),UW-Whitewater,JT Hoytink,foul,JT Hoytink Commits Personal Foul,,55.0,47.0,"Carter Capstran, JT Hoytink, Jake Quast, Jameer Barker, Luke Bara",22 Dom Burns > Transition > Ballhandler > To Basket > Foul,,
Carroll (WI) Pioneers,2024-11-12,340,H2,09:07 (H2),Carroll (WI) Pioneers,Dom Burns,free_throw_made,Dom Burns Makes Free Throw (1 of 2),,55.0,48.0,"Carter Capstran, JT Hoytink, Jake Quast, Jameer Barker, Luke Bara",22 Dom Burns > Non Possession > Free Throw,,
Carroll (WI) Pioneers,2024-11-12,341,H2,09:07 (H2),Carroll (WI) Pioneers,Dom Burns,free_throw_made,Dom Burns Makes Free Throw (2 of 2),,55.0,49.0,"Carter Capstran, JT Hoytink, Jake Quast, Jameer Barker, Luke Bara",22 Dom Burns > Non Possession > Free Throw,,
Carroll (WI) Pioneers,2024-11-12,342,H2,09:07 (H2),UW-Whitewater,Luke Bara,missed_shot,Luke Bara Misses 2PT Jump Shot,2,55.0,49.0,"Carter Capstran, JT Hoytink, Jake Quast, Jameer Barker, Luke Bara",32 Luke Bara > P&R Ball Handler > High P&R > Dribble Off Pick > Dribble Jumper > Medium/17' to <3p > Miss 2 Pts,,
Carroll (WI) Pioneers,2024-11-12,343,H2,09:07 (H2),Carroll (WI) Pioneers,Jacob Naber,rebound_defensive,Jacob Naber Defensive Rebound,,55.0,49.0,"Carter Capstran, JT Hoytink, Jake Quast, Jameer Barker, Luke Bara",,,
Carroll (WI) Pioneers,2024-11-12,344,H2,09:07 (H2),Carroll (WI) Pioneers,Jacob Naber,made_shot,Jacob Naber Makes 2PT Layup,2,55.0,51.0,"Carter Capstran, JT Hoytink, Jake Quast, Jameer Barker, Luke Bara",41 Jacob Naber > Transition > First Middle > To Basket > Make 2 Pts,,
Carroll (WI) Pioneers,2024-11-12,345,H2,09:07 (H2),Carroll (WI) Pioneers,Kobe Simpson,assist,Kobe Simpson Assists,,55.0,51.0,"Carter Capstran, JT Hoytink, Jake Quast, Jameer Barker, Luke Bara",,,
Carroll (WI) Pioneers,2024-11-12,346,H2,09:02 (H2),UW-Whitewater,,timeout,Wis.-Whitewater Timeout,,55.0,51.0,"Carter Capstran, JT Hoytink, Jake Quast, Jameer Barker, Luke Bara",,,
Carroll (WI) Pioneers,2024-11-12,347,H2,08:08 (H2),UW-Whitewater,Carter Capstran,made_shot,Carter Capstran Makes 2PT Layup,2,57.0,51.0,"Carter Capstran, JT Hoytink, Jake Quast, Jameer Barker, Luke Bara",1 Jameer Barker > Post-Up > Right Block > Right Shoulder > Dribble Move > Defense Commits > Ball Delivered > 23 Carter Capstran > Cut > Basket > Make 2 Pts,,
Carroll (WI) Pioneers,2024-11-12,348,H2,08:08 (H2),UW-Whitewater,Jameer Barker,assist,Jameer Barker Assists,,57.0,51.0,"Carter Capstran, JT Hoytink, Jake Quast, Jameer Barker, Luke Bara",,,
Carroll (WI) Pioneers,2024-11-12,349,H2,08:04 (H2),UW-Whitewater,JT Hoytink,foul,JT Hoytink Commits Personal Foul,,57.0,51.0,"Carter Capstran, JT Hoytink, Jake Quast, Jameer Barker, Luke Bara",12 Kobe Simpson > P&R Ball Handler > High P&R > Dribble Off Pick > Foul,,
Carroll (WI) Pioneers,2024-11-12,350,H2,07:55 (H2),Carroll (WI) Pioneers,Kobe Simpson,free_throw_missed,Kobe Simpson Misses Free Throw (1 of 1),,57.0,51.0,"Carter Capstran, JT Hoytink, Jake Quast, Jameer Barker, Luke Bara",12 Kobe Simpson > Non Possession > Free Throw,,
Carroll (WI) Pioneers,2024-11-12,351,H2,07:52 (H2),UW-Whitewater,Luke Bara,rebound_defensive,Luke Bara Defensive Rebound,,57.0,51.0,"Carter Capstran, JT Hoytink, Jake Quast, Jameer Barker, Luke Bara",,,
Carroll (WI) Pioneers,2024-11-12,352,H2,07:28 (H2),UW-Whitewater,Carter Capstran,made_shot,Carter Capstran Makes 2PT Layup,2,59.0,51.0,"Carter Capstran, JT Hoytink, Jake Quast, Jameer Barker, Luke Bara",23 Carter Capstran > Cut > Basket > Make 2 Pts,,
Carroll (WI) Pioneers,2024-11-12,353,H2,07:28 (H2),UW-Whitewater,Jameer Barker,assist,Jameer Barker Assists,,59.0,51.0,"Carter Capstran, JT Hoytink, Jake Quast, Jameer Barker, Luke Bara",,,
Carroll (WI) Pioneers,2024-11-12,354,H2,07:03 (H2),Carroll (WI) Pioneers,Jacob Naber,made_shot,Jacob Naber Makes 2PT Jump Shot,2,59.0,53.0,"Carter Capstran, JT Hoytink, Jake Quast, Jameer Barker, Luke Bara",41 Jacob Naber > Post-Up > Left Block > Right Shoulder > Dribble Move > To Jumper > Make 2 Pts,,
Carroll (WI) Pioneers,2024-11-12,355,H2,06:33 (H2),UW-Whitewater,Jameer Barker,missed_shot,Jameer Barker Misses 2PT Layup,2,59.0,53.0,"Carter Capstran, JT Hoytink, Jake Quast, Jameer Barker, Luke Bara",1 Jameer Barker > P&R Ball Handler > High P&R > Dribble Off Pick > To Basket > Miss 2 Pts,,
Carroll (WI) Pioneers,2024-11-12,356,H2,06:30 (H2),Carroll (WI) Pioneers,Jacob Naber,rebound_defensive,Jacob Naber Defensive Rebound,,59.0,53.0,"Carter Capstran, JT Hoytink, Jake Quast, Jameer Barker, Luke Bara",,,
Carroll (WI) Pioneers,2024-11-12,357,H2,06:27 (H2),Carroll (WI) Pioneers,Dom Burns,missed_shot,Dom Burns Misses 3PT Jump Shot,3,59.0,53.0,"Carter Capstran, JT Hoytink, Jake Quast, Jameer Barker, Luke Bara",22 Dom Burns > Transition > Right Wing > No Dribble Jumper > Open > Long/3pt > Miss 3 Pts,,
Carroll (WI) Pioneers,2024-11-12,358,H2,06:20 (H2),UW-Whitewater,Luke Bara,rebound_defensive,Luke Bara Defensive Rebound,,59.0,53.0,"Carter Capstran, JT Hoytink, Jake Quast, Jameer Barker, Luke Bara",,,
Carroll (WI) Pioneers,2024-11-12,359,H2,05:59 (H2),UW-Whitewater,JT Hoytink,missed_shot,JT Hoytink Misses 2PT Jump Shot,2,59.0,53.0,"Carter Capstran, JT Hoytink, Jake Quast, Jameer Barker, Luke Bara",14 Jt Hoytink > ISO > Top > Drives Right > Dribble Jumper > Medium/17' to <3p > Miss 2 Pts,,
Carroll (WI) Pioneers,2024-11-12,360,H2,05:55 (H2),UW-Whitewater,Carter Capstran,rebound_offensive,Carter Capstran Offensive Rebound,,59.0,53.0,"Carter Capstran, JT Hoytink, Jake Quast, Jameer Barker, Luke Bara",,,
Carroll (WI) Pioneers,2024-11-12,361,H2,05:41 (H2),UW-Whitewater,JT Hoytink,made_shot,JT Hoytink Makes 2PT Layup,2,61.0,53.0,"Carter Capstran, JT Hoytink, Jake Quast, Jameer Barker, Luke Bara",14 Jt Hoytink > Spot-Up > Drives Left > To Basket > Make 2 Pts,,
Carroll (WI) Pioneers,2024-11-12,362,H2,05:39 (H2),UW-Whitewater,,timeout,Wis.-Whitewater Timeout,,61.0,53.0,"Carter Capstran, JT Hoytink, Jake Quast, Jameer Barker, Luke Bara",,,
Carroll (WI) Pioneers,2024-11-12,363,H2,05:39 (H2),Carroll (WI) Pioneers,Justin Steinike,sub_out,Justin Steinike Subs Out,,61.0,53.0,"Carter Capstran, JT Hoytink, Jake Quast, Jameer Barker, Luke Bara",,,
Carroll (WI) Pioneers,2024-11-12,364,H2,05:39 (H2),Carroll (WI) Pioneers,Dom Burns,sub_out,Dom Burns Subs Out,,61.0,53.0,"Carter Capstran, JT Hoytink, Jake Quast, Jameer Barker, Luke Bara",,,
Carroll (WI) Pioneers,2024-11-12,365,H2,05:39 (H2),UW-Whitewater,Jameer Barker,sub_out,Jameer Barker Subs Out,,61.0,53.0,"Carter Capstran, JT Hoytink, Jake Quast, Jameer Barker, Luke Bara",,,
Carroll (WI) Pioneers,2024-11-12,366,H2,05:39 (H2),UW-Whitewater,Luke Bara,sub_out,Luke Bara Subs Out,,61.0,53.0,"Carter Capstran, JT Hoytink, Jake Quast, Jameer Barker, Luke Bara",,,
Carroll (WI) Pioneers,2024-11-12,367,H2,05:39 (H2),Carroll (WI) Pioneers,Eckahelo Simpson,sub_in,Eckahelo Simpson Subs In,,61.0,53.0,"Carter Capstran, JT Hoytink, Jake Quast, Jameer Barker, Luke Bara",,,
Carroll (WI) Pioneers,2024-11-12,368,H2,05:39 (H2),Carroll (WI) Pioneers,Lamar Smith,sub_in,Lamar Smith Subs In,,61.0,53.0,"Carter Capstran, JT Hoytink, Jake Quast, Jameer Barker, Luke Bara",,,
Carroll (WI) Pioneers,2024-11-12,369,H2,05:39 (H2),UW-Whitewater,Isaac Verges,sub_in,Isaac Verges Subs In,,61.0,53.0,"Carter Capstran, JT Hoytink, Jake Quast, Jameer Barker, Luke Bara",,,
Carroll (WI) Pioneers,2024-11-12,370,H2,05:39 (H2),UW-Whitewater,Collin Madson,sub_in,Collin Madson Subs In,,61.0,53.0,"Carter Capstran, Collin Madson, Isaac Verges, JT Hoytink, Jake Quast",,,
Carroll (WI) Pioneers,2024-11-12,371,H2,05:27 (H2),Carroll (WI) Pioneers,Jacob Naber,made_shot,Jacob Naber Makes 2PT Layup,2,61.0,55.0,"Carter Capstran, Collin Madson, Isaac Verges, JT Hoytink, Jake Quast",41 Jacob Naber > Cut > Basket > Make 2 Pts,,
Carroll (WI) Pioneers,2024-11-12,372,H2,05:27 (H2),Carroll (WI) Pioneers,Eckahelo Simpson,assist,Eckahelo Simpson Assists,,61.0,55.0,"Carter Capstran, Collin Madson, Isaac Verges, JT Hoytink, Jake Quast",,,
Carroll (WI) Pioneers,2024-11-12,373,H2,05:01 (H2),UW-Whitewater,Carter Capstran,missed_shot,Carter Capstran Misses 2PT Layup,2,61.0,55.0,"Carter Capstran, Collin Madson, Isaac Verges, JT Hoytink, Jake Quast",23 Carter Capstran > Post-Up > Left Block > Left Shoulder > Dribble Move > To Hook > Miss 2 Pts,,
Carroll (WI) Pioneers,2024-11-12,374,H2,04:55 (H2),UW-Whitewater,,team_deadball_rebound_offensive,Offensive Rebound,,61.0,55.0,"Carter Capstran, Collin Madson, Isaac Verges, JT Hoytink, Jake Quast",,,
Carroll (WI) Pioneers,2024-11-12,375,H2,04:55 (H2),UW-Whitewater,Jake Quast,sub_out,Jake Quast Subs Out,,61.0,55.0,"Carter Capstran, Collin Madson, Isaac Verges, JT Hoytink, Jake Quast",,,
Carroll (WI) Pioneers,2024-11-12,376,H2,04:55 (H2),UW-Whitewater,Jameer Barker,sub_in,Jameer Barker Subs In,,61.0,55.0,"Carter Capstran, Collin Madson, Isaac Verges, JT Hoytink, Jameer Barker",,,
Carroll (WI) Pioneers,2024-11-12,377,H2,04:55 (H2),Carroll (WI) Pioneers,Erik Victorson,foul,Erik Victorson Commits Personal Foul,,61.0,55.0,"Carter Capstran, Collin Madson, Isaac Verges, JT Hoytink, Jameer Barker",14 Jt Hoytink > Non Possession > Non Shooting Foul,,
Carroll (WI) Pioneers,2024-11-12,378,H2,04:44 (H2),UW-Whitewater,Jameer Barker,turnover,Jameer Barker Turnover (Lost Ball),,61.0,55.0,"Carter Capstran, Collin Madson, Isaac Verges, JT Hoytink, Jameer Barker",1 Jameer Barker > P&R Ball Handler > Left P&R > Side > Dribble Off Pick > To Basket > Turnover,,
Carroll (WI) Pioneers,2024-11-12,379,H2,04:44 (H2),Carroll (WI) Pioneers,Lamar Smith,steal,Lamar Smith Steals,,61.0,55.0,"Carter Capstran, Collin Madson, Isaac Verges, JT Hoytink, Jameer Barker",,,
Carroll (WI) Pioneers,2024-11-12,380,H2,04:32 (H2),Carroll (WI) Pioneers,Jacob Naber,turnover,Jacob Naber Turnover (Bad Pass),,61.0,55.0,"Carter Capstran, Collin Madson, Isaac Verges, JT Hoytink, Jameer Barker",41 Jacob Naber > Transition > Trailer > Turnover,,
Carroll (WI) Pioneers,2024-11-12,381,H2,04:32 (H2),UW-Whitewater,Isaac Verges,steal,Isaac Verges Steals,,61.0,55.0,"Carter Capstran, Collin Madson, Isaac Verges, JT Hoytink, Jameer Barker",,,
Carroll (WI) Pioneers,2024-11-12,382,H2,04:28 (H2),UW-Whitewater,Isaac Verges,made_shot,Isaac Verges Makes 2PT Layup,2,63.0,55.0,"Carter Capstran, Collin Madson, Isaac Verges, JT Hoytink, Jameer Barker",0 Isaac Verges > Transition > Ballhandler > To Basket > Make 2 Pts,,
Carroll (WI) Pioneers,2024-11-12,383,H2,04:19 (H2),Carroll (WI) Pioneers,Erik Victorson,missed_shot,Erik Victorson Misses 3PT Jump Shot,3,63.0,55.0,"Carter Capstran, Collin Madson, Isaac Verges, JT Hoytink, Jameer Barker",34 Erik Victorson > P&R Ball Handler > Left P&R > Baseline > Dribble Off Pick > Dribble Jumper > Long/3pt > Miss 3 Pts,,
Carroll (WI) Pioneers,2024-11-12,384,H2,04:15 (H2),Carroll (WI) Pioneers,Jacob Naber,rebound_offensive,Jacob Naber Offensive Rebound,,63.0,55.0,"Carter Capstran, Collin Madson, Isaac Verges, JT Hoytink, Jameer Barker",,,
Carroll (WI) Pioneers,2024-11-12,385,H2,04:14 (H2),Carroll (WI) Pioneers,Jacob Naber,made_shot,Jacob Naber Makes 2PT Layup,2,63.0,57.0,"Carter Capstran, Collin Madson, Isaac Verges, JT Hoytink, Jameer Barker",41 Jacob Naber > Offensive Rebound > Short > Scoring Attempt > At Basket > Make 2 Pts,,
Carroll (WI) Pioneers,2024-11-12,386,H2,03:54 (H2),Carroll (WI) Pioneers,,jump_ball_held,Jump Ball (Held Ball),,63.0,57.0,"Carter Capstran, Collin Madson, Isaac Verges, JT Hoytink, Jameer Barker",,,
Carroll (WI) Pioneers,2024-11-12,387,H2,03:54 (H2),UW-Whitewater,,jump_ball_held,Jump Ball (Held Ball),,63.0,57.0,"Carter Capstran, Collin Madson, Isaac Verges, JT Hoytink, Jameer Barker",,,
Carroll (WI) Pioneers,2024-11-12,388,H2,03:54 (H2),UW-Whitewater,Jameer Barker,turnover,Jameer Barker Turnover (Lost Ball),,63.0,57.0,"Carter Capstran, Collin Madson, Isaac Verges, JT Hoytink, Jameer Barker",1 Jameer Barker > P&R Ball Handler > High P&R > Dribble Off Pick > Defense Commits > Turnover,,
Carroll (WI) Pioneers,2024-11-12,389,H2,03:54 (H2),Carroll (WI) Pioneers,Eckahelo Simpson,steal,Eckahelo Simpson Steals,,63.0,57.0,"Carter Capstran, Collin Madson, Isaac Verges, JT Hoytink, Jameer Barker",,,
Carroll (WI) Pioneers,2024-11-12,390,H2,03:54 (H2),Carroll (WI) Pioneers,Lamar Smith,sub_out,Lamar Smith Subs Out,,63.0,57.0,"Carter Capstran, Collin Madson, Isaac Verges, JT Hoytink, Jameer Barker",,,
Carroll (WI) Pioneers,2024-11-12,391,H2,03:54 (H2),UW-Whitewater,Jameer Barker,sub_out,Jameer Barker Subs Out,,63.0,57.0,"Carter Capstran, Collin Madson, Isaac Verges, JT Hoytink, Jameer Barker",,,
Carroll (WI) Pioneers,2024-11-12,392,H2,03:54 (H2),UW-Whitewater,Luke Bara,sub_in,Luke Bara Subs In,,63.0,57.0,"Carter Capstran, Collin Madson, Isaac Verges, JT Hoytink, Luke Bara",,,
Carroll (WI) Pioneers,2024-11-12,393,H2,03:54 (H2),Carroll (WI) Pioneers,Justin Steinike,sub_in,Justin Steinike Subs In,,63.0,57.0,"Carter Capstran, Collin Madson, Isaac Verges, JT Hoytink, Luke Bara",,,
Carroll (WI) Pioneers,2024-11-12,394,H2,03:48 (H2),Carroll (WI) Pioneers,Erik Victorson,made_shot,Erik Victorson Makes 3PT Jump Shot,3,63.0,60.0,"Carter Capstran, Collin Madson, Isaac Verges, JT Hoytink, Luke Bara",34 Erik Victorson > Hand Off > From Stationary > Top > Dribble Jumper > Long/3pt > Make 3 Pts Foul > 0 Pts,,
Carroll (WI) Pioneers,2024-11-12,395,H2,03:48 (H2),Carroll (WI) Pioneers,Jacob Naber,assist,Jacob Naber Assists,,63.0,60.0,"Carter Capstran, Collin Madson, Isaac Verges, JT Hoytink, Luke Bara",,,
Carroll (WI) Pioneers,2024-11-12,396,H2,03:46 (H2),UW-Whitewater,Isaac Verges,foul,Isaac Verges Commits Personal Foul,,63.0,60.0,"Carter Capstran, Collin Madson, Isaac Verges, JT Hoytink, Luke Bara",,,
Carroll (WI) Pioneers,2024-11-12,397,H2,03:46 (H2),Carroll (WI) Pioneers,Erik Victorson,free_throw_missed,Erik Victorson Misses Free Throw (1 of 1),,63.0,60.0,"Carter Capstran, Collin Madson, Isaac Verges, JT Hoytink, Luke Bara",34 Erik Victorson > Non Possession > Free Throw,,
Carroll (WI) Pioneers,2024-11-12,398,H2,03:46 (H2),Carroll (WI) Pioneers,Jacob Naber,rebound_offensive,Jacob Naber Offensive Rebound,,63.0,60.0,"Carter Capstran, Collin Madson, Isaac Verges, JT Hoytink, Luke Bara",,,
Carroll (WI) Pioneers,2024-11-12,399,H2,03:46 (H2),Carroll (WI) Pioneers,Jacob Naber,missed_shot,Jacob Naber Misses 2PT Layup,2,63.0,60.0,"Carter Capstran, Collin Madson, Isaac Verges, JT Hoytink, Luke Bara",41 Jacob Naber > Offensive Rebound > Short > Scoring Attempt > Short to < 17' > Miss 2 Pts,,
Carroll (WI) Pioneers,2024-11-12,400,H2,03:46 (H2),UW-Whitewater,Carter Capstran,rebound_defensive,Carter Capstran Defensive Rebound,,63.0,60.0,"Carter Capstran, Collin Madson, Isaac Verges, JT Hoytink, Luke Bara",,,
Carroll (WI) Pioneers,2024-11-12,401,H2,03:31 (H2),UW-Whitewater,Carter Capstran,made_shot,Carter Capstran Makes 2PT Jump Shot,2,65.0,60.0,"Carter Capstran, Collin Madson, Isaac Verges, JT Hoytink, Luke Bara",23 Carter Capstran > Post-Up > Right Block > Left Shoulder > Dribble Move > To Jumper > Make 2 Pts,,
Carroll (WI) Pioneers,2024-11-12,402,H2,03:16 (H2),Carroll (WI) Pioneers,Kobe Simpson,made_shot,Kobe Simpson Makes 2PT Layup,2,65.0,62.0,"Carter Capstran, Collin Madson, Isaac Verges, JT Hoytink, Luke Bara",12 Kobe Simpson > P&R Ball Handler > High P&R > Go Away from Pick > To Basket > Make 2 Pts,,
Carroll (WI) Pioneers,2024-11-12,403,H2,03:13 (H2),Carroll (WI) Pioneers,Kobe Simpson,foul,Kobe Simpson Commits Personal Foul,,65.0,62.0,"Carter Capstran, Collin Madson, Isaac Verges, JT Hoytink, Luke Bara",14 Jt Hoytink > Non Possession > Non Shooting Foul,,
Carroll (WI) Pioneers,2024-11-12,404,H2,03:02 (H2),UW-Whitewater,Isaac Verges,sub_out,Isaac Verges Subs Out,,65.0,62.0,"Carter Capstran, Collin Madson, Isaac Verges, JT Hoytink, Luke Bara",,,
Carroll (WI) Pioneers,2024-11-12,405,H2,03:02 (H2),UW-Whitewater,Collin Madson,sub_out,Collin Madson Subs Out,,65.0,62.0,"Carter Capstran, Collin Madson, Isaac Verges, JT Hoytink, Luke Bara",,,
Carroll (WI) Pioneers,2024-11-12,406,H2,03:02 (H2),UW-Whitewater,Jameer Barker,sub_in,Jameer Barker Subs In,,65.0,62.0,"Carter Capstran, Collin Madson, Isaac Verges, JT Hoytink, Luke Bara",,,
Carroll (WI) Pioneers,2024-11-12,407,H2,03:02 (H2),UW-Whitewater,Jake Quast,sub_in,Jake Quast Subs In,,65.0,62.0,"Carter Capstran, JT Hoytink, Jake Quast, Jameer Barker, Luke Bara",,,
Carroll (WI) Pioneers,2024-11-12,408,H2,02:44 (H2),UW-Whitewater,Luke Bara,missed_shot,Luke Bara Misses 3PT Jump Shot,3,65.0,62.0,"Carter Capstran, JT Hoytink, Jake Quast, Jameer Barker, Luke Bara",32 Luke Bara > Spot-Up > No Dribble Jumper > Guarded > Long/3pt > Miss 3 Pts,,
Carroll (WI) Pioneers,2024-11-12,409,H2,02:40 (H2),UW-Whitewater,Jake Quast,rebound_offensive,Jake Quast Offensive Rebound,,65.0,62.0,"Carter Capstran, JT Hoytink, Jake Quast, Jameer Barker, Luke Bara",,,
Carroll (WI) Pioneers,2024-11-12,410,H2,02:34 (H2),UW-Whitewater,Luke Bara,made_shot,Luke Bara Makes 2PT Layup,2,67.0,62.0,"Carter Capstran, JT Hoytink, Jake Quast, Jameer Barker, Luke Bara",32 Luke Bara > Spot-Up > Drives Right > To Basket > Make 2 Pts,,
Carroll (WI) Pioneers,2024-11-12,411,H2,02:22 (H2),Carroll (WI) Pioneers,Kobe Simpson,made_shot,Kobe Simpson Makes 2PT Layup,2,67.0,64.0,"Carter Capstran, JT Hoytink, Jake Quast, Jameer Barker, Luke Bara",12 Kobe Simpson > P&R Ball Handler > Right P&R > Side > Go Away from Pick > To Basket > Make 2 Pts,,
Carroll (WI) Pioneers,2024-11-12,412,H2,01:55 (H2),UW-Whitewater,JT Hoytink,made_shot,JT Hoytink Makes 2PT Layup,2,69.0,64.0,"Carter Capstran, JT Hoytink, Jake Quast, Jameer Barker, Luke Bara",14 Jt Hoytink > ISO > Right > Drives Left > To Basket > Make 2 Pts,,
Carroll (WI) Pioneers,2024-11-12,413,H2,01:52 (H2),UW-Whitewater,,timeout,Wis.-Whitewater Timeout,,69.0,64.0,"Carter Capstran, JT Hoytink, Jake Quast, Jameer Barker, Luke Bara",,,
Carroll (WI) Pioneers,2024-11-12,414,H2,01:31 (H2),Carroll (WI) Pioneers,Eckahelo Simpson,missed_shot,Eckahelo Simpson Misses 2PT Layup,2,69.0,64.0,"Carter Capstran, JT Hoytink, Jake Quast, Jameer Barker, Luke Bara",10 Eckahelo Simpson > Hand Off > From Dribble > Left > To Basket > Miss 2 Pts,,
Carroll (WI) Pioneers,2024-11-12,415,H2,01:27 (H2),Carroll (WI) Pioneers,Eckahelo Simpson,rebound_offensive,Eckahelo Simpson Offensive Rebound,,69.0,64.0,"Carter Capstran, JT Hoytink, Jake Quast, Jameer Barker, Luke Bara",,,
Carroll (WI) Pioneers,2024-11-12,416,H2,01:27 (H2),Carroll (WI) Pioneers,Eckahelo Simpson,missed_shot,Eckahelo Simpson Misses 2PT Layup,2,69.0,64.0,"Carter Capstran, JT Hoytink, Jake Quast, Jameer Barker, Luke Bara",,,
Carroll (WI) Pioneers,2024-11-12,417,H2,01:27 (H2),Carroll (WI) Pioneers,Jacob Naber,rebound_offensive,Jacob Naber Offensive Rebound,,69.0,64.0,"Carter Capstran, JT Hoytink, Jake Quast, Jameer Barker, Luke Bara",,,
Carroll (WI) Pioneers,2024-11-12,418,H2,01:27 (H2),Carroll (WI) Pioneers,Jacob Naber,made_shot,Jacob Naber Makes 2PT Layup,2,69.0,66.0,"Carter Capstran, JT Hoytink, Jake Quast, Jameer Barker, Luke Bara",41 Jacob Naber > Offensive Rebound > Short > Scoring Attempt > At Basket > Make 2 Pts Foul > 0 Pts,,
Carroll (WI) Pioneers,2024-11-12,419,H2,01:27 (H2),UW-Whitewater,Carter Capstran,foul,Carter Capstran Commits Personal Foul,,69.0,66.0,"Carter Capstran, JT Hoytink, Jake Quast, Jameer Barker, Luke Bara",,,
Carroll (WI) Pioneers,2024-11-12,420,H2,01:27 (H2),Carroll (WI) Pioneers,Jacob Naber,free_throw_missed,Jacob Naber Misses Free Throw (1 of 1),,69.0,66.0,"Carter Capstran, JT Hoytink, Jake Quast, Jameer Barker, Luke Bara",41 Jacob Naber > Non Possession > Free Throw,,
Carroll (WI) Pioneers,2024-11-12,421,H2,01:27 (H2),Carroll (WI) Pioneers,Justin Steinike,rebound_offensive,Justin Steinike Offensive Rebound,,69.0,66.0,"Carter Capstran, JT Hoytink, Jake Quast, Jameer Barker, Luke Bara",,,
Carroll (WI) Pioneers,2024-11-12,422,H2,01:27 (H2),Carroll (WI) Pioneers,Justin Steinike,turnover,Justin Steinike Turnover (Lost Ball),,69.0,66.0,"Carter Capstran, JT Hoytink, Jake Quast, Jameer Barker, Luke Bara",,,
Carroll (WI) Pioneers,2024-11-12,423,H2,01:27 (H2),UW-Whitewater,Jameer Barker,steal,Jameer Barker Steals,,69.0,66.0,"Carter Capstran, JT Hoytink, Jake Quast, Jameer Barker, Luke Bara",,,
Carroll (WI) Pioneers,2024-11-12,424,H2,01:16 (H2),UW-Whitewater,Luke Bara,made_shot,Luke Bara Makes 2PT Layup,2,71.0,66.0,"Carter Capstran, JT Hoytink, Jake Quast, Jameer Barker, Luke Bara",32 Luke Bara > Hand Off > From Dribble > Top > To Basket > Make 2 Pts,,
Carroll (WI) Pioneers,2024-11-12,425,H2,01:01 (H2),Carroll (WI) Pioneers,Jacob Naber,missed_shot,Jacob Naber Misses 2PT Jump Shot,2,71.0,66.0,"Carter Capstran, JT Hoytink, Jake Quast, Jameer Barker, Luke Bara",41 Jacob Naber > Post-Up > Right Block > Left Shoulder > Dribble Move > To Jumper > Miss 2 Pts,,
Carroll (WI) Pioneers,2024-11-12,426,H2,00:58 (H2),UW-Whitewater,Wis.-Whitewater,team_deadball_rebound_defensive,Wis.-Whitewater Defensive Deadball Rebound,,71.0,66.0,"Carter Capstran, JT Hoytink, Jake Quast, Jameer Barker, Luke Bara",,,
Carroll (WI) Pioneers,2024-11-12,427,H2,00:58 (H2),Carroll (WI) Pioneers,Eckahelo Simpson,foul,Eckahelo Simpson Commits Personal Foul,,71.0,66.0,"Carter Capstran, JT Hoytink, Jake Quast, Jameer Barker, Luke Bara",1 Jameer Barker > No Play Type > Foul,,
Carroll (WI) Pioneers,2024-11-12,428,H2,00:58 (H2),UW-Whitewater,Jameer Barker,free_throw_made,Jameer Barker Makes Free Throw (1 of 2),,72.0,66.0,"Carter Capstran, JT Hoytink, Jake Quast, Jameer Barker, Luke Bara",1 Jameer Barker > Non Possession > Free Throw,,
Carroll (WI) Pioneers,2024-11-12,429,H2,00:57 (H2),UW-Whitewater,Jameer Barker,free_throw_missed,Jameer Barker Misses Free Throw (2 of 2),,72.0,66.0,"Carter Capstran, JT Hoytink, Jake Quast, Jameer Barker, Luke Bara",1 Jameer Barker > Non Possession > Free Throw,,
Carroll (WI) Pioneers,2024-11-12,430,H2,00:55 (H2),Carroll (WI) Pioneers,Justin Steinike,rebound_defensive,Justin Steinike Defensive Rebound,,72.0,66.0,"Carter Capstran, JT Hoytink, Jake Quast, Jameer Barker, Luke Bara",,,
Carroll (WI) Pioneers,2024-11-12,431,H2,00:55 (H2),Carroll (WI) Pioneers,Kobe Simpson,turnover,Kobe Simpson Turnover (Lost Ball),,72.0,66.0,"Carter Capstran, JT Hoytink, Jake Quast, Jameer Barker, Luke Bara",12 Kobe Simpson > P&R Ball Handler > High P&R > Dribble Off Pick > Defense Commits > Turnover,,
Carroll (WI) Pioneers,2024-11-12,432,H2,00:55 (H2),UW-Whitewater,Jameer Barker,steal,Jameer Barker Steals,,72.0,66.0,"Carter Capstran, JT Hoytink, Jake Quast, Jameer Barker, Luke Bara",,,
Carroll (WI) Pioneers,2024-11-12,433,H2,00:46 (H2),UW-Whitewater,Jameer Barker,made_shot,Jameer Barker Makes 2PT Layup,2,74.0,66.0,"Carter Capstran, JT Hoytink, Jake Quast, Jameer Barker, Luke Bara",1 Jameer Barker > Transition > Ballhandler > To Basket > Make 2 Pts,,
Carroll (WI) Pioneers,2024-11-12,434,H2,00:37 (H2),Carroll (WI) Pioneers,Erik Victorson,made_shot,Erik Victorson Makes 3PT Jump Shot,3,74.0,69.0,"Carter Capstran, JT Hoytink, Jake Quast, Jameer Barker, Luke Bara",34 Erik Victorson > P&R Ball Handler > Right P&R > Baseline > Dribble Off Pick > Dribble Jumper > Long/3pt > Make 3 Pts,,
Carroll (WI) Pioneers,2024-11-12,435,H2,00:34 (H2),Carroll (WI) Pioneers,,timeout,Carroll (WI) Timeout,,74.0,69.0,"Carter Capstran, JT Hoytink, Jake Quast, Jameer Barker, Luke Bara",,,
Carroll (WI) Pioneers,2024-11-12,436,H2,00:30 (H2),UW-Whitewater,Luke Bara,turnover,Luke Bara Turnover (Bad Pass),,74.0,69.0,"Carter Capstran, JT Hoytink, Jake Quast, Jameer Barker, Luke Bara",32 Luke Bara > No Play Type > Turnover,,
Carroll (WI) Pioneers,2024-11-12,437,H2,00:30 (H2),Carroll (WI) Pioneers,Kobe Simpson,steal,Kobe Simpson Steals,,74.0,69.0,"Carter Capstran, JT Hoytink, Jake Quast, Jameer Barker, Luke Bara",,,
Carroll (WI) Pioneers,2024-11-12,438,H2,00:27 (H2),UW-Whitewater,Jake Quast,foul,Jake Quast Commits Personal Foul,,74.0,69.0,"Carter Capstran, JT Hoytink, Jake Quast, Jameer Barker, Luke Bara",12 Kobe Simpson > Spot-Up > Drives Right > Foul,,
Carroll (WI) Pioneers,2024-11-12,439,H2,00:27 (H2),Carroll (WI) Pioneers,Kobe Simpson,free_throw_made,Kobe Simpson Makes Free Throw (1 of 2),,74.0,70.0,"Carter Capstran, JT Hoytink, Jake Quast, Jameer Barker, Luke Bara",12 Kobe Simpson > Non Possession > Free Throw,,
Carroll (WI) Pioneers,2024-11-12,440,H2,00:27 (H2),Carroll (WI) Pioneers,Kobe Simpson,free_throw_made,Kobe Simpson Makes Free Throw (2 of 2),,74.0,71.0,"Carter Capstran, JT Hoytink, Jake Quast, Jameer Barker, Luke Bara",12 Kobe Simpson > Non Possession > Free Throw,,
Carroll (WI) Pioneers,2024-11-12,441,H2,00:25 (H2),UW-Whitewater,,timeout,Wis.-Whitewater Timeout,,74.0,71.0,"Carter Capstran, JT Hoytink, Jake Quast, Jameer Barker, Luke Bara",,,
Carroll (WI) Pioneers,2024-11-12,442,H2,00:24 (H2),Carroll (WI) Pioneers,Eckahelo Simpson,foul,Eckahelo Simpson Commits Personal Foul,,74.0,71.0,"Carter Capstran, JT Hoytink, Jake Quast, Jameer Barker, Luke Bara",32 Luke Bara > No Play Type > Foul,,
Carroll (WI) Pioneers,2024-11-12,443,H2,00:24 (H2),UW-Whitewater,Luke Bara,free_throw_made,Luke Bara Makes Free Throw (1 of 2),,75.0,71.0,"Carter Capstran, JT Hoytink, Jake Quast, Jameer Barker, Luke Bara",32 Luke Bara > Non Possession > Free Throw,,
Carroll (WI) Pioneers,2024-11-12,444,H2,00:24 (H2),UW-Whitewater,Luke Bara,free_throw_missed,Luke Bara Misses Free Throw (2 of 2),,75.0,71.0,"Carter Capstran, JT Hoytink, Jake Quast, Jameer Barker, Luke Bara",32 Luke Bara > Non Possession > Free Throw,,
Carroll (WI) Pioneers,2024-11-12,445,H2,00:22 (H2),Carroll (WI) Pioneers,Kobe Simpson,rebound_defensive,Kobe Simpson Defensive Rebound,,75.0,71.0,"Carter Capstran, JT Hoytink, Jake Quast, Jameer Barker, Luke Bara",,,
Carroll (WI) Pioneers,2024-11-12,446,H2,00:18 (H2),UW-Whitewater,Jameer Barker,foul,Jameer Barker Commits Personal Foul,,75.0,71.0,"Carter Capstran, JT Hoytink, Jake Quast, Jameer Barker, Luke Bara",12 Kobe Simpson > Transition > Ballhandler > To Basket > Foul,,
Carroll (WI) Pioneers,2024-11-12,447,H2,00:18 (H2),Carroll (WI) Pioneers,Kobe Simpson,free_throw_missed,Kobe Simpson Misses Free Throw (1 of 2),,75.0,71.0,"Carter Capstran, JT Hoytink, Jake Quast, Jameer Barker, Luke Bara",12 Kobe Simpson > Non Possession > Free Throw,,
Carroll (WI) Pioneers,2024-11-12,448,H2,00:18 (H2),Carroll (WI) Pioneers,Carroll (WI),team_deadball_rebound_offensive,Carroll (WI) Offensive Deadball Rebound,,75.0,71.0,"Carter Capstran, JT Hoytink, Jake Quast, Jameer Barker, Luke Bara",,,
Carroll (WI) Pioneers,2024-11-12,449,H2,00:18 (H2),Carroll (WI) Pioneers,Kobe Simpson,free_throw_missed,Kobe Simpson Misses Free Throw (2 of 2),,75.0,71.0,"Carter Capstran, JT Hoytink, Jake Quast, Jameer Barker, Luke Bara",12 Kobe Simpson > Non Possession > Free Throw,,
Carroll (WI) Pioneers,2024-11-12,450,H2,00:16 (H2),UW-Whitewater,Luke Bara,rebound_defensive,Luke Bara Defensive Rebound,,75.0,71.0,"Carter Capstran, JT Hoytink, Jake Quast, Jameer Barker, Luke Bara",,,
Carroll (WI) Pioneers,2024-11-12,451,H2,00:13 (H2),UW-Whitewater,,timeout,Wis.-Whitewater Timeout,,75.0,71.0,"Carter Capstran, JT Hoytink, Jake Quast, Jameer Barker, Luke Bara",,,
Carroll (WI) Pioneers,2024-11-12,452,H2,00:12 (H2),Carroll (WI) Pioneers,Kobe Simpson,foul,Kobe Simpson Commits Personal Foul,,75.0,71.0,"Carter Capstran, JT Hoytink, Jake Quast, Jameer Barker, Luke Bara",1 Jameer Barker > No Play Type > Foul,,
Carroll (WI) Pioneers,2024-11-12,453,H2,00:12 (H2),UW-Whitewater,Jameer Barker,free_throw_made,Jameer Barker Makes Free Throw (1 of 2),,76.0,71.0,"Carter Capstran, JT Hoytink, Jake Quast, Jameer Barker, Luke Bara",1 Jameer Barker > Non Possession > Free Throw,,
Carroll (WI) Pioneers,2024-11-12,454,H2,00:12 (H2),UW-Whitewater,Jameer Barker,free_throw_made,Jameer Barker Makes Free Throw (2 of 2),,77.0,71.0,"Carter Capstran, JT Hoytink, Jake Quast, Jameer Barker, Luke Bara",1 Jameer Barker > Non Possession > Free Throw,,
Carroll (WI) Pioneers,2024-11-12,455,H2,00:07 (H2),Carroll (WI) Pioneers,Erik Victorson,missed_shot,Erik Victorson Misses 3PT Jump Shot,3,77.0,71.0,"Carter Capstran, JT Hoytink, Jake Quast, Jameer Barker, Luke Bara",34 Erik Victorson > P&R Ball Handler > Right P&R > Baseline > Dribble Off Pick > Dribble Jumper > Long/3pt > Miss 3 Pts,,
Carroll (WI) Pioneers,2024-11-12,456,H2,00:04 (H2),Carroll (WI) Pioneers,,team_deadball_rebound_offensive,Offensive Rebound,,77.0,71.0,"Carter Capstran, JT Hoytink, Jake Quast, Jameer Barker, Luke Bara",,,
Carroll (WI) Pioneers,2024-11-12,457,H2,00:03 (H2),Carroll (WI) Pioneers,Erik Victorson,missed_shot,Erik Victorson Misses 3PT Jump Shot,3,77.0,71.0,"Carter Capstran, JT Hoytink, Jake Quast, Jameer Barker, Luke Bara",34 Erik Victorson > Off Screen > To Shooter's Left > Straight > No Dribble Jumper > Open > Long/3pt > Miss 3 Pts,,
Carroll (WI) Pioneers,2024-11-12,458,H2,00:00 (H2),UW-Whitewater,Carter Capstran,rebound_defensive,Carter Capstran Defensive Rebound,,77.0,71.0,"Carter Capstran, JT Hoytink, Jake Quast, Jameer Barker, Luke Bara",,,
Carroll (WI) Pioneers,2024-11-12,459,H2,,,,period_marker,End 2nd Half,,,,"Carter Capstran, JT Hoytink, Jake Quast, Jameer Barker, Luke Bara",,,
