date,opponent,team,location,opponent_url,game_url,video_url,outcome,team_score,opponent_score,point_margin,season,Upcoming
"Tue, Nov 12",Carroll (WI) Pioneers,UW-Whitewater Warhawks,Away,https://fastscout.fastmodelsports.com/teams/nkIaCaMjQNOs1x2nMHrryw?league=NCAAB-III&season=24,https://fastscout.fastmodelsports.com/teams/YNoIeSV6SVujUWWWZIKOxw/games/WGSdS1cSRkOfRxtFZxsrCQ/boxscore?league=NCAAB-III&season=24,https://editor-web.synergysports.com/video?playlistUrl=https%3a%2f%2fbasketball.synergysportstech.com%2fapi%2fgames%2f67106c2615762e6831296a63%2ffullgamevideo%2fclips,W,77.0,71.0,6.0,2024-25,No
"Fri, Nov 15",Cornell College Rams,UW-Whitewater Warhawks,Neutral Court,https://fastscout.fastmodelsports.com/teams/4xC2EB-cSCSeH09BFgahlw?league=NCAAB-III&season=24,https://fastscout.fastmodelsports.com/teams/YNoIeSV6SVujUWWWZIKOxw/games/Uau5Vs0IQmu6dWNpxpwI6Q/boxscore?league=NCAAB-III&season=24,https://editor-web.synergysports.com/video?playlistUrl=https%3a%2f%2fbasketball.synergysportstech.com%2fapi%2fgames%2f67102d959d7f7e6c37eb9562%2ffullgamevideo%2fclips,L,73.0,75.0,-2.0,2024-25,No
"Sat, Nov 16",St. Olaf Oles,UW-Whitewater Warhawks,Neutral Court,https://fastscout.fastmodelsports.com/teams/ayHbTP7lQaebm2Zgj5kGjg?league=NCAAB-III&season=24,https://fastscout.fastmodelsports.com/teams/YNoIeSV6SVujUWWWZIKOxw/games/WgmLVKbYTbqY5GqRFnmdeQ/boxscore?league=NCAAB-III&season=24,https://editor-web.synergysports.com/video?playlistUrl=https%3a%2f%2fbasketball.synergysportstech.com%2fapi%2fgames%2f673a2cd74d3b354fabe29490%2ffullgamevideo%2fclips,W,83.0,80.0,3.0,2024-25,No
"Wed, Nov 20",Aurora Spartans,UW-Whitewater Warhawks,Away,https://fastscout.fastmodelsports.com/teams/UxiGqKUrSCmXR4N-1svMtA?league=NCAAB-III&season=24,https://fastscout.fastmodelsports.com/teams/YNoIeSV6SVujUWWWZIKOxw/games/aVTDZ8sJRIifGwn58xxQ9g/boxscore?league=NCAAB-III&season=24,https://editor-web.synergysports.com/video?playlistUrl=https%3a%2f%2fbasketball.synergysportstech.com%2fapi%2fgames%2f67102d959d7f7e6c37eb9563%2ffullgamevideo%2fclips,W,75.0,72.0,3.0,2024-25,No
"Sat, Nov 23",Coe Kohawks,UW-Whitewater Warhawks,Home,https://fastscout.fastmodelsports.com/teams/jXGQW7S_QkGvOZlY68lfbQ?league=NCAAB-III&season=24,https://fastscout.fastmodelsports.com/teams/YNoIeSV6SVujUWWWZIKOxw/games/O5rC_UDNReig9Y6LSEckag/boxscore?league=NCAAB-III&season=24,https://editor-web.synergysports.com/video?playlistUrl=https%3a%2f%2fbasketball.synergysportstech.com%2fapi%2fgames%2f67102d959d7f7e6c37eb9564%2ffullgamevideo%2fclips,L,60.0,74.0,-14.0,2024-25,No
"Sat, Nov 30",Carthage Firebirds,UW-Whitewater Warhawks,Home,https://fastscout.fastmodelsports.com/teams/m-qFKRiOTEmVlbB_2f3l6Q?league=NCAAB-III&season=24,https://fastscout.fastmodelsports.com/teams/YNoIeSV6SVujUWWWZIKOxw/games/ahmt27WTSMOU-WnmHAmVug/boxscore?league=NCAAB-III&season=24,https://editor-web.synergysports.com/video?playlistUrl=https%3a%2f%2fbasketball.synergysportstech.com%2fapi%2fgames%2f67107332232eae0114c6412f%2ffullgamevideo%2fclips,L,63.0,69.0,-6.0,2024-25,No
"Fri, Dec 6",Hope Flying Dutchmen,UW-Whitewater Warhawks,Home,https://fastscout.fastmodelsports.com/teams/HRFCusfbR4OnaX09Q5O0XQ?league=NCAAB-III&season=24,https://fastscout.fastmodelsports.com/teams/YNoIeSV6SVujUWWWZIKOxw/games/gKR3-GqUTyab2hK-jnL_eg/boxscore?league=NCAAB-III&season=24,https://editor-web.synergysports.com/video?playlistUrl=https%3a%2f%2fbasketball.synergysportstech.com%2fapi%2fgames%2f67102d959d7f7e6c37eb9566%2ffullgamevideo%2fclips,W,90.0,83.0,7.0,2024-25,No
"Sat, Dec 14",Averett Cougars,UW-Whitewater Warhawks,Neutral Court,https://fastscout.fastmodelsports.com/teams/m9ZM9LCFQVm8aenNvWLokA?league=NCAAB-III&season=24,https://fastscout.fastmodelsports.com/teams/YNoIeSV6SVujUWWWZIKOxw/games/wGv9t54GSR2IpVEmOuHhag/boxscore?league=NCAAB-III&season=24,https://editor-web.synergysports.com/video?playlistUrl=https%3a%2f%2fbasketball.synergysportstech.com%2fapi%2fgames%2f67102d959d7f7e6c37eb9567%2ffullgamevideo%2fclips,W,58.0,47.0,11.0,2024-25,No
"Sun, Dec 15",Virginia Wesleyan Marlins,UW-Whitewater Warhawks,Away,https://fastscout.fastmodelsports.com/teams/kKhwY9KLTb6IHl-XGD_3Ig?league=NCAAB-III&season=24,https://fastscout.fastmodelsports.com/teams/YNoIeSV6SVujUWWWZIKOxw/games/SIob4dkjRXy_K4eL6qBpOA/boxscore?league=NCAAB-III&season=24,https://editor-web.synergysports.com/video?playlistUrl=https%3a%2f%2fbasketball.synergysportstech.com%2fapi%2fgames%2f67102d959d7f7e6c37eb9568%2ffullgamevideo%2fclips,L,58.0,61.0,-3.0,2024-25,No
"Sat, Dec 21",Simpson Storm,UW-Whitewater Warhawks,Away,https://fastscout.fastmodelsports.com/teams/gJj-UOqhSs-rqAEEH1mw6A?league=NCAAB-III&season=24,https://fastscout.fastmodelsports.com/teams/YNoIeSV6SVujUWWWZIKOxw/games/QCo0D11SRNmSYzDv30wA8w/boxscore?league=NCAAB-III&season=24,https://editor-web.synergysports.com/video?playlistUrl=https%3a%2f%2fbasketball.synergysportstech.com%2fapi%2fgames%2f6715afd0d83e520015865dd0%2ffullgamevideo%2fclips,L,71.0,87.0,-16.0,2024-25,No
"Tue, Dec 31",Ripon Red Hawks,UW-Whitewater Warhawks,Home,https://fastscout.fastmodelsports.com/teams/NYQ5dX1lTj2qPTiYSf_8EQ?league=NCAAB-III&season=24,https://fastscout.fastmodelsports.com/teams/YNoIeSV6SVujUWWWZIKOxw/games/5xMjYfCXSwqJpBp_XgY3Ww/boxscore?league=NCAAB-III&season=24,https://editor-web.synergysports.com/video?playlistUrl=https%3a%2f%2fbasketball.synergysportstech.com%2fapi%2fgames%2f67102d959d7f7e6c37eb956a%2ffullgamevideo%2fclips,W,81.0,70.0,11.0,2024-25,No
"Sat, Jan 4",UW-River Falls Falcons,UW-Whitewater Warhawks,Home,https://fastscout.fastmodelsports.com/teams/JhCOrVBFRO2E7-hIjHeICg?league=NCAAB-III&season=24,https://fastscout.fastmodelsports.com/teams/YNoIeSV6SVujUWWWZIKOxw/games/wklLLR6_RnOwyNvVNfEMbQ/boxscore?league=NCAAB-III&season=24,https://editor-web.synergysports.com/video?playlistUrl=https%3a%2f%2fbasketball.synergysportstech.com%2fapi%2fgames%2f67102d959d7f7e6c37eb956b%2ffullgamevideo%2fclips,W,88.0,69.0,19.0,2024-25,No
"Wed, Jan 8",UW-Stevens Point Pointers,UW-Whitewater Warhawks,Home,https://fastscout.fastmodelsports.com/teams/OqTWpgCzTV-VyfWtEnIp-g?league=NCAAB-III&season=24,https://fastscout.fastmodelsports.com/teams/YNoIeSV6SVujUWWWZIKOxw/games/pSgKrFRrRkqkMxvS8x6nSQ/boxscore?league=NCAAB-III&season=24,https://editor-web.synergysports.com/video?playlistUrl=https%3a%2f%2fbasketball.synergysportstech.com%2fapi%2fgames%2f67102d959d7f7e6c37eb956c%2ffullgamevideo%2fclips,L,67.0,86.0,-19.0,2024-25,No
"Sat, Jan 11",UW-Stout Blue Devils,UW-Whitewater Warhawks,Away,https://fastscout.fastmodelsports.com/teams/pppg37pRSuWUYj2LabWFxA?league=NCAAB-III&season=24,https://fastscout.fastmodelsports.com/teams/YNoIeSV6SVujUWWWZIKOxw/games/CGe-k9_7QjWKLN74cdWalQ/boxscore?league=NCAAB-III&season=24,https://editor-web.synergysports.com/video?playlistUrl=https%3a%2f%2fbasketball.synergysportstech.com%2fapi%2fgames%2f67102d959d7f7e6c37eb956d%2ffullgamevideo%2fclips,L,61.0,62.0,-1.0,2024-25,No
"Wed, Jan 15",UW-Oshkosh Titans,UW-Whitewater Warhawks,Away,https://fastscout.fastmodelsports.com/teams/zQArFlh9RwaiMvPUzcbvvg?league=NCAAB-III&season=24,https://fastscout.fastmodelsports.com/teams/YNoIeSV6SVujUWWWZIKOxw/games/yD6FWrBnQraeKPgpqJIq_A/boxscore?league=NCAAB-III&season=24,https://editor-web.synergysports.com/video?playlistUrl=https%3a%2f%2fbasketball.synergysportstech.com%2fapi%2fgames%2f67102d959d7f7e6c37eb956e%2ffullgamevideo%2fclips,W,59.0,56.0,3.0,2024-25,No
"Sat, Jan 18",UW-Eau Claire Blugolds,UW-Whitewater Warhawks,Home,https://fastscout.fastmodelsports.com/teams/u9KC56v1Tsyl1DIt-x3UXQ?league=NCAAB-III&season=24,https://fastscout.fastmodelsports.com/teams/YNoIeSV6SVujUWWWZIKOxw/games/qdT9lDbqRgidwSfFpdlf7A/boxscore?league=NCAAB-III&season=24,https://editor-web.synergysports.com/video?playlistUrl=https%3a%2f%2fbasketball.synergysportstech.com%2fapi%2fgames%2f67102d959d7f7e6c37eb956f%2ffullgamevideo%2fclips,L,69.0,99.0,-30.0,2024-25,No
"Wed, Jan 22",UW-Platteville Pioneers,UW-Whitewater Warhawks,Away,https://fastscout.fastmodelsports.com/teams/D99vwO1cQ_2BrNCr1V1A_Q?league=NCAAB-III&season=24,https://fastscout.fastmodelsports.com/teams/YNoIeSV6SVujUWWWZIKOxw/games/fD8f46DxRJKLrK7c1vDWNw/boxscore?league=NCAAB-III&season=24,https://editor-web.synergysports.com/video?playlistUrl=https%3a%2f%2fbasketball.synergysportstech.com%2fapi%2fgames%2f67102d959d7f7e6c37eb9570%2ffullgamevideo%2fclips,W,74.0,68.0,6.0,2024-25,No
"Sat, Jan 25",UW-La Crosse Eagles,UW-Whitewater Warhawks,Home,https://fastscout.fastmodelsports.com/teams/UrY3DOoLQbe_PnM_sm4HJA?league=NCAAB-III&season=24,https://fastscout.fastmodelsports.com/teams/YNoIeSV6SVujUWWWZIKOxw/games/e5H1cTzrR5qkIqcv4uWMYw/boxscore?league=NCAAB-III&season=24,https://editor-web.synergysports.com/video?playlistUrl=https%3a%2f%2fbasketball.synergysportstech.com%2fapi%2fgames%2f67102d959d7f7e6c37eb9571%2ffullgamevideo%2fclips,L,75.0,80.0,-5.0,2024-25,No
"Wed, Jan 29",UW-Stevens Point Pointers,UW-Whitewater Warhawks,Away,https://fastscout.fastmodelsports.com/teams/OqTWpgCzTV-VyfWtEnIp-g?league=NCAAB-III&season=24,https://fastscout.fastmodelsports.com/teams/YNoIeSV6SVujUWWWZIKOxw/games/ck4l0IBqSu2vW_7UId5lPg/boxscore?league=NCAAB-III&season=24,https://editor-web.synergysports.com/video?playlistUrl=https%3a%2f%2fbasketball.synergysportstech.com%2fapi%2fgames%2f67102d959d7f7e6c37eb9572%2ffullgamevideo%2fclips,L,52.0,83.0,-31.0,2024-25,No
"Wed, Feb 5",UW-Oshkosh Titans,UW-Whitewater Warhawks,Home,https://fastscout.fastmodelsports.com/teams/zQArFlh9RwaiMvPUzcbvvg?league=NCAAB-III&season=24,https://fastscout.fastmodelsports.com/teams/YNoIeSV6SVujUWWWZIKOxw/games/IeK41NkZTeq--c7uaJN5YA/boxscore?league=NCAAB-III&season=24,https://editor-web.synergysports.com/video?playlistUrl=https%3a%2f%2fbasketball.synergysportstech.com%2fapi%2fgames%2f67102d959d7f7e6c37eb9573%2ffullgamevideo%2fclips,L,49.0,54.0,-5.0,2024-25,No
"Sat, Feb 8",UW-Stout Blue Devils,UW-Whitewater Warhawks,Home,https://fastscout.fastmodelsports.com/teams/pppg37pRSuWUYj2LabWFxA?league=NCAAB-III&season=24,https://fastscout.fastmodelsports.com/teams/YNoIeSV6SVujUWWWZIKOxw/games/lcSjQRV6TkWRbA8ft7RnHA/boxscore?league=NCAAB-III&season=24,https://editor-web.synergysports.com/video?playlistUrl=https%3a%2f%2fbasketball.synergysportstech.com%2fapi%2fgames%2f67102d959d7f7e6c37eb9574%2ffullgamevideo%2fclips,W,87.0,69.0,18.0,2024-25,No
"Wed, Feb 12",UW-La Crosse Eagles,UW-Whitewater Warhawks,Away,https://fastscout.fastmodelsports.com/teams/UrY3DOoLQbe_PnM_sm4HJA?league=NCAAB-III&season=24,https://fastscout.fastmodelsports.com/teams/YNoIeSV6SVujUWWWZIKOxw/games/8uAp_gdgR36dTcB2SOdwNg/boxscore?league=NCAAB-III&season=24,https://editor-web.synergysports.com/video?playlistUrl=https%3a%2f%2fbasketball.synergysportstech.com%2fapi%2fgames%2f67102d959d7f7e6c37eb9575%2ffullgamevideo%2fclips,L,56.0,70.0,-14.0,2024-25,No
"Sat, Feb 15",UW-River Falls Falcons,UW-Whitewater Warhawks,Away,https://fastscout.fastmodelsports.com/teams/JhCOrVBFRO2E7-hIjHeICg?league=NCAAB-III&season=24,https://fastscout.fastmodelsports.com/teams/YNoIeSV6SVujUWWWZIKOxw/games/M2grslECS_Kpa9PvRtlTBw/boxscore?league=NCAAB-III&season=24,https://editor-web.synergysports.com/video?playlistUrl=https%3a%2f%2fbasketball.synergysportstech.com%2fapi%2fgames%2f67102d959d7f7e6c37eb9576%2ffullgamevideo%2fclips,L,66.0,72.0,-6.0,2024-25,No
"Wed, Feb 19",UW-Platteville Pioneers,UW-Whitewater Warhawks,Home,https://fastscout.fastmodelsports.com/teams/D99vwO1cQ_2BrNCr1V1A_Q?league=NCAAB-III&season=24,https://fastscout.fastmodelsports.com/teams/YNoIeSV6SVujUWWWZIKOxw/games/l8Q63bmySIWHQ5l0Yn-KXg/boxscore?league=NCAAB-III&season=24,https://editor-web.synergysports.com/video?playlistUrl=https%3a%2f%2fbasketball.synergysportstech.com%2fapi%2fgames%2f67102d959d7f7e6c37eb9577%2ffullgamevideo%2fclips,L,62.0,78.0,-16.0,2024-25,No
"Sat, Feb 22",UW-Eau Claire Blugolds,UW-Whitewater Warhawks,Away,https://fastscout.fastmodelsports.com/teams/u9KC56v1Tsyl1DIt-x3UXQ?league=NCAAB-III&season=24,https://fastscout.fastmodelsports.com/teams/YNoIeSV6SVujUWWWZIKOxw/games/K-TmSHiaQcWp4C4tuw7l8Q/boxscore?league=NCAAB-III&season=24,https://editor-web.synergysports.com/video?playlistUrl=https%3a%2f%2fbasketball.synergysportstech.com%2fapi%2fgames%2f67102d959d7f7e6c37eb9578%2ffullgamevideo%2fclips,W,80.0,65.0,15.0,2024-25,No
"Mon, Feb 24",UW-Stevens Point Pointers,UW-Whitewater Warhawks,Away,https://fastscout.fastmodelsports.com/teams/OqTWpgCzTV-VyfWtEnIp-g?league=NCAAB-III&season=24,https://fastscout.fastmodelsports.com/teams/YNoIeSV6SVujUWWWZIKOxw/games/N0_rjR9TQGK1BgRwY3ybMg/boxscore?league=NCAAB-III&season=24,https://editor-web.synergysports.com/video?playlistUrl=https%3a%2f%2fbasketball.synergysportstech.com%2fapi%2fgames%2f67bbd630af5391c0181d9c58%2ffullgamevideo%2fclips,L,79.0,81.0,-2.0,2024-25,No
"Fri, Nov 8",Lakeland Muskies,Carroll (WI) Pioneers,Away,https://fastscout.fastmodelsports.com/teams/2Vdqayo0TyGkQtaFIH0f4Q?league=NCAAB-III&season=24,https://fastscout.fastmodelsports.com/teams/nkIaCaMjQNOs1x2nMHrryw/games/c3ijv6MrRDe44VVAdf4-gQ/boxscore?league=NCAAB-III&season=24,https://editor-web.synergysports.com/video?playlistUrl=https%3a%2f%2fbasketball.synergysportstech.com%2fapi%2fgames%2f67106c2515762e6831296a62%2ffullgamevideo%2fclips,W,90.0,69.0,21.0,2024-25,No
"Tue, Nov 12",UW-Whitewater Warhawks,Carroll (WI) Pioneers,Home,https://fastscout.fastmodelsports.com/teams/YNoIeSV6SVujUWWWZIKOxw?league=NCAAB-III&season=24,https://fastscout.fastmodelsports.com/teams/nkIaCaMjQNOs1x2nMHrryw/games/WGSdS1cSRkOfRxtFZxsrCQ/boxscore?league=NCAAB-III&season=24,https://editor-web.synergysports.com/video?playlistUrl=https%3a%2f%2fbasketball.synergysportstech.com%2fapi%2fgames%2f67106c2615762e6831296a63%2ffullgamevideo%2fclips,L,71.0,77.0,-6.0,2024-25,No
"Fri, Nov 15",Greenville Panthers,Carroll (WI) Pioneers,Away,https://fastscout.fastmodelsports.com/teams/lJ1aCGmFQfeOFfbhJP_LLg?league=NCAAB-III&season=24,https://fastscout.fastmodelsports.com/teams/nkIaCaMjQNOs1x2nMHrryw/games/gMGdAVL4TfeGzZuZe3Yw4A/boxscore?league=NCAAB-III&season=24,https://editor-web.synergysports.com/video?playlistUrl=https%3a%2f%2fbasketball.synergysportstech.com%2fapi%2fgames%2f67106c2615762e6831296a64%2ffullgamevideo%2fclips,W,130.0,107.0,23.0,2024-25,No
"Wed, Nov 20",UW-Oshkosh Titans,Carroll (WI) Pioneers,Away,https://fastscout.fastmodelsports.com/teams/zQArFlh9RwaiMvPUzcbvvg?league=NCAAB-III&season=24,https://fastscout.fastmodelsports.com/teams/nkIaCaMjQNOs1x2nMHrryw/games/7qrF-V3vTOyXA_taskiNlg/boxscore?league=NCAAB-III&season=24,https://editor-web.synergysports.com/video?playlistUrl=https%3a%2f%2fbasketball.synergysportstech.com%2fapi%2fgames%2f67106c2615762e6831296a65%2ffullgamevideo%2fclips,L,64.0,83.0,-19.0,2024-25,No
"Sat, Nov 23",Washington-St. Louis Bears,Carroll (WI) Pioneers,Home,https://fastscout.fastmodelsports.com/teams/LUSewnwnR7S6NaJQp6WaTA?league=NCAAB-III&season=24,https://fastscout.fastmodelsports.com/teams/nkIaCaMjQNOs1x2nMHrryw/games/FnruECPvRiuX2msuWnO23A/boxscore?league=NCAAB-III&season=24,https://editor-web.synergysports.com/video?playlistUrl=https%3a%2f%2fbasketball.synergysportstech.com%2fapi%2fgames%2f67106c2715762e6831296a66%2ffullgamevideo%2fclips,L,66.0,81.0,-15.0,2024-25,No
"Tue, Nov 26",MSOE Raiders,Carroll (WI) Pioneers,Home,https://fastscout.fastmodelsports.com/teams/Sp1tpZk8S1iLs3ofcWZrDg?league=NCAAB-III&season=24,https://fastscout.fastmodelsports.com/teams/nkIaCaMjQNOs1x2nMHrryw/games/bkuZCPj0QcuTLaI39QdPIA/boxscore?league=NCAAB-III&season=24,https://editor-web.synergysports.com/video?playlistUrl=https%3a%2f%2fbasketball.synergysportstech.com%2fapi%2fgames%2f67106c2715762e6831296a67%2ffullgamevideo%2fclips,L,80.0,88.0,-8.0,2024-25,No
"Wed, Dec 4",North Park Vikings,Carroll (WI) Pioneers,Home,https://fastscout.fastmodelsports.com/teams/23m4xzMjS4K-VEVyeHjQMw?league=NCAAB-III&season=24,https://fastscout.fastmodelsports.com/teams/nkIaCaMjQNOs1x2nMHrryw/games/T0Q67vgaSmG4In7utyG7Vg/boxscore?league=NCAAB-III&season=24,https://editor-web.synergysports.com/video?playlistUrl=https%3a%2f%2fbasketball.synergysportstech.com%2fapi%2fgames%2f67106c2715762e6831296a68%2ffullgamevideo%2fclips,L,64.0,70.0,-6.0,2024-25,No
"Sat, Dec 7",Illinois Wesleyan Titans,Carroll (WI) Pioneers,Home,https://fastscout.fastmodelsports.com/teams/jB0ukfgOSD-x51hu1vSRuQ?league=NCAAB-III&season=24,https://fastscout.fastmodelsports.com/teams/nkIaCaMjQNOs1x2nMHrryw/games/E-psQOK_RR6QC-FN9E8jtg/boxscore?league=NCAAB-III&season=24,https://editor-web.synergysports.com/video?playlistUrl=https%3a%2f%2fbasketball.synergysportstech.com%2fapi%2fgames%2f67106c2715762e6831296a69%2ffullgamevideo%2fclips,L,66.0,72.0,-6.0,2024-25,No
"Sat, Dec 14",North Central (IL) Cardinals,Carroll (WI) Pioneers,Away,https://fastscout.fastmodelsports.com/teams/dShnkyWDRTaBQuxYFLIBSg?league=NCAAB-III&season=24,https://fastscout.fastmodelsports.com/teams/nkIaCaMjQNOs1x2nMHrryw/games/QJVGZN_XSBepHCsCb-2cRA/boxscore?league=NCAAB-III&season=24,https://editor-web.synergysports.com/video?playlistUrl=https%3a%2f%2fbasketball.synergysportstech.com%2fapi%2fgames%2f67106c2715762e6831296a6a%2ffullgamevideo%2fclips,L,66.0,68.0,-2.0,2024-25,No
"Fri, Dec 20",UMass Dartmouth Corsairs,Carroll (WI) Pioneers,Neutral Court,https://fastscout.fastmodelsports.com/teams/ZiL08NnnSLG1AlMXE9qwrw?league=NCAAB-III&season=24,https://fastscout.fastmodelsports.com/teams/nkIaCaMjQNOs1x2nMHrryw/games/Kzqc7aQ4QKuM9IgPQ_X35w/boxscore?league=NCAAB-III&season=24,https://editor-web.synergysports.com/video?playlistUrl=https%3a%2f%2fbasketball.synergysportstech.com%2fapi%2fgames%2f67170f9c9a5fd20b1dce3d54%2ffullgamevideo%2fclips,W,70.0,69.0,1.0,2024-25,No
"Sat, Dec 21",Widener Pride,Carroll (WI) Pioneers,Neutral Court,https://fastscout.fastmodelsports.com/teams/vsyJa_GnS8Gj98snRrnc4A?league=NCAAB-III&season=24,https://fastscout.fastmodelsports.com/teams/nkIaCaMjQNOs1x2nMHrryw/games/Yb8xJosfQQ2JGgbSABlRhQ/boxscore?league=NCAAB-III&season=24,https://editor-web.synergysports.com/video?playlistUrl=https%3a%2f%2fbasketball.synergysportstech.com%2fapi%2fgames%2f67196db859207b76e3cc3db8%2ffullgamevideo%2fclips,W,78.0,75.0,3.0,2024-25,No
"Mon, Dec 30",Beloit Buccaneers,Carroll (WI) Pioneers,Away,https://fastscout.fastmodelsports.com/teams/emBh5s30TA-k_E211KwGIQ?league=NCAAB-III&season=24,https://fastscout.fastmodelsports.com/teams/nkIaCaMjQNOs1x2nMHrryw/games/-GI-zhwAQa-I8-87owVZ5Q/boxscore?league=NCAAB-III&season=24,https://editor-web.synergysports.com/video?playlistUrl=https%3a%2f%2fbasketball.synergysportstech.com%2fapi%2fgames%2f67106c2715762e6831296a6b%2ffullgamevideo%2fclips,L,62.0,66.0,-4.0,2024-25,No
"Sat, Jan 4",Millikin Big Blue,Carroll (WI) Pioneers,Away,https://fastscout.fastmodelsports.com/teams/PZNqmqhtQzOt-gXf0xm0gQ?league=NCAAB-III&season=24,https://fastscout.fastmodelsports.com/teams/nkIaCaMjQNOs1x2nMHrryw/games/lsscCC0ZRdKNIceEhwVQWg/boxscore?league=NCAAB-III&season=24,https://editor-web.synergysports.com/video?playlistUrl=https%3a%2f%2fbasketball.synergysportstech.com%2fapi%2fgames%2f67106c2815762e6831296a6c%2ffullgamevideo%2fclips,L,66.0,81.0,-15.0,2024-25,No
"Sat, Jan 11",Wheaton (IL) Thunder,Carroll (WI) Pioneers,Home,https://fastscout.fastmodelsports.com/teams/iwxO1TLaTX6JnFKJRaBV8A?league=NCAAB-III&season=24,https://fastscout.fastmodelsports.com/teams/nkIaCaMjQNOs1x2nMHrryw/games/NO_cPv_VTTapNe2cqcQmjw/boxscore?league=NCAAB-III&season=24,https://editor-web.synergysports.com/video?playlistUrl=https%3a%2f%2fbasketball.synergysportstech.com%2fapi%2fgames%2f67106c2815762e6831296a6d%2ffullgamevideo%2fclips,W,74.0,58.0,16.0,2024-25,No
"Wed, Jan 15",Elmhurst Bluejays,Carroll (WI) Pioneers,Home,https://fastscout.fastmodelsports.com/teams/wI_oq6BcQWaPN8iyk-64bw?league=NCAAB-III&season=24,https://fastscout.fastmodelsports.com/teams/nkIaCaMjQNOs1x2nMHrryw/games/9Jrvc3wyRiuFK9A62zUZ0g/boxscore?league=NCAAB-III&season=24,https://editor-web.synergysports.com/video?playlistUrl=https%3a%2f%2fbasketball.synergysportstech.com%2fapi%2fgames%2f67106c2815762e6831296a6e%2ffullgamevideo%2fclips,W,84.0,77.0,7.0,2024-25,No
"Sat, Jan 18",Augustana (IL) Vikings,Carroll (WI) Pioneers,Away,https://fastscout.fastmodelsports.com/teams/4AGwMe0STpKehLlVIUKfHQ?league=NCAAB-III&season=24,https://fastscout.fastmodelsports.com/teams/nkIaCaMjQNOs1x2nMHrryw/games/Y6uEmDXmSNmxZIO-CZfd8g/boxscore?league=NCAAB-III&season=24,https://editor-web.synergysports.com/video?playlistUrl=https%3a%2f%2fbasketball.synergysportstech.com%2fapi%2fgames%2f67106c2815762e6831296a6f%2ffullgamevideo%2fclips,L,77.0,85.0,-8.0,2024-25,No
"Wed, Jan 22",Carthage Firebirds,Carroll (WI) Pioneers,Away,https://fastscout.fastmodelsports.com/teams/m-qFKRiOTEmVlbB_2f3l6Q?league=NCAAB-III&season=24,https://fastscout.fastmodelsports.com/teams/nkIaCaMjQNOs1x2nMHrryw/games/PLF2s-eDTSCW5xrmZPjckw/boxscore?league=NCAAB-III&season=24,https://editor-web.synergysports.com/video?playlistUrl=https%3a%2f%2fbasketball.synergysportstech.com%2fapi%2fgames%2f67107333232eae0114c64138%2ffullgamevideo%2fclips,L,68.0,88.0,-20.0,2024-25,No
"Wed, Jan 29",Illinois Wesleyan Titans,Carroll (WI) Pioneers,Away,https://fastscout.fastmodelsports.com/teams/jB0ukfgOSD-x51hu1vSRuQ?league=NCAAB-III&season=24,https://fastscout.fastmodelsports.com/teams/nkIaCaMjQNOs1x2nMHrryw/games/X5Sl4Xr7SYqBNbibxhuYAA/boxscore?league=NCAAB-III&season=24,https://editor-web.synergysports.com/video?playlistUrl=https%3a%2f%2fbasketball.synergysportstech.com%2fapi%2fgames%2f67106c2915762e6831296a71%2ffullgamevideo%2fclips,L,78.0,81.0,-3.0,2024-25,No
"Sat, Feb 1",Millikin Big Blue,Carroll (WI) Pioneers,Home,https://fastscout.fastmodelsports.com/teams/PZNqmqhtQzOt-gXf0xm0gQ?league=NCAAB-III&season=24,https://fastscout.fastmodelsports.com/teams/nkIaCaMjQNOs1x2nMHrryw/games/SCIcuu4GR1itdR8_cCBYJQ/boxscore?league=NCAAB-III&season=24,https://editor-web.synergysports.com/video?playlistUrl=https%3a%2f%2fbasketball.synergysportstech.com%2fapi%2fgames%2f67106c2915762e6831296a72%2ffullgamevideo%2fclips,L,62.0,64.0,-2.0,2024-25,No
"Wed, Feb 5",Carthage Firebirds,Carroll (WI) Pioneers,Home,https://fastscout.fastmodelsports.com/teams/m-qFKRiOTEmVlbB_2f3l6Q?league=NCAAB-III&season=24,https://fastscout.fastmodelsports.com/teams/nkIaCaMjQNOs1x2nMHrryw/games/cRlxLjq3RIql5bAM7iMe_g/boxscore?league=NCAAB-III&season=24,https://editor-web.synergysports.com/video?playlistUrl=https%3a%2f%2fbasketball.synergysportstech.com%2fapi%2fgames%2f67106c2915762e6831296a73%2ffullgamevideo%2fclips,L,75.0,84.0,-9.0,2024-25,No
"Sat, Feb 8",Wheaton (IL) Thunder,Carroll (WI) Pioneers,Away,https://fastscout.fastmodelsports.com/teams/iwxO1TLaTX6JnFKJRaBV8A?league=NCAAB-III&season=24,https://fastscout.fastmodelsports.com/teams/nkIaCaMjQNOs1x2nMHrryw/games/-aWOrrlqTLqu5bQYHLDAKg/boxscore?league=NCAAB-III&season=24,https://editor-web.synergysports.com/video?playlistUrl=https%3a%2f%2fbasketball.synergysportstech.com%2fapi%2fgames%2f67106c2915762e6831296a74%2ffullgamevideo%2fclips,L,81.0,91.0,-10.0,2024-25,No
"Tue, Feb 11",North Park Vikings,Carroll (WI) Pioneers,Away,https://fastscout.fastmodelsports.com/teams/23m4xzMjS4K-VEVyeHjQMw?league=NCAAB-III&season=24,https://fastscout.fastmodelsports.com/teams/nkIaCaMjQNOs1x2nMHrryw/games/gv__YsBJRPeO6XVUaADhAw/boxscore?league=NCAAB-III&season=24,https://editor-web.synergysports.com/video?playlistUrl=https%3a%2f%2fbasketball.synergysportstech.com%2fapi%2fgames%2f67106c2915762e6831296a75%2ffullgamevideo%2fclips,W,90.0,84.0,6.0,2024-25,No
"Sat, Feb 15",Augustana (IL) Vikings,Carroll (WI) Pioneers,Home,https://fastscout.fastmodelsports.com/teams/4AGwMe0STpKehLlVIUKfHQ?league=NCAAB-III&season=24,https://fastscout.fastmodelsports.com/teams/nkIaCaMjQNOs1x2nMHrryw/games/wex3bYtMSS6kZvcZHEPd8A/boxscore?league=NCAAB-III&season=24,https://editor-web.synergysports.com/video?playlistUrl=https%3a%2f%2fbasketball.synergysportstech.com%2fapi%2fgames%2f67106c2915762e6831296a76%2ffullgamevideo%2fclips,W,81.0,71.0,10.0,2024-25,No
"Wed, Feb 19",North Central (IL) Cardinals,Carroll (WI) Pioneers,Home,https://fastscout.fastmodelsports.com/teams/dShnkyWDRTaBQuxYFLIBSg?league=NCAAB-III&season=24,https://fastscout.fastmodelsports.com/teams/nkIaCaMjQNOs1x2nMHrryw/games/blbnKn_YR8eyMG8LXWCvqA/boxscore?league=NCAAB-III&season=24,https://editor-web.synergysports.com/video?playlistUrl=https%3a%2f%2fbasketball.synergysportstech.com%2fapi%2fgames%2f67106c2a15762e6831296a77%2ffullgamevideo%2fclips,L,76.0,80.0,-4.0,2024-25,No
"Sat, Feb 22",Elmhurst Bluejays,Carroll (WI) Pioneers,Away,https://fastscout.fastmodelsports.com/teams/wI_oq6BcQWaPN8iyk-64bw?league=NCAAB-III&season=24,https://fastscout.fastmodelsports.com/teams/nkIaCaMjQNOs1x2nMHrryw/games/Bcr4wSL0RJKz6aMBadTo1Q/boxscore?league=NCAAB-III&season=24,https://editor-web.synergysports.com/video?playlistUrl=https%3a%2f%2fbasketball.synergysportstech.com%2fapi%2fgames%2f67106c2a15762e6831296a78%2ffullgamevideo%2fclips,W,83.0,68.0,15.0,2024-25,No
"Fri, Nov 8",Coe Kohawks,Cornell College Rams,Home,https://fastscout.fastmodelsports.com/teams/jXGQW7S_QkGvOZlY68lfbQ?league=NCAAB-III&season=24,https://fastscout.fastmodelsports.com/teams/4xC2EB-cSCSeH09BFgahlw/games/3DgDmzzsRau5lmLh5gl9Pg/boxscore?league=NCAAB-III&season=24,https://editor-web.synergysports.com/video?playlistUrl=https%3a%2f%2fbasketball.synergysportstech.com%2fapi%2fgames%2f6711d0673915b6e10cb18d0a%2ffullgamevideo%2fclips,L,78.0,90.0,-12.0,2024-25,No
"Wed, Nov 13",Eureka Red Devils,Cornell College Rams,Home,https://fastscout.fastmodelsports.com/teams/jVR53GJ3SVCQW2MBg7YgPQ?league=NCAAB-III&season=24,https://fastscout.fastmodelsports.com/teams/4xC2EB-cSCSeH09BFgahlw/games/32IxFSiJT1aTuAwN69FW8w/boxscore?league=NCAAB-III&season=24,https://editor-web.synergysports.com/video?playlistUrl=https%3a%2f%2fbasketball.synergysportstech.com%2fapi%2fgames%2f67196f246466ceeb21c1cff2%2ffullgamevideo%2fclips,W,78.0,72.0,6.0,2024-25,No
"Fri, Nov 15",UW-Whitewater Warhawks,Cornell College Rams,Neutral Court,https://fastscout.fastmodelsports.com/teams/YNoIeSV6SVujUWWWZIKOxw?league=NCAAB-III&season=24,https://fastscout.fastmodelsports.com/teams/4xC2EB-cSCSeH09BFgahlw/games/Uau5Vs0IQmu6dWNpxpwI6Q/boxscore?league=NCAAB-III&season=24,https://editor-web.synergysports.com/video?playlistUrl=https%3a%2f%2fbasketball.synergysportstech.com%2fapi%2fgames%2f67102d959d7f7e6c37eb9562%2ffullgamevideo%2fclips,W,75.0,73.0,2.0,2024-25,No
"Sat, Nov 16",Wartburg Knights,Cornell College Rams,Away,https://fastscout.fastmodelsports.com/teams/S3yQj7VtS--Tb0Dqorg6Mg?league=NCAAB-III&season=24,https://fastscout.fastmodelsports.com/teams/4xC2EB-cSCSeH09BFgahlw/games/R5wQjnZMRKKdsGVT6acTwA/boxscore?league=NCAAB-III&season=24,https://editor-web.synergysports.com/video?playlistUrl=https%3a%2f%2fbasketball.synergysportstech.com%2fapi%2fgames%2f673959e6750bfa8c06bdbf34%2ffullgamevideo%2fclips,W,98.0,94.0,4.0,2024-25,No
"Wed, Nov 20",Coe Kohawks,Cornell College Rams,Away,https://fastscout.fastmodelsports.com/teams/jXGQW7S_QkGvOZlY68lfbQ?league=NCAAB-III&season=24,https://fastscout.fastmodelsports.com/teams/4xC2EB-cSCSeH09BFgahlw/games/UkUhkqgWQRuLAaiOm6OsIQ/boxscore?league=NCAAB-III&season=24,https://editor-web.synergysports.com/video?playlistUrl=https%3a%2f%2fbasketball.synergysportstech.com%2fapi%2fgames%2f6711d0673915b6e10cb18d0b%2ffullgamevideo%2fclips,W,74.0,71.0,3.0,2024-25,No
"Sat, Nov 23",Central (IA) Dutch,Cornell College Rams,Home,https://fastscout.fastmodelsports.com/teams/bUaIfaQOQWiU7dKR8JUN5Q?league=NCAAB-III&season=24,https://fastscout.fastmodelsports.com/teams/4xC2EB-cSCSeH09BFgahlw/games/77npI-ydTpC8fNK2coLPJA/boxscore?league=NCAAB-III&season=24,https://editor-web.synergysports.com/video?playlistUrl=https%3a%2f%2fbasketball.synergysportstech.com%2fapi%2fgames%2f6711ca8b880c2b5fbe9ba1d9%2ffullgamevideo%2fclips,L,61.0,102.0,-41.0,2024-25,No
"Wed, Dec 4",Illinois College Blueboys,Cornell College Rams,Away,https://fastscout.fastmodelsports.com/teams/C60k0tCTSma-Xj7OnfMypg?league=NCAAB-III&season=24,https://fastscout.fastmodelsports.com/teams/4xC2EB-cSCSeH09BFgahlw/games/WxD8lKGgRKmMzg2BodzIWQ/boxscore?league=NCAAB-III&season=24,https://editor-web.synergysports.com/video?playlistUrl=https%3a%2f%2fbasketball.synergysportstech.com%2fapi%2fgames%2f67196f246466ceeb21c1cff4%2ffullgamevideo%2fclips,W,71.0,67.0,4.0,2024-25,No
"Sat, Dec 7",Lake Forest Foresters,Cornell College Rams,Home,https://fastscout.fastmodelsports.com/teams/3dHBJGyjR1Sz3gpQX5HArw?league=NCAAB-III&season=24,https://fastscout.fastmodelsports.com/teams/4xC2EB-cSCSeH09BFgahlw/games/EbGBEjvyRRa_6ZbzhWJX7g/boxscore?league=NCAAB-III&season=24,https://editor-web.synergysports.com/video?playlistUrl=https%3a%2f%2fbasketball.synergysportstech.com%2fapi%2fgames%2f67196f246466ceeb21c1cff5%2ffullgamevideo%2fclips,W,79.0,77.0,2.0,2024-25,No
"Wed, Dec 11",Grinnell Pioneers,Cornell College Rams,Home,https://fastscout.fastmodelsports.com/teams/lTybUp8ZSuW_Ts8FRLXz9A?league=NCAAB-III&season=24,https://fastscout.fastmodelsports.com/teams/4xC2EB-cSCSeH09BFgahlw/games/yst-B9IJTJ6jEh9pSB8p4Q/boxscore?league=NCAAB-III&season=24,https://editor-web.synergysports.com/video?playlistUrl=https%3a%2f%2fbasketball.synergysportstech.com%2fapi%2fgames%2f67196f246466ceeb21c1cff6%2ffullgamevideo%2fclips,L,93.0,105.0,-12.0,2024-25,No
"Sat, Dec 14",Beloit Buccaneers,Cornell College Rams,Away,https://fastscout.fastmodelsports.com/teams/emBh5s30TA-k_E211KwGIQ?league=NCAAB-III&season=24,https://fastscout.fastmodelsports.com/teams/4xC2EB-cSCSeH09BFgahlw/games/H1Pq3rMgTpCsk7Cr7lpNWA/boxscore?league=NCAAB-III&season=24,https://editor-web.synergysports.com/video?playlistUrl=https%3a%2f%2fbasketball.synergysportstech.com%2fapi%2fgames%2f67196f246466ceeb21c1cfe4%2ffullgamevideo%2fclips,W,85.0,71.0,14.0,2024-25,No
"Thu, Dec 19",Simpson Storm,Cornell College Rams,Away,https://fastscout.fastmodelsports.com/teams/gJj-UOqhSs-rqAEEH1mw6A?league=NCAAB-III&season=24,https://fastscout.fastmodelsports.com/teams/4xC2EB-cSCSeH09BFgahlw/games/e_pMHaM6Toel7rx1KwBmBQ/boxscore?league=NCAAB-III&season=24,https://editor-web.synergysports.com/video?playlistUrl=https%3a%2f%2fbasketball.synergysportstech.com%2fapi%2fgames%2f6715afcfd83e520015865dcf%2ffullgamevideo%2fclips,W,79.0,71.0,8.0,2024-25,No
"Sat, Dec 28",North Park Vikings,Cornell College Rams,Home,https://fastscout.fastmodelsports.com/teams/23m4xzMjS4K-VEVyeHjQMw?league=NCAAB-III&season=24,https://fastscout.fastmodelsports.com/teams/4xC2EB-cSCSeH09BFgahlw/games/bBwuOS6uQ3eDlsynuuZT0w/boxscore?league=NCAAB-III&season=24,https://editor-web.synergysports.com/video?playlistUrl=https%3a%2f%2fbasketball.synergysportstech.com%2fapi%2fgames%2f6710aca6847f49113c2a060a%2ffullgamevideo%2fclips,L,74.0,106.0,-32.0,2024-25,No
"Tue, Dec 31",Wartburg Knights,Cornell College Rams,Away,https://fastscout.fastmodelsports.com/teams/S3yQj7VtS--Tb0Dqorg6Mg?league=NCAAB-III&season=24,https://fastscout.fastmodelsports.com/teams/4xC2EB-cSCSeH09BFgahlw/games/2H3v_3GOSou4gKsmEQCw4w/boxscore?league=NCAAB-III&season=24,https://editor-web.synergysports.com/video?playlistUrl=https%3a%2f%2fbasketball.synergysportstech.com%2fapi%2fgames%2f6710295eab7737b81253471a%2ffullgamevideo%2fclips,W,79.0,71.0,8.0,2024-25,No
"Sat, Jan 11",Lake Forest Foresters,Cornell College Rams,Away,https://fastscout.fastmodelsports.com/teams/3dHBJGyjR1Sz3gpQX5HArw?league=NCAAB-III&season=24,https://fastscout.fastmodelsports.com/teams/4xC2EB-cSCSeH09BFgahlw/games/SoEVQo9uTOmD3d6wED3_Xw/boxscore?league=NCAAB-III&season=24,https://editor-web.synergysports.com/video?playlistUrl=https%3a%2f%2fbasketball.synergysportstech.com%2fapi%2fgames%2f67196f246466ceeb21c1cff8%2ffullgamevideo%2fclips,L,72.0,95.0,-23.0,2024-25,No
"Tue, Jan 14",Monmouth (IL) Fighting Scots,Cornell College Rams,Home,https://fastscout.fastmodelsports.com/teams/RwLuY3EgSQK0Z64iIjtAlA?league=NCAAB-III&season=24,https://fastscout.fastmodelsports.com/teams/4xC2EB-cSCSeH09BFgahlw/games/t9vm8sNETnymZlK8Y85Oww/boxscore?league=NCAAB-III&season=24,https://editor-web.synergysports.com/video?playlistUrl=https%3a%2f%2fbasketball.synergysportstech.com%2fapi%2fgames%2f6712c3ec7d0f17f4c2c827b7%2ffullgamevideo%2fclips,W,82.0,65.0,17.0,2024-25,No
"Sat, Jan 18",Lawrence Vikings,Cornell College Rams,Home,https://fastscout.fastmodelsports.com/teams/MllJT2ihTyeXdyKzEucwGg?league=NCAAB-III&season=24,https://fastscout.fastmodelsports.com/teams/4xC2EB-cSCSeH09BFgahlw/games/Rka6pbP1Rxih0_sl3WKA1A/boxscore?league=NCAAB-III&season=24,https://editor-web.synergysports.com/video?playlistUrl=https%3a%2f%2fbasketball.synergysportstech.com%2fapi%2fgames%2f67196f246466ceeb21c1cff9%2ffullgamevideo%2fclips,W,82.0,73.0,9.0,2024-25,No
"Wed, Jan 22",Knox Prairie Fire,Cornell College Rams,Away,https://fastscout.fastmodelsports.com/teams/zNLq3uRDRCmTB7x_z7Wf_w?league=NCAAB-III&season=24,https://fastscout.fastmodelsports.com/teams/4xC2EB-cSCSeH09BFgahlw/games/1MNVcnrPR3eoovxhqbFT0Q/boxscore?league=NCAAB-III&season=24,https://editor-web.synergysports.com/video?playlistUrl=https%3a%2f%2fbasketball.synergysportstech.com%2fapi%2fgames%2f67196f246466ceeb21c1cffa%2ffullgamevideo%2fclips,W,82.0,69.0,13.0,2024-25,No
"Tue, Jan 28",Illinois College Blueboys,Cornell College Rams,Home,https://fastscout.fastmodelsports.com/teams/C60k0tCTSma-Xj7OnfMypg?league=NCAAB-III&season=24,https://fastscout.fastmodelsports.com/teams/4xC2EB-cSCSeH09BFgahlw/games/U9xVa9mnR56v7CVdD5lB3g/boxscore?league=NCAAB-III&season=24,https://editor-web.synergysports.com/video?playlistUrl=https%3a%2f%2fbasketball.synergysportstech.com%2fapi%2fgames%2f67196f246466ceeb21c1cffb%2ffullgamevideo%2fclips,L,70.0,73.0,-3.0,2024-25,No
"Sat, Feb 1",Ripon Red Hawks,Cornell College Rams,Home,https://fastscout.fastmodelsports.com/teams/NYQ5dX1lTj2qPTiYSf_8EQ?league=NCAAB-III&season=24,https://fastscout.fastmodelsports.com/teams/4xC2EB-cSCSeH09BFgahlw/games/jSjtihdiQYCJUijeGAGOew/boxscore?league=NCAAB-III&season=24,https://editor-web.synergysports.com/video?playlistUrl=https%3a%2f%2fbasketball.synergysportstech.com%2fapi%2fgames%2f67196f246466ceeb21c1cffc%2ffullgamevideo%2fclips,W,64.0,58.0,6.0,2024-25,No
"Wed, Feb 5",Grinnell Pioneers,Cornell College Rams,Away,https://fastscout.fastmodelsports.com/teams/lTybUp8ZSuW_Ts8FRLXz9A?league=NCAAB-III&season=24,https://fastscout.fastmodelsports.com/teams/4xC2EB-cSCSeH09BFgahlw/games/wqi7YCAhSIqn4NhIq1FVvw/boxscore?league=NCAAB-III&season=24,https://editor-web.synergysports.com/video?playlistUrl=https%3a%2f%2fbasketball.synergysportstech.com%2fapi%2fgames%2f67196f2459207b76e3cc3dbe%2ffullgamevideo%2fclips,L,94.0,114.0,-20.0,2024-25,No
"Sat, Feb 8",Beloit Buccaneers,Cornell College Rams,Home,https://fastscout.fastmodelsports.com/teams/emBh5s30TA-k_E211KwGIQ?league=NCAAB-III&season=24,https://fastscout.fastmodelsports.com/teams/4xC2EB-cSCSeH09BFgahlw/games/Qf0r7J3EQzm7aZ_S2f7rHg/boxscore?league=NCAAB-III&season=24,https://editor-web.synergysports.com/video?playlistUrl=https%3a%2f%2fbasketball.synergysportstech.com%2fapi%2fgames%2f67196f246466ceeb21c1cfee%2ffullgamevideo%2fclips,L,62.0,67.0,-5.0,2024-25,No
"Tue, Feb 11",Ripon Red Hawks,Cornell College Rams,Away,https://fastscout.fastmodelsports.com/teams/NYQ5dX1lTj2qPTiYSf_8EQ?league=NCAAB-III&season=24,https://fastscout.fastmodelsports.com/teams/4xC2EB-cSCSeH09BFgahlw/games/F8NL0JdCQiy1WCMNRJr5Hw/boxscore?league=NCAAB-III&season=24,https://editor-web.synergysports.com/video?playlistUrl=https%3a%2f%2fbasketball.synergysportstech.com%2fapi%2fgames%2f67196f2459207b76e3cc3dbf%2ffullgamevideo%2fclips,L,50.0,55.0,-5.0,2024-25,No
"Sat, Feb 15",Lawrence Vikings,Cornell College Rams,Away,https://fastscout.fastmodelsports.com/teams/MllJT2ihTyeXdyKzEucwGg?league=NCAAB-III&season=24,https://fastscout.fastmodelsports.com/teams/4xC2EB-cSCSeH09BFgahlw/games/QS60PuSIT0yncf9dX7l4BA/boxscore?league=NCAAB-III&season=24,https://editor-web.synergysports.com/video?playlistUrl=https%3a%2f%2fbasketball.synergysportstech.com%2fapi%2fgames%2f67196f2459207b76e3cc3dc0%2ffullgamevideo%2fclips,W,84.0,78.0,6.0,2024-25,No
"Wed, Feb 19",Monmouth (IL) Fighting Scots,Cornell College Rams,Away,https://fastscout.fastmodelsports.com/teams/RwLuY3EgSQK0Z64iIjtAlA?league=NCAAB-III&season=24,https://fastscout.fastmodelsports.com/teams/4xC2EB-cSCSeH09BFgahlw/games/DxE3V3NRTQydvPnfYyME9A/boxscore?league=NCAAB-III&season=24,https://editor-web.synergysports.com/video?playlistUrl=https%3a%2f%2fbasketball.synergysportstech.com%2fapi%2fgames%2f6712c3ec7d0f17f4c2c827c0%2ffullgamevideo%2fclips,L,65.0,81.0,-16.0,2024-25,No
"Sat, Feb 22",Knox Prairie Fire,Cornell College Rams,Home,https://fastscout.fastmodelsports.com/teams/zNLq3uRDRCmTB7x_z7Wf_w?league=NCAAB-III&season=24,https://fastscout.fastmodelsports.com/teams/4xC2EB-cSCSeH09BFgahlw/games/IKkCMbPTRGizwqCC2bF0oA/boxscore?league=NCAAB-III&season=24,https://editor-web.synergysports.com/video?playlistUrl=https%3a%2f%2fbasketball.synergysportstech.com%2fapi%2fgames%2f67196f2459207b76e3cc3dc1%2ffullgamevideo%2fclips,W,98.0,68.0,30.0,2024-25,No
"Wed, Oct 30",Southwest Minnesota St. Mustangs EXH,St. Olaf Oles,Away,https://fastscout.fastmodelsports.com/teams/rQXzPSXhRfGoAVhAZ0cUSg?league=NCAAB-II&season=24,https://fastscout.fastmodelsports.com/teams/ayHbTP7lQaebm2Zgj5kGjg/games/xs8_DgUCRVSSAUm4iW_xSA/boxscore?league=NCAAB-III&season=24,,L,40.0,91.0,-51.0,2024-25,No
"Fri, Nov 8",UW-Stout Blue Devils,St. Olaf Oles,Neutral Court,https://fastscout.fastmodelsports.com/teams/pppg37pRSuWUYj2LabWFxA?league=NCAAB-III&season=24,https://fastscout.fastmodelsports.com/teams/ayHbTP7lQaebm2Zgj5kGjg/games/YECtxJIrREy32MvTJflDgQ/boxscore?league=NCAAB-III&season=24,https://editor-web.synergysports.com/video?playlistUrl=https%3a%2f%2fbasketball.synergysportstech.com%2fapi%2fgames%2f67102d959d7f7e6c37eb9579%2ffullgamevideo%2fclips,W,61.0,56.0,5.0,2024-25,No
"Sat, Nov 9",Wisconsin-Superior Yellowjackets,St. Olaf Oles,Away,https://fastscout.fastmodelsports.com/teams/gQX0GFx7T_Cik0Dk2oMYnQ?league=NCAAB-III&season=24,https://fastscout.fastmodelsports.com/teams/ayHbTP7lQaebm2Zgj5kGjg/games/hqu59kDiQta7MYLaq1JFLg/boxscore?league=NCAAB-III&season=24,https://editor-web.synergysports.com/video?playlistUrl=https%3a%2f%2fbasketball.synergysportstech.com%2fapi%2fgames%2f671130576d6a2ba9bb7ebce0%2ffullgamevideo%2fclips,L,54.0,82.0,-28.0,2024-25,No
"Fri, Nov 15",Wartburg Knights,St. Olaf Oles,Away,https://fastscout.fastmodelsports.com/teams/S3yQj7VtS--Tb0Dqorg6Mg?league=NCAAB-III&season=24,https://fastscout.fastmodelsports.com/teams/ayHbTP7lQaebm2Zgj5kGjg/games/M2GVXDdbSdmC-5L59u45mA/boxscore?league=NCAAB-III&season=24,https://editor-web.synergysports.com/video?playlistUrl=https%3a%2f%2fbasketball.synergysportstech.com%2fapi%2fgames%2f6710295eab7737b812534712%2ffullgamevideo%2fclips,L,60.0,73.0,-13.0,2024-25,No
"Sat, Nov 16",UW-Whitewater Warhawks,St. Olaf Oles,Neutral Court,https://fastscout.fastmodelsports.com/teams/YNoIeSV6SVujUWWWZIKOxw?league=NCAAB-III&season=24,https://fastscout.fastmodelsports.com/teams/ayHbTP7lQaebm2Zgj5kGjg/games/WgmLVKbYTbqY5GqRFnmdeQ/boxscore?league=NCAAB-III&season=24,https://editor-web.synergysports.com/video?playlistUrl=https%3a%2f%2fbasketball.synergysportstech.com%2fapi%2fgames%2f673a2cd74d3b354fabe29490%2ffullgamevideo%2fclips,L,80.0,83.0,-3.0,2024-25,No
"Wed, Nov 20",UW-River Falls Falcons,St. Olaf Oles,Home,https://fastscout.fastmodelsports.com/teams/JhCOrVBFRO2E7-hIjHeICg?league=NCAAB-III&season=24,https://fastscout.fastmodelsports.com/teams/ayHbTP7lQaebm2Zgj5kGjg/games/nKqBkYF4T6KKj_uLbqYqoQ/boxscore?league=NCAAB-III&season=24,https://editor-web.synergysports.com/video?playlistUrl=https%3a%2f%2fbasketball.synergysportstech.com%2fapi%2fgames%2f67102f069d7f7e6c37eb95a6%2ffullgamevideo%2fclips,L,50.0,69.0,-19.0,2024-25,No
"Sat, Nov 23",Northwestern-St. Paul Eagles,St. Olaf Oles,Away,https://fastscout.fastmodelsports.com/teams/i8-sEqj1SLW1SFN7_fiLUA?league=NCAAB-III&season=24,https://fastscout.fastmodelsports.com/teams/ayHbTP7lQaebm2Zgj5kGjg/games/RbX6zJTfTl2AqdXapWCpFg/boxscore?league=NCAAB-III&season=24,https://editor-web.synergysports.com/video?playlistUrl=https%3a%2f%2fbasketball.synergysportstech.com%2fapi%2fgames%2f671131c66d6a2ba9bb7ebcef%2ffullgamevideo%2fclips,L,58.0,85.0,-27.0,2024-25,No
"Tue, Nov 26",UW-Eau Claire Blugolds,St. Olaf Oles,Home,https://fastscout.fastmodelsports.com/teams/u9KC56v1Tsyl1DIt-x3UXQ?league=NCAAB-III&season=24,https://fastscout.fastmodelsports.com/teams/ayHbTP7lQaebm2Zgj5kGjg/games/kOl2PmC1RkGfLuVrSxldxA/boxscore?league=NCAAB-III&season=24,https://editor-web.synergysports.com/video?playlistUrl=https%3a%2f%2fbasketball.synergysportstech.com%2fapi%2fgames%2f671031cb9d7f7e6c37eb95c3%2ffullgamevideo%2fclips,L,56.0,66.0,-10.0,2024-25,No
"Sun, Dec 1",UW-Stevens Point Pointers,St. Olaf Oles,Away,https://fastscout.fastmodelsports.com/teams/OqTWpgCzTV-VyfWtEnIp-g?league=NCAAB-III&season=24,https://fastscout.fastmodelsports.com/teams/ayHbTP7lQaebm2Zgj5kGjg/games/zdasgx5iQWuqaMZGp-UeOA/boxscore?league=NCAAB-III&season=24,https://editor-web.synergysports.com/video?playlistUrl=https%3a%2f%2fbasketball.synergysportstech.com%2fapi%2fgames%2f67102f069d7f7e6c37eb9596%2ffullgamevideo%2fclips,L,50.0,72.0,-22.0,2024-25,No
"Wed, Dec 4",Saint John's (MN) Johnnies,St. Olaf Oles,Away,https://fastscout.fastmodelsports.com/teams/hITED0r7RIucTmpU4dKu-w?league=NCAAB-III&season=24,https://fastscout.fastmodelsports.com/teams/ayHbTP7lQaebm2Zgj5kGjg/games/SeeqowtJQ7GUhmmP_RAugQ/boxscore?league=NCAAB-III&season=24,https://editor-web.synergysports.com/video?playlistUrl=https%3a%2f%2fbasketball.synergysportstech.com%2fapi%2fgames%2f67184665da6e3e87ebf463e7%2ffullgamevideo%2fclips,L,60.0,75.0,-15.0,2024-25,No
"Wed, Dec 11",Gustavus Adolphus Golden Gusties,St. Olaf Oles,Away,https://fastscout.fastmodelsports.com/teams/1PsWyF01QLKdWZ9gzEg5DQ?league=NCAAB-III&season=24,https://fastscout.fastmodelsports.com/teams/ayHbTP7lQaebm2Zgj5kGjg/games/HIa03TnNRteN3ZyLRN4qOg/boxscore?league=NCAAB-III&season=24,https://editor-web.synergysports.com/video?playlistUrl=https%3a%2f%2fbasketball.synergysportstech.com%2fapi%2fgames%2f671836edda6e3e87ebf463df%2ffullgamevideo%2fclips,L,49.0,82.0,-33.0,2024-25,No
"Sat, Jan 4",Bethel (MN) Royals,St. Olaf Oles,Home,https://fastscout.fastmodelsports.com/teams/5YLgxHv4TW64jUgzvfjgqA?league=NCAAB-III&season=24,https://fastscout.fastmodelsports.com/teams/ayHbTP7lQaebm2Zgj5kGjg/games/YiUjETyoQM6b3zvy70aBmg/boxscore?league=NCAAB-III&season=24,https://editor-web.synergysports.com/video?playlistUrl=https%3a%2f%2fbasketball.synergysportstech.com%2fapi%2fgames%2f671836edda6e3e87ebf463cd%2ffullgamevideo%2fclips,L,60.0,66.0,-6.0,2024-25,No
"Mon, Jan 6",Carleton Knights,St. Olaf Oles,Away,https://fastscout.fastmodelsports.com/teams/v5N9I07AS56QFDuTOX9neQ?league=NCAAB-III&season=24,https://fastscout.fastmodelsports.com/teams/ayHbTP7lQaebm2Zgj5kGjg/games/ZG-QMw0pSb6WEdJtZYFGGA/boxscore?league=NCAAB-III&season=24,https://editor-web.synergysports.com/video?playlistUrl=https%3a%2f%2fbasketball.synergysportstech.com%2fapi%2fgames%2f671836ed7570a60d5337dea3%2ffullgamevideo%2fclips,L,57.0,66.0,-9.0,2024-25,No
"Wed, Jan 8",St. Scholastica Saints,St. Olaf Oles,Away,https://fastscout.fastmodelsports.com/teams/OFTagMlLSX2YzSFYdbemSQ?league=NCAAB-III&season=24,https://fastscout.fastmodelsports.com/teams/ayHbTP7lQaebm2Zgj5kGjg/games/oeRpdVm9S2qjKMVy9mrpDw/boxscore?league=NCAAB-III&season=24,https://editor-web.synergysports.com/video?playlistUrl=https%3a%2f%2fbasketball.synergysportstech.com%2fapi%2fgames%2f677f3cee3d0cfc437de12384%2ffullgamevideo%2fclips,L,62.0,81.0,-19.0,2024-25,No
"Sat, Jan 11",Concordia-Moorhead Cobbers,St. Olaf Oles,Home,https://fastscout.fastmodelsports.com/teams/ou29rf93T1iXw1QHKyA0Lg?league=NCAAB-III&season=24,https://fastscout.fastmodelsports.com/teams/ayHbTP7lQaebm2Zgj5kGjg/games/ExfGAgT3Shm1qTN5iNBZKA/boxscore?league=NCAAB-III&season=24,https://editor-web.synergysports.com/video?playlistUrl=https%3a%2f%2fbasketball.synergysportstech.com%2fapi%2fgames%2f67184665da6e3e87ebf463f0%2ffullgamevideo%2fclips,L,56.0,82.0,-26.0,2024-25,No
"Wed, Jan 15",Hamline Pipers,St. Olaf Oles,Home,https://fastscout.fastmodelsports.com/teams/B_S7PSVtRKaBA3lRDbDEeg?league=NCAAB-III&season=24,https://fastscout.fastmodelsports.com/teams/ayHbTP7lQaebm2Zgj5kGjg/games/00YKBNOXSiasPmBVFV_xUA/boxscore?league=NCAAB-III&season=24,https://editor-web.synergysports.com/video?playlistUrl=https%3a%2f%2fbasketball.synergysportstech.com%2fapi%2fgames%2f671836ed7570a60d5337deb6%2ffullgamevideo%2fclips,L,57.0,63.0,-6.0,2024-25,No
"Sat, Jan 18",Augsburg Auggies,St. Olaf Oles,Away,https://fastscout.fastmodelsports.com/teams/4kLuICIWTUagzwDZq9kpkA?league=NCAAB-III&season=24,https://fastscout.fastmodelsports.com/teams/ayHbTP7lQaebm2Zgj5kGjg/games/bXO4BN2dSX-mlUfCk0zEmQ/boxscore?league=NCAAB-III&season=24,https://editor-web.synergysports.com/video?playlistUrl=https%3a%2f%2fbasketball.synergysportstech.com%2fapi%2fgames%2f670fe8acd80e41a373209ec1%2ffullgamevideo%2fclips,L,67.0,75.0,-8.0,2024-25,No
"Wed, Jan 22",Saint Mary's (MN) Cardinals,St. Olaf Oles,Away,https://fastscout.fastmodelsports.com/teams/MMyoxw2HTiuZwHNM8O3Y5g?league=NCAAB-III&season=24,https://fastscout.fastmodelsports.com/teams/ayHbTP7lQaebm2Zgj5kGjg/games/OUWrG7eXSdS8E3C13eNE7A/boxscore?league=NCAAB-III&season=24,https://editor-web.synergysports.com/video?playlistUrl=https%3a%2f%2fbasketball.synergysportstech.com%2fapi%2fgames%2f67184665da6e3e87ebf463f1%2ffullgamevideo%2fclips,W,78.0,67.0,11.0,2024-25,No
"Sat, Jan 25",Carleton Knights,St. Olaf Oles,Home,https://fastscout.fastmodelsports.com/teams/v5N9I07AS56QFDuTOX9neQ?league=NCAAB-III&season=24,https://fastscout.fastmodelsports.com/teams/ayHbTP7lQaebm2Zgj5kGjg/games/TzhFlqO_TdaxDVnl6q5sNQ/boxscore?league=NCAAB-III&season=24,https://editor-web.synergysports.com/video?playlistUrl=https%3a%2f%2fbasketball.synergysportstech.com%2fapi%2fgames%2f671836ed7570a60d5337deab%2ffullgamevideo%2fclips,L,63.0,68.0,-5.0,2024-25,No
"Wed, Jan 29",Saint John's (MN) Johnnies,St. Olaf Oles,Home,https://fastscout.fastmodelsports.com/teams/hITED0r7RIucTmpU4dKu-w?league=NCAAB-III&season=24,https://fastscout.fastmodelsports.com/teams/ayHbTP7lQaebm2Zgj5kGjg/games/h4Oa5w9NRsibtk5Up0WkNg/boxscore?league=NCAAB-III&season=24,https://editor-web.synergysports.com/video?playlistUrl=https%3a%2f%2fbasketball.synergysportstech.com%2fapi%2fgames%2f67184665da6e3e87ebf463ed%2ffullgamevideo%2fclips,L,54.0,78.0,-24.0,2024-25,No
"Wed, Feb 5",Concordia-Moorhead Cobbers,St. Olaf Oles,Away,https://fastscout.fastmodelsports.com/teams/ou29rf93T1iXw1QHKyA0Lg?league=NCAAB-III&season=24,https://fastscout.fastmodelsports.com/teams/ayHbTP7lQaebm2Zgj5kGjg/games/r019XKIlTW-S0tRokJ5lKw/boxscore?league=NCAAB-III&season=24,https://editor-web.synergysports.com/video?playlistUrl=https%3a%2f%2fbasketball.synergysportstech.com%2fapi%2fgames%2f67184665da6e3e87ebf463f2%2ffullgamevideo%2fclips,L,56.0,81.0,-25.0,2024-25,No
"Sat, Feb 8",Augsburg Auggies,St. Olaf Oles,Home,https://fastscout.fastmodelsports.com/teams/4kLuICIWTUagzwDZq9kpkA?league=NCAAB-III&season=24,https://fastscout.fastmodelsports.com/teams/ayHbTP7lQaebm2Zgj5kGjg/games/7UQz4NAqSDC_bOEMJu4gDA/boxscore?league=NCAAB-III&season=24,https://editor-web.synergysports.com/video?playlistUrl=https%3a%2f%2fbasketball.synergysportstech.com%2fapi%2fgames%2f670fe8adc23194f7778ddcdd%2ffullgamevideo%2fclips,L,70.0,71.0,-1.0,2024-25,No
"Wed, Feb 12",Gustavus Adolphus Golden Gusties,St. Olaf Oles,Home,https://fastscout.fastmodelsports.com/teams/1PsWyF01QLKdWZ9gzEg5DQ?league=NCAAB-III&season=24,https://fastscout.fastmodelsports.com/teams/ayHbTP7lQaebm2Zgj5kGjg/games/g1wdPHOmTkebL0TnMme22Q/boxscore?league=NCAAB-III&season=24,https://editor-web.synergysports.com/video?playlistUrl=https%3a%2f%2fbasketball.synergysportstech.com%2fapi%2fgames%2f67ae497aef012fca7e854468%2ffullgamevideo%2fclips,L,55.0,83.0,-28.0,2024-25,No
"Sat, Feb 15",Macalester Scots,St. Olaf Oles,Away,https://fastscout.fastmodelsports.com/teams/k8rrJXDeSZi03Mj1sRoBZQ?league=NCAAB-III&season=24,https://fastscout.fastmodelsports.com/teams/ayHbTP7lQaebm2Zgj5kGjg/games/3B9jZZNNQA-npvU5-BL7Gg/boxscore?league=NCAAB-III&season=24,https://editor-web.synergysports.com/video?playlistUrl=https%3a%2f%2fbasketball.synergysportstech.com%2fapi%2fgames%2f671836ed7570a60d5337dec2%2ffullgamevideo%2fclips,W,75.0,58.0,17.0,2024-25,No
"Wed, Feb 19",Saint Mary's (MN) Cardinals,St. Olaf Oles,Home,https://fastscout.fastmodelsports.com/teams/MMyoxw2HTiuZwHNM8O3Y5g?league=NCAAB-III&season=24,https://fastscout.fastmodelsports.com/teams/ayHbTP7lQaebm2Zgj5kGjg/games/3UeYElXzTfuVmhlXC0H01w/boxscore?league=NCAAB-III&season=24,https://editor-web.synergysports.com/video?playlistUrl=https%3a%2f%2fbasketball.synergysportstech.com%2fapi%2fgames%2f67184665da6e3e87ebf463f3%2ffullgamevideo%2fclips,W,77.0,74.0,3.0,2024-25,No
"Sat, Feb 22",Hamline Pipers,St. Olaf Oles,Away,https://fastscout.fastmodelsports.com/teams/B_S7PSVtRKaBA3lRDbDEeg?league=NCAAB-III&season=24,https://fastscout.fastmodelsports.com/teams/ayHbTP7lQaebm2Zgj5kGjg/games/jYNUxrIgRlCiLSXQCmHgxQ/boxscore?league=NCAAB-III&season=24,https://editor-web.synergysports.com/video?playlistUrl=https%3a%2f%2fbasketball.synergysportstech.com%2fapi%2fgames%2f671836ed7570a60d5337debf%2ffullgamevideo%2fclips,L,64.0,87.0,-23.0,2024-25,No
"Fri, Nov 8",Dubuque Spartans,Aurora Spartans,Home,https://fastscout.fastmodelsports.com/teams/zqAJmDBaTZCPIvIeVglNQg?league=NCAAB-III&season=24,https://fastscout.fastmodelsports.com/teams/UxiGqKUrSCmXR4N-1svMtA/games/-rlRAFLbTveUfhVySjYGRA/boxscore?league=NCAAB-III&season=24,https://editor-web.synergysports.com/video?playlistUrl=https%3a%2f%2fbasketball.synergysportstech.com%2fapi%2fgames%2f671208ace60c8d6476bc362a%2ffullgamevideo%2fclips,L,76.0,88.0,-12.0,2024-25,No
"Tue, Nov 12",North Central (IL) Cardinals,Aurora Spartans,Home,https://fastscout.fastmodelsports.com/teams/dShnkyWDRTaBQuxYFLIBSg?league=NCAAB-III&season=24,https://fastscout.fastmodelsports.com/teams/UxiGqKUrSCmXR4N-1svMtA/games/_a-K6JCUQX-mBmqMcFGoYQ/boxscore?league=NCAAB-III&season=24,https://editor-web.synergysports.com/video?playlistUrl=https%3a%2f%2fbasketball.synergysportstech.com%2fapi%2fgames%2f6710a20e325de0e53b8ac90f%2ffullgamevideo%2fclips,L,71.0,78.0,-7.0,2024-25,No
"Sat, Nov 16",MSOE Raiders,Aurora Spartans,Away,https://fastscout.fastmodelsports.com/teams/Sp1tpZk8S1iLs3ofcWZrDg?league=NCAAB-III&season=24,https://fastscout.fastmodelsports.com/teams/UxiGqKUrSCmXR4N-1svMtA/games/nOBEVyiBRFal3VKjYQuwOg/boxscore?league=NCAAB-III&season=24,https://editor-web.synergysports.com/video?playlistUrl=https%3a%2f%2fbasketball.synergysportstech.com%2fapi%2fgames%2f671eea4fb947d47f7a98286a%2ffullgamevideo%2fclips,W,86.0,82.0,4.0,2024-25,No
"Wed, Nov 20",UW-Whitewater Warhawks,Aurora Spartans,Home,https://fastscout.fastmodelsports.com/teams/YNoIeSV6SVujUWWWZIKOxw?league=NCAAB-III&season=24,https://fastscout.fastmodelsports.com/teams/UxiGqKUrSCmXR4N-1svMtA/games/aVTDZ8sJRIifGwn58xxQ9g/boxscore?league=NCAAB-III&season=24,https://editor-web.synergysports.com/video?playlistUrl=https%3a%2f%2fbasketball.synergysportstech.com%2fapi%2fgames%2f67102d959d7f7e6c37eb9563%2ffullgamevideo%2fclips,L,72.0,75.0,-3.0,2024-25,No
"Tue, Nov 26",Millikin Big Blue,Aurora Spartans,Away,https://fastscout.fastmodelsports.com/teams/PZNqmqhtQzOt-gXf0xm0gQ?league=NCAAB-III&season=24,https://fastscout.fastmodelsports.com/teams/UxiGqKUrSCmXR4N-1svMtA/games/-o94SWs1Sr-XWPWjY38bzw/boxscore?league=NCAAB-III&season=24,https://editor-web.synergysports.com/video?playlistUrl=https%3a%2f%2fbasketball.synergysportstech.com%2fapi%2fgames%2f67109d6836491963bb4efa16%2ffullgamevideo%2fclips,L,45.0,49.0,-4.0,2024-25,No
"Sat, Nov 30",UIC Flames,Aurora Spartans,Away,https://fastscout.fastmodelsports.com/teams/W784HWy8RuG_NWuJWaue6g?league=NCAAB&season=24,https://fastscout.fastmodelsports.com/teams/UxiGqKUrSCmXR4N-1svMtA/games/Fc5nSipsSGuKZeIoSY9RuQ/boxscore?league=NCAAB-III&season=24,https://editor-web.synergysports.com/video?playlistUrl=https%3a%2f%2fbasketball.synergysportstech.com%2fapi%2fgames%2f671957506466ceeb21c1c72e%2ffullgamevideo%2fclips,L,76.0,91.0,-15.0,2024-25,No
"Wed, Dec 4",Concordia Wisconsin Falcons,Aurora Spartans,Home,https://fastscout.fastmodelsports.com/teams/R92_BTbYTo6xHbTOVj5ZFg?league=NCAAB-III&season=24,https://fastscout.fastmodelsports.com/teams/UxiGqKUrSCmXR4N-1svMtA/games/rXfLZSBUSBuSffOQDiiCEg/boxscore?league=NCAAB-III&season=24,https://editor-web.synergysports.com/video?playlistUrl=https%3a%2f%2fbasketball.synergysportstech.com%2fapi%2fgames%2f673a651baf00136751f65352%2ffullgamevideo%2fclips,W,75.0,68.0,7.0,2024-25,No
"Sat, Dec 7",St. Norbert Green Knights,Aurora Spartans,Away,https://fastscout.fastmodelsports.com/teams/mdTxP3GCSVKmzTfFimCobQ?league=NCAAB-III&season=24,https://fastscout.fastmodelsports.com/teams/UxiGqKUrSCmXR4N-1svMtA/games/SvbZ8nZfQZSdTbmvUJ_9qw/boxscore?league=NCAAB-III&season=24,https://editor-web.synergysports.com/video?playlistUrl=https%3a%2f%2fbasketball.synergysportstech.com%2fapi%2fgames%2f671eea50b947d47f7a98286c%2ffullgamevideo%2fclips,L,63.0,74.0,-11.0,2024-25,No
"Sat, Dec 14",Marian (WI) Sabres,Aurora Spartans,Away,https://fastscout.fastmodelsports.com/teams/r86M20qxRzSiaIolG6Vaxg?league=NCAAB-III&season=24,https://fastscout.fastmodelsports.com/teams/UxiGqKUrSCmXR4N-1svMtA/games/rB8X4RiyQpS6W1CRSkzeyA/boxscore?league=NCAAB-III&season=24,https://editor-web.synergysports.com/video?playlistUrl=https%3a%2f%2fbasketball.synergysportstech.com%2fapi%2fgames%2f671f24e98e06a64493c96f14%2ffullgamevideo%2fclips,L,64.0,72.0,-8.0,2024-25,No
"Tue, Dec 17",Albion Britons,Aurora Spartans,Away,https://fastscout.fastmodelsports.com/teams/Cn-MEfc5Qji1eG_SD9jT3w?league=NCAAB-III&season=24,https://fastscout.fastmodelsports.com/teams/UxiGqKUrSCmXR4N-1svMtA/games/LitTm-YTSPGrCrkdcAhlSA/boxscore?league=NCAAB-III&season=24,https://editor-web.synergysports.com/video?playlistUrl=https%3a%2f%2fbasketball.synergysportstech.com%2fapi%2fgames%2f671eea50b947d47f7a98286d%2ffullgamevideo%2fclips,W,60.0,58.0,2.0,2024-25,No
"Mon, Dec 30",Monmouth (IL) Fighting Scots,Aurora Spartans,Home,https://fastscout.fastmodelsports.com/teams/RwLuY3EgSQK0Z64iIjtAlA?league=NCAAB-III&season=24,https://fastscout.fastmodelsports.com/teams/UxiGqKUrSCmXR4N-1svMtA/games/jPdQUj9CQDCpwkOVdwK1_A/boxscore?league=NCAAB-III&season=24,https://editor-web.synergysports.com/video?playlistUrl=https%3a%2f%2fbasketball.synergysportstech.com%2fapi%2fgames%2f6712c3ec7d0f17f4c2c827b2%2ffullgamevideo%2fclips,W,74.0,71.0,3.0,2024-25,No
"Sat, Jan 4",Concordia Chicago Cougars,Aurora Spartans,Away,https://fastscout.fastmodelsports.com/teams/3Av15Pz0Sdy7GT0k5cG1yg?league=NCAAB-III&season=24,https://fastscout.fastmodelsports.com/teams/UxiGqKUrSCmXR4N-1svMtA/games/I2IKHpQ3TeifzC80PLLBqA/boxscore?league=NCAAB-III&season=24,https://editor-web.synergysports.com/video?playlistUrl=https%3a%2f%2fbasketball.synergysportstech.com%2fapi%2fgames%2f671eea50b947d47f7a98286e%2ffullgamevideo%2fclips,L,64.0,67.0,-3.0,2024-25,No
"Wed, Jan 8",Dominican (IL) Stars,Aurora Spartans,Home,https://fastscout.fastmodelsports.com/teams/JS3ko0xaRIi16rQQhf4aAw?league=NCAAB-III&season=24,https://fastscout.fastmodelsports.com/teams/UxiGqKUrSCmXR4N-1svMtA/games/Za7-FlClTXeh4ToIXFHi3g/boxscore?league=NCAAB-III&season=24,https://editor-web.synergysports.com/video?playlistUrl=https%3a%2f%2fbasketball.synergysportstech.com%2fapi%2fgames%2f671eea50b947d47f7a98286f%2ffullgamevideo%2fclips,W,98.0,64.0,34.0,2024-25,No
"Sat, Jan 11",Marian (WI) Sabres,Aurora Spartans,Home,https://fastscout.fastmodelsports.com/teams/r86M20qxRzSiaIolG6Vaxg?league=NCAAB-III&season=24,https://fastscout.fastmodelsports.com/teams/UxiGqKUrSCmXR4N-1svMtA/games/mLxrKZstSg6PVGZtSl34rA/boxscore?league=NCAAB-III&season=24,https://editor-web.synergysports.com/video?playlistUrl=https%3a%2f%2fbasketball.synergysportstech.com%2fapi%2fgames%2f671eea51b947d47f7a982871%2ffullgamevideo%2fclips,L,67.0,68.0,-1.0,2024-25,No
"Wed, Jan 15",Edgewood Eagles,Aurora Spartans,Home,https://fastscout.fastmodelsports.com/teams/j2Rs34LFTP2eL8u-R-Tnyg?league=NCAAB-III&season=24,https://fastscout.fastmodelsports.com/teams/UxiGqKUrSCmXR4N-1svMtA/games/FXZEUnkBQ5aLc0d0lsmPaA/boxscore?league=NCAAB-III&season=24,https://editor-web.synergysports.com/video?playlistUrl=https%3a%2f%2fbasketball.synergysportstech.com%2fapi%2fgames%2f671eea51b947d47f7a982872%2ffullgamevideo%2fclips,W,96.0,66.0,30.0,2024-25,No
"Sat, Jan 18",St. Norbert Green Knights,Aurora Spartans,Home,https://fastscout.fastmodelsports.com/teams/mdTxP3GCSVKmzTfFimCobQ?league=NCAAB-III&season=24,https://fastscout.fastmodelsports.com/teams/UxiGqKUrSCmXR4N-1svMtA/games/Y0qFoiS2T56XmnUrKabG-Q/boxscore?league=NCAAB-III&season=24,https://editor-web.synergysports.com/video?playlistUrl=https%3a%2f%2fbasketball.synergysportstech.com%2fapi%2fgames%2f671eea51b947d47f7a982873%2ffullgamevideo%2fclips,W,76.0,62.0,14.0,2024-25,No
"Wed, Jan 22",Rockford Regents,Aurora Spartans,Home,https://fastscout.fastmodelsports.com/teams/o6vzIrG0Qt67J2p0hVJcpw?league=NCAAB-III&season=24,https://fastscout.fastmodelsports.com/teams/UxiGqKUrSCmXR4N-1svMtA/games/A_3gVbpMQfCWKaVzuBrugQ/boxscore?league=NCAAB-III&season=24,https://editor-web.synergysports.com/video?playlistUrl=https%3a%2f%2fbasketball.synergysportstech.com%2fapi%2fgames%2f671eea51b947d47f7a982874%2ffullgamevideo%2fclips,W,102.0,90.0,12.0,2024-25,No
"Sat, Jan 25",Wisconsin Lutheran Warriors,Aurora Spartans,Away,https://fastscout.fastmodelsports.com/teams/5NaTpt21QwKaAXLTcnz85w?league=NCAAB-III&season=24,https://fastscout.fastmodelsports.com/teams/UxiGqKUrSCmXR4N-1svMtA/games/Ya91rgpOQbSPLXmKQe87NA/boxscore?league=NCAAB-III&season=24,https://editor-web.synergysports.com/video?playlistUrl=https%3a%2f%2fbasketball.synergysportstech.com%2fapi%2fgames%2f671eea51b947d47f7a982875%2ffullgamevideo%2fclips,L,78.0,91.0,-13.0,2024-25,No
"Wed, Jan 29",Benedictine (IL) Eagles,Aurora Spartans,Away,https://fastscout.fastmodelsports.com/teams/4I5RvZCITHm1W56x31msDw?league=NCAAB-III&season=24,https://fastscout.fastmodelsports.com/teams/UxiGqKUrSCmXR4N-1svMtA/games/HsmKgY48RI238f3Xb3kd0Q/boxscore?league=NCAAB-III&season=24,https://editor-web.synergysports.com/video?playlistUrl=https%3a%2f%2fbasketball.synergysportstech.com%2fapi%2fgames%2f671eedd6832e5fb12eff4496%2ffullgamevideo%2fclips,L,73.0,75.0,-2.0,2024-25,No
"Wed, Feb 5",Illinois Tech Scarlet Hawks,Aurora Spartans,Away,https://fastscout.fastmodelsports.com/teams/tCJPX5gaQYSzpVyopRyinQ?league=NCAAB-III&season=24,https://fastscout.fastmodelsports.com/teams/UxiGqKUrSCmXR4N-1svMtA/games/czdhlTOnSnORhLSVAPAXFQ/boxscore?league=NCAAB-III&season=24,https://editor-web.synergysports.com/video?playlistUrl=https%3a%2f%2fbasketball.synergysportstech.com%2fapi%2fgames%2f671eea51b947d47f7a982877%2ffullgamevideo%2fclips,W,96.0,54.0,42.0,2024-25,No
"Sat, Feb 8",MSOE Raiders,Aurora Spartans,Home,https://fastscout.fastmodelsports.com/teams/Sp1tpZk8S1iLs3ofcWZrDg?league=NCAAB-III&season=24,https://fastscout.fastmodelsports.com/teams/UxiGqKUrSCmXR4N-1svMtA/games/zEs_TDYgQ0qKeG1XFajueA/boxscore?league=NCAAB-III&season=24,https://editor-web.synergysports.com/video?playlistUrl=https%3a%2f%2fbasketball.synergysportstech.com%2fapi%2fgames%2f671eea52b947d47f7a982878%2ffullgamevideo%2fclips,L,86.0,94.0,-8.0,2024-25,No
"Thu, Feb 13",Concordia Chicago Cougars,Aurora Spartans,Home,https://fastscout.fastmodelsports.com/teams/3Av15Pz0Sdy7GT0k5cG1yg?league=NCAAB-III&season=24,https://fastscout.fastmodelsports.com/teams/UxiGqKUrSCmXR4N-1svMtA/games/q9GU2I_bTqK-lZ0pJla6hg/boxscore?league=NCAAB-III&season=24,https://editor-web.synergysports.com/video?playlistUrl=https%3a%2f%2fbasketball.synergysportstech.com%2fapi%2fgames%2f671eea52b947d47f7a982879%2ffullgamevideo%2fclips,L,69.0,74.0,-5.0,2024-25,No
"Sat, Feb 15",Concordia Wisconsin Falcons,Aurora Spartans,Away,https://fastscout.fastmodelsports.com/teams/R92_BTbYTo6xHbTOVj5ZFg?league=NCAAB-III&season=24,https://fastscout.fastmodelsports.com/teams/UxiGqKUrSCmXR4N-1svMtA/games/Oe6lQQsQRmuU7AIHk7fbrg/boxscore?league=NCAAB-III&season=24,https://editor-web.synergysports.com/video?playlistUrl=https%3a%2f%2fbasketball.synergysportstech.com%2fapi%2fgames%2f673a6774540590ddc09be37f%2ffullgamevideo%2fclips,W,67.0,66.0,1.0,2024-25,No
"Wed, Feb 19",Lakeland Muskies,Aurora Spartans,Home,https://fastscout.fastmodelsports.com/teams/2Vdqayo0TyGkQtaFIH0f4Q?league=NCAAB-III&season=24,https://fastscout.fastmodelsports.com/teams/UxiGqKUrSCmXR4N-1svMtA/games/BtNmL8QaSC-RWryAmH9VCQ/boxscore?league=NCAAB-III&season=24,https://editor-web.synergysports.com/video?playlistUrl=https%3a%2f%2fbasketball.synergysportstech.com%2fapi%2fgames%2f671eea52b947d47f7a98287b%2ffullgamevideo%2fclips,W,109.0,60.0,49.0,2024-25,No
"Sat, Feb 22",Dominican (IL) Stars,Aurora Spartans,Away,https://fastscout.fastmodelsports.com/teams/JS3ko0xaRIi16rQQhf4aAw?league=NCAAB-III&season=24,https://fastscout.fastmodelsports.com/teams/UxiGqKUrSCmXR4N-1svMtA/games/Sq9K38gHQw6KohwDHSojmw/boxscore?league=NCAAB-III&season=24,https://editor-web.synergysports.com/video?playlistUrl=https%3a%2f%2fbasketball.synergysportstech.com%2fapi%2fgames%2f671eea52b947d47f7a98287c%2ffullgamevideo%2fclips,L,97.0,101.0,-4.0,2024-25,No
"Wed, Feb 26",St. Norbert Green Knights,Aurora Spartans,Away,https://fastscout.fastmodelsports.com/teams/mdTxP3GCSVKmzTfFimCobQ?league=NCAAB-III&season=24,https://fastscout.fastmodelsports.com/teams/UxiGqKUrSCmXR4N-1svMtA/games/K-qG8XDPRr2knUp4qziacw/boxscore?league=NCAAB-III&season=24,https://editor-web.synergysports.com/video?playlistUrl=https%3a%2f%2fbasketball.synergysportstech.com%2fapi%2fgames%2f67bcd0fc415c8e57b4ebc3c6%2ffullgamevideo%2fclips,L,72.0,83.0,-11.0,2024-25,No
"Fri, Nov 8",Cornell College Rams,Coe Kohawks,Away,https://fastscout.fastmodelsports.com/teams/4xC2EB-cSCSeH09BFgahlw?league=NCAAB-III&season=24,https://fastscout.fastmodelsports.com/teams/jXGQW7S_QkGvOZlY68lfbQ/games/3DgDmzzsRau5lmLh5gl9Pg/boxscore?league=NCAAB-III&season=24,https://editor-web.synergysports.com/video?playlistUrl=https%3a%2f%2fbasketball.synergysportstech.com%2fapi%2fgames%2f6711d0673915b6e10cb18d0a%2ffullgamevideo%2fclips,W,90.0,78.0,12.0,2024-25,No
"Tue, Nov 12",Augustana (IL) Vikings,Coe Kohawks,Away,https://fastscout.fastmodelsports.com/teams/4AGwMe0STpKehLlVIUKfHQ?league=NCAAB-III&season=24,https://fastscout.fastmodelsports.com/teams/jXGQW7S_QkGvOZlY68lfbQ/games/vxlOUlMgT9qUZGGygpTdUg/boxscore?league=NCAAB-III&season=24,https://editor-web.synergysports.com/video?playlistUrl=https%3a%2f%2fbasketball.synergysportstech.com%2fapi%2fgames%2f67105f48686a8f5d8fac432c%2ffullgamevideo%2fclips,L,70.0,82.0,-12.0,2024-25,No
"Wed, Nov 20",Cornell College Rams,Coe Kohawks,Home,https://fastscout.fastmodelsports.com/teams/4xC2EB-cSCSeH09BFgahlw?league=NCAAB-III&season=24,https://fastscout.fastmodelsports.com/teams/jXGQW7S_QkGvOZlY68lfbQ/games/UkUhkqgWQRuLAaiOm6OsIQ/boxscore?league=NCAAB-III&season=24,https://editor-web.synergysports.com/video?playlistUrl=https%3a%2f%2fbasketball.synergysportstech.com%2fapi%2fgames%2f6711d0673915b6e10cb18d0b%2ffullgamevideo%2fclips,L,71.0,74.0,-3.0,2024-25,No
"Sat, Nov 23",UW-Whitewater Warhawks,Coe Kohawks,Away,https://fastscout.fastmodelsports.com/teams/YNoIeSV6SVujUWWWZIKOxw?league=NCAAB-III&season=24,https://fastscout.fastmodelsports.com/teams/jXGQW7S_QkGvOZlY68lfbQ/games/O5rC_UDNReig9Y6LSEckag/boxscore?league=NCAAB-III&season=24,https://editor-web.synergysports.com/video?playlistUrl=https%3a%2f%2fbasketball.synergysportstech.com%2fapi%2fgames%2f67102d959d7f7e6c37eb9564%2ffullgamevideo%2fclips,W,74.0,60.0,14.0,2024-25,No
"Tue, Nov 26",Loras Duhawks,Coe Kohawks,Away,https://fastscout.fastmodelsports.com/teams/ajx5YMsQReiGG5ySrx_9zw?league=NCAAB-III&season=24,https://fastscout.fastmodelsports.com/teams/jXGQW7S_QkGvOZlY68lfbQ/games/rK8Vr3loSNi4moRPlEFITA/boxscore?league=NCAAB-III&season=24,https://editor-web.synergysports.com/video?playlistUrl=https%3a%2f%2fbasketball.synergysportstech.com%2fapi%2fgames%2f6711d0673915b6e10cb18d0c%2ffullgamevideo%2fclips,L,74.0,90.0,-16.0,2024-25,No
"Sat, Nov 30",Edgewood Eagles,Coe Kohawks,Away,https://fastscout.fastmodelsports.com/teams/j2Rs34LFTP2eL8u-R-Tnyg?league=NCAAB-III&season=24,https://fastscout.fastmodelsports.com/teams/jXGQW7S_QkGvOZlY68lfbQ/games/DI31LjfkRbeglFf2aBCU6A/boxscore?league=NCAAB-III&season=24,https://editor-web.synergysports.com/video?playlistUrl=https%3a%2f%2fbasketball.synergysportstech.com%2fapi%2fgames%2f6711d0673915b6e10cb18d0d%2ffullgamevideo%2fclips,W,64.0,63.0,1.0,2024-25,No
"Wed, Dec 4",Simpson Storm,Coe Kohawks,Home,https://fastscout.fastmodelsports.com/teams/gJj-UOqhSs-rqAEEH1mw6A?league=NCAAB-III&season=24,https://fastscout.fastmodelsports.com/teams/jXGQW7S_QkGvOZlY68lfbQ/games/aLjTM5wmQJqQTP2gIRDx0Q/boxscore?league=NCAAB-III&season=24,https://editor-web.synergysports.com/video?playlistUrl=https%3a%2f%2fbasketball.synergysportstech.com%2fapi%2fgames%2f6711d0673915b6e10cb18d0e%2ffullgamevideo%2fclips,W,79.0,51.0,28.0,2024-25,No
"Sat, Dec 7",Buena Vista Beavers,Coe Kohawks,Away,https://fastscout.fastmodelsports.com/teams/Tf82n-BsQy-fDE2CZMqpiA?league=NCAAB-III&season=24,https://fastscout.fastmodelsports.com/teams/jXGQW7S_QkGvOZlY68lfbQ/games/p0HpAvzURhOlwFBNbeOxXg/boxscore?league=NCAAB-III&season=24,https://editor-web.synergysports.com/video?playlistUrl=https%3a%2f%2fbasketball.synergysportstech.com%2fapi%2fgames%2f6711c12de41f5fb0c4adb527%2ffullgamevideo%2fclips,L,60.0,63.0,-3.0,2024-25,No
"Mon, Dec 16",North Central (MN) Rams,Coe Kohawks,Away,https://fastscout.fastmodelsports.com/teams/Q4_ZqpuuSfKV4ti5ZM94Xg?league=NCAAB-III&season=24,https://fastscout.fastmodelsports.com/teams/jXGQW7S_QkGvOZlY68lfbQ/games/lLA-jhIcTVe1YFXIaHvVvQ/boxscore?league=NCAAB-III&season=24,https://editor-web.synergysports.com/video?playlistUrl=https%3a%2f%2fbasketball.synergysportstech.com%2fapi%2fgames%2f67113057ce1324ff6c0971bd%2ffullgamevideo%2fclips,W,80.0,69.0,11.0,2024-25,No
"Fri, Dec 20",Knox Prairie Fire,Coe Kohawks,Home,https://fastscout.fastmodelsports.com/teams/zNLq3uRDRCmTB7x_z7Wf_w?league=NCAAB-III&season=24,https://fastscout.fastmodelsports.com/teams/jXGQW7S_QkGvOZlY68lfbQ/games/2Oz-VJELQR6bMld69zCtCQ/boxscore?league=NCAAB-III&season=24,https://editor-web.synergysports.com/video?playlistUrl=https%3a%2f%2fbasketball.synergysportstech.com%2fapi%2fgames%2f6711d0673915b6e10cb18d0f%2ffullgamevideo%2fclips,W,83.0,70.0,13.0,2024-25,No
"Sat, Dec 21",MSOE Raiders,Coe Kohawks,Home,https://fastscout.fastmodelsports.com/teams/Sp1tpZk8S1iLs3ofcWZrDg?league=NCAAB-III&season=24,https://fastscout.fastmodelsports.com/teams/jXGQW7S_QkGvOZlY68lfbQ/games/zetRike1TQCF9-NjXoJTxg/boxscore?league=NCAAB-III&season=24,https://editor-web.synergysports.com/video?playlistUrl=https%3a%2f%2fbasketball.synergysportstech.com%2fapi%2fgames%2f6711d0673915b6e10cb18d10%2ffullgamevideo%2fclips,W,69.0,65.0,4.0,2024-25,No
"Mon, Dec 30",Gustavus Adolphus Golden Gusties,Coe Kohawks,Home,https://fastscout.fastmodelsports.com/teams/1PsWyF01QLKdWZ9gzEg5DQ?league=NCAAB-III&season=24,https://fastscout.fastmodelsports.com/teams/jXGQW7S_QkGvOZlY68lfbQ/games/so7ljTncQj6_8y1QGnYpPg/boxscore?league=NCAAB-III&season=24,https://editor-web.synergysports.com/video?playlistUrl=https%3a%2f%2fbasketball.synergysportstech.com%2fapi%2fgames%2f6711d0683915b6e10cb18d11%2ffullgamevideo%2fclips,L,75.0,78.0,-3.0,2024-25,No
"Sat, Jan 4",Central (IA) Dutch,Coe Kohawks,Home,https://fastscout.fastmodelsports.com/teams/bUaIfaQOQWiU7dKR8JUN5Q?league=NCAAB-III&season=24,https://fastscout.fastmodelsports.com/teams/jXGQW7S_QkGvOZlY68lfbQ/games/ryZF_oAyTrGXEQNzu8IKUQ/boxscore?league=NCAAB-III&season=24,https://editor-web.synergysports.com/video?playlistUrl=https%3a%2f%2fbasketball.synergysportstech.com%2fapi%2fgames%2f6711ca8b880c2b5fbe9ba1df%2ffullgamevideo%2fclips,W,88.0,74.0,14.0,2024-25,No
"Wed, Jan 8",Luther Norse,Coe Kohawks,Home,https://fastscout.fastmodelsports.com/teams/Z-PVEhvUQU-FCt9ZXWMgGQ?league=NCAAB-III&season=24,https://fastscout.fastmodelsports.com/teams/jXGQW7S_QkGvOZlY68lfbQ/games/kxxeIxtRT7OGR6h5KAQP2g/boxscore?league=NCAAB-III&season=24,https://editor-web.synergysports.com/video?playlistUrl=https%3a%2f%2fbasketball.synergysportstech.com%2fapi%2fgames%2f6711d0683915b6e10cb18d12%2ffullgamevideo%2fclips,W,65.0,53.0,12.0,2024-25,No
"Wed, Jan 15",Dubuque Spartans,Coe Kohawks,Away,https://fastscout.fastmodelsports.com/teams/zqAJmDBaTZCPIvIeVglNQg?league=NCAAB-III&season=24,https://fastscout.fastmodelsports.com/teams/jXGQW7S_QkGvOZlY68lfbQ/games/BFYdp612QLijN0Jfz39F3A/boxscore?league=NCAAB-III&season=24,https://editor-web.synergysports.com/video?playlistUrl=https%3a%2f%2fbasketball.synergysportstech.com%2fapi%2fgames%2f6711d0683915b6e10cb18d13%2ffullgamevideo%2fclips,L,69.0,77.0,-8.0,2024-25,No
"Sat, Jan 18",Nebraska Wesleyan Prairie Wolves,Coe Kohawks,Away,https://fastscout.fastmodelsports.com/teams/g7hKaVSoTkmh6YM0IzERVw?league=NCAAB-III&season=24,https://fastscout.fastmodelsports.com/teams/jXGQW7S_QkGvOZlY68lfbQ/games/L7kVFNkJTiyjtP_P8acnMw/boxscore?league=NCAAB-III&season=24,https://editor-web.synergysports.com/video?playlistUrl=https%3a%2f%2fbasketball.synergysportstech.com%2fapi%2fgames%2f6711d0683915b6e10cb18d14%2ffullgamevideo%2fclips,L,59.0,71.0,-12.0,2024-25,No
"Wed, Jan 22",Wartburg Knights,Coe Kohawks,Home,https://fastscout.fastmodelsports.com/teams/S3yQj7VtS--Tb0Dqorg6Mg?league=NCAAB-III&season=24,https://fastscout.fastmodelsports.com/teams/jXGQW7S_QkGvOZlY68lfbQ/games/8nYrHyjBTuidrAKQPuhvfQ/boxscore?league=NCAAB-III&season=24,https://editor-web.synergysports.com/video?playlistUrl=https%3a%2f%2fbasketball.synergysportstech.com%2fapi%2fgames%2f6710295eab7737b81253471f%2ffullgamevideo%2fclips,W,79.0,69.0,10.0,2024-25,No
"Sat, Jan 25",Buena Vista Beavers,Coe Kohawks,Home,https://fastscout.fastmodelsports.com/teams/Tf82n-BsQy-fDE2CZMqpiA?league=NCAAB-III&season=24,https://fastscout.fastmodelsports.com/teams/jXGQW7S_QkGvOZlY68lfbQ/games/nI8wqRa2RZmMTASNFpWvFA/boxscore?league=NCAAB-III&season=24,https://editor-web.synergysports.com/video?playlistUrl=https%3a%2f%2fbasketball.synergysportstech.com%2fapi%2fgames%2f6711c12de41f5fb0c4adb52d%2ffullgamevideo%2fclips,W,64.0,60.0,4.0,2024-25,No
"Wed, Jan 29",Loras Duhawks,Coe Kohawks,Home,https://fastscout.fastmodelsports.com/teams/ajx5YMsQReiGG5ySrx_9zw?league=NCAAB-III&season=24,https://fastscout.fastmodelsports.com/teams/jXGQW7S_QkGvOZlY68lfbQ/games/G0vaPlvdT-icjwOPszr0sQ/boxscore?league=NCAAB-III&season=24,https://editor-web.synergysports.com/video?playlistUrl=https%3a%2f%2fbasketball.synergysportstech.com%2fapi%2fgames%2f6711d0683915b6e10cb18d15%2ffullgamevideo%2fclips,W,100.0,95.0,5.0,2024-25,No
"Sat, Feb 1",Central (IA) Dutch,Coe Kohawks,Away,https://fastscout.fastmodelsports.com/teams/bUaIfaQOQWiU7dKR8JUN5Q?league=NCAAB-III&season=24,https://fastscout.fastmodelsports.com/teams/jXGQW7S_QkGvOZlY68lfbQ/games/TpqSZ7kWS-q2WEwnyTJ5Qw/boxscore?league=NCAAB-III&season=24,https://editor-web.synergysports.com/video?playlistUrl=https%3a%2f%2fbasketball.synergysportstech.com%2fapi%2fgames%2f6711ca8c880c2b5fbe9ba1e5%2ffullgamevideo%2fclips,L,73.0,75.0,-2.0,2024-25,No
"Wed, Feb 5",Simpson Storm,Coe Kohawks,Away,https://fastscout.fastmodelsports.com/teams/gJj-UOqhSs-rqAEEH1mw6A?league=NCAAB-III&season=24,https://fastscout.fastmodelsports.com/teams/jXGQW7S_QkGvOZlY68lfbQ/games/LfNmT1BqTdW1X0aB-2tkAQ/boxscore?league=NCAAB-III&season=24,https://editor-web.synergysports.com/video?playlistUrl=https%3a%2f%2fbasketball.synergysportstech.com%2fapi%2fgames%2f6711d0683915b6e10cb18d16%2ffullgamevideo%2fclips,L,78.0,83.0,-5.0,2024-25,No
"Thu, Feb 13",Luther Norse,Coe Kohawks,Away,https://fastscout.fastmodelsports.com/teams/Z-PVEhvUQU-FCt9ZXWMgGQ?league=NCAAB-III&season=24,https://fastscout.fastmodelsports.com/teams/jXGQW7S_QkGvOZlY68lfbQ/games/H8SDQXlDR2yvTamaJMa9Mg/boxscore?league=NCAAB-III&season=24,https://editor-web.synergysports.com/video?playlistUrl=https%3a%2f%2fbasketball.synergysportstech.com%2fapi%2fgames%2f67159f6a9454fc0b35ef1c5f%2ffullgamevideo%2fclips,W,60.0,53.0,7.0,2024-25,No
"Sat, Feb 15",Nebraska Wesleyan Prairie Wolves,Coe Kohawks,Home,https://fastscout.fastmodelsports.com/teams/g7hKaVSoTkmh6YM0IzERVw?league=NCAAB-III&season=24,https://fastscout.fastmodelsports.com/teams/jXGQW7S_QkGvOZlY68lfbQ/games/gbNoV-AdQ8WS7U0qtZzDsg/boxscore?league=NCAAB-III&season=24,https://editor-web.synergysports.com/video?playlistUrl=https%3a%2f%2fbasketball.synergysportstech.com%2fapi%2fgames%2f6711d0683915b6e10cb18d18%2ffullgamevideo%2fclips,W,77.0,75.0,2.0,2024-25,No
"Wed, Feb 19",Dubuque Spartans,Coe Kohawks,Home,https://fastscout.fastmodelsports.com/teams/zqAJmDBaTZCPIvIeVglNQg?league=NCAAB-III&season=24,https://fastscout.fastmodelsports.com/teams/jXGQW7S_QkGvOZlY68lfbQ/games/UaqV5i0XS9eRTlmkyi_wGA/boxscore?league=NCAAB-III&season=24,https://editor-web.synergysports.com/video?playlistUrl=https%3a%2f%2fbasketball.synergysportstech.com%2fapi%2fgames%2f6711d0683915b6e10cb18d19%2ffullgamevideo%2fclips,L,75.0,78.0,-3.0,2024-25,No
"Sat, Feb 22",Wartburg Knights,Coe Kohawks,Away,https://fastscout.fastmodelsports.com/teams/S3yQj7VtS--Tb0Dqorg6Mg?league=NCAAB-III&season=24,https://fastscout.fastmodelsports.com/teams/jXGQW7S_QkGvOZlY68lfbQ/games/x5qWJ_WLTGKcKLRpxDQ_Yw/boxscore?league=NCAAB-III&season=24,https://editor-web.synergysports.com/video?playlistUrl=https%3a%2f%2fbasketball.synergysportstech.com%2fapi%2fgames%2f6710295eab7737b812534727%2ffullgamevideo%2fclips,L,61.0,80.0,-19.0,2024-25,No
"Tue, Feb 25",Central (IA) Dutch,Coe Kohawks,Away,https://fastscout.fastmodelsports.com/teams/bUaIfaQOQWiU7dKR8JUN5Q?league=NCAAB-III&season=24,https://fastscout.fastmodelsports.com/teams/jXGQW7S_QkGvOZlY68lfbQ/games/OkjWuU9_Q_qb4xKahQ0XwA/boxscore?league=NCAAB-III&season=24,https://editor-web.synergysports.com/video?playlistUrl=https%3a%2f%2fbasketball.synergysportstech.com%2fapi%2fgames%2f67bc9b12e3145108faa5ff89%2ffullgamevideo%2fclips,L,83.0,99.0,-16.0,2024-25,No
"Tue, Nov 12",Illinois Tech Scarlet Hawks,Carthage Firebirds,Away,https://fastscout.fastmodelsports.com/teams/tCJPX5gaQYSzpVyopRyinQ?league=NCAAB-III&season=24,https://fastscout.fastmodelsports.com/teams/m-qFKRiOTEmVlbB_2f3l6Q/games/J3Aupp3uSi-zt4knVR_P5Q/boxscore?league=NCAAB-III&season=24,https://editor-web.synergysports.com/video?playlistUrl=https%3a%2f%2fbasketball.synergysportstech.com%2fapi%2fgames%2f67107331232eae0114c6412a%2ffullgamevideo%2fclips,W,82.0,56.0,26.0,2024-25,No
"Sat, Nov 16",Alma Scots,Carthage Firebirds,Home,https://fastscout.fastmodelsports.com/teams/UMJyLr8NTpmVKEBFoJpxNA?league=NCAAB-III&season=24,https://fastscout.fastmodelsports.com/teams/m-qFKRiOTEmVlbB_2f3l6Q/games/B1AcITegQ9CMZkNBihwwVA/boxscore?league=NCAAB-III&season=24,https://editor-web.synergysports.com/video?playlistUrl=https%3a%2f%2fbasketball.synergysportstech.com%2fapi%2fgames%2f67107331232eae0114c6412b%2ffullgamevideo%2fclips,W,89.0,56.0,33.0,2024-25,No
"Wed, Nov 20",UW-Platteville Pioneers,Carthage Firebirds,Away,https://fastscout.fastmodelsports.com/teams/D99vwO1cQ_2BrNCr1V1A_Q?league=NCAAB-III&season=24,https://fastscout.fastmodelsports.com/teams/m-qFKRiOTEmVlbB_2f3l6Q/games/phT_D-DKT_2rimBefPE8uA/boxscore?league=NCAAB-III&season=24,https://editor-web.synergysports.com/video?playlistUrl=https%3a%2f%2fbasketball.synergysportstech.com%2fapi%2fgames%2f67107332232eae0114c6412c%2ffullgamevideo%2fclips,L,72.0,85.0,-13.0,2024-25,No
"Sat, Nov 23",Anderson (IN) Ravens,Carthage Firebirds,Away,https://fastscout.fastmodelsports.com/teams/rbS_OYLsTA6PKpdF8cR-RQ?league=NCAAB-III&season=24,https://fastscout.fastmodelsports.com/teams/m-qFKRiOTEmVlbB_2f3l6Q/games/M0pGkQ2cTxGDLkfCjab1CQ/boxscore?league=NCAAB-III&season=24,https://editor-web.synergysports.com/video?playlistUrl=https%3a%2f%2fbasketball.synergysportstech.com%2fapi%2fgames%2f67107332232eae0114c6412d%2ffullgamevideo%2fclips,L,74.0,88.0,-14.0,2024-25,No
"Tue, Nov 26",Ripon Red Hawks,Carthage Firebirds,Home,https://fastscout.fastmodelsports.com/teams/NYQ5dX1lTj2qPTiYSf_8EQ?league=NCAAB-III&season=24,https://fastscout.fastmodelsports.com/teams/m-qFKRiOTEmVlbB_2f3l6Q/games/vofV_OgwRo-tZFSFC4Ekng/boxscore?league=NCAAB-III&season=24,https://editor-web.synergysports.com/video?playlistUrl=https%3a%2f%2fbasketball.synergysportstech.com%2fapi%2fgames%2f67107332232eae0114c6412e%2ffullgamevideo%2fclips,W,76.0,66.0,10.0,2024-25,No
"Sat, Nov 30",UW-Whitewater Warhawks,Carthage Firebirds,Away,https://fastscout.fastmodelsports.com/teams/YNoIeSV6SVujUWWWZIKOxw?league=NCAAB-III&season=24,https://fastscout.fastmodelsports.com/teams/m-qFKRiOTEmVlbB_2f3l6Q/games/ahmt27WTSMOU-WnmHAmVug/boxscore?league=NCAAB-III&season=24,https://editor-web.synergysports.com/video?playlistUrl=https%3a%2f%2fbasketball.synergysportstech.com%2fapi%2fgames%2f67107332232eae0114c6412f%2ffullgamevideo%2fclips,W,69.0,63.0,6.0,2024-25,No
"Wed, Dec 4",Illinois Wesleyan Titans,Carthage Firebirds,Away,https://fastscout.fastmodelsports.com/teams/jB0ukfgOSD-x51hu1vSRuQ?league=NCAAB-III&season=24,https://fastscout.fastmodelsports.com/teams/m-qFKRiOTEmVlbB_2f3l6Q/games/rMyy_Os9SCmRawKaKIH8sg/boxscore?league=NCAAB-III&season=24,https://editor-web.synergysports.com/video?playlistUrl=https%3a%2f%2fbasketball.synergysportstech.com%2fapi%2fgames%2f67107332232eae0114c64130%2ffullgamevideo%2fclips,W,77.0,68.0,9.0,2024-25,No
"Sat, Dec 7",Knox Prairie Fire,Carthage Firebirds,Home,https://fastscout.fastmodelsports.com/teams/zNLq3uRDRCmTB7x_z7Wf_w?league=NCAAB-III&season=24,https://fastscout.fastmodelsports.com/teams/m-qFKRiOTEmVlbB_2f3l6Q/games/H646Ul_dQMOw648nwmLX7Q/boxscore?league=NCAAB-III&season=24,https://editor-web.synergysports.com/video?playlistUrl=https%3a%2f%2fbasketball.synergysportstech.com%2fapi%2fgames%2f67107332232eae0114c64131%2ffullgamevideo%2fclips,W,95.0,69.0,26.0,2024-25,No
"Sat, Dec 14",Augustana (IL) Vikings,Carthage Firebirds,Away,https://fastscout.fastmodelsports.com/teams/4AGwMe0STpKehLlVIUKfHQ?league=NCAAB-III&season=24,https://fastscout.fastmodelsports.com/teams/m-qFKRiOTEmVlbB_2f3l6Q/games/ZuO7zfU2QHuSqA7g-oG15A/boxscore?league=NCAAB-III&season=24,https://editor-web.synergysports.com/video?playlistUrl=https%3a%2f%2fbasketball.synergysportstech.com%2fapi%2fgames%2f67107332232eae0114c64132%2ffullgamevideo%2fclips,W,82.0,70.0,12.0,2024-25,No
"Thu, Dec 19",Chatham Cougars,Carthage Firebirds,Neutral Court,https://fastscout.fastmodelsports.com/teams/rYsmjONITX6xYLWVLnndbQ?league=NCAAB-III&season=24,https://fastscout.fastmodelsports.com/teams/m-qFKRiOTEmVlbB_2f3l6Q/games/JIZUypc7QpOd2FJKTnJMlA/boxscore?league=NCAAB-III&season=24,https://editor-web.synergysports.com/video?playlistUrl=https%3a%2f%2fbasketball.synergysportstech.com%2fapi%2fgames%2f675f367e1048194b7f6a4663%2ffullgamevideo%2fclips,L,60.0,62.0,-2.0,2024-25,No
"Fri, Dec 20",Spalding Golden Eagles,Carthage Firebirds,Neutral Court,https://fastscout.fastmodelsports.com/teams/eY7UKmGpQlm5nmlTndhLow?league=NCAAB-III&season=24,https://fastscout.fastmodelsports.com/teams/m-qFKRiOTEmVlbB_2f3l6Q/games/WeSchL-JSfeZ2uZJj6b-0Q/boxscore?league=NCAAB-III&season=24,https://editor-web.synergysports.com/video?playlistUrl=https%3a%2f%2fbasketball.synergysportstech.com%2fapi%2fgames%2f67282984e319e7052b13fa14%2ffullgamevideo%2fclips,W,86.0,64.0,22.0,2024-25,No
"Sat, Jan 4",North Park Vikings,Carthage Firebirds,Home,https://fastscout.fastmodelsports.com/teams/23m4xzMjS4K-VEVyeHjQMw?league=NCAAB-III&season=24,https://fastscout.fastmodelsports.com/teams/m-qFKRiOTEmVlbB_2f3l6Q/games/qhZf5ItUSkuO645R_ZYhOA/boxscore?league=NCAAB-III&season=24,https://editor-web.synergysports.com/video?playlistUrl=https%3a%2f%2fbasketball.synergysportstech.com%2fapi%2fgames%2f67107333232eae0114c64133%2ffullgamevideo%2fclips,L,68.0,69.0,-1.0,2024-25,No
"Wed, Jan 8",Elmhurst Bluejays,Carthage Firebirds,Away,https://fastscout.fastmodelsports.com/teams/wI_oq6BcQWaPN8iyk-64bw?league=NCAAB-III&season=24,https://fastscout.fastmodelsports.com/teams/m-qFKRiOTEmVlbB_2f3l6Q/games/oQa4HDtLSl-UVV1yC6LQ3A/boxscore?league=NCAAB-III&season=24,https://editor-web.synergysports.com/video?playlistUrl=https%3a%2f%2fbasketball.synergysportstech.com%2fapi%2fgames%2f67107333232eae0114c64134%2ffullgamevideo%2fclips,W,75.0,71.0,4.0,2024-25,No
"Sat, Jan 11",Millikin Big Blue,Carthage Firebirds,Home,https://fastscout.fastmodelsports.com/teams/PZNqmqhtQzOt-gXf0xm0gQ?league=NCAAB-III&season=24,https://fastscout.fastmodelsports.com/teams/m-qFKRiOTEmVlbB_2f3l6Q/games/l_XrigUfSY2cOaJ24ZL5cg/boxscore?league=NCAAB-III&season=24,https://editor-web.synergysports.com/video?playlistUrl=https%3a%2f%2fbasketball.synergysportstech.com%2fapi%2fgames%2f67107333232eae0114c64135%2ffullgamevideo%2fclips,W,64.0,55.0,9.0,2024-25,No
"Wed, Jan 15",North Central (IL) Cardinals,Carthage Firebirds,Home,https://fastscout.fastmodelsports.com/teams/dShnkyWDRTaBQuxYFLIBSg?league=NCAAB-III&season=24,https://fastscout.fastmodelsports.com/teams/m-qFKRiOTEmVlbB_2f3l6Q/games/JB5MAvSZQ-CbuVZPZPoRFA/boxscore?league=NCAAB-III&season=24,https://editor-web.synergysports.com/video?playlistUrl=https%3a%2f%2fbasketball.synergysportstech.com%2fapi%2fgames%2f67107333232eae0114c64136%2ffullgamevideo%2fclips,W,93.0,78.0,15.0,2024-25,No
"Sat, Jan 18",Wheaton (IL) Thunder,Carthage Firebirds,Away,https://fastscout.fastmodelsports.com/teams/iwxO1TLaTX6JnFKJRaBV8A?league=NCAAB-III&season=24,https://fastscout.fastmodelsports.com/teams/m-qFKRiOTEmVlbB_2f3l6Q/games/Za2wOvwqTj6g9Q_er4kx9w/boxscore?league=NCAAB-III&season=24,https://editor-web.synergysports.com/video?playlistUrl=https%3a%2f%2fbasketball.synergysportstech.com%2fapi%2fgames%2f67107333232eae0114c64137%2ffullgamevideo%2fclips,W,85.0,78.0,7.0,2024-25,No
"Wed, Jan 22",Carroll (WI) Pioneers,Carthage Firebirds,Home,https://fastscout.fastmodelsports.com/teams/nkIaCaMjQNOs1x2nMHrryw?league=NCAAB-III&season=24,https://fastscout.fastmodelsports.com/teams/m-qFKRiOTEmVlbB_2f3l6Q/games/PLF2s-eDTSCW5xrmZPjckw/boxscore?league=NCAAB-III&season=24,https://editor-web.synergysports.com/video?playlistUrl=https%3a%2f%2fbasketball.synergysportstech.com%2fapi%2fgames%2f67107333232eae0114c64138%2ffullgamevideo%2fclips,W,88.0,68.0,20.0,2024-25,No
"Sat, Jan 25",Augustana (IL) Vikings,Carthage Firebirds,Home,https://fastscout.fastmodelsports.com/teams/4AGwMe0STpKehLlVIUKfHQ?league=NCAAB-III&season=24,https://fastscout.fastmodelsports.com/teams/m-qFKRiOTEmVlbB_2f3l6Q/games/L5gI-yFsR4SFn6P58cZXHg/boxscore?league=NCAAB-III&season=24,https://editor-web.synergysports.com/video?playlistUrl=https%3a%2f%2fbasketball.synergysportstech.com%2fapi%2fgames%2f67107334232eae0114c64139%2ffullgamevideo%2fclips,W,77.0,69.0,8.0,2024-25,No
"Sat, Feb 1",North Park Vikings,Carthage Firebirds,Away,https://fastscout.fastmodelsports.com/teams/23m4xzMjS4K-VEVyeHjQMw?league=NCAAB-III&season=24,https://fastscout.fastmodelsports.com/teams/m-qFKRiOTEmVlbB_2f3l6Q/games/sbiByPDbSaKumEm8BbgPpg/boxscore?league=NCAAB-III&season=24,https://editor-web.synergysports.com/video?playlistUrl=https%3a%2f%2fbasketball.synergysportstech.com%2fapi%2fgames%2f67107334232eae0114c6413a%2ffullgamevideo%2fclips,L,82.0,93.0,-11.0,2024-25,No
"Wed, Feb 5",Carroll (WI) Pioneers,Carthage Firebirds,Away,https://fastscout.fastmodelsports.com/teams/nkIaCaMjQNOs1x2nMHrryw?league=NCAAB-III&season=24,https://fastscout.fastmodelsports.com/teams/m-qFKRiOTEmVlbB_2f3l6Q/games/cRlxLjq3RIql5bAM7iMe_g/boxscore?league=NCAAB-III&season=24,https://editor-web.synergysports.com/video?playlistUrl=https%3a%2f%2fbasketball.synergysportstech.com%2fapi%2fgames%2f67106c2915762e6831296a73%2ffullgamevideo%2fclips,W,84.0,75.0,9.0,2024-25,No
"Sat, Feb 8",Illinois Wesleyan Titans,Carthage Firebirds,Home,https://fastscout.fastmodelsports.com/teams/jB0ukfgOSD-x51hu1vSRuQ?league=NCAAB-III&season=24,https://fastscout.fastmodelsports.com/teams/m-qFKRiOTEmVlbB_2f3l6Q/games/KbZwI41TSjywZioy21t-rg/boxscore?league=NCAAB-III&season=24,https://editor-web.synergysports.com/video?playlistUrl=https%3a%2f%2fbasketball.synergysportstech.com%2fapi%2fgames%2f67107334232eae0114c6413c%2ffullgamevideo%2fclips,W,85.0,74.0,11.0,2024-25,No
"Wed, Feb 12",North Central (IL) Cardinals,Carthage Firebirds,Away,https://fastscout.fastmodelsports.com/teams/dShnkyWDRTaBQuxYFLIBSg?league=NCAAB-III&season=24,https://fastscout.fastmodelsports.com/teams/m-qFKRiOTEmVlbB_2f3l6Q/games/bbIGijX1R9a4xYRyY2cerA/boxscore?league=NCAAB-III&season=24,https://editor-web.synergysports.com/video?playlistUrl=https%3a%2f%2fbasketball.synergysportstech.com%2fapi%2fgames%2f67107334232eae0114c6413d%2ffullgamevideo%2fclips,W,73.0,71.0,2.0,2024-25,No
"Sat, Feb 15",Wheaton (IL) Thunder,Carthage Firebirds,Home,https://fastscout.fastmodelsports.com/teams/iwxO1TLaTX6JnFKJRaBV8A?league=NCAAB-III&season=24,https://fastscout.fastmodelsports.com/teams/m-qFKRiOTEmVlbB_2f3l6Q/games/-2UISKduQhihvfa4pj0bSQ/boxscore?league=NCAAB-III&season=24,https://editor-web.synergysports.com/video?playlistUrl=https%3a%2f%2fbasketball.synergysportstech.com%2fapi%2fgames%2f67107334232eae0114c6413e%2ffullgamevideo%2fclips,W,89.0,80.0,9.0,2024-25,No
"Wed, Feb 19",Elmhurst Bluejays,Carthage Firebirds,Home,https://fastscout.fastmodelsports.com/teams/wI_oq6BcQWaPN8iyk-64bw?league=NCAAB-III&season=24,https://fastscout.fastmodelsports.com/teams/m-qFKRiOTEmVlbB_2f3l6Q/games/jzlYCsq5SQuAlrqaJcAxRQ/boxscore?league=NCAAB-III&season=24,https://editor-web.synergysports.com/video?playlistUrl=https%3a%2f%2fbasketball.synergysportstech.com%2fapi%2fgames%2f67107334232eae0114c6413f%2ffullgamevideo%2fclips,W,83.0,71.0,12.0,2024-25,No
"Sat, Feb 22",Millikin Big Blue,Carthage Firebirds,Away,https://fastscout.fastmodelsports.com/teams/PZNqmqhtQzOt-gXf0xm0gQ?league=NCAAB-III&season=24,https://fastscout.fastmodelsports.com/teams/m-qFKRiOTEmVlbB_2f3l6Q/games/GPx4MIIySYCV7rvCk2hBiw/boxscore?league=NCAAB-III&season=24,https://editor-web.synergysports.com/video?playlistUrl=https%3a%2f%2fbasketball.synergysportstech.com%2fapi%2fgames%2f67107335232eae0114c64140%2ffullgamevideo%2fclips,W,84.0,77.0,7.0,2024-25,No
"Fri, Nov 8",Anderson (IN) Ravens,Hope Flying Dutchmen,Home,https://fastscout.fastmodelsports.com/teams/rbS_OYLsTA6PKpdF8cR-RQ?league=NCAAB-III&season=24,https://fastscout.fastmodelsports.com/teams/HRFCusfbR4OnaX09Q5O0XQ/games/cUoVazxSSZKN5AyYeEtAcg/boxscore?league=NCAAB-III&season=24,https://editor-web.synergysports.com/video?playlistUrl=https%3a%2f%2fbasketball.synergysportstech.com%2fapi%2fgames%2f671715459a5fd20b1dce3d96%2ffullgamevideo%2fclips,L,78.0,80.0,-2.0,2024-25,No
"Fri, Nov 15",Wilmington (OH) Fightin' Quakers,Hope Flying Dutchmen,Away,https://fastscout.fastmodelsports.com/teams/G9i7Kh1lRlqcD6lTRlBkZg?league=NCAAB-III&season=24,https://fastscout.fastmodelsports.com/teams/HRFCusfbR4OnaX09Q5O0XQ/games/AtNXxhoHQ2mEetS3cnevTA/boxscore?league=NCAAB-III&season=24,https://editor-web.synergysports.com/video?playlistUrl=https%3a%2f%2fbasketball.synergysportstech.com%2fapi%2fgames%2f671715459a5fd20b1dce3d97%2ffullgamevideo%2fclips,W,74.0,64.0,10.0,2024-25,No
"Sat, Nov 16",Wittenberg Tigers,Hope Flying Dutchmen,Away,https://fastscout.fastmodelsports.com/teams/x7bzcHk0TPSctHAuJxdBOA?league=NCAAB-III&season=24,https://fastscout.fastmodelsports.com/teams/HRFCusfbR4OnaX09Q5O0XQ/games/4lI7Bo1fS6CPCYcYr7jDGA/boxscore?league=NCAAB-III&season=24,https://editor-web.synergysports.com/video?playlistUrl=https%3a%2f%2fbasketball.synergysportstech.com%2fapi%2fgames%2f671715459a5fd20b1dce3d98%2ffullgamevideo%2fclips,W,68.0,63.0,5.0,2024-25,No
"Fri, Nov 22",Saint John's (MN) Johnnies,Hope Flying Dutchmen,Neutral Court,https://fastscout.fastmodelsports.com/teams/hITED0r7RIucTmpU4dKu-w?league=NCAAB-III&season=24,https://fastscout.fastmodelsports.com/teams/HRFCusfbR4OnaX09Q5O0XQ/games/iHq8_gz2QyaAUxUJD733aA/boxscore?league=NCAAB-III&season=24,https://editor-web.synergysports.com/video?playlistUrl=https%3a%2f%2fbasketball.synergysportstech.com%2fapi%2fgames%2f671715459a5fd20b1dce3d99%2ffullgamevideo%2fclips,L,48.0,64.0,-16.0,2024-25,No
"Sat, Nov 23",Marietta Pioneers,Hope Flying Dutchmen,Neutral Court,https://fastscout.fastmodelsports.com/teams/JCYSrmerR86qqyWi4INhxA?league=NCAAB-III&season=24,https://fastscout.fastmodelsports.com/teams/HRFCusfbR4OnaX09Q5O0XQ/games/-AFe92AXSiCwv9kYsJi6aw/boxscore?league=NCAAB-III&season=24,https://editor-web.synergysports.com/video?playlistUrl=https%3a%2f%2fbasketball.synergysportstech.com%2fapi%2fgames%2f671715459a5fd20b1dce3d9a%2ffullgamevideo%2fclips,L,71.0,96.0,-25.0,2024-25,No
"Tue, Nov 26",Wheaton (IL) Thunder,Hope Flying Dutchmen,Away,https://fastscout.fastmodelsports.com/teams/iwxO1TLaTX6JnFKJRaBV8A?league=NCAAB-III&season=24,https://fastscout.fastmodelsports.com/teams/HRFCusfbR4OnaX09Q5O0XQ/games/Cx4QpFYtQpSB8mJYoTFL9A/boxscore?league=NCAAB-III&season=24,https://editor-web.synergysports.com/video?playlistUrl=https%3a%2f%2fbasketball.synergysportstech.com%2fapi%2fgames%2f6710aef688638af00da7b02c%2ffullgamevideo%2fclips,W,73.0,46.0,27.0,2024-25,No
"Fri, Dec 6",UW-Whitewater Warhawks,Hope Flying Dutchmen,Away,https://fastscout.fastmodelsports.com/teams/YNoIeSV6SVujUWWWZIKOxw?league=NCAAB-III&season=24,https://fastscout.fastmodelsports.com/teams/HRFCusfbR4OnaX09Q5O0XQ/games/gKR3-GqUTyab2hK-jnL_eg/boxscore?league=NCAAB-III&season=24,https://editor-web.synergysports.com/video?playlistUrl=https%3a%2f%2fbasketball.synergysportstech.com%2fapi%2fgames%2f67102d959d7f7e6c37eb9566%2ffullgamevideo%2fclips,L,83.0,90.0,-7.0,2024-25,No
"Sat, Dec 7",UW-Platteville Pioneers,Hope Flying Dutchmen,Away,https://fastscout.fastmodelsports.com/teams/D99vwO1cQ_2BrNCr1V1A_Q?league=NCAAB-III&season=24,https://fastscout.fastmodelsports.com/teams/HRFCusfbR4OnaX09Q5O0XQ/games/AIj1-M3jQeC9qw2YTbrCkw/boxscore?league=NCAAB-III&season=24,https://editor-web.synergysports.com/video?playlistUrl=https%3a%2f%2fbasketball.synergysportstech.com%2fapi%2fgames%2f671715459a5fd20b1dce3d9b%2ffullgamevideo%2fclips,L,64.0,71.0,-7.0,2024-25,No
"Sat, Dec 14",Ohio Wesleyan Battling Bishops,Hope Flying Dutchmen,Home,https://fastscout.fastmodelsports.com/teams/SX59f6tAQP6wD2ZNHAZy3g?league=NCAAB-III&season=24,https://fastscout.fastmodelsports.com/teams/HRFCusfbR4OnaX09Q5O0XQ/games/IbincvaGRamT4ODaSyDlIA/boxscore?league=NCAAB-III&season=24,https://editor-web.synergysports.com/video?playlistUrl=https%3a%2f%2fbasketball.synergysportstech.com%2fapi%2fgames%2f671715459a5fd20b1dce3d9c%2ffullgamevideo%2fclips,W,79.0,69.0,10.0,2024-25,No
"Fri, Dec 20",Rose-Hulman Fightin' Engineers,Hope Flying Dutchmen,Home,https://fastscout.fastmodelsports.com/teams/Pg0wZ0q1Q4Se6U5QhRXhiA?league=NCAAB-III&season=24,https://fastscout.fastmodelsports.com/teams/HRFCusfbR4OnaX09Q5O0XQ/games/eiU4edsEQsOxmqUVBn9faQ/boxscore?league=NCAAB-III&season=24,https://editor-web.synergysports.com/video?playlistUrl=https%3a%2f%2fbasketball.synergysportstech.com%2fapi%2fgames%2f671715459a5fd20b1dce3d9d%2ffullgamevideo%2fclips,W,69.0,64.0,5.0,2024-25,No
"Sat, Dec 21",DePauw Tigers,Hope Flying Dutchmen,Home,https://fastscout.fastmodelsports.com/teams/9ILXFmINTiOZoYEj1Kb44g?league=NCAAB-III&season=24,https://fastscout.fastmodelsports.com/teams/HRFCusfbR4OnaX09Q5O0XQ/games/DeQjIXYKSNSeBoYm-xEUyA/boxscore?league=NCAAB-III&season=24,https://editor-web.synergysports.com/video?playlistUrl=https%3a%2f%2fbasketball.synergysportstech.com%2fapi%2fgames%2f671715459a5fd20b1dce3d9e%2ffullgamevideo%2fclips,L,71.0,75.0,-4.0,2024-25,No
"Wed, Jan 8",Olivet Comets,Hope Flying Dutchmen,Home,https://fastscout.fastmodelsports.com/teams/s7w06AgATpyyazjne5MiIQ?league=NCAAB-III&season=24,https://fastscout.fastmodelsports.com/teams/HRFCusfbR4OnaX09Q5O0XQ/games/p1eepm8YTBm_Nv5dAwBOsQ/boxscore?league=NCAAB-III&season=24,https://editor-web.synergysports.com/video?playlistUrl=https%3a%2f%2fbasketball.synergysportstech.com%2fapi%2fgames%2f671715459a5fd20b1dce3d9f%2ffullgamevideo%2fclips,W,77.0,45.0,32.0,2024-25,No
"Sat, Jan 11",Alma Scots,Hope Flying Dutchmen,Home,https://fastscout.fastmodelsports.com/teams/UMJyLr8NTpmVKEBFoJpxNA?league=NCAAB-III&season=24,https://fastscout.fastmodelsports.com/teams/HRFCusfbR4OnaX09Q5O0XQ/games/9U5J2jVQSzqHwXyGAzLbqw/boxscore?league=NCAAB-III&season=24,https://editor-web.synergysports.com/video?playlistUrl=https%3a%2f%2fbasketball.synergysportstech.com%2fapi%2fgames%2f6717126e453ba53bad11bf98%2ffullgamevideo%2fclips,W,95.0,46.0,49.0,2024-25,No
"Wed, Jan 15",Kalamazoo Hornets,Hope Flying Dutchmen,Away,https://fastscout.fastmodelsports.com/teams/mKvB8mEISHSUWoE6EnLNiw?league=NCAAB-III&season=24,https://fastscout.fastmodelsports.com/teams/HRFCusfbR4OnaX09Q5O0XQ/games/0x9tgD7_SSeGlw9NBKPZlQ/boxscore?league=NCAAB-III&season=24,https://editor-web.synergysports.com/video?playlistUrl=https%3a%2f%2fbasketball.synergysportstech.com%2fapi%2fgames%2f671715459a5fd20b1dce3da0%2ffullgamevideo%2fclips,W,81.0,71.0,10.0,2024-25,No
"Sat, Jan 18",Adrian Bulldogs,Hope Flying Dutchmen,Home,https://fastscout.fastmodelsports.com/teams/9tl0w3QiTbaCLzK8wWDR6Q?league=NCAAB-III&season=24,https://fastscout.fastmodelsports.com/teams/HRFCusfbR4OnaX09Q5O0XQ/games/CixEgmCfRUmPfllQU92Reg/boxscore?league=NCAAB-III&season=24,https://editor-web.synergysports.com/video?playlistUrl=https%3a%2f%2fbasketball.synergysportstech.com%2fapi%2fgames%2f6717126e453ba53bad11bf76%2ffullgamevideo%2fclips,W,61.0,53.0,8.0,2024-25,No
"Wed, Jan 22",Calvin Knights,Hope Flying Dutchmen,Home,https://fastscout.fastmodelsports.com/teams/xi2oJrVvR32QtGfc_H5DgA?league=NCAAB-III&season=24,https://fastscout.fastmodelsports.com/teams/HRFCusfbR4OnaX09Q5O0XQ/games/Rua7nBPVS0CZp9hJZDQo0A/boxscore?league=NCAAB-III&season=24,https://editor-web.synergysports.com/video?playlistUrl=https%3a%2f%2fbasketball.synergysportstech.com%2fapi%2fgames%2f671715459a5fd20b1dce3d90%2ffullgamevideo%2fclips,L,60.0,65.0,-5.0,2024-25,No
"Sat, Jan 25",Trine Thunder,Hope Flying Dutchmen,Away,https://fastscout.fastmodelsports.com/teams/Bn9bTY5rS_a5rVm3bcQEUA?league=NCAAB-III&season=24,https://fastscout.fastmodelsports.com/teams/HRFCusfbR4OnaX09Q5O0XQ/games/5DGeeiAgTyikPMH24OdSgA/boxscore?league=NCAAB-III&season=24,https://editor-web.synergysports.com/video?playlistUrl=https%3a%2f%2fbasketball.synergysportstech.com%2fapi%2fgames%2f671715459a5fd20b1dce3da1%2ffullgamevideo%2fclips,L,54.0,77.0,-23.0,2024-25,No
"Wed, Jan 29",Albion Britons,Hope Flying Dutchmen,Away,https://fastscout.fastmodelsports.com/teams/Cn-MEfc5Qji1eG_SD9jT3w?league=NCAAB-III&season=24,https://fastscout.fastmodelsports.com/teams/HRFCusfbR4OnaX09Q5O0XQ/games/hzE2_vCpQkertXFP2osvaQ/boxscore?league=NCAAB-III&season=24,https://editor-web.synergysports.com/video?playlistUrl=https%3a%2f%2fbasketball.synergysportstech.com%2fapi%2fgames%2f6717126e453ba53bad11bf8d%2ffullgamevideo%2fclips,L,74.0,76.0,-2.0,2024-25,No
"Sat, Feb 1",Calvin Knights,Hope Flying Dutchmen,Away,https://fastscout.fastmodelsports.com/teams/xi2oJrVvR32QtGfc_H5DgA?league=NCAAB-III&season=24,https://fastscout.fastmodelsports.com/teams/HRFCusfbR4OnaX09Q5O0XQ/games/Y0AakHLDR3-WP-rmjWfSXA/boxscore?league=NCAAB-III&season=24,https://editor-web.synergysports.com/video?playlistUrl=https%3a%2f%2fbasketball.synergysportstech.com%2fapi%2fgames%2f671715459a5fd20b1dce3d92%2ffullgamevideo%2fclips,L,60.0,68.0,-8.0,2024-25,No
"Wed, Feb 5",Trine Thunder,Hope Flying Dutchmen,Home,https://fastscout.fastmodelsports.com/teams/Bn9bTY5rS_a5rVm3bcQEUA?league=NCAAB-III&season=24,https://fastscout.fastmodelsports.com/teams/HRFCusfbR4OnaX09Q5O0XQ/games/Qvxo05xVR1e9hnGDWHKpzg/boxscore?league=NCAAB-III&season=24,https://editor-web.synergysports.com/video?playlistUrl=https%3a%2f%2fbasketball.synergysportstech.com%2fapi%2fgames%2f671715459a5fd20b1dce3da2%2ffullgamevideo%2fclips,W,79.0,71.0,8.0,2024-25,No
"Sat, Feb 8",Kalamazoo Hornets,Hope Flying Dutchmen,Home,https://fastscout.fastmodelsports.com/teams/mKvB8mEISHSUWoE6EnLNiw?league=NCAAB-III&season=24,https://fastscout.fastmodelsports.com/teams/HRFCusfbR4OnaX09Q5O0XQ/games/2SmkOhOBTcGYhligNKK1kA/boxscore?league=NCAAB-III&season=24,https://editor-web.synergysports.com/video?playlistUrl=https%3a%2f%2fbasketball.synergysportstech.com%2fapi%2fgames%2f671715459a5fd20b1dce3da3%2ffullgamevideo%2fclips,W,78.0,67.0,11.0,2024-25,No
"Wed, Feb 12",Adrian Bulldogs,Hope Flying Dutchmen,Away,https://fastscout.fastmodelsports.com/teams/9tl0w3QiTbaCLzK8wWDR6Q?league=NCAAB-III&season=24,https://fastscout.fastmodelsports.com/teams/HRFCusfbR4OnaX09Q5O0XQ/games/9UOpidHQT6aTvzd1BLCUfg/boxscore?league=NCAAB-III&season=24,https://editor-web.synergysports.com/video?playlistUrl=https%3a%2f%2fbasketball.synergysportstech.com%2fapi%2fgames%2f6717126e453ba53bad11bf7d%2ffullgamevideo%2fclips,W,80.0,57.0,23.0,2024-25,No
"Sat, Feb 15",Alma Scots,Hope Flying Dutchmen,Away,https://fastscout.fastmodelsports.com/teams/UMJyLr8NTpmVKEBFoJpxNA?league=NCAAB-III&season=24,https://fastscout.fastmodelsports.com/teams/HRFCusfbR4OnaX09Q5O0XQ/games/y3OEEJlmTu-mzTe_U-rdFw/boxscore?league=NCAAB-III&season=24,https://editor-web.synergysports.com/video?playlistUrl=https%3a%2f%2fbasketball.synergysportstech.com%2fapi%2fgames%2f6717126e453ba53bad11bfa0%2ffullgamevideo%2fclips,W,77.0,54.0,23.0,2024-25,No
"Wed, Feb 19",Olivet Comets,Hope Flying Dutchmen,Away,https://fastscout.fastmodelsports.com/teams/s7w06AgATpyyazjne5MiIQ?league=NCAAB-III&season=24,https://fastscout.fastmodelsports.com/teams/HRFCusfbR4OnaX09Q5O0XQ/games/i_jksYO2RtKc-tCnwdPwXg/boxscore?league=NCAAB-III&season=24,https://editor-web.synergysports.com/video?playlistUrl=https%3a%2f%2fbasketball.synergysportstech.com%2fapi%2fgames%2f671715459a5fd20b1dce3da4%2ffullgamevideo%2fclips,L,52.0,66.0,-14.0,2024-25,No
"Sat, Feb 22",Albion Britons,Hope Flying Dutchmen,Home,https://fastscout.fastmodelsports.com/teams/Cn-MEfc5Qji1eG_SD9jT3w?league=NCAAB-III&season=24,https://fastscout.fastmodelsports.com/teams/HRFCusfbR4OnaX09Q5O0XQ/games/L9BYjLKMRKuzHjdY1QTnTA/boxscore?league=NCAAB-III&season=24,https://editor-web.synergysports.com/video?playlistUrl=https%3a%2f%2fbasketball.synergysportstech.com%2fapi%2fgames%2f6717126e453ba53bad11bf93%2ffullgamevideo%2fclips,W,81.0,56.0,25.0,2024-25,No
"Wed, Feb 26",Adrian Bulldogs,Hope Flying Dutchmen,Home,https://fastscout.fastmodelsports.com/teams/9tl0w3QiTbaCLzK8wWDR6Q?league=NCAAB-III&season=24,https://fastscout.fastmodelsports.com/teams/HRFCusfbR4OnaX09Q5O0XQ/games/CuiUptmpR1G1mrjdXdd-Bw/boxscore?league=NCAAB-III&season=24,https://editor-web.synergysports.com/video?playlistUrl=https%3a%2f%2fbasketball.synergysportstech.com%2fapi%2fgames%2f67bfcd23d969c78ab7861d3a%2ffullgamevideo%2fclips,W,81.0,55.0,26.0,2024-25,No
"Sat, Nov 2",High Point Panthers EXH,Averett Cougars,Away,https://fastscout.fastmodelsports.com/teams/5f11754ZQ_SOu1LFHYc8Jg?league=NCAAB&season=24,https://fastscout.fastmodelsports.com/teams/m9ZM9LCFQVm8aenNvWLokA/games/FIqL3hYiSzKwmss4V6lCxw/boxscore?league=NCAAB-III&season=24,,L,57.0,85.0,-28.0,2024-25,No
"Sat, Nov 9",Maryville (TN) Scots,Averett Cougars,Away,https://fastscout.fastmodelsports.com/teams/4ZpokKkKRaudlvKHsDvWbw?league=NCAAB-III&season=24,https://fastscout.fastmodelsports.com/teams/m9ZM9LCFQVm8aenNvWLokA/games/f7bsKJJARgGD3pUFIPUEeg/boxscore?league=NCAAB-III&season=24,https://editor-web.synergysports.com/video?playlistUrl=https%3a%2f%2fbasketball.synergysportstech.com%2fapi%2fgames%2f6711294e6d6a2ba9bb7ebc0f%2ffullgamevideo%2fclips,W,85.0,79.0,6.0,2024-25,No
"Tue, Nov 12",Southern Virginia Knights,Averett Cougars,Home,https://fastscout.fastmodelsports.com/teams/d4AYZcHiQ8aowN6-GdIU6Q?league=NCAAB-III&season=24,https://fastscout.fastmodelsports.com/teams/m9ZM9LCFQVm8aenNvWLokA/games/kWlyjFzgSXm9qEq8QW1u4w/boxscore?league=NCAAB-III&season=24,https://editor-web.synergysports.com/video?playlistUrl=https%3a%2f%2fbasketball.synergysportstech.com%2fapi%2fgames%2f6711294e6d6a2ba9bb7ebc10%2ffullgamevideo%2fclips,W,79.0,70.0,9.0,2024-25,No
"Wed, Nov 20",William Peace Pacers,Averett Cougars,Away,https://fastscout.fastmodelsports.com/teams/2ZIGrEmLStCqpIuoROCVEQ?league=NCAAB-III&season=24,https://fastscout.fastmodelsports.com/teams/m9ZM9LCFQVm8aenNvWLokA/games/r0nK6ImXRte1SHE-24lt1g/boxscore?league=NCAAB-III&season=24,https://editor-web.synergysports.com/video?playlistUrl=https%3a%2f%2fbasketball.synergysportstech.com%2fapi%2fgames%2f6711294e6d6a2ba9bb7ebc11%2ffullgamevideo%2fclips,W,60.0,48.0,12.0,2024-25,No
"Sat, Nov 23",Greensboro Pride,Averett Cougars,Away,https://fastscout.fastmodelsports.com/teams/zTkTdHgDTtOcrkDwuaQ7Pg?league=NCAAB-III&season=24,https://fastscout.fastmodelsports.com/teams/m9ZM9LCFQVm8aenNvWLokA/games/apxyRBEnTVaMiGqDJCYccQ/boxscore?league=NCAAB-III&season=24,https://editor-web.synergysports.com/video?playlistUrl=https%3a%2f%2fbasketball.synergysportstech.com%2fapi%2fgames%2f6711294e6d6a2ba9bb7ebc12%2ffullgamevideo%2fclips,W,74.0,59.0,15.0,2024-25,No
"Mon, Nov 25",Christopher Newport Captains,Averett Cougars,Home,https://fastscout.fastmodelsports.com/teams/Kapm6HiaScegrNGZQRkL8A?league=NCAAB-III&season=24,https://fastscout.fastmodelsports.com/teams/m9ZM9LCFQVm8aenNvWLokA/games/fh4Ddb5NTAmvqgI8iV5kjQ/boxscore?league=NCAAB-III&season=24,https://editor-web.synergysports.com/video?playlistUrl=https%3a%2f%2fbasketball.synergysportstech.com%2fapi%2fgames%2f6711294e6d6a2ba9bb7ebc13%2ffullgamevideo%2fclips,W,80.0,65.0,15.0,2024-25,No
"Wed, Nov 27",Winthrop Eagles EXH,Averett Cougars,Away,https://fastscout.fastmodelsports.com/teams/91kyIvx7RXGgjyOcBnNl1w?league=NCAAB&season=24,https://fastscout.fastmodelsports.com/teams/m9ZM9LCFQVm8aenNvWLokA/games/SMKLkA-ESUmP-TqpkklxcA/boxscore?league=NCAAB-III&season=24,https://editor-web.synergysports.com/video?playlistUrl=https%3a%2f%2fbasketball.synergysportstech.com%2fapi%2fgames%2f67112d856d6a2ba9bb7ebca1%2ffullgamevideo%2fclips,L,56.0,99.0,-43.0,2024-25,No
"Wed, Dec 4",Ferrum Panthers,Averett Cougars,Away,https://fastscout.fastmodelsports.com/teams/WdlPCnP2T--uvKXC5mW84Q?league=NCAAB-III&season=24,https://fastscout.fastmodelsports.com/teams/m9ZM9LCFQVm8aenNvWLokA/games/ffx-_QzuQd6jqqTiuRgFOw/boxscore?league=NCAAB-III&season=24,https://editor-web.synergysports.com/video?playlistUrl=https%3a%2f%2fbasketball.synergysportstech.com%2fapi%2fgames%2f6711294e6d6a2ba9bb7ebc14%2ffullgamevideo%2fclips,L,54.0,66.0,-12.0,2024-25,No
"Sat, Dec 7",Virginia Wesleyan Marlins,Averett Cougars,Home,https://fastscout.fastmodelsports.com/teams/kKhwY9KLTb6IHl-XGD_3Ig?league=NCAAB-III&season=24,https://fastscout.fastmodelsports.com/teams/m9ZM9LCFQVm8aenNvWLokA/games/51pvTvkBSKyGk5J9QhQBqw/boxscore?league=NCAAB-III&season=24,https://editor-web.synergysports.com/video?playlistUrl=https%3a%2f%2fbasketball.synergysportstech.com%2fapi%2fgames%2f6711294e6d6a2ba9bb7ebc15%2ffullgamevideo%2fclips,L,50.0,67.0,-17.0,2024-25,No
"Sat, Dec 14",UW-Whitewater Warhawks,Averett Cougars,Neutral Court,https://fastscout.fastmodelsports.com/teams/YNoIeSV6SVujUWWWZIKOxw?league=NCAAB-III&season=24,https://fastscout.fastmodelsports.com/teams/m9ZM9LCFQVm8aenNvWLokA/games/wGv9t54GSR2IpVEmOuHhag/boxscore?league=NCAAB-III&season=24,https://editor-web.synergysports.com/video?playlistUrl=https%3a%2f%2fbasketball.synergysportstech.com%2fapi%2fgames%2f67102d959d7f7e6c37eb9567%2ffullgamevideo%2fclips,L,47.0,58.0,-11.0,2024-25,No
"Sun, Dec 15",North Carolina Wesleyan Battling Bishops,Averett Cougars,Neutral Court,https://fastscout.fastmodelsports.com/teams/VJWRXoB6RZK7ywZFQcdr9g?league=NCAAB-III&season=24,https://fastscout.fastmodelsports.com/teams/m9ZM9LCFQVm8aenNvWLokA/games/_7J1mGUwTU6AuGDP-nEgJw/boxscore?league=NCAAB-III&season=24,https://editor-web.synergysports.com/video?playlistUrl=https%3a%2f%2fbasketball.synergysportstech.com%2fapi%2fgames%2f6711294ece1324ff6c09718a%2ffullgamevideo%2fclips,L,58.0,65.0,-7.0,2024-25,No
"Thu, Dec 19",Mary Washington Eagles,Averett Cougars,Away,https://fastscout.fastmodelsports.com/teams/tFV7OvPHSA2s4EEfrzc59g?league=NCAAB-III&season=24,https://fastscout.fastmodelsports.com/teams/m9ZM9LCFQVm8aenNvWLokA/games/a2MoyOLJS3m7IrxJFMEHjQ/boxscore?league=NCAAB-III&season=24,https://editor-web.synergysports.com/video?playlistUrl=https%3a%2f%2fbasketball.synergysportstech.com%2fapi%2fgames%2f6711294e6d6a2ba9bb7ebc16%2ffullgamevideo%2fclips,L,44.0,78.0,-34.0,2024-25,No
"Tue, Dec 31",Pfeiffer Falcons,Averett Cougars,Home,https://fastscout.fastmodelsports.com/teams/Nu3krymUTYWT2jLh3xtGlQ?league=NCAAB-III&season=24,https://fastscout.fastmodelsports.com/teams/m9ZM9LCFQVm8aenNvWLokA/games/NKEkJpvOTIGHDKYhsYBwwA/boxscore?league=NCAAB-III&season=24,https://editor-web.synergysports.com/video?playlistUrl=https%3a%2f%2fbasketball.synergysportstech.com%2fapi%2fgames%2f6711294e6d6a2ba9bb7ebc17%2ffullgamevideo%2fclips,L,52.0,62.0,-10.0,2024-25,No
"Sat, Jan 4",Randolph-Macon Yellow Jackets,Averett Cougars,Away,https://fastscout.fastmodelsports.com/teams/K9UgveMbSJeM7Zqv04PZMQ?league=NCAAB-III&season=24,https://fastscout.fastmodelsports.com/teams/m9ZM9LCFQVm8aenNvWLokA/games/Pg6r6u1XTf-dmcpC1cVmCg/boxscore?league=NCAAB-III&season=24,https://editor-web.synergysports.com/video?playlistUrl=https%3a%2f%2fbasketball.synergysportstech.com%2fapi%2fgames%2f670fe8acc23194f7778ddcaa%2ffullgamevideo%2fclips,L,54.0,77.0,-23.0,2024-25,No
"Wed, Jan 8",Roanoke Maroons,Averett Cougars,Home,https://fastscout.fastmodelsports.com/teams/HQBC05hqSDmZfimAgRnvYA?league=NCAAB-III&season=24,https://fastscout.fastmodelsports.com/teams/m9ZM9LCFQVm8aenNvWLokA/games/w7LfUs6kTQWQPrPVMkgtHQ/boxscore?league=NCAAB-III&season=24,https://editor-web.synergysports.com/video?playlistUrl=https%3a%2f%2fbasketball.synergysportstech.com%2fapi%2fgames%2f6711294e6d6a2ba9bb7ebc18%2ffullgamevideo%2fclips,L,55.0,75.0,-20.0,2024-25,No
"Fri, Jan 10",Randolph WildCats,Averett Cougars,Away,https://fastscout.fastmodelsports.com/teams/t9EdDbp_QbKHpdiU9YnpIw?league=NCAAB-III&season=24,https://fastscout.fastmodelsports.com/teams/m9ZM9LCFQVm8aenNvWLokA/games/4IR7lQrtQh2DNHlRAO0wBw/boxscore?league=NCAAB-III&season=24,https://editor-web.synergysports.com/video?playlistUrl=https%3a%2f%2fbasketball.synergysportstech.com%2fapi%2fgames%2f6711294e6d6a2ba9bb7ebc19%2ffullgamevideo%2fclips,W,89.0,82.0,7.0,2024-25,No
"Wed, Jan 15",Shenandoah Hornets,Averett Cougars,Home,https://fastscout.fastmodelsports.com/teams/xp6Szqc9TY2DkkvKfCPZng?league=NCAAB-III&season=24,https://fastscout.fastmodelsports.com/teams/m9ZM9LCFQVm8aenNvWLokA/games/pPAc81_QQMG6rOn-st8aZw/boxscore?league=NCAAB-III&season=24,https://editor-web.synergysports.com/video?playlistUrl=https%3a%2f%2fbasketball.synergysportstech.com%2fapi%2fgames%2f6711294e6d6a2ba9bb7ebc1a%2ffullgamevideo%2fclips,W,85.0,60.0,25.0,2024-25,No
"Sat, Jan 18",Bridgewater (VA) Eagles,Averett Cougars,Away,https://fastscout.fastmodelsports.com/teams/AdVs5yUMSUymAkHBwavGHQ?league=NCAAB-III&season=24,https://fastscout.fastmodelsports.com/teams/m9ZM9LCFQVm8aenNvWLokA/games/Od1q2o2XSTWIE1sNZ6yGTA/boxscore?league=NCAAB-III&season=24,https://editor-web.synergysports.com/video?playlistUrl=https%3a%2f%2fbasketball.synergysportstech.com%2fapi%2fgames%2f6711294e6d6a2ba9bb7ebc1b%2ffullgamevideo%2fclips,L,53.0,72.0,-19.0,2024-25,No
"Wed, Jan 22",Lynchburg Hornets,Averett Cougars,Home,https://fastscout.fastmodelsports.com/teams/2m1rRWAwT4u96LJi0xLbag?league=NCAAB-III&season=24,https://fastscout.fastmodelsports.com/teams/m9ZM9LCFQVm8aenNvWLokA/games/AVWyS4mITXWpXTC_gBVVTw/boxscore?league=NCAAB-III&season=24,https://editor-web.synergysports.com/video?playlistUrl=https%3a%2f%2fbasketball.synergysportstech.com%2fapi%2fgames%2f6711294e6d6a2ba9bb7ebc1c%2ffullgamevideo%2fclips,L,57.0,87.0,-30.0,2024-25,No
"Sat, Jan 25",Eastern Mennonite Royals,Averett Cougars,Home,https://fastscout.fastmodelsports.com/teams/VxlaqLHlTR-poQ9qa43JBg?league=NCAAB-III&season=24,https://fastscout.fastmodelsports.com/teams/m9ZM9LCFQVm8aenNvWLokA/games/CWOazPxLThWAbHDlehCY8g/boxscore?league=NCAAB-III&season=24,https://editor-web.synergysports.com/video?playlistUrl=https%3a%2f%2fbasketball.synergysportstech.com%2fapi%2fgames%2f6711294e6d6a2ba9bb7ebc1d%2ffullgamevideo%2fclips,W,86.0,66.0,20.0,2024-25,No
"Wed, Jan 29",Hampden-Sydney Tigers,Averett Cougars,Away,https://fastscout.fastmodelsports.com/teams/rnYGuS9DSQCFxUOlov5ugg?league=NCAAB-III&season=24,https://fastscout.fastmodelsports.com/teams/m9ZM9LCFQVm8aenNvWLokA/games/_lf6O6aGRG2AyGrIQp_yXA/boxscore?league=NCAAB-III&season=24,https://editor-web.synergysports.com/video?playlistUrl=https%3a%2f%2fbasketball.synergysportstech.com%2fapi%2fgames%2f6711294e6d6a2ba9bb7ebc1e%2ffullgamevideo%2fclips,L,64.0,88.0,-24.0,2024-25,No
"Sat, Feb 1",Guilford Quakers,Averett Cougars,Home,https://fastscout.fastmodelsports.com/teams/p3n6EzAIRPCMkGs4MCxL4g?league=NCAAB-III&season=24,https://fastscout.fastmodelsports.com/teams/m9ZM9LCFQVm8aenNvWLokA/games/F21ekll4SE2olJVorGepBA/boxscore?league=NCAAB-III&season=24,https://editor-web.synergysports.com/video?playlistUrl=https%3a%2f%2fbasketball.synergysportstech.com%2fapi%2fgames%2f6711294e6d6a2ba9bb7ebc1f%2ffullgamevideo%2fclips,L,71.0,91.0,-20.0,2024-25,No
"Sat, Feb 8",Ferrum Panthers,Averett Cougars,Home,https://fastscout.fastmodelsports.com/teams/WdlPCnP2T--uvKXC5mW84Q?league=NCAAB-III&season=24,https://fastscout.fastmodelsports.com/teams/m9ZM9LCFQVm8aenNvWLokA/games/nYRgdN9mQKiNutga0JVKhw/boxscore?league=NCAAB-III&season=24,https://editor-web.synergysports.com/video?playlistUrl=https%3a%2f%2fbasketball.synergysportstech.com%2fapi%2fgames%2f6711294e6d6a2ba9bb7ebc20%2ffullgamevideo%2fclips,L,54.0,68.0,-14.0,2024-25,No
"Wed, Feb 12",Virginia Wesleyan Marlins,Averett Cougars,Away,https://fastscout.fastmodelsports.com/teams/kKhwY9KLTb6IHl-XGD_3Ig?league=NCAAB-III&season=24,https://fastscout.fastmodelsports.com/teams/m9ZM9LCFQVm8aenNvWLokA/games/6NBFQMvXQRmxhUXI8OuEnw/boxscore?league=NCAAB-III&season=24,https://editor-web.synergysports.com/video?playlistUrl=https%3a%2f%2fbasketball.synergysportstech.com%2fapi%2fgames%2f6711294e6d6a2ba9bb7ebc21%2ffullgamevideo%2fclips,L,53.0,70.0,-17.0,2024-25,No
"Sat, Feb 15",Randolph WildCats,Averett Cougars,Home,https://fastscout.fastmodelsports.com/teams/t9EdDbp_QbKHpdiU9YnpIw?league=NCAAB-III&season=24,https://fastscout.fastmodelsports.com/teams/m9ZM9LCFQVm8aenNvWLokA/games/il8tSJhSSeees34isOeenw/boxscore?league=NCAAB-III&season=24,https://editor-web.synergysports.com/video?playlistUrl=https%3a%2f%2fbasketball.synergysportstech.com%2fapi%2fgames%2f6711294e6d6a2ba9bb7ebc22%2ffullgamevideo%2fclips,L,95.0,97.0,-2.0,2024-25,No
"Tue, Feb 18",Washington & Lee Generals,Averett Cougars,Away,https://fastscout.fastmodelsports.com/teams/Dc303ciLTl-eey1dTL1x5Q?league=NCAAB-III&season=24,https://fastscout.fastmodelsports.com/teams/m9ZM9LCFQVm8aenNvWLokA/games/np-2D40UTD-CqK124LnMWA/boxscore?league=NCAAB-III&season=24,https://editor-web.synergysports.com/video?playlistUrl=https%3a%2f%2fbasketball.synergysportstech.com%2fapi%2fgames%2f6711294e6d6a2ba9bb7ebc23%2ffullgamevideo%2fclips,L,75.0,78.0,-3.0,2024-25,No
"Sat, Feb 22",Guilford Quakers,Averett Cougars,Away,https://fastscout.fastmodelsports.com/teams/p3n6EzAIRPCMkGs4MCxL4g?league=NCAAB-III&season=24,https://fastscout.fastmodelsports.com/teams/m9ZM9LCFQVm8aenNvWLokA/games/JjSyVCOYQ-aIZPboLYbstQ/boxscore?league=NCAAB-III&season=24,https://editor-web.synergysports.com/video?playlistUrl=https%3a%2f%2fbasketball.synergysportstech.com%2fapi%2fgames%2f6711294e6d6a2ba9bb7ebc24%2ffullgamevideo%2fclips,L,71.0,81.0,-10.0,2024-25,No
"Fri, Nov 8",Ripon Red Hawks,Virginia Wesleyan Marlins,Home,https://fastscout.fastmodelsports.com/teams/NYQ5dX1lTj2qPTiYSf_8EQ?league=NCAAB-III&season=24,https://fastscout.fastmodelsports.com/teams/kKhwY9KLTb6IHl-XGD_3Ig/games/-d30Dga2SVyDgfxhR3sqVA/boxscore?league=NCAAB-III&season=24,https://editor-web.synergysports.com/video?playlistUrl=https%3a%2f%2fbasketball.synergysportstech.com%2fapi%2fgames%2f671970856466ceeb21c1d01e%2ffullgamevideo%2fclips,W,79.0,36.0,43.0,2024-25,No
"Sat, Nov 9",Mary Washington Eagles,Virginia Wesleyan Marlins,Home,https://fastscout.fastmodelsports.com/teams/tFV7OvPHSA2s4EEfrzc59g?league=NCAAB-III&season=24,https://fastscout.fastmodelsports.com/teams/kKhwY9KLTb6IHl-XGD_3Ig/games/e5mejzYhRJSYwmqCEpq88A/boxscore?league=NCAAB-III&season=24,https://editor-web.synergysports.com/video?playlistUrl=https%3a%2f%2fbasketball.synergysportstech.com%2fapi%2fgames%2f671714153b0b304dfb8b8e38%2ffullgamevideo%2fclips,W,65.0,48.0,17.0,2024-25,No
"Wed, Nov 13",Christopher Newport Captains,Virginia Wesleyan Marlins,Home,https://fastscout.fastmodelsports.com/teams/Kapm6HiaScegrNGZQRkL8A?league=NCAAB-III&season=24,https://fastscout.fastmodelsports.com/teams/kKhwY9KLTb6IHl-XGD_3Ig/games/hGmsTwTdR2GVIFnDJ4bUOg/boxscore?league=NCAAB-III&season=24,https://editor-web.synergysports.com/video?playlistUrl=https%3a%2f%2fbasketball.synergysportstech.com%2fapi%2fgames%2f671712e3e205abf90052ad24%2ffullgamevideo%2fclips,L,72.0,74.0,-2.0,2024-25,No
"Sat, Nov 23",Regent Royals,Virginia Wesleyan Marlins,Home,https://fastscout.fastmodelsports.com/teams/9gyRgRydRRe7E5Y6g-HSHg?league=NCAAB-III&season=24,https://fastscout.fastmodelsports.com/teams/kKhwY9KLTb6IHl-XGD_3Ig/games/qSyGy5-IQ4qIyZG3luOdPQ/boxscore?league=NCAAB-III&season=24,https://editor-web.synergysports.com/video?playlistUrl=https%3a%2f%2fbasketball.synergysportstech.com%2fapi%2fgames%2f671af24d7719cb7294a07865%2ffullgamevideo%2fclips,W,98.0,67.0,31.0,2024-25,No
"Tue, Nov 26",Salisbury Sea Gulls,Virginia Wesleyan Marlins,Home,https://fastscout.fastmodelsports.com/teams/lLZqY0eLQHuxMlB0ygoFWA?league=NCAAB-III&season=24,https://fastscout.fastmodelsports.com/teams/kKhwY9KLTb6IHl-XGD_3Ig/games/fcUPjzCRRI61aTbhraIcnQ/boxscore?league=NCAAB-III&season=24,https://editor-web.synergysports.com/video?playlistUrl=https%3a%2f%2fbasketball.synergysportstech.com%2fapi%2fgames%2f6717a0b05f77ce6e862733e0%2ffullgamevideo%2fclips,L,69.0,72.0,-3.0,2024-25,No
"Wed, Dec 4",Eastern Mennonite Royals,Virginia Wesleyan Marlins,Home,https://fastscout.fastmodelsports.com/teams/VxlaqLHlTR-poQ9qa43JBg?league=NCAAB-III&season=24,https://fastscout.fastmodelsports.com/teams/kKhwY9KLTb6IHl-XGD_3Ig/games/5DbivbkLTN-9NxzLjrHYfg/boxscore?league=NCAAB-III&season=24,https://editor-web.synergysports.com/video?playlistUrl=https%3a%2f%2fbasketball.synergysportstech.com%2fapi%2fgames%2f671af24d7719cb7294a07866%2ffullgamevideo%2fclips,W,63.0,52.0,11.0,2024-25,No
"Sat, Dec 7",Averett Cougars,Virginia Wesleyan Marlins,Away,https://fastscout.fastmodelsports.com/teams/m9ZM9LCFQVm8aenNvWLokA?league=NCAAB-III&season=24,https://fastscout.fastmodelsports.com/teams/kKhwY9KLTb6IHl-XGD_3Ig/games/51pvTvkBSKyGk5J9QhQBqw/boxscore?league=NCAAB-III&season=24,https://editor-web.synergysports.com/video?playlistUrl=https%3a%2f%2fbasketball.synergysportstech.com%2fapi%2fgames%2f6711294e6d6a2ba9bb7ebc15%2ffullgamevideo%2fclips,W,67.0,50.0,17.0,2024-25,No
"Wed, Dec 11",Ferrum Panthers,Virginia Wesleyan Marlins,Home,https://fastscout.fastmodelsports.com/teams/WdlPCnP2T--uvKXC5mW84Q?league=NCAAB-III&season=24,https://fastscout.fastmodelsports.com/teams/kKhwY9KLTb6IHl-XGD_3Ig/games/u0RXZI7yTS-NeqbI38H1YA/boxscore?league=NCAAB-III&season=24,https://editor-web.synergysports.com/video?playlistUrl=https%3a%2f%2fbasketball.synergysportstech.com%2fapi%2fgames%2f671af24d7719cb7294a07867%2ffullgamevideo%2fclips,W,65.0,45.0,20.0,2024-25,No
"Sat, Dec 14",North Carolina Wesleyan Battling Bishops,Virginia Wesleyan Marlins,Home,https://fastscout.fastmodelsports.com/teams/VJWRXoB6RZK7ywZFQcdr9g?league=NCAAB-III&season=24,https://fastscout.fastmodelsports.com/teams/kKhwY9KLTb6IHl-XGD_3Ig/games/kc6R1tbySqa6OIDJE2ghZg/boxscore?league=NCAAB-III&season=24,https://editor-web.synergysports.com/video?playlistUrl=https%3a%2f%2fbasketball.synergysportstech.com%2fapi%2fgames%2f6711294ece1324ff6c097189%2ffullgamevideo%2fclips,W,88.0,74.0,14.0,2024-25,No
"Sun, Dec 15",UW-Whitewater Warhawks,Virginia Wesleyan Marlins,Home,https://fastscout.fastmodelsports.com/teams/YNoIeSV6SVujUWWWZIKOxw?league=NCAAB-III&season=24,https://fastscout.fastmodelsports.com/teams/kKhwY9KLTb6IHl-XGD_3Ig/games/SIob4dkjRXy_K4eL6qBpOA/boxscore?league=NCAAB-III&season=24,https://editor-web.synergysports.com/video?playlistUrl=https%3a%2f%2fbasketball.synergysportstech.com%2fapi%2fgames%2f67102d959d7f7e6c37eb9568%2ffullgamevideo%2fclips,W,61.0,58.0,3.0,2024-25,No
"Sat, Dec 28",Old Dominion Monarchs EXH,Virginia Wesleyan Marlins,Away,https://fastscout.fastmodelsports.com/teams/uX3m1n2zQluIjYLIoalF-g?league=NCAAB&season=24,https://fastscout.fastmodelsports.com/teams/kKhwY9KLTb6IHl-XGD_3Ig/games/SgV8ZflRRne9dUsyeHmbrA/boxscore?league=NCAAB-III&season=24,https://editor-web.synergysports.com/video?playlistUrl=https%3a%2f%2fbasketball.synergysportstech.com%2fapi%2fgames%2f671957516466ceeb21c1c758%2ffullgamevideo%2fclips,L,44.0,82.0,-38.0,2024-25,No
"Mon, Dec 30",Franklin & Marshall Diplomats,Virginia Wesleyan Marlins,Away,https://fastscout.fastmodelsports.com/teams/whVYd25YSf2PqZvoUcPFyg?league=NCAAB-III&season=24,https://fastscout.fastmodelsports.com/teams/kKhwY9KLTb6IHl-XGD_3Ig/games/frjT3Y8ST_-fnVVgjLTcBw/boxscore?league=NCAAB-III&season=24,https://editor-web.synergysports.com/video?playlistUrl=https%3a%2f%2fbasketball.synergysportstech.com%2fapi%2fgames%2f6717a68c8164db1a8306420c%2ffullgamevideo%2fclips,W,70.0,66.0,4.0,2024-25,No
"Sat, Jan 4",Salisbury Sea Gulls,Virginia Wesleyan Marlins,Away,https://fastscout.fastmodelsports.com/teams/lLZqY0eLQHuxMlB0ygoFWA?league=NCAAB-III&season=24,https://fastscout.fastmodelsports.com/teams/kKhwY9KLTb6IHl-XGD_3Ig/games/axIBQw4aTb6bhE0RXSvOgw/boxscore?league=NCAAB-III&season=24,https://editor-web.synergysports.com/video?playlistUrl=https%3a%2f%2fbasketball.synergysportstech.com%2fapi%2fgames%2f6717a0b15f77ce6e862733e7%2ffullgamevideo%2fclips,W,61.0,56.0,5.0,2024-25,No
"Wed, Jan 8",Washington & Lee Generals,Virginia Wesleyan Marlins,Home,https://fastscout.fastmodelsports.com/teams/Dc303ciLTl-eey1dTL1x5Q?league=NCAAB-III&season=24,https://fastscout.fastmodelsports.com/teams/kKhwY9KLTb6IHl-XGD_3Ig/games/AG32Znq3S12iD7OMHtPiNA/boxscore?league=NCAAB-III&season=24,https://editor-web.synergysports.com/video?playlistUrl=https%3a%2f%2fbasketball.synergysportstech.com%2fapi%2fgames%2f671af24d7719cb7294a07868%2ffullgamevideo%2fclips,W,62.0,38.0,24.0,2024-25,No
"Sat, Jan 11",Roanoke Maroons,Virginia Wesleyan Marlins,Away,https://fastscout.fastmodelsports.com/teams/HQBC05hqSDmZfimAgRnvYA?league=NCAAB-III&season=24,https://fastscout.fastmodelsports.com/teams/kKhwY9KLTb6IHl-XGD_3Ig/games/BrdqhhtYRBquhlGJCrny1Q/boxscore?league=NCAAB-III&season=24,https://editor-web.synergysports.com/video?playlistUrl=https%3a%2f%2fbasketball.synergysportstech.com%2fapi%2fgames%2f6719b4b88813e0ca544beb52%2ffullgamevideo%2fclips,L,67.0,77.0,-10.0,2024-25,No
"Wed, Jan 15",Guilford Quakers,Virginia Wesleyan Marlins,Away,https://fastscout.fastmodelsports.com/teams/p3n6EzAIRPCMkGs4MCxL4g?league=NCAAB-III&season=24,https://fastscout.fastmodelsports.com/teams/kKhwY9KLTb6IHl-XGD_3Ig/games/_3L898ScRECnFYNGLOExaA/boxscore?league=NCAAB-III&season=24,https://editor-web.synergysports.com/video?playlistUrl=https%3a%2f%2fbasketball.synergysportstech.com%2fapi%2fgames%2f671af24d7719cb7294a07869%2ffullgamevideo%2fclips,W,69.0,50.0,19.0,2024-25,No
"Sat, Jan 18",Lynchburg Hornets,Virginia Wesleyan Marlins,Home,https://fastscout.fastmodelsports.com/teams/2m1rRWAwT4u96LJi0xLbag?league=NCAAB-III&season=24,https://fastscout.fastmodelsports.com/teams/kKhwY9KLTb6IHl-XGD_3Ig/games/CMqrkDdSSNmtvveY-vVJZg/boxscore?league=NCAAB-III&season=24,https://editor-web.synergysports.com/video?playlistUrl=https%3a%2f%2fbasketball.synergysportstech.com%2fapi%2fgames%2f671af24e7719cb7294a0786a%2ffullgamevideo%2fclips,W,97.0,59.0,38.0,2024-25,No
"Wed, Jan 22",Shenandoah Hornets,Virginia Wesleyan Marlins,Away,https://fastscout.fastmodelsports.com/teams/xp6Szqc9TY2DkkvKfCPZng?league=NCAAB-III&season=24,https://fastscout.fastmodelsports.com/teams/kKhwY9KLTb6IHl-XGD_3Ig/games/jU9dHSK8Rpms19vE9CzKgA/boxscore?league=NCAAB-III&season=24,https://editor-web.synergysports.com/video?playlistUrl=https%3a%2f%2fbasketball.synergysportstech.com%2fapi%2fgames%2f6719b846cf4e023cf08c0815%2ffullgamevideo%2fclips,W,88.0,62.0,26.0,2024-25,No
"Sat, Jan 25",Bridgewater (VA) Eagles,Virginia Wesleyan Marlins,Away,https://fastscout.fastmodelsports.com/teams/AdVs5yUMSUymAkHBwavGHQ?league=NCAAB-III&season=24,https://fastscout.fastmodelsports.com/teams/kKhwY9KLTb6IHl-XGD_3Ig/games/bmIYsQQqRGOGx363MNIZHg/boxscore?league=NCAAB-III&season=24,https://editor-web.synergysports.com/video?playlistUrl=https%3a%2f%2fbasketball.synergysportstech.com%2fapi%2fgames%2f671af24e7719cb7294a0786b%2ffullgamevideo%2fclips,W,62.0,59.0,3.0,2024-25,No
"Wed, Jan 29",Randolph-Macon Yellow Jackets,Virginia Wesleyan Marlins,Home,https://fastscout.fastmodelsports.com/teams/K9UgveMbSJeM7Zqv04PZMQ?league=NCAAB-III&season=24,https://fastscout.fastmodelsports.com/teams/kKhwY9KLTb6IHl-XGD_3Ig/games/xFA4CQGnRIy8RCuJ73BSGg/boxscore?league=NCAAB-III&season=24,https://editor-web.synergysports.com/video?playlistUrl=https%3a%2f%2fbasketball.synergysportstech.com%2fapi%2fgames%2f670fe8acc23194f7778ddcb1%2ffullgamevideo%2fclips,L,49.0,56.0,-7.0,2024-25,No
"Sat, Feb 1",Randolph WildCats,Virginia Wesleyan Marlins,Home,https://fastscout.fastmodelsports.com/teams/t9EdDbp_QbKHpdiU9YnpIw?league=NCAAB-III&season=24,https://fastscout.fastmodelsports.com/teams/kKhwY9KLTb6IHl-XGD_3Ig/games/kqziXoscRaOuhTeLYfY65w/boxscore?league=NCAAB-III&season=24,https://editor-web.synergysports.com/video?playlistUrl=https%3a%2f%2fbasketball.synergysportstech.com%2fapi%2fgames%2f671af24e7719cb7294a0786c%2ffullgamevideo%2fclips,W,96.0,72.0,24.0,2024-25,No
"Wed, Feb 5",Hampden-Sydney Tigers,Virginia Wesleyan Marlins,Away,https://fastscout.fastmodelsports.com/teams/rnYGuS9DSQCFxUOlov5ugg?league=NCAAB-III&season=24,https://fastscout.fastmodelsports.com/teams/kKhwY9KLTb6IHl-XGD_3Ig/games/J-D7zZLqQ9m7TN6R5zRRcQ/boxscore?league=NCAAB-III&season=24,https://editor-web.synergysports.com/video?playlistUrl=https%3a%2f%2fbasketball.synergysportstech.com%2fapi%2fgames%2f6716370e4e4dbd992b5539ec%2ffullgamevideo%2fclips,L,47.0,66.0,-19.0,2024-25,No
"Wed, Feb 12",Averett Cougars,Virginia Wesleyan Marlins,Home,https://fastscout.fastmodelsports.com/teams/m9ZM9LCFQVm8aenNvWLokA?league=NCAAB-III&season=24,https://fastscout.fastmodelsports.com/teams/kKhwY9KLTb6IHl-XGD_3Ig/games/6NBFQMvXQRmxhUXI8OuEnw/boxscore?league=NCAAB-III&season=24,https://editor-web.synergysports.com/video?playlistUrl=https%3a%2f%2fbasketball.synergysportstech.com%2fapi%2fgames%2f6711294e6d6a2ba9bb7ebc21%2ffullgamevideo%2fclips,W,70.0,53.0,17.0,2024-25,No
"Sat, Feb 15",Bridgewater (VA) Eagles,Virginia Wesleyan Marlins,Home,https://fastscout.fastmodelsports.com/teams/AdVs5yUMSUymAkHBwavGHQ?league=NCAAB-III&season=24,https://fastscout.fastmodelsports.com/teams/kKhwY9KLTb6IHl-XGD_3Ig/games/7otrH-s2SVSZnNet2ItvNg/boxscore?league=NCAAB-III&season=24,https://editor-web.synergysports.com/video?playlistUrl=https%3a%2f%2fbasketball.synergysportstech.com%2fapi%2fgames%2f671af24e7719cb7294a0786d%2ffullgamevideo%2fclips,W,111.0,60.0,51.0,2024-25,No
"Tue, Feb 18",Randolph-Macon Yellow Jackets,Virginia Wesleyan Marlins,Away,https://fastscout.fastmodelsports.com/teams/K9UgveMbSJeM7Zqv04PZMQ?league=NCAAB-III&season=24,https://fastscout.fastmodelsports.com/teams/kKhwY9KLTb6IHl-XGD_3Ig/games/EZsRp6bURQG0wNpI9NQZNw/boxscore?league=NCAAB-III&season=24,https://editor-web.synergysports.com/video?playlistUrl=https%3a%2f%2fbasketball.synergysportstech.com%2fapi%2fgames%2f670fe8acc23194f7778ddcb6%2ffullgamevideo%2fclips,L,59.0,80.0,-21.0,2024-25,No
"Sat, Feb 22",Lynchburg Hornets,Virginia Wesleyan Marlins,Away,https://fastscout.fastmodelsports.com/teams/2m1rRWAwT4u96LJi0xLbag?league=NCAAB-III&season=24,https://fastscout.fastmodelsports.com/teams/kKhwY9KLTb6IHl-XGD_3Ig/games/NNQ8OEhRRVizvsWIksqMqw/boxscore?league=NCAAB-III&season=24,https://editor-web.synergysports.com/video?playlistUrl=https%3a%2f%2fbasketball.synergysportstech.com%2fapi%2fgames%2f671af24e7719cb7294a0786e%2ffullgamevideo%2fclips,W,75.0,66.0,9.0,2024-25,No
"Wed, Feb 26",Guilford Quakers,Virginia Wesleyan Marlins,Home,https://fastscout.fastmodelsports.com/teams/p3n6EzAIRPCMkGs4MCxL4g?league=NCAAB-III&season=24,https://fastscout.fastmodelsports.com/teams/kKhwY9KLTb6IHl-XGD_3Ig/games/X8y9CMq9Q3KomyWWchlhuQ/boxscore?league=NCAAB-III&season=24,https://editor-web.synergysports.com/video?playlistUrl=https%3a%2f%2fbasketball.synergysportstech.com%2fapi%2fgames%2f67bcd34ee30466ef2d799af5%2ffullgamevideo%2fclips,L,61.0,74.0,-13.0,2024-25,No
"Sat, Nov 9",Olivet Comets,Simpson Storm,Neutral Court,https://fastscout.fastmodelsports.com/teams/s7w06AgATpyyazjne5MiIQ?league=NCAAB-III&season=24,https://fastscout.fastmodelsports.com/teams/gJj-UOqhSs-rqAEEH1mw6A/games/ZhQ2XSRvRdanZDJD0nNBAQ/boxscore?league=NCAAB-III&season=24,https://editor-web.synergysports.com/video?playlistUrl=https%3a%2f%2fbasketball.synergysportstech.com%2fapi%2fgames%2f6715afcfd83e520015865dcb%2ffullgamevideo%2fclips,L,55.0,71.0,-16.0,2024-25,No
"Sun, Nov 10",St. Scholastica Saints,Simpson Storm,Neutral Court,https://fastscout.fastmodelsports.com/teams/OFTagMlLSX2YzSFYdbemSQ?league=NCAAB-III&season=24,https://fastscout.fastmodelsports.com/teams/gJj-UOqhSs-rqAEEH1mw6A/games/L0gmfpRtTu67snMleyj1hA/boxscore?league=NCAAB-III&season=24,https://editor-web.synergysports.com/video?playlistUrl=https%3a%2f%2fbasketball.synergysportstech.com%2fapi%2fgames%2f6715afcfd83e520015865dcc%2ffullgamevideo%2fclips,W,87.0,85.0,2.0,2024-25,No
"Fri, Nov 15",Augsburg Auggies,Simpson Storm,Home,https://fastscout.fastmodelsports.com/teams/4kLuICIWTUagzwDZq9kpkA?league=NCAAB-III&season=24,https://fastscout.fastmodelsports.com/teams/gJj-UOqhSs-rqAEEH1mw6A/games/LXpo-FlpR9-tX817Zgfr7Q/boxscore?league=NCAAB-III&season=24,https://editor-web.synergysports.com/video?playlistUrl=https%3a%2f%2fbasketball.synergysportstech.com%2fapi%2fgames%2f670fe8acd80e41a373209eb4%2ffullgamevideo%2fclips,L,59.0,74.0,-15.0,2024-25,No
"Sat, Nov 16",Saint John's (MN) Johnnies,Simpson Storm,Home,https://fastscout.fastmodelsports.com/teams/hITED0r7RIucTmpU4dKu-w?league=NCAAB-III&season=24,https://fastscout.fastmodelsports.com/teams/gJj-UOqhSs-rqAEEH1mw6A/games/u1s_JkT8To-x_9PSeGEsDA/boxscore?league=NCAAB-III&season=24,https://editor-web.synergysports.com/video?playlistUrl=https%3a%2f%2fbasketball.synergysportstech.com%2fapi%2fgames%2f67184665da6e3e87ebf463e6%2ffullgamevideo%2fclips,L,52.0,75.0,-23.0,2024-25,No
"Sat, Nov 23",Gustavus Adolphus Golden Gusties,Simpson Storm,Away,https://fastscout.fastmodelsports.com/teams/1PsWyF01QLKdWZ9gzEg5DQ?league=NCAAB-III&season=24,https://fastscout.fastmodelsports.com/teams/gJj-UOqhSs-rqAEEH1mw6A/games/g4RE9OZGQ5eOPxSxWUBPHQ/boxscore?league=NCAAB-III&season=24,https://editor-web.synergysports.com/video?playlistUrl=https%3a%2f%2fbasketball.synergysportstech.com%2fapi%2fgames%2f671836edda6e3e87ebf463dc%2ffullgamevideo%2fclips,L,66.0,77.0,-11.0,2024-25,No
"Tue, Nov 26",Central (IA) Dutch,Simpson Storm,Home,https://fastscout.fastmodelsports.com/teams/bUaIfaQOQWiU7dKR8JUN5Q?league=NCAAB-III&season=24,https://fastscout.fastmodelsports.com/teams/gJj-UOqhSs-rqAEEH1mw6A/games/Wd10Oe8KTEuLvzE6LWABxA/boxscore?league=NCAAB-III&season=24,https://editor-web.synergysports.com/video?playlistUrl=https%3a%2f%2fbasketball.synergysportstech.com%2fapi%2fgames%2f6711ca8b880c2b5fbe9ba1db%2ffullgamevideo%2fclips,L,79.0,100.0,-21.0,2024-25,No
"Wed, Dec 4",Coe Kohawks,Simpson Storm,Away,https://fastscout.fastmodelsports.com/teams/jXGQW7S_QkGvOZlY68lfbQ?league=NCAAB-III&season=24,https://fastscout.fastmodelsports.com/teams/gJj-UOqhSs-rqAEEH1mw6A/games/aLjTM5wmQJqQTP2gIRDx0Q/boxscore?league=NCAAB-III&season=24,https://editor-web.synergysports.com/video?playlistUrl=https%3a%2f%2fbasketball.synergysportstech.com%2fapi%2fgames%2f6711d0673915b6e10cb18d0e%2ffullgamevideo%2fclips,L,51.0,79.0,-28.0,2024-25,No
"Sat, Dec 7",Dubuque Spartans,Simpson Storm,Home,https://fastscout.fastmodelsports.com/teams/zqAJmDBaTZCPIvIeVglNQg?league=NCAAB-III&season=24,https://fastscout.fastmodelsports.com/teams/gJj-UOqhSs-rqAEEH1mw6A/games/M1r8tvqnTZSw95Hnwg-TVQ/boxscore?league=NCAAB-III&season=24,https://editor-web.synergysports.com/video?playlistUrl=https%3a%2f%2fbasketball.synergysportstech.com%2fapi%2fgames%2f671208ace60c8d6476bc3631%2ffullgamevideo%2fclips,L,67.0,81.0,-14.0,2024-25,No
"Sun, Dec 15",Bethany Lutheran Vikings,Simpson Storm,Away,https://fastscout.fastmodelsports.com/teams/LEq4CbdnTeWsY5_0yWJunQ?league=NCAAB-III&season=24,https://fastscout.fastmodelsports.com/teams/gJj-UOqhSs-rqAEEH1mw6A/games/3tRC1fQWQnCbGkG0yRF5yw/boxscore?league=NCAAB-III&season=24,https://editor-web.synergysports.com/video?playlistUrl=https%3a%2f%2fbasketball.synergysportstech.com%2fapi%2fgames%2f671130576d6a2ba9bb7ebca8%2ffullgamevideo%2fclips,W,95.0,89.0,6.0,2024-25,No
"Thu, Dec 19",Cornell College Rams,Simpson Storm,Home,https://fastscout.fastmodelsports.com/teams/4xC2EB-cSCSeH09BFgahlw?league=NCAAB-III&season=24,https://fastscout.fastmodelsports.com/teams/gJj-UOqhSs-rqAEEH1mw6A/games/e_pMHaM6Toel7rx1KwBmBQ/boxscore?league=NCAAB-III&season=24,https://editor-web.synergysports.com/video?playlistUrl=https%3a%2f%2fbasketball.synergysportstech.com%2fapi%2fgames%2f6715afcfd83e520015865dcf%2ffullgamevideo%2fclips,L,71.0,79.0,-8.0,2024-25,No
"Sat, Dec 21",UW-Whitewater Warhawks,Simpson Storm,Home,https://fastscout.fastmodelsports.com/teams/YNoIeSV6SVujUWWWZIKOxw?league=NCAAB-III&season=24,https://fastscout.fastmodelsports.com/teams/gJj-UOqhSs-rqAEEH1mw6A/games/QCo0D11SRNmSYzDv30wA8w/boxscore?league=NCAAB-III&season=24,https://editor-web.synergysports.com/video?playlistUrl=https%3a%2f%2fbasketball.synergysportstech.com%2fapi%2fgames%2f6715afd0d83e520015865dd0%2ffullgamevideo%2fclips,W,87.0,71.0,16.0,2024-25,No
"Tue, Dec 31",Knox Prairie Fire,Simpson Storm,Away,https://fastscout.fastmodelsports.com/teams/zNLq3uRDRCmTB7x_z7Wf_w?league=NCAAB-III&season=24,https://fastscout.fastmodelsports.com/teams/gJj-UOqhSs-rqAEEH1mw6A/games/1xZAueNUTymLLVCJcHU4EA/boxscore?league=NCAAB-III&season=24,https://editor-web.synergysports.com/video?playlistUrl=https%3a%2f%2fbasketball.synergysportstech.com%2fapi%2fgames%2f6715afd0d83e520015865dd1%2ffullgamevideo%2fclips,L,73.0,74.0,-1.0,2024-25,No
"Sat, Jan 4",Wartburg Knights,Simpson Storm,Home,https://fastscout.fastmodelsports.com/teams/S3yQj7VtS--Tb0Dqorg6Mg?league=NCAAB-III&season=24,https://fastscout.fastmodelsports.com/teams/gJj-UOqhSs-rqAEEH1mw6A/games/-a8-YGf-QOS_u1Y6hf7xYA/boxscore?league=NCAAB-III&season=24,https://editor-web.synergysports.com/video?playlistUrl=https%3a%2f%2fbasketball.synergysportstech.com%2fapi%2fgames%2f6710295eab7737b81253471b%2ffullgamevideo%2fclips,L,70.0,82.0,-12.0,2024-25,No
"Wed, Jan 8",Nebraska Wesleyan Prairie Wolves,Simpson Storm,Home,https://fastscout.fastmodelsports.com/teams/g7hKaVSoTkmh6YM0IzERVw?league=NCAAB-III&season=24,https://fastscout.fastmodelsports.com/teams/gJj-UOqhSs-rqAEEH1mw6A/games/v4HBn33VR86IGcvy_G8Rfg/boxscore?league=NCAAB-III&season=24,https://editor-web.synergysports.com/video?playlistUrl=https%3a%2f%2fbasketball.synergysportstech.com%2fapi%2fgames%2f6715a41b1c5a5d6a3e5e1dbe%2ffullgamevideo%2fclips,L,60.0,81.0,-21.0,2024-25,No
"Sat, Jan 11",Luther Norse,Simpson Storm,Away,https://fastscout.fastmodelsports.com/teams/Z-PVEhvUQU-FCt9ZXWMgGQ?league=NCAAB-III&season=24,https://fastscout.fastmodelsports.com/teams/gJj-UOqhSs-rqAEEH1mw6A/games/JUtLVEPLRIW-vRxL_7lFWw/boxscore?league=NCAAB-III&season=24,https://editor-web.synergysports.com/video?playlistUrl=https%3a%2f%2fbasketball.synergysportstech.com%2fapi%2fgames%2f67159f699454fc0b35ef1c5c%2ffullgamevideo%2fclips,W,61.0,57.0,4.0,2024-25,No
"Wed, Jan 15",Buena Vista Beavers,Simpson Storm,Away,https://fastscout.fastmodelsports.com/teams/Tf82n-BsQy-fDE2CZMqpiA?league=NCAAB-III&season=24,https://fastscout.fastmodelsports.com/teams/gJj-UOqhSs-rqAEEH1mw6A/games/EmZmMwtISjK0nq9RbTc0Ag/boxscore?league=NCAAB-III&season=24,https://editor-web.synergysports.com/video?playlistUrl=https%3a%2f%2fbasketball.synergysportstech.com%2fapi%2fgames%2f6711c12de41f5fb0c4adb52b%2ffullgamevideo%2fclips,L,75.0,98.0,-23.0,2024-25,No
"Sat, Jan 18",Loras Duhawks,Simpson Storm,Home,https://fastscout.fastmodelsports.com/teams/ajx5YMsQReiGG5ySrx_9zw?league=NCAAB-III&season=24,https://fastscout.fastmodelsports.com/teams/gJj-UOqhSs-rqAEEH1mw6A/games/FPSoCDsuSIO9bTrS7caF8g/boxscore?league=NCAAB-III&season=24,https://editor-web.synergysports.com/video?playlistUrl=https%3a%2f%2fbasketball.synergysportstech.com%2fapi%2fgames%2f67159d113b4f333ad3f6af44%2ffullgamevideo%2fclips,L,72.0,100.0,-28.0,2024-25,No
"Sat, Jan 25",Dubuque Spartans,Simpson Storm,Away,https://fastscout.fastmodelsports.com/teams/zqAJmDBaTZCPIvIeVglNQg?league=NCAAB-III&season=24,https://fastscout.fastmodelsports.com/teams/gJj-UOqhSs-rqAEEH1mw6A/games/caRyXcv2Rx635H010ac_KA/boxscore?league=NCAAB-III&season=24,https://editor-web.synergysports.com/video?playlistUrl=https%3a%2f%2fbasketball.synergysportstech.com%2fapi%2fgames%2f671208ade60c8d6476bc363b%2ffullgamevideo%2fclips,L,71.0,95.0,-24.0,2024-25,No
"Wed, Jan 29",Central (IA) Dutch,Simpson Storm,Away,https://fastscout.fastmodelsports.com/teams/bUaIfaQOQWiU7dKR8JUN5Q?league=NCAAB-III&season=24,https://fastscout.fastmodelsports.com/teams/gJj-UOqhSs-rqAEEH1mw6A/games/rCwV4iyXTEuj9kaCihTmcQ/boxscore?league=NCAAB-III&season=24,https://editor-web.synergysports.com/video?playlistUrl=https%3a%2f%2fbasketball.synergysportstech.com%2fapi%2fgames%2f6711ca8c880c2b5fbe9ba1e4%2ffullgamevideo%2fclips,L,60.0,85.0,-25.0,2024-25,No
"Sat, Feb 1",Wartburg Knights,Simpson Storm,Away,https://fastscout.fastmodelsports.com/teams/S3yQj7VtS--Tb0Dqorg6Mg?league=NCAAB-III&season=24,https://fastscout.fastmodelsports.com/teams/gJj-UOqhSs-rqAEEH1mw6A/games/p7b8-0ONSIKMOckIXARjJQ/boxscore?league=NCAAB-III&season=24,https://editor-web.synergysports.com/video?playlistUrl=https%3a%2f%2fbasketball.synergysportstech.com%2fapi%2fgames%2f6710295eab7737b812534722%2ffullgamevideo%2fclips,L,63.0,85.0,-22.0,2024-25,No
"Wed, Feb 5",Coe Kohawks,Simpson Storm,Home,https://fastscout.fastmodelsports.com/teams/jXGQW7S_QkGvOZlY68lfbQ?league=NCAAB-III&season=24,https://fastscout.fastmodelsports.com/teams/gJj-UOqhSs-rqAEEH1mw6A/games/LfNmT1BqTdW1X0aB-2tkAQ/boxscore?league=NCAAB-III&season=24,https://editor-web.synergysports.com/video?playlistUrl=https%3a%2f%2fbasketball.synergysportstech.com%2fapi%2fgames%2f6711d0683915b6e10cb18d16%2ffullgamevideo%2fclips,W,83.0,78.0,5.0,2024-25,No
"Sat, Feb 8",Luther Norse,Simpson Storm,Home,https://fastscout.fastmodelsports.com/teams/Z-PVEhvUQU-FCt9ZXWMgGQ?league=NCAAB-III&season=24,https://fastscout.fastmodelsports.com/teams/gJj-UOqhSs-rqAEEH1mw6A/games/n0uNS7-bRlmqSHmsLuH1bQ/boxscore?league=NCAAB-III&season=24,https://editor-web.synergysports.com/video?playlistUrl=https%3a%2f%2fbasketball.synergysportstech.com%2fapi%2fgames%2f67159f6a9454fc0b35ef1c5e%2ffullgamevideo%2fclips,L,53.0,63.0,-10.0,2024-25,No
"Thu, Feb 13",Nebraska Wesleyan Prairie Wolves,Simpson Storm,Away,https://fastscout.fastmodelsports.com/teams/g7hKaVSoTkmh6YM0IzERVw?league=NCAAB-III&season=24,https://fastscout.fastmodelsports.com/teams/gJj-UOqhSs-rqAEEH1mw6A/games/ZdYL5f8ySpCReEFY6XjRTg/boxscore?league=NCAAB-III&season=24,https://editor-web.synergysports.com/video?playlistUrl=https%3a%2f%2fbasketball.synergysportstech.com%2fapi%2fgames%2f6715a41b1c5a5d6a3e5e1dbf%2ffullgamevideo%2fclips,L,54.0,82.0,-28.0,2024-25,No
"Sun, Feb 16",Loras Duhawks,Simpson Storm,Away,https://fastscout.fastmodelsports.com/teams/ajx5YMsQReiGG5ySrx_9zw?league=NCAAB-III&season=24,https://fastscout.fastmodelsports.com/teams/gJj-UOqhSs-rqAEEH1mw6A/games/klkGfyRhQe6ok6L0-LQanw/boxscore?league=NCAAB-III&season=24,https://editor-web.synergysports.com/video?playlistUrl=https%3a%2f%2fbasketball.synergysportstech.com%2fapi%2fgames%2f67159d113b4f333ad3f6af46%2ffullgamevideo%2fclips,L,56.0,86.0,-30.0,2024-25,No
"Wed, Feb 19",Buena Vista Beavers,Simpson Storm,Home,https://fastscout.fastmodelsports.com/teams/Tf82n-BsQy-fDE2CZMqpiA?league=NCAAB-III&season=24,https://fastscout.fastmodelsports.com/teams/gJj-UOqhSs-rqAEEH1mw6A/games/mKPluhLkRqecI6zlqpQE3A/boxscore?league=NCAAB-III&season=24,https://editor-web.synergysports.com/video?playlistUrl=https%3a%2f%2fbasketball.synergysportstech.com%2fapi%2fgames%2f6711c12ee41f5fb0c4adb532%2ffullgamevideo%2fclips,L,57.0,77.0,-20.0,2024-25,No
"Fri, Nov 8",Virginia Wesleyan Marlins,Ripon Red Hawks,Away,https://fastscout.fastmodelsports.com/teams/kKhwY9KLTb6IHl-XGD_3Ig?league=NCAAB-III&season=24,https://fastscout.fastmodelsports.com/teams/NYQ5dX1lTj2qPTiYSf_8EQ/games/-d30Dga2SVyDgfxhR3sqVA/boxscore?league=NCAAB-III&season=24,https://editor-web.synergysports.com/video?playlistUrl=https%3a%2f%2fbasketball.synergysportstech.com%2fapi%2fgames%2f671970856466ceeb21c1d01e%2ffullgamevideo%2fclips,L,36.0,79.0,-43.0,2024-25,No
"Sat, Nov 9",Kean Cougars,Ripon Red Hawks,Neutral Court,https://fastscout.fastmodelsports.com/teams/j1j7H_FcSvS_dviQPTIxdw?league=NCAAB-III&season=24,https://fastscout.fastmodelsports.com/teams/NYQ5dX1lTj2qPTiYSf_8EQ/games/ZdB5Pe7aQMar_oMJNlitpg/boxscore?league=NCAAB-III&season=24,https://editor-web.synergysports.com/video?playlistUrl=https%3a%2f%2fbasketball.synergysportstech.com%2fapi%2fgames%2f6731addb755528ec85b6577c%2ffullgamevideo%2fclips,W,55.0,47.0,8.0,2024-25,No
"Sat, Nov 16",Lakeland Muskies,Ripon Red Hawks,Away,https://fastscout.fastmodelsports.com/teams/2Vdqayo0TyGkQtaFIH0f4Q?league=NCAAB-III&season=24,https://fastscout.fastmodelsports.com/teams/NYQ5dX1lTj2qPTiYSf_8EQ/games/t8vDIGfOTAO_cbiTmhhHjg/boxscore?league=NCAAB-III&season=24,https://editor-web.synergysports.com/video?playlistUrl=https%3a%2f%2fbasketball.synergysportstech.com%2fapi%2fgames%2f671efe3b28171dc5c6ac0470%2ffullgamevideo%2fclips,W,75.0,63.0,12.0,2024-25,No
"Wed, Nov 20",St. Norbert Green Knights,Ripon Red Hawks,Home,https://fastscout.fastmodelsports.com/teams/mdTxP3GCSVKmzTfFimCobQ?league=NCAAB-III&season=24,https://fastscout.fastmodelsports.com/teams/NYQ5dX1lTj2qPTiYSf_8EQ/games/SkIFQjW2SxuugAK8d8_K6g/boxscore?league=NCAAB-III&season=24,https://editor-web.synergysports.com/video?playlistUrl=https%3a%2f%2fbasketball.synergysportstech.com%2fapi%2fgames%2f671970856466ceeb21c1d01f%2ffullgamevideo%2fclips,L,59.0,67.0,-8.0,2024-25,No
"Tue, Nov 26",Carthage Firebirds,Ripon Red Hawks,Away,https://fastscout.fastmodelsports.com/teams/m-qFKRiOTEmVlbB_2f3l6Q?league=NCAAB-III&season=24,https://fastscout.fastmodelsports.com/teams/NYQ5dX1lTj2qPTiYSf_8EQ/games/vofV_OgwRo-tZFSFC4Ekng/boxscore?league=NCAAB-III&season=24,https://editor-web.synergysports.com/video?playlistUrl=https%3a%2f%2fbasketball.synergysportstech.com%2fapi%2fgames%2f67107332232eae0114c6412e%2ffullgamevideo%2fclips,L,66.0,76.0,-10.0,2024-25,No
"Sat, Nov 30",Wisconsin-Superior Yellowjackets,Ripon Red Hawks,Home,https://fastscout.fastmodelsports.com/teams/gQX0GFx7T_Cik0Dk2oMYnQ?league=NCAAB-III&season=24,https://fastscout.fastmodelsports.com/teams/NYQ5dX1lTj2qPTiYSf_8EQ/games/52A8jcrpTk2cWvbn0Zeyug/boxscore?league=NCAAB-III&season=24,https://editor-web.synergysports.com/video?playlistUrl=https%3a%2f%2fbasketball.synergysportstech.com%2fapi%2fgames%2f671130576d6a2ba9bb7ebce5%2ffullgamevideo%2fclips,W,60.0,49.0,11.0,2024-25,No
"Tue, Dec 3",UW-Oshkosh Titans,Ripon Red Hawks,Home,https://fastscout.fastmodelsports.com/teams/zQArFlh9RwaiMvPUzcbvvg?league=NCAAB-III&season=24,https://fastscout.fastmodelsports.com/teams/NYQ5dX1lTj2qPTiYSf_8EQ/games/eTZPoxDNRRW7oZ3oOSaBaw/boxscore?league=NCAAB-III&season=24,https://editor-web.synergysports.com/video?playlistUrl=https%3a%2f%2fbasketball.synergysportstech.com%2fapi%2fgames%2f671031cb9d7f7e6c37eb95b3%2ffullgamevideo%2fclips,L,83.0,91.0,-8.0,2024-25,No
"Sat, Dec 7",Illinois College Blueboys,Ripon Red Hawks,Away,https://fastscout.fastmodelsports.com/teams/C60k0tCTSma-Xj7OnfMypg?league=NCAAB-III&season=24,https://fastscout.fastmodelsports.com/teams/NYQ5dX1lTj2qPTiYSf_8EQ/games/xVSd5o7XRVm8fAM2sjAzig/boxscore?league=NCAAB-III&season=24,https://editor-web.synergysports.com/video?playlistUrl=https%3a%2f%2fbasketball.synergysportstech.com%2fapi%2fgames%2f67196f2459207b76e3cc3dd3%2ffullgamevideo%2fclips,L,52.0,65.0,-13.0,2024-25,No
"Sat, Dec 14",Knox Prairie Fire,Ripon Red Hawks,Home,https://fastscout.fastmodelsports.com/teams/zNLq3uRDRCmTB7x_z7Wf_w?league=NCAAB-III&season=24,https://fastscout.fastmodelsports.com/teams/NYQ5dX1lTj2qPTiYSf_8EQ/games/AIO_gp8WSsuuBgKJunfxXw/boxscore?league=NCAAB-III&season=24,https://editor-web.synergysports.com/video?playlistUrl=https%3a%2f%2fbasketball.synergysportstech.com%2fapi%2fgames%2f671970856466ceeb21c1d003%2ffullgamevideo%2fclips,W,74.0,63.0,11.0,2024-25,No
"Sat, Dec 21",UW-La Crosse Eagles,Ripon Red Hawks,Away,https://fastscout.fastmodelsports.com/teams/UrY3DOoLQbe_PnM_sm4HJA?league=NCAAB-III&season=24,https://fastscout.fastmodelsports.com/teams/NYQ5dX1lTj2qPTiYSf_8EQ/games/leDwvqm6T_attHTT8y-9Rg/boxscore?league=NCAAB-III&season=24,https://editor-web.synergysports.com/video?playlistUrl=https%3a%2f%2fbasketball.synergysportstech.com%2fapi%2fgames%2f67102f06ab7737b812534734%2ffullgamevideo%2fclips,L,74.0,86.0,-12.0,2024-25,No
"Tue, Dec 31",UW-Whitewater Warhawks,Ripon Red Hawks,Away,https://fastscout.fastmodelsports.com/teams/YNoIeSV6SVujUWWWZIKOxw?league=NCAAB-III&season=24,https://fastscout.fastmodelsports.com/teams/NYQ5dX1lTj2qPTiYSf_8EQ/games/5xMjYfCXSwqJpBp_XgY3Ww/boxscore?league=NCAAB-III&season=24,https://editor-web.synergysports.com/video?playlistUrl=https%3a%2f%2fbasketball.synergysportstech.com%2fapi%2fgames%2f67102d959d7f7e6c37eb956a%2ffullgamevideo%2fclips,L,70.0,81.0,-11.0,2024-25,No
"Sat, Jan 4",Beloit Buccaneers,Ripon Red Hawks,Home,https://fastscout.fastmodelsports.com/teams/emBh5s30TA-k_E211KwGIQ?league=NCAAB-III&season=24,https://fastscout.fastmodelsports.com/teams/NYQ5dX1lTj2qPTiYSf_8EQ/games/C1kB1jHiRsGNX0CZEYEjnw/boxscore?league=NCAAB-III&season=24,https://editor-web.synergysports.com/video?playlistUrl=https%3a%2f%2fbasketball.synergysportstech.com%2fapi%2fgames%2f67196f246466ceeb21c1cfe6%2ffullgamevideo%2fclips,L,44.0,65.0,-21.0,2024-25,No
"Wed, Jan 8",Grinnell Pioneers,Ripon Red Hawks,Away,https://fastscout.fastmodelsports.com/teams/lTybUp8ZSuW_Ts8FRLXz9A?league=NCAAB-III&season=24,https://fastscout.fastmodelsports.com/teams/NYQ5dX1lTj2qPTiYSf_8EQ/games/UGMjuVR8R3STlsrQRUw8wg/boxscore?league=NCAAB-III&season=24,https://editor-web.synergysports.com/video?playlistUrl=https%3a%2f%2fbasketball.synergysportstech.com%2fapi%2fgames%2f67196f2459207b76e3cc3dc8%2ffullgamevideo%2fclips,L,97.0,99.0,-2.0,2024-25,No
"Sat, Jan 11",Illinois College Blueboys,Ripon Red Hawks,Home,https://fastscout.fastmodelsports.com/teams/C60k0tCTSma-Xj7OnfMypg?league=NCAAB-III&season=24,https://fastscout.fastmodelsports.com/teams/NYQ5dX1lTj2qPTiYSf_8EQ/games/aUBEYYseQgWByl_yAemnsA/boxscore?league=NCAAB-III&season=24,https://editor-web.synergysports.com/video?playlistUrl=https%3a%2f%2fbasketball.synergysportstech.com%2fapi%2fgames%2f67196f2459207b76e3cc3dd6%2ffullgamevideo%2fclips,W,74.0,62.0,12.0,2024-25,No
"Tue, Jan 14",Lake Forest Foresters,Ripon Red Hawks,Home,https://fastscout.fastmodelsports.com/teams/3dHBJGyjR1Sz3gpQX5HArw?league=NCAAB-III&season=24,https://fastscout.fastmodelsports.com/teams/NYQ5dX1lTj2qPTiYSf_8EQ/games/VBIMDewySFyiNIU_3l98Ug/boxscore?league=NCAAB-III&season=24,https://editor-web.synergysports.com/video?playlistUrl=https%3a%2f%2fbasketball.synergysportstech.com%2fapi%2fgames%2f671970856466ceeb21c1d00d%2ffullgamevideo%2fclips,W,74.0,58.0,16.0,2024-25,No
"Sat, Jan 18",Monmouth (IL) Fighting Scots,Ripon Red Hawks,Away,https://fastscout.fastmodelsports.com/teams/RwLuY3EgSQK0Z64iIjtAlA?league=NCAAB-III&season=24,https://fastscout.fastmodelsports.com/teams/NYQ5dX1lTj2qPTiYSf_8EQ/games/zzlJ1Zz0SlqsaeUt7hHhbA/boxscore?league=NCAAB-III&season=24,https://editor-web.synergysports.com/video?playlistUrl=https%3a%2f%2fbasketball.synergysportstech.com%2fapi%2fgames%2f6712c3ec7d0f17f4c2c827b8%2ffullgamevideo%2fclips,L,71.0,84.0,-13.0,2024-25,No
"Wed, Jan 22",Lawrence Vikings,Ripon Red Hawks,Away,https://fastscout.fastmodelsports.com/teams/MllJT2ihTyeXdyKzEucwGg?league=NCAAB-III&season=24,https://fastscout.fastmodelsports.com/teams/NYQ5dX1lTj2qPTiYSf_8EQ/games/QuKi-yA9Q9KsTVvEGHEi_w/boxscore?league=NCAAB-III&season=24,https://editor-web.synergysports.com/video?playlistUrl=https%3a%2f%2fbasketball.synergysportstech.com%2fapi%2fgames%2f671970856466ceeb21c1d018%2ffullgamevideo%2fclips,W,63.0,61.0,2.0,2024-25,No
"Sat, Jan 25",Grinnell Pioneers,Ripon Red Hawks,Home,https://fastscout.fastmodelsports.com/teams/lTybUp8ZSuW_Ts8FRLXz9A?league=NCAAB-III&season=24,https://fastscout.fastmodelsports.com/teams/NYQ5dX1lTj2qPTiYSf_8EQ/games/IiyTq5cjSd-2thtts0qnHA/boxscore?league=NCAAB-III&season=24,https://editor-web.synergysports.com/video?playlistUrl=https%3a%2f%2fbasketball.synergysportstech.com%2fapi%2fgames%2f67196f2459207b76e3cc3dca%2ffullgamevideo%2fclips,W,102.0,85.0,17.0,2024-25,No
"Sat, Feb 1",Cornell College Rams,Ripon Red Hawks,Away,https://fastscout.fastmodelsports.com/teams/4xC2EB-cSCSeH09BFgahlw?league=NCAAB-III&season=24,https://fastscout.fastmodelsports.com/teams/NYQ5dX1lTj2qPTiYSf_8EQ/games/jSjtihdiQYCJUijeGAGOew/boxscore?league=NCAAB-III&season=24,https://editor-web.synergysports.com/video?playlistUrl=https%3a%2f%2fbasketball.synergysportstech.com%2fapi%2fgames%2f67196f246466ceeb21c1cffc%2ffullgamevideo%2fclips,L,58.0,64.0,-6.0,2024-25,No
"Wed, Feb 5",Beloit Buccaneers,Ripon Red Hawks,Away,https://fastscout.fastmodelsports.com/teams/emBh5s30TA-k_E211KwGIQ?league=NCAAB-III&season=24,https://fastscout.fastmodelsports.com/teams/NYQ5dX1lTj2qPTiYSf_8EQ/games/JPlT9waVRC-L8gOdrYlhnA/boxscore?league=NCAAB-III&season=24,https://editor-web.synergysports.com/video?playlistUrl=https%3a%2f%2fbasketball.synergysportstech.com%2fapi%2fgames%2f67196f246466ceeb21c1cfed%2ffullgamevideo%2fclips,W,72.0,60.0,12.0,2024-25,No
"Sat, Feb 8",Knox Prairie Fire,Ripon Red Hawks,Away,https://fastscout.fastmodelsports.com/teams/zNLq3uRDRCmTB7x_z7Wf_w?league=NCAAB-III&season=24,https://fastscout.fastmodelsports.com/teams/NYQ5dX1lTj2qPTiYSf_8EQ/games/c2hb_raFQ1uhfDmUce_3sw/boxscore?league=NCAAB-III&season=24,https://editor-web.synergysports.com/video?playlistUrl=https%3a%2f%2fbasketball.synergysportstech.com%2fapi%2fgames%2f671970856466ceeb21c1d007%2ffullgamevideo%2fclips,W,78.0,55.0,23.0,2024-25,No
"Tue, Feb 11",Cornell College Rams,Ripon Red Hawks,Home,https://fastscout.fastmodelsports.com/teams/4xC2EB-cSCSeH09BFgahlw?league=NCAAB-III&season=24,https://fastscout.fastmodelsports.com/teams/NYQ5dX1lTj2qPTiYSf_8EQ/games/F8NL0JdCQiy1WCMNRJr5Hw/boxscore?league=NCAAB-III&season=24,https://editor-web.synergysports.com/video?playlistUrl=https%3a%2f%2fbasketball.synergysportstech.com%2fapi%2fgames%2f67196f2459207b76e3cc3dbf%2ffullgamevideo%2fclips,W,55.0,50.0,5.0,2024-25,No
"Sat, Feb 15",Monmouth (IL) Fighting Scots,Ripon Red Hawks,Home,https://fastscout.fastmodelsports.com/teams/RwLuY3EgSQK0Z64iIjtAlA?league=NCAAB-III&season=24,https://fastscout.fastmodelsports.com/teams/NYQ5dX1lTj2qPTiYSf_8EQ/games/UkzVWJLGQL-NJGVQCBJYMg/boxscore?league=NCAAB-III&season=24,https://editor-web.synergysports.com/video?playlistUrl=https%3a%2f%2fbasketball.synergysportstech.com%2fapi%2fgames%2f6712c3ec7d0f17f4c2c827bf%2ffullgamevideo%2fclips,L,73.0,78.0,-5.0,2024-25,No
"Wed, Feb 19",Lake Forest Foresters,Ripon Red Hawks,Away,https://fastscout.fastmodelsports.com/teams/3dHBJGyjR1Sz3gpQX5HArw?league=NCAAB-III&season=24,https://fastscout.fastmodelsports.com/teams/NYQ5dX1lTj2qPTiYSf_8EQ/games/N1iv54wsQ2CYuXl5rvKJ0w/boxscore?league=NCAAB-III&season=24,https://editor-web.synergysports.com/video?playlistUrl=https%3a%2f%2fbasketball.synergysportstech.com%2fapi%2fgames%2f671970856466ceeb21c1d010%2ffullgamevideo%2fclips,L,57.0,64.0,-7.0,2024-25,No
"Sat, Feb 22",Lawrence Vikings,Ripon Red Hawks,Home,https://fastscout.fastmodelsports.com/teams/MllJT2ihTyeXdyKzEucwGg?league=NCAAB-III&season=24,https://fastscout.fastmodelsports.com/teams/NYQ5dX1lTj2qPTiYSf_8EQ/games/l_0cXI4wQbuFW6FZprnVQg/boxscore?league=NCAAB-III&season=24,https://editor-web.synergysports.com/video?playlistUrl=https%3a%2f%2fbasketball.synergysportstech.com%2fapi%2fgames%2f671970856466ceeb21c1d019%2ffullgamevideo%2fclips,W,56.0,50.0,6.0,2024-25,No
"Wed, Oct 30",Wisconsin Badgers EXH,UW-River Falls Falcons,Away,https://fastscout.fastmodelsports.com/teams/eBsnTLiGRL6-AUVGuZxG3g?league=NCAAB&season=24,https://fastscout.fastmodelsports.com/teams/JhCOrVBFRO2E7-hIjHeICg/games/n89ZOdV4TUyXTZVtwN3oPw/boxscore?league=NCAAB-III&season=24,,L,62.0,78.0,-16.0,2024-25,No
"Wed, Nov 13",Macalester Scots,UW-River Falls Falcons,Away,https://fastscout.fastmodelsports.com/teams/k8rrJXDeSZi03Mj1sRoBZQ?league=NCAAB-III&season=24,https://fastscout.fastmodelsports.com/teams/JhCOrVBFRO2E7-hIjHeICg/games/SBTvQEUwS3GQ3s90USuvCA/boxscore?league=NCAAB-III&season=24,https://editor-web.synergysports.com/video?playlistUrl=https%3a%2f%2fbasketball.synergysportstech.com%2fapi%2fgames%2f67102f069d7f7e6c37eb95a5%2ffullgamevideo%2fclips,L,70.0,74.0,-4.0,2024-25,No
"Sat, Nov 16",Crown (MN) Storm,UW-River Falls Falcons,Home,https://fastscout.fastmodelsports.com/teams/9kSujWHjQ2-o78IYVOMpgg?league=NCAAB-III&season=24,https://fastscout.fastmodelsports.com/teams/JhCOrVBFRO2E7-hIjHeICg/games/h0qzPNSyQYuQzJQNs2PAeg/boxscore?league=NCAAB-III&season=24,https://editor-web.synergysports.com/video?playlistUrl=https%3a%2f%2fbasketball.synergysportstech.com%2fapi%2fgames%2f670fe5dcd80e41a373209e8e%2ffullgamevideo%2fclips,L,56.0,65.0,-9.0,2024-25,No
"Wed, Nov 20",St. Olaf Oles,UW-River Falls Falcons,Away,https://fastscout.fastmodelsports.com/teams/ayHbTP7lQaebm2Zgj5kGjg?league=NCAAB-III&season=24,https://fastscout.fastmodelsports.com/teams/JhCOrVBFRO2E7-hIjHeICg/games/nKqBkYF4T6KKj_uLbqYqoQ/boxscore?league=NCAAB-III&season=24,https://editor-web.synergysports.com/video?playlistUrl=https%3a%2f%2fbasketball.synergysportstech.com%2fapi%2fgames%2f67102f069d7f7e6c37eb95a6%2ffullgamevideo%2fclips,W,69.0,50.0,19.0,2024-25,No
"Sat, Nov 23",Saint Mary's (MN) Cardinals,UW-River Falls Falcons,Home,https://fastscout.fastmodelsports.com/teams/MMyoxw2HTiuZwHNM8O3Y5g?league=NCAAB-III&season=24,https://fastscout.fastmodelsports.com/teams/JhCOrVBFRO2E7-hIjHeICg/games/lvwTlcsvSNSD6BmHfFfyiw/boxscore?league=NCAAB-III&season=24,https://editor-web.synergysports.com/video?playlistUrl=https%3a%2f%2fbasketball.synergysportstech.com%2fapi%2fgames%2f67184935da6b366bc3cdd8d0%2ffullgamevideo%2fclips,W,84.0,56.0,28.0,2024-25,No
"Tue, Nov 26",Concordia-Moorhead Cobbers,UW-River Falls Falcons,Home,https://fastscout.fastmodelsports.com/teams/ou29rf93T1iXw1QHKyA0Lg?league=NCAAB-III&season=24,https://fastscout.fastmodelsports.com/teams/JhCOrVBFRO2E7-hIjHeICg/games/jpUX2kbOTKOHW4M-CJZ2IA/boxscore?league=NCAAB-III&season=24,https://editor-web.synergysports.com/video?playlistUrl=https%3a%2f%2fbasketball.synergysportstech.com%2fapi%2fgames%2f67102f069d7f7e6c37eb95a8%2ffullgamevideo%2fclips,W,68.0,59.0,9.0,2024-25,No
"Sat, Nov 30",Carleton Knights,UW-River Falls Falcons,Away,https://fastscout.fastmodelsports.com/teams/v5N9I07AS56QFDuTOX9neQ?league=NCAAB-III&season=24,https://fastscout.fastmodelsports.com/teams/JhCOrVBFRO2E7-hIjHeICg/games/icPiYlYnRn6yC7iQ_TwikA/boxscore?league=NCAAB-III&season=24,https://editor-web.synergysports.com/video?playlistUrl=https%3a%2f%2fbasketball.synergysportstech.com%2fapi%2fgames%2f67102f069d7f7e6c37eb95a9%2ffullgamevideo%2fclips,L,67.0,72.0,-5.0,2024-25,No
"Wed, Dec 11",North Central (MN) Rams,UW-River Falls Falcons,Away,https://fastscout.fastmodelsports.com/teams/Q4_ZqpuuSfKV4ti5ZM94Xg?league=NCAAB-III&season=24,https://fastscout.fastmodelsports.com/teams/JhCOrVBFRO2E7-hIjHeICg/games/utq6CZUJQTyWATH3CKNJ-g/boxscore?league=NCAAB-III&season=24,https://editor-web.synergysports.com/video?playlistUrl=https%3a%2f%2fbasketball.synergysportstech.com%2fapi%2fgames%2f67113057ce1324ff6c0971bc%2ffullgamevideo%2fclips,W,72.0,61.0,11.0,2024-25,No
"Sat, Dec 14",Gustavus Adolphus Golden Gusties,UW-River Falls Falcons,Away,https://fastscout.fastmodelsports.com/teams/1PsWyF01QLKdWZ9gzEg5DQ?league=NCAAB-III&season=24,https://fastscout.fastmodelsports.com/teams/JhCOrVBFRO2E7-hIjHeICg/games/q2VayNw-Qceg6BaMFx6zkA/boxscore?league=NCAAB-III&season=24,https://editor-web.synergysports.com/video?playlistUrl=https%3a%2f%2fbasketball.synergysportstech.com%2fapi%2fgames%2f67102f069d7f7e6c37eb95ab%2ffullgamevideo%2fclips,L,53.0,73.0,-20.0,2024-25,No
"Thu, Dec 19",Hamline Pipers,UW-River Falls Falcons,Home,https://fastscout.fastmodelsports.com/teams/B_S7PSVtRKaBA3lRDbDEeg?league=NCAAB-III&season=24,https://fastscout.fastmodelsports.com/teams/JhCOrVBFRO2E7-hIjHeICg/games/ZmS2_V4iSlmH0fKSiTtJEA/boxscore?league=NCAAB-III&season=24,https://editor-web.synergysports.com/video?playlistUrl=https%3a%2f%2fbasketball.synergysportstech.com%2fapi%2fgames%2f67102f069d7f7e6c37eb95ac%2ffullgamevideo%2fclips,L,45.0,58.0,-13.0,2024-25,No
"Mon, Dec 30",St. Scholastica Saints,UW-River Falls Falcons,Home,https://fastscout.fastmodelsports.com/teams/OFTagMlLSX2YzSFYdbemSQ?league=NCAAB-III&season=24,https://fastscout.fastmodelsports.com/teams/JhCOrVBFRO2E7-hIjHeICg/games/iGXMIDjTQGeukOZDS6iraw/boxscore?league=NCAAB-III&season=24,https://editor-web.synergysports.com/video?playlistUrl=https%3a%2f%2fbasketball.synergysportstech.com%2fapi%2fgames%2f67102f069d7f7e6c37eb95ad%2ffullgamevideo%2fclips,W,80.0,57.0,23.0,2024-25,No
"Tue, Dec 31",Wisconsin-Superior Yellowjackets,UW-River Falls Falcons,Home,https://fastscout.fastmodelsports.com/teams/gQX0GFx7T_Cik0Dk2oMYnQ?league=NCAAB-III&season=24,https://fastscout.fastmodelsports.com/teams/JhCOrVBFRO2E7-hIjHeICg/games/JeesrEUYRDKLOP7LybPToA/boxscore?league=NCAAB-III&season=24,https://editor-web.synergysports.com/video?playlistUrl=https%3a%2f%2fbasketball.synergysportstech.com%2fapi%2fgames%2f67102f06ab7737b812534728%2ffullgamevideo%2fclips,W,59.0,51.0,8.0,2024-25,No
"Sat, Jan 4",UW-Whitewater Warhawks,UW-River Falls Falcons,Away,https://fastscout.fastmodelsports.com/teams/YNoIeSV6SVujUWWWZIKOxw?league=NCAAB-III&season=24,https://fastscout.fastmodelsports.com/teams/JhCOrVBFRO2E7-hIjHeICg/games/wklLLR6_RnOwyNvVNfEMbQ/boxscore?league=NCAAB-III&season=24,https://editor-web.synergysports.com/video?playlistUrl=https%3a%2f%2fbasketball.synergysportstech.com%2fapi%2fgames%2f67102d959d7f7e6c37eb956b%2ffullgamevideo%2fclips,L,69.0,88.0,-19.0,2024-25,No
"Wed, Jan 8",UW-Stout Blue Devils,UW-River Falls Falcons,Home,https://fastscout.fastmodelsports.com/teams/pppg37pRSuWUYj2LabWFxA?league=NCAAB-III&season=24,https://fastscout.fastmodelsports.com/teams/JhCOrVBFRO2E7-hIjHeICg/games/cM4F8qMeSIuN2cvdAKvhtQ/boxscore?league=NCAAB-III&season=24,https://editor-web.synergysports.com/video?playlistUrl=https%3a%2f%2fbasketball.synergysportstech.com%2fapi%2fgames%2f67102d969d7f7e6c37eb9585%2ffullgamevideo%2fclips,L,64.0,66.0,-2.0,2024-25,No
"Sat, Jan 11",UW-Eau Claire Blugolds,UW-River Falls Falcons,Away,https://fastscout.fastmodelsports.com/teams/u9KC56v1Tsyl1DIt-x3UXQ?league=NCAAB-III&season=24,https://fastscout.fastmodelsports.com/teams/JhCOrVBFRO2E7-hIjHeICg/games/aE7ZQ47cQ3GWR4uMfHRaHA/boxscore?league=NCAAB-III&season=24,https://editor-web.synergysports.com/video?playlistUrl=https%3a%2f%2fbasketball.synergysportstech.com%2fapi%2fgames%2f67102f06ab7737b812534729%2ffullgamevideo%2fclips,W,67.0,65.0,2.0,2024-25,No
"Wed, Jan 15",UW-Stevens Point Pointers,UW-River Falls Falcons,Home,https://fastscout.fastmodelsports.com/teams/OqTWpgCzTV-VyfWtEnIp-g?league=NCAAB-III&season=24,https://fastscout.fastmodelsports.com/teams/JhCOrVBFRO2E7-hIjHeICg/games/C6BMxVdaT1mzch66IIGBPg/boxscore?league=NCAAB-III&season=24,https://editor-web.synergysports.com/video?playlistUrl=https%3a%2f%2fbasketball.synergysportstech.com%2fapi%2fgames%2f67102f069d7f7e6c37eb959d%2ffullgamevideo%2fclips,L,53.0,55.0,-2.0,2024-25,No
"Sat, Jan 18",UW-Platteville Pioneers,UW-River Falls Falcons,Home,https://fastscout.fastmodelsports.com/teams/D99vwO1cQ_2BrNCr1V1A_Q?league=NCAAB-III&season=24,https://fastscout.fastmodelsports.com/teams/JhCOrVBFRO2E7-hIjHeICg/games/dCouA8WcTe-j1SSy6ZVgeg/boxscore?league=NCAAB-III&season=24,https://editor-web.synergysports.com/video?playlistUrl=https%3a%2f%2fbasketball.synergysportstech.com%2fapi%2fgames%2f678c58045b2b36f8ece7f56e%2ffullgamevideo%2fclips,L,66.0,75.0,-9.0,2024-25,No
"Wed, Jan 22",UW-La Crosse Eagles,UW-River Falls Falcons,Away,https://fastscout.fastmodelsports.com/teams/UrY3DOoLQbe_PnM_sm4HJA?league=NCAAB-III&season=24,https://fastscout.fastmodelsports.com/teams/JhCOrVBFRO2E7-hIjHeICg/games/eCDf98hPSvqpnbHZk3u9rg/boxscore?league=NCAAB-III&season=24,https://editor-web.synergysports.com/video?playlistUrl=https%3a%2f%2fbasketball.synergysportstech.com%2fapi%2fgames%2f67102f06ab7737b81253472b%2ffullgamevideo%2fclips,L,56.0,77.0,-21.0,2024-25,No
"Sat, Jan 25",UW-Oshkosh Titans,UW-River Falls Falcons,Away,https://fastscout.fastmodelsports.com/teams/zQArFlh9RwaiMvPUzcbvvg?league=NCAAB-III&season=24,https://fastscout.fastmodelsports.com/teams/JhCOrVBFRO2E7-hIjHeICg/games/Ig18ygTeQEqh7LtnPSDCZw/boxscore?league=NCAAB-III&season=24,https://editor-web.synergysports.com/video?playlistUrl=https%3a%2f%2fbasketball.synergysportstech.com%2fapi%2fgames%2f67102f06ab7737b81253472c%2ffullgamevideo%2fclips,L,68.0,81.0,-13.0,2024-25,No
"Wed, Jan 29",UW-Eau Claire Blugolds,UW-River Falls Falcons,Home,https://fastscout.fastmodelsports.com/teams/u9KC56v1Tsyl1DIt-x3UXQ?league=NCAAB-III&season=24,https://fastscout.fastmodelsports.com/teams/JhCOrVBFRO2E7-hIjHeICg/games/6kljRNMNTOK7g0jm15UXGQ/boxscore?league=NCAAB-III&season=24,https://editor-web.synergysports.com/video?playlistUrl=https%3a%2f%2fbasketball.synergysportstech.com%2fapi%2fgames%2f67102f06ab7737b81253472d%2ffullgamevideo%2fclips,L,58.0,71.0,-13.0,2024-25,No
"Wed, Feb 5",UW-Stevens Point Pointers,UW-River Falls Falcons,Away,https://fastscout.fastmodelsports.com/teams/OqTWpgCzTV-VyfWtEnIp-g?league=NCAAB-III&season=24,https://fastscout.fastmodelsports.com/teams/JhCOrVBFRO2E7-hIjHeICg/games/Yak9672vRJ-8TXlcg159GA/boxscore?league=NCAAB-III&season=24,https://editor-web.synergysports.com/video?playlistUrl=https%3a%2f%2fbasketball.synergysportstech.com%2fapi%2fgames%2f67102f069d7f7e6c37eb95a0%2ffullgamevideo%2fclips,L,53.0,62.0,-9.0,2024-25,No
"Sat, Feb 8",UW-Oshkosh Titans,UW-River Falls Falcons,Home,https://fastscout.fastmodelsports.com/teams/zQArFlh9RwaiMvPUzcbvvg?league=NCAAB-III&season=24,https://fastscout.fastmodelsports.com/teams/JhCOrVBFRO2E7-hIjHeICg/games/rCx3YaZKTU--uKYujAuIGw/boxscore?league=NCAAB-III&season=24,https://editor-web.synergysports.com/video?playlistUrl=https%3a%2f%2fbasketball.synergysportstech.com%2fapi%2fgames%2f67102f06ab7737b81253472e%2ffullgamevideo%2fclips,W,76.0,68.0,8.0,2024-25,No
"Wed, Feb 12",UW-Stout Blue Devils,UW-River Falls Falcons,Away,https://fastscout.fastmodelsports.com/teams/pppg37pRSuWUYj2LabWFxA?league=NCAAB-III&season=24,https://fastscout.fastmodelsports.com/teams/JhCOrVBFRO2E7-hIjHeICg/games/-NcoWffhRcuOdrZJIcdBLA/boxscore?league=NCAAB-III&season=24,https://editor-web.synergysports.com/video?playlistUrl=https%3a%2f%2fbasketball.synergysportstech.com%2fapi%2fgames%2f67102d969d7f7e6c37eb958c%2ffullgamevideo%2fclips,L,81.0,82.0,-1.0,2024-25,No
"Sat, Feb 15",UW-Whitewater Warhawks,UW-River Falls Falcons,Home,https://fastscout.fastmodelsports.com/teams/YNoIeSV6SVujUWWWZIKOxw?league=NCAAB-III&season=24,https://fastscout.fastmodelsports.com/teams/JhCOrVBFRO2E7-hIjHeICg/games/M2grslECS_Kpa9PvRtlTBw/boxscore?league=NCAAB-III&season=24,https://editor-web.synergysports.com/video?playlistUrl=https%3a%2f%2fbasketball.synergysportstech.com%2fapi%2fgames%2f67102d959d7f7e6c37eb9576%2ffullgamevideo%2fclips,W,72.0,66.0,6.0,2024-25,No
"Wed, Feb 19",UW-La Crosse Eagles,UW-River Falls Falcons,Home,https://fastscout.fastmodelsports.com/teams/UrY3DOoLQbe_PnM_sm4HJA?league=NCAAB-III&season=24,https://fastscout.fastmodelsports.com/teams/JhCOrVBFRO2E7-hIjHeICg/games/8fBVsd4ZQjG_fO3Lhi4duA/boxscore?league=NCAAB-III&season=24,https://editor-web.synergysports.com/video?playlistUrl=https%3a%2f%2fbasketball.synergysportstech.com%2fapi%2fgames%2f67102f06ab7737b81253472f%2ffullgamevideo%2fclips,L,79.0,86.0,-7.0,2024-25,No
"Sat, Feb 22",UW-Platteville Pioneers,UW-River Falls Falcons,Away,https://fastscout.fastmodelsports.com/teams/D99vwO1cQ_2BrNCr1V1A_Q?league=NCAAB-III&season=24,https://fastscout.fastmodelsports.com/teams/JhCOrVBFRO2E7-hIjHeICg/games/IGnrH58VRme52NKVDbbErQ/boxscore?league=NCAAB-III&season=24,https://editor-web.synergysports.com/video?playlistUrl=https%3a%2f%2fbasketball.synergysportstech.com%2fapi%2fgames%2f67102f06ab7737b812534730%2ffullgamevideo%2fclips,L,44.0,85.0,-41.0,2024-25,No
"Sun, Nov 10",Lakeland Muskies,UW-Stevens Point Pointers,Away,https://fastscout.fastmodelsports.com/teams/2Vdqayo0TyGkQtaFIH0f4Q?league=NCAAB-III&season=24,https://fastscout.fastmodelsports.com/teams/OqTWpgCzTV-VyfWtEnIp-g/games/-jrwM3sySXGkOiBeVF5ENg/boxscore?league=NCAAB-III&season=24,https://editor-web.synergysports.com/video?playlistUrl=https%3a%2f%2fbasketball.synergysportstech.com%2fapi%2fgames%2f67102f069d7f7e6c37eb9591%2ffullgamevideo%2fclips,W,91.0,59.0,32.0,2024-25,No
"Wed, Nov 13",MSOE Raiders,UW-Stevens Point Pointers,Home,https://fastscout.fastmodelsports.com/teams/Sp1tpZk8S1iLs3ofcWZrDg?league=NCAAB-III&season=24,https://fastscout.fastmodelsports.com/teams/OqTWpgCzTV-VyfWtEnIp-g/games/tYkqNrikSP2BdWGmkwFIRg/boxscore?league=NCAAB-III&season=24,https://editor-web.synergysports.com/video?playlistUrl=https%3a%2f%2fbasketball.synergysportstech.com%2fapi%2fgames%2f67102f069d7f7e6c37eb9592%2ffullgamevideo%2fclips,W,72.0,47.0,25.0,2024-25,No
"Sat, Nov 16",Edgewood Eagles,UW-Stevens Point Pointers,Away,https://fastscout.fastmodelsports.com/teams/j2Rs34LFTP2eL8u-R-Tnyg?league=NCAAB-III&season=24,https://fastscout.fastmodelsports.com/teams/OqTWpgCzTV-VyfWtEnIp-g/games/Av3dezT0TBiHdaxkxn5GEg/boxscore?league=NCAAB-III&season=24,https://editor-web.synergysports.com/video?playlistUrl=https%3a%2f%2fbasketball.synergysportstech.com%2fapi%2fgames%2f67102f069d7f7e6c37eb9593%2ffullgamevideo%2fclips,W,71.0,56.0,15.0,2024-25,No
"Fri, Nov 22",North Central (MN) Rams,UW-Stevens Point Pointers,Away,https://fastscout.fastmodelsports.com/teams/Q4_ZqpuuSfKV4ti5ZM94Xg?league=NCAAB-III&season=24,https://fastscout.fastmodelsports.com/teams/OqTWpgCzTV-VyfWtEnIp-g/games/h_0mHgNcS2uACIgdHOacCw/boxscore?league=NCAAB-III&season=24,https://editor-web.synergysports.com/video?playlistUrl=https%3a%2f%2fbasketball.synergysportstech.com%2fapi%2fgames%2f67102f069d7f7e6c37eb9594%2ffullgamevideo%2fclips,W,65.0,62.0,3.0,2024-25,No
"Tue, Nov 26",Northland Lumberjacks,UW-Stevens Point Pointers,Home,https://fastscout.fastmodelsports.com/teams/hY2y_2fWQQyCfNUXAGiY_g?league=NCAAB-III&season=24,https://fastscout.fastmodelsports.com/teams/OqTWpgCzTV-VyfWtEnIp-g/games/_gcvgbUkSE-bXvaJAh4xuQ/boxscore?league=NCAAB-III&season=24,https://editor-web.synergysports.com/video?playlistUrl=https%3a%2f%2fbasketball.synergysportstech.com%2fapi%2fgames%2f67102f069d7f7e6c37eb9595%2ffullgamevideo%2fclips,W,77.0,52.0,25.0,2024-25,No
"Sun, Dec 1",St. Olaf Oles,UW-Stevens Point Pointers,Home,https://fastscout.fastmodelsports.com/teams/ayHbTP7lQaebm2Zgj5kGjg?league=NCAAB-III&season=24,https://fastscout.fastmodelsports.com/teams/OqTWpgCzTV-VyfWtEnIp-g/games/zdasgx5iQWuqaMZGp-UeOA/boxscore?league=NCAAB-III&season=24,https://editor-web.synergysports.com/video?playlistUrl=https%3a%2f%2fbasketball.synergysportstech.com%2fapi%2fgames%2f67102f069d7f7e6c37eb9596%2ffullgamevideo%2fclips,W,72.0,50.0,22.0,2024-25,No
"Sat, Dec 7",Trine Thunder,UW-Stevens Point Pointers,Home,https://fastscout.fastmodelsports.com/teams/Bn9bTY5rS_a5rVm3bcQEUA?league=NCAAB-III&season=24,https://fastscout.fastmodelsports.com/teams/OqTWpgCzTV-VyfWtEnIp-g/games/Vb6tku9xQ6qpuXGy0TWFrA/boxscore?league=NCAAB-III&season=24,https://editor-web.synergysports.com/video?playlistUrl=https%3a%2f%2fbasketball.synergysportstech.com%2fapi%2fgames%2f67102f069d7f7e6c37eb9597%2ffullgamevideo%2fclips,W,65.0,62.0,3.0,2024-25,No
"Sat, Dec 14",Olivet Comets,UW-Stevens Point Pointers,Home,https://fastscout.fastmodelsports.com/teams/s7w06AgATpyyazjne5MiIQ?league=NCAAB-III&season=24,https://fastscout.fastmodelsports.com/teams/OqTWpgCzTV-VyfWtEnIp-g/games/datxgDp9T8uImkRnk8D88Q/boxscore?league=NCAAB-III&season=24,https://editor-web.synergysports.com/video?playlistUrl=https%3a%2f%2fbasketball.synergysportstech.com%2fapi%2fgames%2f67102f069d7f7e6c37eb9598%2ffullgamevideo%2fclips,W,73.0,36.0,37.0,2024-25,No
"Thu, Dec 19",Christopher Newport Captains,UW-Stevens Point Pointers,Neutral Court,https://fastscout.fastmodelsports.com/teams/Kapm6HiaScegrNGZQRkL8A?league=NCAAB-III&season=24,https://fastscout.fastmodelsports.com/teams/OqTWpgCzTV-VyfWtEnIp-g/games/a2J1lDH8QyybxL-yMNcpuw/boxscore?league=NCAAB-III&season=24,https://editor-web.synergysports.com/video?playlistUrl=https%3a%2f%2fbasketball.synergysportstech.com%2fapi%2fgames%2f67102f069d7f7e6c37eb9599%2ffullgamevideo%2fclips,W,70.0,68.0,2.0,2024-25,No
"Fri, Dec 20",Randolph-Macon Yellow Jackets,UW-Stevens Point Pointers,Neutral Court,https://fastscout.fastmodelsports.com/teams/K9UgveMbSJeM7Zqv04PZMQ?league=NCAAB-III&season=24,https://fastscout.fastmodelsports.com/teams/OqTWpgCzTV-VyfWtEnIp-g/games/ABJpeFfTS8SbSm8CjfHtuQ/boxscore?league=NCAAB-III&season=24,https://editor-web.synergysports.com/video?playlistUrl=https%3a%2f%2fbasketball.synergysportstech.com%2fapi%2fgames%2f670fe8acc23194f7778ddca8%2ffullgamevideo%2fclips,L,50.0,51.0,-1.0,2024-25,No
"Mon, Dec 30",North Park Vikings,UW-Stevens Point Pointers,Home,https://fastscout.fastmodelsports.com/teams/23m4xzMjS4K-VEVyeHjQMw?league=NCAAB-III&season=24,https://fastscout.fastmodelsports.com/teams/OqTWpgCzTV-VyfWtEnIp-g/games/9zeEc9lzTfmCm0-0dhuddg/boxscore?league=NCAAB-III&season=24,https://editor-web.synergysports.com/video?playlistUrl=https%3a%2f%2fbasketball.synergysportstech.com%2fapi%2fgames%2f6710aca7847f49113c2a060b%2ffullgamevideo%2fclips,W,90.0,73.0,17.0,2024-25,No
"Sat, Jan 4",UW-Platteville Pioneers,UW-Stevens Point Pointers,Home,https://fastscout.fastmodelsports.com/teams/D99vwO1cQ_2BrNCr1V1A_Q?league=NCAAB-III&season=24,https://fastscout.fastmodelsports.com/teams/OqTWpgCzTV-VyfWtEnIp-g/games/KTfPeLlYQGKUlxOKDhiwLg/boxscore?league=NCAAB-III&season=24,https://editor-web.synergysports.com/video?playlistUrl=https%3a%2f%2fbasketball.synergysportstech.com%2fapi%2fgames%2f67102f069d7f7e6c37eb959b%2ffullgamevideo%2fclips,L,64.0,79.0,-15.0,2024-25,No
"Wed, Jan 8",UW-Whitewater Warhawks,UW-Stevens Point Pointers,Away,https://fastscout.fastmodelsports.com/teams/YNoIeSV6SVujUWWWZIKOxw?league=NCAAB-III&season=24,https://fastscout.fastmodelsports.com/teams/OqTWpgCzTV-VyfWtEnIp-g/games/pSgKrFRrRkqkMxvS8x6nSQ/boxscore?league=NCAAB-III&season=24,https://editor-web.synergysports.com/video?playlistUrl=https%3a%2f%2fbasketball.synergysportstech.com%2fapi%2fgames%2f67102d959d7f7e6c37eb956c%2ffullgamevideo%2fclips,W,86.0,67.0,19.0,2024-25,No
"Sat, Jan 11",UW-La Crosse Eagles,UW-Stevens Point Pointers,Home,https://fastscout.fastmodelsports.com/teams/UrY3DOoLQbe_PnM_sm4HJA?league=NCAAB-III&season=24,https://fastscout.fastmodelsports.com/teams/OqTWpgCzTV-VyfWtEnIp-g/games/RZ5LxkCZTNq8EYjha-tS8Q/boxscore?league=NCAAB-III&season=24,https://editor-web.synergysports.com/video?playlistUrl=https%3a%2f%2fbasketball.synergysportstech.com%2fapi%2fgames%2f67102f069d7f7e6c37eb959c%2ffullgamevideo%2fclips,L,83.0,84.0,-1.0,2024-25,No
"Wed, Jan 15",UW-River Falls Falcons,UW-Stevens Point Pointers,Away,https://fastscout.fastmodelsports.com/teams/JhCOrVBFRO2E7-hIjHeICg?league=NCAAB-III&season=24,https://fastscout.fastmodelsports.com/teams/OqTWpgCzTV-VyfWtEnIp-g/games/C6BMxVdaT1mzch66IIGBPg/boxscore?league=NCAAB-III&season=24,https://editor-web.synergysports.com/video?playlistUrl=https%3a%2f%2fbasketball.synergysportstech.com%2fapi%2fgames%2f67102f069d7f7e6c37eb959d%2ffullgamevideo%2fclips,W,55.0,53.0,2.0,2024-25,No
"Sat, Jan 18",UW-Stout Blue Devils,UW-Stevens Point Pointers,Home,https://fastscout.fastmodelsports.com/teams/pppg37pRSuWUYj2LabWFxA?league=NCAAB-III&season=24,https://fastscout.fastmodelsports.com/teams/OqTWpgCzTV-VyfWtEnIp-g/games/x1v6nxrhQFWyHj2VUo81mg/boxscore?league=NCAAB-III&season=24,https://editor-web.synergysports.com/video?playlistUrl=https%3a%2f%2fbasketball.synergysportstech.com%2fapi%2fgames%2f67102d969d7f7e6c37eb9587%2ffullgamevideo%2fclips,W,87.0,83.0,4.0,2024-25,No
"Wed, Jan 22",UW-Oshkosh Titans,UW-Stevens Point Pointers,Home,https://fastscout.fastmodelsports.com/teams/zQArFlh9RwaiMvPUzcbvvg?league=NCAAB-III&season=24,https://fastscout.fastmodelsports.com/teams/OqTWpgCzTV-VyfWtEnIp-g/games/Qgq_FrBsTgSGJQV9k0m6Tw/boxscore?league=NCAAB-III&season=24,https://editor-web.synergysports.com/video?playlistUrl=https%3a%2f%2fbasketball.synergysportstech.com%2fapi%2fgames%2f67102f069d7f7e6c37eb959e%2ffullgamevideo%2fclips,L,43.0,60.0,-17.0,2024-25,No
"Sat, Jan 25",UW-Eau Claire Blugolds,UW-Stevens Point Pointers,Away,https://fastscout.fastmodelsports.com/teams/u9KC56v1Tsyl1DIt-x3UXQ?league=NCAAB-III&season=24,https://fastscout.fastmodelsports.com/teams/OqTWpgCzTV-VyfWtEnIp-g/games/gQ-1OTZ1SjahBWFgQEXLqQ/boxscore?league=NCAAB-III&season=24,https://editor-web.synergysports.com/video?playlistUrl=https%3a%2f%2fbasketball.synergysportstech.com%2fapi%2fgames%2f67102f069d7f7e6c37eb959f%2ffullgamevideo%2fclips,L,66.0,71.0,-5.0,2024-25,No
"Wed, Jan 29",UW-Whitewater Warhawks,UW-Stevens Point Pointers,Home,https://fastscout.fastmodelsports.com/teams/YNoIeSV6SVujUWWWZIKOxw?league=NCAAB-III&season=24,https://fastscout.fastmodelsports.com/teams/OqTWpgCzTV-VyfWtEnIp-g/games/ck4l0IBqSu2vW_7UId5lPg/boxscore?league=NCAAB-III&season=24,https://editor-web.synergysports.com/video?playlistUrl=https%3a%2f%2fbasketball.synergysportstech.com%2fapi%2fgames%2f67102d959d7f7e6c37eb9572%2ffullgamevideo%2fclips,W,83.0,52.0,31.0,2024-25,No
"Wed, Feb 5",UW-River Falls Falcons,UW-Stevens Point Pointers,Home,https://fastscout.fastmodelsports.com/teams/JhCOrVBFRO2E7-hIjHeICg?league=NCAAB-III&season=24,https://fastscout.fastmodelsports.com/teams/OqTWpgCzTV-VyfWtEnIp-g/games/Yak9672vRJ-8TXlcg159GA/boxscore?league=NCAAB-III&season=24,https://editor-web.synergysports.com/video?playlistUrl=https%3a%2f%2fbasketball.synergysportstech.com%2fapi%2fgames%2f67102f069d7f7e6c37eb95a0%2ffullgamevideo%2fclips,W,62.0,53.0,9.0,2024-25,No
"Sat, Feb 8",UW-Platteville Pioneers,UW-Stevens Point Pointers,Away,https://fastscout.fastmodelsports.com/teams/D99vwO1cQ_2BrNCr1V1A_Q?league=NCAAB-III&season=24,https://fastscout.fastmodelsports.com/teams/OqTWpgCzTV-VyfWtEnIp-g/games/uMURx6tOS7OLpSfKuqmhWw/boxscore?league=NCAAB-III&season=24,https://editor-web.synergysports.com/video?playlistUrl=https%3a%2f%2fbasketball.synergysportstech.com%2fapi%2fgames%2f67102f069d7f7e6c37eb95a1%2ffullgamevideo%2fclips,L,69.0,78.0,-9.0,2024-25,No
"Wed, Feb 12",UW-Oshkosh Titans,UW-Stevens Point Pointers,Away,https://fastscout.fastmodelsports.com/teams/zQArFlh9RwaiMvPUzcbvvg?league=NCAAB-III&season=24,https://fastscout.fastmodelsports.com/teams/OqTWpgCzTV-VyfWtEnIp-g/games/txLUxZ2OSo-6dDdrS8gloQ/boxscore?league=NCAAB-III&season=24,https://editor-web.synergysports.com/video?playlistUrl=https%3a%2f%2fbasketball.synergysportstech.com%2fapi%2fgames%2f67102f069d7f7e6c37eb95a2%2ffullgamevideo%2fclips,W,76.0,75.0,1.0,2024-25,No
"Sat, Feb 15",UW-Eau Claire Blugolds,UW-Stevens Point Pointers,Home,https://fastscout.fastmodelsports.com/teams/u9KC56v1Tsyl1DIt-x3UXQ?league=NCAAB-III&season=24,https://fastscout.fastmodelsports.com/teams/OqTWpgCzTV-VyfWtEnIp-g/games/G1OspUHdT_C47mTkv7D0Dg/boxscore?league=NCAAB-III&season=24,https://editor-web.synergysports.com/video?playlistUrl=https%3a%2f%2fbasketball.synergysportstech.com%2fapi%2fgames%2f67102f069d7f7e6c37eb95a3%2ffullgamevideo%2fclips,L,62.0,66.0,-4.0,2024-25,No
"Wed, Feb 19",UW-Stout Blue Devils,UW-Stevens Point Pointers,Away,https://fastscout.fastmodelsports.com/teams/pppg37pRSuWUYj2LabWFxA?league=NCAAB-III&season=24,https://fastscout.fastmodelsports.com/teams/OqTWpgCzTV-VyfWtEnIp-g/games/8Lds_jJJTmOawH4lKPrIKA/boxscore?league=NCAAB-III&season=24,https://editor-web.synergysports.com/video?playlistUrl=https%3a%2f%2fbasketball.synergysportstech.com%2fapi%2fgames%2f67102d969d7f7e6c37eb958e%2ffullgamevideo%2fclips,W,85.0,57.0,28.0,2024-25,No
"Sat, Feb 22",UW-La Crosse Eagles,UW-Stevens Point Pointers,Away,https://fastscout.fastmodelsports.com/teams/UrY3DOoLQbe_PnM_sm4HJA?league=NCAAB-III&season=24,https://fastscout.fastmodelsports.com/teams/OqTWpgCzTV-VyfWtEnIp-g/games/QxOT1kA_RQuTni7kvQN79g/boxscore?league=NCAAB-III&season=24,https://editor-web.synergysports.com/video?playlistUrl=https%3a%2f%2fbasketball.synergysportstech.com%2fapi%2fgames%2f67102f069d7f7e6c37eb95a4%2ffullgamevideo%2fclips,L,60.0,74.0,-14.0,2024-25,No
"Mon, Feb 24",UW-Whitewater Warhawks,UW-Stevens Point Pointers,Home,https://fastscout.fastmodelsports.com/teams/YNoIeSV6SVujUWWWZIKOxw?league=NCAAB-III&season=24,https://fastscout.fastmodelsports.com/teams/OqTWpgCzTV-VyfWtEnIp-g/games/N0_rjR9TQGK1BgRwY3ybMg/boxscore?league=NCAAB-III&season=24,https://editor-web.synergysports.com/video?playlistUrl=https%3a%2f%2fbasketball.synergysportstech.com%2fapi%2fgames%2f67bbd630af5391c0181d9c58%2ffullgamevideo%2fclips,W,81.0,79.0,2.0,2024-25,No
"Wed, Feb 26",UW-Platteville Pioneers,UW-Stevens Point Pointers,Away,https://fastscout.fastmodelsports.com/teams/D99vwO1cQ_2BrNCr1V1A_Q?league=NCAAB-III&season=24,https://fastscout.fastmodelsports.com/teams/OqTWpgCzTV-VyfWtEnIp-g/games/_uZi6cV6SB2yvewHLbr-bA/boxscore?league=NCAAB-III&season=24,https://editor-web.synergysports.com/video?playlistUrl=https%3a%2f%2fbasketball.synergysportstech.com%2fapi%2fgames%2f67bbd630af5391c0181d9c59%2ffullgamevideo%2fclips,L,73.0,83.0,-10.0,2024-25,No
"Fri, Nov 8",St. Olaf Oles,UW-Stout Blue Devils,Neutral Court,https://fastscout.fastmodelsports.com/teams/ayHbTP7lQaebm2Zgj5kGjg?league=NCAAB-III&season=24,https://fastscout.fastmodelsports.com/teams/pppg37pRSuWUYj2LabWFxA/games/YECtxJIrREy32MvTJflDgQ/boxscore?league=NCAAB-III&season=24,https://editor-web.synergysports.com/video?playlistUrl=https%3a%2f%2fbasketball.synergysportstech.com%2fapi%2fgames%2f67102d959d7f7e6c37eb9579%2ffullgamevideo%2fclips,L,56.0,61.0,-5.0,2024-25,No
"Sat, Nov 9",Marian (WI) Sabres,UW-Stout Blue Devils,Neutral Court,https://fastscout.fastmodelsports.com/teams/r86M20qxRzSiaIolG6Vaxg?league=NCAAB-III&season=24,https://fastscout.fastmodelsports.com/teams/pppg37pRSuWUYj2LabWFxA/games/xg1qCj6jTzS74JZUm4_Bdg/boxscore?league=NCAAB-III&season=24,https://editor-web.synergysports.com/video?playlistUrl=https%3a%2f%2fbasketball.synergysportstech.com%2fapi%2fgames%2f67102f069d7f7e6c37eb9590%2ffullgamevideo%2fclips,L,67.0,78.0,-11.0,2024-25,No
"Wed, Nov 13",Hamline Pipers,UW-Stout Blue Devils,Home,https://fastscout.fastmodelsports.com/teams/B_S7PSVtRKaBA3lRDbDEeg?league=NCAAB-III&season=24,https://fastscout.fastmodelsports.com/teams/pppg37pRSuWUYj2LabWFxA/games/cP0k27CYRbOE6EjcCB45uw/boxscore?league=NCAAB-III&season=24,https://editor-web.synergysports.com/video?playlistUrl=https%3a%2f%2fbasketball.synergysportstech.com%2fapi%2fgames%2f67102d959d7f7e6c37eb957a%2ffullgamevideo%2fclips,L,70.0,90.0,-20.0,2024-25,No
"Sat, Nov 16",Illinois Wesleyan Titans,UW-Stout Blue Devils,Home,https://fastscout.fastmodelsports.com/teams/jB0ukfgOSD-x51hu1vSRuQ?league=NCAAB-III&season=24,https://fastscout.fastmodelsports.com/teams/pppg37pRSuWUYj2LabWFxA/games/llOOsQYvSyuMdNqguB3cfw/boxscore?league=NCAAB-III&season=24,https://editor-web.synergysports.com/video?playlistUrl=https%3a%2f%2fbasketball.synergysportstech.com%2fapi%2fgames%2f67102d959d7f7e6c37eb957b%2ffullgamevideo%2fclips,L,57.0,69.0,-12.0,2024-25,No
"Sat, Nov 23",Concordia-Moorhead Cobbers,UW-Stout Blue Devils,Away,https://fastscout.fastmodelsports.com/teams/ou29rf93T1iXw1QHKyA0Lg?league=NCAAB-III&season=24,https://fastscout.fastmodelsports.com/teams/pppg37pRSuWUYj2LabWFxA/games/rWJfdH1FSbm29bYo21dVVQ/boxscore?league=NCAAB-III&season=24,https://editor-web.synergysports.com/video?playlistUrl=https%3a%2f%2fbasketball.synergysportstech.com%2fapi%2fgames%2f67102d959d7f7e6c37eb957c%2ffullgamevideo%2fclips,L,61.0,71.0,-10.0,2024-25,No
"Tue, Nov 26",Macalester Scots,UW-Stout Blue Devils,Away,https://fastscout.fastmodelsports.com/teams/k8rrJXDeSZi03Mj1sRoBZQ?league=NCAAB-III&season=24,https://fastscout.fastmodelsports.com/teams/pppg37pRSuWUYj2LabWFxA/games/DZRSOVzeTt6swf2Tc5Tfmw/boxscore?league=NCAAB-III&season=24,https://editor-web.synergysports.com/video?playlistUrl=https%3a%2f%2fbasketball.synergysportstech.com%2fapi%2fgames%2f67102d959d7f7e6c37eb957d%2ffullgamevideo%2fclips,L,72.0,88.0,-16.0,2024-25,No
"Mon, Dec 2",Saint Mary's (MN) Cardinals,UW-Stout Blue Devils,Home,https://fastscout.fastmodelsports.com/teams/MMyoxw2HTiuZwHNM8O3Y5g?league=NCAAB-III&season=24,https://fastscout.fastmodelsports.com/teams/pppg37pRSuWUYj2LabWFxA/games/r0DZNCR4TpC1ulPTpFR9aA/boxscore?league=NCAAB-III&season=24,https://editor-web.synergysports.com/video?playlistUrl=https%3a%2f%2fbasketball.synergysportstech.com%2fapi%2fgames%2f67102d959d7f7e6c37eb957e%2ffullgamevideo%2fclips,W,83.0,65.0,18.0,2024-25,No
"Wed, Dec 4",North Central (MN) Rams,UW-Stout Blue Devils,Away,https://fastscout.fastmodelsports.com/teams/Q4_ZqpuuSfKV4ti5ZM94Xg?league=NCAAB-III&season=24,https://fastscout.fastmodelsports.com/teams/pppg37pRSuWUYj2LabWFxA/games/c1vkabiCQDaiJVG4qdlwfQ/boxscore?league=NCAAB-III&season=24,https://editor-web.synergysports.com/video?playlistUrl=https%3a%2f%2fbasketball.synergysportstech.com%2fapi%2fgames%2f67102d969d7f7e6c37eb957f%2ffullgamevideo%2fclips,W,69.0,65.0,4.0,2024-25,No
"Wed, Dec 11",Northland Lumberjacks,UW-Stout Blue Devils,Away,https://fastscout.fastmodelsports.com/teams/hY2y_2fWQQyCfNUXAGiY_g?league=NCAAB-III&season=24,https://fastscout.fastmodelsports.com/teams/pppg37pRSuWUYj2LabWFxA/games/XiYSoPEsRK2ueXGXDqvyzg/boxscore?league=NCAAB-III&season=24,https://editor-web.synergysports.com/video?playlistUrl=https%3a%2f%2fbasketball.synergysportstech.com%2fapi%2fgames%2f67102d969d7f7e6c37eb9580%2ffullgamevideo%2fclips,W,88.0,66.0,22.0,2024-25,No
"Fri, Dec 13",North Dakota St. Bison EXH,UW-Stout Blue Devils,Away,https://fastscout.fastmodelsports.com/teams/MRo8uRuRQkGcIcr6lRzA-A?league=NCAAB&season=24,https://fastscout.fastmodelsports.com/teams/pppg37pRSuWUYj2LabWFxA/games/TVxh5WT4TF2j-BNh4e69RQ/boxscore?league=NCAAB-III&season=24,https://editor-web.synergysports.com/video?playlistUrl=https%3a%2f%2fbasketball.synergysportstech.com%2fapi%2fgames%2f67102d969d7f7e6c37eb9581%2ffullgamevideo%2fclips,L,62.0,91.0,-29.0,2024-25,No
"Mon, Dec 30",Wisconsin-Superior Yellowjackets,UW-Stout Blue Devils,Neutral Court,https://fastscout.fastmodelsports.com/teams/gQX0GFx7T_Cik0Dk2oMYnQ?league=NCAAB-III&season=24,https://fastscout.fastmodelsports.com/teams/pppg37pRSuWUYj2LabWFxA/games/2vxbmnEiSvWBXhmM0KRarw/boxscore?league=NCAAB-III&season=24,https://editor-web.synergysports.com/video?playlistUrl=https%3a%2f%2fbasketball.synergysportstech.com%2fapi%2fgames%2f67102d969d7f7e6c37eb9582%2ffullgamevideo%2fclips,W,66.0,65.0,1.0,2024-25,No
"Tue, Dec 31",St. Scholastica Saints,UW-Stout Blue Devils,Neutral Court,https://fastscout.fastmodelsports.com/teams/OFTagMlLSX2YzSFYdbemSQ?league=NCAAB-III&season=24,https://fastscout.fastmodelsports.com/teams/pppg37pRSuWUYj2LabWFxA/games/F2bT04F_ScWuji6W4DlvFg/boxscore?league=NCAAB-III&season=24,https://editor-web.synergysports.com/video?playlistUrl=https%3a%2f%2fbasketball.synergysportstech.com%2fapi%2fgames%2f67102d969d7f7e6c37eb9583%2ffullgamevideo%2fclips,L,69.0,79.0,-10.0,2024-25,No
"Sat, Jan 4",UW-Oshkosh Titans,UW-Stout Blue Devils,Home,https://fastscout.fastmodelsports.com/teams/zQArFlh9RwaiMvPUzcbvvg?league=NCAAB-III&season=24,https://fastscout.fastmodelsports.com/teams/pppg37pRSuWUYj2LabWFxA/games/RiqSvgAZQq6pnNxDx-v5sQ/boxscore?league=NCAAB-III&season=24,https://editor-web.synergysports.com/video?playlistUrl=https%3a%2f%2fbasketball.synergysportstech.com%2fapi%2fgames%2f67102d969d7f7e6c37eb9584%2ffullgamevideo%2fclips,W,64.0,57.0,7.0,2024-25,No
"Wed, Jan 8",UW-River Falls Falcons,UW-Stout Blue Devils,Away,https://fastscout.fastmodelsports.com/teams/JhCOrVBFRO2E7-hIjHeICg?league=NCAAB-III&season=24,https://fastscout.fastmodelsports.com/teams/pppg37pRSuWUYj2LabWFxA/games/cM4F8qMeSIuN2cvdAKvhtQ/boxscore?league=NCAAB-III&season=24,https://editor-web.synergysports.com/video?playlistUrl=https%3a%2f%2fbasketball.synergysportstech.com%2fapi%2fgames%2f67102d969d7f7e6c37eb9585%2ffullgamevideo%2fclips,W,66.0,64.0,2.0,2024-25,No
"Sat, Jan 11",UW-Whitewater Warhawks,UW-Stout Blue Devils,Home,https://fastscout.fastmodelsports.com/teams/YNoIeSV6SVujUWWWZIKOxw?league=NCAAB-III&season=24,https://fastscout.fastmodelsports.com/teams/pppg37pRSuWUYj2LabWFxA/games/CGe-k9_7QjWKLN74cdWalQ/boxscore?league=NCAAB-III&season=24,https://editor-web.synergysports.com/video?playlistUrl=https%3a%2f%2fbasketball.synergysportstech.com%2fapi%2fgames%2f67102d959d7f7e6c37eb956d%2ffullgamevideo%2fclips,W,62.0,61.0,1.0,2024-25,No
"Wed, Jan 15",UW-La Crosse Eagles,UW-Stout Blue Devils,Home,https://fastscout.fastmodelsports.com/teams/UrY3DOoLQbe_PnM_sm4HJA?league=NCAAB-III&season=24,https://fastscout.fastmodelsports.com/teams/pppg37pRSuWUYj2LabWFxA/games/-MNcAx2jQY276SczwQRfmw/boxscore?league=NCAAB-III&season=24,https://editor-web.synergysports.com/video?playlistUrl=https%3a%2f%2fbasketball.synergysportstech.com%2fapi%2fgames%2f67102d969d7f7e6c37eb9586%2ffullgamevideo%2fclips,L,77.0,84.0,-7.0,2024-25,No
"Sat, Jan 18",UW-Stevens Point Pointers,UW-Stout Blue Devils,Away,https://fastscout.fastmodelsports.com/teams/OqTWpgCzTV-VyfWtEnIp-g?league=NCAAB-III&season=24,https://fastscout.fastmodelsports.com/teams/pppg37pRSuWUYj2LabWFxA/games/x1v6nxrhQFWyHj2VUo81mg/boxscore?league=NCAAB-III&season=24,https://editor-web.synergysports.com/video?playlistUrl=https%3a%2f%2fbasketball.synergysportstech.com%2fapi%2fgames%2f67102d969d7f7e6c37eb9587%2ffullgamevideo%2fclips,L,83.0,87.0,-4.0,2024-25,No
"Wed, Jan 22",UW-Eau Claire Blugolds,UW-Stout Blue Devils,Away,https://fastscout.fastmodelsports.com/teams/u9KC56v1Tsyl1DIt-x3UXQ?league=NCAAB-III&season=24,https://fastscout.fastmodelsports.com/teams/pppg37pRSuWUYj2LabWFxA/games/OVANlGZqSKGuEBPeIZg_Nw/boxscore?league=NCAAB-III&season=24,https://editor-web.synergysports.com/video?playlistUrl=https%3a%2f%2fbasketball.synergysportstech.com%2fapi%2fgames%2f67102d969d7f7e6c37eb9588%2ffullgamevideo%2fclips,L,53.0,81.0,-28.0,2024-25,No
"Sat, Jan 25",UW-Platteville Pioneers,UW-Stout Blue Devils,Home,https://fastscout.fastmodelsports.com/teams/D99vwO1cQ_2BrNCr1V1A_Q?league=NCAAB-III&season=24,https://fastscout.fastmodelsports.com/teams/pppg37pRSuWUYj2LabWFxA/games/i5JD2wXhTrmidTwSYpmeJQ/boxscore?league=NCAAB-III&season=24,https://editor-web.synergysports.com/video?playlistUrl=https%3a%2f%2fbasketball.synergysportstech.com%2fapi%2fgames%2f67102d969d7f7e6c37eb9589%2ffullgamevideo%2fclips,L,54.0,84.0,-30.0,2024-25,No
"Wed, Jan 29",UW-La Crosse Eagles,UW-Stout Blue Devils,Away,https://fastscout.fastmodelsports.com/teams/UrY3DOoLQbe_PnM_sm4HJA?league=NCAAB-III&season=24,https://fastscout.fastmodelsports.com/teams/pppg37pRSuWUYj2LabWFxA/games/jXCTg6sISCK7099emmuvjg/boxscore?league=NCAAB-III&season=24,https://editor-web.synergysports.com/video?playlistUrl=https%3a%2f%2fbasketball.synergysportstech.com%2fapi%2fgames%2f67102d969d7f7e6c37eb958a%2ffullgamevideo%2fclips,L,53.0,90.0,-37.0,2024-25,No
"Wed, Feb 5",UW-Eau Claire Blugolds,UW-Stout Blue Devils,Home,https://fastscout.fastmodelsports.com/teams/u9KC56v1Tsyl1DIt-x3UXQ?league=NCAAB-III&season=24,https://fastscout.fastmodelsports.com/teams/pppg37pRSuWUYj2LabWFxA/games/p0ewtlAkSK-3K9A3zIt-CQ/boxscore?league=NCAAB-III&season=24,https://editor-web.synergysports.com/video?playlistUrl=https%3a%2f%2fbasketball.synergysportstech.com%2fapi%2fgames%2f67102d969d7f7e6c37eb958b%2ffullgamevideo%2fclips,L,79.0,80.0,-1.0,2024-25,No
"Sat, Feb 8",UW-Whitewater Warhawks,UW-Stout Blue Devils,Away,https://fastscout.fastmodelsports.com/teams/YNoIeSV6SVujUWWWZIKOxw?league=NCAAB-III&season=24,https://fastscout.fastmodelsports.com/teams/pppg37pRSuWUYj2LabWFxA/games/lcSjQRV6TkWRbA8ft7RnHA/boxscore?league=NCAAB-III&season=24,https://editor-web.synergysports.com/video?playlistUrl=https%3a%2f%2fbasketball.synergysportstech.com%2fapi%2fgames%2f67102d959d7f7e6c37eb9574%2ffullgamevideo%2fclips,L,69.0,87.0,-18.0,2024-25,No
"Wed, Feb 12",UW-River Falls Falcons,UW-Stout Blue Devils,Home,https://fastscout.fastmodelsports.com/teams/JhCOrVBFRO2E7-hIjHeICg?league=NCAAB-III&season=24,https://fastscout.fastmodelsports.com/teams/pppg37pRSuWUYj2LabWFxA/games/-NcoWffhRcuOdrZJIcdBLA/boxscore?league=NCAAB-III&season=24,https://editor-web.synergysports.com/video?playlistUrl=https%3a%2f%2fbasketball.synergysportstech.com%2fapi%2fgames%2f67102d969d7f7e6c37eb958c%2ffullgamevideo%2fclips,W,82.0,81.0,1.0,2024-25,No
"Sat, Feb 15",UW-Platteville Pioneers,UW-Stout Blue Devils,Away,https://fastscout.fastmodelsports.com/teams/D99vwO1cQ_2BrNCr1V1A_Q?league=NCAAB-III&season=24,https://fastscout.fastmodelsports.com/teams/pppg37pRSuWUYj2LabWFxA/games/nWpB-tTARXKiZYsJvSBO1w/boxscore?league=NCAAB-III&season=24,https://editor-web.synergysports.com/video?playlistUrl=https%3a%2f%2fbasketball.synergysportstech.com%2fapi%2fgames%2f67102d969d7f7e6c37eb958d%2ffullgamevideo%2fclips,L,58.0,76.0,-18.0,2024-25,No
"Wed, Feb 19",UW-Stevens Point Pointers,UW-Stout Blue Devils,Home,https://fastscout.fastmodelsports.com/teams/OqTWpgCzTV-VyfWtEnIp-g?league=NCAAB-III&season=24,https://fastscout.fastmodelsports.com/teams/pppg37pRSuWUYj2LabWFxA/games/8Lds_jJJTmOawH4lKPrIKA/boxscore?league=NCAAB-III&season=24,https://editor-web.synergysports.com/video?playlistUrl=https%3a%2f%2fbasketball.synergysportstech.com%2fapi%2fgames%2f67102d969d7f7e6c37eb958e%2ffullgamevideo%2fclips,L,57.0,85.0,-28.0,2024-25,No
"Sat, Feb 22",UW-Oshkosh Titans,UW-Stout Blue Devils,Away,https://fastscout.fastmodelsports.com/teams/zQArFlh9RwaiMvPUzcbvvg?league=NCAAB-III&season=24,https://fastscout.fastmodelsports.com/teams/pppg37pRSuWUYj2LabWFxA/games/fFH2Dr20QPO0S0jMgpvlnQ/boxscore?league=NCAAB-III&season=24,https://editor-web.synergysports.com/video?playlistUrl=https%3a%2f%2fbasketball.synergysportstech.com%2fapi%2fgames%2f67102d969d7f7e6c37eb958f%2ffullgamevideo%2fclips,L,51.0,75.0,-24.0,2024-25,No
"Sat, Nov 9",Saint John's (MN) Johnnies,UW-Oshkosh Titans,Away,https://fastscout.fastmodelsports.com/teams/hITED0r7RIucTmpU4dKu-w?league=NCAAB-III&season=24,https://fastscout.fastmodelsports.com/teams/zQArFlh9RwaiMvPUzcbvvg/games/hxatxxTdRLWmnsGrAMLuVQ/boxscore?league=NCAAB-III&season=24,https://editor-web.synergysports.com/video?playlistUrl=https%3a%2f%2fbasketball.synergysportstech.com%2fapi%2fgames%2f671031cb9d7f7e6c37eb95ae%2ffullgamevideo%2fclips,L,62.0,73.0,-11.0,2024-25,No
"Fri, Nov 15",Calvin Knights,UW-Oshkosh Titans,Neutral Court,https://fastscout.fastmodelsports.com/teams/xi2oJrVvR32QtGfc_H5DgA?league=NCAAB-III&season=24,https://fastscout.fastmodelsports.com/teams/zQArFlh9RwaiMvPUzcbvvg/games/8hr-l6SwTTCFIA_N724-8A/boxscore?league=NCAAB-III&season=24,https://editor-web.synergysports.com/video?playlistUrl=https%3a%2f%2fbasketball.synergysportstech.com%2fapi%2fgames%2f671031cb9d7f7e6c37eb95af%2ffullgamevideo%2fclips,W,75.0,67.0,8.0,2024-25,No
"Sat, Nov 16",Manchester Spartans,UW-Oshkosh Titans,Neutral Court,https://fastscout.fastmodelsports.com/teams/D-aMAdJJSs-btMFBKTkwcg?league=NCAAB-III&season=24,https://fastscout.fastmodelsports.com/teams/zQArFlh9RwaiMvPUzcbvvg/games/-yUxo6t9Q_C133SM6L_cIA/boxscore?league=NCAAB-III&season=24,https://editor-web.synergysports.com/video?playlistUrl=https%3a%2f%2fbasketball.synergysportstech.com%2fapi%2fgames%2f67394aaa261db30447ed9299%2ffullgamevideo%2fclips,W,90.0,84.0,6.0,2024-25,No
"Wed, Nov 20",Carroll (WI) Pioneers,UW-Oshkosh Titans,Home,https://fastscout.fastmodelsports.com/teams/nkIaCaMjQNOs1x2nMHrryw?league=NCAAB-III&season=24,https://fastscout.fastmodelsports.com/teams/zQArFlh9RwaiMvPUzcbvvg/games/7qrF-V3vTOyXA_taskiNlg/boxscore?league=NCAAB-III&season=24,https://editor-web.synergysports.com/video?playlistUrl=https%3a%2f%2fbasketball.synergysportstech.com%2fapi%2fgames%2f67106c2615762e6831296a65%2ffullgamevideo%2fclips,W,83.0,64.0,19.0,2024-25,No
"Sat, Nov 23",North Park Vikings,UW-Oshkosh Titans,Away,https://fastscout.fastmodelsports.com/teams/23m4xzMjS4K-VEVyeHjQMw?league=NCAAB-III&season=24,https://fastscout.fastmodelsports.com/teams/zQArFlh9RwaiMvPUzcbvvg/games/LQVPw-pPQkyVYgCwftsQTg/boxscore?league=NCAAB-III&season=24,https://editor-web.synergysports.com/video?playlistUrl=https%3a%2f%2fbasketball.synergysportstech.com%2fapi%2fgames%2f6710aca6847f49113c2a0605%2ffullgamevideo%2fclips,W,87.0,71.0,16.0,2024-25,No
"Tue, Nov 26",Edgewood Eagles,UW-Oshkosh Titans,Home,https://fastscout.fastmodelsports.com/teams/j2Rs34LFTP2eL8u-R-Tnyg?league=NCAAB-III&season=24,https://fastscout.fastmodelsports.com/teams/zQArFlh9RwaiMvPUzcbvvg/games/TgxPuITqRWqZN0eTg5-IUA/boxscore?league=NCAAB-III&season=24,https://editor-web.synergysports.com/video?playlistUrl=https%3a%2f%2fbasketball.synergysportstech.com%2fapi%2fgames%2f671031cb9d7f7e6c37eb95b2%2ffullgamevideo%2fclips,W,72.0,59.0,13.0,2024-25,No
"Tue, Dec 3",Ripon Red Hawks,UW-Oshkosh Titans,Away,https://fastscout.fastmodelsports.com/teams/NYQ5dX1lTj2qPTiYSf_8EQ?league=NCAAB-III&season=24,https://fastscout.fastmodelsports.com/teams/zQArFlh9RwaiMvPUzcbvvg/games/eTZPoxDNRRW7oZ3oOSaBaw/boxscore?league=NCAAB-III&season=24,https://editor-web.synergysports.com/video?playlistUrl=https%3a%2f%2fbasketball.synergysportstech.com%2fapi%2fgames%2f671031cb9d7f7e6c37eb95b3%2ffullgamevideo%2fclips,W,91.0,83.0,8.0,2024-25,No
"Thu, Dec 5",Calvin Knights,UW-Oshkosh Titans,Home,https://fastscout.fastmodelsports.com/teams/xi2oJrVvR32QtGfc_H5DgA?league=NCAAB-III&season=24,https://fastscout.fastmodelsports.com/teams/zQArFlh9RwaiMvPUzcbvvg/games/DwKoqu8JTViGM-IU0KWd-A/boxscore?league=NCAAB-III&season=24,https://editor-web.synergysports.com/video?playlistUrl=https%3a%2f%2fbasketball.synergysportstech.com%2fapi%2fgames%2f671031cb9d7f7e6c37eb95b4%2ffullgamevideo%2fclips,W,73.0,69.0,4.0,2024-25,No
"Sat, Dec 21",St. Norbert Green Knights,UW-Oshkosh Titans,Away,https://fastscout.fastmodelsports.com/teams/mdTxP3GCSVKmzTfFimCobQ?league=NCAAB-III&season=24,https://fastscout.fastmodelsports.com/teams/zQArFlh9RwaiMvPUzcbvvg/games/spXfdyb7RJiL-ug66nnp-g/boxscore?league=NCAAB-III&season=24,https://editor-web.synergysports.com/video?playlistUrl=https%3a%2f%2fbasketball.synergysportstech.com%2fapi%2fgames%2f671031cb9d7f7e6c37eb95b5%2ffullgamevideo%2fclips,L,69.0,85.0,-16.0,2024-25,No
"Sun, Dec 29",Keene St. Owls,UW-Oshkosh Titans,Home,https://fastscout.fastmodelsports.com/teams/9uEVBZjYSzG2Q4JoLID2YA?league=NCAAB-III&season=24,https://fastscout.fastmodelsports.com/teams/zQArFlh9RwaiMvPUzcbvvg/games/-2bZSlAYT0OCgiF4xlsXbQ/boxscore?league=NCAAB-III&season=24,https://editor-web.synergysports.com/video?playlistUrl=https%3a%2f%2fbasketball.synergysportstech.com%2fapi%2fgames%2f671031cb9d7f7e6c37eb95b6%2ffullgamevideo%2fclips,W,105.0,76.0,29.0,2024-25,No
"Mon, Dec 30",Hamline Pipers,UW-Oshkosh Titans,Home,https://fastscout.fastmodelsports.com/teams/B_S7PSVtRKaBA3lRDbDEeg?league=NCAAB-III&season=24,https://fastscout.fastmodelsports.com/teams/zQArFlh9RwaiMvPUzcbvvg/games/P0NfgoRZSUqc48QrhVkuJg/boxscore?league=NCAAB-III&season=24,https://editor-web.synergysports.com/video?playlistUrl=https%3a%2f%2fbasketball.synergysportstech.com%2fapi%2fgames%2f671031cb9d7f7e6c37eb95b7%2ffullgamevideo%2fclips,W,74.0,65.0,9.0,2024-25,No
"Sat, Jan 4",UW-Stout Blue Devils,UW-Oshkosh Titans,Away,https://fastscout.fastmodelsports.com/teams/pppg37pRSuWUYj2LabWFxA?league=NCAAB-III&season=24,https://fastscout.fastmodelsports.com/teams/zQArFlh9RwaiMvPUzcbvvg/games/RiqSvgAZQq6pnNxDx-v5sQ/boxscore?league=NCAAB-III&season=24,https://editor-web.synergysports.com/video?playlistUrl=https%3a%2f%2fbasketball.synergysportstech.com%2fapi%2fgames%2f67102d969d7f7e6c37eb9584%2ffullgamevideo%2fclips,L,57.0,64.0,-7.0,2024-25,No
"Wed, Jan 8",UW-Eau Claire Blugolds,UW-Oshkosh Titans,Home,https://fastscout.fastmodelsports.com/teams/u9KC56v1Tsyl1DIt-x3UXQ?league=NCAAB-III&season=24,https://fastscout.fastmodelsports.com/teams/zQArFlh9RwaiMvPUzcbvvg/games/AXpMs6igQgKkl8zfko2a2w/boxscore?league=NCAAB-III&season=24,https://editor-web.synergysports.com/video?playlistUrl=https%3a%2f%2fbasketball.synergysportstech.com%2fapi%2fgames%2f671031cb9d7f7e6c37eb95b8%2ffullgamevideo%2fclips,L,56.0,69.0,-13.0,2024-25,No
"Sat, Jan 11",UW-Platteville Pioneers,UW-Oshkosh Titans,Away,https://fastscout.fastmodelsports.com/teams/D99vwO1cQ_2BrNCr1V1A_Q?league=NCAAB-III&season=24,https://fastscout.fastmodelsports.com/teams/zQArFlh9RwaiMvPUzcbvvg/games/ZcRuTD1pQQ2DD0y_7QGR-Q/boxscore?league=NCAAB-III&season=24,https://editor-web.synergysports.com/video?playlistUrl=https%3a%2f%2fbasketball.synergysportstech.com%2fapi%2fgames%2f671033399d7f7e6c37eb95ca%2ffullgamevideo%2fclips,L,64.0,79.0,-15.0,2024-25,No
"Wed, Jan 15",UW-Whitewater Warhawks,UW-Oshkosh Titans,Home,https://fastscout.fastmodelsports.com/teams/YNoIeSV6SVujUWWWZIKOxw?league=NCAAB-III&season=24,https://fastscout.fastmodelsports.com/teams/zQArFlh9RwaiMvPUzcbvvg/games/yD6FWrBnQraeKPgpqJIq_A/boxscore?league=NCAAB-III&season=24,https://editor-web.synergysports.com/video?playlistUrl=https%3a%2f%2fbasketball.synergysportstech.com%2fapi%2fgames%2f67102d959d7f7e6c37eb956e%2ffullgamevideo%2fclips,L,56.0,59.0,-3.0,2024-25,No
"Sat, Jan 18",UW-La Crosse Eagles,UW-Oshkosh Titans,Away,https://fastscout.fastmodelsports.com/teams/UrY3DOoLQbe_PnM_sm4HJA?league=NCAAB-III&season=24,https://fastscout.fastmodelsports.com/teams/zQArFlh9RwaiMvPUzcbvvg/games/bnDBfrLvTS-jfbqbE5T1nw/boxscore?league=NCAAB-III&season=24,https://editor-web.synergysports.com/video?playlistUrl=https%3a%2f%2fbasketball.synergysportstech.com%2fapi%2fgames%2f67102f06ab7737b812534737%2ffullgamevideo%2fclips,L,62.0,75.0,-13.0,2024-25,No
"Wed, Jan 22",UW-Stevens Point Pointers,UW-Oshkosh Titans,Away,https://fastscout.fastmodelsports.com/teams/OqTWpgCzTV-VyfWtEnIp-g?league=NCAAB-III&season=24,https://fastscout.fastmodelsports.com/teams/zQArFlh9RwaiMvPUzcbvvg/games/Qgq_FrBsTgSGJQV9k0m6Tw/boxscore?league=NCAAB-III&season=24,https://editor-web.synergysports.com/video?playlistUrl=https%3a%2f%2fbasketball.synergysportstech.com%2fapi%2fgames%2f67102f069d7f7e6c37eb959e%2ffullgamevideo%2fclips,W,60.0,43.0,17.0,2024-25,No
"Sat, Jan 25",UW-River Falls Falcons,UW-Oshkosh Titans,Home,https://fastscout.fastmodelsports.com/teams/JhCOrVBFRO2E7-hIjHeICg?league=NCAAB-III&season=24,https://fastscout.fastmodelsports.com/teams/zQArFlh9RwaiMvPUzcbvvg/games/Ig18ygTeQEqh7LtnPSDCZw/boxscore?league=NCAAB-III&season=24,https://editor-web.synergysports.com/video?playlistUrl=https%3a%2f%2fbasketball.synergysportstech.com%2fapi%2fgames%2f67102f06ab7737b81253472c%2ffullgamevideo%2fclips,W,81.0,68.0,13.0,2024-25,No
"Wed, Jan 29",UW-Platteville Pioneers,UW-Oshkosh Titans,Home,https://fastscout.fastmodelsports.com/teams/D99vwO1cQ_2BrNCr1V1A_Q?league=NCAAB-III&season=24,https://fastscout.fastmodelsports.com/teams/zQArFlh9RwaiMvPUzcbvvg/games/p86H03KgQ6yBcLizbxlCQg/boxscore?league=NCAAB-III&season=24,https://editor-web.synergysports.com/video?playlistUrl=https%3a%2f%2fbasketball.synergysportstech.com%2fapi%2fgames%2f671033399d7f7e6c37eb95cb%2ffullgamevideo%2fclips,L,73.0,86.0,-13.0,2024-25,No
"Wed, Feb 5",UW-Whitewater Warhawks,UW-Oshkosh Titans,Away,https://fastscout.fastmodelsports.com/teams/YNoIeSV6SVujUWWWZIKOxw?league=NCAAB-III&season=24,https://fastscout.fastmodelsports.com/teams/zQArFlh9RwaiMvPUzcbvvg/games/IeK41NkZTeq--c7uaJN5YA/boxscore?league=NCAAB-III&season=24,https://editor-web.synergysports.com/video?playlistUrl=https%3a%2f%2fbasketball.synergysportstech.com%2fapi%2fgames%2f67102d959d7f7e6c37eb9573%2ffullgamevideo%2fclips,W,54.0,49.0,5.0,2024-25,No
"Sat, Feb 8",UW-River Falls Falcons,UW-Oshkosh Titans,Away,https://fastscout.fastmodelsports.com/teams/JhCOrVBFRO2E7-hIjHeICg?league=NCAAB-III&season=24,https://fastscout.fastmodelsports.com/teams/zQArFlh9RwaiMvPUzcbvvg/games/rCx3YaZKTU--uKYujAuIGw/boxscore?league=NCAAB-III&season=24,https://editor-web.synergysports.com/video?playlistUrl=https%3a%2f%2fbasketball.synergysportstech.com%2fapi%2fgames%2f67102f06ab7737b81253472e%2ffullgamevideo%2fclips,L,68.0,76.0,-8.0,2024-25,No
"Wed, Feb 12",UW-Stevens Point Pointers,UW-Oshkosh Titans,Home,https://fastscout.fastmodelsports.com/teams/OqTWpgCzTV-VyfWtEnIp-g?league=NCAAB-III&season=24,https://fastscout.fastmodelsports.com/teams/zQArFlh9RwaiMvPUzcbvvg/games/txLUxZ2OSo-6dDdrS8gloQ/boxscore?league=NCAAB-III&season=24,https://editor-web.synergysports.com/video?playlistUrl=https%3a%2f%2fbasketball.synergysportstech.com%2fapi%2fgames%2f67102f069d7f7e6c37eb95a2%2ffullgamevideo%2fclips,L,75.0,76.0,-1.0,2024-25,No
"Sat, Feb 15",UW-La Crosse Eagles,UW-Oshkosh Titans,Home,https://fastscout.fastmodelsports.com/teams/UrY3DOoLQbe_PnM_sm4HJA?league=NCAAB-III&season=24,https://fastscout.fastmodelsports.com/teams/zQArFlh9RwaiMvPUzcbvvg/games/5SWB1w6DR3amJyz7eFidrA/boxscore?league=NCAAB-III&season=24,https://editor-web.synergysports.com/video?playlistUrl=https%3a%2f%2fbasketball.synergysportstech.com%2fapi%2fgames%2f67102f06ab7737b81253473a%2ffullgamevideo%2fclips,L,69.0,75.0,-6.0,2024-25,No
"Wed, Feb 19",UW-Eau Claire Blugolds,UW-Oshkosh Titans,Away,https://fastscout.fastmodelsports.com/teams/u9KC56v1Tsyl1DIt-x3UXQ?league=NCAAB-III&season=24,https://fastscout.fastmodelsports.com/teams/zQArFlh9RwaiMvPUzcbvvg/games/NvrAUPptRCCFldyZ42yvZQ/boxscore?league=NCAAB-III&season=24,https://editor-web.synergysports.com/video?playlistUrl=https%3a%2f%2fbasketball.synergysportstech.com%2fapi%2fgames%2f671031cb9d7f7e6c37eb95c9%2ffullgamevideo%2fclips,L,49.0,62.0,-13.0,2024-25,No
"Sat, Feb 22",UW-Stout Blue Devils,UW-Oshkosh Titans,Home,https://fastscout.fastmodelsports.com/teams/pppg37pRSuWUYj2LabWFxA?league=NCAAB-III&season=24,https://fastscout.fastmodelsports.com/teams/zQArFlh9RwaiMvPUzcbvvg/games/fFH2Dr20QPO0S0jMgpvlnQ/boxscore?league=NCAAB-III&season=24,https://editor-web.synergysports.com/video?playlistUrl=https%3a%2f%2fbasketball.synergysportstech.com%2fapi%2fgames%2f67102d969d7f7e6c37eb958f%2ffullgamevideo%2fclips,W,75.0,51.0,24.0,2024-25,No
"Mon, Feb 24",UW-Eau Claire Blugolds,UW-Oshkosh Titans,Away,https://fastscout.fastmodelsports.com/teams/u9KC56v1Tsyl1DIt-x3UXQ?league=NCAAB-III&season=24,https://fastscout.fastmodelsports.com/teams/zQArFlh9RwaiMvPUzcbvvg/games/MPn-cVi6Tae-te_jjGERxw/boxscore?league=NCAAB-III&season=24,https://editor-web.synergysports.com/video?playlistUrl=https%3a%2f%2fbasketball.synergysportstech.com%2fapi%2fgames%2f67bbd62faf5391c0181d9c57%2ffullgamevideo%2fclips,L,56.0,66.0,-10.0,2024-25,No
"Sat, Nov 9",Nebraska Wesleyan Prairie Wolves,UW-Eau Claire Blugolds,Home,https://fastscout.fastmodelsports.com/teams/g7hKaVSoTkmh6YM0IzERVw?league=NCAAB-III&season=24,https://fastscout.fastmodelsports.com/teams/u9KC56v1Tsyl1DIt-x3UXQ/games/sfgH8B7eQBqOpqAKYygjZg/boxscore?league=NCAAB-III&season=24,https://editor-web.synergysports.com/video?playlistUrl=https%3a%2f%2fbasketball.synergysportstech.com%2fapi%2fgames%2f671031cb9d7f7e6c37eb95bf%2ffullgamevideo%2fclips,W,68.0,64.0,4.0,2024-25,No
"Sun, Nov 10",Gustavus Adolphus Golden Gusties,UW-Eau Claire Blugolds,Home,https://fastscout.fastmodelsports.com/teams/1PsWyF01QLKdWZ9gzEg5DQ?league=NCAAB-III&season=24,https://fastscout.fastmodelsports.com/teams/u9KC56v1Tsyl1DIt-x3UXQ/games/a3mrt3zISvuNRHYlwWuLRg/boxscore?league=NCAAB-III&season=24,https://editor-web.synergysports.com/video?playlistUrl=https%3a%2f%2fbasketball.synergysportstech.com%2fapi%2fgames%2f671031cb9d7f7e6c37eb95c0%2ffullgamevideo%2fclips,L,80.0,86.0,-6.0,2024-25,No
"Fri, Nov 15",Marietta Pioneers,UW-Eau Claire Blugolds,Away,https://fastscout.fastmodelsports.com/teams/JCYSrmerR86qqyWi4INhxA?league=NCAAB-III&season=24,https://fastscout.fastmodelsports.com/teams/u9KC56v1Tsyl1DIt-x3UXQ/games/-B9MMimoRj6y53lmbX5VRA/boxscore?league=NCAAB-III&season=24,https://editor-web.synergysports.com/video?playlistUrl=https%3a%2f%2fbasketball.synergysportstech.com%2fapi%2fgames%2f671031cb9d7f7e6c37eb95c1%2ffullgamevideo%2fclips,L,62.0,64.0,-2.0,2024-25,No
"Sat, Nov 16",Maryville (TN) Scots,UW-Eau Claire Blugolds,Neutral Court,https://fastscout.fastmodelsports.com/teams/4ZpokKkKRaudlvKHsDvWbw?league=NCAAB-III&season=24,https://fastscout.fastmodelsports.com/teams/u9KC56v1Tsyl1DIt-x3UXQ/games/rWQoNLC7SpmyOXfV21RyHg/boxscore?league=NCAAB-III&season=24,https://editor-web.synergysports.com/video?playlistUrl=https%3a%2f%2fbasketball.synergysportstech.com%2fapi%2fgames%2f673aa5865e2cb3c877d0a0df%2ffullgamevideo%2fclips,L,64.0,68.0,-4.0,2024-25,No
"Sat, Nov 23",Bethel (MN) Royals,UW-Eau Claire Blugolds,Home,https://fastscout.fastmodelsports.com/teams/5YLgxHv4TW64jUgzvfjgqA?league=NCAAB-III&season=24,https://fastscout.fastmodelsports.com/teams/u9KC56v1Tsyl1DIt-x3UXQ/games/uIbK3vFCQui3f4hevZU8qw/boxscore?league=NCAAB-III&season=24,https://editor-web.synergysports.com/video?playlistUrl=https%3a%2f%2fbasketball.synergysportstech.com%2fapi%2fgames%2f671031cb9d7f7e6c37eb95c2%2ffullgamevideo%2fclips,W,73.0,69.0,4.0,2024-25,No
"Tue, Nov 26",St. Olaf Oles,UW-Eau Claire Blugolds,Away,https://fastscout.fastmodelsports.com/teams/ayHbTP7lQaebm2Zgj5kGjg?league=NCAAB-III&season=24,https://fastscout.fastmodelsports.com/teams/u9KC56v1Tsyl1DIt-x3UXQ/games/kOl2PmC1RkGfLuVrSxldxA/boxscore?league=NCAAB-III&season=24,https://editor-web.synergysports.com/video?playlistUrl=https%3a%2f%2fbasketball.synergysportstech.com%2fapi%2fgames%2f671031cb9d7f7e6c37eb95c3%2ffullgamevideo%2fclips,W,66.0,56.0,10.0,2024-25,No
"Sat, Nov 30",St. Norbert Green Knights,UW-Eau Claire Blugolds,Away,https://fastscout.fastmodelsports.com/teams/mdTxP3GCSVKmzTfFimCobQ?league=NCAAB-III&season=24,https://fastscout.fastmodelsports.com/teams/u9KC56v1Tsyl1DIt-x3UXQ/games/PHLMs5FCQxKhG-5aOzAAAg/boxscore?league=NCAAB-III&season=24,https://editor-web.synergysports.com/video?playlistUrl=https%3a%2f%2fbasketball.synergysportstech.com%2fapi%2fgames%2f671031cb9d7f7e6c37eb95c4%2ffullgamevideo%2fclips,W,84.0,75.0,9.0,2024-25,No
"Wed, Dec 4",Crown (MN) Storm,UW-Eau Claire Blugolds,Away,https://fastscout.fastmodelsports.com/teams/9kSujWHjQ2-o78IYVOMpgg?league=NCAAB-III&season=24,https://fastscout.fastmodelsports.com/teams/u9KC56v1Tsyl1DIt-x3UXQ/games/KUs-FBNiScaOpdzfZi2ZnQ/boxscore?league=NCAAB-III&season=24,https://editor-web.synergysports.com/video?playlistUrl=https%3a%2f%2fbasketball.synergysportstech.com%2fapi%2fgames%2f670fe5dcd80e41a373209e92%2ffullgamevideo%2fclips,W,77.0,71.0,6.0,2024-25,No
"Sat, Dec 7",Wisconsin-Superior Yellowjackets,UW-Eau Claire Blugolds,Home,https://fastscout.fastmodelsports.com/teams/gQX0GFx7T_Cik0Dk2oMYnQ?league=NCAAB-III&season=24,https://fastscout.fastmodelsports.com/teams/u9KC56v1Tsyl1DIt-x3UXQ/games/wl8HRKM8S1KwLMQpepF9Tw/boxscore?league=NCAAB-III&season=24,https://editor-web.synergysports.com/video?playlistUrl=https%3a%2f%2fbasketball.synergysportstech.com%2fapi%2fgames%2f671031cb9d7f7e6c37eb95c5%2ffullgamevideo%2fclips,W,81.0,75.0,6.0,2024-25,No
"Wed, Dec 11",Northwestern-St. Paul Eagles,UW-Eau Claire Blugolds,Away,https://fastscout.fastmodelsports.com/teams/i8-sEqj1SLW1SFN7_fiLUA?league=NCAAB-III&season=24,https://fastscout.fastmodelsports.com/teams/u9KC56v1Tsyl1DIt-x3UXQ/games/LRgJxT_fQGqIwoT9EqFh4A/boxscore?league=NCAAB-III&season=24,https://editor-web.synergysports.com/video?playlistUrl=https%3a%2f%2fbasketball.synergysportstech.com%2fapi%2fgames%2f671033399d7f7e6c37eb95cd%2ffullgamevideo%2fclips,W,76.0,58.0,18.0,2024-25,No
"Mon, Dec 30",Carleton Knights,UW-Eau Claire Blugolds,Home,https://fastscout.fastmodelsports.com/teams/v5N9I07AS56QFDuTOX9neQ?league=NCAAB-III&season=24,https://fastscout.fastmodelsports.com/teams/u9KC56v1Tsyl1DIt-x3UXQ/games/e11Ba9UiR9envzDNFBTyuA/boxscore?league=NCAAB-III&season=24,https://editor-web.synergysports.com/video?playlistUrl=https%3a%2f%2fbasketball.synergysportstech.com%2fapi%2fgames%2f671031cb9d7f7e6c37eb95c6%2ffullgamevideo%2fclips,W,76.0,73.0,3.0,2024-25,No
"Sat, Jan 4",UW-La Crosse Eagles,UW-Eau Claire Blugolds,Away,https://fastscout.fastmodelsports.com/teams/UrY3DOoLQbe_PnM_sm4HJA?league=NCAAB-III&season=24,https://fastscout.fastmodelsports.com/teams/u9KC56v1Tsyl1DIt-x3UXQ/games/9ZHPJsZCQmuvGQkYa_idbQ/boxscore?league=NCAAB-III&season=24,https://editor-web.synergysports.com/video?playlistUrl=https%3a%2f%2fbasketball.synergysportstech.com%2fapi%2fgames%2f67102f06ab7737b812534735%2ffullgamevideo%2fclips,L,55.0,69.0,-14.0,2024-25,No
"Wed, Jan 8",UW-Oshkosh Titans,UW-Eau Claire Blugolds,Away,https://fastscout.fastmodelsports.com/teams/zQArFlh9RwaiMvPUzcbvvg?league=NCAAB-III&season=24,https://fastscout.fastmodelsports.com/teams/u9KC56v1Tsyl1DIt-x3UXQ/games/AXpMs6igQgKkl8zfko2a2w/boxscore?league=NCAAB-III&season=24,https://editor-web.synergysports.com/video?playlistUrl=https%3a%2f%2fbasketball.synergysportstech.com%2fapi%2fgames%2f671031cb9d7f7e6c37eb95b8%2ffullgamevideo%2fclips,W,69.0,56.0,13.0,2024-25,No
"Sat, Jan 11",UW-River Falls Falcons,UW-Eau Claire Blugolds,Home,https://fastscout.fastmodelsports.com/teams/JhCOrVBFRO2E7-hIjHeICg?league=NCAAB-III&season=24,https://fastscout.fastmodelsports.com/teams/u9KC56v1Tsyl1DIt-x3UXQ/games/aE7ZQ47cQ3GWR4uMfHRaHA/boxscore?league=NCAAB-III&season=24,https://editor-web.synergysports.com/video?playlistUrl=https%3a%2f%2fbasketball.synergysportstech.com%2fapi%2fgames%2f67102f06ab7737b812534729%2ffullgamevideo%2fclips,L,65.0,67.0,-2.0,2024-25,No
"Wed, Jan 15",UW-Platteville Pioneers,UW-Eau Claire Blugolds,Away,https://fastscout.fastmodelsports.com/teams/D99vwO1cQ_2BrNCr1V1A_Q?league=NCAAB-III&season=24,https://fastscout.fastmodelsports.com/teams/u9KC56v1Tsyl1DIt-x3UXQ/games/YzZ-2xrVQgChkaN8_llUBg/boxscore?league=NCAAB-III&season=24,https://editor-web.synergysports.com/video?playlistUrl=https%3a%2f%2fbasketball.synergysportstech.com%2fapi%2fgames%2f671031cb9d7f7e6c37eb95c7%2ffullgamevideo%2fclips,L,68.0,79.0,-11.0,2024-25,No
"Sat, Jan 18",UW-Whitewater Warhawks,UW-Eau Claire Blugolds,Away,https://fastscout.fastmodelsports.com/teams/YNoIeSV6SVujUWWWZIKOxw?league=NCAAB-III&season=24,https://fastscout.fastmodelsports.com/teams/u9KC56v1Tsyl1DIt-x3UXQ/games/qdT9lDbqRgidwSfFpdlf7A/boxscore?league=NCAAB-III&season=24,https://editor-web.synergysports.com/video?playlistUrl=https%3a%2f%2fbasketball.synergysportstech.com%2fapi%2fgames%2f67102d959d7f7e6c37eb956f%2ffullgamevideo%2fclips,W,99.0,69.0,30.0,2024-25,No
"Wed, Jan 22",UW-Stout Blue Devils,UW-Eau Claire Blugolds,Home,https://fastscout.fastmodelsports.com/teams/pppg37pRSuWUYj2LabWFxA?league=NCAAB-III&season=24,https://fastscout.fastmodelsports.com/teams/u9KC56v1Tsyl1DIt-x3UXQ/games/OVANlGZqSKGuEBPeIZg_Nw/boxscore?league=NCAAB-III&season=24,https://editor-web.synergysports.com/video?playlistUrl=https%3a%2f%2fbasketball.synergysportstech.com%2fapi%2fgames%2f67102d969d7f7e6c37eb9588%2ffullgamevideo%2fclips,W,81.0,53.0,28.0,2024-25,No
"Sat, Jan 25",UW-Stevens Point Pointers,UW-Eau Claire Blugolds,Home,https://fastscout.fastmodelsports.com/teams/OqTWpgCzTV-VyfWtEnIp-g?league=NCAAB-III&season=24,https://fastscout.fastmodelsports.com/teams/u9KC56v1Tsyl1DIt-x3UXQ/games/gQ-1OTZ1SjahBWFgQEXLqQ/boxscore?league=NCAAB-III&season=24,https://editor-web.synergysports.com/video?playlistUrl=https%3a%2f%2fbasketball.synergysportstech.com%2fapi%2fgames%2f67102f069d7f7e6c37eb959f%2ffullgamevideo%2fclips,W,71.0,66.0,5.0,2024-25,No
"Wed, Jan 29",UW-River Falls Falcons,UW-Eau Claire Blugolds,Away,https://fastscout.fastmodelsports.com/teams/JhCOrVBFRO2E7-hIjHeICg?league=NCAAB-III&season=24,https://fastscout.fastmodelsports.com/teams/u9KC56v1Tsyl1DIt-x3UXQ/games/6kljRNMNTOK7g0jm15UXGQ/boxscore?league=NCAAB-III&season=24,https://editor-web.synergysports.com/video?playlistUrl=https%3a%2f%2fbasketball.synergysportstech.com%2fapi%2fgames%2f67102f06ab7737b81253472d%2ffullgamevideo%2fclips,W,71.0,58.0,13.0,2024-25,No
"Wed, Feb 5",UW-Stout Blue Devils,UW-Eau Claire Blugolds,Away,https://fastscout.fastmodelsports.com/teams/pppg37pRSuWUYj2LabWFxA?league=NCAAB-III&season=24,https://fastscout.fastmodelsports.com/teams/u9KC56v1Tsyl1DIt-x3UXQ/games/p0ewtlAkSK-3K9A3zIt-CQ/boxscore?league=NCAAB-III&season=24,https://editor-web.synergysports.com/video?playlistUrl=https%3a%2f%2fbasketball.synergysportstech.com%2fapi%2fgames%2f67102d969d7f7e6c37eb958b%2ffullgamevideo%2fclips,W,80.0,79.0,1.0,2024-25,No
"Sat, Feb 8",UW-La Crosse Eagles,UW-Eau Claire Blugolds,Home,https://fastscout.fastmodelsports.com/teams/UrY3DOoLQbe_PnM_sm4HJA?league=NCAAB-III&season=24,https://fastscout.fastmodelsports.com/teams/u9KC56v1Tsyl1DIt-x3UXQ/games/ZMmo0GsURgaBxl6diCsUSQ/boxscore?league=NCAAB-III&season=24,https://editor-web.synergysports.com/video?playlistUrl=https%3a%2f%2fbasketball.synergysportstech.com%2fapi%2fgames%2f67102f06ab7737b812534739%2ffullgamevideo%2fclips,L,55.0,60.0,-5.0,2024-25,No
"Wed, Feb 12",UW-Platteville Pioneers,UW-Eau Claire Blugolds,Home,https://fastscout.fastmodelsports.com/teams/D99vwO1cQ_2BrNCr1V1A_Q?league=NCAAB-III&season=24,https://fastscout.fastmodelsports.com/teams/u9KC56v1Tsyl1DIt-x3UXQ/games/zzydXX4JQL-PCDTZfSj70w/boxscore?league=NCAAB-III&season=24,https://editor-web.synergysports.com/video?playlistUrl=https%3a%2f%2fbasketball.synergysportstech.com%2fapi%2fgames%2f671031cb9d7f7e6c37eb95c8%2ffullgamevideo%2fclips,L,50.0,72.0,-22.0,2024-25,No
"Sat, Feb 15",UW-Stevens Point Pointers,UW-Eau Claire Blugolds,Away,https://fastscout.fastmodelsports.com/teams/OqTWpgCzTV-VyfWtEnIp-g?league=NCAAB-III&season=24,https://fastscout.fastmodelsports.com/teams/u9KC56v1Tsyl1DIt-x3UXQ/games/G1OspUHdT_C47mTkv7D0Dg/boxscore?league=NCAAB-III&season=24,https://editor-web.synergysports.com/video?playlistUrl=https%3a%2f%2fbasketball.synergysportstech.com%2fapi%2fgames%2f67102f069d7f7e6c37eb95a3%2ffullgamevideo%2fclips,W,66.0,62.0,4.0,2024-25,No
"Wed, Feb 19",UW-Oshkosh Titans,UW-Eau Claire Blugolds,Home,https://fastscout.fastmodelsports.com/teams/zQArFlh9RwaiMvPUzcbvvg?league=NCAAB-III&season=24,https://fastscout.fastmodelsports.com/teams/u9KC56v1Tsyl1DIt-x3UXQ/games/NvrAUPptRCCFldyZ42yvZQ/boxscore?league=NCAAB-III&season=24,https://editor-web.synergysports.com/video?playlistUrl=https%3a%2f%2fbasketball.synergysportstech.com%2fapi%2fgames%2f671031cb9d7f7e6c37eb95c9%2ffullgamevideo%2fclips,W,62.0,49.0,13.0,2024-25,No
"Sat, Feb 22",UW-Whitewater Warhawks,UW-Eau Claire Blugolds,Home,https://fastscout.fastmodelsports.com/teams/YNoIeSV6SVujUWWWZIKOxw?league=NCAAB-III&season=24,https://fastscout.fastmodelsports.com/teams/u9KC56v1Tsyl1DIt-x3UXQ/games/K-TmSHiaQcWp4C4tuw7l8Q/boxscore?league=NCAAB-III&season=24,https://editor-web.synergysports.com/video?playlistUrl=https%3a%2f%2fbasketball.synergysportstech.com%2fapi%2fgames%2f67102d959d7f7e6c37eb9578%2ffullgamevideo%2fclips,L,65.0,80.0,-15.0,2024-25,No
"Mon, Feb 24",UW-Oshkosh Titans,UW-Eau Claire Blugolds,Home,https://fastscout.fastmodelsports.com/teams/zQArFlh9RwaiMvPUzcbvvg?league=NCAAB-III&season=24,https://fastscout.fastmodelsports.com/teams/u9KC56v1Tsyl1DIt-x3UXQ/games/MPn-cVi6Tae-te_jjGERxw/boxscore?league=NCAAB-III&season=24,https://editor-web.synergysports.com/video?playlistUrl=https%3a%2f%2fbasketball.synergysportstech.com%2fapi%2fgames%2f67bbd62faf5391c0181d9c57%2ffullgamevideo%2fclips,W,66.0,56.0,10.0,2024-25,No
"Wed, Feb 26",UW-La Crosse Eagles,UW-Eau Claire Blugolds,Away,https://fastscout.fastmodelsports.com/teams/UrY3DOoLQbe_PnM_sm4HJA?league=NCAAB-III&season=24,https://fastscout.fastmodelsports.com/teams/u9KC56v1Tsyl1DIt-x3UXQ/games/yoQoMpWnS0uAsPr-THvBag/boxscore?league=NCAAB-III&season=24,https://editor-web.synergysports.com/video?playlistUrl=https%3a%2f%2fbasketball.synergysportstech.com%2fapi%2fgames%2f67bbd630af5391c0181d9c5a%2ffullgamevideo%2fclips,L,55.0,69.0,-14.0,2024-25,No
"Fri, Nov 8",Calvin Knights,UW-Platteville Pioneers,Neutral Court,https://fastscout.fastmodelsports.com/teams/xi2oJrVvR32QtGfc_H5DgA?league=NCAAB-III&season=24,https://fastscout.fastmodelsports.com/teams/D99vwO1cQ_2BrNCr1V1A_Q/games/6L423ZZDRiCBvDwzmw-DtA/boxscore?league=NCAAB-III&season=24,https://editor-web.synergysports.com/video?playlistUrl=https%3a%2f%2fbasketball.synergysportstech.com%2fapi%2fgames%2f671715459a5fd20b1dce3d87%2ffullgamevideo%2fclips,W,82.0,81.0,1.0,2024-25,No
"Sat, Nov 9",Illinois Wesleyan Titans,UW-Platteville Pioneers,Away,https://fastscout.fastmodelsports.com/teams/jB0ukfgOSD-x51hu1vSRuQ?league=NCAAB-III&season=24,https://fastscout.fastmodelsports.com/teams/D99vwO1cQ_2BrNCr1V1A_Q/games/ZLyqghsZR6WvJ3QXNVKsGA/boxscore?league=NCAAB-III&season=24,https://editor-web.synergysports.com/video?playlistUrl=https%3a%2f%2fbasketball.synergysportstech.com%2fapi%2fgames%2f6730a181ae5ef88a3da3dac4%2ffullgamevideo%2fclips,L,66.0,86.0,-20.0,2024-25,No
"Wed, Nov 20",Carthage Firebirds,UW-Platteville Pioneers,Home,https://fastscout.fastmodelsports.com/teams/m-qFKRiOTEmVlbB_2f3l6Q?league=NCAAB-III&season=24,https://fastscout.fastmodelsports.com/teams/D99vwO1cQ_2BrNCr1V1A_Q/games/phT_D-DKT_2rimBefPE8uA/boxscore?league=NCAAB-III&season=24,https://editor-web.synergysports.com/video?playlistUrl=https%3a%2f%2fbasketball.synergysportstech.com%2fapi%2fgames%2f67107332232eae0114c6412c%2ffullgamevideo%2fclips,W,85.0,72.0,13.0,2024-25,No
"Sat, Nov 23",North Central (IL) Cardinals,UW-Platteville Pioneers,Home,https://fastscout.fastmodelsports.com/teams/dShnkyWDRTaBQuxYFLIBSg?league=NCAAB-III&season=24,https://fastscout.fastmodelsports.com/teams/D99vwO1cQ_2BrNCr1V1A_Q/games/lRJzMw9USy-6c84n2Ngurw/boxscore?league=NCAAB-III&season=24,https://editor-web.synergysports.com/video?playlistUrl=https%3a%2f%2fbasketball.synergysportstech.com%2fapi%2fgames%2f6710a20f325de0e53b8ac912%2ffullgamevideo%2fclips,W,76.0,69.0,7.0,2024-25,No
"Tue, Nov 26",Augustana (IL) Vikings,UW-Platteville Pioneers,Home,https://fastscout.fastmodelsports.com/teams/4AGwMe0STpKehLlVIUKfHQ?league=NCAAB-III&season=24,https://fastscout.fastmodelsports.com/teams/D99vwO1cQ_2BrNCr1V1A_Q/games/cPrYIgxjRmWrmA3gC_6ahw/boxscore?league=NCAAB-III&season=24,https://editor-web.synergysports.com/video?playlistUrl=https%3a%2f%2fbasketball.synergysportstech.com%2fapi%2fgames%2f67105f48686a8f5d8fac432f%2ffullgamevideo%2fclips,W,77.0,50.0,27.0,2024-25,No
"Sat, Nov 30",Heidelberg Student Princes,UW-Platteville Pioneers,Home,https://fastscout.fastmodelsports.com/teams/l67EIlAiTuqpRajFVMZfCw?league=NCAAB-III&season=24,https://fastscout.fastmodelsports.com/teams/D99vwO1cQ_2BrNCr1V1A_Q/games/lDnfY9TORcKFrdcWYjyfmw/boxscore?league=NCAAB-III&season=24,https://editor-web.synergysports.com/video?playlistUrl=https%3a%2f%2fbasketball.synergysportstech.com%2fapi%2fgames%2f6721c7e7b05da1c0e0916981%2ffullgamevideo%2fclips,W,87.0,75.0,12.0,2024-25,No
"Sun, Dec 1",Gustavus Adolphus Golden Gusties,UW-Platteville Pioneers,Home,https://fastscout.fastmodelsports.com/teams/1PsWyF01QLKdWZ9gzEg5DQ?league=NCAAB-III&season=24,https://fastscout.fastmodelsports.com/teams/D99vwO1cQ_2BrNCr1V1A_Q/games/MlBVq1z3TCKT88o11J3DOw/boxscore?league=NCAAB-III&season=24,https://editor-web.synergysports.com/video?playlistUrl=https%3a%2f%2fbasketball.synergysportstech.com%2fapi%2fgames%2f671836edda6e3e87ebf463dd%2ffullgamevideo%2fclips,W,65.0,52.0,13.0,2024-25,No
"Sat, Dec 7",Hope Flying Dutchmen,UW-Platteville Pioneers,Home,https://fastscout.fastmodelsports.com/teams/HRFCusfbR4OnaX09Q5O0XQ?league=NCAAB-III&season=24,https://fastscout.fastmodelsports.com/teams/D99vwO1cQ_2BrNCr1V1A_Q/games/AIj1-M3jQeC9qw2YTbrCkw/boxscore?league=NCAAB-III&season=24,https://editor-web.synergysports.com/video?playlistUrl=https%3a%2f%2fbasketball.synergysportstech.com%2fapi%2fgames%2f671715459a5fd20b1dce3d9b%2ffullgamevideo%2fclips,W,71.0,64.0,7.0,2024-25,No
"Sat, Dec 14",Central (IA) Dutch,UW-Platteville Pioneers,Away,https://fastscout.fastmodelsports.com/teams/bUaIfaQOQWiU7dKR8JUN5Q?league=NCAAB-III&season=24,https://fastscout.fastmodelsports.com/teams/D99vwO1cQ_2BrNCr1V1A_Q/games/-gGEn5p7S_qAGgSV9D4C3Q/boxscore?league=NCAAB-III&season=24,https://editor-web.synergysports.com/video?playlistUrl=https%3a%2f%2fbasketball.synergysportstech.com%2fapi%2fgames%2f6711ca8b880c2b5fbe9ba1dd%2ffullgamevideo%2fclips,W,87.0,64.0,23.0,2024-25,No
"Sun, Dec 29",Bethany Lutheran Vikings,UW-Platteville Pioneers,Neutral Court,https://fastscout.fastmodelsports.com/teams/LEq4CbdnTeWsY5_0yWJunQ?league=NCAAB-III&season=24,https://fastscout.fastmodelsports.com/teams/D99vwO1cQ_2BrNCr1V1A_Q/games/cfE6xkH3Sxu9kGYMInIUCQ/boxscore?league=NCAAB-III&season=24,https://editor-web.synergysports.com/video?playlistUrl=https%3a%2f%2fbasketball.synergysportstech.com%2fapi%2fgames%2f672026b7b5045f5d384a4071%2ffullgamevideo%2fclips,W,101.0,61.0,40.0,2024-25,No
"Mon, Dec 30",St. Norbert Green Knights,UW-Platteville Pioneers,Away,https://fastscout.fastmodelsports.com/teams/mdTxP3GCSVKmzTfFimCobQ?league=NCAAB-III&season=24,https://fastscout.fastmodelsports.com/teams/D99vwO1cQ_2BrNCr1V1A_Q/games/Gs9wnwWWTxe3MYrfzbrLZA/boxscore?league=NCAAB-III&season=24,https://editor-web.synergysports.com/video?playlistUrl=https%3a%2f%2fbasketball.synergysportstech.com%2fapi%2fgames%2f67740bb19b1e7d9d3dfb5fb0%2ffullgamevideo%2fclips,W,60.0,54.0,6.0,2024-25,No
"Sat, Jan 4",UW-Stevens Point Pointers,UW-Platteville Pioneers,Away,https://fastscout.fastmodelsports.com/teams/OqTWpgCzTV-VyfWtEnIp-g?league=NCAAB-III&season=24,https://fastscout.fastmodelsports.com/teams/D99vwO1cQ_2BrNCr1V1A_Q/games/KTfPeLlYQGKUlxOKDhiwLg/boxscore?league=NCAAB-III&season=24,https://editor-web.synergysports.com/video?playlistUrl=https%3a%2f%2fbasketball.synergysportstech.com%2fapi%2fgames%2f67102f069d7f7e6c37eb959b%2ffullgamevideo%2fclips,W,79.0,64.0,15.0,2024-25,No
"Wed, Jan 8",UW-La Crosse Eagles,UW-Platteville Pioneers,Away,https://fastscout.fastmodelsports.com/teams/UrY3DOoLQbe_PnM_sm4HJA?league=NCAAB-III&season=24,https://fastscout.fastmodelsports.com/teams/D99vwO1cQ_2BrNCr1V1A_Q/games/CkWv-BtAQTmWv53Zmg4OcQ/boxscore?league=NCAAB-III&season=24,https://editor-web.synergysports.com/video?playlistUrl=https%3a%2f%2fbasketball.synergysportstech.com%2fapi%2fgames%2f67102f06ab7737b812534736%2ffullgamevideo%2fclips,W,83.0,75.0,8.0,2024-25,No
"Sat, Jan 11",UW-Oshkosh Titans,UW-Platteville Pioneers,Home,https://fastscout.fastmodelsports.com/teams/zQArFlh9RwaiMvPUzcbvvg?league=NCAAB-III&season=24,https://fastscout.fastmodelsports.com/teams/D99vwO1cQ_2BrNCr1V1A_Q/games/ZcRuTD1pQQ2DD0y_7QGR-Q/boxscore?league=NCAAB-III&season=24,https://editor-web.synergysports.com/video?playlistUrl=https%3a%2f%2fbasketball.synergysportstech.com%2fapi%2fgames%2f671033399d7f7e6c37eb95ca%2ffullgamevideo%2fclips,W,79.0,64.0,15.0,2024-25,No
"Wed, Jan 15",UW-Eau Claire Blugolds,UW-Platteville Pioneers,Home,https://fastscout.fastmodelsports.com/teams/u9KC56v1Tsyl1DIt-x3UXQ?league=NCAAB-III&season=24,https://fastscout.fastmodelsports.com/teams/D99vwO1cQ_2BrNCr1V1A_Q/games/YzZ-2xrVQgChkaN8_llUBg/boxscore?league=NCAAB-III&season=24,https://editor-web.synergysports.com/video?playlistUrl=https%3a%2f%2fbasketball.synergysportstech.com%2fapi%2fgames%2f671031cb9d7f7e6c37eb95c7%2ffullgamevideo%2fclips,W,79.0,68.0,11.0,2024-25,No
"Sat, Jan 18",UW-River Falls Falcons,UW-Platteville Pioneers,Away,https://fastscout.fastmodelsports.com/teams/JhCOrVBFRO2E7-hIjHeICg?league=NCAAB-III&season=24,https://fastscout.fastmodelsports.com/teams/D99vwO1cQ_2BrNCr1V1A_Q/games/dCouA8WcTe-j1SSy6ZVgeg/boxscore?league=NCAAB-III&season=24,https://editor-web.synergysports.com/video?playlistUrl=https%3a%2f%2fbasketball.synergysportstech.com%2fapi%2fgames%2f678c58045b2b36f8ece7f56e%2ffullgamevideo%2fclips,W,75.0,66.0,9.0,2024-25,No
"Wed, Jan 22",UW-Whitewater Warhawks,UW-Platteville Pioneers,Home,https://fastscout.fastmodelsports.com/teams/YNoIeSV6SVujUWWWZIKOxw?league=NCAAB-III&season=24,https://fastscout.fastmodelsports.com/teams/D99vwO1cQ_2BrNCr1V1A_Q/games/fD8f46DxRJKLrK7c1vDWNw/boxscore?league=NCAAB-III&season=24,https://editor-web.synergysports.com/video?playlistUrl=https%3a%2f%2fbasketball.synergysportstech.com%2fapi%2fgames%2f67102d959d7f7e6c37eb9570%2ffullgamevideo%2fclips,L,68.0,74.0,-6.0,2024-25,No
"Sat, Jan 25",UW-Stout Blue Devils,UW-Platteville Pioneers,Away,https://fastscout.fastmodelsports.com/teams/pppg37pRSuWUYj2LabWFxA?league=NCAAB-III&season=24,https://fastscout.fastmodelsports.com/teams/D99vwO1cQ_2BrNCr1V1A_Q/games/i5JD2wXhTrmidTwSYpmeJQ/boxscore?league=NCAAB-III&season=24,https://editor-web.synergysports.com/video?playlistUrl=https%3a%2f%2fbasketball.synergysportstech.com%2fapi%2fgames%2f67102d969d7f7e6c37eb9589%2ffullgamevideo%2fclips,W,84.0,54.0,30.0,2024-25,No
"Wed, Jan 29",UW-Oshkosh Titans,UW-Platteville Pioneers,Away,https://fastscout.fastmodelsports.com/teams/zQArFlh9RwaiMvPUzcbvvg?league=NCAAB-III&season=24,https://fastscout.fastmodelsports.com/teams/D99vwO1cQ_2BrNCr1V1A_Q/games/p86H03KgQ6yBcLizbxlCQg/boxscore?league=NCAAB-III&season=24,https://editor-web.synergysports.com/video?playlistUrl=https%3a%2f%2fbasketball.synergysportstech.com%2fapi%2fgames%2f671033399d7f7e6c37eb95cb%2ffullgamevideo%2fclips,W,86.0,73.0,13.0,2024-25,No
"Wed, Feb 5",UW-La Crosse Eagles,UW-Platteville Pioneers,Home,https://fastscout.fastmodelsports.com/teams/UrY3DOoLQbe_PnM_sm4HJA?league=NCAAB-III&season=24,https://fastscout.fastmodelsports.com/teams/D99vwO1cQ_2BrNCr1V1A_Q/games/mwdEblACQbKLNkDeMuMODg/boxscore?league=NCAAB-III&season=24,https://editor-web.synergysports.com/video?playlistUrl=https%3a%2f%2fbasketball.synergysportstech.com%2fapi%2fgames%2f67102f06ab7737b812534738%2ffullgamevideo%2fclips,W,83.0,73.0,10.0,2024-25,No
"Sat, Feb 8",UW-Stevens Point Pointers,UW-Platteville Pioneers,Home,https://fastscout.fastmodelsports.com/teams/OqTWpgCzTV-VyfWtEnIp-g?league=NCAAB-III&season=24,https://fastscout.fastmodelsports.com/teams/D99vwO1cQ_2BrNCr1V1A_Q/games/uMURx6tOS7OLpSfKuqmhWw/boxscore?league=NCAAB-III&season=24,https://editor-web.synergysports.com/video?playlistUrl=https%3a%2f%2fbasketball.synergysportstech.com%2fapi%2fgames%2f67102f069d7f7e6c37eb95a1%2ffullgamevideo%2fclips,W,78.0,69.0,9.0,2024-25,No
"Wed, Feb 12",UW-Eau Claire Blugolds,UW-Platteville Pioneers,Away,https://fastscout.fastmodelsports.com/teams/u9KC56v1Tsyl1DIt-x3UXQ?league=NCAAB-III&season=24,https://fastscout.fastmodelsports.com/teams/D99vwO1cQ_2BrNCr1V1A_Q/games/zzydXX4JQL-PCDTZfSj70w/boxscore?league=NCAAB-III&season=24,https://editor-web.synergysports.com/video?playlistUrl=https%3a%2f%2fbasketball.synergysportstech.com%2fapi%2fgames%2f671031cb9d7f7e6c37eb95c8%2ffullgamevideo%2fclips,W,72.0,50.0,22.0,2024-25,No
"Sat, Feb 15",UW-Stout Blue Devils,UW-Platteville Pioneers,Home,https://fastscout.fastmodelsports.com/teams/pppg37pRSuWUYj2LabWFxA?league=NCAAB-III&season=24,https://fastscout.fastmodelsports.com/teams/D99vwO1cQ_2BrNCr1V1A_Q/games/nWpB-tTARXKiZYsJvSBO1w/boxscore?league=NCAAB-III&season=24,https://editor-web.synergysports.com/video?playlistUrl=https%3a%2f%2fbasketball.synergysportstech.com%2fapi%2fgames%2f67102d969d7f7e6c37eb958d%2ffullgamevideo%2fclips,W,76.0,58.0,18.0,2024-25,No
"Wed, Feb 19",UW-Whitewater Warhawks,UW-Platteville Pioneers,Away,https://fastscout.fastmodelsports.com/teams/YNoIeSV6SVujUWWWZIKOxw?league=NCAAB-III&season=24,https://fastscout.fastmodelsports.com/teams/D99vwO1cQ_2BrNCr1V1A_Q/games/l8Q63bmySIWHQ5l0Yn-KXg/boxscore?league=NCAAB-III&season=24,https://editor-web.synergysports.com/video?playlistUrl=https%3a%2f%2fbasketball.synergysportstech.com%2fapi%2fgames%2f67102d959d7f7e6c37eb9577%2ffullgamevideo%2fclips,W,78.0,62.0,16.0,2024-25,No
"Sat, Feb 22",UW-River Falls Falcons,UW-Platteville Pioneers,Home,https://fastscout.fastmodelsports.com/teams/JhCOrVBFRO2E7-hIjHeICg?league=NCAAB-III&season=24,https://fastscout.fastmodelsports.com/teams/D99vwO1cQ_2BrNCr1V1A_Q/games/IGnrH58VRme52NKVDbbErQ/boxscore?league=NCAAB-III&season=24,https://editor-web.synergysports.com/video?playlistUrl=https%3a%2f%2fbasketball.synergysportstech.com%2fapi%2fgames%2f67102f06ab7737b812534730%2ffullgamevideo%2fclips,W,85.0,44.0,41.0,2024-25,No
"Wed, Feb 26",UW-Stevens Point Pointers,UW-Platteville Pioneers,Home,https://fastscout.fastmodelsports.com/teams/OqTWpgCzTV-VyfWtEnIp-g?league=NCAAB-III&season=24,https://fastscout.fastmodelsports.com/teams/D99vwO1cQ_2BrNCr1V1A_Q/games/_uZi6cV6SB2yvewHLbr-bA/boxscore?league=NCAAB-III&season=24,https://editor-web.synergysports.com/video?playlistUrl=https%3a%2f%2fbasketball.synergysportstech.com%2fapi%2fgames%2f67bbd630af5391c0181d9c59%2ffullgamevideo%2fclips,W,83.0,73.0,10.0,2024-25,No
"Sat, Nov 9",Gustavus Adolphus Golden Gusties,UW-La Crosse Eagles,Neutral Court,https://fastscout.fastmodelsports.com/teams/1PsWyF01QLKdWZ9gzEg5DQ?league=NCAAB-III&season=24,https://fastscout.fastmodelsports.com/teams/UrY3DOoLQbe_PnM_sm4HJA/games/Um2RNaffShCIsyTVCA15qA/boxscore?league=NCAAB-III&season=24,https://editor-web.synergysports.com/video?playlistUrl=https%3a%2f%2fbasketball.synergysportstech.com%2fapi%2fgames%2f671033399d7f7e6c37eb95cc%2ffullgamevideo%2fclips,W,81.0,77.0,4.0,2024-25,No
"Sun, Nov 10",Nebraska Wesleyan Prairie Wolves,UW-La Crosse Eagles,Neutral Court,https://fastscout.fastmodelsports.com/teams/g7hKaVSoTkmh6YM0IzERVw?league=NCAAB-III&season=24,https://fastscout.fastmodelsports.com/teams/UrY3DOoLQbe_PnM_sm4HJA/games/wS7X0k2ESuC9BOnFDR4wRQ/boxscore?league=NCAAB-III&season=24,https://editor-web.synergysports.com/video?playlistUrl=https%3a%2f%2fbasketball.synergysportstech.com%2fapi%2fgames%2f67102f06ab7737b812534731%2ffullgamevideo%2fclips,L,73.0,82.0,-9.0,2024-25,No
"Sat, Nov 16",North Park Vikings,UW-La Crosse Eagles,Home,https://fastscout.fastmodelsports.com/teams/23m4xzMjS4K-VEVyeHjQMw?league=NCAAB-III&season=24,https://fastscout.fastmodelsports.com/teams/UrY3DOoLQbe_PnM_sm4HJA/games/ic16D89-TNCBIOJmqYAH7w/boxscore?league=NCAAB-III&season=24,https://editor-web.synergysports.com/video?playlistUrl=https%3a%2f%2fbasketball.synergysportstech.com%2fapi%2fgames%2f671031cb9d7f7e6c37eb95b9%2ffullgamevideo%2fclips,W,91.0,62.0,29.0,2024-25,No
"Fri, Nov 22",Marietta Pioneers,UW-La Crosse Eagles,Neutral Court,https://fastscout.fastmodelsports.com/teams/JCYSrmerR86qqyWi4INhxA?league=NCAAB-III&season=24,https://fastscout.fastmodelsports.com/teams/UrY3DOoLQbe_PnM_sm4HJA/games/P5EUiIDPTY-GVuQaOmiM1w/boxscore?league=NCAAB-III&season=24,https://editor-web.synergysports.com/video?playlistUrl=https%3a%2f%2fbasketball.synergysportstech.com%2fapi%2fgames%2f671031cb9d7f7e6c37eb95ba%2ffullgamevideo%2fclips,W,99.0,75.0,24.0,2024-25,No
"Sat, Nov 23",Johns Hopkins Blue Jays,UW-La Crosse Eagles,Neutral Court,https://fastscout.fastmodelsports.com/teams/dnr0MstpQpOqoPUPuSvoGQ?league=NCAAB-III&season=24,https://fastscout.fastmodelsports.com/teams/UrY3DOoLQbe_PnM_sm4HJA/games/1SV1_3NjTSiMGMdNTdxGkw/boxscore?league=NCAAB-III&season=24,https://editor-web.synergysports.com/video?playlistUrl=https%3a%2f%2fbasketball.synergysportstech.com%2fapi%2fgames%2f671031cb9d7f7e6c37eb95bb%2ffullgamevideo%2fclips,W,76.0,59.0,17.0,2024-25,No
"Wed, Nov 27",Saint John's (MN) Johnnies,UW-La Crosse Eagles,Away,https://fastscout.fastmodelsports.com/teams/hITED0r7RIucTmpU4dKu-w?league=NCAAB-III&season=24,https://fastscout.fastmodelsports.com/teams/UrY3DOoLQbe_PnM_sm4HJA/games/DDoTNm3qRmiC5R6WdY8nQw/boxscore?league=NCAAB-III&season=24,https://editor-web.synergysports.com/video?playlistUrl=https%3a%2f%2fbasketball.synergysportstech.com%2fapi%2fgames%2f671031cb9d7f7e6c37eb95bc%2ffullgamevideo%2fclips,W,80.0,71.0,9.0,2024-25,No
"Wed, Dec 4",Bethany Lutheran Vikings,UW-La Crosse Eagles,Away,https://fastscout.fastmodelsports.com/teams/LEq4CbdnTeWsY5_0yWJunQ?league=NCAAB-III&season=24,https://fastscout.fastmodelsports.com/teams/UrY3DOoLQbe_PnM_sm4HJA/games/Z6BTCFbySbGjhYWOV8F5Kg/boxscore?league=NCAAB-III&season=24,https://editor-web.synergysports.com/video?playlistUrl=https%3a%2f%2fbasketball.synergysportstech.com%2fapi%2fgames%2f67102f06ab7737b812534732%2ffullgamevideo%2fclips,W,99.0,97.0,2.0,2024-25,No
"Sat, Dec 7",Calvin Knights,UW-La Crosse Eagles,Home,https://fastscout.fastmodelsports.com/teams/xi2oJrVvR32QtGfc_H5DgA?league=NCAAB-III&season=24,https://fastscout.fastmodelsports.com/teams/UrY3DOoLQbe_PnM_sm4HJA/games/bJwBve8sSaqXUEuE_OAR7A/boxscore?league=NCAAB-III&season=24,https://editor-web.synergysports.com/video?playlistUrl=https%3a%2f%2fbasketball.synergysportstech.com%2fapi%2fgames%2f6754dcdc3251e4ae10d08fef%2ffullgamevideo%2fclips,L,57.0,58.0,-1.0,2024-25,No
"Sat, Dec 21",Ripon Red Hawks,UW-La Crosse Eagles,Home,https://fastscout.fastmodelsports.com/teams/NYQ5dX1lTj2qPTiYSf_8EQ?league=NCAAB-III&season=24,https://fastscout.fastmodelsports.com/teams/UrY3DOoLQbe_PnM_sm4HJA/games/leDwvqm6T_attHTT8y-9Rg/boxscore?league=NCAAB-III&season=24,https://editor-web.synergysports.com/video?playlistUrl=https%3a%2f%2fbasketball.synergysportstech.com%2fapi%2fgames%2f67102f06ab7737b812534734%2ffullgamevideo%2fclips,W,86.0,74.0,12.0,2024-25,No
"Sun, Dec 29",Hamline Pipers,UW-La Crosse Eagles,Neutral Court,https://fastscout.fastmodelsports.com/teams/B_S7PSVtRKaBA3lRDbDEeg?league=NCAAB-III&season=24,https://fastscout.fastmodelsports.com/teams/UrY3DOoLQbe_PnM_sm4HJA/games/eDO9jNMBRw-q6rkbWvo7eA/boxscore?league=NCAAB-III&season=24,https://editor-web.synergysports.com/video?playlistUrl=https%3a%2f%2fbasketball.synergysportstech.com%2fapi%2fgames%2f671031cb9d7f7e6c37eb95bd%2ffullgamevideo%2fclips,W,70.0,63.0,7.0,2024-25,No
"Mon, Dec 30",Keene St. Owls,UW-La Crosse Eagles,Neutral Court,https://fastscout.fastmodelsports.com/teams/9uEVBZjYSzG2Q4JoLID2YA?league=NCAAB-III&season=24,https://fastscout.fastmodelsports.com/teams/UrY3DOoLQbe_PnM_sm4HJA/games/EzvlFNVrSuaSUgPrpgQrbg/boxscore?league=NCAAB-III&season=24,https://editor-web.synergysports.com/video?playlistUrl=https%3a%2f%2fbasketball.synergysportstech.com%2fapi%2fgames%2f671031cb9d7f7e6c37eb95be%2ffullgamevideo%2fclips,W,81.0,66.0,15.0,2024-25,No
"Sat, Jan 4",UW-Eau Claire Blugolds,UW-La Crosse Eagles,Home,https://fastscout.fastmodelsports.com/teams/u9KC56v1Tsyl1DIt-x3UXQ?league=NCAAB-III&season=24,https://fastscout.fastmodelsports.com/teams/UrY3DOoLQbe_PnM_sm4HJA/games/9ZHPJsZCQmuvGQkYa_idbQ/boxscore?league=NCAAB-III&season=24,https://editor-web.synergysports.com/video?playlistUrl=https%3a%2f%2fbasketball.synergysportstech.com%2fapi%2fgames%2f67102f06ab7737b812534735%2ffullgamevideo%2fclips,W,69.0,55.0,14.0,2024-25,No
"Wed, Jan 8",UW-Platteville Pioneers,UW-La Crosse Eagles,Home,https://fastscout.fastmodelsports.com/teams/D99vwO1cQ_2BrNCr1V1A_Q?league=NCAAB-III&season=24,https://fastscout.fastmodelsports.com/teams/UrY3DOoLQbe_PnM_sm4HJA/games/CkWv-BtAQTmWv53Zmg4OcQ/boxscore?league=NCAAB-III&season=24,https://editor-web.synergysports.com/video?playlistUrl=https%3a%2f%2fbasketball.synergysportstech.com%2fapi%2fgames%2f67102f06ab7737b812534736%2ffullgamevideo%2fclips,L,75.0,83.0,-8.0,2024-25,No
"Sat, Jan 11",UW-Stevens Point Pointers,UW-La Crosse Eagles,Away,https://fastscout.fastmodelsports.com/teams/OqTWpgCzTV-VyfWtEnIp-g?league=NCAAB-III&season=24,https://fastscout.fastmodelsports.com/teams/UrY3DOoLQbe_PnM_sm4HJA/games/RZ5LxkCZTNq8EYjha-tS8Q/boxscore?league=NCAAB-III&season=24,https://editor-web.synergysports.com/video?playlistUrl=https%3a%2f%2fbasketball.synergysportstech.com%2fapi%2fgames%2f67102f069d7f7e6c37eb959c%2ffullgamevideo%2fclips,W,84.0,83.0,1.0,2024-25,No
"Wed, Jan 15",UW-Stout Blue Devils,UW-La Crosse Eagles,Away,https://fastscout.fastmodelsports.com/teams/pppg37pRSuWUYj2LabWFxA?league=NCAAB-III&season=24,https://fastscout.fastmodelsports.com/teams/UrY3DOoLQbe_PnM_sm4HJA/games/-MNcAx2jQY276SczwQRfmw/boxscore?league=NCAAB-III&season=24,https://editor-web.synergysports.com/video?playlistUrl=https%3a%2f%2fbasketball.synergysportstech.com%2fapi%2fgames%2f67102d969d7f7e6c37eb9586%2ffullgamevideo%2fclips,W,84.0,77.0,7.0,2024-25,No
"Sat, Jan 18",UW-Oshkosh Titans,UW-La Crosse Eagles,Home,https://fastscout.fastmodelsports.com/teams/zQArFlh9RwaiMvPUzcbvvg?league=NCAAB-III&season=24,https://fastscout.fastmodelsports.com/teams/UrY3DOoLQbe_PnM_sm4HJA/games/bnDBfrLvTS-jfbqbE5T1nw/boxscore?league=NCAAB-III&season=24,https://editor-web.synergysports.com/video?playlistUrl=https%3a%2f%2fbasketball.synergysportstech.com%2fapi%2fgames%2f67102f06ab7737b812534737%2ffullgamevideo%2fclips,W,75.0,62.0,13.0,2024-25,No
"Wed, Jan 22",UW-River Falls Falcons,UW-La Crosse Eagles,Home,https://fastscout.fastmodelsports.com/teams/JhCOrVBFRO2E7-hIjHeICg?league=NCAAB-III&season=24,https://fastscout.fastmodelsports.com/teams/UrY3DOoLQbe_PnM_sm4HJA/games/eCDf98hPSvqpnbHZk3u9rg/boxscore?league=NCAAB-III&season=24,https://editor-web.synergysports.com/video?playlistUrl=https%3a%2f%2fbasketball.synergysportstech.com%2fapi%2fgames%2f67102f06ab7737b81253472b%2ffullgamevideo%2fclips,W,77.0,56.0,21.0,2024-25,No
"Sat, Jan 25",UW-Whitewater Warhawks,UW-La Crosse Eagles,Away,https://fastscout.fastmodelsports.com/teams/YNoIeSV6SVujUWWWZIKOxw?league=NCAAB-III&season=24,https://fastscout.fastmodelsports.com/teams/UrY3DOoLQbe_PnM_sm4HJA/games/e5H1cTzrR5qkIqcv4uWMYw/boxscore?league=NCAAB-III&season=24,https://editor-web.synergysports.com/video?playlistUrl=https%3a%2f%2fbasketball.synergysportstech.com%2fapi%2fgames%2f67102d959d7f7e6c37eb9571%2ffullgamevideo%2fclips,W,80.0,75.0,5.0,2024-25,No
"Wed, Jan 29",UW-Stout Blue Devils,UW-La Crosse Eagles,Home,https://fastscout.fastmodelsports.com/teams/pppg37pRSuWUYj2LabWFxA?league=NCAAB-III&season=24,https://fastscout.fastmodelsports.com/teams/UrY3DOoLQbe_PnM_sm4HJA/games/jXCTg6sISCK7099emmuvjg/boxscore?league=NCAAB-III&season=24,https://editor-web.synergysports.com/video?playlistUrl=https%3a%2f%2fbasketball.synergysportstech.com%2fapi%2fgames%2f67102d969d7f7e6c37eb958a%2ffullgamevideo%2fclips,W,90.0,53.0,37.0,2024-25,No
"Wed, Feb 5",UW-Platteville Pioneers,UW-La Crosse Eagles,Away,https://fastscout.fastmodelsports.com/teams/D99vwO1cQ_2BrNCr1V1A_Q?league=NCAAB-III&season=24,https://fastscout.fastmodelsports.com/teams/UrY3DOoLQbe_PnM_sm4HJA/games/mwdEblACQbKLNkDeMuMODg/boxscore?league=NCAAB-III&season=24,https://editor-web.synergysports.com/video?playlistUrl=https%3a%2f%2fbasketball.synergysportstech.com%2fapi%2fgames%2f67102f06ab7737b812534738%2ffullgamevideo%2fclips,L,73.0,83.0,-10.0,2024-25,No
"Sat, Feb 8",UW-Eau Claire Blugolds,UW-La Crosse Eagles,Away,https://fastscout.fastmodelsports.com/teams/u9KC56v1Tsyl1DIt-x3UXQ?league=NCAAB-III&season=24,https://fastscout.fastmodelsports.com/teams/UrY3DOoLQbe_PnM_sm4HJA/games/ZMmo0GsURgaBxl6diCsUSQ/boxscore?league=NCAAB-III&season=24,https://editor-web.synergysports.com/video?playlistUrl=https%3a%2f%2fbasketball.synergysportstech.com%2fapi%2fgames%2f67102f06ab7737b812534739%2ffullgamevideo%2fclips,W,60.0,55.0,5.0,2024-25,No
"Wed, Feb 12",UW-Whitewater Warhawks,UW-La Crosse Eagles,Home,https://fastscout.fastmodelsports.com/teams/YNoIeSV6SVujUWWWZIKOxw?league=NCAAB-III&season=24,https://fastscout.fastmodelsports.com/teams/UrY3DOoLQbe_PnM_sm4HJA/games/8uAp_gdgR36dTcB2SOdwNg/boxscore?league=NCAAB-III&season=24,https://editor-web.synergysports.com/video?playlistUrl=https%3a%2f%2fbasketball.synergysportstech.com%2fapi%2fgames%2f67102d959d7f7e6c37eb9575%2ffullgamevideo%2fclips,W,70.0,56.0,14.0,2024-25,No
"Sat, Feb 15",UW-Oshkosh Titans,UW-La Crosse Eagles,Away,https://fastscout.fastmodelsports.com/teams/zQArFlh9RwaiMvPUzcbvvg?league=NCAAB-III&season=24,https://fastscout.fastmodelsports.com/teams/UrY3DOoLQbe_PnM_sm4HJA/games/5SWB1w6DR3amJyz7eFidrA/boxscore?league=NCAAB-III&season=24,https://editor-web.synergysports.com/video?playlistUrl=https%3a%2f%2fbasketball.synergysportstech.com%2fapi%2fgames%2f67102f06ab7737b81253473a%2ffullgamevideo%2fclips,W,75.0,69.0,6.0,2024-25,No
"Wed, Feb 19",UW-River Falls Falcons,UW-La Crosse Eagles,Away,https://fastscout.fastmodelsports.com/teams/JhCOrVBFRO2E7-hIjHeICg?league=NCAAB-III&season=24,https://fastscout.fastmodelsports.com/teams/UrY3DOoLQbe_PnM_sm4HJA/games/8fBVsd4ZQjG_fO3Lhi4duA/boxscore?league=NCAAB-III&season=24,https://editor-web.synergysports.com/video?playlistUrl=https%3a%2f%2fbasketball.synergysportstech.com%2fapi%2fgames%2f67102f06ab7737b81253472f%2ffullgamevideo%2fclips,W,86.0,79.0,7.0,2024-25,No
"Sat, Feb 22",UW-Stevens Point Pointers,UW-La Crosse Eagles,Home,https://fastscout.fastmodelsports.com/teams/OqTWpgCzTV-VyfWtEnIp-g?league=NCAAB-III&season=24,https://fastscout.fastmodelsports.com/teams/UrY3DOoLQbe_PnM_sm4HJA/games/QxOT1kA_RQuTni7kvQN79g/boxscore?league=NCAAB-III&season=24,https://editor-web.synergysports.com/video?playlistUrl=https%3a%2f%2fbasketball.synergysportstech.com%2fapi%2fgames%2f67102f069d7f7e6c37eb95a4%2ffullgamevideo%2fclips,W,74.0,60.0,14.0,2024-25,No
"Wed, Feb 26",UW-Eau Claire Blugolds,UW-La Crosse Eagles,Home,https://fastscout.fastmodelsports.com/teams/u9KC56v1Tsyl1DIt-x3UXQ?league=NCAAB-III&season=24,https://fastscout.fastmodelsports.com/teams/UrY3DOoLQbe_PnM_sm4HJA/games/yoQoMpWnS0uAsPr-THvBag/boxscore?league=NCAAB-III&season=24,https://editor-web.synergysports.com/video?playlistUrl=https%3a%2f%2fbasketball.synergysportstech.com%2fapi%2fgames%2f67bbd630af5391c0181d9c5a%2ffullgamevideo%2fclips,W,69.0,55.0,14.0,2024-25,No
